# Blender 5.1.2
# www.blender.org
o DivotTool.001
v 0.187500 -0.083002 -0.943750 0.1517 0.1517 0.1517
v 0.000000 0.045000 -0.820000 0.1517 0.1517 0.1517
v 0.187063 -0.085000 -0.941795 0.1517 0.1517 0.1517
v 0.187441 -0.084001 -0.943488 0.1517 0.1517 0.1517
v 0.080374 0.045000 -0.816051 0.1517 0.1517 0.1517
v 0.187281 -0.084732 -0.942773 0.1517 0.1517 0.1517
v 0.159974 0.045000 -0.804244 0.1517 0.1517 0.1517
v 0.312500 -0.083002 -0.906250 0.1517 0.1517 0.1517
v 0.311863 -0.085000 -0.904355 0.1517 0.1517 0.1517
v 0.238033 0.045000 -0.784691 0.1517 0.1517 0.1517
v 0.312415 -0.084001 -0.905996 0.1517 0.1517 0.1517
v 0.312181 -0.084732 -0.905303 0.1517 0.1517 0.1517
v 0.421250 -0.083002 -0.865625 0.1517 0.1517 0.1517
v 0.313800 0.045000 -0.757581 0.1517 0.1517 0.1517
v 0.420472 -0.085000 -0.863783 0.1517 0.1517 0.1517
v 0.386545 0.045000 -0.723175 0.1517 0.1517 0.1517
v 0.421146 -0.084001 -0.865378 0.1517 0.1517 0.1517
v 0.420861 -0.084732 -0.864704 0.1517 0.1517 0.1517
v 0.455568 0.045000 -0.681805 0.1517 0.1517 0.1517
v 0.513750 -0.083002 -0.821875 0.1517 0.1517 0.1517
v 0.512797 -0.085000 -0.820116 0.1517 0.1517 0.1517
v 0.513622 -0.084001 -0.821639 0.1517 0.1517 0.1517
v 0.520203 0.045000 -0.633869 0.1517 0.1517 0.1517
v 0.513273 -0.084732 -0.820995 0.1517 0.1517 0.1517
v 0.590000 -0.083002 -0.775000 0.1517 0.1517 0.1517
v 0.579828 0.045000 -0.579828 0.1517 0.1517 0.1517
v 0.588831 -0.085000 -0.773373 0.1517 0.1517 0.1517
v 0.589843 -0.084001 -0.774782 0.1517 0.1517 0.1517
v 0.633869 0.045000 -0.520203 0.1517 0.1517 0.1517
v 0.589416 -0.084732 -0.774186 0.1517 0.1517 0.1517
v 0.681805 0.045000 -0.455568 0.1517 0.1517 0.1517
v 0.650000 -0.083002 -0.725000 0.1517 0.1517 0.1517
v 0.648683 -0.085000 -0.723496 0.1517 0.1517 0.1517
v 0.723175 0.045000 -0.386545 0.1517 0.1517 0.1517
v 0.649824 -0.084001 -0.724799 0.1517 0.1517 0.1517
v 0.649342 -0.084732 -0.724248 0.1517 0.1517 0.1517
v 0.757581 0.045000 -0.313800 0.1517 0.1517 0.1517
v 0.704375 -0.083002 -0.675000 0.1517 0.1517 0.1517
v 0.702982 -0.085000 -0.673566 0.1517 0.1517 0.1517
v 0.704188 -0.084001 -0.674808 0.1517 0.1517 0.1517
v 0.784691 0.045000 -0.238033 0.1517 0.1517 0.1517
v 0.703679 -0.084732 -0.674283 0.1517 0.1517 0.1517
v 0.753125 -0.083002 -0.625000 0.1517 0.1517 0.1517
v 0.804244 0.045000 -0.159974 0.1517 0.1517 0.1517
v 0.751652 -0.085000 -0.623649 0.1517 0.1517 0.1517
v 0.816051 0.045000 -0.080374 0.1517 0.1517 0.1517
v 0.752928 -0.084001 -0.624819 0.1517 0.1517 0.1517
v 0.752388 -0.084732 -0.624324 0.1517 0.1517 0.1517
v 0.820000 0.045000 0.000000 0.1517 0.1517 0.1517
v 0.796250 -0.083002 -0.575000 0.1517 0.1517 0.1517
v 0.794692 -0.085000 -0.573746 0.1517 0.1517 0.1517
v 0.816051 0.045000 0.080374 0.1517 0.1517 0.1517
v 0.796041 -0.084001 -0.574832 0.1517 0.1517 0.1517
v 0.795471 -0.084732 -0.574373 0.1517 0.1517 0.1517
v 0.804244 0.045000 0.159974 0.1517 0.1517 0.1517
v 0.833750 -0.083002 -0.525000 0.1517 0.1517 0.1517
v 0.832116 -0.085000 -0.523848 0.1517 0.1517 0.1517
v 0.784691 0.045000 0.238033 0.1517 0.1517 0.1517
v 0.833531 -0.084001 -0.524846 0.1517 0.1517 0.1517
v 0.832933 -0.084732 -0.524424 0.1517 0.1517 0.1517
v 0.866875 -0.083002 -0.475000 0.1517 0.1517 0.1517
v 0.757581 0.045000 0.313800 0.1517 0.1517 0.1517
v 0.865174 -0.085000 -0.473949 0.1517 0.1517 0.1517
v 0.866647 -0.084001 -0.474859 0.1517 0.1517 0.1517
v 0.723175 0.045000 0.386545 0.1517 0.1517 0.1517
v 0.866025 -0.084732 -0.474475 0.1517 0.1517 0.1517
v 0.681805 0.045000 0.455568 0.1517 0.1517 0.1517
v 0.895625 -0.083002 -0.425000 0.1517 0.1517 0.1517
v 0.893859 -0.085000 -0.424063 0.1517 0.1517 0.1517
v 0.895388 -0.084001 -0.424875 0.1517 0.1517 0.1517
v 0.633869 0.045000 0.520203 0.1517 0.1517 0.1517
v 0.894742 -0.084732 -0.424532 0.1517 0.1517 0.1517
v 0.579828 0.045000 0.579828 0.1517 0.1517 0.1517
v 0.920000 -0.083002 -0.375000 0.1517 0.1517 0.1517
v 0.918172 -0.085000 -0.374190 0.1517 0.1517 0.1517
v 0.520203 0.045000 0.633869 0.1517 0.1517 0.1517
v 0.919755 -0.084001 -0.374891 0.1517 0.1517 0.1517
v 0.919086 -0.084732 -0.374595 0.1517 0.1517 0.1517
v 0.940000 -0.083002 -0.325000 0.1517 0.1517 0.1517
v 0.455568 0.045000 0.681805 0.1517 0.1517 0.1517
v 0.938118 -0.085000 -0.324325 0.1517 0.1517 0.1517
v 0.386545 0.045000 0.723175 0.1517 0.1517 0.1517
v 0.939748 -0.084001 -0.324910 0.1517 0.1517 0.1517
v 0.939059 -0.084732 -0.324663 0.1517 0.1517 0.1517
v 0.313800 0.045000 0.757581 0.1517 0.1517 0.1517
v 0.956875 -0.083002 -0.271875 0.1517 0.1517 0.1517
v 0.954950 -0.085000 -0.271335 0.1517 0.1517 0.1517
v 0.238033 0.045000 0.784691 0.1517 0.1517 0.1517
v 0.956617 -0.084001 -0.271803 0.1517 0.1517 0.1517
v 0.955912 -0.084732 -0.271605 0.1517 0.1517 0.1517
v 0.159974 0.045000 0.804244 0.1517 0.1517 0.1517
v 0.970625 -0.083002 -0.215625 0.1517 0.1517 0.1517
v 0.968669 -0.085000 -0.215211 0.1517 0.1517 0.1517
v 0.970363 -0.084001 -0.215570 0.1517 0.1517 0.1517
v 0.080374 0.045000 0.816051 0.1517 0.1517 0.1517
v 0.969647 -0.084732 -0.215418 0.1517 0.1517 0.1517
v 0.000000 0.045000 0.820000 0.1517 0.1517 0.1517
v 0.981250 -0.083002 -0.156250 0.1517 0.1517 0.1517
v 0.979273 -0.085000 -0.155955 0.1517 0.1517 0.1517
v -0.080374 0.045000 0.816051 0.1517 0.1517 0.1517
v 0.980985 -0.084001 -0.156211 0.1517 0.1517 0.1517
v 0.980261 -0.084732 -0.156103 0.1517 0.1517 0.1517
v -0.159974 0.045000 0.804244 0.1517 0.1517 0.1517
v 0.988750 -0.083002 -0.093750 0.1517 0.1517 0.1517
v 0.986759 -0.085000 -0.093570 0.1517 0.1517 0.1517
v -0.238033 0.045000 0.784691 0.1517 0.1517 0.1517
v 0.988483 -0.084001 -0.093726 0.1517 0.1517 0.1517
v 0.987754 -0.084732 -0.093660 0.1517 0.1517 0.1517
v -0.313800 0.045000 0.757581 0.1517 0.1517 0.1517
v 0.992500 -0.083002 -0.031250 0.1517 0.1517 0.1517
v 0.990640 -0.085000 -0.028890 0.1517 0.1517 0.1517
v -0.386545 0.045000 0.723175 0.1517 0.1517 0.1517
v 0.992251 -0.084001 -0.030934 0.1517 0.1517 0.1517
v 0.991570 -0.084732 -0.030070 0.1517 0.1517 0.1517
v -0.455568 0.045000 0.681805 0.1517 0.1517 0.1517
v 0.992500 -0.083002 0.031250 0.1517 0.1517 0.1517
v 0.990645 -0.085000 0.026704 0.1517 0.1517 0.1517
v -0.520203 0.045000 0.633869 0.1517 0.1517 0.1517
v 0.992252 -0.084001 0.030641 0.1517 0.1517 0.1517
v 0.991573 -0.084732 0.028977 0.1517 0.1517 0.1517
v 0.988750 -0.083002 0.093750 0.1517 0.1517 0.1517
v -0.579828 0.045000 0.579828 0.1517 0.1517 0.1517
v 0.986517 -0.085000 0.095583 0.1517 0.1517 0.1517
v 0.988451 -0.084001 0.093996 0.1517 0.1517 0.1517
v -0.633869 0.045000 0.520203 0.1517 0.1517 0.1517
v 0.987634 -0.084732 0.094667 0.1517 0.1517 0.1517
v -0.681805 0.045000 0.455568 0.1517 0.1517 0.1517
v 0.981250 -0.083002 0.156250 0.1517 0.1517 0.1517
v 0.979268 -0.085000 0.155992 0.1517 0.1517 0.1517
v 0.980984 -0.084001 0.156215 0.1517 0.1517 0.1517
v -0.723175 0.045000 0.386545 0.1517 0.1517 0.1517
v 0.980259 -0.084732 0.156121 0.1517 0.1517 0.1517
v 0.972500 -0.083002 0.218750 0.1517 0.1517 0.1517
v -0.757581 0.045000 0.313800 0.1517 0.1517 0.1517
v 0.970524 -0.085000 0.218454 0.1517 0.1517 0.1517
v 0.972235 -0.084001 0.218710 0.1517 0.1517 0.1517
v -0.784691 0.045000 0.238033 0.1517 0.1517 0.1517
v 0.971512 -0.084732 0.218602 0.1517 0.1517 0.1517
v 0.962500 -0.083002 0.281250 0.1517 0.1517 0.1517
v -0.804244 0.045000 0.159974 0.1517 0.1517 0.1517
v 0.960530 -0.085000 0.280915 0.1517 0.1517 0.1517
v 0.962236 -0.084001 0.281205 0.1517 0.1517 0.1517
v -0.816051 0.045000 0.080374 0.1517 0.1517 0.1517
v 0.961515 -0.084732 0.281083 0.1517 0.1517 0.1517
v -0.820000 0.045000 0.000000 0.1517 0.1517 0.1517
v 0.951250 -0.083002 0.343750 0.1517 0.1517 0.1517
v 0.949279 -0.085000 0.343376 0.1517 0.1517 0.1517
v -0.816051 0.045000 -0.080374 0.1517 0.1517 0.1517
v 0.950986 -0.084001 0.343700 0.1517 0.1517 0.1517
v 0.950265 -0.084732 0.343563 0.1517 0.1517 0.1517
v -0.804244 0.045000 -0.159974 0.1517 0.1517 0.1517
v 0.938750 -0.083002 0.406250 0.1517 0.1517 0.1517
v 0.936704 -0.085000 0.406250 0.1517 0.1517 0.1517
v -0.784691 0.045000 -0.238033 0.1517 0.1517 0.1517
v 0.938476 -0.084001 0.406250 0.1517 0.1517 0.1517
v 0.937727 -0.084732 0.406250 0.1517 0.1517 0.1517
v -0.757581 0.045000 -0.313800 0.1517 0.1517 0.1517
v 0.923750 -0.083002 0.468750 0.1517 0.1517 0.1517
v 0.921874 -0.085000 0.468039 0.1517 0.1517 0.1517
v 0.923499 -0.084001 0.468655 0.1517 0.1517 0.1517
v -0.723175 0.045000 -0.386545 0.1517 0.1517 0.1517
v 0.922812 -0.084732 0.468395 0.1517 0.1517 0.1517
v 0.906250 -0.083002 0.531250 0.1517 0.1517 0.1517
v -0.681805 0.045000 -0.455568 0.1517 0.1517 0.1517
v 0.904336 -0.085000 0.530676 0.1517 0.1517 0.1517
v -0.633869 0.045000 -0.520203 0.1517 0.1517 0.1517
v 0.905994 -0.084001 0.531173 0.1517 0.1517 0.1517
v 0.905293 -0.084732 0.530963 0.1517 0.1517 0.1517
v 0.886250 -0.083002 0.593750 0.1517 0.1517 0.1517
v -0.579828 0.045000 -0.579828 0.1517 0.1517 0.1517
v 0.884358 -0.085000 0.593107 0.1517 0.1517 0.1517
v 0.885997 -0.084001 0.593664 0.1517 0.1517 0.1517
v -0.520203 0.045000 -0.633869 0.1517 0.1517 0.1517
v 0.885304 -0.084732 0.593429 0.1517 0.1517 0.1517
v 0.863750 -0.083002 0.656250 0.1517 0.1517 0.1517
v -0.455568 0.045000 -0.681805 0.1517 0.1517 0.1517
v 0.861882 -0.085000 0.655540 0.1517 0.1517 0.1517
v 0.863500 -0.084001 0.656155 0.1517 0.1517 0.1517
v -0.386545 0.045000 -0.723175 0.1517 0.1517 0.1517
v 0.862816 -0.084732 0.655895 0.1517 0.1517 0.1517
v 0.838750 -0.083002 0.718750 0.1517 0.1517 0.1517
v -0.313800 0.045000 -0.757581 0.1517 0.1517 0.1517
v 0.836907 -0.085000 0.717976 0.1517 0.1517 0.1517
v -0.238033 0.045000 -0.784691 0.1517 0.1517 0.1517
v 0.838503 -0.084001 0.718646 0.1517 0.1517 0.1517
v 0.837829 -0.084732 0.718363 0.1517 0.1517 0.1517
v -0.159974 0.045000 -0.804244 0.1517 0.1517 0.1517
v 0.811250 -0.083002 0.781250 0.1517 0.1517 0.1517
v 0.809434 -0.085000 0.780415 0.1517 0.1517 0.1517
v -0.080374 0.045000 -0.816051 0.1517 0.1517 0.1517
v 0.811007 -0.084001 0.781138 0.1517 0.1517 0.1517
v 0.810342 -0.084732 0.780832 0.1517 0.1517 0.1517
v 0.781250 -0.083002 0.843750 0.1517 0.1517 0.1517
v 0.779463 -0.085000 0.842856 0.1517 0.1517 0.1517
v 0.781011 -0.084001 0.843630 0.1517 0.1517 0.1517
v 0.780356 -0.084732 0.843303 0.1517 0.1517 0.1517
v 0.748750 -0.083002 0.906250 0.1517 0.1517 0.1517
v 0.746966 -0.085000 0.905349 0.1517 0.1517 0.1517
v 0.748511 -0.084001 0.906129 0.1517 0.1517 0.1517
v 0.747858 -0.084732 0.905800 0.1517 0.1517 0.1517
v 0.718125 -0.083002 0.968750 0.1517 0.1517 0.1517
v 0.716320 -0.085000 0.967893 0.1517 0.1517 0.1517
v 0.717883 -0.084001 0.968635 0.1517 0.1517 0.1517
v 0.717222 -0.084732 0.968321 0.1517 0.1517 0.1517
v 0.689375 -0.083002 1.031250 0.1517 0.1517 0.1517
v 0.687549 -0.085000 1.030438 0.1517 0.1517 0.1517
v 0.689130 -0.084001 1.031141 0.1517 0.1517 0.1517
v 0.688462 -0.084732 1.030844 0.1517 0.1517 0.1517
v 0.662500 -0.083002 1.093750 0.1517 0.1517 0.1517
v 0.660654 -0.085000 1.092984 0.1517 0.1517 0.1517
v 0.662253 -0.084001 1.093647 0.1517 0.1517 0.1517
v 0.661577 -0.084732 1.093367 0.1517 0.1517 0.1517
v 0.637500 -0.083002 1.156250 0.1517 0.1517 0.1517
v 0.635605 -0.085000 1.155608 0.1517 0.1517 0.1517
v 0.637246 -0.084001 1.156164 0.1517 0.1517 0.1517
v 0.636552 -0.084732 1.155929 0.1517 0.1517 0.1517
v 0.620000 -0.083002 1.218750 0.1517 0.1517 0.1517
v 0.618045 -0.085000 1.218322 0.1517 0.1517 0.1517
v 0.619738 -0.084001 1.218693 0.1517 0.1517 0.1517
v 0.619023 -0.084732 1.218536 0.1517 0.1517 0.1517
v 0.610000 -0.083002 1.281250 0.1517 0.1517 0.1517
v 0.608008 -0.085000 1.281051 0.1517 0.1517 0.1517
v 0.609733 -0.084001 1.281223 0.1517 0.1517 0.1517
v 0.609004 -0.084732 1.281151 0.1517 0.1517 0.1517
v 0.607500 -0.083002 1.343750 0.1517 0.1517 0.1517
v 0.605499 -0.085000 1.343790 0.1517 0.1517 0.1517
v 0.607232 -0.084001 1.343755 0.1517 0.1517 0.1517
v 0.606499 -0.084732 1.343770 0.1517 0.1517 0.1517
v 0.612500 -0.083002 1.406250 0.1517 0.1517 0.1517
v 0.610508 -0.085000 1.406409 0.1517 0.1517 0.1517
v 0.612233 -0.084001 1.406271 0.1517 0.1517 0.1517
v 0.611504 -0.084732 1.406330 0.1517 0.1517 0.1517
v 0.617500 -0.083002 1.468750 0.1517 0.1517 0.1517
v 0.615508 -0.085000 1.468909 0.1517 0.1517 0.1517
v 0.617233 -0.084001 1.468771 0.1517 0.1517 0.1517
v 0.616504 -0.084732 1.468830 0.1517 0.1517 0.1517
v 0.622500 -0.083002 1.531250 0.1517 0.1517 0.1517
v 0.620508 -0.085000 1.531409 0.1517 0.1517 0.1517
v 0.622233 -0.084001 1.531271 0.1517 0.1517 0.1517
v 0.621504 -0.084732 1.531330 0.1517 0.1517 0.1517
v 0.627500 -0.083002 1.593750 0.1517 0.1517 0.1517
v 0.625508 -0.085000 1.593909 0.1517 0.1517 0.1517
v 0.627233 -0.084001 1.593771 0.1517 0.1517 0.1517
v 0.626504 -0.084732 1.593830 0.1517 0.1517 0.1517
v 0.632500 -0.083002 1.656250 0.1517 0.1517 0.1517
v 0.630507 -0.085000 1.656389 0.1517 0.1517 0.1517
v 0.632233 -0.084001 1.656269 0.1517 0.1517 0.1517
v 0.631503 -0.084732 1.656319 0.1517 0.1517 0.1517
v 0.635000 -0.083002 1.718750 0.1517 0.1517 0.1517
v 0.633001 -0.085000 1.718750 0.1517 0.1517 0.1517
v 0.634732 -0.084001 1.718750 0.1517 0.1517 0.1517
v 0.634001 -0.084732 1.718750 0.1517 0.1517 0.1517
v 0.635000 -0.083002 1.781250 0.1517 0.1517 0.1517
v 0.633001 -0.085000 1.781228 0.1517 0.1517 0.1517
v 0.634732 -0.084001 1.781247 0.1517 0.1517 0.1517
v 0.634001 -0.084732 1.781239 0.1517 0.1517 0.1517
v 0.632500 -0.083002 1.843750 0.1517 0.1517 0.1517
v 0.630505 -0.085000 1.843630 0.1517 0.1517 0.1517
v 0.632233 -0.084001 1.843734 0.1517 0.1517 0.1517
v 0.631503 -0.084732 1.843690 0.1517 0.1517 0.1517
v 0.627500 -0.083002 1.906250 0.1517 0.1517 0.1517
v 0.625505 -0.085000 1.906130 0.1517 0.1517 0.1517
v 0.627233 -0.084001 1.906234 0.1517 0.1517 0.1517
v 0.626503 -0.084732 1.906190 0.1517 0.1517 0.1517
v 0.625000 -0.083002 1.968750 0.1517 0.1517 0.1517
v 0.623002 -0.085000 1.968710 0.1517 0.1517 0.1517
v 0.624732 -0.084001 1.968745 0.1517 0.1517 0.1517
v 0.624001 -0.084732 1.968730 0.1517 0.1517 0.1517
v 0.625000 -0.083002 2.031250 0.1517 0.1517 0.1517
v 0.623002 -0.085000 2.030511 0.1517 0.1517 0.1517
v 0.624732 -0.084001 2.031151 0.1517 0.1517 0.1517
v 0.624001 -0.084732 2.030880 0.1517 0.1517 0.1517
v 0.627500 -0.083002 2.093750 0.1517 0.1517 0.1517
v 0.625601 -0.085000 2.095466 0.1517 0.1517 0.1517
v 0.627246 -0.084001 2.093980 0.1517 0.1517 0.1517
v 0.626551 -0.084732 2.094608 0.1517 0.1517 0.1517
v 0.632500 -0.083002 2.156250 0.1517 0.1517 0.1517
v 0.630418 -0.085000 2.155658 0.1517 0.1517 0.1517
v 0.632221 -0.084001 2.156171 0.1517 0.1517 0.1517
v 0.631459 -0.084732 2.155954 0.1517 0.1517 0.1517
v 0.642500 -0.083002 2.218750 0.1517 0.1517 0.1517
v 0.640725 -0.085000 2.220070 0.1517 0.1517 0.1517
v 0.642262 -0.084001 2.218927 0.1517 0.1517 0.1517
v 0.641613 -0.084732 2.219410 0.1517 0.1517 0.1517
v 0.657500 -0.083002 2.281250 0.1517 0.1517 0.1517
v 0.655433 -0.085000 2.281347 0.1517 0.1517 0.1517
v 0.657223 -0.084001 2.281263 0.1517 0.1517 0.1517
v 0.656467 -0.084732 2.281298 0.1517 0.1517 0.1517
v 0.677500 -0.083002 2.343750 0.1517 0.1517 0.1517
v 0.675619 -0.085000 2.344427 0.1517 0.1517 0.1517
v 0.677248 -0.084001 2.343841 0.1517 0.1517 0.1517
v 0.676559 -0.084732 2.344089 0.1517 0.1517 0.1517
v 0.702500 -0.083002 2.406250 0.1517 0.1517 0.1517
v 0.700632 -0.085000 2.406960 0.1517 0.1517 0.1517
v 0.702250 -0.084001 2.406345 0.1517 0.1517 0.1517
v 0.701566 -0.084732 2.406605 0.1517 0.1517 0.1517
v 0.725000 -0.083002 2.468750 0.1517 0.1517 0.1517
v 0.723108 -0.085000 2.469394 0.1517 0.1517 0.1517
v 0.724747 -0.084001 2.468836 0.1517 0.1517 0.1517
v 0.724054 -0.084732 2.469072 0.1517 0.1517 0.1517
v 0.745000 -0.083002 2.531250 0.1517 0.1517 0.1517
v 0.743086 -0.085000 2.531824 0.1517 0.1517 0.1517
v 0.744743 -0.084001 2.531327 0.1517 0.1517 0.1517
v 0.744043 -0.084732 2.531537 0.1517 0.1517 0.1517
v 0.762500 -0.083002 2.593750 0.1517 0.1517 0.1517
v 0.760469 -0.085000 2.593906 0.1517 0.1517 0.1517
v 0.762228 -0.084001 2.593771 0.1517 0.1517 0.1517
v 0.761484 -0.084732 2.593828 0.1517 0.1517 0.1517
v 0.777500 -0.083002 2.656250 0.1517 0.1517 0.1517
v 0.775626 -0.085000 2.657063 0.1517 0.1517 0.1517
v 0.777249 -0.084001 2.656359 0.1517 0.1517 0.1517
v 0.776563 -0.084732 2.656656 0.1517 0.1517 0.1517
v 0.788125 -0.083002 2.718750 0.1517 0.1517 0.1517
v 0.786124 -0.085000 2.718820 0.1517 0.1517 0.1517
v 0.787857 -0.084001 2.718759 0.1517 0.1517 0.1517
v 0.787124 -0.084732 2.718785 0.1517 0.1517 0.1517
v 0.794375 -0.083002 2.781250 0.1517 0.1517 0.1517
v 0.792359 -0.085000 2.781173 0.1517 0.1517 0.1517
v 0.794105 -0.084001 2.781240 0.1517 0.1517 0.1517
v 0.793367 -0.084732 2.781211 0.1517 0.1517 0.1517
v 0.796250 -0.083002 2.843750 0.1517 0.1517 0.1517
v 0.794249 -0.085000 2.844174 0.1517 0.1517 0.1517
v 0.795982 -0.084001 2.843807 0.1517 0.1517 0.1517
v 0.795249 -0.084732 2.843962 0.1517 0.1517 0.1517
v 0.793750 -0.083002 2.906250 0.1517 0.1517 0.1517
v 0.791754 -0.085000 2.906150 0.1517 0.1517 0.1517
v 0.793483 -0.084001 2.906237 0.1517 0.1517 0.1517
v 0.792752 -0.084732 2.906200 0.1517 0.1517 0.1517
v 0.790000 -0.083002 2.968750 0.1517 0.1517 0.1517
v 0.788007 -0.085000 2.968611 0.1517 0.1517 0.1517
v 0.789733 -0.084001 2.968731 0.1517 0.1517 0.1517
v 0.789003 -0.084732 2.968680 0.1517 0.1517 0.1517
v 0.785000 -0.083002 3.031250 0.1517 0.1517 0.1517
v 0.783008 -0.085000 3.031071 0.1517 0.1517 0.1517
v 0.784733 -0.084001 3.031226 0.1517 0.1517 0.1517
v 0.784004 -0.084732 3.031160 0.1517 0.1517 0.1517
v 0.778750 -0.083002 3.093750 0.1517 0.1517 0.1517
v 0.776740 -0.085000 3.093750 0.1517 0.1517 0.1517
v 0.778481 -0.084001 3.093750 0.1517 0.1517 0.1517
v 0.777745 -0.084732 3.093750 0.1517 0.1517 0.1517
v 0.771250 -0.083002 3.156250 0.1517 0.1517 0.1517
v 0.769266 -0.085000 3.156012 0.1517 0.1517 0.1517
v 0.770984 -0.084001 3.156218 0.1517 0.1517 0.1517
v 0.770258 -0.084732 3.156131 0.1517 0.1517 0.1517
v 0.763750 -0.083002 3.218750 0.1517 0.1517 0.1517
v 0.761766 -0.085000 3.218512 0.1517 0.1517 0.1517
v 0.763484 -0.084001 3.218718 0.1517 0.1517 0.1517
v 0.762758 -0.084732 3.218631 0.1517 0.1517 0.1517
v 0.756250 -0.083002 3.281250 0.1517 0.1517 0.1517
v 0.754266 -0.085000 3.281012 0.1517 0.1517 0.1517
v 0.755984 -0.084001 3.281218 0.1517 0.1517 0.1517
v 0.755258 -0.084732 3.281131 0.1517 0.1517 0.1517
v 0.748750 -0.083002 3.343750 0.1517 0.1517 0.1517
v 0.746766 -0.085000 3.343512 0.1517 0.1517 0.1517
v 0.748484 -0.084001 3.343718 0.1517 0.1517 0.1517
v 0.747758 -0.084732 3.343631 0.1517 0.1517 0.1517
v 0.741250 -0.083002 3.406250 0.1517 0.1517 0.1517
v 0.739266 -0.085000 3.406012 0.1517 0.1517 0.1517
v 0.740984 -0.084001 3.406218 0.1517 0.1517 0.1517
v 0.740258 -0.084732 3.406131 0.1517 0.1517 0.1517
v 0.733750 -0.083002 3.468750 0.1517 0.1517 0.1517
v 0.731766 -0.085000 3.468512 0.1517 0.1517 0.1517
v 0.733484 -0.084001 3.468718 0.1517 0.1517 0.1517
v 0.732758 -0.084732 3.468631 0.1517 0.1517 0.1517
v 0.726250 -0.083002 3.531250 0.1517 0.1517 0.1517
v 0.724266 -0.085000 3.531012 0.1517 0.1517 0.1517
v 0.725984 -0.084001 3.531218 0.1517 0.1517 0.1517
v 0.725258 -0.084732 3.531131 0.1517 0.1517 0.1517
v 0.718750 -0.083002 3.593750 0.1517 0.1517 0.1517
v 0.716766 -0.085000 3.593512 0.1517 0.1517 0.1517
v 0.718484 -0.084001 3.593718 0.1517 0.1517 0.1517
v 0.717758 -0.084732 3.593631 0.1517 0.1517 0.1517
v 0.711250 -0.083002 3.656250 0.1517 0.1517 0.1517
v 0.709266 -0.085000 3.656012 0.1517 0.1517 0.1517
v 0.710984 -0.084001 3.656218 0.1517 0.1517 0.1517
v 0.710258 -0.084732 3.656131 0.1517 0.1517 0.1517
v 0.703750 -0.083002 3.718750 0.1517 0.1517 0.1517
v 0.701766 -0.085000 3.718512 0.1517 0.1517 0.1517
v 0.703484 -0.084001 3.718718 0.1517 0.1517 0.1517
v 0.702758 -0.084732 3.718631 0.1517 0.1517 0.1517
v 0.696250 -0.083002 3.781250 0.1517 0.1517 0.1517
v 0.694266 -0.085000 3.781012 0.1517 0.1517 0.1517
v 0.695984 -0.084001 3.781218 0.1517 0.1517 0.1517
v 0.695258 -0.084732 3.781131 0.1517 0.1517 0.1517
v 0.688750 -0.083002 3.843750 0.1517 0.1517 0.1517
v 0.686766 -0.085000 3.843512 0.1517 0.1517 0.1517
v 0.688484 -0.084001 3.843718 0.1517 0.1517 0.1517
v 0.687758 -0.084732 3.843631 0.1517 0.1517 0.1517
v 0.681250 -0.083002 3.906250 0.1517 0.1517 0.1517
v 0.679267 -0.085000 3.906002 0.1517 0.1517 0.1517
v 0.680984 -0.084001 3.906217 0.1517 0.1517 0.1517
v 0.680259 -0.084732 3.906126 0.1517 0.1517 0.1517
v 0.673125 -0.083002 3.968750 0.1517 0.1517 0.1517
v 0.671145 -0.085000 3.968483 0.1517 0.1517 0.1517
v 0.672860 -0.084001 3.968714 0.1517 0.1517 0.1517
v 0.672135 -0.084732 3.968616 0.1517 0.1517 0.1517
v 0.664375 -0.083002 4.031250 0.1517 0.1517 0.1517
v 0.662398 -0.085000 4.030963 0.1517 0.1517 0.1517
v 0.664110 -0.084001 4.031211 0.1517 0.1517 0.1517
v 0.663386 -0.084732 4.031107 0.1517 0.1517 0.1517
v 0.655000 -0.083002 4.093750 0.1517 0.1517 0.1517
v 0.653025 -0.085000 4.093444 0.1517 0.1517 0.1517
v 0.654735 -0.084001 4.093709 0.1517 0.1517 0.1517
v 0.654013 -0.084732 4.093597 0.1517 0.1517 0.1517
v 0.645000 -0.083002 4.156250 0.1517 0.1517 0.1517
v 0.643027 -0.085000 4.155934 0.1517 0.1517 0.1517
v 0.644736 -0.084001 4.156208 0.1517 0.1517 0.1517
v 0.644013 -0.084732 4.156092 0.1517 0.1517 0.1517
v 0.635000 -0.083002 4.218750 0.1517 0.1517 0.1517
v 0.633027 -0.085000 4.218434 0.1517 0.1517 0.1517
v 0.634736 -0.084001 4.218708 0.1517 0.1517 0.1517
v 0.634013 -0.084732 4.218592 0.1517 0.1517 0.1517
v 0.625000 -0.083002 4.281250 0.1517 0.1517 0.1517
v 0.623027 -0.085000 4.280934 0.1517 0.1517 0.1517
v 0.624736 -0.084001 4.281208 0.1517 0.1517 0.1517
v 0.624013 -0.084732 4.281092 0.1517 0.1517 0.1517
v 0.615000 -0.083002 4.343750 0.1517 0.1517 0.1517
v 0.613027 -0.085000 4.343434 0.1517 0.1517 0.1517
v 0.614736 -0.084001 4.343708 0.1517 0.1517 0.1517
v 0.614013 -0.084732 4.343592 0.1517 0.1517 0.1517
v 0.605000 -0.083002 4.406250 0.1517 0.1517 0.1517
v 0.603025 -0.085000 4.405944 0.1517 0.1517 0.1517
v 0.604735 -0.084001 4.406209 0.1517 0.1517 0.1517
v 0.604013 -0.084732 4.406097 0.1517 0.1517 0.1517
v 0.595625 -0.083002 4.468750 0.1517 0.1517 0.1517
v 0.593647 -0.085000 4.468463 0.1517 0.1517 0.1517
v 0.595360 -0.084001 4.468711 0.1517 0.1517 0.1517
v 0.594636 -0.084732 4.468607 0.1517 0.1517 0.1517
v 0.586875 -0.083002 4.531250 0.1517 0.1517 0.1517
v 0.584895 -0.085000 4.530982 0.1517 0.1517 0.1517
v 0.586610 -0.084001 4.531214 0.1517 0.1517 0.1517
v 0.585885 -0.084732 4.531116 0.1517 0.1517 0.1517
v 0.578750 -0.083002 4.593750 0.1517 0.1517 0.1517
v 0.576767 -0.085000 4.593502 0.1517 0.1517 0.1517
v 0.578484 -0.084001 4.593717 0.1517 0.1517 0.1517
v 0.577759 -0.084732 4.593626 0.1517 0.1517 0.1517
v 0.571250 -0.083002 4.656250 0.1517 0.1517 0.1517
v 0.569267 -0.085000 4.656002 0.1517 0.1517 0.1517
v 0.570984 -0.084001 4.656217 0.1517 0.1517 0.1517
v 0.570259 -0.084732 4.656126 0.1517 0.1517 0.1517
v 0.563125 -0.083002 4.718750 0.1517 0.1517 0.1517
v 0.561145 -0.085000 4.718482 0.1517 0.1517 0.1517
v 0.562860 -0.084001 4.718714 0.1517 0.1517 0.1517
v 0.562135 -0.084732 4.718616 0.1517 0.1517 0.1517
v 0.554375 -0.083002 4.781250 0.1517 0.1517 0.1517
v 0.552397 -0.085000 4.780963 0.1517 0.1517 0.1517
v 0.554110 -0.084001 4.781211 0.1517 0.1517 0.1517
v 0.553386 -0.084732 4.781107 0.1517 0.1517 0.1517
v 0.545000 -0.083002 4.843750 0.1517 0.1517 0.1517
v 0.543025 -0.085000 4.843444 0.1517 0.1517 0.1517
v 0.544735 -0.084001 4.843709 0.1517 0.1517 0.1517
v 0.544013 -0.084732 4.843597 0.1517 0.1517 0.1517
v 0.535000 -0.083002 4.906250 0.1517 0.1517 0.1517
v 0.533031 -0.085000 4.905908 0.1517 0.1517 0.1517
v 0.534736 -0.084001 4.906204 0.1517 0.1517 0.1517
v 0.534016 -0.084732 4.906079 0.1517 0.1517 0.1517
v 0.524375 -0.083002 4.962500 0.1517 0.1517 0.1517
v 0.522418 -0.085000 4.962097 0.1517 0.1517 0.1517
v 0.524113 -0.084001 4.962446 0.1517 0.1517 0.1517
v 0.523396 -0.084732 4.962298 0.1517 0.1517 0.1517
v 0.513125 -0.083002 5.012500 0.1517 0.1517 0.1517
v 0.511185 -0.085000 5.012018 0.1517 0.1517 0.1517
v 0.512865 -0.084001 5.012435 0.1517 0.1517 0.1517
v 0.512155 -0.084732 5.012259 0.1517 0.1517 0.1517
v 0.501250 -0.083002 5.056250 0.1517 0.1517 0.1517
v 0.499336 -0.085000 5.055673 0.1517 0.1517 0.1517
v 0.500994 -0.084001 5.056173 0.1517 0.1517 0.1517
v 0.500293 -0.084732 5.055962 0.1517 0.1517 0.1517
v 0.488750 -0.083002 5.093750 0.1517 0.1517 0.1517
v 0.486864 -0.085000 5.093090 0.1517 0.1517 0.1517
v 0.488497 -0.084001 5.093662 0.1517 0.1517 0.1517
v 0.487807 -0.084732 5.093420 0.1517 0.1517 0.1517
v 0.475000 -0.083002 5.131250 0.1517 0.1517 0.1517
v 0.473134 -0.085000 5.130535 0.1517 0.1517 0.1517
v 0.474750 -0.084001 5.131154 0.1517 0.1517 0.1517
v 0.474067 -0.084732 5.130892 0.1517 0.1517 0.1517
v 0.460000 -0.083002 5.168750 0.1517 0.1517 0.1517
v 0.458155 -0.085000 5.167981 0.1517 0.1517 0.1517
v 0.459753 -0.084001 5.168647 0.1517 0.1517 0.1517
v 0.459078 -0.084732 5.168365 0.1517 0.1517 0.1517
v 0.443750 -0.083002 5.206250 0.1517 0.1517 0.1517
v 0.441928 -0.085000 5.205430 0.1517 0.1517 0.1517
v 0.443506 -0.084001 5.206141 0.1517 0.1517 0.1517
v 0.442839 -0.084732 5.205840 0.1517 0.1517 0.1517
v 0.426250 -0.083002 5.243750 0.1517 0.1517 0.1517
v 0.424483 -0.085000 5.242811 0.1517 0.1517 0.1517
v 0.426013 -0.084001 5.243624 0.1517 0.1517 0.1517
v 0.425367 -0.084732 5.243280 0.1517 0.1517 0.1517
v 0.409375 -0.083002 5.271875 0.1517 0.1517 0.1517
v 0.407751 -0.085000 5.270699 0.1517 0.1517 0.1517
v 0.409158 -0.084001 5.271718 0.1517 0.1517 0.1517
v 0.408563 -0.084732 5.271287 0.1517 0.1517 0.1517
v 0.393125 -0.083002 5.290625 0.1517 0.1517 0.1517
v 0.392662 -0.085000 5.288108 0.1517 0.1517 0.1517
v 0.393063 -0.084001 5.290288 0.1517 0.1517 0.1517
v 0.392894 -0.084732 5.289367 0.1517 0.1517 0.1517
v 0.377500 -0.083002 5.300000 0.1517 0.1517 0.1517
v 0.374486 -0.085000 5.298995 0.1517 0.1517 0.1517
v 0.377095 -0.084001 5.299865 0.1517 0.1517 0.1517
v 0.375993 -0.084732 5.299498 0.1517 0.1517 0.1517
v 0.362500 -0.083002 5.300000 0.1517 0.1517 0.1517
v 0.364478 -0.085000 5.298957 0.1517 0.1517 0.1517
v 0.362766 -0.084001 5.299860 0.1517 0.1517 0.1517
v 0.363489 -0.084732 5.299479 0.1517 0.1517 0.1517
v 0.349375 -0.083002 5.290625 0.1517 0.1517 0.1517
v 0.350875 -0.085000 5.289241 0.1517 0.1517 0.1517
v 0.349576 -0.084001 5.290440 0.1517 0.1517 0.1517
v 0.350125 -0.084732 5.289933 0.1517 0.1517 0.1517
v 0.338125 -0.083002 5.271875 0.1517 0.1517 0.1517
v 0.339951 -0.085000 5.271035 0.1517 0.1517 0.1517
v 0.338370 -0.084001 5.271762 0.1517 0.1517 0.1517
v 0.339038 -0.084732 5.271455 0.1517 0.1517 0.1517
v 0.328750 -0.083002 5.243750 0.1517 0.1517 0.1517
v 0.330685 -0.085000 5.243237 0.1517 0.1517 0.1517
v 0.329009 -0.084001 5.243681 0.1517 0.1517 0.1517
v 0.329718 -0.084732 5.243493 0.1517 0.1517 0.1517
v 0.321250 -0.083002 5.206250 0.1517 0.1517 0.1517
v 0.323209 -0.085000 5.205858 0.1517 0.1517 0.1517
v 0.321513 -0.084001 5.206198 0.1517 0.1517 0.1517
v 0.322230 -0.084732 5.206054 0.1517 0.1517 0.1517
v 0.313750 -0.083002 5.168750 0.1517 0.1517 0.1517
v 0.315709 -0.085000 5.168358 0.1517 0.1517 0.1517
v 0.314013 -0.084001 5.168697 0.1517 0.1517 0.1517
v 0.314730 -0.084732 5.168554 0.1517 0.1517 0.1517
v 0.306250 -0.083002 5.131250 0.1517 0.1517 0.1517
v 0.308209 -0.085000 5.130858 0.1517 0.1517 0.1517
v 0.306513 -0.084001 5.131197 0.1517 0.1517 0.1517
v 0.307230 -0.084732 5.131054 0.1517 0.1517 0.1517
v 0.298750 -0.083002 5.093750 0.1517 0.1517 0.1517
v 0.300709 -0.085000 5.093358 0.1517 0.1517 0.1517
v 0.299013 -0.084001 5.093698 0.1517 0.1517 0.1517
v 0.299730 -0.084732 5.093554 0.1517 0.1517 0.1517
v 0.291250 -0.083002 5.056250 0.1517 0.1517 0.1517
v 0.293223 -0.085000 5.055926 0.1517 0.1517 0.1517
v 0.291514 -0.084001 5.056207 0.1517 0.1517 0.1517
v 0.292236 -0.084732 5.056088 0.1517 0.1517 0.1517
v 0.285625 -0.083002 5.012500 0.1517 0.1517 0.1517
v 0.287614 -0.085000 5.012297 0.1517 0.1517 0.1517
v 0.285891 -0.084001 5.012473 0.1517 0.1517 0.1517
v 0.286619 -0.084732 5.012399 0.1517 0.1517 0.1517
v 0.281875 -0.083002 4.962500 0.1517 0.1517 0.1517
v 0.283871 -0.085000 4.962393 0.1517 0.1517 0.1517
v 0.282142 -0.084001 4.962486 0.1517 0.1517 0.1517
v 0.282873 -0.084732 4.962447 0.1517 0.1517 0.1517
v 0.280000 -0.083002 4.906250 0.1517 0.1517 0.1517
v 0.281998 -0.085000 4.906219 0.1517 0.1517 0.1517
v 0.280268 -0.084001 4.906246 0.1517 0.1517 0.1517
v 0.280999 -0.084732 4.906234 0.1517 0.1517 0.1517
v 0.280000 -0.083002 4.843750 0.1517 0.1517 0.1517
v 0.281998 -0.085000 4.843770 0.1517 0.1517 0.1517
v 0.280268 -0.084001 4.843753 0.1517 0.1517 0.1517
v 0.280999 -0.084732 4.843760 0.1517 0.1517 0.1517
v 0.281250 -0.083002 4.781250 0.1517 0.1517 0.1517
v 0.283247 -0.085000 4.781310 0.1517 0.1517 0.1517
v 0.281518 -0.084001 4.781258 0.1517 0.1517 0.1517
v 0.282249 -0.084732 4.781280 0.1517 0.1517 0.1517
v 0.283750 -0.083002 4.718750 0.1517 0.1517 0.1517
v 0.285746 -0.085000 4.718850 0.1517 0.1517 0.1517
v 0.284017 -0.084001 4.718763 0.1517 0.1517 0.1517
v 0.284748 -0.084732 4.718800 0.1517 0.1517 0.1517
v 0.287500 -0.083002 4.656250 0.1517 0.1517 0.1517
v 0.289493 -0.085000 4.656390 0.1517 0.1517 0.1517
v 0.287767 -0.084001 4.656269 0.1517 0.1517 0.1517
v 0.288497 -0.084732 4.656320 0.1517 0.1517 0.1517
v 0.292500 -0.083002 4.593750 0.1517 0.1517 0.1517
v 0.294493 -0.085000 4.593899 0.1517 0.1517 0.1517
v 0.292767 -0.084001 4.593770 0.1517 0.1517 0.1517
v 0.293496 -0.084732 4.593824 0.1517 0.1517 0.1517
v 0.296875 -0.083002 4.531250 0.1517 0.1517 0.1517
v 0.298869 -0.085000 4.531380 0.1517 0.1517 0.1517
v 0.297142 -0.084001 4.531267 0.1517 0.1517 0.1517
v 0.297872 -0.084732 4.531315 0.1517 0.1517 0.1517
v 0.300625 -0.083002 4.468750 0.1517 0.1517 0.1517
v 0.302620 -0.085000 4.468860 0.1517 0.1517 0.1517
v 0.300892 -0.084001 4.468765 0.1517 0.1517 0.1517
v 0.301623 -0.084732 4.468805 0.1517 0.1517 0.1517
v 0.303750 -0.083002 4.406250 0.1517 0.1517 0.1517
v 0.305746 -0.085000 4.406340 0.1517 0.1517 0.1517
v 0.304017 -0.084001 4.406262 0.1517 0.1517 0.1517
v 0.304748 -0.084732 4.406295 0.1517 0.1517 0.1517
v 0.306250 -0.083002 4.343750 0.1517 0.1517 0.1517
v 0.308246 -0.085000 4.343840 0.1517 0.1517 0.1517
v 0.306517 -0.084001 4.343762 0.1517 0.1517 0.1517
v 0.307248 -0.084732 4.343795 0.1517 0.1517 0.1517
v 0.309375 -0.083002 4.281250 0.1517 0.1517 0.1517
v 0.311370 -0.085000 4.281360 0.1517 0.1517 0.1517
v 0.309642 -0.084001 4.281265 0.1517 0.1517 0.1517
v 0.310373 -0.084732 4.281305 0.1517 0.1517 0.1517
v 0.313125 -0.083002 4.218750 0.1517 0.1517 0.1517
v 0.315119 -0.085000 4.218880 0.1517 0.1517 0.1517
v 0.313392 -0.084001 4.218767 0.1517 0.1517 0.1517
v 0.314122 -0.084732 4.218815 0.1517 0.1517 0.1517
v 0.317500 -0.083002 4.156250 0.1517 0.1517 0.1517
v 0.319493 -0.085000 4.156399 0.1517 0.1517 0.1517
v 0.317767 -0.084001 4.156270 0.1517 0.1517 0.1517
v 0.318496 -0.084732 4.156324 0.1517 0.1517 0.1517
v 0.322500 -0.083002 4.093750 0.1517 0.1517 0.1517
v 0.324493 -0.085000 4.093899 0.1517 0.1517 0.1517
v 0.322767 -0.084001 4.093770 0.1517 0.1517 0.1517
v 0.323496 -0.084732 4.093824 0.1517 0.1517 0.1517
v 0.326875 -0.083002 4.031250 0.1517 0.1517 0.1517
v 0.328869 -0.085000 4.031380 0.1517 0.1517 0.1517
v 0.327142 -0.084001 4.031267 0.1517 0.1517 0.1517
v 0.327872 -0.084732 4.031315 0.1517 0.1517 0.1517
v 0.330625 -0.083002 3.968750 0.1517 0.1517 0.1517
v 0.332620 -0.085000 3.968860 0.1517 0.1517 0.1517
v 0.330892 -0.084001 3.968765 0.1517 0.1517 0.1517
v 0.331623 -0.084732 3.968805 0.1517 0.1517 0.1517
v 0.333750 -0.083002 3.906250 0.1517 0.1517 0.1517
v 0.335746 -0.085000 3.906340 0.1517 0.1517 0.1517
v 0.334017 -0.084001 3.906262 0.1517 0.1517 0.1517
v 0.334748 -0.084732 3.906295 0.1517 0.1517 0.1517
v 0.336250 -0.083002 3.843750 0.1517 0.1517 0.1517
v 0.338246 -0.085000 3.843840 0.1517 0.1517 0.1517
v 0.336517 -0.084001 3.843762 0.1517 0.1517 0.1517
v 0.337248 -0.084732 3.843795 0.1517 0.1517 0.1517
v 0.339375 -0.083002 3.781250 0.1517 0.1517 0.1517
v 0.341370 -0.085000 3.781360 0.1517 0.1517 0.1517
v 0.339642 -0.084001 3.781265 0.1517 0.1517 0.1517
v 0.340373 -0.084732 3.781305 0.1517 0.1517 0.1517
v 0.343125 -0.083002 3.718750 0.1517 0.1517 0.1517
v 0.345119 -0.085000 3.718880 0.1517 0.1517 0.1517
v 0.343392 -0.084001 3.718767 0.1517 0.1517 0.1517
v 0.344122 -0.084732 3.718815 0.1517 0.1517 0.1517
v 0.347500 -0.083002 3.656250 0.1517 0.1517 0.1517
v 0.349493 -0.085000 3.656399 0.1517 0.1517 0.1517
v 0.347767 -0.084001 3.656270 0.1517 0.1517 0.1517
v 0.348496 -0.084732 3.656325 0.1517 0.1517 0.1517
v 0.352500 -0.083002 3.593750 0.1517 0.1517 0.1517
v 0.354493 -0.085000 3.593899 0.1517 0.1517 0.1517
v 0.352767 -0.084001 3.593770 0.1517 0.1517 0.1517
v 0.353496 -0.084732 3.593825 0.1517 0.1517 0.1517
v 0.356875 -0.083002 3.531250 0.1517 0.1517 0.1517
v 0.358869 -0.085000 3.531380 0.1517 0.1517 0.1517
v 0.357142 -0.084001 3.531267 0.1517 0.1517 0.1517
v 0.357872 -0.084732 3.531315 0.1517 0.1517 0.1517
v 0.360625 -0.083002 3.468750 0.1517 0.1517 0.1517
v 0.362620 -0.085000 3.468860 0.1517 0.1517 0.1517
v 0.360892 -0.084001 3.468765 0.1517 0.1517 0.1517
v 0.361623 -0.084732 3.468805 0.1517 0.1517 0.1517
v 0.363750 -0.083002 3.406250 0.1517 0.1517 0.1517
v 0.365746 -0.085000 3.406340 0.1517 0.1517 0.1517
v 0.364017 -0.084001 3.406262 0.1517 0.1517 0.1517
v 0.364748 -0.084732 3.406295 0.1517 0.1517 0.1517
v 0.366250 -0.083002 3.343750 0.1517 0.1517 0.1517
v 0.368248 -0.085000 3.343800 0.1517 0.1517 0.1517
v 0.366518 -0.084001 3.343757 0.1517 0.1517 0.1517
v 0.367249 -0.084732 3.343775 0.1517 0.1517 0.1517
v 0.366875 -0.083002 3.281250 0.1517 0.1517 0.1517
v 0.368873 -0.085000 3.281240 0.1517 0.1517 0.1517
v 0.367143 -0.084001 3.281249 0.1517 0.1517 0.1517
v 0.367874 -0.084732 3.281245 0.1517 0.1517 0.1517
v 0.365625 -0.083002 3.218750 0.1517 0.1517 0.1517
v 0.367622 -0.085000 3.218680 0.1517 0.1517 0.1517
v 0.365893 -0.084001 3.218741 0.1517 0.1517 0.1517
v 0.366624 -0.084732 3.218715 0.1517 0.1517 0.1517
v 0.362500 -0.083002 3.156250 0.1517 0.1517 0.1517
v 0.364494 -0.085000 3.156120 0.1517 0.1517 0.1517
v 0.362767 -0.084001 3.156233 0.1517 0.1517 0.1517
v 0.363497 -0.084732 3.156185 0.1517 0.1517 0.1517
v 0.357500 -0.083002 3.093750 0.1517 0.1517 0.1517
v 0.359487 -0.085000 3.093527 0.1517 0.1517 0.1517
v 0.357766 -0.084001 3.093720 0.1517 0.1517 0.1517
v 0.358493 -0.084732 3.093639 0.1517 0.1517 0.1517
v 0.349375 -0.083002 3.037500 0.1517 0.1517 0.1517
v 0.351341 -0.085000 3.037137 0.1517 0.1517 0.1517
v 0.349638 -0.084001 3.037451 0.1517 0.1517 0.1517
v 0.350358 -0.084732 3.037318 0.1517 0.1517 0.1517
v 0.338125 -0.083002 2.987500 0.1517 0.1517 0.1517
v 0.340053 -0.085000 2.986968 0.1517 0.1517 0.1517
v 0.338383 -0.084001 2.987429 0.1517 0.1517 0.1517
v 0.339089 -0.084732 2.987234 0.1517 0.1517 0.1517
v 0.323750 -0.083002 2.943750 0.1517 0.1517 0.1517
v 0.325611 -0.085000 2.943013 0.1517 0.1517 0.1517
v 0.323999 -0.084001 2.943651 0.1517 0.1517 0.1517
v 0.324681 -0.084732 2.943381 0.1517 0.1517 0.1517
v 0.306250 -0.083002 2.906250 0.1517 0.1517 0.1517
v 0.308016 -0.085000 2.905309 0.1517 0.1517 0.1517
v 0.306487 -0.084001 2.906124 0.1517 0.1517 0.1517
v 0.307133 -0.084732 2.905779 0.1517 0.1517 0.1517
v 0.284375 -0.083002 2.870000 0.1517 0.1517 0.1517
v 0.286033 -0.085000 2.868881 0.1517 0.1517 0.1517
v 0.284597 -0.084001 2.869850 0.1517 0.1517 0.1517
v 0.285204 -0.084732 2.869440 0.1517 0.1517 0.1517
v 0.258125 -0.083002 2.835000 0.1517 0.1517 0.1517
v 0.259668 -0.085000 2.833727 0.1517 0.1517 0.1517
v 0.258332 -0.084001 2.834830 0.1517 0.1517 0.1517
v 0.258896 -0.084732 2.834363 0.1517 0.1517 0.1517
v 0.227500 -0.083002 2.801250 0.1517 0.1517 0.1517
v 0.228923 -0.085000 2.799845 0.1517 0.1517 0.1517
v 0.227691 -0.084001 2.801062 0.1517 0.1517 0.1517
v 0.228212 -0.084732 2.800547 0.1517 0.1517 0.1517
v 0.192500 -0.083002 2.768750 0.1517 0.1517 0.1517
v 0.193838 -0.085000 2.767266 0.1517 0.1517 0.1517
v 0.192679 -0.084001 2.768551 0.1517 0.1517 0.1517
v 0.193169 -0.084732 2.768008 0.1517 0.1517 0.1517
v 0.157500 -0.083002 2.738125 0.1517 0.1517 0.1517
v 0.158793 -0.085000 2.736601 0.1517 0.1517 0.1517
v 0.157673 -0.084001 2.737921 0.1517 0.1517 0.1517
v 0.158146 -0.084732 2.737363 0.1517 0.1517 0.1517
v 0.122500 -0.083002 2.709375 0.1517 0.1517 0.1517
v 0.123750 -0.085000 2.707802 0.1517 0.1517 0.1517
v 0.122667 -0.084001 2.709164 0.1517 0.1517 0.1517
v 0.123125 -0.084732 2.708588 0.1517 0.1517 0.1517
v 0.087500 -0.083002 2.682500 0.1517 0.1517 0.1517
v 0.089221 -0.085000 2.681288 0.1517 0.1517 0.1517
v 0.087731 -0.084001 2.682338 0.1517 0.1517 0.1517
v 0.088361 -0.084732 2.681894 0.1517 0.1517 0.1517
v 0.052500 -0.083002 2.657500 0.1517 0.1517 0.1517
v 0.053396 -0.085000 2.655698 0.1517 0.1517 0.1517
v 0.052620 -0.084001 2.657259 0.1517 0.1517 0.1517
v 0.052948 -0.084732 2.656599 0.1517 0.1517 0.1517
v 0.017500 -0.083002 2.645000 0.1517 0.1517 0.1517
v 0.017846 -0.085000 2.643002 0.1517 0.1517 0.1517
v 0.017546 -0.084001 2.644732 0.1517 0.1517 0.1517
v 0.017673 -0.084732 2.644001 0.1517 0.1517 0.1517
v -0.017500 -0.083002 2.645000 0.1517 0.1517 0.1517
v -0.017846 -0.085000 2.643002 0.1517 0.1517 0.1517
v -0.017546 -0.084001 2.644732 0.1517 0.1517 0.1517
v -0.017673 -0.084732 2.644001 0.1517 0.1517 0.1517
v -0.052500 -0.083002 2.657500 0.1517 0.1517 0.1517
v -0.053396 -0.085000 2.655698 0.1517 0.1517 0.1517
v -0.052620 -0.084001 2.657259 0.1517 0.1517 0.1517
v -0.052948 -0.084732 2.656599 0.1517 0.1517 0.1517
v -0.087500 -0.083002 2.682500 0.1517 0.1517 0.1517
v -0.089221 -0.085000 2.681288 0.1517 0.1517 0.1517
v -0.087731 -0.084001 2.682338 0.1517 0.1517 0.1517
v -0.088361 -0.084732 2.681894 0.1517 0.1517 0.1517
v -0.122500 -0.083002 2.709375 0.1517 0.1517 0.1517
v -0.123750 -0.085000 2.707802 0.1517 0.1517 0.1517
v -0.122667 -0.084001 2.709164 0.1517 0.1517 0.1517
v -0.123125 -0.084732 2.708588 0.1517 0.1517 0.1517
v -0.157500 -0.083002 2.738125 0.1517 0.1517 0.1517
v -0.158793 -0.085000 2.736601 0.1517 0.1517 0.1517
v -0.157673 -0.084001 2.737921 0.1517 0.1517 0.1517
v -0.158146 -0.084732 2.737363 0.1517 0.1517 0.1517
v -0.192500 -0.083002 2.768750 0.1517 0.1517 0.1517
v -0.193838 -0.085000 2.767266 0.1517 0.1517 0.1517
v -0.192679 -0.084001 2.768551 0.1517 0.1517 0.1517
v -0.193169 -0.084732 2.768008 0.1517 0.1517 0.1517
v -0.227500 -0.083002 2.801250 0.1517 0.1517 0.1517
v -0.228923 -0.085000 2.799845 0.1517 0.1517 0.1517
v -0.227691 -0.084001 2.801062 0.1517 0.1517 0.1517
v -0.228212 -0.084732 2.800547 0.1517 0.1517 0.1517
v -0.258125 -0.083002 2.835000 0.1517 0.1517 0.1517
v -0.259668 -0.085000 2.833727 0.1517 0.1517 0.1517
v -0.258332 -0.084001 2.834830 0.1517 0.1517 0.1517
v -0.258896 -0.084732 2.834363 0.1517 0.1517 0.1517
v -0.284375 -0.083002 2.870000 0.1517 0.1517 0.1517
v -0.286033 -0.085000 2.868881 0.1517 0.1517 0.1517
v -0.284597 -0.084001 2.869850 0.1517 0.1517 0.1517
v -0.285204 -0.084732 2.869440 0.1517 0.1517 0.1517
v -0.306250 -0.083002 2.906250 0.1517 0.1517 0.1517
v -0.308016 -0.085000 2.905309 0.1517 0.1517 0.1517
v -0.306487 -0.084001 2.906124 0.1517 0.1517 0.1517
v -0.307133 -0.084732 2.905779 0.1517 0.1517 0.1517
v -0.323750 -0.083002 2.943750 0.1517 0.1517 0.1517
v -0.325611 -0.085000 2.943013 0.1517 0.1517 0.1517
v -0.323999 -0.084001 2.943651 0.1517 0.1517 0.1517
v -0.324681 -0.084732 2.943381 0.1517 0.1517 0.1517
v -0.338125 -0.083002 2.987500 0.1517 0.1517 0.1517
v -0.340053 -0.085000 2.986968 0.1517 0.1517 0.1517
v -0.338383 -0.084001 2.987429 0.1517 0.1517 0.1517
v -0.339089 -0.084732 2.987234 0.1517 0.1517 0.1517
v -0.349375 -0.083002 3.037500 0.1517 0.1517 0.1517
v -0.351341 -0.085000 3.037137 0.1517 0.1517 0.1517
v -0.349638 -0.084001 3.037451 0.1517 0.1517 0.1517
v -0.350358 -0.084732 3.037318 0.1517 0.1517 0.1517
v -0.357500 -0.083002 3.093750 0.1517 0.1517 0.1517
v -0.359487 -0.085000 3.093527 0.1517 0.1517 0.1517
v -0.357766 -0.084001 3.093720 0.1517 0.1517 0.1517
v -0.358493 -0.084732 3.093639 0.1517 0.1517 0.1517
v -0.362500 -0.083002 3.156250 0.1517 0.1517 0.1517
v -0.364494 -0.085000 3.156120 0.1517 0.1517 0.1517
v -0.362767 -0.084001 3.156233 0.1517 0.1517 0.1517
v -0.363497 -0.084732 3.156185 0.1517 0.1517 0.1517
v -0.365625 -0.083002 3.218750 0.1517 0.1517 0.1517
v -0.367622 -0.085000 3.218680 0.1517 0.1517 0.1517
v -0.365893 -0.084001 3.218741 0.1517 0.1517 0.1517
v -0.366624 -0.084732 3.218715 0.1517 0.1517 0.1517
v -0.366875 -0.083002 3.281250 0.1517 0.1517 0.1517
v -0.368873 -0.085000 3.281240 0.1517 0.1517 0.1517
v -0.367143 -0.084001 3.281249 0.1517 0.1517 0.1517
v -0.367874 -0.084732 3.281245 0.1517 0.1517 0.1517
v -0.366250 -0.083002 3.343750 0.1517 0.1517 0.1517
v -0.368248 -0.085000 3.343800 0.1517 0.1517 0.1517
v -0.366518 -0.084001 3.343757 0.1517 0.1517 0.1517
v -0.367249 -0.084732 3.343775 0.1517 0.1517 0.1517
v -0.363750 -0.083002 3.406250 0.1517 0.1517 0.1517
v -0.365746 -0.085000 3.406340 0.1517 0.1517 0.1517
v -0.364017 -0.084001 3.406262 0.1517 0.1517 0.1517
v -0.364748 -0.084732 3.406295 0.1517 0.1517 0.1517
v -0.360625 -0.083002 3.468750 0.1517 0.1517 0.1517
v -0.362620 -0.085000 3.468860 0.1517 0.1517 0.1517
v -0.360892 -0.084001 3.468765 0.1517 0.1517 0.1517
v -0.361623 -0.084732 3.468805 0.1517 0.1517 0.1517
v -0.356875 -0.083002 3.531250 0.1517 0.1517 0.1517
v -0.358869 -0.085000 3.531380 0.1517 0.1517 0.1517
v -0.357142 -0.084001 3.531267 0.1517 0.1517 0.1517
v -0.357872 -0.084732 3.531315 0.1517 0.1517 0.1517
v -0.352500 -0.083002 3.593750 0.1517 0.1517 0.1517
v -0.354493 -0.085000 3.593899 0.1517 0.1517 0.1517
v -0.352767 -0.084001 3.593770 0.1517 0.1517 0.1517
v -0.353496 -0.084732 3.593825 0.1517 0.1517 0.1517
v -0.347500 -0.083002 3.656250 0.1517 0.1517 0.1517
v -0.349493 -0.085000 3.656399 0.1517 0.1517 0.1517
v -0.347767 -0.084001 3.656270 0.1517 0.1517 0.1517
v -0.348496 -0.084732 3.656325 0.1517 0.1517 0.1517
v -0.343125 -0.083002 3.718750 0.1517 0.1517 0.1517
v -0.345119 -0.085000 3.718880 0.1517 0.1517 0.1517
v -0.343392 -0.084001 3.718767 0.1517 0.1517 0.1517
v -0.344122 -0.084732 3.718815 0.1517 0.1517 0.1517
v -0.339375 -0.083002 3.781250 0.1517 0.1517 0.1517
v -0.341370 -0.085000 3.781360 0.1517 0.1517 0.1517
v -0.339642 -0.084001 3.781265 0.1517 0.1517 0.1517
v -0.340373 -0.084732 3.781305 0.1517 0.1517 0.1517
v -0.336250 -0.083002 3.843750 0.1517 0.1517 0.1517
v -0.338246 -0.085000 3.843840 0.1517 0.1517 0.1517
v -0.336517 -0.084001 3.843762 0.1517 0.1517 0.1517
v -0.337248 -0.084732 3.843795 0.1517 0.1517 0.1517
v -0.333750 -0.083002 3.906250 0.1517 0.1517 0.1517
v -0.335746 -0.085000 3.906340 0.1517 0.1517 0.1517
v -0.334017 -0.084001 3.906262 0.1517 0.1517 0.1517
v -0.334748 -0.084732 3.906295 0.1517 0.1517 0.1517
v -0.330625 -0.083002 3.968750 0.1517 0.1517 0.1517
v -0.332620 -0.085000 3.968860 0.1517 0.1517 0.1517
v -0.330892 -0.084001 3.968765 0.1517 0.1517 0.1517
v -0.331623 -0.084732 3.968805 0.1517 0.1517 0.1517
v -0.326875 -0.083002 4.031250 0.1517 0.1517 0.1517
v -0.328869 -0.085000 4.031380 0.1517 0.1517 0.1517
v -0.327142 -0.084001 4.031267 0.1517 0.1517 0.1517
v -0.327872 -0.084732 4.031315 0.1517 0.1517 0.1517
v -0.322500 -0.083002 4.093750 0.1517 0.1517 0.1517
v -0.324493 -0.085000 4.093899 0.1517 0.1517 0.1517
v -0.322767 -0.084001 4.093770 0.1517 0.1517 0.1517
v -0.323496 -0.084732 4.093824 0.1517 0.1517 0.1517
v -0.317500 -0.083002 4.156250 0.1517 0.1517 0.1517
v -0.319493 -0.085000 4.156399 0.1517 0.1517 0.1517
v -0.317767 -0.084001 4.156270 0.1517 0.1517 0.1517
v -0.318496 -0.084732 4.156324 0.1517 0.1517 0.1517
v -0.313125 -0.083002 4.218750 0.1517 0.1517 0.1517
v -0.315119 -0.085000 4.218880 0.1517 0.1517 0.1517
v -0.313392 -0.084001 4.218767 0.1517 0.1517 0.1517
v -0.314122 -0.084732 4.218815 0.1517 0.1517 0.1517
v -0.309375 -0.083002 4.281250 0.1517 0.1517 0.1517
v -0.311370 -0.085000 4.281360 0.1517 0.1517 0.1517
v -0.309642 -0.084001 4.281265 0.1517 0.1517 0.1517
v -0.310373 -0.084732 4.281305 0.1517 0.1517 0.1517
v -0.306250 -0.083002 4.343750 0.1517 0.1517 0.1517
v -0.308246 -0.085000 4.343840 0.1517 0.1517 0.1517
v -0.306517 -0.084001 4.343762 0.1517 0.1517 0.1517
v -0.307248 -0.084732 4.343795 0.1517 0.1517 0.1517
v -0.303750 -0.083002 4.406250 0.1517 0.1517 0.1517
v -0.305746 -0.085000 4.406340 0.1517 0.1517 0.1517
v -0.304017 -0.084001 4.406262 0.1517 0.1517 0.1517
v -0.304748 -0.084732 4.406295 0.1517 0.1517 0.1517
v -0.300625 -0.083002 4.468750 0.1517 0.1517 0.1517
v -0.302620 -0.085000 4.468860 0.1517 0.1517 0.1517
v -0.300892 -0.084001 4.468765 0.1517 0.1517 0.1517
v -0.301623 -0.084732 4.468805 0.1517 0.1517 0.1517
v -0.296875 -0.083002 4.531250 0.1517 0.1517 0.1517
v -0.298869 -0.085000 4.531380 0.1517 0.1517 0.1517
v -0.297142 -0.084001 4.531267 0.1517 0.1517 0.1517
v -0.297872 -0.084732 4.531315 0.1517 0.1517 0.1517
v -0.292500 -0.083002 4.593750 0.1517 0.1517 0.1517
v -0.294493 -0.085000 4.593899 0.1517 0.1517 0.1517
v -0.292767 -0.084001 4.593770 0.1517 0.1517 0.1517
v -0.293496 -0.084732 4.593824 0.1517 0.1517 0.1517
v -0.287500 -0.083002 4.656250 0.1517 0.1517 0.1517
v -0.289493 -0.085000 4.656390 0.1517 0.1517 0.1517
v -0.287767 -0.084001 4.656269 0.1517 0.1517 0.1517
v -0.288497 -0.084732 4.656320 0.1517 0.1517 0.1517
v -0.283750 -0.083002 4.718750 0.1517 0.1517 0.1517
v -0.285746 -0.085000 4.718850 0.1517 0.1517 0.1517
v -0.284017 -0.084001 4.718763 0.1517 0.1517 0.1517
v -0.284748 -0.084732 4.718800 0.1517 0.1517 0.1517
v -0.281250 -0.083002 4.781250 0.1517 0.1517 0.1517
v -0.283247 -0.085000 4.781310 0.1517 0.1517 0.1517
v -0.281518 -0.084001 4.781258 0.1517 0.1517 0.1517
v -0.282249 -0.084732 4.781280 0.1517 0.1517 0.1517
v -0.280000 -0.083002 4.843750 0.1517 0.1517 0.1517
v -0.281998 -0.085000 4.843770 0.1517 0.1517 0.1517
v -0.280268 -0.084001 4.843753 0.1517 0.1517 0.1517
v -0.280999 -0.084732 4.843760 0.1517 0.1517 0.1517
v -0.280000 -0.083002 4.906250 0.1517 0.1517 0.1517
v -0.281998 -0.085000 4.906219 0.1517 0.1517 0.1517
v -0.280268 -0.084001 4.906246 0.1517 0.1517 0.1517
v -0.280999 -0.084732 4.906234 0.1517 0.1517 0.1517
v -0.281875 -0.083002 4.962500 0.1517 0.1517 0.1517
v -0.283871 -0.085000 4.962393 0.1517 0.1517 0.1517
v -0.282142 -0.084001 4.962486 0.1517 0.1517 0.1517
v -0.282873 -0.084732 4.962447 0.1517 0.1517 0.1517
v -0.285625 -0.083002 5.012500 0.1517 0.1517 0.1517
v -0.287614 -0.085000 5.012297 0.1517 0.1517 0.1517
v -0.285891 -0.084001 5.012473 0.1517 0.1517 0.1517
v -0.286619 -0.084732 5.012399 0.1517 0.1517 0.1517
v -0.291250 -0.083002 5.056250 0.1517 0.1517 0.1517
v -0.293223 -0.085000 5.055926 0.1517 0.1517 0.1517
v -0.291514 -0.084001 5.056207 0.1517 0.1517 0.1517
v -0.292236 -0.084732 5.056088 0.1517 0.1517 0.1517
v -0.298750 -0.083002 5.093750 0.1517 0.1517 0.1517
v -0.300709 -0.085000 5.093358 0.1517 0.1517 0.1517
v -0.299013 -0.084001 5.093698 0.1517 0.1517 0.1517
v -0.299730 -0.084732 5.093554 0.1517 0.1517 0.1517
v -0.306250 -0.083002 5.131250 0.1517 0.1517 0.1517
v -0.308209 -0.085000 5.130858 0.1517 0.1517 0.1517
v -0.306513 -0.084001 5.131197 0.1517 0.1517 0.1517
v -0.307230 -0.084732 5.131054 0.1517 0.1517 0.1517
v -0.313750 -0.083002 5.168750 0.1517 0.1517 0.1517
v -0.315709 -0.085000 5.168358 0.1517 0.1517 0.1517
v -0.314013 -0.084001 5.168697 0.1517 0.1517 0.1517
v -0.314730 -0.084732 5.168554 0.1517 0.1517 0.1517
v -0.321250 -0.083002 5.206250 0.1517 0.1517 0.1517
v -0.323209 -0.085000 5.205858 0.1517 0.1517 0.1517
v -0.321513 -0.084001 5.206198 0.1517 0.1517 0.1517
v -0.322230 -0.084732 5.206054 0.1517 0.1517 0.1517
v -0.328750 -0.083002 5.243750 0.1517 0.1517 0.1517
v -0.330685 -0.085000 5.243237 0.1517 0.1517 0.1517
v -0.329009 -0.084001 5.243681 0.1517 0.1517 0.1517
v -0.329718 -0.084732 5.243493 0.1517 0.1517 0.1517
v -0.338125 -0.083002 5.271875 0.1517 0.1517 0.1517
v -0.339951 -0.085000 5.271035 0.1517 0.1517 0.1517
v -0.338370 -0.084001 5.271762 0.1517 0.1517 0.1517
v -0.339038 -0.084732 5.271455 0.1517 0.1517 0.1517
v -0.349375 -0.083002 5.290625 0.1517 0.1517 0.1517
v -0.350875 -0.085000 5.289241 0.1517 0.1517 0.1517
v -0.349576 -0.084001 5.290440 0.1517 0.1517 0.1517
v -0.350125 -0.084732 5.289933 0.1517 0.1517 0.1517
v -0.362500 -0.083002 5.300000 0.1517 0.1517 0.1517
v -0.364478 -0.085000 5.298957 0.1517 0.1517 0.1517
v -0.362766 -0.084001 5.299860 0.1517 0.1517 0.1517
v -0.363489 -0.084732 5.299479 0.1517 0.1517 0.1517
v -0.377500 -0.083002 5.300000 0.1517 0.1517 0.1517
v -0.374486 -0.085000 5.298995 0.1517 0.1517 0.1517
v -0.377095 -0.084001 5.299865 0.1517 0.1517 0.1517
v -0.375993 -0.084732 5.299498 0.1517 0.1517 0.1517
v -0.393125 -0.083002 5.290625 0.1517 0.1517 0.1517
v -0.392662 -0.085000 5.288108 0.1517 0.1517 0.1517
v -0.393063 -0.084001 5.290288 0.1517 0.1517 0.1517
v -0.392894 -0.084732 5.289367 0.1517 0.1517 0.1517
v -0.409375 -0.083002 5.271875 0.1517 0.1517 0.1517
v -0.407751 -0.085000 5.270699 0.1517 0.1517 0.1517
v -0.409158 -0.084001 5.271718 0.1517 0.1517 0.1517
v -0.408563 -0.084732 5.271287 0.1517 0.1517 0.1517
v -0.426250 -0.083002 5.243750 0.1517 0.1517 0.1517
v -0.424483 -0.085000 5.242811 0.1517 0.1517 0.1517
v -0.426013 -0.084001 5.243624 0.1517 0.1517 0.1517
v -0.425367 -0.084732 5.243280 0.1517 0.1517 0.1517
v -0.443750 -0.083002 5.206250 0.1517 0.1517 0.1517
v -0.441928 -0.085000 5.205430 0.1517 0.1517 0.1517
v -0.443506 -0.084001 5.206141 0.1517 0.1517 0.1517
v -0.442839 -0.084732 5.205840 0.1517 0.1517 0.1517
v -0.460000 -0.083002 5.168750 0.1517 0.1517 0.1517
v -0.458155 -0.085000 5.167981 0.1517 0.1517 0.1517
v -0.459753 -0.084001 5.168647 0.1517 0.1517 0.1517
v -0.459078 -0.084732 5.168365 0.1517 0.1517 0.1517
v -0.475000 -0.083002 5.131250 0.1517 0.1517 0.1517
v -0.473134 -0.085000 5.130535 0.1517 0.1517 0.1517
v -0.474750 -0.084001 5.131154 0.1517 0.1517 0.1517
v -0.474067 -0.084732 5.130892 0.1517 0.1517 0.1517
v -0.488750 -0.083002 5.093750 0.1517 0.1517 0.1517
v -0.486864 -0.085000 5.093090 0.1517 0.1517 0.1517
v -0.488497 -0.084001 5.093662 0.1517 0.1517 0.1517
v -0.487807 -0.084732 5.093420 0.1517 0.1517 0.1517
v -0.501250 -0.083002 5.056250 0.1517 0.1517 0.1517
v -0.499336 -0.085000 5.055673 0.1517 0.1517 0.1517
v -0.500994 -0.084001 5.056173 0.1517 0.1517 0.1517
v -0.500293 -0.084732 5.055962 0.1517 0.1517 0.1517
v -0.513125 -0.083002 5.012500 0.1517 0.1517 0.1517
v -0.511185 -0.085000 5.012018 0.1517 0.1517 0.1517
v -0.512865 -0.084001 5.012435 0.1517 0.1517 0.1517
v -0.512155 -0.084732 5.012259 0.1517 0.1517 0.1517
v -0.524375 -0.083002 4.962500 0.1517 0.1517 0.1517
v -0.522418 -0.085000 4.962097 0.1517 0.1517 0.1517
v -0.524113 -0.084001 4.962446 0.1517 0.1517 0.1517
v -0.523396 -0.084732 4.962298 0.1517 0.1517 0.1517
v -0.535000 -0.083002 4.906250 0.1517 0.1517 0.1517
v -0.533031 -0.085000 4.905908 0.1517 0.1517 0.1517
v -0.534736 -0.084001 4.906204 0.1517 0.1517 0.1517
v -0.534016 -0.084732 4.906079 0.1517 0.1517 0.1517
v -0.545000 -0.083002 4.843750 0.1517 0.1517 0.1517
v -0.543025 -0.085000 4.843444 0.1517 0.1517 0.1517
v -0.544735 -0.084001 4.843709 0.1517 0.1517 0.1517
v -0.544013 -0.084732 4.843597 0.1517 0.1517 0.1517
v -0.554375 -0.083002 4.781250 0.1517 0.1517 0.1517
v -0.552397 -0.085000 4.780963 0.1517 0.1517 0.1517
v -0.554110 -0.084001 4.781211 0.1517 0.1517 0.1517
v -0.553386 -0.084732 4.781107 0.1517 0.1517 0.1517
v -0.563125 -0.083002 4.718750 0.1517 0.1517 0.1517
v -0.561145 -0.085000 4.718482 0.1517 0.1517 0.1517
v -0.562860 -0.084001 4.718714 0.1517 0.1517 0.1517
v -0.562135 -0.084732 4.718616 0.1517 0.1517 0.1517
v -0.571250 -0.083002 4.656250 0.1517 0.1517 0.1517
v -0.569267 -0.085000 4.656002 0.1517 0.1517 0.1517
v -0.570984 -0.084001 4.656217 0.1517 0.1517 0.1517
v -0.570259 -0.084732 4.656126 0.1517 0.1517 0.1517
v -0.578750 -0.083002 4.593750 0.1517 0.1517 0.1517
v -0.576767 -0.085000 4.593502 0.1517 0.1517 0.1517
v -0.578484 -0.084001 4.593717 0.1517 0.1517 0.1517
v -0.577759 -0.084732 4.593626 0.1517 0.1517 0.1517
v -0.586875 -0.083002 4.531250 0.1517 0.1517 0.1517
v -0.584895 -0.085000 4.530982 0.1517 0.1517 0.1517
v -0.586610 -0.084001 4.531214 0.1517 0.1517 0.1517
v -0.585885 -0.084732 4.531116 0.1517 0.1517 0.1517
v -0.595625 -0.083002 4.468750 0.1517 0.1517 0.1517
v -0.593647 -0.085000 4.468463 0.1517 0.1517 0.1517
v -0.595360 -0.084001 4.468711 0.1517 0.1517 0.1517
v -0.594636 -0.084732 4.468607 0.1517 0.1517 0.1517
v -0.605000 -0.083002 4.406250 0.1517 0.1517 0.1517
v -0.603025 -0.085000 4.405944 0.1517 0.1517 0.1517
v -0.604735 -0.084001 4.406209 0.1517 0.1517 0.1517
v -0.604013 -0.084732 4.406097 0.1517 0.1517 0.1517
v -0.615000 -0.083002 4.343750 0.1517 0.1517 0.1517
v -0.613027 -0.085000 4.343434 0.1517 0.1517 0.1517
v -0.614736 -0.084001 4.343708 0.1517 0.1517 0.1517
v -0.614013 -0.084732 4.343592 0.1517 0.1517 0.1517
v -0.625000 -0.083002 4.281250 0.1517 0.1517 0.1517
v -0.623027 -0.085000 4.280934 0.1517 0.1517 0.1517
v -0.624736 -0.084001 4.281208 0.1517 0.1517 0.1517
v -0.624013 -0.084732 4.281092 0.1517 0.1517 0.1517
v -0.635000 -0.083002 4.218750 0.1517 0.1517 0.1517
v -0.633027 -0.085000 4.218434 0.1517 0.1517 0.1517
v -0.634736 -0.084001 4.218708 0.1517 0.1517 0.1517
v -0.634013 -0.084732 4.218592 0.1517 0.1517 0.1517
v -0.645000 -0.083002 4.156250 0.1517 0.1517 0.1517
v -0.643027 -0.085000 4.155934 0.1517 0.1517 0.1517
v -0.644736 -0.084001 4.156208 0.1517 0.1517 0.1517
v -0.644013 -0.084732 4.156092 0.1517 0.1517 0.1517
v -0.655000 -0.083002 4.093750 0.1517 0.1517 0.1517
v -0.653025 -0.085000 4.093444 0.1517 0.1517 0.1517
v -0.654735 -0.084001 4.093709 0.1517 0.1517 0.1517
v -0.654013 -0.084732 4.093597 0.1517 0.1517 0.1517
v -0.664375 -0.083002 4.031250 0.1517 0.1517 0.1517
v -0.662398 -0.085000 4.030963 0.1517 0.1517 0.1517
v -0.664110 -0.084001 4.031211 0.1517 0.1517 0.1517
v -0.663386 -0.084732 4.031107 0.1517 0.1517 0.1517
v -0.673125 -0.083002 3.968750 0.1517 0.1517 0.1517
v -0.671145 -0.085000 3.968483 0.1517 0.1517 0.1517
v -0.672860 -0.084001 3.968714 0.1517 0.1517 0.1517
v -0.672135 -0.084732 3.968616 0.1517 0.1517 0.1517
v -0.681250 -0.083002 3.906250 0.1517 0.1517 0.1517
v -0.679267 -0.085000 3.906002 0.1517 0.1517 0.1517
v -0.680984 -0.084001 3.906217 0.1517 0.1517 0.1517
v -0.680259 -0.084732 3.906126 0.1517 0.1517 0.1517
v -0.688750 -0.083002 3.843750 0.1517 0.1517 0.1517
v -0.686766 -0.085000 3.843512 0.1517 0.1517 0.1517
v -0.688484 -0.084001 3.843718 0.1517 0.1517 0.1517
v -0.687758 -0.084732 3.843631 0.1517 0.1517 0.1517
v -0.696250 -0.083002 3.781250 0.1517 0.1517 0.1517
v -0.694266 -0.085000 3.781012 0.1517 0.1517 0.1517
v -0.695984 -0.084001 3.781218 0.1517 0.1517 0.1517
v -0.695258 -0.084732 3.781131 0.1517 0.1517 0.1517
v -0.703750 -0.083002 3.718750 0.1517 0.1517 0.1517
v -0.701766 -0.085000 3.718512 0.1517 0.1517 0.1517
v -0.703484 -0.084001 3.718718 0.1517 0.1517 0.1517
v -0.702758 -0.084732 3.718631 0.1517 0.1517 0.1517
v -0.711250 -0.083002 3.656250 0.1517 0.1517 0.1517
v -0.709266 -0.085000 3.656012 0.1517 0.1517 0.1517
v -0.710984 -0.084001 3.656218 0.1517 0.1517 0.1517
v -0.710258 -0.084732 3.656131 0.1517 0.1517 0.1517
v -0.718750 -0.083002 3.593750 0.1517 0.1517 0.1517
v -0.716766 -0.085000 3.593512 0.1517 0.1517 0.1517
v -0.718484 -0.084001 3.593718 0.1517 0.1517 0.1517
v -0.717758 -0.084732 3.593631 0.1517 0.1517 0.1517
v -0.726250 -0.083002 3.531250 0.1517 0.1517 0.1517
v -0.724266 -0.085000 3.531012 0.1517 0.1517 0.1517
v -0.725984 -0.084001 3.531218 0.1517 0.1517 0.1517
v -0.725258 -0.084732 3.531131 0.1517 0.1517 0.1517
v -0.733750 -0.083002 3.468750 0.1517 0.1517 0.1517
v -0.731766 -0.085000 3.468512 0.1517 0.1517 0.1517
v -0.733484 -0.084001 3.468718 0.1517 0.1517 0.1517
v -0.732758 -0.084732 3.468631 0.1517 0.1517 0.1517
v -0.741250 -0.083002 3.406250 0.1517 0.1517 0.1517
v -0.739266 -0.085000 3.406012 0.1517 0.1517 0.1517
v -0.740984 -0.084001 3.406218 0.1517 0.1517 0.1517
v -0.740258 -0.084732 3.406131 0.1517 0.1517 0.1517
v -0.748750 -0.083002 3.343750 0.1517 0.1517 0.1517
v -0.746766 -0.085000 3.343512 0.1517 0.1517 0.1517
v -0.748484 -0.084001 3.343718 0.1517 0.1517 0.1517
v -0.747758 -0.084732 3.343631 0.1517 0.1517 0.1517
v -0.756250 -0.083002 3.281250 0.1517 0.1517 0.1517
v -0.754266 -0.085000 3.281012 0.1517 0.1517 0.1517
v -0.755984 -0.084001 3.281218 0.1517 0.1517 0.1517
v -0.755258 -0.084732 3.281131 0.1517 0.1517 0.1517
v -0.763750 -0.083002 3.218750 0.1517 0.1517 0.1517
v -0.761766 -0.085000 3.218512 0.1517 0.1517 0.1517
v -0.763484 -0.084001 3.218718 0.1517 0.1517 0.1517
v -0.762758 -0.084732 3.218631 0.1517 0.1517 0.1517
v -0.771250 -0.083002 3.156250 0.1517 0.1517 0.1517
v -0.769266 -0.085000 3.156012 0.1517 0.1517 0.1517
v -0.770984 -0.084001 3.156218 0.1517 0.1517 0.1517
v -0.770258 -0.084732 3.156131 0.1517 0.1517 0.1517
v -0.778750 -0.083002 3.093750 0.1517 0.1517 0.1517
v -0.776740 -0.085000 3.093750 0.1517 0.1517 0.1517
v -0.778481 -0.084001 3.093750 0.1517 0.1517 0.1517
v -0.777745 -0.084732 3.093750 0.1517 0.1517 0.1517
v -0.785000 -0.083002 3.031250 0.1517 0.1517 0.1517
v -0.783008 -0.085000 3.031071 0.1517 0.1517 0.1517
v -0.784733 -0.084001 3.031226 0.1517 0.1517 0.1517
v -0.784004 -0.084732 3.031160 0.1517 0.1517 0.1517
v -0.790000 -0.083002 2.968750 0.1517 0.1517 0.1517
v -0.788007 -0.085000 2.968611 0.1517 0.1517 0.1517
v -0.789733 -0.084001 2.968731 0.1517 0.1517 0.1517
v -0.789003 -0.084732 2.968680 0.1517 0.1517 0.1517
v -0.793750 -0.083002 2.906250 0.1517 0.1517 0.1517
v -0.791754 -0.085000 2.906150 0.1517 0.1517 0.1517
v -0.793483 -0.084001 2.906237 0.1517 0.1517 0.1517
v -0.792752 -0.084732 2.906200 0.1517 0.1517 0.1517
v -0.796250 -0.083002 2.843750 0.1517 0.1517 0.1517
v -0.794249 -0.085000 2.844174 0.1517 0.1517 0.1517
v -0.795982 -0.084001 2.843807 0.1517 0.1517 0.1517
v -0.795249 -0.084732 2.843962 0.1517 0.1517 0.1517
v -0.794375 -0.083002 2.781250 0.1517 0.1517 0.1517
v -0.792359 -0.085000 2.781173 0.1517 0.1517 0.1517
v -0.794105 -0.084001 2.781240 0.1517 0.1517 0.1517
v -0.793367 -0.084732 2.781211 0.1517 0.1517 0.1517
v -0.788125 -0.083002 2.718750 0.1517 0.1517 0.1517
v -0.786124 -0.085000 2.718820 0.1517 0.1517 0.1517
v -0.787857 -0.084001 2.718759 0.1517 0.1517 0.1517
v -0.787124 -0.084732 2.718785 0.1517 0.1517 0.1517
v -0.777500 -0.083002 2.656250 0.1517 0.1517 0.1517
v -0.775626 -0.085000 2.657063 0.1517 0.1517 0.1517
v -0.777249 -0.084001 2.656359 0.1517 0.1517 0.1517
v -0.776563 -0.084732 2.656656 0.1517 0.1517 0.1517
v -0.762500 -0.083002 2.593750 0.1517 0.1517 0.1517
v -0.760469 -0.085000 2.593908 0.1517 0.1517 0.1517
v -0.762228 -0.084001 2.593771 0.1517 0.1517 0.1517
v -0.761485 -0.084732 2.593829 0.1517 0.1517 0.1517
v -0.745000 -0.083002 2.531250 0.1517 0.1517 0.1517
v -0.743086 -0.085000 2.531824 0.1517 0.1517 0.1517
v -0.744743 -0.084001 2.531327 0.1517 0.1517 0.1517
v -0.744043 -0.084732 2.531537 0.1517 0.1517 0.1517
v -0.725000 -0.083002 2.468750 0.1517 0.1517 0.1517
v -0.723108 -0.085000 2.469394 0.1517 0.1517 0.1517
v -0.724747 -0.084001 2.468836 0.1517 0.1517 0.1517
v -0.724054 -0.084732 2.469072 0.1517 0.1517 0.1517
v -0.702500 -0.083002 2.406250 0.1517 0.1517 0.1517
v -0.700632 -0.085000 2.406960 0.1517 0.1517 0.1517
v -0.702250 -0.084001 2.406345 0.1517 0.1517 0.1517
v -0.701566 -0.084732 2.406605 0.1517 0.1517 0.1517
v -0.677500 -0.083002 2.343750 0.1517 0.1517 0.1517
v -0.675619 -0.085000 2.344427 0.1517 0.1517 0.1517
v -0.677248 -0.084001 2.343841 0.1517 0.1517 0.1517
v -0.676559 -0.084732 2.344089 0.1517 0.1517 0.1517
v -0.657500 -0.083002 2.281250 0.1517 0.1517 0.1517
v -0.655433 -0.085000 2.281347 0.1517 0.1517 0.1517
v -0.657223 -0.084001 2.281263 0.1517 0.1517 0.1517
v -0.656467 -0.084732 2.281298 0.1517 0.1517 0.1517
v -0.642500 -0.083002 2.218750 0.1517 0.1517 0.1517
v -0.640725 -0.085000 2.220070 0.1517 0.1517 0.1517
v -0.642262 -0.084001 2.218927 0.1517 0.1517 0.1517
v -0.641613 -0.084732 2.219410 0.1517 0.1517 0.1517
v -0.632500 -0.083002 2.156250 0.1517 0.1517 0.1517
v -0.630418 -0.085000 2.155658 0.1517 0.1517 0.1517
v -0.632221 -0.084001 2.156171 0.1517 0.1517 0.1517
v -0.631459 -0.084732 2.155954 0.1517 0.1517 0.1517
v -0.627500 -0.083002 2.093750 0.1517 0.1517 0.1517
v -0.625601 -0.085000 2.095466 0.1517 0.1517 0.1517
v -0.627246 -0.084001 2.093980 0.1517 0.1517 0.1517
v -0.626551 -0.084732 2.094608 0.1517 0.1517 0.1517
v -0.625000 -0.083002 2.031250 0.1517 0.1517 0.1517
v -0.623002 -0.085000 2.030511 0.1517 0.1517 0.1517
v -0.624732 -0.084001 2.031151 0.1517 0.1517 0.1517
v -0.624001 -0.084732 2.030880 0.1517 0.1517 0.1517
v -0.625000 -0.083002 1.968750 0.1517 0.1517 0.1517
v -0.623002 -0.085000 1.968710 0.1517 0.1517 0.1517
v -0.624732 -0.084001 1.968745 0.1517 0.1517 0.1517
v -0.624001 -0.084732 1.968730 0.1517 0.1517 0.1517
v -0.627500 -0.083002 1.906250 0.1517 0.1517 0.1517
v -0.625505 -0.085000 1.906130 0.1517 0.1517 0.1517
v -0.627233 -0.084001 1.906234 0.1517 0.1517 0.1517
v -0.626503 -0.084732 1.906190 0.1517 0.1517 0.1517
v -0.632500 -0.083002 1.843750 0.1517 0.1517 0.1517
v -0.630505 -0.085000 1.843630 0.1517 0.1517 0.1517
v -0.632233 -0.084001 1.843734 0.1517 0.1517 0.1517
v -0.631503 -0.084732 1.843690 0.1517 0.1517 0.1517
v -0.635000 -0.083002 1.781250 0.1517 0.1517 0.1517
v -0.633002 -0.085000 1.781210 0.1517 0.1517 0.1517
v -0.634732 -0.084001 1.781245 0.1517 0.1517 0.1517
v -0.634001 -0.084732 1.781230 0.1517 0.1517 0.1517
v -0.635000 -0.083002 1.718750 0.1517 0.1517 0.1517
v -0.633002 -0.085000 1.718790 0.1517 0.1517 0.1517
v -0.634732 -0.084001 1.718755 0.1517 0.1517 0.1517
v -0.634001 -0.084732 1.718770 0.1517 0.1517 0.1517
v -0.632500 -0.083002 1.656250 0.1517 0.1517 0.1517
v -0.630505 -0.085000 1.656370 0.1517 0.1517 0.1517
v -0.632233 -0.084001 1.656266 0.1517 0.1517 0.1517
v -0.631503 -0.084732 1.656310 0.1517 0.1517 0.1517
v -0.627500 -0.083002 1.593750 0.1517 0.1517 0.1517
v -0.625495 -0.085000 1.593750 0.1517 0.1517 0.1517
v -0.627231 -0.084001 1.593750 0.1517 0.1517 0.1517
v -0.626498 -0.084732 1.593750 0.1517 0.1517 0.1517
v -0.622500 -0.083002 1.531250 0.1517 0.1517 0.1517
v -0.620508 -0.085000 1.531409 0.1517 0.1517 0.1517
v -0.622233 -0.084001 1.531271 0.1517 0.1517 0.1517
v -0.621504 -0.084732 1.531330 0.1517 0.1517 0.1517
v -0.617500 -0.083002 1.468750 0.1517 0.1517 0.1517
v -0.615508 -0.085000 1.468909 0.1517 0.1517 0.1517
v -0.617233 -0.084001 1.468771 0.1517 0.1517 0.1517
v -0.616504 -0.084732 1.468830 0.1517 0.1517 0.1517
v -0.612500 -0.083002 1.406250 0.1517 0.1517 0.1517
v -0.610508 -0.085000 1.406409 0.1517 0.1517 0.1517
v -0.612233 -0.084001 1.406271 0.1517 0.1517 0.1517
v -0.611504 -0.084732 1.406330 0.1517 0.1517 0.1517
v -0.607500 -0.083002 1.343750 0.1517 0.1517 0.1517
v -0.605499 -0.085000 1.343790 0.1517 0.1517 0.1517
v -0.607232 -0.084001 1.343755 0.1517 0.1517 0.1517
v -0.606499 -0.084732 1.343770 0.1517 0.1517 0.1517
v -0.610000 -0.083002 1.281250 0.1517 0.1517 0.1517
v -0.608008 -0.085000 1.281051 0.1517 0.1517 0.1517
v -0.609733 -0.084001 1.281223 0.1517 0.1517 0.1517
v -0.609004 -0.084732 1.281151 0.1517 0.1517 0.1517
v -0.620000 -0.083002 1.218750 0.1517 0.1517 0.1517
v -0.618045 -0.085000 1.218322 0.1517 0.1517 0.1517
v -0.619738 -0.084001 1.218693 0.1517 0.1517 0.1517
v -0.619023 -0.084732 1.218536 0.1517 0.1517 0.1517
v -0.637500 -0.083002 1.156250 0.1517 0.1517 0.1517
v -0.635605 -0.085000 1.155608 0.1517 0.1517 0.1517
v -0.637246 -0.084001 1.156164 0.1517 0.1517 0.1517
v -0.636552 -0.084732 1.155929 0.1517 0.1517 0.1517
v -0.662500 -0.083002 1.093750 0.1517 0.1517 0.1517
v -0.660654 -0.085000 1.092984 0.1517 0.1517 0.1517
v -0.662253 -0.084001 1.093647 0.1517 0.1517 0.1517
v -0.661577 -0.084732 1.093367 0.1517 0.1517 0.1517
v -0.689375 -0.083002 1.031250 0.1517 0.1517 0.1517
v -0.687549 -0.085000 1.030438 0.1517 0.1517 0.1517
v -0.689130 -0.084001 1.031141 0.1517 0.1517 0.1517
v -0.688462 -0.084732 1.030844 0.1517 0.1517 0.1517
v -0.718125 -0.083002 0.968750 0.1517 0.1517 0.1517
v -0.716320 -0.085000 0.967893 0.1517 0.1517 0.1517
v -0.717883 -0.084001 0.968635 0.1517 0.1517 0.1517
v -0.717222 -0.084732 0.968321 0.1517 0.1517 0.1517
v -0.748750 -0.083002 0.906250 0.1517 0.1517 0.1517
v -0.746966 -0.085000 0.905349 0.1517 0.1517 0.1517
v -0.748511 -0.084001 0.906129 0.1517 0.1517 0.1517
v -0.747858 -0.084732 0.905800 0.1517 0.1517 0.1517
v -0.781250 -0.083002 0.843750 0.1517 0.1517 0.1517
v -0.779463 -0.085000 0.842856 0.1517 0.1517 0.1517
v -0.781011 -0.084001 0.843630 0.1517 0.1517 0.1517
v -0.780356 -0.084732 0.843303 0.1517 0.1517 0.1517
v -0.811250 -0.083002 0.781250 0.1517 0.1517 0.1517
v -0.809434 -0.085000 0.780415 0.1517 0.1517 0.1517
v -0.811007 -0.084001 0.781138 0.1517 0.1517 0.1517
v -0.810342 -0.084732 0.780832 0.1517 0.1517 0.1517
v -0.838750 -0.083002 0.718750 0.1517 0.1517 0.1517
v -0.836907 -0.085000 0.717976 0.1517 0.1517 0.1517
v -0.838503 -0.084001 0.718646 0.1517 0.1517 0.1517
v -0.837829 -0.084732 0.718363 0.1517 0.1517 0.1517
v -0.863750 -0.083002 0.656250 0.1517 0.1517 0.1517
v -0.861882 -0.085000 0.655540 0.1517 0.1517 0.1517
v -0.863500 -0.084001 0.656155 0.1517 0.1517 0.1517
v -0.862816 -0.084732 0.655895 0.1517 0.1517 0.1517
v -0.886250 -0.083002 0.593750 0.1517 0.1517 0.1517
v -0.884358 -0.085000 0.593107 0.1517 0.1517 0.1517
v -0.885997 -0.084001 0.593664 0.1517 0.1517 0.1517
v -0.885304 -0.084732 0.593429 0.1517 0.1517 0.1517
v -0.906250 -0.083002 0.531250 0.1517 0.1517 0.1517
v -0.904336 -0.085000 0.530676 0.1517 0.1517 0.1517
v -0.905994 -0.084001 0.531173 0.1517 0.1517 0.1517
v -0.905293 -0.084732 0.530963 0.1517 0.1517 0.1517
v -0.923750 -0.083002 0.468750 0.1517 0.1517 0.1517
v -0.921816 -0.085000 0.468247 0.1517 0.1517 0.1517
v -0.923491 -0.084001 0.468683 0.1517 0.1517 0.1517
v -0.922783 -0.084732 0.468499 0.1517 0.1517 0.1517
v -0.938750 -0.083002 0.406250 0.1517 0.1517 0.1517
v -0.936798 -0.085000 0.405821 0.1517 0.1517 0.1517
v -0.938489 -0.084001 0.406193 0.1517 0.1517 0.1517
v -0.937774 -0.084732 0.406036 0.1517 0.1517 0.1517
v -0.951250 -0.083002 0.343750 0.1517 0.1517 0.1517
v -0.949287 -0.085000 0.343377 0.1517 0.1517 0.1517
v -0.950987 -0.084001 0.343700 0.1517 0.1517 0.1517
v -0.950268 -0.084732 0.343563 0.1517 0.1517 0.1517
v -0.962500 -0.083002 0.281250 0.1517 0.1517 0.1517
v -0.960530 -0.085000 0.280915 0.1517 0.1517 0.1517
v -0.962236 -0.084001 0.281205 0.1517 0.1517 0.1517
v -0.961515 -0.084732 0.281083 0.1517 0.1517 0.1517
v -0.972500 -0.083002 0.218750 0.1517 0.1517 0.1517
v -0.970524 -0.085000 0.218454 0.1517 0.1517 0.1517
v -0.972235 -0.084001 0.218710 0.1517 0.1517 0.1517
v -0.971512 -0.084732 0.218602 0.1517 0.1517 0.1517
v -0.981250 -0.083002 0.156250 0.1517 0.1517 0.1517
v -0.979268 -0.085000 0.155992 0.1517 0.1517 0.1517
v -0.980984 -0.084001 0.156215 0.1517 0.1517 0.1517
v -0.980259 -0.084732 0.156121 0.1517 0.1517 0.1517
v -0.988750 -0.083002 0.093750 0.1517 0.1517 0.1517
v -0.986517 -0.085000 0.095583 0.1517 0.1517 0.1517
v -0.988451 -0.084001 0.093996 0.1517 0.1517 0.1517
v -0.987634 -0.084732 0.094667 0.1517 0.1517 0.1517
v -0.992500 -0.083002 0.031250 0.1517 0.1517 0.1517
v -0.990645 -0.085000 0.026704 0.1517 0.1517 0.1517
v -0.992252 -0.084001 0.030641 0.1517 0.1517 0.1517
v -0.991573 -0.084732 0.028977 0.1517 0.1517 0.1517
v -0.992500 -0.083002 -0.031250 0.1517 0.1517 0.1517
v -0.990640 -0.085000 -0.028890 0.1517 0.1517 0.1517
v -0.992251 -0.084001 -0.030934 0.1517 0.1517 0.1517
v -0.991570 -0.084732 -0.030070 0.1517 0.1517 0.1517
v -0.988750 -0.083002 -0.093750 0.1517 0.1517 0.1517
v -0.986759 -0.085000 -0.093570 0.1517 0.1517 0.1517
v -0.988483 -0.084001 -0.093726 0.1517 0.1517 0.1517
v -0.987754 -0.084732 -0.093660 0.1517 0.1517 0.1517
v -0.981250 -0.083002 -0.156250 0.1517 0.1517 0.1517
v -0.979273 -0.085000 -0.155955 0.1517 0.1517 0.1517
v -0.980985 -0.084001 -0.156211 0.1517 0.1517 0.1517
v -0.980261 -0.084732 -0.156103 0.1517 0.1517 0.1517
v -0.970625 -0.083002 -0.215625 0.1517 0.1517 0.1517
v -0.968669 -0.085000 -0.215211 0.1517 0.1517 0.1517
v -0.970363 -0.084001 -0.215570 0.1517 0.1517 0.1517
v -0.969647 -0.084732 -0.215418 0.1517 0.1517 0.1517
v -0.956875 -0.083002 -0.271875 0.1517 0.1517 0.1517
v -0.954950 -0.085000 -0.271335 0.1517 0.1517 0.1517
v -0.956617 -0.084001 -0.271803 0.1517 0.1517 0.1517
v -0.955912 -0.084732 -0.271605 0.1517 0.1517 0.1517
v -0.940000 -0.083002 -0.325000 0.1517 0.1517 0.1517
v -0.938118 -0.085000 -0.324325 0.1517 0.1517 0.1517
v -0.939748 -0.084001 -0.324910 0.1517 0.1517 0.1517
v -0.939059 -0.084732 -0.324663 0.1517 0.1517 0.1517
v -0.920000 -0.083002 -0.375000 0.1517 0.1517 0.1517
v -0.918172 -0.085000 -0.374190 0.1517 0.1517 0.1517
v -0.919755 -0.084001 -0.374891 0.1517 0.1517 0.1517
v -0.919086 -0.084732 -0.374595 0.1517 0.1517 0.1517
v -0.895625 -0.083002 -0.425000 0.1517 0.1517 0.1517
v -0.893859 -0.085000 -0.424063 0.1517 0.1517 0.1517
v -0.895388 -0.084001 -0.424875 0.1517 0.1517 0.1517
v -0.894742 -0.084732 -0.424532 0.1517 0.1517 0.1517
v -0.866875 -0.083002 -0.475000 0.1517 0.1517 0.1517
v -0.865174 -0.085000 -0.473949 0.1517 0.1517 0.1517
v -0.866647 -0.084001 -0.474859 0.1517 0.1517 0.1517
v -0.866025 -0.084732 -0.474475 0.1517 0.1517 0.1517
v -0.833750 -0.083002 -0.525000 0.1517 0.1517 0.1517
v -0.832116 -0.085000 -0.523848 0.1517 0.1517 0.1517
v -0.833531 -0.084001 -0.524846 0.1517 0.1517 0.1517
v -0.832933 -0.084732 -0.524424 0.1517 0.1517 0.1517
v -0.796250 -0.083002 -0.575000 0.1517 0.1517 0.1517
v -0.794692 -0.085000 -0.573746 0.1517 0.1517 0.1517
v -0.796041 -0.084001 -0.574832 0.1517 0.1517 0.1517
v -0.795471 -0.084732 -0.574373 0.1517 0.1517 0.1517
v -0.753125 -0.083002 -0.625000 0.1517 0.1517 0.1517
v -0.751652 -0.085000 -0.623649 0.1517 0.1517 0.1517
v -0.752928 -0.084001 -0.624819 0.1517 0.1517 0.1517
v -0.752388 -0.084732 -0.624324 0.1517 0.1517 0.1517
v -0.704375 -0.083002 -0.675000 0.1517 0.1517 0.1517
v -0.702982 -0.085000 -0.673566 0.1517 0.1517 0.1517
v -0.704188 -0.084001 -0.674808 0.1517 0.1517 0.1517
v -0.703679 -0.084732 -0.674283 0.1517 0.1517 0.1517
v -0.650000 -0.083002 -0.725000 0.1517 0.1517 0.1517
v -0.648683 -0.085000 -0.723496 0.1517 0.1517 0.1517
v -0.649824 -0.084001 -0.724799 0.1517 0.1517 0.1517
v -0.649342 -0.084732 -0.724248 0.1517 0.1517 0.1517
v -0.590000 -0.083002 -0.775000 0.1517 0.1517 0.1517
v -0.588831 -0.085000 -0.773373 0.1517 0.1517 0.1517
v -0.589843 -0.084001 -0.774782 0.1517 0.1517 0.1517
v -0.589416 -0.084732 -0.774186 0.1517 0.1517 0.1517
v -0.513750 -0.083002 -0.821875 0.1517 0.1517 0.1517
v -0.512797 -0.085000 -0.820116 0.1517 0.1517 0.1517
v -0.513622 -0.084001 -0.821639 0.1517 0.1517 0.1517
v -0.513273 -0.084732 -0.820995 0.1517 0.1517 0.1517
v -0.421250 -0.083002 -0.865625 0.1517 0.1517 0.1517
v -0.420472 -0.085000 -0.863783 0.1517 0.1517 0.1517
v -0.421146 -0.084001 -0.865378 0.1517 0.1517 0.1517
v -0.420861 -0.084732 -0.864704 0.1517 0.1517 0.1517
v -0.312500 -0.083002 -0.906250 0.1517 0.1517 0.1517
v -0.311863 -0.085000 -0.904355 0.1517 0.1517 0.1517
v -0.312415 -0.084001 -0.905996 0.1517 0.1517 0.1517
v -0.312181 -0.084732 -0.905303 0.1517 0.1517 0.1517
v -0.187500 -0.083002 -0.943750 0.1517 0.1517 0.1517
v -0.187063 -0.085000 -0.941795 0.1517 0.1517 0.1517
v -0.187441 -0.084001 -0.943488 0.1517 0.1517 0.1517
v -0.187281 -0.084732 -0.942773 0.1517 0.1517 0.1517
v -0.062500 -0.083002 -0.962500 0.1517 0.1517 0.1517
v -0.062351 -0.085000 -0.960502 0.1517 0.1517 0.1517
v -0.062480 -0.084001 -0.962232 0.1517 0.1517 0.1517
v -0.062426 -0.084732 -0.961501 0.1517 0.1517 0.1517
v 0.062351 -0.085000 -0.960502 0.1517 0.1517 0.1517
v 0.062500 -0.083002 -0.962500 0.1517 0.1517 0.1517
v 0.062426 -0.084732 -0.961501 0.1517 0.1517 0.1517
v 0.062480 -0.084001 -0.962232 0.1517 0.1517 0.1517
v 0.187063 0.085000 -0.941795 0.1517 0.1517 0.1517
v 0.187500 0.083002 -0.943750 0.1517 0.1517 0.1517
v 0.187281 0.084732 -0.942773 0.1517 0.1517 0.1517
v 0.187441 0.084001 -0.943488 0.1517 0.1517 0.1517
v 0.311863 0.085000 -0.904355 0.1517 0.1517 0.1517
v 0.312500 0.083002 -0.906250 0.1517 0.1517 0.1517
v 0.312181 0.084732 -0.905303 0.1517 0.1517 0.1517
v 0.312415 0.084001 -0.905996 0.1517 0.1517 0.1517
v 0.420472 0.085000 -0.863783 0.1517 0.1517 0.1517
v 0.421250 0.083002 -0.865625 0.1517 0.1517 0.1517
v 0.420861 0.084732 -0.864704 0.1517 0.1517 0.1517
v 0.421146 0.084001 -0.865378 0.1517 0.1517 0.1517
v 0.512797 0.085000 -0.820116 0.1517 0.1517 0.1517
v 0.513750 0.083002 -0.821875 0.1517 0.1517 0.1517
v 0.513273 0.084732 -0.820995 0.1517 0.1517 0.1517
v 0.513622 0.084001 -0.821639 0.1517 0.1517 0.1517
v 0.588831 0.085000 -0.773373 0.1517 0.1517 0.1517
v 0.590000 0.083002 -0.775000 0.1517 0.1517 0.1517
v 0.589416 0.084732 -0.774186 0.1517 0.1517 0.1517
v 0.589843 0.084001 -0.774782 0.1517 0.1517 0.1517
v 0.648683 0.085000 -0.723496 0.1517 0.1517 0.1517
v 0.650000 0.083002 -0.725000 0.1517 0.1517 0.1517
v 0.649342 0.084732 -0.724248 0.1517 0.1517 0.1517
v 0.649824 0.084001 -0.724799 0.1517 0.1517 0.1517
v 0.702982 0.085000 -0.673566 0.1517 0.1517 0.1517
v 0.704375 0.083002 -0.675000 0.1517 0.1517 0.1517
v 0.703679 0.084732 -0.674283 0.1517 0.1517 0.1517
v 0.704188 0.084001 -0.674808 0.1517 0.1517 0.1517
v 0.751652 0.085000 -0.623649 0.1517 0.1517 0.1517
v 0.753125 0.083002 -0.625000 0.1517 0.1517 0.1517
v 0.752388 0.084732 -0.624324 0.1517 0.1517 0.1517
v 0.752928 0.084001 -0.624819 0.1517 0.1517 0.1517
v 0.794692 0.085000 -0.573746 0.1517 0.1517 0.1517
v 0.796250 0.083002 -0.575000 0.1517 0.1517 0.1517
v 0.795471 0.084732 -0.574373 0.1517 0.1517 0.1517
v 0.796041 0.084001 -0.574832 0.1517 0.1517 0.1517
v 0.832116 0.085000 -0.523848 0.1517 0.1517 0.1517
v 0.833750 0.083002 -0.525000 0.1517 0.1517 0.1517
v 0.832933 0.084732 -0.524424 0.1517 0.1517 0.1517
v 0.833531 0.084001 -0.524846 0.1517 0.1517 0.1517
v 0.865174 0.085000 -0.473949 0.1517 0.1517 0.1517
v 0.866875 0.083002 -0.475000 0.1517 0.1517 0.1517
v 0.866025 0.084732 -0.474475 0.1517 0.1517 0.1517
v 0.866647 0.084001 -0.474859 0.1517 0.1517 0.1517
v 0.893859 0.085000 -0.424063 0.1517 0.1517 0.1517
v 0.895625 0.083002 -0.425000 0.1517 0.1517 0.1517
v 0.894742 0.084732 -0.424532 0.1517 0.1517 0.1517
v 0.895388 0.084001 -0.424875 0.1517 0.1517 0.1517
v 0.918172 0.085000 -0.374190 0.1517 0.1517 0.1517
v 0.920000 0.083002 -0.375000 0.1517 0.1517 0.1517
v 0.919086 0.084732 -0.374595 0.1517 0.1517 0.1517
v 0.919755 0.084001 -0.374891 0.1517 0.1517 0.1517
v 0.938118 0.085000 -0.324325 0.1517 0.1517 0.1517
v 0.940000 0.083002 -0.325000 0.1517 0.1517 0.1517
v 0.939059 0.084732 -0.324663 0.1517 0.1517 0.1517
v 0.939748 0.084001 -0.324910 0.1517 0.1517 0.1517
v 0.954950 0.085000 -0.271335 0.1517 0.1517 0.1517
v 0.956875 0.083002 -0.271875 0.1517 0.1517 0.1517
v 0.955912 0.084732 -0.271605 0.1517 0.1517 0.1517
v 0.956617 0.084001 -0.271803 0.1517 0.1517 0.1517
v 0.968669 0.085000 -0.215211 0.1517 0.1517 0.1517
v 0.970625 0.083002 -0.215625 0.1517 0.1517 0.1517
v 0.969647 0.084732 -0.215418 0.1517 0.1517 0.1517
v 0.970363 0.084001 -0.215570 0.1517 0.1517 0.1517
v 0.979273 0.085000 -0.155955 0.1517 0.1517 0.1517
v 0.981250 0.083002 -0.156250 0.1517 0.1517 0.1517
v 0.980261 0.084732 -0.156103 0.1517 0.1517 0.1517
v 0.980985 0.084001 -0.156211 0.1517 0.1517 0.1517
v 0.986759 0.085000 -0.093570 0.1517 0.1517 0.1517
v 0.988750 0.083002 -0.093750 0.1517 0.1517 0.1517
v 0.987754 0.084732 -0.093660 0.1517 0.1517 0.1517
v 0.988483 0.084001 -0.093726 0.1517 0.1517 0.1517
v 0.990640 0.085000 -0.028890 0.1517 0.1517 0.1517
v 0.992500 0.083002 -0.031250 0.1517 0.1517 0.1517
v 0.991570 0.084732 -0.030070 0.1517 0.1517 0.1517
v 0.992251 0.084001 -0.030934 0.1517 0.1517 0.1517
v 0.990645 0.085000 0.026704 0.1517 0.1517 0.1517
v 0.992500 0.083002 0.031250 0.1517 0.1517 0.1517
v 0.991573 0.084732 0.028977 0.1517 0.1517 0.1517
v 0.992252 0.084001 0.030641 0.1517 0.1517 0.1517
v 0.986517 0.085000 0.095583 0.1517 0.1517 0.1517
v 0.988750 0.083002 0.093750 0.1517 0.1517 0.1517
v 0.987634 0.084732 0.094667 0.1517 0.1517 0.1517
v 0.988451 0.084001 0.093996 0.1517 0.1517 0.1517
v 0.979268 0.085000 0.155992 0.1517 0.1517 0.1517
v 0.981250 0.083002 0.156250 0.1517 0.1517 0.1517
v 0.980259 0.084732 0.156121 0.1517 0.1517 0.1517
v 0.980984 0.084001 0.156215 0.1517 0.1517 0.1517
v 0.970524 0.085000 0.218454 0.1517 0.1517 0.1517
v 0.972500 0.083002 0.218750 0.1517 0.1517 0.1517
v 0.971512 0.084732 0.218602 0.1517 0.1517 0.1517
v 0.972235 0.084001 0.218710 0.1517 0.1517 0.1517
v 0.960530 0.085000 0.280915 0.1517 0.1517 0.1517
v 0.962500 0.083002 0.281250 0.1517 0.1517 0.1517
v 0.961515 0.084732 0.281083 0.1517 0.1517 0.1517
v 0.962236 0.084001 0.281205 0.1517 0.1517 0.1517
v 0.949279 0.085000 0.343376 0.1517 0.1517 0.1517
v 0.951250 0.083002 0.343750 0.1517 0.1517 0.1517
v 0.950265 0.084732 0.343563 0.1517 0.1517 0.1517
v 0.950986 0.084001 0.343700 0.1517 0.1517 0.1517
v 0.936704 0.085000 0.406250 0.1517 0.1517 0.1517
v 0.938750 0.083002 0.406250 0.1517 0.1517 0.1517
v 0.937727 0.084732 0.406250 0.1517 0.1517 0.1517
v 0.938476 0.084001 0.406250 0.1517 0.1517 0.1517
v 0.921874 0.085000 0.468039 0.1517 0.1517 0.1517
v 0.923750 0.083002 0.468750 0.1517 0.1517 0.1517
v 0.922812 0.084732 0.468395 0.1517 0.1517 0.1517
v 0.923499 0.084001 0.468655 0.1517 0.1517 0.1517
v 0.904336 0.085000 0.530676 0.1517 0.1517 0.1517
v 0.906250 0.083002 0.531250 0.1517 0.1517 0.1517
v 0.905293 0.084732 0.530963 0.1517 0.1517 0.1517
v 0.905994 0.084001 0.531173 0.1517 0.1517 0.1517
v 0.884358 0.085000 0.593107 0.1517 0.1517 0.1517
v 0.886250 0.083002 0.593750 0.1517 0.1517 0.1517
v 0.885304 0.084732 0.593429 0.1517 0.1517 0.1517
v 0.885997 0.084001 0.593664 0.1517 0.1517 0.1517
v 0.861882 0.085000 0.655540 0.1517 0.1517 0.1517
v 0.863750 0.083002 0.656250 0.1517 0.1517 0.1517
v 0.862816 0.084732 0.655895 0.1517 0.1517 0.1517
v 0.863500 0.084001 0.656155 0.1517 0.1517 0.1517
v 0.836907 0.085000 0.717976 0.1517 0.1517 0.1517
v 0.838750 0.083002 0.718750 0.1517 0.1517 0.1517
v 0.837829 0.084732 0.718363 0.1517 0.1517 0.1517
v 0.838503 0.084001 0.718646 0.1517 0.1517 0.1517
v 0.809434 0.085000 0.780415 0.1517 0.1517 0.1517
v 0.811250 0.083002 0.781250 0.1517 0.1517 0.1517
v 0.810342 0.084732 0.780832 0.1517 0.1517 0.1517
v 0.811007 0.084001 0.781138 0.1517 0.1517 0.1517
v 0.779463 0.085000 0.842856 0.1517 0.1517 0.1517
v 0.781250 0.083002 0.843750 0.1517 0.1517 0.1517
v 0.780356 0.084732 0.843303 0.1517 0.1517 0.1517
v 0.781011 0.084001 0.843630 0.1517 0.1517 0.1517
v 0.746966 0.085000 0.905349 0.1517 0.1517 0.1517
v 0.748750 0.083002 0.906250 0.1517 0.1517 0.1517
v 0.747858 0.084732 0.905800 0.1517 0.1517 0.1517
v 0.748511 0.084001 0.906129 0.1517 0.1517 0.1517
v 0.716320 0.085000 0.967893 0.1517 0.1517 0.1517
v 0.718125 0.083002 0.968750 0.1517 0.1517 0.1517
v 0.717222 0.084732 0.968321 0.1517 0.1517 0.1517
v 0.717883 0.084001 0.968635 0.1517 0.1517 0.1517
v 0.687549 0.085000 1.030438 0.1517 0.1517 0.1517
v 0.689375 0.083002 1.031250 0.1517 0.1517 0.1517
v 0.688462 0.084732 1.030844 0.1517 0.1517 0.1517
v 0.689130 0.084001 1.031141 0.1517 0.1517 0.1517
v 0.660654 0.085000 1.092984 0.1517 0.1517 0.1517
v 0.662500 0.083002 1.093750 0.1517 0.1517 0.1517
v 0.661577 0.084732 1.093367 0.1517 0.1517 0.1517
v 0.662253 0.084001 1.093647 0.1517 0.1517 0.1517
v 0.635605 0.085000 1.155608 0.1517 0.1517 0.1517
v 0.637500 0.083002 1.156250 0.1517 0.1517 0.1517
v 0.636552 0.084732 1.155929 0.1517 0.1517 0.1517
v 0.637246 0.084001 1.156164 0.1517 0.1517 0.1517
v 0.618045 0.085000 1.218322 0.1517 0.1517 0.1517
v 0.620000 0.083002 1.218750 0.1517 0.1517 0.1517
v 0.619023 0.084732 1.218536 0.1517 0.1517 0.1517
v 0.619738 0.084001 1.218693 0.1517 0.1517 0.1517
v 0.608008 0.085000 1.281051 0.1517 0.1517 0.1517
v 0.610000 0.083002 1.281250 0.1517 0.1517 0.1517
v 0.609004 0.084732 1.281151 0.1517 0.1517 0.1517
v 0.609733 0.084001 1.281223 0.1517 0.1517 0.1517
v 0.605499 0.085000 1.343790 0.1517 0.1517 0.1517
v 0.607500 0.083002 1.343750 0.1517 0.1517 0.1517
v 0.606499 0.084732 1.343770 0.1517 0.1517 0.1517
v 0.607232 0.084001 1.343755 0.1517 0.1517 0.1517
v 0.610508 0.085000 1.406409 0.1517 0.1517 0.1517
v 0.612500 0.083002 1.406250 0.1517 0.1517 0.1517
v 0.611504 0.084732 1.406330 0.1517 0.1517 0.1517
v 0.612233 0.084001 1.406271 0.1517 0.1517 0.1517
v 0.615508 0.085000 1.468909 0.1517 0.1517 0.1517
v 0.617500 0.083002 1.468750 0.1517 0.1517 0.1517
v 0.616504 0.084732 1.468830 0.1517 0.1517 0.1517
v 0.617233 0.084001 1.468771 0.1517 0.1517 0.1517
v 0.620508 0.085000 1.531409 0.1517 0.1517 0.1517
v 0.622500 0.083002 1.531250 0.1517 0.1517 0.1517
v 0.621504 0.084732 1.531330 0.1517 0.1517 0.1517
v 0.622233 0.084001 1.531271 0.1517 0.1517 0.1517
v 0.625508 0.085000 1.593909 0.1517 0.1517 0.1517
v 0.627500 0.083002 1.593750 0.1517 0.1517 0.1517
v 0.626504 0.084732 1.593830 0.1517 0.1517 0.1517
v 0.627233 0.084001 1.593771 0.1517 0.1517 0.1517
v 0.630507 0.085000 1.656389 0.1517 0.1517 0.1517
v 0.632500 0.083002 1.656250 0.1517 0.1517 0.1517
v 0.631503 0.084732 1.656319 0.1517 0.1517 0.1517
v 0.632233 0.084001 1.656269 0.1517 0.1517 0.1517
v 0.633001 0.085000 1.718750 0.1517 0.1517 0.1517
v 0.635000 0.083002 1.718750 0.1517 0.1517 0.1517
v 0.634001 0.084732 1.718750 0.1517 0.1517 0.1517
v 0.634732 0.084001 1.718750 0.1517 0.1517 0.1517
v 0.633001 0.085000 1.781228 0.1517 0.1517 0.1517
v 0.635000 0.083002 1.781250 0.1517 0.1517 0.1517
v 0.634001 0.084732 1.781239 0.1517 0.1517 0.1517
v 0.634732 0.084001 1.781247 0.1517 0.1517 0.1517
v 0.630505 0.085000 1.843630 0.1517 0.1517 0.1517
v 0.632500 0.083002 1.843750 0.1517 0.1517 0.1517
v 0.631503 0.084732 1.843690 0.1517 0.1517 0.1517
v 0.632233 0.084001 1.843734 0.1517 0.1517 0.1517
v 0.625505 0.085000 1.906130 0.1517 0.1517 0.1517
v 0.627500 0.083002 1.906250 0.1517 0.1517 0.1517
v 0.626503 0.084732 1.906190 0.1517 0.1517 0.1517
v 0.627233 0.084001 1.906234 0.1517 0.1517 0.1517
v 0.623002 0.085000 1.968710 0.1517 0.1517 0.1517
v 0.625000 0.083002 1.968750 0.1517 0.1517 0.1517
v 0.624001 0.084732 1.968730 0.1517 0.1517 0.1517
v 0.624732 0.084001 1.968745 0.1517 0.1517 0.1517
v 0.623002 0.085000 2.030511 0.1517 0.1517 0.1517
v 0.625000 0.083002 2.031250 0.1517 0.1517 0.1517
v 0.624001 0.084732 2.030880 0.1517 0.1517 0.1517
v 0.624732 0.084001 2.031151 0.1517 0.1517 0.1517
v 0.625601 0.085000 2.095466 0.1517 0.1517 0.1517
v 0.627500 0.083002 2.093750 0.1517 0.1517 0.1517
v 0.626551 0.084732 2.094608 0.1517 0.1517 0.1517
v 0.627246 0.084001 2.093980 0.1517 0.1517 0.1517
v 0.630418 0.085000 2.155658 0.1517 0.1517 0.1517
v 0.632500 0.083002 2.156250 0.1517 0.1517 0.1517
v 0.631459 0.084732 2.155954 0.1517 0.1517 0.1517
v 0.632221 0.084001 2.156171 0.1517 0.1517 0.1517
v 0.640725 0.085000 2.220070 0.1517 0.1517 0.1517
v 0.642500 0.083002 2.218750 0.1517 0.1517 0.1517
v 0.641613 0.084732 2.219410 0.1517 0.1517 0.1517
v 0.642262 0.084001 2.218927 0.1517 0.1517 0.1517
v 0.655433 0.085000 2.281347 0.1517 0.1517 0.1517
v 0.657500 0.083002 2.281250 0.1517 0.1517 0.1517
v 0.656467 0.084732 2.281298 0.1517 0.1517 0.1517
v 0.657223 0.084001 2.281263 0.1517 0.1517 0.1517
v 0.675619 0.085000 2.344427 0.1517 0.1517 0.1517
v 0.677500 0.083002 2.343750 0.1517 0.1517 0.1517
v 0.676559 0.084732 2.344089 0.1517 0.1517 0.1517
v 0.677248 0.084001 2.343841 0.1517 0.1517 0.1517
v 0.700632 0.085000 2.406960 0.1517 0.1517 0.1517
v 0.702500 0.083002 2.406250 0.1517 0.1517 0.1517
v 0.701566 0.084732 2.406605 0.1517 0.1517 0.1517
v 0.702250 0.084001 2.406345 0.1517 0.1517 0.1517
v 0.723108 0.085000 2.469394 0.1517 0.1517 0.1517
v 0.725000 0.083002 2.468750 0.1517 0.1517 0.1517
v 0.724054 0.084732 2.469072 0.1517 0.1517 0.1517
v 0.724747 0.084001 2.468836 0.1517 0.1517 0.1517
v 0.743086 0.085000 2.531824 0.1517 0.1517 0.1517
v 0.745000 0.083002 2.531250 0.1517 0.1517 0.1517
v 0.744043 0.084732 2.531537 0.1517 0.1517 0.1517
v 0.744743 0.084001 2.531327 0.1517 0.1517 0.1517
v 0.760469 0.085000 2.593908 0.1517 0.1517 0.1517
v 0.762500 0.083002 2.593750 0.1517 0.1517 0.1517
v 0.761485 0.084732 2.593829 0.1517 0.1517 0.1517
v 0.762228 0.084001 2.593771 0.1517 0.1517 0.1517
v 0.775626 0.085000 2.657063 0.1517 0.1517 0.1517
v 0.777500 0.083002 2.656250 0.1517 0.1517 0.1517
v 0.776563 0.084732 2.656656 0.1517 0.1517 0.1517
v 0.777249 0.084001 2.656359 0.1517 0.1517 0.1517
v 0.786124 0.085000 2.718820 0.1517 0.1517 0.1517
v 0.788125 0.083002 2.718750 0.1517 0.1517 0.1517
v 0.787124 0.084732 2.718785 0.1517 0.1517 0.1517
v 0.787857 0.084001 2.718759 0.1517 0.1517 0.1517
v 0.792359 0.085000 2.781173 0.1517 0.1517 0.1517
v 0.794375 0.083002 2.781250 0.1517 0.1517 0.1517
v 0.793367 0.084732 2.781211 0.1517 0.1517 0.1517
v 0.794105 0.084001 2.781240 0.1517 0.1517 0.1517
v 0.794249 0.085000 2.844174 0.1517 0.1517 0.1517
v 0.796250 0.083002 2.843750 0.1517 0.1517 0.1517
v 0.795249 0.084732 2.843962 0.1517 0.1517 0.1517
v 0.795982 0.084001 2.843807 0.1517 0.1517 0.1517
v 0.791754 0.085000 2.906150 0.1517 0.1517 0.1517
v 0.793750 0.083002 2.906250 0.1517 0.1517 0.1517
v 0.792752 0.084732 2.906200 0.1517 0.1517 0.1517
v 0.793483 0.084001 2.906237 0.1517 0.1517 0.1517
v 0.788007 0.085000 2.968611 0.1517 0.1517 0.1517
v 0.790000 0.083002 2.968750 0.1517 0.1517 0.1517
v 0.789003 0.084732 2.968680 0.1517 0.1517 0.1517
v 0.789733 0.084001 2.968731 0.1517 0.1517 0.1517
v 0.783008 0.085000 3.031071 0.1517 0.1517 0.1517
v 0.785000 0.083002 3.031250 0.1517 0.1517 0.1517
v 0.784004 0.084732 3.031160 0.1517 0.1517 0.1517
v 0.784733 0.084001 3.031226 0.1517 0.1517 0.1517
v 0.776740 0.085000 3.093750 0.1517 0.1517 0.1517
v 0.778750 0.083002 3.093750 0.1517 0.1517 0.1517
v 0.777745 0.084732 3.093750 0.1517 0.1517 0.1517
v 0.778481 0.084001 3.093750 0.1517 0.1517 0.1517
v 0.769266 0.085000 3.156012 0.1517 0.1517 0.1517
v 0.771250 0.083002 3.156250 0.1517 0.1517 0.1517
v 0.770258 0.084732 3.156131 0.1517 0.1517 0.1517
v 0.770984 0.084001 3.156218 0.1517 0.1517 0.1517
v 0.761766 0.085000 3.218512 0.1517 0.1517 0.1517
v 0.763750 0.083002 3.218750 0.1517 0.1517 0.1517
v 0.762758 0.084732 3.218631 0.1517 0.1517 0.1517
v 0.763484 0.084001 3.218718 0.1517 0.1517 0.1517
v 0.754266 0.085000 3.281012 0.1517 0.1517 0.1517
v 0.756250 0.083002 3.281250 0.1517 0.1517 0.1517
v 0.755258 0.084732 3.281131 0.1517 0.1517 0.1517
v 0.755984 0.084001 3.281218 0.1517 0.1517 0.1517
v 0.746766 0.085000 3.343512 0.1517 0.1517 0.1517
v 0.748750 0.083002 3.343750 0.1517 0.1517 0.1517
v 0.747758 0.084732 3.343631 0.1517 0.1517 0.1517
v 0.748484 0.084001 3.343718 0.1517 0.1517 0.1517
v 0.739266 0.085000 3.406012 0.1517 0.1517 0.1517
v 0.741250 0.083002 3.406250 0.1517 0.1517 0.1517
v 0.740258 0.084732 3.406131 0.1517 0.1517 0.1517
v 0.740984 0.084001 3.406218 0.1517 0.1517 0.1517
v 0.731766 0.085000 3.468512 0.1517 0.1517 0.1517
v 0.733750 0.083002 3.468750 0.1517 0.1517 0.1517
v 0.732758 0.084732 3.468631 0.1517 0.1517 0.1517
v 0.733484 0.084001 3.468718 0.1517 0.1517 0.1517
v 0.724266 0.085000 3.531012 0.1517 0.1517 0.1517
v 0.726250 0.083002 3.531250 0.1517 0.1517 0.1517
v 0.725258 0.084732 3.531131 0.1517 0.1517 0.1517
v 0.725984 0.084001 3.531218 0.1517 0.1517 0.1517
v 0.716766 0.085000 3.593512 0.1517 0.1517 0.1517
v 0.718750 0.083002 3.593750 0.1517 0.1517 0.1517
v 0.717758 0.084732 3.593631 0.1517 0.1517 0.1517
v 0.718484 0.084001 3.593718 0.1517 0.1517 0.1517
v 0.709266 0.085000 3.656012 0.1517 0.1517 0.1517
v 0.711250 0.083002 3.656250 0.1517 0.1517 0.1517
v 0.710258 0.084732 3.656131 0.1517 0.1517 0.1517
v 0.710984 0.084001 3.656218 0.1517 0.1517 0.1517
v 0.701766 0.085000 3.718512 0.1517 0.1517 0.1517
v 0.703750 0.083002 3.718750 0.1517 0.1517 0.1517
v 0.702758 0.084732 3.718631 0.1517 0.1517 0.1517
v 0.703484 0.084001 3.718718 0.1517 0.1517 0.1517
v 0.694266 0.085000 3.781012 0.1517 0.1517 0.1517
v 0.696250 0.083002 3.781250 0.1517 0.1517 0.1517
v 0.695258 0.084732 3.781131 0.1517 0.1517 0.1517
v 0.695984 0.084001 3.781218 0.1517 0.1517 0.1517
v 0.686766 0.085000 3.843512 0.1517 0.1517 0.1517
v 0.688750 0.083002 3.843750 0.1517 0.1517 0.1517
v 0.687758 0.084732 3.843631 0.1517 0.1517 0.1517
v 0.688484 0.084001 3.843718 0.1517 0.1517 0.1517
v 0.679267 0.085000 3.906002 0.1517 0.1517 0.1517
v 0.681250 0.083002 3.906250 0.1517 0.1517 0.1517
v 0.680259 0.084732 3.906126 0.1517 0.1517 0.1517
v 0.680984 0.084001 3.906217 0.1517 0.1517 0.1517
v 0.671145 0.085000 3.968483 0.1517 0.1517 0.1517
v 0.673125 0.083002 3.968750 0.1517 0.1517 0.1517
v 0.672135 0.084732 3.968616 0.1517 0.1517 0.1517
v 0.672860 0.084001 3.968714 0.1517 0.1517 0.1517
v 0.662398 0.085000 4.030963 0.1517 0.1517 0.1517
v 0.664375 0.083002 4.031250 0.1517 0.1517 0.1517
v 0.663386 0.084732 4.031107 0.1517 0.1517 0.1517
v 0.664110 0.084001 4.031211 0.1517 0.1517 0.1517
v 0.653025 0.085000 4.093444 0.1517 0.1517 0.1517
v 0.655000 0.083002 4.093750 0.1517 0.1517 0.1517
v 0.654013 0.084732 4.093597 0.1517 0.1517 0.1517
v 0.654735 0.084001 4.093709 0.1517 0.1517 0.1517
v 0.643027 0.085000 4.155934 0.1517 0.1517 0.1517
v 0.645000 0.083002 4.156250 0.1517 0.1517 0.1517
v 0.644013 0.084732 4.156092 0.1517 0.1517 0.1517
v 0.644736 0.084001 4.156208 0.1517 0.1517 0.1517
v 0.633027 0.085000 4.218434 0.1517 0.1517 0.1517
v 0.635000 0.083002 4.218750 0.1517 0.1517 0.1517
v 0.634013 0.084732 4.218592 0.1517 0.1517 0.1517
v 0.634736 0.084001 4.218708 0.1517 0.1517 0.1517
v 0.623027 0.085000 4.280934 0.1517 0.1517 0.1517
v 0.625000 0.083002 4.281250 0.1517 0.1517 0.1517
v 0.624013 0.084732 4.281092 0.1517 0.1517 0.1517
v 0.624736 0.084001 4.281208 0.1517 0.1517 0.1517
v 0.613027 0.085000 4.343434 0.1517 0.1517 0.1517
v 0.615000 0.083002 4.343750 0.1517 0.1517 0.1517
v 0.614013 0.084732 4.343592 0.1517 0.1517 0.1517
v 0.614736 0.084001 4.343708 0.1517 0.1517 0.1517
v 0.603025 0.085000 4.405944 0.1517 0.1517 0.1517
v 0.605000 0.083002 4.406250 0.1517 0.1517 0.1517
v 0.604013 0.084732 4.406097 0.1517 0.1517 0.1517
v 0.604735 0.084001 4.406209 0.1517 0.1517 0.1517
v 0.593647 0.085000 4.468463 0.1517 0.1517 0.1517
v 0.595625 0.083002 4.468750 0.1517 0.1517 0.1517
v 0.594636 0.084732 4.468607 0.1517 0.1517 0.1517
v 0.595360 0.084001 4.468711 0.1517 0.1517 0.1517
v 0.584895 0.085000 4.530982 0.1517 0.1517 0.1517
v 0.586875 0.083002 4.531250 0.1517 0.1517 0.1517
v 0.585885 0.084732 4.531116 0.1517 0.1517 0.1517
v 0.586610 0.084001 4.531214 0.1517 0.1517 0.1517
v 0.576767 0.085000 4.593502 0.1517 0.1517 0.1517
v 0.578750 0.083002 4.593750 0.1517 0.1517 0.1517
v 0.577759 0.084732 4.593626 0.1517 0.1517 0.1517
v 0.578484 0.084001 4.593717 0.1517 0.1517 0.1517
v 0.569267 0.085000 4.656002 0.1517 0.1517 0.1517
v 0.571250 0.083002 4.656250 0.1517 0.1517 0.1517
v 0.570259 0.084732 4.656126 0.1517 0.1517 0.1517
v 0.570984 0.084001 4.656217 0.1517 0.1517 0.1517
v 0.561145 0.085000 4.718482 0.1517 0.1517 0.1517
v 0.563125 0.083002 4.718750 0.1517 0.1517 0.1517
v 0.562135 0.084732 4.718616 0.1517 0.1517 0.1517
v 0.562860 0.084001 4.718714 0.1517 0.1517 0.1517
v 0.552397 0.085000 4.780963 0.1517 0.1517 0.1517
v 0.554375 0.083002 4.781250 0.1517 0.1517 0.1517
v 0.553386 0.084732 4.781107 0.1517 0.1517 0.1517
v 0.554110 0.084001 4.781211 0.1517 0.1517 0.1517
v 0.543025 0.085000 4.843444 0.1517 0.1517 0.1517
v 0.545000 0.083002 4.843750 0.1517 0.1517 0.1517
v 0.544013 0.084732 4.843597 0.1517 0.1517 0.1517
v 0.544735 0.084001 4.843709 0.1517 0.1517 0.1517
v 0.533031 0.085000 4.905908 0.1517 0.1517 0.1517
v 0.535000 0.083002 4.906250 0.1517 0.1517 0.1517
v 0.534016 0.084732 4.906079 0.1517 0.1517 0.1517
v 0.534736 0.084001 4.906204 0.1517 0.1517 0.1517
v 0.522418 0.085000 4.962097 0.1517 0.1517 0.1517
v 0.524375 0.083002 4.962500 0.1517 0.1517 0.1517
v 0.523396 0.084732 4.962298 0.1517 0.1517 0.1517
v 0.524113 0.084001 4.962446 0.1517 0.1517 0.1517
v 0.511185 0.085000 5.012018 0.1517 0.1517 0.1517
v 0.513125 0.083002 5.012500 0.1517 0.1517 0.1517
v 0.512155 0.084732 5.012259 0.1517 0.1517 0.1517
v 0.512865 0.084001 5.012435 0.1517 0.1517 0.1517
v 0.499336 0.085000 5.055673 0.1517 0.1517 0.1517
v 0.501250 0.083002 5.056250 0.1517 0.1517 0.1517
v 0.500293 0.084732 5.055962 0.1517 0.1517 0.1517
v 0.500994 0.084001 5.056173 0.1517 0.1517 0.1517
v 0.486864 0.085000 5.093090 0.1517 0.1517 0.1517
v 0.488750 0.083002 5.093750 0.1517 0.1517 0.1517
v 0.487807 0.084732 5.093420 0.1517 0.1517 0.1517
v 0.488497 0.084001 5.093662 0.1517 0.1517 0.1517
v 0.473134 0.085000 5.130535 0.1517 0.1517 0.1517
v 0.475000 0.083002 5.131250 0.1517 0.1517 0.1517
v 0.474067 0.084732 5.130892 0.1517 0.1517 0.1517
v 0.474750 0.084001 5.131154 0.1517 0.1517 0.1517
v 0.458155 0.085000 5.167981 0.1517 0.1517 0.1517
v 0.460000 0.083002 5.168750 0.1517 0.1517 0.1517
v 0.459078 0.084732 5.168365 0.1517 0.1517 0.1517
v 0.459753 0.084001 5.168647 0.1517 0.1517 0.1517
v 0.441928 0.085000 5.205430 0.1517 0.1517 0.1517
v 0.443750 0.083002 5.206250 0.1517 0.1517 0.1517
v 0.442839 0.084732 5.205840 0.1517 0.1517 0.1517
v 0.443506 0.084001 5.206141 0.1517 0.1517 0.1517
v 0.424483 0.085000 5.242811 0.1517 0.1517 0.1517
v 0.426250 0.083002 5.243750 0.1517 0.1517 0.1517
v 0.425367 0.084732 5.243280 0.1517 0.1517 0.1517
v 0.426013 0.084001 5.243624 0.1517 0.1517 0.1517
v 0.407751 0.085000 5.270699 0.1517 0.1517 0.1517
v 0.409375 0.083002 5.271875 0.1517 0.1517 0.1517
v 0.408563 0.084732 5.271287 0.1517 0.1517 0.1517
v 0.409158 0.084001 5.271718 0.1517 0.1517 0.1517
v 0.392662 0.085000 5.288108 0.1517 0.1517 0.1517
v 0.393125 0.083002 5.290625 0.1517 0.1517 0.1517
v 0.392894 0.084732 5.289367 0.1517 0.1517 0.1517
v 0.393063 0.084001 5.290288 0.1517 0.1517 0.1517
v 0.374486 0.085000 5.298995 0.1517 0.1517 0.1517
v 0.377500 0.083002 5.300000 0.1517 0.1517 0.1517
v 0.375993 0.084732 5.299498 0.1517 0.1517 0.1517
v 0.377095 0.084001 5.299865 0.1517 0.1517 0.1517
v 0.364478 0.085000 5.298957 0.1517 0.1517 0.1517
v 0.362500 0.083002 5.300000 0.1517 0.1517 0.1517
v 0.363489 0.084732 5.299479 0.1517 0.1517 0.1517
v 0.362766 0.084001 5.299860 0.1517 0.1517 0.1517
v 0.350875 0.085000 5.289241 0.1517 0.1517 0.1517
v 0.349375 0.083002 5.290625 0.1517 0.1517 0.1517
v 0.350125 0.084732 5.289933 0.1517 0.1517 0.1517
v 0.349576 0.084001 5.290440 0.1517 0.1517 0.1517
v 0.339951 0.085000 5.271035 0.1517 0.1517 0.1517
v 0.338125 0.083002 5.271875 0.1517 0.1517 0.1517
v 0.339038 0.084732 5.271455 0.1517 0.1517 0.1517
v 0.338370 0.084001 5.271762 0.1517 0.1517 0.1517
v 0.330685 0.085000 5.243237 0.1517 0.1517 0.1517
v 0.328750 0.083002 5.243750 0.1517 0.1517 0.1517
v 0.329718 0.084732 5.243493 0.1517 0.1517 0.1517
v 0.329009 0.084001 5.243681 0.1517 0.1517 0.1517
v 0.323209 0.085000 5.205858 0.1517 0.1517 0.1517
v 0.321250 0.083002 5.206250 0.1517 0.1517 0.1517
v 0.322230 0.084732 5.206054 0.1517 0.1517 0.1517
v 0.321513 0.084001 5.206198 0.1517 0.1517 0.1517
v 0.315709 0.085000 5.168358 0.1517 0.1517 0.1517
v 0.313750 0.083002 5.168750 0.1517 0.1517 0.1517
v 0.314730 0.084732 5.168554 0.1517 0.1517 0.1517
v 0.314013 0.084001 5.168697 0.1517 0.1517 0.1517
v 0.308209 0.085000 5.130858 0.1517 0.1517 0.1517
v 0.306250 0.083002 5.131250 0.1517 0.1517 0.1517
v 0.307230 0.084732 5.131054 0.1517 0.1517 0.1517
v 0.306513 0.084001 5.131197 0.1517 0.1517 0.1517
v 0.300709 0.085000 5.093358 0.1517 0.1517 0.1517
v 0.298750 0.083002 5.093750 0.1517 0.1517 0.1517
v 0.299730 0.084732 5.093554 0.1517 0.1517 0.1517
v 0.299013 0.084001 5.093698 0.1517 0.1517 0.1517
v 0.293223 0.085000 5.055926 0.1517 0.1517 0.1517
v 0.291250 0.083002 5.056250 0.1517 0.1517 0.1517
v 0.292236 0.084732 5.056088 0.1517 0.1517 0.1517
v 0.291514 0.084001 5.056207 0.1517 0.1517 0.1517
v 0.287614 0.085000 5.012297 0.1517 0.1517 0.1517
v 0.285625 0.083002 5.012500 0.1517 0.1517 0.1517
v 0.286619 0.084732 5.012399 0.1517 0.1517 0.1517
v 0.285891 0.084001 5.012473 0.1517 0.1517 0.1517
v 0.283871 0.085000 4.962393 0.1517 0.1517 0.1517
v 0.281875 0.083002 4.962500 0.1517 0.1517 0.1517
v 0.282873 0.084732 4.962447 0.1517 0.1517 0.1517
v 0.282142 0.084001 4.962486 0.1517 0.1517 0.1517
v 0.281998 0.085000 4.906219 0.1517 0.1517 0.1517
v 0.280000 0.083002 4.906250 0.1517 0.1517 0.1517
v 0.280999 0.084732 4.906234 0.1517 0.1517 0.1517
v 0.280268 0.084001 4.906246 0.1517 0.1517 0.1517
v 0.281998 0.085000 4.843770 0.1517 0.1517 0.1517
v 0.280000 0.083002 4.843750 0.1517 0.1517 0.1517
v 0.280999 0.084732 4.843760 0.1517 0.1517 0.1517
v 0.280268 0.084001 4.843753 0.1517 0.1517 0.1517
v 0.283247 0.085000 4.781310 0.1517 0.1517 0.1517
v 0.281250 0.083002 4.781250 0.1517 0.1517 0.1517
v 0.282249 0.084732 4.781280 0.1517 0.1517 0.1517
v 0.281518 0.084001 4.781258 0.1517 0.1517 0.1517
v 0.285746 0.085000 4.718850 0.1517 0.1517 0.1517
v 0.283750 0.083002 4.718750 0.1517 0.1517 0.1517
v 0.284748 0.084732 4.718800 0.1517 0.1517 0.1517
v 0.284017 0.084001 4.718763 0.1517 0.1517 0.1517
v 0.289493 0.085000 4.656390 0.1517 0.1517 0.1517
v 0.287500 0.083002 4.656250 0.1517 0.1517 0.1517
v 0.288497 0.084732 4.656320 0.1517 0.1517 0.1517
v 0.287767 0.084001 4.656269 0.1517 0.1517 0.1517
v 0.294493 0.085000 4.593899 0.1517 0.1517 0.1517
v 0.292500 0.083002 4.593750 0.1517 0.1517 0.1517
v 0.293496 0.084732 4.593824 0.1517 0.1517 0.1517
v 0.292767 0.084001 4.593770 0.1517 0.1517 0.1517
v 0.298869 0.085000 4.531380 0.1517 0.1517 0.1517
v 0.296875 0.083002 4.531250 0.1517 0.1517 0.1517
v 0.297872 0.084732 4.531315 0.1517 0.1517 0.1517
v 0.297142 0.084001 4.531267 0.1517 0.1517 0.1517
v 0.302620 0.085000 4.468860 0.1517 0.1517 0.1517
v 0.300625 0.083002 4.468750 0.1517 0.1517 0.1517
v 0.301623 0.084732 4.468805 0.1517 0.1517 0.1517
v 0.300892 0.084001 4.468765 0.1517 0.1517 0.1517
v 0.305746 0.085000 4.406340 0.1517 0.1517 0.1517
v 0.303750 0.083002 4.406250 0.1517 0.1517 0.1517
v 0.304748 0.084732 4.406295 0.1517 0.1517 0.1517
v 0.304017 0.084001 4.406262 0.1517 0.1517 0.1517
v 0.308246 0.085000 4.343840 0.1517 0.1517 0.1517
v 0.306250 0.083002 4.343750 0.1517 0.1517 0.1517
v 0.307248 0.084732 4.343795 0.1517 0.1517 0.1517
v 0.306517 0.084001 4.343762 0.1517 0.1517 0.1517
v 0.311370 0.085000 4.281360 0.1517 0.1517 0.1517
v 0.309375 0.083002 4.281250 0.1517 0.1517 0.1517
v 0.310373 0.084732 4.281305 0.1517 0.1517 0.1517
v 0.309642 0.084001 4.281265 0.1517 0.1517 0.1517
v 0.315119 0.085000 4.218880 0.1517 0.1517 0.1517
v 0.313125 0.083002 4.218750 0.1517 0.1517 0.1517
v 0.314122 0.084732 4.218815 0.1517 0.1517 0.1517
v 0.313392 0.084001 4.218767 0.1517 0.1517 0.1517
v 0.319493 0.085000 4.156399 0.1517 0.1517 0.1517
v 0.317500 0.083002 4.156250 0.1517 0.1517 0.1517
v 0.318496 0.084732 4.156324 0.1517 0.1517 0.1517
v 0.317767 0.084001 4.156270 0.1517 0.1517 0.1517
v 0.324493 0.085000 4.093899 0.1517 0.1517 0.1517
v 0.322500 0.083002 4.093750 0.1517 0.1517 0.1517
v 0.323496 0.084732 4.093824 0.1517 0.1517 0.1517
v 0.322767 0.084001 4.093770 0.1517 0.1517 0.1517
v 0.328869 0.085000 4.031380 0.1517 0.1517 0.1517
v 0.326875 0.083002 4.031250 0.1517 0.1517 0.1517
v 0.327872 0.084732 4.031315 0.1517 0.1517 0.1517
v 0.327142 0.084001 4.031267 0.1517 0.1517 0.1517
v 0.332620 0.085000 3.968860 0.1517 0.1517 0.1517
v 0.330625 0.083002 3.968750 0.1517 0.1517 0.1517
v 0.331623 0.084732 3.968805 0.1517 0.1517 0.1517
v 0.330892 0.084001 3.968765 0.1517 0.1517 0.1517
v 0.335746 0.085000 3.906340 0.1517 0.1517 0.1517
v 0.333750 0.083002 3.906250 0.1517 0.1517 0.1517
v 0.334748 0.084732 3.906295 0.1517 0.1517 0.1517
v 0.334017 0.084001 3.906262 0.1517 0.1517 0.1517
v 0.338246 0.085000 3.843840 0.1517 0.1517 0.1517
v 0.336250 0.083002 3.843750 0.1517 0.1517 0.1517
v 0.337248 0.084732 3.843795 0.1517 0.1517 0.1517
v 0.336517 0.084001 3.843762 0.1517 0.1517 0.1517
v 0.341370 0.085000 3.781360 0.1517 0.1517 0.1517
v 0.339375 0.083002 3.781250 0.1517 0.1517 0.1517
v 0.340373 0.084732 3.781305 0.1517 0.1517 0.1517
v 0.339642 0.084001 3.781265 0.1517 0.1517 0.1517
v 0.345119 0.085000 3.718880 0.1517 0.1517 0.1517
v 0.343125 0.083002 3.718750 0.1517 0.1517 0.1517
v 0.344122 0.084732 3.718815 0.1517 0.1517 0.1517
v 0.343392 0.084001 3.718767 0.1517 0.1517 0.1517
v 0.349493 0.085000 3.656399 0.1517 0.1517 0.1517
v 0.347500 0.083002 3.656250 0.1517 0.1517 0.1517
v 0.348496 0.084732 3.656325 0.1517 0.1517 0.1517
v 0.347767 0.084001 3.656270 0.1517 0.1517 0.1517
v 0.354493 0.085000 3.593899 0.1517 0.1517 0.1517
v 0.352500 0.083002 3.593750 0.1517 0.1517 0.1517
v 0.353496 0.084732 3.593825 0.1517 0.1517 0.1517
v 0.352767 0.084001 3.593770 0.1517 0.1517 0.1517
v 0.358869 0.085000 3.531380 0.1517 0.1517 0.1517
v 0.356875 0.083002 3.531250 0.1517 0.1517 0.1517
v 0.357872 0.084732 3.531315 0.1517 0.1517 0.1517
v 0.357142 0.084001 3.531267 0.1517 0.1517 0.1517
v 0.362620 0.085000 3.468860 0.1517 0.1517 0.1517
v 0.360625 0.083002 3.468750 0.1517 0.1517 0.1517
v 0.361623 0.084732 3.468805 0.1517 0.1517 0.1517
v 0.360892 0.084001 3.468765 0.1517 0.1517 0.1517
v 0.365746 0.085000 3.406340 0.1517 0.1517 0.1517
v 0.363750 0.083002 3.406250 0.1517 0.1517 0.1517
v 0.364748 0.084732 3.406295 0.1517 0.1517 0.1517
v 0.364017 0.084001 3.406262 0.1517 0.1517 0.1517
v 0.368248 0.085000 3.343800 0.1517 0.1517 0.1517
v 0.366250 0.083002 3.343750 0.1517 0.1517 0.1517
v 0.367249 0.084732 3.343775 0.1517 0.1517 0.1517
v 0.366518 0.084001 3.343757 0.1517 0.1517 0.1517
v 0.368873 0.085000 3.281240 0.1517 0.1517 0.1517
v 0.366875 0.083002 3.281250 0.1517 0.1517 0.1517
v 0.367874 0.084732 3.281245 0.1517 0.1517 0.1517
v 0.367143 0.084001 3.281249 0.1517 0.1517 0.1517
v 0.367622 0.085000 3.218680 0.1517 0.1517 0.1517
v 0.365625 0.083002 3.218750 0.1517 0.1517 0.1517
v 0.366624 0.084732 3.218715 0.1517 0.1517 0.1517
v 0.365893 0.084001 3.218741 0.1517 0.1517 0.1517
v 0.364494 0.085000 3.156120 0.1517 0.1517 0.1517
v 0.362500 0.083002 3.156250 0.1517 0.1517 0.1517
v 0.363497 0.084732 3.156185 0.1517 0.1517 0.1517
v 0.362767 0.084001 3.156233 0.1517 0.1517 0.1517
v 0.359487 0.085000 3.093527 0.1517 0.1517 0.1517
v 0.357500 0.083002 3.093750 0.1517 0.1517 0.1517
v 0.358493 0.084732 3.093639 0.1517 0.1517 0.1517
v 0.357766 0.084001 3.093720 0.1517 0.1517 0.1517
v 0.351341 0.085000 3.037137 0.1517 0.1517 0.1517
v 0.349375 0.083002 3.037500 0.1517 0.1517 0.1517
v 0.350358 0.084732 3.037318 0.1517 0.1517 0.1517
v 0.349638 0.084001 3.037451 0.1517 0.1517 0.1517
v 0.340053 0.085000 2.986968 0.1517 0.1517 0.1517
v 0.338125 0.083002 2.987500 0.1517 0.1517 0.1517
v 0.339089 0.084732 2.987234 0.1517 0.1517 0.1517
v 0.338383 0.084001 2.987429 0.1517 0.1517 0.1517
v 0.325611 0.085000 2.943013 0.1517 0.1517 0.1517
v 0.323750 0.083002 2.943750 0.1517 0.1517 0.1517
v 0.324681 0.084732 2.943381 0.1517 0.1517 0.1517
v 0.323999 0.084001 2.943651 0.1517 0.1517 0.1517
v 0.308016 0.085000 2.905309 0.1517 0.1517 0.1517
v 0.306250 0.083002 2.906250 0.1517 0.1517 0.1517
v 0.307133 0.084732 2.905779 0.1517 0.1517 0.1517
v 0.306487 0.084001 2.906124 0.1517 0.1517 0.1517
v 0.286033 0.085000 2.868881 0.1517 0.1517 0.1517
v 0.284375 0.083002 2.870000 0.1517 0.1517 0.1517
v 0.285204 0.084732 2.869440 0.1517 0.1517 0.1517
v 0.284597 0.084001 2.869850 0.1517 0.1517 0.1517
v 0.259668 0.085000 2.833727 0.1517 0.1517 0.1517
v 0.258125 0.083002 2.835000 0.1517 0.1517 0.1517
v 0.258896 0.084732 2.834363 0.1517 0.1517 0.1517
v 0.258332 0.084001 2.834830 0.1517 0.1517 0.1517
v 0.228923 0.085000 2.799845 0.1517 0.1517 0.1517
v 0.227500 0.083002 2.801250 0.1517 0.1517 0.1517
v 0.228212 0.084732 2.800547 0.1517 0.1517 0.1517
v 0.227691 0.084001 2.801062 0.1517 0.1517 0.1517
v 0.193838 0.085000 2.767266 0.1517 0.1517 0.1517
v 0.192500 0.083002 2.768750 0.1517 0.1517 0.1517
v 0.193169 0.084732 2.768008 0.1517 0.1517 0.1517
v 0.192679 0.084001 2.768551 0.1517 0.1517 0.1517
v 0.158793 0.085000 2.736601 0.1517 0.1517 0.1517
v 0.157500 0.083002 2.738125 0.1517 0.1517 0.1517
v 0.158146 0.084732 2.737363 0.1517 0.1517 0.1517
v 0.157673 0.084001 2.737921 0.1517 0.1517 0.1517
v 0.123750 0.085000 2.707802 0.1517 0.1517 0.1517
v 0.122500 0.083002 2.709375 0.1517 0.1517 0.1517
v 0.123125 0.084732 2.708588 0.1517 0.1517 0.1517
v 0.122667 0.084001 2.709164 0.1517 0.1517 0.1517
v 0.089221 0.085000 2.681288 0.1517 0.1517 0.1517
v 0.087500 0.083002 2.682500 0.1517 0.1517 0.1517
v 0.088361 0.084732 2.681894 0.1517 0.1517 0.1517
v 0.087731 0.084001 2.682338 0.1517 0.1517 0.1517
v 0.053396 0.085000 2.655698 0.1517 0.1517 0.1517
v 0.052500 0.083002 2.657500 0.1517 0.1517 0.1517
v 0.052948 0.084732 2.656599 0.1517 0.1517 0.1517
v 0.052620 0.084001 2.657259 0.1517 0.1517 0.1517
v 0.017846 0.085000 2.643002 0.1517 0.1517 0.1517
v 0.017500 0.083002 2.645000 0.1517 0.1517 0.1517
v 0.017673 0.084732 2.644001 0.1517 0.1517 0.1517
v 0.017546 0.084001 2.644732 0.1517 0.1517 0.1517
v -0.017846 0.085000 2.643002 0.1517 0.1517 0.1517
v -0.017500 0.083002 2.645000 0.1517 0.1517 0.1517
v -0.017673 0.084732 2.644001 0.1517 0.1517 0.1517
v -0.017546 0.084001 2.644732 0.1517 0.1517 0.1517
v -0.053396 0.085000 2.655698 0.1517 0.1517 0.1517
v -0.052500 0.083002 2.657500 0.1517 0.1517 0.1517
v -0.052948 0.084732 2.656599 0.1517 0.1517 0.1517
v -0.052620 0.084001 2.657259 0.1517 0.1517 0.1517
v -0.089221 0.085000 2.681288 0.1517 0.1517 0.1517
v -0.087500 0.083002 2.682500 0.1517 0.1517 0.1517
v -0.088361 0.084732 2.681894 0.1517 0.1517 0.1517
v -0.087731 0.084001 2.682338 0.1517 0.1517 0.1517
v -0.123750 0.085000 2.707802 0.1517 0.1517 0.1517
v -0.122500 0.083002 2.709375 0.1517 0.1517 0.1517
v -0.123125 0.084732 2.708588 0.1517 0.1517 0.1517
v -0.122667 0.084001 2.709164 0.1517 0.1517 0.1517
v -0.158793 0.085000 2.736601 0.1517 0.1517 0.1517
v -0.157500 0.083002 2.738125 0.1517 0.1517 0.1517
v -0.158146 0.084732 2.737363 0.1517 0.1517 0.1517
v -0.157673 0.084001 2.737921 0.1517 0.1517 0.1517
v -0.193838 0.085000 2.767266 0.1517 0.1517 0.1517
v -0.192500 0.083002 2.768750 0.1517 0.1517 0.1517
v -0.193169 0.084732 2.768008 0.1517 0.1517 0.1517
v -0.192679 0.084001 2.768551 0.1517 0.1517 0.1517
v -0.228923 0.085000 2.799845 0.1517 0.1517 0.1517
v -0.227500 0.083002 2.801250 0.1517 0.1517 0.1517
v -0.228212 0.084732 2.800547 0.1517 0.1517 0.1517
v -0.227691 0.084001 2.801062 0.1517 0.1517 0.1517
v -0.259668 0.085000 2.833727 0.1517 0.1517 0.1517
v -0.258125 0.083002 2.835000 0.1517 0.1517 0.1517
v -0.258896 0.084732 2.834363 0.1517 0.1517 0.1517
v -0.258332 0.084001 2.834830 0.1517 0.1517 0.1517
v -0.286033 0.085000 2.868881 0.1517 0.1517 0.1517
v -0.284375 0.083002 2.870000 0.1517 0.1517 0.1517
v -0.285204 0.084732 2.869440 0.1517 0.1517 0.1517
v -0.284597 0.084001 2.869850 0.1517 0.1517 0.1517
v -0.308016 0.085000 2.905309 0.1517 0.1517 0.1517
v -0.306250 0.083002 2.906250 0.1517 0.1517 0.1517
v -0.307133 0.084732 2.905779 0.1517 0.1517 0.1517
v -0.306487 0.084001 2.906124 0.1517 0.1517 0.1517
v -0.325611 0.085000 2.943013 0.1517 0.1517 0.1517
v -0.323750 0.083002 2.943750 0.1517 0.1517 0.1517
v -0.324681 0.084732 2.943381 0.1517 0.1517 0.1517
v -0.323999 0.084001 2.943651 0.1517 0.1517 0.1517
v -0.340053 0.085000 2.986968 0.1517 0.1517 0.1517
v -0.338125 0.083002 2.987500 0.1517 0.1517 0.1517
v -0.339089 0.084732 2.987234 0.1517 0.1517 0.1517
v -0.338383 0.084001 2.987429 0.1517 0.1517 0.1517
v -0.351341 0.085000 3.037137 0.1517 0.1517 0.1517
v -0.349375 0.083002 3.037500 0.1517 0.1517 0.1517
v -0.350358 0.084732 3.037318 0.1517 0.1517 0.1517
v -0.349638 0.084001 3.037451 0.1517 0.1517 0.1517
v -0.359487 0.085000 3.093527 0.1517 0.1517 0.1517
v -0.357500 0.083002 3.093750 0.1517 0.1517 0.1517
v -0.358493 0.084732 3.093639 0.1517 0.1517 0.1517
v -0.357766 0.084001 3.093720 0.1517 0.1517 0.1517
v -0.364494 0.085000 3.156120 0.1517 0.1517 0.1517
v -0.362500 0.083002 3.156250 0.1517 0.1517 0.1517
v -0.363497 0.084732 3.156185 0.1517 0.1517 0.1517
v -0.362767 0.084001 3.156233 0.1517 0.1517 0.1517
v -0.367622 0.085000 3.218680 0.1517 0.1517 0.1517
v -0.365625 0.083002 3.218750 0.1517 0.1517 0.1517
v -0.366624 0.084732 3.218715 0.1517 0.1517 0.1517
v -0.365893 0.084001 3.218741 0.1517 0.1517 0.1517
v -0.368873 0.085000 3.281240 0.1517 0.1517 0.1517
v -0.366875 0.083002 3.281250 0.1517 0.1517 0.1517
v -0.367874 0.084732 3.281245 0.1517 0.1517 0.1517
v -0.367143 0.084001 3.281249 0.1517 0.1517 0.1517
v -0.368248 0.085000 3.343800 0.1517 0.1517 0.1517
v -0.366250 0.083002 3.343750 0.1517 0.1517 0.1517
v -0.367249 0.084732 3.343775 0.1517 0.1517 0.1517
v -0.366518 0.084001 3.343757 0.1517 0.1517 0.1517
v -0.365746 0.085000 3.406340 0.1517 0.1517 0.1517
v -0.363750 0.083002 3.406250 0.1517 0.1517 0.1517
v -0.364748 0.084732 3.406295 0.1517 0.1517 0.1517
v -0.364017 0.084001 3.406262 0.1517 0.1517 0.1517
v -0.362620 0.085000 3.468860 0.1517 0.1517 0.1517
v -0.360625 0.083002 3.468750 0.1517 0.1517 0.1517
v -0.361623 0.084732 3.468805 0.1517 0.1517 0.1517
v -0.360892 0.084001 3.468765 0.1517 0.1517 0.1517
v -0.358869 0.085000 3.531380 0.1517 0.1517 0.1517
v -0.356875 0.083002 3.531250 0.1517 0.1517 0.1517
v -0.357872 0.084732 3.531315 0.1517 0.1517 0.1517
v -0.357142 0.084001 3.531267 0.1517 0.1517 0.1517
v -0.354493 0.085000 3.593899 0.1517 0.1517 0.1517
v -0.352500 0.083002 3.593750 0.1517 0.1517 0.1517
v -0.353496 0.084732 3.593825 0.1517 0.1517 0.1517
v -0.352767 0.084001 3.593770 0.1517 0.1517 0.1517
v -0.349493 0.085000 3.656399 0.1517 0.1517 0.1517
v -0.347500 0.083002 3.656250 0.1517 0.1517 0.1517
v -0.348496 0.084732 3.656325 0.1517 0.1517 0.1517
v -0.347767 0.084001 3.656270 0.1517 0.1517 0.1517
v -0.345119 0.085000 3.718880 0.1517 0.1517 0.1517
v -0.343125 0.083002 3.718750 0.1517 0.1517 0.1517
v -0.344122 0.084732 3.718815 0.1517 0.1517 0.1517
v -0.343392 0.084001 3.718767 0.1517 0.1517 0.1517
v -0.341370 0.085000 3.781360 0.1517 0.1517 0.1517
v -0.339375 0.083002 3.781250 0.1517 0.1517 0.1517
v -0.340373 0.084732 3.781305 0.1517 0.1517 0.1517
v -0.339642 0.084001 3.781265 0.1517 0.1517 0.1517
v -0.338246 0.085000 3.843840 0.1517 0.1517 0.1517
v -0.336250 0.083002 3.843750 0.1517 0.1517 0.1517
v -0.337248 0.084732 3.843795 0.1517 0.1517 0.1517
v -0.336517 0.084001 3.843762 0.1517 0.1517 0.1517
v -0.335746 0.085000 3.906340 0.1517 0.1517 0.1517
v -0.333750 0.083002 3.906250 0.1517 0.1517 0.1517
v -0.334748 0.084732 3.906295 0.1517 0.1517 0.1517
v -0.334017 0.084001 3.906262 0.1517 0.1517 0.1517
v -0.332620 0.085000 3.968860 0.1517 0.1517 0.1517
v -0.330625 0.083002 3.968750 0.1517 0.1517 0.1517
v -0.331623 0.084732 3.968805 0.1517 0.1517 0.1517
v -0.330892 0.084001 3.968765 0.1517 0.1517 0.1517
v -0.328869 0.085000 4.031380 0.1517 0.1517 0.1517
v -0.326875 0.083002 4.031250 0.1517 0.1517 0.1517
v -0.327872 0.084732 4.031315 0.1517 0.1517 0.1517
v -0.327142 0.084001 4.031267 0.1517 0.1517 0.1517
v -0.324493 0.085000 4.093899 0.1517 0.1517 0.1517
v -0.322500 0.083002 4.093750 0.1517 0.1517 0.1517
v -0.323496 0.084732 4.093824 0.1517 0.1517 0.1517
v -0.322767 0.084001 4.093770 0.1517 0.1517 0.1517
v -0.319493 0.085000 4.156399 0.1517 0.1517 0.1517
v -0.317500 0.083002 4.156250 0.1517 0.1517 0.1517
v -0.318496 0.084732 4.156324 0.1517 0.1517 0.1517
v -0.317767 0.084001 4.156270 0.1517 0.1517 0.1517
v -0.315119 0.085000 4.218880 0.1517 0.1517 0.1517
v -0.313125 0.083002 4.218750 0.1517 0.1517 0.1517
v -0.314122 0.084732 4.218815 0.1517 0.1517 0.1517
v -0.313392 0.084001 4.218767 0.1517 0.1517 0.1517
v -0.311370 0.085000 4.281360 0.1517 0.1517 0.1517
v -0.309375 0.083002 4.281250 0.1517 0.1517 0.1517
v -0.310373 0.084732 4.281305 0.1517 0.1517 0.1517
v -0.309642 0.084001 4.281265 0.1517 0.1517 0.1517
v -0.308246 0.085000 4.343840 0.1517 0.1517 0.1517
v -0.306250 0.083002 4.343750 0.1517 0.1517 0.1517
v -0.307248 0.084732 4.343795 0.1517 0.1517 0.1517
v -0.306517 0.084001 4.343762 0.1517 0.1517 0.1517
v -0.305746 0.085000 4.406340 0.1517 0.1517 0.1517
v -0.303750 0.083002 4.406250 0.1517 0.1517 0.1517
v -0.304748 0.084732 4.406295 0.1517 0.1517 0.1517
v -0.304017 0.084001 4.406262 0.1517 0.1517 0.1517
v -0.302620 0.085000 4.468860 0.1517 0.1517 0.1517
v -0.300625 0.083002 4.468750 0.1517 0.1517 0.1517
v -0.301623 0.084732 4.468805 0.1517 0.1517 0.1517
v -0.300892 0.084001 4.468765 0.1517 0.1517 0.1517
v -0.298869 0.085000 4.531380 0.1517 0.1517 0.1517
v -0.296875 0.083002 4.531250 0.1517 0.1517 0.1517
v -0.297872 0.084732 4.531315 0.1517 0.1517 0.1517
v -0.297142 0.084001 4.531267 0.1517 0.1517 0.1517
v -0.294493 0.085000 4.593899 0.1517 0.1517 0.1517
v -0.292500 0.083002 4.593750 0.1517 0.1517 0.1517
v -0.293496 0.084732 4.593824 0.1517 0.1517 0.1517
v -0.292767 0.084001 4.593770 0.1517 0.1517 0.1517
v -0.289493 0.085000 4.656390 0.1517 0.1517 0.1517
v -0.287500 0.083002 4.656250 0.1517 0.1517 0.1517
v -0.288497 0.084732 4.656320 0.1517 0.1517 0.1517
v -0.287767 0.084001 4.656269 0.1517 0.1517 0.1517
v -0.285746 0.085000 4.718850 0.1517 0.1517 0.1517
v -0.283750 0.083002 4.718750 0.1517 0.1517 0.1517
v -0.284748 0.084732 4.718800 0.1517 0.1517 0.1517
v -0.284017 0.084001 4.718763 0.1517 0.1517 0.1517
v -0.283247 0.085000 4.781310 0.1517 0.1517 0.1517
v -0.281250 0.083002 4.781250 0.1517 0.1517 0.1517
v -0.282249 0.084732 4.781280 0.1517 0.1517 0.1517
v -0.281518 0.084001 4.781258 0.1517 0.1517 0.1517
v -0.281998 0.085000 4.843770 0.1517 0.1517 0.1517
v -0.280000 0.083002 4.843750 0.1517 0.1517 0.1517
v -0.280999 0.084732 4.843760 0.1517 0.1517 0.1517
v -0.280268 0.084001 4.843753 0.1517 0.1517 0.1517
v -0.281998 0.085000 4.906219 0.1517 0.1517 0.1517
v -0.280000 0.083002 4.906250 0.1517 0.1517 0.1517
v -0.280999 0.084732 4.906234 0.1517 0.1517 0.1517
v -0.280268 0.084001 4.906246 0.1517 0.1517 0.1517
v -0.283871 0.085000 4.962393 0.1517 0.1517 0.1517
v -0.281875 0.083002 4.962500 0.1517 0.1517 0.1517
v -0.282873 0.084732 4.962447 0.1517 0.1517 0.1517
v -0.282142 0.084001 4.962486 0.1517 0.1517 0.1517
v -0.287614 0.085000 5.012297 0.1517 0.1517 0.1517
v -0.285625 0.083002 5.012500 0.1517 0.1517 0.1517
v -0.286619 0.084732 5.012399 0.1517 0.1517 0.1517
v -0.285891 0.084001 5.012473 0.1517 0.1517 0.1517
v -0.293223 0.085000 5.055926 0.1517 0.1517 0.1517
v -0.291250 0.083002 5.056250 0.1517 0.1517 0.1517
v -0.292236 0.084732 5.056088 0.1517 0.1517 0.1517
v -0.291514 0.084001 5.056207 0.1517 0.1517 0.1517
v -0.300709 0.085000 5.093358 0.1517 0.1517 0.1517
v -0.298750 0.083002 5.093750 0.1517 0.1517 0.1517
v -0.299730 0.084732 5.093554 0.1517 0.1517 0.1517
v -0.299013 0.084001 5.093698 0.1517 0.1517 0.1517
v -0.308209 0.085000 5.130858 0.1517 0.1517 0.1517
v -0.306250 0.083002 5.131250 0.1517 0.1517 0.1517
v -0.307230 0.084732 5.131054 0.1517 0.1517 0.1517
v -0.306513 0.084001 5.131197 0.1517 0.1517 0.1517
v -0.315709 0.085000 5.168358 0.1517 0.1517 0.1517
v -0.313750 0.083002 5.168750 0.1517 0.1517 0.1517
v -0.314730 0.084732 5.168554 0.1517 0.1517 0.1517
v -0.314013 0.084001 5.168697 0.1517 0.1517 0.1517
v -0.323209 0.085000 5.205858 0.1517 0.1517 0.1517
v -0.321250 0.083002 5.206250 0.1517 0.1517 0.1517
v -0.322230 0.084732 5.206054 0.1517 0.1517 0.1517
v -0.321513 0.084001 5.206198 0.1517 0.1517 0.1517
v -0.330685 0.085000 5.243237 0.1517 0.1517 0.1517
v -0.328750 0.083002 5.243750 0.1517 0.1517 0.1517
v -0.329718 0.084732 5.243493 0.1517 0.1517 0.1517
v -0.329009 0.084001 5.243681 0.1517 0.1517 0.1517
v -0.339951 0.085000 5.271035 0.1517 0.1517 0.1517
v -0.338125 0.083002 5.271875 0.1517 0.1517 0.1517
v -0.339038 0.084732 5.271455 0.1517 0.1517 0.1517
v -0.338370 0.084001 5.271762 0.1517 0.1517 0.1517
v -0.350875 0.085000 5.289241 0.1517 0.1517 0.1517
v -0.349375 0.083002 5.290625 0.1517 0.1517 0.1517
v -0.350125 0.084732 5.289933 0.1517 0.1517 0.1517
v -0.349576 0.084001 5.290440 0.1517 0.1517 0.1517
v -0.364478 0.085000 5.298957 0.1517 0.1517 0.1517
v -0.362500 0.083002 5.300000 0.1517 0.1517 0.1517
v -0.363489 0.084732 5.299479 0.1517 0.1517 0.1517
v -0.362766 0.084001 5.299860 0.1517 0.1517 0.1517
v -0.374486 0.085000 5.298995 0.1517 0.1517 0.1517
v -0.377500 0.083002 5.300000 0.1517 0.1517 0.1517
v -0.375993 0.084732 5.299498 0.1517 0.1517 0.1517
v -0.377095 0.084001 5.299865 0.1517 0.1517 0.1517
v -0.392662 0.085000 5.288108 0.1517 0.1517 0.1517
v -0.393125 0.083002 5.290625 0.1517 0.1517 0.1517
v -0.392894 0.084732 5.289367 0.1517 0.1517 0.1517
v -0.393063 0.084001 5.290288 0.1517 0.1517 0.1517
v -0.407751 0.085000 5.270699 0.1517 0.1517 0.1517
v -0.409375 0.083002 5.271875 0.1517 0.1517 0.1517
v -0.408563 0.084732 5.271287 0.1517 0.1517 0.1517
v -0.409158 0.084001 5.271718 0.1517 0.1517 0.1517
v -0.424483 0.085000 5.242811 0.1517 0.1517 0.1517
v -0.426250 0.083002 5.243750 0.1517 0.1517 0.1517
v -0.425367 0.084732 5.243280 0.1517 0.1517 0.1517
v -0.426013 0.084001 5.243624 0.1517 0.1517 0.1517
v -0.441928 0.085000 5.205430 0.1517 0.1517 0.1517
v -0.443750 0.083002 5.206250 0.1517 0.1517 0.1517
v -0.442839 0.084732 5.205840 0.1517 0.1517 0.1517
v -0.443506 0.084001 5.206141 0.1517 0.1517 0.1517
v -0.458155 0.085000 5.167981 0.1517 0.1517 0.1517
v -0.460000 0.083002 5.168750 0.1517 0.1517 0.1517
v -0.459078 0.084732 5.168365 0.1517 0.1517 0.1517
v -0.459753 0.084001 5.168647 0.1517 0.1517 0.1517
v -0.473134 0.085000 5.130535 0.1517 0.1517 0.1517
v -0.475000 0.083002 5.131250 0.1517 0.1517 0.1517
v -0.474067 0.084732 5.130892 0.1517 0.1517 0.1517
v -0.474750 0.084001 5.131154 0.1517 0.1517 0.1517
v -0.486864 0.085000 5.093090 0.1517 0.1517 0.1517
v -0.488750 0.083002 5.093750 0.1517 0.1517 0.1517
v -0.487807 0.084732 5.093420 0.1517 0.1517 0.1517
v -0.488497 0.084001 5.093662 0.1517 0.1517 0.1517
v -0.499336 0.085000 5.055673 0.1517 0.1517 0.1517
v -0.501250 0.083002 5.056250 0.1517 0.1517 0.1517
v -0.500293 0.084732 5.055962 0.1517 0.1517 0.1517
v -0.500994 0.084001 5.056173 0.1517 0.1517 0.1517
v -0.511185 0.085000 5.012018 0.1517 0.1517 0.1517
v -0.513125 0.083002 5.012500 0.1517 0.1517 0.1517
v -0.512155 0.084732 5.012259 0.1517 0.1517 0.1517
v -0.512865 0.084001 5.012435 0.1517 0.1517 0.1517
v -0.522418 0.085000 4.962097 0.1517 0.1517 0.1517
v -0.524375 0.083002 4.962500 0.1517 0.1517 0.1517
v -0.523396 0.084732 4.962298 0.1517 0.1517 0.1517
v -0.524113 0.084001 4.962446 0.1517 0.1517 0.1517
v -0.533031 0.085000 4.905908 0.1517 0.1517 0.1517
v -0.535000 0.083002 4.906250 0.1517 0.1517 0.1517
v -0.534016 0.084732 4.906079 0.1517 0.1517 0.1517
v -0.534736 0.084001 4.906204 0.1517 0.1517 0.1517
v -0.543025 0.085000 4.843444 0.1517 0.1517 0.1517
v -0.545000 0.083002 4.843750 0.1517 0.1517 0.1517
v -0.544013 0.084732 4.843597 0.1517 0.1517 0.1517
v -0.544735 0.084001 4.843709 0.1517 0.1517 0.1517
v -0.552397 0.085000 4.780963 0.1517 0.1517 0.1517
v -0.554375 0.083002 4.781250 0.1517 0.1517 0.1517
v -0.553386 0.084732 4.781107 0.1517 0.1517 0.1517
v -0.554110 0.084001 4.781211 0.1517 0.1517 0.1517
v -0.561145 0.085000 4.718482 0.1517 0.1517 0.1517
v -0.563125 0.083002 4.718750 0.1517 0.1517 0.1517
v -0.562135 0.084732 4.718616 0.1517 0.1517 0.1517
v -0.562860 0.084001 4.718714 0.1517 0.1517 0.1517
v -0.569267 0.085000 4.656002 0.1517 0.1517 0.1517
v -0.571250 0.083002 4.656250 0.1517 0.1517 0.1517
v -0.570259 0.084732 4.656126 0.1517 0.1517 0.1517
v -0.570984 0.084001 4.656217 0.1517 0.1517 0.1517
v -0.576767 0.085000 4.593502 0.1517 0.1517 0.1517
v -0.578750 0.083002 4.593750 0.1517 0.1517 0.1517
v -0.577759 0.084732 4.593626 0.1517 0.1517 0.1517
v -0.578484 0.084001 4.593717 0.1517 0.1517 0.1517
v -0.584895 0.085000 4.530982 0.1517 0.1517 0.1517
v -0.586875 0.083002 4.531250 0.1517 0.1517 0.1517
v -0.585885 0.084732 4.531116 0.1517 0.1517 0.1517
v -0.586610 0.084001 4.531214 0.1517 0.1517 0.1517
v -0.593647 0.085000 4.468463 0.1517 0.1517 0.1517
v -0.595625 0.083002 4.468750 0.1517 0.1517 0.1517
v -0.594636 0.084732 4.468607 0.1517 0.1517 0.1517
v -0.595360 0.084001 4.468711 0.1517 0.1517 0.1517
v -0.603025 0.085000 4.405944 0.1517 0.1517 0.1517
v -0.605000 0.083002 4.406250 0.1517 0.1517 0.1517
v -0.604013 0.084732 4.406097 0.1517 0.1517 0.1517
v -0.604735 0.084001 4.406209 0.1517 0.1517 0.1517
v -0.613027 0.085000 4.343434 0.1517 0.1517 0.1517
v -0.615000 0.083002 4.343750 0.1517 0.1517 0.1517
v -0.614013 0.084732 4.343592 0.1517 0.1517 0.1517
v -0.614736 0.084001 4.343708 0.1517 0.1517 0.1517
v -0.623027 0.085000 4.280934 0.1517 0.1517 0.1517
v -0.625000 0.083002 4.281250 0.1517 0.1517 0.1517
v -0.624013 0.084732 4.281092 0.1517 0.1517 0.1517
v -0.624736 0.084001 4.281208 0.1517 0.1517 0.1517
v -0.633027 0.085000 4.218434 0.1517 0.1517 0.1517
v -0.635000 0.083002 4.218750 0.1517 0.1517 0.1517
v -0.634013 0.084732 4.218592 0.1517 0.1517 0.1517
v -0.634736 0.084001 4.218708 0.1517 0.1517 0.1517
v -0.643027 0.085000 4.155934 0.1517 0.1517 0.1517
v -0.645000 0.083002 4.156250 0.1517 0.1517 0.1517
v -0.644013 0.084732 4.156092 0.1517 0.1517 0.1517
v -0.644736 0.084001 4.156208 0.1517 0.1517 0.1517
v -0.653025 0.085000 4.093444 0.1517 0.1517 0.1517
v -0.655000 0.083002 4.093750 0.1517 0.1517 0.1517
v -0.654013 0.084732 4.093597 0.1517 0.1517 0.1517
v -0.654735 0.084001 4.093709 0.1517 0.1517 0.1517
v -0.662398 0.085000 4.030963 0.1517 0.1517 0.1517
v -0.664375 0.083002 4.031250 0.1517 0.1517 0.1517
v -0.663386 0.084732 4.031107 0.1517 0.1517 0.1517
v -0.664110 0.084001 4.031211 0.1517 0.1517 0.1517
v -0.671145 0.085000 3.968483 0.1517 0.1517 0.1517
v -0.673125 0.083002 3.968750 0.1517 0.1517 0.1517
v -0.672135 0.084732 3.968616 0.1517 0.1517 0.1517
v -0.672860 0.084001 3.968714 0.1517 0.1517 0.1517
v -0.679267 0.085000 3.906002 0.1517 0.1517 0.1517
v -0.681250 0.083002 3.906250 0.1517 0.1517 0.1517
v -0.680259 0.084732 3.906126 0.1517 0.1517 0.1517
v -0.680984 0.084001 3.906217 0.1517 0.1517 0.1517
v -0.686766 0.085000 3.843512 0.1517 0.1517 0.1517
v -0.688750 0.083002 3.843750 0.1517 0.1517 0.1517
v -0.687758 0.084732 3.843631 0.1517 0.1517 0.1517
v -0.688484 0.084001 3.843718 0.1517 0.1517 0.1517
v -0.694266 0.085000 3.781012 0.1517 0.1517 0.1517
v -0.696250 0.083002 3.781250 0.1517 0.1517 0.1517
v -0.695258 0.084732 3.781131 0.1517 0.1517 0.1517
v -0.695984 0.084001 3.781218 0.1517 0.1517 0.1517
v -0.701766 0.085000 3.718512 0.1517 0.1517 0.1517
v -0.703750 0.083002 3.718750 0.1517 0.1517 0.1517
v -0.702758 0.084732 3.718631 0.1517 0.1517 0.1517
v -0.703484 0.084001 3.718718 0.1517 0.1517 0.1517
v -0.709266 0.085000 3.656012 0.1517 0.1517 0.1517
v -0.711250 0.083002 3.656250 0.1517 0.1517 0.1517
v -0.710258 0.084732 3.656131 0.1517 0.1517 0.1517
v -0.710984 0.084001 3.656218 0.1517 0.1517 0.1517
v -0.716766 0.085000 3.593512 0.1517 0.1517 0.1517
v -0.718750 0.083002 3.593750 0.1517 0.1517 0.1517
v -0.717758 0.084732 3.593631 0.1517 0.1517 0.1517
v -0.718484 0.084001 3.593718 0.1517 0.1517 0.1517
v -0.724266 0.085000 3.531012 0.1517 0.1517 0.1517
v -0.726250 0.083002 3.531250 0.1517 0.1517 0.1517
v -0.725258 0.084732 3.531131 0.1517 0.1517 0.1517
v -0.725984 0.084001 3.531218 0.1517 0.1517 0.1517
v -0.731766 0.085000 3.468512 0.1517 0.1517 0.1517
v -0.733750 0.083002 3.468750 0.1517 0.1517 0.1517
v -0.732758 0.084732 3.468631 0.1517 0.1517 0.1517
v -0.733484 0.084001 3.468718 0.1517 0.1517 0.1517
v -0.739266 0.085000 3.406012 0.1517 0.1517 0.1517
v -0.741250 0.083002 3.406250 0.1517 0.1517 0.1517
v -0.740258 0.084732 3.406131 0.1517 0.1517 0.1517
v -0.740984 0.084001 3.406218 0.1517 0.1517 0.1517
v -0.746766 0.085000 3.343512 0.1517 0.1517 0.1517
v -0.748750 0.083002 3.343750 0.1517 0.1517 0.1517
v -0.747758 0.084732 3.343631 0.1517 0.1517 0.1517
v -0.748484 0.084001 3.343718 0.1517 0.1517 0.1517
v -0.754266 0.085000 3.281012 0.1517 0.1517 0.1517
v -0.756250 0.083002 3.281250 0.1517 0.1517 0.1517
v -0.755258 0.084732 3.281131 0.1517 0.1517 0.1517
v -0.755984 0.084001 3.281218 0.1517 0.1517 0.1517
v -0.761766 0.085000 3.218512 0.1517 0.1517 0.1517
v -0.763750 0.083002 3.218750 0.1517 0.1517 0.1517
v -0.762758 0.084732 3.218631 0.1517 0.1517 0.1517
v -0.763484 0.084001 3.218718 0.1517 0.1517 0.1517
v -0.769266 0.085000 3.156012 0.1517 0.1517 0.1517
v -0.771250 0.083002 3.156250 0.1517 0.1517 0.1517
v -0.770258 0.084732 3.156131 0.1517 0.1517 0.1517
v -0.770984 0.084001 3.156218 0.1517 0.1517 0.1517
v -0.776740 0.085000 3.093750 0.1517 0.1517 0.1517
v -0.778750 0.083002 3.093750 0.1517 0.1517 0.1517
v -0.777745 0.084732 3.093750 0.1517 0.1517 0.1517
v -0.778481 0.084001 3.093750 0.1517 0.1517 0.1517
v -0.783008 0.085000 3.031071 0.1517 0.1517 0.1517
v -0.785000 0.083002 3.031250 0.1517 0.1517 0.1517
v -0.784004 0.084732 3.031160 0.1517 0.1517 0.1517
v -0.784733 0.084001 3.031226 0.1517 0.1517 0.1517
v -0.788007 0.085000 2.968611 0.1517 0.1517 0.1517
v -0.790000 0.083002 2.968750 0.1517 0.1517 0.1517
v -0.789003 0.084732 2.968680 0.1517 0.1517 0.1517
v -0.789733 0.084001 2.968731 0.1517 0.1517 0.1517
v -0.791754 0.085000 2.906150 0.1517 0.1517 0.1517
v -0.793750 0.083002 2.906250 0.1517 0.1517 0.1517
v -0.792752 0.084732 2.906200 0.1517 0.1517 0.1517
v -0.793483 0.084001 2.906237 0.1517 0.1517 0.1517
v -0.794249 0.085000 2.844174 0.1517 0.1517 0.1517
v -0.796250 0.083002 2.843750 0.1517 0.1517 0.1517
v -0.795249 0.084732 2.843962 0.1517 0.1517 0.1517
v -0.795982 0.084001 2.843807 0.1517 0.1517 0.1517
v -0.792359 0.085000 2.781173 0.1517 0.1517 0.1517
v -0.794375 0.083002 2.781250 0.1517 0.1517 0.1517
v -0.793367 0.084732 2.781211 0.1517 0.1517 0.1517
v -0.794105 0.084001 2.781240 0.1517 0.1517 0.1517
v -0.786124 0.085000 2.718820 0.1517 0.1517 0.1517
v -0.788125 0.083002 2.718750 0.1517 0.1517 0.1517
v -0.787124 0.084732 2.718785 0.1517 0.1517 0.1517
v -0.787857 0.084001 2.718759 0.1517 0.1517 0.1517
v -0.775626 0.085000 2.657063 0.1517 0.1517 0.1517
v -0.777500 0.083002 2.656250 0.1517 0.1517 0.1517
v -0.776563 0.084732 2.656656 0.1517 0.1517 0.1517
v -0.777249 0.084001 2.656359 0.1517 0.1517 0.1517
v -0.760469 0.085000 2.593906 0.1517 0.1517 0.1517
v -0.762500 0.083002 2.593750 0.1517 0.1517 0.1517
v -0.761484 0.084732 2.593828 0.1517 0.1517 0.1517
v -0.762228 0.084001 2.593771 0.1517 0.1517 0.1517
v -0.743086 0.085000 2.531824 0.1517 0.1517 0.1517
v -0.745000 0.083002 2.531250 0.1517 0.1517 0.1517
v -0.744043 0.084732 2.531537 0.1517 0.1517 0.1517
v -0.744743 0.084001 2.531327 0.1517 0.1517 0.1517
v -0.723108 0.085000 2.469394 0.1517 0.1517 0.1517
v -0.725000 0.083002 2.468750 0.1517 0.1517 0.1517
v -0.724054 0.084732 2.469072 0.1517 0.1517 0.1517
v -0.724747 0.084001 2.468836 0.1517 0.1517 0.1517
v -0.700632 0.085000 2.406960 0.1517 0.1517 0.1517
v -0.702500 0.083002 2.406250 0.1517 0.1517 0.1517
v -0.701566 0.084732 2.406605 0.1517 0.1517 0.1517
v -0.702250 0.084001 2.406345 0.1517 0.1517 0.1517
v -0.675619 0.085000 2.344427 0.1517 0.1517 0.1517
v -0.677500 0.083002 2.343750 0.1517 0.1517 0.1517
v -0.676559 0.084732 2.344089 0.1517 0.1517 0.1517
v -0.677248 0.084001 2.343841 0.1517 0.1517 0.1517
v -0.655433 0.085000 2.281347 0.1517 0.1517 0.1517
v -0.657500 0.083002 2.281250 0.1517 0.1517 0.1517
v -0.656467 0.084732 2.281298 0.1517 0.1517 0.1517
v -0.657223 0.084001 2.281263 0.1517 0.1517 0.1517
v -0.640725 0.085000 2.220070 0.1517 0.1517 0.1517
v -0.642500 0.083002 2.218750 0.1517 0.1517 0.1517
v -0.641613 0.084732 2.219410 0.1517 0.1517 0.1517
v -0.642262 0.084001 2.218927 0.1517 0.1517 0.1517
v -0.630418 0.085000 2.155658 0.1517 0.1517 0.1517
v -0.632500 0.083002 2.156250 0.1517 0.1517 0.1517
v -0.631459 0.084732 2.155954 0.1517 0.1517 0.1517
v -0.632221 0.084001 2.156171 0.1517 0.1517 0.1517
v -0.625601 0.085000 2.095466 0.1517 0.1517 0.1517
v -0.627500 0.083002 2.093750 0.1517 0.1517 0.1517
v -0.626551 0.084732 2.094608 0.1517 0.1517 0.1517
v -0.627246 0.084001 2.093980 0.1517 0.1517 0.1517
v -0.623002 0.085000 2.030511 0.1517 0.1517 0.1517
v -0.625000 0.083002 2.031250 0.1517 0.1517 0.1517
v -0.624001 0.084732 2.030880 0.1517 0.1517 0.1517
v -0.624732 0.084001 2.031151 0.1517 0.1517 0.1517
v -0.623002 0.085000 1.968710 0.1517 0.1517 0.1517
v -0.625000 0.083002 1.968750 0.1517 0.1517 0.1517
v -0.624001 0.084732 1.968730 0.1517 0.1517 0.1517
v -0.624732 0.084001 1.968745 0.1517 0.1517 0.1517
v -0.625505 0.085000 1.906130 0.1517 0.1517 0.1517
v -0.627500 0.083002 1.906250 0.1517 0.1517 0.1517
v -0.626503 0.084732 1.906190 0.1517 0.1517 0.1517
v -0.627233 0.084001 1.906234 0.1517 0.1517 0.1517
v -0.630505 0.085000 1.843630 0.1517 0.1517 0.1517
v -0.632500 0.083002 1.843750 0.1517 0.1517 0.1517
v -0.631503 0.084732 1.843690 0.1517 0.1517 0.1517
v -0.632233 0.084001 1.843734 0.1517 0.1517 0.1517
v -0.633002 0.085000 1.781210 0.1517 0.1517 0.1517
v -0.635000 0.083002 1.781250 0.1517 0.1517 0.1517
v -0.634001 0.084732 1.781230 0.1517 0.1517 0.1517
v -0.634732 0.084001 1.781245 0.1517 0.1517 0.1517
v -0.633002 0.085000 1.718790 0.1517 0.1517 0.1517
v -0.635000 0.083002 1.718750 0.1517 0.1517 0.1517
v -0.634001 0.084732 1.718770 0.1517 0.1517 0.1517
v -0.634732 0.084001 1.718755 0.1517 0.1517 0.1517
v -0.630505 0.085000 1.656370 0.1517 0.1517 0.1517
v -0.632500 0.083002 1.656250 0.1517 0.1517 0.1517
v -0.631503 0.084732 1.656310 0.1517 0.1517 0.1517
v -0.632233 0.084001 1.656266 0.1517 0.1517 0.1517
v -0.625495 0.085000 1.593750 0.1517 0.1517 0.1517
v -0.627500 0.083002 1.593750 0.1517 0.1517 0.1517
v -0.626498 0.084732 1.593750 0.1517 0.1517 0.1517
v -0.627231 0.084001 1.593750 0.1517 0.1517 0.1517
v -0.620508 0.085000 1.531409 0.1517 0.1517 0.1517
v -0.622500 0.083002 1.531250 0.1517 0.1517 0.1517
v -0.621504 0.084732 1.531330 0.1517 0.1517 0.1517
v -0.622233 0.084001 1.531271 0.1517 0.1517 0.1517
v -0.615508 0.085000 1.468909 0.1517 0.1517 0.1517
v -0.617500 0.083002 1.468750 0.1517 0.1517 0.1517
v -0.616504 0.084732 1.468830 0.1517 0.1517 0.1517
v -0.617233 0.084001 1.468771 0.1517 0.1517 0.1517
v -0.610508 0.085000 1.406409 0.1517 0.1517 0.1517
v -0.612500 0.083002 1.406250 0.1517 0.1517 0.1517
v -0.611504 0.084732 1.406330 0.1517 0.1517 0.1517
v -0.612233 0.084001 1.406271 0.1517 0.1517 0.1517
v -0.605499 0.085000 1.343790 0.1517 0.1517 0.1517
v -0.607500 0.083002 1.343750 0.1517 0.1517 0.1517
v -0.606499 0.084732 1.343770 0.1517 0.1517 0.1517
v -0.607232 0.084001 1.343755 0.1517 0.1517 0.1517
v -0.608008 0.085000 1.281051 0.1517 0.1517 0.1517
v -0.610000 0.083002 1.281250 0.1517 0.1517 0.1517
v -0.609004 0.084732 1.281151 0.1517 0.1517 0.1517
v -0.609733 0.084001 1.281223 0.1517 0.1517 0.1517
v -0.618045 0.085000 1.218322 0.1517 0.1517 0.1517
v -0.620000 0.083002 1.218750 0.1517 0.1517 0.1517
v -0.619023 0.084732 1.218536 0.1517 0.1517 0.1517
v -0.619738 0.084001 1.218693 0.1517 0.1517 0.1517
v -0.635605 0.085000 1.155608 0.1517 0.1517 0.1517
v -0.637500 0.083002 1.156250 0.1517 0.1517 0.1517
v -0.636552 0.084732 1.155929 0.1517 0.1517 0.1517
v -0.637246 0.084001 1.156164 0.1517 0.1517 0.1517
v -0.660654 0.085000 1.092984 0.1517 0.1517 0.1517
v -0.662500 0.083002 1.093750 0.1517 0.1517 0.1517
v -0.661577 0.084732 1.093367 0.1517 0.1517 0.1517
v -0.662253 0.084001 1.093647 0.1517 0.1517 0.1517
v -0.687549 0.085000 1.030438 0.1517 0.1517 0.1517
v -0.689375 0.083002 1.031250 0.1517 0.1517 0.1517
v -0.688462 0.084732 1.030844 0.1517 0.1517 0.1517
v -0.689130 0.084001 1.031141 0.1517 0.1517 0.1517
v -0.716320 0.085000 0.967893 0.1517 0.1517 0.1517
v -0.718125 0.083002 0.968750 0.1517 0.1517 0.1517
v -0.717222 0.084732 0.968321 0.1517 0.1517 0.1517
v -0.717883 0.084001 0.968635 0.1517 0.1517 0.1517
v -0.746966 0.085000 0.905349 0.1517 0.1517 0.1517
v -0.748750 0.083002 0.906250 0.1517 0.1517 0.1517
v -0.747858 0.084732 0.905800 0.1517 0.1517 0.1517
v -0.748511 0.084001 0.906129 0.1517 0.1517 0.1517
v -0.779463 0.085000 0.842856 0.1517 0.1517 0.1517
v -0.781250 0.083002 0.843750 0.1517 0.1517 0.1517
v -0.780356 0.084732 0.843303 0.1517 0.1517 0.1517
v -0.781011 0.084001 0.843630 0.1517 0.1517 0.1517
v -0.809434 0.085000 0.780415 0.1517 0.1517 0.1517
v -0.811250 0.083002 0.781250 0.1517 0.1517 0.1517
v -0.810342 0.084732 0.780832 0.1517 0.1517 0.1517
v -0.811007 0.084001 0.781138 0.1517 0.1517 0.1517
v -0.836907 0.085000 0.717976 0.1517 0.1517 0.1517
v -0.838750 0.083002 0.718750 0.1517 0.1517 0.1517
v -0.837829 0.084732 0.718363 0.1517 0.1517 0.1517
v -0.838503 0.084001 0.718646 0.1517 0.1517 0.1517
v -0.861882 0.085000 0.655540 0.1517 0.1517 0.1517
v -0.863750 0.083002 0.656250 0.1517 0.1517 0.1517
v -0.862816 0.084732 0.655895 0.1517 0.1517 0.1517
v -0.863500 0.084001 0.656155 0.1517 0.1517 0.1517
v -0.884358 0.085000 0.593107 0.1517 0.1517 0.1517
v -0.886250 0.083002 0.593750 0.1517 0.1517 0.1517
v -0.885304 0.084732 0.593429 0.1517 0.1517 0.1517
v -0.885997 0.084001 0.593664 0.1517 0.1517 0.1517
v -0.904336 0.085000 0.530676 0.1517 0.1517 0.1517
v -0.906250 0.083002 0.531250 0.1517 0.1517 0.1517
v -0.905293 0.084732 0.530963 0.1517 0.1517 0.1517
v -0.905994 0.084001 0.531173 0.1517 0.1517 0.1517
v -0.921816 0.085000 0.468247 0.1517 0.1517 0.1517
v -0.923750 0.083002 0.468750 0.1517 0.1517 0.1517
v -0.922783 0.084732 0.468499 0.1517 0.1517 0.1517
v -0.923491 0.084001 0.468683 0.1517 0.1517 0.1517
v -0.936798 0.085000 0.405821 0.1517 0.1517 0.1517
v -0.938750 0.083002 0.406250 0.1517 0.1517 0.1517
v -0.937774 0.084732 0.406036 0.1517 0.1517 0.1517
v -0.938489 0.084001 0.406193 0.1517 0.1517 0.1517
v -0.949287 0.085000 0.343377 0.1517 0.1517 0.1517
v -0.951250 0.083002 0.343750 0.1517 0.1517 0.1517
v -0.950268 0.084732 0.343563 0.1517 0.1517 0.1517
v -0.950987 0.084001 0.343700 0.1517 0.1517 0.1517
v -0.960530 0.085000 0.280915 0.1517 0.1517 0.1517
v -0.962500 0.083002 0.281250 0.1517 0.1517 0.1517
v -0.961515 0.084732 0.281083 0.1517 0.1517 0.1517
v -0.962236 0.084001 0.281205 0.1517 0.1517 0.1517
v -0.970524 0.085000 0.218454 0.1517 0.1517 0.1517
v -0.972500 0.083002 0.218750 0.1517 0.1517 0.1517
v -0.971512 0.084732 0.218602 0.1517 0.1517 0.1517
v -0.972235 0.084001 0.218710 0.1517 0.1517 0.1517
v -0.979268 0.085000 0.155992 0.1517 0.1517 0.1517
v -0.981250 0.083002 0.156250 0.1517 0.1517 0.1517
v -0.980259 0.084732 0.156121 0.1517 0.1517 0.1517
v -0.980984 0.084001 0.156215 0.1517 0.1517 0.1517
v -0.986517 0.085000 0.095583 0.1517 0.1517 0.1517
v -0.988750 0.083002 0.093750 0.1517 0.1517 0.1517
v -0.987634 0.084732 0.094667 0.1517 0.1517 0.1517
v -0.988451 0.084001 0.093996 0.1517 0.1517 0.1517
v -0.990645 0.085000 0.026704 0.1517 0.1517 0.1517
v -0.992500 0.083002 0.031250 0.1517 0.1517 0.1517
v -0.991573 0.084732 0.028977 0.1517 0.1517 0.1517
v -0.992252 0.084001 0.030641 0.1517 0.1517 0.1517
v -0.990640 0.085000 -0.028890 0.1517 0.1517 0.1517
v -0.992500 0.083002 -0.031250 0.1517 0.1517 0.1517
v -0.991570 0.084732 -0.030070 0.1517 0.1517 0.1517
v -0.992251 0.084001 -0.030934 0.1517 0.1517 0.1517
v -0.986759 0.085000 -0.093570 0.1517 0.1517 0.1517
v -0.988750 0.083002 -0.093750 0.1517 0.1517 0.1517
v -0.987754 0.084732 -0.093660 0.1517 0.1517 0.1517
v -0.988483 0.084001 -0.093726 0.1517 0.1517 0.1517
v -0.979273 0.085000 -0.155955 0.1517 0.1517 0.1517
v -0.981250 0.083002 -0.156250 0.1517 0.1517 0.1517
v -0.980261 0.084732 -0.156103 0.1517 0.1517 0.1517
v -0.980985 0.084001 -0.156211 0.1517 0.1517 0.1517
v -0.968669 0.085000 -0.215211 0.1517 0.1517 0.1517
v -0.970625 0.083002 -0.215625 0.1517 0.1517 0.1517
v -0.969647 0.084732 -0.215418 0.1517 0.1517 0.1517
v -0.970363 0.084001 -0.215570 0.1517 0.1517 0.1517
v -0.954950 0.085000 -0.271335 0.1517 0.1517 0.1517
v -0.956875 0.083002 -0.271875 0.1517 0.1517 0.1517
v -0.955912 0.084732 -0.271605 0.1517 0.1517 0.1517
v -0.956617 0.084001 -0.271803 0.1517 0.1517 0.1517
v -0.938118 0.085000 -0.324325 0.1517 0.1517 0.1517
v -0.940000 0.083002 -0.325000 0.1517 0.1517 0.1517
v -0.939059 0.084732 -0.324663 0.1517 0.1517 0.1517
v -0.939748 0.084001 -0.324910 0.1517 0.1517 0.1517
v -0.918172 0.085000 -0.374190 0.1517 0.1517 0.1517
v -0.920000 0.083002 -0.375000 0.1517 0.1517 0.1517
v -0.919086 0.084732 -0.374595 0.1517 0.1517 0.1517
v -0.919755 0.084001 -0.374891 0.1517 0.1517 0.1517
v -0.893859 0.085000 -0.424063 0.1517 0.1517 0.1517
v -0.895625 0.083002 -0.425000 0.1517 0.1517 0.1517
v -0.894742 0.084732 -0.424532 0.1517 0.1517 0.1517
v -0.895388 0.084001 -0.424875 0.1517 0.1517 0.1517
v -0.865174 0.085000 -0.473949 0.1517 0.1517 0.1517
v -0.866875 0.083002 -0.475000 0.1517 0.1517 0.1517
v -0.866025 0.084732 -0.474475 0.1517 0.1517 0.1517
v -0.866647 0.084001 -0.474859 0.1517 0.1517 0.1517
v -0.832116 0.085000 -0.523848 0.1517 0.1517 0.1517
v -0.833750 0.083002 -0.525000 0.1517 0.1517 0.1517
v -0.832933 0.084732 -0.524424 0.1517 0.1517 0.1517
v -0.833531 0.084001 -0.524846 0.1517 0.1517 0.1517
v -0.794692 0.085000 -0.573746 0.1517 0.1517 0.1517
v -0.796250 0.083002 -0.575000 0.1517 0.1517 0.1517
v -0.795471 0.084732 -0.574373 0.1517 0.1517 0.1517
v -0.796041 0.084001 -0.574832 0.1517 0.1517 0.1517
v -0.751652 0.085000 -0.623649 0.1517 0.1517 0.1517
v -0.753125 0.083002 -0.625000 0.1517 0.1517 0.1517
v -0.752388 0.084732 -0.624324 0.1517 0.1517 0.1517
v -0.752928 0.084001 -0.624819 0.1517 0.1517 0.1517
v -0.702982 0.085000 -0.673566 0.1517 0.1517 0.1517
v -0.704375 0.083002 -0.675000 0.1517 0.1517 0.1517
v -0.703679 0.084732 -0.674283 0.1517 0.1517 0.1517
v -0.704188 0.084001 -0.674808 0.1517 0.1517 0.1517
v -0.648683 0.085000 -0.723496 0.1517 0.1517 0.1517
v -0.650000 0.083002 -0.725000 0.1517 0.1517 0.1517
v -0.649342 0.084732 -0.724248 0.1517 0.1517 0.1517
v -0.649824 0.084001 -0.724799 0.1517 0.1517 0.1517
v -0.588831 0.085000 -0.773373 0.1517 0.1517 0.1517
v -0.590000 0.083002 -0.775000 0.1517 0.1517 0.1517
v -0.589416 0.084732 -0.774186 0.1517 0.1517 0.1517
v -0.589843 0.084001 -0.774782 0.1517 0.1517 0.1517
v -0.512797 0.085000 -0.820116 0.1517 0.1517 0.1517
v -0.513750 0.083002 -0.821875 0.1517 0.1517 0.1517
v -0.513273 0.084732 -0.820995 0.1517 0.1517 0.1517
v -0.513622 0.084001 -0.821639 0.1517 0.1517 0.1517
v -0.420472 0.085000 -0.863783 0.1517 0.1517 0.1517
v -0.421250 0.083002 -0.865625 0.1517 0.1517 0.1517
v -0.420861 0.084732 -0.864704 0.1517 0.1517 0.1517
v -0.421146 0.084001 -0.865378 0.1517 0.1517 0.1517
v -0.311863 0.085000 -0.904355 0.1517 0.1517 0.1517
v -0.312500 0.083002 -0.906250 0.1517 0.1517 0.1517
v -0.312181 0.084732 -0.905303 0.1517 0.1517 0.1517
v -0.312415 0.084001 -0.905996 0.1517 0.1517 0.1517
v -0.187063 0.085000 -0.941795 0.1517 0.1517 0.1517
v -0.187500 0.083002 -0.943750 0.1517 0.1517 0.1517
v -0.187281 0.084732 -0.942773 0.1517 0.1517 0.1517
v -0.187441 0.084001 -0.943488 0.1517 0.1517 0.1517
v -0.062351 0.085000 -0.960502 0.1517 0.1517 0.1517
v -0.062500 0.083002 -0.962500 0.1517 0.1517 0.1517
v -0.062426 0.084732 -0.961501 0.1517 0.1517 0.1517
v -0.062480 0.084001 -0.962232 0.1517 0.1517 0.1517
v 0.062500 0.083002 -0.962500 0.1517 0.1517 0.1517
v 0.062351 0.085000 -0.960502 0.1517 0.1517 0.1517
v 0.062480 0.084001 -0.962232 0.1517 0.1517 0.1517
v 0.062426 0.084732 -0.961501 0.1517 0.1517 0.1517
v 0.449743 0.085000 -0.685296 0.1517 0.1517 0.1517
v 0.455568 0.085000 -0.681805 0.1517 0.1517 0.1517
v 0.520203 0.085000 -0.633869 0.1517 0.1517 0.1517
v 0.811598 0.085000 -0.110395 0.1517 0.1517 0.1517
v 0.804244 0.085000 -0.159974 0.1517 0.1517 0.1517
v 0.572359 0.085000 -0.586597 0.1517 0.1517 0.1517
v 0.802655 0.085000 -0.166319 0.1517 0.1517 0.1517
v -0.182954 0.085000 -0.798488 0.1517 0.1517 0.1517
v -0.159974 0.085000 -0.804244 0.1517 0.1517 0.1517
v -0.080374 0.085000 -0.816051 0.1517 0.1517 0.1517
v 0.159974 0.085000 -0.804244 0.1517 0.1517 0.1517
v 0.080374 0.085000 -0.816051 0.1517 0.1517 0.1517
v 0.000000 0.085000 -0.820000 0.1517 0.1517 0.1517
v 0.313800 0.085000 -0.757581 0.1517 0.1517 0.1517
v 0.386545 0.085000 -0.723175 0.1517 0.1517 0.1517
v 0.816051 0.085000 -0.080374 0.1517 0.1517 0.1517
v 0.818810 0.085000 0.024215 0.1517 0.1517 0.1517
v 0.820000 0.085000 0.000000 0.1517 0.1517 0.1517
v 0.238033 0.085000 -0.784691 0.1517 0.1517 0.1517
v 0.603275 0.085000 -0.553957 0.1517 0.1517 0.1517
v 0.579828 0.085000 -0.579828 0.1517 0.1517 0.1517
v 0.784691 0.085000 -0.238033 0.1517 0.1517 0.1517
v 0.777009 0.085000 -0.259503 0.1517 0.1517 0.1517
v 0.681805 0.085000 -0.455568 0.1517 0.1517 0.1517
v 0.633869 0.085000 -0.520203 0.1517 0.1517 0.1517
v 0.723175 0.085000 -0.386545 0.1517 0.1517 0.1517
v 0.757581 0.085000 -0.313800 0.1517 0.1517 0.1517
v -0.791036 0.085000 0.212704 0.1517 0.1517 0.1517
v -0.789596 0.085000 0.218454 0.1517 0.1517 0.1517
v 0.789596 0.085000 0.218454 0.1517 0.1517 0.1517
v 0.803834 0.085000 0.161612 0.1517 0.1517 0.1517
v -0.804244 0.085000 0.159974 0.1517 0.1517 0.1517
v -0.804835 0.085000 0.155992 0.1517 0.1517 0.1517
v 0.804835 0.085000 0.155992 0.1517 0.1517 0.1517
v 0.804244 0.085000 0.159974 0.1517 0.1517 0.1517
v -0.820000 0.085000 0.000000 0.1517 0.1517 0.1517
v -0.816051 0.085000 0.080374 0.1517 0.1517 0.1517
v -0.816051 0.085000 -0.080374 0.1517 0.1517 0.1517
v -0.449743 0.085000 -0.685296 0.1517 0.1517 0.1517
v -0.811598 0.085000 -0.110395 0.1517 0.1517 0.1517
v -0.238033 0.085000 -0.784691 0.1517 0.1517 0.1517
v -0.313800 0.085000 -0.757581 0.1517 0.1517 0.1517
v -0.386545 0.085000 -0.723175 0.1517 0.1517 0.1517
v 0.816051 0.085000 0.080374 0.1517 0.1517 0.1517
v 0.788118 0.085000 0.224354 0.1517 0.1517 0.1517
v -0.771535 0.085000 0.274802 0.1517 0.1517 0.1517
v -0.784691 0.085000 0.238033 0.1517 0.1517 0.1517
v -0.769348 0.085000 0.280915 0.1517 0.1517 0.1517
v 0.769348 0.085000 0.280915 0.1517 0.1517 0.1517
v 0.784691 0.085000 0.238033 0.1517 0.1517 0.1517
v 0.767084 0.085000 0.287242 0.1517 0.1517 0.1517
v -0.746726 0.085000 0.336752 0.1517 0.1517 0.1517
v -0.757581 0.085000 0.313800 0.1517 0.1517 0.1517
v -0.743593 0.085000 0.343377 0.1517 0.1517 0.1517
v 0.757581 0.085000 0.313800 0.1517 0.1517 0.1517
v 0.743593 0.085000 0.343376 0.1517 0.1517 0.1517
v 0.740321 0.085000 0.350294 0.1517 0.1517 0.1517
v -0.716003 0.085000 0.398511 0.1517 0.1517 0.1517
v -0.723175 0.085000 0.386545 0.1517 0.1517 0.1517
v -0.711591 0.085000 0.405873 0.1517 0.1517 0.1517
v 0.723175 0.085000 0.386545 0.1517 0.1517 0.1517
v 0.711396 0.085000 0.406198 0.1517 0.1517 0.1517
v -0.707011 0.085000 0.413513 0.1517 0.1517 0.1517
v 0.681805 0.085000 0.455568 0.1517 0.1517 0.1517
v 0.678595 0.085000 0.459896 0.1517 0.1517 0.1517
v -0.681805 0.085000 0.455568 0.1517 0.1517 0.1517
v 0.672534 0.085000 0.468068 0.1517 0.1517 0.1517
v -0.672422 0.085000 0.468219 0.1517 0.1517 0.1517
v -0.665913 0.085000 0.476996 0.1517 0.1517 0.1517
v 0.633869 0.085000 0.520203 0.1517 0.1517 0.1517
v 0.632790 0.085000 0.521393 0.1517 0.1517 0.1517
v -0.633869 0.085000 0.520203 0.1517 0.1517 0.1517
v 0.624376 0.085000 0.530676 0.1517 0.1517 0.1517
v -0.624376 0.085000 0.530676 0.1517 0.1517 0.1517
v -0.615231 0.085000 0.540766 0.1517 0.1517 0.1517
v 0.579828 0.085000 0.579828 0.1517 0.1517 0.1517
v 0.577012 0.085000 0.582380 0.1517 0.1517 0.1517
v -0.579828 0.085000 0.579828 0.1517 0.1517 0.1517
v 0.565176 0.085000 0.593107 0.1517 0.1517 0.1517
v -0.565176 0.085000 0.593107 0.1517 0.1517 0.1517
v -0.552068 0.085000 0.604988 0.1517 0.1517 0.1517
v 0.520203 0.085000 0.633869 0.1517 0.1517 0.1517
v 0.508039 0.085000 0.642889 0.1517 0.1517 0.1517
v 0.490981 0.085000 0.655540 0.1517 0.1517 0.1517
v -0.490981 0.085000 0.655540 0.1517 0.1517 0.1517
v -0.520203 0.085000 0.633869 0.1517 0.1517 0.1517
v -0.471643 0.085000 0.669883 0.1517 0.1517 0.1517
v 0.420739 0.085000 0.702681 0.1517 0.1517 0.1517
v 0.455568 0.085000 0.681805 0.1517 0.1517 0.1517
v -0.455568 0.085000 0.681805 0.1517 0.1517 0.1517
v 0.395220 0.085000 0.717976 0.1517 0.1517 0.1517
v -0.395220 0.085000 0.717976 0.1517 0.1517 0.1517
v -0.386545 0.085000 0.723175 0.1517 0.1517 0.1517
v -0.359235 0.085000 0.736092 0.1517 0.1517 0.1517
v 0.313800 0.085000 0.757581 0.1517 0.1517 0.1517
v 0.386545 0.085000 0.723175 0.1517 0.1517 0.1517
v 0.303601 0.085000 0.761231 0.1517 0.1517 0.1517
v 0.249985 0.085000 0.780415 0.1517 0.1517 0.1517
v -0.249985 0.085000 0.780415 0.1517 0.1517 0.1517
v -0.313800 0.085000 0.757581 0.1517 0.1517 0.1517
v -0.159974 0.085000 0.804244 0.1517 0.1517 0.1517
v -0.144440 0.085000 0.806548 0.1517 0.1517 0.1517
v -0.238033 0.085000 0.784691 0.1517 0.1517 0.1517
v 0.159974 0.085000 0.804244 0.1517 0.1517 0.1517
v 0.238033 0.085000 0.784691 0.1517 0.1517 0.1517
v 0.083936 0.085000 0.815523 0.1517 0.1517 0.1517
v -0.080374 0.085000 0.816051 0.1517 0.1517 0.1517
v 0.000000 0.085000 0.820000 0.1517 0.1517 0.1517
v 0.080374 0.085000 0.816051 0.1517 0.1517 0.1517
v -0.802655 0.085000 -0.166319 0.1517 0.1517 0.1517
v -0.784691 0.085000 -0.238033 0.1517 0.1517 0.1517
v -0.579828 0.085000 -0.579828 0.1517 0.1517 0.1517
v -0.572359 0.085000 -0.586597 0.1517 0.1517 0.1517
v -0.603275 0.085000 -0.553957 0.1517 0.1517 0.1517
v -0.777009 0.085000 -0.259503 0.1517 0.1517 0.1517
v -0.804244 0.085000 -0.159974 0.1517 0.1517 0.1517
v -0.455568 0.085000 -0.681805 0.1517 0.1517 0.1517
v -0.520203 0.085000 -0.633869 0.1517 0.1517 0.1517
v -0.723175 0.085000 -0.386545 0.1517 0.1517 0.1517
v -0.757581 0.085000 -0.313800 0.1517 0.1517 0.1517
v -0.681805 0.085000 -0.455568 0.1517 0.1517 0.1517
v -0.633869 0.085000 -0.520203 0.1517 0.1517 0.1517
v -0.300000 0.050000 1.320000 0.1517 0.1517 0.1517
v 0.000000 0.050000 1.580000 0.1517 0.1517 0.1517
v 0.300000 0.050000 1.320000 0.1517 0.1517 0.1517
v 0.215000 0.050000 1.320000 0.1517 0.1517 0.1517
v 0.000000 0.050000 1.435500 0.1517 0.1517 0.1517
v -0.215000 0.050000 1.320000 0.1517 0.1517 0.1517
v -0.300000 0.050000 1.610000 0.1517 0.1517 0.1517
v 0.000000 0.050000 1.870000 0.1517 0.1517 0.1517
v 0.300000 0.050000 1.610000 0.1517 0.1517 0.1517
v 0.215000 0.050000 1.610000 0.1517 0.1517 0.1517
v 0.000000 0.050000 1.725500 0.1517 0.1517 0.1517
v -0.215000 0.050000 1.610000 0.1517 0.1517 0.1517
v -0.300000 0.050000 1.900000 0.1517 0.1517 0.1517
v 0.000000 0.050000 2.160000 0.1517 0.1517 0.1517
v 0.300000 0.050000 1.900000 0.1517 0.1517 0.1517
v 0.215000 0.050000 1.900000 0.1517 0.1517 0.1517
v 0.000000 0.050000 2.015500 0.1517 0.1517 0.1517
v -0.215000 0.050000 1.900000 0.1517 0.1517 0.1517
v -0.300000 0.145000 1.320000 0.1517 0.1517 0.1517
v 0.000000 0.145000 1.580000 0.1517 0.1517 0.1517
v 0.300000 0.145000 1.320000 0.1517 0.1517 0.1517
v 0.215000 0.145000 1.320000 0.1517 0.1517 0.1517
v 0.000000 0.145000 1.435500 0.1517 0.1517 0.1517
v -0.215000 0.145000 1.320000 0.1517 0.1517 0.1517
v -0.300000 0.145000 1.610000 0.1517 0.1517 0.1517
v 0.000000 0.145000 1.870000 0.1517 0.1517 0.1517
v 0.300000 0.145000 1.610000 0.1517 0.1517 0.1517
v 0.215000 0.145000 1.610000 0.1517 0.1517 0.1517
v 0.000000 0.145000 1.725500 0.1517 0.1517 0.1517
v -0.215000 0.145000 1.610000 0.1517 0.1517 0.1517
v -0.300000 0.145000 1.900000 0.1517 0.1517 0.1517
v 0.000000 0.145000 2.160000 0.1517 0.1517 0.1517
v 0.300000 0.145000 1.900000 0.1517 0.1517 0.1517
v 0.215000 0.145000 1.900000 0.1517 0.1517 0.1517
v 0.000000 0.145000 2.015500 0.1517 0.1517 0.1517
v -0.215000 0.145000 1.900000 0.1517 0.1517 0.1517
v 0.000000 0.040000 -0.779990 0.9685 0.9685 0.9685
v 0.000000 0.050000 -0.790000 0.9685 0.9685 0.9685
v 0.000000 0.042929 -0.787068 0.9685 0.9685 0.9685
v 0.000000 0.090000 -0.779990 0.9685 0.9685 0.9685
v 0.000000 0.080000 -0.790000 0.9685 0.9685 0.9685
v 0.000000 0.087071 -0.787068 0.9685 0.9685 0.9685
v 0.067980 0.040000 -0.777022 0.9685 0.9685 0.9685
v 0.068853 0.050000 -0.786994 0.9685 0.9685 0.9685
v 0.068597 0.042929 -0.784073 0.9685 0.9685 0.9685
v 0.067980 0.090000 -0.777022 0.9685 0.9685 0.9685
v 0.068853 0.080000 -0.786994 0.9685 0.9685 0.9685
v 0.068597 0.087071 -0.784073 0.9685 0.9685 0.9685
v 0.135444 0.040000 -0.768141 0.9685 0.9685 0.9685
v 0.137182 0.050000 -0.777998 0.9685 0.9685 0.9685
v 0.136673 0.042929 -0.775111 0.9685 0.9685 0.9685
v 0.135444 0.090000 -0.768141 0.9685 0.9685 0.9685
v 0.137182 0.080000 -0.777998 0.9685 0.9685 0.9685
v 0.136673 0.087071 -0.775111 0.9685 0.9685 0.9685
v 0.201876 0.040000 -0.753413 0.9685 0.9685 0.9685
v 0.204467 0.050000 -0.763081 0.9685 0.9685 0.9685
v 0.203708 0.042929 -0.760250 0.9685 0.9685 0.9685
v 0.201876 0.090000 -0.753413 0.9685 0.9685 0.9685
v 0.204467 0.080000 -0.763081 0.9685 0.9685 0.9685
v 0.203708 0.087071 -0.760250 0.9685 0.9685 0.9685
v 0.266773 0.040000 -0.732951 0.9685 0.9685 0.9685
v 0.270196 0.050000 -0.742357 0.9685 0.9685 0.9685
v 0.269193 0.042929 -0.739602 0.9685 0.9685 0.9685
v 0.266773 0.090000 -0.732951 0.9685 0.9685 0.9685
v 0.270196 0.080000 -0.742357 0.9685 0.9685 0.9685
v 0.269193 0.087071 -0.739602 0.9685 0.9685 0.9685
v 0.329638 0.040000 -0.706912 0.9685 0.9685 0.9685
v 0.333868 0.050000 -0.715983 0.9685 0.9685 0.9685
v 0.332629 0.042929 -0.713326 0.9685 0.9685 0.9685
v 0.329638 0.090000 -0.706912 0.9685 0.9685 0.9685
v 0.333868 0.080000 -0.715983 0.9685 0.9685 0.9685
v 0.332629 0.087071 -0.713326 0.9685 0.9685 0.9685
v 0.389995 0.040000 -0.675492 0.9685 0.9685 0.9685
v 0.395000 0.050000 -0.684160 0.9685 0.9685 0.9685
v 0.393534 0.042929 -0.681621 0.9685 0.9685 0.9685
v 0.389995 0.090000 -0.675492 0.9685 0.9685 0.9685
v 0.395000 0.080000 -0.684160 0.9685 0.9685 0.9685
v 0.393534 0.087071 -0.681621 0.9685 0.9685 0.9685
v 0.447384 0.040000 -0.638931 0.9685 0.9685 0.9685
v 0.453125 0.050000 -0.647130 0.9685 0.9685 0.9685
v 0.451444 0.042929 -0.644729 0.9685 0.9685 0.9685
v 0.447384 0.090000 -0.638931 0.9685 0.9685 0.9685
v 0.453125 0.080000 -0.647130 0.9685 0.9685 0.9685
v 0.451444 0.087071 -0.644729 0.9685 0.9685 0.9685
v 0.501368 0.040000 -0.597507 0.9685 0.9685 0.9685
v 0.507802 0.050000 -0.605175 0.9685 0.9685 0.9685
v 0.505918 0.042929 -0.602929 0.9685 0.9685 0.9685
v 0.501368 0.090000 -0.597507 0.9685 0.9685 0.9685
v 0.507802 0.080000 -0.605175 0.9685 0.9685 0.9685
v 0.505918 0.087071 -0.602929 0.9685 0.9685 0.9685
v 0.551537 0.040000 -0.551537 0.9685 0.9685 0.9685
v 0.558614 0.050000 -0.558614 0.9685 0.9685 0.9685
v 0.556541 0.042929 -0.556541 0.9685 0.9685 0.9685
v 0.551537 0.090000 -0.551537 0.9685 0.9685 0.9685
v 0.558614 0.080000 -0.558614 0.9685 0.9685 0.9685
v 0.556541 0.087071 -0.556541 0.9685 0.9685 0.9685
v 0.597507 0.040000 -0.501368 0.9685 0.9685 0.9685
v 0.605175 0.050000 -0.507802 0.9685 0.9685 0.9685
v 0.602929 0.042929 -0.505918 0.9685 0.9685 0.9685
v 0.597507 0.090000 -0.501368 0.9685 0.9685 0.9685
v 0.605175 0.080000 -0.507802 0.9685 0.9685 0.9685
v 0.602929 0.087071 -0.505918 0.9685 0.9685 0.9685
v 0.638931 0.040000 -0.447384 0.9685 0.9685 0.9685
v 0.647130 0.050000 -0.453125 0.9685 0.9685 0.9685
v 0.644729 0.042929 -0.451444 0.9685 0.9685 0.9685
v 0.638931 0.090000 -0.447384 0.9685 0.9685 0.9685
v 0.647130 0.080000 -0.453125 0.9685 0.9685 0.9685
v 0.644729 0.087071 -0.451444 0.9685 0.9685 0.9685
v 0.675492 0.040000 -0.389995 0.9685 0.9685 0.9685
v 0.684160 0.050000 -0.395000 0.9685 0.9685 0.9685
v 0.681621 0.042929 -0.393534 0.9685 0.9685 0.9685
v 0.675492 0.090000 -0.389995 0.9685 0.9685 0.9685
v 0.684160 0.080000 -0.395000 0.9685 0.9685 0.9685
v 0.681621 0.087071 -0.393534 0.9685 0.9685 0.9685
v 0.706912 0.040000 -0.329638 0.9685 0.9685 0.9685
v 0.715983 0.050000 -0.333868 0.9685 0.9685 0.9685
v 0.713326 0.042929 -0.332629 0.9685 0.9685 0.9685
v 0.706912 0.090000 -0.329638 0.9685 0.9685 0.9685
v 0.715983 0.080000 -0.333868 0.9685 0.9685 0.9685
v 0.713326 0.087071 -0.332629 0.9685 0.9685 0.9685
v 0.732951 0.040000 -0.266773 0.9685 0.9685 0.9685
v 0.742357 0.050000 -0.270196 0.9685 0.9685 0.9685
v 0.739602 0.042929 -0.269193 0.9685 0.9685 0.9685
v 0.732951 0.090000 -0.266773 0.9685 0.9685 0.9685
v 0.742357 0.080000 -0.270196 0.9685 0.9685 0.9685
v 0.739602 0.087071 -0.269193 0.9685 0.9685 0.9685
v 0.753413 0.040000 -0.201876 0.9685 0.9685 0.9685
v 0.763081 0.050000 -0.204467 0.9685 0.9685 0.9685
v 0.760250 0.042929 -0.203708 0.9685 0.9685 0.9685
v 0.753413 0.090000 -0.201876 0.9685 0.9685 0.9685
v 0.763081 0.080000 -0.204467 0.9685 0.9685 0.9685
v 0.760250 0.087071 -0.203708 0.9685 0.9685 0.9685
v 0.768141 0.040000 -0.135444 0.9685 0.9685 0.9685
v 0.777998 0.050000 -0.137182 0.9685 0.9685 0.9685
v 0.775111 0.042929 -0.136673 0.9685 0.9685 0.9685
v 0.768141 0.090000 -0.135444 0.9685 0.9685 0.9685
v 0.777998 0.080000 -0.137182 0.9685 0.9685 0.9685
v 0.775111 0.087071 -0.136673 0.9685 0.9685 0.9685
v 0.777022 0.040000 -0.067980 0.9685 0.9685 0.9685
v 0.786994 0.050000 -0.068853 0.9685 0.9685 0.9685
v 0.784073 0.042929 -0.068597 0.9685 0.9685 0.9685
v 0.777022 0.090000 -0.067980 0.9685 0.9685 0.9685
v 0.786994 0.080000 -0.068853 0.9685 0.9685 0.9685
v 0.784073 0.087071 -0.068597 0.9685 0.9685 0.9685
v 0.779990 0.040000 0.000000 0.9685 0.9685 0.9685
v 0.790000 0.050000 0.000000 0.9685 0.9685 0.9685
v 0.787068 0.042929 0.000000 0.9685 0.9685 0.9685
v 0.779990 0.090000 0.000000 0.9685 0.9685 0.9685
v 0.790000 0.080000 0.000000 0.9685 0.9685 0.9685
v 0.787068 0.087071 0.000000 0.9685 0.9685 0.9685
v 0.777022 0.040000 0.067980 0.9685 0.9685 0.9685
v 0.786994 0.050000 0.068853 0.9685 0.9685 0.9685
v 0.784073 0.042929 0.068597 0.9685 0.9685 0.9685
v 0.777022 0.090000 0.067980 0.9685 0.9685 0.9685
v 0.786994 0.080000 0.068853 0.9685 0.9685 0.9685
v 0.784073 0.087071 0.068597 0.9685 0.9685 0.9685
v 0.768141 0.040000 0.135444 0.9685 0.9685 0.9685
v 0.777998 0.050000 0.137182 0.9685 0.9685 0.9685
v 0.775111 0.042929 0.136673 0.9685 0.9685 0.9685
v 0.768141 0.090000 0.135444 0.9685 0.9685 0.9685
v 0.777998 0.080000 0.137182 0.9685 0.9685 0.9685
v 0.775111 0.087071 0.136673 0.9685 0.9685 0.9685
v 0.753413 0.040000 0.201876 0.9685 0.9685 0.9685
v 0.763081 0.050000 0.204467 0.9685 0.9685 0.9685
v 0.760250 0.042929 0.203708 0.9685 0.9685 0.9685
v 0.753413 0.090000 0.201876 0.9685 0.9685 0.9685
v 0.763081 0.080000 0.204467 0.9685 0.9685 0.9685
v 0.760250 0.087071 0.203708 0.9685 0.9685 0.9685
v 0.732951 0.040000 0.266773 0.9685 0.9685 0.9685
v 0.742357 0.050000 0.270196 0.9685 0.9685 0.9685
v 0.739602 0.042929 0.269193 0.9685 0.9685 0.9685
v 0.732951 0.090000 0.266773 0.9685 0.9685 0.9685
v 0.742357 0.080000 0.270196 0.9685 0.9685 0.9685
v 0.739602 0.087071 0.269193 0.9685 0.9685 0.9685
v 0.706912 0.040000 0.329638 0.9685 0.9685 0.9685
v 0.715983 0.050000 0.333868 0.9685 0.9685 0.9685
v 0.713326 0.042929 0.332629 0.9685 0.9685 0.9685
v 0.706912 0.090000 0.329638 0.9685 0.9685 0.9685
v 0.715983 0.080000 0.333868 0.9685 0.9685 0.9685
v 0.713326 0.087071 0.332629 0.9685 0.9685 0.9685
v 0.675492 0.040000 0.389995 0.9685 0.9685 0.9685
v 0.684160 0.050000 0.395000 0.9685 0.9685 0.9685
v 0.681621 0.042929 0.393534 0.9685 0.9685 0.9685
v 0.675492 0.090000 0.389995 0.9685 0.9685 0.9685
v 0.684160 0.080000 0.395000 0.9685 0.9685 0.9685
v 0.681621 0.087071 0.393534 0.9685 0.9685 0.9685
v 0.638931 0.040000 0.447384 0.9685 0.9685 0.9685
v 0.647130 0.050000 0.453125 0.9685 0.9685 0.9685
v 0.644729 0.042929 0.451444 0.9685 0.9685 0.9685
v 0.638931 0.090000 0.447384 0.9685 0.9685 0.9685
v 0.647130 0.080000 0.453125 0.9685 0.9685 0.9685
v 0.644729 0.087071 0.451444 0.9685 0.9685 0.9685
v 0.597507 0.040000 0.501368 0.9685 0.9685 0.9685
v 0.605175 0.050000 0.507802 0.9685 0.9685 0.9685
v 0.602929 0.042929 0.505918 0.9685 0.9685 0.9685
v 0.597507 0.090000 0.501368 0.9685 0.9685 0.9685
v 0.605175 0.080000 0.507802 0.9685 0.9685 0.9685
v 0.602929 0.087071 0.505918 0.9685 0.9685 0.9685
v 0.551537 0.040000 0.551537 0.9685 0.9685 0.9685
v 0.558614 0.050000 0.558614 0.9685 0.9685 0.9685
v 0.556541 0.042929 0.556541 0.9685 0.9685 0.9685
v 0.551537 0.090000 0.551537 0.9685 0.9685 0.9685
v 0.558614 0.080000 0.558614 0.9685 0.9685 0.9685
v 0.556541 0.087071 0.556541 0.9685 0.9685 0.9685
v 0.501368 0.040000 0.597507 0.9685 0.9685 0.9685
v 0.507802 0.050000 0.605175 0.9685 0.9685 0.9685
v 0.505918 0.042929 0.602929 0.9685 0.9685 0.9685
v 0.501368 0.090000 0.597507 0.9685 0.9685 0.9685
v 0.507802 0.080000 0.605175 0.9685 0.9685 0.9685
v 0.505918 0.087071 0.602929 0.9685 0.9685 0.9685
v 0.447384 0.040000 0.638931 0.9685 0.9685 0.9685
v 0.453125 0.050000 0.647130 0.9685 0.9685 0.9685
v 0.451444 0.042929 0.644729 0.9685 0.9685 0.9685
v 0.447384 0.090000 0.638931 0.9685 0.9685 0.9685
v 0.453125 0.080000 0.647130 0.9685 0.9685 0.9685
v 0.451444 0.087071 0.644729 0.9685 0.9685 0.9685
v 0.389995 0.040000 0.675492 0.9685 0.9685 0.9685
v 0.395000 0.050000 0.684160 0.9685 0.9685 0.9685
v 0.393534 0.042929 0.681621 0.9685 0.9685 0.9685
v 0.389995 0.090000 0.675492 0.9685 0.9685 0.9685
v 0.395000 0.080000 0.684160 0.9685 0.9685 0.9685
v 0.393534 0.087071 0.681621 0.9685 0.9685 0.9685
v 0.329638 0.040000 0.706912 0.9685 0.9685 0.9685
v 0.333868 0.050000 0.715983 0.9685 0.9685 0.9685
v 0.332629 0.042929 0.713326 0.9685 0.9685 0.9685
v 0.329638 0.090000 0.706912 0.9685 0.9685 0.9685
v 0.333868 0.080000 0.715983 0.9685 0.9685 0.9685
v 0.332629 0.087071 0.713326 0.9685 0.9685 0.9685
v 0.266773 0.040000 0.732951 0.9685 0.9685 0.9685
v 0.270196 0.050000 0.742357 0.9685 0.9685 0.9685
v 0.269193 0.042929 0.739602 0.9685 0.9685 0.9685
v 0.266773 0.090000 0.732951 0.9685 0.9685 0.9685
v 0.270196 0.080000 0.742357 0.9685 0.9685 0.9685
v 0.269193 0.087071 0.739602 0.9685 0.9685 0.9685
v 0.201876 0.040000 0.753413 0.9685 0.9685 0.9685
v 0.204467 0.050000 0.763081 0.9685 0.9685 0.9685
v 0.203708 0.042929 0.760250 0.9685 0.9685 0.9685
v 0.201876 0.090000 0.753413 0.9685 0.9685 0.9685
v 0.204467 0.080000 0.763081 0.9685 0.9685 0.9685
v 0.203708 0.087071 0.760250 0.9685 0.9685 0.9685
v 0.135444 0.040000 0.768141 0.9685 0.9685 0.9685
v 0.137182 0.050000 0.777998 0.9685 0.9685 0.9685
v 0.136673 0.042929 0.775111 0.9685 0.9685 0.9685
v 0.135444 0.090000 0.768141 0.9685 0.9685 0.9685
v 0.137182 0.080000 0.777998 0.9685 0.9685 0.9685
v 0.136673 0.087071 0.775111 0.9685 0.9685 0.9685
v 0.067980 0.040000 0.777022 0.9685 0.9685 0.9685
v 0.068853 0.050000 0.786994 0.9685 0.9685 0.9685
v 0.068597 0.042929 0.784073 0.9685 0.9685 0.9685
v 0.067980 0.090000 0.777022 0.9685 0.9685 0.9685
v 0.068853 0.080000 0.786994 0.9685 0.9685 0.9685
v 0.068597 0.087071 0.784073 0.9685 0.9685 0.9685
v 0.000000 0.040000 0.779990 0.9685 0.9685 0.9685
v 0.000000 0.050000 0.790000 0.9685 0.9685 0.9685
v 0.000000 0.042929 0.787068 0.9685 0.9685 0.9685
v 0.000000 0.090000 0.779990 0.9685 0.9685 0.9685
v 0.000000 0.080000 0.790000 0.9685 0.9685 0.9685
v 0.000000 0.087071 0.787068 0.9685 0.9685 0.9685
v -0.067980 0.040000 0.777022 0.9685 0.9685 0.9685
v -0.068853 0.050000 0.786994 0.9685 0.9685 0.9685
v -0.068597 0.042929 0.784073 0.9685 0.9685 0.9685
v -0.067980 0.090000 0.777022 0.9685 0.9685 0.9685
v -0.068853 0.080000 0.786994 0.9685 0.9685 0.9685
v -0.068597 0.087071 0.784073 0.9685 0.9685 0.9685
v -0.135444 0.040000 0.768141 0.9685 0.9685 0.9685
v -0.137182 0.050000 0.777998 0.9685 0.9685 0.9685
v -0.136673 0.042929 0.775111 0.9685 0.9685 0.9685
v -0.135444 0.090000 0.768141 0.9685 0.9685 0.9685
v -0.137182 0.080000 0.777998 0.9685 0.9685 0.9685
v -0.136673 0.087071 0.775111 0.9685 0.9685 0.9685
v -0.201876 0.040000 0.753413 0.9685 0.9685 0.9685
v -0.204467 0.050000 0.763081 0.9685 0.9685 0.9685
v -0.203708 0.042929 0.760250 0.9685 0.9685 0.9685
v -0.201876 0.090000 0.753413 0.9685 0.9685 0.9685
v -0.204467 0.080000 0.763081 0.9685 0.9685 0.9685
v -0.203708 0.087071 0.760250 0.9685 0.9685 0.9685
v -0.266773 0.040000 0.732951 0.9685 0.9685 0.9685
v -0.270196 0.050000 0.742357 0.9685 0.9685 0.9685
v -0.269193 0.042929 0.739602 0.9685 0.9685 0.9685
v -0.266773 0.090000 0.732951 0.9685 0.9685 0.9685
v -0.270196 0.080000 0.742357 0.9685 0.9685 0.9685
v -0.269193 0.087071 0.739602 0.9685 0.9685 0.9685
v -0.329638 0.040000 0.706912 0.9685 0.9685 0.9685
v -0.333868 0.050000 0.715983 0.9685 0.9685 0.9685
v -0.332629 0.042929 0.713326 0.9685 0.9685 0.9685
v -0.329638 0.090000 0.706912 0.9685 0.9685 0.9685
v -0.333868 0.080000 0.715983 0.9685 0.9685 0.9685
v -0.332629 0.087071 0.713326 0.9685 0.9685 0.9685
v -0.389995 0.040000 0.675492 0.9685 0.9685 0.9685
v -0.395000 0.050000 0.684160 0.9685 0.9685 0.9685
v -0.393534 0.042929 0.681621 0.9685 0.9685 0.9685
v -0.389995 0.090000 0.675492 0.9685 0.9685 0.9685
v -0.395000 0.080000 0.684160 0.9685 0.9685 0.9685
v -0.393534 0.087071 0.681621 0.9685 0.9685 0.9685
v -0.447384 0.040000 0.638931 0.9685 0.9685 0.9685
v -0.453125 0.050000 0.647130 0.9685 0.9685 0.9685
v -0.451444 0.042929 0.644729 0.9685 0.9685 0.9685
v -0.447384 0.090000 0.638931 0.9685 0.9685 0.9685
v -0.453125 0.080000 0.647130 0.9685 0.9685 0.9685
v -0.451444 0.087071 0.644729 0.9685 0.9685 0.9685
v -0.501368 0.040000 0.597507 0.9685 0.9685 0.9685
v -0.507802 0.050000 0.605175 0.9685 0.9685 0.9685
v -0.505918 0.042929 0.602929 0.9685 0.9685 0.9685
v -0.501368 0.090000 0.597507 0.9685 0.9685 0.9685
v -0.507802 0.080000 0.605175 0.9685 0.9685 0.9685
v -0.505918 0.087071 0.602929 0.9685 0.9685 0.9685
v -0.551537 0.040000 0.551537 0.9685 0.9685 0.9685
v -0.558614 0.050000 0.558614 0.9685 0.9685 0.9685
v -0.556541 0.042929 0.556541 0.9685 0.9685 0.9685
v -0.551537 0.090000 0.551537 0.9685 0.9685 0.9685
v -0.558614 0.080000 0.558614 0.9685 0.9685 0.9685
v -0.556541 0.087071 0.556541 0.9685 0.9685 0.9685
v -0.597507 0.040000 0.501368 0.9685 0.9685 0.9685
v -0.605175 0.050000 0.507802 0.9685 0.9685 0.9685
v -0.602929 0.042929 0.505918 0.9685 0.9685 0.9685
v -0.597507 0.090000 0.501368 0.9685 0.9685 0.9685
v -0.605175 0.080000 0.507802 0.9685 0.9685 0.9685
v -0.602929 0.087071 0.505918 0.9685 0.9685 0.9685
v -0.638931 0.040000 0.447384 0.9685 0.9685 0.9685
v -0.647130 0.050000 0.453125 0.9685 0.9685 0.9685
v -0.644729 0.042929 0.451444 0.9685 0.9685 0.9685
v -0.638931 0.090000 0.447384 0.9685 0.9685 0.9685
v -0.647130 0.080000 0.453125 0.9685 0.9685 0.9685
v -0.644729 0.087071 0.451444 0.9685 0.9685 0.9685
v -0.675492 0.040000 0.389995 0.9685 0.9685 0.9685
v -0.684160 0.050000 0.395000 0.9685 0.9685 0.9685
v -0.681621 0.042929 0.393534 0.9685 0.9685 0.9685
v -0.675492 0.090000 0.389995 0.9685 0.9685 0.9685
v -0.684160 0.080000 0.395000 0.9685 0.9685 0.9685
v -0.681621 0.087071 0.393534 0.9685 0.9685 0.9685
v -0.706912 0.040000 0.329638 0.9685 0.9685 0.9685
v -0.715983 0.050000 0.333868 0.9685 0.9685 0.9685
v -0.713326 0.042929 0.332629 0.9685 0.9685 0.9685
v -0.706912 0.090000 0.329638 0.9685 0.9685 0.9685
v -0.715983 0.080000 0.333868 0.9685 0.9685 0.9685
v -0.713326 0.087071 0.332629 0.9685 0.9685 0.9685
v -0.732951 0.040000 0.266773 0.9685 0.9685 0.9685
v -0.742357 0.050000 0.270196 0.9685 0.9685 0.9685
v -0.739602 0.042929 0.269193 0.9685 0.9685 0.9685
v -0.732951 0.090000 0.266773 0.9685 0.9685 0.9685
v -0.742357 0.080000 0.270196 0.9685 0.9685 0.9685
v -0.739602 0.087071 0.269193 0.9685 0.9685 0.9685
v -0.753413 0.040000 0.201876 0.9685 0.9685 0.9685
v -0.763081 0.050000 0.204467 0.9685 0.9685 0.9685
v -0.760250 0.042929 0.203708 0.9685 0.9685 0.9685
v -0.753413 0.090000 0.201876 0.9685 0.9685 0.9685
v -0.763081 0.080000 0.204467 0.9685 0.9685 0.9685
v -0.760250 0.087071 0.203708 0.9685 0.9685 0.9685
v -0.768141 0.040000 0.135444 0.9685 0.9685 0.9685
v -0.777998 0.050000 0.137182 0.9685 0.9685 0.9685
v -0.775111 0.042929 0.136673 0.9685 0.9685 0.9685
v -0.768141 0.090000 0.135444 0.9685 0.9685 0.9685
v -0.777998 0.080000 0.137182 0.9685 0.9685 0.9685
v -0.775111 0.087071 0.136673 0.9685 0.9685 0.9685
v -0.777022 0.040000 0.067980 0.9685 0.9685 0.9685
v -0.786994 0.050000 0.068853 0.9685 0.9685 0.9685
v -0.784073 0.042929 0.068597 0.9685 0.9685 0.9685
v -0.777022 0.090000 0.067980 0.9685 0.9685 0.9685
v -0.786994 0.080000 0.068853 0.9685 0.9685 0.9685
v -0.784073 0.087071 0.068597 0.9685 0.9685 0.9685
v -0.779990 0.040000 0.000000 0.9685 0.9685 0.9685
v -0.790000 0.050000 0.000000 0.9685 0.9685 0.9685
v -0.787068 0.042929 0.000000 0.9685 0.9685 0.9685
v -0.779990 0.090000 0.000000 0.9685 0.9685 0.9685
v -0.790000 0.080000 0.000000 0.9685 0.9685 0.9685
v -0.787068 0.087071 0.000000 0.9685 0.9685 0.9685
v -0.777022 0.040000 -0.067980 0.9685 0.9685 0.9685
v -0.786994 0.050000 -0.068853 0.9685 0.9685 0.9685
v -0.784073 0.042929 -0.068597 0.9685 0.9685 0.9685
v -0.777022 0.090000 -0.067980 0.9685 0.9685 0.9685
v -0.786994 0.080000 -0.068853 0.9685 0.9685 0.9685
v -0.784073 0.087071 -0.068597 0.9685 0.9685 0.9685
v -0.768141 0.040000 -0.135444 0.9685 0.9685 0.9685
v -0.777998 0.050000 -0.137182 0.9685 0.9685 0.9685
v -0.775111 0.042929 -0.136673 0.9685 0.9685 0.9685
v -0.768141 0.090000 -0.135444 0.9685 0.9685 0.9685
v -0.777998 0.080000 -0.137182 0.9685 0.9685 0.9685
v -0.775111 0.087071 -0.136673 0.9685 0.9685 0.9685
v -0.753413 0.040000 -0.201876 0.9685 0.9685 0.9685
v -0.763081 0.050000 -0.204467 0.9685 0.9685 0.9685
v -0.760250 0.042929 -0.203708 0.9685 0.9685 0.9685
v -0.753413 0.090000 -0.201876 0.9685 0.9685 0.9685
v -0.763081 0.080000 -0.204467 0.9685 0.9685 0.9685
v -0.760250 0.087071 -0.203708 0.9685 0.9685 0.9685
v -0.732951 0.040000 -0.266773 0.9685 0.9685 0.9685
v -0.742357 0.050000 -0.270196 0.9685 0.9685 0.9685
v -0.739602 0.042929 -0.269193 0.9685 0.9685 0.9685
v -0.732951 0.090000 -0.266773 0.9685 0.9685 0.9685
v -0.742357 0.080000 -0.270196 0.9685 0.9685 0.9685
v -0.739602 0.087071 -0.269193 0.9685 0.9685 0.9685
v -0.706912 0.040000 -0.329638 0.9685 0.9685 0.9685
v -0.715983 0.050000 -0.333868 0.9685 0.9685 0.9685
v -0.713326 0.042929 -0.332629 0.9685 0.9685 0.9685
v -0.706912 0.090000 -0.329638 0.9685 0.9685 0.9685
v -0.715983 0.080000 -0.333868 0.9685 0.9685 0.9685
v -0.713326 0.087071 -0.332629 0.9685 0.9685 0.9685
v -0.675492 0.040000 -0.389995 0.9685 0.9685 0.9685
v -0.684160 0.050000 -0.395000 0.9685 0.9685 0.9685
v -0.681621 0.042929 -0.393534 0.9685 0.9685 0.9685
v -0.675492 0.090000 -0.389995 0.9685 0.9685 0.9685
v -0.684160 0.080000 -0.395000 0.9685 0.9685 0.9685
v -0.681621 0.087071 -0.393534 0.9685 0.9685 0.9685
v -0.638931 0.040000 -0.447384 0.9685 0.9685 0.9685
v -0.647130 0.050000 -0.453125 0.9685 0.9685 0.9685
v -0.644729 0.042929 -0.451444 0.9685 0.9685 0.9685
v -0.638931 0.090000 -0.447384 0.9685 0.9685 0.9685
v -0.647130 0.080000 -0.453125 0.9685 0.9685 0.9685
v -0.644729 0.087071 -0.451444 0.9685 0.9685 0.9685
v -0.597507 0.040000 -0.501368 0.9685 0.9685 0.9685
v -0.605175 0.050000 -0.507802 0.9685 0.9685 0.9685
v -0.602929 0.042929 -0.505918 0.9685 0.9685 0.9685
v -0.597507 0.090000 -0.501368 0.9685 0.9685 0.9685
v -0.605175 0.080000 -0.507802 0.9685 0.9685 0.9685
v -0.602929 0.087071 -0.505918 0.9685 0.9685 0.9685
v -0.551537 0.040000 -0.551537 0.9685 0.9685 0.9685
v -0.558614 0.050000 -0.558614 0.9685 0.9685 0.9685
v -0.556541 0.042929 -0.556541 0.9685 0.9685 0.9685
v -0.551537 0.090000 -0.551537 0.9685 0.9685 0.9685
v -0.558614 0.080000 -0.558614 0.9685 0.9685 0.9685
v -0.556541 0.087071 -0.556541 0.9685 0.9685 0.9685
v -0.501368 0.040000 -0.597507 0.9685 0.9685 0.9685
v -0.507802 0.050000 -0.605175 0.9685 0.9685 0.9685
v -0.505918 0.042929 -0.602929 0.9685 0.9685 0.9685
v -0.501368 0.090000 -0.597507 0.9685 0.9685 0.9685
v -0.507802 0.080000 -0.605175 0.9685 0.9685 0.9685
v -0.505918 0.087071 -0.602929 0.9685 0.9685 0.9685
v -0.447384 0.040000 -0.638931 0.9685 0.9685 0.9685
v -0.453125 0.050000 -0.647130 0.9685 0.9685 0.9685
v -0.451444 0.042929 -0.644729 0.9685 0.9685 0.9685
v -0.447384 0.090000 -0.638931 0.9685 0.9685 0.9685
v -0.453125 0.080000 -0.647130 0.9685 0.9685 0.9685
v -0.451444 0.087071 -0.644729 0.9685 0.9685 0.9685
v -0.389995 0.040000 -0.675492 0.9685 0.9685 0.9685
v -0.395000 0.050000 -0.684160 0.9685 0.9685 0.9685
v -0.393534 0.042929 -0.681621 0.9685 0.9685 0.9685
v -0.389995 0.090000 -0.675492 0.9685 0.9685 0.9685
v -0.395000 0.080000 -0.684160 0.9685 0.9685 0.9685
v -0.393534 0.087071 -0.681621 0.9685 0.9685 0.9685
v -0.329638 0.040000 -0.706912 0.9685 0.9685 0.9685
v -0.333868 0.050000 -0.715983 0.9685 0.9685 0.9685
v -0.332629 0.042929 -0.713326 0.9685 0.9685 0.9685
v -0.329638 0.090000 -0.706912 0.9685 0.9685 0.9685
v -0.333868 0.080000 -0.715983 0.9685 0.9685 0.9685
v -0.332629 0.087071 -0.713326 0.9685 0.9685 0.9685
v -0.266773 0.040000 -0.732951 0.9685 0.9685 0.9685
v -0.270196 0.050000 -0.742357 0.9685 0.9685 0.9685
v -0.269193 0.042929 -0.739602 0.9685 0.9685 0.9685
v -0.266773 0.090000 -0.732951 0.9685 0.9685 0.9685
v -0.270196 0.080000 -0.742357 0.9685 0.9685 0.9685
v -0.269193 0.087071 -0.739602 0.9685 0.9685 0.9685
v -0.201876 0.040000 -0.753413 0.9685 0.9685 0.9685
v -0.204467 0.050000 -0.763081 0.9685 0.9685 0.9685
v -0.203708 0.042929 -0.760250 0.9685 0.9685 0.9685
v -0.201876 0.090000 -0.753413 0.9685 0.9685 0.9685
v -0.204467 0.080000 -0.763081 0.9685 0.9685 0.9685
v -0.203708 0.087071 -0.760250 0.9685 0.9685 0.9685
v -0.135444 0.040000 -0.768141 0.9685 0.9685 0.9685
v -0.137182 0.050000 -0.777998 0.9685 0.9685 0.9685
v -0.136673 0.042929 -0.775111 0.9685 0.9685 0.9685
v -0.135444 0.090000 -0.768141 0.9685 0.9685 0.9685
v -0.137182 0.080000 -0.777998 0.9685 0.9685 0.9685
v -0.136673 0.087071 -0.775111 0.9685 0.9685 0.9685
v -0.067980 0.040000 -0.777022 0.9685 0.9685 0.9685
v -0.068853 0.050000 -0.786994 0.9685 0.9685 0.9685
v -0.068597 0.042929 -0.784073 0.9685 0.9685 0.9685
v -0.067980 0.090000 -0.777022 0.9685 0.9685 0.9685
v -0.068853 0.080000 -0.786994 0.9685 0.9685 0.9685
v -0.068597 0.087071 -0.784073 0.9685 0.9685 0.9685
vn 0.0737 -0.1302 -0.9887
vn 0.2165 -0.1302 -0.9676
vn 0.1897 -0.4959 -0.8474
vn 0.0646 -0.4953 -0.8663
vn 0.1109 -0.8614 -0.4957
vn 0.0378 -0.8612 -0.5069
vn 0.0297 -0.9907 -0.1328
vn 0.0101 -0.9907 -0.1360
vn 0.3161 -0.1303 -0.9397
vn 0.2765 -0.4979 -0.8220
vn 0.1607 -0.8637 -0.4777
vn 0.0425 -0.9911 -0.1263
vn 0.3858 -0.1302 -0.9134
vn 0.3377 -0.4971 -0.7993
vn 0.1965 -0.8631 -0.4652
vn 0.0520 -0.9910 -0.1231
vn 0.4723 -0.1302 -0.8718
vn 0.4134 -0.4968 -0.7631
vn 0.2412 -0.8624 -0.4452
vn 0.0643 -0.9908 -0.1187
vn 0.5785 -0.1301 -0.8052
vn 0.5066 -0.4959 -0.7053
vn 0.2964 -0.8614 -0.4125
vn 0.0793 -0.9907 -0.1103
vn 0.6531 -0.1303 -0.7460
vn 0.5711 -0.4984 -0.6523
vn 0.3312 -0.8644 -0.3783
vn 0.0873 -0.9912 -0.0997
vn 0.6908 -0.1302 -0.7113
vn 0.6040 -0.4983 -0.6220
vn 0.3506 -0.8642 -0.3610
vn 0.0925 -0.9911 -0.0953
vn 0.7307 -0.1303 -0.6702
vn 0.6390 -0.4982 -0.5861
vn 0.3711 -0.8640 -0.3404
vn 0.0981 -0.9911 -0.0900
vn 0.7724 -0.1302 -0.6216
vn 0.6758 -0.4977 -0.5437
vn 0.3926 -0.8638 -0.3159
vn 0.1039 -0.9911 -0.0836
vn 0.8102 -0.1303 -0.5715
vn 0.7085 -0.4982 -0.4998
vn 0.4114 -0.8640 -0.2902
vn 0.1086 -0.9911 -0.0766
vn 0.8435 -0.1303 -0.5212
vn 0.7377 -0.4979 -0.4558
vn 0.4286 -0.8638 -0.2648
vn 0.1132 -0.9911 -0.0700
vn 0.8759 -0.1300 -0.4646
vn 0.7662 -0.4978 -0.4064
vn 0.4450 -0.8638 -0.2362
vn 0.1178 -0.9911 -0.0625
vn 0.9065 -0.1303 -0.4016
vn 0.7930 -0.4977 -0.3513
vn 0.4611 -0.8635 -0.2043
vn 0.1221 -0.9910 -0.0541
vn 0.9334 -0.1302 -0.3344
vn 0.8165 -0.4977 -0.2925
vn 0.4747 -0.8636 -0.1701
vn 0.1257 -0.9910 -0.0450
vn 0.9546 -0.1302 -0.2679
vn 0.8349 -0.4979 -0.2344
vn 0.4852 -0.8637 -0.1362
vn 0.1284 -0.9911 -0.0360
vn 0.9700 -0.1302 -0.2051
vn 0.8485 -0.4978 -0.1794
vn 0.4927 -0.8639 -0.1042
vn 0.1300 -0.9911 -0.0274
vn 0.9806 -0.1303 -0.1464
vn 0.8575 -0.4983 -0.1281
vn 0.4978 -0.8641 -0.0744
vn 0.1315 -0.9911 -0.0196
vn 0.9875 -0.1303 -0.0888
vn 0.8638 -0.4979 -0.0777
vn 0.5014 -0.8640 -0.0451
vn 0.1326 -0.9911 -0.0119
vn 0.9914 -0.1266 -0.0324
vn 0.8717 -0.4892 -0.0281
vn 0.5165 -0.8562 -0.0125
vn 0.1403 -0.9901 -0.0019
vn 0.9906 -0.1323 0.0345
vn 0.8639 -0.5029 0.0275
vn 0.5100 -0.8601 0.0105
vn 0.1401 -0.9901 0.0011
vn 0.9871 -0.1347 0.0864
vn 0.8570 -0.5098 0.0755
vn 0.4927 -0.8690 0.0469
vn 0.1303 -0.9914 0.0137
vn 0.9832 -0.1306 0.1278
vn 0.8591 -0.4995 0.1117
vn 0.4971 -0.8653 0.0646
vn 0.1303 -0.9913 0.0169
vn 0.9805 -0.1303 0.1471
vn 0.8567 -0.4995 0.1285
vn 0.4958 -0.8653 0.0744
vn 0.1300 -0.9913 0.0195
vn 0.9774 -0.1306 0.1661
vn 0.8539 -0.4997 0.1452
vn 0.4938 -0.8655 0.0840
vn 0.1291 -0.9914 0.0220
vn 0.9740 -0.1308 0.1850
vn 0.8506 -0.5003 0.1616
vn 0.4915 -0.8659 0.0934
vn 0.1284 -0.9914 0.0243
vn 0.9684 -0.1303 0.2126
vn 0.8466 -0.4988 0.1858
vn 0.4905 -0.8647 0.1083
vn 0.1288 -0.9913 0.0286
vn 0.9596 -0.1299 0.2496
vn 0.8392 -0.4981 0.2183
vn 0.4867 -0.8644 0.1263
vn 0.1282 -0.9912 0.0332
vn 0.9496 -0.1306 0.2848
vn 0.8302 -0.4988 0.2490
vn 0.4810 -0.8648 0.1442
vn 0.1266 -0.9912 0.0380
vn 0.9388 -0.1302 0.3191
vn 0.8206 -0.4988 0.2789
vn 0.4754 -0.8648 0.1616
vn 0.1251 -0.9912 0.0425
vn 0.9269 -0.1303 0.3521
vn 0.8102 -0.4989 0.3078
vn 0.4693 -0.8648 0.1783
vn 0.1234 -0.9912 0.0469
vn 0.9142 -0.1304 0.3838
vn 0.7991 -0.4990 0.3355
vn 0.4629 -0.8649 0.1943
vn 0.1212 -0.9913 0.0511
vn 0.9008 -0.1303 0.4142
vn 0.7875 -0.4987 0.3622
vn 0.4560 -0.8649 0.2097
vn 0.1199 -0.9913 0.0551
vn 0.8869 -0.1303 0.4433
vn 0.7753 -0.4988 0.3876
vn 0.4489 -0.8650 0.2244
vn 0.1181 -0.9913 0.0590
vn 0.8850 -0.1307 0.4468
vn 0.7725 -0.5011 0.3901
vn 0.4450 -0.8669 0.2247
vn 0.1158 -0.9916 0.0585
vn 0.8955 -0.1308 0.4253
vn 0.7819 -0.5007 0.3714
vn 0.4503 -0.8669 0.2138
vn 0.1171 -0.9916 0.0556
vn 0.9058 -0.1308 0.4030
vn 0.7907 -0.5011 0.3518
vn 0.4554 -0.8669 0.2026
vn 0.1182 -0.9916 0.0525
vn 0.9157 -0.1307 0.3799
vn 0.7993 -0.5011 0.3316
vn 0.4603 -0.8670 0.1910
vn 0.1194 -0.9916 0.0495
vn 0.9389 -0.1313 0.3182
vn 0.8177 -0.5045 0.2771
vn 0.4668 -0.8701 0.1582
vn 0.1194 -0.9920 0.0405
vn 0.9683 -0.1314 0.2123
vn 0.8433 -0.5047 0.1849
vn 0.4810 -0.8704 0.1055
vn 0.1229 -0.9921 0.0269
vn 0.9864 -0.1314 0.0983
vn 0.8591 -0.5047 0.0856
vn 0.4897 -0.8705 0.0488
vn 0.1250 -0.9921 0.0125
vn 0.9911 -0.1314 -0.0198
vn 0.8629 -0.5051 -0.0172
vn 0.4918 -0.8706 -0.0098
vn 0.1256 -0.9921 -0.0025
vn 0.9883 -0.1306 -0.0791
vn 0.8632 -0.5002 -0.0691
vn 0.4984 -0.8660 -0.0399
vn 0.1303 -0.9914 -0.0104
vn 0.1302 -0.9914 -0.0104
vn 0.8633 -0.4999 -0.0691
vn 0.9897 -0.1303 -0.0594
vn 0.8652 -0.4987 -0.0519
vn 0.5016 -0.8646 -0.0301
vn 0.1321 -0.9912 -0.0079
vn 0.9913 -0.1304 -0.0198
vn 0.8666 -0.4987 -0.0173
vn 0.5024 -0.8646 -0.0101
vn 0.1322 -0.9912 -0.0027
vn 0.9913 -0.1304 0.0198
vn 0.8666 -0.4987 0.0173
vn 0.5024 -0.8646 0.0101
vn 0.1322 -0.9912 0.0027
vn 0.9897 -0.1303 0.0594
vn 0.8653 -0.4986 0.0519
vn 0.5015 -0.8646 0.0301
vn 0.1320 -0.9912 0.0079
vn 0.9896 -0.1307 0.0594
vn 0.8636 -0.5015 0.0518
vn 0.4966 -0.8675 0.0298
vn 0.1284 -0.9917 0.0077
vn 0.9912 -0.1308 0.0198
vn 0.8649 -0.5016 0.0173
vn 0.4975 -0.8674 0.0099
vn 0.1290 -0.9916 0.0026
vn 0.9913 -0.1298 -0.0204
vn 0.8666 -0.4988 -0.0180
vn 0.5000 -0.8660 -0.0094
vn 0.1294 -0.9916 -0.0020
vn 0.9898 -0.1305 -0.0581
vn 0.8642 -0.5005 -0.0507
vn 0.4962 -0.8676 -0.0309
vn 0.1276 -0.9918 -0.0087
vn 0.9842 -0.1307 -0.1193
vn 0.8585 -0.5021 -0.1043
vn 0.4918 -0.8688 -0.0578
vn 0.1262 -0.9919 -0.0139
vn 0.9726 -0.1303 -0.1927
vn 0.8483 -0.5022 -0.1678
vn 0.4847 -0.8691 -0.0982
vn 0.1241 -0.9919 -0.0261
vn 0.9544 -0.1321 -0.2676
vn 0.8307 -0.5056 -0.2330
vn 0.4744 -0.8704 -0.1320
vn 0.1218 -0.9920 -0.0334
vn 0.9329 -0.1310 -0.3354
vn 0.8134 -0.5029 -0.2924
vn 0.4662 -0.8687 -0.1676
vn 0.1202 -0.9918 -0.0432
vn 0.9269 -0.1303 -0.3521
vn 0.8101 -0.4989 -0.3078
vn 0.4693 -0.8649 -0.1783
vn 0.1235 -0.9912 -0.0469
vn 0.9387 -0.1306 -0.3192
vn 0.8206 -0.4989 -0.2789
vn 0.4754 -0.8648 -0.1616
vn 0.1251 -0.9912 -0.0425
vn 0.9497 -0.1304 -0.2848
vn 0.8301 -0.4989 -0.2489
vn 0.4811 -0.8647 -0.1443
vn 0.1266 -0.9912 -0.0380
vn 0.9596 -0.1308 -0.2491
vn 0.8382 -0.5000 -0.2176
vn 0.4850 -0.8653 -0.1264
vn 0.1275 -0.9913 -0.0334
vn 0.9712 -0.1302 -0.1994
vn 0.8494 -0.4980 -0.1745
vn 0.4939 -0.8637 -0.1005
vn 0.1309 -0.9910 -0.0262
vn 0.9827 -0.1298 -0.1322
vn 0.8601 -0.4968 -0.1157
vn 0.5006 -0.8630 -0.0678
vn 0.1327 -0.9910 -0.0182
vn 0.9894 -0.1307 -0.0639
vn 0.8647 -0.4991 -0.0559
vn 0.5018 -0.8644 -0.0329
vn 0.1327 -0.9911 -0.0089
vn 0.9915 -0.1304 0.0043
vn 0.8669 -0.4985 0.0038
vn 0.5035 -0.8640 0.0032
vn 0.1334 -0.9911 0.0013
vn 0.9903 -0.1301 0.0495
vn 0.8656 -0.4988 0.0433
vn 0.5011 -0.8650 0.0251
vn 0.1316 -0.9913 0.0066
vn 0.9890 -0.1305 0.0692
vn 0.8642 -0.4996 0.0605
vn 0.4999 -0.8654 0.0350
vn 0.1308 -0.9914 0.0092
vn 0.9875 -0.1305 0.0889
vn 0.8627 -0.4997 0.0776
vn 0.4990 -0.8655 0.0449
vn 0.1309 -0.9913 0.0118
vn 0.9855 -0.1304 0.1083
vn 0.8611 -0.4995 0.0946
vn 0.4981 -0.8654 0.0549
vn 0.1307 -0.9913 0.0145
vn 0.9844 -0.1306 0.1181
vn 0.8600 -0.4997 0.1032
vn 0.4966 -0.8659 0.0596
vn 0.1294 -0.9915 0.0156
vn 0.8599 -0.4999 0.1032
vn 0.4965 -0.8660 0.0596
vn 0.1297 -0.9914 0.0156
vn 0.8598 -0.5001 0.1032
vn 0.1294 -0.9915 0.0157
vn 0.8600 -0.4998 0.1032
vn 0.8600 -0.4997 0.1033
vn 0.8599 -0.4998 0.1033
vn 0.8598 -0.5002 0.1032
vn 0.1292 -0.9915 0.0157
vn 0.9838 -0.1305 0.1230
vn 0.8595 -0.4997 0.1074
vn 0.4965 -0.8658 0.0621
vn 0.1300 -0.9914 0.0163
vn 0.9825 -0.1305 0.1326
vn 0.8584 -0.4998 0.1159
vn 0.4961 -0.8657 0.0670
vn 0.1299 -0.9914 0.0175
vn 0.9812 -0.1305 0.1423
vn 0.8572 -0.4998 0.1243
vn 0.4955 -0.8656 0.0718
vn 0.1297 -0.9914 0.0188
vn 0.9797 -0.1306 0.1519
vn 0.8559 -0.4998 0.1327
vn 0.4947 -0.8657 0.0767
vn 0.1295 -0.9914 0.0201
vn 0.9790 -0.1304 0.1566
vn 0.8552 -0.4999 0.1368
vn 0.4936 -0.8661 0.0790
vn 0.1287 -0.9915 0.0205
vn 0.9790 -0.1303 0.1566
vn 0.8550 -0.5002 0.1368
vn 0.4935 -0.8661 0.0790
vn 0.1291 -0.9914 0.0207
vn 0.9790 -0.1305 0.1566
vn 0.1290 -0.9914 0.0206
vn 0.9797 -0.1307 0.1519
vn 0.8555 -0.5005 0.1326
vn 0.4935 -0.8664 0.0765
vn 0.1287 -0.9915 0.0199
vn 0.9812 -0.1306 0.1423
vn 0.8568 -0.5005 0.1242
vn 0.4942 -0.8664 0.0717
vn 0.1289 -0.9915 0.0187
vn 0.9825 -0.1306 0.1326
vn 0.8580 -0.5004 0.1158
vn 0.4949 -0.8664 0.0668
vn 0.1287 -0.9915 0.0174
vn 0.9838 -0.1307 0.1230
vn 0.8591 -0.5004 0.1074
vn 0.4956 -0.8663 0.0620
vn 0.1292 -0.9915 0.0161
vn 0.9838 -0.1306 0.1230
vn 0.1300 -0.9914 0.0162
vn 0.8574 -0.4995 0.1243
vn 0.4954 -0.8657 0.0718
vn 0.4948 -0.8656 0.0767
vn 0.1294 -0.9914 0.0201
vn 0.9767 -0.1305 0.1703
vn 0.8538 -0.4988 0.1489
vn 0.4943 -0.8650 0.0862
vn 0.1298 -0.9913 0.0226
vn 0.9709 -0.1304 0.2009
vn 0.8488 -0.4987 0.1756
vn 0.4917 -0.8648 0.1017
vn 0.1294 -0.9912 0.0268
vn 0.9623 -0.1303 0.2387
vn 0.8413 -0.4987 0.2087
vn 0.4878 -0.8645 0.1210
vn 0.1285 -0.9912 0.0319
vn 0.9491 -0.1302 0.2867
vn 0.8300 -0.4982 0.2508
vn 0.4818 -0.8641 0.1456
vn 0.1272 -0.9911 0.0384
vn 0.9358 -0.1304 0.3275
vn 0.8179 -0.4991 0.2862
vn 0.4737 -0.8650 0.1657
vn 0.1245 -0.9913 0.0436
vn 0.9258 -0.1304 0.3548
vn 0.8091 -0.4991 0.3101
vn 0.4685 -0.8650 0.1796
vn 0.1231 -0.9913 0.0472
vn 0.9152 -0.1303 0.3813
vn 0.7999 -0.4991 0.3332
vn 0.4631 -0.8651 0.1929
vn 0.1217 -0.9913 0.0507
vn 0.9042 -0.1303 0.4068
vn 0.7902 -0.4991 0.3555
vn 0.4575 -0.8651 0.2058
vn 0.1202 -0.9913 0.0541
vn 0.8755 -0.1304 0.4653
vn 0.7663 -0.4968 0.4073
vn 0.4467 -0.8626 0.2374
vn 0.1186 -0.9909 0.0632
vn 0.8028 -0.1299 0.5819
vn 0.7034 -0.4951 0.5099
vn 0.4124 -0.8606 0.2989
vn 0.1111 -0.9905 0.0806
vn 0.6307 -0.1439 0.7625
vn 0.5445 -0.5265 0.6530
vn 0.3229 -0.8730 0.3654
vn 0.0920 -0.9910 0.0973
vn 0.2894 -0.1231 0.9493
vn 0.2414 -0.4679 0.8502
vn 0.1029 -0.7928 0.6007
vn 0.0155 -0.9709 0.2391
vn -0.3205 -0.1064 0.9413
vn -0.2858 -0.4230 0.8599
vn -0.1454 -0.7773 0.6121
vn -0.0282 -0.9711 0.2370
vn -0.7284 -0.1311 0.6725
vn -0.6393 -0.4927 0.5903
vn -0.3803 -0.8556 0.3511
vn -0.1061 -0.9895 0.0979
vn -0.9008 -0.1302 0.4143
vn -0.7897 -0.4944 0.3632
vn -0.4646 -0.8594 0.2137
vn -0.1261 -0.9903 0.0580
vn -0.9583 -0.1302 0.2545
vn -0.8392 -0.4961 0.2228
vn -0.4900 -0.8620 0.1301
vn -0.1310 -0.9908 0.0348
vn -0.9722 -0.1307 0.1944
vn -0.8491 -0.5003 0.1698
vn -0.4903 -0.8660 0.0981
vn -0.1282 -0.9914 0.0256
vn -0.9722 -0.1303 0.1944
vn -0.8492 -0.5000 0.1698
vn -0.4904 -0.8659 0.0981
vn -0.9723 -0.1302 0.1943
vn -0.8491 -0.5002 0.1698
vn -0.4904 -0.8660 0.0981
vn -0.9784 -0.1301 0.1605
vn -0.8559 -0.4978 0.1404
vn -0.4974 -0.8637 0.0816
vn -0.1313 -0.9911 0.0216
vn -0.9864 -0.1301 0.1003
vn -0.8626 -0.4982 0.0877
vn -0.5008 -0.8641 0.0509
vn -0.1320 -0.9912 0.0134
vn -0.9900 -0.1302 0.0536
vn -0.8655 -0.4987 0.0469
vn -0.5017 -0.8646 0.0272
vn -0.1321 -0.9912 0.0072
vn -0.9913 -0.1304 0.0165
vn -0.8665 -0.4990 0.0144
vn -0.5020 -0.8648 0.0084
vn -0.1320 -0.9912 0.0022
vn -0.9914 -0.1306 -0.0099
vn -0.8663 -0.4995 -0.0087
vn -0.5013 -0.8652 -0.0050
vn -0.1315 -0.9913 -0.0013
vn -0.9910 -0.1305 -0.0297
vn -0.8661 -0.4992 -0.0260
vn -0.5010 -0.8653 -0.0150
vn -0.1315 -0.9913 -0.0039
vn -0.9902 -0.1304 -0.0495
vn -0.8652 -0.4995 -0.0433
vn -0.5005 -0.8654 -0.0250
vn -0.1313 -0.9913 -0.0066
vn -0.9890 -0.1304 -0.0692
vn -0.8642 -0.4994 -0.0605
vn -0.4999 -0.8653 -0.0350
vn -0.1312 -0.9913 -0.0092
vn -0.9887 -0.1306 -0.0741
vn -0.8633 -0.5004 -0.0647
vn -0.4980 -0.8664 -0.0373
vn -0.1299 -0.9915 -0.0097
vn -0.9894 -0.1305 -0.0643
vn -0.8639 -0.5005 -0.0562
vn -0.4983 -0.8664 -0.0324
vn -0.1300 -0.9915 -0.0084
vn -0.9900 -0.1305 -0.0544
vn -0.8644 -0.5005 -0.0475
vn -0.4985 -0.8664 -0.0274
vn -0.1301 -0.9915 -0.0072
vn -0.9905 -0.1304 -0.0446
vn -0.8649 -0.5004 -0.0389
vn -0.4988 -0.8664 -0.0224
vn -0.1301 -0.9915 -0.0059
vn -0.9905 -0.1303 -0.0446
vn -0.8653 -0.4997 -0.0389
vn -0.5000 -0.8657 -0.0225
vn -0.1310 -0.9914 -0.0059
vn -0.9900 -0.1303 -0.0544
vn -0.8648 -0.4998 -0.0476
vn -0.5001 -0.8656 -0.0275
vn -0.1309 -0.9914 -0.0072
vn -0.9894 -0.1304 -0.0643
vn -0.8643 -0.4998 -0.0562
vn -0.4995 -0.8657 -0.0325
vn -0.1308 -0.9914 -0.0085
vn -0.9887 -0.1305 -0.0741
vn -0.8638 -0.4997 -0.0648
vn -0.4992 -0.8657 -0.0374
vn -0.1306 -0.9914 -0.0098
vn -0.8634 -0.5004 -0.0648
vn -0.1298 -0.9915 -0.0097
vn -0.9900 -0.1304 -0.0544
vn -0.8649 -0.5005 -0.0389
vn -0.4991 -0.8663 -0.0223
vn -0.1305 -0.9914 -0.0059
vn -0.5001 -0.8655 -0.0275
vn -0.9899 -0.1308 -0.0543
vn -0.9904 -0.1305 -0.0446
vn -0.9911 -0.1308 -0.0248
vn -0.8650 -0.5012 -0.0216
vn -0.4980 -0.8671 -0.0124
vn -0.1294 -0.9916 -0.0032
vn -0.9914 -0.1309 0.0050
vn -0.8653 -0.5013 0.0043
vn -0.4982 -0.8670 0.0025
vn -0.1295 -0.9916 0.0006
vn -0.9908 -0.1308 0.0347
vn -0.8649 -0.5010 0.0303
vn -0.4979 -0.8671 0.0174
vn -0.1294 -0.9916 0.0045
vn -0.9893 -0.1307 0.0643
vn -0.8635 -0.5012 0.0561
vn -0.4971 -0.8671 0.0323
vn -0.1287 -0.9917 0.0084
vn -0.9852 -0.1308 0.1104
vn -0.8592 -0.5025 0.0963
vn -0.4928 -0.8684 0.0552
vn -0.1272 -0.9918 0.0143
vn -0.9750 -0.1309 0.1798
vn -0.8499 -0.5031 0.1568
vn -0.4867 -0.8689 0.0898
vn -0.1249 -0.9919 0.0231
vn -0.9556 -0.1310 0.2638
vn -0.8326 -0.5039 0.2299
vn -0.4758 -0.8697 0.1314
vn -0.1221 -0.9919 0.0337
vn -0.9217 -0.1313 0.3650
vn -0.8025 -0.5051 0.3178
vn -0.4574 -0.8706 0.1811
vn -0.1168 -0.9921 0.0463
vn -0.8748 -0.1310 0.4664
vn -0.7619 -0.5045 0.4062
vn -0.4350 -0.8701 0.2319
vn -0.1110 -0.9921 0.0592
vn -0.8220 -0.1312 0.5542
vn -0.7161 -0.5042 0.4828
vn -0.4091 -0.8698 0.2758
vn -0.1048 -0.9920 0.0707
vn -0.7645 -0.1311 0.6312
vn -0.6661 -0.5039 0.5499
vn -0.3808 -0.8696 0.3144
vn -0.0977 -0.9919 0.0807
vn -0.7050 -0.1311 0.6970
vn -0.6144 -0.5036 0.6074
vn -0.3515 -0.8693 0.3475
vn -0.0904 -0.9919 0.0894
vn -0.6637 -0.1311 0.7364
vn -0.5794 -0.5012 0.6427
vn -0.3335 -0.8671 0.3700
vn -0.0867 -0.9916 0.0962
vn -0.6411 -0.1308 0.7562
vn -0.5595 -0.5017 0.6598
vn -0.3218 -0.8674 0.3795
vn -0.0836 -0.9916 0.0985
vn -0.6166 -0.1312 0.7763
vn -0.5377 -0.5027 0.6769
vn -0.3089 -0.8680 0.3888
vn -0.0801 -0.9917 0.1009
vn -0.5897 -0.1306 0.7970
vn -0.5147 -0.5013 0.6956
vn -0.2966 -0.8673 0.3997
vn -0.0772 -0.9916 0.1035
vn -0.4593 -0.1328 0.8783
vn -0.3981 -0.5125 0.7608
vn -0.2224 -0.8771 0.4257
vn -0.0547 -0.9930 0.1051
vn -0.1691 -0.1340 0.9764
vn -0.1460 -0.5177 0.8430
vn -0.0808 -0.8808 0.4666
vn -0.0196 -0.9934 0.1133
vn 0.1691 -0.1340 0.9764
vn 0.1460 -0.5177 0.8430
vn 0.0808 -0.8808 0.4666
vn 0.0196 -0.9934 0.1133
vn 0.4593 -0.1328 0.8783
vn 0.3981 -0.5125 0.7608
vn 0.2224 -0.8771 0.4257
vn 0.0547 -0.9930 0.1051
vn 0.5897 -0.1306 0.7970
vn 0.5147 -0.5013 0.6956
vn 0.2966 -0.8673 0.3997
vn 0.0772 -0.9916 0.1035
vn 0.6165 -0.1315 0.7763
vn 0.5377 -0.5027 0.6769
vn 0.3089 -0.8680 0.3888
vn 0.0801 -0.9917 0.1009
vn 0.6411 -0.1308 0.7562
vn 0.5595 -0.5017 0.6598
vn 0.3218 -0.8674 0.3795
vn 0.0836 -0.9916 0.0985
vn 0.6637 -0.1311 0.7364
vn 0.5794 -0.5012 0.6427
vn 0.3335 -0.8671 0.3700
vn 0.0867 -0.9916 0.0962
vn 0.7050 -0.1311 0.6970
vn 0.6144 -0.5036 0.6074
vn 0.3515 -0.8693 0.3475
vn 0.0904 -0.9919 0.0894
vn 0.7645 -0.1311 0.6312
vn 0.6661 -0.5039 0.5499
vn 0.3808 -0.8696 0.3144
vn 0.0977 -0.9919 0.0807
vn 0.8220 -0.1312 0.5542
vn 0.7161 -0.5042 0.4828
vn 0.4091 -0.8698 0.2758
vn 0.1048 -0.9920 0.0707
vn 0.8748 -0.1310 0.4664
vn 0.7619 -0.5045 0.4062
vn 0.4350 -0.8701 0.2319
vn 0.1110 -0.9921 0.0592
vn 0.9217 -0.1313 0.3650
vn 0.8025 -0.5051 0.3178
vn 0.4574 -0.8706 0.1811
vn 0.1168 -0.9921 0.0463
vn 0.9556 -0.1310 0.2638
vn 0.8326 -0.5039 0.2299
vn 0.4758 -0.8697 0.1314
vn 0.1221 -0.9919 0.0337
vn 0.9750 -0.1309 0.1798
vn 0.8499 -0.5031 0.1568
vn 0.4867 -0.8689 0.0898
vn 0.1253 -0.9919 0.0231
vn 0.9852 -0.1308 0.1104
vn 0.8592 -0.5025 0.0963
vn 0.4928 -0.8684 0.0552
vn 0.1272 -0.9918 0.0143
vn 0.9893 -0.1307 0.0643
vn 0.8635 -0.5012 0.0561
vn 0.4971 -0.8671 0.0323
vn 0.1287 -0.9917 0.0084
vn 0.9908 -0.1308 0.0347
vn 0.8649 -0.5010 0.0303
vn 0.4979 -0.8671 0.0174
vn 0.1294 -0.9916 0.0045
vn 0.9914 -0.1309 0.0050
vn 0.8653 -0.5013 0.0043
vn 0.4982 -0.8670 0.0025
vn 0.1295 -0.9916 0.0006
vn 0.9911 -0.1308 -0.0248
vn 0.8652 -0.5009 -0.0216
vn 0.4980 -0.8671 -0.0124
vn 0.1294 -0.9916 -0.0032
vn 0.9904 -0.1305 -0.0446
vn 0.8649 -0.5005 -0.0389
vn 0.4988 -0.8664 -0.0224
vn 0.1301 -0.9915 -0.0059
vn 0.9899 -0.1308 -0.0543
vn 0.8644 -0.5005 -0.0475
vn 0.4985 -0.8664 -0.0274
vn 0.1301 -0.9915 -0.0072
vn 0.9894 -0.1305 -0.0643
vn 0.8639 -0.5005 -0.0562
vn 0.4983 -0.8664 -0.0324
vn 0.1300 -0.9915 -0.0084
vn 0.9887 -0.1306 -0.0741
vn 0.8634 -0.5004 -0.0648
vn 0.4980 -0.8664 -0.0373
vn 0.1298 -0.9915 -0.0097
vn 0.9887 -0.1305 -0.0741
vn 0.8638 -0.4997 -0.0648
vn 0.4992 -0.8657 -0.0374
vn 0.1306 -0.9914 -0.0098
vn 0.9894 -0.1304 -0.0643
vn 0.8643 -0.4998 -0.0562
vn 0.4995 -0.8657 -0.0325
vn 0.1308 -0.9914 -0.0085
vn 0.9900 -0.1304 -0.0544
vn 0.8648 -0.4998 -0.0476
vn 0.4998 -0.8657 -0.0275
vn 0.1309 -0.9914 -0.0072
vn 0.9905 -0.1303 -0.0446
vn 0.8655 -0.4994 -0.0389
vn 0.5000 -0.8657 -0.0225
vn 0.1305 -0.9914 -0.0059
vn 0.9905 -0.1304 -0.0446
vn 0.4991 -0.8663 -0.0223
vn 0.9900 -0.1303 -0.0544
vn 0.4997 -0.8657 -0.0275
vn 0.8653 -0.4997 -0.0389
vn 0.1310 -0.9914 -0.0059
vn 0.8649 -0.5004 -0.0389
vn 0.9900 -0.1305 -0.0544
vn 0.8633 -0.5004 -0.0647
vn 0.1299 -0.9915 -0.0097
vn 0.9890 -0.1304 -0.0692
vn 0.8644 -0.4991 -0.0605
vn 0.4999 -0.8653 -0.0350
vn 0.1312 -0.9913 -0.0092
vn 0.9902 -0.1304 -0.0495
vn 0.8652 -0.4995 -0.0433
vn 0.5005 -0.8654 -0.0250
vn 0.1313 -0.9913 -0.0066
vn 0.9910 -0.1305 -0.0297
vn 0.8661 -0.4992 -0.0260
vn 0.5010 -0.8653 -0.0150
vn 0.1311 -0.9914 -0.0038
vn 0.9914 -0.1306 -0.0099
vn 0.8663 -0.4995 -0.0087
vn 0.5013 -0.8652 -0.0050
vn 0.1315 -0.9913 -0.0013
vn 0.9913 -0.1304 0.0165
vn 0.8665 -0.4990 0.0144
vn 0.5020 -0.8648 0.0084
vn 0.1320 -0.9912 0.0022
vn 0.9900 -0.1302 0.0536
vn 0.8655 -0.4987 0.0469
vn 0.5017 -0.8646 0.0272
vn 0.1321 -0.9912 0.0072
vn 0.9864 -0.1301 0.1003
vn 0.8626 -0.4982 0.0877
vn 0.5005 -0.8643 0.0509
vn 0.1320 -0.9912 0.0134
vn 0.9784 -0.1301 0.1605
vn 0.8559 -0.4978 0.1404
vn 0.4974 -0.8637 0.0816
vn 0.1313 -0.9911 0.0216
vn 0.9723 -0.1302 0.1943
vn 0.8491 -0.5002 0.1698
vn 0.4904 -0.8660 0.0981
vn 0.1282 -0.9914 0.0256
vn 0.9722 -0.1303 0.1944
vn 0.8492 -0.5000 0.1698
vn 0.4904 -0.8659 0.0981
vn 0.9722 -0.1304 0.1944
vn 0.9722 -0.1307 0.1944
vn 0.8491 -0.5003 0.1698
vn 0.4903 -0.8660 0.0981
vn 0.9583 -0.1302 0.2545
vn 0.8390 -0.4965 0.2228
vn 0.4900 -0.8620 0.1301
vn 0.1310 -0.9908 0.0348
vn 0.9008 -0.1302 0.4143
vn 0.7899 -0.4942 0.3632
vn 0.4646 -0.8594 0.2137
vn 0.1261 -0.9903 0.0580
vn 0.7284 -0.1311 0.6725
vn 0.6393 -0.4927 0.5903
vn 0.3803 -0.8556 0.3511
vn 0.1061 -0.9895 0.0979
vn 0.3205 -0.1064 0.9413
vn 0.2858 -0.4230 0.8599
vn 0.1453 -0.7772 0.6123
vn 0.0282 -0.9711 0.2370
vn -0.2894 -0.1231 0.9493
vn -0.2414 -0.4679 0.8502
vn -0.1029 -0.7927 0.6008
vn -0.0155 -0.9709 0.2391
vn -0.6307 -0.1439 0.7625
vn -0.5445 -0.5265 0.6530
vn -0.3229 -0.8730 0.3654
vn -0.0920 -0.9910 0.0973
vn -0.8028 -0.1299 0.5819
vn -0.7034 -0.4951 0.5099
vn -0.4124 -0.8606 0.2989
vn -0.1111 -0.9905 0.0806
vn -0.8755 -0.1301 0.4653
vn -0.7663 -0.4968 0.4073
vn -0.4467 -0.8626 0.2374
vn -0.1186 -0.9909 0.0632
vn -0.9042 -0.1303 0.4068
vn -0.7902 -0.4991 0.3555
vn -0.4575 -0.8651 0.2058
vn -0.1202 -0.9913 0.0541
vn -0.9152 -0.1303 0.3813
vn -0.7999 -0.4991 0.3332
vn -0.4631 -0.8651 0.1929
vn -0.1217 -0.9913 0.0507
vn -0.9258 -0.1304 0.3548
vn -0.8091 -0.4991 0.3101
vn -0.4685 -0.8650 0.1796
vn -0.1228 -0.9913 0.0470
vn -0.9358 -0.1304 0.3275
vn -0.8179 -0.4991 0.2862
vn -0.4737 -0.8650 0.1657
vn -0.1245 -0.9913 0.0436
vn -0.9491 -0.1302 0.2867
vn -0.8300 -0.4982 0.2508
vn -0.4818 -0.8641 0.1456
vn -0.1272 -0.9911 0.0384
vn -0.9623 -0.1303 0.2387
vn -0.8413 -0.4987 0.2087
vn -0.4878 -0.8645 0.1210
vn -0.1285 -0.9912 0.0319
vn -0.9709 -0.1304 0.2009
vn -0.8488 -0.4987 0.1756
vn -0.4917 -0.8648 0.1017
vn -0.1294 -0.9912 0.0268
vn -0.9767 -0.1305 0.1703
vn -0.8536 -0.4991 0.1489
vn -0.4943 -0.8650 0.0862
vn -0.1298 -0.9913 0.0226
vn -0.9797 -0.1306 0.1519
vn -0.8559 -0.4998 0.1327
vn -0.4948 -0.8656 0.0767
vn -0.1294 -0.9914 0.0201
vn -0.9812 -0.1305 0.1423
vn -0.8574 -0.4995 0.1243
vn -0.4954 -0.8657 0.0718
vn -0.1297 -0.9914 0.0188
vn -0.9825 -0.1305 0.1326
vn -0.8584 -0.4998 0.1159
vn -0.4961 -0.8657 0.0670
vn -0.1299 -0.9914 0.0175
vn -0.9838 -0.1306 0.1230
vn -0.8595 -0.4997 0.1074
vn -0.4965 -0.8658 0.0621
vn -0.1300 -0.9914 0.0162
vn -0.9838 -0.1307 0.1230
vn -0.8591 -0.5004 0.1074
vn -0.4956 -0.8663 0.0620
vn -0.1292 -0.9915 0.0161
vn -0.9825 -0.1306 0.1326
vn -0.8580 -0.5004 0.1158
vn -0.4949 -0.8664 0.0668
vn -0.1287 -0.9915 0.0174
vn -0.9812 -0.1306 0.1423
vn -0.8568 -0.5005 0.1242
vn -0.4942 -0.8664 0.0717
vn -0.1289 -0.9915 0.0187
vn -0.9797 -0.1307 0.1519
vn -0.8555 -0.5005 0.1326
vn -0.4935 -0.8664 0.0765
vn -0.1287 -0.9915 0.0199
vn -0.9790 -0.1305 0.1566
vn -0.8550 -0.5002 0.1368
vn -0.4936 -0.8661 0.0790
vn -0.1290 -0.9914 0.0206
vn -0.9790 -0.1303 0.1566
vn -0.4935 -0.8661 0.0790
vn -0.1291 -0.9914 0.0207
vn -0.9790 -0.1304 0.1566
vn -0.8552 -0.4999 0.1368
vn -0.1286 -0.9915 0.0205
vn -0.4947 -0.8657 0.0767
vn -0.1295 -0.9914 0.0201
vn -0.8572 -0.4998 0.1243
vn -0.4955 -0.8656 0.0718
vn -0.9838 -0.1305 0.1230
vn -0.1300 -0.9914 0.0163
vn -0.9844 -0.1306 0.1181
vn -0.8598 -0.5001 0.1032
vn -0.4965 -0.8660 0.0596
vn -0.1292 -0.9915 0.0157
vn -0.1297 -0.9914 0.0156
vn -0.8598 -0.5002 0.1032
vn -0.8599 -0.4998 0.1033
vn -0.8600 -0.4997 0.1033
vn -0.1294 -0.9915 0.0157
vn -0.8599 -0.4999 0.1032
vn -0.8598 -0.5000 0.1032
vn -0.4966 -0.8659 0.0596
vn -0.1294 -0.9915 0.0156
vn -0.9855 -0.1304 0.1083
vn -0.8611 -0.4995 0.0946
vn -0.4981 -0.8654 0.0549
vn -0.1307 -0.9913 0.0145
vn -0.9875 -0.1305 0.0889
vn -0.8627 -0.4997 0.0776
vn -0.4990 -0.8655 0.0449
vn -0.1309 -0.9913 0.0118
vn -0.9890 -0.1305 0.0692
vn -0.8642 -0.4996 0.0605
vn -0.4999 -0.8654 0.0350
vn -0.1308 -0.9914 0.0092
vn -0.9903 -0.1301 0.0495
vn -0.8656 -0.4988 0.0433
vn -0.5011 -0.8650 0.0251
vn -0.1316 -0.9913 0.0066
vn -0.9915 -0.1304 0.0043
vn -0.8669 -0.4985 0.0038
vn -0.5035 -0.8640 0.0032
vn -0.1334 -0.9911 0.0013
vn -0.9894 -0.1307 -0.0639
vn -0.8647 -0.4991 -0.0559
vn -0.5018 -0.8644 -0.0329
vn -0.1327 -0.9911 -0.0089
vn -0.9827 -0.1298 -0.1322
vn -0.8601 -0.4968 -0.1157
vn -0.5006 -0.8630 -0.0678
vn -0.1327 -0.9910 -0.0182
vn -0.9712 -0.1302 -0.1994
vn -0.8495 -0.4980 -0.1745
vn -0.4939 -0.8637 -0.1005
vn -0.1309 -0.9911 -0.0262
vn -0.9596 -0.1308 -0.2491
vn -0.8383 -0.4999 -0.2176
vn -0.4850 -0.8653 -0.1264
vn -0.1275 -0.9913 -0.0334
vn -0.9497 -0.1304 -0.2848
vn -0.8302 -0.4988 -0.2490
vn -0.4811 -0.8647 -0.1443
vn -0.1266 -0.9912 -0.0380
vn -0.9387 -0.1303 -0.3191
vn -0.8206 -0.4989 -0.2789
vn -0.4754 -0.8648 -0.1616
vn -0.1251 -0.9912 -0.0425
vn -0.9269 -0.1303 -0.3521
vn -0.8101 -0.4989 -0.3078
vn -0.4693 -0.8649 -0.1783
vn -0.1235 -0.9912 -0.0469
vn -0.9329 -0.1310 -0.3354
vn -0.8134 -0.5029 -0.2924
vn -0.4662 -0.8687 -0.1676
vn -0.1202 -0.9918 -0.0432
vn -0.9544 -0.1321 -0.2676
vn -0.8307 -0.5056 -0.2330
vn -0.4744 -0.8704 -0.1320
vn -0.1218 -0.9920 -0.0334
vn -0.9725 -0.1306 -0.1927
vn -0.8483 -0.5022 -0.1678
vn -0.4847 -0.8691 -0.0982
vn -0.1241 -0.9919 -0.0261
vn -0.9842 -0.1307 -0.1193
vn -0.8585 -0.5021 -0.1043
vn -0.4918 -0.8688 -0.0578
vn -0.1262 -0.9919 -0.0139
vn -0.9898 -0.1305 -0.0581
vn -0.8642 -0.5005 -0.0507
vn -0.4962 -0.8676 -0.0309
vn -0.1276 -0.9918 -0.0087
vn -0.9913 -0.1298 -0.0204
vn -0.8666 -0.4988 -0.0180
vn -0.5000 -0.8660 -0.0094
vn -0.1294 -0.9916 -0.0020
vn -0.9912 -0.1308 0.0198
vn -0.8649 -0.5016 0.0173
vn -0.4975 -0.8674 0.0099
vn -0.1290 -0.9916 0.0026
vn -0.9896 -0.1307 0.0594
vn -0.8636 -0.5015 0.0518
vn -0.4966 -0.8675 0.0298
vn -0.1284 -0.9917 0.0077
vn -0.9897 -0.1303 0.0594
vn -0.8653 -0.4986 0.0519
vn -0.5015 -0.8646 0.0301
vn -0.1320 -0.9912 0.0079
vn -0.9913 -0.1304 0.0198
vn -0.8666 -0.4987 0.0173
vn -0.5024 -0.8646 0.0100
vn -0.1322 -0.9912 0.0026
vn -0.9913 -0.1304 -0.0198
vn -0.8666 -0.4987 -0.0173
vn -0.5024 -0.8646 -0.0100
vn -0.1322 -0.9912 -0.0026
vn -0.9897 -0.1304 -0.0594
vn -0.8652 -0.4987 -0.0519
vn -0.5016 -0.8646 -0.0301
vn -0.1320 -0.9912 -0.0079
vn -0.9883 -0.1306 -0.0791
vn -0.8634 -0.4998 -0.0692
vn -0.4985 -0.8660 -0.0399
vn -0.1302 -0.9914 -0.0104
vn -0.8634 -0.4998 -0.0691
vn -0.4984 -0.8660 -0.0399
vn -0.8632 -0.5002 -0.0691
vn -0.1303 -0.9914 -0.0104
vn -0.9911 -0.1314 -0.0198
vn -0.8629 -0.5051 -0.0172
vn -0.4918 -0.8706 -0.0098
vn -0.1256 -0.9921 -0.0025
vn -0.9864 -0.1314 0.0983
vn -0.8591 -0.5047 0.0856
vn -0.4897 -0.8705 0.0488
vn -0.1250 -0.9921 0.0125
vn -0.9683 -0.1314 0.2123
vn -0.8433 -0.5047 0.1849
vn -0.4810 -0.8704 0.1055
vn -0.1229 -0.9921 0.0269
vn -0.9389 -0.1313 0.3182
vn -0.8177 -0.5045 0.2771
vn -0.4668 -0.8701 0.1582
vn -0.1194 -0.9920 0.0405
vn -0.9157 -0.1307 0.3799
vn -0.7993 -0.5011 0.3316
vn -0.4603 -0.8670 0.1910
vn -0.1194 -0.9916 0.0495
vn -0.9058 -0.1308 0.4030
vn -0.7907 -0.5011 0.3518
vn -0.4554 -0.8669 0.2026
vn -0.1182 -0.9916 0.0525
vn -0.8955 -0.1308 0.4253
vn -0.7819 -0.5007 0.3714
vn -0.4503 -0.8669 0.2138
vn -0.1171 -0.9916 0.0556
vn -0.8850 -0.1307 0.4468
vn -0.7725 -0.5011 0.3901
vn -0.4450 -0.8669 0.2247
vn -0.1158 -0.9916 0.0585
vn -0.8869 -0.1303 0.4433
vn -0.7753 -0.4987 0.3876
vn -0.4489 -0.8650 0.2244
vn -0.1181 -0.9913 0.0590
vn -0.9008 -0.1303 0.4142
vn -0.7875 -0.4987 0.3622
vn -0.4560 -0.8649 0.2097
vn -0.1199 -0.9913 0.0551
vn -0.9142 -0.1304 0.3838
vn -0.7991 -0.4990 0.3355
vn -0.4629 -0.8649 0.1943
vn -0.1214 -0.9913 0.0511
vn -0.9269 -0.1303 0.3521
vn -0.8102 -0.4989 0.3078
vn -0.4693 -0.8648 0.1783
vn -0.1234 -0.9912 0.0469
vn -0.9388 -0.1302 0.3191
vn -0.8206 -0.4988 0.2789
vn -0.4754 -0.8648 0.1616
vn -0.1251 -0.9912 0.0425
vn -0.9497 -0.1302 0.2848
vn -0.8302 -0.4988 0.2490
vn -0.4810 -0.8648 0.1442
vn -0.1266 -0.9912 0.0380
vn -0.9596 -0.1302 0.2494
vn -0.8389 -0.4988 0.2180
vn -0.4860 -0.8648 0.1263
vn -0.1279 -0.9912 0.0332
vn -0.9683 -0.1302 0.2130
vn -0.8465 -0.4988 0.1862
vn -0.4905 -0.8648 0.1079
vn -0.1291 -0.9912 0.0284
vn -0.9740 -0.1304 0.1850
vn -0.8511 -0.4995 0.1617
vn -0.4923 -0.8654 0.0935
vn -0.1292 -0.9913 0.0245
vn -0.9774 -0.1305 0.1661
vn -0.8541 -0.4995 0.1452
vn -0.4941 -0.8653 0.0840
vn -0.1296 -0.9913 0.0220
vn -0.9805 -0.1303 0.1471
vn -0.8567 -0.4995 0.1285
vn -0.4958 -0.8653 0.0744
vn -0.1300 -0.9913 0.0195
vn -0.9832 -0.1306 0.1278
vn -0.8591 -0.4995 0.1117
vn -0.4971 -0.8653 0.0646
vn -0.1303 -0.9913 0.0169
vn -0.9871 -0.1347 0.0864
vn -0.8570 -0.5098 0.0755
vn -0.4927 -0.8690 0.0469
vn -0.1303 -0.9914 0.0137
vn -0.9906 -0.1323 0.0345
vn -0.8639 -0.5029 0.0275
vn -0.5097 -0.8603 0.0105
vn -0.1401 -0.9901 0.0011
vn -0.9914 -0.1266 -0.0324
vn -0.8717 -0.4892 -0.0281
vn -0.5165 -0.8562 -0.0125
vn -0.1403 -0.9901 -0.0019
vn -0.9875 -0.1303 -0.0888
vn -0.8638 -0.4979 -0.0777
vn -0.5015 -0.8640 -0.0451
vn -0.1326 -0.9911 -0.0119
vn -0.9806 -0.1303 -0.1464
vn -0.8575 -0.4983 -0.1281
vn -0.4978 -0.8641 -0.0744
vn -0.1315 -0.9911 -0.0196
vn -0.9700 -0.1302 -0.2051
vn -0.8484 -0.4981 -0.1794
vn -0.4927 -0.8639 -0.1042
vn -0.1303 -0.9911 -0.0276
vn -0.9546 -0.1302 -0.2679
vn -0.8349 -0.4979 -0.2344
vn -0.4852 -0.8637 -0.1362
vn -0.1284 -0.9911 -0.0360
vn -0.9334 -0.1302 -0.3344
vn -0.8165 -0.4977 -0.2925
vn -0.4747 -0.8636 -0.1701
vn -0.1257 -0.9910 -0.0450
vn -0.9065 -0.1303 -0.4016
vn -0.7930 -0.4977 -0.3513
vn -0.4611 -0.8635 -0.2043
vn -0.1221 -0.9910 -0.0541
vn -0.8759 -0.1303 -0.4646
vn -0.7662 -0.4978 -0.4064
vn -0.4450 -0.8638 -0.2362
vn -0.1178 -0.9911 -0.0625
vn -0.8435 -0.1303 -0.5212
vn -0.7377 -0.4979 -0.4558
vn -0.4286 -0.8638 -0.2648
vn -0.1132 -0.9911 -0.0700
vn -0.8102 -0.1303 -0.5715
vn -0.7085 -0.4982 -0.4998
vn -0.4114 -0.8640 -0.2902
vn -0.1086 -0.9911 -0.0766
vn -0.7724 -0.1302 -0.6216
vn -0.6758 -0.4977 -0.5437
vn -0.3926 -0.8638 -0.3159
vn -0.1039 -0.9911 -0.0836
vn -0.7307 -0.1303 -0.6702
vn -0.6390 -0.4982 -0.5861
vn -0.3711 -0.8640 -0.3404
vn -0.0981 -0.9911 -0.0900
vn -0.6908 -0.1302 -0.7113
vn -0.6040 -0.4983 -0.6220
vn -0.3506 -0.8642 -0.3610
vn -0.0925 -0.9911 -0.0953
vn -0.6531 -0.1303 -0.7460
vn -0.5711 -0.4984 -0.6523
vn -0.3312 -0.8644 -0.3783
vn -0.0873 -0.9912 -0.0997
vn -0.5785 -0.1301 -0.8052
vn -0.5066 -0.4959 -0.7053
vn -0.2964 -0.8614 -0.4125
vn -0.0795 -0.9907 -0.1106
vn -0.4723 -0.1302 -0.8718
vn -0.4134 -0.4968 -0.7631
vn -0.2412 -0.8624 -0.4452
vn -0.0643 -0.9908 -0.1187
vn -0.3858 -0.1302 -0.9134
vn -0.3376 -0.4974 -0.7991
vn -0.1965 -0.8631 -0.4652
vn -0.0520 -0.9910 -0.1231
vn -0.3161 -0.1303 -0.9397
vn -0.2765 -0.4979 -0.8220
vn -0.1607 -0.8637 -0.4777
vn -0.0425 -0.9911 -0.1263
vn -0.2165 -0.1302 -0.9676
vn -0.1897 -0.4959 -0.8474
vn -0.1109 -0.8614 -0.4957
vn -0.0297 -0.9907 -0.1328
vn -0.0737 -0.1302 -0.9887
vn -0.0646 -0.4954 -0.8662
vn -0.0378 -0.8612 -0.5069
vn -0.0101 -0.9907 -0.1360
vn 0.0101 0.9907 -0.1360
vn 0.0297 0.9907 -0.1328
vn 0.1109 0.8614 -0.4957
vn 0.0378 0.8612 -0.5069
vn 0.1897 0.4959 -0.8474
vn 0.0646 0.4953 -0.8663
vn 0.2165 0.1302 -0.9676
vn 0.0737 0.1302 -0.9887
vn 0.0425 0.9911 -0.1263
vn 0.1607 0.8637 -0.4777
vn 0.2765 0.4979 -0.8220
vn 0.3161 0.1303 -0.9397
vn 0.0520 0.9910 -0.1231
vn 0.1965 0.8631 -0.4652
vn 0.3376 0.4974 -0.7991
vn 0.3858 0.1302 -0.9134
vn 0.0643 0.9908 -0.1187
vn 0.2412 0.8624 -0.4452
vn 0.4134 0.4968 -0.7631
vn 0.4723 0.1303 -0.8718
vn 0.0795 0.9907 -0.1106
vn 0.2964 0.8614 -0.4125
vn 0.5066 0.4959 -0.7053
vn 0.5785 0.1301 -0.8052
vn 0.0873 0.9912 -0.0997
vn 0.3312 0.8644 -0.3783
vn 0.5711 0.4984 -0.6523
vn 0.6531 0.1303 -0.7460
vn 0.0925 0.9911 -0.0953
vn 0.3506 0.8642 -0.3610
vn 0.6040 0.4983 -0.6220
vn 0.6908 0.1302 -0.7113
vn 0.0981 0.9911 -0.0900
vn 0.3711 0.8640 -0.3404
vn 0.6391 0.4979 -0.5862
vn 0.7307 0.1303 -0.6702
vn 0.1039 0.9911 -0.0836
vn 0.3926 0.8638 -0.3159
vn 0.6758 0.4977 -0.5437
vn 0.7724 0.1302 -0.6216
vn 0.1086 0.9911 -0.0766
vn 0.4114 0.8640 -0.2902
vn 0.7085 0.4982 -0.4998
vn 0.8102 0.1303 -0.5715
vn 0.1132 0.9911 -0.0700
vn 0.4286 0.8638 -0.2648
vn 0.7377 0.4979 -0.4558
vn 0.8435 0.1303 -0.5212
vn 0.1178 0.9911 -0.0625
vn 0.4453 0.8636 -0.2362
vn 0.7662 0.4978 -0.4064
vn 0.8759 0.1303 -0.4646
vn 0.1221 0.9910 -0.0541
vn 0.4611 0.8635 -0.2043
vn 0.7930 0.4977 -0.3513
vn 0.9065 0.1303 -0.4016
vn 0.1257 0.9910 -0.0450
vn 0.4747 0.8636 -0.1701
vn 0.8165 0.4977 -0.2925
vn 0.9334 0.1302 -0.3344
vn 0.1284 0.9911 -0.0360
vn 0.4852 0.8637 -0.1362
vn 0.8349 0.4979 -0.2344
vn 0.9546 0.1302 -0.2679
vn 0.1303 0.9911 -0.0276
vn 0.4927 0.8639 -0.1042
vn 0.8484 0.4981 -0.1794
vn 0.9700 0.1302 -0.2051
vn 0.1315 0.9911 -0.0196
vn 0.4978 0.8641 -0.0744
vn 0.8575 0.4983 -0.1281
vn 0.9806 0.1303 -0.1464
vn 0.1326 0.9911 -0.0119
vn 0.5015 0.8640 -0.0451
vn 0.8638 0.4979 -0.0777
vn 0.9875 0.1303 -0.0888
vn 0.1403 0.9901 -0.0019
vn 0.5165 0.8562 -0.0125
vn 0.8717 0.4892 -0.0281
vn 0.9914 0.1266 -0.0324
vn 0.1398 0.9902 0.0011
vn 0.5101 0.8601 0.0105
vn 0.8639 0.5029 0.0275
vn 0.9906 0.1323 0.0345
vn 0.1303 0.9914 0.0137
vn 0.4927 0.8690 0.0469
vn 0.8570 0.5098 0.0755
vn 0.9871 0.1347 0.0864
vn 0.1303 0.9913 0.0169
vn 0.4971 0.8653 0.0646
vn 0.8591 0.4995 0.1117
vn 0.9832 0.1306 0.1278
vn 0.1300 0.9913 0.0195
vn 0.4958 0.8653 0.0744
vn 0.8567 0.4995 0.1285
vn 0.9805 0.1303 0.1471
vn 0.1291 0.9914 0.0220
vn 0.4938 0.8655 0.0840
vn 0.8539 0.4997 0.1452
vn 0.9774 0.1306 0.1661
vn 0.1287 0.9914 0.0245
vn 0.4915 0.8659 0.0934
vn 0.8506 0.5003 0.1616
vn 0.9740 0.1308 0.1850
vn 0.1288 0.9913 0.0286
vn 0.4905 0.8647 0.1083
vn 0.8466 0.4988 0.1858
vn 0.9684 0.1303 0.2126
vn 0.1282 0.9912 0.0332
vn 0.4867 0.8644 0.1263
vn 0.8392 0.4981 0.2183
vn 0.9596 0.1299 0.2496
vn 0.1266 0.9912 0.0380
vn 0.4810 0.8648 0.1442
vn 0.8302 0.4988 0.2490
vn 0.9496 0.1306 0.2848
vn 0.1251 0.9912 0.0425
vn 0.4754 0.8648 0.1616
vn 0.8206 0.4988 0.2789
vn 0.9388 0.1302 0.3191
vn 0.1234 0.9912 0.0469
vn 0.4693 0.8648 0.1783
vn 0.8102 0.4989 0.3078
vn 0.9269 0.1303 0.3521
vn 0.1212 0.9913 0.0511
vn 0.4629 0.8649 0.1943
vn 0.7991 0.4990 0.3355
vn 0.9142 0.1304 0.3838
vn 0.1199 0.9913 0.0551
vn 0.4560 0.8649 0.2097
vn 0.7875 0.4987 0.3622
vn 0.9008 0.1303 0.4142
vn 0.1181 0.9913 0.0590
vn 0.4489 0.8650 0.2244
vn 0.7753 0.4988 0.3876
vn 0.8869 0.1303 0.4433
vn 0.1158 0.9916 0.0585
vn 0.4450 0.8669 0.2247
vn 0.7725 0.5011 0.3901
vn 0.8850 0.1307 0.4468
vn 0.1171 0.9916 0.0556
vn 0.4503 0.8669 0.2138
vn 0.7819 0.5007 0.3714
vn 0.8955 0.1308 0.4253
vn 0.1182 0.9916 0.0525
vn 0.4554 0.8669 0.2026
vn 0.7907 0.5011 0.3518
vn 0.9058 0.1308 0.4030
vn 0.1194 0.9916 0.0495
vn 0.4603 0.8670 0.1910
vn 0.7993 0.5011 0.3316
vn 0.9157 0.1307 0.3799
vn 0.1194 0.9920 0.0405
vn 0.4668 0.8701 0.1582
vn 0.8177 0.5045 0.2771
vn 0.9389 0.1313 0.3182
vn 0.1229 0.9921 0.0269
vn 0.4810 0.8704 0.1055
vn 0.8433 0.5047 0.1849
vn 0.9683 0.1314 0.2123
vn 0.1250 0.9921 0.0125
vn 0.4897 0.8705 0.0488
vn 0.8591 0.5047 0.0856
vn 0.9864 0.1314 0.0983
vn 0.1256 0.9921 -0.0025
vn 0.4918 0.8706 -0.0098
vn 0.8629 0.5051 -0.0172
vn 0.9911 0.1314 -0.0198
vn 0.1303 0.9914 -0.0104
vn 0.4984 0.8660 -0.0399
vn 0.8634 0.4998 -0.0691
vn 0.9883 0.1306 -0.0791
vn 0.1302 0.9914 -0.0104
vn 0.8632 0.5002 -0.0691
vn 0.1321 0.9912 -0.0079
vn 0.5016 0.8646 -0.0301
vn 0.8652 0.4987 -0.0519
vn 0.9897 0.1303 -0.0594
vn 0.1322 0.9912 -0.0027
vn 0.5024 0.8646 -0.0101
vn 0.8666 0.4987 -0.0173
vn 0.9913 0.1304 -0.0198
vn 0.1322 0.9912 0.0027
vn 0.5024 0.8646 0.0101
vn 0.8666 0.4987 0.0173
vn 0.9913 0.1304 0.0198
vn 0.1320 0.9912 0.0079
vn 0.5015 0.8646 0.0301
vn 0.8653 0.4986 0.0519
vn 0.9897 0.1303 0.0594
vn 0.1284 0.9917 0.0077
vn 0.4966 0.8675 0.0298
vn 0.8636 0.5015 0.0518
vn 0.9896 0.1307 0.0594
vn 0.1290 0.9916 0.0026
vn 0.4975 0.8674 0.0099
vn 0.8649 0.5016 0.0173
vn 0.9912 0.1308 0.0198
vn 0.1294 0.9916 -0.0020
vn 0.5000 0.8660 -0.0094
vn 0.8666 0.4988 -0.0180
vn 0.9913 0.1298 -0.0204
vn 0.1276 0.9918 -0.0087
vn 0.4962 0.8676 -0.0309
vn 0.8642 0.5005 -0.0507
vn 0.9898 0.1305 -0.0581
vn 0.1262 0.9919 -0.0139
vn 0.4918 0.8688 -0.0578
vn 0.8585 0.5021 -0.1043
vn 0.9842 0.1307 -0.1193
vn 0.1241 0.9919 -0.0261
vn 0.4847 0.8691 -0.0982
vn 0.8483 0.5022 -0.1678
vn 0.9726 0.1303 -0.1927
vn 0.1218 0.9920 -0.0334
vn 0.4744 0.8704 -0.1320
vn 0.8307 0.5056 -0.2330
vn 0.9544 0.1321 -0.2676
vn 0.1202 0.9918 -0.0432
vn 0.4662 0.8687 -0.1676
vn 0.8134 0.5029 -0.2924
vn 0.9329 0.1310 -0.3354
vn 0.1235 0.9912 -0.0469
vn 0.4693 0.8649 -0.1783
vn 0.8103 0.4986 -0.3079
vn 0.9269 0.1303 -0.3521
vn 0.1251 0.9912 -0.0425
vn 0.4754 0.8648 -0.1616
vn 0.8206 0.4989 -0.2789
vn 0.9387 0.1306 -0.3192
vn 0.1266 0.9912 -0.0380
vn 0.4811 0.8647 -0.1443
vn 0.8302 0.4988 -0.2490
vn 0.9497 0.1304 -0.2848
vn 0.1275 0.9913 -0.0334
vn 0.4850 0.8653 -0.1264
vn 0.8383 0.4999 -0.2176
vn 0.9596 0.1308 -0.2491
vn 0.1309 0.9911 -0.0262
vn 0.4939 0.8637 -0.1005
vn 0.8495 0.4980 -0.1745
vn 0.9712 0.1302 -0.1994
vn 0.1327 0.9910 -0.0182
vn 0.5006 0.8630 -0.0678
vn 0.8601 0.4968 -0.1157
vn 0.9827 0.1298 -0.1322
vn 0.1327 0.9911 -0.0089
vn 0.5018 0.8644 -0.0329
vn 0.8647 0.4991 -0.0559
vn 0.9894 0.1307 -0.0639
vn 0.1334 0.9911 0.0013
vn 0.5035 0.8640 0.0032
vn 0.8669 0.4985 0.0038
vn 0.9915 0.1304 0.0043
vn 0.1316 0.9913 0.0066
vn 0.5011 0.8650 0.0251
vn 0.8656 0.4988 0.0433
vn 0.9903 0.1301 0.0495
vn 0.1308 0.9914 0.0092
vn 0.4999 0.8654 0.0350
vn 0.8642 0.4996 0.0605
vn 0.9890 0.1305 0.0692
vn 0.1309 0.9913 0.0118
vn 0.4990 0.8655 0.0449
vn 0.8627 0.4997 0.0776
vn 0.9875 0.1305 0.0889
vn 0.1307 0.9913 0.0145
vn 0.4981 0.8654 0.0549
vn 0.8611 0.4995 0.0946
vn 0.9855 0.1304 0.1083
vn 0.1294 0.9915 0.0156
vn 0.4966 0.8659 0.0596
vn 0.8598 0.5000 0.1032
vn 0.9844 0.1306 0.1181
vn 0.1297 0.9914 0.0156
vn 0.4965 0.8660 0.0596
vn 0.8599 0.4998 0.1032
vn 0.1294 0.9915 0.0157
vn 0.8598 0.5001 0.1032
vn 0.8600 0.4997 0.1033
vn 0.8599 0.4998 0.1033
vn 0.8598 0.5002 0.1032
vn 0.1292 0.9915 0.0157
vn 0.1300 0.9914 0.0163
vn 0.4965 0.8658 0.0621
vn 0.8595 0.4997 0.1074
vn 0.9838 0.1305 0.1230
vn 0.1299 0.9914 0.0175
vn 0.4961 0.8657 0.0670
vn 0.8584 0.4998 0.1159
vn 0.9825 0.1305 0.1326
vn 0.1297 0.9914 0.0188
vn 0.4955 0.8656 0.0718
vn 0.8574 0.4995 0.1243
vn 0.9812 0.1305 0.1423
vn 0.1295 0.9914 0.0201
vn 0.4947 0.8657 0.0767
vn 0.8559 0.4998 0.1327
vn 0.9797 0.1306 0.1519
vn 0.1287 0.9915 0.0205
vn 0.4936 0.8661 0.0790
vn 0.8552 0.4999 0.1368
vn 0.9790 0.1304 0.1566
vn 0.1291 0.9914 0.0207
vn 0.4935 0.8661 0.0790
vn 0.8550 0.5002 0.1368
vn 0.9790 0.1303 0.1566
vn 0.1290 0.9914 0.0206
vn 0.9790 0.1305 0.1566
vn 0.1287 0.9915 0.0199
vn 0.4935 0.8664 0.0765
vn 0.8555 0.5005 0.1326
vn 0.9797 0.1307 0.1519
vn 0.1289 0.9915 0.0187
vn 0.4942 0.8664 0.0717
vn 0.8568 0.5005 0.1242
vn 0.9812 0.1306 0.1423
vn 0.1287 0.9915 0.0174
vn 0.4949 0.8664 0.0668
vn 0.8580 0.5004 0.1158
vn 0.9825 0.1306 0.1326
vn 0.1292 0.9915 0.0161
vn 0.4956 0.8663 0.0620
vn 0.8591 0.5004 0.1074
vn 0.9838 0.1307 0.1230
vn 0.1300 0.9914 0.0162
vn 0.9838 0.1306 0.1230
vn 0.4954 0.8657 0.0718
vn 0.8572 0.4998 0.1243
vn 0.1294 0.9914 0.0201
vn 0.4948 0.8656 0.0767
vn 0.1298 0.9913 0.0226
vn 0.4943 0.8650 0.0862
vn 0.8536 0.4991 0.1489
vn 0.9767 0.1305 0.1703
vn 0.1294 0.9912 0.0268
vn 0.4917 0.8648 0.1017
vn 0.8486 0.4990 0.1756
vn 0.9709 0.1304 0.2009
vn 0.1285 0.9912 0.0319
vn 0.4878 0.8645 0.1210
vn 0.8413 0.4987 0.2087
vn 0.9623 0.1303 0.2387
vn 0.1272 0.9911 0.0384
vn 0.4818 0.8641 0.1456
vn 0.8300 0.4982 0.2508
vn 0.9491 0.1302 0.2867
vn 0.1241 0.9913 0.0434
vn 0.4737 0.8650 0.1657
vn 0.8179 0.4991 0.2862
vn 0.9358 0.1304 0.3275
vn 0.1231 0.9913 0.0472
vn 0.4685 0.8650 0.1796
vn 0.8091 0.4991 0.3101
vn 0.9258 0.1304 0.3548
vn 0.1217 0.9913 0.0507
vn 0.4631 0.8651 0.1929
vn 0.7999 0.4991 0.3332
vn 0.9152 0.1303 0.3813
vn 0.1202 0.9913 0.0541
vn 0.4575 0.8651 0.2058
vn 0.7902 0.4991 0.3555
vn 0.9042 0.1303 0.4068
vn 0.1186 0.9909 0.0632
vn 0.4467 0.8626 0.2374
vn 0.7663 0.4968 0.4073
vn 0.8755 0.1304 0.4653
vn 0.1111 0.9905 0.0806
vn 0.4124 0.8606 0.2989
vn 0.7034 0.4951 0.5099
vn 0.8028 0.1299 0.5819
vn 0.0920 0.9910 0.0973
vn 0.3229 0.8730 0.3654
vn 0.5445 0.5265 0.6530
vn 0.6307 0.1439 0.7625
vn 0.0155 0.9710 0.2386
vn 0.1029 0.7927 0.6008
vn 0.2414 0.4679 0.8502
vn 0.2894 0.1231 0.9493
vn -0.0282 0.9711 0.2370
vn -0.1454 0.7770 0.6125
vn -0.2858 0.4230 0.8599
vn -0.3205 0.1064 0.9413
vn -0.1061 0.9895 0.0979
vn -0.3803 0.8556 0.3511
vn -0.6393 0.4927 0.5903
vn -0.7284 0.1311 0.6725
vn -0.1261 0.9903 0.0580
vn -0.4646 0.8594 0.2137
vn -0.7899 0.4942 0.3632
vn -0.9008 0.1302 0.4143
vn -0.1310 0.9908 0.0348
vn -0.4900 0.8620 0.1301
vn -0.8392 0.4961 0.2228
vn -0.9583 0.1302 0.2545
vn -0.1282 0.9914 0.0256
vn -0.4903 0.8660 0.0981
vn -0.8492 0.5000 0.1698
vn -0.9722 0.1307 0.1944
vn -0.4904 0.8659 0.0981
vn -0.9722 0.1304 0.1944
vn -0.9722 0.1303 0.1944
vn -0.4904 0.8660 0.0981
vn -0.8491 0.5002 0.1698
vn -0.9723 0.1302 0.1943
vn -0.1313 0.9911 0.0216
vn -0.4974 0.8637 0.0816
vn -0.8559 0.4978 0.1404
vn -0.9784 0.1301 0.1605
vn -0.1320 0.9912 0.0134
vn -0.5005 0.8643 0.0509
vn -0.8626 0.4982 0.0877
vn -0.9864 0.1301 0.1003
vn -0.1321 0.9912 0.0072
vn -0.5017 0.8646 0.0272
vn -0.8655 0.4987 0.0469
vn -0.9900 0.1302 0.0536
vn -0.1320 0.9912 0.0022
vn -0.5020 0.8648 0.0084
vn -0.8665 0.4990 0.0144
vn -0.9913 0.1304 0.0165
vn -0.1315 0.9913 -0.0013
vn -0.5013 0.8652 -0.0050
vn -0.8663 0.4995 -0.0087
vn -0.9914 0.1306 -0.0099
vn -0.1315 0.9913 -0.0039
vn -0.5010 0.8653 -0.0150
vn -0.8662 0.4991 -0.0260
vn -0.9910 0.1305 -0.0297
vn -0.1313 0.9913 -0.0066
vn -0.5005 0.8654 -0.0250
vn -0.8652 0.4995 -0.0433
vn -0.9902 0.1304 -0.0495
vn -0.1312 0.9913 -0.0092
vn -0.4999 0.8653 -0.0350
vn -0.8642 0.4994 -0.0605
vn -0.9890 0.1304 -0.0692
vn -0.1299 0.9915 -0.0097
vn -0.4980 0.8664 -0.0373
vn -0.8633 0.5004 -0.0647
vn -0.9887 0.1306 -0.0741
vn -0.1300 0.9915 -0.0084
vn -0.4983 0.8664 -0.0324
vn -0.8639 0.5005 -0.0562
vn -0.9894 0.1305 -0.0643
vn -0.1301 0.9915 -0.0072
vn -0.4985 0.8664 -0.0274
vn -0.8644 0.5005 -0.0475
vn -0.9900 0.1305 -0.0544
vn -0.1301 0.9915 -0.0059
vn -0.4988 0.8664 -0.0224
vn -0.8649 0.5004 -0.0389
vn -0.9905 0.1304 -0.0446
vn -0.1310 0.9914 -0.0059
vn -0.5000 0.8657 -0.0225
vn -0.8653 0.4997 -0.0389
vn -0.9905 0.1303 -0.0446
vn -0.1309 0.9914 -0.0072
vn -0.4997 0.8657 -0.0275
vn -0.8648 0.4998 -0.0476
vn -0.9900 0.1303 -0.0544
vn -0.1308 0.9914 -0.0085
vn -0.4995 0.8657 -0.0325
vn -0.8643 0.4998 -0.0562
vn -0.9894 0.1304 -0.0643
vn -0.1306 0.9914 -0.0098
vn -0.4992 0.8657 -0.0374
vn -0.8638 0.4997 -0.0648
vn -0.9887 0.1305 -0.0741
vn -0.1298 0.9915 -0.0097
vn -0.8634 0.5004 -0.0648
vn -0.9900 0.1304 -0.0544
vn -0.4991 0.8663 -0.0223
vn -0.8649 0.5005 -0.0389
vn -0.1305 0.9914 -0.0059
vn -0.4998 0.8657 -0.0275
vn -0.8634 0.5004 -0.0647
vn -0.9899 0.1308 -0.0543
vn -0.9904 0.1305 -0.0446
vn -0.1294 0.9916 -0.0032
vn -0.4980 0.8671 -0.0124
vn -0.8652 0.5009 -0.0216
vn -0.9911 0.1308 -0.0248
vn -0.1295 0.9916 0.0006
vn -0.4982 0.8670 0.0025
vn -0.8653 0.5013 0.0043
vn -0.9914 0.1309 0.0050
vn -0.1294 0.9916 0.0045
vn -0.4979 0.8671 0.0174
vn -0.8649 0.5010 0.0303
vn -0.9908 0.1308 0.0347
vn -0.1287 0.9917 0.0084
vn -0.4971 0.8671 0.0323
vn -0.8635 0.5012 0.0561
vn -0.9893 0.1307 0.0643
vn -0.1272 0.9918 0.0143
vn -0.4928 0.8684 0.0552
vn -0.8592 0.5025 0.0963
vn -0.9852 0.1308 0.1104
vn -0.1253 0.9919 0.0231
vn -0.4867 0.8689 0.0898
vn -0.8499 0.5031 0.1568
vn -0.9750 0.1309 0.1798
vn -0.1221 0.9919 0.0337
vn -0.4758 0.8697 0.1314
vn -0.8326 0.5039 0.2299
vn -0.9556 0.1310 0.2638
vn -0.1168 0.9921 0.0463
vn -0.4574 0.8706 0.1811
vn -0.8025 0.5051 0.3178
vn -0.9217 0.1313 0.3650
vn -0.1110 0.9920 0.0592
vn -0.4350 0.8701 0.2319
vn -0.7619 0.5045 0.4062
vn -0.8748 0.1310 0.4664
vn -0.1048 0.9920 0.0707
vn -0.4091 0.8698 0.2758
vn -0.7161 0.5042 0.4828
vn -0.8220 0.1312 0.5542
vn -0.0977 0.9919 0.0807
vn -0.3808 0.8696 0.3144
vn -0.6661 0.5039 0.5499
vn -0.7645 0.1311 0.6312
vn -0.0904 0.9919 0.0894
vn -0.3515 0.8693 0.3475
vn -0.6144 0.5036 0.6074
vn -0.7050 0.1311 0.6970
vn -0.0867 0.9916 0.0962
vn -0.3335 0.8671 0.3700
vn -0.5794 0.5012 0.6427
vn -0.6637 0.1311 0.7364
vn -0.0836 0.9916 0.0985
vn -0.3218 0.8674 0.3795
vn -0.5595 0.5017 0.6598
vn -0.6411 0.1308 0.7562
vn -0.0801 0.9917 0.1009
vn -0.3089 0.8680 0.3888
vn -0.5377 0.5027 0.6769
vn -0.6165 0.1317 0.7763
vn -0.0772 0.9916 0.1035
vn -0.2966 0.8673 0.3997
vn -0.5147 0.5013 0.6956
vn -0.5897 0.1306 0.7970
vn -0.0547 0.9930 0.1051
vn -0.2224 0.8771 0.4257
vn -0.3981 0.5125 0.7608
vn -0.4593 0.1328 0.8783
vn -0.0196 0.9934 0.1133
vn -0.0808 0.8808 0.4666
vn -0.1460 0.5172 0.8433
vn -0.1691 0.1340 0.9764
vn 0.0196 0.9934 0.1133
vn 0.0808 0.8808 0.4666
vn 0.1460 0.5174 0.8432
vn 0.1691 0.1340 0.9764
vn 0.0547 0.9930 0.1051
vn 0.2224 0.8771 0.4257
vn 0.3981 0.5125 0.7608
vn 0.4593 0.1328 0.8783
vn 0.0772 0.9916 0.1035
vn 0.2966 0.8673 0.3997
vn 0.5147 0.5013 0.6956
vn 0.5897 0.1306 0.7970
vn 0.0801 0.9917 0.1009
vn 0.3089 0.8680 0.3888
vn 0.5377 0.5027 0.6769
vn 0.6165 0.1317 0.7763
vn 0.0836 0.9916 0.0985
vn 0.3218 0.8674 0.3795
vn 0.5595 0.5017 0.6598
vn 0.6411 0.1308 0.7562
vn 0.0867 0.9916 0.0962
vn 0.3335 0.8671 0.3700
vn 0.5794 0.5012 0.6427
vn 0.6637 0.1311 0.7364
vn 0.0904 0.9919 0.0894
vn 0.3515 0.8693 0.3475
vn 0.6144 0.5036 0.6074
vn 0.7050 0.1311 0.6970
vn 0.0977 0.9919 0.0807
vn 0.3808 0.8696 0.3144
vn 0.6662 0.5036 0.5501
vn 0.7645 0.1311 0.6312
vn 0.1048 0.9920 0.0707
vn 0.4091 0.8698 0.2758
vn 0.7162 0.5039 0.4829
vn 0.8220 0.1312 0.5542
vn 0.1110 0.9920 0.0592
vn 0.4350 0.8701 0.2319
vn 0.7619 0.5045 0.4062
vn 0.8748 0.1313 0.4664
vn 0.1168 0.9921 0.0463
vn 0.4574 0.8706 0.1811
vn 0.8025 0.5051 0.3178
vn 0.9217 0.1313 0.3650
vn 0.1221 0.9919 0.0337
vn 0.4761 0.8695 0.1315
vn 0.8326 0.5039 0.2299
vn 0.9556 0.1310 0.2638
vn 0.1253 0.9919 0.0231
vn 0.4867 0.8689 0.0898
vn 0.8499 0.5031 0.1568
vn 0.9750 0.1309 0.1798
vn 0.1272 0.9918 0.0143
vn 0.4928 0.8684 0.0552
vn 0.8592 0.5025 0.0963
vn 0.9852 0.1308 0.1104
vn 0.1287 0.9917 0.0084
vn 0.4971 0.8671 0.0323
vn 0.8637 0.5009 0.0561
vn 0.9893 0.1307 0.0643
vn 0.1294 0.9916 0.0045
vn 0.4979 0.8671 0.0174
vn 0.8649 0.5010 0.0303
vn 0.9908 0.1308 0.0347
vn 0.1295 0.9916 0.0006
vn 0.4982 0.8670 0.0025
vn 0.8653 0.5013 0.0043
vn 0.9914 0.1309 0.0050
vn 0.1294 0.9916 -0.0032
vn 0.4980 0.8671 -0.0124
vn 0.8652 0.5009 -0.0216
vn 0.9911 0.1308 -0.0248
vn 0.1301 0.9915 -0.0059
vn 0.4988 0.8664 -0.0224
vn 0.8649 0.5005 -0.0389
vn 0.9904 0.1305 -0.0446
vn 0.1301 0.9915 -0.0072
vn 0.4985 0.8664 -0.0274
vn 0.8644 0.5005 -0.0475
vn 0.9899 0.1308 -0.0543
vn 0.1300 0.9915 -0.0084
vn 0.4983 0.8664 -0.0324
vn 0.8639 0.5005 -0.0562
vn 0.9894 0.1305 -0.0643
vn 0.1298 0.9915 -0.0097
vn 0.4980 0.8664 -0.0373
vn 0.8634 0.5004 -0.0648
vn 0.9887 0.1306 -0.0741
vn 0.1306 0.9914 -0.0098
vn 0.4992 0.8657 -0.0374
vn 0.8638 0.4997 -0.0648
vn 0.9887 0.1305 -0.0741
vn 0.1308 0.9914 -0.0085
vn 0.4995 0.8657 -0.0325
vn 0.8643 0.4998 -0.0562
vn 0.9894 0.1304 -0.0643
vn 0.1309 0.9914 -0.0072
vn 0.4998 0.8657 -0.0275
vn 0.8648 0.4998 -0.0476
vn 0.9900 0.1304 -0.0544
vn 0.1305 0.9914 -0.0059
vn 0.5000 0.8657 -0.0225
vn 0.8653 0.4997 -0.0389
vn 0.9905 0.1303 -0.0446
vn 0.4991 0.8663 -0.0223
vn 0.9905 0.1304 -0.0446
vn 0.4997 0.8657 -0.0275
vn 0.9900 0.1303 -0.0544
vn 0.1310 0.9914 -0.0059
vn 0.8649 0.5004 -0.0389
vn 0.9900 0.1305 -0.0544
vn 0.1299 0.9915 -0.0097
vn 0.8633 0.5004 -0.0647
vn 0.1312 0.9913 -0.0092
vn 0.4999 0.8653 -0.0350
vn 0.8642 0.4994 -0.0605
vn 0.9890 0.1304 -0.0692
vn 0.1313 0.9913 -0.0066
vn 0.5005 0.8654 -0.0250
vn 0.8652 0.4995 -0.0433
vn 0.9902 0.1304 -0.0495
vn 0.1311 0.9914 -0.0038
vn 0.5010 0.8653 -0.0150
vn 0.8659 0.4995 -0.0260
vn 0.9910 0.1305 -0.0297
vn 0.1315 0.9913 -0.0013
vn 0.5013 0.8652 -0.0050
vn 0.8663 0.4995 -0.0087
vn 0.9914 0.1306 -0.0099
vn 0.1320 0.9912 0.0022
vn 0.5020 0.8648 0.0084
vn 0.8665 0.4990 0.0144
vn 0.9913 0.1304 0.0165
vn 0.1321 0.9912 0.0072
vn 0.5017 0.8646 0.0272
vn 0.8655 0.4987 0.0469
vn 0.9900 0.1302 0.0536
vn 0.1320 0.9912 0.0134
vn 0.5005 0.8643 0.0509
vn 0.8626 0.4982 0.0877
vn 0.9864 0.1301 0.1003
vn 0.1313 0.9911 0.0216
vn 0.4974 0.8637 0.0816
vn 0.8559 0.4978 0.1404
vn 0.9784 0.1301 0.1605
vn 0.1282 0.9914 0.0256
vn 0.4904 0.8660 0.0981
vn 0.8491 0.5002 0.1698
vn 0.9723 0.1302 0.1943
vn 0.4904 0.8659 0.0981
vn 0.8492 0.5000 0.1698
vn 0.9722 0.1303 0.1944
vn 0.9722 0.1304 0.1944
vn 0.4903 0.8660 0.0981
vn 0.9722 0.1307 0.1944
vn 0.1310 0.9908 0.0348
vn 0.4900 0.8620 0.1301
vn 0.8392 0.4961 0.2228
vn 0.9583 0.1302 0.2545
vn 0.1261 0.9903 0.0580
vn 0.4646 0.8594 0.2137
vn 0.7897 0.4944 0.3632
vn 0.9008 0.1302 0.4143
vn 0.1061 0.9895 0.0979
vn 0.3803 0.8556 0.3511
vn 0.6393 0.4927 0.5903
vn 0.7284 0.1311 0.6725
vn 0.0282 0.9711 0.2370
vn 0.1453 0.7772 0.6123
vn 0.2858 0.4230 0.8599
vn 0.3205 0.1064 0.9413
vn -0.0155 0.9710 0.2386
vn -0.1029 0.7927 0.6008
vn -0.2414 0.4679 0.8502
vn -0.2894 0.1231 0.9493
vn -0.0920 0.9910 0.0973
vn -0.3229 0.8730 0.3654
vn -0.5445 0.5265 0.6530
vn -0.6307 0.1439 0.7625
vn -0.1111 0.9905 0.0806
vn -0.4124 0.8606 0.2989
vn -0.7034 0.4951 0.5099
vn -0.8028 0.1299 0.5819
vn -0.1186 0.9909 0.0632
vn -0.4467 0.8626 0.2374
vn -0.7663 0.4968 0.4073
vn -0.8755 0.1301 0.4653
vn -0.1202 0.9913 0.0541
vn -0.4575 0.8651 0.2058
vn -0.7902 0.4991 0.3555
vn -0.9042 0.1303 0.4068
vn -0.1217 0.9913 0.0507
vn -0.4631 0.8651 0.1929
vn -0.7999 0.4991 0.3332
vn -0.9152 0.1303 0.3813
vn -0.1231 0.9913 0.0472
vn -0.4685 0.8650 0.1796
vn -0.8091 0.4991 0.3101
vn -0.9258 0.1304 0.3548
vn -0.1245 0.9913 0.0436
vn -0.4737 0.8650 0.1657
vn -0.8179 0.4991 0.2862
vn -0.9358 0.1304 0.3275
vn -0.1272 0.9911 0.0384
vn -0.4818 0.8641 0.1456
vn -0.8300 0.4982 0.2508
vn -0.9491 0.1302 0.2867
vn -0.1285 0.9912 0.0319
vn -0.4878 0.8645 0.1210
vn -0.8415 0.4984 0.2087
vn -0.9623 0.1303 0.2387
vn -0.1294 0.9912 0.0268
vn -0.4917 0.8648 0.1017
vn -0.8489 0.4986 0.1757
vn -0.9709 0.1304 0.2009
vn -0.1298 0.9913 0.0226
vn -0.4943 0.8650 0.0862
vn -0.8538 0.4988 0.1489
vn -0.9767 0.1305 0.1703
vn -0.1294 0.9914 0.0201
vn -0.4948 0.8656 0.0767
vn -0.8559 0.4998 0.1327
vn -0.9797 0.1306 0.1519
vn -0.1297 0.9914 0.0188
vn -0.4954 0.8657 0.0718
vn -0.8572 0.4998 0.1243
vn -0.9812 0.1305 0.1423
vn -0.1299 0.9914 0.0175
vn -0.4961 0.8657 0.0670
vn -0.8584 0.4998 0.1159
vn -0.9825 0.1305 0.1326
vn -0.1300 0.9914 0.0162
vn -0.4965 0.8658 0.0621
vn -0.8595 0.4997 0.1074
vn -0.9838 0.1306 0.1230
vn -0.1292 0.9915 0.0161
vn -0.4956 0.8663 0.0620
vn -0.8591 0.5004 0.1074
vn -0.9838 0.1307 0.1230
vn -0.1287 0.9915 0.0174
vn -0.4949 0.8664 0.0668
vn -0.8580 0.5004 0.1158
vn -0.9825 0.1306 0.1326
vn -0.1289 0.9915 0.0187
vn -0.4942 0.8664 0.0717
vn -0.8568 0.5005 0.1242
vn -0.9812 0.1306 0.1423
vn -0.1287 0.9915 0.0199
vn -0.4935 0.8664 0.0765
vn -0.8555 0.5005 0.1326
vn -0.9797 0.1307 0.1519
vn -0.1290 0.9914 0.0206
vn -0.4936 0.8661 0.0790
vn -0.8550 0.5002 0.1368
vn -0.9790 0.1305 0.1566
vn -0.1291 0.9914 0.0207
vn -0.4935 0.8661 0.0790
vn -0.9790 0.1303 0.1566
vn -0.8552 0.4999 0.1368
vn -0.1287 0.9915 0.0205
vn -0.9790 0.1304 0.1566
vn -0.1295 0.9914 0.0201
vn -0.4947 0.8657 0.0767
vn -0.4955 0.8656 0.0718
vn -0.1300 0.9914 0.0163
vn -0.9838 0.1305 0.1230
vn -0.1292 0.9915 0.0157
vn -0.4965 0.8660 0.0596
vn -0.8598 0.5001 0.1032
vn -0.9844 0.1306 0.1181
vn -0.1297 0.9914 0.0156
vn -0.8599 0.4998 0.1033
vn -0.8598 0.5002 0.1032
vn -0.8600 0.4997 0.1033
vn -0.1294 0.9915 0.0157
vn -0.8599 0.4998 0.1032
vn -0.1294 0.9915 0.0156
vn -0.4966 0.8659 0.0596
vn -0.8600 0.4997 0.1032
vn -0.1307 0.9913 0.0145
vn -0.4981 0.8654 0.0549
vn -0.8611 0.4995 0.0946
vn -0.9855 0.1304 0.1083
vn -0.1309 0.9913 0.0118
vn -0.4990 0.8655 0.0449
vn -0.8627 0.4997 0.0776
vn -0.9875 0.1305 0.0889
vn -0.1308 0.9914 0.0092
vn -0.4999 0.8654 0.0350
vn -0.8642 0.4996 0.0605
vn -0.9890 0.1305 0.0692
vn -0.1316 0.9913 0.0066
vn -0.5011 0.8650 0.0251
vn -0.8656 0.4988 0.0433
vn -0.9903 0.1301 0.0495
vn -0.1334 0.9911 0.0013
vn -0.5035 0.8640 0.0032
vn -0.8669 0.4985 0.0038
vn -0.9915 0.1304 0.0043
vn -0.1327 0.9911 -0.0089
vn -0.5018 0.8644 -0.0329
vn -0.8647 0.4991 -0.0559
vn -0.9894 0.1307 -0.0639
vn -0.1327 0.9910 -0.0182
vn -0.5006 0.8630 -0.0678
vn -0.8601 0.4968 -0.1157
vn -0.9827 0.1298 -0.1322
vn -0.1309 0.9910 -0.0262
vn -0.4939 0.8637 -0.1005
vn -0.8494 0.4980 -0.1745
vn -0.9712 0.1302 -0.1994
vn -0.1275 0.9913 -0.0334
vn -0.4850 0.8653 -0.1264
vn -0.8384 0.4997 -0.2176
vn -0.9596 0.1308 -0.2491
vn -0.1266 0.9912 -0.0380
vn -0.4811 0.8647 -0.1443
vn -0.8301 0.4989 -0.2489
vn -0.9497 0.1304 -0.2848
vn -0.1251 0.9912 -0.0425
vn -0.4754 0.8648 -0.1616
vn -0.8206 0.4989 -0.2789
vn -0.9387 0.1303 -0.3191
vn -0.1235 0.9912 -0.0469
vn -0.4693 0.8649 -0.1783
vn -0.8101 0.4989 -0.3078
vn -0.9268 0.1306 -0.3521
vn -0.1202 0.9918 -0.0432
vn -0.4662 0.8687 -0.1676
vn -0.8134 0.5029 -0.2924
vn -0.9329 0.1310 -0.3354
vn -0.1218 0.9920 -0.0334
vn -0.4744 0.8704 -0.1320
vn -0.8307 0.5056 -0.2330
vn -0.9544 0.1321 -0.2676
vn -0.1241 0.9919 -0.0261
vn -0.4847 0.8691 -0.0982
vn -0.8483 0.5022 -0.1678
vn -0.9726 0.1303 -0.1927
vn -0.1262 0.9919 -0.0139
vn -0.4918 0.8688 -0.0578
vn -0.8585 0.5021 -0.1043
vn -0.9842 0.1307 -0.1193
vn -0.1276 0.9918 -0.0087
vn -0.4962 0.8676 -0.0309
vn -0.8642 0.5005 -0.0507
vn -0.9898 0.1305 -0.0581
vn -0.1294 0.9916 -0.0020
vn -0.5000 0.8660 -0.0094
vn -0.8666 0.4988 -0.0180
vn -0.9913 0.1298 -0.0204
vn -0.1290 0.9916 0.0026
vn -0.4975 0.8674 0.0099
vn -0.8649 0.5016 0.0173
vn -0.9912 0.1308 0.0198
vn -0.1284 0.9917 0.0077
vn -0.4966 0.8675 0.0298
vn -0.8636 0.5015 0.0518
vn -0.9896 0.1307 0.0594
vn -0.1320 0.9912 0.0079
vn -0.5015 0.8646 0.0301
vn -0.8653 0.4986 0.0519
vn -0.9897 0.1303 0.0594
vn -0.1322 0.9912 0.0026
vn -0.5024 0.8646 0.0100
vn -0.8666 0.4987 0.0173
vn -0.9913 0.1304 0.0198
vn -0.1322 0.9912 -0.0026
vn -0.5024 0.8646 -0.0100
vn -0.8666 0.4987 -0.0173
vn -0.9913 0.1304 -0.0198
vn -0.1320 0.9912 -0.0079
vn -0.5016 0.8646 -0.0301
vn -0.8652 0.4987 -0.0519
vn -0.9897 0.1304 -0.0594
vn -0.1302 0.9914 -0.0104
vn -0.4985 0.8660 -0.0399
vn -0.8632 0.5001 -0.0691
vn -0.9883 0.1306 -0.0791
vn -0.4984 0.8660 -0.0399
vn -0.8632 0.5002 -0.0691
vn -0.1303 0.9914 -0.0104
vn -0.1256 0.9921 -0.0025
vn -0.4918 0.8706 -0.0098
vn -0.8629 0.5051 -0.0172
vn -0.9911 0.1314 -0.0198
vn -0.1250 0.9921 0.0125
vn -0.4897 0.8705 0.0488
vn -0.8591 0.5047 0.0856
vn -0.9864 0.1314 0.0983
vn -0.1229 0.9921 0.0269
vn -0.4810 0.8704 0.1055
vn -0.8433 0.5047 0.1849
vn -0.9683 0.1314 0.2123
vn -0.1194 0.9920 0.0405
vn -0.4668 0.8701 0.1582
vn -0.8177 0.5045 0.2771
vn -0.9389 0.1313 0.3182
vn -0.1194 0.9916 0.0495
vn -0.4603 0.8670 0.1910
vn -0.7993 0.5011 0.3316
vn -0.9157 0.1307 0.3799
vn -0.1182 0.9916 0.0525
vn -0.4554 0.8669 0.2026
vn -0.7907 0.5011 0.3518
vn -0.9058 0.1308 0.4030
vn -0.1171 0.9916 0.0556
vn -0.4503 0.8669 0.2138
vn -0.7819 0.5008 0.3713
vn -0.8955 0.1308 0.4253
vn -0.1158 0.9916 0.0585
vn -0.4450 0.8669 0.2247
vn -0.7725 0.5011 0.3901
vn -0.8850 0.1307 0.4468
vn -0.1181 0.9913 0.0590
vn -0.4489 0.8650 0.2244
vn -0.7753 0.4987 0.3876
vn -0.8869 0.1303 0.4433
vn -0.1199 0.9913 0.0551
vn -0.4560 0.8649 0.2097
vn -0.7875 0.4987 0.3622
vn -0.9008 0.1303 0.4142
vn -0.1214 0.9913 0.0511
vn -0.4629 0.8649 0.1943
vn -0.7991 0.4990 0.3355
vn -0.9142 0.1304 0.3838
vn -0.1234 0.9912 0.0469
vn -0.4693 0.8648 0.1783
vn -0.8102 0.4989 0.3078
vn -0.9269 0.1303 0.3521
vn -0.1251 0.9912 0.0425
vn -0.4754 0.8648 0.1616
vn -0.8206 0.4988 0.2789
vn -0.9388 0.1302 0.3191
vn -0.1266 0.9912 0.0380
vn -0.4810 0.8648 0.1442
vn -0.8302 0.4988 0.2490
vn -0.9497 0.1305 0.2848
vn -0.1279 0.9912 0.0332
vn -0.4860 0.8648 0.1263
vn -0.8389 0.4988 0.2180
vn -0.9596 0.1302 0.2494
vn -0.1291 0.9912 0.0284
vn -0.4905 0.8648 0.1079
vn -0.8465 0.4988 0.1862
vn -0.9683 0.1305 0.2131
vn -0.1288 0.9914 0.0245
vn -0.4923 0.8654 0.0935
vn -0.8511 0.4995 0.1617
vn -0.9740 0.1304 0.1850
vn -0.1296 0.9913 0.0220
vn -0.4941 0.8653 0.0840
vn -0.8541 0.4995 0.1452
vn -0.9774 0.1305 0.1661
vn -0.1300 0.9913 0.0195
vn -0.4958 0.8653 0.0744
vn -0.8567 0.4995 0.1285
vn -0.9805 0.1303 0.1471
vn -0.1303 0.9913 0.0169
vn -0.4971 0.8653 0.0646
vn -0.8591 0.4995 0.1117
vn -0.9832 0.1306 0.1278
vn -0.1303 0.9914 0.0137
vn -0.4927 0.8690 0.0469
vn -0.8570 0.5098 0.0755
vn -0.9871 0.1347 0.0864
vn -0.1401 0.9901 0.0011
vn -0.5101 0.8601 0.0105
vn -0.8639 0.5029 0.0275
vn -0.9906 0.1323 0.0345
vn -0.1403 0.9901 -0.0019
vn -0.5165 0.8562 -0.0125
vn -0.8717 0.4892 -0.0281
vn -0.9914 0.1266 -0.0324
vn -0.1326 0.9911 -0.0119
vn -0.5015 0.8640 -0.0451
vn -0.8638 0.4978 -0.0777
vn -0.9875 0.1303 -0.0888
vn -0.1315 0.9911 -0.0196
vn -0.4978 0.8641 -0.0744
vn -0.8575 0.4983 -0.1281
vn -0.9806 0.1303 -0.1464
vn -0.1300 0.9911 -0.0274
vn -0.4927 0.8639 -0.1042
vn -0.8484 0.4981 -0.1794
vn -0.9700 0.1302 -0.2051
vn -0.1284 0.9911 -0.0360
vn -0.4852 0.8637 -0.1362
vn -0.8349 0.4979 -0.2344
vn -0.9546 0.1302 -0.2679
vn -0.1257 0.9910 -0.0450
vn -0.4747 0.8636 -0.1701
vn -0.8165 0.4977 -0.2925
vn -0.9334 0.1302 -0.3344
vn -0.1221 0.9910 -0.0541
vn -0.4611 0.8635 -0.2043
vn -0.7930 0.4977 -0.3513
vn -0.9065 0.1303 -0.4016
vn -0.1178 0.9911 -0.0625
vn -0.4450 0.8638 -0.2362
vn -0.7662 0.4978 -0.4064
vn -0.8759 0.1300 -0.4646
vn -0.1132 0.9911 -0.0700
vn -0.4286 0.8638 -0.2648
vn -0.7377 0.4979 -0.4558
vn -0.8435 0.1303 -0.5212
vn -0.1086 0.9911 -0.0766
vn -0.4114 0.8640 -0.2902
vn -0.7085 0.4982 -0.4998
vn -0.8102 0.1303 -0.5715
vn -0.1039 0.9911 -0.0836
vn -0.3926 0.8638 -0.3159
vn -0.6756 0.4980 -0.5437
vn -0.7724 0.1302 -0.6216
vn -0.0981 0.9911 -0.0900
vn -0.3711 0.8640 -0.3404
vn -0.6391 0.4979 -0.5862
vn -0.7307 0.1303 -0.6702
vn -0.0925 0.9911 -0.0953
vn -0.3506 0.8642 -0.3610
vn -0.6040 0.4983 -0.6220
vn -0.6908 0.1302 -0.7113
vn -0.0873 0.9912 -0.0997
vn -0.3312 0.8644 -0.3783
vn -0.5711 0.4984 -0.6523
vn -0.6531 0.1303 -0.7460
vn -0.0795 0.9907 -0.1106
vn -0.2964 0.8614 -0.4125
vn -0.5066 0.4959 -0.7053
vn -0.5785 0.1301 -0.8052
vn -0.0643 0.9908 -0.1187
vn -0.2412 0.8624 -0.4452
vn -0.4134 0.4968 -0.7631
vn -0.4723 0.1302 -0.8718
vn -0.0520 0.9910 -0.1231
vn -0.1965 0.8631 -0.4652
vn -0.3376 0.4974 -0.7991
vn -0.3858 0.1302 -0.9134
vn -0.0425 0.9911 -0.1263
vn -0.1607 0.8637 -0.4777
vn -0.2765 0.4979 -0.8220
vn -0.3161 0.1303 -0.9397
vn -0.0297 0.9907 -0.1328
vn -0.1109 0.8614 -0.4957
vn -0.1897 0.4959 -0.8474
vn -0.2165 0.1302 -0.9676
vn -0.0101 0.9907 -0.1360
vn -0.0378 0.8612 -0.5069
vn -0.0646 0.4953 -0.8663
vn -0.0737 0.1302 -0.9887
vn -0.0000 1.0000 -0.0000
vn -0.0000 -0.0000 1.0000
vn -0.0980 -0.0000 0.9952
vn -0.1951 -0.0000 0.9808
vn -0.2903 -0.0000 0.9569
vn -0.3827 -0.0000 0.9239
vn -0.4714 -0.0000 0.8819
vn -0.5556 -0.0000 0.8315
vn -0.5141 -0.0000 0.8577
vn -0.6344 -0.0000 0.7730
vn -0.7071 -0.0000 0.7071
vn -0.6716 -0.0000 0.7410
vn -0.7730 -0.0000 0.6344
vn -0.7410 -0.0000 0.6716
vn -0.8315 -0.0000 0.5556
vn -0.8819 -0.0000 0.4714
vn -0.9239 -0.0000 0.3827
vn -0.9569 -0.0000 0.2903
vn -0.9415 -0.0000 0.3369
vn -0.9808 -0.0000 0.1951
vn -0.9700 -0.0000 0.2430
vn -0.9952 -0.0000 0.0980
vn -0.9892 -0.0000 0.1467
vn -1.0000 -0.0000 -0.0000
vn -0.9952 -0.0000 -0.0980
vn -0.9988 -0.0000 -0.0491
vn -0.9808 -0.0000 -0.1951
vn -0.9892 -0.0000 -0.1467
vn -0.9569 -0.0000 -0.2903
vn -0.9700 -0.0000 -0.2430
vn -0.9239 -0.0000 -0.3827
vn -0.9415 -0.0000 -0.3369
vn -0.8819 -0.0000 -0.4714
vn -0.9040 -0.0000 -0.4276
vn -0.8315 -0.0000 -0.5556
vn -0.8577 -0.0000 -0.5141
vn -0.7730 -0.0000 -0.6344
vn -0.8032 -0.0000 -0.5957
vn -0.7071 -0.0000 -0.7071
vn -0.7410 -0.0000 -0.6716
vn -0.6344 -0.0000 -0.7730
vn -0.6716 -0.0000 -0.7410
vn -0.5556 -0.0000 -0.8315
vn -0.5957 -0.0000 -0.8032
vn -0.4714 -0.0000 -0.8819
vn -0.5141 -0.0000 -0.8577
vn -0.3827 -0.0000 -0.9239
vn -0.2903 -0.0000 -0.9569
vn -0.3369 -0.0000 -0.9415
vn -0.1951 -0.0000 -0.9808
vn -0.0980 -0.0000 -0.9952
vn -0.1467 -0.0000 -0.9892
vn -0.0000 -0.0000 -1.0000
vn 0.0980 -0.0000 -0.9952
vn 0.1951 -0.0000 -0.9808
vn 0.1467 -0.0000 -0.9892
vn 0.2903 -0.0000 -0.9569
vn 0.3827 -0.0000 -0.9239
vn 0.3369 -0.0000 -0.9415
vn 0.4714 -0.0000 -0.8819
vn 0.4276 -0.0000 -0.9040
vn 0.5556 -0.0000 -0.8315
vn 0.5141 -0.0000 -0.8577
vn 0.6344 -0.0000 -0.7730
vn 0.5957 -0.0000 -0.8032
vn 0.7071 -0.0000 -0.7071
vn 0.6716 -0.0000 -0.7410
vn 0.7730 -0.0000 -0.6344
vn 0.7410 -0.0000 -0.6716
vn 0.8315 -0.0000 -0.5556
vn 0.8032 -0.0000 -0.5957
vn 0.8819 -0.0000 -0.4714
vn 0.8577 -0.0000 -0.5141
vn 0.9239 -0.0000 -0.3827
vn 0.9040 -0.0000 -0.4276
vn 0.9569 -0.0000 -0.2903
vn 0.9415 -0.0000 -0.3369
vn 0.9808 -0.0000 -0.1951
vn 0.9700 -0.0000 -0.2430
vn 0.9952 -0.0000 -0.0980
vn 0.9892 -0.0000 -0.1467
vn 1.0000 -0.0000 -0.0000
vn 0.9952 -0.0000 0.0980
vn 0.9808 -0.0000 0.1951
vn 0.9892 -0.0000 0.1467
vn 0.9569 -0.0000 0.2903
vn 0.9700 -0.0000 0.2430
vn 0.9239 -0.0000 0.3827
vn 0.9415 -0.0000 0.3369
vn 0.8819 -0.0000 0.4714
vn 0.8315 -0.0000 0.5556
vn 0.7730 -0.0000 0.6344
vn 0.7071 -0.0000 0.7071
vn 0.7410 -0.0000 0.6716
vn 0.6344 -0.0000 0.7730
vn 0.6716 -0.0000 0.7410
vn 0.5556 -0.0000 0.8315
vn 0.4714 -0.0000 0.8819
vn 0.5141 -0.0000 0.8577
vn 0.3827 -0.0000 0.9239
vn 0.2903 -0.0000 0.9569
vn 0.1951 -0.0000 0.9808
vn 0.2430 -0.0000 0.9700
vn 0.0980 -0.0000 0.9952
vn -0.0000 -1.0000 -0.0000
vn -0.2440 -0.0000 -0.9698
vn 0.6549 -0.0000 0.7557
vn 0.4732 -0.0000 -0.8809
vn 0.2440 -0.0000 -0.9698
vn -0.4732 -0.0000 -0.8809
vn -0.6549 -0.0000 0.7557
vn 0.0403 -0.3827 -0.9230
vn 0.0167 -0.9239 -0.3823
vn 0.0403 0.3827 -0.9230
vn 0.0167 0.9239 -0.3823
vn 0.1206 -0.3827 -0.9160
vn 0.0499 -0.9239 -0.3794
vn 0.1206 0.3827 -0.9160
vn 0.0499 0.9239 -0.3794
vn 0.2000 -0.3826 -0.9020
vn 0.0828 -0.9239 -0.3736
vn 0.2000 0.3826 -0.9020
vn 0.0828 0.9239 -0.3736
vn 0.2778 -0.3827 -0.8811
vn 0.1151 -0.9239 -0.3650
vn 0.2778 0.3827 -0.8811
vn 0.1151 0.9239 -0.3650
vn 0.3536 -0.3827 -0.8535
vn 0.1465 -0.9239 -0.3536
vn 0.3536 0.3827 -0.8535
vn 0.1465 0.9239 -0.3536
vn 0.4266 -0.3827 -0.8195
vn 0.1767 -0.9239 -0.3395
vn 0.4266 0.3827 -0.8195
vn 0.1767 0.9239 -0.3395
vn 0.4964 -0.3827 -0.7792
vn 0.2056 -0.9239 -0.3228
vn 0.4964 0.3827 -0.7792
vn 0.2056 0.9239 -0.3228
vn 0.5624 -0.3826 -0.7330
vn 0.2330 -0.9239 -0.3036
vn 0.5624 0.3826 -0.7330
vn 0.2330 0.9239 -0.3036
vn 0.6242 -0.3827 -0.6812
vn 0.2586 -0.9239 -0.2822
vn 0.6242 0.3827 -0.6812
vn 0.2586 0.9239 -0.2822
vn 0.6812 -0.3827 -0.6242
vn 0.2822 -0.9239 -0.2586
vn 0.6812 0.3827 -0.6242
vn 0.2822 0.9239 -0.2586
vn 0.7330 -0.3826 -0.5624
vn 0.3036 -0.9239 -0.2330
vn 0.7330 0.3826 -0.5624
vn 0.3036 0.9239 -0.2330
vn 0.7792 -0.3827 -0.4964
vn 0.3228 -0.9239 -0.2056
vn 0.7792 0.3827 -0.4964
vn 0.3228 0.9239 -0.2056
vn 0.8195 -0.3827 -0.4266
vn 0.3395 -0.9239 -0.1767
vn 0.8195 0.3827 -0.4266
vn 0.3395 0.9239 -0.1767
vn 0.8535 -0.3827 -0.3536
vn 0.3536 -0.9239 -0.1465
vn 0.8535 0.3827 -0.3536
vn 0.3536 0.9239 -0.1465
vn 0.8811 -0.3827 -0.2778
vn 0.3650 -0.9239 -0.1151
vn 0.8811 0.3827 -0.2778
vn 0.3650 0.9239 -0.1151
vn 0.9020 -0.3826 -0.2000
vn 0.3736 -0.9239 -0.0828
vn 0.9020 0.3826 -0.2000
vn 0.3736 0.9239 -0.0828
vn 0.9160 -0.3827 -0.1206
vn 0.3794 -0.9239 -0.0499
vn 0.9160 0.3827 -0.1206
vn 0.3794 0.9239 -0.0499
vn 0.9230 -0.3827 -0.0403
vn 0.3823 -0.9239 -0.0167
vn 0.9230 0.3827 -0.0403
vn 0.3823 0.9239 -0.0167
vn 0.9230 -0.3827 0.0403
vn 0.3823 -0.9239 0.0167
vn 0.9230 0.3827 0.0403
vn 0.3823 0.9239 0.0167
vn 0.9160 -0.3827 0.1206
vn 0.3794 -0.9239 0.0499
vn 0.9160 0.3827 0.1206
vn 0.3794 0.9239 0.0499
vn 0.9020 -0.3826 0.2000
vn 0.3736 -0.9239 0.0828
vn 0.9020 0.3826 0.2000
vn 0.3736 0.9239 0.0828
vn 0.8811 -0.3827 0.2778
vn 0.3650 -0.9239 0.1151
vn 0.8811 0.3827 0.2778
vn 0.3650 0.9239 0.1151
vn 0.8535 -0.3827 0.3536
vn 0.3536 -0.9239 0.1465
vn 0.8535 0.3827 0.3536
vn 0.3536 0.9239 0.1465
vn 0.8195 -0.3827 0.4266
vn 0.3395 -0.9239 0.1767
vn 0.8195 0.3827 0.4266
vn 0.3395 0.9239 0.1767
vn 0.7792 -0.3827 0.4964
vn 0.3228 -0.9239 0.2056
vn 0.7792 0.3827 0.4964
vn 0.3228 0.9239 0.2056
vn 0.7330 -0.3826 0.5624
vn 0.3036 -0.9239 0.2330
vn 0.7330 0.3826 0.5624
vn 0.3036 0.9239 0.2330
vn 0.6812 -0.3827 0.6242
vn 0.2822 -0.9239 0.2586
vn 0.6812 0.3827 0.6242
vn 0.2822 0.9239 0.2586
vn 0.6242 -0.3827 0.6812
vn 0.2586 -0.9239 0.2822
vn 0.6242 0.3827 0.6812
vn 0.2586 0.9239 0.2822
vn 0.5624 -0.3826 0.7330
vn 0.2330 -0.9239 0.3036
vn 0.5624 0.3826 0.7330
vn 0.2330 0.9239 0.3036
vn 0.4964 -0.3827 0.7792
vn 0.2056 -0.9239 0.3228
vn 0.4964 0.3827 0.7792
vn 0.2056 0.9239 0.3228
vn 0.4266 -0.3827 0.8195
vn 0.1767 -0.9239 0.3395
vn 0.4266 0.3827 0.8195
vn 0.1767 0.9239 0.3395
vn 0.3536 -0.3827 0.8535
vn 0.1465 -0.9239 0.3536
vn 0.3536 0.3827 0.8535
vn 0.1465 0.9239 0.3536
vn 0.2778 -0.3827 0.8811
vn 0.1151 -0.9239 0.3650
vn 0.2778 0.3827 0.8811
vn 0.1151 0.9239 0.3650
vn 0.2000 -0.3826 0.9020
vn 0.0828 -0.9239 0.3736
vn 0.2000 0.3826 0.9020
vn 0.0828 0.9239 0.3736
vn 0.1206 -0.3827 0.9160
vn 0.0499 -0.9239 0.3794
vn 0.1206 0.3827 0.9160
vn 0.0499 0.9239 0.3794
vn 0.0403 -0.3827 0.9230
vn 0.0167 -0.9239 0.3823
vn 0.0403 0.3827 0.9230
vn 0.0167 0.9239 0.3823
vn -0.0403 -0.3827 0.9230
vn -0.0167 -0.9239 0.3823
vn -0.0403 0.3827 0.9230
vn -0.0167 0.9239 0.3823
vn -0.1206 -0.3827 0.9160
vn -0.0499 -0.9239 0.3794
vn -0.1206 0.3827 0.9160
vn -0.0499 0.9239 0.3794
vn -0.2000 -0.3826 0.9020
vn -0.0828 -0.9239 0.3736
vn -0.2000 0.3826 0.9020
vn -0.0828 0.9239 0.3736
vn -0.2778 -0.3827 0.8811
vn -0.1151 -0.9239 0.3650
vn -0.2778 0.3827 0.8811
vn -0.1151 0.9239 0.3650
vn -0.3536 -0.3827 0.8535
vn -0.1465 -0.9239 0.3536
vn -0.3536 0.3827 0.8535
vn -0.1465 0.9239 0.3536
vn -0.4266 -0.3827 0.8195
vn -0.1767 -0.9239 0.3395
vn -0.4266 0.3827 0.8195
vn -0.1767 0.9239 0.3395
vn -0.4964 -0.3827 0.7792
vn -0.2056 -0.9239 0.3228
vn -0.4964 0.3827 0.7792
vn -0.2056 0.9239 0.3228
vn -0.5624 -0.3826 0.7330
vn -0.2330 -0.9239 0.3036
vn -0.5624 0.3826 0.7330
vn -0.2330 0.9239 0.3036
vn -0.6242 -0.3827 0.6812
vn -0.2586 -0.9239 0.2822
vn -0.6242 0.3827 0.6812
vn -0.2586 0.9239 0.2822
vn -0.6812 -0.3827 0.6242
vn -0.2822 -0.9239 0.2586
vn -0.6812 0.3827 0.6242
vn -0.2822 0.9239 0.2586
vn -0.7330 -0.3826 0.5624
vn -0.3036 -0.9239 0.2330
vn -0.7330 0.3826 0.5624
vn -0.3036 0.9239 0.2330
vn -0.7792 -0.3827 0.4964
vn -0.3228 -0.9239 0.2056
vn -0.7792 0.3827 0.4964
vn -0.3228 0.9239 0.2056
vn -0.8195 -0.3827 0.4266
vn -0.3395 -0.9239 0.1767
vn -0.8195 0.3827 0.4266
vn -0.3395 0.9239 0.1767
vn -0.8535 -0.3827 0.3536
vn -0.3536 -0.9239 0.1465
vn -0.8535 0.3827 0.3536
vn -0.3536 0.9239 0.1465
vn -0.8811 -0.3827 0.2778
vn -0.3650 -0.9239 0.1151
vn -0.8811 0.3827 0.2778
vn -0.3650 0.9239 0.1151
vn -0.9020 -0.3826 0.2000
vn -0.3736 -0.9239 0.0828
vn -0.9020 0.3826 0.2000
vn -0.3736 0.9239 0.0828
vn -0.9160 -0.3827 0.1206
vn -0.3794 -0.9239 0.0499
vn -0.9160 0.3827 0.1206
vn -0.3794 0.9239 0.0499
vn -0.9230 -0.3827 0.0403
vn -0.3823 -0.9239 0.0167
vn -0.9230 0.3827 0.0403
vn -0.3823 0.9239 0.0167
vn -0.9230 -0.3827 -0.0403
vn -0.3823 -0.9239 -0.0167
vn -0.9230 0.3827 -0.0403
vn -0.3823 0.9239 -0.0167
vn -0.9160 -0.3827 -0.1206
vn -0.3794 -0.9239 -0.0499
vn -0.9160 0.3827 -0.1206
vn -0.3794 0.9239 -0.0499
vn -0.9020 -0.3826 -0.2000
vn -0.3736 -0.9239 -0.0828
vn -0.9020 0.3826 -0.2000
vn -0.3736 0.9239 -0.0828
vn -0.8811 -0.3827 -0.2778
vn -0.3650 -0.9239 -0.1151
vn -0.8811 0.3827 -0.2778
vn -0.3650 0.9239 -0.1151
vn -0.8535 -0.3827 -0.3536
vn -0.3536 -0.9239 -0.1465
vn -0.8535 0.3827 -0.3536
vn -0.3536 0.9239 -0.1465
vn -0.8195 -0.3827 -0.4266
vn -0.3395 -0.9239 -0.1767
vn -0.8195 0.3827 -0.4266
vn -0.3395 0.9239 -0.1767
vn -0.7792 -0.3827 -0.4964
vn -0.3228 -0.9239 -0.2056
vn -0.7792 0.3827 -0.4964
vn -0.3228 0.9239 -0.2056
vn -0.7330 -0.3826 -0.5624
vn -0.3036 -0.9239 -0.2330
vn -0.7330 0.3826 -0.5624
vn -0.3036 0.9239 -0.2330
vn -0.6812 -0.3827 -0.6242
vn -0.2822 -0.9239 -0.2586
vn -0.6812 0.3827 -0.6242
vn -0.2822 0.9239 -0.2586
vn -0.6242 -0.3827 -0.6812
vn -0.2586 -0.9239 -0.2822
vn -0.6242 0.3827 -0.6812
vn -0.2586 0.9239 -0.2822
vn -0.5624 -0.3826 -0.7330
vn -0.2330 -0.9239 -0.3036
vn -0.5624 0.3826 -0.7330
vn -0.2330 0.9239 -0.3036
vn -0.4964 -0.3827 -0.7792
vn -0.2056 -0.9239 -0.3228
vn -0.4964 0.3827 -0.7792
vn -0.2056 0.9239 -0.3228
vn -0.4266 -0.3827 -0.8195
vn -0.1767 -0.9239 -0.3395
vn -0.4266 0.3827 -0.8195
vn -0.1767 0.9239 -0.3395
vn -0.3536 -0.3827 -0.8535
vn -0.1465 -0.9239 -0.3536
vn -0.3536 0.3827 -0.8535
vn -0.1465 0.9239 -0.3536
vn -0.2778 -0.3827 -0.8811
vn -0.1151 -0.9239 -0.3650
vn -0.2778 0.3827 -0.8811
vn -0.1151 0.9239 -0.3650
vn -0.2000 -0.3826 -0.9020
vn -0.0828 -0.9239 -0.3736
vn -0.2000 0.3826 -0.9020
vn -0.0828 0.9239 -0.3736
vn -0.1206 -0.3827 -0.9160
vn -0.0499 -0.9239 -0.3794
vn -0.1206 0.3827 -0.9160
vn -0.0499 0.9239 -0.3794
vn -0.0403 -0.3827 -0.9230
vn -0.0167 -0.9239 -0.3823
vn -0.0403 0.3827 -0.9230
vn -0.0167 0.9239 -0.3823
vn 0.0436 -0.0000 -0.9990
vn -0.0436 -0.0000 -0.9990
vn 0.1305 -0.0000 -0.9914
vn 0.2164 -0.0000 -0.9763
vn 0.3007 -0.0000 -0.9537
vn 0.4617 -0.0000 -0.8870
vn 0.5373 -0.0000 -0.8434
vn 0.6088 -0.0000 -0.7934
vn 0.6756 -0.0000 -0.7373
vn 0.7373 -0.0000 -0.6756
vn 0.7934 -0.0000 -0.6088
vn 0.8434 -0.0000 -0.5373
vn 0.8870 -0.0000 -0.4617
vn 0.9537 -0.0000 -0.3007
vn 0.9763 -0.0000 -0.2164
vn 0.9914 -0.0000 -0.1305
vn 0.9990 -0.0000 -0.0436
vn 0.9990 -0.0000 0.0436
vn 0.9914 -0.0000 0.1305
vn 0.9763 -0.0000 0.2164
vn 0.9537 -0.0000 0.3007
vn 0.8870 -0.0000 0.4617
vn 0.8434 -0.0000 0.5373
vn 0.7934 -0.0000 0.6088
vn 0.7373 -0.0000 0.6756
vn 0.6756 -0.0000 0.7373
vn 0.6088 -0.0000 0.7934
vn 0.5373 -0.0000 0.8434
vn 0.4617 -0.0000 0.8870
vn 0.3007 -0.0000 0.9537
vn 0.2164 -0.0000 0.9763
vn 0.1305 -0.0000 0.9914
vn 0.0436 -0.0000 0.9990
vn -0.0436 -0.0000 0.9990
vn -0.1305 -0.0000 0.9914
vn -0.2164 -0.0000 0.9763
vn -0.3007 -0.0000 0.9537
vn -0.4617 -0.0000 0.8870
vn -0.5373 -0.0000 0.8434
vn -0.6088 -0.0000 0.7934
vn -0.6756 -0.0000 0.7373
vn -0.7373 -0.0000 0.6756
vn -0.7934 -0.0000 0.6088
vn -0.8434 -0.0000 0.5373
vn -0.8870 -0.0000 0.4617
vn -0.9537 -0.0000 0.3007
vn -0.9763 -0.0000 0.2164
vn -0.9914 -0.0000 0.1305
vn -0.9990 -0.0000 0.0436
vn -0.9990 -0.0000 -0.0436
vn -0.9914 -0.0000 -0.1305
vn -0.9763 -0.0000 -0.2164
vn -0.9537 -0.0000 -0.3007
vn -0.8870 -0.0000 -0.4617
vn -0.8434 -0.0000 -0.5373
vn -0.7934 -0.0000 -0.6088
vn -0.7373 -0.0000 -0.6756
vn -0.6756 -0.0000 -0.7373
vn -0.6088 -0.0000 -0.7934
vn -0.5373 -0.0000 -0.8434
vn -0.4617 -0.0000 -0.8870
vn -0.3007 -0.0000 -0.9537
vn -0.2164 -0.0000 -0.9763
vn -0.1305 -0.0000 -0.9914
vt 0.525000 0.454799
vt 0.575000 0.454799
vt 0.574976 0.454400
vt 0.524992 0.454400
vt 0.524992 -0.752393
vt 0.574976 -0.744895
vt 0.574912 -0.744609
vt 0.524970 -0.752100
vt 0.574825 -0.744218
vt 0.524940 -0.751701
vt 0.625000 0.454799
vt 0.624966 0.454400
vt 0.624966 -0.729898
vt 0.624872 -0.729621
vt 0.624745 -0.729242
vt 0.668500 0.454799
vt 0.668458 0.454400
vt 0.668458 -0.713651
vt 0.668344 -0.713382
vt 0.668189 -0.713013
vt 0.705500 0.454799
vt 0.705449 0.454400
vt 0.705449 -0.696156
vt 0.705309 -0.695898
vt 0.705119 -0.695546
vt 0.736000 0.454799
vt 0.735937 0.454400
vt 0.735937 -0.677413
vt 0.735766 -0.677174
vt 0.735532 -0.676849
vt 0.760000 0.454799
vt 0.759930 0.454400
vt 0.759930 -0.657420
vt 0.759737 -0.657199
vt 0.759473 -0.656898
vt 0.781750 0.454799
vt 0.781675 0.454400
vt 0.781675 -0.637423
vt 0.781472 -0.637213
vt 0.781193 -0.636926
vt 0.454799 -0.637500
vt 0.454799 -0.617500
vt 0.454400 -0.617428
vt 0.454400 -0.637423
vt 0.801171 -0.617428
vt 0.800955 -0.617230
vt 0.800661 -0.616960
vt 0.454799 -0.597500
vt 0.454400 -0.597433
vt 0.818416 -0.597433
vt 0.818188 -0.597249
vt 0.817877 -0.596998
vt 0.454799 -0.577500
vt 0.454400 -0.577438
vt 0.833412 -0.577438
vt 0.833173 -0.577270
vt 0.832846 -0.577039
vt 0.454799 -0.557500
vt 0.454400 -0.557444
vt 0.846659 -0.557444
vt 0.846410 -0.557290
vt 0.846070 -0.557080
vt 0.454799 -0.537500
vt 0.454400 -0.537450
vt 0.858155 -0.537450
vt 0.857897 -0.537313
vt 0.857544 -0.537125
vt 0.454799 -0.517500
vt 0.454400 -0.517456
vt 0.867902 -0.517456
vt 0.867634 -0.517338
vt 0.867269 -0.517176
vt 0.454799 -0.497500
vt 0.454400 -0.497464
vt 0.875899 -0.497464
vt 0.875624 -0.497365
vt 0.875247 -0.497230
vt 0.454799 -0.476250
vt 0.454400 -0.476221
vt 0.882647 -0.476221
vt 0.882365 -0.476142
vt 0.881980 -0.476034
vt 0.454799 -0.453750
vt 0.454400 -0.453728
vt 0.888145 -0.453728
vt 0.887859 -0.453667
vt 0.887468 -0.453584
vt 0.454799 -0.430000
vt 0.454400 -0.429984
vt 0.892394 -0.429984
vt 0.892104 -0.429941
vt 0.891709 -0.429882
vt 0.454799 -0.405000
vt 0.454400 -0.404990
vt 0.895393 -0.404990
vt 0.895102 -0.404964
vt 0.894704 -0.404928
vt 0.454799 -0.380000
vt 0.454400 -0.379874
vt 0.896900 -0.379874
vt 0.896628 -0.379528
vt 0.896256 -0.379056
vt 0.454799 -0.355000
vt 0.454400 -0.355244
vt 0.454107 -0.355909
vt 0.454107 -0.379528
vt 0.896629 -0.355909
vt 0.896258 -0.356818
vt 0.454799 -0.330000
vt 0.454400 -0.329902
vt 0.896901 -0.355244
vt 0.895380 -0.329902
vt 0.895054 -0.329633
vt 0.894607 -0.329267
vt 0.454799 -0.305000
vt 0.454400 -0.305014
vt 0.892394 -0.305014
vt 0.892104 -0.305052
vt 0.891707 -0.305103
vt 0.454799 -0.280000
vt 0.454400 -0.280016
vt 0.888894 -0.280016
vt 0.888605 -0.280059
vt 0.888210 -0.280118
vt 0.454799 -0.255000
vt 0.454400 -0.255018
vt 0.884894 -0.255018
vt 0.884606 -0.255067
vt 0.884212 -0.255134
vt 0.454799 -0.230000
vt 0.454400 -0.230020
vt 0.880394 -0.230020
vt 0.880106 -0.230075
vt 0.879712 -0.230150
vt 0.454799 -0.205000
vt 0.454400 -0.205000
vt 0.875390 -0.205000
vt 0.875091 -0.205000
vt 0.874682 -0.205000
vt 0.454799 -0.180000
vt 0.454400 -0.180038
vt 0.869400 -0.180038
vt 0.869125 -0.180142
vt 0.868750 -0.180284
vt 0.454799 -0.155000
vt 0.454400 -0.155031
vt 0.862398 -0.155031
vt 0.862117 -0.155115
vt 0.861734 -0.155230
vt 0.454799 -0.130000
vt 0.454400 -0.130034
vt 0.854399 -0.130034
vt 0.854122 -0.130128
vt 0.853743 -0.130257
vt 0.454799 -0.105000
vt 0.454400 -0.105038
vt 0.845400 -0.105038
vt 0.845126 -0.105142
vt 0.844753 -0.105284
vt 0.454799 -0.080000
vt 0.454400 -0.080042
vt 0.835401 -0.080042
vt 0.835132 -0.080155
vt 0.834763 -0.080310
vt 0.454799 -0.055000
vt 0.454400 -0.055045
vt 0.824403 -0.055045
vt 0.824137 -0.055167
vt 0.823774 -0.055334
vt 0.454799 -0.030000
vt 0.454400 -0.030048
vt 0.812404 -0.030048
vt 0.812142 -0.030179
vt 0.811785 -0.030358
vt 0.454799 -0.005000
vt 0.454400 -0.005048
vt 0.799404 -0.005048
vt 0.799143 -0.005180
vt 0.798786 -0.005360
vt 0.454799 0.020000
vt 0.454400 0.019954
vt 0.787153 0.019954
vt 0.786889 0.019828
vt 0.786528 0.019657
vt 0.454799 0.045000
vt 0.454400 0.044956
vt 0.775652 0.044956
vt 0.775385 0.044838
vt 0.775020 0.044675
vt 0.454799 0.070000
vt 0.454400 0.069959
vt 0.764901 0.069959
vt 0.764631 0.069847
vt 0.764262 0.069694
vt 0.454799 0.095000
vt 0.454400 0.094966
vt 0.754898 0.094966
vt 0.754621 0.094872
vt 0.754242 0.094743
vt 0.454799 0.120000
vt 0.454400 0.119977
vt 0.747895 0.119977
vt 0.747609 0.119914
vt 0.747218 0.119829
vt 0.454799 0.145000
vt 0.454400 0.144989
vt 0.743893 0.144989
vt 0.743602 0.144960
vt 0.743203 0.144920
vt 0.454799 0.170000
vt 0.454400 0.170002
vt 0.742893 0.170002
vt 0.742600 0.170008
vt 0.742200 0.170016
vt 0.454799 0.195000
vt 0.454400 0.195008
vt 0.744893 0.195008
vt 0.744602 0.195032
vt 0.744203 0.195064
vt 0.454799 0.220000
vt 0.454400 0.220008
vt 0.746893 0.220008
vt 0.746602 0.220032
vt 0.746203 0.220064
vt 0.454799 0.245000
vt 0.454400 0.245008
vt 0.748893 0.245008
vt 0.748602 0.245032
vt 0.748203 0.245064
vt 0.454799 0.270000
vt 0.454400 0.270008
vt 0.750893 0.270008
vt 0.750602 0.270032
vt 0.750203 0.270064
vt 0.454799 0.295000
vt 0.454400 0.295008
vt 0.752893 0.295008
vt 0.752601 0.295028
vt 0.752203 0.295056
vt 0.454799 0.320000
vt 0.454400 0.320000
vt 0.753893 0.320000
vt 0.753600 0.320000
vt 0.753200 0.320000
vt 0.454799 0.345000
vt 0.454400 0.344999
vt 0.454107 0.344996
vt 0.454107 0.320000
vt 0.753600 0.344996
vt 0.753200 0.344991
vt 0.454799 0.370000
vt 0.454400 0.369994
vt 0.753893 0.344999
vt 0.752893 0.369994
vt 0.752601 0.369976
vt 0.752202 0.369952
vt 0.454799 0.395000
vt 0.454400 0.394994
vt 0.750893 0.394994
vt 0.750601 0.394976
vt 0.750202 0.394952
vt 0.454799 0.420000
vt 0.454400 0.419998
vt 0.749893 0.419998
vt 0.749600 0.419992
vt 0.749201 0.419984
vt 0.454799 0.445000
vt 0.454400 0.444960
vt 0.454107 0.444852
vt 0.454107 0.419992
vt 0.749600 0.444852
vt 0.749201 0.444704
vt 0.454799 0.470000
vt 0.454400 0.470092
vt 0.454107 0.470343
vt 0.750620 0.470343
vt 0.750240 0.470686
vt 0.454799 0.495000
vt 0.454400 0.494968
vt 0.750898 0.470092
vt 0.752888 0.494968
vt 0.752584 0.494882
vt 0.752167 0.494763
vt 0.454799 0.520000
vt 0.454400 0.520071
vt 0.454107 0.520264
vt 0.454107 0.494882
vt 0.756645 0.520264
vt 0.756290 0.520528
vt 0.454799 0.545000
vt 0.454400 0.545005
vt 0.756905 0.520071
vt 0.762889 0.545005
vt 0.762587 0.545019
vt 0.762173 0.545039
vt 0.454799 0.570000
vt 0.454400 0.570036
vt 0.770899 0.570036
vt 0.770624 0.570136
vt 0.770248 0.570271
vt 0.454799 0.595000
vt 0.454400 0.595038
vt 0.780900 0.595038
vt 0.780626 0.595142
vt 0.780253 0.595284
vt 0.454799 0.620000
vt 0.454400 0.620034
vt 0.789899 0.620034
vt 0.789622 0.620129
vt 0.789243 0.620258
vt 0.454799 0.645000
vt 0.454400 0.645031
vt 0.797897 0.645031
vt 0.797617 0.645115
vt 0.797234 0.645230
vt 0.454799 0.670000
vt 0.454400 0.670008
vt 0.804891 0.670008
vt 0.804594 0.670031
vt 0.804188 0.670062
vt 0.454799 0.695000
vt 0.454400 0.695044
vt 0.810900 0.695044
vt 0.810625 0.695162
vt 0.810250 0.695325
vt 0.454799 0.720000
vt 0.454400 0.720004
vt 0.815143 0.720004
vt 0.814850 0.720014
vt 0.814450 0.720028
vt 0.454799 0.745000
vt 0.454400 0.744996
vt 0.817642 0.744996
vt 0.817347 0.744984
vt 0.816944 0.744969
vt 0.454799 0.770000
vt 0.454400 0.770023
vt 0.818393 0.770023
vt 0.818100 0.770085
vt 0.817700 0.770170
vt 0.454799 0.795000
vt 0.454400 0.794995
vt 0.454107 0.794980
vt 0.454107 0.770085
vt 0.817101 0.794980
vt 0.816702 0.794960
vt 0.454799 0.820000
vt 0.454400 0.819992
vt 0.817393 0.794995
vt 0.815893 0.819992
vt 0.815601 0.819972
vt 0.815203 0.819944
vt 0.454799 0.845000
vt 0.454400 0.844990
vt 0.813893 0.844990
vt 0.813602 0.844964
vt 0.813203 0.844928
vt 0.454799 0.870000
vt 0.454400 0.870000
vt 0.811392 0.870000
vt 0.811098 0.870000
vt 0.810696 0.870000
vt 0.454799 0.895000
vt 0.454400 0.894987
vt 0.808394 0.894987
vt 0.808103 0.894952
vt 0.807706 0.894905
vt 0.454799 0.920000
vt 0.454400 0.919987
vt 0.805394 0.919987
vt 0.805103 0.919952
vt 0.804706 0.919905
vt 0.454799 0.945000
vt 0.454400 0.944987
vt 0.802394 0.944987
vt 0.802103 0.944952
vt 0.801706 0.944905
vt 0.454799 0.970000
vt 0.454400 0.969987
vt 0.799394 0.969987
vt 0.799103 0.969952
vt 0.798706 0.969905
vt 0.454799 0.995000
vt 0.454400 0.994987
vt 0.796394 0.994987
vt 0.796103 0.994952
vt 0.795706 0.994905
vt 0.454799 1.020000
vt 0.454400 1.019987
vt 0.793394 1.019987
vt 0.793103 1.019952
vt 0.792706 1.019905
vt 0.454799 1.045000
vt 0.454400 1.044987
vt 0.790394 1.044987
vt 0.790103 1.044952
vt 0.789706 1.044905
vt 0.454799 1.070000
vt 0.454400 1.069987
vt 0.787394 1.069987
vt 0.787103 1.069952
vt 0.786706 1.069905
vt 0.454799 1.095000
vt 0.454400 1.094987
vt 0.784394 1.094987
vt 0.784103 1.094952
vt 0.783706 1.094905
vt 0.454799 1.120000
vt 0.454400 1.119987
vt 0.781394 1.119987
vt 0.781103 1.119952
vt 0.780706 1.119905
vt 0.454799 1.145000
vt 0.454400 1.144987
vt 0.778394 1.144987
vt 0.778103 1.144952
vt 0.777706 1.144905
vt 0.454799 1.170000
vt 0.454400 1.169987
vt 0.775394 1.169987
vt 0.775103 1.169952
vt 0.774706 1.169905
vt 0.454799 1.195000
vt 0.454400 1.194987
vt 0.772394 1.194987
vt 0.772104 1.194950
vt 0.771707 1.194901
vt 0.454799 1.220000
vt 0.454400 1.219986
vt 0.769144 1.219986
vt 0.768854 1.219946
vt 0.768458 1.219893
vt 0.454799 1.245000
vt 0.454400 1.244984
vt 0.765644 1.244984
vt 0.765354 1.244943
vt 0.764959 1.244885
vt 0.454799 1.270000
vt 0.454400 1.269984
vt 0.761894 1.269984
vt 0.761605 1.269939
vt 0.761210 1.269878
vt 0.454799 1.295000
vt 0.454400 1.294983
vt 0.757894 1.294983
vt 0.757605 1.294937
vt 0.757211 1.294873
vt 0.454799 1.320000
vt 0.454400 1.319983
vt 0.753894 1.319983
vt 0.753605 1.319937
vt 0.753211 1.319874
vt 0.454799 1.345000
vt 0.454400 1.344983
vt 0.749894 1.344983
vt 0.749605 1.344937
vt 0.749211 1.344874
vt 0.454799 1.370000
vt 0.454400 1.369983
vt 0.745894 1.369983
vt 0.745605 1.369937
vt 0.745211 1.369874
vt 0.454799 1.395000
vt 0.454400 1.394984
vt 0.741894 1.394984
vt 0.741605 1.394939
vt 0.741210 1.394878
vt 0.454799 1.420000
vt 0.454400 1.419984
vt 0.738144 1.419984
vt 0.737854 1.419943
vt 0.737459 1.419885
vt 0.454799 1.445000
vt 0.454400 1.444986
vt 0.734644 1.444986
vt 0.734354 1.444946
vt 0.733958 1.444893
vt 0.454799 1.470000
vt 0.454400 1.469987
vt 0.731394 1.469987
vt 0.731104 1.469950
vt 0.730707 1.469901
vt 0.454799 1.495000
vt 0.454400 1.494987
vt 0.728394 1.494987
vt 0.728104 1.494950
vt 0.727707 1.494901
vt 0.454799 1.520000
vt 0.454400 1.519986
vt 0.725144 1.519986
vt 0.724854 1.519946
vt 0.724458 1.519893
vt 0.454799 1.545000
vt 0.454400 1.544984
vt 0.721644 1.544984
vt 0.721354 1.544943
vt 0.720959 1.544885
vt 0.454799 1.570000
vt 0.454400 1.569984
vt 0.717894 1.569984
vt 0.717605 1.569939
vt 0.717210 1.569878
vt 0.454799 1.595000
vt 0.454400 1.594982
vt 0.713894 1.594982
vt 0.713606 1.594931
vt 0.713212 1.594863
vt 0.454799 1.617500
vt 0.454400 1.617478
vt 0.709645 1.617478
vt 0.709358 1.617419
vt 0.708967 1.617339
vt 0.454799 1.637500
vt 0.454400 1.637474
vt 0.705146 1.637474
vt 0.704862 1.637404
vt 0.704474 1.637307
vt 0.454799 1.655000
vt 0.454400 1.654969
vt 0.700398 1.654969
vt 0.700117 1.654885
vt 0.699734 1.654769
vt 0.454799 1.670000
vt 0.454400 1.669965
vt 0.695399 1.669965
vt 0.695123 1.669868
vt 0.694746 1.669736
vt 0.454799 1.685000
vt 0.454400 1.684962
vt 0.689900 1.684962
vt 0.689627 1.684857
vt 0.689254 1.684714
vt 0.454799 1.700000
vt 0.454400 1.699959
vt 0.683901 1.699959
vt 0.683631 1.699846
vt 0.683262 1.699692
vt 0.454799 1.715000
vt 0.454400 1.714956
vt 0.677402 1.714956
vt 0.677136 1.714836
vt 0.676771 1.714672
vt 0.454799 1.730000
vt 0.454400 1.729950
vt 0.670405 1.729950
vt 0.670147 1.729812
vt 0.669793 1.729625
vt 0.454799 1.741250
vt 0.454400 1.741187
vt 0.663663 1.741187
vt 0.663425 1.741015
vt 0.663100 1.740780
vt 0.454799 1.748750
vt 0.454400 1.748615
vt 0.657225 1.748615
vt 0.657158 1.748247
vt 0.657065 1.747743
vt 0.657250 0.454799
vt 0.651000 0.454799
vt 0.650838 0.454400
vt 0.657225 0.454400
vt 0.650838 1.752446
vt 0.650397 1.752299
vt 0.649794 1.752098
vt 0.645000 0.454799
vt 0.645106 0.454400
vt 0.645396 0.454107
vt 0.650397 0.454107
vt 0.645396 1.752292
vt 0.645791 1.752083
vt 0.639750 0.454799
vt 0.639830 0.454400
vt 0.645106 1.752444
vt 0.639830 1.748676
vt 0.640050 1.748473
vt 0.640350 1.748196
vt 0.454400 1.741205
vt 0.454400 1.748676
vt 0.635348 1.741205
vt 0.635615 1.741082
vt 0.635980 1.740914
vt 0.454400 1.729972
vt 0.631604 1.729972
vt 0.631887 1.729897
vt 0.632274 1.729795
vt 0.454400 1.714979
vt 0.628605 1.714979
vt 0.628892 1.714922
vt 0.629284 1.714843
vt 0.454400 1.699979
vt 0.625605 1.699979
vt 0.625892 1.699921
vt 0.626284 1.699843
vt 0.454400 1.684979
vt 0.622605 1.684979
vt 0.622892 1.684922
vt 0.623284 1.684843
vt 0.454400 1.669979
vt 0.619605 1.669979
vt 0.619892 1.669922
vt 0.620284 1.669843
vt 0.454400 1.654983
vt 0.616606 1.654983
vt 0.616894 1.654935
vt 0.617289 1.654870
vt 0.454400 1.637489
vt 0.614356 1.637489
vt 0.614648 1.637460
vt 0.615046 1.637419
vt 0.454400 1.617494
vt 0.612857 1.617494
vt 0.613149 1.617479
vt 0.613548 1.617457
vt 0.454400 1.594998
vt 0.612107 1.594998
vt 0.612400 1.594993
vt 0.612799 1.594988
vt 0.454400 1.570001
vt 0.454107 1.570004
vt 0.454107 1.594993
vt 0.612400 1.570004
vt 0.612799 1.570008
vt 0.454400 1.545003
vt 0.612107 1.570001
vt 0.612607 1.545003
vt 0.612900 1.545012
vt 0.613299 1.545024
vt 0.454400 1.520005
vt 0.613607 1.520005
vt 0.613899 1.520020
vt 0.614298 1.520040
vt 0.454400 1.495008
vt 0.615107 1.495008
vt 0.615399 1.495028
vt 0.615797 1.495056
vt 0.454400 1.470008
vt 0.617107 1.470008
vt 0.617398 1.470030
vt 0.617797 1.470060
vt 0.454400 1.445007
vt 0.618857 1.445007
vt 0.619149 1.445026
vt 0.619548 1.445052
vt 0.454400 1.420006
vt 0.620357 1.420006
vt 0.620649 1.420022
vt 0.621048 1.420044
vt 0.454400 1.395005
vt 0.621607 1.395005
vt 0.621899 1.395018
vt 0.622298 1.395036
vt 0.454400 1.370005
vt 0.622607 1.370005
vt 0.622899 1.370018
vt 0.623298 1.370036
vt 0.454400 1.345006
vt 0.623857 1.345006
vt 0.624149 1.345022
vt 0.624548 1.345044
vt 0.454400 1.320007
vt 0.625357 1.320007
vt 0.625649 1.320026
vt 0.626048 1.320052
vt 0.454400 1.295008
vt 0.627107 1.295008
vt 0.627398 1.295030
vt 0.627797 1.295059
vt 0.454400 1.270008
vt 0.629107 1.270008
vt 0.629398 1.270030
vt 0.629797 1.270059
vt 0.454400 1.245007
vt 0.630857 1.245007
vt 0.631149 1.245026
vt 0.631548 1.245052
vt 0.454400 1.220006
vt 0.632357 1.220006
vt 0.632649 1.220022
vt 0.633048 1.220044
vt 0.454400 1.195005
vt 0.633607 1.195005
vt 0.633899 1.195018
vt 0.634298 1.195036
vt 0.454400 1.170005
vt 0.634607 1.170005
vt 0.634899 1.170018
vt 0.635298 1.170036
vt 0.454400 1.145006
vt 0.635857 1.145006
vt 0.636149 1.145022
vt 0.636548 1.145044
vt 0.454400 1.120007
vt 0.637357 1.120007
vt 0.637649 1.120026
vt 0.638048 1.120052
vt 0.454400 1.095008
vt 0.639107 1.095008
vt 0.639398 1.095030
vt 0.639797 1.095060
vt 0.454400 1.070008
vt 0.641107 1.070008
vt 0.641398 1.070030
vt 0.641797 1.070060
vt 0.454400 1.045007
vt 0.642857 1.045007
vt 0.643149 1.045026
vt 0.643548 1.045052
vt 0.454400 1.020006
vt 0.644357 1.020006
vt 0.644649 1.020022
vt 0.645048 1.020044
vt 0.454400 0.995005
vt 0.645607 0.995005
vt 0.645899 0.995018
vt 0.646298 0.995036
vt 0.454400 0.970003
vt 0.646607 0.970003
vt 0.646900 0.970010
vt 0.647299 0.970020
vt 0.454400 0.945000
vt 0.646857 0.945000
vt 0.647150 0.944998
vt 0.647549 0.944996
vt 0.454400 0.919996
vt 0.646357 0.919996
vt 0.646650 0.919986
vt 0.647049 0.919972
vt 0.454400 0.894993
vt 0.645107 0.894993
vt 0.645399 0.894974
vt 0.645798 0.894948
vt 0.454400 0.869988
vt 0.643106 0.869988
vt 0.643397 0.869956
vt 0.643795 0.869911
vt 0.454799 0.847500
vt 0.454400 0.847480
vt 0.639855 0.847480
vt 0.640143 0.847427
vt 0.640536 0.847355
vt 0.454799 0.827500
vt 0.454400 0.827472
vt 0.635353 0.827472
vt 0.635636 0.827394
vt 0.636021 0.827287
vt 0.454799 0.810000
vt 0.454400 0.809960
vt 0.629600 0.809960
vt 0.629872 0.809852
vt 0.630244 0.809705
vt 0.454400 0.794950
vt 0.622595 0.794950
vt 0.622853 0.794812
vt 0.623206 0.794624
vt 0.454799 0.780500
vt 0.454400 0.780440
vt 0.613839 0.780440
vt 0.614082 0.780276
vt 0.614413 0.780052
vt 0.454799 0.766500
vt 0.454400 0.766432
vt 0.603333 0.766432
vt 0.603558 0.766245
vt 0.603867 0.765991
vt 0.454799 0.753000
vt 0.454400 0.752925
vt 0.591076 0.752925
vt 0.591285 0.752719
vt 0.591569 0.752438
vt 0.591000 0.454799
vt 0.577000 0.454799
vt 0.577072 0.454400
vt 0.591076 0.454400
vt 0.577072 0.739920
vt 0.577268 0.739703
vt 0.577535 0.739406
vt 0.563000 0.454799
vt 0.563069 0.454400
vt 0.563069 0.727668
vt 0.563258 0.727445
vt 0.563517 0.727140
vt 0.549000 0.454799
vt 0.549067 0.454400
vt 0.549067 0.716166
vt 0.549250 0.715935
vt 0.549500 0.715621
vt 0.535000 0.454799
vt 0.535092 0.454400
vt 0.535092 0.705435
vt 0.535344 0.705258
vt 0.535688 0.705015
vt 0.521000 0.454799
vt 0.521048 0.454400
vt 0.521048 0.695404
vt 0.521179 0.695140
vt 0.521358 0.694779
vt 0.507000 0.454799
vt 0.507018 0.454400
vt 0.507018 0.690393
vt 0.507069 0.690100
vt 0.507138 0.689701
vt 0.493000 0.454799
vt 0.492982 0.454400
vt 0.492931 0.454107
vt 0.507069 0.454107
vt 0.492931 0.690100
vt 0.492862 0.689701
vt 0.479000 0.454799
vt 0.478952 0.454400
vt 0.492982 0.690393
vt 0.478952 0.695404
vt 0.478821 0.695140
vt 0.478642 0.694779
vt 0.465000 0.454799
vt 0.464908 0.454400
vt 0.464908 0.705435
vt 0.464656 0.705258
vt 0.464312 0.705015
vt 0.451000 0.454799
vt 0.450933 0.454400
vt 0.450933 0.716166
vt 0.450750 0.715935
vt 0.450500 0.715621
vt 0.437000 0.454799
vt 0.436931 0.454400
vt 0.436931 0.727668
vt 0.436742 0.727445
vt 0.436483 0.727140
vt 0.423000 0.454799
vt 0.422928 0.454400
vt 0.422928 0.739920
vt 0.422732 0.739703
vt 0.422465 0.739406
vt 0.409000 0.454799
vt 0.408924 0.454400
vt 0.408924 0.752925
vt 0.408715 0.752719
vt 0.408431 0.752438
vt 0.396667 0.766432
vt 0.396442 0.766245
vt 0.396133 0.765991
vt 0.386161 0.780440
vt 0.385918 0.780276
vt 0.385587 0.780052
vt 0.377405 0.794950
vt 0.377147 0.794812
vt 0.376794 0.794624
vt 0.370400 0.809960
vt 0.370128 0.809852
vt 0.369756 0.809705
vt 0.364647 0.827472
vt 0.364364 0.827394
vt 0.363979 0.827287
vt 0.360145 0.847480
vt 0.359857 0.847427
vt 0.359464 0.847355
vt 0.356894 0.869988
vt 0.356603 0.869956
vt 0.356205 0.869911
vt 0.354893 0.894993
vt 0.354601 0.894974
vt 0.354202 0.894948
vt 0.353643 0.919996
vt 0.353350 0.919986
vt 0.352951 0.919972
vt 0.353143 0.945000
vt 0.352850 0.944998
vt 0.352451 0.944996
vt 0.353393 0.970003
vt 0.353100 0.970010
vt 0.352701 0.970020
vt 0.354393 0.995005
vt 0.354101 0.995018
vt 0.353702 0.995036
vt 0.355643 1.020006
vt 0.355351 1.020022
vt 0.354952 1.020044
vt 0.357143 1.045007
vt 0.356851 1.045026
vt 0.356452 1.045052
vt 0.358893 1.070008
vt 0.358602 1.070030
vt 0.358203 1.070060
vt 0.360893 1.095008
vt 0.360602 1.095030
vt 0.360203 1.095060
vt 0.362643 1.120007
vt 0.362351 1.120026
vt 0.361952 1.120052
vt 0.364143 1.145006
vt 0.363851 1.145022
vt 0.363452 1.145044
vt 0.365393 1.170005
vt 0.365101 1.170018
vt 0.364702 1.170036
vt 0.366393 1.195005
vt 0.366101 1.195018
vt 0.365702 1.195036
vt 0.367643 1.220006
vt 0.367351 1.220022
vt 0.366952 1.220044
vt 0.369143 1.245007
vt 0.368851 1.245026
vt 0.368452 1.245052
vt 0.370893 1.270008
vt 0.370602 1.270030
vt 0.370203 1.270059
vt 0.372893 1.295008
vt 0.372602 1.295030
vt 0.372203 1.295059
vt 0.374643 1.320007
vt 0.374351 1.320026
vt 0.373952 1.320052
vt 0.376143 1.345006
vt 0.375851 1.345022
vt 0.375452 1.345044
vt 0.377393 1.370005
vt 0.377101 1.370018
vt 0.376702 1.370036
vt 0.378393 1.395005
vt 0.378101 1.395018
vt 0.377702 1.395036
vt 0.379643 1.420006
vt 0.379351 1.420022
vt 0.378952 1.420044
vt 0.381143 1.445007
vt 0.380851 1.445026
vt 0.380452 1.445052
vt 0.382893 1.470008
vt 0.382602 1.470030
vt 0.382203 1.470060
vt 0.384893 1.495008
vt 0.384601 1.495028
vt 0.384203 1.495056
vt 0.386393 1.520005
vt 0.386101 1.520020
vt 0.385702 1.520040
vt 0.387393 1.545003
vt 0.387100 1.545012
vt 0.386701 1.545024
vt 0.387893 1.570001
vt 0.387600 1.570004
vt 0.387201 1.570008
vt 0.387600 1.594993
vt 0.387201 1.594988
vt 0.387893 1.594998
vt 0.387143 1.617494
vt 0.386851 1.617479
vt 0.386452 1.617457
vt 0.385644 1.637489
vt 0.385352 1.637460
vt 0.384954 1.637419
vt 0.383394 1.654983
vt 0.383106 1.654935
vt 0.382711 1.654870
vt 0.380395 1.669979
vt 0.380108 1.669922
vt 0.379716 1.669843
vt 0.377395 1.684979
vt 0.377108 1.684922
vt 0.376716 1.684843
vt 0.374395 1.699979
vt 0.374108 1.699921
vt 0.373716 1.699843
vt 0.371395 1.714979
vt 0.371108 1.714922
vt 0.370716 1.714843
vt 0.368396 1.729972
vt 0.368113 1.729897
vt 0.367726 1.729795
vt 0.364652 1.741205
vt 0.364385 1.741082
vt 0.364020 1.740914
vt 0.360170 1.748676
vt 0.359950 1.748473
vt 0.359650 1.748196
vt 0.360250 0.454799
vt 0.355000 0.454799
vt 0.354894 0.454400
vt 0.360170 0.454400
vt 0.354894 1.752444
vt 0.354604 1.752292
vt 0.354209 1.752083
vt 0.349000 0.454799
vt 0.349162 0.454400
vt 0.349603 0.454107
vt 0.354604 0.454107
vt 0.349603 1.752299
vt 0.350206 1.752098
vt 0.342750 0.454799
vt 0.342775 0.454400
vt 0.349162 1.752446
vt 0.342775 1.748615
vt 0.342842 1.748247
vt 0.342935 1.747743
vt 0.336337 1.741187
vt 0.336575 1.741015
vt 0.336900 1.740780
vt 0.329595 1.729950
vt 0.329853 1.729812
vt 0.330207 1.729625
vt 0.322598 1.714956
vt 0.322864 1.714836
vt 0.323229 1.714672
vt 0.316099 1.699959
vt 0.316369 1.699846
vt 0.316738 1.699692
vt 0.310100 1.684962
vt 0.310373 1.684857
vt 0.310746 1.684714
vt 0.304601 1.669965
vt 0.304877 1.669868
vt 0.305254 1.669736
vt 0.299602 1.654969
vt 0.299883 1.654885
vt 0.300266 1.654769
vt 0.294854 1.637474
vt 0.295138 1.637404
vt 0.295526 1.637307
vt 0.290355 1.617478
vt 0.290642 1.617419
vt 0.291033 1.617339
vt 0.286106 1.594982
vt 0.286394 1.594931
vt 0.286788 1.594863
vt 0.282106 1.569984
vt 0.282395 1.569939
vt 0.282790 1.569878
vt 0.278356 1.544984
vt 0.278646 1.544943
vt 0.279041 1.544885
vt 0.274856 1.519986
vt 0.275146 1.519946
vt 0.275542 1.519893
vt 0.271606 1.494987
vt 0.271896 1.494950
vt 0.272293 1.494901
vt 0.268606 1.469987
vt 0.268896 1.469950
vt 0.269293 1.469901
vt 0.265356 1.444986
vt 0.265646 1.444946
vt 0.266042 1.444893
vt 0.261856 1.419984
vt 0.262146 1.419943
vt 0.262541 1.419885
vt 0.258106 1.394984
vt 0.258395 1.394939
vt 0.258790 1.394878
vt 0.254106 1.369983
vt 0.254395 1.369937
vt 0.254789 1.369874
vt 0.250106 1.344983
vt 0.250395 1.344937
vt 0.250789 1.344874
vt 0.246106 1.319983
vt 0.246395 1.319937
vt 0.246789 1.319874
vt 0.242106 1.294983
vt 0.242395 1.294937
vt 0.242789 1.294873
vt 0.238106 1.269984
vt 0.238395 1.269939
vt 0.238790 1.269878
vt 0.234356 1.244984
vt 0.234646 1.244943
vt 0.235041 1.244885
vt 0.230856 1.219986
vt 0.231146 1.219946
vt 0.231542 1.219893
vt 0.227606 1.194987
vt 0.227896 1.194950
vt 0.228293 1.194901
vt 0.224606 1.169987
vt 0.224897 1.169952
vt 0.225294 1.169905
vt 0.221606 1.144987
vt 0.221897 1.144952
vt 0.222294 1.144905
vt 0.218606 1.119987
vt 0.218897 1.119952
vt 0.219294 1.119905
vt 0.215606 1.094987
vt 0.215897 1.094952
vt 0.216294 1.094905
vt 0.212606 1.069987
vt 0.212897 1.069952
vt 0.213294 1.069905
vt 0.209606 1.044987
vt 0.209897 1.044952
vt 0.210294 1.044905
vt 0.206606 1.019987
vt 0.206897 1.019952
vt 0.207294 1.019905
vt 0.203606 0.994987
vt 0.203897 0.994952
vt 0.204294 0.994905
vt 0.200606 0.969987
vt 0.200897 0.969952
vt 0.201294 0.969905
vt 0.197606 0.944987
vt 0.197897 0.944952
vt 0.198294 0.944905
vt 0.194606 0.919987
vt 0.194897 0.919952
vt 0.195294 0.919905
vt 0.191606 0.894987
vt 0.191897 0.894952
vt 0.192294 0.894905
vt 0.188608 0.870000
vt 0.188902 0.870000
vt 0.189304 0.870000
vt 0.186107 0.844990
vt 0.186398 0.844964
vt 0.186797 0.844928
vt 0.184107 0.819992
vt 0.184399 0.819972
vt 0.184797 0.819944
vt 0.182607 0.794995
vt 0.182899 0.794980
vt 0.183298 0.794960
vt 0.181900 0.770085
vt 0.182300 0.770170
vt 0.181607 0.770023
vt 0.182358 0.744996
vt 0.182653 0.744984
vt 0.183056 0.744969
vt 0.184857 0.720004
vt 0.185150 0.720014
vt 0.185550 0.720028
vt 0.189100 0.695044
vt 0.189375 0.695162
vt 0.189750 0.695325
vt 0.195109 0.670008
vt 0.195406 0.670032
vt 0.195812 0.670063
vt 0.202103 0.645031
vt 0.202383 0.645115
vt 0.202766 0.645230
vt 0.210101 0.620034
vt 0.210378 0.620129
vt 0.210757 0.620258
vt 0.219100 0.595038
vt 0.219374 0.595142
vt 0.219747 0.595284
vt 0.229101 0.570036
vt 0.229376 0.570136
vt 0.229752 0.570271
vt 0.237111 0.545005
vt 0.237413 0.545019
vt 0.237827 0.545039
vt 0.243095 0.520071
vt 0.243355 0.520264
vt 0.243710 0.520528
vt 0.247416 0.494882
vt 0.247833 0.494763
vt 0.247112 0.494968
vt 0.249102 0.470092
vt 0.249380 0.470343
vt 0.249760 0.470686
vt 0.250400 0.444852
vt 0.250799 0.444704
vt 0.250400 0.419992
vt 0.250799 0.419984
vt 0.250107 0.419998
vt 0.249107 0.394994
vt 0.249399 0.394976
vt 0.249798 0.394952
vt 0.247107 0.369994
vt 0.247399 0.369976
vt 0.247798 0.369952
vt 0.454400 0.344998
vt 0.246107 0.344998
vt 0.246400 0.344992
vt 0.246799 0.344984
vt 0.454400 0.320002
vt 0.454107 0.320008
vt 0.454107 0.344992
vt 0.246400 0.320008
vt 0.246799 0.320016
vt 0.454400 0.295006
vt 0.246107 0.320002
vt 0.247107 0.295006
vt 0.247399 0.295024
vt 0.247798 0.295048
vt 0.454400 0.270000
vt 0.249108 0.270000
vt 0.249401 0.270000
vt 0.249802 0.270000
vt 0.251107 0.245008
vt 0.251398 0.245032
vt 0.251797 0.245064
vt 0.253107 0.220008
vt 0.253398 0.220032
vt 0.253797 0.220064
vt 0.255107 0.195008
vt 0.255398 0.195032
vt 0.255797 0.195064
vt 0.257107 0.170002
vt 0.257400 0.170008
vt 0.257800 0.170016
vt 0.256107 0.144989
vt 0.256398 0.144960
vt 0.256797 0.144920
vt 0.252105 0.119977
vt 0.252391 0.119914
vt 0.252782 0.119829
vt 0.245102 0.094966
vt 0.245379 0.094872
vt 0.245758 0.094743
vt 0.235099 0.069959
vt 0.235369 0.069847
vt 0.235738 0.069694
vt 0.224348 0.044956
vt 0.224615 0.044838
vt 0.224980 0.044675
vt 0.212847 0.019954
vt 0.213111 0.019828
vt 0.213472 0.019657
vt 0.200596 -0.005048
vt 0.200857 -0.005180
vt 0.201214 -0.005360
vt 0.187596 -0.030048
vt 0.187858 -0.030179
vt 0.188215 -0.030358
vt 0.175597 -0.055045
vt 0.175863 -0.055167
vt 0.176226 -0.055334
vt 0.164599 -0.080042
vt 0.164868 -0.080155
vt 0.165237 -0.080310
vt 0.154600 -0.105038
vt 0.154874 -0.105142
vt 0.155247 -0.105284
vt 0.145601 -0.130034
vt 0.145878 -0.130128
vt 0.146257 -0.130257
vt 0.137602 -0.155031
vt 0.137883 -0.155115
vt 0.138266 -0.155230
vt 0.454400 -0.180027
vt 0.130604 -0.180027
vt 0.130887 -0.180100
vt 0.131274 -0.180201
vt 0.454400 -0.205023
vt 0.124604 -0.205023
vt 0.124890 -0.205086
vt 0.125281 -0.205172
vt 0.119605 -0.230020
vt 0.119893 -0.230075
vt 0.120285 -0.230149
vt 0.115106 -0.255018
vt 0.115394 -0.255067
vt 0.115788 -0.255134
vt 0.111106 -0.280016
vt 0.111395 -0.280059
vt 0.111790 -0.280118
vt 0.107606 -0.305014
vt 0.107896 -0.305052
vt 0.108293 -0.305103
vt 0.104620 -0.329902
vt 0.104946 -0.329633
vt 0.105393 -0.329267
vt 0.103099 -0.355244
vt 0.103371 -0.355909
vt 0.103742 -0.356818
vt 0.103372 -0.379528
vt 0.103744 -0.379056
vt 0.103100 -0.379874
vt 0.104607 -0.404990
vt 0.104898 -0.404964
vt 0.105296 -0.404928
vt 0.107606 -0.429984
vt 0.107896 -0.429941
vt 0.108291 -0.429882
vt 0.111855 -0.453728
vt 0.112141 -0.453667
vt 0.112532 -0.453584
vt 0.117353 -0.476221
vt 0.117635 -0.476142
vt 0.118020 -0.476034
vt 0.124101 -0.497464
vt 0.124376 -0.497365
vt 0.124753 -0.497230
vt 0.132098 -0.517456
vt 0.132366 -0.517338
vt 0.132731 -0.517176
vt 0.141845 -0.537450
vt 0.142103 -0.537313
vt 0.142456 -0.537125
vt 0.153341 -0.557444
vt 0.153590 -0.557290
vt 0.153930 -0.557080
vt 0.166588 -0.577438
vt 0.166827 -0.577270
vt 0.167154 -0.577039
vt 0.181584 -0.597433
vt 0.181812 -0.597249
vt 0.182123 -0.596998
vt 0.198829 -0.617428
vt 0.199045 -0.617230
vt 0.199339 -0.616960
vt 0.218325 -0.637423
vt 0.218528 -0.637213
vt 0.218807 -0.636926
vt 0.218250 0.454799
vt 0.240000 0.454799
vt 0.240070 0.454400
vt 0.218325 0.454400
vt 0.240070 -0.657420
vt 0.240263 -0.657199
vt 0.240527 -0.656898
vt 0.264000 0.454799
vt 0.264063 0.454400
vt 0.264063 -0.677413
vt 0.264234 -0.677174
vt 0.264468 -0.676849
vt 0.294500 0.454799
vt 0.294551 0.454400
vt 0.294551 -0.696156
vt 0.294691 -0.695898
vt 0.294881 -0.695546
vt 0.331500 0.454799
vt 0.331542 0.454400
vt 0.331542 -0.713651
vt 0.331656 -0.713382
vt 0.331811 -0.713013
vt 0.375000 0.454799
vt 0.375034 0.454400
vt 0.375034 -0.729898
vt 0.375128 -0.729621
vt 0.375255 -0.729242
vt 0.425000 0.454799
vt 0.425024 0.454400
vt 0.425024 -0.744895
vt 0.425088 -0.744609
vt 0.425175 -0.744218
vt 0.475000 0.454799
vt 0.475008 0.454400
vt 0.475008 -0.752393
vt 0.475030 -0.752100
vt 0.475060 -0.751701
vt 0.524970 0.454107
vt 0.475030 0.454107
vt 0.524992 0.521600
vt 0.574976 0.521600
vt 0.575000 0.521201
vt 0.525000 0.521201
vt 0.624966 0.521600
vt 0.625000 0.521201
vt 0.668458 0.521600
vt 0.668500 0.521201
vt 0.705449 0.521600
vt 0.705500 0.521201
vt 0.735937 0.521600
vt 0.736000 0.521201
vt 0.759930 0.521600
vt 0.760000 0.521201
vt 0.781675 0.521600
vt 0.781750 0.521201
vt 0.521600 -0.637423
vt 0.521600 -0.617428
vt 0.521201 -0.617500
vt 0.521201 -0.637500
vt 0.521600 -0.597433
vt 0.521201 -0.597500
vt 0.521600 -0.577438
vt 0.521201 -0.577500
vt 0.521600 -0.557444
vt 0.521201 -0.557500
vt 0.521600 -0.537450
vt 0.521201 -0.537500
vt 0.521600 -0.517456
vt 0.521201 -0.517500
vt 0.521600 -0.497464
vt 0.521201 -0.497500
vt 0.521600 -0.476221
vt 0.521201 -0.476250
vt 0.521600 -0.453728
vt 0.521201 -0.453750
vt 0.521600 -0.429984
vt 0.521201 -0.430000
vt 0.521600 -0.404990
vt 0.521201 -0.405000
vt 0.521600 -0.379874
vt 0.521201 -0.380000
vt 0.521893 -0.379528
vt 0.521893 -0.355909
vt 0.521600 -0.355244
vt 0.521201 -0.355000
vt 0.521600 -0.329902
vt 0.521201 -0.330000
vt 0.521600 -0.305014
vt 0.521201 -0.305000
vt 0.521600 -0.280016
vt 0.521201 -0.280000
vt 0.521600 -0.255018
vt 0.521201 -0.255000
vt 0.521600 -0.230020
vt 0.521201 -0.230000
vt 0.521600 -0.205000
vt 0.521201 -0.205000
vt 0.521600 -0.180038
vt 0.521201 -0.180000
vt 0.521600 -0.155031
vt 0.521201 -0.155000
vt 0.521600 -0.130034
vt 0.521201 -0.130000
vt 0.521600 -0.105038
vt 0.521201 -0.105000
vt 0.521600 -0.080042
vt 0.521201 -0.080000
vt 0.521600 -0.055045
vt 0.521201 -0.055000
vt 0.521600 -0.030048
vt 0.521201 -0.030000
vt 0.521600 -0.005048
vt 0.521201 -0.005000
vt 0.521600 0.019954
vt 0.521201 0.020000
vt 0.521600 0.044956
vt 0.521201 0.045000
vt 0.521600 0.069959
vt 0.521201 0.070000
vt 0.521600 0.094966
vt 0.521201 0.095000
vt 0.521600 0.119977
vt 0.521201 0.120000
vt 0.521600 0.144989
vt 0.521201 0.145000
vt 0.521600 0.170002
vt 0.521201 0.170000
vt 0.521600 0.195008
vt 0.521201 0.195000
vt 0.521600 0.220008
vt 0.521201 0.220000
vt 0.521600 0.245008
vt 0.521201 0.245000
vt 0.521600 0.270008
vt 0.521201 0.270000
vt 0.521600 0.295008
vt 0.521201 0.295000
vt 0.521600 0.320000
vt 0.521201 0.320000
vt 0.521893 0.320000
vt 0.521893 0.344996
vt 0.521600 0.344999
vt 0.521201 0.345000
vt 0.521600 0.369994
vt 0.521201 0.370000
vt 0.521600 0.394994
vt 0.521201 0.395000
vt 0.521600 0.419998
vt 0.521201 0.420000
vt 0.521893 0.419992
vt 0.521893 0.444852
vt 0.521600 0.444960
vt 0.521201 0.445000
vt 0.521893 0.470343
vt 0.521600 0.470092
vt 0.521201 0.470000
vt 0.521600 0.494968
vt 0.521201 0.495000
vt 0.521893 0.494882
vt 0.521893 0.520264
vt 0.521600 0.520071
vt 0.521201 0.520000
vt 0.521600 0.545005
vt 0.521201 0.545000
vt 0.521600 0.570036
vt 0.521201 0.570000
vt 0.521600 0.595038
vt 0.521201 0.595000
vt 0.521600 0.620034
vt 0.521201 0.620000
vt 0.521600 0.645031
vt 0.521201 0.645000
vt 0.804188 0.670063
vt 0.804594 0.670032
vt 0.521600 0.670008
vt 0.521201 0.670000
vt 0.521600 0.695044
vt 0.521201 0.695000
vt 0.521600 0.720004
vt 0.521201 0.720000
vt 0.521600 0.744996
vt 0.521201 0.745000
vt 0.521600 0.770023
vt 0.521201 0.770000
vt 0.521893 0.770085
vt 0.521893 0.794980
vt 0.521600 0.794995
vt 0.521201 0.795000
vt 0.521600 0.819992
vt 0.521201 0.820000
vt 0.521600 0.844990
vt 0.521201 0.845000
vt 0.521600 0.870000
vt 0.521201 0.870000
vt 0.521600 0.894987
vt 0.521201 0.895000
vt 0.521600 0.919987
vt 0.521201 0.920000
vt 0.521600 0.944987
vt 0.521201 0.945000
vt 0.521600 0.969987
vt 0.521201 0.970000
vt 0.521600 0.994987
vt 0.521201 0.995000
vt 0.521600 1.019987
vt 0.521201 1.020000
vt 0.521600 1.044987
vt 0.521201 1.045000
vt 0.521600 1.069987
vt 0.521201 1.070000
vt 0.521600 1.094987
vt 0.521201 1.095000
vt 0.521600 1.119987
vt 0.521201 1.120000
vt 0.521600 1.144987
vt 0.521201 1.145000
vt 0.521600 1.169987
vt 0.521201 1.170000
vt 0.521600 1.194987
vt 0.521201 1.195000
vt 0.521600 1.219986
vt 0.521201 1.220000
vt 0.521600 1.244984
vt 0.521201 1.245000
vt 0.521600 1.269984
vt 0.521201 1.270000
vt 0.521600 1.294983
vt 0.521201 1.295000
vt 0.521600 1.319983
vt 0.521201 1.320000
vt 0.521600 1.344983
vt 0.521201 1.345000
vt 0.521600 1.369983
vt 0.521201 1.370000
vt 0.521600 1.394984
vt 0.521201 1.395000
vt 0.521600 1.419984
vt 0.521201 1.420000
vt 0.521600 1.444986
vt 0.521201 1.445000
vt 0.521600 1.469987
vt 0.521201 1.470000
vt 0.521600 1.494987
vt 0.521201 1.495000
vt 0.521600 1.519986
vt 0.521201 1.520000
vt 0.521600 1.544984
vt 0.521201 1.545000
vt 0.521600 1.569984
vt 0.521201 1.570000
vt 0.521600 1.594982
vt 0.521201 1.595000
vt 0.521600 1.617478
vt 0.521201 1.617500
vt 0.521600 1.637474
vt 0.521201 1.637500
vt 0.521600 1.654969
vt 0.521201 1.655000
vt 0.521600 1.669965
vt 0.521201 1.670000
vt 0.521600 1.684962
vt 0.521201 1.685000
vt 0.521600 1.699959
vt 0.521201 1.700000
vt 0.521600 1.714956
vt 0.521201 1.715000
vt 0.521600 1.729950
vt 0.521201 1.730000
vt 0.521600 1.741187
vt 0.521201 1.741250
vt 0.521600 1.748615
vt 0.521201 1.748750
vt 0.657225 0.521600
vt 0.650838 0.521600
vt 0.651000 0.521201
vt 0.657250 0.521201
vt 0.650397 0.521893
vt 0.645396 0.521893
vt 0.645106 0.521600
vt 0.645000 0.521201
vt 0.639830 0.521600
vt 0.639750 0.521201
vt 0.521600 1.748676
vt 0.521600 1.741205
vt 0.521600 1.729972
vt 0.521600 1.714979
vt 0.521600 1.699979
vt 0.521600 1.684979
vt 0.521600 1.669979
vt 0.521600 1.654983
vt 0.521600 1.637489
vt 0.521600 1.617494
vt 0.521600 1.594998
vt 0.521893 1.594993
vt 0.521893 1.570004
vt 0.521600 1.570001
vt 0.521600 1.545003
vt 0.521600 1.520005
vt 0.521600 1.495008
vt 0.521600 1.470008
vt 0.521600 1.445007
vt 0.521600 1.420006
vt 0.521600 1.395005
vt 0.521600 1.370005
vt 0.521600 1.345006
vt 0.521600 1.320007
vt 0.521600 1.295008
vt 0.521600 1.270008
vt 0.521600 1.245007
vt 0.521600 1.220006
vt 0.521600 1.195005
vt 0.521600 1.170005
vt 0.521600 1.145006
vt 0.521600 1.120007
vt 0.521600 1.095008
vt 0.521600 1.070008
vt 0.521600 1.045007
vt 0.521600 1.020006
vt 0.521600 0.995005
vt 0.521600 0.970003
vt 0.521600 0.945000
vt 0.521600 0.919996
vt 0.521600 0.894993
vt 0.521600 0.869988
vt 0.521600 0.847480
vt 0.521201 0.847500
vt 0.521600 0.827472
vt 0.521201 0.827500
vt 0.521600 0.809960
vt 0.521201 0.810000
vt 0.521600 0.794950
vt 0.521600 0.780440
vt 0.521201 0.780500
vt 0.521600 0.766432
vt 0.521201 0.766500
vt 0.521600 0.752925
vt 0.521201 0.753000
vt 0.591076 0.521600
vt 0.577072 0.521600
vt 0.577000 0.521201
vt 0.591000 0.521201
vt 0.563069 0.521600
vt 0.563000 0.521201
vt 0.549067 0.521600
vt 0.549000 0.521201
vt 0.535092 0.521600
vt 0.535000 0.521201
vt 0.521048 0.521600
vt 0.521000 0.521201
vt 0.507018 0.521600
vt 0.507000 0.521201
vt 0.507069 0.521893
vt 0.492931 0.521893
vt 0.492982 0.521600
vt 0.493000 0.521201
vt 0.478952 0.521600
vt 0.479000 0.521201
vt 0.464908 0.521600
vt 0.465000 0.521201
vt 0.450933 0.521600
vt 0.451000 0.521201
vt 0.436931 0.521600
vt 0.437000 0.521201
vt 0.422928 0.521600
vt 0.423000 0.521201
vt 0.408924 0.521600
vt 0.409000 0.521201
vt 0.360170 0.521600
vt 0.354894 0.521600
vt 0.355000 0.521201
vt 0.360250 0.521201
vt 0.354604 0.521893
vt 0.349603 0.521893
vt 0.349162 0.521600
vt 0.349000 0.521201
vt 0.342775 0.521600
vt 0.342750 0.521201
vt 0.195812 0.670062
vt 0.195406 0.670031
vt 0.521600 0.344998
vt 0.521893 0.344992
vt 0.521893 0.320008
vt 0.521600 0.320002
vt 0.521600 0.295006
vt 0.521600 0.270000
vt 0.521600 -0.180027
vt 0.521600 -0.205023
vt 0.218325 0.521600
vt 0.240070 0.521600
vt 0.240000 0.521201
vt 0.218250 0.521201
vt 0.264063 0.521600
vt 0.264000 0.521201
vt 0.294551 0.521600
vt 0.294500 0.521201
vt 0.331542 0.521600
vt 0.331500 0.521201
vt 0.375034 0.521600
vt 0.375000 0.521201
vt 0.425024 0.521600
vt 0.425000 0.521201
vt 0.475008 0.521600
vt 0.475000 0.521201
vt 0.475030 0.521893
vt 0.524970 0.521893
vt 0.824639 -0.411658
vt 0.821062 -0.434028
vt 0.821698 -0.431490
vt 0.728944 -0.602139
vt 0.679897 -0.641618
vt 0.682227 -0.640222
vt 0.708081 -0.621048
vt 0.426818 -0.686895
vt 0.436010 -0.689198
vt 0.467850 -0.693920
vt 0.500000 -0.695500
vt 0.532150 -0.693920
vt 0.563990 -0.689198
vt 0.595213 -0.681376
vt 0.625520 -0.670532
vt 0.654618 -0.656770
vt 0.827524 -0.357814
vt 0.826420 -0.399650
vt 0.828000 -0.367500
vt 0.741310 -0.589083
vt 0.731931 -0.599431
vt 0.810804 -0.471301
vt 0.813876 -0.462713
vt 0.753548 -0.575581
vt 0.772722 -0.549727
vt 0.789270 -0.522118
vt 0.803032 -0.493020
vt 0.183586 -0.282418
vt 0.184162 -0.280118
vt 0.821534 -0.302855
vt 0.815838 -0.280118
vt 0.178302 -0.303510
vt 0.178066 -0.305103
vt 0.821934 -0.305103
vt 0.821698 -0.303510
vt 0.175361 -0.411658
vt 0.173580 -0.335350
vt 0.172000 -0.367500
vt 0.173580 -0.399650
vt 0.826420 -0.335350
vt 0.320103 -0.641618
vt 0.345382 -0.656770
vt 0.374480 -0.670532
vt 0.404787 -0.681376
vt 0.191386 -0.257579
vt 0.186124 -0.272287
vt 0.815247 -0.277758
vt 0.192261 -0.255134
vt 0.813876 -0.272287
vt 0.807739 -0.255134
vt 0.201310 -0.232799
vt 0.196968 -0.241980
vt 0.806834 -0.252603
vt 0.202563 -0.230149
vt 0.803032 -0.241980
vt 0.797437 -0.230150
vt 0.213599 -0.208096
vt 0.210730 -0.212882
vt 0.796128 -0.227382
vt 0.215364 -0.205151
vt 0.789270 -0.212882
vt 0.784558 -0.205021
vt 0.217196 -0.202095
vt 0.772722 -0.185273
vt 0.771438 -0.183542
vt 0.231031 -0.180212
vt 0.227278 -0.185273
vt 0.769014 -0.180273
vt 0.233635 -0.176702
vt 0.753548 -0.159419
vt 0.753116 -0.158943
vt 0.250250 -0.155230
vt 0.246452 -0.159419
vt 0.749750 -0.155230
vt 0.253908 -0.151194
vt 0.731931 -0.135569
vt 0.730805 -0.134548
vt 0.273930 -0.130257
vt 0.268069 -0.135569
vt 0.726070 -0.130257
vt 0.279173 -0.125505
vt 0.708081 -0.113952
vt 0.703216 -0.110344
vt 0.303608 -0.105284
vt 0.291919 -0.113952
vt 0.696392 -0.105284
vt 0.311343 -0.099547
vt 0.682227 -0.094778
vt 0.668296 -0.086428
vt 0.341912 -0.080310
vt 0.317773 -0.094778
vt 0.658088 -0.080310
vt 0.356306 -0.073063
vt 0.345382 -0.078230
vt 0.621440 -0.063008
vt 0.654618 -0.078230
vt 0.625520 -0.064468
vt 0.400006 -0.055334
vt 0.374480 -0.064468
vt 0.599994 -0.055334
vt 0.442224 -0.044881
vt 0.436010 -0.045802
vt 0.404787 -0.053624
vt 0.533574 -0.041291
vt 0.595213 -0.053624
vt 0.563990 -0.045802
vt 0.532150 -0.041080
vt 0.500000 -0.039500
vt 0.467850 -0.041080
vt 0.268069 -0.599431
vt 0.271056 -0.602139
vt 0.258690 -0.589083
vt 0.189196 -0.471301
vt 0.178938 -0.434028
vt 0.186124 -0.462713
vt 0.178302 -0.431490
vt 0.291919 -0.621048
vt 0.317773 -0.640222
vt 0.196968 -0.493020
vt 0.210730 -0.522118
vt 0.227278 -0.549727
vt 0.246452 -0.575581
vt 0.500000 0.522000
vt 0.500000 0.506000
vt 0.532150 0.506000
vt 0.532150 0.522000
vt 0.563990 0.506000
vt 0.563990 0.522000
vt 0.595213 0.506000
vt 0.595213 0.522000
vt 0.625520 0.506000
vt 0.625520 0.522000
vt 0.654618 0.506000
vt 0.654618 0.522000
vt 0.682227 0.506000
vt 0.682227 0.522000
vt 0.679897 0.522000
vt 0.708081 0.506000
vt 0.708081 0.522000
vt 0.731931 0.506000
vt 0.731931 0.522000
vt 0.728944 0.522000
vt 0.506000 -0.599431
vt 0.506000 -0.575581
vt 0.522000 -0.575581
vt 0.522000 -0.589083
vt 0.522000 -0.599431
vt 0.506000 -0.549727
vt 0.522000 -0.549727
vt 0.506000 -0.522118
vt 0.522000 -0.522118
vt 0.506000 -0.493020
vt 0.522000 -0.493020
vt 0.506000 -0.462713
vt 0.522000 -0.462713
vt 0.522000 -0.471301
vt 0.506000 -0.431490
vt 0.522000 -0.431490
vt 0.522000 -0.434028
vt 0.506000 -0.399650
vt 0.522000 -0.399650
vt 0.522000 -0.411658
vt 0.506000 -0.367500
vt 0.522000 -0.367500
vt 0.506000 -0.335350
vt 0.522000 -0.335350
vt 0.522000 -0.357814
vt 0.506000 -0.303510
vt 0.522000 -0.303510
vt 0.522000 -0.305103
vt 0.506000 -0.272287
vt 0.522000 -0.272287
vt 0.522000 -0.277758
vt 0.522000 -0.280118
vt 0.522000 -0.302855
vt 0.506000 -0.241980
vt 0.522000 -0.241980
vt 0.522000 -0.252603
vt 0.522000 -0.255134
vt 0.506000 -0.212882
vt 0.522000 -0.212882
vt 0.522000 -0.227382
vt 0.522000 -0.230150
vt 0.506000 -0.185273
vt 0.522000 -0.185273
vt 0.522000 -0.205021
vt 0.506000 -0.159419
vt 0.522000 -0.159419
vt 0.522000 -0.180273
vt 0.522000 -0.183542
vt 0.506000 -0.135569
vt 0.522000 -0.135569
vt 0.522000 -0.155230
vt 0.522000 -0.158943
vt 0.726070 0.522000
vt 0.730805 0.522000
vt 0.696392 0.522000
vt 0.703216 0.522000
vt 0.658088 0.522000
vt 0.668296 0.522000
vt 0.599994 0.522000
vt 0.621440 0.522000
vt 0.533574 0.522000
vt 0.467850 0.506000
vt 0.467850 0.522000
vt 0.436010 0.506000
vt 0.436010 0.522000
vt 0.442224 0.522000
vt 0.404787 0.506000
vt 0.404787 0.522000
vt 0.374480 0.506000
vt 0.374480 0.522000
vt 0.400006 0.522000
vt 0.345382 0.506000
vt 0.345382 0.522000
vt 0.356306 0.522000
vt 0.317773 0.506000
vt 0.317773 0.522000
vt 0.341912 0.522000
vt 0.291919 0.506000
vt 0.291919 0.522000
vt 0.303608 0.522000
vt 0.311343 0.522000
vt 0.268069 0.506000
vt 0.268069 0.522000
vt 0.273930 0.522000
vt 0.279173 0.522000
vt 0.522000 -0.151194
vt 0.522000 -0.180212
vt 0.522000 -0.176702
vt 0.522000 -0.208096
vt 0.522000 -0.205151
vt 0.522000 -0.202095
vt 0.522000 -0.232799
vt 0.522000 -0.230149
vt 0.522000 -0.257579
vt 0.522000 -0.282418
vt 0.271056 0.522000
vt 0.320103 0.522000
vt 0.426818 0.522000
vt 0.380000 0.160500
vt 0.414000 0.160500
vt 0.500000 0.206700
vt 0.586000 0.160500
vt 0.620000 0.160500
vt 0.500000 0.264500
vt 0.380000 0.276500
vt 0.414000 0.276500
vt 0.500000 0.322700
vt 0.586000 0.276500
vt 0.620000 0.276500
vt 0.500000 0.380500
vt 0.380000 0.392500
vt 0.414000 0.392500
vt 0.500000 0.438700
vt 0.586000 0.392500
vt 0.620000 0.392500
vt 0.500000 0.496500
vt 0.620000 0.508000
vt 0.586000 0.508000
vt 0.586000 0.546000
vt 0.620000 0.546000
vt 0.500000 0.508000
vt 0.500000 0.546000
vt 0.414000 0.508000
vt 0.414000 0.546000
vt 0.380000 0.508000
vt 0.380000 0.546000
vt 0.527541 0.508000
vt 0.527439 0.505172
vt 0.500000 0.505172
vt 0.500000 -0.682327
vt 0.527439 -0.681129
vt 0.527192 -0.678309
vt 0.500000 -0.679496
vt 0.527541 0.520000
vt 0.500000 0.520000
vt 0.500000 0.522828
vt 0.527439 0.522828
vt 0.554873 0.508000
vt 0.554669 0.505172
vt 0.554669 -0.677544
vt 0.554178 -0.674756
vt 0.554873 0.520000
vt 0.554669 0.522828
vt 0.581787 0.508000
vt 0.581483 0.505172
vt 0.581483 -0.671600
vt 0.580750 -0.668865
vt 0.581787 0.520000
vt 0.581483 0.522828
vt 0.608078 0.508000
vt 0.607677 0.505172
vt 0.607677 -0.663341
vt 0.606709 -0.660680
vt 0.608078 0.520000
vt 0.607677 0.522828
vt 0.633547 0.508000
vt 0.633052 0.505172
vt 0.633052 -0.652830
vt 0.631855 -0.650265
vt 0.633547 0.520000
vt 0.633052 0.522828
vt 0.658000 0.508000
vt 0.657414 0.505172
vt 0.657414 -0.640148
vt 0.655998 -0.637697
vt 0.658000 0.520000
vt 0.657414 0.522828
vt 0.681250 0.508000
vt 0.680578 0.505172
vt 0.680578 -0.625392
vt 0.678954 -0.623072
vt 0.681250 0.520000
vt 0.680578 0.522828
vt 0.703121 0.508000
vt 0.702367 0.505172
vt 0.702367 -0.608672
vt 0.700547 -0.606503
vt 0.703121 0.520000
vt 0.702367 0.522828
vt 0.723446 0.508000
vt 0.722616 0.505172
vt 0.722616 -0.590116
vt 0.720615 -0.588115
vt 0.723446 0.520000
vt 0.722616 0.522828
vt 0.508000 -0.590946
vt 0.508000 -0.570621
vt 0.505172 -0.569867
vt 0.505172 -0.590116
vt 0.741172 -0.569867
vt 0.739003 -0.568047
vt 0.520000 -0.570621
vt 0.520000 -0.590946
vt 0.522828 -0.590116
vt 0.522828 -0.569867
vt 0.508000 -0.548750
vt 0.505172 -0.548078
vt 0.757892 -0.548078
vt 0.755572 -0.546454
vt 0.520000 -0.548750
vt 0.522828 -0.548078
vt 0.508000 -0.525500
vt 0.505172 -0.524914
vt 0.772648 -0.524914
vt 0.770197 -0.523498
vt 0.520000 -0.525500
vt 0.522828 -0.524914
vt 0.508000 -0.501047
vt 0.505172 -0.500552
vt 0.785330 -0.500552
vt 0.782765 -0.499355
vt 0.520000 -0.501047
vt 0.522828 -0.500552
vt 0.508000 -0.475578
vt 0.505172 -0.475177
vt 0.795841 -0.475177
vt 0.793180 -0.474209
vt 0.520000 -0.475578
vt 0.522828 -0.475177
vt 0.508000 -0.449287
vt 0.505172 -0.448983
vt 0.804100 -0.448983
vt 0.801365 -0.448250
vt 0.520000 -0.449287
vt 0.522828 -0.448983
vt 0.508000 -0.422373
vt 0.505172 -0.422169
vt 0.810044 -0.422169
vt 0.807256 -0.421678
vt 0.520000 -0.422373
vt 0.522828 -0.422169
vt 0.508000 -0.395041
vt 0.505172 -0.394939
vt 0.813629 -0.394939
vt 0.810809 -0.394692
vt 0.520000 -0.395041
vt 0.522828 -0.394939
vt 0.508000 -0.367500
vt 0.505172 -0.367500
vt 0.814827 -0.367500
vt 0.811996 -0.367500
vt 0.520000 -0.367500
vt 0.522828 -0.367500
vt 0.508000 -0.339959
vt 0.505172 -0.340061
vt 0.813629 -0.340061
vt 0.810809 -0.340308
vt 0.520000 -0.339959
vt 0.522828 -0.340061
vt 0.508000 -0.312627
vt 0.505172 -0.312831
vt 0.810044 -0.312831
vt 0.807256 -0.313322
vt 0.520000 -0.312627
vt 0.522828 -0.312831
vt 0.508000 -0.285713
vt 0.505172 -0.286017
vt 0.804100 -0.286017
vt 0.801365 -0.286750
vt 0.520000 -0.285713
vt 0.522828 -0.286017
vt 0.508000 -0.259422
vt 0.505172 -0.259823
vt 0.795841 -0.259823
vt 0.793180 -0.260791
vt 0.520000 -0.259422
vt 0.522828 -0.259823
vt 0.508000 -0.233953
vt 0.505172 -0.234448
vt 0.785330 -0.234448
vt 0.782765 -0.235645
vt 0.520000 -0.233953
vt 0.522828 -0.234448
vt 0.508000 -0.209500
vt 0.505172 -0.210086
vt 0.772648 -0.210086
vt 0.770197 -0.211502
vt 0.520000 -0.209500
vt 0.522828 -0.210086
vt 0.508000 -0.186250
vt 0.505172 -0.186922
vt 0.757892 -0.186922
vt 0.755572 -0.188546
vt 0.520000 -0.186250
vt 0.522828 -0.186922
vt 0.508000 -0.164379
vt 0.505172 -0.165133
vt 0.741172 -0.165133
vt 0.739003 -0.166953
vt 0.520000 -0.164379
vt 0.522828 -0.165133
vt 0.508000 -0.144054
vt 0.505172 -0.144884
vt 0.722616 -0.144884
vt 0.720615 -0.146885
vt 0.520000 -0.144054
vt 0.522828 -0.144884
vt 0.702367 -0.126328
vt 0.700547 -0.128497
vt 0.680578 -0.109608
vt 0.678954 -0.111928
vt 0.657414 -0.094852
vt 0.655998 -0.097303
vt 0.633052 -0.082170
vt 0.631855 -0.084735
vt 0.607677 -0.071659
vt 0.606709 -0.074320
vt 0.581483 -0.063400
vt 0.580750 -0.066135
vt 0.554669 -0.057456
vt 0.554178 -0.060244
vt 0.527439 -0.053871
vt 0.527192 -0.056691
vt 0.500000 -0.052673
vt 0.500000 -0.055504
vt 0.472459 0.508000
vt 0.472561 0.505172
vt 0.472561 -0.053871
vt 0.472808 -0.056691
vt 0.472459 0.520000
vt 0.472561 0.522828
vt 0.445127 0.508000
vt 0.445331 0.505172
vt 0.445331 -0.057456
vt 0.445822 -0.060244
vt 0.445127 0.520000
vt 0.445331 0.522828
vt 0.418213 0.508000
vt 0.418517 0.505172
vt 0.418517 -0.063400
vt 0.419250 -0.066135
vt 0.418213 0.520000
vt 0.418517 0.522828
vt 0.391922 0.508000
vt 0.392323 0.505172
vt 0.392323 -0.071659
vt 0.393291 -0.074320
vt 0.391922 0.520000
vt 0.392323 0.522828
vt 0.366453 0.508000
vt 0.366948 0.505172
vt 0.366948 -0.082170
vt 0.368145 -0.084735
vt 0.366453 0.520000
vt 0.366948 0.522828
vt 0.342000 0.508000
vt 0.342586 0.505172
vt 0.342586 -0.094852
vt 0.344002 -0.097303
vt 0.342000 0.520000
vt 0.342586 0.522828
vt 0.318750 0.508000
vt 0.319422 0.505172
vt 0.319422 -0.109608
vt 0.321046 -0.111928
vt 0.318750 0.520000
vt 0.319422 0.522828
vt 0.296879 0.508000
vt 0.297633 0.505172
vt 0.297633 -0.126328
vt 0.299453 -0.128497
vt 0.296879 0.520000
vt 0.297633 0.522828
vt 0.276554 0.508000
vt 0.277384 0.505172
vt 0.277384 -0.144884
vt 0.279385 -0.146885
vt 0.276554 0.520000
vt 0.277384 0.522828
vt 0.258828 -0.165133
vt 0.260997 -0.166953
vt 0.242108 -0.186922
vt 0.244428 -0.188546
vt 0.227352 -0.210086
vt 0.229803 -0.211502
vt 0.214670 -0.234448
vt 0.217235 -0.235645
vt 0.204159 -0.259823
vt 0.206820 -0.260791
vt 0.195900 -0.286017
vt 0.198635 -0.286750
vt 0.189956 -0.312831
vt 0.192744 -0.313322
vt 0.186371 -0.340061
vt 0.189191 -0.340308
vt 0.185173 -0.367500
vt 0.188004 -0.367500
vt 0.186371 -0.394939
vt 0.189191 -0.394692
vt 0.189956 -0.422169
vt 0.192744 -0.421678
vt 0.195900 -0.448983
vt 0.198635 -0.448250
vt 0.204159 -0.475177
vt 0.206820 -0.474209
vt 0.214670 -0.500552
vt 0.217235 -0.499355
vt 0.227352 -0.524914
vt 0.229803 -0.523498
vt 0.242108 -0.548078
vt 0.244428 -0.546454
vt 0.258828 -0.569867
vt 0.260997 -0.568047
vt 0.277384 -0.590116
vt 0.279385 -0.588115
vt 0.297633 -0.608672
vt 0.299453 -0.606503
vt 0.319422 -0.625392
vt 0.321046 -0.623072
vt 0.342586 -0.640148
vt 0.344002 -0.637697
vt 0.366948 -0.652830
vt 0.368145 -0.650265
vt 0.392323 -0.663341
vt 0.393291 -0.660680
vt 0.418517 -0.671600
vt 0.419250 -0.668865
vt 0.445331 -0.677544
vt 0.445822 -0.674756
vt 0.472561 -0.681129
vt 0.472808 -0.678309
s 1
f 1374/1/1 1/2/2 4/3/3 1376/4/4
f 1376/5/4 4/6/3 6/7/5 1375/8/6
f 1375/8/6 6/7/5 3/9/7 1373/10/8
f 1/2/2 8/11/9 11/12/10 4/3/3
f 4/6/3 11/13/10 12/14/11 6/7/5
f 6/7/5 12/14/11 9/15/12 3/9/7
f 8/11/9 13/16/13 17/17/14 11/12/10
f 11/13/10 17/18/14 18/19/15 12/14/11
f 12/14/11 18/19/15 15/20/16 9/15/12
f 13/16/13 20/21/17 22/22/18 17/17/14
f 17/18/14 22/23/18 24/24/19 18/19/15
f 18/19/15 24/24/19 21/25/20 15/20/16
f 20/21/17 25/26/21 28/27/22 22/22/18
f 22/23/18 28/28/22 30/29/23 24/24/19
f 24/24/19 30/29/23 27/30/24 21/25/20
f 25/26/21 32/31/25 35/32/26 28/27/22
f 28/28/22 35/33/26 36/34/27 30/29/23
f 30/29/23 36/34/27 33/35/28 27/30/24
f 32/31/25 38/36/29 40/37/30 35/32/26
f 35/33/26 40/38/30 42/39/31 36/34/27
f 36/34/27 42/39/31 39/40/32 33/35/28
f 38/41/29 43/42/33 47/43/34 40/44/30
f 40/38/30 47/45/34 48/46/35 42/39/31
f 42/39/31 48/46/35 45/47/36 39/40/32
f 43/42/33 50/48/37 53/49/38 47/43/34
f 47/45/34 53/50/38 54/51/39 48/46/35
f 48/46/35 54/51/39 51/52/40 45/47/36
f 50/48/37 56/53/41 59/54/42 53/49/38
f 53/50/38 59/55/42 60/56/43 54/51/39
f 54/51/39 60/56/43 57/57/44 51/52/40
f 56/53/41 61/58/45 64/59/46 59/54/42
f 59/55/42 64/60/46 66/61/47 60/56/43
f 60/56/43 66/61/47 63/62/48 57/57/44
f 61/58/45 68/63/49 70/64/50 64/59/46
f 64/60/46 70/65/50 72/66/51 66/61/47
f 66/61/47 72/66/51 69/67/52 63/62/48
f 68/63/49 74/68/53 77/69/54 70/64/50
f 70/65/50 77/70/54 78/71/55 72/66/51
f 72/66/51 78/71/55 75/72/56 69/67/52
f 74/68/53 79/73/57 83/74/58 77/69/54
f 77/70/54 83/75/58 84/76/59 78/71/55
f 78/71/55 84/76/59 81/77/60 75/72/56
f 79/73/57 86/78/61 89/79/62 83/74/58
f 83/75/58 89/80/62 90/81/63 84/76/59
f 84/76/59 90/81/63 87/82/64 81/77/60
f 86/78/61 92/83/65 94/84/66 89/79/62
f 89/80/62 94/85/66 96/86/67 90/81/63
f 90/81/63 96/86/67 93/87/68 87/82/64
f 92/83/65 98/88/69 101/89/70 94/84/66
f 94/85/66 101/90/70 102/91/71 96/86/67
f 96/86/67 102/91/71 99/92/72 93/87/68
f 98/88/69 104/93/73 107/94/74 101/89/70
f 101/90/70 107/95/74 108/96/75 102/91/71
f 102/91/71 108/96/75 105/97/76 99/92/72
f 104/93/73 110/98/77 113/99/78 107/94/74
f 107/95/74 113/100/78 114/101/79 108/96/75
f 108/96/75 114/101/79 111/102/80 105/97/76
f 110/98/77 116/103/81 119/104/82 113/99/78
f 113/99/78 119/104/82 120/105/83 114/106/79
f 114/101/79 120/107/83 117/108/84 111/102/80
f 116/103/81 121/109/85 124/110/86 119/104/82
f 119/111/82 124/112/86 126/113/87 120/107/83
f 120/107/83 126/113/87 123/114/88 117/108/84
f 121/109/85 128/115/89 130/116/90 124/110/86
f 124/112/86 130/117/90 132/118/91 126/113/87
f 126/113/87 132/118/91 129/119/92 123/114/88
f 128/115/89 133/120/93 136/121/94 130/116/90
f 130/117/90 136/122/94 138/123/95 132/118/91
f 132/118/91 138/123/95 135/124/96 129/119/92
f 133/120/93 139/125/97 142/126/98 136/121/94
f 136/122/94 142/127/98 144/128/99 138/123/95
f 138/123/95 144/128/99 141/129/100 135/124/96
f 139/125/97 146/130/101 149/131/102 142/126/98
f 142/127/98 149/132/102 150/133/103 144/128/99
f 144/128/99 150/133/103 147/134/104 141/129/100
f 146/130/101 152/135/105 155/136/106 149/131/102
f 149/132/102 155/137/106 156/138/107 150/133/103
f 150/133/103 156/138/107 153/139/108 147/134/104
f 152/135/105 158/140/109 160/141/110 155/136/106
f 155/137/106 160/142/110 162/143/111 156/138/107
f 156/138/107 162/143/111 159/144/112 153/139/108
f 158/140/109 163/145/113 167/146/114 160/141/110
f 160/142/110 167/147/114 168/148/115 162/143/111
f 162/143/111 168/148/115 165/149/116 159/144/112
f 163/145/113 169/150/117 172/151/118 167/146/114
f 167/147/114 172/152/118 174/153/119 168/148/115
f 168/148/115 174/153/119 171/154/120 165/149/116
f 169/150/117 175/155/121 178/156/122 172/151/118
f 172/152/118 178/157/122 180/158/123 174/153/119
f 174/153/119 180/158/123 177/159/124 171/154/120
f 175/155/121 181/160/125 185/161/126 178/156/122
f 178/157/122 185/162/126 186/163/127 180/158/123
f 180/158/123 186/163/127 183/164/128 177/159/124
f 181/160/125 188/165/129 191/166/130 185/161/126
f 185/162/126 191/167/130 192/168/131 186/163/127
f 186/163/127 192/168/131 189/169/132 183/164/128
f 188/165/129 193/170/133 195/171/134 191/166/130
f 191/167/130 195/172/134 196/173/135 192/168/131
f 192/168/131 196/173/135 194/174/136 189/169/132
f 193/170/133 197/175/137 199/176/138 195/171/134
f 195/172/134 199/177/138 200/178/139 196/173/135
f 196/173/135 200/178/139 198/179/140 194/174/136
f 197/175/137 201/180/141 203/181/142 199/176/138
f 199/177/138 203/182/142 204/183/143 200/178/139
f 200/178/139 204/183/143 202/184/144 198/179/140
f 201/180/141 205/185/145 207/186/146 203/181/142
f 203/182/142 207/187/146 208/188/147 204/183/143
f 204/183/143 208/188/147 206/189/148 202/184/144
f 205/185/145 209/190/149 211/191/150 207/186/146
f 207/187/146 211/192/150 212/193/151 208/188/147
f 208/188/147 212/193/151 210/194/152 206/189/148
f 209/190/149 213/195/153 215/196/154 211/191/150
f 211/192/150 215/197/154 216/198/155 212/193/151
f 212/193/151 216/198/155 214/199/156 210/194/152
f 213/195/153 217/200/157 219/201/158 215/196/154
f 215/197/154 219/202/158 220/203/159 216/198/155
f 216/198/155 220/203/159 218/204/160 214/199/156
f 217/200/157 221/205/161 223/206/162 219/201/158
f 219/202/158 223/207/162 224/208/163 220/203/159
f 220/203/159 224/208/163 222/209/164 218/204/160
f 221/205/161 225/210/165 227/211/166 223/206/162
f 223/207/162 227/212/166 228/213/167 224/208/163
f 224/208/163 228/213/167 226/214/168 222/209/164
f 225/210/165 229/215/169 231/216/170 227/211/166
f 227/212/166 231/217/170 232/218/171 228/213/167
f 228/213/167 232/218/171 230/219/172 226/214/168
f 229/215/169 233/220/169 235/221/170 231/216/170
f 231/217/170 235/222/170 236/223/171 232/218/171
f 232/218/171 236/223/171 234/224/173 230/219/172
f 233/220/169 237/225/169 239/226/170 235/221/170
f 235/222/170 239/227/170 240/228/171 236/223/171
f 236/223/171 240/228/171 238/229/173 234/224/173
f 237/225/169 241/230/169 243/231/174 239/226/170
f 239/227/170 243/232/174 244/233/171 240/228/171
f 240/228/171 244/233/171 242/234/172 238/229/173
f 241/230/169 245/235/175 247/236/176 243/231/174
f 243/232/174 247/237/176 248/238/177 244/233/171
f 244/233/171 248/238/177 246/239/178 242/234/172
f 245/235/175 249/240/179 251/241/180 247/236/176
f 247/237/176 251/242/180 252/243/181 248/238/177
f 248/238/177 252/243/181 250/244/182 246/239/178
f 249/240/179 253/245/183 255/246/184 251/241/180
f 251/241/180 255/246/184 256/247/185 252/248/181
f 252/243/181 256/249/185 254/250/186 250/244/182
f 253/245/183 257/251/187 259/252/188 255/246/184
f 255/253/184 259/254/188 260/255/189 256/249/185
f 256/249/185 260/255/189 258/256/190 254/250/186
f 257/251/187 261/257/191 263/258/192 259/252/188
f 259/254/188 263/259/192 264/260/193 260/255/189
f 260/255/189 264/260/193 262/261/194 258/256/190
f 261/257/191 265/262/195 267/263/196 263/258/192
f 263/259/192 267/264/196 268/265/197 264/260/193
f 264/260/193 268/265/197 266/266/198 262/261/194
f 265/262/195 269/267/199 271/268/200 267/263/196
f 267/263/196 271/268/200 272/269/201 268/270/197
f 268/265/197 272/271/201 270/272/202 266/266/198
f 269/267/199 273/273/203 275/274/204 271/268/200
f 271/268/200 275/274/204 276/275/205 272/269/201
f 272/271/201 276/276/205 274/277/206 270/272/202
f 273/273/203 277/278/207 279/279/208 275/274/204
f 275/280/204 279/281/208 280/282/209 276/276/205
f 276/276/205 280/282/209 278/283/210 274/277/206
f 277/278/207 281/284/211 283/285/212 279/279/208
f 279/279/208 283/285/212 284/286/213 280/287/209
f 280/282/209 284/288/213 282/289/214 278/283/210
f 281/284/211 285/290/215 287/291/216 283/285/212
f 283/292/212 287/293/216 288/294/217 284/288/213
f 284/288/213 288/294/217 286/295/218 282/289/214
f 285/290/215 289/296/219 291/297/220 287/291/216
f 287/293/216 291/298/220 292/299/221 288/294/217
f 288/294/217 292/299/221 290/300/222 286/295/218
f 289/296/219 293/301/223 295/302/224 291/297/220
f 291/298/220 295/303/224 296/304/225 292/299/221
f 292/299/221 296/304/225 294/305/226 290/300/222
f 293/301/223 297/306/227 299/307/228 295/302/224
f 295/303/224 299/308/228 300/309/229 296/304/225
f 296/304/225 300/309/229 298/310/230 294/305/226
f 297/306/227 301/311/231 303/312/232 299/307/228
f 299/308/228 303/313/232 304/314/233 300/309/229
f 300/309/229 304/314/233 302/315/234 298/310/230
f 301/311/231 305/316/235 307/317/236 303/312/232
f 303/313/232 307/318/236 308/319/237 304/314/233
f 304/314/233 308/319/237 306/320/238 302/315/234
f 305/316/235 309/321/239 311/322/240 307/317/236
f 307/318/236 311/323/240 312/324/241 308/319/237
f 308/319/237 312/324/241 310/325/242 306/320/238
f 309/321/239 313/326/243 315/327/244 311/322/240
f 311/323/240 315/328/244 316/329/245 312/324/241
f 312/324/241 316/329/245 314/330/246 310/325/242
f 313/326/243 317/331/247 319/332/248 315/327/244
f 315/328/244 319/333/248 320/334/249 316/329/245
f 316/329/245 320/334/249 318/335/250 314/330/246
f 317/331/247 321/336/251 323/337/252 319/332/248
f 319/333/248 323/338/252 324/339/253 320/334/249
f 320/334/249 324/339/253 322/340/254 318/335/250
f 321/336/251 325/341/255 327/342/256 323/337/252
f 323/337/252 327/342/256 328/343/257 324/344/253
f 324/339/253 328/345/257 326/346/258 322/340/254
f 325/341/255 329/347/259 331/348/260 327/342/256
f 327/349/256 331/350/260 332/351/261 328/345/257
f 328/345/257 332/351/261 330/352/262 326/346/258
f 329/347/259 333/353/263 335/354/264 331/348/260
f 331/350/260 335/355/264 336/356/265 332/351/261
f 332/351/261 336/356/265 334/357/266 330/352/262
f 333/353/263 337/358/267 339/359/268 335/354/264
f 335/355/264 339/360/268 340/361/269 336/356/265
f 336/356/265 340/361/269 338/362/270 334/357/266
f 337/358/267 341/363/271 343/364/272 339/359/268
f 339/360/268 343/365/272 344/366/273 340/361/269
f 340/361/269 344/366/273 342/367/274 338/362/270
f 341/363/271 345/368/271 347/369/275 343/364/272
f 343/365/272 347/370/275 348/371/276 344/366/273
f 344/366/273 348/371/276 346/372/277 342/367/274
f 345/368/271 349/373/271 351/374/278 347/369/275
f 347/370/275 351/375/278 352/376/276 348/371/276
f 348/371/276 352/376/276 350/377/279 346/372/277
f 349/373/271 353/378/271 355/379/280 351/374/278
f 351/375/278 355/380/280 356/381/276 352/376/276
f 352/376/276 356/381/276 354/382/277 350/377/279
f 353/378/271 357/383/271 359/384/281 355/379/280
f 355/380/280 359/385/281 360/386/276 356/381/276
f 356/381/276 360/386/276 358/387/277 354/382/277
f 357/383/271 361/388/271 363/389/281 359/384/281
f 359/385/281 363/390/281 364/391/276 360/386/276
f 360/386/276 364/391/276 362/392/277 358/387/277
f 361/388/271 365/393/271 367/394/282 363/389/281
f 363/390/281 367/395/282 368/396/276 364/391/276
f 364/391/276 368/396/276 366/397/279 362/392/277
f 365/393/271 369/398/271 371/399/281 367/394/282
f 367/395/282 371/400/281 372/401/276 368/396/276
f 368/396/276 372/401/276 370/402/277 366/397/279
f 369/398/271 373/403/271 375/404/282 371/399/281
f 371/400/281 375/405/282 376/406/276 372/401/276
f 372/401/276 376/406/276 374/407/277 370/402/277
f 373/403/271 377/408/271 379/409/283 375/404/282
f 375/405/282 379/410/283 380/411/276 376/406/276
f 376/406/276 380/411/276 378/412/277 374/407/277
f 377/408/271 381/413/271 383/414/278 379/409/283
f 379/410/283 383/415/278 384/416/276 380/411/276
f 380/411/276 384/416/276 382/417/277 378/412/277
f 381/413/271 385/418/271 387/419/278 383/414/278
f 383/415/278 387/420/278 388/421/276 384/416/276
f 384/416/276 388/421/276 386/422/284 382/417/277
f 385/418/271 389/423/285 391/424/286 387/419/278
f 387/420/278 391/425/286 392/426/287 388/421/276
f 388/421/276 392/426/287 390/427/288 386/422/284
f 389/423/285 393/428/289 395/429/290 391/424/286
f 391/425/286 395/430/290 396/431/291 392/426/287
f 392/426/287 396/431/291 394/432/292 390/427/288
f 393/428/289 397/433/293 399/434/294 395/429/290
f 395/430/290 399/435/294 400/436/295 396/431/291
f 396/431/291 400/436/295 398/437/296 394/432/292
f 397/433/293 401/438/297 403/439/298 399/434/294
f 399/435/294 403/440/298 404/441/299 400/436/295
f 400/436/295 404/441/299 402/442/300 398/437/296
f 401/438/297 405/443/301 407/444/302 403/439/298
f 403/440/298 407/445/302 408/446/303 404/441/299
f 404/441/299 408/446/303 406/447/304 402/442/300
f 405/443/301 409/448/305 411/449/306 407/444/302
f 407/445/302 411/450/306 412/451/307 408/446/303
f 408/446/303 412/451/307 410/452/308 406/447/304
f 409/448/305 413/453/305 415/454/306 411/449/306
f 411/450/306 415/455/306 416/456/307 412/451/307
f 412/451/307 416/456/307 414/457/308 410/452/308
f 413/453/305 417/458/309 419/459/306 415/454/306
f 415/455/306 419/460/306 420/461/303 416/456/307
f 416/456/307 420/461/303 418/462/310 414/457/308
f 417/458/309 421/463/311 423/464/312 419/459/306
f 419/460/306 423/465/312 424/466/313 420/461/303
f 420/461/303 424/466/313 422/467/314 418/462/310
f 421/463/311 425/468/315 427/469/316 423/464/312
f 423/465/312 427/470/316 428/471/317 424/466/313
f 424/466/313 428/471/317 426/472/318 422/467/314
f 425/468/315 429/473/319 431/474/320 427/469/316
f 427/470/316 431/475/320 432/476/321 428/471/317
f 428/471/317 432/476/321 430/477/322 426/472/318
f 429/473/319 433/478/323 435/479/324 431/474/320
f 431/475/320 435/480/324 436/481/325 432/476/321
f 432/476/321 436/481/325 434/482/326 430/477/322
f 433/478/323 437/483/327 439/484/286 435/479/324
f 435/480/324 439/485/286 440/486/287 436/481/325
f 436/481/325 440/486/287 438/487/328 434/482/326
f 437/483/327 441/488/289 443/489/290 439/484/286
f 439/485/286 443/490/290 444/491/291 440/486/287
f 440/486/287 444/491/291 442/492/292 438/487/328
f 441/488/289 445/493/293 447/494/329 443/489/290
f 443/490/290 447/495/329 448/496/330 444/491/291
f 444/491/291 448/496/330 446/497/296 442/492/292
f 445/493/293 449/498/297 451/499/298 447/494/329
f 447/495/329 451/500/298 452/501/331 448/496/330
f 448/496/330 452/501/331 450/502/332 446/497/296
f 449/498/297 453/503/333 455/504/334 451/499/298
f 451/500/298 455/505/334 456/506/335 452/501/331
f 452/501/331 456/506/335 454/507/336 450/502/332
f 453/503/333 457/508/337 459/509/338 455/504/334
f 455/505/334 459/510/338 460/511/339 456/506/335
f 456/506/335 460/511/339 458/512/340 454/507/336
f 457/508/337 461/513/341 463/514/342 459/509/338
f 459/510/338 463/515/342 464/516/343 460/511/339
f 460/511/339 464/516/343 462/517/344 458/512/340
f 461/513/341 465/518/345 467/519/346 463/514/342
f 463/515/342 467/520/346 468/521/347 464/516/343
f 464/516/343 468/521/347 466/522/348 462/517/344
f 465/518/345 469/523/349 471/524/350 467/519/346
f 467/520/346 471/525/350 472/526/351 468/521/347
f 468/521/347 472/526/351 470/527/352 466/522/348
f 469/523/349 473/528/353 475/529/354 471/524/350
f 471/525/350 475/530/354 476/531/355 472/526/351
f 472/526/351 476/531/355 474/532/356 470/527/352
f 473/528/353 477/533/357 479/534/358 475/529/354
f 475/530/354 479/535/358 480/536/359 476/531/355
f 476/531/355 480/536/359 478/537/360 474/532/356
f 477/533/357 481/538/361 483/539/362 479/534/358
f 479/535/358 483/540/362 484/541/363 480/536/359
f 480/536/359 484/541/363 482/542/364 478/537/360
f 481/538/361 485/543/365 487/544/366 483/539/362
f 483/540/362 487/545/366 488/546/367 484/541/363
f 484/541/363 488/546/367 486/547/368 482/542/364
f 485/543/365 489/548/369 491/549/370 487/544/366
f 487/545/366 491/550/370 492/551/371 488/546/367
f 488/546/367 492/551/371 490/552/372 486/547/368
f 489/548/369 493/553/373 495/554/374 491/549/370
f 491/550/370 495/555/374 496/556/375 492/551/371
f 492/551/371 496/556/375 494/557/376 490/552/372
f 493/558/373 497/559/377 499/560/378 495/561/374
f 495/555/374 499/562/378 500/563/379 496/556/375
f 496/556/375 500/563/379 498/564/380 494/557/376
f 497/559/377 501/565/381 503/566/382 499/560/378
f 499/560/378 503/566/382 504/567/383 500/568/379
f 500/563/379 504/569/383 502/570/384 498/564/380
f 501/565/381 505/571/385 507/572/386 503/566/382
f 503/573/382 507/574/386 508/575/387 504/569/383
f 504/569/383 508/575/387 506/576/388 502/570/384
f 505/553/385 509/548/389 511/577/390 507/578/386
f 507/574/386 511/579/390 512/580/391 508/575/387
f 508/575/387 512/580/391 510/581/392 506/576/388
f 509/548/389 513/543/393 515/582/394 511/577/390
f 511/579/390 515/583/394 516/584/395 512/580/391
f 512/580/391 516/584/395 514/585/396 510/581/392
f 513/543/393 517/538/397 519/586/398 515/582/394
f 515/583/394 519/587/398 520/588/399 516/584/395
f 516/584/395 520/588/399 518/589/400 514/585/396
f 517/538/397 521/533/401 523/590/402 519/586/398
f 519/587/398 523/591/402 524/592/403 520/588/399
f 520/588/399 524/592/403 522/593/400 518/589/400
f 521/533/401 525/528/401 527/594/402 523/590/402
f 523/591/402 527/595/402 528/596/403 524/592/403
f 524/592/403 528/596/403 526/597/400 522/593/400
f 525/528/401 529/523/404 531/598/405 527/594/402
f 527/595/402 531/599/405 532/600/406 528/596/403
f 528/596/403 532/600/406 530/601/400 526/597/400
f 529/523/404 533/518/407 535/602/408 531/598/405
f 531/599/405 535/603/408 536/604/409 532/600/406
f 532/600/406 536/604/409 534/605/410 530/601/400
f 533/518/407 537/513/411 539/606/412 535/602/408
f 535/603/408 539/607/412 540/608/413 536/604/409
f 536/604/409 540/608/413 538/609/414 534/605/410
f 537/513/411 541/508/415 543/610/416 539/606/412
f 539/607/412 543/611/416 544/612/417 540/608/413
f 540/608/413 544/612/417 542/613/418 538/609/414
f 541/508/415 545/503/419 547/614/420 543/610/416
f 543/611/416 547/615/420 548/616/421 544/612/417
f 544/612/417 548/616/421 546/617/422 542/613/418
f 545/503/419 549/498/423 551/618/424 547/614/420
f 547/614/420 551/618/424 552/619/425 548/620/421
f 548/616/421 552/621/425 550/622/426 546/617/422
f 549/498/423 553/493/427 555/623/428 551/618/424
f 551/624/424 555/625/428 556/626/429 552/621/425
f 552/621/425 556/626/429 554/627/430 550/622/426
f 553/493/427 557/488/431 559/628/432 555/623/428
f 555/625/428 559/629/432 560/630/433 556/626/429
f 556/626/429 560/630/433 558/631/434 554/627/430
f 557/488/431 561/483/435 563/632/436 559/628/432
f 559/629/432 563/633/436 564/634/437 560/630/433
f 560/630/433 564/634/437 562/635/438 558/631/434
f 561/483/435 565/478/439 567/636/440 563/632/436
f 563/633/436 567/637/440 568/638/441 564/634/437
f 564/634/437 568/638/441 566/639/442 562/635/438
f 565/478/439 569/473/443 571/640/444 567/636/440
f 567/637/440 571/641/444 572/642/445 568/638/441
f 568/638/441 572/642/445 570/643/446 566/639/442
f 569/473/443 573/468/447 575/644/448 571/640/444
f 571/641/444 575/645/448 576/646/449 572/642/445
f 572/642/445 576/646/449 574/647/450 570/643/446
f 573/468/447 577/463/451 579/648/452 575/644/448
f 575/645/448 579/649/452 580/650/453 576/646/449
f 576/646/449 580/650/453 578/651/454 574/647/450
f 577/463/451 581/458/455 583/652/456 579/648/452
f 579/649/452 583/653/456 584/654/457 580/650/453
f 580/650/453 584/654/457 582/655/458 578/651/454
f 581/458/455 585/453/459 587/656/460 583/652/456
f 583/653/456 587/657/460 588/658/461 584/654/457
f 584/654/457 588/658/461 586/659/462 582/655/458
f 585/453/459 589/448/463 591/660/464 587/656/460
f 587/657/460 591/661/464 592/662/465 588/658/461
f 588/658/461 592/662/465 590/663/466 586/659/462
f 589/448/463 593/443/467 595/664/468 591/660/464
f 591/661/464 595/665/468 596/666/469 592/662/465
f 592/662/465 596/666/469 594/667/470 590/663/466
f 593/443/467 597/438/439 599/668/471 595/664/468
f 595/665/468 599/669/471 600/670/441 596/666/469
f 596/666/469 600/670/441 598/671/472 594/667/470
f 597/438/439 601/433/443 603/672/444 599/668/471
f 599/669/471 603/673/444 604/674/445 600/670/441
f 600/670/441 604/674/445 602/675/446 598/671/472
f 601/433/443 605/428/473 607/676/448 603/672/444
f 603/673/444 607/677/448 608/678/449 604/674/445
f 604/674/445 608/678/449 606/679/450 602/675/446
f 605/428/473 609/423/451 611/680/474 607/676/448
f 607/677/448 611/681/474 612/682/475 608/678/449
f 608/678/449 612/682/475 610/683/454 606/679/450
f 609/423/451 613/418/455 615/684/456 611/680/474
f 611/681/474 615/685/456 616/686/457 612/682/475
f 612/682/475 616/686/457 614/687/476 610/683/454
f 613/418/455 617/413/473 619/688/460 615/684/456
f 615/685/456 619/689/460 620/690/477 616/686/457
f 616/686/457 620/690/477 618/691/462 614/687/476
f 617/413/473 621/408/463 623/692/464 619/688/460
f 619/689/460 623/693/464 624/694/465 620/690/477
f 620/690/477 624/694/465 622/695/466 618/691/462
f 621/408/463 625/403/467 627/696/468 623/692/464
f 623/693/464 627/697/468 628/698/469 624/694/465
f 624/694/465 628/698/469 626/699/470 622/695/466
f 625/403/467 629/398/439 631/700/471 627/696/468
f 627/697/468 631/701/471 632/702/441 628/698/469
f 628/698/469 632/702/441 630/703/472 626/699/470
f 629/398/439 633/393/443 635/704/444 631/700/471
f 631/701/471 635/705/444 636/706/445 632/702/441
f 632/702/441 636/706/445 634/707/446 630/703/472
f 633/393/443 637/388/478 639/708/448 635/704/444
f 635/705/444 639/709/448 640/710/449 636/706/445
f 636/706/445 640/710/449 638/711/450 634/707/446
f 637/388/478 641/383/479 643/712/474 639/708/448
f 639/709/448 643/713/474 644/714/453 640/710/449
f 640/710/449 644/714/453 642/715/454 638/711/450
f 641/383/479 645/378/480 647/716/481 643/712/474
f 643/713/474 647/717/481 648/718/482 644/714/453
f 644/714/453 648/718/482 646/719/483 642/715/454
f 645/378/480 649/373/484 651/720/485 647/716/481
f 647/717/481 651/721/485 652/722/486 648/718/482
f 648/718/482 652/722/486 650/723/487 646/719/483
f 649/373/484 653/368/488 655/724/489 651/720/485
f 651/721/485 655/725/489 656/726/490 652/722/486
f 652/722/486 656/726/490 654/727/491 650/723/487
f 653/368/488 657/363/492 659/728/493 655/724/489
f 655/725/489 659/729/493 660/730/494 656/726/490
f 656/726/490 660/730/494 658/731/495 654/727/491
f 657/363/492 661/358/496 663/732/497 659/728/493
f 659/729/493 663/733/497 664/734/498 660/730/494
f 660/730/494 664/734/498 662/735/499 658/731/495
f 661/358/496 665/736/500 667/737/501 663/732/497
f 663/733/497 667/738/501 668/739/502 664/734/498
f 664/734/498 668/739/502 666/740/503 662/735/499
f 665/736/500 669/741/504 671/742/505 667/737/501
f 667/738/501 671/743/505 672/744/506 668/739/502
f 668/739/502 672/744/506 670/745/507 666/740/503
f 669/741/504 673/746/508 675/747/509 671/742/505
f 671/743/505 675/748/509 676/749/510 672/744/506
f 672/744/506 676/749/510 674/750/511 670/745/507
f 673/746/508 677/341/512 679/751/513 675/747/509
f 675/748/509 679/752/513 680/753/514 676/749/510
f 676/749/510 680/753/514 678/754/515 674/750/511
f 677/341/512 681/755/516 683/756/517 679/751/513
f 679/752/513 683/757/517 684/758/518 680/753/514
f 680/753/514 684/758/518 682/759/519 678/754/515
f 681/755/516 685/760/520 687/761/521 683/756/517
f 683/757/517 687/762/521 688/763/522 684/758/518
f 684/758/518 688/763/522 686/764/523 682/759/519
f 685/760/520 689/765/524 691/766/525 687/761/521
f 687/762/521 691/767/525 692/768/526 688/763/522
f 688/763/522 692/768/526 690/769/527 686/764/523
f 689/770/524 693/771/528 695/772/529 691/773/525
f 691/767/525 695/774/529 696/775/530 692/768/526
f 692/768/526 696/775/530 694/776/531 690/769/527
f 693/771/528 697/777/532 699/778/533 695/772/529
f 695/774/529 699/779/533 700/780/534 696/775/530
f 696/775/530 700/780/534 698/781/535 694/776/531
f 697/777/532 701/782/536 703/783/537 699/778/533
f 699/779/533 703/784/537 704/785/538 700/780/534
f 700/780/534 704/785/538 702/786/539 698/781/535
f 701/782/536 705/787/540 707/788/541 703/783/537
f 703/784/537 707/789/541 708/790/542 704/785/538
f 704/785/538 708/790/542 706/791/543 702/786/539
f 705/787/540 709/792/544 711/793/545 707/788/541
f 707/789/541 711/794/545 712/795/546 708/790/542
f 708/790/542 712/795/546 710/796/547 706/791/543
f 709/792/544 713/797/548 715/798/549 711/793/545
f 711/794/545 715/799/549 716/800/550 712/795/546
f 712/795/546 716/800/550 714/801/551 710/796/547
f 713/797/548 717/802/552 719/803/553 715/798/549
f 715/798/549 719/803/553 720/804/554 716/805/550
f 716/800/550 720/806/554 718/807/555 714/801/551
f 717/802/552 721/808/556 723/809/557 719/803/553
f 719/810/553 723/811/557 724/812/558 720/806/554
f 720/806/554 724/812/558 722/813/559 718/807/555
f 721/808/556 725/814/560 727/815/561 723/809/557
f 723/811/557 727/816/561 728/817/562 724/812/558
f 724/812/558 728/817/562 726/818/563 722/813/559
f 725/814/560 729/819/564 731/820/565 727/815/561
f 727/816/561 731/821/565 732/822/566 728/817/562
f 728/817/562 732/822/566 730/823/567 726/818/563
f 729/819/564 733/824/568 735/825/569 731/820/565
f 731/821/565 735/826/569 736/827/570 732/822/566
f 732/822/566 736/827/570 734/828/571 730/823/567
f 733/824/568 737/829/572 739/830/573 735/825/569
f 735/826/569 739/831/573 740/832/574 736/827/570
f 736/827/570 740/832/574 738/833/575 734/828/571
f 737/829/572 741/834/576 743/835/577 739/830/573
f 739/831/573 743/836/577 744/837/578 740/832/574
f 740/832/574 744/837/578 742/838/579 738/833/575
f 741/765/576 745/760/580 747/761/581 743/766/577
f 743/836/577 747/839/581 748/840/582 744/837/578
f 744/837/578 748/840/582 746/841/583 742/838/579
f 745/760/580 749/755/584 751/756/585 747/761/581
f 747/839/581 751/842/585 752/843/586 748/840/582
f 748/840/582 752/843/586 750/844/587 746/841/583
f 749/755/584 753/341/588 755/751/589 751/756/585
f 751/842/585 755/845/589 756/846/590 752/843/586
f 752/843/586 756/846/590 754/847/591 750/844/587
f 753/341/588 757/746/592 759/747/593 755/751/589
f 755/845/589 759/848/593 760/849/594 756/846/590
f 756/846/590 760/849/594 758/850/595 754/847/591
f 757/746/592 761/741/596 763/742/597 759/747/593
f 759/848/593 763/851/597 764/852/598 760/849/594
f 760/849/594 764/852/598 762/853/599 758/850/595
f 761/741/596 765/736/600 767/737/601 763/742/597
f 763/851/597 767/854/601 768/855/602 764/852/598
f 764/852/598 768/855/602 766/856/603 762/853/599
f 765/736/600 769/358/604 771/732/605 767/737/601
f 767/854/601 771/857/605 772/858/606 768/855/602
f 768/855/602 772/858/606 770/859/607 766/856/603
f 769/358/604 773/363/608 775/728/609 771/732/605
f 771/857/605 775/860/609 776/861/610 772/858/606
f 772/858/606 776/861/610 774/862/611 770/859/607
f 773/363/608 777/368/612 779/724/613 775/728/609
f 775/860/609 779/863/613 780/864/614 776/861/610
f 776/861/610 780/864/614 778/865/615 774/862/611
f 777/368/612 781/373/616 783/720/617 779/724/613
f 779/863/613 783/866/617 784/867/618 780/864/614
f 780/864/614 784/867/618 782/868/619 778/865/615
f 781/373/616 785/378/620 787/716/621 783/720/617
f 783/866/617 787/869/621 788/870/622 784/867/618
f 784/867/618 788/870/622 786/871/623 782/868/619
f 785/378/620 789/383/624 791/712/625 787/716/621
f 787/869/621 791/872/625 792/873/626 788/870/622
f 788/870/622 792/873/626 790/874/627 786/871/623
f 789/383/624 793/388/628 795/708/629 791/712/625
f 791/872/625 795/875/629 796/876/630 792/873/626
f 792/873/626 796/876/630 794/877/631 790/874/627
f 793/388/628 797/393/632 799/704/633 795/708/629
f 795/875/629 799/878/633 800/879/634 796/876/630
f 796/876/630 800/879/634 798/880/635 794/877/631
f 797/393/632 801/398/636 803/700/637 799/704/633
f 799/878/633 803/881/637 804/882/638 800/879/634
f 800/879/634 804/882/638 802/883/639 798/880/635
f 801/398/636 805/403/640 807/696/641 803/700/637
f 803/881/637 807/884/641 808/885/642 804/882/638
f 804/882/638 808/885/642 806/886/643 802/883/639
f 805/403/640 809/408/644 811/692/645 807/696/641
f 807/884/641 811/887/645 812/888/646 808/885/642
f 808/885/642 812/888/646 810/889/647 806/886/643
f 809/408/644 813/413/648 815/688/649 811/692/645
f 811/887/645 815/890/649 816/891/650 812/888/646
f 812/888/646 816/891/650 814/892/651 810/889/647
f 813/413/648 817/418/652 819/684/653 815/688/649
f 815/890/649 819/893/653 820/894/654 816/891/650
f 816/891/650 820/894/654 818/895/655 814/892/651
f 817/418/652 821/423/656 823/680/625 819/684/653
f 819/893/653 823/896/625 824/897/657 820/894/654
f 820/894/654 824/897/657 822/898/627 818/895/655
f 821/423/656 825/428/648 827/676/629 823/680/625
f 823/896/625 827/899/629 828/900/630 824/897/657
f 824/897/657 828/900/630 826/901/631 822/898/627
f 825/428/648 829/433/632 831/672/633 827/676/629
f 827/899/629 831/902/633 832/903/634 828/900/630
f 828/900/630 832/903/634 830/904/635 826/901/631
f 829/433/632 833/438/636 835/668/637 831/672/633
f 831/902/633 835/905/637 836/906/638 832/903/634
f 832/903/634 836/906/638 834/907/639 830/904/635
f 833/438/636 837/443/640 839/664/641 835/668/637
f 835/905/637 839/908/641 840/909/642 836/906/638
f 836/906/638 840/909/642 838/910/643 834/907/639
f 837/443/640 841/448/644 843/660/645 839/664/641
f 839/908/641 843/911/645 844/912/646 840/909/642
f 840/909/642 844/912/646 842/913/647 838/910/643
f 841/448/644 845/453/658 847/656/649 843/660/645
f 843/911/645 847/914/649 848/915/659 844/912/646
f 844/912/646 848/915/659 846/916/651 842/913/647
f 845/453/658 849/458/652 851/652/660 847/656/649
f 847/914/649 851/917/660 852/918/654 848/915/659
f 848/915/659 852/918/654 850/919/661 846/916/651
f 849/458/652 853/463/656 855/648/662 851/652/660
f 851/917/660 855/920/662 856/921/626 852/918/654
f 852/918/654 856/921/626 854/922/627 850/919/661
f 853/463/656 857/468/663 859/644/629 855/648/662
f 855/920/662 859/923/629 860/924/630 856/921/626
f 856/921/626 860/924/630 858/925/631 854/922/627
f 857/468/663 861/473/632 863/640/633 859/644/629
f 859/923/629 863/926/633 864/927/634 860/924/630
f 860/924/630 864/927/634 862/928/635 858/925/631
f 861/473/632 865/478/636 867/636/664 863/640/633
f 863/926/633 867/929/664 868/930/638 864/927/634
f 864/927/634 868/930/638 866/931/665 862/928/635
f 865/478/636 869/483/666 871/632/667 867/636/664
f 867/929/664 871/932/667 872/933/668 868/930/638
f 868/930/638 872/933/668 870/934/669 866/931/665
f 869/483/666 873/488/670 875/628/671 871/632/667
f 871/932/667 875/935/671 876/936/672 872/933/668
f 872/933/668 876/936/672 874/937/673 870/934/669
f 873/488/670 877/493/674 879/623/675 875/628/671
f 875/935/671 879/938/675 880/939/676 876/936/672
f 876/936/672 880/939/676 878/940/677 874/937/673
f 877/493/674 881/498/678 883/618/679 879/623/675
f 879/938/675 883/941/679 884/942/680 880/939/676
f 880/939/676 884/942/680 882/943/681 878/940/677
f 881/498/678 885/503/682 887/614/683 883/618/679
f 883/618/679 887/614/683 888/620/684 884/619/680
f 884/942/680 888/944/684 886/945/685 882/943/681
f 885/503/682 889/508/686 891/610/687 887/614/683
f 887/946/683 891/947/687 892/948/688 888/944/684
f 888/944/684 892/948/688 890/949/689 886/945/685
f 889/508/686 893/513/690 895/606/691 891/610/687
f 891/947/687 895/950/691 896/951/692 892/948/688
f 892/948/688 896/951/692 894/952/693 890/949/689
f 893/513/690 897/518/694 899/602/695 895/606/691
f 895/950/691 899/953/695 900/954/696 896/951/692
f 896/951/692 900/954/696 898/955/697 894/952/693
f 897/518/694 901/523/698 903/598/699 899/602/695
f 899/953/695 903/956/699 904/957/700 900/954/696
f 900/954/696 904/957/700 902/958/701 898/955/697
f 901/523/698 905/528/702 907/594/703 903/598/699
f 903/956/699 907/959/703 908/960/704 904/957/700
f 904/957/700 908/960/704 906/961/701 902/958/701
f 905/528/702 909/533/705 911/590/703 907/594/703
f 907/959/703 911/962/703 912/963/704 908/960/704
f 908/960/704 912/963/704 910/964/701 906/961/701
f 909/533/705 913/538/706 915/586/707 911/590/703
f 911/962/703 915/965/707 916/966/708 912/963/704
f 912/963/704 916/966/708 914/967/701 910/964/701
f 913/538/706 917/543/709 919/582/710 915/586/707
f 915/965/707 919/968/710 920/969/711 916/966/708
f 916/966/708 920/969/711 918/970/712 914/967/701
f 917/543/709 921/548/713 923/577/714 919/582/710
f 919/968/710 923/971/714 924/972/715 920/969/711
f 920/969/711 924/972/715 922/973/716 918/970/712
f 921/548/713 925/553/717 927/578/718 923/577/714
f 923/971/714 927/974/718 928/975/719 924/972/715
f 924/972/715 928/975/719 926/976/720 922/973/716
f 925/977/717 929/978/721 931/979/722 927/980/718
f 927/974/718 931/981/722 932/982/723 928/975/719
f 928/975/719 932/982/723 930/983/724 926/976/720
f 929/978/721 933/984/725 935/985/726 931/979/722
f 931/979/722 935/985/726 936/986/727 932/987/723
f 932/982/723 936/988/727 934/989/728 930/983/724
f 933/984/725 937/990/729 939/991/730 935/985/726
f 935/992/726 939/993/730 940/994/731 936/988/727
f 936/988/727 940/994/731 938/995/732 934/989/728
f 937/553/729 941/548/733 943/549/734 939/554/730
f 939/993/730 943/996/734 944/997/735 940/994/731
f 940/994/731 944/997/735 942/998/736 938/995/732
f 941/548/733 945/543/737 947/544/738 943/549/734
f 943/996/734 947/999/738 948/1000/739 944/997/735
f 944/997/735 948/1000/739 946/1001/740 942/998/736
f 945/543/737 949/538/741 951/539/742 947/544/738
f 947/999/738 951/1002/742 952/1003/743 948/1000/739
f 948/1000/739 952/1003/743 950/1004/744 946/1001/740
f 949/538/741 953/533/745 955/534/746 951/539/742
f 951/1002/742 955/1005/746 956/1006/747 952/1003/743
f 952/1003/743 956/1006/747 954/1007/748 950/1004/744
f 953/533/745 957/528/749 959/529/750 955/534/746
f 955/1005/746 959/1008/750 960/1009/751 956/1006/747
f 956/1006/747 960/1009/751 958/1010/752 954/1007/748
f 957/528/749 961/523/753 963/524/754 959/529/750
f 959/1008/750 963/1011/754 964/1012/755 960/1009/751
f 960/1009/751 964/1012/755 962/1013/756 958/1010/752
f 961/523/753 965/518/757 967/519/758 963/524/754
f 963/1011/754 967/1014/758 968/1015/759 964/1012/755
f 964/1012/755 968/1015/759 966/1016/760 962/1013/756
f 965/518/757 969/513/761 971/514/762 967/519/758
f 967/1014/758 971/1017/762 972/1018/763 968/1015/759
f 968/1015/759 972/1018/763 970/1019/764 966/1016/760
f 969/513/761 973/508/765 975/509/766 971/514/762
f 971/1017/762 975/1020/766 976/1021/767 972/1018/763
f 972/1018/763 976/1021/767 974/1022/768 970/1019/764
f 973/508/765 977/503/769 979/504/770 975/509/766
f 975/1020/766 979/1023/770 980/1024/771 976/1021/767
f 976/1021/767 980/1024/771 978/1025/772 974/1022/768
f 977/503/769 981/498/773 983/499/774 979/504/770
f 979/1023/770 983/1026/774 984/1027/775 980/1024/771
f 980/1024/771 984/1027/775 982/1028/776 978/1025/772
f 981/498/773 985/493/777 987/494/778 983/499/774
f 983/1026/774 987/1029/778 988/1030/779 984/1027/775
f 984/1027/775 988/1030/779 986/1031/780 982/1028/776
f 985/493/777 989/488/781 991/489/782 987/494/778
f 987/1029/778 991/1032/782 992/1033/783 988/1030/779
f 988/1030/779 992/1033/783 990/1034/784 986/1031/780
f 989/488/781 993/483/785 995/484/786 991/489/782
f 991/1032/782 995/1035/786 996/1036/787 992/1033/783
f 992/1033/783 996/1036/787 994/1037/788 990/1034/784
f 993/483/785 997/478/789 999/479/790 995/484/786
f 995/1035/786 999/1038/790 1000/1039/791 996/1036/787
f 996/1036/787 1000/1039/791 998/1040/792 994/1037/788
f 997/478/789 1001/473/793 1003/474/794 999/479/790
f 999/1038/790 1003/1041/794 1004/1042/795 1000/1039/791
f 1000/1039/791 1004/1042/795 1002/1043/796 998/1040/792
f 1001/473/793 1005/468/797 1007/469/798 1003/474/794
f 1003/1041/794 1007/1044/798 1008/1045/799 1004/1042/795
f 1004/1042/795 1008/1045/799 1006/1046/800 1002/1043/796
f 1005/468/797 1009/463/801 1011/464/802 1007/469/798
f 1007/1044/798 1011/1047/802 1012/1048/803 1008/1045/799
f 1008/1045/799 1012/1048/803 1010/1049/804 1006/1046/800
f 1009/463/801 1013/458/805 1015/459/806 1011/464/802
f 1011/1047/802 1015/1050/806 1016/1051/807 1012/1048/803
f 1012/1048/803 1016/1051/807 1014/1052/808 1010/1049/804
f 1013/458/805 1017/453/809 1019/454/806 1015/459/806
f 1015/1050/806 1019/1053/806 1020/1054/810 1016/1051/807
f 1016/1051/807 1020/1054/810 1018/1055/811 1014/1052/808
f 1017/453/809 1021/448/809 1023/449/806 1019/454/806
f 1019/1053/806 1023/1056/806 1024/1057/810 1020/1054/810
f 1020/1054/810 1024/1057/810 1022/1058/811 1018/1055/811
f 1021/448/809 1025/443/812 1027/444/813 1023/449/806
f 1023/1056/806 1027/1059/813 1028/1060/807 1024/1057/810
f 1024/1057/810 1028/1060/807 1026/1061/814 1022/1058/811
f 1025/443/812 1029/438/773 1031/439/774 1027/444/813
f 1027/1059/813 1031/1062/774 1032/1063/815 1028/1060/807
f 1028/1060/807 1032/1063/815 1030/1064/816 1026/1061/814
f 1029/438/773 1033/433/777 1035/434/817 1031/439/774
f 1031/1062/774 1035/1065/817 1036/1066/818 1032/1063/815
f 1032/1063/815 1036/1066/818 1034/1067/780 1030/1064/816
f 1033/433/777 1037/428/781 1039/429/782 1035/434/817
f 1035/1065/817 1039/1068/782 1040/1069/783 1036/1066/818
f 1036/1066/818 1040/1069/783 1038/1070/784 1034/1067/780
f 1037/428/781 1041/423/819 1043/424/786 1039/429/782
f 1039/1068/782 1043/1071/786 1044/1072/787 1040/1069/783
f 1040/1069/783 1044/1072/787 1042/1073/820 1038/1070/784
f 1041/423/819 1045/418/821 1047/419/822 1043/424/786
f 1043/1071/786 1047/1074/822 1048/1075/823 1044/1072/787
f 1044/1072/787 1048/1075/823 1046/1076/824 1042/1073/820
f 1045/418/821 1049/413/821 1051/414/822 1047/419/822
f 1047/1074/822 1051/1077/822 1052/1078/823 1048/1075/823
f 1048/1075/823 1052/1078/823 1050/1079/825 1046/1076/824
f 1049/413/821 1053/408/821 1055/409/826 1051/414/822
f 1051/1077/822 1055/1080/826 1056/1081/823 1052/1078/823
f 1052/1078/823 1056/1081/823 1054/1082/825 1050/1079/825
f 1053/408/821 1057/403/821 1059/404/827 1055/409/826
f 1055/1080/826 1059/1083/827 1060/1084/823 1056/1081/823
f 1056/1081/823 1060/1084/823 1058/1085/825 1054/1082/825
f 1057/403/821 1061/398/821 1063/399/828 1059/404/827
f 1059/1083/827 1063/1086/828 1064/1087/823 1060/1084/823
f 1060/1084/823 1064/1087/823 1062/1088/825 1058/1085/825
f 1061/398/821 1065/393/821 1067/394/827 1063/399/828
f 1063/1086/828 1067/1089/827 1068/1090/823 1064/1087/823
f 1064/1087/823 1068/1090/823 1066/1091/829 1062/1088/825
f 1065/393/821 1069/388/821 1071/389/828 1067/394/827
f 1067/1089/827 1071/1092/828 1072/1093/823 1068/1090/823
f 1068/1090/823 1072/1093/823 1070/1094/825 1066/1091/829
f 1069/388/821 1073/383/821 1075/384/828 1071/389/828
f 1071/1092/828 1075/1095/828 1076/1096/823 1072/1093/823
f 1072/1093/823 1076/1096/823 1074/1097/825 1070/1094/825
f 1073/383/821 1077/378/821 1079/379/822 1075/384/828
f 1075/1095/828 1079/1098/822 1080/1099/823 1076/1096/823
f 1076/1096/823 1080/1099/823 1078/1100/825 1074/1097/825
f 1077/378/821 1081/373/821 1083/374/822 1079/379/822
f 1079/1098/822 1083/1101/822 1084/1102/823 1080/1099/823
f 1080/1099/823 1084/1102/823 1082/1103/829 1078/1100/825
f 1081/373/821 1085/368/821 1087/369/830 1083/374/822
f 1083/1101/822 1087/1104/830 1088/1105/823 1084/1102/823
f 1084/1102/823 1088/1105/823 1086/1106/825 1082/1103/829
f 1085/368/821 1089/363/821 1091/364/831 1087/369/830
f 1087/1104/830 1091/1107/831 1092/1108/832 1088/1105/823
f 1088/1105/823 1092/1108/832 1090/1109/833 1086/1106/825
f 1089/363/821 1093/358/834 1095/359/835 1091/364/831
f 1091/1107/831 1095/1110/835 1096/1111/836 1092/1108/832
f 1092/1108/832 1096/1111/836 1094/1112/837 1090/1109/833
f 1093/358/834 1097/353/838 1099/354/839 1095/359/835
f 1095/1110/835 1099/1113/839 1100/1114/840 1096/1111/836
f 1096/1111/836 1100/1114/840 1098/1115/841 1094/1112/837
f 1097/353/838 1101/347/842 1103/348/843 1099/354/839
f 1099/1113/839 1103/1116/843 1104/1117/844 1100/1114/840
f 1100/1114/840 1104/1117/844 1102/1118/845 1098/1115/841
f 1101/347/842 1105/341/846 1107/342/847 1103/348/843
f 1103/1116/843 1107/1119/847 1108/1120/848 1104/1117/844
f 1104/1117/844 1108/1120/848 1106/1121/849 1102/1118/845
f 1105/341/846 1109/336/850 1111/337/851 1107/342/847
f 1107/342/847 1111/337/851 1112/344/852 1108/343/848
f 1108/1120/848 1112/1122/852 1110/1123/853 1106/1121/849
f 1109/336/850 1113/331/854 1115/332/855 1111/337/851
f 1111/1124/851 1115/1125/855 1116/1126/856 1112/1122/852
f 1112/1122/852 1116/1126/856 1114/1127/857 1110/1123/853
f 1113/331/854 1117/326/858 1119/327/859 1115/332/855
f 1115/1125/855 1119/1128/859 1120/1129/860 1116/1126/856
f 1116/1126/856 1120/1129/860 1118/1130/861 1114/1127/857
f 1117/326/858 1121/321/862 1123/322/863 1119/327/859
f 1119/1128/859 1123/1131/863 1124/1132/864 1120/1129/860
f 1120/1129/860 1124/1132/864 1122/1133/865 1118/1130/861
f 1121/321/862 1125/316/866 1127/317/867 1123/322/863
f 1123/1131/863 1127/1134/867 1128/1135/868 1124/1132/864
f 1124/1132/864 1128/1135/868 1126/1136/869 1122/1133/865
f 1125/316/866 1129/311/870 1131/312/871 1127/317/867
f 1127/1134/867 1131/1137/871 1132/1138/872 1128/1135/868
f 1128/1135/868 1132/1138/872 1130/1139/873 1126/1136/869
f 1129/311/870 1133/306/874 1135/307/875 1131/312/871
f 1131/1137/871 1135/1140/875 1136/1141/876 1132/1138/872
f 1132/1138/872 1136/1141/876 1134/1142/877 1130/1139/873
f 1133/306/874 1137/301/878 1139/302/879 1135/307/875
f 1135/1140/875 1139/1143/879 1140/1144/880 1136/1141/876
f 1136/1141/876 1140/1144/880 1138/1145/881 1134/1142/877
f 1137/301/878 1141/296/882 1143/297/883 1139/302/879
f 1139/1143/879 1143/1146/883 1144/1147/884 1140/1144/880
f 1140/1144/880 1144/1147/884 1142/1148/885 1138/1145/881
f 1141/296/882 1145/290/886 1147/291/887 1143/297/883
f 1143/1146/883 1147/1149/887 1148/1150/888 1144/1147/884
f 1144/1147/884 1148/1150/888 1146/1151/889 1142/1148/885
f 1145/290/886 1149/284/890 1151/285/891 1147/291/887
f 1147/1149/887 1151/1152/891 1152/1153/892 1148/1150/888
f 1148/1150/888 1152/1153/892 1150/1154/893 1146/1151/889
f 1149/284/890 1153/278/894 1155/279/895 1151/285/891
f 1151/285/891 1155/279/895 1156/287/896 1152/286/892
f 1152/1153/892 1156/1155/896 1154/1156/897 1150/1154/893
f 1153/278/894 1157/273/898 1159/274/899 1155/279/895
f 1155/1157/895 1159/1158/899 1160/1159/900 1156/1155/896
f 1156/1155/896 1160/1159/900 1158/1160/901 1154/1156/897
f 1157/273/898 1161/267/902 1163/268/903 1159/274/899
f 1159/274/899 1163/268/903 1164/269/904 1160/275/900
f 1160/1159/900 1164/1161/904 1162/1162/905 1158/1160/901
f 1161/267/902 1165/262/906 1167/263/907 1163/268/903
f 1163/268/903 1167/263/907 1168/270/908 1164/269/904
f 1164/1161/904 1168/1163/908 1166/1164/909 1162/1162/905
f 1165/262/906 1169/257/910 1171/258/911 1167/263/907
f 1167/1165/907 1171/1166/911 1172/1167/912 1168/1163/908
f 1168/1163/908 1172/1167/912 1170/1168/913 1166/1164/909
f 1169/257/910 1173/251/914 1175/252/915 1171/258/911
f 1171/1166/911 1175/1169/915 1176/1170/916 1172/1167/912
f 1172/1167/912 1176/1170/916 1174/1171/917 1170/1168/913
f 1173/251/914 1177/245/918 1179/1172/919 1175/252/915
f 1175/1169/915 1179/1173/919 1180/1174/920 1176/1170/916
f 1176/1170/916 1180/1174/920 1178/1175/921 1174/1171/917
f 1177/245/918 1181/240/922 1183/1176/923 1179/1172/919
f 1179/1172/919 1183/1176/923 1184/1177/924 1180/1178/920
f 1180/1174/920 1184/1179/924 1182/1180/925 1178/1175/921
f 1181/240/922 1185/235/926 1187/1181/927 1183/1176/923
f 1183/1182/923 1187/1183/927 1188/1184/928 1184/1179/924
f 1184/1179/924 1188/1184/928 1186/1185/929 1182/1180/925
f 1185/235/926 1189/230/930 1191/1186/931 1187/1181/927
f 1187/1183/927 1191/1187/931 1192/1188/932 1188/1184/928
f 1188/1184/928 1192/1188/932 1190/1189/933 1186/1185/929
f 1189/230/930 1193/225/930 1195/226/934 1191/1186/931
f 1191/1187/931 1195/1190/934 1196/1191/935 1192/1188/932
f 1192/1188/932 1196/1191/935 1194/1192/933 1190/1189/933
f 1193/225/930 1197/220/930 1199/221/936 1195/226/934
f 1195/1190/934 1199/1193/936 1200/1194/935 1196/1191/935
f 1196/1191/935 1200/1194/935 1198/1195/933 1194/1192/933
f 1197/220/930 1201/215/930 1203/216/936 1199/221/936
f 1199/1193/936 1203/1196/936 1204/1197/935 1200/1194/935
f 1200/1194/935 1204/1197/935 1202/1198/937 1198/1195/933
f 1201/215/930 1205/210/938 1207/211/939 1203/216/936
f 1203/1196/936 1207/1199/939 1208/1200/940 1204/1197/935
f 1204/1197/935 1208/1200/940 1206/1201/941 1202/1198/937
f 1205/210/938 1209/205/942 1211/206/943 1207/211/939
f 1207/1199/939 1211/1202/943 1212/1203/944 1208/1200/940
f 1208/1200/940 1212/1203/944 1210/1204/945 1206/1201/941
f 1209/205/942 1213/200/946 1215/201/947 1211/206/943
f 1211/1202/943 1215/1205/947 1216/1206/948 1212/1203/944
f 1212/1203/944 1216/1206/948 1214/1207/949 1210/1204/945
f 1213/200/946 1217/195/950 1219/196/951 1215/201/947
f 1215/1205/947 1219/1208/951 1220/1209/952 1216/1206/948
f 1216/1206/948 1220/1209/952 1218/1210/953 1214/1207/949
f 1217/195/950 1221/190/954 1223/191/955 1219/196/951
f 1219/1208/951 1223/1211/955 1224/1212/956 1220/1209/952
f 1220/1209/952 1224/1212/956 1222/1213/957 1218/1210/953
f 1221/190/954 1225/185/958 1227/186/959 1223/191/955
f 1223/1211/955 1227/1214/959 1228/1215/960 1224/1212/956
f 1224/1212/956 1228/1215/960 1226/1216/961 1222/1213/957
f 1225/185/958 1229/180/962 1231/181/963 1227/186/959
f 1227/1214/959 1231/1217/963 1232/1218/964 1228/1215/960
f 1228/1215/960 1232/1218/964 1230/1219/965 1226/1216/961
f 1229/180/962 1233/175/966 1235/176/967 1231/181/963
f 1231/1217/963 1235/1220/967 1236/1221/968 1232/1218/964
f 1232/1218/964 1236/1221/968 1234/1222/969 1230/1219/965
f 1233/175/966 1237/170/970 1239/171/971 1235/176/967
f 1235/1220/967 1239/1223/971 1240/1224/972 1236/1221/968
f 1236/1221/968 1240/1224/972 1238/1225/973 1234/1222/969
f 1237/170/970 1241/165/974 1243/166/975 1239/171/971
f 1239/1223/971 1243/1226/975 1244/1227/976 1240/1224/972
f 1240/1224/972 1244/1227/976 1242/1228/977 1238/1225/973
f 1241/165/974 1245/160/978 1247/161/979 1243/166/975
f 1243/1226/975 1247/1229/979 1248/1230/980 1244/1227/976
f 1244/1227/976 1248/1230/980 1246/1231/981 1242/1228/977
f 1245/160/978 1249/155/982 1251/156/983 1247/161/979
f 1247/1229/979 1251/1232/983 1252/1233/984 1248/1230/980
f 1248/1230/980 1252/1233/984 1250/1234/985 1246/1231/981
f 1249/155/982 1253/150/986 1255/151/987 1251/156/983
f 1251/1232/983 1255/1235/987 1256/1236/988 1252/1233/984
f 1252/1233/984 1256/1236/988 1254/1237/989 1250/1234/985
f 1253/150/986 1257/145/990 1259/146/991 1255/151/987
f 1255/1235/987 1259/1238/991 1260/1239/992 1256/1236/988
f 1256/1236/988 1260/1239/992 1258/1240/993 1254/1237/989
f 1257/145/990 1261/140/994 1263/1241/995 1259/146/991
f 1259/1238/991 1263/1242/995 1264/1243/996 1260/1239/992
f 1260/1239/992 1264/1243/996 1262/1244/997 1258/1240/993
f 1261/140/994 1265/135/998 1267/1245/999 1263/1241/995
f 1263/1242/995 1267/1246/999 1268/1247/1000 1264/1243/996
f 1264/1243/996 1268/1247/1000 1266/1248/1001 1262/1244/997
f 1265/135/998 1269/130/1002 1271/131/1003 1267/1245/999
f 1267/1246/999 1271/1249/1003 1272/1250/1004 1268/1247/1000
f 1268/1247/1000 1272/1250/1004 1270/1251/1005 1266/1248/1001
f 1269/130/1002 1273/125/1006 1275/126/1007 1271/131/1003
f 1271/1249/1003 1275/1252/1007 1276/1253/1008 1272/1250/1004
f 1272/1250/1004 1276/1253/1008 1274/1254/1009 1270/1251/1005
f 1273/125/1006 1277/120/1010 1279/121/1011 1275/126/1007
f 1275/1252/1007 1279/1255/1011 1280/1256/1012 1276/1253/1008
f 1276/1253/1008 1280/1256/1012 1278/1257/1013 1274/1254/1009
f 1277/120/1010 1281/115/1014 1283/116/1015 1279/121/1011
f 1279/1255/1011 1283/1258/1015 1284/1259/1016 1280/1256/1012
f 1280/1256/1012 1284/1259/1016 1282/1260/1017 1278/1257/1013
f 1281/115/1014 1285/109/1018 1287/110/1019 1283/116/1015
f 1283/1258/1015 1287/1261/1019 1288/1262/1020 1284/1259/1016
f 1284/1259/1016 1288/1262/1020 1286/1263/1021 1282/1260/1017
f 1285/109/1018 1289/103/1022 1291/104/1023 1287/110/1019
f 1287/1261/1019 1291/1264/1023 1292/1265/1024 1288/1262/1020
f 1288/1262/1020 1292/1265/1024 1290/1266/1025 1286/1263/1021
f 1289/103/1022 1293/98/1026 1295/99/1027 1291/104/1023
f 1291/104/1023 1295/99/1027 1296/106/1028 1292/105/1024
f 1292/1265/1024 1296/1267/1028 1294/1268/1029 1290/1266/1025
f 1293/98/1026 1297/93/1030 1299/94/1031 1295/99/1027
f 1295/1269/1027 1299/1270/1031 1300/1271/1032 1296/1267/1028
f 1296/1267/1028 1300/1271/1032 1298/1272/1033 1294/1268/1029
f 1297/93/1030 1301/88/1034 1303/89/1035 1299/94/1031
f 1299/1270/1031 1303/1273/1035 1304/1274/1036 1300/1271/1032
f 1300/1271/1032 1304/1274/1036 1302/1275/1037 1298/1272/1033
f 1301/88/1034 1305/83/1038 1307/84/1039 1303/89/1035
f 1303/1273/1035 1307/1276/1039 1308/1277/1040 1304/1274/1036
f 1304/1274/1036 1308/1277/1040 1306/1278/1041 1302/1275/1037
f 1305/83/1038 1309/78/1042 1311/79/1043 1307/84/1039
f 1307/1276/1039 1311/1279/1043 1312/1280/1044 1308/1277/1040
f 1308/1277/1040 1312/1280/1044 1310/1281/1045 1306/1278/1041
f 1309/78/1042 1313/73/1046 1315/74/1047 1311/79/1043
f 1311/1279/1043 1315/1282/1047 1316/1283/1048 1312/1280/1044
f 1312/1280/1044 1316/1283/1048 1314/1284/1049 1310/1281/1045
f 1313/73/1046 1317/68/1050 1319/69/1051 1315/74/1047
f 1315/1282/1047 1319/1285/1051 1320/1286/1052 1316/1283/1048
f 1316/1283/1048 1320/1286/1052 1318/1287/1053 1314/1284/1049
f 1317/68/1050 1321/63/1054 1323/64/1055 1319/69/1051
f 1319/1285/1051 1323/1288/1055 1324/1289/1056 1320/1286/1052
f 1320/1286/1052 1324/1289/1056 1322/1290/1057 1318/1287/1053
f 1321/63/1054 1325/58/1058 1327/59/1059 1323/64/1055
f 1323/1288/1055 1327/1291/1059 1328/1292/1060 1324/1289/1056
f 1324/1289/1056 1328/1292/1060 1326/1293/1061 1322/1290/1057
f 1325/58/1058 1329/53/1062 1331/54/1063 1327/59/1059
f 1327/1291/1059 1331/1294/1063 1332/1295/1064 1328/1292/1060
f 1328/1292/1060 1332/1295/1064 1330/1296/1065 1326/1293/1061
f 1329/53/1062 1333/48/1066 1335/49/1067 1331/54/1063
f 1331/1294/1063 1335/1297/1067 1336/1298/1068 1332/1295/1064
f 1332/1295/1064 1336/1298/1068 1334/1299/1069 1330/1296/1065
f 1333/48/1066 1337/42/1070 1339/43/1071 1335/49/1067
f 1335/1297/1067 1339/1300/1071 1340/1301/1072 1336/1298/1068
f 1336/1298/1068 1340/1301/1072 1338/1302/1073 1334/1299/1069
f 1337/42/1070 1341/41/1074 1343/44/1075 1339/43/1071
f 1339/1300/1071 1343/1303/1075 1344/1304/1076 1340/1301/1072
f 1340/1301/1072 1344/1304/1076 1342/1305/1077 1338/1302/1073
f 1341/1306/1074 1345/1307/1078 1347/1308/1079 1343/1309/1075
f 1343/1303/1075 1347/1310/1079 1348/1311/1080 1344/1304/1076
f 1344/1304/1076 1348/1311/1080 1346/1312/1081 1342/1305/1077
f 1345/1307/1078 1349/1313/1082 1351/1314/1083 1347/1308/1079
f 1347/1310/1079 1351/1315/1083 1352/1316/1084 1348/1311/1080
f 1348/1311/1080 1352/1316/1084 1350/1317/1085 1346/1312/1081
f 1349/1313/1082 1353/1318/1086 1355/1319/1087 1351/1314/1083
f 1351/1315/1083 1355/1320/1087 1356/1321/1088 1352/1316/1084
f 1352/1316/1084 1356/1321/1088 1354/1322/1089 1350/1317/1085
f 1353/1318/1086 1357/1323/1090 1359/1324/1091 1355/1319/1087
f 1355/1320/1087 1359/1325/1091 1360/1326/1092 1356/1321/1088
f 1356/1321/1088 1360/1326/1092 1358/1327/1093 1354/1322/1089
f 1357/1323/1090 1361/1328/1094 1363/1329/1095 1359/1324/1091
f 1359/1325/1091 1363/1330/1095 1364/1331/1096 1360/1326/1092
f 1360/1326/1092 1364/1331/1096 1362/1332/1097 1358/1327/1093
f 1361/1328/1094 1365/1333/1098 1367/1334/1099 1363/1329/1095
f 1363/1330/1095 1367/1335/1099 1368/1336/1100 1364/1331/1096
f 1364/1331/1096 1368/1336/1100 1366/1337/1101 1362/1332/1097
f 1365/1333/1098 1369/1338/1102 1371/1339/1103 1367/1334/1099
f 1367/1335/1099 1371/1340/1103 1372/1341/1104 1368/1336/1100
f 1368/1336/1100 1372/1341/1104 1370/1342/1105 1366/1337/1101
f 1369/1338/1102 1374/1/1 1376/4/4 1371/1339/1103
f 1371/1339/1103 1376/4/4 1375/1343/6 1372/1344/1104
f 1372/1341/1104 1375/8/6 1373/10/8 1370/1342/1105
f 2686/10/1106 1377/9/1107 1379/7/1108 2688/8/1109
f 2688/8/1109 1379/7/1108 1380/6/1110 2687/5/1111
f 2687/1345/1111 1380/1346/1110 1378/1347/1112 2685/1348/1113
f 1377/9/1107 1381/15/1114 1383/14/1115 1379/7/1108
f 1379/7/1108 1383/14/1115 1384/13/1116 1380/6/1110
f 1380/1346/1110 1384/1349/1116 1382/1350/1117 1378/1347/1112
f 1381/15/1114 1385/20/1118 1387/19/1119 1383/14/1115
f 1383/14/1115 1387/19/1119 1388/18/1120 1384/13/1116
f 1384/1349/1116 1388/1351/1120 1386/1352/1121 1382/1350/1117
f 1385/20/1118 1389/25/1122 1391/24/1123 1387/19/1119
f 1387/19/1119 1391/24/1123 1392/23/1124 1388/18/1120
f 1388/1351/1120 1392/1353/1124 1390/1354/1125 1386/1352/1121
f 1389/25/1122 1393/30/1126 1395/29/1127 1391/24/1123
f 1391/24/1123 1395/29/1127 1396/28/1128 1392/23/1124
f 1392/1353/1124 1396/1355/1128 1394/1356/1129 1390/1354/1125
f 1393/30/1126 1397/35/1130 1399/34/1131 1395/29/1127
f 1395/29/1127 1399/34/1131 1400/33/1132 1396/28/1128
f 1396/1355/1128 1400/1357/1132 1398/1358/1133 1394/1356/1129
f 1397/35/1130 1401/40/1134 1403/39/1135 1399/34/1131
f 1399/34/1131 1403/39/1135 1404/38/1136 1400/33/1132
f 1400/1357/1132 1404/1359/1136 1402/1360/1137 1398/1358/1133
f 1401/40/1134 1405/47/1138 1407/46/1139 1403/39/1135
f 1403/39/1135 1407/46/1139 1408/45/1140 1404/38/1136
f 1404/1361/1136 1408/1362/1140 1406/1363/1141 1402/1364/1137
f 1405/47/1138 1409/52/1142 1411/51/1143 1407/46/1139
f 1407/46/1139 1411/51/1143 1412/50/1144 1408/45/1140
f 1408/1362/1140 1412/1365/1144 1410/1366/1145 1406/1363/1141
f 1409/52/1142 1413/57/1146 1415/56/1147 1411/51/1143
f 1411/51/1143 1415/56/1147 1416/55/1148 1412/50/1144
f 1412/1365/1144 1416/1367/1148 1414/1368/1149 1410/1366/1145
f 1413/57/1146 1417/62/1150 1419/61/1151 1415/56/1147
f 1415/56/1147 1419/61/1151 1420/60/1152 1416/55/1148
f 1416/1367/1148 1420/1369/1152 1418/1370/1153 1414/1368/1149
f 1417/62/1150 1421/67/1154 1423/66/1155 1419/61/1151
f 1419/61/1151 1423/66/1155 1424/65/1156 1420/60/1152
f 1420/1369/1152 1424/1371/1156 1422/1372/1157 1418/1370/1153
f 1421/67/1154 1425/72/1158 1427/71/1159 1423/66/1155
f 1423/66/1155 1427/71/1159 1428/70/1160 1424/65/1156
f 1424/1371/1156 1428/1373/1160 1426/1374/1161 1422/1372/1157
f 1425/72/1158 1429/77/1162 1431/76/1163 1427/71/1159
f 1427/71/1159 1431/76/1163 1432/75/1164 1428/70/1160
f 1428/1373/1160 1432/1375/1164 1430/1376/1165 1426/1374/1161
f 1429/77/1162 1433/82/1166 1435/81/1167 1431/76/1163
f 1431/76/1163 1435/81/1167 1436/80/1168 1432/75/1164
f 1432/1375/1164 1436/1377/1168 1434/1378/1169 1430/1376/1165
f 1433/82/1166 1437/87/1170 1439/86/1171 1435/81/1167
f 1435/81/1167 1439/86/1171 1440/85/1172 1436/80/1168
f 1436/1377/1168 1440/1379/1172 1438/1380/1173 1434/1378/1169
f 1437/87/1170 1441/92/1174 1443/91/1175 1439/86/1171
f 1439/86/1171 1443/91/1175 1444/90/1176 1440/85/1172
f 1440/1379/1172 1444/1381/1176 1442/1382/1177 1438/1380/1173
f 1441/92/1174 1445/97/1178 1447/96/1179 1443/91/1175
f 1443/91/1175 1447/96/1179 1448/95/1180 1444/90/1176
f 1444/1381/1176 1448/1383/1180 1446/1384/1181 1442/1382/1177
f 1445/97/1178 1449/102/1182 1451/101/1183 1447/96/1179
f 1447/96/1179 1451/101/1183 1452/100/1184 1448/95/1180
f 1448/1383/1180 1452/1385/1184 1450/1386/1185 1446/1384/1181
f 1449/102/1182 1453/108/1186 1455/107/1187 1451/101/1183
f 1451/1387/1183 1455/1388/1187 1456/1389/1188 1452/1385/1184
f 1452/1385/1184 1456/1389/1188 1454/1390/1189 1450/1386/1185
f 1453/108/1186 1457/114/1190 1459/113/1191 1455/107/1187
f 1455/107/1187 1459/113/1191 1460/112/1192 1456/111/1188
f 1456/1389/1188 1460/1391/1192 1458/1392/1193 1454/1390/1189
f 1457/114/1190 1461/119/1194 1463/118/1195 1459/113/1191
f 1459/113/1191 1463/118/1195 1464/117/1196 1460/112/1192
f 1460/1391/1192 1464/1393/1196 1462/1394/1197 1458/1392/1193
f 1461/119/1194 1465/124/1198 1467/123/1199 1463/118/1195
f 1463/118/1195 1467/123/1199 1468/122/1200 1464/117/1196
f 1464/1393/1196 1468/1395/1200 1466/1396/1201 1462/1394/1197
f 1465/124/1198 1469/129/1202 1471/128/1203 1467/123/1199
f 1467/123/1199 1471/128/1203 1472/127/1204 1468/122/1200
f 1468/1395/1200 1472/1397/1204 1470/1398/1205 1466/1396/1201
f 1469/129/1202 1473/134/1206 1475/133/1207 1471/128/1203
f 1471/128/1203 1475/133/1207 1476/132/1208 1472/127/1204
f 1472/1397/1204 1476/1399/1208 1474/1400/1209 1470/1398/1205
f 1473/134/1206 1477/139/1210 1479/138/1211 1475/133/1207
f 1475/133/1207 1479/138/1211 1480/137/1212 1476/132/1208
f 1476/1399/1208 1480/1401/1212 1478/1402/1213 1474/1400/1209
f 1477/139/1210 1481/144/1214 1483/143/1215 1479/138/1211
f 1479/138/1211 1483/143/1215 1484/142/1216 1480/137/1212
f 1480/1401/1212 1484/1403/1216 1482/1404/1217 1478/1402/1213
f 1481/144/1214 1485/149/1218 1487/148/1219 1483/143/1215
f 1483/143/1215 1487/148/1219 1488/147/1220 1484/142/1216
f 1484/1403/1216 1488/1405/1220 1486/1406/1221 1482/1404/1217
f 1485/149/1218 1489/154/1222 1491/153/1223 1487/148/1219
f 1487/148/1219 1491/153/1223 1492/152/1224 1488/147/1220
f 1488/1405/1220 1492/1407/1224 1490/1408/1225 1486/1406/1221
f 1489/154/1222 1493/159/1226 1495/158/1227 1491/153/1223
f 1491/153/1223 1495/158/1227 1496/157/1228 1492/152/1224
f 1492/1407/1224 1496/1409/1228 1494/1410/1229 1490/1408/1225
f 1493/159/1226 1497/164/1230 1499/163/1231 1495/158/1227
f 1495/158/1227 1499/163/1231 1500/162/1232 1496/157/1228
f 1496/1409/1228 1500/1411/1232 1498/1412/1233 1494/1410/1229
f 1497/164/1230 1501/169/1234 1503/168/1235 1499/163/1231
f 1499/163/1231 1503/168/1235 1504/167/1236 1500/162/1232
f 1500/1411/1232 1504/1413/1236 1502/1414/1237 1498/1412/1233
f 1501/169/1234 1505/174/1238 1507/173/1239 1503/168/1235
f 1503/168/1235 1507/173/1239 1508/172/1240 1504/167/1236
f 1504/1413/1236 1508/1415/1240 1506/1416/1241 1502/1414/1237
f 1505/174/1238 1509/179/1242 1511/178/1243 1507/173/1239
f 1507/173/1239 1511/178/1243 1512/177/1244 1508/172/1240
f 1508/1415/1240 1512/1417/1244 1510/1418/1245 1506/1416/1241
f 1509/179/1242 1513/184/1246 1515/183/1247 1511/178/1243
f 1511/178/1243 1515/183/1247 1516/182/1248 1512/177/1244
f 1512/1417/1244 1516/1419/1248 1514/1420/1249 1510/1418/1245
f 1513/184/1246 1517/189/1250 1519/188/1251 1515/183/1247
f 1515/183/1247 1519/188/1251 1520/187/1252 1516/182/1248
f 1516/1419/1248 1520/1421/1252 1518/1422/1253 1514/1420/1249
f 1517/189/1250 1521/194/1254 1523/193/1255 1519/188/1251
f 1519/188/1251 1523/193/1255 1524/192/1256 1520/187/1252
f 1520/1421/1252 1524/1423/1256 1522/1424/1257 1518/1422/1253
f 1521/194/1254 1525/199/1258 1527/198/1259 1523/193/1255
f 1523/193/1255 1527/198/1259 1528/197/1260 1524/192/1256
f 1524/1423/1256 1528/1425/1260 1526/1426/1261 1522/1424/1257
f 1525/199/1258 1529/204/1262 1531/203/1263 1527/198/1259
f 1527/198/1259 1531/203/1263 1532/202/1264 1528/197/1260
f 1528/1425/1260 1532/1427/1264 1530/1428/1265 1526/1426/1261
f 1529/204/1262 1533/209/1266 1535/208/1267 1531/203/1263
f 1531/203/1263 1535/208/1267 1536/207/1268 1532/202/1264
f 1532/1427/1264 1536/1429/1268 1534/1430/1269 1530/1428/1265
f 1533/209/1266 1537/214/1270 1539/213/1271 1535/208/1267
f 1535/208/1267 1539/213/1271 1540/212/1272 1536/207/1268
f 1536/1429/1268 1540/1431/1272 1538/1432/1273 1534/1430/1269
f 1537/214/1270 1541/219/1274 1543/218/1275 1539/213/1271
f 1539/213/1271 1543/218/1275 1544/217/1276 1540/212/1272
f 1540/1431/1272 1544/1433/1276 1542/1434/1277 1538/1432/1273
f 1541/219/1274 1545/224/1278 1547/223/1275 1543/218/1275
f 1543/218/1275 1547/223/1275 1548/222/1279 1544/217/1276
f 1544/1433/1276 1548/1435/1279 1546/1436/1277 1542/1434/1277
f 1545/224/1278 1549/229/1278 1551/228/1275 1547/223/1275
f 1547/223/1275 1551/228/1275 1552/227/1279 1548/222/1279
f 1548/1435/1279 1552/1437/1279 1550/1438/1277 1546/1436/1277
f 1549/229/1278 1553/234/1274 1555/233/1275 1551/228/1275
f 1551/228/1275 1555/233/1275 1556/232/1276 1552/227/1279
f 1552/1437/1279 1556/1439/1276 1554/1440/1277 1550/1438/1277
f 1553/234/1274 1557/239/1280 1559/238/1281 1555/233/1275
f 1555/233/1275 1559/238/1281 1560/237/1282 1556/232/1276
f 1556/1439/1276 1560/1441/1282 1558/1442/1283 1554/1440/1277
f 1557/239/1280 1561/244/1284 1563/243/1285 1559/238/1281
f 1559/238/1281 1563/243/1285 1564/242/1286 1560/237/1282
f 1560/1441/1282 1564/1443/1286 1562/1444/1287 1558/1442/1283
f 1561/244/1284 1565/250/1288 1567/249/1289 1563/243/1285
f 1563/1445/1285 1567/1446/1289 1568/1447/1290 1564/1443/1286
f 1564/1443/1286 1568/1447/1290 1566/1448/1291 1562/1444/1287
f 1565/250/1288 1569/256/1292 1571/255/1293 1567/249/1289
f 1567/249/1289 1571/255/1293 1572/254/1294 1568/253/1290
f 1568/1447/1290 1572/1449/1294 1570/1450/1295 1566/1448/1291
f 1569/256/1292 1573/261/1296 1575/260/1297 1571/255/1293
f 1571/255/1293 1575/260/1297 1576/259/1298 1572/254/1294
f 1572/1449/1294 1576/1451/1298 1574/1452/1299 1570/1450/1295
f 1573/261/1296 1577/266/1300 1579/265/1301 1575/260/1297
f 1575/260/1297 1579/265/1301 1580/264/1302 1576/259/1298
f 1576/1451/1298 1580/1453/1302 1578/1454/1303 1574/1452/1299
f 1577/266/1300 1581/272/1304 1583/271/1305 1579/265/1301
f 1579/1455/1301 1583/1456/1305 1584/1457/1306 1580/1453/1302
f 1580/1453/1302 1584/1457/1306 1582/1458/1307 1578/1454/1303
f 1581/272/1304 1585/277/1308 1587/276/1309 1583/271/1305
f 1583/1456/1305 1587/1459/1309 1588/1460/1310 1584/1457/1306
f 1584/1457/1306 1588/1460/1310 1586/1461/1311 1582/1458/1307
f 1585/277/1308 1589/283/1312 1591/282/1313 1587/276/1309
f 1587/276/1309 1591/282/1313 1592/281/1314 1588/280/1310
f 1588/1460/1310 1592/1462/1314 1590/1463/1315 1586/1461/1311
f 1589/283/1312 1593/289/1316 1595/288/1317 1591/282/1313
f 1591/1464/1313 1595/1465/1317 1596/1466/1318 1592/1462/1314
f 1592/1462/1314 1596/1466/1318 1594/1467/1319 1590/1463/1315
f 1593/289/1316 1597/295/1320 1599/294/1321 1595/288/1317
f 1595/288/1317 1599/294/1321 1600/293/1322 1596/292/1318
f 1596/1466/1318 1600/1468/1322 1598/1469/1323 1594/1467/1319
f 1597/295/1320 1601/300/1324 1603/299/1325 1599/294/1321
f 1599/294/1321 1603/299/1325 1604/298/1326 1600/293/1322
f 1600/1468/1322 1604/1470/1326 1602/1471/1327 1598/1469/1323
f 1601/300/1324 1605/305/1328 1607/304/1329 1603/299/1325
f 1603/299/1325 1607/304/1329 1608/303/1330 1604/298/1326
f 1604/1470/1326 1608/1472/1330 1606/1473/1331 1602/1471/1327
f 1605/305/1328 1609/310/1332 1611/309/1333 1607/304/1329
f 1607/304/1329 1611/309/1333 1612/308/1334 1608/303/1330
f 1608/1472/1330 1612/1474/1334 1610/1475/1335 1606/1473/1331
f 1609/310/1332 1613/315/1336 1615/314/1337 1611/309/1333
f 1611/309/1333 1615/314/1337 1616/313/1338 1612/308/1334
f 1612/1474/1334 1616/1476/1338 1614/1477/1339 1610/1475/1335
f 1613/315/1336 1617/1478/1340 1619/1479/1341 1615/314/1337
f 1615/314/1337 1619/1479/1341 1620/318/1342 1616/313/1338
f 1616/1476/1338 1620/1480/1342 1618/1481/1343 1614/1477/1339
f 1617/1478/1340 1621/325/1344 1623/324/1345 1619/1479/1341
f 1619/1479/1341 1623/324/1345 1624/323/1346 1620/318/1342
f 1620/1480/1342 1624/1482/1346 1622/1483/1347 1618/1481/1343
f 1621/325/1344 1625/330/1348 1627/329/1349 1623/324/1345
f 1623/324/1345 1627/329/1349 1628/328/1350 1624/323/1346
f 1624/1482/1346 1628/1484/1350 1626/1485/1351 1622/1483/1347
f 1625/330/1348 1629/335/1352 1631/334/1353 1627/329/1349
f 1627/329/1349 1631/334/1353 1632/333/1354 1628/328/1350
f 1628/1484/1350 1632/1486/1354 1630/1487/1355 1626/1485/1351
f 1629/335/1352 1633/340/1356 1635/339/1357 1631/334/1353
f 1631/334/1353 1635/339/1357 1636/338/1358 1632/333/1354
f 1632/1486/1354 1636/1488/1358 1634/1489/1359 1630/1487/1355
f 1633/340/1356 1637/346/1360 1639/345/1361 1635/339/1357
f 1635/1490/1357 1639/1491/1361 1640/1492/1362 1636/1488/1358
f 1636/1488/1358 1640/1492/1362 1638/1493/1363 1634/1489/1359
f 1637/346/1360 1641/352/1364 1643/351/1365 1639/345/1361
f 1639/345/1361 1643/351/1365 1644/350/1366 1640/349/1362
f 1640/1492/1362 1644/1494/1366 1642/1495/1367 1638/1493/1363
f 1641/352/1364 1645/357/1368 1647/356/1369 1643/351/1365
f 1643/351/1365 1647/356/1369 1648/355/1370 1644/350/1366
f 1644/1494/1366 1648/1496/1370 1646/1497/1371 1642/1495/1367
f 1645/357/1368 1649/362/1372 1651/361/1373 1647/356/1369
f 1647/356/1369 1651/361/1373 1652/360/1374 1648/355/1370
f 1648/1496/1370 1652/1498/1374 1650/1499/1375 1646/1497/1371
f 1649/362/1372 1653/367/1376 1655/366/1377 1651/361/1373
f 1651/361/1373 1655/366/1377 1656/365/1378 1652/360/1374
f 1652/1498/1374 1656/1500/1378 1654/1501/1379 1650/1499/1375
f 1653/367/1376 1657/372/1380 1659/371/1381 1655/366/1377
f 1655/366/1377 1659/371/1381 1660/370/1382 1656/365/1378
f 1656/1500/1378 1660/1502/1382 1658/1503/1379 1654/1501/1379
f 1657/372/1380 1661/377/1383 1663/376/1381 1659/371/1381
f 1659/371/1381 1663/376/1381 1664/375/1384 1660/370/1382
f 1660/1502/1382 1664/1504/1384 1662/1505/1379 1658/1503/1379
f 1661/377/1383 1665/382/1380 1667/381/1381 1663/376/1381
f 1663/376/1381 1667/381/1381 1668/380/1384 1664/375/1384
f 1664/1504/1384 1668/1506/1384 1666/1507/1379 1662/1505/1379
f 1665/382/1380 1669/387/1380 1671/386/1381 1667/381/1381
f 1667/381/1381 1671/386/1381 1672/385/1385 1668/380/1384
f 1668/1506/1384 1672/1508/1385 1670/1509/1379 1666/1507/1379
f 1669/387/1380 1673/392/1380 1675/391/1381 1671/386/1381
f 1671/386/1381 1675/391/1381 1676/390/1385 1672/385/1385
f 1672/1508/1385 1676/1510/1385 1674/1511/1379 1670/1509/1379
f 1673/392/1380 1677/397/1383 1679/396/1381 1675/391/1381
f 1675/391/1381 1679/396/1381 1680/395/1386 1676/390/1385
f 1676/1510/1385 1680/1512/1386 1678/1513/1379 1674/1511/1379
f 1677/397/1383 1681/402/1380 1683/401/1381 1679/396/1381
f 1679/396/1381 1683/401/1381 1684/400/1385 1680/395/1386
f 1680/1512/1386 1684/1514/1385 1682/1515/1379 1678/1513/1379
f 1681/402/1380 1685/407/1380 1687/406/1381 1683/401/1381
f 1683/401/1381 1687/406/1381 1688/405/1387 1684/400/1385
f 1684/1514/1385 1688/1516/1387 1686/1517/1379 1682/1515/1379
f 1685/407/1380 1689/412/1380 1691/411/1381 1687/406/1381
f 1687/406/1381 1691/411/1381 1692/410/1387 1688/405/1387
f 1688/1516/1387 1692/1518/1387 1690/1519/1379 1686/1517/1379
f 1689/412/1380 1693/417/1380 1695/416/1381 1691/411/1381
f 1691/411/1381 1695/416/1381 1696/415/1386 1692/410/1387
f 1692/1518/1387 1696/1520/1386 1694/1521/1379 1690/1519/1379
f 1693/417/1380 1697/422/1388 1699/421/1381 1695/416/1381
f 1695/416/1381 1699/421/1381 1700/420/1384 1696/415/1386
f 1696/1520/1386 1700/1522/1384 1698/1523/1379 1694/1521/1379
f 1697/422/1388 1701/427/1389 1703/426/1390 1699/421/1381
f 1699/421/1381 1703/426/1390 1704/425/1391 1700/420/1384
f 1700/1522/1384 1704/1524/1391 1702/1525/1392 1698/1523/1379
f 1701/427/1389 1705/432/1393 1707/431/1394 1703/426/1390
f 1703/426/1390 1707/431/1394 1708/430/1395 1704/425/1391
f 1704/1524/1391 1708/1526/1395 1706/1527/1396 1702/1525/1392
f 1705/432/1393 1709/437/1397 1711/436/1398 1707/431/1394
f 1707/431/1394 1711/436/1398 1712/435/1399 1708/430/1395
f 1708/1526/1395 1712/1528/1399 1710/1529/1400 1706/1527/1396
f 1709/437/1397 1713/442/1401 1715/441/1402 1711/436/1398
f 1711/436/1398 1715/441/1402 1716/440/1403 1712/435/1399
f 1712/1528/1399 1716/1530/1403 1714/1531/1404 1710/1529/1400
f 1713/442/1401 1717/447/1405 1719/446/1406 1715/441/1402
f 1715/441/1402 1719/446/1406 1720/445/1407 1716/440/1403
f 1716/1530/1403 1720/1532/1407 1718/1533/1408 1714/1531/1404
f 1717/447/1405 1721/452/1409 1723/451/1410 1719/446/1406
f 1719/446/1406 1723/451/1410 1724/450/1411 1720/445/1407
f 1720/1532/1407 1724/1534/1411 1722/1535/1412 1718/1533/1408
f 1721/452/1409 1725/457/1409 1727/456/1410 1723/451/1410
f 1723/451/1410 1727/456/1410 1728/455/1411 1724/450/1411
f 1724/1534/1411 1728/1536/1411 1726/1537/1412 1722/1535/1412
f 1725/457/1409 1729/462/1413 1731/461/1406 1727/456/1410
f 1727/456/1410 1731/461/1406 1732/460/1411 1728/455/1411
f 1728/1536/1411 1732/1538/1411 1730/1539/1414 1726/1537/1412
f 1729/462/1413 1733/467/1415 1735/466/1416 1731/461/1406
f 1731/461/1406 1735/466/1416 1736/465/1417 1732/460/1411
f 1732/1538/1411 1736/1540/1417 1734/1541/1418 1730/1539/1414
f 1733/467/1415 1737/472/1419 1739/471/1420 1735/466/1416
f 1735/466/1416 1739/471/1420 1740/470/1421 1736/465/1417
f 1736/1540/1417 1740/1542/1421 1738/1543/1422 1734/1541/1418
f 1737/472/1419 1741/477/1423 1743/476/1424 1739/471/1420
f 1739/471/1420 1743/476/1424 1744/475/1425 1740/470/1421
f 1740/1542/1421 1744/1544/1425 1742/1545/1426 1738/1543/1422
f 1741/477/1423 1745/482/1427 1747/481/1428 1743/476/1424
f 1743/476/1424 1747/481/1428 1748/480/1429 1744/475/1425
f 1744/1544/1425 1748/1546/1429 1746/1547/1430 1742/1545/1426
f 1745/482/1427 1749/487/1431 1751/486/1390 1747/481/1428
f 1747/481/1428 1751/486/1390 1752/485/1391 1748/480/1429
f 1748/1546/1429 1752/1548/1391 1750/1549/1432 1746/1547/1430
f 1749/487/1431 1753/492/1393 1755/491/1394 1751/486/1390
f 1751/486/1390 1755/491/1394 1756/490/1395 1752/485/1391
f 1752/1548/1391 1756/1550/1395 1754/1551/1396 1750/1549/1432
f 1753/492/1393 1757/497/1397 1759/496/1433 1755/491/1394
f 1755/491/1394 1759/496/1433 1760/495/1434 1756/490/1395
f 1756/1550/1395 1760/1552/1434 1758/1553/1400 1754/1551/1396
f 1757/497/1397 1761/502/1435 1763/501/1436 1759/496/1433
f 1759/496/1433 1763/501/1436 1764/500/1403 1760/495/1434
f 1760/1552/1434 1764/1554/1403 1762/1555/1404 1758/1553/1400
f 1761/502/1435 1765/507/1437 1767/506/1438 1763/501/1436
f 1763/501/1436 1767/506/1438 1768/505/1439 1764/500/1403
f 1764/1554/1403 1768/1556/1439 1766/1557/1440 1762/1555/1404
f 1765/507/1437 1769/512/1441 1771/511/1442 1767/506/1438
f 1767/506/1438 1771/511/1442 1772/510/1443 1768/505/1439
f 1768/1556/1439 1772/1558/1443 1770/1559/1444 1766/1557/1440
f 1769/512/1441 1773/517/1445 1775/516/1446 1771/511/1442
f 1771/511/1442 1775/516/1446 1776/515/1447 1772/510/1443
f 1772/1558/1443 1776/1560/1447 1774/1561/1448 1770/1559/1444
f 1773/517/1445 1777/522/1449 1779/521/1450 1775/516/1446
f 1775/516/1446 1779/521/1450 1780/520/1451 1776/515/1447
f 1776/1560/1447 1780/1562/1451 1778/1563/1452 1774/1561/1448
f 1777/522/1449 1781/527/1453 1783/526/1454 1779/521/1450
f 1779/521/1450 1783/526/1454 1784/525/1455 1780/520/1451
f 1780/1562/1451 1784/1564/1455 1782/1565/1456 1778/1563/1452
f 1781/527/1453 1785/532/1457 1787/531/1458 1783/526/1454
f 1783/526/1454 1787/531/1458 1788/530/1459 1784/525/1455
f 1784/1564/1455 1788/1566/1459 1786/1567/1460 1782/1565/1456
f 1785/532/1457 1789/537/1461 1791/536/1462 1787/531/1458
f 1787/531/1458 1791/536/1462 1792/535/1463 1788/530/1459
f 1788/1566/1459 1792/1568/1463 1790/1569/1464 1786/1567/1460
f 1789/537/1461 1793/542/1465 1795/541/1466 1791/536/1462
f 1791/536/1462 1795/541/1466 1796/540/1467 1792/535/1463
f 1792/1568/1463 1796/1570/1467 1794/1571/1468 1790/1569/1464
f 1793/542/1465 1797/547/1469 1799/546/1470 1795/541/1466
f 1795/541/1466 1799/546/1470 1800/545/1471 1796/540/1467
f 1796/1570/1467 1800/1572/1471 1798/1573/1472 1794/1571/1468
f 1797/547/1469 1801/552/1473 1803/551/1474 1799/546/1470
f 1799/546/1470 1803/551/1474 1804/550/1475 1800/545/1471
f 1800/1572/1471 1804/1574/1475 1802/1575/1476 1798/1573/1472
f 1801/552/1473 1805/557/1477 1807/556/1478 1803/551/1474
f 1803/551/1474 1807/556/1478 1808/555/1479 1804/550/1475
f 1804/1574/1475 1808/1576/1479 1806/1577/1480 1802/1575/1476
f 1805/557/1477 1809/564/1481 1811/563/1482 1807/556/1478
f 1807/556/1478 1811/563/1482 1812/562/1483 1808/555/1479
f 1808/1578/1479 1812/1579/1483 1810/1580/1484 1806/1581/1480
f 1809/564/1481 1813/570/1485 1815/569/1486 1811/563/1482
f 1811/1582/1482 1815/1583/1486 1816/1584/1487 1812/1579/1483
f 1812/1579/1483 1816/1584/1487 1814/1585/1488 1810/1580/1484
f 1813/570/1485 1817/576/1489 1819/575/1490 1815/569/1486
f 1815/569/1486 1819/575/1490 1820/574/1491 1816/573/1487
f 1816/1584/1487 1820/1586/1491 1818/1587/1492 1814/1585/1488
f 1817/576/1489 1821/581/1493 1823/580/1494 1819/575/1490
f 1819/575/1490 1823/580/1494 1824/579/1495 1820/574/1491
f 1820/1588/1491 1824/1589/1495 1822/1575/1496 1818/1577/1492
f 1821/581/1493 1825/585/1497 1827/584/1498 1823/580/1494
f 1823/580/1494 1827/584/1498 1828/583/1499 1824/579/1495
f 1824/1589/1495 1828/1590/1499 1826/1573/1500 1822/1575/1496
f 1825/585/1497 1829/589/1501 1831/588/1502 1827/584/1498
f 1827/584/1498 1831/588/1502 1832/587/1503 1828/583/1499
f 1828/1590/1499 1832/1591/1503 1830/1571/1504 1826/1573/1500
f 1829/589/1501 1833/593/1501 1835/592/1505 1831/588/1502
f 1831/588/1502 1835/592/1505 1836/591/1503 1832/587/1503
f 1832/1591/1503 1836/1592/1503 1834/1569/1506 1830/1571/1504
f 1833/593/1501 1837/597/1501 1839/596/1505 1835/592/1505
f 1835/592/1505 1839/596/1505 1840/595/1503 1836/591/1503
f 1836/1592/1503 1840/1593/1503 1838/1567/1507 1834/1569/1506
f 1837/597/1501 1841/601/1501 1843/600/1508 1839/596/1505
f 1839/596/1505 1843/600/1508 1844/599/1509 1840/595/1503
f 1840/1593/1503 1844/1594/1509 1842/1565/1510 1838/1567/1507
f 1841/601/1501 1845/605/1511 1847/604/1512 1843/600/1508
f 1843/600/1508 1847/604/1512 1848/603/1513 1844/599/1509
f 1844/1594/1509 1848/1595/1513 1846/1563/1514 1842/1565/1510
f 1845/605/1511 1849/609/1515 1851/608/1516 1847/604/1512
f 1847/604/1512 1851/608/1516 1852/607/1517 1848/603/1513
f 1848/1595/1513 1852/1596/1517 1850/1561/1518 1846/1563/1514
f 1849/609/1515 1853/613/1519 1855/612/1520 1851/608/1516
f 1851/608/1516 1855/612/1520 1856/611/1521 1852/607/1517
f 1852/1596/1517 1856/1597/1521 1854/1559/1522 1850/1561/1518
f 1853/613/1519 1857/617/1523 1859/616/1524 1855/612/1520
f 1855/612/1520 1859/616/1524 1860/615/1525 1856/611/1521
f 1856/1597/1521 1860/1598/1525 1858/1557/1526 1854/1559/1522
f 1857/617/1523 1861/622/1527 1863/621/1528 1859/616/1524
f 1859/1599/1524 1863/1600/1528 1864/1601/1529 1860/1598/1525
f 1860/1598/1525 1864/1601/1529 1862/1555/1530 1858/1557/1526
f 1861/622/1527 1865/627/1531 1867/626/1532 1863/621/1528
f 1863/621/1528 1867/626/1532 1868/625/1533 1864/624/1529
f 1864/1601/1529 1868/1602/1533 1866/1553/1534 1862/1555/1530
f 1865/627/1531 1869/631/1535 1871/630/1536 1867/626/1532
f 1867/626/1532 1871/630/1536 1872/629/1537 1868/625/1533
f 1868/1602/1533 1872/1603/1537 1870/1551/1538 1866/1553/1534
f 1869/631/1535 1873/635/1539 1875/634/1540 1871/630/1536
f 1871/630/1536 1875/634/1540 1876/633/1541 1872/629/1537
f 1872/1603/1537 1876/1604/1541 1874/1549/1542 1870/1551/1538
f 1873/635/1539 1877/639/1543 1879/638/1544 1875/634/1540
f 1875/634/1540 1879/638/1544 1880/637/1545 1876/633/1541
f 1876/1604/1541 1880/1605/1545 1878/1547/1546 1874/1549/1542
f 1877/639/1543 1881/643/1547 1883/642/1548 1879/638/1544
f 1879/638/1544 1883/642/1548 1884/641/1549 1880/637/1545
f 1880/1605/1545 1884/1606/1549 1882/1545/1550 1878/1547/1546
f 1881/643/1547 1885/647/1551 1887/646/1552 1883/642/1548
f 1883/642/1548 1887/646/1552 1888/645/1553 1884/641/1549
f 1884/1606/1549 1888/1607/1553 1886/1543/1554 1882/1545/1550
f 1885/647/1551 1889/651/1555 1891/650/1556 1887/646/1552
f 1887/646/1552 1891/650/1556 1892/649/1557 1888/645/1553
f 1888/1607/1553 1892/1608/1557 1890/1541/1558 1886/1543/1554
f 1889/651/1555 1893/655/1559 1895/654/1560 1891/650/1556
f 1891/650/1556 1895/654/1560 1896/653/1561 1892/649/1557
f 1892/1608/1557 1896/1609/1561 1894/1539/1562 1890/1541/1558
f 1893/655/1559 1897/659/1563 1899/658/1564 1895/654/1560
f 1895/654/1560 1899/658/1564 1900/657/1565 1896/653/1561
f 1896/1609/1561 1900/1610/1565 1898/1537/1566 1894/1539/1562
f 1897/659/1563 1901/663/1567 1903/662/1568 1899/658/1564
f 1899/658/1564 1903/662/1568 1904/661/1569 1900/657/1565
f 1900/1610/1565 1904/1611/1569 1902/1535/1570 1898/1537/1566
f 1901/663/1567 1905/667/1571 1907/666/1572 1903/662/1568
f 1903/662/1568 1907/666/1572 1908/665/1573 1904/661/1569
f 1904/1611/1569 1908/1612/1573 1906/1533/1574 1902/1535/1570
f 1905/667/1571 1909/671/1575 1911/670/1544 1907/666/1572
f 1907/666/1572 1911/670/1544 1912/669/1576 1908/665/1573
f 1908/1612/1573 1912/1613/1576 1910/1531/1546 1906/1533/1574
f 1909/671/1575 1913/675/1547 1915/674/1548 1911/670/1544
f 1911/670/1544 1915/674/1548 1916/673/1549 1912/669/1576
f 1912/1613/1576 1916/1614/1549 1914/1529/1550 1910/1531/1546
f 1913/675/1547 1917/679/1551 1919/678/1552 1915/674/1548
f 1915/674/1548 1919/678/1552 1920/677/1553 1916/673/1549
f 1916/1614/1549 1920/1615/1553 1918/1527/1577 1914/1529/1550
f 1917/679/1551 1921/683/1555 1923/682/1578 1919/678/1552
f 1919/678/1552 1923/682/1578 1924/681/1579 1920/677/1553
f 1920/1615/1553 1924/1616/1579 1922/1525/1558 1918/1527/1577
f 1921/683/1555 1925/687/1580 1927/686/1560 1923/682/1578
f 1923/682/1578 1927/686/1560 1928/685/1561 1924/681/1579
f 1924/1616/1579 1928/1617/1561 1926/1523/1562 1922/1525/1558
f 1925/687/1580 1929/691/1563 1931/690/1581 1927/686/1560
f 1927/686/1560 1931/690/1581 1932/689/1565 1928/685/1561
f 1928/1617/1561 1932/1618/1565 1930/1521/1577 1926/1523/1562
f 1929/691/1563 1933/695/1567 1935/694/1568 1931/690/1581
f 1931/690/1581 1935/694/1568 1936/693/1569 1932/689/1565
f 1932/1618/1565 1936/1619/1569 1934/1519/1570 1930/1521/1577
f 1933/695/1567 1937/699/1571 1939/698/1572 1935/694/1568
f 1935/694/1568 1939/698/1572 1940/697/1573 1936/693/1569
f 1936/1619/1569 1940/1620/1573 1938/1517/1574 1934/1519/1570
f 1937/699/1571 1941/703/1575 1943/702/1544 1939/698/1572
f 1939/698/1572 1943/702/1544 1944/701/1582 1940/697/1573
f 1940/1620/1573 1944/1621/1582 1942/1515/1546 1938/1517/1574
f 1941/703/1575 1945/707/1547 1947/706/1548 1943/702/1544
f 1943/702/1544 1947/706/1548 1948/705/1549 1944/701/1582
f 1944/1621/1582 1948/1622/1549 1946/1513/1550 1942/1515/1546
f 1945/707/1547 1949/711/1551 1951/710/1552 1947/706/1548
f 1947/706/1548 1951/710/1552 1952/709/1553 1948/705/1549
f 1948/1622/1549 1952/1623/1553 1950/1511/1583 1946/1513/1550
f 1949/711/1551 1953/715/1555 1955/714/1556 1951/710/1552
f 1951/710/1552 1955/714/1556 1956/713/1579 1952/709/1553
f 1952/1623/1553 1956/1624/1579 1954/1509/1584 1950/1511/1583
f 1953/715/1555 1957/719/1585 1959/718/1586 1955/714/1556
f 1955/714/1556 1959/718/1586 1960/717/1587 1956/713/1579
f 1956/1624/1579 1960/1625/1587 1958/1507/1588 1954/1509/1584
f 1957/719/1585 1961/723/1589 1963/722/1590 1959/718/1586
f 1959/718/1586 1963/722/1590 1964/721/1591 1960/717/1587
f 1960/1625/1587 1964/1626/1591 1962/1505/1592 1958/1507/1588
f 1961/723/1589 1965/727/1593 1967/726/1594 1963/722/1590
f 1963/722/1590 1967/726/1594 1968/725/1595 1964/721/1591
f 1964/1626/1591 1968/1627/1595 1966/1503/1596 1962/1505/1592
f 1965/727/1593 1969/731/1597 1971/730/1598 1967/726/1594
f 1967/726/1594 1971/730/1598 1972/729/1599 1968/725/1595
f 1968/1627/1595 1972/1628/1599 1970/1501/1600 1966/1503/1596
f 1969/731/1597 1973/735/1601 1975/734/1602 1971/730/1598
f 1971/730/1598 1975/734/1602 1976/733/1603 1972/729/1599
f 1972/1628/1599 1976/1629/1603 1974/1499/1604 1970/1501/1600
f 1973/735/1601 1977/740/1605 1979/739/1606 1975/734/1602
f 1975/734/1602 1979/739/1606 1980/738/1607 1976/733/1603
f 1976/1629/1603 1980/1630/1607 1978/1631/1608 1974/1499/1604
f 1977/740/1605 1981/745/1609 1983/744/1610 1979/739/1606
f 1979/739/1606 1983/744/1610 1984/743/1611 1980/738/1607
f 1980/1630/1607 1984/1632/1611 1982/1633/1612 1978/1631/1608
f 1981/745/1609 1985/750/1613 1987/749/1614 1983/744/1610
f 1983/744/1610 1987/749/1614 1988/748/1615 1984/743/1611
f 1984/1632/1611 1988/1634/1615 1986/1635/1616 1982/1633/1612
f 1985/750/1613 1989/754/1617 1991/753/1618 1987/749/1614
f 1987/749/1614 1991/753/1618 1992/752/1619 1988/748/1615
f 1988/1634/1615 1992/1636/1619 1990/1493/1620 1986/1635/1616
f 1989/754/1617 1993/759/1621 1995/758/1622 1991/753/1618
f 1991/753/1618 1995/758/1622 1996/757/1623 1992/752/1619
f 1992/1636/1619 1996/1637/1623 1994/1638/1624 1990/1493/1620
f 1993/759/1621 1997/764/1625 1999/763/1626 1995/758/1622
f 1995/758/1622 1999/763/1626 2000/762/1627 1996/757/1623
f 1996/1637/1623 2000/1639/1627 1998/1640/1628 1994/1638/1624
f 1997/764/1625 2001/769/1629 2003/768/1630 1999/763/1626
f 1999/763/1626 2003/768/1630 2004/767/1631 2000/762/1627
f 2000/1639/1627 2004/1641/1631 2002/1642/1632 1998/1640/1628
f 2001/769/1629 2005/776/1633 2007/775/1634 2003/768/1630
f 2003/768/1630 2007/775/1634 2008/774/1635 2004/767/1631
f 2004/1643/1631 2008/1644/1635 2006/1645/1636 2002/1646/1632
f 2005/776/1633 2009/781/1637 2011/780/1638 2007/775/1634
f 2007/775/1634 2011/780/1638 2012/779/1639 2008/774/1635
f 2008/1644/1635 2012/1647/1639 2010/1648/1640 2006/1645/1636
f 2009/781/1637 2013/786/1641 2015/785/1642 2011/780/1638
f 2011/780/1638 2015/785/1642 2016/784/1643 2012/779/1639
f 2012/1647/1639 2016/1649/1643 2014/1650/1644 2010/1648/1640
f 2013/786/1641 2017/791/1645 2019/790/1646 2015/785/1642
f 2015/785/1642 2019/790/1646 2020/789/1647 2016/784/1643
f 2016/1649/1643 2020/1651/1647 2018/1652/1648 2014/1650/1644
f 2017/791/1645 2021/796/1649 2023/795/1650 2019/790/1646
f 2019/790/1646 2023/795/1650 2024/794/1651 2020/789/1647
f 2020/1651/1647 2024/1653/1651 2022/1654/1652 2018/1652/1648
f 2021/796/1649 2025/801/1653 2027/800/1654 2023/795/1650
f 2023/795/1650 2027/800/1654 2028/799/1655 2024/794/1651
f 2024/1653/1651 2028/1655/1655 2026/1656/1656 2022/1654/1652
f 2025/801/1653 2029/807/1657 2031/806/1658 2027/800/1654
f 2027/1657/1654 2031/1658/1658 2032/1659/1659 2028/1655/1655
f 2028/1655/1655 2032/1659/1659 2030/1660/1660 2026/1656/1656
f 2029/807/1657 2033/813/1661 2035/812/1662 2031/806/1658
f 2031/806/1658 2035/812/1662 2036/811/1663 2032/810/1659
f 2032/1659/1659 2036/1661/1663 2034/1662/1664 2030/1660/1660
f 2033/813/1661 2037/818/1665 2039/817/1666 2035/812/1662
f 2035/812/1662 2039/817/1666 2040/816/1667 2036/811/1663
f 2036/1661/1663 2040/1663/1667 2038/1664/1668 2034/1662/1664
f 2037/818/1665 2041/823/1669 2043/822/1670 2039/817/1666
f 2039/817/1666 2043/822/1670 2044/821/1671 2040/816/1667
f 2040/1663/1667 2044/1665/1671 2042/1666/1672 2038/1664/1668
f 2041/823/1669 2045/828/1673 2047/827/1674 2043/822/1670
f 2043/822/1670 2047/827/1674 2048/826/1675 2044/821/1671
f 2044/1665/1671 2048/1667/1675 2046/1668/1676 2042/1666/1672
f 2045/828/1673 2049/833/1677 2051/832/1678 2047/827/1674
f 2047/827/1674 2051/832/1678 2052/831/1679 2048/826/1675
f 2048/1667/1675 2052/1669/1679 2050/1670/1680 2046/1668/1676
f 2049/833/1677 2053/838/1681 2055/837/1682 2051/832/1678
f 2051/832/1678 2055/837/1682 2056/836/1683 2052/831/1679
f 2052/1669/1679 2056/1671/1683 2054/1672/1684 2050/1670/1680
f 2053/838/1681 2057/841/1685 2059/840/1686 2055/837/1682
f 2055/837/1682 2059/840/1686 2060/839/1687 2056/836/1683
f 2056/1641/1683 2060/1639/1687 2058/1640/1688 2054/1642/1684
f 2057/841/1685 2061/844/1689 2063/843/1690 2059/840/1686
f 2059/840/1686 2063/843/1690 2064/842/1691 2060/839/1687
f 2060/1639/1687 2064/1637/1691 2062/1638/1692 2058/1640/1688
f 2061/844/1689 2065/847/1693 2067/846/1694 2063/843/1690
f 2063/843/1690 2067/846/1694 2068/845/1695 2064/842/1691
f 2064/1637/1691 2068/1636/1695 2066/1493/1696 2062/1638/1692
f 2065/847/1693 2069/850/1697 2071/849/1698 2067/846/1694
f 2067/846/1694 2071/849/1698 2072/848/1699 2068/845/1695
f 2068/1636/1695 2072/1634/1699 2070/1635/1700 2066/1493/1696
f 2069/850/1697 2073/853/1701 2075/852/1702 2071/849/1698
f 2071/849/1698 2075/852/1702 2076/851/1703 2072/848/1699
f 2072/1634/1699 2076/1632/1703 2074/1633/1704 2070/1635/1700
f 2073/853/1701 2077/856/1705 2079/855/1706 2075/852/1702
f 2075/852/1702 2079/855/1706 2080/854/1707 2076/851/1703
f 2076/1632/1703 2080/1630/1707 2078/1631/1708 2074/1633/1704
f 2077/856/1705 2081/859/1709 2083/858/1710 2079/855/1706
f 2079/855/1706 2083/858/1710 2084/857/1711 2080/854/1707
f 2080/1630/1707 2084/1629/1711 2082/1499/1712 2078/1631/1708
f 2081/859/1709 2085/862/1713 2087/861/1714 2083/858/1710
f 2083/858/1710 2087/861/1714 2088/860/1715 2084/857/1711
f 2084/1629/1711 2088/1628/1715 2086/1501/1716 2082/1499/1712
f 2085/862/1713 2089/865/1717 2091/864/1718 2087/861/1714
f 2087/861/1714 2091/864/1718 2092/863/1719 2088/860/1715
f 2088/1628/1715 2092/1627/1719 2090/1503/1720 2086/1501/1716
f 2089/865/1717 2093/868/1721 2095/867/1722 2091/864/1718
f 2091/864/1718 2095/867/1722 2096/866/1723 2092/863/1719
f 2092/1627/1719 2096/1626/1723 2094/1505/1724 2090/1503/1720
f 2093/868/1721 2097/871/1725 2099/870/1726 2095/867/1722
f 2095/867/1722 2099/870/1726 2100/869/1727 2096/866/1723
f 2096/1626/1723 2100/1625/1727 2098/1507/1728 2094/1505/1724
f 2097/871/1725 2101/874/1729 2103/873/1730 2099/870/1726
f 2099/870/1726 2103/873/1730 2104/872/1731 2100/869/1727
f 2100/1625/1727 2104/1624/1731 2102/1509/1732 2098/1507/1728
f 2101/874/1729 2105/877/1733 2107/876/1734 2103/873/1730
f 2103/873/1730 2107/876/1734 2108/875/1735 2104/872/1731
f 2104/1624/1731 2108/1623/1735 2106/1511/1736 2102/1509/1732
f 2105/877/1733 2109/880/1737 2111/879/1738 2107/876/1734
f 2107/876/1734 2111/879/1738 2112/878/1739 2108/875/1735
f 2108/1623/1735 2112/1622/1739 2110/1513/1740 2106/1511/1736
f 2109/880/1737 2113/883/1741 2115/882/1742 2111/879/1738
f 2111/879/1738 2115/882/1742 2116/881/1743 2112/878/1739
f 2112/1622/1739 2116/1621/1743 2114/1515/1744 2110/1513/1740
f 2113/883/1741 2117/886/1745 2119/885/1746 2115/882/1742
f 2115/882/1742 2119/885/1746 2120/884/1747 2116/881/1743
f 2116/1621/1743 2120/1620/1747 2118/1517/1748 2114/1515/1744
f 2117/886/1745 2121/889/1749 2123/888/1750 2119/885/1746
f 2119/885/1746 2123/888/1750 2124/887/1751 2120/884/1747
f 2120/1620/1747 2124/1619/1751 2122/1519/1752 2118/1517/1748
f 2121/889/1749 2125/892/1753 2127/891/1754 2123/888/1750
f 2123/888/1750 2127/891/1754 2128/890/1755 2124/887/1751
f 2124/1619/1751 2128/1618/1755 2126/1521/1756 2122/1519/1752
f 2125/892/1753 2129/895/1757 2131/894/1758 2127/891/1754
f 2127/891/1754 2131/894/1758 2132/893/1759 2128/890/1755
f 2128/1618/1755 2132/1617/1759 2130/1523/1760 2126/1521/1756
f 2129/895/1757 2133/898/1729 2135/897/1761 2131/894/1758
f 2131/894/1758 2135/897/1761 2136/896/1731 2132/893/1759
f 2132/1617/1759 2136/1616/1731 2134/1525/1762 2130/1523/1760
f 2133/898/1729 2137/901/1733 2139/900/1734 2135/897/1761
f 2135/897/1761 2139/900/1734 2140/899/1735 2136/896/1731
f 2136/1616/1731 2140/1615/1735 2138/1527/1756 2134/1525/1762
f 2137/901/1733 2141/904/1737 2143/903/1738 2139/900/1734
f 2139/900/1734 2143/903/1738 2144/902/1739 2140/899/1735
f 2140/1615/1735 2144/1614/1739 2142/1529/1740 2138/1527/1756
f 2141/904/1737 2145/907/1741 2147/906/1742 2143/903/1738
f 2143/903/1738 2147/906/1742 2148/905/1743 2144/902/1739
f 2144/1614/1739 2148/1613/1743 2146/1531/1744 2142/1529/1740
f 2145/907/1741 2149/910/1745 2151/909/1746 2147/906/1742
f 2147/906/1742 2151/909/1746 2152/908/1747 2148/905/1743
f 2148/1613/1743 2152/1612/1747 2150/1533/1748 2146/1531/1744
f 2149/910/1745 2153/913/1749 2155/912/1750 2151/909/1746
f 2151/909/1746 2155/912/1750 2156/911/1751 2152/908/1747
f 2152/1612/1747 2156/1611/1751 2154/1535/1752 2150/1533/1748
f 2153/913/1749 2157/916/1753 2159/915/1763 2155/912/1750
f 2155/912/1750 2159/915/1763 2160/914/1755 2156/911/1751
f 2156/1611/1751 2160/1610/1755 2158/1537/1764 2154/1535/1752
f 2157/916/1753 2161/919/1765 2163/918/1758 2159/915/1763
f 2159/915/1763 2163/918/1758 2164/917/1759 2160/914/1755
f 2160/1610/1755 2164/1609/1759 2162/1539/1760 2158/1537/1764
f 2161/919/1765 2165/922/1729 2167/921/1730 2163/918/1758
f 2163/918/1758 2167/921/1730 2168/920/1766 2164/917/1759
f 2164/1609/1759 2168/1608/1766 2166/1541/1762 2162/1539/1760
f 2165/922/1729 2169/925/1733 2171/924/1734 2167/921/1730
f 2167/921/1730 2171/924/1734 2172/923/1735 2168/920/1766
f 2168/1608/1766 2172/1607/1735 2170/1543/1767 2166/1541/1762
f 2169/925/1733 2173/928/1737 2175/927/1738 2171/924/1734
f 2171/924/1734 2175/927/1738 2176/926/1739 2172/923/1735
f 2172/1607/1735 2176/1606/1739 2174/1545/1740 2170/1543/1767
f 2173/928/1737 2177/931/1768 2179/930/1742 2175/927/1738
f 2175/927/1738 2179/930/1742 2180/929/1769 2176/926/1739
f 2176/1606/1739 2180/1605/1769 2178/1547/1744 2174/1545/1740
f 2177/931/1768 2181/934/1770 2183/933/1771 2179/930/1742
f 2179/930/1742 2183/933/1771 2184/932/1772 2180/929/1769
f 2180/1605/1769 2184/1604/1772 2182/1549/1773 2178/1547/1744
f 2181/934/1770 2185/937/1774 2187/936/1775 2183/933/1771
f 2183/933/1771 2187/936/1775 2188/935/1776 2184/932/1772
f 2184/1604/1772 2188/1603/1776 2186/1551/1777 2182/1549/1773
f 2185/937/1774 2189/940/1778 2191/939/1779 2187/936/1775
f 2187/936/1775 2191/939/1779 2192/938/1780 2188/935/1776
f 2188/1603/1776 2192/1602/1780 2190/1553/1781 2186/1551/1777
f 2189/940/1778 2193/943/1782 2195/942/1783 2191/939/1779
f 2191/939/1779 2195/942/1783 2196/941/1784 2192/938/1780
f 2192/1602/1780 2196/1601/1784 2194/1555/1785 2190/1553/1781
f 2193/943/1782 2197/945/1786 2199/944/1787 2195/942/1783
f 2195/1600/1783 2199/1599/1787 2200/1598/1788 2196/1601/1784
f 2196/1601/1784 2200/1598/1788 2198/1557/1789 2194/1555/1785
f 2197/945/1786 2201/949/1790 2203/948/1791 2199/944/1787
f 2199/944/1787 2203/948/1791 2204/947/1792 2200/946/1788
f 2200/1598/1788 2204/1597/1792 2202/1559/1793 2198/1557/1789
f 2201/949/1790 2205/952/1794 2207/951/1795 2203/948/1791
f 2203/948/1791 2207/951/1795 2208/950/1796 2204/947/1792
f 2204/1597/1792 2208/1596/1796 2206/1561/1797 2202/1559/1793
f 2205/952/1794 2209/955/1798 2211/954/1799 2207/951/1795
f 2207/951/1795 2211/954/1799 2212/953/1800 2208/950/1796
f 2208/1596/1796 2212/1595/1800 2210/1563/1801 2206/1561/1797
f 2209/955/1798 2213/958/1802 2215/957/1803 2211/954/1799
f 2211/954/1799 2215/957/1803 2216/956/1804 2212/953/1800
f 2212/1595/1800 2216/1594/1804 2214/1565/1805 2210/1563/1801
f 2213/958/1802 2217/961/1802 2219/960/1806 2215/957/1803
f 2215/957/1803 2219/960/1806 2220/959/1807 2216/956/1804
f 2216/1594/1804 2220/1593/1807 2218/1567/1808 2214/1565/1805
f 2217/961/1802 2221/964/1802 2223/963/1806 2219/960/1806
f 2219/960/1806 2223/963/1806 2224/962/1807 2220/959/1807
f 2220/1593/1807 2224/1592/1807 2222/1569/1809 2218/1567/1808
f 2221/964/1802 2225/967/1802 2227/966/1810 2223/963/1806
f 2223/963/1806 2227/966/1810 2228/965/1807 2224/962/1807
f 2224/1592/1807 2228/1591/1807 2226/1571/1811 2222/1569/1809
f 2225/967/1802 2229/970/1812 2231/969/1813 2227/966/1810
f 2227/966/1810 2231/969/1813 2232/968/1814 2228/965/1807
f 2228/1591/1807 2232/1590/1814 2230/1573/1815 2226/1571/1811
f 2229/970/1812 2233/973/1816 2235/972/1817 2231/969/1813
f 2231/969/1813 2235/972/1817 2236/971/1818 2232/968/1814
f 2232/1590/1814 2236/1589/1818 2234/1575/1819 2230/1573/1815
f 2233/973/1816 2237/976/1820 2239/975/1821 2235/972/1817
f 2235/972/1817 2239/975/1821 2240/974/1822 2236/971/1818
f 2236/1589/1818 2240/1588/1822 2238/1577/1823 2234/1575/1819
f 2237/976/1820 2241/983/1824 2243/982/1825 2239/975/1821
f 2239/975/1821 2243/982/1825 2244/981/1826 2240/974/1822
f 2240/1673/1822 2244/1674/1826 2242/1675/1827 2238/1676/1823
f 2241/983/1824 2245/989/1828 2247/988/1829 2243/982/1825
f 2243/1677/1825 2247/1678/1829 2248/1679/1830 2244/1674/1826
f 2244/1674/1826 2248/1679/1830 2246/1680/1831 2242/1675/1827
f 2245/989/1828 2249/995/1832 2251/994/1833 2247/988/1829
f 2247/988/1829 2251/994/1833 2252/993/1834 2248/992/1830
f 2248/1679/1830 2252/1681/1834 2250/1682/1835 2246/1680/1831
f 2249/995/1832 2253/998/1836 2255/997/1837 2251/994/1833
f 2251/994/1833 2255/997/1837 2256/996/1838 2252/993/1834
f 2252/1576/1834 2256/1574/1838 2254/1575/1839 2250/1577/1835
f 2253/998/1836 2257/1001/1840 2259/1000/1841 2255/997/1837
f 2255/997/1837 2259/1000/1841 2260/999/1842 2256/996/1838
f 2256/1574/1838 2260/1572/1842 2258/1573/1843 2254/1575/1839
f 2257/1001/1840 2261/1004/1844 2263/1003/1845 2259/1000/1841
f 2259/1000/1841 2263/1003/1845 2264/1002/1846 2260/999/1842
f 2260/1572/1842 2264/1570/1846 2262/1571/1847 2258/1573/1843
f 2261/1004/1844 2265/1007/1848 2267/1006/1849 2263/1003/1845
f 2263/1003/1845 2267/1006/1849 2268/1005/1850 2264/1002/1846
f 2264/1570/1846 2268/1568/1850 2266/1569/1851 2262/1571/1847
f 2265/1007/1848 2269/1010/1852 2271/1009/1853 2267/1006/1849
f 2267/1006/1849 2271/1009/1853 2272/1008/1854 2268/1005/1850
f 2268/1568/1850 2272/1566/1854 2270/1567/1855 2266/1569/1851
f 2269/1010/1852 2273/1013/1856 2275/1012/1857 2271/1009/1853
f 2271/1009/1853 2275/1012/1857 2276/1011/1858 2272/1008/1854
f 2272/1566/1854 2276/1564/1858 2274/1565/1859 2270/1567/1855
f 2273/1013/1856 2277/1016/1860 2279/1015/1861 2275/1012/1857
f 2275/1012/1857 2279/1015/1861 2280/1014/1862 2276/1011/1858
f 2276/1564/1858 2280/1562/1862 2278/1563/1863 2274/1565/1859
f 2277/1016/1860 2281/1019/1864 2283/1018/1865 2279/1015/1861
f 2279/1015/1861 2283/1018/1865 2284/1017/1866 2280/1014/1862
f 2280/1562/1862 2284/1560/1866 2282/1561/1867 2278/1563/1863
f 2281/1019/1864 2285/1022/1868 2287/1021/1869 2283/1018/1865
f 2283/1018/1865 2287/1021/1869 2288/1020/1870 2284/1017/1866
f 2284/1560/1866 2288/1558/1870 2286/1559/1871 2282/1561/1867
f 2285/1022/1868 2289/1025/1872 2291/1024/1873 2287/1021/1869
f 2287/1021/1869 2291/1024/1873 2292/1023/1874 2288/1020/1870
f 2288/1558/1870 2292/1556/1874 2290/1557/1875 2286/1559/1871
f 2289/1025/1872 2293/1028/1876 2295/1027/1877 2291/1024/1873
f 2291/1024/1873 2295/1027/1877 2296/1026/1878 2292/1023/1874
f 2292/1556/1874 2296/1554/1878 2294/1555/1879 2290/1557/1875
f 2293/1028/1876 2297/1031/1880 2299/1030/1881 2295/1027/1877
f 2295/1027/1877 2299/1030/1881 2300/1029/1882 2296/1026/1878
f 2296/1554/1878 2300/1552/1882 2298/1553/1883 2294/1555/1879
f 2297/1031/1880 2301/1034/1884 2303/1033/1885 2299/1030/1881
f 2299/1030/1881 2303/1033/1885 2304/1032/1886 2300/1029/1882
f 2300/1552/1882 2304/1550/1886 2302/1551/1887 2298/1553/1883
f 2301/1034/1884 2305/1037/1888 2307/1036/1889 2303/1033/1885
f 2303/1033/1885 2307/1036/1889 2308/1035/1890 2304/1032/1886
f 2304/1550/1886 2308/1548/1890 2306/1549/1891 2302/1551/1887
f 2305/1037/1888 2309/1040/1892 2311/1039/1893 2307/1036/1889
f 2307/1036/1889 2311/1039/1893 2312/1038/1894 2308/1035/1890
f 2308/1548/1890 2312/1546/1894 2310/1547/1895 2306/1549/1891
f 2309/1040/1892 2313/1043/1896 2315/1042/1897 2311/1039/1893
f 2311/1039/1893 2315/1042/1897 2316/1041/1898 2312/1038/1894
f 2312/1546/1894 2316/1544/1898 2314/1545/1899 2310/1547/1895
f 2313/1043/1896 2317/1046/1900 2319/1045/1901 2315/1042/1897
f 2315/1042/1897 2319/1045/1901 2320/1044/1902 2316/1041/1898
f 2316/1544/1898 2320/1542/1902 2318/1543/1903 2314/1545/1899
f 2317/1046/1900 2321/1049/1904 2323/1048/1905 2319/1045/1901
f 2319/1045/1901 2323/1048/1905 2324/1047/1906 2320/1044/1902
f 2320/1542/1902 2324/1540/1906 2322/1541/1907 2318/1543/1903
f 2321/1049/1904 2325/1052/1908 2327/1051/1909 2323/1048/1905
f 2323/1048/1905 2327/1051/1909 2328/1050/1910 2324/1047/1906
f 2324/1540/1906 2328/1538/1910 2326/1539/1911 2322/1541/1907
f 2325/1052/1908 2329/1055/1912 2331/1054/1913 2327/1051/1909
f 2327/1051/1909 2331/1054/1913 2332/1053/1910 2328/1050/1910
f 2328/1538/1910 2332/1536/1910 2330/1537/1914 2326/1539/1911
f 2329/1055/1912 2333/1058/1912 2335/1057/1913 2331/1054/1913
f 2331/1054/1913 2335/1057/1913 2336/1056/1915 2332/1053/1910
f 2332/1536/1910 2336/1534/1915 2334/1535/1914 2330/1537/1914
f 2333/1058/1912 2337/1061/1916 2339/1060/1909 2335/1057/1913
f 2335/1057/1913 2339/1060/1909 2340/1059/1915 2336/1056/1915
f 2336/1534/1915 2340/1532/1915 2338/1533/1917 2334/1535/1914
f 2337/1061/1916 2341/1064/1918 2343/1063/1919 2339/1060/1909
f 2339/1060/1909 2343/1063/1919 2344/1062/1878 2340/1059/1915
f 2340/1532/1915 2344/1530/1878 2342/1531/1879 2338/1533/1917
f 2341/1064/1918 2345/1067/1880 2347/1066/1920 2343/1063/1919
f 2343/1063/1919 2347/1066/1920 2348/1065/1882 2344/1062/1878
f 2344/1530/1878 2348/1528/1882 2346/1529/1883 2342/1531/1879
f 2345/1067/1880 2349/1070/1884 2351/1069/1885 2347/1066/1920
f 2347/1066/1920 2351/1069/1885 2352/1068/1886 2348/1065/1882
f 2348/1528/1882 2352/1526/1886 2350/1527/1887 2346/1529/1883
f 2349/1070/1884 2353/1073/1921 2355/1072/1889 2351/1069/1885
f 2351/1069/1885 2355/1072/1889 2356/1071/1890 2352/1068/1886
f 2352/1526/1886 2356/1524/1890 2354/1525/1922 2350/1527/1887
f 2353/1073/1921 2357/1076/1923 2359/1075/1924 2355/1072/1889
f 2355/1072/1889 2359/1075/1924 2360/1074/1925 2356/1071/1890
f 2356/1524/1890 2360/1522/1925 2358/1523/1926 2354/1525/1922
f 2357/1076/1923 2361/1079/1927 2363/1078/1924 2359/1075/1924
f 2359/1075/1924 2363/1078/1924 2364/1077/1928 2360/1074/1925
f 2360/1522/1925 2364/1520/1928 2362/1521/1926 2358/1523/1926
f 2361/1079/1927 2365/1082/1927 2367/1081/1924 2363/1078/1924
f 2363/1078/1924 2367/1081/1924 2368/1080/1929 2364/1077/1928
f 2364/1520/1928 2368/1518/1929 2366/1519/1926 2362/1521/1926
f 2365/1082/1927 2369/1085/1927 2371/1084/1924 2367/1081/1924
f 2367/1081/1924 2371/1084/1924 2372/1083/1929 2368/1080/1929
f 2368/1518/1929 2372/1516/1929 2370/1517/1926 2366/1519/1926
f 2369/1085/1927 2373/1088/1927 2375/1087/1924 2371/1084/1924
f 2371/1084/1924 2375/1087/1924 2376/1086/1930 2372/1083/1929
f 2372/1516/1929 2376/1514/1930 2374/1515/1926 2370/1517/1926
f 2373/1088/1927 2377/1091/1931 2379/1090/1924 2375/1087/1924
f 2375/1087/1924 2379/1090/1924 2380/1089/1928 2376/1086/1930
f 2376/1514/1930 2380/1512/1928 2378/1513/1926 2374/1515/1926
f 2377/1091/1931 2381/1094/1927 2383/1093/1924 2379/1090/1924
f 2379/1090/1924 2383/1093/1924 2384/1092/1930 2380/1089/1928
f 2380/1512/1928 2384/1510/1930 2382/1511/1926 2378/1513/1926
f 2381/1094/1927 2385/1097/1927 2387/1096/1924 2383/1093/1924
f 2383/1093/1924 2387/1096/1924 2388/1095/1930 2384/1092/1930
f 2384/1510/1930 2388/1508/1930 2386/1509/1926 2382/1511/1926
f 2385/1097/1927 2389/1100/1927 2391/1099/1924 2387/1096/1924
f 2387/1096/1924 2391/1099/1924 2392/1098/1925 2388/1095/1930
f 2388/1508/1930 2392/1506/1925 2390/1507/1926 2386/1509/1926
f 2389/1100/1927 2393/1103/1931 2395/1102/1924 2391/1099/1924
f 2391/1099/1924 2395/1102/1924 2396/1101/1925 2392/1098/1925
f 2392/1506/1925 2396/1504/1925 2394/1505/1926 2390/1507/1926
f 2393/1103/1931 2397/1106/1927 2399/1105/1924 2395/1102/1924
f 2395/1102/1924 2399/1105/1924 2400/1104/1932 2396/1101/1925
f 2396/1504/1925 2400/1502/1932 2398/1503/1926 2394/1505/1926
f 2397/1106/1927 2401/1109/1933 2403/1108/1934 2399/1105/1924
f 2399/1105/1924 2403/1108/1934 2404/1107/1935 2400/1104/1932
f 2400/1502/1932 2404/1500/1935 2402/1501/1926 2398/1503/1926
f 2401/1109/1933 2405/1112/1936 2407/1111/1937 2403/1108/1934
f 2403/1108/1934 2407/1111/1937 2408/1110/1938 2404/1107/1935
f 2404/1500/1935 2408/1498/1938 2406/1499/1939 2402/1501/1926
f 2405/1112/1936 2409/1115/1940 2411/1114/1941 2407/1111/1937
f 2407/1111/1937 2411/1114/1941 2412/1113/1942 2408/1110/1938
f 2408/1498/1938 2412/1496/1942 2410/1497/1943 2406/1499/1939
f 2409/1115/1940 2413/1118/1944 2415/1117/1945 2411/1114/1941
f 2411/1114/1941 2415/1117/1945 2416/1116/1946 2412/1113/1942
f 2412/1496/1942 2416/1494/1946 2414/1495/1947 2410/1497/1943
f 2413/1118/1944 2417/1121/1948 2419/1120/1949 2415/1117/1945
f 2415/1117/1945 2419/1120/1949 2420/1119/1950 2416/1116/1946
f 2416/1494/1946 2420/1492/1950 2418/1493/1951 2414/1495/1947
f 2417/1121/1948 2421/1123/1952 2423/1122/1953 2419/1120/1949
f 2419/1491/1949 2423/1490/1953 2424/1488/1954 2420/1492/1950
f 2420/1492/1950 2424/1488/1954 2422/1489/1955 2418/1493/1951
f 2421/1123/1952 2425/1127/1956 2427/1126/1957 2423/1122/1953
f 2423/1122/1953 2427/1126/1957 2428/1125/1958 2424/1124/1954
f 2424/1488/1954 2428/1486/1958 2426/1487/1959 2422/1489/1955
f 2425/1127/1956 2429/1130/1960 2431/1129/1961 2427/1126/1957
f 2427/1126/1957 2431/1129/1961 2432/1128/1962 2428/1125/1958
f 2428/1486/1958 2432/1484/1962 2430/1485/1963 2426/1487/1959
f 2429/1130/1960 2433/1133/1964 2435/1132/1965 2431/1129/1961
f 2431/1129/1961 2435/1132/1965 2436/1131/1966 2432/1128/1962
f 2432/1484/1962 2436/1482/1966 2434/1483/1967 2430/1485/1963
f 2433/1133/1964 2437/1683/1968 2439/1684/1969 2435/1132/1965
f 2435/1132/1965 2439/1684/1969 2440/1134/1970 2436/1131/1966
f 2436/1482/1966 2440/1480/1970 2438/1481/1971 2434/1483/1967
f 2437/1683/1968 2441/1139/1972 2443/1138/1973 2439/1684/1969
f 2439/1684/1969 2443/1138/1973 2444/1137/1974 2440/1134/1970
f 2440/1480/1970 2444/1476/1974 2442/1477/1975 2438/1481/1971
f 2441/1139/1972 2445/1142/1976 2447/1141/1977 2443/1138/1973
f 2443/1138/1973 2447/1141/1977 2448/1140/1978 2444/1137/1974
f 2444/1476/1974 2448/1474/1978 2446/1475/1979 2442/1477/1975
f 2445/1142/1976 2449/1145/1980 2451/1144/1981 2447/1141/1977
f 2447/1141/1977 2451/1144/1981 2452/1143/1982 2448/1140/1978
f 2448/1474/1978 2452/1472/1982 2450/1473/1983 2446/1475/1979
f 2449/1145/1980 2453/1148/1984 2455/1147/1985 2451/1144/1981
f 2451/1144/1981 2455/1147/1985 2456/1146/1986 2452/1143/1982
f 2452/1472/1982 2456/1470/1986 2454/1471/1987 2450/1473/1983
f 2453/1148/1984 2457/1151/1988 2459/1150/1989 2455/1147/1985
f 2455/1147/1985 2459/1150/1989 2460/1149/1990 2456/1146/1986
f 2456/1470/1986 2460/1468/1990 2458/1469/1991 2454/1471/1987
f 2457/1151/1988 2461/1154/1992 2463/1153/1993 2459/1150/1989
f 2459/1150/1989 2463/1153/1993 2464/1152/1994 2460/1149/1990
f 2460/1468/1990 2464/1466/1994 2462/1467/1995 2458/1469/1991
f 2461/1154/1992 2465/1156/1996 2467/1155/1997 2463/1153/1993
f 2463/1465/1993 2467/1464/1997 2468/1462/1998 2464/1466/1994
f 2464/1466/1994 2468/1462/1998 2466/1463/1999 2462/1467/1995
f 2465/1156/1996 2469/1160/2000 2471/1159/2001 2467/1155/1997
f 2467/1155/1997 2471/1159/2001 2472/1158/2002 2468/1157/1998
f 2468/1462/1998 2472/1460/2002 2470/1461/2003 2466/1463/1999
f 2469/1160/2000 2473/1162/2004 2475/1161/2005 2471/1159/2001
f 2471/1459/2001 2475/1456/2005 2476/1457/2006 2472/1460/2002
f 2472/1460/2002 2476/1457/2006 2474/1458/2007 2470/1461/2003
f 2473/1162/2004 2477/1164/2008 2479/1163/2009 2475/1161/2005
f 2475/1456/2005 2479/1455/2009 2480/1453/2010 2476/1457/2006
f 2476/1457/2006 2480/1453/2010 2478/1454/2011 2474/1458/2007
f 2477/1164/2008 2481/1168/2012 2483/1167/2013 2479/1163/2009
f 2479/1163/2009 2483/1167/2013 2484/1166/2014 2480/1165/2010
f 2480/1453/2010 2484/1451/2014 2482/1452/2015 2478/1454/2011
f 2481/1168/2012 2485/1171/2016 2487/1170/2017 2483/1167/2013
f 2483/1167/2013 2487/1170/2017 2488/1169/2018 2484/1166/2014
f 2484/1451/2014 2488/1449/2018 2486/1450/2019 2482/1452/2015
f 2485/1171/2016 2489/1175/2020 2491/1174/2021 2487/1170/2017
f 2487/1170/2017 2491/1174/2021 2492/1173/2022 2488/1169/2018
f 2488/1449/2018 2492/1685/2022 2490/1448/2023 2486/1450/2019
f 2489/1175/2020 2493/1180/2024 2495/1179/2025 2491/1174/2021
f 2491/1686/2021 2495/1687/2025 2496/1688/2026 2492/1685/2022
f 2492/1685/2022 2496/1688/2026 2494/1444/2027 2490/1448/2023
f 2493/1180/2024 2497/1185/2028 2499/1184/2029 2495/1179/2025
f 2495/1179/2025 2499/1184/2029 2500/1183/2030 2496/1182/2026
f 2496/1688/2026 2500/1689/2030 2498/1442/2031 2494/1444/2027
f 2497/1185/2028 2501/1189/2032 2503/1188/2033 2499/1184/2029
f 2499/1184/2029 2503/1188/2033 2504/1187/2034 2500/1183/2030
f 2500/1689/2030 2504/1690/2034 2502/1440/2035 2498/1442/2031
f 2501/1189/2032 2505/1192/2032 2507/1191/2036 2503/1188/2033
f 2503/1188/2033 2507/1191/2036 2508/1190/2034 2504/1187/2034
f 2504/1690/2034 2508/1437/2034 2506/1438/2035 2502/1440/2035
f 2505/1192/2032 2509/1195/2032 2511/1194/2036 2507/1191/2036
f 2507/1191/2036 2511/1194/2036 2512/1193/2037 2508/1190/2034
f 2508/1437/2034 2512/1435/2037 2510/1436/2035 2506/1438/2035
f 2509/1195/2032 2513/1198/2038 2515/1197/2036 2511/1194/2036
f 2511/1194/2036 2515/1197/2036 2516/1196/2037 2512/1193/2037
f 2512/1435/2037 2516/1433/2037 2514/1434/2035 2510/1436/2035
f 2513/1198/2038 2517/1201/2039 2519/1200/2040 2515/1197/2036
f 2515/1197/2036 2519/1200/2040 2520/1199/2041 2516/1196/2037
f 2516/1433/2037 2520/1431/2041 2518/1432/2042 2514/1434/2035
f 2517/1201/2039 2521/1204/2043 2523/1203/2044 2519/1200/2040
f 2519/1200/2040 2523/1203/2044 2524/1202/2045 2520/1199/2041
f 2520/1431/2041 2524/1429/2045 2522/1430/2046 2518/1432/2042
f 2521/1204/2043 2525/1207/2047 2527/1206/2048 2523/1203/2044
f 2523/1203/2044 2527/1206/2048 2528/1205/2049 2524/1202/2045
f 2524/1429/2045 2528/1427/2049 2526/1428/2050 2522/1430/2046
f 2525/1207/2047 2529/1210/2051 2531/1209/2052 2527/1206/2048
f 2527/1206/2048 2531/1209/2052 2532/1208/2053 2528/1205/2049
f 2528/1427/2049 2532/1425/2053 2530/1426/2054 2526/1428/2050
f 2529/1210/2051 2533/1213/2055 2535/1212/2056 2531/1209/2052
f 2531/1209/2052 2535/1212/2056 2536/1211/2057 2532/1208/2053
f 2532/1425/2053 2536/1423/2057 2534/1424/2058 2530/1426/2054
f 2533/1213/2055 2537/1216/2059 2539/1215/2060 2535/1212/2056
f 2535/1212/2056 2539/1215/2060 2540/1214/2061 2536/1211/2057
f 2536/1423/2057 2540/1421/2061 2538/1422/2062 2534/1424/2058
f 2537/1216/2059 2541/1219/2063 2543/1218/2064 2539/1215/2060
f 2539/1215/2060 2543/1218/2064 2544/1217/2065 2540/1214/2061
f 2540/1421/2061 2544/1419/2065 2542/1420/2066 2538/1422/2062
f 2541/1219/2063 2545/1222/2067 2547/1221/2068 2543/1218/2064
f 2543/1218/2064 2547/1221/2068 2548/1220/2069 2544/1217/2065
f 2544/1419/2065 2548/1417/2069 2546/1418/2070 2542/1420/2066
f 2545/1222/2067 2549/1225/2071 2551/1224/2072 2547/1221/2068
f 2547/1221/2068 2551/1224/2072 2552/1223/2073 2548/1220/2069
f 2548/1417/2069 2552/1415/2073 2550/1416/2074 2546/1418/2070
f 2549/1225/2071 2553/1228/2075 2555/1227/2076 2551/1224/2072
f 2551/1224/2072 2555/1227/2076 2556/1226/2077 2552/1223/2073
f 2552/1415/2073 2556/1413/2077 2554/1414/2078 2550/1416/2074
f 2553/1228/2075 2557/1231/2079 2559/1230/2080 2555/1227/2076
f 2555/1227/2076 2559/1230/2080 2560/1229/2081 2556/1226/2077
f 2556/1413/2077 2560/1411/2081 2558/1412/2082 2554/1414/2078
f 2557/1231/2079 2561/1234/2083 2563/1233/2084 2559/1230/2080
f 2559/1230/2080 2563/1233/2084 2564/1232/2085 2560/1229/2081
f 2560/1411/2081 2564/1409/2085 2562/1410/2086 2558/1412/2082
f 2561/1234/2083 2565/1237/2087 2567/1236/2088 2563/1233/2084
f 2563/1233/2084 2567/1236/2088 2568/1235/2089 2564/1232/2085
f 2564/1409/2085 2568/1407/2089 2566/1408/2090 2562/1410/2086
f 2565/1237/2087 2569/1240/2091 2571/1239/2092 2567/1236/2088
f 2567/1236/2088 2571/1239/2092 2572/1238/2093 2568/1235/2089
f 2568/1407/2089 2572/1405/2093 2570/1406/2094 2566/1408/2090
f 2569/1240/2091 2573/1244/2095 2575/1243/2096 2571/1239/2092
f 2571/1239/2092 2575/1243/2096 2576/1242/2097 2572/1238/2093
f 2572/1405/2093 2576/1691/2097 2574/1404/2098 2570/1406/2094
f 2573/1244/2095 2577/1248/2099 2579/1247/2100 2575/1243/2096
f 2575/1243/2096 2579/1247/2100 2580/1246/2101 2576/1242/2097
f 2576/1691/2097 2580/1692/2101 2578/1402/2102 2574/1404/2098
f 2577/1248/2099 2581/1251/2103 2583/1250/2104 2579/1247/2100
f 2579/1247/2100 2583/1250/2104 2584/1249/2105 2580/1246/2101
f 2580/1692/2101 2584/1399/2105 2582/1400/2106 2578/1402/2102
f 2581/1251/2103 2585/1254/2107 2587/1253/2108 2583/1250/2104
f 2583/1250/2104 2587/1253/2108 2588/1252/2109 2584/1249/2105
f 2584/1399/2105 2588/1397/2109 2586/1398/2110 2582/1400/2106
f 2585/1254/2107 2589/1257/2111 2591/1256/2112 2587/1253/2108
f 2587/1253/2108 2591/1256/2112 2592/1255/2113 2588/1252/2109
f 2588/1397/2109 2592/1395/2113 2590/1396/2114 2586/1398/2110
f 2589/1257/2111 2593/1260/2115 2595/1259/2116 2591/1256/2112
f 2591/1256/2112 2595/1259/2116 2596/1258/2117 2592/1255/2113
f 2592/1395/2113 2596/1393/2117 2594/1394/2118 2590/1396/2114
f 2593/1260/2115 2597/1263/2119 2599/1262/2120 2595/1259/2116
f 2595/1259/2116 2599/1262/2120 2600/1261/2121 2596/1258/2117
f 2596/1393/2117 2600/1391/2121 2598/1392/2122 2594/1394/2118
f 2597/1263/2119 2601/1266/2123 2603/1265/2124 2599/1262/2120
f 2599/1262/2120 2603/1265/2124 2604/1264/2125 2600/1261/2121
f 2600/1391/2121 2604/1389/2125 2602/1390/2126 2598/1392/2122
f 2601/1266/2123 2605/1268/2127 2607/1267/2128 2603/1265/2124
f 2603/1388/2124 2607/1387/2128 2608/1385/2129 2604/1389/2125
f 2604/1389/2125 2608/1385/2129 2606/1386/2130 2602/1390/2126
f 2605/1268/2127 2609/1272/2131 2611/1271/2132 2607/1267/2128
f 2607/1267/2128 2611/1271/2132 2612/1270/2133 2608/1269/2129
f 2608/1385/2129 2612/1383/2133 2610/1384/2134 2606/1386/2130
f 2609/1272/2131 2613/1275/2135 2615/1274/2136 2611/1271/2132
f 2611/1271/2132 2615/1274/2136 2616/1273/2137 2612/1270/2133
f 2612/1383/2133 2616/1381/2137 2614/1382/2138 2610/1384/2134
f 2613/1275/2135 2617/1278/2139 2619/1277/2140 2615/1274/2136
f 2615/1274/2136 2619/1277/2140 2620/1276/2141 2616/1273/2137
f 2616/1381/2137 2620/1379/2141 2618/1380/2142 2614/1382/2138
f 2617/1278/2139 2621/1281/2143 2623/1280/2144 2619/1277/2140
f 2619/1277/2140 2623/1280/2144 2624/1279/2145 2620/1276/2141
f 2620/1379/2141 2624/1377/2145 2622/1378/2146 2618/1380/2142
f 2621/1281/2143 2625/1284/2147 2627/1283/2148 2623/1280/2144
f 2623/1280/2144 2627/1283/2148 2628/1282/2149 2624/1279/2145
f 2624/1377/2145 2628/1375/2149 2626/1376/2150 2622/1378/2146
f 2625/1284/2147 2629/1287/2151 2631/1286/2152 2627/1283/2148
f 2627/1283/2148 2631/1286/2152 2632/1285/2153 2628/1282/2149
f 2628/1375/2149 2632/1373/2153 2630/1374/2154 2626/1376/2150
f 2629/1287/2151 2633/1290/2155 2635/1289/2156 2631/1286/2152
f 2631/1286/2152 2635/1289/2156 2636/1288/2157 2632/1285/2153
f 2632/1373/2153 2636/1371/2157 2634/1372/2158 2630/1374/2154
f 2633/1290/2155 2637/1293/2159 2639/1292/2160 2635/1289/2156
f 2635/1289/2156 2639/1292/2160 2640/1291/2161 2636/1288/2157
f 2636/1371/2157 2640/1369/2161 2638/1370/2162 2634/1372/2158
f 2637/1293/2159 2641/1296/2163 2643/1295/2164 2639/1292/2160
f 2639/1292/2160 2643/1295/2164 2644/1294/2165 2640/1291/2161
f 2640/1369/2161 2644/1367/2165 2642/1368/2166 2638/1370/2162
f 2641/1296/2163 2645/1299/2167 2647/1298/2168 2643/1295/2164
f 2643/1295/2164 2647/1298/2168 2648/1297/2169 2644/1294/2165
f 2644/1367/2165 2648/1365/2169 2646/1366/2170 2642/1368/2166
f 2645/1299/2167 2649/1302/2171 2651/1301/2172 2647/1298/2168
f 2647/1298/2168 2651/1301/2172 2652/1300/2173 2648/1297/2169
f 2648/1365/2169 2652/1362/2173 2650/1363/2174 2646/1366/2170
f 2649/1302/2171 2653/1305/2175 2655/1304/2176 2651/1301/2172
f 2651/1301/2172 2655/1304/2176 2656/1303/2177 2652/1300/2173
f 2652/1362/2173 2656/1361/2177 2654/1364/2178 2650/1363/2174
f 2653/1305/2175 2657/1312/2179 2659/1311/2180 2655/1304/2176
f 2655/1304/2176 2659/1311/2180 2660/1310/2181 2656/1303/2177
f 2656/1693/2177 2660/1694/2181 2658/1695/2182 2654/1696/2178
f 2657/1312/2179 2661/1317/2183 2663/1316/2184 2659/1311/2180
f 2659/1311/2180 2663/1316/2184 2664/1315/2185 2660/1310/2181
f 2660/1694/2181 2664/1697/2185 2662/1698/2186 2658/1695/2182
f 2661/1317/2183 2665/1322/2187 2667/1321/2188 2663/1316/2184
f 2663/1316/2184 2667/1321/2188 2668/1320/2189 2664/1315/2185
f 2664/1697/2185 2668/1699/2189 2666/1700/2190 2662/1698/2186
f 2665/1322/2187 2669/1327/2191 2671/1326/2192 2667/1321/2188
f 2667/1321/2188 2671/1326/2192 2672/1325/2193 2668/1320/2189
f 2668/1699/2189 2672/1701/2193 2670/1702/2194 2666/1700/2190
f 2669/1327/2191 2673/1332/2195 2675/1331/2196 2671/1326/2192
f 2671/1326/2192 2675/1331/2196 2676/1330/2197 2672/1325/2193
f 2672/1701/2193 2676/1703/2197 2674/1704/2198 2670/1702/2194
f 2673/1332/2195 2677/1337/2199 2679/1336/2200 2675/1331/2196
f 2675/1331/2196 2679/1336/2200 2680/1335/2201 2676/1330/2197
f 2676/1703/2197 2680/1705/2201 2678/1706/2202 2674/1704/2198
f 2677/1337/2199 2681/1342/2203 2683/1341/2204 2679/1336/2200
f 2679/1336/2200 2683/1341/2204 2684/1340/2205 2680/1335/2201
f 2680/1705/2201 2684/1707/2205 2682/1708/2206 2678/1706/2202
f 2681/1342/2203 2686/10/1106 2688/8/1109 2683/1341/2204
f 2683/1709/2204 2688/1710/1109 2687/1345/1111 2684/1707/2205
f 2684/1707/2205 2687/1345/1111 2685/1348/1113 2682/1708/2206
f 1/2/2 1374/1/1 2685/1348/1113 1378/1347/1112
f 3/9/7 9/15/12 1366/1337/1101
f 1373/10/8 3/9/7 1370/1342/1105
f 1370/1342/1105 3/9/7 1366/1337/1101
f 8/11/9 1/2/2 1378/1347/1112 1382/1350/1117
f 9/15/12 15/20/16 129/119/92
f 1362/1332/1097 9/15/12 129/119/92
f 1362/1332/1097 1366/1337/1101 9/15/12
f 13/16/13 8/11/9 1382/1350/1117 1386/1352/1121
f 15/20/16 21/25/20 33/35/28
f 33/35/28 39/40/32 15/20/16
f 123/114/88 15/20/16 39/40/32
f 15/20/16 123/114/88 129/119/92
f 20/21/17 13/16/13 1386/1352/1121 1390/1354/1125
f 21/25/20 27/30/24 33/35/28
f 25/26/21 20/21/17 1390/1354/1125 1394/1356/1129
f 32/31/25 25/26/21 1394/1356/1129 1398/1358/1133
f 38/36/29 32/31/25 1398/1358/1133 1402/1360/1137
f 39/40/32 45/47/36 111/102/80
f 111/102/80 117/108/84 39/40/32
f 117/108/84 123/114/88 39/40/32
f 43/42/33 38/41/29 1402/1364/1137 1406/1363/1141
f 45/47/36 51/52/40 105/97/76
f 105/97/76 111/102/80 45/47/36
f 50/48/37 43/42/33 1406/1363/1141 1410/1366/1145
f 51/52/40 57/57/44 99/92/72
f 105/97/76 51/52/40 99/92/72
f 56/53/41 50/48/37 1410/1366/1145 1414/1368/1149
f 57/57/44 63/62/48 93/87/68
f 93/87/68 99/92/72 57/57/44
f 61/58/45 56/53/41 1414/1368/1149 1418/1370/1153
f 63/62/48 69/67/52 87/82/64
f 93/87/68 63/62/48 87/82/64
f 68/63/49 61/58/45 1418/1370/1153 1422/1372/1157
f 69/67/52 75/72/56 81/77/60
f 81/77/60 87/82/64 69/67/52
f 74/68/53 68/63/49 1422/1372/1157 1426/1374/1161
f 79/73/57 74/68/53 1426/1374/1161 1430/1376/1165
f 86/78/61 79/73/57 1430/1376/1165 1434/1378/1169
f 92/83/65 86/78/61 1434/1378/1169 1438/1380/1173
f 98/88/69 92/83/65 1438/1380/1173 1442/1382/1177
f 104/93/73 98/88/69 1442/1382/1177 1446/1384/1181
f 110/98/77 104/93/73 1446/1384/1181 1450/1386/1185
f 116/103/81 110/98/77 1450/1386/1185 1454/1390/1189
f 121/109/85 116/103/81 1454/1390/1189 1458/1392/1193
f 128/115/89 121/109/85 1458/1392/1193 1462/1394/1197
f 129/119/92 135/124/96 1278/1257/1013
f 1278/1257/1013 1282/1260/1017 129/119/92
f 1282/1260/1017 1362/1332/1097 129/119/92
f 133/120/93 128/115/89 1462/1394/1197 1466/1396/1201
f 135/124/96 141/129/100 1274/1254/1009
f 1274/1254/1009 1278/1257/1013 135/124/96
f 139/125/97 133/120/93 1466/1396/1201 1470/1398/1205
f 1270/1251/1005 141/129/100 147/134/104
f 141/129/100 1270/1251/1005 1274/1254/1009
f 146/130/101 139/125/97 1470/1398/1205 1474/1400/1209
f 147/134/104 153/139/108 1266/1248/1001
f 147/134/104 1266/1248/1001 1270/1251/1005
f 152/135/105 146/130/101 1474/1400/1209 1478/1402/1213
f 153/139/108 159/144/112 1266/1248/1001
f 158/140/109 152/135/105 1478/1402/1213 1482/1404/1217
f 159/144/112 165/149/116 1262/1244/997
f 1266/1248/1001 159/144/112 1262/1244/997
f 163/145/113 158/140/109 1482/1404/1217 1486/1406/1221
f 165/149/116 171/154/120 1258/1240/993
f 1262/1244/997 165/149/116 1258/1240/993
f 169/150/117 163/145/113 1486/1406/1221 1490/1408/1225
f 171/154/120 177/159/124 1254/1237/989
f 1258/1240/993 171/154/120 1254/1237/989
f 175/155/121 169/150/117 1490/1408/1225 1494/1410/1229
f 177/159/124 183/164/128 1250/1234/985
f 1250/1234/985 1254/1237/989 177/159/124
f 181/160/125 175/155/121 1494/1410/1229 1498/1412/1233
f 183/164/128 189/169/132 1246/1231/981
f 1250/1234/985 183/164/128 1246/1231/981
f 188/165/129 181/160/125 1498/1412/1233 1502/1414/1237
f 189/169/132 194/174/136 1242/1228/977
f 1242/1228/977 1246/1231/981 189/169/132
f 193/170/133 188/165/129 1502/1414/1237 1506/1416/1241
f 194/174/136 198/179/140 1238/1225/973
f 194/174/136 1238/1225/973 1242/1228/977
f 197/175/137 193/170/133 1506/1416/1241 1510/1418/1245
f 202/184/144 1234/1222/969 198/179/140
f 1234/1222/969 1238/1225/973 198/179/140
f 201/180/141 197/175/137 1510/1418/1245 1514/1420/1249
f 1230/1219/965 202/184/144 206/189/148
f 1234/1222/969 202/184/144 1230/1219/965
f 205/185/145 201/180/141 1514/1420/1249 1518/1422/1253
f 1226/1216/961 206/189/148 210/194/152
f 1230/1219/965 206/189/148 1226/1216/961
f 209/190/149 205/185/145 1518/1422/1253 1522/1424/1257
f 1222/1213/957 210/194/152 214/199/156
f 1222/1213/957 1226/1216/961 210/194/152
f 213/195/153 209/190/149 1522/1424/1257 1526/1426/1261
f 1218/1210/953 214/199/156 218/204/160
f 1218/1210/953 1222/1213/957 214/199/156
f 217/200/157 213/195/153 1526/1426/1261 1530/1428/1265
f 1214/1207/949 218/204/160 222/209/164
f 1214/1207/949 1218/1210/953 218/204/160
f 221/205/161 217/200/157 1530/1428/1265 1534/1430/1269
f 1210/1204/945 222/209/164 226/214/168
f 1210/1204/945 1214/1207/949 222/209/164
f 225/210/165 221/205/161 1534/1430/1269 1538/1432/1273
f 1206/1201/941 226/214/168 230/219/172
f 1206/1201/941 1210/1204/945 226/214/168
f 229/215/169 225/210/165 1538/1432/1273 1542/1434/1277
f 1202/1198/937 230/219/172 234/224/173
f 1202/1198/937 1206/1201/941 230/219/172
f 233/220/169 229/215/169 1542/1434/1277 1546/1436/1277
f 1198/1195/933 234/224/173 238/229/173
f 1198/1195/933 1202/1198/937 234/224/173
f 237/225/169 233/220/169 1546/1436/1277 1550/1438/1277
f 1194/1192/933 238/229/173 242/234/172
f 1194/1192/933 1198/1195/933 238/229/173
f 241/230/169 237/225/169 1550/1438/1277 1554/1440/1277
f 242/234/172 246/239/178 1186/1185/929
f 1186/1185/929 1190/1189/933 242/234/172
f 1190/1189/933 1194/1192/933 242/234/172
f 245/235/175 241/230/169 1554/1440/1277 1558/1442/1283
f 246/239/178 250/244/182 1182/1180/925
f 1182/1180/925 1186/1185/929 246/239/178
f 249/240/179 245/235/175 1558/1442/1283 1562/1444/1287
f 250/244/182 254/250/186 1182/1180/925
f 253/245/183 249/240/179 1562/1444/1287 1566/1448/1291
f 254/250/186 258/256/190 1178/1175/921
f 254/250/186 1178/1175/921 1182/1180/925
f 257/251/187 253/245/183 1566/1448/1291 1570/1450/1295
f 258/256/190 262/261/194 1174/1171/917
f 1174/1171/917 1178/1175/921 258/256/190
f 261/257/191 257/251/187 1570/1450/1295 1574/1452/1299
f 1170/1168/913 262/261/194 266/266/198
f 1174/1171/917 262/261/194 1170/1168/913
f 265/262/195 261/257/191 1574/1452/1299 1578/1454/1303
f 266/266/198 270/272/202 1166/1164/909
f 1170/1168/913 266/266/198 1166/1164/909
f 269/267/199 265/262/195 1578/1454/1303 1582/1458/1307
f 270/272/202 274/277/206 714/801/551
f 1166/1164/909 270/272/202 1162/1162/905
f 718/807/555 270/272/202 714/801/551
f 1162/1162/905 270/272/202 718/807/555
f 273/273/203 269/267/199 1582/1458/1307 1586/1461/1311
f 274/277/206 278/283/210 714/801/551
f 277/278/207 273/273/203 1586/1461/1311 1590/1463/1315
f 278/283/210 282/289/214 710/796/547
f 714/801/551 278/283/210 710/796/547
f 281/284/211 277/278/207 1590/1463/1315 1594/1467/1319
f 282/289/214 286/295/218 710/796/547
f 285/290/215 281/284/211 1594/1467/1319 1598/1469/1323
f 286/295/218 290/300/222 702/786/539
f 710/796/547 286/295/218 706/791/543
f 706/791/543 286/295/218 702/786/539
f 289/296/219 285/290/215 1598/1469/1323 1602/1471/1327
f 290/300/222 294/305/226 698/781/535
f 698/781/535 702/786/539 290/300/222
f 293/301/223 289/296/219 1602/1471/1327 1606/1473/1331
f 294/305/226 298/310/230 694/776/531
f 694/776/531 698/781/535 294/305/226
f 297/306/227 293/301/223 1606/1473/1331 1610/1475/1335
f 298/310/230 302/315/234 690/769/527
f 690/769/527 694/776/531 298/310/230
f 301/311/231 297/306/227 1610/1475/1335 1614/1477/1339
f 302/315/234 306/320/238 686/764/523
f 302/315/234 686/764/523 690/769/527
f 305/316/235 301/311/231 1614/1477/1339 1618/1481/1343
f 306/320/238 310/325/242 682/759/519
f 306/320/238 682/759/519 686/764/523
f 309/321/239 305/316/235 1618/1481/1343 1622/1483/1347
f 310/325/242 314/330/246 682/759/519
f 313/326/243 309/321/239 1622/1483/1347 1626/1485/1351
f 314/330/246 318/335/250 678/754/515
f 682/759/519 314/330/246 678/754/515
f 317/331/247 313/326/243 1626/1485/1351 1630/1487/1355
f 318/335/250 322/340/254 674/750/511
f 678/754/515 318/335/250 674/750/511
f 321/336/251 317/331/247 1630/1487/1355 1634/1489/1359
f 322/340/254 326/346/258 674/750/511
f 325/341/255 321/336/251 1634/1489/1359 1638/1493/1363
f 326/346/258 330/352/262 670/745/507
f 674/750/511 326/346/258 670/745/507
f 329/347/259 325/341/255 1638/1493/1363 1642/1495/1367
f 330/352/262 334/357/266 666/740/503
f 330/352/262 666/740/503 670/745/507
f 333/353/263 329/347/259 1642/1495/1367 1646/1497/1371
f 334/357/266 338/362/270 662/735/499
f 666/740/503 334/357/266 662/735/499
f 337/358/267 333/353/263 1646/1497/1371 1650/1499/1375
f 338/362/270 342/367/274 662/735/499
f 341/363/271 337/358/267 1650/1499/1375 1654/1501/1379
f 342/367/274 346/372/277 658/731/495
f 662/735/499 342/367/274 658/731/495
f 345/368/271 341/363/271 1654/1501/1379 1658/1503/1379
f 346/372/277 350/377/279 654/727/491
f 346/372/277 654/727/491 658/731/495
f 349/373/271 345/368/271 1658/1503/1379 1662/1505/1379
f 350/377/279 354/382/277 650/723/487
f 350/377/279 650/723/487 654/727/491
f 353/378/271 349/373/271 1662/1505/1379 1666/1507/1379
f 646/719/483 354/382/277 358/387/277
f 650/723/487 354/382/277 646/719/483
f 357/383/271 353/378/271 1666/1507/1379 1670/1509/1379
f 358/387/277 362/392/277 642/715/454
f 646/719/483 358/387/277 642/715/454
f 361/388/271 357/383/271 1670/1509/1379 1674/1511/1379
f 362/392/277 366/397/279 638/711/450
f 362/392/277 638/711/450 642/715/454
f 365/393/271 361/388/271 1674/1511/1379 1678/1513/1379
f 366/397/279 370/402/277 634/707/446
f 366/397/279 634/707/446 638/711/450
f 369/398/271 365/393/271 1678/1513/1379 1682/1515/1379
f 370/402/277 374/407/277 630/703/472
f 370/402/277 630/703/472 634/707/446
f 373/403/271 369/398/271 1682/1515/1379 1686/1517/1379
f 374/407/277 378/412/277 626/699/470
f 630/703/472 374/407/277 626/699/470
f 377/408/271 373/403/271 1686/1517/1379 1690/1519/1379
f 378/412/277 382/417/277 622/695/466
f 622/695/466 626/699/470 378/412/277
f 381/413/271 377/408/271 1690/1519/1379 1694/1521/1379
f 382/417/277 386/422/284 618/691/462
f 382/417/277 618/691/462 622/695/466
f 385/418/271 381/413/271 1694/1521/1379 1698/1523/1379
f 386/422/284 390/427/288 614/687/476
f 614/687/476 618/691/462 386/422/284
f 389/423/285 385/418/271 1698/1523/1379 1702/1525/1392
f 390/427/288 394/432/292 610/683/454
f 614/687/476 390/427/288 610/683/454
f 393/428/289 389/423/285 1702/1525/1392 1706/1527/1396
f 394/432/292 398/437/296 606/679/450
f 394/432/292 606/679/450 610/683/454
f 397/433/293 393/428/289 1706/1527/1396 1710/1529/1400
f 398/437/296 402/442/300 602/675/446
f 606/679/450 398/437/296 602/675/446
f 401/438/297 397/433/293 1710/1529/1400 1714/1531/1404
f 402/442/300 406/447/304 598/671/472
f 402/442/300 598/671/472 602/675/446
f 405/443/301 401/438/297 1714/1531/1404 1718/1533/1408
f 406/447/304 410/452/308 594/667/470
f 598/671/472 406/447/304 594/667/470
f 409/448/305 405/443/301 1718/1533/1408 1722/1535/1412
f 410/452/308 414/457/308 590/663/466
f 594/667/470 410/452/308 590/663/466
f 413/453/305 409/448/305 1722/1535/1412 1726/1537/1412
f 414/457/308 418/462/310 586/659/462
f 586/659/462 590/663/466 414/457/308
f 417/458/309 413/453/305 1726/1537/1412 1730/1539/1414
f 418/462/310 422/467/314 582/655/458
f 586/659/462 418/462/310 582/655/458
f 421/463/311 417/458/309 1730/1539/1414 1734/1541/1418
f 422/467/314 426/472/318 578/651/454
f 578/651/454 582/655/458 422/467/314
f 425/468/315 421/463/311 1734/1541/1418 1738/1543/1422
f 426/472/318 430/477/322 574/647/450
f 426/472/318 574/647/450 578/651/454
f 429/473/319 425/468/315 1738/1543/1422 1742/1545/1426
f 430/477/322 434/482/326 570/643/446
f 430/477/322 570/643/446 574/647/450
f 433/478/323 429/473/319 1742/1545/1426 1746/1547/1430
f 434/482/326 438/487/328 566/639/442
f 570/643/446 434/482/326 566/639/442
f 437/483/327 433/478/323 1746/1547/1430 1750/1549/1432
f 438/487/328 442/492/292 562/635/438
f 438/487/328 562/635/438 566/639/442
f 441/488/289 437/483/327 1750/1549/1432 1754/1551/1396
f 442/492/292 446/497/296 558/631/434
f 562/635/438 442/492/292 558/631/434
f 445/493/293 441/488/289 1754/1551/1396 1758/1553/1400
f 446/497/296 450/502/332 554/627/430
f 446/497/296 554/627/430 558/631/434
f 449/498/297 445/493/293 1758/1553/1400 1762/1555/1404
f 450/502/332 454/507/336 550/622/426
f 554/627/430 450/502/332 550/622/426
f 453/503/333 449/498/297 1762/1555/1404 1766/1557/1440
f 454/507/336 458/512/340 546/617/422
f 454/507/336 546/617/422 550/622/426
f 457/508/337 453/503/333 1766/1557/1440 1770/1559/1444
f 458/512/340 462/517/344 542/613/418
f 546/617/422 458/512/340 542/613/418
f 461/513/341 457/508/337 1770/1559/1444 1774/1561/1448
f 462/517/344 466/522/348 538/609/414
f 462/517/344 538/609/414 542/613/418
f 465/518/345 461/513/341 1774/1561/1448 1778/1563/1452
f 466/522/348 470/527/352 534/605/410
f 538/609/414 466/522/348 534/605/410
f 469/523/349 465/518/345 1778/1563/1452 1782/1565/1456
f 470/527/352 474/532/356 530/601/400
f 470/527/352 530/601/400 534/605/410
f 473/528/353 469/523/349 1782/1565/1456 1786/1567/1460
f 474/532/356 478/537/360 526/597/400
f 530/601/400 474/532/356 526/597/400
f 477/533/357 473/528/353 1786/1567/1460 1790/1569/1464
f 478/537/360 482/542/364 522/593/400
f 526/597/400 478/537/360 522/593/400
f 481/538/361 477/533/357 1790/1569/1464 1794/1571/1468
f 482/542/364 486/547/368 518/589/400
f 518/589/400 522/593/400 482/542/364
f 485/543/365 481/538/361 1794/1571/1468 1798/1573/1472
f 486/547/368 490/552/372 514/585/396
f 514/585/396 518/589/400 486/547/368
f 489/548/369 485/543/365 1798/1573/1472 1802/1575/1476
f 490/552/372 494/557/376 510/581/392
f 510/581/392 514/585/396 490/552/372
f 493/553/373 489/548/369 1802/1575/1476 1806/1577/1480
f 494/557/376 498/564/380 506/576/388
f 506/576/388 510/581/392 494/557/376
f 497/559/377 493/558/373 1806/1581/1480 1810/1580/1484
f 498/564/380 502/570/384 506/576/388
f 501/565/381 497/559/377 1810/1580/1484 1814/1585/1488
f 505/571/385 501/565/381 1814/1585/1488 1818/1587/1492
f 509/548/389 505/553/385 1818/1577/1492 1822/1575/1496
f 513/543/393 509/548/389 1822/1575/1496 1826/1573/1500
f 517/538/397 513/543/393 1826/1573/1500 1830/1571/1504
f 521/533/401 517/538/397 1830/1571/1504 1834/1569/1506
f 525/528/401 521/533/401 1834/1569/1506 1838/1567/1507
f 529/523/404 525/528/401 1838/1567/1507 1842/1565/1510
f 533/518/407 529/523/404 1842/1565/1510 1846/1563/1514
f 537/513/411 533/518/407 1846/1563/1514 1850/1561/1518
f 541/508/415 537/513/411 1850/1561/1518 1854/1559/1522
f 545/503/419 541/508/415 1854/1559/1522 1858/1557/1526
f 549/498/423 545/503/419 1858/1557/1526 1862/1555/1530
f 553/493/427 549/498/423 1862/1555/1530 1866/1553/1534
f 557/488/431 553/493/427 1866/1553/1534 1870/1551/1538
f 561/483/435 557/488/431 1870/1551/1538 1874/1549/1542
f 565/478/439 561/483/435 1874/1549/1542 1878/1547/1546
f 569/473/443 565/478/439 1878/1547/1546 1882/1545/1550
f 573/468/447 569/473/443 1882/1545/1550 1886/1543/1554
f 577/463/451 573/468/447 1886/1543/1554 1890/1541/1558
f 581/458/455 577/463/451 1890/1541/1558 1894/1539/1562
f 585/453/459 581/458/455 1894/1539/1562 1898/1537/1566
f 589/448/463 585/453/459 1898/1537/1566 1902/1535/1570
f 593/443/467 589/448/463 1902/1535/1570 1906/1533/1574
f 597/438/439 593/443/467 1906/1533/1574 1910/1531/1546
f 601/433/443 597/438/439 1910/1531/1546 1914/1529/1550
f 605/428/473 601/433/443 1914/1529/1550 1918/1527/1577
f 609/423/451 605/428/473 1918/1527/1577 1922/1525/1558
f 613/418/455 609/423/451 1922/1525/1558 1926/1523/1562
f 617/413/473 613/418/455 1926/1523/1562 1930/1521/1577
f 621/408/463 617/413/473 1930/1521/1577 1934/1519/1570
f 625/403/467 621/408/463 1934/1519/1570 1938/1517/1574
f 629/398/439 625/403/467 1938/1517/1574 1942/1515/1546
f 633/393/443 629/398/439 1942/1515/1546 1946/1513/1550
f 637/388/478 633/393/443 1946/1513/1550 1950/1511/1583
f 641/383/479 637/388/478 1950/1511/1583 1954/1509/1584
f 645/378/480 641/383/479 1954/1509/1584 1958/1507/1588
f 649/373/484 645/378/480 1958/1507/1588 1962/1505/1592
f 653/368/488 649/373/484 1962/1505/1592 1966/1503/1596
f 657/363/492 653/368/488 1966/1503/1596 1970/1501/1600
f 661/358/496 657/363/492 1970/1501/1600 1974/1499/1604
f 665/736/500 661/358/496 1974/1499/1604 1978/1631/1608
f 669/741/504 665/736/500 1978/1631/1608 1982/1633/1612
f 673/746/508 669/741/504 1982/1633/1612 1986/1635/1616
f 677/341/512 673/746/508 1986/1635/1616 1990/1493/1620
f 681/755/516 677/341/512 1990/1493/1620 1994/1638/1624
f 685/760/520 681/755/516 1994/1638/1624 1998/1640/1628
f 689/765/524 685/760/520 1998/1640/1628 2002/1642/1632
f 693/771/528 689/770/524 2002/1646/1632 2006/1645/1636
f 697/777/532 693/771/528 2006/1645/1636 2010/1648/1640
f 701/782/536 697/777/532 2010/1648/1640 2014/1650/1644
f 705/787/540 701/782/536 2014/1650/1644 2018/1652/1648
f 709/792/544 705/787/540 2018/1652/1648 2022/1654/1652
f 713/797/548 709/792/544 2022/1654/1652 2026/1656/1656
f 717/802/552 713/797/548 2026/1656/1656 2030/1660/1660
f 1154/1156/897 718/807/555 722/813/559
f 1158/1160/901 1162/1162/905 718/807/555
f 1154/1156/897 1158/1160/901 718/807/555
f 721/808/556 717/802/552 2030/1660/1660 2034/1662/1664
f 1146/1151/889 722/813/559 726/818/563
f 1150/1154/893 1154/1156/897 722/813/559
f 1146/1151/889 1150/1154/893 722/813/559
f 725/814/560 721/808/556 2034/1662/1664 2038/1664/1668
f 730/823/567 1146/1151/889 726/818/563
f 729/819/564 725/814/560 2038/1664/1668 2042/1666/1672
f 1142/1148/885 730/823/567 734/828/571
f 1142/1148/885 1146/1151/889 730/823/567
f 733/824/568 729/819/564 2042/1666/1672 2046/1668/1676
f 738/833/575 1138/1145/881 734/828/571
f 1138/1145/881 1142/1148/885 734/828/571
f 737/829/572 733/824/568 2046/1668/1676 2050/1670/1680
f 738/833/575 742/838/579 1134/1142/877
f 1134/1142/877 1138/1145/881 738/833/575
f 741/834/576 737/829/572 2050/1670/1680 2054/1672/1684
f 742/838/579 746/841/583 1130/1139/873
f 1130/1139/873 1134/1142/877 742/838/579
f 745/760/580 741/765/576 2054/1642/1684 2058/1640/1688
f 1126/1136/869 746/841/583 750/844/587
f 1126/1136/869 1130/1139/873 746/841/583
f 749/755/584 745/760/580 2058/1640/1688 2062/1638/1692
f 750/844/587 754/847/591 1118/1130/861
f 1118/1130/861 1122/1133/865 750/844/587
f 1122/1133/865 1126/1136/869 750/844/587
f 753/341/588 749/755/584 2062/1638/1692 2066/1493/1696
f 758/850/595 1114/1127/857 754/847/591
f 1114/1127/857 1118/1130/861 754/847/591
f 757/746/592 753/341/588 2066/1493/1696 2070/1635/1700
f 762/853/599 1106/1121/849 758/850/595
f 1110/1123/853 1114/1127/857 758/850/595
f 1110/1123/853 758/850/595 1106/1121/849
f 761/741/596 757/746/592 2070/1635/1700 2074/1633/1704
f 1102/1118/845 762/853/599 766/856/603
f 1102/1118/845 1106/1121/849 762/853/599
f 765/736/600 761/741/596 2074/1633/1704 2078/1631/1708
f 770/859/607 1098/1115/841 766/856/603
f 1098/1115/841 1102/1118/845 766/856/603
f 769/358/604 765/736/600 2078/1631/1708 2082/1499/1712
f 774/862/611 1090/1109/833 770/859/607
f 1094/1112/837 1098/1115/841 770/859/607
f 1094/1112/837 770/859/607 1090/1109/833
f 773/363/608 769/358/604 2082/1499/1712 2086/1501/1716
f 1086/1106/825 774/862/611 778/865/615
f 1090/1109/833 774/862/611 1086/1106/825
f 777/368/612 773/363/608 2086/1501/1716 2090/1503/1720
f 782/868/619 1082/1103/829 778/865/615
f 1082/1103/829 1086/1106/825 778/865/615
f 781/373/616 777/368/612 2090/1503/1720 2094/1505/1724
f 1078/1100/825 782/868/619 786/871/623
f 1078/1100/825 1082/1103/829 782/868/619
f 785/378/620 781/373/616 2094/1505/1724 2098/1507/1728
f 1074/1097/825 786/871/623 790/874/627
f 1078/1100/825 786/871/623 1074/1097/825
f 789/383/624 785/378/620 2098/1507/1728 2102/1509/1732
f 1070/1094/825 790/874/627 794/877/631
f 1070/1094/825 1074/1097/825 790/874/627
f 793/388/628 789/383/624 2102/1509/1732 2106/1511/1736
f 1066/1091/829 794/877/631 798/880/635
f 1066/1091/829 1070/1094/825 794/877/631
f 797/393/632 793/388/628 2106/1511/1736 2110/1513/1740
f 1062/1088/825 798/880/635 802/883/639
f 1062/1088/825 1066/1091/829 798/880/635
f 801/398/636 797/393/632 2110/1513/1740 2114/1515/1744
f 1058/1085/825 802/883/639 806/886/643
f 1058/1085/825 1062/1088/825 802/883/639
f 805/403/640 801/398/636 2114/1515/1744 2118/1517/1748
f 806/886/643 810/889/647 1054/1082/825
f 1054/1082/825 1058/1085/825 806/886/643
f 809/408/644 805/403/640 2118/1517/1748 2122/1519/1752
f 814/892/651 1050/1079/825 810/889/647
f 1050/1079/825 1054/1082/825 810/889/647
f 813/413/648 809/408/644 2122/1519/1752 2126/1521/1756
f 814/892/651 818/895/655 1046/1076/824
f 1046/1076/824 1050/1079/825 814/892/651
f 817/418/652 813/413/648 2126/1521/1756 2130/1523/1760
f 1042/1073/820 818/895/655 822/898/627
f 1042/1073/820 1046/1076/824 818/895/655
f 821/423/656 817/418/652 2130/1523/1760 2134/1525/1762
f 826/901/631 1038/1070/784 822/898/627
f 1038/1070/784 1042/1073/820 822/898/627
f 825/428/648 821/423/656 2134/1525/1762 2138/1527/1756
f 1034/1067/780 826/901/631 830/904/635
f 1034/1067/780 1038/1070/784 826/901/631
f 829/433/632 825/428/648 2138/1527/1756 2142/1529/1740
f 834/907/639 1030/1064/816 830/904/635
f 1030/1064/816 1034/1067/780 830/904/635
f 833/438/636 829/433/632 2142/1529/1740 2146/1531/1744
f 1026/1061/814 834/907/639 838/910/643
f 1026/1061/814 1030/1064/816 834/907/639
f 837/443/640 833/438/636 2146/1531/1744 2150/1533/1748
f 1022/1058/811 838/910/643 842/913/647
f 1022/1058/811 1026/1061/814 838/910/643
f 841/448/644 837/443/640 2150/1533/1748 2154/1535/1752
f 842/913/647 846/916/651 1018/1055/811
f 1018/1055/811 1022/1058/811 842/913/647
f 845/453/658 841/448/644 2154/1535/1752 2158/1537/1764
f 1014/1052/808 846/916/651 850/919/661
f 1014/1052/808 1018/1055/811 846/916/651
f 849/458/652 845/453/658 2158/1537/1764 2162/1539/1760
f 850/919/661 854/922/627 1010/1049/804
f 1010/1049/804 1014/1052/808 850/919/661
f 853/463/656 849/458/652 2162/1539/1760 2166/1541/1762
f 858/925/631 1006/1046/800 854/922/627
f 1006/1046/800 1010/1049/804 854/922/627
f 857/468/663 853/463/656 2166/1541/1762 2170/1543/1767
f 862/928/635 1002/1043/796 858/925/631
f 1002/1043/796 1006/1046/800 858/925/631
f 861/473/632 857/468/663 2170/1543/1767 2174/1545/1740
f 862/928/635 866/931/665 998/1040/792
f 998/1040/792 1002/1043/796 862/928/635
f 865/478/636 861/473/632 2174/1545/1740 2178/1547/1744
f 870/934/669 994/1037/788 866/931/665
f 994/1037/788 998/1040/792 866/931/665
f 869/483/666 865/478/636 2178/1547/1744 2182/1549/1773
f 990/1034/784 870/934/669 874/937/673
f 990/1034/784 994/1037/788 870/934/669
f 873/488/670 869/483/666 2182/1549/1773 2186/1551/1777
f 878/940/677 986/1031/780 874/937/673
f 986/1031/780 990/1034/784 874/937/673
f 877/493/674 873/488/670 2186/1551/1777 2190/1553/1781
f 982/1028/776 878/940/677 882/943/681
f 982/1028/776 986/1031/780 878/940/677
f 881/498/678 877/493/674 2190/1553/1781 2194/1555/1785
f 886/945/685 978/1025/772 882/943/681
f 978/1025/772 982/1028/776 882/943/681
f 885/503/682 881/498/678 2194/1555/1785 2198/1557/1789
f 974/1022/768 886/945/685 890/949/689
f 974/1022/768 978/1025/772 886/945/685
f 889/508/686 885/503/682 2198/1557/1789 2202/1559/1793
f 894/952/693 970/1019/764 890/949/689
f 970/1019/764 974/1022/768 890/949/689
f 893/513/690 889/508/686 2202/1559/1793 2206/1561/1797
f 966/1016/760 894/952/693 898/955/697
f 966/1016/760 970/1019/764 894/952/693
f 897/518/694 893/513/690 2206/1561/1797 2210/1563/1801
f 902/958/701 962/1013/756 898/955/697
f 962/1013/756 966/1016/760 898/955/697
f 901/523/698 897/518/694 2210/1563/1801 2214/1565/1805
f 958/1010/752 902/958/701 906/961/701
f 958/1010/752 962/1013/756 902/958/701
f 905/528/702 901/523/698 2214/1565/1805 2218/1567/1808
f 954/1007/748 906/961/701 910/964/701
f 954/1007/748 958/1010/752 906/961/701
f 909/533/705 905/528/702 2218/1567/1808 2222/1569/1809
f 910/964/701 914/967/701 950/1004/744
f 950/1004/744 954/1007/748 910/964/701
f 913/538/706 909/533/705 2222/1569/1809 2226/1571/1811
f 918/970/712 946/1001/740 914/967/701
f 946/1001/740 950/1004/744 914/967/701
f 917/543/709 913/538/706 2226/1571/1811 2230/1573/1815
f 918/970/712 922/973/716 942/998/736
f 942/998/736 946/1001/740 918/970/712
f 921/548/713 917/543/709 2230/1573/1815 2234/1575/1819
f 926/976/720 938/995/732 922/973/716
f 938/995/732 942/998/736 922/973/716
f 925/553/717 921/548/713 2234/1575/1819 2238/1577/1823
f 926/976/720 930/983/724 934/989/728
f 934/989/728 938/995/732 926/976/720
f 929/978/721 925/977/717 2238/1676/1823 2242/1675/1827
f 933/984/725 929/978/721 2242/1675/1827 2246/1680/1831
f 937/990/729 933/984/725 2246/1680/1831 2250/1682/1835
f 941/548/733 937/553/729 2250/1577/1835 2254/1575/1839
f 945/543/737 941/548/733 2254/1575/1839 2258/1573/1843
f 949/538/741 945/543/737 2258/1573/1843 2262/1571/1847
f 953/533/745 949/538/741 2262/1571/1847 2266/1569/1851
f 957/528/749 953/533/745 2266/1569/1851 2270/1567/1855
f 961/523/753 957/528/749 2270/1567/1855 2274/1565/1859
f 965/518/757 961/523/753 2274/1565/1859 2278/1563/1863
f 969/513/761 965/518/757 2278/1563/1863 2282/1561/1867
f 973/508/765 969/513/761 2282/1561/1867 2286/1559/1871
f 977/503/769 973/508/765 2286/1559/1871 2290/1557/1875
f 981/498/773 977/503/769 2290/1557/1875 2294/1555/1879
f 985/493/777 981/498/773 2294/1555/1879 2298/1553/1883
f 989/488/781 985/493/777 2298/1553/1883 2302/1551/1887
f 993/483/785 989/488/781 2302/1551/1887 2306/1549/1891
f 997/478/789 993/483/785 2306/1549/1891 2310/1547/1895
f 1001/473/793 997/478/789 2310/1547/1895 2314/1545/1899
f 1005/468/797 1001/473/793 2314/1545/1899 2318/1543/1903
f 1009/463/801 1005/468/797 2318/1543/1903 2322/1541/1907
f 1013/458/805 1009/463/801 2322/1541/1907 2326/1539/1911
f 1017/453/809 1013/458/805 2326/1539/1911 2330/1537/1914
f 1021/448/809 1017/453/809 2330/1537/1914 2334/1535/1914
f 1025/443/812 1021/448/809 2334/1535/1914 2338/1533/1917
f 1029/438/773 1025/443/812 2338/1533/1917 2342/1531/1879
f 1033/433/777 1029/438/773 2342/1531/1879 2346/1529/1883
f 1037/428/781 1033/433/777 2346/1529/1883 2350/1527/1887
f 1041/423/819 1037/428/781 2350/1527/1887 2354/1525/1922
f 1045/418/821 1041/423/819 2354/1525/1922 2358/1523/1926
f 1049/413/821 1045/418/821 2358/1523/1926 2362/1521/1926
f 1053/408/821 1049/413/821 2362/1521/1926 2366/1519/1926
f 1057/403/821 1053/408/821 2366/1519/1926 2370/1517/1926
f 1061/398/821 1057/403/821 2370/1517/1926 2374/1515/1926
f 1065/393/821 1061/398/821 2374/1515/1926 2378/1513/1926
f 1069/388/821 1065/393/821 2378/1513/1926 2382/1511/1926
f 1073/383/821 1069/388/821 2382/1511/1926 2386/1509/1926
f 1077/378/821 1073/383/821 2386/1509/1926 2390/1507/1926
f 1081/373/821 1077/378/821 2390/1507/1926 2394/1505/1926
f 1085/368/821 1081/373/821 2394/1505/1926 2398/1503/1926
f 1089/363/821 1085/368/821 2398/1503/1926 2402/1501/1926
f 1093/358/834 1089/363/821 2402/1501/1926 2406/1499/1939
f 1097/353/838 1093/358/834 2406/1499/1939 2410/1497/1943
f 1101/347/842 1097/353/838 2410/1497/1943 2414/1495/1947
f 1105/341/846 1101/347/842 2414/1495/1947 2418/1493/1951
f 1109/336/850 1105/341/846 2418/1493/1951 2422/1489/1955
f 1113/331/854 1109/336/850 2422/1489/1955 2426/1487/1959
f 1117/326/858 1113/331/854 2426/1487/1959 2430/1485/1963
f 1121/321/862 1117/326/858 2430/1485/1963 2434/1483/1967
f 1125/316/866 1121/321/862 2434/1483/1967 2438/1481/1971
f 1129/311/870 1125/316/866 2438/1481/1971 2442/1477/1975
f 1133/306/874 1129/311/870 2442/1477/1975 2446/1475/1979
f 1137/301/878 1133/306/874 2446/1475/1979 2450/1473/1983
f 1141/296/882 1137/301/878 2450/1473/1983 2454/1471/1987
f 1145/290/886 1141/296/882 2454/1471/1987 2458/1469/1991
f 1149/284/890 1145/290/886 2458/1469/1991 2462/1467/1995
f 1153/278/894 1149/284/890 2462/1467/1995 2466/1463/1999
f 1157/273/898 1153/278/894 2466/1463/1999 2470/1461/2003
f 1161/267/902 1157/273/898 2470/1461/2003 2474/1458/2007
f 1165/262/906 1161/267/902 2474/1458/2007 2478/1454/2011
f 1169/257/910 1165/262/906 2478/1454/2011 2482/1452/2015
f 1173/251/914 1169/257/910 2482/1452/2015 2486/1450/2019
f 1177/245/918 1173/251/914 2486/1450/2019 2490/1448/2023
f 1181/240/922 1177/245/918 2490/1448/2023 2494/1444/2027
f 1185/235/926 1181/240/922 2494/1444/2027 2498/1442/2031
f 1189/230/930 1185/235/926 2498/1442/2031 2502/1440/2035
f 1193/225/930 1189/230/930 2502/1440/2035 2506/1438/2035
f 1197/220/930 1193/225/930 2506/1438/2035 2510/1436/2035
f 1201/215/930 1197/220/930 2510/1436/2035 2514/1434/2035
f 1205/210/938 1201/215/930 2514/1434/2035 2518/1432/2042
f 1209/205/942 1205/210/938 2518/1432/2042 2522/1430/2046
f 1213/200/946 1209/205/942 2522/1430/2046 2526/1428/2050
f 1217/195/950 1213/200/946 2526/1428/2050 2530/1426/2054
f 1221/190/954 1217/195/950 2530/1426/2054 2534/1424/2058
f 1225/185/958 1221/190/954 2534/1424/2058 2538/1422/2062
f 1229/180/962 1225/185/958 2538/1422/2062 2542/1420/2066
f 1233/175/966 1229/180/962 2542/1420/2066 2546/1418/2070
f 1237/170/970 1233/175/966 2546/1418/2070 2550/1416/2074
f 1241/165/974 1237/170/970 2550/1416/2074 2554/1414/2078
f 1245/160/978 1241/165/974 2554/1414/2078 2558/1412/2082
f 1249/155/982 1245/160/978 2558/1412/2082 2562/1410/2086
f 1253/150/986 1249/155/982 2562/1410/2086 2566/1408/2090
f 1257/145/990 1253/150/986 2566/1408/2090 2570/1406/2094
f 1261/140/994 1257/145/990 2570/1406/2094 2574/1404/2098
f 1265/135/998 1261/140/994 2574/1404/2098 2578/1402/2102
f 1269/130/1002 1265/135/998 2578/1402/2102 2582/1400/2106
f 1273/125/1006 1269/130/1002 2582/1400/2106 2586/1398/2110
f 1277/120/1010 1273/125/1006 2586/1398/2110 2590/1396/2114
f 1281/115/1014 1277/120/1010 2590/1396/2114 2594/1394/2118
f 1286/1263/1021 1358/1327/1093 1282/1260/1017
f 1358/1327/1093 1362/1332/1097 1282/1260/1017
f 1285/109/1018 1281/115/1014 2594/1394/2118 2598/1392/2122
f 1286/1263/1021 1290/1266/1025 1342/1305/1077
f 1358/1327/1093 1286/1263/1021 1342/1305/1077
f 1289/103/1022 1285/109/1018 2598/1392/2122 2602/1390/2126
f 1290/1266/1025 1294/1268/1029 1342/1305/1077
f 1293/98/1026 1289/103/1022 2602/1390/2126 2606/1386/2130
f 1294/1268/1029 1298/1272/1033 1338/1302/1073
f 1338/1302/1073 1342/1305/1077 1294/1268/1029
f 1297/93/1030 1293/98/1026 2606/1386/2130 2610/1384/2134
f 1298/1272/1033 1302/1275/1037 1334/1299/1069
f 1334/1299/1069 1338/1302/1073 1298/1272/1033
f 1301/88/1034 1297/93/1030 2610/1384/2134 2614/1382/2138
f 1302/1275/1037 1306/1278/1041 1330/1296/1065
f 1330/1296/1065 1334/1299/1069 1302/1275/1037
f 1305/83/1038 1301/88/1034 2614/1382/2138 2618/1380/2142
f 1306/1278/1041 1310/1281/1045 1326/1293/1061
f 1326/1293/1061 1330/1296/1065 1306/1278/1041
f 1309/78/1042 1305/83/1038 2618/1380/2142 2622/1378/2146
f 1310/1281/1045 1314/1284/1049 1322/1290/1057
f 1322/1290/1057 1326/1293/1061 1310/1281/1045
f 1313/73/1046 1309/78/1042 2622/1378/2146 2626/1376/2150
f 1314/1284/1049 1318/1287/1053 1322/1290/1057
f 1317/68/1050 1313/73/1046 2626/1376/2150 2630/1374/2154
f 1321/63/1054 1317/68/1050 2630/1374/2154 2634/1372/2158
f 1325/58/1058 1321/63/1054 2634/1372/2158 2638/1370/2162
f 1329/53/1062 1325/58/1058 2638/1370/2162 2642/1368/2166
f 1333/48/1066 1329/53/1062 2642/1368/2166 2646/1366/2170
f 1337/42/1070 1333/48/1066 2646/1366/2170 2650/1363/2174
f 1341/41/1074 1337/42/1070 2650/1363/2174 2654/1364/2178
f 1346/1312/1081 1358/1327/1093 1342/1305/1077
f 1345/1307/1078 1341/1306/1074 2654/1696/2178 2658/1695/2182
f 1346/1312/1081 1350/1317/1085 1354/1322/1089
f 1354/1322/1089 1358/1327/1093 1346/1312/1081
f 1349/1313/1082 1345/1307/1078 2658/1695/2182 2662/1698/2186
f 1353/1318/1086 1349/1313/1082 2662/1698/2186 2666/1700/2190
f 1357/1323/1090 1353/1318/1086 2666/1700/2190 2670/1702/2194
f 1361/1328/1094 1357/1323/1090 2670/1702/2194 2674/1704/2198
f 1365/1333/1098 1361/1328/1094 2674/1704/2198 2678/1706/2202
f 1369/1338/1102 1365/1333/1098 2678/1706/2202 2682/1708/2206
f 1374/1/1 1369/1338/1102 2682/1708/2206 2685/1348/1113
f 2686/10/1106 2681/1342/2203 1377/9/1107
f 2681/1342/2203 2677/1337/2199 1377/9/1107
f 1377/9/1107 2677/1337/2199 1381/15/1114
f 2673/1332/2195 1381/15/1114 2677/1337/2199
f 2692/1711/2207 1461/119/1194 2695/1712/2207 2693/1713/2207
f 2694/1714/2207 1385/20/1118 1381/15/1114 2689/1715/2207 2690/1716/2207 2691/1717/2207
f 2689/1715/2207 1381/15/1114 2673/1332/2195 2696/1718/2207 2697/1719/2207 2698/1720/2207 2701/1721/2207 2700/1722/2207 2699/1723/2207 2707/1724/2207 2702/1725/2207 2703/1726/2207
f 2705/1727/2207 1461/119/1194 2692/1711/2207 2704/1728/2207 2706/1729/2207
f 2708/1730/2207 1385/20/1118 2694/1714/2207 2709/1731/2207
f 2695/1712/2207 1461/119/1194 1457/114/1190 2711/1732/2207 2710/1733/2207
f 1385/20/1118 1397/35/1130 1389/25/1122
f 1397/35/1130 1385/20/1118 1401/40/1134
f 2711/1732/2207 1457/114/1190 1401/40/1134 1385/20/1118 2708/1730/2207 2713/1734/2207 2712/1735/2207 2714/1736/2207 2715/1737/2207
f 1389/25/1122 1397/35/1130 1393/30/1126
f 1405/47/1138 1401/40/1134 1449/102/1182
f 1449/102/1182 1401/40/1134 1453/108/1186
f 1401/40/1134 1457/114/1190 1453/108/1186
f 1445/97/1178 1405/47/1138 1449/102/1182
f 1409/52/1142 1405/47/1138 1445/97/1178
f 1441/92/1174 1409/52/1142 1445/97/1178
f 1413/57/1146 1409/52/1142 1441/92/1174
f 1437/87/1170 1413/57/1146 1441/92/1174
f 1413/57/1146 1437/87/1170 1417/62/1150
f 1437/87/1170 1433/82/1166 1417/62/1150
f 1417/62/1150 1433/82/1166 1421/67/1154
f 1429/77/1162 1421/67/1154 1433/82/1166
f 1421/67/1154 1429/77/1162 1425/72/1158
f 2716/1738/2207 2589/1257/2111 2717/1739/2207
f 1465/124/1198 1461/119/1194 2719/1740/2207 2718/1741/2207
f 2720/1742/2207 2721/1743/2207 2593/1260/2115 2589/1257/2111 2716/1738/2207
f 1461/119/1194 2722/1744/2207 2723/1745/2207 2719/1740/2207
f 2728/1746/2207 2593/1260/2115 2721/1743/2207 2725/1747/2207 2724/1748/2207 2726/1749/2207
f 1461/119/1194 2705/1727/2207 2732/1750/2207 2722/1744/2207
f 2696/1718/2207 2673/1332/2195 2727/1751/2207 2731/1752/2207 2730/1753/2207 2729/1754/2207
f 2589/1257/2111 2585/1254/2107 2734/1755/2207 2735/1756/2207 2717/1739/2207
f 2718/1741/2207 2733/1757/2207 1465/124/1198
f 2734/1755/2207 2585/1254/2107 2736/1758/2207
f 1469/129/1202 1465/124/1198 2733/1757/2207 2738/1759/2207 2737/1760/2207
f 2585/1254/2107 2581/1251/2103 2740/1761/2207 2741/1762/2207 2736/1758/2207
f 2737/1760/2207 2739/1763/2207 1469/129/1202
f 2740/1761/2207 2581/1251/2103 2742/1764/2207
f 1473/134/1206 1469/129/1202 2739/1763/2207 2743/1765/2207 2744/1766/2207
f 2581/1251/2103 2577/1248/2099 2746/1767/2207 2747/1768/2207 2742/1764/2207
f 2744/1766/2207 2745/1769/2207 1473/134/1206
f 2746/1767/2207 2577/1248/2099 2748/1770/2207
f 1477/139/1210 1473/134/1206 2745/1769/2207 2749/1771/2207 2750/1772/2207
f 2748/1770/2207 2577/1248/2099 2751/1773/2207
f 1481/144/1214 1477/139/1210 2750/1772/2207 2752/1774/2207 2753/1775/2207
f 2577/1248/2099 2573/1244/2095 2756/1776/2207 2754/1777/2207 2751/1773/2207
f 1481/144/1214 2753/1775/2207 2755/1778/2207
f 2756/1776/2207 2573/1244/2095 2757/1779/2207
f 1485/149/1218 1481/144/1214 2755/1778/2207 2758/1780/2207 2759/1781/2207
f 2573/1244/2095 2569/1240/2091 2762/1782/2207 2760/1783/2207 2757/1779/2207
f 1485/149/1218 2759/1781/2207 2761/1784/2207
f 2762/1782/2207 2569/1240/2091 2763/1785/2207
f 1489/154/1222 1485/149/1218 2761/1784/2207 2764/1786/2207 2765/1787/2207
f 2569/1240/2091 2565/1237/2087 2768/1788/2207 2766/1789/2207 2763/1785/2207
f 1489/154/1222 2765/1787/2207 2767/1790/2207
f 2768/1788/2207 2565/1237/2087 2769/1791/2207
f 1493/159/1226 1489/154/1222 2767/1790/2207 2770/1792/2207 2771/1793/2207
f 2565/1237/2087 2561/1234/2083 2773/1794/2207 2774/1795/2207 2769/1791/2207
f 2771/1793/2207 2772/1796/2207 1493/159/1226
f 2773/1794/2207 2561/1234/2083 2775/1797/2207
f 1497/164/1230 1493/159/1226 2772/1796/2207 2777/1798/2207 2776/1799/2207
f 2561/1234/2083 2557/1231/2079 2780/1800/2207 2778/1801/2207 2775/1797/2207
f 2776/1799/2207 2779/1802/2207 1497/164/1230
f 2780/1800/2207 2557/1231/2079 2782/1803/2207 2781/1804/2207
f 2785/1805/2207 1501/169/1234 1497/164/1230 2779/1802/2207 2784/1806/2207 2783/1807/2207
f 2557/1231/2079 2553/1228/2075 2787/1808/2207 2788/1809/2207 2782/1803/2207
f 2785/1805/2207 2786/1810/2207 1501/169/1234
f 2787/1808/2207 2553/1228/2075 2790/1811/2207 2789/1812/2207 2791/1813/2207
f 2794/1814/2207 1505/174/1238 1501/169/1234 2786/1810/2207 2793/1815/2207 2792/1816/2207
f 2553/1228/2075 2549/1225/2071 1505/174/1238 2794/1814/2207 2797/1817/2207 2796/1818/2207 2795/1819/2207 2790/1811/2207
f 1505/174/1238 2549/1225/2071 1509/179/1242
f 2545/1222/2067 1509/179/1242 2549/1225/2071
f 1513/184/1246 1509/179/1242 2545/1222/2067
f 2545/1222/2067 2541/1219/2063 1513/184/1246
f 2541/1219/2063 1517/189/1250 1513/184/1246
f 2541/1219/2063 2537/1216/2059 1517/189/1250
f 2537/1216/2059 1521/194/1254 1517/189/1250
f 2533/1213/2055 1521/194/1254 2537/1216/2059
f 2533/1213/2055 1525/199/1258 1521/194/1254
f 2529/1210/2051 1525/199/1258 2533/1213/2055
f 2529/1210/2051 1529/204/1262 1525/199/1258
f 2525/1207/2047 1529/204/1262 2529/1210/2051
f 2525/1207/2047 1533/209/1266 1529/204/1262
f 2521/1204/2043 1533/209/1266 2525/1207/2047
f 2521/1204/2043 1537/214/1270 1533/209/1266
f 2517/1201/2039 1537/214/1270 2521/1204/2043
f 2517/1201/2039 1541/219/1274 1537/214/1270
f 2513/1198/2038 1541/219/1274 2517/1201/2039
f 2513/1198/2038 1545/224/1278 1541/219/1274
f 2509/1195/2032 1545/224/1278 2513/1198/2038
f 2509/1195/2032 1549/229/1278 1545/224/1278
f 2505/1192/2032 1549/229/1278 2509/1195/2032
f 2505/1192/2032 1553/234/1274 1549/229/1278
f 1553/234/1274 2497/1185/2028 1557/239/1280
f 2501/1189/2032 1553/234/1274 2505/1192/2032
f 2497/1185/2028 1553/234/1274 2501/1189/2032
f 2493/1180/2024 1557/239/1280 2497/1185/2028
f 1557/239/1280 2493/1180/2024 1561/244/1284
f 1561/244/1284 2493/1180/2024 1565/250/1288
f 1565/250/1288 2493/1180/2024 2489/1175/2020
f 1565/250/1288 2489/1175/2020 1569/256/1292
f 2485/1171/2016 1569/256/1292 2489/1175/2020
f 1569/256/1292 2485/1171/2016 1573/261/1296
f 2485/1171/2016 2481/1168/2012 1573/261/1296
f 2481/1168/2012 1577/266/1300 1573/261/1296
f 2481/1168/2012 2477/1164/2008 1577/266/1300
f 1577/266/1300 2477/1164/2008 1581/272/1304
f 2477/1164/2008 2473/1162/2004 1581/272/1304
f 2473/1162/2004 2029/807/1657 1581/272/1304
f 1581/272/1304 2025/801/1653 1585/277/1308
f 2029/807/1657 2025/801/1653 1581/272/1304
f 1585/277/1308 2025/801/1653 1589/283/1312
f 2025/801/1653 2021/796/1649 1589/283/1312
f 1589/283/1312 2021/796/1649 1593/289/1316
f 1593/289/1316 2021/796/1649 1597/295/1320
f 2021/796/1649 2017/791/1645 1597/295/1320
f 2017/791/1645 2013/786/1641 1597/295/1320
f 1597/295/1320 2013/786/1641 1601/300/1324
f 1601/300/1324 2009/781/1637 1605/305/1328
f 2009/781/1637 1601/300/1324 2013/786/1641
f 2005/776/1633 1605/305/1328 2009/781/1637
f 1605/305/1328 2005/776/1633 1609/310/1332
f 2001/769/1629 1609/310/1332 2005/776/1633
f 1609/310/1332 2001/769/1629 1613/315/1336
f 1613/315/1336 2001/769/1629 1997/764/1625
f 1613/315/1336 1997/764/1625 1617/1478/1340
f 1617/1478/1340 1997/764/1625 1993/759/1621
f 1617/1478/1340 1993/759/1621 1621/325/1344
f 1621/325/1344 1993/759/1621 1625/330/1348
f 1993/759/1621 1989/754/1617 1625/330/1348
f 1625/330/1348 1989/754/1617 1629/335/1352
f 1989/754/1617 1985/750/1613 1629/335/1352
f 1629/335/1352 1985/750/1613 1633/340/1356
f 1633/340/1356 1985/750/1613 1637/346/1360
f 1985/750/1613 1981/745/1609 1637/346/1360
f 1637/346/1360 1981/745/1609 1641/352/1364
f 1641/352/1364 1981/745/1609 1977/740/1605
f 1641/352/1364 1977/740/1605 1645/357/1368
f 1977/740/1605 1973/735/1601 1645/357/1368
f 1645/357/1368 1973/735/1601 1649/362/1372
f 1649/362/1372 1973/735/1601 1653/367/1376
f 1973/735/1601 1969/731/1597 1653/367/1376
f 1653/367/1376 1969/731/1597 1657/372/1380
f 1657/372/1380 1965/727/1593 1661/377/1383
f 1657/372/1380 1969/731/1597 1965/727/1593
f 1661/377/1383 1965/727/1593 1961/723/1589
f 1661/377/1383 1961/723/1589 1665/382/1380
f 1961/723/1589 1957/719/1585 1665/382/1380
f 1957/719/1585 1669/387/1380 1665/382/1380
f 1957/719/1585 1953/715/1555 1669/387/1380
f 1669/387/1380 1953/715/1555 1673/392/1380
f 1673/392/1380 1953/715/1555 1949/711/1551
f 1673/392/1380 1949/711/1551 1677/397/1383
f 1677/397/1383 1949/711/1551 1945/707/1547
f 1677/397/1383 1945/707/1547 1681/402/1380
f 1681/402/1380 1945/707/1547 1941/703/1575
f 1681/402/1380 1941/703/1575 1685/407/1380
f 1941/703/1575 1937/699/1571 1685/407/1380
f 1685/407/1380 1937/699/1571 1689/412/1380
f 1933/695/1567 1689/412/1380 1937/699/1571
f 1689/412/1380 1933/695/1567 1693/417/1380
f 1693/417/1380 1933/695/1567 1929/691/1563
f 1693/417/1380 1929/691/1563 1697/422/1388
f 1925/687/1580 1697/422/1388 1929/691/1563
f 1697/422/1388 1925/687/1580 1701/427/1389
f 1925/687/1580 1921/683/1555 1701/427/1389
f 1701/427/1389 1921/683/1555 1705/432/1393
f 1705/432/1393 1921/683/1555 1917/679/1551
f 1705/432/1393 1917/679/1551 1709/437/1397
f 1917/679/1551 1913/675/1547 1709/437/1397
f 1709/437/1397 1913/675/1547 1713/442/1401
f 1713/442/1401 1913/675/1547 1909/671/1575
f 1713/442/1401 1909/671/1575 1717/447/1405
f 1909/671/1575 1905/667/1571 1717/447/1405
f 1717/447/1405 1905/667/1571 1721/452/1409
f 1905/667/1571 1901/663/1567 1721/452/1409
f 1721/452/1409 1901/663/1567 1725/457/1409
f 1897/659/1563 1725/457/1409 1901/663/1567
f 1725/457/1409 1897/659/1563 1729/462/1413
f 1897/659/1563 1893/655/1559 1729/462/1413
f 1729/462/1413 1893/655/1559 1733/467/1415
f 1889/651/1555 1733/467/1415 1893/655/1559
f 1733/467/1415 1889/651/1555 1737/472/1419
f 1737/472/1419 1889/651/1555 1885/647/1551
f 1737/472/1419 1885/647/1551 1741/477/1423
f 1741/477/1423 1885/647/1551 1881/643/1547
f 1741/477/1423 1881/643/1547 1745/482/1427
f 1881/643/1547 1877/639/1543 1745/482/1427
f 1745/482/1427 1877/639/1543 1749/487/1431
f 1749/487/1431 1877/639/1543 1873/635/1539
f 1749/487/1431 1873/635/1539 1753/492/1393
f 1873/635/1539 1869/631/1535 1753/492/1393
f 1753/492/1393 1869/631/1535 1757/497/1397
f 1757/497/1397 1869/631/1535 1865/627/1531
f 1757/497/1397 1865/627/1531 1761/502/1435
f 1865/627/1531 1861/622/1527 1761/502/1435
f 1761/502/1435 1861/622/1527 1765/507/1437
f 1765/507/1437 1861/622/1527 1857/617/1523
f 1765/507/1437 1857/617/1523 1769/512/1441
f 1857/617/1523 1853/613/1519 1769/512/1441
f 1769/512/1441 1853/613/1519 1773/517/1445
f 1773/517/1445 1853/613/1519 1849/609/1515
f 1773/517/1445 1849/609/1515 1777/522/1449
f 1849/609/1515 1845/605/1511 1777/522/1449
f 1777/522/1449 1845/605/1511 1781/527/1453
f 1781/527/1453 1845/605/1511 1841/601/1501
f 1781/527/1453 1841/601/1501 1785/532/1457
f 1841/601/1501 1837/597/1501 1785/532/1457
f 1785/532/1457 1837/597/1501 1789/537/1461
f 1837/597/1501 1833/593/1501 1789/537/1461
f 1789/537/1461 1833/593/1501 1793/542/1465
f 1829/589/1501 1793/542/1465 1833/593/1501
f 1793/542/1465 1829/589/1501 1797/547/1469
f 1825/585/1497 1797/547/1469 1829/589/1501
f 1797/547/1469 1825/585/1497 1801/552/1473
f 1821/581/1493 1801/552/1473 1825/585/1497
f 1801/552/1473 1821/581/1493 1805/557/1477
f 1817/576/1489 1805/557/1477 1821/581/1493
f 1805/557/1477 1817/576/1489 1809/564/1481
f 1809/564/1481 1817/576/1489 1813/570/1485
f 2469/1160/2000 2029/807/1657 2473/1162/2004
f 2465/1156/1996 2029/807/1657 2469/1160/2000
f 2465/1156/1996 2033/813/1661 2029/807/1657
f 2457/1151/1988 2033/813/1661 2461/1154/1992
f 2461/1154/1992 2033/813/1661 2465/1156/1996
f 2457/1151/1988 2037/818/1665 2033/813/1661
f 2041/823/1669 2037/818/1665 2457/1151/1988
f 2453/1148/1984 2041/823/1669 2457/1151/1988
f 2453/1148/1984 2045/828/1673 2041/823/1669
f 2049/833/1677 2045/828/1673 2449/1145/1980
f 2449/1145/1980 2045/828/1673 2453/1148/1984
f 2049/833/1677 2445/1142/1976 2053/838/1681
f 2445/1142/1976 2049/833/1677 2449/1145/1980
f 2053/838/1681 2441/1139/1972 2057/841/1685
f 2441/1139/1972 2053/838/1681 2445/1142/1976
f 2437/1683/1968 2061/844/1689 2057/841/1685
f 2437/1683/1968 2057/841/1685 2441/1139/1972
f 2061/844/1689 2429/1130/1960 2065/847/1693
f 2429/1130/1960 2061/844/1689 2433/1133/1964
f 2433/1133/1964 2061/844/1689 2437/1683/1968
f 2069/850/1697 2065/847/1693 2425/1127/1956
f 2425/1127/1956 2065/847/1693 2429/1130/1960
f 2421/1123/1952 2417/1121/1948 2069/850/1697
f 2421/1123/1952 2069/850/1697 2425/1127/1956
f 2073/853/1701 2069/850/1697 2417/1121/1948
f 2413/1118/1944 2077/856/1705 2073/853/1701
f 2413/1118/1944 2073/853/1701 2417/1121/1948
f 2409/1115/1940 2077/856/1705 2413/1118/1944
f 2081/859/1709 2077/856/1705 2409/1115/1940
f 2405/1112/1936 2401/1109/1933 2081/859/1709
f 2405/1112/1936 2081/859/1709 2409/1115/1940
f 2085/862/1713 2081/859/1709 2401/1109/1933
f 2401/1109/1933 2397/1106/1927 2085/862/1713
f 2397/1106/1927 2089/865/1717 2085/862/1713
f 2093/868/1721 2089/865/1717 2393/1103/1931
f 2393/1103/1931 2089/865/1717 2397/1106/1927
f 2389/1100/1927 2097/871/1725 2093/868/1721
f 2389/1100/1927 2093/868/1721 2393/1103/1931
f 2389/1100/1927 2385/1097/1927 2097/871/1725
f 2385/1097/1927 2101/874/1729 2097/871/1725
f 2381/1094/1927 2101/874/1729 2385/1097/1927
f 2381/1094/1927 2105/877/1733 2101/874/1729
f 2377/1091/1931 2105/877/1733 2381/1094/1927
f 2377/1091/1931 2109/880/1737 2105/877/1733
f 2373/1088/1927 2109/880/1737 2377/1091/1931
f 2373/1088/1927 2113/883/1741 2109/880/1737
f 2369/1085/1927 2113/883/1741 2373/1088/1927
f 2369/1085/1927 2117/886/1745 2113/883/1741
f 2117/886/1745 2365/1082/1927 2121/889/1749
f 2365/1082/1927 2117/886/1745 2369/1085/1927
f 2125/892/1753 2121/889/1749 2361/1079/1927
f 2361/1079/1927 2121/889/1749 2365/1082/1927
f 2125/892/1753 2357/1076/1923 2129/895/1757
f 2357/1076/1923 2125/892/1753 2361/1079/1927
f 2353/1073/1921 2133/898/1729 2129/895/1757
f 2353/1073/1921 2129/895/1757 2357/1076/1923
f 2349/1070/1884 2133/898/1729 2353/1073/1921
f 2137/901/1733 2133/898/1729 2349/1070/1884
f 2345/1067/1880 2137/901/1733 2349/1070/1884
f 2345/1067/1880 2141/904/1737 2137/901/1733
f 2341/1064/1918 2141/904/1737 2345/1067/1880
f 2145/907/1741 2141/904/1737 2341/1064/1918
f 2337/1061/1916 2149/910/1745 2145/907/1741
f 2337/1061/1916 2145/907/1741 2341/1064/1918
f 2333/1058/1912 2153/913/1749 2149/910/1745
f 2333/1058/1912 2149/910/1745 2337/1061/1916
f 2153/913/1749 2329/1055/1912 2157/916/1753
f 2329/1055/1912 2153/913/1749 2333/1058/1912
f 2325/1052/1908 2161/919/1765 2157/916/1753
f 2325/1052/1908 2157/916/1753 2329/1055/1912
f 2161/919/1765 2321/1049/1904 2165/922/1729
f 2321/1049/1904 2161/919/1765 2325/1052/1908
f 2169/925/1733 2165/922/1729 2317/1046/1900
f 2317/1046/1900 2165/922/1729 2321/1049/1904
f 2173/928/1737 2169/925/1733 2313/1043/1896
f 2313/1043/1896 2169/925/1733 2317/1046/1900
f 2173/928/1737 2309/1040/1892 2177/931/1768
f 2309/1040/1892 2173/928/1737 2313/1043/1896
f 2181/934/1770 2177/931/1768 2305/1037/1888
f 2305/1037/1888 2177/931/1768 2309/1040/1892
f 2301/1034/1884 2185/937/1774 2181/934/1770
f 2301/1034/1884 2181/934/1770 2305/1037/1888
f 2297/1031/1880 2185/937/1774 2301/1034/1884
f 2189/940/1778 2185/937/1774 2297/1031/1880
f 2293/1028/1876 2193/943/1782 2189/940/1778
f 2293/1028/1876 2189/940/1778 2297/1031/1880
f 2197/945/1786 2193/943/1782 2289/1025/1872
f 2289/1025/1872 2193/943/1782 2293/1028/1876
f 2285/1022/1868 2201/949/1790 2197/945/1786
f 2285/1022/1868 2197/945/1786 2289/1025/1872
f 2205/952/1794 2201/949/1790 2281/1019/1864
f 2281/1019/1864 2201/949/1790 2285/1022/1868
f 2277/1016/1860 2209/955/1798 2205/952/1794
f 2277/1016/1860 2205/952/1794 2281/1019/1864
f 2213/958/1802 2209/955/1798 2273/1013/1856
f 2273/1013/1856 2209/955/1798 2277/1016/1860
f 2269/1010/1852 2217/961/1802 2213/958/1802
f 2269/1010/1852 2213/958/1802 2273/1013/1856
f 2265/1007/1848 2217/961/1802 2269/1010/1852
f 2265/1007/1848 2221/964/1802 2217/961/1802
f 2221/964/1802 2261/1004/1844 2225/967/1802
f 2261/1004/1844 2221/964/1802 2265/1007/1848
f 2229/970/1812 2225/967/1802 2257/1001/1840
f 2257/1001/1840 2225/967/1802 2261/1004/1844
f 2229/970/1812 2253/998/1836 2233/973/1816
f 2253/998/1836 2229/970/1812 2257/1001/1840
f 2237/976/1820 2233/973/1816 2249/995/1832
f 2249/995/1832 2233/973/1816 2253/998/1836
f 2237/976/1820 2245/989/1828 2241/983/1824
f 2245/989/1828 2237/976/1820 2249/995/1832
f 2800/1820/2207 2801/1821/2207 2669/1327/2191 2802/1822/2207
f 2803/1823/2207 2597/1263/2119 2593/1260/2115 2798/1824/2207 2799/1825/2207
f 2593/1260/2115 2728/1746/2207 2804/1826/2207 2798/1824/2207
f 2669/1327/2191 2801/1821/2207 2806/1827/2207 2805/1828/2207 2727/1751/2207 2673/1332/2195
f 2802/1822/2207 2669/1327/2191 2653/1305/2175 2597/1263/2119 2803/1823/2207 2808/1829/2207 2807/1830/2207 2809/1831/2207 2810/1832/2207
f 2601/1266/2123 2597/1263/2119 2653/1305/2175
f 2605/1268/2127 2601/1266/2123 2653/1305/2175
f 2609/1272/2131 2605/1268/2127 2649/1302/2171
f 2649/1302/2171 2605/1268/2127 2653/1305/2175
f 2613/1275/2135 2609/1272/2131 2645/1299/2167
f 2645/1299/2167 2609/1272/2131 2649/1302/2171
f 2613/1275/2135 2641/1296/2163 2617/1278/2139
f 2641/1296/2163 2613/1275/2135 2645/1299/2167
f 2617/1278/2139 2637/1293/2159 2621/1281/2143
f 2637/1293/2159 2617/1278/2139 2641/1296/2163
f 2621/1281/2143 2633/1290/2155 2625/1284/2147
f 2633/1290/2155 2621/1281/2143 2637/1293/2159
f 2625/1284/2147 2633/1290/2155 2629/1287/2151
f 2657/1312/2179 2653/1305/2175 2669/1327/2191
f 2657/1312/2179 2665/1322/2187 2661/1317/2183
f 2665/1322/2187 2657/1312/2179 2669/1327/2191
f 2701/1833/2208 2/1834/2208 5/1835/2209 2700/1836/2209
f 2700/1836/2209 5/1835/2209 7/1837/2210 2699/1838/2210
f 2699/1838/2210 7/1837/2210 10/1839/2211 2707/1840/2211
f 2707/1840/2211 10/1839/2211 14/1841/2212 2702/1842/2212
f 2702/1842/2212 14/1841/2212 16/1843/2213 2703/1844/2213
f 2703/1844/2213 16/1843/2213 19/1845/2214 2690/1846/2214 2689/1847/2215
f 2690/1846/2214 19/1845/2214 23/1848/2216 2691/1849/2216
f 2691/1849/2216 23/1848/2216 26/1850/2217 2709/1851/2217 2694/1852/2218
f 26/1853/2217 29/1854/2219 2713/1855/2219 2708/1856/2220 2709/1857/2217
f 29/1854/2219 31/1858/2221 2712/1859/2221 2713/1855/2219
f 31/1858/2221 34/1860/2222 2714/1861/2222 2712/1859/2221
f 34/1860/2222 37/1862/2223 2715/1863/2223 2714/1861/2222
f 37/1862/2223 41/1864/2224 2710/1865/2224 2711/1866/2225 2715/1863/2223
f 41/1864/2224 44/1867/2226 2693/1868/2226 2695/1869/2227 2710/1865/2224
f 44/1867/2226 46/1870/2228 2704/1871/2228 2692/1872/2229 2693/1868/2226
f 46/1870/2228 49/1873/2230 2706/1874/2230 2704/1871/2228
f 49/1873/2230 52/1875/2231 2732/1876/2231 2705/1877/2232 2706/1874/2230
f 52/1875/2231 55/1878/2233 2723/1879/2233 2722/1880/2234 2732/1876/2231
f 55/1878/2233 58/1881/2235 2738/1882/2235 2733/1883/2236 2718/1884/2236 2719/1885/2236 2723/1879/2233
f 58/1881/2235 62/1886/2237 2743/1887/2237 2739/1888/2238 2737/1889/2238 2738/1882/2235
f 62/1886/2237 65/1890/2239 2749/1891/2239 2745/1892/2240 2744/1893/2240 2743/1887/2237
f 65/1890/2239 67/1894/2241 2752/1895/2241 2750/1896/2242 2749/1891/2239
f 67/1894/2241 71/1897/2243 2758/1898/2243 2755/1899/2244 2753/1900/2244 2752/1895/2241
f 71/1897/2243 73/1901/2245 2764/1902/2245 2761/1903/2246 2759/1904/2246 2758/1898/2243
f 73/1850/2245 76/1848/2247 2770/1849/2247 2767/1905/2248 2765/1906/2248 2764/1851/2245
f 76/1848/2247 80/1845/2249 2777/1846/2249 2772/1907/2250 2771/1908/2250 2770/1849/2247
f 80/1845/2249 82/1843/2251 2784/1844/2251 2779/1909/2252 2776/1910/2252 2777/1846/2249
f 82/1843/2251 85/1841/2253 2783/1842/2253 2784/1844/2251
f 85/1841/2253 88/1839/2254 2793/1840/2254 2786/1911/2255 2785/1912/2255 2783/1842/2253
f 88/1839/2254 91/1837/2256 2792/1838/2256 2793/1840/2254
f 91/1837/2256 95/1835/2257 2797/1836/2257 2794/1913/2258 2792/1838/2256
f 95/1835/2257 97/1834/2259 2796/1833/2259 2797/1836/2257
f 97/1834/2259 100/1914/2260 2795/1915/2260 2796/1833/2259
f 100/1914/2260 103/1916/2261 2789/1917/2261 2790/1918/2262 2795/1915/2260
f 103/1916/2261 106/1919/2263 2791/1920/2263 2789/1917/2261
f 106/1919/2263 109/1921/2264 2788/1922/2264 2787/1923/2265 2791/1920/2263
f 109/1921/2264 112/1924/2266 2781/1925/2266 2782/1926/2267 2788/1922/2264
f 112/1924/2266 115/1927/2268 2778/1928/2268 2780/1929/2269 2781/1925/2266
f 115/1927/2268 118/1930/2270 2774/1931/2270 2773/1932/2271 2775/1933/2271 2778/1928/2268
f 118/1930/2270 122/1934/2272 2766/1935/2272 2768/1936/2273 2769/1937/2273 2774/1931/2270
f 2766/1902/2272 122/1901/2272 125/1897/2274 2760/1898/2274 2762/1903/2275 2763/1938/2275
f 2760/1898/2274 125/1897/2274 127/1894/2276 2754/1895/2276 2756/1939/2277 2757/1940/2277
f 2754/1895/2276 127/1894/2276 131/1890/2278 2747/1891/2278 2746/1941/2279 2748/1942/2279 2751/1943/2279
f 2747/1891/2278 131/1890/2278 134/1886/2280 2741/1887/2280 2740/1944/2281 2742/1945/2281
f 2741/1887/2280 134/1886/2280 137/1881/2282 2735/1882/2282 2734/1946/2283 2736/1889/2283
f 2735/1882/2282 137/1881/2282 140/1878/2284 2720/1879/2284 2716/1947/2285 2717/1884/2285
f 2720/1879/2284 140/1878/2284 143/1875/2286 2725/1876/2286 2721/1880/2287
f 2725/1876/2286 143/1875/2286 145/1873/2288 2724/1874/2288
f 2724/1874/2288 145/1873/2288 148/1870/2289 2726/1871/2289
f 2726/1871/2289 148/1870/2289 151/1867/2290 2804/1868/2290 2728/1872/2291
f 2804/1868/2290 151/1867/2290 154/1864/2292 2799/1865/2292 2798/1869/2293
f 2799/1865/2292 154/1864/2292 157/1862/2294 2808/1863/2294 2803/1866/2295
f 2808/1863/2294 157/1862/2294 161/1860/2296 2807/1861/2296
f 2807/1861/2296 161/1860/2296 164/1858/2297 2809/1859/2297
f 2809/1859/2297 164/1858/2297 166/1854/2298 2810/1855/2298
f 2810/1855/2298 166/1854/2298 170/1853/2299 2800/1857/2299 2802/1856/2300
f 2800/1935/2299 170/1934/2299 173/1930/2301 2806/1931/2301 2801/1948/2302
f 2806/1931/2301 173/1930/2301 176/1927/2303 2805/1928/2303
f 2805/1928/2303 176/1927/2303 179/1924/2304 2731/1925/2304 2727/1949/2305
f 2731/1925/2304 179/1924/2304 182/1921/2306 2730/1922/2306
f 2730/1922/2306 182/1921/2306 184/1919/2307 2729/1920/2307
f 2729/1920/2307 184/1919/2307 187/1916/2308 2697/1917/2308 2696/1950/2309
f 2697/1917/2308 187/1916/2308 190/1914/2310 2698/1915/2310
f 2698/1915/2310 190/1914/2310 2/1834/2208 2701/1833/2208
f 23/1717/2207 19/1716/2207 16/1726/2207 14/1725/2207 10/1724/2207 7/1723/2207 5/1722/2207 2/1721/2207 190/1720/2207 187/1719/2207 184/1754/2207 182/1753/2207 179/1752/2207 176/1828/2207 173/1827/2207 170/1820/2207 166/1832/2207 164/1831/2207 161/1830/2207 157/1829/2207 154/1825/2207 151/1826/2207 148/1749/2207 145/1748/2207 143/1747/2207 140/1742/2207 137/1756/2207 134/1762/2207 131/1768/2207 127/1777/2207 125/1783/2207 122/1789/2207 118/1795/2207 115/1801/2207 112/1804/2207 109/1809/2207 106/1813/2207 103/1812/2207 100/1819/2207 97/1818/2207 95/1817/2207 91/1816/2207 88/1815/2207 85/1807/2207 82/1806/2207 80/1798/2207 76/1792/2207 73/1786/2207 71/1780/2207 67/1774/2207 65/1771/2207 62/1765/2207 58/1759/2207 55/1745/2207 52/1750/2207 49/1729/2207 46/1728/2207 44/1713/2207 41/1733/2207 37/1737/2207 34/1736/2207 31/1735/2207 29/1734/2207 26/1731/2207
f 2811/1951/2311 2816/1952/2311 2815/1953/2311 2814/1954/2311 2813/1955/2311 2812/1956/2311
f 2817/1957/2311 2822/1958/2311 2821/1959/2311 2820/1960/2311 2819/1961/2311 2818/1962/2311
f 2823/1963/2311 2828/1964/2311 2827/1965/2311 2826/1966/2311 2825/1967/2311 2824/1968/2311
f 2829/1951/2207 2830/1956/2207 2831/1955/2207 2832/1954/2207 2833/1953/2207 2834/1952/2207
f 2835/1957/2207 2836/1962/2207 2837/1961/2207 2838/1960/2207 2839/1959/2207 2840/1958/2207
f 2841/1963/2207 2842/1968/2207 2843/1967/2207 2844/1966/2207 2845/1965/2207 2846/1964/2207
f 2819/1969/2259 2820/1970/2312 2838/1971/2312 2837/1972/2259
f 2812/1973/2313 2813/1969/2313 2831/1972/2313 2830/1974/2313
f 2827/1973/2314 2828/1975/2315 2846/1976/2315 2845/1974/2314
f 2820/1970/2312 2821/1973/2316 2839/1974/2316 2838/1971/2312
f 2813/1969/2259 2814/1970/2312 2832/1971/2312 2831/1972/2259
f 2821/1973/2314 2822/1975/2315 2840/1976/2315 2839/1974/2314
f 2814/1970/2312 2815/1973/2316 2833/1974/2316 2832/1971/2312
f 2828/1975/2315 2823/1977/2259 2841/1978/2259 2846/1976/2315
f 2815/1973/2314 2816/1975/2315 2834/1976/2315 2833/1974/2314
f 2823/1977/2317 2824/1973/2317 2842/1974/2317 2841/1978/2317
f 2822/1975/2315 2817/1977/2259 2835/1978/2259 2840/1976/2315
f 2824/1973/2313 2825/1969/2313 2843/1972/2313 2842/1974/2313
f 2817/1977/2317 2818/1973/2317 2836/1974/2317 2835/1978/2317
f 2816/1975/2315 2811/1977/2259 2829/1978/2259 2834/1976/2315
f 2825/1969/2259 2826/1970/2312 2844/1971/2312 2843/1972/2259
f 2818/1973/2313 2819/1969/2313 2837/1972/2313 2836/1974/2313
f 2811/1977/2317 2812/1973/2317 2830/1974/2317 2829/1978/2317
f 2826/1970/2312 2827/1973/2316 2845/1974/2316 2844/1971/2312
f 2848/1973/2318 2854/1979/2318 2855/1980/2318 2849/1981/2318
f 2849/1982/2319 2855/1983/2319 2853/1984/2319 2847/1985/2319
f 2857/1986/2320 2851/1987/2320 2852/1988/2320 2858/1989/2320
f 2858/1983/2321 2852/1982/2321 2850/1985/2321 2856/1984/2321
f 2854/1979/2322 2860/1990/2322 2861/1991/2322 2855/1980/2322
f 2855/1983/2323 2861/1992/2323 2859/1993/2323 2853/1984/2323
f 2863/1994/2324 2857/1986/2324 2858/1989/2324 2864/1995/2324
f 2864/1992/2325 2858/1983/2325 2856/1984/2325 2862/1993/2325
f 2860/1990/2326 2866/1996/2326 2867/1997/2326 2861/1991/2326
f 2861/1992/2327 2867/1998/2327 2865/1999/2327 2859/1993/2327
f 2869/2000/2328 2863/1994/2328 2864/1995/2328 2870/2001/2328
f 2870/1998/2329 2864/1992/2329 2862/1993/2329 2868/1999/2329
f 2866/1996/2330 2872/2002/2330 2873/2003/2330 2867/1997/2330
f 2867/1998/2331 2873/2004/2331 2871/2005/2331 2865/1999/2331
f 2875/2006/2332 2869/2000/2332 2870/2001/2332 2876/2007/2332
f 2876/2004/2333 2870/1998/2333 2868/1999/2333 2874/2005/2333
f 2872/2002/2334 2878/2008/2334 2879/2009/2334 2873/2003/2334
f 2873/2004/2335 2879/2010/2335 2877/2011/2335 2871/2005/2335
f 2881/2012/2336 2875/2006/2336 2876/2007/2336 2882/2013/2336
f 2882/2010/2337 2876/2004/2337 2874/2005/2337 2880/2011/2337
f 2878/2008/2338 2884/2014/2338 2885/2015/2338 2879/2009/2338
f 2879/2010/2339 2885/2016/2339 2883/2017/2339 2877/2011/2339
f 2887/2018/2340 2881/2012/2340 2882/2013/2340 2888/2019/2340
f 2888/2016/2341 2882/2010/2341 2880/2011/2341 2886/2017/2341
f 2884/2014/2342 2890/2020/2342 2891/2021/2342 2885/2015/2342
f 2885/2016/2343 2891/2022/2343 2889/2023/2343 2883/2017/2343
f 2893/2024/2344 2887/2018/2344 2888/2019/2344 2894/2025/2344
f 2894/2022/2345 2888/2016/2345 2886/2017/2345 2892/2023/2345
f 2890/2020/2346 2896/2026/2346 2897/2027/2346 2891/2021/2346
f 2891/2022/2347 2897/2028/2347 2895/2029/2347 2889/2023/2347
f 2899/2030/2348 2893/2024/2348 2894/2025/2348 2900/2031/2348
f 2900/2028/2349 2894/2022/2349 2892/2023/2349 2898/2029/2349
f 2896/2026/2350 2902/2032/2350 2903/2033/2350 2897/2027/2350
f 2897/2028/2351 2903/2034/2351 2901/2035/2351 2895/2029/2351
f 2905/2036/2352 2899/2030/2352 2900/2031/2352 2906/2037/2352
f 2906/2034/2353 2900/2028/2353 2898/2029/2353 2904/2035/2353
f 2902/2038/2354 2908/2039/2354 2909/2040/2354 2903/2041/2354
f 2903/2034/2355 2909/2042/2355 2907/2043/2355 2901/2035/2355
f 2911/2044/2356 2905/2045/2356 2906/2046/2356 2912/2047/2356
f 2912/2042/2357 2906/2034/2357 2904/2035/2357 2910/2043/2357
f 2908/2039/2358 2914/2048/2358 2915/2049/2358 2909/2040/2358
f 2909/2042/2359 2915/2050/2359 2913/2051/2359 2907/2043/2359
f 2917/2052/2360 2911/2044/2360 2912/2047/2360 2918/2053/2360
f 2918/2050/2361 2912/2042/2361 2910/2043/2361 2916/2051/2361
f 2914/2048/2362 2920/2054/2362 2921/2055/2362 2915/2049/2362
f 2915/2050/2363 2921/2056/2363 2919/2057/2363 2913/2051/2363
f 2923/2058/2364 2917/2052/2364 2918/2053/2364 2924/2059/2364
f 2924/2056/2365 2918/2050/2365 2916/2051/2365 2922/2057/2365
f 2920/2054/2366 2926/2060/2366 2927/2061/2366 2921/2055/2366
f 2921/2056/2367 2927/2062/2367 2925/2063/2367 2919/2057/2367
f 2929/2064/2368 2923/2058/2368 2924/2059/2368 2930/2065/2368
f 2930/2062/2369 2924/2056/2369 2922/2057/2369 2928/2063/2369
f 2926/2060/2370 2932/2066/2370 2933/2067/2370 2927/2061/2370
f 2927/2062/2371 2933/2068/2371 2931/2069/2371 2925/2063/2371
f 2935/2070/2372 2929/2064/2372 2930/2065/2372 2936/2071/2372
f 2936/2068/2373 2930/2062/2373 2928/2063/2373 2934/2069/2373
f 2932/2066/2374 2938/2072/2374 2939/2073/2374 2933/2067/2374
f 2933/2068/2375 2939/2074/2375 2937/2075/2375 2931/2069/2375
f 2941/2076/2376 2935/2070/2376 2936/2071/2376 2942/2077/2376
f 2942/2074/2377 2936/2068/2377 2934/2069/2377 2940/2075/2377
f 2938/2072/2378 2944/2078/2378 2945/2079/2378 2939/2073/2378
f 2939/2074/2379 2945/2080/2379 2943/2081/2379 2937/2075/2379
f 2947/2082/2380 2941/2076/2380 2942/2077/2380 2948/2083/2380
f 2948/2080/2381 2942/2074/2381 2940/2075/2381 2946/2081/2381
f 2944/2078/2382 2950/2084/2382 2951/2085/2382 2945/2079/2382
f 2945/2080/2383 2951/2086/2383 2949/2087/2383 2943/2081/2383
f 2953/2088/2384 2947/2082/2384 2948/2083/2384 2954/2089/2384
f 2954/2086/2385 2948/2080/2385 2946/2081/2385 2952/2087/2385
f 2950/2084/2386 2956/2090/2386 2957/2091/2386 2951/2085/2386
f 2951/2086/2387 2957/2092/2387 2955/2093/2387 2949/2087/2387
f 2959/2094/2388 2953/2088/2388 2954/2089/2388 2960/2095/2388
f 2960/2092/2389 2954/2086/2389 2952/2087/2389 2958/2093/2389
f 2956/2090/2390 2962/2096/2390 2963/2097/2390 2957/2091/2390
f 2957/2092/2391 2963/2098/2391 2961/2099/2391 2955/2093/2391
f 2965/2100/2392 2959/2094/2392 2960/2095/2392 2966/2101/2392
f 2966/2098/2393 2960/2092/2393 2958/2093/2393 2964/2099/2393
f 2962/2096/2394 2968/2102/2394 2969/2103/2394 2963/2097/2394
f 2963/2098/2395 2969/2104/2395 2967/2105/2395 2961/2099/2395
f 2971/2106/2396 2965/2100/2396 2966/2101/2396 2972/2107/2396
f 2972/2104/2397 2966/2098/2397 2964/2099/2397 2970/2105/2397
f 2968/2102/2398 2974/2108/2398 2975/2109/2398 2969/2103/2398
f 2969/2104/2399 2975/2110/2399 2973/2111/2399 2967/2105/2399
f 2977/2112/2400 2971/2106/2400 2972/2107/2400 2978/2113/2400
f 2978/2110/2401 2972/2104/2401 2970/2105/2401 2976/2111/2401
f 2974/2108/2402 2980/2114/2402 2981/2115/2402 2975/2109/2402
f 2975/2110/2403 2981/2116/2403 2979/2117/2403 2973/2111/2403
f 2983/2118/2404 2977/2112/2404 2978/2113/2404 2984/2119/2404
f 2984/2116/2405 2978/2110/2405 2976/2111/2405 2982/2117/2405
f 2980/2114/2406 2986/2120/2406 2987/2121/2406 2981/2115/2406
f 2981/2116/2407 2987/2122/2407 2985/2123/2407 2979/2117/2407
f 2989/2124/2408 2983/2118/2408 2984/2119/2408 2990/2125/2408
f 2990/2122/2409 2984/2116/2409 2982/2117/2409 2988/2123/2409
f 2986/2120/2410 2992/2126/2410 2993/2127/2410 2987/2121/2410
f 2987/2122/2411 2993/2128/2411 2991/2129/2411 2985/2123/2411
f 2995/2130/2412 2989/2124/2412 2990/2125/2412 2996/2131/2412
f 2996/2128/2413 2990/2122/2413 2988/2123/2413 2994/2129/2413
f 2992/2126/2414 2998/2132/2414 2999/2133/2414 2993/2127/2414
f 2993/2128/2415 2999/2134/2415 2997/2135/2415 2991/2129/2415
f 3001/2136/2416 2995/2130/2416 2996/2131/2416 3002/2137/2416
f 3002/2134/2417 2996/2128/2417 2994/2129/2417 3000/2135/2417
f 2998/2132/2418 3004/2138/2418 3005/2139/2418 2999/2133/2418
f 2999/2134/2419 3005/2140/2419 3003/2141/2419 2997/2135/2419
f 3007/2142/2420 3001/2136/2420 3002/2137/2420 3008/2143/2420
f 3008/2140/2421 3002/2134/2421 3000/2135/2421 3006/2141/2421
f 3004/2138/2422 3010/2144/2422 3011/2145/2422 3005/2139/2422
f 3005/2140/2423 3011/2146/2423 3009/2147/2423 3003/2141/2423
f 3013/2148/2424 3007/2142/2424 3008/2143/2424 3014/2149/2424
f 3014/2146/2425 3008/2140/2425 3006/2141/2425 3012/2147/2425
f 3010/2032/2426 3016/2026/2426 3017/2027/2426 3011/2033/2426
f 3011/2146/2427 3017/2150/2427 3015/2151/2427 3009/2147/2427
f 3019/2030/2428 3013/2036/2428 3014/2037/2428 3020/2031/2428
f 3020/2150/2429 3014/2146/2429 3012/2147/2429 3018/2151/2429
f 3016/2026/2430 3022/2020/2430 3023/2021/2430 3017/2027/2430
f 3017/2150/2431 3023/2152/2431 3021/2153/2431 3015/2151/2431
f 3025/2024/2432 3019/2030/2432 3020/2031/2432 3026/2025/2432
f 3026/2152/2433 3020/2150/2433 3018/2151/2433 3024/2153/2433
f 3022/2020/2434 3028/2014/2434 3029/2015/2434 3023/2021/2434
f 3023/2152/2435 3029/2154/2435 3027/2155/2435 3021/2153/2435
f 3031/2018/2436 3025/2024/2436 3026/2025/2436 3032/2019/2436
f 3032/2154/2437 3026/2152/2437 3024/2153/2437 3030/2155/2437
f 3028/2014/2438 3034/2008/2438 3035/2009/2438 3029/2015/2438
f 3029/2154/2439 3035/2156/2439 3033/2157/2439 3027/2155/2439
f 3037/2012/2440 3031/2018/2440 3032/2019/2440 3038/2013/2440
f 3038/2156/2441 3032/2154/2441 3030/2155/2441 3036/2157/2441
f 3034/2008/2442 3040/2002/2442 3041/2003/2442 3035/2009/2442
f 3035/2156/2443 3041/2158/2443 3039/2159/2443 3033/2157/2443
f 3043/2006/2444 3037/2012/2444 3038/2013/2444 3044/2007/2444
f 3044/2158/2445 3038/2156/2445 3036/2157/2445 3042/2159/2445
f 3040/2002/2446 3046/1996/2446 3047/1997/2446 3041/2003/2446
f 3041/2158/2447 3047/2160/2447 3045/2161/2447 3039/2159/2447
f 3049/2000/2448 3043/2006/2448 3044/2007/2448 3050/2001/2448
f 3050/2160/2449 3044/2158/2449 3042/2159/2449 3048/2161/2449
f 3046/1996/2450 3052/1990/2450 3053/1991/2450 3047/1997/2450
f 3047/2160/2451 3053/2162/2451 3051/2163/2451 3045/2161/2451
f 3055/1994/2452 3049/2000/2452 3050/2001/2452 3056/1995/2452
f 3056/2162/2453 3050/2160/2453 3048/2161/2453 3054/2163/2453
f 3052/1990/2454 3058/1979/2454 3059/1980/2454 3053/1991/2454
f 3053/2162/2455 3059/2164/2455 3057/2165/2455 3051/2163/2455
f 3061/1986/2456 3055/1994/2456 3056/1995/2456 3062/1989/2456
f 3062/2164/2457 3056/2162/2457 3054/2163/2457 3060/2165/2457
f 3058/1979/2458 3064/1973/2458 3065/1981/2458 3059/1980/2458
f 3059/2164/2459 3065/2166/2459 3063/2167/2459 3057/2165/2459
f 3067/1987/2460 3061/1986/2460 3062/1989/2460 3068/1988/2460
f 3068/2166/2461 3062/2164/2461 3060/2165/2461 3066/2167/2461
f 3064/1973/2462 3070/2168/2462 3071/2169/2462 3065/1981/2462
f 3065/2166/2463 3071/2170/2463 3069/2171/2463 3063/2167/2463
f 3073/2172/2464 3067/1987/2464 3068/1988/2464 3074/2173/2464
f 3074/2170/2465 3068/2166/2465 3066/2167/2465 3072/2171/2465
f 3070/2168/2466 3076/2174/2466 3077/2175/2466 3071/2169/2466
f 3071/2170/2467 3077/2176/2467 3075/2177/2467 3069/2171/2467
f 3079/2178/2468 3073/2172/2468 3074/2173/2468 3080/2179/2468
f 3080/2176/2469 3074/2170/2469 3072/2171/2469 3078/2177/2469
f 3076/2174/2470 3082/2180/2470 3083/2181/2470 3077/2175/2470
f 3077/2176/2471 3083/2182/2471 3081/2183/2471 3075/2177/2471
f 3085/2184/2472 3079/2178/2472 3080/2179/2472 3086/2185/2472
f 3086/2182/2473 3080/2176/2473 3078/2177/2473 3084/2183/2473
f 3082/2180/2474 3088/2186/2474 3089/2187/2474 3083/2181/2474
f 3083/2182/2475 3089/2188/2475 3087/2189/2475 3081/2183/2475
f 3091/2190/2476 3085/2184/2476 3086/2185/2476 3092/2191/2476
f 3092/2188/2477 3086/2182/2477 3084/2183/2477 3090/2189/2477
f 3088/2186/2478 3094/2192/2478 3095/2193/2478 3089/2187/2478
f 3089/2188/2479 3095/2194/2479 3093/2195/2479 3087/2189/2479
f 3097/2196/2480 3091/2190/2480 3092/2191/2480 3098/2197/2480
f 3098/2194/2481 3092/2188/2481 3090/2189/2481 3096/2195/2481
f 3094/2192/2482 3100/2198/2482 3101/2199/2482 3095/2193/2482
f 3095/2194/2483 3101/2200/2483 3099/2201/2483 3093/2195/2483
f 3103/2202/2484 3097/2196/2484 3098/2197/2484 3104/2203/2484
f 3104/2200/2485 3098/2194/2485 3096/2195/2485 3102/2201/2485
f 3100/2198/2486 3106/2204/2486 3107/2205/2486 3101/2199/2486
f 3101/2200/2487 3107/2206/2487 3105/2207/2487 3099/2201/2487
f 3109/2208/2488 3103/2202/2488 3104/2203/2488 3110/2209/2488
f 3110/2206/2489 3104/2200/2489 3102/2201/2489 3108/2207/2489
f 3106/2204/2490 3112/2210/2490 3113/2211/2490 3107/2205/2490
f 3107/2206/2491 3113/2212/2491 3111/2213/2491 3105/2207/2491
f 3115/2214/2492 3109/2208/2492 3110/2209/2492 3116/2215/2492
f 3116/2212/2493 3110/2206/2493 3108/2207/2493 3114/2213/2493
f 3112/2210/2494 3118/2216/2494 3119/2217/2494 3113/2211/2494
f 3113/2212/2495 3119/2218/2495 3117/2219/2495 3111/2213/2495
f 3121/2220/2496 3115/2214/2496 3116/2215/2496 3122/2221/2496
f 3122/2218/2497 3116/2212/2497 3114/2213/2497 3120/2219/2497
f 3118/2144/2498 3124/2138/2498 3125/2139/2498 3119/2145/2498
f 3119/2218/2499 3125/2222/2499 3123/2223/2499 3117/2219/2499
f 3127/2142/2500 3121/2148/2500 3122/2149/2500 3128/2143/2500
f 3128/2222/2501 3122/2218/2501 3120/2219/2501 3126/2223/2501
f 3124/2138/2502 3130/2132/2502 3131/2133/2502 3125/2139/2502
f 3125/2222/2503 3131/2224/2503 3129/2225/2503 3123/2223/2503
f 3133/2136/2504 3127/2142/2504 3128/2143/2504 3134/2137/2504
f 3134/2224/2505 3128/2222/2505 3126/2223/2505 3132/2225/2505
f 3130/2132/2506 3136/2126/2506 3137/2127/2506 3131/2133/2506
f 3131/2224/2507 3137/2226/2507 3135/2227/2507 3129/2225/2507
f 3139/2130/2508 3133/2136/2508 3134/2137/2508 3140/2131/2508
f 3140/2226/2509 3134/2224/2509 3132/2225/2509 3138/2227/2509
f 3136/2126/2510 3142/2120/2510 3143/2121/2510 3137/2127/2510
f 3137/2226/2511 3143/2228/2511 3141/2229/2511 3135/2227/2511
f 3145/2124/2512 3139/2130/2512 3140/2131/2512 3146/2125/2512
f 3146/2228/2513 3140/2226/2513 3138/2227/2513 3144/2229/2513
f 3142/2120/2514 3148/2114/2514 3149/2115/2514 3143/2121/2514
f 3143/2228/2515 3149/2230/2515 3147/2231/2515 3141/2229/2515
f 3151/2118/2516 3145/2124/2516 3146/2125/2516 3152/2119/2516
f 3152/2230/2517 3146/2228/2517 3144/2229/2517 3150/2231/2517
f 3148/2114/2518 3154/2108/2518 3155/2109/2518 3149/2115/2518
f 3149/2230/2519 3155/2232/2519 3153/2233/2519 3147/2231/2519
f 3157/2112/2520 3151/2118/2520 3152/2119/2520 3158/2113/2520
f 3158/2232/2521 3152/2230/2521 3150/2231/2521 3156/2233/2521
f 3154/2108/2522 3160/2102/2522 3161/2103/2522 3155/2109/2522
f 3155/2232/2523 3161/2234/2523 3159/2235/2523 3153/2233/2523
f 3163/2106/2524 3157/2112/2524 3158/2113/2524 3164/2107/2524
f 3164/2234/2525 3158/2232/2525 3156/2233/2525 3162/2235/2525
f 3160/2102/2526 3166/2096/2526 3167/2097/2526 3161/2103/2526
f 3161/2234/2527 3167/2236/2527 3165/2237/2527 3159/2235/2527
f 3169/2100/2528 3163/2106/2528 3164/2107/2528 3170/2101/2528
f 3170/2236/2529 3164/2234/2529 3162/2235/2529 3168/2237/2529
f 3166/2096/2530 3172/2090/2530 3173/2091/2530 3167/2097/2530
f 3167/2236/2531 3173/2238/2531 3171/2239/2531 3165/2237/2531
f 3175/2094/2532 3169/2100/2532 3170/2101/2532 3176/2095/2532
f 3176/2238/2533 3170/2236/2533 3168/2237/2533 3174/2239/2533
f 3172/2090/2534 3178/2084/2534 3179/2085/2534 3173/2091/2534
f 3173/2238/2535 3179/2240/2535 3177/2241/2535 3171/2239/2535
f 3181/2088/2536 3175/2094/2536 3176/2095/2536 3182/2089/2536
f 3182/2240/2537 3176/2238/2537 3174/2239/2537 3180/2241/2537
f 3178/2084/2538 3184/2078/2538 3185/2079/2538 3179/2085/2538
f 3179/2240/2539 3185/2242/2539 3183/2243/2539 3177/2241/2539
f 3187/2082/2540 3181/2088/2540 3182/2089/2540 3188/2083/2540
f 3188/2242/2541 3182/2240/2541 3180/2241/2541 3186/2243/2541
f 3184/2078/2542 3190/2072/2542 3191/2073/2542 3185/2079/2542
f 3185/2242/2543 3191/2244/2543 3189/2245/2543 3183/2243/2543
f 3193/2076/2544 3187/2082/2544 3188/2083/2544 3194/2077/2544
f 3194/2244/2545 3188/2242/2545 3186/2243/2545 3192/2245/2545
f 3190/2072/2546 3196/2066/2546 3197/2067/2546 3191/2073/2546
f 3191/2244/2547 3197/2246/2547 3195/2247/2547 3189/2245/2547
f 3199/2070/2548 3193/2076/2548 3194/2077/2548 3200/2071/2548
f 3200/2246/2549 3194/2244/2549 3192/2245/2549 3198/2247/2549
f 3196/2066/2550 3202/2060/2550 3203/2061/2550 3197/2067/2550
f 3197/2246/2551 3203/2248/2551 3201/2249/2551 3195/2247/2551
f 3205/2064/2552 3199/2070/2552 3200/2071/2552 3206/2065/2552
f 3206/2248/2553 3200/2246/2553 3198/2247/2553 3204/2249/2553
f 3202/2060/2554 3208/2054/2554 3209/2055/2554 3203/2061/2554
f 3203/2248/2555 3209/2250/2555 3207/2251/2555 3201/2249/2555
f 3211/2058/2556 3205/2064/2556 3206/2065/2556 3212/2059/2556
f 3212/2250/2557 3206/2248/2557 3204/2249/2557 3210/2251/2557
f 3208/2054/2558 3214/2048/2558 3215/2049/2558 3209/2055/2558
f 3209/2250/2559 3215/2252/2559 3213/2253/2559 3207/2251/2559
f 3217/2052/2560 3211/2058/2560 3212/2059/2560 3218/2053/2560
f 3218/2252/2561 3212/2250/2561 3210/2251/2561 3216/2253/2561
f 3214/2048/2562 3220/2039/2562 3221/2040/2562 3215/2049/2562
f 3215/2252/2563 3221/2254/2563 3219/2255/2563 3213/2253/2563
f 3223/2044/2564 3217/2052/2564 3218/2053/2564 3224/2047/2564
f 3224/2254/2565 3218/2252/2565 3216/2253/2565 3222/2255/2565
f 3220/2039/2566 3226/2038/2566 3227/2041/2566 3221/2040/2566
f 3221/2254/2567 3227/2256/2567 3225/2257/2567 3219/2255/2567
f 3229/2045/2568 3223/2044/2568 3224/2047/2568 3230/2046/2568
f 3230/2256/2569 3224/2254/2569 3222/2255/2569 3228/2257/2569
f 3226/2216/2570 3232/2210/2570 3233/2211/2570 3227/2217/2570
f 3227/2256/2571 3233/2258/2571 3231/2259/2571 3225/2257/2571
f 3235/2214/2572 3229/2220/2572 3230/2221/2572 3236/2215/2572
f 3236/2258/2573 3230/2256/2573 3228/2257/2573 3234/2259/2573
f 3232/2210/2574 3238/2204/2574 3239/2205/2574 3233/2211/2574
f 3233/2258/2575 3239/2260/2575 3237/2261/2575 3231/2259/2575
f 3241/2208/2576 3235/2214/2576 3236/2215/2576 3242/2209/2576
f 3242/2260/2577 3236/2258/2577 3234/2259/2577 3240/2261/2577
f 3238/2204/2578 3244/2198/2578 3245/2199/2578 3239/2205/2578
f 3239/2260/2579 3245/2262/2579 3243/2263/2579 3237/2261/2579
f 3247/2202/2580 3241/2208/2580 3242/2209/2580 3248/2203/2580
f 3248/2262/2581 3242/2260/2581 3240/2261/2581 3246/2263/2581
f 3244/2198/2582 3250/2192/2582 3251/2193/2582 3245/2199/2582
f 3245/2262/2583 3251/2264/2583 3249/2265/2583 3243/2263/2583
f 3253/2196/2584 3247/2202/2584 3248/2203/2584 3254/2197/2584
f 3254/2264/2585 3248/2262/2585 3246/2263/2585 3252/2265/2585
f 3250/2192/2586 3256/2186/2586 3257/2187/2586 3251/2193/2586
f 3251/2264/2587 3257/2266/2587 3255/2267/2587 3249/2265/2587
f 3259/2190/2588 3253/2196/2588 3254/2197/2588 3260/2191/2588
f 3260/2266/2589 3254/2264/2589 3252/2265/2589 3258/2267/2589
f 3256/2186/2590 3262/2180/2590 3263/2181/2590 3257/2187/2590
f 3257/2266/2591 3263/2268/2591 3261/2269/2591 3255/2267/2591
f 3265/2184/2592 3259/2190/2592 3260/2191/2592 3266/2185/2592
f 3266/2268/2593 3260/2266/2593 3258/2267/2593 3264/2269/2593
f 3262/2180/2594 3268/2174/2594 3269/2175/2594 3263/2181/2594
f 3263/2268/2595 3269/2270/2595 3267/2271/2595 3261/2269/2595
f 3271/2178/2596 3265/2184/2596 3266/2185/2596 3272/2179/2596
f 3272/2270/2597 3266/2268/2597 3264/2269/2597 3270/2271/2597
f 3268/2174/2598 3274/2168/2598 3275/2169/2598 3269/2175/2598
f 3269/2270/2599 3275/2272/2599 3273/2273/2599 3267/2271/2599
f 3277/2172/2600 3271/2178/2600 3272/2179/2600 3278/2173/2600
f 3278/2272/2601 3272/2270/2601 3270/2271/2601 3276/2273/2601
f 3274/2168/2602 2848/1973/2602 2849/1981/2602 3275/2169/2602
f 3275/2272/2603 2849/1982/2603 2847/1985/2603 3273/2273/2603
f 2851/1987/2604 3277/2172/2604 3278/2173/2604 2852/1988/2604
f 2852/1982/2605 3278/2272/2605 3276/2273/2605 2850/1985/2605
f 2847/1985/2311 2853/1984/2311 2859/1993/2311 2865/1999/2311 2871/2005/2311 2877/2011/2311 2883/2017/2311 2889/2023/2311 2895/2029/2311 2901/2035/2311 2907/2043/2311 2913/2051/2311 2919/2057/2311 2925/2063/2311 2931/2069/2311 2937/2075/2311 2943/2081/2311 2949/2087/2311 2955/2093/2311 2961/2099/2311 2967/2105/2311 2973/2111/2311 2979/2117/2311 2985/2123/2311 2991/2129/2311 2997/2135/2311 3003/2141/2311 3009/2147/2311 3015/2151/2311 3021/2153/2311 3027/2155/2311 3033/2157/2311 3039/2159/2311 3045/2161/2311 3051/2163/2311 3057/2165/2311 3063/2167/2311 3069/2171/2311 3075/2177/2311 3081/2183/2311 3087/2189/2311 3093/2195/2311 3099/2201/2311 3105/2207/2311 3111/2213/2311 3117/2219/2311 3123/2223/2311 3129/2225/2311 3135/2227/2311 3141/2229/2311 3147/2231/2311 3153/2233/2311 3159/2235/2311 3165/2237/2311 3171/2239/2311 3177/2241/2311 3183/2243/2311 3189/2245/2311 3195/2247/2311 3201/2249/2311 3207/2251/2311 3213/2253/2311 3219/2255/2311 3225/2257/2311 3231/2259/2311 3237/2261/2311 3243/2263/2311 3249/2265/2311 3255/2267/2311 3261/2269/2311 3267/2271/2311 3273/2273/2311
f 2848/1973/2606 2851/1987/2606 2857/1986/2606 2854/1979/2606
f 3274/2168/2607 3277/2172/2607 2851/1987/2607 2848/1973/2607
f 2856/1984/2207 2850/1985/2207 3276/2273/2207 3270/2271/2207 3264/2269/2207 3258/2267/2207 3252/2265/2207 3246/2263/2207 3240/2261/2207 3234/2259/2207 3228/2257/2207 3222/2255/2207 3216/2253/2207 3210/2251/2207 3204/2249/2207 3198/2247/2207 3192/2245/2207 3186/2243/2207 3180/2241/2207 3174/2239/2207 3168/2237/2207 3162/2235/2207 3156/2233/2207 3150/2231/2207 3144/2229/2207 3138/2227/2207 3132/2225/2207 3126/2223/2207 3120/2219/2207 3114/2213/2207 3108/2207/2207 3102/2201/2207 3096/2195/2207 3090/2189/2207 3084/2183/2207 3078/2177/2207 3072/2171/2207 3066/2167/2207 3060/2165/2207 3054/2163/2207 3048/2161/2207 3042/2159/2207 3036/2157/2207 3030/2155/2207 3024/2153/2207 3018/2151/2207 3012/2147/2207 3006/2141/2207 3000/2135/2207 2994/2129/2207 2988/2123/2207 2982/2117/2207 2976/2111/2207 2970/2105/2207 2964/2099/2207 2958/2093/2207 2952/2087/2207 2946/2081/2207 2940/2075/2207 2934/2069/2207 2928/2063/2207 2922/2057/2207 2916/2051/2207 2910/2043/2207 2904/2035/2207 2898/2029/2207 2892/2023/2207 2886/2017/2207 2880/2011/2207 2874/2005/2207 2868/1999/2207 2862/1993/2207
f 2854/1979/2608 2857/1986/2608 2863/1994/2608 2860/1990/2608
f 2860/1990/2609 2863/1994/2609 2869/2000/2609 2866/1996/2609
f 2866/1996/2610 2869/2000/2610 2875/2006/2610 2872/2002/2610
f 2872/2002/2264 2875/2006/2264 2881/2012/2264 2878/2008/2264
f 2878/2008/2611 2881/2012/2611 2887/2018/2611 2884/2014/2611
f 2884/2014/2612 2887/2018/2612 2893/2024/2612 2890/2020/2612
f 2890/2020/2613 2893/2024/2613 2899/2030/2613 2896/2026/2613
f 2896/2026/2614 2899/2030/2614 2905/2036/2614 2902/2032/2614
f 2902/2038/2615 2905/2045/2615 2911/2044/2615 2908/2039/2615
f 2908/2039/2616 2911/2044/2616 2917/2052/2616 2914/2048/2616
f 2914/2048/2617 2917/2052/2617 2923/2058/2617 2920/2054/2617
f 2920/2054/2618 2923/2058/2618 2929/2064/2618 2926/2060/2618
f 2926/2060/2280 2929/2064/2280 2935/2070/2280 2932/2066/2280
f 2932/2066/2619 2935/2070/2619 2941/2076/2619 2938/2072/2619
f 2938/2072/2620 2941/2076/2620 2947/2082/2620 2944/2078/2620
f 2944/2078/2621 2947/2082/2621 2953/2088/2621 2950/2084/2621
f 2950/2084/2622 2953/2088/2622 2959/2094/2622 2956/2090/2622
f 2956/2090/2623 2959/2094/2623 2965/2100/2623 2962/2096/2623
f 2962/2096/2624 2965/2100/2624 2971/2106/2624 2968/2102/2624
f 2968/2102/2625 2971/2106/2625 2977/2112/2625 2974/2108/2625
f 2974/2108/2626 2977/2112/2626 2983/2118/2626 2980/2114/2626
f 2980/2114/2294 2983/2118/2294 2989/2124/2294 2986/2120/2294
f 2986/2120/2627 2989/2124/2627 2995/2130/2627 2992/2126/2627
f 2992/2126/2628 2995/2130/2628 3001/2136/2628 2998/2132/2628
f 2998/2132/2629 3001/2136/2629 3007/2142/2629 3004/2138/2629
f 3004/2138/2630 3007/2142/2630 3013/2148/2630 3010/2144/2630
f 3010/2032/2631 3013/2036/2631 3019/2030/2631 3016/2026/2631
f 3016/2026/2632 3019/2030/2632 3025/2024/2632 3022/2020/2632
f 3022/2020/2633 3025/2024/2633 3031/2018/2633 3028/2014/2633
f 3028/2014/2634 3031/2018/2634 3037/2012/2634 3034/2008/2634
f 3034/2008/2306 3037/2012/2306 3043/2006/2306 3040/2002/2306
f 3040/2002/2635 3043/2006/2635 3049/2000/2635 3046/1996/2635
f 3046/1996/2636 3049/2000/2636 3055/1994/2636 3052/1990/2636
f 3052/1990/2637 3055/1994/2637 3061/1986/2637 3058/1979/2637
f 3058/1979/2638 3061/1986/2638 3067/1987/2638 3064/1973/2638
f 3064/1973/2639 3067/1987/2639 3073/2172/2639 3070/2168/2639
f 3070/2168/2640 3073/2172/2640 3079/2178/2640 3076/2174/2640
f 3076/2174/2641 3079/2178/2641 3085/2184/2641 3082/2180/2641
f 3082/2180/2642 3085/2184/2642 3091/2190/2642 3088/2186/2642
f 3088/2186/2212 3091/2190/2212 3097/2196/2212 3094/2192/2212
f 3094/2192/2643 3097/2196/2643 3103/2202/2643 3100/2198/2643
f 3100/2198/2644 3103/2202/2644 3109/2208/2644 3106/2204/2644
f 3106/2204/2645 3109/2208/2645 3115/2214/2645 3112/2210/2645
f 3112/2210/2646 3115/2214/2646 3121/2220/2646 3118/2216/2646
f 3118/2144/2647 3121/2148/2647 3127/2142/2647 3124/2138/2647
f 3124/2138/2648 3127/2142/2648 3133/2136/2648 3130/2132/2648
f 3130/2132/2649 3133/2136/2649 3139/2130/2649 3136/2126/2649
f 3136/2126/2650 3139/2130/2650 3145/2124/2650 3142/2120/2650
f 3142/2120/2223 3145/2124/2223 3151/2118/2223 3148/2114/2223
f 3148/2114/2651 3151/2118/2651 3157/2112/2651 3154/2108/2651
f 3154/2108/2652 3157/2112/2652 3163/2106/2652 3160/2102/2652
f 3160/2102/2653 3163/2106/2653 3169/2100/2653 3166/2096/2653
f 3166/2096/2654 3169/2100/2654 3175/2094/2654 3172/2090/2654
f 3172/2090/2655 3175/2094/2655 3181/2088/2655 3178/2084/2655
f 3178/2084/2656 3181/2088/2656 3187/2082/2656 3184/2078/2656
f 3184/2078/2657 3187/2082/2657 3193/2076/2657 3190/2072/2657
f 3190/2072/2658 3193/2076/2658 3199/2070/2658 3196/2066/2658
f 3196/2066/2237 3199/2070/2237 3205/2064/2237 3202/2060/2237
f 3202/2060/2659 3205/2064/2659 3211/2058/2659 3208/2054/2659
f 3208/2054/2660 3211/2058/2660 3217/2052/2660 3214/2048/2660
f 3214/2048/2661 3217/2052/2661 3223/2044/2661 3220/2039/2661
f 3220/2039/2662 3223/2044/2662 3229/2045/2662 3226/2038/2662
f 3226/2216/2663 3229/2220/2663 3235/2214/2663 3232/2210/2663
f 3232/2210/2664 3235/2214/2664 3241/2208/2664 3238/2204/2664
f 3238/2204/2665 3241/2208/2665 3247/2202/2665 3244/2198/2665
f 3244/2198/2666 3247/2202/2666 3253/2196/2666 3250/2192/2666
f 3250/2192/2253 3253/2196/2253 3259/2190/2253 3256/2186/2253
f 3256/2186/2667 3259/2190/2667 3265/2184/2667 3262/2180/2667
f 3262/2180/2668 3265/2184/2668 3271/2178/2668 3268/2174/2668
f 3268/2174/2669 3271/2178/2669 3277/2172/2669 3274/2168/2669
