# Blender 5.1.2
# www.blender.org
o BartenderTool.001
v 0.418750 -0.082502 -1.966250 0.1517 0.1517 0.1517
v 0.000000 0.045000 -0.820000 0.1517 0.1517 0.1517
v 0.418223 -0.085000 -1.963801 0.1517 0.1517 0.1517
v 0.418679 -0.083751 -1.965922 0.1517 0.1517 0.1517
v 0.080374 0.045000 -0.816051 0.1517 0.1517 0.1517
v 0.418487 -0.084665 -1.965025 0.1517 0.1517 0.1517
v 0.159974 0.045000 -0.804244 0.1517 0.1517 0.1517
v 0.631250 -0.082502 -1.903750 0.1517 0.1517 0.1517
v 0.630454 -0.085000 -1.901380 0.1517 0.1517 0.1517
v 0.238033 0.045000 -0.784691 0.1517 0.1517 0.1517
v 0.631143 -0.083751 -1.903433 0.1517 0.1517 0.1517
v 0.630852 -0.084665 -1.902565 0.1517 0.1517 0.1517
v 0.796250 -0.082502 -1.841250 0.1517 0.1517 0.1517
v 0.313800 0.045000 -0.757581 0.1517 0.1517 0.1517
v 0.795217 -0.085000 -1.838970 0.1517 0.1517 0.1517
v 0.386545 0.045000 -0.723175 0.1517 0.1517 0.1517
v 0.796112 -0.083751 -1.840945 0.1517 0.1517 0.1517
v 0.795734 -0.084665 -1.840110 0.1517 0.1517 0.1517
v 0.455568 0.045000 -0.681805 0.1517 0.1517 0.1517
v 0.913750 -0.082502 -1.778750 0.1517 0.1517 0.1517
v 0.912311 -0.085000 -1.776686 0.1517 0.1517 0.1517
v 0.913557 -0.083751 -1.778473 0.1517 0.1517 0.1517
v 0.520203 0.045000 -0.633869 0.1517 0.1517 0.1517
v 0.913031 -0.084665 -1.777718 0.1517 0.1517 0.1517
v 0.983750 -0.082502 -1.716250 0.1517 0.1517 0.1517
v 0.579828 0.045000 -0.579828 0.1517 0.1517 0.1517
v 0.982310 -0.085000 -1.714187 0.1517 0.1517 0.1517
v 0.983557 -0.083751 -1.715974 0.1517 0.1517 0.1517
v 0.633869 0.045000 -0.520203 0.1517 0.1517 0.1517
v 0.983030 -0.084665 -1.715219 0.1517 0.1517 0.1517
v 1.006250 -0.082502 -1.653750 0.1517 0.1517 0.1517
v 0.681805 0.045000 -0.455568 0.1517 0.1517 0.1517
v 1.002036 -0.085000 -1.659444 0.1517 0.1517 0.1517
v 1.005685 -0.083751 -1.654513 0.1517 0.1517 0.1517
v 0.723175 0.045000 -0.386545 0.1517 0.1517 0.1517
v 1.004143 -0.084665 -1.656598 0.1517 0.1517 0.1517
v 1.020625 -0.082502 -1.591250 0.1517 0.1517 0.1517
v 0.757581 0.045000 -0.313800 0.1517 0.1517 0.1517
v 1.019406 -0.085000 -1.583979 0.1517 0.1517 0.1517
v 1.020462 -0.083751 -1.590276 0.1517 0.1517 0.1517
v 0.784691 0.045000 -0.238033 0.1517 0.1517 0.1517
v 1.020016 -0.084665 -1.587615 0.1517 0.1517 0.1517
v 1.026875 -0.082502 -1.528750 0.1517 0.1517 0.1517
v 0.804244 0.045000 -0.159974 0.1517 0.1517 0.1517
v 1.024650 -0.085000 -1.531765 0.1517 0.1517 0.1517
v 1.026577 -0.083751 -1.529154 0.1517 0.1517 0.1517
v 0.816051 0.045000 -0.080374 0.1517 0.1517 0.1517
v 1.025763 -0.084665 -1.530257 0.1517 0.1517 0.1517
v 0.820000 0.045000 0.000000 0.1517 0.1517 0.1517
v 1.025000 -0.082502 -1.466250 0.1517 0.1517 0.1517
v 1.022836 -0.085000 -1.469797 0.1517 0.1517 0.1517
v 0.816051 0.045000 0.080374 0.1517 0.1517 0.1517
v 1.024710 -0.083751 -1.466725 0.1517 0.1517 0.1517
v 1.023918 -0.084665 -1.468024 0.1517 0.1517 0.1517
v 1.015000 -0.082502 -1.403750 0.1517 0.1517 0.1517
v 0.804244 0.045000 0.159974 0.1517 0.1517 0.1517
v 1.012960 -0.085000 -1.407830 0.1517 0.1517 0.1517
v 0.784691 0.045000 0.238033 0.1517 0.1517 0.1517
v 1.014727 -0.083751 -1.404297 0.1517 0.1517 0.1517
v 1.013980 -0.084665 -1.405790 0.1517 0.1517 0.1517
v 0.757581 0.045000 0.313800 0.1517 0.1517 0.1517
v 1.001250 -0.082502 -1.341250 0.1517 0.1517 0.1517
v 0.996515 -0.085000 -1.333014 0.1517 0.1517 0.1517
v 0.723175 0.045000 0.386545 0.1517 0.1517 0.1517
v 1.000616 -0.083751 -1.340147 0.1517 0.1517 0.1517
v 0.998883 -0.084665 -1.337132 0.1517 0.1517 0.1517
v 0.983750 -0.082502 -1.278750 0.1517 0.1517 0.1517
v 0.681805 0.045000 0.455568 0.1517 0.1517 0.1517
v 0.982131 -0.085000 -1.281620 0.1517 0.1517 0.1517
v 0.983533 -0.083751 -1.279134 0.1517 0.1517 0.1517
v 0.633869 0.045000 0.520203 0.1517 0.1517 0.1517
v 0.982941 -0.084665 -1.280185 0.1517 0.1517 0.1517
v 0.579828 0.045000 0.579828 0.1517 0.1517 0.1517
v 0.962500 -0.082502 -1.216250 0.1517 0.1517 0.1517
v 0.960988 -0.085000 -1.219389 0.1517 0.1517 0.1517
v 0.962297 -0.083751 -1.216671 0.1517 0.1517 0.1517
v 0.520203 0.045000 0.633869 0.1517 0.1517 0.1517
v 0.961744 -0.084665 -1.217819 0.1517 0.1517 0.1517
v 0.937500 -0.082502 -1.153750 0.1517 0.1517 0.1517
v 0.455568 0.045000 0.681805 0.1517 0.1517 0.1517
v 0.936109 -0.085000 -1.157157 0.1517 0.1517 0.1517
v 0.386545 0.045000 0.723175 0.1517 0.1517 0.1517
v 0.937314 -0.083751 -1.154207 0.1517 0.1517 0.1517
v 0.936804 -0.084665 -1.155454 0.1517 0.1517 0.1517
v 0.910625 -0.082502 -1.091250 0.1517 0.1517 0.1517
v 0.313800 0.045000 0.757581 0.1517 0.1517 0.1517
v 0.908232 -0.085000 -1.092315 0.1517 0.1517 0.1517
v 0.238033 0.045000 0.784691 0.1517 0.1517 0.1517
v 0.910304 -0.083751 -1.091393 0.1517 0.1517 0.1517
v 0.909428 -0.084665 -1.091782 0.1517 0.1517 0.1517
v 0.159974 0.045000 0.804244 0.1517 0.1517 0.1517
v 0.881875 -0.082502 -1.028750 0.1517 0.1517 0.1517
v 0.880465 -0.085000 -1.031604 0.1517 0.1517 0.1517
v 0.080374 0.045000 0.816051 0.1517 0.1517 0.1517
v 0.881686 -0.083751 -1.029132 0.1517 0.1517 0.1517
v 0.881170 -0.084665 -1.030177 0.1517 0.1517 0.1517
v 0.000000 0.045000 0.820000 0.1517 0.1517 0.1517
v 0.851250 -0.082502 -0.966250 0.1517 0.1517 0.1517
v 0.849000 -0.085000 -0.967386 0.1517 0.1517 0.1517
v -0.080374 0.045000 0.816051 0.1517 0.1517 0.1517
v 0.850948 -0.083751 -0.966402 0.1517 0.1517 0.1517
v 0.850125 -0.084665 -0.966818 0.1517 0.1517 0.1517
v -0.159974 0.045000 0.804244 0.1517 0.1517 0.1517
v 0.818750 -0.082502 -0.903750 0.1517 0.1517 0.1517
v 0.816456 -0.085000 -0.904754 0.1517 0.1517 0.1517
v -0.238033 0.045000 0.784691 0.1517 0.1517 0.1517
v 0.818443 -0.083751 -0.903885 0.1517 0.1517 0.1517
v 0.817603 -0.084665 -0.904252 0.1517 0.1517 0.1517
v 0.796250 -0.082502 -0.841250 0.1517 0.1517 0.1517
v -0.313800 0.045000 0.757581 0.1517 0.1517 0.1517
v 0.793837 -0.085000 -0.841922 0.1517 0.1517 0.1517
v 0.795927 -0.083751 -0.841340 0.1517 0.1517 0.1517
v -0.386545 0.045000 0.723175 0.1517 0.1517 0.1517
v 0.795043 -0.084665 -0.841586 0.1517 0.1517 0.1517
v 0.783750 -0.082502 -0.778750 0.1517 0.1517 0.1517
v -0.455568 0.045000 0.681805 0.1517 0.1517 0.1517
v 0.781262 -0.085000 -0.779047 0.1517 0.1517 0.1517
v -0.520203 0.045000 0.633869 0.1517 0.1517 0.1517
v 0.783417 -0.083751 -0.778790 0.1517 0.1517 0.1517
v 0.782506 -0.084665 -0.778898 0.1517 0.1517 0.1517
v -0.579828 0.045000 0.579828 0.1517 0.1517 0.1517
v 0.781250 -0.082502 -0.716250 0.1517 0.1517 0.1517
v 0.778746 -0.085000 -0.716150 0.1517 0.1517 0.1517
v -0.633869 0.045000 0.520203 0.1517 0.1517 0.1517
v 0.780915 -0.083751 -0.716237 0.1517 0.1517 0.1517
v 0.779998 -0.084665 -0.716200 0.1517 0.1517 0.1517
v -0.681805 0.045000 0.455568 0.1517 0.1517 0.1517
v 0.788750 -0.082502 -0.653750 0.1517 0.1517 0.1517
v 0.786284 -0.085000 -0.653332 0.1517 0.1517 0.1517
v -0.723175 0.045000 0.386545 0.1517 0.1517 0.1517
v 0.788420 -0.083751 -0.653694 0.1517 0.1517 0.1517
v 0.787517 -0.084665 -0.653541 0.1517 0.1517 0.1517
v 0.802500 -0.082502 -0.591250 0.1517 0.1517 0.1517
v -0.757581 0.045000 0.313800 0.1517 0.1517 0.1517
v 0.800085 -0.085000 -0.590600 0.1517 0.1517 0.1517
v 0.802176 -0.083751 -0.591163 0.1517 0.1517 0.1517
v -0.784691 0.045000 0.238033 0.1517 0.1517 0.1517
v 0.801293 -0.084665 -0.590925 0.1517 0.1517 0.1517
v 0.822500 -0.082502 -0.528750 0.1517 0.1517 0.1517
v -0.804244 0.045000 0.159974 0.1517 0.1517 0.1517
v 0.820154 -0.085000 -0.527884 0.1517 0.1517 0.1517
v 0.822186 -0.083751 -0.528634 0.1517 0.1517 0.1517
v -0.816051 0.045000 0.080374 0.1517 0.1517 0.1517
v 0.821327 -0.084665 -0.528317 0.1517 0.1517 0.1517
v -0.820000 0.045000 0.000000 0.1517 0.1517 0.1517
v 0.848750 -0.082502 -0.466250 0.1517 0.1517 0.1517
v 0.846487 -0.085000 -0.465188 0.1517 0.1517 0.1517
v -0.816051 0.045000 -0.080374 0.1517 0.1517 0.1517
v 0.848447 -0.083751 -0.466108 0.1517 0.1517 0.1517
v 0.847618 -0.084665 -0.465719 0.1517 0.1517 0.1517
v -0.804244 0.045000 -0.159974 0.1517 0.1517 0.1517
v 0.881250 -0.082502 -0.403750 0.1517 0.1517 0.1517
v 0.879246 -0.085000 -0.402189 0.1517 0.1517 0.1517
v -0.784691 0.045000 -0.238033 0.1517 0.1517 0.1517
v 0.880982 -0.083751 -0.403541 0.1517 0.1517 0.1517
v 0.880248 -0.084665 -0.402969 0.1517 0.1517 0.1517
v -0.757581 0.045000 -0.313800 0.1517 0.1517 0.1517
v 0.909375 -0.082502 -0.341250 0.1517 0.1517 0.1517
v 0.906670 -0.085000 -0.341250 0.1517 0.1517 0.1517
v 0.909013 -0.083751 -0.341250 0.1517 0.1517 0.1517
v -0.723175 0.045000 -0.386545 0.1517 0.1517 0.1517
v 0.908022 -0.084665 -0.341250 0.1517 0.1517 0.1517
v 0.933125 -0.082502 -0.278750 0.1517 0.1517 0.1517
v -0.681805 0.045000 -0.455568 0.1517 0.1517 0.1517
v 0.931041 -0.085000 -0.277120 0.1517 0.1517 0.1517
v -0.633869 0.045000 -0.520203 0.1517 0.1517 0.1517
v 0.932846 -0.083751 -0.278532 0.1517 0.1517 0.1517
v 0.932083 -0.084665 -0.277935 0.1517 0.1517 0.1517
v -0.579828 0.045000 -0.579828 0.1517 0.1517 0.1517
v 0.952500 -0.082502 -0.216250 0.1517 0.1517 0.1517
v 0.949885 -0.085000 -0.216337 0.1517 0.1517 0.1517
v 0.952150 -0.083751 -0.216262 0.1517 0.1517 0.1517
v -0.520203 0.045000 -0.633869 0.1517 0.1517 0.1517
v 0.951192 -0.084665 -0.216293 0.1517 0.1517 0.1517
v 0.967500 -0.082502 -0.153750 0.1517 0.1517 0.1517
v -0.455568 0.045000 -0.681805 0.1517 0.1517 0.1517
v 0.964477 -0.085000 -0.155539 0.1517 0.1517 0.1517
v 0.967095 -0.083751 -0.153990 0.1517 0.1517 0.1517
v -0.386545 0.045000 -0.723175 0.1517 0.1517 0.1517
v 0.965989 -0.084665 -0.154644 0.1517 0.1517 0.1517
v 0.979375 -0.082502 -0.091250 0.1517 0.1517 0.1517
v -0.313800 0.045000 -0.757581 0.1517 0.1517 0.1517
v 0.977941 -0.085000 -0.084648 0.1517 0.1517 0.1517
v -0.238033 0.045000 -0.784691 0.1517 0.1517 0.1517
v 0.979183 -0.083751 -0.090366 0.1517 0.1517 0.1517
v 0.978658 -0.084665 -0.087949 0.1517 0.1517 0.1517
v 0.988125 -0.082502 -0.028750 0.1517 0.1517 0.1517
v -0.159974 0.045000 -0.804244 0.1517 0.1517 0.1517
v 0.985359 -0.085000 -0.031614 0.1517 0.1517 0.1517
v 0.987755 -0.083751 -0.029134 0.1517 0.1517 0.1517
v -0.080374 0.045000 -0.816051 0.1517 0.1517 0.1517
v 0.986742 -0.084665 -0.030182 0.1517 0.1517 0.1517
v 0.993750 -0.082502 0.033750 0.1517 0.1517 0.1517
v 0.991256 -0.085000 0.033912 0.1517 0.1517 0.1517
v 0.993416 -0.083751 0.033772 0.1517 0.1517 0.1517
v 0.992503 -0.084665 0.033831 0.1517 0.1517 0.1517
v 0.996250 -0.082502 0.096250 0.1517 0.1517 0.1517
v 0.993750 -0.085000 0.096250 0.1517 0.1517 0.1517
v 0.995915 -0.083751 0.096250 0.1517 0.1517 0.1517
v 0.995000 -0.084665 0.096250 0.1517 0.1517 0.1517
v 0.993750 -0.082502 0.158750 0.1517 0.1517 0.1517
v 0.991258 -0.085000 0.158551 0.1517 0.1517 0.1517
v 0.993416 -0.083751 0.158723 0.1517 0.1517 0.1517
v 0.992504 -0.084665 0.158650 0.1517 0.1517 0.1517
v 0.986250 -0.082502 0.221250 0.1517 0.1517 0.1517
v 0.983781 -0.085000 0.220855 0.1517 0.1517 0.1517
v 0.985919 -0.083751 0.221197 0.1517 0.1517 0.1517
v 0.985016 -0.084665 0.221053 0.1517 0.1517 0.1517
v 0.973750 -0.082502 0.283750 0.1517 0.1517 0.1517
v 0.971319 -0.085000 0.283168 0.1517 0.1517 0.1517
v 0.973424 -0.083751 0.283672 0.1517 0.1517 0.1517
v 0.972534 -0.084665 0.283459 0.1517 0.1517 0.1517
v 0.956250 -0.082502 0.346250 0.1517 0.1517 0.1517
v 0.953872 -0.085000 0.345479 0.1517 0.1517 0.1517
v 0.955931 -0.083751 0.346147 0.1517 0.1517 0.1517
v 0.955061 -0.084665 0.345864 0.1517 0.1517 0.1517
v 0.933125 -0.082502 0.408750 0.1517 0.1517 0.1517
v 0.929220 -0.085000 0.412105 0.1517 0.1517 0.1517
v 0.932602 -0.083751 0.409199 0.1517 0.1517 0.1517
v 0.931173 -0.084665 0.410427 0.1517 0.1517 0.1517
v 0.904375 -0.082502 0.471250 0.1517 0.1517 0.1517
v 0.906249 -0.085000 0.462075 0.1517 0.1517 0.1517
v 0.904626 -0.083751 0.470021 0.1517 0.1517 0.1517
v 0.905312 -0.084665 0.466663 0.1517 0.1517 0.1517
v 0.870000 -0.082502 0.533750 0.1517 0.1517 0.1517
v 0.865657 -0.085000 0.535902 0.1517 0.1517 0.1517
v 0.869418 -0.083751 0.534038 0.1517 0.1517 0.1517
v 0.867828 -0.084665 0.534826 0.1517 0.1517 0.1517
v 0.830000 -0.082502 0.596250 0.1517 0.1517 0.1517
v 0.828364 -0.085000 0.594172 0.1517 0.1517 0.1517
v 0.829781 -0.083751 0.595972 0.1517 0.1517 0.1517
v 0.829182 -0.084665 0.595211 0.1517 0.1517 0.1517
v 0.786250 -0.082502 0.658750 0.1517 0.1517 0.1517
v 0.783158 -0.085000 0.658750 0.1517 0.1517 0.1517
v 0.785836 -0.083751 0.658750 0.1517 0.1517 0.1517
v 0.784704 -0.084665 0.658750 0.1517 0.1517 0.1517
v 0.738750 -0.082502 0.721250 0.1517 0.1517 0.1517
v 0.737386 -0.085000 0.718974 0.1517 0.1517 0.1517
v 0.738567 -0.083751 0.720945 0.1517 0.1517 0.1517
v 0.738068 -0.084665 0.720112 0.1517 0.1517 0.1517
v 0.687500 -0.082502 0.783750 0.1517 0.1517 0.1517
v 0.685596 -0.085000 0.782132 0.1517 0.1517 0.1517
v 0.687245 -0.083751 0.783533 0.1517 0.1517 0.1517
v 0.686548 -0.084665 0.782941 0.1517 0.1517 0.1517
v 0.632500 -0.082502 0.846250 0.1517 0.1517 0.1517
v 0.632098 -0.085000 0.842926 0.1517 0.1517 0.1517
v 0.632446 -0.083751 0.845805 0.1517 0.1517 0.1517
v 0.632299 -0.084665 0.844588 0.1517 0.1517 0.1517
v 0.591250 -0.082502 0.908750 0.1517 0.1517 0.1517
v 0.587344 -0.085000 0.910758 0.1517 0.1517 0.1517
v 0.590727 -0.083751 0.909019 0.1517 0.1517 0.1517
v 0.589297 -0.084665 0.909754 0.1517 0.1517 0.1517
v 0.563750 -0.082502 0.971250 0.1517 0.1517 0.1517
v 0.561645 -0.085000 0.969191 0.1517 0.1517 0.1517
v 0.563468 -0.083751 0.970974 0.1517 0.1517 0.1517
v 0.562698 -0.084665 0.970220 0.1517 0.1517 0.1517
v 0.550000 -0.082502 1.033750 0.1517 0.1517 0.1517
v 0.547502 -0.085000 1.033478 0.1517 0.1517 0.1517
v 0.549665 -0.083751 1.033714 0.1517 0.1517 0.1517
v 0.548751 -0.084665 1.033614 0.1517 0.1517 0.1517
v 0.550000 -0.082502 1.096250 0.1517 0.1517 0.1517
v 0.547502 -0.085000 1.096250 0.1517 0.1517 0.1517
v 0.549665 -0.083751 1.096250 0.1517 0.1517 0.1517
v 0.548751 -0.084665 1.096250 0.1517 0.1517 0.1517
v 0.550000 -0.082502 1.158750 0.1517 0.1517 0.1517
v 0.547502 -0.085000 1.158750 0.1517 0.1517 0.1517
v 0.549665 -0.083751 1.158750 0.1517 0.1517 0.1517
v 0.548751 -0.084665 1.158750 0.1517 0.1517 0.1517
v 0.550000 -0.082502 1.221250 0.1517 0.1517 0.1517
v 0.547502 -0.085000 1.221250 0.1517 0.1517 0.1517
v 0.549665 -0.083751 1.221250 0.1517 0.1517 0.1517
v 0.548751 -0.084665 1.221250 0.1517 0.1517 0.1517
v 0.550000 -0.082502 1.283750 0.1517 0.1517 0.1517
v 0.547502 -0.085000 1.284427 0.1517 0.1517 0.1517
v 0.549665 -0.083751 1.283841 0.1517 0.1517 0.1517
v 0.548751 -0.084665 1.284089 0.1517 0.1517 0.1517
v 0.550000 -0.082502 1.346250 0.1517 0.1517 0.1517
v 0.547502 -0.085000 1.346225 0.1517 0.1517 0.1517
v 0.549665 -0.083751 1.346247 0.1517 0.1517 0.1517
v 0.548751 -0.084665 1.346238 0.1517 0.1517 0.1517
v 0.548750 -0.082502 1.408750 0.1517 0.1517 0.1517
v 0.546253 -0.085000 1.408675 0.1517 0.1517 0.1517
v 0.548415 -0.083751 1.408740 0.1517 0.1517 0.1517
v 0.547501 -0.084665 1.408713 0.1517 0.1517 0.1517
v 0.546250 -0.082502 1.471250 0.1517 0.1517 0.1517
v 0.543753 -0.085000 1.471125 0.1517 0.1517 0.1517
v 0.545915 -0.083751 1.471233 0.1517 0.1517 0.1517
v 0.545002 -0.084665 1.471188 0.1517 0.1517 0.1517
v 0.542500 -0.082502 1.533750 0.1517 0.1517 0.1517
v 0.539996 -0.085000 1.533750 0.1517 0.1517 0.1517
v 0.542165 -0.083751 1.533750 0.1517 0.1517 0.1517
v 0.541248 -0.084665 1.533750 0.1517 0.1517 0.1517
v 0.537500 -0.082502 1.596250 0.1517 0.1517 0.1517
v 0.535010 -0.085000 1.596051 0.1517 0.1517 0.1517
v 0.537166 -0.083751 1.596223 0.1517 0.1517 0.1517
v 0.536255 -0.084665 1.596150 0.1517 0.1517 0.1517
v 0.532500 -0.082502 1.658750 0.1517 0.1517 0.1517
v 0.530010 -0.085000 1.658551 0.1517 0.1517 0.1517
v 0.532166 -0.083751 1.658723 0.1517 0.1517 0.1517
v 0.531255 -0.084665 1.658650 0.1517 0.1517 0.1517
v 0.527500 -0.082502 1.721250 0.1517 0.1517 0.1517
v 0.525010 -0.085000 1.721051 0.1517 0.1517 0.1517
v 0.527166 -0.083751 1.721223 0.1517 0.1517 0.1517
v 0.526255 -0.084665 1.721150 0.1517 0.1517 0.1517
v 0.522500 -0.082502 1.783750 0.1517 0.1517 0.1517
v 0.520010 -0.085000 1.783551 0.1517 0.1517 0.1517
v 0.522166 -0.083751 1.783723 0.1517 0.1517 0.1517
v 0.521255 -0.084665 1.783650 0.1517 0.1517 0.1517
v 0.517500 -0.082502 1.846250 0.1517 0.1517 0.1517
v 0.515010 -0.085000 1.846051 0.1517 0.1517 0.1517
v 0.517166 -0.083751 1.846223 0.1517 0.1517 0.1517
v 0.516255 -0.084665 1.846150 0.1517 0.1517 0.1517
v 0.512500 -0.082502 1.908750 0.1517 0.1517 0.1517
v 0.510010 -0.085000 1.908551 0.1517 0.1517 0.1517
v 0.512166 -0.083751 1.908723 0.1517 0.1517 0.1517
v 0.511255 -0.084665 1.908650 0.1517 0.1517 0.1517
v 0.507500 -0.082502 1.971250 0.1517 0.1517 0.1517
v 0.505010 -0.085000 1.971051 0.1517 0.1517 0.1517
v 0.507166 -0.083751 1.971223 0.1517 0.1517 0.1517
v 0.506255 -0.084665 1.971150 0.1517 0.1517 0.1517
v 0.502500 -0.082502 2.033750 0.1517 0.1517 0.1517
v 0.500010 -0.085000 2.033551 0.1517 0.1517 0.1517
v 0.502166 -0.083751 2.033723 0.1517 0.1517 0.1517
v 0.501255 -0.084665 2.033650 0.1517 0.1517 0.1517
v 0.497500 -0.082502 2.096250 0.1517 0.1517 0.1517
v 0.495011 -0.085000 2.096039 0.1517 0.1517 0.1517
v 0.497166 -0.083751 2.096222 0.1517 0.1517 0.1517
v 0.496255 -0.084665 2.096144 0.1517 0.1517 0.1517
v 0.491875 -0.082502 2.158750 0.1517 0.1517 0.1517
v 0.489388 -0.085000 2.158514 0.1517 0.1517 0.1517
v 0.491542 -0.083751 2.158718 0.1517 0.1517 0.1517
v 0.490632 -0.084665 2.158632 0.1517 0.1517 0.1517
v 0.485625 -0.082502 2.221250 0.1517 0.1517 0.1517
v 0.483141 -0.085000 2.220989 0.1517 0.1517 0.1517
v 0.485292 -0.083751 2.221215 0.1517 0.1517 0.1517
v 0.484383 -0.084665 2.221120 0.1517 0.1517 0.1517
v 0.478750 -0.082502 2.283750 0.1517 0.1517 0.1517
v 0.476268 -0.085000 2.283465 0.1517 0.1517 0.1517
v 0.478418 -0.083751 2.283712 0.1517 0.1517 0.1517
v 0.477509 -0.084665 2.283607 0.1517 0.1517 0.1517
v 0.471250 -0.082502 2.346250 0.1517 0.1517 0.1517
v 0.468770 -0.085000 2.345953 0.1517 0.1517 0.1517
v 0.470918 -0.083751 2.346210 0.1517 0.1517 0.1517
v 0.470010 -0.084665 2.346101 0.1517 0.1517 0.1517
v 0.463750 -0.082502 2.408750 0.1517 0.1517 0.1517
v 0.461270 -0.085000 2.408453 0.1517 0.1517 0.1517
v 0.463418 -0.083751 2.408710 0.1517 0.1517 0.1517
v 0.462510 -0.084665 2.408601 0.1517 0.1517 0.1517
v 0.456250 -0.082502 2.471250 0.1517 0.1517 0.1517
v 0.453770 -0.085000 2.470953 0.1517 0.1517 0.1517
v 0.455918 -0.083751 2.471210 0.1517 0.1517 0.1517
v 0.455010 -0.084665 2.471101 0.1517 0.1517 0.1517
v 0.448750 -0.082502 2.533750 0.1517 0.1517 0.1517
v 0.446270 -0.085000 2.533453 0.1517 0.1517 0.1517
v 0.448418 -0.083751 2.533710 0.1517 0.1517 0.1517
v 0.447510 -0.084665 2.533601 0.1517 0.1517 0.1517
v 0.441250 -0.082502 2.596250 0.1517 0.1517 0.1517
v 0.438768 -0.085000 2.595965 0.1517 0.1517 0.1517
v 0.440918 -0.083751 2.596212 0.1517 0.1517 0.1517
v 0.440009 -0.084665 2.596107 0.1517 0.1517 0.1517
v 0.434375 -0.082502 2.658750 0.1517 0.1517 0.1517
v 0.431891 -0.085000 2.658489 0.1517 0.1517 0.1517
v 0.434042 -0.083751 2.658715 0.1517 0.1517 0.1517
v 0.433133 -0.084665 2.658620 0.1517 0.1517 0.1517
v 0.428125 -0.082502 2.721250 0.1517 0.1517 0.1517
v 0.425638 -0.085000 2.721014 0.1517 0.1517 0.1517
v 0.427792 -0.083751 2.721218 0.1517 0.1517 0.1517
v 0.426882 -0.084665 2.721132 0.1517 0.1517 0.1517
v 0.422500 -0.082502 2.783750 0.1517 0.1517 0.1517
v 0.420011 -0.085000 2.783539 0.1517 0.1517 0.1517
v 0.422166 -0.083751 2.783722 0.1517 0.1517 0.1517
v 0.421255 -0.084665 2.783644 0.1517 0.1517 0.1517
v 0.417500 -0.082502 2.846250 0.1517 0.1517 0.1517
v 0.415010 -0.085000 2.846051 0.1517 0.1517 0.1517
v 0.417166 -0.083751 2.846223 0.1517 0.1517 0.1517
v 0.416255 -0.084665 2.846150 0.1517 0.1517 0.1517
v 0.412500 -0.082502 2.908750 0.1517 0.1517 0.1517
v 0.410010 -0.085000 2.908551 0.1517 0.1517 0.1517
v 0.412166 -0.083751 2.908723 0.1517 0.1517 0.1517
v 0.411255 -0.084665 2.908650 0.1517 0.1517 0.1517
v 0.407500 -0.082502 2.971250 0.1517 0.1517 0.1517
v 0.405010 -0.085000 2.971051 0.1517 0.1517 0.1517
v 0.407166 -0.083751 2.971223 0.1517 0.1517 0.1517
v 0.406255 -0.084665 2.971150 0.1517 0.1517 0.1517
v 0.402500 -0.082502 3.033750 0.1517 0.1517 0.1517
v 0.400010 -0.085000 3.033551 0.1517 0.1517 0.1517
v 0.402166 -0.083751 3.033723 0.1517 0.1517 0.1517
v 0.401255 -0.084665 3.033650 0.1517 0.1517 0.1517
v 0.397500 -0.082502 3.096250 0.1517 0.1517 0.1517
v 0.395014 -0.085000 3.096004 0.1517 0.1517 0.1517
v 0.397167 -0.083751 3.096217 0.1517 0.1517 0.1517
v 0.396257 -0.084665 3.096127 0.1517 0.1517 0.1517
v 0.390625 -0.082502 3.154375 0.1517 0.1517 0.1517
v 0.388151 -0.085000 3.154028 0.1517 0.1517 0.1517
v 0.390293 -0.083751 3.154329 0.1517 0.1517 0.1517
v 0.389388 -0.084665 3.154202 0.1517 0.1517 0.1517
v 0.381875 -0.082502 3.208125 0.1517 0.1517 0.1517
v 0.379420 -0.085000 3.207661 0.1517 0.1517 0.1517
v 0.381546 -0.083751 3.208063 0.1517 0.1517 0.1517
v 0.380647 -0.084665 3.207893 0.1517 0.1517 0.1517
v 0.371250 -0.082502 3.257500 0.1517 0.1517 0.1517
v 0.368823 -0.085000 3.256902 0.1517 0.1517 0.1517
v 0.370925 -0.083751 3.257420 0.1517 0.1517 0.1517
v 0.370037 -0.084665 3.257201 0.1517 0.1517 0.1517
v 0.358750 -0.082502 3.302500 0.1517 0.1517 0.1517
v 0.356403 -0.085000 3.301617 0.1517 0.1517 0.1517
v 0.358436 -0.083751 3.302382 0.1517 0.1517 0.1517
v 0.357576 -0.084665 3.302058 0.1517 0.1517 0.1517
v 0.342500 -0.082502 3.336250 0.1517 0.1517 0.1517
v 0.341620 -0.085000 3.332319 0.1517 0.1517 0.1517
v 0.342382 -0.083751 3.335723 0.1517 0.1517 0.1517
v 0.342060 -0.084665 3.334284 0.1517 0.1517 0.1517
v 0.322500 -0.082502 3.358750 0.1517 0.1517 0.1517
v 0.318921 -0.085000 3.357810 0.1517 0.1517 0.1517
v 0.322020 -0.083751 3.358624 0.1517 0.1517 0.1517
v 0.320710 -0.084665 3.358280 0.1517 0.1517 0.1517
v 0.298750 -0.082502 3.370000 0.1517 0.1517 0.1517
v 0.296074 -0.085000 3.368540 0.1517 0.1517 0.1517
v 0.298392 -0.083751 3.369804 0.1517 0.1517 0.1517
v 0.297412 -0.084665 3.369270 0.1517 0.1517 0.1517
v 0.271250 -0.082502 3.370000 0.1517 0.1517 0.1517
v 0.269666 -0.085000 3.368445 0.1517 0.1517 0.1517
v 0.271037 -0.083751 3.369791 0.1517 0.1517 0.1517
v 0.270458 -0.084665 3.369222 0.1517 0.1517 0.1517
v 0.250625 -0.082502 3.358750 0.1517 0.1517 0.1517
v 0.254307 -0.085000 3.359984 0.1517 0.1517 0.1517
v 0.251118 -0.083751 3.358915 0.1517 0.1517 0.1517
v 0.252466 -0.084665 3.359367 0.1517 0.1517 0.1517
v 0.236875 -0.082502 3.336250 0.1517 0.1517 0.1517
v 0.239235 -0.085000 3.335322 0.1517 0.1517 0.1517
v 0.237191 -0.083751 3.336126 0.1517 0.1517 0.1517
v 0.238055 -0.084665 3.335786 0.1517 0.1517 0.1517
v 0.230000 -0.082502 3.302500 0.1517 0.1517 0.1517
v 0.232498 -0.085000 3.302248 0.1517 0.1517 0.1517
v 0.230335 -0.083751 3.302466 0.1517 0.1517 0.1517
v 0.231249 -0.084665 3.302374 0.1517 0.1517 0.1517
v 0.230000 -0.082502 3.257500 0.1517 0.1517 0.1517
v 0.232498 -0.085000 3.257500 0.1517 0.1517 0.1517
v 0.230335 -0.083751 3.257500 0.1517 0.1517 0.1517
v 0.231249 -0.084665 3.257500 0.1517 0.1517 0.1517
v 0.230000 -0.082502 3.208125 0.1517 0.1517 0.1517
v 0.232498 -0.085000 3.208125 0.1517 0.1517 0.1517
v 0.230335 -0.083751 3.208125 0.1517 0.1517 0.1517
v 0.231249 -0.084665 3.208125 0.1517 0.1517 0.1517
v 0.230000 -0.082502 3.154375 0.1517 0.1517 0.1517
v 0.232498 -0.085000 3.154375 0.1517 0.1517 0.1517
v 0.230335 -0.083751 3.154375 0.1517 0.1517 0.1517
v 0.231249 -0.084665 3.154375 0.1517 0.1517 0.1517
v 0.230000 -0.082502 3.096250 0.1517 0.1517 0.1517
v 0.232498 -0.085000 3.096250 0.1517 0.1517 0.1517
v 0.230335 -0.083751 3.096250 0.1517 0.1517 0.1517
v 0.231249 -0.084665 3.096250 0.1517 0.1517 0.1517
v 0.230000 -0.082502 3.033750 0.1517 0.1517 0.1517
v 0.232498 -0.085000 3.033750 0.1517 0.1517 0.1517
v 0.230335 -0.083751 3.033750 0.1517 0.1517 0.1517
v 0.231249 -0.084665 3.033750 0.1517 0.1517 0.1517
v 0.230000 -0.082502 2.971250 0.1517 0.1517 0.1517
v 0.232498 -0.085000 2.971250 0.1517 0.1517 0.1517
v 0.230335 -0.083751 2.971250 0.1517 0.1517 0.1517
v 0.231249 -0.084665 2.971250 0.1517 0.1517 0.1517
v 0.230000 -0.082502 2.908750 0.1517 0.1517 0.1517
v 0.232498 -0.085000 2.908750 0.1517 0.1517 0.1517
v 0.230335 -0.083751 2.908750 0.1517 0.1517 0.1517
v 0.231249 -0.084665 2.908750 0.1517 0.1517 0.1517
v 0.230000 -0.082502 2.846250 0.1517 0.1517 0.1517
v 0.232498 -0.085000 2.846250 0.1517 0.1517 0.1517
v 0.230335 -0.083751 2.846250 0.1517 0.1517 0.1517
v 0.231249 -0.084665 2.846250 0.1517 0.1517 0.1517
v 0.230000 -0.082502 2.783750 0.1517 0.1517 0.1517
v 0.232498 -0.085000 2.783750 0.1517 0.1517 0.1517
v 0.230335 -0.083751 2.783750 0.1517 0.1517 0.1517
v 0.231249 -0.084665 2.783750 0.1517 0.1517 0.1517
v 0.230000 -0.082502 2.721250 0.1517 0.1517 0.1517
v 0.232498 -0.085000 2.721250 0.1517 0.1517 0.1517
v 0.230335 -0.083751 2.721250 0.1517 0.1517 0.1517
v 0.231249 -0.084665 2.721250 0.1517 0.1517 0.1517
v 0.230000 -0.082502 2.658750 0.1517 0.1517 0.1517
v 0.232498 -0.085000 2.658750 0.1517 0.1517 0.1517
v 0.230335 -0.083751 2.658750 0.1517 0.1517 0.1517
v 0.231249 -0.084665 2.658750 0.1517 0.1517 0.1517
v 0.230000 -0.082502 2.596250 0.1517 0.1517 0.1517
v 0.232498 -0.085000 2.596250 0.1517 0.1517 0.1517
v 0.230335 -0.083751 2.596250 0.1517 0.1517 0.1517
v 0.231249 -0.084665 2.596250 0.1517 0.1517 0.1517
v 0.230000 -0.082502 2.533750 0.1517 0.1517 0.1517
v 0.232498 -0.085000 2.533762 0.1517 0.1517 0.1517
v 0.230335 -0.083751 2.533752 0.1517 0.1517 0.1517
v 0.231249 -0.084665 2.533756 0.1517 0.1517 0.1517
v 0.230625 -0.082502 2.471250 0.1517 0.1517 0.1517
v 0.233123 -0.085000 2.471287 0.1517 0.1517 0.1517
v 0.230960 -0.083751 2.471255 0.1517 0.1517 0.1517
v 0.231874 -0.084665 2.471269 0.1517 0.1517 0.1517
v 0.231875 -0.082502 2.408750 0.1517 0.1517 0.1517
v 0.234372 -0.085000 2.408813 0.1517 0.1517 0.1517
v 0.232210 -0.083751 2.408758 0.1517 0.1517 0.1517
v 0.233124 -0.084665 2.408781 0.1517 0.1517 0.1517
v 0.233750 -0.082502 2.346250 0.1517 0.1517 0.1517
v 0.236246 -0.085000 2.346337 0.1517 0.1517 0.1517
v 0.234084 -0.083751 2.346262 0.1517 0.1517 0.1517
v 0.234998 -0.084665 2.346294 0.1517 0.1517 0.1517
v 0.236250 -0.082502 2.283750 0.1517 0.1517 0.1517
v 0.238746 -0.085000 2.283837 0.1517 0.1517 0.1517
v 0.236584 -0.083751 2.283762 0.1517 0.1517 0.1517
v 0.237498 -0.084665 2.283794 0.1517 0.1517 0.1517
v 0.238125 -0.082502 2.221250 0.1517 0.1517 0.1517
v 0.240622 -0.085000 2.221313 0.1517 0.1517 0.1517
v 0.238460 -0.083751 2.221258 0.1517 0.1517 0.1517
v 0.239374 -0.084665 2.221281 0.1517 0.1517 0.1517
v 0.239375 -0.082502 2.158750 0.1517 0.1517 0.1517
v 0.241873 -0.085000 2.158787 0.1517 0.1517 0.1517
v 0.239710 -0.083751 2.158755 0.1517 0.1517 0.1517
v 0.240624 -0.084665 2.158769 0.1517 0.1517 0.1517
v 0.240000 -0.082502 2.096250 0.1517 0.1517 0.1517
v 0.242498 -0.085000 2.096262 0.1517 0.1517 0.1517
v 0.240335 -0.083751 2.096252 0.1517 0.1517 0.1517
v 0.241249 -0.084665 2.096256 0.1517 0.1517 0.1517
v 0.240000 -0.082502 2.033750 0.1517 0.1517 0.1517
v 0.242498 -0.085000 2.033750 0.1517 0.1517 0.1517
v 0.240335 -0.083751 2.033750 0.1517 0.1517 0.1517
v 0.241249 -0.084665 2.033750 0.1517 0.1517 0.1517
v 0.240000 -0.082502 1.971250 0.1517 0.1517 0.1517
v 0.242498 -0.085000 1.971250 0.1517 0.1517 0.1517
v 0.240335 -0.083751 1.971250 0.1517 0.1517 0.1517
v 0.241249 -0.084665 1.971250 0.1517 0.1517 0.1517
v 0.240000 -0.082502 1.908750 0.1517 0.1517 0.1517
v 0.242498 -0.085000 1.908750 0.1517 0.1517 0.1517
v 0.240335 -0.083751 1.908750 0.1517 0.1517 0.1517
v 0.241249 -0.084665 1.908750 0.1517 0.1517 0.1517
v 0.240000 -0.082502 1.846250 0.1517 0.1517 0.1517
v 0.242498 -0.085000 1.846250 0.1517 0.1517 0.1517
v 0.240335 -0.083751 1.846250 0.1517 0.1517 0.1517
v 0.241249 -0.084665 1.846250 0.1517 0.1517 0.1517
v 0.240000 -0.082502 1.783750 0.1517 0.1517 0.1517
v 0.242498 -0.085000 1.783750 0.1517 0.1517 0.1517
v 0.240335 -0.083751 1.783750 0.1517 0.1517 0.1517
v 0.241249 -0.084665 1.783750 0.1517 0.1517 0.1517
v 0.240000 -0.082502 1.721250 0.1517 0.1517 0.1517
v 0.242498 -0.085000 1.721250 0.1517 0.1517 0.1517
v 0.240335 -0.083751 1.721250 0.1517 0.1517 0.1517
v 0.241249 -0.084665 1.721250 0.1517 0.1517 0.1517
v 0.240000 -0.082502 1.658750 0.1517 0.1517 0.1517
v 0.242498 -0.085000 1.658750 0.1517 0.1517 0.1517
v 0.240335 -0.083751 1.658750 0.1517 0.1517 0.1517
v 0.241249 -0.084665 1.658750 0.1517 0.1517 0.1517
v 0.240000 -0.082502 1.596250 0.1517 0.1517 0.1517
v 0.242498 -0.085000 1.596250 0.1517 0.1517 0.1517
v 0.240335 -0.083751 1.596250 0.1517 0.1517 0.1517
v 0.241249 -0.084665 1.596250 0.1517 0.1517 0.1517
v 0.240000 -0.082502 1.533750 0.1517 0.1517 0.1517
v 0.242498 -0.085000 1.533586 0.1517 0.1517 0.1517
v 0.240335 -0.083751 1.533728 0.1517 0.1517 0.1517
v 0.241249 -0.084665 1.533668 0.1517 0.1517 0.1517
v 0.232500 -0.082502 1.476875 0.1517 0.1517 0.1517
v 0.234951 -0.085000 1.476358 0.1517 0.1517 0.1517
v 0.232828 -0.083751 1.476806 0.1517 0.1517 0.1517
v 0.233726 -0.084665 1.476616 0.1517 0.1517 0.1517
v 0.217500 -0.082502 1.425625 0.1517 0.1517 0.1517
v 0.219836 -0.085000 1.424715 0.1517 0.1517 0.1517
v 0.217813 -0.083751 1.425503 0.1517 0.1517 0.1517
v 0.218668 -0.084665 1.425170 0.1517 0.1517 0.1517
v 0.195000 -0.082502 1.380000 0.1517 0.1517 0.1517
v 0.197138 -0.085000 1.378687 0.1517 0.1517 0.1517
v 0.195286 -0.083751 1.379824 0.1517 0.1517 0.1517
v 0.196069 -0.084665 1.379344 0.1517 0.1517 0.1517
v 0.165000 -0.082502 1.340000 0.1517 0.1517 0.1517
v 0.166963 -0.085000 1.338454 0.1517 0.1517 0.1517
v 0.165263 -0.083751 1.339793 0.1517 0.1517 0.1517
v 0.165981 -0.084665 1.339227 0.1517 0.1517 0.1517
v 0.135000 -0.082502 1.303750 0.1517 0.1517 0.1517
v 0.136881 -0.085000 1.302105 0.1517 0.1517 0.1517
v 0.135252 -0.083751 1.303530 0.1517 0.1517 0.1517
v 0.135941 -0.084665 1.302928 0.1517 0.1517 0.1517
v 0.105000 -0.082502 1.271250 0.1517 0.1517 0.1517
v 0.106370 -0.085000 1.269051 0.1517 0.1517 0.1517
v 0.105183 -0.083751 1.270956 0.1517 0.1517 0.1517
v 0.105685 -0.084665 1.270151 0.1517 0.1517 0.1517
v 0.075000 -0.082502 1.242500 0.1517 0.1517 0.1517
v 0.077514 -0.085000 1.241395 0.1517 0.1517 0.1517
v 0.075337 -0.083751 1.242352 0.1517 0.1517 0.1517
v 0.076257 -0.084665 1.241948 0.1517 0.1517 0.1517
v 0.045000 -0.082502 1.217500 0.1517 0.1517 0.1517
v 0.046189 -0.085000 1.215289 0.1517 0.1517 0.1517
v 0.045159 -0.083751 1.217204 0.1517 0.1517 0.1517
v 0.045594 -0.084665 1.216394 0.1517 0.1517 0.1517
v 0.015000 -0.082502 1.205000 0.1517 0.1517 0.1517
v 0.015500 -0.085000 1.202502 0.1517 0.1517 0.1517
v 0.015067 -0.083751 1.204666 0.1517 0.1517 0.1517
v 0.015250 -0.084665 1.203751 0.1517 0.1517 0.1517
v -0.015000 -0.082502 1.205000 0.1517 0.1517 0.1517
v -0.015500 -0.085000 1.202502 0.1517 0.1517 0.1517
v -0.015067 -0.083751 1.204666 0.1517 0.1517 0.1517
v -0.015250 -0.084665 1.203751 0.1517 0.1517 0.1517
v -0.045000 -0.082502 1.217500 0.1517 0.1517 0.1517
v -0.046189 -0.085000 1.215289 0.1517 0.1517 0.1517
v -0.045159 -0.083751 1.217204 0.1517 0.1517 0.1517
v -0.045594 -0.084665 1.216394 0.1517 0.1517 0.1517
v -0.075000 -0.082502 1.242500 0.1517 0.1517 0.1517
v -0.077514 -0.085000 1.241395 0.1517 0.1517 0.1517
v -0.075337 -0.083751 1.242352 0.1517 0.1517 0.1517
v -0.076257 -0.084665 1.241948 0.1517 0.1517 0.1517
v -0.105000 -0.082502 1.271250 0.1517 0.1517 0.1517
v -0.106370 -0.085000 1.269051 0.1517 0.1517 0.1517
v -0.105183 -0.083751 1.270956 0.1517 0.1517 0.1517
v -0.105685 -0.084665 1.270151 0.1517 0.1517 0.1517
v -0.135000 -0.082502 1.303750 0.1517 0.1517 0.1517
v -0.136881 -0.085000 1.302105 0.1517 0.1517 0.1517
v -0.135252 -0.083751 1.303530 0.1517 0.1517 0.1517
v -0.135941 -0.084665 1.302928 0.1517 0.1517 0.1517
v -0.165000 -0.082502 1.340000 0.1517 0.1517 0.1517
v -0.166963 -0.085000 1.338454 0.1517 0.1517 0.1517
v -0.165263 -0.083751 1.339793 0.1517 0.1517 0.1517
v -0.165981 -0.084665 1.339227 0.1517 0.1517 0.1517
v -0.195000 -0.082502 1.380000 0.1517 0.1517 0.1517
v -0.197138 -0.085000 1.378687 0.1517 0.1517 0.1517
v -0.195286 -0.083751 1.379824 0.1517 0.1517 0.1517
v -0.196069 -0.084665 1.379344 0.1517 0.1517 0.1517
v -0.217500 -0.082502 1.425625 0.1517 0.1517 0.1517
v -0.219836 -0.085000 1.424715 0.1517 0.1517 0.1517
v -0.217813 -0.083751 1.425503 0.1517 0.1517 0.1517
v -0.218668 -0.084665 1.425170 0.1517 0.1517 0.1517
v -0.232500 -0.082502 1.476875 0.1517 0.1517 0.1517
v -0.234951 -0.085000 1.476358 0.1517 0.1517 0.1517
v -0.232828 -0.083751 1.476806 0.1517 0.1517 0.1517
v -0.233726 -0.084665 1.476616 0.1517 0.1517 0.1517
v -0.240000 -0.082502 1.533750 0.1517 0.1517 0.1517
v -0.242498 -0.085000 1.533586 0.1517 0.1517 0.1517
v -0.240335 -0.083751 1.533728 0.1517 0.1517 0.1517
v -0.241249 -0.084665 1.533668 0.1517 0.1517 0.1517
v -0.240000 -0.082502 1.596250 0.1517 0.1517 0.1517
v -0.242498 -0.085000 1.596250 0.1517 0.1517 0.1517
v -0.240335 -0.083751 1.596250 0.1517 0.1517 0.1517
v -0.241249 -0.084665 1.596250 0.1517 0.1517 0.1517
v -0.240000 -0.082502 1.658750 0.1517 0.1517 0.1517
v -0.242498 -0.085000 1.658750 0.1517 0.1517 0.1517
v -0.240335 -0.083751 1.658750 0.1517 0.1517 0.1517
v -0.241249 -0.084665 1.658750 0.1517 0.1517 0.1517
v -0.240000 -0.082502 1.721250 0.1517 0.1517 0.1517
v -0.242498 -0.085000 1.721250 0.1517 0.1517 0.1517
v -0.240335 -0.083751 1.721250 0.1517 0.1517 0.1517
v -0.241249 -0.084665 1.721250 0.1517 0.1517 0.1517
v -0.240000 -0.082502 1.783750 0.1517 0.1517 0.1517
v -0.242498 -0.085000 1.783750 0.1517 0.1517 0.1517
v -0.240335 -0.083751 1.783750 0.1517 0.1517 0.1517
v -0.241249 -0.084665 1.783750 0.1517 0.1517 0.1517
v -0.240000 -0.082502 1.846250 0.1517 0.1517 0.1517
v -0.242498 -0.085000 1.846250 0.1517 0.1517 0.1517
v -0.240335 -0.083751 1.846250 0.1517 0.1517 0.1517
v -0.241249 -0.084665 1.846250 0.1517 0.1517 0.1517
v -0.240000 -0.082502 1.908750 0.1517 0.1517 0.1517
v -0.242498 -0.085000 1.908750 0.1517 0.1517 0.1517
v -0.240335 -0.083751 1.908750 0.1517 0.1517 0.1517
v -0.241249 -0.084665 1.908750 0.1517 0.1517 0.1517
v -0.240000 -0.082502 1.971250 0.1517 0.1517 0.1517
v -0.242498 -0.085000 1.971250 0.1517 0.1517 0.1517
v -0.240335 -0.083751 1.971250 0.1517 0.1517 0.1517
v -0.241249 -0.084665 1.971250 0.1517 0.1517 0.1517
v -0.240000 -0.082502 2.033750 0.1517 0.1517 0.1517
v -0.242498 -0.085000 2.033750 0.1517 0.1517 0.1517
v -0.240335 -0.083751 2.033750 0.1517 0.1517 0.1517
v -0.241249 -0.084665 2.033750 0.1517 0.1517 0.1517
v -0.240000 -0.082502 2.096250 0.1517 0.1517 0.1517
v -0.242498 -0.085000 2.096262 0.1517 0.1517 0.1517
v -0.240335 -0.083751 2.096252 0.1517 0.1517 0.1517
v -0.241249 -0.084665 2.096256 0.1517 0.1517 0.1517
v -0.239375 -0.082502 2.158750 0.1517 0.1517 0.1517
v -0.241873 -0.085000 2.158787 0.1517 0.1517 0.1517
v -0.239710 -0.083751 2.158755 0.1517 0.1517 0.1517
v -0.240624 -0.084665 2.158769 0.1517 0.1517 0.1517
v -0.238125 -0.082502 2.221250 0.1517 0.1517 0.1517
v -0.240622 -0.085000 2.221313 0.1517 0.1517 0.1517
v -0.238460 -0.083751 2.221258 0.1517 0.1517 0.1517
v -0.239374 -0.084665 2.221281 0.1517 0.1517 0.1517
v -0.236250 -0.082502 2.283750 0.1517 0.1517 0.1517
v -0.238746 -0.085000 2.283837 0.1517 0.1517 0.1517
v -0.236584 -0.083751 2.283762 0.1517 0.1517 0.1517
v -0.237498 -0.084665 2.283794 0.1517 0.1517 0.1517
v -0.233750 -0.082502 2.346250 0.1517 0.1517 0.1517
v -0.236246 -0.085000 2.346337 0.1517 0.1517 0.1517
v -0.234084 -0.083751 2.346262 0.1517 0.1517 0.1517
v -0.234998 -0.084665 2.346294 0.1517 0.1517 0.1517
v -0.231875 -0.082502 2.408750 0.1517 0.1517 0.1517
v -0.234372 -0.085000 2.408813 0.1517 0.1517 0.1517
v -0.232210 -0.083751 2.408758 0.1517 0.1517 0.1517
v -0.233124 -0.084665 2.408781 0.1517 0.1517 0.1517
v -0.230625 -0.082502 2.471250 0.1517 0.1517 0.1517
v -0.233123 -0.085000 2.471287 0.1517 0.1517 0.1517
v -0.230960 -0.083751 2.471255 0.1517 0.1517 0.1517
v -0.231874 -0.084665 2.471269 0.1517 0.1517 0.1517
v -0.230000 -0.082502 2.533750 0.1517 0.1517 0.1517
v -0.232498 -0.085000 2.533762 0.1517 0.1517 0.1517
v -0.230335 -0.083751 2.533752 0.1517 0.1517 0.1517
v -0.231249 -0.084665 2.533756 0.1517 0.1517 0.1517
v -0.230000 -0.082502 2.596250 0.1517 0.1517 0.1517
v -0.232498 -0.085000 2.596250 0.1517 0.1517 0.1517
v -0.230335 -0.083751 2.596250 0.1517 0.1517 0.1517
v -0.231249 -0.084665 2.596250 0.1517 0.1517 0.1517
v -0.230000 -0.082502 2.658750 0.1517 0.1517 0.1517
v -0.232498 -0.085000 2.658750 0.1517 0.1517 0.1517
v -0.230335 -0.083751 2.658750 0.1517 0.1517 0.1517
v -0.231249 -0.084665 2.658750 0.1517 0.1517 0.1517
v -0.230000 -0.082502 2.721250 0.1517 0.1517 0.1517
v -0.232498 -0.085000 2.721250 0.1517 0.1517 0.1517
v -0.230335 -0.083751 2.721250 0.1517 0.1517 0.1517
v -0.231249 -0.084665 2.721250 0.1517 0.1517 0.1517
v -0.230000 -0.082502 2.783750 0.1517 0.1517 0.1517
v -0.232498 -0.085000 2.783750 0.1517 0.1517 0.1517
v -0.230335 -0.083751 2.783750 0.1517 0.1517 0.1517
v -0.231249 -0.084665 2.783750 0.1517 0.1517 0.1517
v -0.230000 -0.082502 2.846250 0.1517 0.1517 0.1517
v -0.232498 -0.085000 2.846250 0.1517 0.1517 0.1517
v -0.230335 -0.083751 2.846250 0.1517 0.1517 0.1517
v -0.231249 -0.084665 2.846250 0.1517 0.1517 0.1517
v -0.230000 -0.082502 2.908750 0.1517 0.1517 0.1517
v -0.232498 -0.085000 2.908750 0.1517 0.1517 0.1517
v -0.230335 -0.083751 2.908750 0.1517 0.1517 0.1517
v -0.231249 -0.084665 2.908750 0.1517 0.1517 0.1517
v -0.230000 -0.082502 2.971250 0.1517 0.1517 0.1517
v -0.232498 -0.085000 2.971250 0.1517 0.1517 0.1517
v -0.230335 -0.083751 2.971250 0.1517 0.1517 0.1517
v -0.231249 -0.084665 2.971250 0.1517 0.1517 0.1517
v -0.230000 -0.082502 3.033750 0.1517 0.1517 0.1517
v -0.232498 -0.085000 3.033750 0.1517 0.1517 0.1517
v -0.230335 -0.083751 3.033750 0.1517 0.1517 0.1517
v -0.231249 -0.084665 3.033750 0.1517 0.1517 0.1517
v -0.230000 -0.082502 3.096250 0.1517 0.1517 0.1517
v -0.232498 -0.085000 3.096250 0.1517 0.1517 0.1517
v -0.230335 -0.083751 3.096250 0.1517 0.1517 0.1517
v -0.231249 -0.084665 3.096250 0.1517 0.1517 0.1517
v -0.230000 -0.082502 3.154375 0.1517 0.1517 0.1517
v -0.232498 -0.085000 3.154375 0.1517 0.1517 0.1517
v -0.230335 -0.083751 3.154375 0.1517 0.1517 0.1517
v -0.231249 -0.084665 3.154375 0.1517 0.1517 0.1517
v -0.230000 -0.082502 3.208125 0.1517 0.1517 0.1517
v -0.232498 -0.085000 3.208125 0.1517 0.1517 0.1517
v -0.230335 -0.083751 3.208125 0.1517 0.1517 0.1517
v -0.231249 -0.084665 3.208125 0.1517 0.1517 0.1517
v -0.230000 -0.082502 3.257500 0.1517 0.1517 0.1517
v -0.232498 -0.085000 3.257500 0.1517 0.1517 0.1517
v -0.230335 -0.083751 3.257500 0.1517 0.1517 0.1517
v -0.231249 -0.084665 3.257500 0.1517 0.1517 0.1517
v -0.230000 -0.082502 3.302500 0.1517 0.1517 0.1517
v -0.232498 -0.085000 3.302248 0.1517 0.1517 0.1517
v -0.230335 -0.083751 3.302466 0.1517 0.1517 0.1517
v -0.231249 -0.084665 3.302374 0.1517 0.1517 0.1517
v -0.236875 -0.082502 3.336250 0.1517 0.1517 0.1517
v -0.239235 -0.085000 3.335322 0.1517 0.1517 0.1517
v -0.237191 -0.083751 3.336126 0.1517 0.1517 0.1517
v -0.238055 -0.084665 3.335786 0.1517 0.1517 0.1517
v -0.250625 -0.082502 3.358750 0.1517 0.1517 0.1517
v -0.254307 -0.085000 3.359984 0.1517 0.1517 0.1517
v -0.251118 -0.083751 3.358915 0.1517 0.1517 0.1517
v -0.252466 -0.084665 3.359367 0.1517 0.1517 0.1517
v -0.271250 -0.082502 3.370000 0.1517 0.1517 0.1517
v -0.269666 -0.085000 3.368445 0.1517 0.1517 0.1517
v -0.271037 -0.083751 3.369791 0.1517 0.1517 0.1517
v -0.270458 -0.084665 3.369222 0.1517 0.1517 0.1517
v -0.298750 -0.082502 3.370000 0.1517 0.1517 0.1517
v -0.296074 -0.085000 3.368540 0.1517 0.1517 0.1517
v -0.298392 -0.083751 3.369804 0.1517 0.1517 0.1517
v -0.297412 -0.084665 3.369270 0.1517 0.1517 0.1517
v -0.322500 -0.082502 3.358750 0.1517 0.1517 0.1517
v -0.318921 -0.085000 3.357810 0.1517 0.1517 0.1517
v -0.322020 -0.083751 3.358624 0.1517 0.1517 0.1517
v -0.320710 -0.084665 3.358280 0.1517 0.1517 0.1517
v -0.342500 -0.082502 3.336250 0.1517 0.1517 0.1517
v -0.341620 -0.085000 3.332319 0.1517 0.1517 0.1517
v -0.342382 -0.083751 3.335723 0.1517 0.1517 0.1517
v -0.342060 -0.084665 3.334284 0.1517 0.1517 0.1517
v -0.358750 -0.082502 3.302500 0.1517 0.1517 0.1517
v -0.356403 -0.085000 3.301617 0.1517 0.1517 0.1517
v -0.358436 -0.083751 3.302382 0.1517 0.1517 0.1517
v -0.357576 -0.084665 3.302058 0.1517 0.1517 0.1517
v -0.371250 -0.082502 3.257500 0.1517 0.1517 0.1517
v -0.368823 -0.085000 3.256902 0.1517 0.1517 0.1517
v -0.370925 -0.083751 3.257420 0.1517 0.1517 0.1517
v -0.370037 -0.084665 3.257201 0.1517 0.1517 0.1517
v -0.381875 -0.082502 3.208125 0.1517 0.1517 0.1517
v -0.379420 -0.085000 3.207661 0.1517 0.1517 0.1517
v -0.381546 -0.083751 3.208063 0.1517 0.1517 0.1517
v -0.380647 -0.084665 3.207893 0.1517 0.1517 0.1517
v -0.390625 -0.082502 3.154375 0.1517 0.1517 0.1517
v -0.388151 -0.085000 3.154028 0.1517 0.1517 0.1517
v -0.390293 -0.083751 3.154329 0.1517 0.1517 0.1517
v -0.389388 -0.084665 3.154202 0.1517 0.1517 0.1517
v -0.397500 -0.082502 3.096250 0.1517 0.1517 0.1517
v -0.395014 -0.085000 3.096004 0.1517 0.1517 0.1517
v -0.397167 -0.083751 3.096217 0.1517 0.1517 0.1517
v -0.396257 -0.084665 3.096127 0.1517 0.1517 0.1517
v -0.402500 -0.082502 3.033750 0.1517 0.1517 0.1517
v -0.400010 -0.085000 3.033551 0.1517 0.1517 0.1517
v -0.402166 -0.083751 3.033723 0.1517 0.1517 0.1517
v -0.401255 -0.084665 3.033650 0.1517 0.1517 0.1517
v -0.407500 -0.082502 2.971250 0.1517 0.1517 0.1517
v -0.405010 -0.085000 2.971051 0.1517 0.1517 0.1517
v -0.407166 -0.083751 2.971223 0.1517 0.1517 0.1517
v -0.406255 -0.084665 2.971150 0.1517 0.1517 0.1517
v -0.412500 -0.082502 2.908750 0.1517 0.1517 0.1517
v -0.410010 -0.085000 2.908551 0.1517 0.1517 0.1517
v -0.412166 -0.083751 2.908723 0.1517 0.1517 0.1517
v -0.411255 -0.084665 2.908650 0.1517 0.1517 0.1517
v -0.417500 -0.082502 2.846250 0.1517 0.1517 0.1517
v -0.415010 -0.085000 2.846051 0.1517 0.1517 0.1517
v -0.417166 -0.083751 2.846223 0.1517 0.1517 0.1517
v -0.416255 -0.084665 2.846150 0.1517 0.1517 0.1517
v -0.422500 -0.082502 2.783750 0.1517 0.1517 0.1517
v -0.420011 -0.085000 2.783539 0.1517 0.1517 0.1517
v -0.422166 -0.083751 2.783722 0.1517 0.1517 0.1517
v -0.421255 -0.084665 2.783644 0.1517 0.1517 0.1517
v -0.428125 -0.082502 2.721250 0.1517 0.1517 0.1517
v -0.425638 -0.085000 2.721014 0.1517 0.1517 0.1517
v -0.427792 -0.083751 2.721218 0.1517 0.1517 0.1517
v -0.426882 -0.084665 2.721132 0.1517 0.1517 0.1517
v -0.434375 -0.082502 2.658750 0.1517 0.1517 0.1517
v -0.431891 -0.085000 2.658489 0.1517 0.1517 0.1517
v -0.434042 -0.083751 2.658715 0.1517 0.1517 0.1517
v -0.433133 -0.084665 2.658620 0.1517 0.1517 0.1517
v -0.441250 -0.082502 2.596250 0.1517 0.1517 0.1517
v -0.438768 -0.085000 2.595965 0.1517 0.1517 0.1517
v -0.440918 -0.083751 2.596212 0.1517 0.1517 0.1517
v -0.440009 -0.084665 2.596107 0.1517 0.1517 0.1517
v -0.448750 -0.082502 2.533750 0.1517 0.1517 0.1517
v -0.446270 -0.085000 2.533453 0.1517 0.1517 0.1517
v -0.448418 -0.083751 2.533710 0.1517 0.1517 0.1517
v -0.447510 -0.084665 2.533601 0.1517 0.1517 0.1517
v -0.456250 -0.082502 2.471250 0.1517 0.1517 0.1517
v -0.453770 -0.085000 2.470953 0.1517 0.1517 0.1517
v -0.455918 -0.083751 2.471210 0.1517 0.1517 0.1517
v -0.455010 -0.084665 2.471101 0.1517 0.1517 0.1517
v -0.463750 -0.082502 2.408750 0.1517 0.1517 0.1517
v -0.461270 -0.085000 2.408453 0.1517 0.1517 0.1517
v -0.463418 -0.083751 2.408710 0.1517 0.1517 0.1517
v -0.462510 -0.084665 2.408601 0.1517 0.1517 0.1517
v -0.471250 -0.082502 2.346250 0.1517 0.1517 0.1517
v -0.468770 -0.085000 2.345953 0.1517 0.1517 0.1517
v -0.470918 -0.083751 2.346210 0.1517 0.1517 0.1517
v -0.470010 -0.084665 2.346101 0.1517 0.1517 0.1517
v -0.478750 -0.082502 2.283750 0.1517 0.1517 0.1517
v -0.476268 -0.085000 2.283465 0.1517 0.1517 0.1517
v -0.478418 -0.083751 2.283712 0.1517 0.1517 0.1517
v -0.477509 -0.084665 2.283607 0.1517 0.1517 0.1517
v -0.485625 -0.082502 2.221250 0.1517 0.1517 0.1517
v -0.483141 -0.085000 2.220989 0.1517 0.1517 0.1517
v -0.485292 -0.083751 2.221215 0.1517 0.1517 0.1517
v -0.484383 -0.084665 2.221120 0.1517 0.1517 0.1517
v -0.491875 -0.082502 2.158750 0.1517 0.1517 0.1517
v -0.489388 -0.085000 2.158514 0.1517 0.1517 0.1517
v -0.491542 -0.083751 2.158718 0.1517 0.1517 0.1517
v -0.490632 -0.084665 2.158632 0.1517 0.1517 0.1517
v -0.497500 -0.082502 2.096250 0.1517 0.1517 0.1517
v -0.495011 -0.085000 2.096039 0.1517 0.1517 0.1517
v -0.497166 -0.083751 2.096222 0.1517 0.1517 0.1517
v -0.496255 -0.084665 2.096144 0.1517 0.1517 0.1517
v -0.502500 -0.082502 2.033750 0.1517 0.1517 0.1517
v -0.500010 -0.085000 2.033551 0.1517 0.1517 0.1517
v -0.502166 -0.083751 2.033723 0.1517 0.1517 0.1517
v -0.501255 -0.084665 2.033650 0.1517 0.1517 0.1517
v -0.507500 -0.082502 1.971250 0.1517 0.1517 0.1517
v -0.505010 -0.085000 1.971051 0.1517 0.1517 0.1517
v -0.507166 -0.083751 1.971223 0.1517 0.1517 0.1517
v -0.506255 -0.084665 1.971150 0.1517 0.1517 0.1517
v -0.512500 -0.082502 1.908750 0.1517 0.1517 0.1517
v -0.510010 -0.085000 1.908551 0.1517 0.1517 0.1517
v -0.512166 -0.083751 1.908723 0.1517 0.1517 0.1517
v -0.511255 -0.084665 1.908650 0.1517 0.1517 0.1517
v -0.517500 -0.082502 1.846250 0.1517 0.1517 0.1517
v -0.515010 -0.085000 1.846051 0.1517 0.1517 0.1517
v -0.517166 -0.083751 1.846223 0.1517 0.1517 0.1517
v -0.516255 -0.084665 1.846150 0.1517 0.1517 0.1517
v -0.522500 -0.082502 1.783750 0.1517 0.1517 0.1517
v -0.520010 -0.085000 1.783551 0.1517 0.1517 0.1517
v -0.522166 -0.083751 1.783723 0.1517 0.1517 0.1517
v -0.521255 -0.084665 1.783650 0.1517 0.1517 0.1517
v -0.527500 -0.082502 1.721250 0.1517 0.1517 0.1517
v -0.525010 -0.085000 1.721051 0.1517 0.1517 0.1517
v -0.527166 -0.083751 1.721223 0.1517 0.1517 0.1517
v -0.526255 -0.084665 1.721150 0.1517 0.1517 0.1517
v -0.532500 -0.082502 1.658750 0.1517 0.1517 0.1517
v -0.530010 -0.085000 1.658551 0.1517 0.1517 0.1517
v -0.532166 -0.083751 1.658723 0.1517 0.1517 0.1517
v -0.531255 -0.084665 1.658650 0.1517 0.1517 0.1517
v -0.537500 -0.082502 1.596250 0.1517 0.1517 0.1517
v -0.535010 -0.085000 1.596051 0.1517 0.1517 0.1517
v -0.537166 -0.083751 1.596223 0.1517 0.1517 0.1517
v -0.536255 -0.084665 1.596150 0.1517 0.1517 0.1517
v -0.542500 -0.082502 1.533750 0.1517 0.1517 0.1517
v -0.539996 -0.085000 1.533750 0.1517 0.1517 0.1517
v -0.542165 -0.083751 1.533750 0.1517 0.1517 0.1517
v -0.541248 -0.084665 1.533750 0.1517 0.1517 0.1517
v -0.546250 -0.082502 1.471250 0.1517 0.1517 0.1517
v -0.543753 -0.085000 1.471125 0.1517 0.1517 0.1517
v -0.545915 -0.083751 1.471233 0.1517 0.1517 0.1517
v -0.545002 -0.084665 1.471188 0.1517 0.1517 0.1517
v -0.548750 -0.082502 1.408750 0.1517 0.1517 0.1517
v -0.546253 -0.085000 1.408675 0.1517 0.1517 0.1517
v -0.548415 -0.083751 1.408740 0.1517 0.1517 0.1517
v -0.547501 -0.084665 1.408713 0.1517 0.1517 0.1517
v -0.550000 -0.082502 1.346250 0.1517 0.1517 0.1517
v -0.547502 -0.085000 1.346225 0.1517 0.1517 0.1517
v -0.549665 -0.083751 1.346247 0.1517 0.1517 0.1517
v -0.548751 -0.084665 1.346238 0.1517 0.1517 0.1517
v -0.550000 -0.082502 1.283750 0.1517 0.1517 0.1517
v -0.547502 -0.085000 1.284427 0.1517 0.1517 0.1517
v -0.549665 -0.083751 1.283841 0.1517 0.1517 0.1517
v -0.548751 -0.084665 1.284089 0.1517 0.1517 0.1517
v -0.550000 -0.082502 1.221250 0.1517 0.1517 0.1517
v -0.547502 -0.085000 1.221250 0.1517 0.1517 0.1517
v -0.549665 -0.083751 1.221250 0.1517 0.1517 0.1517
v -0.548751 -0.084665 1.221250 0.1517 0.1517 0.1517
v -0.550000 -0.082502 1.158750 0.1517 0.1517 0.1517
v -0.547502 -0.085000 1.158750 0.1517 0.1517 0.1517
v -0.549665 -0.083751 1.158750 0.1517 0.1517 0.1517
v -0.548751 -0.084665 1.158750 0.1517 0.1517 0.1517
v -0.550000 -0.082502 1.096250 0.1517 0.1517 0.1517
v -0.547502 -0.085000 1.096250 0.1517 0.1517 0.1517
v -0.549665 -0.083751 1.096250 0.1517 0.1517 0.1517
v -0.548751 -0.084665 1.096250 0.1517 0.1517 0.1517
v -0.550000 -0.082502 1.033750 0.1517 0.1517 0.1517
v -0.547502 -0.085000 1.033478 0.1517 0.1517 0.1517
v -0.549665 -0.083751 1.033714 0.1517 0.1517 0.1517
v -0.548751 -0.084665 1.033614 0.1517 0.1517 0.1517
v -0.563750 -0.082502 0.971250 0.1517 0.1517 0.1517
v -0.561645 -0.085000 0.969191 0.1517 0.1517 0.1517
v -0.563468 -0.083751 0.970974 0.1517 0.1517 0.1517
v -0.562698 -0.084665 0.970220 0.1517 0.1517 0.1517
v -0.591250 -0.082502 0.908750 0.1517 0.1517 0.1517
v -0.587344 -0.085000 0.910758 0.1517 0.1517 0.1517
v -0.590727 -0.083751 0.909019 0.1517 0.1517 0.1517
v -0.589297 -0.084665 0.909754 0.1517 0.1517 0.1517
v -0.632500 -0.082502 0.846250 0.1517 0.1517 0.1517
v -0.632098 -0.085000 0.842926 0.1517 0.1517 0.1517
v -0.632446 -0.083751 0.845805 0.1517 0.1517 0.1517
v -0.632299 -0.084665 0.844588 0.1517 0.1517 0.1517
v -0.687500 -0.082502 0.783750 0.1517 0.1517 0.1517
v -0.685596 -0.085000 0.782132 0.1517 0.1517 0.1517
v -0.687245 -0.083751 0.783533 0.1517 0.1517 0.1517
v -0.686548 -0.084665 0.782941 0.1517 0.1517 0.1517
v -0.738750 -0.082502 0.721250 0.1517 0.1517 0.1517
v -0.736789 -0.085000 0.719702 0.1517 0.1517 0.1517
v -0.738487 -0.083751 0.721043 0.1517 0.1517 0.1517
v -0.737769 -0.084665 0.720476 0.1517 0.1517 0.1517
v -0.786250 -0.082502 0.658750 0.1517 0.1517 0.1517
v -0.784231 -0.085000 0.657278 0.1517 0.1517 0.1517
v -0.785979 -0.083751 0.658553 0.1517 0.1517 0.1517
v -0.785241 -0.084665 0.658014 0.1517 0.1517 0.1517
v -0.830000 -0.082502 0.596250 0.1517 0.1517 0.1517
v -0.827925 -0.085000 0.594859 0.1517 0.1517 0.1517
v -0.829722 -0.083751 0.596064 0.1517 0.1517 0.1517
v -0.828962 -0.084665 0.595554 0.1517 0.1517 0.1517
v -0.870000 -0.082502 0.533750 0.1517 0.1517 0.1517
v -0.865657 -0.085000 0.535902 0.1517 0.1517 0.1517
v -0.869418 -0.083751 0.534038 0.1517 0.1517 0.1517
v -0.867828 -0.084665 0.534826 0.1517 0.1517 0.1517
v -0.904375 -0.082502 0.471250 0.1517 0.1517 0.1517
v -0.906249 -0.085000 0.462075 0.1517 0.1517 0.1517
v -0.904626 -0.083751 0.470021 0.1517 0.1517 0.1517
v -0.905312 -0.084665 0.466663 0.1517 0.1517 0.1517
v -0.933125 -0.082502 0.408750 0.1517 0.1517 0.1517
v -0.929220 -0.085000 0.412105 0.1517 0.1517 0.1517
v -0.932602 -0.083751 0.409199 0.1517 0.1517 0.1517
v -0.931173 -0.084665 0.410427 0.1517 0.1517 0.1517
v -0.956250 -0.082502 0.346250 0.1517 0.1517 0.1517
v -0.953872 -0.085000 0.345479 0.1517 0.1517 0.1517
v -0.955931 -0.083751 0.346147 0.1517 0.1517 0.1517
v -0.955061 -0.084665 0.345864 0.1517 0.1517 0.1517
v -0.973750 -0.082502 0.283750 0.1517 0.1517 0.1517
v -0.971319 -0.085000 0.283168 0.1517 0.1517 0.1517
v -0.973424 -0.083751 0.283672 0.1517 0.1517 0.1517
v -0.972534 -0.084665 0.283459 0.1517 0.1517 0.1517
v -0.986250 -0.082502 0.221250 0.1517 0.1517 0.1517
v -0.983781 -0.085000 0.220855 0.1517 0.1517 0.1517
v -0.985919 -0.083751 0.221197 0.1517 0.1517 0.1517
v -0.985016 -0.084665 0.221053 0.1517 0.1517 0.1517
v -0.993750 -0.082502 0.158750 0.1517 0.1517 0.1517
v -0.991258 -0.085000 0.158551 0.1517 0.1517 0.1517
v -0.993416 -0.083751 0.158723 0.1517 0.1517 0.1517
v -0.992504 -0.084665 0.158650 0.1517 0.1517 0.1517
v -0.996250 -0.082502 0.096250 0.1517 0.1517 0.1517
v -0.993750 -0.085000 0.096250 0.1517 0.1517 0.1517
v -0.995915 -0.083751 0.096250 0.1517 0.1517 0.1517
v -0.995000 -0.084665 0.096250 0.1517 0.1517 0.1517
v -0.993750 -0.082502 0.033750 0.1517 0.1517 0.1517
v -0.991256 -0.085000 0.033912 0.1517 0.1517 0.1517
v -0.993416 -0.083751 0.033772 0.1517 0.1517 0.1517
v -0.992503 -0.084665 0.033831 0.1517 0.1517 0.1517
v -0.988125 -0.082502 -0.028750 0.1517 0.1517 0.1517
v -0.985359 -0.085000 -0.031614 0.1517 0.1517 0.1517
v -0.987755 -0.083751 -0.029134 0.1517 0.1517 0.1517
v -0.986742 -0.084665 -0.030182 0.1517 0.1517 0.1517
v -0.979375 -0.082502 -0.091250 0.1517 0.1517 0.1517
v -0.977941 -0.085000 -0.084648 0.1517 0.1517 0.1517
v -0.979183 -0.083751 -0.090366 0.1517 0.1517 0.1517
v -0.978658 -0.084665 -0.087949 0.1517 0.1517 0.1517
v -0.967500 -0.082502 -0.153750 0.1517 0.1517 0.1517
v -0.964456 -0.085000 -0.155650 0.1517 0.1517 0.1517
v -0.967092 -0.083751 -0.154004 0.1517 0.1517 0.1517
v -0.965978 -0.084665 -0.154700 0.1517 0.1517 0.1517
v -0.952500 -0.082502 -0.216250 0.1517 0.1517 0.1517
v -0.949931 -0.085000 -0.216166 0.1517 0.1517 0.1517
v -0.952156 -0.083751 -0.216239 0.1517 0.1517 0.1517
v -0.951216 -0.084665 -0.216208 0.1517 0.1517 0.1517
v -0.933125 -0.082502 -0.278750 0.1517 0.1517 0.1517
v -0.930870 -0.085000 -0.277653 0.1517 0.1517 0.1517
v -0.932823 -0.083751 -0.278603 0.1517 0.1517 0.1517
v -0.931997 -0.084665 -0.278202 0.1517 0.1517 0.1517
v -0.909375 -0.082502 -0.341250 0.1517 0.1517 0.1517
v -0.907066 -0.085000 -0.340293 0.1517 0.1517 0.1517
v -0.909066 -0.083751 -0.341122 0.1517 0.1517 0.1517
v -0.908221 -0.084665 -0.340771 0.1517 0.1517 0.1517
v -0.881250 -0.082502 -0.403750 0.1517 0.1517 0.1517
v -0.878661 -0.085000 -0.403417 0.1517 0.1517 0.1517
v -0.880903 -0.083751 -0.403705 0.1517 0.1517 0.1517
v -0.879955 -0.084665 -0.403584 0.1517 0.1517 0.1517
v -0.848750 -0.082502 -0.466250 0.1517 0.1517 0.1517
v -0.845990 -0.085000 -0.466250 0.1517 0.1517 0.1517
v -0.848380 -0.083751 -0.466250 0.1517 0.1517 0.1517
v -0.847370 -0.084665 -0.466250 0.1517 0.1517 0.1517
v -0.822500 -0.082502 -0.528750 0.1517 0.1517 0.1517
v -0.820311 -0.085000 -0.527393 0.1517 0.1517 0.1517
v -0.822207 -0.083751 -0.528568 0.1517 0.1517 0.1517
v -0.821406 -0.084665 -0.528072 0.1517 0.1517 0.1517
v -0.802500 -0.082502 -0.591250 0.1517 0.1517 0.1517
v -0.800085 -0.085000 -0.590600 0.1517 0.1517 0.1517
v -0.802176 -0.083751 -0.591163 0.1517 0.1517 0.1517
v -0.801293 -0.084665 -0.590925 0.1517 0.1517 0.1517
v -0.788750 -0.082502 -0.653750 0.1517 0.1517 0.1517
v -0.786284 -0.085000 -0.653332 0.1517 0.1517 0.1517
v -0.788420 -0.083751 -0.653694 0.1517 0.1517 0.1517
v -0.787517 -0.084665 -0.653541 0.1517 0.1517 0.1517
v -0.781250 -0.082502 -0.716250 0.1517 0.1517 0.1517
v -0.778746 -0.085000 -0.716150 0.1517 0.1517 0.1517
v -0.780915 -0.083751 -0.716237 0.1517 0.1517 0.1517
v -0.779998 -0.084665 -0.716200 0.1517 0.1517 0.1517
v -0.783750 -0.082502 -0.778750 0.1517 0.1517 0.1517
v -0.781262 -0.085000 -0.779047 0.1517 0.1517 0.1517
v -0.783417 -0.083751 -0.778790 0.1517 0.1517 0.1517
v -0.782506 -0.084665 -0.778898 0.1517 0.1517 0.1517
v -0.796250 -0.082502 -0.841250 0.1517 0.1517 0.1517
v -0.793837 -0.085000 -0.841922 0.1517 0.1517 0.1517
v -0.795927 -0.083751 -0.841340 0.1517 0.1517 0.1517
v -0.795043 -0.084665 -0.841586 0.1517 0.1517 0.1517
v -0.818750 -0.082502 -0.903750 0.1517 0.1517 0.1517
v -0.816505 -0.085000 -0.904889 0.1517 0.1517 0.1517
v -0.818449 -0.083751 -0.903903 0.1517 0.1517 0.1517
v -0.817628 -0.084665 -0.904320 0.1517 0.1517 0.1517
v -0.851250 -0.082502 -0.966250 0.1517 0.1517 0.1517
v -0.849782 -0.085000 -0.968884 0.1517 0.1517 0.1517
v -0.851053 -0.083751 -0.966603 0.1517 0.1517 0.1517
v -0.850516 -0.084665 -0.967567 0.1517 0.1517 0.1517
v -0.881875 -0.082502 -1.028750 0.1517 0.1517 0.1517
v -0.879543 -0.085000 -1.029858 0.1517 0.1517 0.1517
v -0.881562 -0.083751 -1.028898 0.1517 0.1517 0.1517
v -0.880709 -0.084665 -1.029304 0.1517 0.1517 0.1517
v -0.910625 -0.082502 -1.091250 0.1517 0.1517 0.1517
v -0.909240 -0.085000 -1.094424 0.1517 0.1517 0.1517
v -0.910439 -0.083751 -1.091675 0.1517 0.1517 0.1517
v -0.909933 -0.084665 -1.092837 0.1517 0.1517 0.1517
v -0.937500 -0.082502 -1.153750 0.1517 0.1517 0.1517
v -0.936006 -0.085000 -1.156690 0.1517 0.1517 0.1517
v -0.937300 -0.083751 -1.154144 0.1517 0.1517 0.1517
v -0.936753 -0.084665 -1.155220 0.1517 0.1517 0.1517
v -0.962500 -0.082502 -1.216250 0.1517 0.1517 0.1517
v -0.960902 -0.085000 -1.218954 0.1517 0.1517 0.1517
v -0.962286 -0.083751 -1.216612 0.1517 0.1517 0.1517
v -0.961701 -0.084665 -1.217602 0.1517 0.1517 0.1517
v -0.983750 -0.082502 -1.278750 0.1517 0.1517 0.1517
v -0.979383 -0.085000 -1.273326 0.1517 0.1517 0.1517
v -0.983165 -0.083751 -1.278023 0.1517 0.1517 0.1517
v -0.981567 -0.084665 -1.276038 0.1517 0.1517 0.1517
v -1.001250 -0.082502 -1.341250 0.1517 0.1517 0.1517
v -0.999438 -0.085000 -1.344986 0.1517 0.1517 0.1517
v -1.001007 -0.083751 -1.341751 0.1517 0.1517 0.1517
v -1.000344 -0.084665 -1.343118 0.1517 0.1517 0.1517
v -1.015000 -0.082502 -1.403750 0.1517 0.1517 0.1517
v -1.013067 -0.085000 -1.407050 0.1517 0.1517 0.1517
v -1.014741 -0.083751 -1.404192 0.1517 0.1517 0.1517
v -1.014034 -0.084665 -1.405400 0.1517 0.1517 0.1517
v -1.025000 -0.082502 -1.466250 0.1517 0.1517 0.1517
v -1.022969 -0.085000 -1.469110 0.1517 0.1517 0.1517
v -1.024728 -0.083751 -1.466633 0.1517 0.1517 0.1517
v -1.023985 -0.084665 -1.467680 0.1517 0.1517 0.1517
v -1.026875 -0.082502 -1.528750 0.1517 0.1517 0.1517
v -1.024530 -0.085000 -1.521638 0.1517 0.1517 0.1517
v -1.026561 -0.083751 -1.527797 0.1517 0.1517 0.1517
v -1.025703 -0.084665 -1.525194 0.1517 0.1517 0.1517
v -1.020625 -0.082502 -1.591250 0.1517 0.1517 0.1517
v -1.016974 -0.085000 -1.596985 0.1517 0.1517 0.1517
v -1.020136 -0.083751 -1.592018 0.1517 0.1517 0.1517
v -1.018800 -0.084665 -1.594117 0.1517 0.1517 0.1517
v -1.006250 -0.082502 -1.653750 0.1517 0.1517 0.1517
v -1.002967 -0.085000 -1.657658 0.1517 0.1517 0.1517
v -1.005810 -0.083751 -1.654274 0.1517 0.1517 0.1517
v -1.004608 -0.084665 -1.655704 0.1517 0.1517 0.1517
v -0.983750 -0.082502 -1.716250 0.1517 0.1517 0.1517
v -0.982680 -0.085000 -1.713926 0.1517 0.1517 0.1517
v -0.983607 -0.083751 -1.715939 0.1517 0.1517 0.1517
v -0.983215 -0.084665 -1.715088 0.1517 0.1517 0.1517
v -0.901250 -0.082502 -1.778750 0.1517 0.1517 0.1517
v -0.899977 -0.085000 -1.776581 0.1517 0.1517 0.1517
v -0.901079 -0.083751 -1.778459 0.1517 0.1517 0.1517
v -0.900613 -0.084665 -1.777665 0.1517 0.1517 0.1517
v -0.758750 -0.082502 -1.841250 0.1517 0.1517 0.1517
v -0.757878 -0.085000 -1.838905 0.1517 0.1517 0.1517
v -0.758633 -0.083751 -1.840936 0.1517 0.1517 0.1517
v -0.758314 -0.084665 -1.840077 0.1517 0.1517 0.1517
v -0.556250 -0.082502 -1.903750 0.1517 0.1517 0.1517
v -0.555591 -0.085000 -1.901339 0.1517 0.1517 0.1517
v -0.556162 -0.083751 -1.903427 0.1517 0.1517 0.1517
v -0.555921 -0.084665 -1.902545 0.1517 0.1517 0.1517
v -0.293750 -0.082502 -1.966250 0.1517 0.1517 0.1517
v -0.293304 -0.085000 -1.963788 0.1517 0.1517 0.1517
v -0.293690 -0.083751 -1.965920 0.1517 0.1517 0.1517
v -0.293527 -0.084665 -1.965019 0.1517 0.1517 0.1517
v -0.043750 -0.082502 -1.997500 0.1517 0.1517 0.1517
v -0.043595 -0.085000 -1.995002 0.1517 0.1517 0.1517
v -0.043729 -0.083751 -1.997165 0.1517 0.1517 0.1517
v -0.043672 -0.084665 -1.996251 0.1517 0.1517 0.1517
v 0.193577 -0.085000 -1.995002 0.1517 0.1517 0.1517
v 0.193750 -0.082502 -1.997500 0.1517 0.1517 0.1517
v 0.193664 -0.084665 -1.996251 0.1517 0.1517 0.1517
v 0.193727 -0.083751 -1.997165 0.1517 0.1517 0.1517
v 0.418223 0.085000 -1.963801 0.1517 0.1517 0.1517
v 0.418750 0.082502 -1.966250 0.1517 0.1517 0.1517
v 0.418487 0.084665 -1.965025 0.1517 0.1517 0.1517
v 0.418679 0.083751 -1.965922 0.1517 0.1517 0.1517
v 0.630454 0.085000 -1.901380 0.1517 0.1517 0.1517
v 0.631250 0.082502 -1.903750 0.1517 0.1517 0.1517
v 0.630852 0.084665 -1.902565 0.1517 0.1517 0.1517
v 0.631143 0.083751 -1.903433 0.1517 0.1517 0.1517
v 0.795217 0.085000 -1.838970 0.1517 0.1517 0.1517
v 0.796250 0.082502 -1.841250 0.1517 0.1517 0.1517
v 0.795734 0.084665 -1.840110 0.1517 0.1517 0.1517
v 0.796112 0.083751 -1.840945 0.1517 0.1517 0.1517
v 0.912311 0.085000 -1.776686 0.1517 0.1517 0.1517
v 0.913750 0.082502 -1.778750 0.1517 0.1517 0.1517
v 0.913031 0.084665 -1.777718 0.1517 0.1517 0.1517
v 0.913557 0.083751 -1.778473 0.1517 0.1517 0.1517
v 0.982310 0.085000 -1.714187 0.1517 0.1517 0.1517
v 0.983750 0.082502 -1.716250 0.1517 0.1517 0.1517
v 0.983030 0.084665 -1.715219 0.1517 0.1517 0.1517
v 0.983557 0.083751 -1.715974 0.1517 0.1517 0.1517
v 1.002036 0.085000 -1.659444 0.1517 0.1517 0.1517
v 1.006250 0.082502 -1.653750 0.1517 0.1517 0.1517
v 1.004143 0.084665 -1.656598 0.1517 0.1517 0.1517
v 1.005685 0.083751 -1.654513 0.1517 0.1517 0.1517
v 1.019406 0.085000 -1.583979 0.1517 0.1517 0.1517
v 1.020625 0.082502 -1.591250 0.1517 0.1517 0.1517
v 1.020016 0.084665 -1.587615 0.1517 0.1517 0.1517
v 1.020462 0.083751 -1.590276 0.1517 0.1517 0.1517
v 1.024650 0.085000 -1.531765 0.1517 0.1517 0.1517
v 1.026875 0.082502 -1.528750 0.1517 0.1517 0.1517
v 1.025763 0.084665 -1.530257 0.1517 0.1517 0.1517
v 1.026577 0.083751 -1.529154 0.1517 0.1517 0.1517
v 1.022836 0.085000 -1.469797 0.1517 0.1517 0.1517
v 1.025000 0.082502 -1.466250 0.1517 0.1517 0.1517
v 1.023918 0.084665 -1.468024 0.1517 0.1517 0.1517
v 1.024710 0.083751 -1.466725 0.1517 0.1517 0.1517
v 1.012960 0.085000 -1.407830 0.1517 0.1517 0.1517
v 1.015000 0.082502 -1.403750 0.1517 0.1517 0.1517
v 1.013980 0.084665 -1.405790 0.1517 0.1517 0.1517
v 1.014727 0.083751 -1.404297 0.1517 0.1517 0.1517
v 0.996515 0.085000 -1.333014 0.1517 0.1517 0.1517
v 1.001250 0.082502 -1.341250 0.1517 0.1517 0.1517
v 0.998883 0.084665 -1.337132 0.1517 0.1517 0.1517
v 1.000616 0.083751 -1.340147 0.1517 0.1517 0.1517
v 0.982131 0.085000 -1.281620 0.1517 0.1517 0.1517
v 0.983750 0.082502 -1.278750 0.1517 0.1517 0.1517
v 0.982941 0.084665 -1.280185 0.1517 0.1517 0.1517
v 0.983533 0.083751 -1.279134 0.1517 0.1517 0.1517
v 0.960988 0.085000 -1.219389 0.1517 0.1517 0.1517
v 0.962500 0.082502 -1.216250 0.1517 0.1517 0.1517
v 0.961744 0.084665 -1.217819 0.1517 0.1517 0.1517
v 0.962297 0.083751 -1.216671 0.1517 0.1517 0.1517
v 0.936109 0.085000 -1.157157 0.1517 0.1517 0.1517
v 0.937500 0.082502 -1.153750 0.1517 0.1517 0.1517
v 0.936804 0.084665 -1.155454 0.1517 0.1517 0.1517
v 0.937314 0.083751 -1.154207 0.1517 0.1517 0.1517
v 0.908232 0.085000 -1.092315 0.1517 0.1517 0.1517
v 0.910625 0.082502 -1.091250 0.1517 0.1517 0.1517
v 0.909428 0.084665 -1.091782 0.1517 0.1517 0.1517
v 0.910304 0.083751 -1.091393 0.1517 0.1517 0.1517
v 0.880465 0.085000 -1.031604 0.1517 0.1517 0.1517
v 0.881875 0.082502 -1.028750 0.1517 0.1517 0.1517
v 0.881170 0.084665 -1.030177 0.1517 0.1517 0.1517
v 0.881686 0.083751 -1.029132 0.1517 0.1517 0.1517
v 0.849000 0.085000 -0.967386 0.1517 0.1517 0.1517
v 0.851250 0.082502 -0.966250 0.1517 0.1517 0.1517
v 0.850125 0.084665 -0.966818 0.1517 0.1517 0.1517
v 0.850948 0.083751 -0.966402 0.1517 0.1517 0.1517
v 0.816456 0.085000 -0.904754 0.1517 0.1517 0.1517
v 0.818750 0.082502 -0.903750 0.1517 0.1517 0.1517
v 0.817603 0.084665 -0.904252 0.1517 0.1517 0.1517
v 0.818443 0.083751 -0.903885 0.1517 0.1517 0.1517
v 0.793837 0.085000 -0.841922 0.1517 0.1517 0.1517
v 0.796250 0.082502 -0.841250 0.1517 0.1517 0.1517
v 0.795043 0.084665 -0.841586 0.1517 0.1517 0.1517
v 0.795927 0.083751 -0.841340 0.1517 0.1517 0.1517
v 0.781262 0.085000 -0.779047 0.1517 0.1517 0.1517
v 0.783750 0.082502 -0.778750 0.1517 0.1517 0.1517
v 0.782506 0.084665 -0.778898 0.1517 0.1517 0.1517
v 0.783417 0.083751 -0.778790 0.1517 0.1517 0.1517
v 0.778746 0.085000 -0.716150 0.1517 0.1517 0.1517
v 0.781250 0.082502 -0.716250 0.1517 0.1517 0.1517
v 0.779998 0.084665 -0.716200 0.1517 0.1517 0.1517
v 0.780915 0.083751 -0.716237 0.1517 0.1517 0.1517
v 0.786284 0.085000 -0.653332 0.1517 0.1517 0.1517
v 0.788750 0.082502 -0.653750 0.1517 0.1517 0.1517
v 0.787517 0.084665 -0.653541 0.1517 0.1517 0.1517
v 0.788420 0.083751 -0.653694 0.1517 0.1517 0.1517
v 0.800085 0.085000 -0.590600 0.1517 0.1517 0.1517
v 0.802500 0.082502 -0.591250 0.1517 0.1517 0.1517
v 0.801293 0.084665 -0.590925 0.1517 0.1517 0.1517
v 0.802176 0.083751 -0.591163 0.1517 0.1517 0.1517
v 0.820154 0.085000 -0.527884 0.1517 0.1517 0.1517
v 0.822500 0.082502 -0.528750 0.1517 0.1517 0.1517
v 0.821327 0.084665 -0.528317 0.1517 0.1517 0.1517
v 0.822186 0.083751 -0.528634 0.1517 0.1517 0.1517
v 0.846487 0.085000 -0.465188 0.1517 0.1517 0.1517
v 0.848750 0.082502 -0.466250 0.1517 0.1517 0.1517
v 0.847618 0.084665 -0.465719 0.1517 0.1517 0.1517
v 0.848447 0.083751 -0.466108 0.1517 0.1517 0.1517
v 0.879246 0.085000 -0.402189 0.1517 0.1517 0.1517
v 0.881250 0.082502 -0.403750 0.1517 0.1517 0.1517
v 0.880248 0.084665 -0.402969 0.1517 0.1517 0.1517
v 0.880982 0.083751 -0.403541 0.1517 0.1517 0.1517
v 0.906670 0.085000 -0.341250 0.1517 0.1517 0.1517
v 0.909375 0.082502 -0.341250 0.1517 0.1517 0.1517
v 0.908022 0.084665 -0.341250 0.1517 0.1517 0.1517
v 0.909013 0.083751 -0.341250 0.1517 0.1517 0.1517
v 0.931041 0.085000 -0.277120 0.1517 0.1517 0.1517
v 0.933125 0.082502 -0.278750 0.1517 0.1517 0.1517
v 0.932083 0.084665 -0.277935 0.1517 0.1517 0.1517
v 0.932846 0.083751 -0.278532 0.1517 0.1517 0.1517
v 0.949885 0.085000 -0.216337 0.1517 0.1517 0.1517
v 0.952500 0.082502 -0.216250 0.1517 0.1517 0.1517
v 0.951192 0.084665 -0.216293 0.1517 0.1517 0.1517
v 0.952150 0.083751 -0.216262 0.1517 0.1517 0.1517
v 0.964477 0.085000 -0.155539 0.1517 0.1517 0.1517
v 0.967500 0.082502 -0.153750 0.1517 0.1517 0.1517
v 0.965989 0.084665 -0.154644 0.1517 0.1517 0.1517
v 0.967095 0.083751 -0.153990 0.1517 0.1517 0.1517
v 0.977941 0.085000 -0.084648 0.1517 0.1517 0.1517
v 0.979375 0.082502 -0.091250 0.1517 0.1517 0.1517
v 0.978658 0.084665 -0.087949 0.1517 0.1517 0.1517
v 0.979183 0.083751 -0.090366 0.1517 0.1517 0.1517
v 0.985359 0.085000 -0.031614 0.1517 0.1517 0.1517
v 0.988125 0.082502 -0.028750 0.1517 0.1517 0.1517
v 0.986742 0.084665 -0.030182 0.1517 0.1517 0.1517
v 0.987755 0.083751 -0.029134 0.1517 0.1517 0.1517
v 0.991256 0.085000 0.033912 0.1517 0.1517 0.1517
v 0.993750 0.082502 0.033750 0.1517 0.1517 0.1517
v 0.992503 0.084665 0.033831 0.1517 0.1517 0.1517
v 0.993416 0.083751 0.033772 0.1517 0.1517 0.1517
v 0.993750 0.085000 0.096250 0.1517 0.1517 0.1517
v 0.996250 0.082502 0.096250 0.1517 0.1517 0.1517
v 0.995000 0.084665 0.096250 0.1517 0.1517 0.1517
v 0.995915 0.083751 0.096250 0.1517 0.1517 0.1517
v 0.991258 0.085000 0.158551 0.1517 0.1517 0.1517
v 0.993750 0.082502 0.158750 0.1517 0.1517 0.1517
v 0.992504 0.084665 0.158650 0.1517 0.1517 0.1517
v 0.993416 0.083751 0.158723 0.1517 0.1517 0.1517
v 0.983781 0.085000 0.220855 0.1517 0.1517 0.1517
v 0.986250 0.082502 0.221250 0.1517 0.1517 0.1517
v 0.985016 0.084665 0.221053 0.1517 0.1517 0.1517
v 0.985919 0.083751 0.221197 0.1517 0.1517 0.1517
v 0.971319 0.085000 0.283168 0.1517 0.1517 0.1517
v 0.973750 0.082502 0.283750 0.1517 0.1517 0.1517
v 0.972534 0.084665 0.283459 0.1517 0.1517 0.1517
v 0.973424 0.083751 0.283672 0.1517 0.1517 0.1517
v 0.953872 0.085000 0.345479 0.1517 0.1517 0.1517
v 0.956250 0.082502 0.346250 0.1517 0.1517 0.1517
v 0.955061 0.084665 0.345864 0.1517 0.1517 0.1517
v 0.955931 0.083751 0.346147 0.1517 0.1517 0.1517
v 0.929220 0.085000 0.412105 0.1517 0.1517 0.1517
v 0.933125 0.082502 0.408750 0.1517 0.1517 0.1517
v 0.931173 0.084665 0.410427 0.1517 0.1517 0.1517
v 0.932602 0.083751 0.409199 0.1517 0.1517 0.1517
v 0.906249 0.085000 0.462075 0.1517 0.1517 0.1517
v 0.904375 0.082502 0.471250 0.1517 0.1517 0.1517
v 0.905312 0.084665 0.466663 0.1517 0.1517 0.1517
v 0.904626 0.083751 0.470021 0.1517 0.1517 0.1517
v 0.865657 0.085000 0.535902 0.1517 0.1517 0.1517
v 0.870000 0.082502 0.533750 0.1517 0.1517 0.1517
v 0.867828 0.084665 0.534826 0.1517 0.1517 0.1517
v 0.869418 0.083751 0.534038 0.1517 0.1517 0.1517
v 0.828364 0.085000 0.594172 0.1517 0.1517 0.1517
v 0.830000 0.082502 0.596250 0.1517 0.1517 0.1517
v 0.829182 0.084665 0.595211 0.1517 0.1517 0.1517
v 0.829781 0.083751 0.595972 0.1517 0.1517 0.1517
v 0.783158 0.085000 0.658750 0.1517 0.1517 0.1517
v 0.786250 0.082502 0.658750 0.1517 0.1517 0.1517
v 0.784704 0.084665 0.658750 0.1517 0.1517 0.1517
v 0.785836 0.083751 0.658750 0.1517 0.1517 0.1517
v 0.737386 0.085000 0.718974 0.1517 0.1517 0.1517
v 0.738750 0.082502 0.721250 0.1517 0.1517 0.1517
v 0.738068 0.084665 0.720112 0.1517 0.1517 0.1517
v 0.738567 0.083751 0.720945 0.1517 0.1517 0.1517
v 0.685596 0.085000 0.782132 0.1517 0.1517 0.1517
v 0.687500 0.082502 0.783750 0.1517 0.1517 0.1517
v 0.686548 0.084665 0.782941 0.1517 0.1517 0.1517
v 0.687245 0.083751 0.783533 0.1517 0.1517 0.1517
v 0.632098 0.085000 0.842926 0.1517 0.1517 0.1517
v 0.632500 0.082502 0.846250 0.1517 0.1517 0.1517
v 0.632299 0.084665 0.844588 0.1517 0.1517 0.1517
v 0.632446 0.083751 0.845805 0.1517 0.1517 0.1517
v 0.587344 0.085000 0.910758 0.1517 0.1517 0.1517
v 0.591250 0.082502 0.908750 0.1517 0.1517 0.1517
v 0.589297 0.084665 0.909754 0.1517 0.1517 0.1517
v 0.590727 0.083751 0.909019 0.1517 0.1517 0.1517
v 0.561645 0.085000 0.969191 0.1517 0.1517 0.1517
v 0.563750 0.082502 0.971250 0.1517 0.1517 0.1517
v 0.562698 0.084665 0.970220 0.1517 0.1517 0.1517
v 0.563468 0.083751 0.970974 0.1517 0.1517 0.1517
v 0.547502 0.085000 1.033478 0.1517 0.1517 0.1517
v 0.550000 0.082502 1.033750 0.1517 0.1517 0.1517
v 0.548751 0.084665 1.033614 0.1517 0.1517 0.1517
v 0.549665 0.083751 1.033714 0.1517 0.1517 0.1517
v 0.547502 0.085000 1.096250 0.1517 0.1517 0.1517
v 0.550000 0.082502 1.096250 0.1517 0.1517 0.1517
v 0.548751 0.084665 1.096250 0.1517 0.1517 0.1517
v 0.549665 0.083751 1.096250 0.1517 0.1517 0.1517
v 0.547502 0.085000 1.158750 0.1517 0.1517 0.1517
v 0.550000 0.082502 1.158750 0.1517 0.1517 0.1517
v 0.548751 0.084665 1.158750 0.1517 0.1517 0.1517
v 0.549665 0.083751 1.158750 0.1517 0.1517 0.1517
v 0.547502 0.085000 1.221250 0.1517 0.1517 0.1517
v 0.550000 0.082502 1.221250 0.1517 0.1517 0.1517
v 0.548751 0.084665 1.221250 0.1517 0.1517 0.1517
v 0.549665 0.083751 1.221250 0.1517 0.1517 0.1517
v 0.547502 0.085000 1.284427 0.1517 0.1517 0.1517
v 0.550000 0.082502 1.283750 0.1517 0.1517 0.1517
v 0.548751 0.084665 1.284089 0.1517 0.1517 0.1517
v 0.549665 0.083751 1.283841 0.1517 0.1517 0.1517
v 0.547502 0.085000 1.346225 0.1517 0.1517 0.1517
v 0.550000 0.082502 1.346250 0.1517 0.1517 0.1517
v 0.548751 0.084665 1.346238 0.1517 0.1517 0.1517
v 0.549665 0.083751 1.346247 0.1517 0.1517 0.1517
v 0.546253 0.085000 1.408675 0.1517 0.1517 0.1517
v 0.548750 0.082502 1.408750 0.1517 0.1517 0.1517
v 0.547501 0.084665 1.408713 0.1517 0.1517 0.1517
v 0.548415 0.083751 1.408740 0.1517 0.1517 0.1517
v 0.543753 0.085000 1.471125 0.1517 0.1517 0.1517
v 0.546250 0.082502 1.471250 0.1517 0.1517 0.1517
v 0.545002 0.084665 1.471188 0.1517 0.1517 0.1517
v 0.545915 0.083751 1.471233 0.1517 0.1517 0.1517
v 0.539996 0.085000 1.533750 0.1517 0.1517 0.1517
v 0.542500 0.082502 1.533750 0.1517 0.1517 0.1517
v 0.541248 0.084665 1.533750 0.1517 0.1517 0.1517
v 0.542165 0.083751 1.533750 0.1517 0.1517 0.1517
v 0.535010 0.085000 1.596051 0.1517 0.1517 0.1517
v 0.537500 0.082502 1.596250 0.1517 0.1517 0.1517
v 0.536255 0.084665 1.596150 0.1517 0.1517 0.1517
v 0.537166 0.083751 1.596223 0.1517 0.1517 0.1517
v 0.530010 0.085000 1.658551 0.1517 0.1517 0.1517
v 0.532500 0.082502 1.658750 0.1517 0.1517 0.1517
v 0.531255 0.084665 1.658650 0.1517 0.1517 0.1517
v 0.532166 0.083751 1.658723 0.1517 0.1517 0.1517
v 0.525010 0.085000 1.721051 0.1517 0.1517 0.1517
v 0.527500 0.082502 1.721250 0.1517 0.1517 0.1517
v 0.526255 0.084665 1.721150 0.1517 0.1517 0.1517
v 0.527166 0.083751 1.721223 0.1517 0.1517 0.1517
v 0.520010 0.085000 1.783551 0.1517 0.1517 0.1517
v 0.522500 0.082502 1.783750 0.1517 0.1517 0.1517
v 0.521255 0.084665 1.783650 0.1517 0.1517 0.1517
v 0.522166 0.083751 1.783723 0.1517 0.1517 0.1517
v 0.515010 0.085000 1.846051 0.1517 0.1517 0.1517
v 0.517500 0.082502 1.846250 0.1517 0.1517 0.1517
v 0.516255 0.084665 1.846150 0.1517 0.1517 0.1517
v 0.517166 0.083751 1.846223 0.1517 0.1517 0.1517
v 0.510010 0.085000 1.908551 0.1517 0.1517 0.1517
v 0.512500 0.082502 1.908750 0.1517 0.1517 0.1517
v 0.511255 0.084665 1.908650 0.1517 0.1517 0.1517
v 0.512166 0.083751 1.908723 0.1517 0.1517 0.1517
v 0.505010 0.085000 1.971051 0.1517 0.1517 0.1517
v 0.507500 0.082502 1.971250 0.1517 0.1517 0.1517
v 0.506255 0.084665 1.971150 0.1517 0.1517 0.1517
v 0.507166 0.083751 1.971223 0.1517 0.1517 0.1517
v 0.500010 0.085000 2.033551 0.1517 0.1517 0.1517
v 0.502500 0.082502 2.033750 0.1517 0.1517 0.1517
v 0.501255 0.084665 2.033650 0.1517 0.1517 0.1517
v 0.502166 0.083751 2.033723 0.1517 0.1517 0.1517
v 0.495011 0.085000 2.096039 0.1517 0.1517 0.1517
v 0.497500 0.082502 2.096250 0.1517 0.1517 0.1517
v 0.496255 0.084665 2.096144 0.1517 0.1517 0.1517
v 0.497166 0.083751 2.096222 0.1517 0.1517 0.1517
v 0.489388 0.085000 2.158514 0.1517 0.1517 0.1517
v 0.491875 0.082502 2.158750 0.1517 0.1517 0.1517
v 0.490632 0.084665 2.158632 0.1517 0.1517 0.1517
v 0.491542 0.083751 2.158718 0.1517 0.1517 0.1517
v 0.483141 0.085000 2.220989 0.1517 0.1517 0.1517
v 0.485625 0.082502 2.221250 0.1517 0.1517 0.1517
v 0.484383 0.084665 2.221120 0.1517 0.1517 0.1517
v 0.485292 0.083751 2.221215 0.1517 0.1517 0.1517
v 0.476268 0.085000 2.283465 0.1517 0.1517 0.1517
v 0.478750 0.082502 2.283750 0.1517 0.1517 0.1517
v 0.477509 0.084665 2.283607 0.1517 0.1517 0.1517
v 0.478418 0.083751 2.283712 0.1517 0.1517 0.1517
v 0.468770 0.085000 2.345953 0.1517 0.1517 0.1517
v 0.471250 0.082502 2.346250 0.1517 0.1517 0.1517
v 0.470010 0.084665 2.346101 0.1517 0.1517 0.1517
v 0.470918 0.083751 2.346210 0.1517 0.1517 0.1517
v 0.461270 0.085000 2.408453 0.1517 0.1517 0.1517
v 0.463750 0.082502 2.408750 0.1517 0.1517 0.1517
v 0.462510 0.084665 2.408601 0.1517 0.1517 0.1517
v 0.463418 0.083751 2.408710 0.1517 0.1517 0.1517
v 0.453770 0.085000 2.470953 0.1517 0.1517 0.1517
v 0.456250 0.082502 2.471250 0.1517 0.1517 0.1517
v 0.455010 0.084665 2.471101 0.1517 0.1517 0.1517
v 0.455918 0.083751 2.471210 0.1517 0.1517 0.1517
v 0.446270 0.085000 2.533453 0.1517 0.1517 0.1517
v 0.448750 0.082502 2.533750 0.1517 0.1517 0.1517
v 0.447510 0.084665 2.533601 0.1517 0.1517 0.1517
v 0.448418 0.083751 2.533710 0.1517 0.1517 0.1517
v 0.438768 0.085000 2.595965 0.1517 0.1517 0.1517
v 0.441250 0.082502 2.596250 0.1517 0.1517 0.1517
v 0.440009 0.084665 2.596107 0.1517 0.1517 0.1517
v 0.440918 0.083751 2.596212 0.1517 0.1517 0.1517
v 0.431891 0.085000 2.658489 0.1517 0.1517 0.1517
v 0.434375 0.082502 2.658750 0.1517 0.1517 0.1517
v 0.433133 0.084665 2.658620 0.1517 0.1517 0.1517
v 0.434042 0.083751 2.658715 0.1517 0.1517 0.1517
v 0.425638 0.085000 2.721014 0.1517 0.1517 0.1517
v 0.428125 0.082502 2.721250 0.1517 0.1517 0.1517
v 0.426882 0.084665 2.721132 0.1517 0.1517 0.1517
v 0.427792 0.083751 2.721218 0.1517 0.1517 0.1517
v 0.420011 0.085000 2.783539 0.1517 0.1517 0.1517
v 0.422500 0.082502 2.783750 0.1517 0.1517 0.1517
v 0.421255 0.084665 2.783644 0.1517 0.1517 0.1517
v 0.422166 0.083751 2.783722 0.1517 0.1517 0.1517
v 0.415010 0.085000 2.846051 0.1517 0.1517 0.1517
v 0.417500 0.082502 2.846250 0.1517 0.1517 0.1517
v 0.416255 0.084665 2.846150 0.1517 0.1517 0.1517
v 0.417166 0.083751 2.846223 0.1517 0.1517 0.1517
v 0.410010 0.085000 2.908551 0.1517 0.1517 0.1517
v 0.412500 0.082502 2.908750 0.1517 0.1517 0.1517
v 0.411255 0.084665 2.908650 0.1517 0.1517 0.1517
v 0.412166 0.083751 2.908723 0.1517 0.1517 0.1517
v 0.405010 0.085000 2.971051 0.1517 0.1517 0.1517
v 0.407500 0.082502 2.971250 0.1517 0.1517 0.1517
v 0.406255 0.084665 2.971150 0.1517 0.1517 0.1517
v 0.407166 0.083751 2.971223 0.1517 0.1517 0.1517
v 0.400010 0.085000 3.033551 0.1517 0.1517 0.1517
v 0.402500 0.082502 3.033750 0.1517 0.1517 0.1517
v 0.401255 0.084665 3.033650 0.1517 0.1517 0.1517
v 0.402166 0.083751 3.033723 0.1517 0.1517 0.1517
v 0.395014 0.085000 3.096004 0.1517 0.1517 0.1517
v 0.397500 0.082502 3.096250 0.1517 0.1517 0.1517
v 0.396257 0.084665 3.096127 0.1517 0.1517 0.1517
v 0.397167 0.083751 3.096217 0.1517 0.1517 0.1517
v 0.388151 0.085000 3.154028 0.1517 0.1517 0.1517
v 0.390625 0.082502 3.154375 0.1517 0.1517 0.1517
v 0.389388 0.084665 3.154202 0.1517 0.1517 0.1517
v 0.390293 0.083751 3.154329 0.1517 0.1517 0.1517
v 0.379420 0.085000 3.207661 0.1517 0.1517 0.1517
v 0.381875 0.082502 3.208125 0.1517 0.1517 0.1517
v 0.380647 0.084665 3.207893 0.1517 0.1517 0.1517
v 0.381546 0.083751 3.208063 0.1517 0.1517 0.1517
v 0.368823 0.085000 3.256902 0.1517 0.1517 0.1517
v 0.371250 0.082502 3.257500 0.1517 0.1517 0.1517
v 0.370037 0.084665 3.257201 0.1517 0.1517 0.1517
v 0.370925 0.083751 3.257420 0.1517 0.1517 0.1517
v 0.356403 0.085000 3.301617 0.1517 0.1517 0.1517
v 0.358750 0.082502 3.302500 0.1517 0.1517 0.1517
v 0.357576 0.084665 3.302058 0.1517 0.1517 0.1517
v 0.358436 0.083751 3.302382 0.1517 0.1517 0.1517
v 0.341620 0.085000 3.332319 0.1517 0.1517 0.1517
v 0.342500 0.082502 3.336250 0.1517 0.1517 0.1517
v 0.342060 0.084665 3.334284 0.1517 0.1517 0.1517
v 0.342382 0.083751 3.335723 0.1517 0.1517 0.1517
v 0.318921 0.085000 3.357810 0.1517 0.1517 0.1517
v 0.322500 0.082502 3.358750 0.1517 0.1517 0.1517
v 0.320710 0.084665 3.358280 0.1517 0.1517 0.1517
v 0.322020 0.083751 3.358624 0.1517 0.1517 0.1517
v 0.296074 0.085000 3.368540 0.1517 0.1517 0.1517
v 0.298750 0.082502 3.370000 0.1517 0.1517 0.1517
v 0.297412 0.084665 3.369270 0.1517 0.1517 0.1517
v 0.298392 0.083751 3.369804 0.1517 0.1517 0.1517
v 0.269666 0.085000 3.368445 0.1517 0.1517 0.1517
v 0.271250 0.082502 3.370000 0.1517 0.1517 0.1517
v 0.270458 0.084665 3.369222 0.1517 0.1517 0.1517
v 0.271037 0.083751 3.369791 0.1517 0.1517 0.1517
v 0.254307 0.085000 3.359984 0.1517 0.1517 0.1517
v 0.250625 0.082502 3.358750 0.1517 0.1517 0.1517
v 0.252466 0.084665 3.359367 0.1517 0.1517 0.1517
v 0.251118 0.083751 3.358915 0.1517 0.1517 0.1517
v 0.239235 0.085000 3.335322 0.1517 0.1517 0.1517
v 0.236875 0.082502 3.336250 0.1517 0.1517 0.1517
v 0.238055 0.084665 3.335786 0.1517 0.1517 0.1517
v 0.237191 0.083751 3.336126 0.1517 0.1517 0.1517
v 0.232498 0.085000 3.302248 0.1517 0.1517 0.1517
v 0.230000 0.082502 3.302500 0.1517 0.1517 0.1517
v 0.231249 0.084665 3.302374 0.1517 0.1517 0.1517
v 0.230335 0.083751 3.302466 0.1517 0.1517 0.1517
v 0.232498 0.085000 3.257500 0.1517 0.1517 0.1517
v 0.230000 0.082502 3.257500 0.1517 0.1517 0.1517
v 0.231249 0.084665 3.257500 0.1517 0.1517 0.1517
v 0.230335 0.083751 3.257500 0.1517 0.1517 0.1517
v 0.232498 0.085000 3.208125 0.1517 0.1517 0.1517
v 0.230000 0.082502 3.208125 0.1517 0.1517 0.1517
v 0.231249 0.084665 3.208125 0.1517 0.1517 0.1517
v 0.230335 0.083751 3.208125 0.1517 0.1517 0.1517
v 0.232498 0.085000 3.154375 0.1517 0.1517 0.1517
v 0.230000 0.082502 3.154375 0.1517 0.1517 0.1517
v 0.231249 0.084665 3.154375 0.1517 0.1517 0.1517
v 0.230335 0.083751 3.154375 0.1517 0.1517 0.1517
v 0.232498 0.085000 3.096250 0.1517 0.1517 0.1517
v 0.230000 0.082502 3.096250 0.1517 0.1517 0.1517
v 0.231249 0.084665 3.096250 0.1517 0.1517 0.1517
v 0.230335 0.083751 3.096250 0.1517 0.1517 0.1517
v 0.232498 0.085000 3.033750 0.1517 0.1517 0.1517
v 0.230000 0.082502 3.033750 0.1517 0.1517 0.1517
v 0.231249 0.084665 3.033750 0.1517 0.1517 0.1517
v 0.230335 0.083751 3.033750 0.1517 0.1517 0.1517
v 0.232498 0.085000 2.971250 0.1517 0.1517 0.1517
v 0.230000 0.082502 2.971250 0.1517 0.1517 0.1517
v 0.231249 0.084665 2.971250 0.1517 0.1517 0.1517
v 0.230335 0.083751 2.971250 0.1517 0.1517 0.1517
v 0.232498 0.085000 2.908750 0.1517 0.1517 0.1517
v 0.230000 0.082502 2.908750 0.1517 0.1517 0.1517
v 0.231249 0.084665 2.908750 0.1517 0.1517 0.1517
v 0.230335 0.083751 2.908750 0.1517 0.1517 0.1517
v 0.232498 0.085000 2.846250 0.1517 0.1517 0.1517
v 0.230000 0.082502 2.846250 0.1517 0.1517 0.1517
v 0.231249 0.084665 2.846250 0.1517 0.1517 0.1517
v 0.230335 0.083751 2.846250 0.1517 0.1517 0.1517
v 0.232498 0.085000 2.783750 0.1517 0.1517 0.1517
v 0.230000 0.082502 2.783750 0.1517 0.1517 0.1517
v 0.231249 0.084665 2.783750 0.1517 0.1517 0.1517
v 0.230335 0.083751 2.783750 0.1517 0.1517 0.1517
v 0.232498 0.085000 2.721250 0.1517 0.1517 0.1517
v 0.230000 0.082502 2.721250 0.1517 0.1517 0.1517
v 0.231249 0.084665 2.721250 0.1517 0.1517 0.1517
v 0.230335 0.083751 2.721250 0.1517 0.1517 0.1517
v 0.232498 0.085000 2.658750 0.1517 0.1517 0.1517
v 0.230000 0.082502 2.658750 0.1517 0.1517 0.1517
v 0.231249 0.084665 2.658750 0.1517 0.1517 0.1517
v 0.230335 0.083751 2.658750 0.1517 0.1517 0.1517
v 0.232498 0.085000 2.596250 0.1517 0.1517 0.1517
v 0.230000 0.082502 2.596250 0.1517 0.1517 0.1517
v 0.231249 0.084665 2.596250 0.1517 0.1517 0.1517
v 0.230335 0.083751 2.596250 0.1517 0.1517 0.1517
v 0.232498 0.085000 2.533762 0.1517 0.1517 0.1517
v 0.230000 0.082502 2.533750 0.1517 0.1517 0.1517
v 0.231249 0.084665 2.533756 0.1517 0.1517 0.1517
v 0.230335 0.083751 2.533752 0.1517 0.1517 0.1517
v 0.233123 0.085000 2.471287 0.1517 0.1517 0.1517
v 0.230625 0.082502 2.471250 0.1517 0.1517 0.1517
v 0.231874 0.084665 2.471269 0.1517 0.1517 0.1517
v 0.230960 0.083751 2.471255 0.1517 0.1517 0.1517
v 0.234372 0.085000 2.408813 0.1517 0.1517 0.1517
v 0.231875 0.082502 2.408750 0.1517 0.1517 0.1517
v 0.233124 0.084665 2.408781 0.1517 0.1517 0.1517
v 0.232210 0.083751 2.408758 0.1517 0.1517 0.1517
v 0.236246 0.085000 2.346337 0.1517 0.1517 0.1517
v 0.233750 0.082502 2.346250 0.1517 0.1517 0.1517
v 0.234998 0.084665 2.346294 0.1517 0.1517 0.1517
v 0.234084 0.083751 2.346262 0.1517 0.1517 0.1517
v 0.238746 0.085000 2.283837 0.1517 0.1517 0.1517
v 0.236250 0.082502 2.283750 0.1517 0.1517 0.1517
v 0.237498 0.084665 2.283794 0.1517 0.1517 0.1517
v 0.236584 0.083751 2.283762 0.1517 0.1517 0.1517
v 0.240622 0.085000 2.221313 0.1517 0.1517 0.1517
v 0.238125 0.082502 2.221250 0.1517 0.1517 0.1517
v 0.239374 0.084665 2.221281 0.1517 0.1517 0.1517
v 0.238460 0.083751 2.221258 0.1517 0.1517 0.1517
v 0.241873 0.085000 2.158787 0.1517 0.1517 0.1517
v 0.239375 0.082502 2.158750 0.1517 0.1517 0.1517
v 0.240624 0.084665 2.158769 0.1517 0.1517 0.1517
v 0.239710 0.083751 2.158755 0.1517 0.1517 0.1517
v 0.242498 0.085000 2.096262 0.1517 0.1517 0.1517
v 0.240000 0.082502 2.096250 0.1517 0.1517 0.1517
v 0.241249 0.084665 2.096256 0.1517 0.1517 0.1517
v 0.240335 0.083751 2.096252 0.1517 0.1517 0.1517
v 0.242498 0.085000 2.033750 0.1517 0.1517 0.1517
v 0.240000 0.082502 2.033750 0.1517 0.1517 0.1517
v 0.241249 0.084665 2.033750 0.1517 0.1517 0.1517
v 0.240335 0.083751 2.033750 0.1517 0.1517 0.1517
v 0.242498 0.085000 1.971250 0.1517 0.1517 0.1517
v 0.240000 0.082502 1.971250 0.1517 0.1517 0.1517
v 0.241249 0.084665 1.971250 0.1517 0.1517 0.1517
v 0.240335 0.083751 1.971250 0.1517 0.1517 0.1517
v 0.242498 0.085000 1.908750 0.1517 0.1517 0.1517
v 0.240000 0.082502 1.908750 0.1517 0.1517 0.1517
v 0.241249 0.084665 1.908750 0.1517 0.1517 0.1517
v 0.240335 0.083751 1.908750 0.1517 0.1517 0.1517
v 0.242498 0.085000 1.846250 0.1517 0.1517 0.1517
v 0.240000 0.082502 1.846250 0.1517 0.1517 0.1517
v 0.241249 0.084665 1.846250 0.1517 0.1517 0.1517
v 0.240335 0.083751 1.846250 0.1517 0.1517 0.1517
v 0.242498 0.085000 1.783750 0.1517 0.1517 0.1517
v 0.240000 0.082502 1.783750 0.1517 0.1517 0.1517
v 0.241249 0.084665 1.783750 0.1517 0.1517 0.1517
v 0.240335 0.083751 1.783750 0.1517 0.1517 0.1517
v 0.242498 0.085000 1.721250 0.1517 0.1517 0.1517
v 0.240000 0.082502 1.721250 0.1517 0.1517 0.1517
v 0.241249 0.084665 1.721250 0.1517 0.1517 0.1517
v 0.240335 0.083751 1.721250 0.1517 0.1517 0.1517
v 0.242498 0.085000 1.658750 0.1517 0.1517 0.1517
v 0.240000 0.082502 1.658750 0.1517 0.1517 0.1517
v 0.241249 0.084665 1.658750 0.1517 0.1517 0.1517
v 0.240335 0.083751 1.658750 0.1517 0.1517 0.1517
v 0.242498 0.085000 1.596250 0.1517 0.1517 0.1517
v 0.240000 0.082502 1.596250 0.1517 0.1517 0.1517
v 0.241249 0.084665 1.596250 0.1517 0.1517 0.1517
v 0.240335 0.083751 1.596250 0.1517 0.1517 0.1517
v 0.242498 0.085000 1.533586 0.1517 0.1517 0.1517
v 0.240000 0.082502 1.533750 0.1517 0.1517 0.1517
v 0.241249 0.084665 1.533668 0.1517 0.1517 0.1517
v 0.240335 0.083751 1.533728 0.1517 0.1517 0.1517
v 0.234951 0.085000 1.476358 0.1517 0.1517 0.1517
v 0.232500 0.082502 1.476875 0.1517 0.1517 0.1517
v 0.233726 0.084665 1.476616 0.1517 0.1517 0.1517
v 0.232828 0.083751 1.476806 0.1517 0.1517 0.1517
v 0.219836 0.085000 1.424715 0.1517 0.1517 0.1517
v 0.217500 0.082502 1.425625 0.1517 0.1517 0.1517
v 0.218668 0.084665 1.425170 0.1517 0.1517 0.1517
v 0.217813 0.083751 1.425503 0.1517 0.1517 0.1517
v 0.197138 0.085000 1.378687 0.1517 0.1517 0.1517
v 0.195000 0.082502 1.380000 0.1517 0.1517 0.1517
v 0.196069 0.084665 1.379344 0.1517 0.1517 0.1517
v 0.195286 0.083751 1.379824 0.1517 0.1517 0.1517
v 0.166963 0.085000 1.338454 0.1517 0.1517 0.1517
v 0.165000 0.082502 1.340000 0.1517 0.1517 0.1517
v 0.165981 0.084665 1.339227 0.1517 0.1517 0.1517
v 0.165263 0.083751 1.339793 0.1517 0.1517 0.1517
v 0.136881 0.085000 1.302105 0.1517 0.1517 0.1517
v 0.135000 0.082502 1.303750 0.1517 0.1517 0.1517
v 0.135941 0.084665 1.302928 0.1517 0.1517 0.1517
v 0.135252 0.083751 1.303530 0.1517 0.1517 0.1517
v 0.106370 0.085000 1.269051 0.1517 0.1517 0.1517
v 0.105000 0.082502 1.271250 0.1517 0.1517 0.1517
v 0.105685 0.084665 1.270151 0.1517 0.1517 0.1517
v 0.105183 0.083751 1.270956 0.1517 0.1517 0.1517
v 0.077514 0.085000 1.241395 0.1517 0.1517 0.1517
v 0.075000 0.082502 1.242500 0.1517 0.1517 0.1517
v 0.076257 0.084665 1.241948 0.1517 0.1517 0.1517
v 0.075337 0.083751 1.242352 0.1517 0.1517 0.1517
v 0.046189 0.085000 1.215289 0.1517 0.1517 0.1517
v 0.045000 0.082502 1.217500 0.1517 0.1517 0.1517
v 0.045594 0.084665 1.216394 0.1517 0.1517 0.1517
v 0.045159 0.083751 1.217204 0.1517 0.1517 0.1517
v 0.015500 0.085000 1.202502 0.1517 0.1517 0.1517
v 0.015000 0.082502 1.205000 0.1517 0.1517 0.1517
v 0.015250 0.084665 1.203751 0.1517 0.1517 0.1517
v 0.015067 0.083751 1.204666 0.1517 0.1517 0.1517
v -0.015500 0.085000 1.202502 0.1517 0.1517 0.1517
v -0.015000 0.082502 1.205000 0.1517 0.1517 0.1517
v -0.015250 0.084665 1.203751 0.1517 0.1517 0.1517
v -0.015067 0.083751 1.204666 0.1517 0.1517 0.1517
v -0.046189 0.085000 1.215289 0.1517 0.1517 0.1517
v -0.045000 0.082502 1.217500 0.1517 0.1517 0.1517
v -0.045594 0.084665 1.216394 0.1517 0.1517 0.1517
v -0.045159 0.083751 1.217204 0.1517 0.1517 0.1517
v -0.077514 0.085000 1.241395 0.1517 0.1517 0.1517
v -0.075000 0.082502 1.242500 0.1517 0.1517 0.1517
v -0.076257 0.084665 1.241948 0.1517 0.1517 0.1517
v -0.075337 0.083751 1.242352 0.1517 0.1517 0.1517
v -0.106370 0.085000 1.269051 0.1517 0.1517 0.1517
v -0.105000 0.082502 1.271250 0.1517 0.1517 0.1517
v -0.105685 0.084665 1.270151 0.1517 0.1517 0.1517
v -0.105183 0.083751 1.270956 0.1517 0.1517 0.1517
v -0.136881 0.085000 1.302105 0.1517 0.1517 0.1517
v -0.135000 0.082502 1.303750 0.1517 0.1517 0.1517
v -0.135941 0.084665 1.302928 0.1517 0.1517 0.1517
v -0.135252 0.083751 1.303530 0.1517 0.1517 0.1517
v -0.166963 0.085000 1.338454 0.1517 0.1517 0.1517
v -0.165000 0.082502 1.340000 0.1517 0.1517 0.1517
v -0.165981 0.084665 1.339227 0.1517 0.1517 0.1517
v -0.165263 0.083751 1.339793 0.1517 0.1517 0.1517
v -0.197138 0.085000 1.378687 0.1517 0.1517 0.1517
v -0.195000 0.082502 1.380000 0.1517 0.1517 0.1517
v -0.196069 0.084665 1.379344 0.1517 0.1517 0.1517
v -0.195286 0.083751 1.379824 0.1517 0.1517 0.1517
v -0.219836 0.085000 1.424715 0.1517 0.1517 0.1517
v -0.217500 0.082502 1.425625 0.1517 0.1517 0.1517
v -0.218668 0.084665 1.425170 0.1517 0.1517 0.1517
v -0.217813 0.083751 1.425503 0.1517 0.1517 0.1517
v -0.234951 0.085000 1.476358 0.1517 0.1517 0.1517
v -0.232500 0.082502 1.476875 0.1517 0.1517 0.1517
v -0.233726 0.084665 1.476616 0.1517 0.1517 0.1517
v -0.232828 0.083751 1.476806 0.1517 0.1517 0.1517
v -0.242498 0.085000 1.533586 0.1517 0.1517 0.1517
v -0.240000 0.082502 1.533750 0.1517 0.1517 0.1517
v -0.241249 0.084665 1.533668 0.1517 0.1517 0.1517
v -0.240335 0.083751 1.533728 0.1517 0.1517 0.1517
v -0.242498 0.085000 1.596250 0.1517 0.1517 0.1517
v -0.240000 0.082502 1.596250 0.1517 0.1517 0.1517
v -0.241249 0.084665 1.596250 0.1517 0.1517 0.1517
v -0.240335 0.083751 1.596250 0.1517 0.1517 0.1517
v -0.242498 0.085000 1.658750 0.1517 0.1517 0.1517
v -0.240000 0.082502 1.658750 0.1517 0.1517 0.1517
v -0.241249 0.084665 1.658750 0.1517 0.1517 0.1517
v -0.240335 0.083751 1.658750 0.1517 0.1517 0.1517
v -0.242498 0.085000 1.721250 0.1517 0.1517 0.1517
v -0.240000 0.082502 1.721250 0.1517 0.1517 0.1517
v -0.241249 0.084665 1.721250 0.1517 0.1517 0.1517
v -0.240335 0.083751 1.721250 0.1517 0.1517 0.1517
v -0.242498 0.085000 1.783750 0.1517 0.1517 0.1517
v -0.240000 0.082502 1.783750 0.1517 0.1517 0.1517
v -0.241249 0.084665 1.783750 0.1517 0.1517 0.1517
v -0.240335 0.083751 1.783750 0.1517 0.1517 0.1517
v -0.242498 0.085000 1.846250 0.1517 0.1517 0.1517
v -0.240000 0.082502 1.846250 0.1517 0.1517 0.1517
v -0.241249 0.084665 1.846250 0.1517 0.1517 0.1517
v -0.240335 0.083751 1.846250 0.1517 0.1517 0.1517
v -0.242498 0.085000 1.908750 0.1517 0.1517 0.1517
v -0.240000 0.082502 1.908750 0.1517 0.1517 0.1517
v -0.241249 0.084665 1.908750 0.1517 0.1517 0.1517
v -0.240335 0.083751 1.908750 0.1517 0.1517 0.1517
v -0.242498 0.085000 1.971250 0.1517 0.1517 0.1517
v -0.240000 0.082502 1.971250 0.1517 0.1517 0.1517
v -0.241249 0.084665 1.971250 0.1517 0.1517 0.1517
v -0.240335 0.083751 1.971250 0.1517 0.1517 0.1517
v -0.242498 0.085000 2.033750 0.1517 0.1517 0.1517
v -0.240000 0.082502 2.033750 0.1517 0.1517 0.1517
v -0.241249 0.084665 2.033750 0.1517 0.1517 0.1517
v -0.240335 0.083751 2.033750 0.1517 0.1517 0.1517
v -0.242498 0.085000 2.096262 0.1517 0.1517 0.1517
v -0.240000 0.082502 2.096250 0.1517 0.1517 0.1517
v -0.241249 0.084665 2.096256 0.1517 0.1517 0.1517
v -0.240335 0.083751 2.096252 0.1517 0.1517 0.1517
v -0.241873 0.085000 2.158787 0.1517 0.1517 0.1517
v -0.239375 0.082502 2.158750 0.1517 0.1517 0.1517
v -0.240624 0.084665 2.158769 0.1517 0.1517 0.1517
v -0.239710 0.083751 2.158755 0.1517 0.1517 0.1517
v -0.240622 0.085000 2.221313 0.1517 0.1517 0.1517
v -0.238125 0.082502 2.221250 0.1517 0.1517 0.1517
v -0.239374 0.084665 2.221281 0.1517 0.1517 0.1517
v -0.238460 0.083751 2.221258 0.1517 0.1517 0.1517
v -0.238746 0.085000 2.283837 0.1517 0.1517 0.1517
v -0.236250 0.082502 2.283750 0.1517 0.1517 0.1517
v -0.237498 0.084665 2.283794 0.1517 0.1517 0.1517
v -0.236584 0.083751 2.283762 0.1517 0.1517 0.1517
v -0.236246 0.085000 2.346337 0.1517 0.1517 0.1517
v -0.233750 0.082502 2.346250 0.1517 0.1517 0.1517
v -0.234998 0.084665 2.346294 0.1517 0.1517 0.1517
v -0.234084 0.083751 2.346262 0.1517 0.1517 0.1517
v -0.234372 0.085000 2.408813 0.1517 0.1517 0.1517
v -0.231875 0.082502 2.408750 0.1517 0.1517 0.1517
v -0.233124 0.084665 2.408781 0.1517 0.1517 0.1517
v -0.232210 0.083751 2.408758 0.1517 0.1517 0.1517
v -0.233123 0.085000 2.471287 0.1517 0.1517 0.1517
v -0.230625 0.082502 2.471250 0.1517 0.1517 0.1517
v -0.231874 0.084665 2.471269 0.1517 0.1517 0.1517
v -0.230960 0.083751 2.471255 0.1517 0.1517 0.1517
v -0.232498 0.085000 2.533762 0.1517 0.1517 0.1517
v -0.230000 0.082502 2.533750 0.1517 0.1517 0.1517
v -0.231249 0.084665 2.533756 0.1517 0.1517 0.1517
v -0.230335 0.083751 2.533752 0.1517 0.1517 0.1517
v -0.232498 0.085000 2.596250 0.1517 0.1517 0.1517
v -0.230000 0.082502 2.596250 0.1517 0.1517 0.1517
v -0.231249 0.084665 2.596250 0.1517 0.1517 0.1517
v -0.230335 0.083751 2.596250 0.1517 0.1517 0.1517
v -0.232498 0.085000 2.658750 0.1517 0.1517 0.1517
v -0.230000 0.082502 2.658750 0.1517 0.1517 0.1517
v -0.231249 0.084665 2.658750 0.1517 0.1517 0.1517
v -0.230335 0.083751 2.658750 0.1517 0.1517 0.1517
v -0.232498 0.085000 2.721250 0.1517 0.1517 0.1517
v -0.230000 0.082502 2.721250 0.1517 0.1517 0.1517
v -0.231249 0.084665 2.721250 0.1517 0.1517 0.1517
v -0.230335 0.083751 2.721250 0.1517 0.1517 0.1517
v -0.232498 0.085000 2.783750 0.1517 0.1517 0.1517
v -0.230000 0.082502 2.783750 0.1517 0.1517 0.1517
v -0.231249 0.084665 2.783750 0.1517 0.1517 0.1517
v -0.230335 0.083751 2.783750 0.1517 0.1517 0.1517
v -0.232498 0.085000 2.846250 0.1517 0.1517 0.1517
v -0.230000 0.082502 2.846250 0.1517 0.1517 0.1517
v -0.231249 0.084665 2.846250 0.1517 0.1517 0.1517
v -0.230335 0.083751 2.846250 0.1517 0.1517 0.1517
v -0.232498 0.085000 2.908750 0.1517 0.1517 0.1517
v -0.230000 0.082502 2.908750 0.1517 0.1517 0.1517
v -0.231249 0.084665 2.908750 0.1517 0.1517 0.1517
v -0.230335 0.083751 2.908750 0.1517 0.1517 0.1517
v -0.232498 0.085000 2.971250 0.1517 0.1517 0.1517
v -0.230000 0.082502 2.971250 0.1517 0.1517 0.1517
v -0.231249 0.084665 2.971250 0.1517 0.1517 0.1517
v -0.230335 0.083751 2.971250 0.1517 0.1517 0.1517
v -0.232498 0.085000 3.033750 0.1517 0.1517 0.1517
v -0.230000 0.082502 3.033750 0.1517 0.1517 0.1517
v -0.231249 0.084665 3.033750 0.1517 0.1517 0.1517
v -0.230335 0.083751 3.033750 0.1517 0.1517 0.1517
v -0.232498 0.085000 3.096250 0.1517 0.1517 0.1517
v -0.230000 0.082502 3.096250 0.1517 0.1517 0.1517
v -0.231249 0.084665 3.096250 0.1517 0.1517 0.1517
v -0.230335 0.083751 3.096250 0.1517 0.1517 0.1517
v -0.232498 0.085000 3.154375 0.1517 0.1517 0.1517
v -0.230000 0.082502 3.154375 0.1517 0.1517 0.1517
v -0.231249 0.084665 3.154375 0.1517 0.1517 0.1517
v -0.230335 0.083751 3.154375 0.1517 0.1517 0.1517
v -0.232498 0.085000 3.208125 0.1517 0.1517 0.1517
v -0.230000 0.082502 3.208125 0.1517 0.1517 0.1517
v -0.231249 0.084665 3.208125 0.1517 0.1517 0.1517
v -0.230335 0.083751 3.208125 0.1517 0.1517 0.1517
v -0.232498 0.085000 3.257500 0.1517 0.1517 0.1517
v -0.230000 0.082502 3.257500 0.1517 0.1517 0.1517
v -0.231249 0.084665 3.257500 0.1517 0.1517 0.1517
v -0.230335 0.083751 3.257500 0.1517 0.1517 0.1517
v -0.232498 0.085000 3.302248 0.1517 0.1517 0.1517
v -0.230000 0.082502 3.302500 0.1517 0.1517 0.1517
v -0.231249 0.084665 3.302374 0.1517 0.1517 0.1517
v -0.230335 0.083751 3.302466 0.1517 0.1517 0.1517
v -0.239235 0.085000 3.335322 0.1517 0.1517 0.1517
v -0.236875 0.082502 3.336250 0.1517 0.1517 0.1517
v -0.238055 0.084665 3.335786 0.1517 0.1517 0.1517
v -0.237191 0.083751 3.336126 0.1517 0.1517 0.1517
v -0.254307 0.085000 3.359984 0.1517 0.1517 0.1517
v -0.250625 0.082502 3.358750 0.1517 0.1517 0.1517
v -0.252466 0.084665 3.359367 0.1517 0.1517 0.1517
v -0.251118 0.083751 3.358915 0.1517 0.1517 0.1517
v -0.269666 0.085000 3.368445 0.1517 0.1517 0.1517
v -0.271250 0.082502 3.370000 0.1517 0.1517 0.1517
v -0.270458 0.084665 3.369222 0.1517 0.1517 0.1517
v -0.271037 0.083751 3.369791 0.1517 0.1517 0.1517
v -0.296074 0.085000 3.368540 0.1517 0.1517 0.1517
v -0.298750 0.082502 3.370000 0.1517 0.1517 0.1517
v -0.297412 0.084665 3.369270 0.1517 0.1517 0.1517
v -0.298392 0.083751 3.369804 0.1517 0.1517 0.1517
v -0.318921 0.085000 3.357810 0.1517 0.1517 0.1517
v -0.322500 0.082502 3.358750 0.1517 0.1517 0.1517
v -0.320710 0.084665 3.358280 0.1517 0.1517 0.1517
v -0.322020 0.083751 3.358624 0.1517 0.1517 0.1517
v -0.341620 0.085000 3.332319 0.1517 0.1517 0.1517
v -0.342500 0.082502 3.336250 0.1517 0.1517 0.1517
v -0.342060 0.084665 3.334284 0.1517 0.1517 0.1517
v -0.342382 0.083751 3.335723 0.1517 0.1517 0.1517
v -0.356403 0.085000 3.301617 0.1517 0.1517 0.1517
v -0.358750 0.082502 3.302500 0.1517 0.1517 0.1517
v -0.357576 0.084665 3.302058 0.1517 0.1517 0.1517
v -0.358436 0.083751 3.302382 0.1517 0.1517 0.1517
v -0.368823 0.085000 3.256902 0.1517 0.1517 0.1517
v -0.371250 0.082502 3.257500 0.1517 0.1517 0.1517
v -0.370037 0.084665 3.257201 0.1517 0.1517 0.1517
v -0.370925 0.083751 3.257420 0.1517 0.1517 0.1517
v -0.379420 0.085000 3.207661 0.1517 0.1517 0.1517
v -0.381875 0.082502 3.208125 0.1517 0.1517 0.1517
v -0.380647 0.084665 3.207893 0.1517 0.1517 0.1517
v -0.381546 0.083751 3.208063 0.1517 0.1517 0.1517
v -0.388151 0.085000 3.154028 0.1517 0.1517 0.1517
v -0.390625 0.082502 3.154375 0.1517 0.1517 0.1517
v -0.389388 0.084665 3.154202 0.1517 0.1517 0.1517
v -0.390293 0.083751 3.154329 0.1517 0.1517 0.1517
v -0.395014 0.085000 3.096004 0.1517 0.1517 0.1517
v -0.397500 0.082502 3.096250 0.1517 0.1517 0.1517
v -0.396257 0.084665 3.096127 0.1517 0.1517 0.1517
v -0.397167 0.083751 3.096217 0.1517 0.1517 0.1517
v -0.400010 0.085000 3.033551 0.1517 0.1517 0.1517
v -0.402500 0.082502 3.033750 0.1517 0.1517 0.1517
v -0.401255 0.084665 3.033650 0.1517 0.1517 0.1517
v -0.402166 0.083751 3.033723 0.1517 0.1517 0.1517
v -0.405010 0.085000 2.971051 0.1517 0.1517 0.1517
v -0.407500 0.082502 2.971250 0.1517 0.1517 0.1517
v -0.406255 0.084665 2.971150 0.1517 0.1517 0.1517
v -0.407166 0.083751 2.971223 0.1517 0.1517 0.1517
v -0.410010 0.085000 2.908551 0.1517 0.1517 0.1517
v -0.412500 0.082502 2.908750 0.1517 0.1517 0.1517
v -0.411255 0.084665 2.908650 0.1517 0.1517 0.1517
v -0.412166 0.083751 2.908723 0.1517 0.1517 0.1517
v -0.415010 0.085000 2.846051 0.1517 0.1517 0.1517
v -0.417500 0.082502 2.846250 0.1517 0.1517 0.1517
v -0.416255 0.084665 2.846150 0.1517 0.1517 0.1517
v -0.417166 0.083751 2.846223 0.1517 0.1517 0.1517
v -0.420011 0.085000 2.783539 0.1517 0.1517 0.1517
v -0.422500 0.082502 2.783750 0.1517 0.1517 0.1517
v -0.421255 0.084665 2.783644 0.1517 0.1517 0.1517
v -0.422166 0.083751 2.783722 0.1517 0.1517 0.1517
v -0.425638 0.085000 2.721014 0.1517 0.1517 0.1517
v -0.428125 0.082502 2.721250 0.1517 0.1517 0.1517
v -0.426882 0.084665 2.721132 0.1517 0.1517 0.1517
v -0.427792 0.083751 2.721218 0.1517 0.1517 0.1517
v -0.431891 0.085000 2.658489 0.1517 0.1517 0.1517
v -0.434375 0.082502 2.658750 0.1517 0.1517 0.1517
v -0.433133 0.084665 2.658620 0.1517 0.1517 0.1517
v -0.434042 0.083751 2.658715 0.1517 0.1517 0.1517
v -0.438768 0.085000 2.595965 0.1517 0.1517 0.1517
v -0.441250 0.082502 2.596250 0.1517 0.1517 0.1517
v -0.440009 0.084665 2.596107 0.1517 0.1517 0.1517
v -0.440918 0.083751 2.596212 0.1517 0.1517 0.1517
v -0.446270 0.085000 2.533453 0.1517 0.1517 0.1517
v -0.448750 0.082502 2.533750 0.1517 0.1517 0.1517
v -0.447510 0.084665 2.533601 0.1517 0.1517 0.1517
v -0.448418 0.083751 2.533710 0.1517 0.1517 0.1517
v -0.453770 0.085000 2.470953 0.1517 0.1517 0.1517
v -0.456250 0.082502 2.471250 0.1517 0.1517 0.1517
v -0.455010 0.084665 2.471101 0.1517 0.1517 0.1517
v -0.455918 0.083751 2.471210 0.1517 0.1517 0.1517
v -0.461270 0.085000 2.408453 0.1517 0.1517 0.1517
v -0.463750 0.082502 2.408750 0.1517 0.1517 0.1517
v -0.462510 0.084665 2.408601 0.1517 0.1517 0.1517
v -0.463418 0.083751 2.408710 0.1517 0.1517 0.1517
v -0.468770 0.085000 2.345953 0.1517 0.1517 0.1517
v -0.471250 0.082502 2.346250 0.1517 0.1517 0.1517
v -0.470010 0.084665 2.346101 0.1517 0.1517 0.1517
v -0.470918 0.083751 2.346210 0.1517 0.1517 0.1517
v -0.476268 0.085000 2.283465 0.1517 0.1517 0.1517
v -0.478750 0.082502 2.283750 0.1517 0.1517 0.1517
v -0.477509 0.084665 2.283607 0.1517 0.1517 0.1517
v -0.478418 0.083751 2.283712 0.1517 0.1517 0.1517
v -0.483141 0.085000 2.220989 0.1517 0.1517 0.1517
v -0.485625 0.082502 2.221250 0.1517 0.1517 0.1517
v -0.484383 0.084665 2.221120 0.1517 0.1517 0.1517
v -0.485292 0.083751 2.221215 0.1517 0.1517 0.1517
v -0.489388 0.085000 2.158514 0.1517 0.1517 0.1517
v -0.491875 0.082502 2.158750 0.1517 0.1517 0.1517
v -0.490632 0.084665 2.158632 0.1517 0.1517 0.1517
v -0.491542 0.083751 2.158718 0.1517 0.1517 0.1517
v -0.495011 0.085000 2.096039 0.1517 0.1517 0.1517
v -0.497500 0.082502 2.096250 0.1517 0.1517 0.1517
v -0.496255 0.084665 2.096144 0.1517 0.1517 0.1517
v -0.497166 0.083751 2.096222 0.1517 0.1517 0.1517
v -0.500010 0.085000 2.033551 0.1517 0.1517 0.1517
v -0.502500 0.082502 2.033750 0.1517 0.1517 0.1517
v -0.501255 0.084665 2.033650 0.1517 0.1517 0.1517
v -0.502166 0.083751 2.033723 0.1517 0.1517 0.1517
v -0.505010 0.085000 1.971051 0.1517 0.1517 0.1517
v -0.507500 0.082502 1.971250 0.1517 0.1517 0.1517
v -0.506255 0.084665 1.971150 0.1517 0.1517 0.1517
v -0.507166 0.083751 1.971223 0.1517 0.1517 0.1517
v -0.510010 0.085000 1.908551 0.1517 0.1517 0.1517
v -0.512500 0.082502 1.908750 0.1517 0.1517 0.1517
v -0.511255 0.084665 1.908650 0.1517 0.1517 0.1517
v -0.512166 0.083751 1.908723 0.1517 0.1517 0.1517
v -0.515010 0.085000 1.846051 0.1517 0.1517 0.1517
v -0.517500 0.082502 1.846250 0.1517 0.1517 0.1517
v -0.516255 0.084665 1.846150 0.1517 0.1517 0.1517
v -0.517166 0.083751 1.846223 0.1517 0.1517 0.1517
v -0.520010 0.085000 1.783551 0.1517 0.1517 0.1517
v -0.522500 0.082502 1.783750 0.1517 0.1517 0.1517
v -0.521255 0.084665 1.783650 0.1517 0.1517 0.1517
v -0.522166 0.083751 1.783723 0.1517 0.1517 0.1517
v -0.525010 0.085000 1.721051 0.1517 0.1517 0.1517
v -0.527500 0.082502 1.721250 0.1517 0.1517 0.1517
v -0.526255 0.084665 1.721150 0.1517 0.1517 0.1517
v -0.527166 0.083751 1.721223 0.1517 0.1517 0.1517
v -0.530010 0.085000 1.658551 0.1517 0.1517 0.1517
v -0.532500 0.082502 1.658750 0.1517 0.1517 0.1517
v -0.531255 0.084665 1.658650 0.1517 0.1517 0.1517
v -0.532166 0.083751 1.658723 0.1517 0.1517 0.1517
v -0.535010 0.085000 1.596051 0.1517 0.1517 0.1517
v -0.537500 0.082502 1.596250 0.1517 0.1517 0.1517
v -0.536255 0.084665 1.596150 0.1517 0.1517 0.1517
v -0.537166 0.083751 1.596223 0.1517 0.1517 0.1517
v -0.539996 0.085000 1.533750 0.1517 0.1517 0.1517
v -0.542500 0.082502 1.533750 0.1517 0.1517 0.1517
v -0.541248 0.084665 1.533750 0.1517 0.1517 0.1517
v -0.542165 0.083751 1.533750 0.1517 0.1517 0.1517
v -0.543753 0.085000 1.471125 0.1517 0.1517 0.1517
v -0.546250 0.082502 1.471250 0.1517 0.1517 0.1517
v -0.545002 0.084665 1.471188 0.1517 0.1517 0.1517
v -0.545915 0.083751 1.471233 0.1517 0.1517 0.1517
v -0.546253 0.085000 1.408675 0.1517 0.1517 0.1517
v -0.548750 0.082502 1.408750 0.1517 0.1517 0.1517
v -0.547501 0.084665 1.408713 0.1517 0.1517 0.1517
v -0.548415 0.083751 1.408740 0.1517 0.1517 0.1517
v -0.547502 0.085000 1.346225 0.1517 0.1517 0.1517
v -0.550000 0.082502 1.346250 0.1517 0.1517 0.1517
v -0.548751 0.084665 1.346238 0.1517 0.1517 0.1517
v -0.549665 0.083751 1.346247 0.1517 0.1517 0.1517
v -0.547502 0.085000 1.284427 0.1517 0.1517 0.1517
v -0.550000 0.082502 1.283750 0.1517 0.1517 0.1517
v -0.548751 0.084665 1.284089 0.1517 0.1517 0.1517
v -0.549665 0.083751 1.283841 0.1517 0.1517 0.1517
v -0.547502 0.085000 1.221250 0.1517 0.1517 0.1517
v -0.550000 0.082502 1.221250 0.1517 0.1517 0.1517
v -0.548751 0.084665 1.221250 0.1517 0.1517 0.1517
v -0.549665 0.083751 1.221250 0.1517 0.1517 0.1517
v -0.547502 0.085000 1.158750 0.1517 0.1517 0.1517
v -0.550000 0.082502 1.158750 0.1517 0.1517 0.1517
v -0.548751 0.084665 1.158750 0.1517 0.1517 0.1517
v -0.549665 0.083751 1.158750 0.1517 0.1517 0.1517
v -0.547502 0.085000 1.096250 0.1517 0.1517 0.1517
v -0.550000 0.082502 1.096250 0.1517 0.1517 0.1517
v -0.548751 0.084665 1.096250 0.1517 0.1517 0.1517
v -0.549665 0.083751 1.096250 0.1517 0.1517 0.1517
v -0.547502 0.085000 1.033478 0.1517 0.1517 0.1517
v -0.550000 0.082502 1.033750 0.1517 0.1517 0.1517
v -0.548751 0.084665 1.033614 0.1517 0.1517 0.1517
v -0.549665 0.083751 1.033714 0.1517 0.1517 0.1517
v -0.561645 0.085000 0.969191 0.1517 0.1517 0.1517
v -0.563750 0.082502 0.971250 0.1517 0.1517 0.1517
v -0.562698 0.084665 0.970220 0.1517 0.1517 0.1517
v -0.563468 0.083751 0.970974 0.1517 0.1517 0.1517
v -0.587344 0.085000 0.910758 0.1517 0.1517 0.1517
v -0.591250 0.082502 0.908750 0.1517 0.1517 0.1517
v -0.589297 0.084665 0.909754 0.1517 0.1517 0.1517
v -0.590727 0.083751 0.909019 0.1517 0.1517 0.1517
v -0.632098 0.085000 0.842926 0.1517 0.1517 0.1517
v -0.632500 0.082502 0.846250 0.1517 0.1517 0.1517
v -0.632299 0.084665 0.844588 0.1517 0.1517 0.1517
v -0.632446 0.083751 0.845805 0.1517 0.1517 0.1517
v -0.685596 0.085000 0.782132 0.1517 0.1517 0.1517
v -0.687500 0.082502 0.783750 0.1517 0.1517 0.1517
v -0.686548 0.084665 0.782941 0.1517 0.1517 0.1517
v -0.687245 0.083751 0.783533 0.1517 0.1517 0.1517
v -0.736789 0.085000 0.719702 0.1517 0.1517 0.1517
v -0.738750 0.082502 0.721250 0.1517 0.1517 0.1517
v -0.737769 0.084665 0.720476 0.1517 0.1517 0.1517
v -0.738487 0.083751 0.721043 0.1517 0.1517 0.1517
v -0.784231 0.085000 0.657278 0.1517 0.1517 0.1517
v -0.786250 0.082502 0.658750 0.1517 0.1517 0.1517
v -0.785241 0.084665 0.658014 0.1517 0.1517 0.1517
v -0.785979 0.083751 0.658553 0.1517 0.1517 0.1517
v -0.827925 0.085000 0.594859 0.1517 0.1517 0.1517
v -0.830000 0.082502 0.596250 0.1517 0.1517 0.1517
v -0.828962 0.084665 0.595554 0.1517 0.1517 0.1517
v -0.829722 0.083751 0.596064 0.1517 0.1517 0.1517
v -0.865657 0.085000 0.535902 0.1517 0.1517 0.1517
v -0.870000 0.082502 0.533750 0.1517 0.1517 0.1517
v -0.867828 0.084665 0.534826 0.1517 0.1517 0.1517
v -0.869418 0.083751 0.534038 0.1517 0.1517 0.1517
v -0.906249 0.085000 0.462075 0.1517 0.1517 0.1517
v -0.904375 0.082502 0.471250 0.1517 0.1517 0.1517
v -0.905312 0.084665 0.466663 0.1517 0.1517 0.1517
v -0.904626 0.083751 0.470021 0.1517 0.1517 0.1517
v -0.929220 0.085000 0.412105 0.1517 0.1517 0.1517
v -0.933125 0.082502 0.408750 0.1517 0.1517 0.1517
v -0.931173 0.084665 0.410427 0.1517 0.1517 0.1517
v -0.932602 0.083751 0.409199 0.1517 0.1517 0.1517
v -0.953872 0.085000 0.345479 0.1517 0.1517 0.1517
v -0.956250 0.082502 0.346250 0.1517 0.1517 0.1517
v -0.955061 0.084665 0.345864 0.1517 0.1517 0.1517
v -0.955931 0.083751 0.346147 0.1517 0.1517 0.1517
v -0.971319 0.085000 0.283168 0.1517 0.1517 0.1517
v -0.973750 0.082502 0.283750 0.1517 0.1517 0.1517
v -0.972534 0.084665 0.283459 0.1517 0.1517 0.1517
v -0.973424 0.083751 0.283672 0.1517 0.1517 0.1517
v -0.983781 0.085000 0.220855 0.1517 0.1517 0.1517
v -0.986250 0.082502 0.221250 0.1517 0.1517 0.1517
v -0.985016 0.084665 0.221053 0.1517 0.1517 0.1517
v -0.985919 0.083751 0.221197 0.1517 0.1517 0.1517
v -0.991258 0.085000 0.158551 0.1517 0.1517 0.1517
v -0.993750 0.082502 0.158750 0.1517 0.1517 0.1517
v -0.992504 0.084665 0.158650 0.1517 0.1517 0.1517
v -0.993416 0.083751 0.158723 0.1517 0.1517 0.1517
v -0.993750 0.085000 0.096250 0.1517 0.1517 0.1517
v -0.996250 0.082502 0.096250 0.1517 0.1517 0.1517
v -0.995000 0.084665 0.096250 0.1517 0.1517 0.1517
v -0.995915 0.083751 0.096250 0.1517 0.1517 0.1517
v -0.991256 0.085000 0.033912 0.1517 0.1517 0.1517
v -0.993750 0.082502 0.033750 0.1517 0.1517 0.1517
v -0.992503 0.084665 0.033831 0.1517 0.1517 0.1517
v -0.993416 0.083751 0.033772 0.1517 0.1517 0.1517
v -0.985359 0.085000 -0.031614 0.1517 0.1517 0.1517
v -0.988125 0.082502 -0.028750 0.1517 0.1517 0.1517
v -0.986742 0.084665 -0.030182 0.1517 0.1517 0.1517
v -0.987755 0.083751 -0.029134 0.1517 0.1517 0.1517
v -0.977941 0.085000 -0.084648 0.1517 0.1517 0.1517
v -0.979375 0.082502 -0.091250 0.1517 0.1517 0.1517
v -0.978658 0.084665 -0.087949 0.1517 0.1517 0.1517
v -0.979183 0.083751 -0.090366 0.1517 0.1517 0.1517
v -0.964456 0.085000 -0.155650 0.1517 0.1517 0.1517
v -0.967500 0.082502 -0.153750 0.1517 0.1517 0.1517
v -0.965978 0.084665 -0.154700 0.1517 0.1517 0.1517
v -0.967092 0.083751 -0.154004 0.1517 0.1517 0.1517
v -0.949931 0.085000 -0.216166 0.1517 0.1517 0.1517
v -0.952500 0.082502 -0.216250 0.1517 0.1517 0.1517
v -0.951216 0.084665 -0.216208 0.1517 0.1517 0.1517
v -0.952156 0.083751 -0.216239 0.1517 0.1517 0.1517
v -0.930870 0.085000 -0.277653 0.1517 0.1517 0.1517
v -0.933125 0.082502 -0.278750 0.1517 0.1517 0.1517
v -0.931997 0.084665 -0.278202 0.1517 0.1517 0.1517
v -0.932823 0.083751 -0.278603 0.1517 0.1517 0.1517
v -0.907066 0.085000 -0.340293 0.1517 0.1517 0.1517
v -0.909375 0.082502 -0.341250 0.1517 0.1517 0.1517
v -0.908221 0.084665 -0.340771 0.1517 0.1517 0.1517
v -0.909066 0.083751 -0.341122 0.1517 0.1517 0.1517
v -0.878661 0.085000 -0.403417 0.1517 0.1517 0.1517
v -0.881250 0.082502 -0.403750 0.1517 0.1517 0.1517
v -0.879955 0.084665 -0.403584 0.1517 0.1517 0.1517
v -0.880903 0.083751 -0.403705 0.1517 0.1517 0.1517
v -0.845990 0.085000 -0.466250 0.1517 0.1517 0.1517
v -0.848750 0.082502 -0.466250 0.1517 0.1517 0.1517
v -0.847370 0.084665 -0.466250 0.1517 0.1517 0.1517
v -0.848380 0.083751 -0.466250 0.1517 0.1517 0.1517
v -0.820311 0.085000 -0.527393 0.1517 0.1517 0.1517
v -0.822500 0.082502 -0.528750 0.1517 0.1517 0.1517
v -0.821406 0.084665 -0.528072 0.1517 0.1517 0.1517
v -0.822207 0.083751 -0.528568 0.1517 0.1517 0.1517
v -0.800085 0.085000 -0.590600 0.1517 0.1517 0.1517
v -0.802500 0.082502 -0.591250 0.1517 0.1517 0.1517
v -0.801293 0.084665 -0.590925 0.1517 0.1517 0.1517
v -0.802176 0.083751 -0.591163 0.1517 0.1517 0.1517
v -0.786284 0.085000 -0.653332 0.1517 0.1517 0.1517
v -0.788750 0.082502 -0.653750 0.1517 0.1517 0.1517
v -0.787517 0.084665 -0.653541 0.1517 0.1517 0.1517
v -0.788420 0.083751 -0.653694 0.1517 0.1517 0.1517
v -0.778746 0.085000 -0.716150 0.1517 0.1517 0.1517
v -0.781250 0.082502 -0.716250 0.1517 0.1517 0.1517
v -0.779998 0.084665 -0.716200 0.1517 0.1517 0.1517
v -0.780915 0.083751 -0.716237 0.1517 0.1517 0.1517
v -0.781262 0.085000 -0.779047 0.1517 0.1517 0.1517
v -0.783750 0.082502 -0.778750 0.1517 0.1517 0.1517
v -0.782506 0.084665 -0.778898 0.1517 0.1517 0.1517
v -0.783417 0.083751 -0.778790 0.1517 0.1517 0.1517
v -0.793837 0.085000 -0.841922 0.1517 0.1517 0.1517
v -0.796250 0.082502 -0.841250 0.1517 0.1517 0.1517
v -0.795043 0.084665 -0.841586 0.1517 0.1517 0.1517
v -0.795927 0.083751 -0.841340 0.1517 0.1517 0.1517
v -0.816505 0.085000 -0.904889 0.1517 0.1517 0.1517
v -0.818750 0.082502 -0.903750 0.1517 0.1517 0.1517
v -0.817628 0.084665 -0.904320 0.1517 0.1517 0.1517
v -0.818449 0.083751 -0.903903 0.1517 0.1517 0.1517
v -0.849782 0.085000 -0.968884 0.1517 0.1517 0.1517
v -0.851250 0.082502 -0.966250 0.1517 0.1517 0.1517
v -0.850516 0.084665 -0.967567 0.1517 0.1517 0.1517
v -0.851053 0.083751 -0.966603 0.1517 0.1517 0.1517
v -0.879543 0.085000 -1.029858 0.1517 0.1517 0.1517
v -0.881875 0.082502 -1.028750 0.1517 0.1517 0.1517
v -0.880709 0.084665 -1.029304 0.1517 0.1517 0.1517
v -0.881562 0.083751 -1.028898 0.1517 0.1517 0.1517
v -0.909240 0.085000 -1.094424 0.1517 0.1517 0.1517
v -0.910625 0.082502 -1.091250 0.1517 0.1517 0.1517
v -0.909933 0.084665 -1.092837 0.1517 0.1517 0.1517
v -0.910439 0.083751 -1.091675 0.1517 0.1517 0.1517
v -0.936006 0.085000 -1.156690 0.1517 0.1517 0.1517
v -0.937500 0.082502 -1.153750 0.1517 0.1517 0.1517
v -0.936753 0.084665 -1.155220 0.1517 0.1517 0.1517
v -0.937300 0.083751 -1.154144 0.1517 0.1517 0.1517
v -0.960902 0.085000 -1.218954 0.1517 0.1517 0.1517
v -0.962500 0.082502 -1.216250 0.1517 0.1517 0.1517
v -0.961701 0.084665 -1.217602 0.1517 0.1517 0.1517
v -0.962286 0.083751 -1.216612 0.1517 0.1517 0.1517
v -0.979383 0.085000 -1.273325 0.1517 0.1517 0.1517
v -0.983750 0.082502 -1.278750 0.1517 0.1517 0.1517
v -0.981567 0.084665 -1.276038 0.1517 0.1517 0.1517
v -0.983165 0.083751 -1.278023 0.1517 0.1517 0.1517
v -0.999438 0.085000 -1.344986 0.1517 0.1517 0.1517
v -1.001250 0.082502 -1.341250 0.1517 0.1517 0.1517
v -1.000344 0.084665 -1.343118 0.1517 0.1517 0.1517
v -1.001007 0.083751 -1.341751 0.1517 0.1517 0.1517
v -1.013067 0.085000 -1.407050 0.1517 0.1517 0.1517
v -1.015000 0.082502 -1.403750 0.1517 0.1517 0.1517
v -1.014034 0.084665 -1.405400 0.1517 0.1517 0.1517
v -1.014741 0.083751 -1.404192 0.1517 0.1517 0.1517
v -1.022969 0.085000 -1.469110 0.1517 0.1517 0.1517
v -1.025000 0.082502 -1.466250 0.1517 0.1517 0.1517
v -1.023985 0.084665 -1.467680 0.1517 0.1517 0.1517
v -1.024728 0.083751 -1.466633 0.1517 0.1517 0.1517
v -1.024530 0.085000 -1.521638 0.1517 0.1517 0.1517
v -1.026875 0.082502 -1.528750 0.1517 0.1517 0.1517
v -1.025703 0.084665 -1.525194 0.1517 0.1517 0.1517
v -1.026561 0.083751 -1.527797 0.1517 0.1517 0.1517
v -1.016974 0.085000 -1.596985 0.1517 0.1517 0.1517
v -1.020625 0.082502 -1.591250 0.1517 0.1517 0.1517
v -1.018800 0.084665 -1.594117 0.1517 0.1517 0.1517
v -1.020136 0.083751 -1.592018 0.1517 0.1517 0.1517
v -1.002967 0.085000 -1.657658 0.1517 0.1517 0.1517
v -1.006250 0.082502 -1.653750 0.1517 0.1517 0.1517
v -1.004608 0.084665 -1.655704 0.1517 0.1517 0.1517
v -1.005810 0.083751 -1.654274 0.1517 0.1517 0.1517
v -0.982680 0.085000 -1.713926 0.1517 0.1517 0.1517
v -0.983750 0.082502 -1.716250 0.1517 0.1517 0.1517
v -0.983215 0.084665 -1.715088 0.1517 0.1517 0.1517
v -0.983607 0.083751 -1.715939 0.1517 0.1517 0.1517
v -0.899977 0.085000 -1.776581 0.1517 0.1517 0.1517
v -0.901250 0.082502 -1.778750 0.1517 0.1517 0.1517
v -0.900613 0.084665 -1.777665 0.1517 0.1517 0.1517
v -0.901079 0.083751 -1.778459 0.1517 0.1517 0.1517
v -0.757878 0.085000 -1.838905 0.1517 0.1517 0.1517
v -0.758750 0.082502 -1.841250 0.1517 0.1517 0.1517
v -0.758314 0.084665 -1.840077 0.1517 0.1517 0.1517
v -0.758633 0.083751 -1.840936 0.1517 0.1517 0.1517
v -0.555591 0.085000 -1.901339 0.1517 0.1517 0.1517
v -0.556250 0.082502 -1.903750 0.1517 0.1517 0.1517
v -0.555921 0.084665 -1.902545 0.1517 0.1517 0.1517
v -0.556162 0.083751 -1.903427 0.1517 0.1517 0.1517
v -0.293304 0.085000 -1.963788 0.1517 0.1517 0.1517
v -0.293750 0.082502 -1.966250 0.1517 0.1517 0.1517
v -0.293527 0.084665 -1.965019 0.1517 0.1517 0.1517
v -0.293690 0.083751 -1.965920 0.1517 0.1517 0.1517
v -0.043595 0.085000 -1.995002 0.1517 0.1517 0.1517
v -0.043750 0.082502 -1.997500 0.1517 0.1517 0.1517
v -0.043672 0.084665 -1.996251 0.1517 0.1517 0.1517
v -0.043729 0.083751 -1.997165 0.1517 0.1517 0.1517
v 0.193750 0.082502 -1.997500 0.1517 0.1517 0.1517
v 0.193577 0.085000 -1.995002 0.1517 0.1517 0.1517
v 0.193727 0.083751 -1.997165 0.1517 0.1517 0.1517
v 0.193664 0.084665 -1.996251 0.1517 0.1517 0.1517
v 0.527500 -0.085000 -1.822500 0.1517 0.1517 0.1517
v 0.493480 -0.085000 -1.829956 0.1517 0.1517 0.1517
v 0.789859 -0.085000 -1.437090 0.1517 0.1517 0.1517
v 0.761267 -0.085000 -1.353694 0.1517 0.1517 0.1517
v 0.681998 -0.085000 -1.751252 0.1517 0.1517 0.1517
v 0.662500 -0.085000 -1.767500 0.1517 0.1517 0.1517
v 0.345000 -0.085000 -1.862500 0.1517 0.1517 0.1517
v 0.273104 -0.085000 -1.870315 0.1517 0.1517 0.1517
v 0.723277 -0.085000 -1.258192 0.1517 0.1517 0.1517
v 0.720000 -0.085000 -1.250000 0.1517 0.1517 0.1517
v 0.698601 -0.085000 -1.203191 0.1517 0.1517 0.1517
v 0.474267 -0.085000 -1.834167 0.1517 0.1517 0.1517
v 0.483508 -0.085000 -1.832142 0.1517 0.1517 0.1517
v 0.760000 -0.085000 -1.350000 0.1517 0.1517 0.1517
v 0.743294 -0.085000 -1.308235 0.1517 0.1517 0.1517
v 0.745824 -0.085000 -1.698063 0.1517 0.1517 0.1517
v 0.752500 -0.085000 -1.692500 0.1517 0.1517 0.1517
v 0.770279 -0.085000 -1.654967 0.1517 0.1517 0.1517
v 0.717590 -0.085000 -1.721592 0.1517 0.1517 0.1517
v 0.797500 -0.085000 -1.597500 0.1517 0.1517 0.1517
v 0.806111 -0.085000 -1.538947 0.1517 0.1517 0.1517
v 0.802193 -0.085000 -1.483222 0.1517 0.1517 0.1517
v 0.697375 -0.085000 -1.738438 0.1517 0.1517 0.1517
v 0.810000 -0.085000 -1.512500 0.1517 0.1517 0.1517
v 0.790000 -0.085000 -1.437500 0.1517 0.1517 0.1517
v 0.674786 -0.085000 -1.152724 0.1517 0.1517 0.1517
v 0.264264 -0.085000 -1.871276 0.1517 0.1517 0.1517
v 0.680000 -0.085000 -1.162500 0.1517 0.1517 0.1517
v 0.628755 -0.085000 -1.069227 0.1517 0.1517 0.1517
v 0.041209 -0.085000 -1.887500 0.1517 0.1517 0.1517
v 0.034479 -0.085000 -1.887500 0.1517 0.1517 0.1517
v 0.653027 -0.085000 -1.111926 0.1517 0.1517 0.1517
v 0.640000 -0.085000 -1.087500 0.1517 0.1517 0.1517
v 0.115000 -0.085000 -1.887500 0.1517 0.1517 0.1517
v -0.637109 -0.085000 -1.082803 0.1517 0.1517 0.1517
v -0.560000 -0.085000 -0.967500 0.1517 0.1517 0.1517
v -0.600000 -0.085000 -1.022500 0.1517 0.1517 0.1517
v -0.520000 -0.085000 -0.927500 0.1517 0.1517 0.1517
v -0.480000 -0.085000 -0.902500 0.1517 0.1517 0.1517
v -0.430000 -0.085000 -0.897500 0.1517 0.1517 0.1517
v -0.370000 -0.085000 -0.912500 0.1517 0.1517 0.1517
v -0.113540 -0.085000 -1.887500 0.1517 0.1517 0.1517
v -0.097500 -0.085000 -1.075000 0.1517 0.1517 0.1517
v -0.032500 -0.085000 -1.105000 0.1517 0.1517 0.1517
v -0.287500 -0.085000 -0.955000 0.1517 0.1517 0.1517
v -0.182500 -0.085000 -1.025000 0.1517 0.1517 0.1517
v 0.032500 -0.085000 -1.105000 0.1517 0.1517 0.1517
v 0.097500 -0.085000 -1.075000 0.1517 0.1517 0.1517
v 0.430000 -0.085000 -0.897500 0.1517 0.1517 0.1517
v 0.480000 -0.085000 -0.902500 0.1517 0.1517 0.1517
v 0.600000 -0.085000 -1.022500 0.1517 0.1517 0.1517
v 0.560000 -0.085000 -0.967500 0.1517 0.1517 0.1517
v 0.520000 -0.085000 -0.927500 0.1517 0.1517 0.1517
v 0.370000 -0.085000 -0.912500 0.1517 0.1517 0.1517
v 0.287500 -0.085000 -0.955000 0.1517 0.1517 0.1517
v 0.182500 -0.085000 -1.025000 0.1517 0.1517 0.1517
v -0.640000 -0.085000 -1.087500 0.1517 0.1517 0.1517
v -0.660190 -0.085000 -1.125356 0.1517 0.1517 0.1517
v -0.115000 -0.085000 -1.887500 0.1517 0.1517 0.1517
v -0.120218 -0.085000 -1.886933 0.1517 0.1517 0.1517
v -0.707653 -0.085000 -1.222991 0.1517 0.1517 0.1517
v -0.345000 -0.085000 -1.862500 0.1517 0.1517 0.1517
v -0.343257 -0.085000 -1.862689 0.1517 0.1517 0.1517
v -0.350650 -0.085000 -1.861261 0.1517 0.1517 0.1517
v -0.684431 -0.085000 -1.172193 0.1517 0.1517 0.1517
v -0.680000 -0.085000 -1.162500 0.1517 0.1517 0.1517
v -0.720000 -0.085000 -1.250000 0.1517 0.1517 0.1517
v -0.728313 -0.085000 -1.270781 0.1517 0.1517 0.1517
v -0.358780 -0.085000 -1.859480 0.1517 0.1517 0.1517
v -0.595142 -0.085000 -1.794942 0.1517 0.1517 0.1517
v -0.603761 -0.085000 -1.791431 0.1517 0.1517 0.1517
v -0.760258 -0.085000 -1.350753 0.1517 0.1517 0.1517
v -0.776340 -0.085000 -1.397660 0.1517 0.1517 0.1517
v -0.760000 -0.085000 -1.350000 0.1517 0.1517 0.1517
v -0.527500 -0.085000 -1.822500 0.1517 0.1517 0.1517
v -0.790000 -0.085000 -1.437500 0.1517 0.1517 0.1517
v -0.790874 -0.085000 -1.440779 0.1517 0.1517 0.1517
v -0.613836 -0.085000 -1.787326 0.1517 0.1517 0.1517
v -0.626335 -0.085000 -1.782234 0.1517 0.1517 0.1517
v -0.802733 -0.085000 -1.485249 0.1517 0.1517 0.1517
v -0.810000 -0.085000 -1.512500 0.1517 0.1517 0.1517
v -0.807775 -0.085000 -1.527630 0.1517 0.1517 0.1517
v -0.639616 -0.085000 -1.776823 0.1517 0.1517 0.1517
v -0.797500 -0.085000 -1.597500 0.1517 0.1517 0.1517
v -0.752500 -0.085000 -1.692500 0.1517 0.1517 0.1517
v -0.662500 -0.085000 -1.767500 0.1517 0.1517 0.1517
v 0.345000 0.085000 -1.862500 0.1517 0.1517 0.1517
v 0.273104 0.085000 -1.870315 0.1517 0.1517 0.1517
v 0.723277 0.085000 -1.258192 0.1517 0.1517 0.1517
v 0.720000 0.085000 -1.250000 0.1517 0.1517 0.1517
v 0.698601 0.085000 -1.203191 0.1517 0.1517 0.1517
v 0.474267 0.085000 -1.834167 0.1517 0.1517 0.1517
v 0.483508 0.085000 -1.832142 0.1517 0.1517 0.1517
v 0.743294 0.085000 -1.308235 0.1517 0.1517 0.1517
v 0.527500 0.085000 -1.822500 0.1517 0.1517 0.1517
v 0.493480 0.085000 -1.829956 0.1517 0.1517 0.1517
v 0.789859 0.085000 -1.437090 0.1517 0.1517 0.1517
v 0.761267 0.085000 -1.353694 0.1517 0.1517 0.1517
v 0.681998 0.085000 -1.751252 0.1517 0.1517 0.1517
v 0.662500 0.085000 -1.767500 0.1517 0.1517 0.1517
v 0.760000 0.085000 -1.350000 0.1517 0.1517 0.1517
v 0.697375 0.085000 -1.738438 0.1517 0.1517 0.1517
v 0.790000 0.085000 -1.437500 0.1517 0.1517 0.1517
v 0.802193 0.085000 -1.483222 0.1517 0.1517 0.1517
v 0.745824 0.085000 -1.698063 0.1517 0.1517 0.1517
v 0.752500 0.085000 -1.692500 0.1517 0.1517 0.1517
v 0.770279 0.085000 -1.654967 0.1517 0.1517 0.1517
v 0.717590 0.085000 -1.721592 0.1517 0.1517 0.1517
v 0.806111 0.085000 -1.538947 0.1517 0.1517 0.1517
v 0.797500 0.085000 -1.597500 0.1517 0.1517 0.1517
v 0.810000 0.085000 -1.512500 0.1517 0.1517 0.1517
v 0.674786 0.085000 -1.152724 0.1517 0.1517 0.1517
v 0.264264 0.085000 -1.871276 0.1517 0.1517 0.1517
v 0.680000 0.085000 -1.162500 0.1517 0.1517 0.1517
v 0.115000 0.085000 -1.887500 0.1517 0.1517 0.1517
v 0.041209 0.085000 -1.887500 0.1517 0.1517 0.1517
v 0.653027 0.085000 -1.111926 0.1517 0.1517 0.1517
v 0.628755 0.085000 -1.069227 0.1517 0.1517 0.1517
v 0.034479 0.085000 -1.887500 0.1517 0.1517 0.1517
v 0.640000 0.085000 -1.087500 0.1517 0.1517 0.1517
v -0.637109 0.085000 -1.082803 0.1517 0.1517 0.1517
v -0.560000 0.085000 -0.967500 0.1517 0.1517 0.1517
v -0.600000 0.085000 -1.022500 0.1517 0.1517 0.1517
v -0.520000 0.085000 -0.927500 0.1517 0.1517 0.1517
v -0.480000 0.085000 -0.902500 0.1517 0.1517 0.1517
v -0.430000 0.085000 -0.897500 0.1517 0.1517 0.1517
v -0.370000 0.085000 -0.912500 0.1517 0.1517 0.1517
v -0.113540 0.085000 -1.887500 0.1517 0.1517 0.1517
v -0.097500 0.085000 -1.075000 0.1517 0.1517 0.1517
v -0.287500 0.085000 -0.955000 0.1517 0.1517 0.1517
v -0.182500 0.085000 -1.025000 0.1517 0.1517 0.1517
v 0.097500 0.085000 -1.075000 0.1517 0.1517 0.1517
v 0.032500 0.085000 -1.105000 0.1517 0.1517 0.1517
v 0.430000 0.085000 -0.897500 0.1517 0.1517 0.1517
v 0.480000 0.085000 -0.902500 0.1517 0.1517 0.1517
v 0.600000 0.085000 -1.022500 0.1517 0.1517 0.1517
v 0.560000 0.085000 -0.967500 0.1517 0.1517 0.1517
v 0.520000 0.085000 -0.927500 0.1517 0.1517 0.1517
v 0.370000 0.085000 -0.912500 0.1517 0.1517 0.1517
v 0.287500 0.085000 -0.955000 0.1517 0.1517 0.1517
v 0.182500 0.085000 -1.025000 0.1517 0.1517 0.1517
v -0.032500 0.085000 -1.105000 0.1517 0.1517 0.1517
v -0.640000 0.085000 -1.087500 0.1517 0.1517 0.1517
v -0.660190 0.085000 -1.125356 0.1517 0.1517 0.1517
v -0.115000 0.085000 -1.887500 0.1517 0.1517 0.1517
v -0.120218 0.085000 -1.886933 0.1517 0.1517 0.1517
v -0.707653 0.085000 -1.222991 0.1517 0.1517 0.1517
v -0.345000 0.085000 -1.862500 0.1517 0.1517 0.1517
v -0.343257 0.085000 -1.862689 0.1517 0.1517 0.1517
v -0.350650 0.085000 -1.861261 0.1517 0.1517 0.1517
v -0.684431 0.085000 -1.172193 0.1517 0.1517 0.1517
v -0.680000 0.085000 -1.162500 0.1517 0.1517 0.1517
v -0.720000 0.085000 -1.250000 0.1517 0.1517 0.1517
v -0.728313 0.085000 -1.270781 0.1517 0.1517 0.1517
v -0.358780 0.085000 -1.859480 0.1517 0.1517 0.1517
v -0.776340 0.085000 -1.397660 0.1517 0.1517 0.1517
v -0.595142 0.085000 -1.794942 0.1517 0.1517 0.1517
v -0.603761 0.085000 -1.791431 0.1517 0.1517 0.1517
v -0.760258 0.085000 -1.350753 0.1517 0.1517 0.1517
v -0.760000 0.085000 -1.350000 0.1517 0.1517 0.1517
v -0.527500 0.085000 -1.822500 0.1517 0.1517 0.1517
v -0.790000 0.085000 -1.437500 0.1517 0.1517 0.1517
v -0.790874 0.085000 -1.440779 0.1517 0.1517 0.1517
v -0.613836 0.085000 -1.787326 0.1517 0.1517 0.1517
v -0.802733 0.085000 -1.485249 0.1517 0.1517 0.1517
v -0.626335 0.085000 -1.782234 0.1517 0.1517 0.1517
v -0.810000 0.085000 -1.512500 0.1517 0.1517 0.1517
v -0.807775 0.085000 -1.527630 0.1517 0.1517 0.1517
v -0.639616 0.085000 -1.776823 0.1517 0.1517 0.1517
v -0.797500 0.085000 -1.597500 0.1517 0.1517 0.1517
v -0.752500 0.085000 -1.692500 0.1517 0.1517 0.1517
v -0.662500 0.085000 -1.767500 0.1517 0.1517 0.1517
v -0.094238 0.085000 -0.813995 0.1517 0.1517 0.1517
v -0.080374 0.085000 -0.816051 0.1517 0.1517 0.1517
v 0.000000 0.085000 -0.820000 0.1517 0.1517 0.1517
v 0.161857 0.085000 -0.803772 0.1517 0.1517 0.1517
v 0.159974 0.085000 -0.804244 0.1517 0.1517 0.1517
v 0.080374 0.085000 -0.816051 0.1517 0.1517 0.1517
v -0.253808 0.085000 -0.779047 0.1517 0.1517 0.1517
v -0.159974 0.085000 -0.804244 0.1517 0.1517 0.1517
v -0.238033 0.085000 -0.784691 0.1517 0.1517 0.1517
v 0.253808 0.085000 -0.779047 0.1517 0.1517 0.1517
v 0.238033 0.085000 -0.784691 0.1517 0.1517 0.1517
v -0.307223 0.085000 -0.759935 0.1517 0.1517 0.1517
v 0.366234 0.085000 -0.732782 0.1517 0.1517 0.1517
v 0.313800 0.085000 -0.757581 0.1517 0.1517 0.1517
v -0.398266 0.085000 -0.716150 0.1517 0.1517 0.1517
v -0.386545 0.085000 -0.723175 0.1517 0.1517 0.1517
v -0.313800 0.085000 -0.757581 0.1517 0.1517 0.1517
v 0.398266 0.085000 -0.716150 0.1517 0.1517 0.1517
v 0.386545 0.085000 -0.723175 0.1517 0.1517 0.1517
v -0.422146 0.085000 -0.701837 0.1517 0.1517 0.1517
v 0.477233 0.085000 -0.665737 0.1517 0.1517 0.1517
v 0.455568 0.085000 -0.681805 0.1517 0.1517 0.1517
v -0.493960 0.085000 -0.653332 0.1517 0.1517 0.1517
v -0.455568 0.085000 -0.681805 0.1517 0.1517 0.1517
v 0.493960 0.085000 -0.653332 0.1517 0.1517 0.1517
v -0.508757 0.085000 -0.642357 0.1517 0.1517 0.1517
v 0.557352 0.085000 -0.600198 0.1517 0.1517 0.1517
v 0.520203 0.085000 -0.633869 0.1517 0.1517 0.1517
v -0.567943 0.085000 -0.590600 0.1517 0.1517 0.1517
v -0.520203 0.085000 -0.633869 0.1517 0.1517 0.1517
v 0.567943 0.085000 -0.590600 0.1517 0.1517 0.1517
v -0.577451 0.085000 -0.581982 0.1517 0.1517 0.1517
v 0.619880 0.085000 -0.535636 0.1517 0.1517 0.1517
v 0.579828 0.085000 -0.579828 0.1517 0.1517 0.1517
v -0.627299 0.085000 -0.527451 0.1517 0.1517 0.1517
v 0.626959 0.085000 -0.527826 0.1517 0.1517 0.1517
v -0.579828 0.085000 -0.579828 0.1517 0.1517 0.1517
v -0.633665 0.085000 -0.520428 0.1517 0.1517 0.1517
v 0.669779 0.085000 -0.471783 0.1517 0.1517 0.1517
v 0.633869 0.085000 -0.520203 0.1517 0.1517 0.1517
v -0.713132 0.085000 -0.403302 0.1517 0.1517 0.1517
v -0.709431 0.085000 -0.409477 0.1517 0.1517 0.1517
v 0.713730 0.085000 -0.402305 0.1517 0.1517 0.1517
v 0.681805 0.085000 -0.455568 0.1517 0.1517 0.1517
v 0.679115 0.085000 -0.459195 0.1517 0.1517 0.1517
v -0.673962 0.085000 -0.466142 0.1517 0.1517 0.1517
v -0.633869 0.085000 -0.520203 0.1517 0.1517 0.1517
v 0.674590 0.085000 -0.465296 0.1517 0.1517 0.1517
v -0.681805 0.085000 -0.455568 0.1517 0.1517 0.1517
v -0.742352 0.085000 -0.346000 0.1517 0.1517 0.1517
v -0.723175 0.085000 -0.386545 0.1517 0.1517 0.1517
v 0.717165 0.085000 -0.396573 0.1517 0.1517 0.1517
v -0.745011 0.085000 -0.340378 0.1517 0.1517 0.1517
v 0.744639 0.085000 -0.341164 0.1517 0.1517 0.1517
v 0.723175 0.085000 -0.386545 0.1517 0.1517 0.1517
v -0.747643 0.085000 -0.334814 0.1517 0.1517 0.1517
v 0.768709 0.085000 -0.282699 0.1517 0.1517 0.1517
v 0.757581 0.085000 -0.313800 0.1517 0.1517 0.1517
v -0.770531 0.085000 -0.277607 0.1517 0.1517 0.1517
v -0.757581 0.085000 -0.313800 0.1517 0.1517 0.1517
v 0.770689 0.085000 -0.277166 0.1517 0.1517 0.1517
v -0.772364 0.085000 -0.272485 0.1517 0.1517 0.1517
v 0.788810 0.085000 -0.221588 0.1517 0.1517 0.1517
v 0.784691 0.085000 -0.238033 0.1517 0.1517 0.1517
v -0.774128 0.085000 -0.267554 0.1517 0.1517 0.1517
v 0.802745 0.085000 -0.165959 0.1517 0.1517 0.1517
v -0.791426 0.085000 -0.211147 0.1517 0.1517 0.1517
v -0.784691 0.085000 -0.238033 0.1517 0.1517 0.1517
v 0.804083 0.085000 -0.160618 0.1517 0.1517 0.1517
v -0.804244 0.085000 -0.159974 0.1517 0.1517 0.1517
v -0.804887 0.085000 -0.155641 0.1517 0.1517 0.1517
v 0.804244 0.085000 -0.159974 0.1517 0.1517 0.1517
v 0.804900 0.085000 -0.155548 0.1517 0.1517 0.1517
v -0.814207 0.085000 -0.092810 0.1517 0.1517 0.1517
v 0.638044 0.085000 0.514573 0.1517 0.1517 0.1517
v 0.723175 0.085000 0.386545 0.1517 0.1517 0.1517
v 0.757581 0.085000 0.313800 0.1517 0.1517 0.1517
v 0.681805 0.085000 0.455568 0.1517 0.1517 0.1517
v 0.804244 0.085000 0.159974 0.1517 0.1517 0.1517
v 0.820000 0.085000 0.000000 0.1517 0.1517 0.1517
v 0.816051 0.085000 -0.080374 0.1517 0.1517 0.1517
v 0.816051 0.085000 0.080374 0.1517 0.1517 0.1517
v 0.784691 0.085000 0.238033 0.1517 0.1517 0.1517
v -0.503454 0.085000 0.646290 0.1517 0.1517 0.1517
v -0.488264 0.085000 0.657556 0.1517 0.1517 0.1517
v 0.552072 0.085000 0.604984 0.1517 0.1517 0.1517
v 0.520203 0.085000 0.633869 0.1517 0.1517 0.1517
v 0.487029 0.085000 0.658472 0.1517 0.1517 0.1517
v -0.563364 0.085000 0.594749 0.1517 0.1517 0.1517
v 0.563880 0.085000 0.594281 0.1517 0.1517 0.1517
v -0.520203 0.085000 0.633869 0.1517 0.1517 0.1517
v -0.816051 0.085000 0.080374 0.1517 0.1517 0.1517
v -0.820000 0.085000 0.000000 0.1517 0.1517 0.1517
v -0.816051 0.085000 -0.080374 0.1517 0.1517 0.1517
v -0.784691 0.085000 0.238033 0.1517 0.1517 0.1517
v -0.804244 0.085000 0.159974 0.1517 0.1517 0.1517
v -0.757581 0.085000 0.313800 0.1517 0.1517 0.1517
v -0.723175 0.085000 0.386545 0.1517 0.1517 0.1517
v -0.633869 0.085000 0.520203 0.1517 0.1517 0.1517
v -0.681805 0.085000 0.455568 0.1517 0.1517 0.1517
v 0.633869 0.085000 0.520203 0.1517 0.1517 0.1517
v 0.579828 0.085000 0.579828 0.1517 0.1517 0.1517
v -0.579828 0.085000 0.579828 0.1517 0.1517 0.1517
v -0.471544 0.085000 0.669956 0.1517 0.1517 0.1517
v 0.415341 0.085000 0.705916 0.1517 0.1517 0.1517
v 0.455568 0.085000 0.681805 0.1517 0.1517 0.1517
v -0.455568 0.085000 0.681805 0.1517 0.1517 0.1517
v 0.393271 0.085000 0.719144 0.1517 0.1517 0.1517
v -0.392623 0.085000 0.719532 0.1517 0.1517 0.1517
v -0.386545 0.085000 0.723175 0.1517 0.1517 0.1517
v -0.358812 0.085000 0.736292 0.1517 0.1517 0.1517
v 0.313800 0.085000 0.757581 0.1517 0.1517 0.1517
v 0.386545 0.085000 0.723175 0.1517 0.1517 0.1517
v 0.293306 0.085000 0.764914 0.1517 0.1517 0.1517
v -0.313800 0.085000 0.757581 0.1517 0.1517 0.1517
v 0.245186 0.085000 0.782132 0.1517 0.1517 0.1517
v -0.245186 0.085000 0.782132 0.1517 0.1517 0.1517
v -0.238033 0.085000 0.784691 0.1517 0.1517 0.1517
v -0.139050 0.085000 0.807348 0.1517 0.1517 0.1517
v -0.159974 0.085000 0.804244 0.1517 0.1517 0.1517
v 0.159974 0.085000 0.804244 0.1517 0.1517 0.1517
v 0.238033 0.085000 0.784691 0.1517 0.1517 0.1517
v 0.080374 0.085000 0.816051 0.1517 0.1517 0.1517
v 0.065470 0.085000 0.816784 0.1517 0.1517 0.1517
v 0.000000 0.085000 0.820000 0.1517 0.1517 0.1517
v -0.080374 0.085000 0.816051 0.1517 0.1517 0.1517
v 0.000000 0.040000 -0.779990 0.9685 0.9685 0.9685
v 0.000000 0.050000 -0.790000 0.9685 0.9685 0.9685
v 0.000000 0.042929 -0.787068 0.9685 0.9685 0.9685
v 0.000000 0.090000 -0.779990 0.9685 0.9685 0.9685
v 0.000000 0.080000 -0.790000 0.9685 0.9685 0.9685
v 0.000000 0.087071 -0.787068 0.9685 0.9685 0.9685
v 0.067980 0.040000 -0.777022 0.9685 0.9685 0.9685
v 0.068853 0.050000 -0.786994 0.9685 0.9685 0.9685
v 0.068597 0.042929 -0.784073 0.9685 0.9685 0.9685
v 0.067980 0.090000 -0.777022 0.9685 0.9685 0.9685
v 0.068853 0.080000 -0.786994 0.9685 0.9685 0.9685
v 0.068597 0.087071 -0.784073 0.9685 0.9685 0.9685
v 0.135444 0.040000 -0.768141 0.9685 0.9685 0.9685
v 0.137182 0.050000 -0.777998 0.9685 0.9685 0.9685
v 0.136673 0.042929 -0.775111 0.9685 0.9685 0.9685
v 0.135444 0.090000 -0.768141 0.9685 0.9685 0.9685
v 0.137182 0.080000 -0.777998 0.9685 0.9685 0.9685
v 0.136673 0.087071 -0.775111 0.9685 0.9685 0.9685
v 0.201876 0.040000 -0.753413 0.9685 0.9685 0.9685
v 0.204467 0.050000 -0.763081 0.9685 0.9685 0.9685
v 0.203708 0.042929 -0.760250 0.9685 0.9685 0.9685
v 0.201876 0.090000 -0.753413 0.9685 0.9685 0.9685
v 0.204467 0.080000 -0.763081 0.9685 0.9685 0.9685
v 0.203708 0.087071 -0.760250 0.9685 0.9685 0.9685
v 0.266773 0.040000 -0.732951 0.9685 0.9685 0.9685
v 0.270196 0.050000 -0.742357 0.9685 0.9685 0.9685
v 0.269193 0.042929 -0.739602 0.9685 0.9685 0.9685
v 0.266773 0.090000 -0.732951 0.9685 0.9685 0.9685
v 0.270196 0.080000 -0.742357 0.9685 0.9685 0.9685
v 0.269193 0.087071 -0.739602 0.9685 0.9685 0.9685
v 0.329638 0.040000 -0.706912 0.9685 0.9685 0.9685
v 0.333868 0.050000 -0.715983 0.9685 0.9685 0.9685
v 0.332629 0.042929 -0.713326 0.9685 0.9685 0.9685
v 0.329638 0.090000 -0.706912 0.9685 0.9685 0.9685
v 0.333868 0.080000 -0.715983 0.9685 0.9685 0.9685
v 0.332629 0.087071 -0.713326 0.9685 0.9685 0.9685
v 0.389995 0.040000 -0.675492 0.9685 0.9685 0.9685
v 0.395000 0.050000 -0.684160 0.9685 0.9685 0.9685
v 0.393534 0.042929 -0.681621 0.9685 0.9685 0.9685
v 0.389995 0.090000 -0.675492 0.9685 0.9685 0.9685
v 0.395000 0.080000 -0.684160 0.9685 0.9685 0.9685
v 0.393534 0.087071 -0.681621 0.9685 0.9685 0.9685
v 0.447384 0.040000 -0.638931 0.9685 0.9685 0.9685
v 0.453125 0.050000 -0.647130 0.9685 0.9685 0.9685
v 0.451444 0.042929 -0.644729 0.9685 0.9685 0.9685
v 0.447384 0.090000 -0.638931 0.9685 0.9685 0.9685
v 0.453125 0.080000 -0.647130 0.9685 0.9685 0.9685
v 0.451444 0.087071 -0.644729 0.9685 0.9685 0.9685
v 0.501368 0.040000 -0.597507 0.9685 0.9685 0.9685
v 0.507802 0.050000 -0.605175 0.9685 0.9685 0.9685
v 0.505918 0.042929 -0.602929 0.9685 0.9685 0.9685
v 0.501368 0.090000 -0.597507 0.9685 0.9685 0.9685
v 0.507802 0.080000 -0.605175 0.9685 0.9685 0.9685
v 0.505918 0.087071 -0.602929 0.9685 0.9685 0.9685
v 0.551537 0.040000 -0.551537 0.9685 0.9685 0.9685
v 0.558614 0.050000 -0.558614 0.9685 0.9685 0.9685
v 0.556541 0.042929 -0.556541 0.9685 0.9685 0.9685
v 0.551537 0.090000 -0.551537 0.9685 0.9685 0.9685
v 0.558614 0.080000 -0.558614 0.9685 0.9685 0.9685
v 0.556541 0.087071 -0.556541 0.9685 0.9685 0.9685
v 0.597507 0.040000 -0.501368 0.9685 0.9685 0.9685
v 0.605175 0.050000 -0.507802 0.9685 0.9685 0.9685
v 0.602929 0.042929 -0.505918 0.9685 0.9685 0.9685
v 0.597507 0.090000 -0.501368 0.9685 0.9685 0.9685
v 0.605175 0.080000 -0.507802 0.9685 0.9685 0.9685
v 0.602929 0.087071 -0.505918 0.9685 0.9685 0.9685
v 0.638931 0.040000 -0.447384 0.9685 0.9685 0.9685
v 0.647130 0.050000 -0.453125 0.9685 0.9685 0.9685
v 0.644729 0.042929 -0.451444 0.9685 0.9685 0.9685
v 0.638931 0.090000 -0.447384 0.9685 0.9685 0.9685
v 0.647130 0.080000 -0.453125 0.9685 0.9685 0.9685
v 0.644729 0.087071 -0.451444 0.9685 0.9685 0.9685
v 0.675492 0.040000 -0.389995 0.9685 0.9685 0.9685
v 0.684160 0.050000 -0.395000 0.9685 0.9685 0.9685
v 0.681621 0.042929 -0.393534 0.9685 0.9685 0.9685
v 0.675492 0.090000 -0.389995 0.9685 0.9685 0.9685
v 0.684160 0.080000 -0.395000 0.9685 0.9685 0.9685
v 0.681621 0.087071 -0.393534 0.9685 0.9685 0.9685
v 0.706912 0.040000 -0.329638 0.9685 0.9685 0.9685
v 0.715983 0.050000 -0.333868 0.9685 0.9685 0.9685
v 0.713326 0.042929 -0.332629 0.9685 0.9685 0.9685
v 0.706912 0.090000 -0.329638 0.9685 0.9685 0.9685
v 0.715983 0.080000 -0.333868 0.9685 0.9685 0.9685
v 0.713326 0.087071 -0.332629 0.9685 0.9685 0.9685
v 0.732951 0.040000 -0.266773 0.9685 0.9685 0.9685
v 0.742357 0.050000 -0.270196 0.9685 0.9685 0.9685
v 0.739602 0.042929 -0.269193 0.9685 0.9685 0.9685
v 0.732951 0.090000 -0.266773 0.9685 0.9685 0.9685
v 0.742357 0.080000 -0.270196 0.9685 0.9685 0.9685
v 0.739602 0.087071 -0.269193 0.9685 0.9685 0.9685
v 0.753413 0.040000 -0.201876 0.9685 0.9685 0.9685
v 0.763081 0.050000 -0.204467 0.9685 0.9685 0.9685
v 0.760250 0.042929 -0.203708 0.9685 0.9685 0.9685
v 0.753413 0.090000 -0.201876 0.9685 0.9685 0.9685
v 0.763081 0.080000 -0.204467 0.9685 0.9685 0.9685
v 0.760250 0.087071 -0.203708 0.9685 0.9685 0.9685
v 0.768141 0.040000 -0.135444 0.9685 0.9685 0.9685
v 0.777998 0.050000 -0.137182 0.9685 0.9685 0.9685
v 0.775111 0.042929 -0.136673 0.9685 0.9685 0.9685
v 0.768141 0.090000 -0.135444 0.9685 0.9685 0.9685
v 0.777998 0.080000 -0.137182 0.9685 0.9685 0.9685
v 0.775111 0.087071 -0.136673 0.9685 0.9685 0.9685
v 0.777022 0.040000 -0.067980 0.9685 0.9685 0.9685
v 0.786994 0.050000 -0.068853 0.9685 0.9685 0.9685
v 0.784073 0.042929 -0.068597 0.9685 0.9685 0.9685
v 0.777022 0.090000 -0.067980 0.9685 0.9685 0.9685
v 0.786994 0.080000 -0.068853 0.9685 0.9685 0.9685
v 0.784073 0.087071 -0.068597 0.9685 0.9685 0.9685
v 0.779990 0.040000 0.000000 0.9685 0.9685 0.9685
v 0.790000 0.050000 0.000000 0.9685 0.9685 0.9685
v 0.787068 0.042929 0.000000 0.9685 0.9685 0.9685
v 0.779990 0.090000 0.000000 0.9685 0.9685 0.9685
v 0.790000 0.080000 0.000000 0.9685 0.9685 0.9685
v 0.787068 0.087071 0.000000 0.9685 0.9685 0.9685
v 0.777022 0.040000 0.067980 0.9685 0.9685 0.9685
v 0.786994 0.050000 0.068853 0.9685 0.9685 0.9685
v 0.784073 0.042929 0.068597 0.9685 0.9685 0.9685
v 0.777022 0.090000 0.067980 0.9685 0.9685 0.9685
v 0.786994 0.080000 0.068853 0.9685 0.9685 0.9685
v 0.784073 0.087071 0.068597 0.9685 0.9685 0.9685
v 0.768141 0.040000 0.135444 0.9685 0.9685 0.9685
v 0.777998 0.050000 0.137182 0.9685 0.9685 0.9685
v 0.775111 0.042929 0.136673 0.9685 0.9685 0.9685
v 0.768141 0.090000 0.135444 0.9685 0.9685 0.9685
v 0.777998 0.080000 0.137182 0.9685 0.9685 0.9685
v 0.775111 0.087071 0.136673 0.9685 0.9685 0.9685
v 0.753413 0.040000 0.201876 0.9685 0.9685 0.9685
v 0.763081 0.050000 0.204467 0.9685 0.9685 0.9685
v 0.760250 0.042929 0.203708 0.9685 0.9685 0.9685
v 0.753413 0.090000 0.201876 0.9685 0.9685 0.9685
v 0.763081 0.080000 0.204467 0.9685 0.9685 0.9685
v 0.760250 0.087071 0.203708 0.9685 0.9685 0.9685
v 0.732951 0.040000 0.266773 0.9685 0.9685 0.9685
v 0.742357 0.050000 0.270196 0.9685 0.9685 0.9685
v 0.739602 0.042929 0.269193 0.9685 0.9685 0.9685
v 0.732951 0.090000 0.266773 0.9685 0.9685 0.9685
v 0.742357 0.080000 0.270196 0.9685 0.9685 0.9685
v 0.739602 0.087071 0.269193 0.9685 0.9685 0.9685
v 0.706912 0.040000 0.329638 0.9685 0.9685 0.9685
v 0.715983 0.050000 0.333868 0.9685 0.9685 0.9685
v 0.713326 0.042929 0.332629 0.9685 0.9685 0.9685
v 0.706912 0.090000 0.329638 0.9685 0.9685 0.9685
v 0.715983 0.080000 0.333868 0.9685 0.9685 0.9685
v 0.713326 0.087071 0.332629 0.9685 0.9685 0.9685
v 0.675492 0.040000 0.389995 0.9685 0.9685 0.9685
v 0.684160 0.050000 0.395000 0.9685 0.9685 0.9685
v 0.681621 0.042929 0.393534 0.9685 0.9685 0.9685
v 0.675492 0.090000 0.389995 0.9685 0.9685 0.9685
v 0.684160 0.080000 0.395000 0.9685 0.9685 0.9685
v 0.681621 0.087071 0.393534 0.9685 0.9685 0.9685
v 0.638931 0.040000 0.447384 0.9685 0.9685 0.9685
v 0.647130 0.050000 0.453125 0.9685 0.9685 0.9685
v 0.644729 0.042929 0.451444 0.9685 0.9685 0.9685
v 0.638931 0.090000 0.447384 0.9685 0.9685 0.9685
v 0.647130 0.080000 0.453125 0.9685 0.9685 0.9685
v 0.644729 0.087071 0.451444 0.9685 0.9685 0.9685
v 0.597507 0.040000 0.501368 0.9685 0.9685 0.9685
v 0.605175 0.050000 0.507802 0.9685 0.9685 0.9685
v 0.602929 0.042929 0.505918 0.9685 0.9685 0.9685
v 0.597507 0.090000 0.501368 0.9685 0.9685 0.9685
v 0.605175 0.080000 0.507802 0.9685 0.9685 0.9685
v 0.602929 0.087071 0.505918 0.9685 0.9685 0.9685
v 0.551537 0.040000 0.551537 0.9685 0.9685 0.9685
v 0.558614 0.050000 0.558614 0.9685 0.9685 0.9685
v 0.556541 0.042929 0.556541 0.9685 0.9685 0.9685
v 0.551537 0.090000 0.551537 0.9685 0.9685 0.9685
v 0.558614 0.080000 0.558614 0.9685 0.9685 0.9685
v 0.556541 0.087071 0.556541 0.9685 0.9685 0.9685
v 0.501368 0.040000 0.597507 0.9685 0.9685 0.9685
v 0.507802 0.050000 0.605175 0.9685 0.9685 0.9685
v 0.505918 0.042929 0.602929 0.9685 0.9685 0.9685
v 0.501368 0.090000 0.597507 0.9685 0.9685 0.9685
v 0.507802 0.080000 0.605175 0.9685 0.9685 0.9685
v 0.505918 0.087071 0.602929 0.9685 0.9685 0.9685
v 0.447384 0.040000 0.638931 0.9685 0.9685 0.9685
v 0.453125 0.050000 0.647130 0.9685 0.9685 0.9685
v 0.451444 0.042929 0.644729 0.9685 0.9685 0.9685
v 0.447384 0.090000 0.638931 0.9685 0.9685 0.9685
v 0.453125 0.080000 0.647130 0.9685 0.9685 0.9685
v 0.451444 0.087071 0.644729 0.9685 0.9685 0.9685
v 0.389995 0.040000 0.675492 0.9685 0.9685 0.9685
v 0.395000 0.050000 0.684160 0.9685 0.9685 0.9685
v 0.393534 0.042929 0.681621 0.9685 0.9685 0.9685
v 0.389995 0.090000 0.675492 0.9685 0.9685 0.9685
v 0.395000 0.080000 0.684160 0.9685 0.9685 0.9685
v 0.393534 0.087071 0.681621 0.9685 0.9685 0.9685
v 0.329638 0.040000 0.706912 0.9685 0.9685 0.9685
v 0.333868 0.050000 0.715983 0.9685 0.9685 0.9685
v 0.332629 0.042929 0.713326 0.9685 0.9685 0.9685
v 0.329638 0.090000 0.706912 0.9685 0.9685 0.9685
v 0.333868 0.080000 0.715983 0.9685 0.9685 0.9685
v 0.332629 0.087071 0.713326 0.9685 0.9685 0.9685
v 0.266773 0.040000 0.732951 0.9685 0.9685 0.9685
v 0.270196 0.050000 0.742357 0.9685 0.9685 0.9685
v 0.269193 0.042929 0.739602 0.9685 0.9685 0.9685
v 0.266773 0.090000 0.732951 0.9685 0.9685 0.9685
v 0.270196 0.080000 0.742357 0.9685 0.9685 0.9685
v 0.269193 0.087071 0.739602 0.9685 0.9685 0.9685
v 0.201876 0.040000 0.753413 0.9685 0.9685 0.9685
v 0.204467 0.050000 0.763081 0.9685 0.9685 0.9685
v 0.203708 0.042929 0.760250 0.9685 0.9685 0.9685
v 0.201876 0.090000 0.753413 0.9685 0.9685 0.9685
v 0.204467 0.080000 0.763081 0.9685 0.9685 0.9685
v 0.203708 0.087071 0.760250 0.9685 0.9685 0.9685
v 0.135444 0.040000 0.768141 0.9685 0.9685 0.9685
v 0.137182 0.050000 0.777998 0.9685 0.9685 0.9685
v 0.136673 0.042929 0.775111 0.9685 0.9685 0.9685
v 0.135444 0.090000 0.768141 0.9685 0.9685 0.9685
v 0.137182 0.080000 0.777998 0.9685 0.9685 0.9685
v 0.136673 0.087071 0.775111 0.9685 0.9685 0.9685
v 0.067980 0.040000 0.777022 0.9685 0.9685 0.9685
v 0.068853 0.050000 0.786994 0.9685 0.9685 0.9685
v 0.068597 0.042929 0.784073 0.9685 0.9685 0.9685
v 0.067980 0.090000 0.777022 0.9685 0.9685 0.9685
v 0.068853 0.080000 0.786994 0.9685 0.9685 0.9685
v 0.068597 0.087071 0.784073 0.9685 0.9685 0.9685
v 0.000000 0.040000 0.779990 0.9685 0.9685 0.9685
v 0.000000 0.050000 0.790000 0.9685 0.9685 0.9685
v 0.000000 0.042929 0.787068 0.9685 0.9685 0.9685
v 0.000000 0.090000 0.779990 0.9685 0.9685 0.9685
v 0.000000 0.080000 0.790000 0.9685 0.9685 0.9685
v 0.000000 0.087071 0.787068 0.9685 0.9685 0.9685
v -0.067980 0.040000 0.777022 0.9685 0.9685 0.9685
v -0.068853 0.050000 0.786994 0.9685 0.9685 0.9685
v -0.068597 0.042929 0.784073 0.9685 0.9685 0.9685
v -0.067980 0.090000 0.777022 0.9685 0.9685 0.9685
v -0.068853 0.080000 0.786994 0.9685 0.9685 0.9685
v -0.068597 0.087071 0.784073 0.9685 0.9685 0.9685
v -0.135444 0.040000 0.768141 0.9685 0.9685 0.9685
v -0.137182 0.050000 0.777998 0.9685 0.9685 0.9685
v -0.136673 0.042929 0.775111 0.9685 0.9685 0.9685
v -0.135444 0.090000 0.768141 0.9685 0.9685 0.9685
v -0.137182 0.080000 0.777998 0.9685 0.9685 0.9685
v -0.136673 0.087071 0.775111 0.9685 0.9685 0.9685
v -0.201876 0.040000 0.753413 0.9685 0.9685 0.9685
v -0.204467 0.050000 0.763081 0.9685 0.9685 0.9685
v -0.203708 0.042929 0.760250 0.9685 0.9685 0.9685
v -0.201876 0.090000 0.753413 0.9685 0.9685 0.9685
v -0.204467 0.080000 0.763081 0.9685 0.9685 0.9685
v -0.203708 0.087071 0.760250 0.9685 0.9685 0.9685
v -0.266773 0.040000 0.732951 0.9685 0.9685 0.9685
v -0.270196 0.050000 0.742357 0.9685 0.9685 0.9685
v -0.269193 0.042929 0.739602 0.9685 0.9685 0.9685
v -0.266773 0.090000 0.732951 0.9685 0.9685 0.9685
v -0.270196 0.080000 0.742357 0.9685 0.9685 0.9685
v -0.269193 0.087071 0.739602 0.9685 0.9685 0.9685
v -0.329638 0.040000 0.706912 0.9685 0.9685 0.9685
v -0.333868 0.050000 0.715983 0.9685 0.9685 0.9685
v -0.332629 0.042929 0.713326 0.9685 0.9685 0.9685
v -0.329638 0.090000 0.706912 0.9685 0.9685 0.9685
v -0.333868 0.080000 0.715983 0.9685 0.9685 0.9685
v -0.332629 0.087071 0.713326 0.9685 0.9685 0.9685
v -0.389995 0.040000 0.675492 0.9685 0.9685 0.9685
v -0.395000 0.050000 0.684160 0.9685 0.9685 0.9685
v -0.393534 0.042929 0.681621 0.9685 0.9685 0.9685
v -0.389995 0.090000 0.675492 0.9685 0.9685 0.9685
v -0.395000 0.080000 0.684160 0.9685 0.9685 0.9685
v -0.393534 0.087071 0.681621 0.9685 0.9685 0.9685
v -0.447384 0.040000 0.638931 0.9685 0.9685 0.9685
v -0.453125 0.050000 0.647130 0.9685 0.9685 0.9685
v -0.451444 0.042929 0.644729 0.9685 0.9685 0.9685
v -0.447384 0.090000 0.638931 0.9685 0.9685 0.9685
v -0.453125 0.080000 0.647130 0.9685 0.9685 0.9685
v -0.451444 0.087071 0.644729 0.9685 0.9685 0.9685
v -0.501368 0.040000 0.597507 0.9685 0.9685 0.9685
v -0.507802 0.050000 0.605175 0.9685 0.9685 0.9685
v -0.505918 0.042929 0.602929 0.9685 0.9685 0.9685
v -0.501368 0.090000 0.597507 0.9685 0.9685 0.9685
v -0.507802 0.080000 0.605175 0.9685 0.9685 0.9685
v -0.505918 0.087071 0.602929 0.9685 0.9685 0.9685
v -0.551537 0.040000 0.551537 0.9685 0.9685 0.9685
v -0.558614 0.050000 0.558614 0.9685 0.9685 0.9685
v -0.556541 0.042929 0.556541 0.9685 0.9685 0.9685
v -0.551537 0.090000 0.551537 0.9685 0.9685 0.9685
v -0.558614 0.080000 0.558614 0.9685 0.9685 0.9685
v -0.556541 0.087071 0.556541 0.9685 0.9685 0.9685
v -0.597507 0.040000 0.501368 0.9685 0.9685 0.9685
v -0.605175 0.050000 0.507802 0.9685 0.9685 0.9685
v -0.602929 0.042929 0.505918 0.9685 0.9685 0.9685
v -0.597507 0.090000 0.501368 0.9685 0.9685 0.9685
v -0.605175 0.080000 0.507802 0.9685 0.9685 0.9685
v -0.602929 0.087071 0.505918 0.9685 0.9685 0.9685
v -0.638931 0.040000 0.447384 0.9685 0.9685 0.9685
v -0.647130 0.050000 0.453125 0.9685 0.9685 0.9685
v -0.644729 0.042929 0.451444 0.9685 0.9685 0.9685
v -0.638931 0.090000 0.447384 0.9685 0.9685 0.9685
v -0.647130 0.080000 0.453125 0.9685 0.9685 0.9685
v -0.644729 0.087071 0.451444 0.9685 0.9685 0.9685
v -0.675492 0.040000 0.389995 0.9685 0.9685 0.9685
v -0.684160 0.050000 0.395000 0.9685 0.9685 0.9685
v -0.681621 0.042929 0.393534 0.9685 0.9685 0.9685
v -0.675492 0.090000 0.389995 0.9685 0.9685 0.9685
v -0.684160 0.080000 0.395000 0.9685 0.9685 0.9685
v -0.681621 0.087071 0.393534 0.9685 0.9685 0.9685
v -0.706912 0.040000 0.329638 0.9685 0.9685 0.9685
v -0.715983 0.050000 0.333868 0.9685 0.9685 0.9685
v -0.713326 0.042929 0.332629 0.9685 0.9685 0.9685
v -0.706912 0.090000 0.329638 0.9685 0.9685 0.9685
v -0.715983 0.080000 0.333868 0.9685 0.9685 0.9685
v -0.713326 0.087071 0.332629 0.9685 0.9685 0.9685
v -0.732951 0.040000 0.266773 0.9685 0.9685 0.9685
v -0.742357 0.050000 0.270196 0.9685 0.9685 0.9685
v -0.739602 0.042929 0.269193 0.9685 0.9685 0.9685
v -0.732951 0.090000 0.266773 0.9685 0.9685 0.9685
v -0.742357 0.080000 0.270196 0.9685 0.9685 0.9685
v -0.739602 0.087071 0.269193 0.9685 0.9685 0.9685
v -0.753413 0.040000 0.201876 0.9685 0.9685 0.9685
v -0.763081 0.050000 0.204467 0.9685 0.9685 0.9685
v -0.760250 0.042929 0.203708 0.9685 0.9685 0.9685
v -0.753413 0.090000 0.201876 0.9685 0.9685 0.9685
v -0.763081 0.080000 0.204467 0.9685 0.9685 0.9685
v -0.760250 0.087071 0.203708 0.9685 0.9685 0.9685
v -0.768141 0.040000 0.135444 0.9685 0.9685 0.9685
v -0.777998 0.050000 0.137182 0.9685 0.9685 0.9685
v -0.775111 0.042929 0.136673 0.9685 0.9685 0.9685
v -0.768141 0.090000 0.135444 0.9685 0.9685 0.9685
v -0.777998 0.080000 0.137182 0.9685 0.9685 0.9685
v -0.775111 0.087071 0.136673 0.9685 0.9685 0.9685
v -0.777022 0.040000 0.067980 0.9685 0.9685 0.9685
v -0.786994 0.050000 0.068853 0.9685 0.9685 0.9685
v -0.784073 0.042929 0.068597 0.9685 0.9685 0.9685
v -0.777022 0.090000 0.067980 0.9685 0.9685 0.9685
v -0.786994 0.080000 0.068853 0.9685 0.9685 0.9685
v -0.784073 0.087071 0.068597 0.9685 0.9685 0.9685
v -0.779990 0.040000 0.000000 0.9685 0.9685 0.9685
v -0.790000 0.050000 0.000000 0.9685 0.9685 0.9685
v -0.787068 0.042929 0.000000 0.9685 0.9685 0.9685
v -0.779990 0.090000 0.000000 0.9685 0.9685 0.9685
v -0.790000 0.080000 0.000000 0.9685 0.9685 0.9685
v -0.787068 0.087071 0.000000 0.9685 0.9685 0.9685
v -0.777022 0.040000 -0.067980 0.9685 0.9685 0.9685
v -0.786994 0.050000 -0.068853 0.9685 0.9685 0.9685
v -0.784073 0.042929 -0.068597 0.9685 0.9685 0.9685
v -0.777022 0.090000 -0.067980 0.9685 0.9685 0.9685
v -0.786994 0.080000 -0.068853 0.9685 0.9685 0.9685
v -0.784073 0.087071 -0.068597 0.9685 0.9685 0.9685
v -0.768141 0.040000 -0.135444 0.9685 0.9685 0.9685
v -0.777998 0.050000 -0.137182 0.9685 0.9685 0.9685
v -0.775111 0.042929 -0.136673 0.9685 0.9685 0.9685
v -0.768141 0.090000 -0.135444 0.9685 0.9685 0.9685
v -0.777998 0.080000 -0.137182 0.9685 0.9685 0.9685
v -0.775111 0.087071 -0.136673 0.9685 0.9685 0.9685
v -0.753413 0.040000 -0.201876 0.9685 0.9685 0.9685
v -0.763081 0.050000 -0.204467 0.9685 0.9685 0.9685
v -0.760250 0.042929 -0.203708 0.9685 0.9685 0.9685
v -0.753413 0.090000 -0.201876 0.9685 0.9685 0.9685
v -0.763081 0.080000 -0.204467 0.9685 0.9685 0.9685
v -0.760250 0.087071 -0.203708 0.9685 0.9685 0.9685
v -0.732951 0.040000 -0.266773 0.9685 0.9685 0.9685
v -0.742357 0.050000 -0.270196 0.9685 0.9685 0.9685
v -0.739602 0.042929 -0.269193 0.9685 0.9685 0.9685
v -0.732951 0.090000 -0.266773 0.9685 0.9685 0.9685
v -0.742357 0.080000 -0.270196 0.9685 0.9685 0.9685
v -0.739602 0.087071 -0.269193 0.9685 0.9685 0.9685
v -0.706912 0.040000 -0.329638 0.9685 0.9685 0.9685
v -0.715983 0.050000 -0.333868 0.9685 0.9685 0.9685
v -0.713326 0.042929 -0.332629 0.9685 0.9685 0.9685
v -0.706912 0.090000 -0.329638 0.9685 0.9685 0.9685
v -0.715983 0.080000 -0.333868 0.9685 0.9685 0.9685
v -0.713326 0.087071 -0.332629 0.9685 0.9685 0.9685
v -0.675492 0.040000 -0.389995 0.9685 0.9685 0.9685
v -0.684160 0.050000 -0.395000 0.9685 0.9685 0.9685
v -0.681621 0.042929 -0.393534 0.9685 0.9685 0.9685
v -0.675492 0.090000 -0.389995 0.9685 0.9685 0.9685
v -0.684160 0.080000 -0.395000 0.9685 0.9685 0.9685
v -0.681621 0.087071 -0.393534 0.9685 0.9685 0.9685
v -0.638931 0.040000 -0.447384 0.9685 0.9685 0.9685
v -0.647130 0.050000 -0.453125 0.9685 0.9685 0.9685
v -0.644729 0.042929 -0.451444 0.9685 0.9685 0.9685
v -0.638931 0.090000 -0.447384 0.9685 0.9685 0.9685
v -0.647130 0.080000 -0.453125 0.9685 0.9685 0.9685
v -0.644729 0.087071 -0.451444 0.9685 0.9685 0.9685
v -0.597507 0.040000 -0.501368 0.9685 0.9685 0.9685
v -0.605175 0.050000 -0.507802 0.9685 0.9685 0.9685
v -0.602929 0.042929 -0.505918 0.9685 0.9685 0.9685
v -0.597507 0.090000 -0.501368 0.9685 0.9685 0.9685
v -0.605175 0.080000 -0.507802 0.9685 0.9685 0.9685
v -0.602929 0.087071 -0.505918 0.9685 0.9685 0.9685
v -0.551537 0.040000 -0.551537 0.9685 0.9685 0.9685
v -0.558614 0.050000 -0.558614 0.9685 0.9685 0.9685
v -0.556541 0.042929 -0.556541 0.9685 0.9685 0.9685
v -0.551537 0.090000 -0.551537 0.9685 0.9685 0.9685
v -0.558614 0.080000 -0.558614 0.9685 0.9685 0.9685
v -0.556541 0.087071 -0.556541 0.9685 0.9685 0.9685
v -0.501368 0.040000 -0.597507 0.9685 0.9685 0.9685
v -0.507802 0.050000 -0.605175 0.9685 0.9685 0.9685
v -0.505918 0.042929 -0.602929 0.9685 0.9685 0.9685
v -0.501368 0.090000 -0.597507 0.9685 0.9685 0.9685
v -0.507802 0.080000 -0.605175 0.9685 0.9685 0.9685
v -0.505918 0.087071 -0.602929 0.9685 0.9685 0.9685
v -0.447384 0.040000 -0.638931 0.9685 0.9685 0.9685
v -0.453125 0.050000 -0.647130 0.9685 0.9685 0.9685
v -0.451444 0.042929 -0.644729 0.9685 0.9685 0.9685
v -0.447384 0.090000 -0.638931 0.9685 0.9685 0.9685
v -0.453125 0.080000 -0.647130 0.9685 0.9685 0.9685
v -0.451444 0.087071 -0.644729 0.9685 0.9685 0.9685
v -0.389995 0.040000 -0.675492 0.9685 0.9685 0.9685
v -0.395000 0.050000 -0.684160 0.9685 0.9685 0.9685
v -0.393534 0.042929 -0.681621 0.9685 0.9685 0.9685
v -0.389995 0.090000 -0.675492 0.9685 0.9685 0.9685
v -0.395000 0.080000 -0.684160 0.9685 0.9685 0.9685
v -0.393534 0.087071 -0.681621 0.9685 0.9685 0.9685
v -0.329638 0.040000 -0.706912 0.9685 0.9685 0.9685
v -0.333868 0.050000 -0.715983 0.9685 0.9685 0.9685
v -0.332629 0.042929 -0.713326 0.9685 0.9685 0.9685
v -0.329638 0.090000 -0.706912 0.9685 0.9685 0.9685
v -0.333868 0.080000 -0.715983 0.9685 0.9685 0.9685
v -0.332629 0.087071 -0.713326 0.9685 0.9685 0.9685
v -0.266773 0.040000 -0.732951 0.9685 0.9685 0.9685
v -0.270196 0.050000 -0.742357 0.9685 0.9685 0.9685
v -0.269193 0.042929 -0.739602 0.9685 0.9685 0.9685
v -0.266773 0.090000 -0.732951 0.9685 0.9685 0.9685
v -0.270196 0.080000 -0.742357 0.9685 0.9685 0.9685
v -0.269193 0.087071 -0.739602 0.9685 0.9685 0.9685
v -0.201876 0.040000 -0.753413 0.9685 0.9685 0.9685
v -0.204467 0.050000 -0.763081 0.9685 0.9685 0.9685
v -0.203708 0.042929 -0.760250 0.9685 0.9685 0.9685
v -0.201876 0.090000 -0.753413 0.9685 0.9685 0.9685
v -0.204467 0.080000 -0.763081 0.9685 0.9685 0.9685
v -0.203708 0.087071 -0.760250 0.9685 0.9685 0.9685
v -0.135444 0.040000 -0.768141 0.9685 0.9685 0.9685
v -0.137182 0.050000 -0.777998 0.9685 0.9685 0.9685
v -0.136673 0.042929 -0.775111 0.9685 0.9685 0.9685
v -0.135444 0.090000 -0.768141 0.9685 0.9685 0.9685
v -0.137182 0.080000 -0.777998 0.9685 0.9685 0.9685
v -0.136673 0.087071 -0.775111 0.9685 0.9685 0.9685
v -0.067980 0.040000 -0.777022 0.9685 0.9685 0.9685
v -0.068853 0.050000 -0.786994 0.9685 0.9685 0.9685
v -0.068597 0.042929 -0.784073 0.9685 0.9685 0.9685
v -0.067980 0.090000 -0.777022 0.9685 0.9685 0.9685
v -0.068853 0.080000 -0.786994 0.9685 0.9685 0.9685
v -0.068597 0.087071 -0.784073 0.9685 0.9685 0.9685
vn 0.0684 -0.1301 -0.9891
vn 0.2087 -0.1301 -0.9693
vn 0.1828 -0.4957 -0.8491
vn 0.0599 -0.4959 -0.8663
vn 0.1069 -0.8613 -0.4968
vn 0.0350 -0.8616 -0.5064
vn 0.0287 -0.9907 -0.1332
vn 0.0094 -0.9907 -0.1355
vn 0.3157 -0.1302 -0.9399
vn 0.2762 -0.4975 -0.8223
vn 0.1606 -0.8635 -0.4782
vn 0.0425 -0.9910 -0.1266
vn 0.4092 -0.1300 -0.9031
vn 0.3584 -0.4962 -0.7908
vn 0.2093 -0.8619 -0.4618
vn 0.0559 -0.9908 -0.1234
vn 0.5671 -0.1301 -0.8133
vn 0.4973 -0.4939 -0.7133
vn 0.2929 -0.8589 -0.4201
vn 0.0797 -0.9902 -0.1143
vn 0.8190 -0.1211 -0.5609
vn 0.7315 -0.4654 -0.4983
vn 0.4666 -0.8332 -0.2967
vn 0.1428 -0.9863 -0.0822
vn 0.9538 -0.1342 -0.2689
vn 0.8298 -0.5029 -0.2419
vn 0.5054 -0.8477 -0.1612
vn 0.1491 -0.9875 -0.0517
vn 0.9760 -0.1327 -0.1726
vn 0.8557 -0.4975 -0.1425
vn 0.5373 -0.8401 -0.0745
vn 0.1654 -0.9860 -0.0185
vn 0.9932 -0.1125 -0.0284
vn 0.8931 -0.4491 -0.0264
vn 0.5654 -0.8243 -0.0279
vn 0.1671 -0.9859 -0.0127
vn 0.9863 -0.1315 0.0998
vn 0.8618 -0.5000 0.0850
vn 0.5119 -0.8581 0.0403
vn 0.1426 -0.9898 0.0078
vn 0.9715 -0.1446 0.1876
vn 0.8304 -0.5339 0.1591
vn 0.4643 -0.8816 0.0848
vn 0.1210 -0.9924 0.0208
vn 0.9620 -0.1414 0.2336
vn 0.8283 -0.5208 0.2066
vn 0.4843 -0.8657 0.1268
vn 0.1341 -0.9903 0.0369
vn 0.9471 -0.1254 0.2954
vn 0.8345 -0.4857 0.2602
vn 0.4955 -0.8554 0.1511
vn 0.1340 -0.9902 0.0396
vn 0.9292 -0.1311 0.3456
vn 0.8114 -0.5007 0.3015
vn 0.4724 -0.8644 0.1723
vn 0.1259 -0.9910 0.0447
vn 0.9148 -0.1353 0.3807
vn 0.7932 -0.5119 0.3299
vn 0.4529 -0.8718 0.1867
vn 0.1182 -0.9918 0.0482
vn 0.9053 -0.1347 0.4028
vn 0.7859 -0.5101 0.3495
vn 0.4483 -0.8714 0.1992
vn 0.1164 -0.9919 0.0517
vn 0.8951 -0.1321 0.4259
vn 0.7802 -0.5035 0.3711
vn 0.4492 -0.8678 0.2123
vn 0.1174 -0.9916 0.0549
vn 0.8849 -0.1313 0.4468
vn 0.7723 -0.5014 0.3899
vn 0.4456 -0.8665 0.2250
vn 0.1166 -0.9914 0.0589
vn 0.9081 -0.1318 0.3974
vn 0.7900 -0.5063 0.3457
vn 0.4491 -0.8716 0.1965
vn 0.1141 -0.9922 0.0499
vn 0.9550 -0.1317 0.2658
vn 0.8308 -0.5063 0.2313
vn 0.4719 -0.8718 0.1314
vn 0.1196 -0.9923 0.0333
vn 0.9843 -0.1318 0.1174
vn 0.8561 -0.5067 0.1021
vn 0.4857 -0.8722 0.0579
vn 0.1229 -0.9923 0.0146
vn 0.9905 -0.1318 -0.0394
vn 0.8614 -0.5068 -0.0342
vn 0.4886 -0.8723 -0.0194
vn 0.1235 -0.9923 -0.0049
vn 0.9774 -0.1312 -0.1658
vn 0.8516 -0.5039 -0.1444
vn 0.4866 -0.8697 -0.0825
vn 0.1246 -0.9920 -0.0211
vn 0.9572 -0.1312 -0.2579
vn 0.8341 -0.5037 -0.2247
vn 0.4769 -0.8695 -0.1285
vn 0.1222 -0.9920 -0.0329
vn 0.9300 -0.1311 -0.3433
vn 0.8105 -0.5035 -0.2992
vn 0.4636 -0.8693 -0.1712
vn 0.1190 -0.9919 -0.0439
vn 0.8975 -0.1311 -0.4210
vn 0.7824 -0.5032 -0.3670
vn 0.4478 -0.8691 -0.2100
vn 0.1151 -0.9919 -0.0540
vn 0.8921 -0.1296 -0.4328
vn 0.7811 -0.4962 -0.3790
vn 0.4551 -0.8629 -0.2199
vn 0.1205 -0.9910 -0.0578
vn 0.9163 -0.1304 -0.3788
vn 0.8012 -0.4984 -0.3312
vn 0.4649 -0.8638 -0.1940
vn 0.1228 -0.9911 -0.0520
vn 0.9371 -0.1305 -0.3238
vn 0.8193 -0.4985 -0.2832
vn 0.4764 -0.8640 -0.1631
vn 0.1262 -0.9911 -0.0426
vn 0.9563 -0.1303 -0.2618
vn 0.8364 -0.4981 -0.2290
vn 0.4857 -0.8637 -0.1344
vn 0.1284 -0.9911 -0.0361
vn 0.9691 -0.1348 -0.2064
vn 0.8411 -0.5103 -0.1794
vn 0.4817 -0.8700 -0.1055
vn 0.1265 -0.9915 -0.0287
vn 0.9773 -0.1325 -0.1655
vn 0.8525 -0.5032 -0.1418
vn 0.5026 -0.8609 -0.0788
vn 0.1376 -0.9903 -0.0201
vn 0.9857 -0.1271 -0.1109
vn 0.8660 -0.4904 -0.0979
vn 0.5112 -0.8572 -0.0614
vn 0.1380 -0.9903 -0.0179
vn 0.9894 -0.1303 -0.0643
vn 0.8652 -0.4983 -0.0562
vn 0.5019 -0.8643 -0.0326
vn 0.1322 -0.9912 -0.0086
vn 0.9915 -0.1302 -0.0000
vn 0.8675 -0.4974 -0.0000
vn 0.5046 -0.8633 -0.0000
vn 0.1337 -0.9910 -0.0000
vn 0.9883 -0.1302 0.0789
vn 0.8647 -0.4974 0.0691
vn 0.5030 -0.8633 0.0402
vn 0.1332 -0.9910 0.0106
vn 0.9791 -0.1302 0.1564
vn 0.8566 -0.4975 0.1368
vn 0.4982 -0.8634 0.0796
vn 0.1319 -0.9910 0.0211
vn 0.9642 -0.1302 0.2311
vn 0.8435 -0.4976 0.2021
vn 0.4905 -0.8635 0.1175
vn 0.1298 -0.9910 0.0311
vn 0.9431 -0.1302 0.3059
vn 0.8252 -0.4974 0.2677
vn 0.4801 -0.8633 0.1557
vn 0.1272 -0.9910 0.0413
vn 0.9187 -0.1238 0.3749
vn 0.8111 -0.4807 0.3332
vn 0.4908 -0.8457 0.2096
vn 0.1381 -0.9885 0.0617
vn 0.8809 -0.1356 0.4534
vn 0.7704 -0.5052 0.3890
vn 0.4701 -0.8525 0.2285
vn 0.1370 -0.9885 0.0639
vn 0.8535 -0.1387 0.5024
vn 0.7356 -0.5194 0.4349
vn 0.4189 -0.8718 0.2538
vn 0.1110 -0.9914 0.0692
vn 0.8234 -0.1312 0.5520
vn 0.7189 -0.5010 0.4819
vn 0.4161 -0.8658 0.2779
vn 0.1096 -0.9913 0.0727
vn 0.8016 -0.1305 0.5834
vn 0.7005 -0.4993 0.5099
vn 0.4054 -0.8644 0.2973
vn 0.1067 -0.9911 0.0791
vn 0.7779 -0.1295 0.6149
vn 0.6809 -0.4966 0.5383
vn 0.3964 -0.8633 0.3122
vn 0.1048 -0.9911 0.0820
vn 0.7556 -0.1303 0.6419
vn 0.6605 -0.4988 0.5612
vn 0.3826 -0.8648 0.3251
vn 0.1005 -0.9913 0.0854
vn 0.7919 -0.1217 0.5984
vn 0.7018 -0.4772 0.5290
vn 0.4050 -0.8587 0.3141
vn 0.1000 -0.9916 0.0816
vn 0.8664 -0.1265 0.4831
vn 0.7614 -0.4900 0.4244
vn 0.4338 -0.8711 0.2300
vn 0.1056 -0.9931 0.0511
vn 0.9428 -0.1383 0.3033
vn 0.8113 -0.5237 0.2599
vn 0.4451 -0.8832 0.1480
vn 0.1080 -0.9934 0.0384
vn 0.9854 -0.1325 0.1071
vn 0.8552 -0.5098 0.0930
vn 0.4817 -0.8748 0.0524
vn 0.1203 -0.9927 0.0131
vn 0.9914 -0.1306 -0.0000
vn 0.8660 -0.5000 -0.0000
vn 0.5000 -0.8660 -0.0000
vn 0.1305 -0.9914 -0.0000
vn 0.9914 -0.1305 -0.0000
vn 0.9914 -0.1304 0.0099
vn 0.8664 -0.4993 0.0087
vn 0.5012 -0.8653 0.0050
vn 0.1313 -0.9913 0.0013
vn 0.9910 -0.1305 0.0297
vn 0.8660 -0.4994 0.0260
vn 0.5010 -0.8653 0.0150
vn 0.1313 -0.9913 0.0039
vn 0.9902 -0.1305 0.0495
vn 0.8652 -0.4995 0.0433
vn 0.5004 -0.8654 0.0250
vn 0.1311 -0.9913 0.0066
vn 0.9890 -0.1305 0.0692
vn 0.8643 -0.4994 0.0604
vn 0.4999 -0.8654 0.0351
vn 0.1310 -0.9913 0.0092
vn 0.9883 -0.1305 0.0791
vn 0.8633 -0.4999 0.0691
vn 0.4985 -0.8660 0.0399
vn 0.1301 -0.9914 0.0104
vn 0.8633 -0.5000 0.0691
vn 0.4984 -0.8660 0.0399
vn 0.9879 -0.1305 0.0840
vn 0.8631 -0.4997 0.0734
vn 0.4988 -0.8657 0.0424
vn 0.1305 -0.9914 0.0111
vn 0.9870 -0.1305 0.0938
vn 0.8623 -0.4997 0.0819
vn 0.4984 -0.8657 0.0473
vn 0.1303 -0.9914 0.0124
vn 0.9860 -0.1305 0.1035
vn 0.8615 -0.4997 0.0905
vn 0.4979 -0.8657 0.0523
vn 0.1302 -0.9914 0.0137
vn 0.9850 -0.1305 0.1133
vn 0.8606 -0.4997 0.0990
vn 0.4973 -0.8657 0.0572
vn 0.1301 -0.9914 0.0150
vn 0.9844 -0.1305 0.1181
vn 0.8599 -0.5000 0.1032
vn 0.4964 -0.8660 0.0596
vn 0.1296 -0.9914 0.0156
vn 0.9849 -0.1306 0.1133
vn 0.8602 -0.5004 0.0989
vn 0.4961 -0.8664 0.0571
vn 0.1293 -0.9915 0.0149
vn 0.9860 -0.1306 0.1035
vn 0.8611 -0.5004 0.0904
vn 0.4967 -0.8664 0.0521
vn 0.1294 -0.9915 0.0136
vn 0.9870 -0.1306 0.0938
vn 0.8619 -0.5004 0.0819
vn 0.4971 -0.8664 0.0472
vn 0.1295 -0.9915 0.0123
vn 0.9879 -0.1306 0.0840
vn 0.8627 -0.5004 0.0733
vn 0.4976 -0.8664 0.0423
vn 0.1297 -0.9915 0.0110
vn 0.9866 -0.1304 0.0978
vn 0.8625 -0.4987 0.0855
vn 0.4998 -0.8647 0.0495
vn 0.1314 -0.9912 0.0130
vn 0.9818 -0.1303 0.1379
vn 0.8584 -0.4985 0.1206
vn 0.4977 -0.8645 0.0699
vn 0.1310 -0.9912 0.0184
vn 0.9743 -0.1303 0.1840
vn 0.8519 -0.4983 0.1609
vn 0.4943 -0.8643 0.0934
vn 0.1302 -0.9912 0.0246
vn 0.9627 -0.1302 0.2371
vn 0.8420 -0.4980 0.2073
vn 0.4889 -0.8640 0.1204
vn 0.1290 -0.9911 0.0318
vn 0.9280 -0.1301 0.3491
vn 0.8132 -0.4950 0.3060
vn 0.4769 -0.8604 0.1794
vn 0.1285 -0.9905 0.0483
vn 0.8162 -0.1524 0.5573
vn 0.6957 -0.5461 0.4667
vn 0.4053 -0.8794 0.2498
vn 0.1149 -0.9913 0.0647
vn 0.6034 -0.1509 0.7830
vn 0.5067 -0.5401 0.6720
vn 0.2715 -0.8747 0.4015
vn 0.0709 -0.9905 0.1178
vn 0.2330 -0.1079 0.9665
vn 0.2078 -0.4315 0.8779
vn 0.1013 -0.7936 0.5999
vn 0.0172 -0.9775 0.2104
vn -0.2319 -0.0616 0.9708
vn -0.2168 -0.2792 0.9355
vn -0.2173 -0.6410 0.7362
vn -0.1652 -0.9189 0.3582
vn -0.7058 -0.0952 0.7019
vn -0.6440 -0.3936 0.6561
vn -0.4370 -0.7065 0.5566
vn -0.2009 -0.9214 0.3327
vn -0.9226 -0.1306 0.3629
vn -0.8097 -0.4928 0.3185
vn -0.4802 -0.8566 0.1889
vn -0.1327 -0.9898 0.0522
vn -0.9865 -0.1301 0.0995
vn -0.8647 -0.4946 0.0872
vn -0.5080 -0.8598 0.0512
vn -0.1374 -0.9904 0.0138
vn -0.9914 -0.1305 -0.0000
vn -0.8660 -0.5000 -0.0000
vn -0.5000 -0.8660 -0.0000
vn -0.1305 -0.9914 -0.0000
vn -0.9914 -0.1305 -0.0050
vn -0.8662 -0.4996 -0.0043
vn -0.5006 -0.8657 -0.0025
vn -0.1309 -0.9914 -0.0007
vn -0.9913 -0.1305 -0.0149
vn -0.8661 -0.4996 -0.0130
vn -0.5006 -0.8657 -0.0075
vn -0.1309 -0.9914 -0.0020
vn -0.9911 -0.1305 -0.0248
vn -0.8660 -0.4996 -0.0216
vn -0.5005 -0.8657 -0.0125
vn -0.1309 -0.9914 -0.0033
vn -0.9908 -0.1305 -0.0347
vn -0.8657 -0.4997 -0.0303
vn -0.5003 -0.8657 -0.0175
vn -0.1309 -0.9914 -0.0046
vn -0.9908 -0.1306 -0.0347
vn -0.8653 -0.5004 -0.0303
vn -0.4991 -0.8664 -0.0175
vn -0.1300 -0.9915 -0.0046
vn -0.9911 -0.1306 -0.0248
vn -0.8655 -0.5004 -0.0216
vn -0.4992 -0.8664 -0.0125
vn -0.1301 -0.9915 -0.0033
vn -0.9913 -0.1306 -0.0149
vn -0.8657 -0.5004 -0.0130
vn -0.4993 -0.8664 -0.0075
vn -0.1301 -0.9915 -0.0020
vn -0.9914 -0.1306 -0.0050
vn -0.8658 -0.5004 -0.0043
vn -0.4994 -0.8664 -0.0025
vn -0.1301 -0.9915 -0.0007
vn -0.9892 -0.1315 0.0649
vn -0.8610 -0.5054 0.0565
vn -0.4901 -0.8711 0.0322
vn -0.1246 -0.9922 0.0082
vn -0.9699 -0.1317 0.2046
vn -0.8437 -0.5065 0.1780
vn -0.4789 -0.8720 0.1010
vn -0.1212 -0.9923 0.0256
vn -0.9237 -0.1319 0.3598
vn -0.8029 -0.5075 0.3127
vn -0.4546 -0.8729 0.1771
vn -0.1146 -0.9924 0.0446
vn -0.8446 -0.1321 0.5188
vn -0.7339 -0.5081 0.4508
vn -0.4150 -0.8734 0.2549
vn -0.1043 -0.9925 0.0641
vn -0.7787 -0.1308 0.6136
vn -0.6794 -0.5018 0.5354
vn -0.3903 -0.8678 0.3076
vn -0.1010 -0.9917 0.0796
vn -0.7464 -0.1309 0.6525
vn -0.6511 -0.5021 0.5692
vn -0.3738 -0.8680 0.3268
vn -0.0966 -0.9917 0.0844
vn -0.7079 -0.1318 0.6939
vn -0.6166 -0.5047 0.6043
vn -0.3518 -0.8697 0.3461
vn -0.0902 -0.9919 0.0893
vn -0.6598 -0.1308 0.7400
vn -0.5754 -0.5020 0.6457
vn -0.3310 -0.8687 0.3686
vn -0.0856 -0.9919 0.0940
vn -0.5142 -0.1326 0.8474
vn -0.4459 -0.5121 0.7341
vn -0.2485 -0.8773 0.4106
vn -0.0606 -0.9930 0.1010
vn -0.1943 -0.1352 0.9716
vn -0.1674 -0.5212 0.8369
vn -0.0919 -0.8835 0.4594
vn -0.0220 -0.9937 0.1100
vn 0.1943 -0.1352 0.9716
vn 0.1674 -0.5212 0.8369
vn 0.0919 -0.8835 0.4594
vn 0.0220 -0.9937 0.1100
vn 0.5142 -0.1326 0.8474
vn 0.4459 -0.5121 0.7341
vn 0.2485 -0.8773 0.4106
vn 0.0606 -0.9930 0.1010
vn 0.6598 -0.1308 0.7400
vn 0.5754 -0.5020 0.6457
vn 0.3310 -0.8687 0.3686
vn 0.0856 -0.9919 0.0940
vn 0.7079 -0.1318 0.6939
vn 0.6166 -0.5047 0.6043
vn 0.3518 -0.8697 0.3461
vn 0.0902 -0.9919 0.0893
vn 0.7464 -0.1309 0.6525
vn 0.6511 -0.5021 0.5692
vn 0.3738 -0.8680 0.3268
vn 0.0966 -0.9917 0.0844
vn 0.7787 -0.1308 0.6136
vn 0.6794 -0.5018 0.5354
vn 0.3903 -0.8678 0.3076
vn 0.1010 -0.9917 0.0796
vn 0.8446 -0.1321 0.5188
vn 0.7339 -0.5081 0.4508
vn 0.4150 -0.8734 0.2549
vn 0.1043 -0.9925 0.0641
vn 0.9237 -0.1319 0.3598
vn 0.8029 -0.5075 0.3127
vn 0.4546 -0.8729 0.1771
vn 0.1146 -0.9924 0.0446
vn 0.9699 -0.1317 0.2046
vn 0.8437 -0.5065 0.1780
vn 0.4789 -0.8720 0.1010
vn 0.1212 -0.9923 0.0256
vn 0.9892 -0.1315 0.0649
vn 0.8610 -0.5054 0.0565
vn 0.4901 -0.8711 0.0322
vn 0.1246 -0.9922 0.0082
vn 0.9914 -0.1306 -0.0050
vn 0.8658 -0.5004 -0.0043
vn 0.4994 -0.8664 -0.0025
vn 0.1301 -0.9915 -0.0007
vn 0.9913 -0.1306 -0.0149
vn 0.8657 -0.5004 -0.0130
vn 0.4993 -0.8664 -0.0075
vn 0.1301 -0.9915 -0.0020
vn 0.9911 -0.1306 -0.0248
vn 0.8655 -0.5004 -0.0216
vn 0.4992 -0.8664 -0.0125
vn 0.1301 -0.9915 -0.0033
vn 0.9908 -0.1306 -0.0347
vn 0.8653 -0.5004 -0.0303
vn 0.4991 -0.8664 -0.0175
vn 0.1300 -0.9915 -0.0046
vn 0.9908 -0.1305 -0.0347
vn 0.8657 -0.4997 -0.0303
vn 0.5003 -0.8657 -0.0175
vn 0.1309 -0.9914 -0.0046
vn 0.9911 -0.1305 -0.0248
vn 0.8660 -0.4996 -0.0216
vn 0.5005 -0.8657 -0.0125
vn 0.1309 -0.9914 -0.0033
vn 0.9913 -0.1305 -0.0149
vn 0.8661 -0.4996 -0.0130
vn 0.5006 -0.8657 -0.0075
vn 0.1309 -0.9914 -0.0020
vn 0.9914 -0.1305 -0.0050
vn 0.8662 -0.4996 -0.0043
vn 0.5006 -0.8657 -0.0025
vn 0.1309 -0.9914 -0.0007
vn 0.9865 -0.1301 0.0995
vn 0.8647 -0.4946 0.0872
vn 0.5080 -0.8598 0.0512
vn 0.1374 -0.9904 0.0138
vn 0.9226 -0.1306 0.3629
vn 0.8097 -0.4928 0.3185
vn 0.4802 -0.8566 0.1889
vn 0.1327 -0.9898 0.0522
vn 0.7058 -0.0952 0.7019
vn 0.6440 -0.3935 0.6561
vn 0.4371 -0.7065 0.5567
vn 0.2009 -0.9213 0.3328
vn 0.2319 -0.0616 0.9708
vn 0.2168 -0.2791 0.9355
vn 0.2174 -0.6409 0.7362
vn 0.1653 -0.9188 0.3583
vn -0.2330 -0.1079 0.9665
vn -0.2078 -0.4315 0.8779
vn -0.1013 -0.7936 0.5999
vn -0.0172 -0.9775 0.2104
vn -0.6034 -0.1509 0.7830
vn -0.5067 -0.5401 0.6720
vn -0.2715 -0.8747 0.4015
vn -0.0709 -0.9905 0.1178
vn -0.8162 -0.1524 0.5573
vn -0.6957 -0.5461 0.4667
vn -0.4053 -0.8794 0.2498
vn -0.1149 -0.9913 0.0647
vn -0.9280 -0.1301 0.3491
vn -0.8132 -0.4950 0.3060
vn -0.4769 -0.8604 0.1794
vn -0.1285 -0.9905 0.0483
vn -0.9627 -0.1302 0.2371
vn -0.8420 -0.4980 0.2073
vn -0.4889 -0.8640 0.1204
vn -0.1290 -0.9911 0.0318
vn -0.9743 -0.1303 0.1840
vn -0.8519 -0.4983 0.1609
vn -0.4943 -0.8643 0.0934
vn -0.1302 -0.9912 0.0246
vn -0.9818 -0.1303 0.1379
vn -0.8584 -0.4985 0.1206
vn -0.4977 -0.8645 0.0699
vn -0.1310 -0.9912 0.0184
vn -0.9866 -0.1304 0.0978
vn -0.8625 -0.4987 0.0855
vn -0.4998 -0.8647 0.0495
vn -0.1314 -0.9912 0.0130
vn -0.9883 -0.1305 0.0791
vn -0.8633 -0.5000 0.0691
vn -0.4984 -0.8660 0.0399
vn -0.1301 -0.9914 0.0104
vn -0.9879 -0.1306 0.0840
vn -0.8627 -0.5004 0.0733
vn -0.4976 -0.8664 0.0423
vn -0.1297 -0.9915 0.0110
vn -0.9870 -0.1306 0.0938
vn -0.8619 -0.5004 0.0819
vn -0.4971 -0.8664 0.0472
vn -0.1295 -0.9915 0.0123
vn -0.9860 -0.1306 0.1035
vn -0.8611 -0.5004 0.0904
vn -0.4967 -0.8664 0.0521
vn -0.1294 -0.9915 0.0136
vn -0.9849 -0.1306 0.1133
vn -0.8602 -0.5004 0.0989
vn -0.4961 -0.8664 0.0571
vn -0.1293 -0.9915 0.0149
vn -0.9844 -0.1305 0.1181
vn -0.8599 -0.5000 0.1032
vn -0.4964 -0.8660 0.0596
vn -0.1296 -0.9914 0.0156
vn -0.9850 -0.1305 0.1133
vn -0.8606 -0.4997 0.0990
vn -0.4973 -0.8657 0.0572
vn -0.1301 -0.9914 0.0150
vn -0.9860 -0.1305 0.1035
vn -0.8615 -0.4997 0.0905
vn -0.4979 -0.8657 0.0523
vn -0.1302 -0.9914 0.0137
vn -0.9870 -0.1305 0.0938
vn -0.8623 -0.4997 0.0819
vn -0.4984 -0.8657 0.0473
vn -0.1303 -0.9914 0.0124
vn -0.9879 -0.1305 0.0840
vn -0.8631 -0.4997 0.0734
vn -0.4988 -0.8657 0.0424
vn -0.1305 -0.9914 0.0111
vn -0.8633 -0.4999 0.0691
vn -0.4985 -0.8660 0.0399
vn -0.9890 -0.1305 0.0692
vn -0.8643 -0.4994 0.0604
vn -0.4999 -0.8654 0.0351
vn -0.1310 -0.9913 0.0092
vn -0.9902 -0.1305 0.0495
vn -0.8652 -0.4995 0.0433
vn -0.5004 -0.8654 0.0250
vn -0.1311 -0.9913 0.0066
vn -0.9910 -0.1305 0.0297
vn -0.8660 -0.4994 0.0260
vn -0.5010 -0.8653 0.0150
vn -0.1313 -0.9913 0.0039
vn -0.9914 -0.1304 0.0099
vn -0.8664 -0.4993 0.0087
vn -0.5012 -0.8653 0.0050
vn -0.1313 -0.9913 0.0013
vn -0.9914 -0.1306 -0.0000
vn -0.9854 -0.1325 0.1071
vn -0.8552 -0.5098 0.0930
vn -0.4817 -0.8748 0.0524
vn -0.1203 -0.9927 0.0131
vn -0.9428 -0.1383 0.3033
vn -0.8113 -0.5237 0.2599
vn -0.4451 -0.8832 0.1480
vn -0.1080 -0.9934 0.0384
vn -0.8664 -0.1265 0.4831
vn -0.7614 -0.4900 0.4244
vn -0.4338 -0.8711 0.2300
vn -0.1056 -0.9931 0.0511
vn -0.7919 -0.1217 0.5984
vn -0.7018 -0.4772 0.5290
vn -0.4050 -0.8587 0.3141
vn -0.1000 -0.9916 0.0816
vn -0.7556 -0.1303 0.6419
vn -0.6605 -0.4988 0.5612
vn -0.3826 -0.8648 0.3251
vn -0.1005 -0.9913 0.0854
vn -0.7782 -0.1304 0.6144
vn -0.6803 -0.4988 0.5371
vn -0.3942 -0.8647 0.3112
vn -0.1036 -0.9912 0.0818
vn -0.8010 -0.1304 0.5844
vn -0.7002 -0.4987 0.5109
vn -0.4058 -0.8647 0.2961
vn -0.1067 -0.9912 0.0779
vn -0.8238 -0.1303 0.5516
vn -0.7203 -0.4986 0.4823
vn -0.4175 -0.8646 0.2796
vn -0.1098 -0.9912 0.0735
vn -0.8535 -0.1387 0.5024
vn -0.7356 -0.5194 0.4349
vn -0.4189 -0.8718 0.2538
vn -0.1110 -0.9914 0.0692
vn -0.8809 -0.1356 0.4534
vn -0.7704 -0.5052 0.3890
vn -0.4701 -0.8525 0.2285
vn -0.1370 -0.9885 0.0639
vn -0.9187 -0.1238 0.3749
vn -0.8111 -0.4807 0.3332
vn -0.4908 -0.8457 0.2096
vn -0.1381 -0.9885 0.0617
vn -0.9431 -0.1302 0.3059
vn -0.8252 -0.4974 0.2677
vn -0.4801 -0.8633 0.1557
vn -0.1272 -0.9910 0.0413
vn -0.9642 -0.1302 0.2311
vn -0.8435 -0.4976 0.2021
vn -0.4905 -0.8635 0.1175
vn -0.1298 -0.9910 0.0311
vn -0.9791 -0.1302 0.1564
vn -0.8566 -0.4975 0.1368
vn -0.4982 -0.8634 0.0796
vn -0.1319 -0.9910 0.0211
vn -0.9883 -0.1302 0.0789
vn -0.8647 -0.4974 0.0691
vn -0.5030 -0.8633 0.0402
vn -0.1332 -0.9910 0.0106
vn -0.9915 -0.1302 -0.0000
vn -0.8675 -0.4974 -0.0000
vn -0.5046 -0.8633 -0.0000
vn -0.1337 -0.9910 -0.0000
vn -0.9894 -0.1303 -0.0643
vn -0.8652 -0.4983 -0.0562
vn -0.5019 -0.8643 -0.0326
vn -0.1322 -0.9912 -0.0086
vn -0.9857 -0.1271 -0.1109
vn -0.8660 -0.4904 -0.0979
vn -0.5112 -0.8572 -0.0614
vn -0.1380 -0.9903 -0.0179
vn -0.9773 -0.1325 -0.1655
vn -0.8525 -0.5032 -0.1418
vn -0.5026 -0.8609 -0.0788
vn -0.1376 -0.9903 -0.0201
vn -0.9692 -0.1347 -0.2063
vn -0.8412 -0.5100 -0.1794
vn -0.4821 -0.8697 -0.1056
vn -0.1268 -0.9915 -0.0288
vn -0.9562 -0.1303 -0.2620
vn -0.8364 -0.4980 -0.2291
vn -0.4857 -0.8638 -0.1342
vn -0.1283 -0.9911 -0.0359
vn -0.9373 -0.1298 -0.3233
vn -0.8205 -0.4967 -0.2831
vn -0.4775 -0.8631 -0.1642
vn -0.1264 -0.9910 -0.0432
vn -0.9159 -0.1303 -0.3797
vn -0.8011 -0.4980 -0.3321
vn -0.4651 -0.8640 -0.1928
vn -0.1228 -0.9911 -0.0509
vn -0.8927 -0.1291 -0.4317
vn -0.7821 -0.4952 -0.3782
vn -0.4555 -0.8622 -0.2217
vn -0.1205 -0.9909 -0.0592
vn -0.8969 -0.1308 -0.4224
vn -0.7821 -0.5024 -0.3687
vn -0.4483 -0.8692 -0.2088
vn -0.1151 -0.9920 -0.0525
vn -0.9301 -0.1323 -0.3426
vn -0.8092 -0.5063 -0.2979
vn -0.4606 -0.8711 -0.1707
vn -0.1176 -0.9921 -0.0441
vn -0.9572 -0.1312 -0.2579
vn -0.8341 -0.5037 -0.2247
vn -0.4769 -0.8695 -0.1285
vn -0.1222 -0.9920 -0.0329
vn -0.9774 -0.1312 -0.1658
vn -0.8516 -0.5039 -0.1444
vn -0.4866 -0.8697 -0.0825
vn -0.1246 -0.9920 -0.0211
vn -0.9905 -0.1318 -0.0394
vn -0.8614 -0.5068 -0.0342
vn -0.4886 -0.8723 -0.0194
vn -0.1235 -0.9923 -0.0049
vn -0.9843 -0.1318 0.1174
vn -0.8561 -0.5067 0.1021
vn -0.4857 -0.8722 0.0579
vn -0.1229 -0.9923 0.0146
vn -0.9550 -0.1317 0.2658
vn -0.8308 -0.5063 0.2313
vn -0.4719 -0.8718 0.1314
vn -0.1196 -0.9923 0.0333
vn -0.9082 -0.1320 0.3971
vn -0.7899 -0.5068 0.3453
vn -0.4485 -0.8719 0.1965
vn -0.1138 -0.9922 0.0501
vn -0.8846 -0.1317 0.4473
vn -0.7716 -0.5023 0.3902
vn -0.4451 -0.8671 0.2238
vn -0.1165 -0.9915 0.0581
vn -0.8953 -0.1333 0.4251
vn -0.7789 -0.5066 0.3698
vn -0.4463 -0.8694 0.2118
vn -0.1162 -0.9917 0.0551
vn -0.9051 -0.1335 0.4037
vn -0.7871 -0.5073 0.3509
vn -0.4521 -0.8693 0.2001
vn -0.1184 -0.9916 0.0519
vn -0.9154 -0.1310 0.3807
vn -0.7992 -0.5008 0.3324
vn -0.4628 -0.8656 0.1910
vn -0.1219 -0.9913 0.0497
vn -0.9297 -0.1275 0.3455
vn -0.8166 -0.4911 0.3034
vn -0.4809 -0.8590 0.1758
vn -0.1291 -0.9906 0.0460
vn -0.9477 -0.1370 0.2884
vn -0.8199 -0.5137 0.2527
vn -0.4764 -0.8659 0.1524
vn -0.1294 -0.9907 0.0431
vn -0.9601 -0.1393 0.2426
vn -0.8275 -0.5213 0.2083
vn -0.4701 -0.8752 0.1144
vn -0.1236 -0.9919 0.0288
vn -0.9734 -0.1317 0.1874
vn -0.8493 -0.5021 0.1630
vn -0.4943 -0.8645 0.0909
vn -0.1321 -0.9910 0.0229
vn -0.9878 -0.1208 0.0988
vn -0.8772 -0.4722 0.0869
vn -0.5376 -0.8421 0.0439
vn -0.1530 -0.9882 0.0089
vn -0.9886 -0.1433 -0.0467
vn -0.8520 -0.5227 -0.0307
vn -0.5150 -0.8572 -0.0044
vn -0.1521 -0.9884 0.0026
vn -0.9780 -0.1452 -0.1497
vn -0.8371 -0.5299 -0.1361
vn -0.4902 -0.8667 -0.0926
vn -0.1386 -0.9899 -0.0298
vn -0.9558 -0.1109 -0.2722
vn -0.8608 -0.4442 -0.2482
vn -0.5537 -0.8144 -0.1735
vn -0.1699 -0.9837 -0.0584
vn -0.7940 -0.1160 -0.5968
vn -0.7160 -0.4505 -0.5333
vn -0.4803 -0.8166 -0.3202
vn -0.1598 -0.9830 -0.0907
vn -0.5019 -0.1301 -0.8551
vn -0.4402 -0.4940 -0.7498
vn -0.2592 -0.8590 -0.4415
vn -0.0705 -0.9903 -0.1200
vn -0.3459 -0.1301 -0.9292
vn -0.3028 -0.4965 -0.8135
vn -0.1767 -0.8623 -0.4746
vn -0.0471 -0.9909 -0.1265
vn -0.2612 -0.1303 -0.9565
vn -0.2284 -0.4979 -0.8366
vn -0.1327 -0.8638 -0.4861
vn -0.0351 -0.9911 -0.1284
vn -0.1766 -0.1302 -0.9756
vn -0.1546 -0.4967 -0.8541
vn -0.0902 -0.8624 -0.4981
vn -0.0240 -0.9909 -0.1326
vn -0.0616 -0.1302 -0.9896
vn -0.0539 -0.4963 -0.8665
vn -0.0315 -0.8620 -0.5060
vn -0.0084 -0.9908 -0.1351
vn 0.0094 0.9907 -0.1355
vn 0.0287 0.9907 -0.1332
vn 0.1069 0.8613 -0.4968
vn 0.0350 0.8616 -0.5064
vn 0.1828 0.4957 -0.8491
vn 0.0599 0.4959 -0.8663
vn 0.2087 0.1301 -0.9693
vn 0.0684 0.1301 -0.9891
vn 0.0425 0.9910 -0.1266
vn 0.1606 0.8635 -0.4782
vn 0.2762 0.4975 -0.8223
vn 0.3157 0.1302 -0.9399
vn 0.0559 0.9908 -0.1234
vn 0.2093 0.8619 -0.4618
vn 0.3584 0.4962 -0.7908
vn 0.4092 0.1300 -0.9031
vn 0.0797 0.9902 -0.1143
vn 0.2929 0.8589 -0.4201
vn 0.4973 0.4939 -0.7133
vn 0.5671 0.1301 -0.8133
vn 0.1428 0.9863 -0.0822
vn 0.4666 0.8332 -0.2967
vn 0.7315 0.4654 -0.4983
vn 0.8190 0.1211 -0.5609
vn 0.1491 0.9875 -0.0517
vn 0.5054 0.8477 -0.1612
vn 0.8298 0.5029 -0.2419
vn 0.9538 0.1342 -0.2689
vn 0.1654 0.9860 -0.0185
vn 0.5373 0.8401 -0.0745
vn 0.8557 0.4975 -0.1425
vn 0.9760 0.1327 -0.1726
vn 0.1671 0.9859 -0.0127
vn 0.5654 0.8243 -0.0279
vn 0.8931 0.4491 -0.0264
vn 0.9932 0.1125 -0.0284
vn 0.1426 0.9898 0.0078
vn 0.5119 0.8581 0.0403
vn 0.8618 0.5000 0.0850
vn 0.9863 0.1315 0.0998
vn 0.1210 0.9924 0.0208
vn 0.4643 0.8816 0.0848
vn 0.8304 0.5339 0.1591
vn 0.9715 0.1446 0.1876
vn 0.1341 0.9903 0.0369
vn 0.4843 0.8656 0.1268
vn 0.8283 0.5208 0.2066
vn 0.9620 0.1414 0.2336
vn 0.1340 0.9902 0.0396
vn 0.4955 0.8554 0.1512
vn 0.8345 0.4857 0.2602
vn 0.9471 0.1255 0.2954
vn 0.1259 0.9910 0.0447
vn 0.4724 0.8644 0.1723
vn 0.8114 0.5007 0.3015
vn 0.9292 0.1311 0.3456
vn 0.1182 0.9918 0.0482
vn 0.4529 0.8718 0.1867
vn 0.7932 0.5119 0.3299
vn 0.9148 0.1353 0.3807
vn 0.1164 0.9919 0.0517
vn 0.4483 0.8714 0.1993
vn 0.7859 0.5101 0.3495
vn 0.9053 0.1347 0.4028
vn 0.1174 0.9916 0.0549
vn 0.4492 0.8678 0.2123
vn 0.7802 0.5035 0.3711
vn 0.8951 0.1321 0.4259
vn 0.1166 0.9914 0.0589
vn 0.4456 0.8665 0.2250
vn 0.7723 0.5014 0.3899
vn 0.8849 0.1313 0.4468
vn 0.1141 0.9922 0.0499
vn 0.4491 0.8716 0.1965
vn 0.7900 0.5063 0.3457
vn 0.9081 0.1318 0.3974
vn 0.1196 0.9923 0.0333
vn 0.4719 0.8718 0.1314
vn 0.8308 0.5063 0.2313
vn 0.9550 0.1317 0.2658
vn 0.1229 0.9923 0.0146
vn 0.4857 0.8722 0.0579
vn 0.8561 0.5067 0.1021
vn 0.9843 0.1318 0.1174
vn 0.1235 0.9923 -0.0049
vn 0.4886 0.8723 -0.0194
vn 0.8614 0.5068 -0.0342
vn 0.9905 0.1318 -0.0394
vn 0.1246 0.9920 -0.0211
vn 0.4866 0.8697 -0.0825
vn 0.8516 0.5039 -0.1444
vn 0.9774 0.1312 -0.1658
vn 0.1222 0.9920 -0.0329
vn 0.4769 0.8695 -0.1285
vn 0.8341 0.5037 -0.2247
vn 0.9572 0.1312 -0.2579
vn 0.1190 0.9919 -0.0439
vn 0.4636 0.8693 -0.1712
vn 0.8105 0.5035 -0.2992
vn 0.9300 0.1311 -0.3433
vn 0.1151 0.9919 -0.0540
vn 0.4478 0.8691 -0.2100
vn 0.7824 0.5032 -0.3670
vn 0.8975 0.1311 -0.4210
vn 0.1205 0.9910 -0.0578
vn 0.4551 0.8629 -0.2199
vn 0.7811 0.4962 -0.3790
vn 0.8921 0.1296 -0.4328
vn 0.1228 0.9911 -0.0520
vn 0.4649 0.8638 -0.1940
vn 0.8012 0.4984 -0.3312
vn 0.9163 0.1304 -0.3788
vn 0.1262 0.9911 -0.0426
vn 0.4764 0.8640 -0.1631
vn 0.8193 0.4985 -0.2832
vn 0.9371 0.1305 -0.3238
vn 0.1284 0.9911 -0.0361
vn 0.4857 0.8637 -0.1344
vn 0.8364 0.4981 -0.2290
vn 0.9563 0.1303 -0.2618
vn 0.1265 0.9915 -0.0287
vn 0.4817 0.8700 -0.1055
vn 0.8411 0.5103 -0.1794
vn 0.9691 0.1348 -0.2064
vn 0.1376 0.9903 -0.0201
vn 0.5026 0.8609 -0.0788
vn 0.8525 0.5032 -0.1418
vn 0.9773 0.1325 -0.1655
vn 0.1380 0.9903 -0.0179
vn 0.5112 0.8572 -0.0614
vn 0.8660 0.4904 -0.0979
vn 0.9857 0.1271 -0.1109
vn 0.1322 0.9912 -0.0086
vn 0.5019 0.8643 -0.0326
vn 0.8652 0.4983 -0.0562
vn 0.9894 0.1303 -0.0643
vn 0.1337 0.9910 -0.0000
vn 0.5046 0.8633 -0.0000
vn 0.8675 0.4974 -0.0000
vn 0.9915 0.1302 -0.0000
vn 0.1332 0.9910 0.0106
vn 0.5030 0.8633 0.0402
vn 0.8647 0.4974 0.0691
vn 0.9883 0.1302 0.0789
vn 0.1319 0.9910 0.0211
vn 0.4982 0.8634 0.0796
vn 0.8566 0.4975 0.1368
vn 0.9791 0.1302 0.1564
vn 0.1298 0.9910 0.0311
vn 0.4905 0.8635 0.1175
vn 0.8435 0.4976 0.2021
vn 0.9642 0.1302 0.2311
vn 0.1272 0.9910 0.0413
vn 0.4801 0.8633 0.1557
vn 0.8252 0.4974 0.2677
vn 0.9431 0.1302 0.3059
vn 0.1381 0.9885 0.0617
vn 0.4908 0.8457 0.2096
vn 0.8111 0.4807 0.3332
vn 0.9187 0.1238 0.3749
vn 0.1370 0.9885 0.0639
vn 0.4701 0.8525 0.2285
vn 0.7704 0.5052 0.3890
vn 0.8809 0.1356 0.4534
vn 0.1110 0.9914 0.0692
vn 0.4189 0.8718 0.2538
vn 0.7356 0.5194 0.4349
vn 0.8535 0.1387 0.5024
vn 0.1096 0.9913 0.0727
vn 0.4161 0.8658 0.2779
vn 0.7189 0.5010 0.4819
vn 0.8234 0.1312 0.5520
vn 0.1067 0.9911 0.0791
vn 0.4054 0.8644 0.2973
vn 0.7005 0.4993 0.5099
vn 0.8016 0.1305 0.5834
vn 0.1048 0.9911 0.0820
vn 0.3964 0.8633 0.3122
vn 0.6809 0.4966 0.5383
vn 0.7779 0.1295 0.6149
vn 0.1005 0.9913 0.0854
vn 0.3826 0.8648 0.3251
vn 0.6605 0.4988 0.5612
vn 0.7556 0.1303 0.6419
vn 0.1000 0.9916 0.0816
vn 0.4050 0.8587 0.3141
vn 0.7018 0.4772 0.5290
vn 0.7919 0.1217 0.5984
vn 0.1056 0.9931 0.0511
vn 0.4338 0.8711 0.2300
vn 0.7614 0.4900 0.4244
vn 0.8664 0.1265 0.4831
vn 0.1080 0.9934 0.0384
vn 0.4451 0.8832 0.1480
vn 0.8113 0.5237 0.2599
vn 0.9428 0.1383 0.3033
vn 0.1203 0.9927 0.0131
vn 0.4817 0.8748 0.0524
vn 0.8552 0.5098 0.0930
vn 0.9854 0.1325 0.1071
vn 0.1305 0.9914 -0.0000
vn 0.5000 0.8660 -0.0000
vn 0.8660 0.5000 -0.0000
vn 0.9914 0.1306 -0.0000
vn 0.9914 0.1305 -0.0000
vn 0.1313 0.9913 0.0013
vn 0.5012 0.8653 0.0050
vn 0.8664 0.4993 0.0087
vn 0.9914 0.1304 0.0099
vn 0.1313 0.9913 0.0039
vn 0.5010 0.8653 0.0150
vn 0.8660 0.4994 0.0260
vn 0.9910 0.1305 0.0297
vn 0.1311 0.9913 0.0066
vn 0.5004 0.8654 0.0250
vn 0.8652 0.4995 0.0433
vn 0.9902 0.1305 0.0495
vn 0.1310 0.9913 0.0092
vn 0.4999 0.8654 0.0351
vn 0.8643 0.4994 0.0604
vn 0.9890 0.1305 0.0692
vn 0.1301 0.9914 0.0104
vn 0.4985 0.8660 0.0399
vn 0.8633 0.4999 0.0691
vn 0.9883 0.1305 0.0791
vn 0.4984 0.8660 0.0399
vn 0.8633 0.5000 0.0691
vn 0.1305 0.9914 0.0111
vn 0.4988 0.8657 0.0424
vn 0.8631 0.4997 0.0734
vn 0.9879 0.1305 0.0840
vn 0.1303 0.9914 0.0124
vn 0.4984 0.8657 0.0473
vn 0.8623 0.4997 0.0819
vn 0.9870 0.1305 0.0938
vn 0.1302 0.9914 0.0137
vn 0.4979 0.8657 0.0523
vn 0.8615 0.4997 0.0905
vn 0.9860 0.1305 0.1035
vn 0.1301 0.9914 0.0150
vn 0.4973 0.8657 0.0572
vn 0.8606 0.4996 0.0990
vn 0.9850 0.1305 0.1133
vn 0.1296 0.9914 0.0156
vn 0.4964 0.8660 0.0596
vn 0.8599 0.5000 0.1032
vn 0.9844 0.1305 0.1181
vn 0.1293 0.9915 0.0149
vn 0.4961 0.8664 0.0571
vn 0.8602 0.5004 0.0989
vn 0.9849 0.1306 0.1133
vn 0.1294 0.9915 0.0136
vn 0.4967 0.8664 0.0521
vn 0.8611 0.5004 0.0904
vn 0.9860 0.1306 0.1035
vn 0.1295 0.9915 0.0123
vn 0.4971 0.8664 0.0472
vn 0.8619 0.5004 0.0819
vn 0.9870 0.1306 0.0938
vn 0.1297 0.9915 0.0110
vn 0.4976 0.8664 0.0423
vn 0.8627 0.5004 0.0733
vn 0.9879 0.1306 0.0840
vn 0.1314 0.9912 0.0130
vn 0.4998 0.8647 0.0495
vn 0.8625 0.4987 0.0855
vn 0.9866 0.1304 0.0978
vn 0.1310 0.9912 0.0184
vn 0.4977 0.8645 0.0699
vn 0.8584 0.4985 0.1206
vn 0.9818 0.1303 0.1379
vn 0.1302 0.9912 0.0246
vn 0.4943 0.8643 0.0934
vn 0.8519 0.4983 0.1609
vn 0.9743 0.1303 0.1840
vn 0.1290 0.9911 0.0318
vn 0.4889 0.8640 0.1204
vn 0.8420 0.4980 0.2073
vn 0.9627 0.1302 0.2371
vn 0.1285 0.9905 0.0483
vn 0.4769 0.8604 0.1794
vn 0.8132 0.4950 0.3060
vn 0.9280 0.1301 0.3491
vn 0.1149 0.9913 0.0647
vn 0.4053 0.8794 0.2498
vn 0.6957 0.5461 0.4667
vn 0.8162 0.1524 0.5573
vn 0.0709 0.9905 0.1178
vn 0.2715 0.8747 0.4015
vn 0.5067 0.5401 0.6720
vn 0.6034 0.1509 0.7830
vn 0.0172 0.9775 0.2104
vn 0.1013 0.7936 0.5999
vn 0.2078 0.4315 0.8779
vn 0.2330 0.1079 0.9665
vn -0.1653 0.9188 0.3583
vn -0.2174 0.6409 0.7362
vn -0.2168 0.2791 0.9355
vn -0.2319 0.0616 0.9708
vn -0.2009 0.9213 0.3328
vn -0.4371 0.7064 0.5567
vn -0.6440 0.3935 0.6561
vn -0.7058 0.0952 0.7019
vn -0.1327 0.9898 0.0522
vn -0.4802 0.8566 0.1889
vn -0.8097 0.4928 0.3185
vn -0.9226 0.1306 0.3629
vn -0.1374 0.9904 0.0138
vn -0.5080 0.8598 0.0512
vn -0.8647 0.4946 0.0872
vn -0.9865 0.1301 0.0995
vn -0.1305 0.9914 -0.0000
vn -0.5000 0.8660 -0.0000
vn -0.8660 0.5000 -0.0000
vn -0.9914 0.1305 -0.0000
vn -0.1309 0.9914 -0.0007
vn -0.5006 0.8657 -0.0025
vn -0.8662 0.4996 -0.0043
vn -0.9914 0.1305 -0.0050
vn -0.1309 0.9914 -0.0020
vn -0.5006 0.8657 -0.0075
vn -0.8661 0.4996 -0.0130
vn -0.9913 0.1305 -0.0149
vn -0.1309 0.9914 -0.0033
vn -0.5005 0.8657 -0.0125
vn -0.8660 0.4996 -0.0216
vn -0.9911 0.1305 -0.0248
vn -0.1309 0.9914 -0.0046
vn -0.5003 0.8657 -0.0175
vn -0.8657 0.4997 -0.0303
vn -0.9908 0.1305 -0.0347
vn -0.1300 0.9915 -0.0046
vn -0.4991 0.8664 -0.0175
vn -0.8653 0.5004 -0.0303
vn -0.9908 0.1306 -0.0347
vn -0.1301 0.9915 -0.0033
vn -0.4992 0.8664 -0.0125
vn -0.8655 0.5004 -0.0216
vn -0.9911 0.1306 -0.0248
vn -0.1301 0.9915 -0.0020
vn -0.4993 0.8664 -0.0075
vn -0.8657 0.5004 -0.0130
vn -0.9913 0.1306 -0.0149
vn -0.1301 0.9915 -0.0007
vn -0.4994 0.8664 -0.0025
vn -0.8658 0.5004 -0.0043
vn -0.9914 0.1306 -0.0050
vn -0.1246 0.9922 0.0082
vn -0.4901 0.8711 0.0322
vn -0.8610 0.5054 0.0565
vn -0.9892 0.1315 0.0649
vn -0.1212 0.9923 0.0256
vn -0.4789 0.8720 0.1010
vn -0.8437 0.5065 0.1780
vn -0.9699 0.1317 0.2046
vn -0.1146 0.9924 0.0446
vn -0.4547 0.8729 0.1771
vn -0.8029 0.5075 0.3127
vn -0.9237 0.1319 0.3598
vn -0.1043 0.9925 0.0641
vn -0.4150 0.8734 0.2549
vn -0.7339 0.5081 0.4508
vn -0.8446 0.1321 0.5188
vn -0.1010 0.9917 0.0796
vn -0.3903 0.8678 0.3076
vn -0.6794 0.5018 0.5354
vn -0.7787 0.1308 0.6136
vn -0.0966 0.9917 0.0844
vn -0.3738 0.8680 0.3268
vn -0.6511 0.5021 0.5692
vn -0.7464 0.1309 0.6525
vn -0.0902 0.9919 0.0893
vn -0.3518 0.8697 0.3461
vn -0.6166 0.5047 0.6043
vn -0.7079 0.1318 0.6939
vn -0.0856 0.9919 0.0940
vn -0.3310 0.8687 0.3686
vn -0.5754 0.5020 0.6457
vn -0.6598 0.1308 0.7400
vn -0.0606 0.9930 0.1010
vn -0.2485 0.8773 0.4106
vn -0.4459 0.5121 0.7341
vn -0.5142 0.1326 0.8474
vn -0.0220 0.9937 0.1100
vn -0.0919 0.8835 0.4594
vn -0.1674 0.5212 0.8369
vn -0.1943 0.1352 0.9716
vn 0.0220 0.9937 0.1100
vn 0.0919 0.8835 0.4594
vn 0.1674 0.5212 0.8369
vn 0.1943 0.1352 0.9716
vn 0.0606 0.9930 0.1010
vn 0.2485 0.8773 0.4106
vn 0.4459 0.5121 0.7341
vn 0.5142 0.1326 0.8474
vn 0.0856 0.9919 0.0940
vn 0.3310 0.8687 0.3686
vn 0.5754 0.5020 0.6457
vn 0.6598 0.1308 0.7400
vn 0.0902 0.9919 0.0893
vn 0.3518 0.8697 0.3461
vn 0.6166 0.5047 0.6043
vn 0.7079 0.1318 0.6939
vn 0.0966 0.9917 0.0844
vn 0.3738 0.8680 0.3268
vn 0.6511 0.5021 0.5692
vn 0.7464 0.1309 0.6525
vn 0.1010 0.9917 0.0796
vn 0.3903 0.8678 0.3076
vn 0.6794 0.5018 0.5354
vn 0.7787 0.1308 0.6136
vn 0.1043 0.9925 0.0641
vn 0.4150 0.8734 0.2549
vn 0.7339 0.5081 0.4508
vn 0.8446 0.1321 0.5188
vn 0.1146 0.9924 0.0446
vn 0.4546 0.8729 0.1771
vn 0.8029 0.5075 0.3127
vn 0.9237 0.1319 0.3598
vn 0.1212 0.9923 0.0256
vn 0.4789 0.8720 0.1010
vn 0.8437 0.5065 0.1780
vn 0.9699 0.1317 0.2046
vn 0.1246 0.9922 0.0082
vn 0.4901 0.8711 0.0322
vn 0.8610 0.5054 0.0565
vn 0.9892 0.1315 0.0649
vn 0.1301 0.9915 -0.0007
vn 0.4994 0.8664 -0.0025
vn 0.8658 0.5004 -0.0043
vn 0.9914 0.1306 -0.0050
vn 0.1301 0.9915 -0.0020
vn 0.4993 0.8664 -0.0075
vn 0.8657 0.5004 -0.0130
vn 0.9913 0.1306 -0.0149
vn 0.1301 0.9915 -0.0033
vn 0.4992 0.8664 -0.0125
vn 0.8655 0.5004 -0.0216
vn 0.9911 0.1306 -0.0248
vn 0.1300 0.9915 -0.0046
vn 0.4991 0.8664 -0.0175
vn 0.8653 0.5004 -0.0303
vn 0.9908 0.1306 -0.0347
vn 0.1309 0.9914 -0.0046
vn 0.5003 0.8657 -0.0175
vn 0.8657 0.4997 -0.0303
vn 0.9908 0.1305 -0.0347
vn 0.1309 0.9914 -0.0033
vn 0.5005 0.8657 -0.0125
vn 0.8660 0.4996 -0.0216
vn 0.9911 0.1305 -0.0248
vn 0.1309 0.9914 -0.0020
vn 0.5006 0.8657 -0.0075
vn 0.8661 0.4996 -0.0130
vn 0.9913 0.1305 -0.0149
vn 0.1309 0.9914 -0.0007
vn 0.5006 0.8657 -0.0025
vn 0.8662 0.4996 -0.0043
vn 0.9914 0.1305 -0.0050
vn 0.1374 0.9904 0.0138
vn 0.5080 0.8598 0.0512
vn 0.8647 0.4946 0.0872
vn 0.9865 0.1301 0.0995
vn 0.1327 0.9898 0.0522
vn 0.4802 0.8566 0.1889
vn 0.8097 0.4928 0.3185
vn 0.9226 0.1306 0.3629
vn 0.2009 0.9214 0.3327
vn 0.4370 0.7065 0.5566
vn 0.6440 0.3936 0.6561
vn 0.7058 0.0952 0.7019
vn 0.1652 0.9189 0.3582
vn 0.2173 0.6410 0.7362
vn 0.2168 0.2792 0.9355
vn 0.2319 0.0616 0.9708
vn -0.0172 0.9775 0.2104
vn -0.1013 0.7936 0.5999
vn -0.2078 0.4315 0.8779
vn -0.2330 0.1079 0.9665
vn -0.0709 0.9905 0.1178
vn -0.2715 0.8747 0.4015
vn -0.5067 0.5401 0.6720
vn -0.6034 0.1509 0.7830
vn -0.1149 0.9913 0.0647
vn -0.4053 0.8794 0.2498
vn -0.6957 0.5461 0.4667
vn -0.8162 0.1524 0.5573
vn -0.1285 0.9905 0.0483
vn -0.4769 0.8604 0.1794
vn -0.8132 0.4950 0.3060
vn -0.9280 0.1301 0.3491
vn -0.1290 0.9911 0.0318
vn -0.4889 0.8640 0.1204
vn -0.8420 0.4980 0.2073
vn -0.9627 0.1302 0.2371
vn -0.1302 0.9912 0.0246
vn -0.4943 0.8643 0.0934
vn -0.8519 0.4983 0.1609
vn -0.9743 0.1303 0.1840
vn -0.1310 0.9912 0.0184
vn -0.4977 0.8645 0.0699
vn -0.8584 0.4985 0.1206
vn -0.9818 0.1303 0.1379
vn -0.1314 0.9912 0.0130
vn -0.4998 0.8647 0.0495
vn -0.8625 0.4987 0.0855
vn -0.9866 0.1304 0.0978
vn -0.1301 0.9914 0.0104
vn -0.4984 0.8660 0.0399
vn -0.8633 0.5000 0.0691
vn -0.9883 0.1305 0.0791
vn -0.1297 0.9915 0.0110
vn -0.4976 0.8664 0.0423
vn -0.8627 0.5004 0.0733
vn -0.9879 0.1306 0.0840
vn -0.1295 0.9915 0.0123
vn -0.4971 0.8664 0.0472
vn -0.8619 0.5004 0.0819
vn -0.9870 0.1306 0.0938
vn -0.1294 0.9915 0.0136
vn -0.4967 0.8664 0.0521
vn -0.8611 0.5004 0.0904
vn -0.9860 0.1306 0.1035
vn -0.1293 0.9915 0.0149
vn -0.4961 0.8664 0.0571
vn -0.8602 0.5004 0.0989
vn -0.9849 0.1306 0.1133
vn -0.1296 0.9914 0.0156
vn -0.4964 0.8660 0.0596
vn -0.8599 0.5000 0.1032
vn -0.9844 0.1305 0.1181
vn -0.1301 0.9914 0.0150
vn -0.4973 0.8657 0.0572
vn -0.8606 0.4997 0.0990
vn -0.9850 0.1305 0.1133
vn -0.1302 0.9914 0.0137
vn -0.4979 0.8657 0.0523
vn -0.8615 0.4997 0.0905
vn -0.9860 0.1305 0.1035
vn -0.1303 0.9914 0.0124
vn -0.4984 0.8657 0.0473
vn -0.8623 0.4997 0.0819
vn -0.9870 0.1305 0.0938
vn -0.1305 0.9914 0.0111
vn -0.4988 0.8657 0.0424
vn -0.8631 0.4997 0.0734
vn -0.9879 0.1305 0.0840
vn -0.4985 0.8660 0.0399
vn -0.8633 0.4999 0.0691
vn -0.1310 0.9913 0.0092
vn -0.4999 0.8654 0.0351
vn -0.8643 0.4994 0.0604
vn -0.9890 0.1305 0.0692
vn -0.1311 0.9913 0.0066
vn -0.5004 0.8654 0.0250
vn -0.8652 0.4995 0.0433
vn -0.9902 0.1305 0.0495
vn -0.1313 0.9913 0.0039
vn -0.5010 0.8653 0.0150
vn -0.8660 0.4994 0.0260
vn -0.9910 0.1305 0.0297
vn -0.1313 0.9913 0.0013
vn -0.5012 0.8653 0.0050
vn -0.8664 0.4993 0.0087
vn -0.9914 0.1304 0.0099
vn -0.9914 0.1306 -0.0000
vn -0.1203 0.9927 0.0131
vn -0.4817 0.8748 0.0524
vn -0.8552 0.5098 0.0930
vn -0.9854 0.1325 0.1071
vn -0.1080 0.9934 0.0384
vn -0.4451 0.8832 0.1480
vn -0.8113 0.5237 0.2599
vn -0.9428 0.1383 0.3033
vn -0.1056 0.9931 0.0511
vn -0.4338 0.8711 0.2300
vn -0.7614 0.4900 0.4244
vn -0.8664 0.1265 0.4831
vn -0.1000 0.9916 0.0816
vn -0.4050 0.8587 0.3141
vn -0.7018 0.4772 0.5290
vn -0.7919 0.1217 0.5984
vn -0.1005 0.9913 0.0854
vn -0.3826 0.8648 0.3251
vn -0.6605 0.4988 0.5612
vn -0.7556 0.1303 0.6419
vn -0.1036 0.9912 0.0818
vn -0.3942 0.8647 0.3112
vn -0.6803 0.4988 0.5371
vn -0.7782 0.1304 0.6144
vn -0.1067 0.9912 0.0779
vn -0.4058 0.8647 0.2961
vn -0.7002 0.4987 0.5109
vn -0.8010 0.1304 0.5844
vn -0.1098 0.9912 0.0735
vn -0.4175 0.8646 0.2796
vn -0.7203 0.4986 0.4823
vn -0.8238 0.1303 0.5516
vn -0.1110 0.9914 0.0692
vn -0.4189 0.8718 0.2538
vn -0.7356 0.5194 0.4349
vn -0.8535 0.1387 0.5024
vn -0.1370 0.9885 0.0639
vn -0.4701 0.8525 0.2285
vn -0.7704 0.5052 0.3890
vn -0.8809 0.1356 0.4534
vn -0.1381 0.9885 0.0617
vn -0.4908 0.8457 0.2096
vn -0.8111 0.4807 0.3332
vn -0.9187 0.1238 0.3749
vn -0.1272 0.9910 0.0413
vn -0.4801 0.8633 0.1557
vn -0.8252 0.4974 0.2677
vn -0.9431 0.1302 0.3059
vn -0.1298 0.9910 0.0311
vn -0.4905 0.8635 0.1175
vn -0.8435 0.4976 0.2021
vn -0.9642 0.1302 0.2311
vn -0.1319 0.9910 0.0211
vn -0.4982 0.8634 0.0796
vn -0.8566 0.4975 0.1368
vn -0.9791 0.1302 0.1564
vn -0.1332 0.9910 0.0106
vn -0.5030 0.8633 0.0402
vn -0.8647 0.4974 0.0691
vn -0.9883 0.1302 0.0789
vn -0.1337 0.9910 -0.0000
vn -0.5046 0.8633 -0.0000
vn -0.8675 0.4974 -0.0000
vn -0.9915 0.1302 -0.0000
vn -0.1322 0.9912 -0.0086
vn -0.5019 0.8643 -0.0326
vn -0.8652 0.4983 -0.0562
vn -0.9894 0.1303 -0.0643
vn -0.1380 0.9903 -0.0179
vn -0.5112 0.8572 -0.0614
vn -0.8660 0.4904 -0.0979
vn -0.9857 0.1271 -0.1109
vn -0.1376 0.9903 -0.0201
vn -0.5026 0.8609 -0.0788
vn -0.8525 0.5032 -0.1418
vn -0.9773 0.1325 -0.1655
vn -0.1268 0.9915 -0.0288
vn -0.4821 0.8697 -0.1056
vn -0.8412 0.5100 -0.1794
vn -0.9692 0.1347 -0.2063
vn -0.1283 0.9911 -0.0359
vn -0.4857 0.8638 -0.1342
vn -0.8364 0.4980 -0.2291
vn -0.9562 0.1303 -0.2620
vn -0.1264 0.9910 -0.0432
vn -0.4775 0.8631 -0.1642
vn -0.8205 0.4967 -0.2831
vn -0.9373 0.1298 -0.3233
vn -0.1228 0.9911 -0.0509
vn -0.4651 0.8640 -0.1928
vn -0.8011 0.4980 -0.3321
vn -0.9159 0.1303 -0.3797
vn -0.1205 0.9909 -0.0592
vn -0.4555 0.8622 -0.2217
vn -0.7821 0.4952 -0.3782
vn -0.8927 0.1291 -0.4317
vn -0.1151 0.9920 -0.0525
vn -0.4483 0.8692 -0.2088
vn -0.7821 0.5024 -0.3687
vn -0.8969 0.1308 -0.4224
vn -0.1176 0.9921 -0.0441
vn -0.4606 0.8711 -0.1707
vn -0.8092 0.5063 -0.2979
vn -0.9301 0.1323 -0.3426
vn -0.1222 0.9920 -0.0329
vn -0.4769 0.8695 -0.1285
vn -0.8341 0.5037 -0.2247
vn -0.9572 0.1312 -0.2579
vn -0.1246 0.9920 -0.0211
vn -0.4866 0.8697 -0.0825
vn -0.8516 0.5039 -0.1444
vn -0.9774 0.1312 -0.1658
vn -0.1235 0.9923 -0.0049
vn -0.4886 0.8723 -0.0194
vn -0.8614 0.5068 -0.0342
vn -0.9905 0.1318 -0.0394
vn -0.1229 0.9923 0.0146
vn -0.4857 0.8722 0.0579
vn -0.8561 0.5067 0.1021
vn -0.9843 0.1318 0.1174
vn -0.1196 0.9923 0.0333
vn -0.4719 0.8718 0.1314
vn -0.8308 0.5063 0.2313
vn -0.9550 0.1317 0.2658
vn -0.1138 0.9922 0.0501
vn -0.4485 0.8719 0.1965
vn -0.7899 0.5068 0.3453
vn -0.9082 0.1320 0.3971
vn -0.1165 0.9915 0.0581
vn -0.4451 0.8671 0.2238
vn -0.7716 0.5023 0.3902
vn -0.8846 0.1317 0.4473
vn -0.1162 0.9917 0.0551
vn -0.4463 0.8694 0.2118
vn -0.7789 0.5066 0.3698
vn -0.8953 0.1333 0.4251
vn -0.1184 0.9916 0.0519
vn -0.4521 0.8693 0.2001
vn -0.7871 0.5073 0.3509
vn -0.9051 0.1335 0.4037
vn -0.1219 0.9913 0.0497
vn -0.4628 0.8656 0.1910
vn -0.7992 0.5008 0.3324
vn -0.9154 0.1310 0.3807
vn -0.1291 0.9906 0.0460
vn -0.4809 0.8590 0.1758
vn -0.8166 0.4911 0.3034
vn -0.9297 0.1275 0.3455
vn -0.1294 0.9907 0.0431
vn -0.4764 0.8659 0.1524
vn -0.8199 0.5137 0.2527
vn -0.9477 0.1370 0.2884
vn -0.1236 0.9919 0.0288
vn -0.4701 0.8752 0.1144
vn -0.8275 0.5213 0.2083
vn -0.9601 0.1393 0.2426
vn -0.1321 0.9910 0.0229
vn -0.4943 0.8645 0.0909
vn -0.8493 0.5021 0.1630
vn -0.9734 0.1317 0.1874
vn -0.1530 0.9882 0.0089
vn -0.5376 0.8421 0.0439
vn -0.8772 0.4722 0.0869
vn -0.9878 0.1208 0.0988
vn -0.1521 0.9884 0.0026
vn -0.5150 0.8572 -0.0044
vn -0.8520 0.5227 -0.0307
vn -0.9886 0.1433 -0.0467
vn -0.1386 0.9899 -0.0298
vn -0.4902 0.8667 -0.0926
vn -0.8371 0.5299 -0.1361
vn -0.9780 0.1452 -0.1497
vn -0.1699 0.9837 -0.0584
vn -0.5538 0.8144 -0.1735
vn -0.8609 0.4442 -0.2482
vn -0.9558 0.1109 -0.2722
vn -0.1598 0.9830 -0.0907
vn -0.4803 0.8166 -0.3202
vn -0.7160 0.4505 -0.5333
vn -0.7940 0.1160 -0.5968
vn -0.0705 0.9903 -0.1200
vn -0.2592 0.8590 -0.4415
vn -0.4402 0.4940 -0.7498
vn -0.5019 0.1301 -0.8551
vn -0.0471 0.9909 -0.1265
vn -0.1767 0.8623 -0.4746
vn -0.3028 0.4965 -0.8135
vn -0.3459 0.1301 -0.9292
vn -0.0351 0.9911 -0.1284
vn -0.1327 0.8638 -0.4861
vn -0.2284 0.4979 -0.8366
vn -0.2612 0.1303 -0.9565
vn -0.0240 0.9909 -0.1326
vn -0.0902 0.8624 -0.4981
vn -0.1546 0.4967 -0.8541
vn -0.1766 0.1302 -0.9756
vn -0.0084 0.9908 -0.1351
vn -0.0315 0.8620 -0.5060
vn -0.0539 0.4963 -0.8665
vn -0.0616 0.1302 -0.9896
vn -0.0000 -1.0000 -0.0000
vn -0.0000 1.0000 -0.0000
vn -0.0000 -0.0000 1.0000
vn 0.0541 -0.0000 0.9985
vn -0.0541 -0.0000 0.9985
vn -0.1081 -0.0000 0.9941
vn -0.1613 -0.0000 0.9869
vn -0.2141 -0.0000 0.9768
vn -0.2968 -0.0000 0.9549
vn -0.5148 -0.0000 0.8573
vn -0.6402 -0.0000 0.7682
vn -0.7905 -0.0000 0.6125
vn -0.9037 -0.0000 0.4281
vn -0.9570 -0.0000 0.2900
vn -0.9894 -0.0000 0.1455
vn -0.9984 -0.0000 -0.0573
vn -0.9662 -0.0000 -0.2577
vn -0.9567 -0.0000 -0.2912
vn -0.9459 -0.0000 -0.3243
vn -0.9375 -0.0000 -0.3480
vn -0.9285 -0.0000 -0.3714
vn -0.9192 -0.0000 -0.3937
vn -0.9095 -0.0000 -0.4158
vn -0.8963 -0.0000 -0.4434
vn -0.8824 -0.0000 -0.4706
vn -0.8674 -0.0000 -0.4976
vn -0.8517 -0.0000 -0.5241
vn -0.8308 -0.0000 -0.5565
vn -0.7603 -0.0000 -0.6496
vn -0.6226 -0.0000 -0.7826
vn -0.3232 -0.0000 -0.9463
vn 0.0726 -0.0000 -0.9974
vn 0.3526 -0.0000 -0.9358
vn 0.5071 -0.0000 -0.8619
vn 0.5311 -0.0000 -0.8473
vn 0.4636 -0.0000 -0.8860
vn 0.2145 -0.0000 -0.9767
vn -0.2145 -0.0000 -0.9767
vn -0.4636 -0.0000 -0.8860
vn -0.5311 -0.0000 -0.8473
vn -0.5071 -0.0000 -0.8619
vn -0.3526 -0.0000 -0.9358
vn -0.0726 -0.0000 -0.9974
vn 0.3232 -0.0000 -0.9463
vn 0.6226 -0.0000 -0.7826
vn 0.7603 -0.0000 -0.6496
vn 0.8308 -0.0000 -0.5565
vn 0.8517 -0.0000 -0.5241
vn 0.8674 -0.0000 -0.4976
vn 0.8824 -0.0000 -0.4706
vn 0.8963 -0.0000 -0.4434
vn 0.9095 -0.0000 -0.4158
vn 0.9192 -0.0000 -0.3937
vn 0.9285 -0.0000 -0.3714
vn 0.9375 -0.0000 -0.3480
vn 0.9459 -0.0000 -0.3243
vn 0.9567 -0.0000 -0.2912
vn 0.9662 -0.0000 -0.2577
vn 0.9984 -0.0000 -0.0573
vn 0.9894 -0.0000 0.1455
vn 0.9570 -0.0000 0.2900
vn 0.7905 -0.0000 0.6125
vn 0.5148 -0.0000 0.8573
vn 0.3773 -0.0000 0.9261
vn 0.2968 -0.0000 0.9549
vn 0.2141 -0.0000 0.9768
vn 0.1613 -0.0000 0.9869
vn 0.1081 -0.0000 0.9941
vn -0.0980 -0.0000 0.9952
vn -0.1951 -0.0000 0.9808
vn -0.2903 -0.0000 0.9569
vn -0.2430 -0.0000 0.9700
vn -0.3827 -0.0000 0.9239
vn -0.3369 -0.0000 0.9415
vn -0.4714 -0.0000 0.8819
vn -0.4276 -0.0000 0.9040
vn -0.5556 -0.0000 0.8315
vn -0.5141 -0.0000 0.8577
vn -0.6344 -0.0000 0.7730
vn -0.5957 -0.0000 0.8032
vn -0.7071 -0.0000 0.7071
vn -0.6716 -0.0000 0.7410
vn -0.7730 -0.0000 0.6344
vn -0.7410 -0.0000 0.6716
vn -0.8315 -0.0000 0.5556
vn -0.8032 -0.0000 0.5957
vn -0.8819 -0.0000 0.4714
vn -0.8577 -0.0000 0.5141
vn -0.9239 -0.0000 0.3827
vn -0.9040 -0.0000 0.4276
vn -0.9569 -0.0000 0.2903
vn -0.9415 -0.0000 0.3369
vn -0.9808 -0.0000 0.1951
vn -0.9700 -0.0000 0.2430
vn -0.9952 -0.0000 0.0980
vn -0.9892 -0.0000 0.1467
vn -1.0000 -0.0000 -0.0000
vn -0.9952 -0.0000 -0.0980
vn -0.9808 -0.0000 -0.1951
vn -0.9569 -0.0000 -0.2903
vn -0.9239 -0.0000 -0.3827
vn -0.8819 -0.0000 -0.4714
vn -0.8315 -0.0000 -0.5556
vn -0.7730 -0.0000 -0.6344
vn -0.8032 -0.0000 -0.5957
vn -0.7071 -0.0000 -0.7071
vn -0.6344 -0.0000 -0.7730
vn -0.6716 -0.0000 -0.7410
vn -0.5556 -0.0000 -0.8315
vn -0.5957 -0.0000 -0.8032
vn -0.4714 -0.0000 -0.8819
vn -0.5141 -0.0000 -0.8577
vn -0.3827 -0.0000 -0.9239
vn -0.2903 -0.0000 -0.9569
vn -0.3369 -0.0000 -0.9415
vn -0.1951 -0.0000 -0.9808
vn -0.0980 -0.0000 -0.9952
vn -0.0000 -0.0000 -1.0000
vn -0.0491 -0.0000 -0.9988
vn 0.0980 -0.0000 -0.9952
vn 0.1951 -0.0000 -0.9808
vn 0.1467 -0.0000 -0.9892
vn 0.2903 -0.0000 -0.9569
vn 0.3827 -0.0000 -0.9239
vn 0.3369 -0.0000 -0.9415
vn 0.4714 -0.0000 -0.8819
vn 0.4276 -0.0000 -0.9040
vn 0.5556 -0.0000 -0.8315
vn 0.5141 -0.0000 -0.8577
vn 0.6344 -0.0000 -0.7730
vn 0.5957 -0.0000 -0.8032
vn 0.7071 -0.0000 -0.7071
vn 0.6716 -0.0000 -0.7410
vn 0.7730 -0.0000 -0.6344
vn 0.8315 -0.0000 -0.5556
vn 0.8819 -0.0000 -0.4714
vn 0.9239 -0.0000 -0.3827
vn 0.9569 -0.0000 -0.2903
vn 0.9808 -0.0000 -0.1951
vn 0.9952 -0.0000 -0.0980
vn 1.0000 -0.0000 -0.0000
vn 0.9952 -0.0000 0.0980
vn 0.9808 -0.0000 0.1951
vn 0.9892 -0.0000 0.1467
vn 0.9569 -0.0000 0.2903
vn 0.9700 -0.0000 0.2430
vn 0.9239 -0.0000 0.3827
vn 0.9415 -0.0000 0.3369
vn 0.8819 -0.0000 0.4714
vn 0.9040 -0.0000 0.4276
vn 0.8315 -0.0000 0.5556
vn 0.8577 -0.0000 0.5141
vn 0.7730 -0.0000 0.6344
vn 0.8032 -0.0000 0.5957
vn 0.7071 -0.0000 0.7071
vn 0.7410 -0.0000 0.6716
vn 0.6344 -0.0000 0.7730
vn 0.6716 -0.0000 0.7410
vn 0.5556 -0.0000 0.8315
vn 0.5957 -0.0000 0.8032
vn 0.4714 -0.0000 0.8819
vn 0.5141 -0.0000 0.8577
vn 0.3827 -0.0000 0.9239
vn 0.2903 -0.0000 0.9569
vn 0.3369 -0.0000 0.9415
vn 0.1951 -0.0000 0.9808
vn 0.0980 -0.0000 0.9952
vn 0.1467 -0.0000 0.9892
vn 0.0403 -0.3827 -0.9230
vn 0.0167 -0.9239 -0.3823
vn 0.0403 0.3827 -0.9230
vn 0.0167 0.9239 -0.3823
vn 0.1206 -0.3827 -0.9160
vn 0.0500 -0.9239 -0.3794
vn 0.1206 0.3827 -0.9160
vn 0.0500 0.9239 -0.3794
vn 0.2000 -0.3827 -0.9020
vn 0.0828 -0.9239 -0.3736
vn 0.2000 0.3827 -0.9020
vn 0.0828 0.9239 -0.3736
vn 0.2778 -0.3827 -0.8811
vn 0.1151 -0.9239 -0.3650
vn 0.2778 0.3827 -0.8811
vn 0.1151 0.9239 -0.3650
vn 0.3536 -0.3827 -0.8536
vn 0.1464 -0.9239 -0.3536
vn 0.3536 0.3827 -0.8536
vn 0.1464 0.9239 -0.3536
vn 0.4266 -0.3827 -0.8195
vn 0.1767 -0.9239 -0.3394
vn 0.4266 0.3827 -0.8195
vn 0.1767 0.9239 -0.3394
vn 0.4964 -0.3827 -0.7792
vn 0.2056 -0.9239 -0.3228
vn 0.4964 0.3827 -0.7792
vn 0.2056 0.9239 -0.3228
vn 0.5624 -0.3827 -0.7330
vn 0.2330 -0.9239 -0.3036
vn 0.5624 0.3827 -0.7330
vn 0.2330 0.9239 -0.3036
vn 0.6242 -0.3827 -0.6812
vn 0.2585 -0.9239 -0.2821
vn 0.6242 0.3827 -0.6812
vn 0.2585 0.9239 -0.2821
vn 0.6812 -0.3827 -0.6242
vn 0.2821 -0.9239 -0.2585
vn 0.6812 0.3827 -0.6242
vn 0.2821 0.9239 -0.2585
vn 0.7330 -0.3827 -0.5624
vn 0.3036 -0.9239 -0.2330
vn 0.7330 0.3827 -0.5624
vn 0.3036 0.9239 -0.2330
vn 0.7792 -0.3827 -0.4964
vn 0.3228 -0.9239 -0.2056
vn 0.7792 0.3827 -0.4964
vn 0.3228 0.9239 -0.2056
vn 0.8195 -0.3827 -0.4266
vn 0.3394 -0.9239 -0.1767
vn 0.8195 0.3827 -0.4266
vn 0.3394 0.9239 -0.1767
vn 0.8536 -0.3827 -0.3536
vn 0.3536 -0.9239 -0.1464
vn 0.8536 0.3827 -0.3536
vn 0.3536 0.9239 -0.1464
vn 0.8811 -0.3827 -0.2778
vn 0.3650 -0.9239 -0.1151
vn 0.8811 0.3827 -0.2778
vn 0.3650 0.9239 -0.1151
vn 0.9020 -0.3827 -0.2000
vn 0.3736 -0.9239 -0.0828
vn 0.9020 0.3827 -0.2000
vn 0.3736 0.9239 -0.0828
vn 0.9160 -0.3827 -0.1206
vn 0.3794 -0.9239 -0.0500
vn 0.9160 0.3827 -0.1206
vn 0.3794 0.9239 -0.0500
vn 0.9230 -0.3827 -0.0403
vn 0.3823 -0.9239 -0.0167
vn 0.9230 0.3827 -0.0403
vn 0.3823 0.9239 -0.0167
vn 0.9230 -0.3827 0.0403
vn 0.3823 -0.9239 0.0167
vn 0.9230 0.3827 0.0403
vn 0.3823 0.9239 0.0167
vn 0.9160 -0.3827 0.1206
vn 0.3794 -0.9239 0.0500
vn 0.9160 0.3827 0.1206
vn 0.3794 0.9239 0.0500
vn 0.9020 -0.3827 0.2000
vn 0.3736 -0.9239 0.0828
vn 0.9020 0.3827 0.2000
vn 0.3736 0.9239 0.0828
vn 0.8811 -0.3827 0.2778
vn 0.3650 -0.9239 0.1151
vn 0.8811 0.3827 0.2778
vn 0.3650 0.9239 0.1151
vn 0.8536 -0.3827 0.3536
vn 0.3536 -0.9239 0.1464
vn 0.8536 0.3827 0.3536
vn 0.3536 0.9239 0.1464
vn 0.8195 -0.3827 0.4266
vn 0.3394 -0.9239 0.1767
vn 0.8195 0.3827 0.4266
vn 0.3394 0.9239 0.1767
vn 0.7792 -0.3827 0.4964
vn 0.3228 -0.9239 0.2056
vn 0.7792 0.3827 0.4964
vn 0.3228 0.9239 0.2056
vn 0.7330 -0.3827 0.5624
vn 0.3036 -0.9239 0.2330
vn 0.7330 0.3827 0.5624
vn 0.3036 0.9239 0.2330
vn 0.6812 -0.3827 0.6242
vn 0.2821 -0.9239 0.2585
vn 0.6812 0.3827 0.6242
vn 0.2821 0.9239 0.2585
vn 0.6242 -0.3827 0.6812
vn 0.2585 -0.9239 0.2821
vn 0.6242 0.3827 0.6812
vn 0.2585 0.9239 0.2821
vn 0.5624 -0.3827 0.7330
vn 0.2330 -0.9239 0.3036
vn 0.5624 0.3827 0.7330
vn 0.2330 0.9239 0.3036
vn 0.4964 -0.3827 0.7792
vn 0.2056 -0.9239 0.3228
vn 0.4964 0.3827 0.7792
vn 0.2056 0.9239 0.3228
vn 0.4266 -0.3827 0.8195
vn 0.1767 -0.9239 0.3394
vn 0.4266 0.3827 0.8195
vn 0.1767 0.9239 0.3394
vn 0.3536 -0.3827 0.8536
vn 0.1464 -0.9239 0.3536
vn 0.3536 0.3827 0.8536
vn 0.1464 0.9239 0.3536
vn 0.2778 -0.3827 0.8811
vn 0.1151 -0.9239 0.3650
vn 0.2778 0.3827 0.8811
vn 0.1151 0.9239 0.3650
vn 0.2000 -0.3827 0.9020
vn 0.0828 -0.9239 0.3736
vn 0.2000 0.3827 0.9020
vn 0.0828 0.9239 0.3736
vn 0.1206 -0.3827 0.9160
vn 0.0500 -0.9239 0.3794
vn 0.1206 0.3827 0.9160
vn 0.0500 0.9239 0.3794
vn 0.0403 -0.3827 0.9230
vn 0.0167 -0.9239 0.3823
vn 0.0403 0.3827 0.9230
vn 0.0167 0.9239 0.3823
vn -0.0403 -0.3827 0.9230
vn -0.0167 -0.9239 0.3823
vn -0.0403 0.3827 0.9230
vn -0.0167 0.9239 0.3823
vn -0.1206 -0.3827 0.9160
vn -0.0500 -0.9239 0.3794
vn -0.1206 0.3827 0.9160
vn -0.0500 0.9239 0.3794
vn -0.2000 -0.3827 0.9020
vn -0.0828 -0.9239 0.3736
vn -0.2000 0.3827 0.9020
vn -0.0828 0.9239 0.3736
vn -0.2778 -0.3827 0.8811
vn -0.1151 -0.9239 0.3650
vn -0.2778 0.3827 0.8811
vn -0.1151 0.9239 0.3650
vn -0.3536 -0.3827 0.8536
vn -0.1464 -0.9239 0.3536
vn -0.3536 0.3827 0.8536
vn -0.1464 0.9239 0.3536
vn -0.4266 -0.3827 0.8195
vn -0.1767 -0.9239 0.3394
vn -0.4266 0.3827 0.8195
vn -0.1767 0.9239 0.3394
vn -0.4964 -0.3827 0.7792
vn -0.2056 -0.9239 0.3228
vn -0.4964 0.3827 0.7792
vn -0.2056 0.9239 0.3228
vn -0.5624 -0.3827 0.7330
vn -0.2330 -0.9239 0.3036
vn -0.5624 0.3827 0.7330
vn -0.2330 0.9239 0.3036
vn -0.6242 -0.3827 0.6812
vn -0.2585 -0.9239 0.2821
vn -0.6242 0.3827 0.6812
vn -0.2585 0.9239 0.2821
vn -0.6812 -0.3827 0.6242
vn -0.2821 -0.9239 0.2585
vn -0.6812 0.3827 0.6242
vn -0.2821 0.9239 0.2585
vn -0.7330 -0.3827 0.5624
vn -0.3036 -0.9239 0.2330
vn -0.7330 0.3827 0.5624
vn -0.3036 0.9239 0.2330
vn -0.7792 -0.3827 0.4964
vn -0.3228 -0.9239 0.2056
vn -0.7792 0.3827 0.4964
vn -0.3228 0.9239 0.2056
vn -0.8195 -0.3827 0.4266
vn -0.3394 -0.9239 0.1767
vn -0.8195 0.3827 0.4266
vn -0.3394 0.9239 0.1767
vn -0.8536 -0.3827 0.3536
vn -0.3536 -0.9239 0.1464
vn -0.8536 0.3827 0.3536
vn -0.3536 0.9239 0.1464
vn -0.8811 -0.3827 0.2778
vn -0.3650 -0.9239 0.1151
vn -0.8811 0.3827 0.2778
vn -0.3650 0.9239 0.1151
vn -0.9020 -0.3827 0.2000
vn -0.3736 -0.9239 0.0828
vn -0.9020 0.3827 0.2000
vn -0.3736 0.9239 0.0828
vn -0.9160 -0.3827 0.1206
vn -0.3794 -0.9239 0.0500
vn -0.9160 0.3827 0.1206
vn -0.3794 0.9239 0.0500
vn -0.9230 -0.3827 0.0403
vn -0.3823 -0.9239 0.0167
vn -0.9230 0.3827 0.0403
vn -0.3823 0.9239 0.0167
vn -0.9230 -0.3827 -0.0403
vn -0.3823 -0.9239 -0.0167
vn -0.9230 0.3827 -0.0403
vn -0.3823 0.9239 -0.0167
vn -0.9160 -0.3827 -0.1206
vn -0.3794 -0.9239 -0.0500
vn -0.9160 0.3827 -0.1206
vn -0.3794 0.9239 -0.0500
vn -0.9020 -0.3827 -0.2000
vn -0.3736 -0.9239 -0.0828
vn -0.9020 0.3827 -0.2000
vn -0.3736 0.9239 -0.0828
vn -0.8811 -0.3827 -0.2778
vn -0.3650 -0.9239 -0.1151
vn -0.8811 0.3827 -0.2778
vn -0.3650 0.9239 -0.1151
vn -0.8536 -0.3827 -0.3536
vn -0.3536 -0.9239 -0.1464
vn -0.8536 0.3827 -0.3536
vn -0.3536 0.9239 -0.1464
vn -0.8195 -0.3827 -0.4266
vn -0.3394 -0.9239 -0.1767
vn -0.8195 0.3827 -0.4266
vn -0.3394 0.9239 -0.1767
vn -0.7792 -0.3827 -0.4964
vn -0.3228 -0.9239 -0.2056
vn -0.7792 0.3827 -0.4964
vn -0.3228 0.9239 -0.2056
vn -0.7330 -0.3827 -0.5624
vn -0.3036 -0.9239 -0.2330
vn -0.7330 0.3827 -0.5624
vn -0.3036 0.9239 -0.2330
vn -0.6812 -0.3827 -0.6242
vn -0.2821 -0.9239 -0.2585
vn -0.6812 0.3827 -0.6242
vn -0.2821 0.9239 -0.2585
vn -0.6242 -0.3827 -0.6812
vn -0.2585 -0.9239 -0.2821
vn -0.6242 0.3827 -0.6812
vn -0.2585 0.9239 -0.2821
vn -0.5624 -0.3827 -0.7330
vn -0.2330 -0.9239 -0.3036
vn -0.5624 0.3827 -0.7330
vn -0.2330 0.9239 -0.3036
vn -0.4964 -0.3827 -0.7792
vn -0.2056 -0.9239 -0.3228
vn -0.4964 0.3827 -0.7792
vn -0.2056 0.9239 -0.3228
vn -0.4266 -0.3827 -0.8195
vn -0.1767 -0.9239 -0.3394
vn -0.4266 0.3827 -0.8195
vn -0.1767 0.9239 -0.3394
vn -0.3536 -0.3827 -0.8536
vn -0.1464 -0.9239 -0.3536
vn -0.3536 0.3827 -0.8536
vn -0.1464 0.9239 -0.3536
vn -0.2778 -0.3827 -0.8811
vn -0.1151 -0.9239 -0.3650
vn -0.2778 0.3827 -0.8811
vn -0.1151 0.9239 -0.3650
vn -0.2000 -0.3827 -0.9020
vn -0.0828 -0.9239 -0.3736
vn -0.2000 0.3827 -0.9020
vn -0.0828 0.9239 -0.3736
vn -0.1206 -0.3827 -0.9160
vn -0.0500 -0.9239 -0.3794
vn -0.1206 0.3827 -0.9160
vn -0.0500 0.9239 -0.3794
vn -0.0403 -0.3827 -0.9230
vn -0.0167 -0.9239 -0.3823
vn -0.0403 0.3827 -0.9230
vn -0.0167 0.9239 -0.3823
vn 0.0436 -0.0000 -0.9990
vn -0.0436 -0.0000 -0.9990
vn 0.1305 -0.0000 -0.9914
vn 0.2164 -0.0000 -0.9763
vn 0.3007 -0.0000 -0.9537
vn 0.4617 -0.0000 -0.8870
vn 0.5373 -0.0000 -0.8434
vn 0.6088 -0.0000 -0.7934
vn 0.6756 -0.0000 -0.7373
vn 0.7373 -0.0000 -0.6756
vn 0.7934 -0.0000 -0.6088
vn 0.8434 -0.0000 -0.5373
vn 0.8870 -0.0000 -0.4617
vn 0.9537 -0.0000 -0.3007
vn 0.9763 -0.0000 -0.2164
vn 0.9914 -0.0000 -0.1305
vn 0.9990 -0.0000 -0.0436
vn 0.9990 -0.0000 0.0436
vn 0.9914 -0.0000 0.1305
vn 0.9763 -0.0000 0.2164
vn 0.9537 -0.0000 0.3007
vn 0.8870 -0.0000 0.4617
vn 0.8434 -0.0000 0.5373
vn 0.7934 -0.0000 0.6088
vn 0.7373 -0.0000 0.6756
vn 0.6756 -0.0000 0.7373
vn 0.6088 -0.0000 0.7934
vn 0.5373 -0.0000 0.8434
vn 0.4617 -0.0000 0.8870
vn 0.3007 -0.0000 0.9537
vn 0.2164 -0.0000 0.9763
vn 0.1305 -0.0000 0.9914
vn 0.0436 -0.0000 0.9990
vn -0.0436 -0.0000 0.9990
vn -0.1305 -0.0000 0.9914
vn -0.2164 -0.0000 0.9763
vn -0.3007 -0.0000 0.9537
vn -0.4617 -0.0000 0.8870
vn -0.5373 -0.0000 0.8434
vn -0.6088 -0.0000 0.7934
vn -0.6756 -0.0000 0.7373
vn -0.7373 -0.0000 0.6756
vn -0.7934 -0.0000 0.6088
vn -0.8434 -0.0000 0.5373
vn -0.8870 -0.0000 0.4617
vn -0.9537 -0.0000 0.3007
vn -0.9763 -0.0000 0.2164
vn -0.9914 -0.0000 0.1305
vn -0.9990 -0.0000 0.0436
vn -0.9990 -0.0000 -0.0436
vn -0.9914 -0.0000 -0.1305
vn -0.9763 -0.0000 -0.2164
vn -0.9537 -0.0000 -0.3007
vn -0.8870 -0.0000 -0.4617
vn -0.8434 -0.0000 -0.5373
vn -0.7934 -0.0000 -0.6088
vn -0.7373 -0.0000 -0.6756
vn -0.6756 -0.0000 -0.7373
vn -0.6088 -0.0000 -0.7934
vn -0.5373 -0.0000 -0.8434
vn -0.4617 -0.0000 -0.8870
vn -0.3007 -0.0000 -0.9537
vn -0.2164 -0.0000 -0.9763
vn -0.1305 -0.0000 -0.9914
s 1
f 1118//1 1//2 4//3 1120//4
f 1120//4 4//3 6//5 1119//6
f 1119//6 6//5 3//7 1117//8
f 1//2 8//9 11//10 4//3
f 4//3 11//10 12//11 6//5
f 6//5 12//11 9//12 3//7
f 8//9 13//13 17//14 11//10
f 11//10 17//14 18//15 12//11
f 12//11 18//15 15//16 9//12
f 13//13 20//17 22//18 17//14
f 17//14 22//18 24//19 18//15
f 18//15 24//19 21//20 15//16
f 20//17 25//21 28//22 22//18
f 22//18 28//22 30//23 24//19
f 24//19 30//23 27//24 21//20
f 25//21 31//25 34//26 28//22
f 28//22 34//26 36//27 30//23
f 30//23 36//27 33//28 27//24
f 31//25 37//29 40//30 34//26
f 34//26 40//30 42//31 36//27
f 36//27 42//31 39//32 33//28
f 37//29 43//33 46//34 40//30
f 40//30 46//34 48//35 42//31
f 42//31 48//35 45//36 39//32
f 43//33 50//37 53//38 46//34
f 46//34 53//38 54//39 48//35
f 48//35 54//39 51//40 45//36
f 50//37 55//41 59//42 53//38
f 53//38 59//42 60//43 54//39
f 54//39 60//43 57//44 51//40
f 55//41 62//45 65//46 59//42
f 59//42 65//46 66//47 60//43
f 60//43 66//47 63//48 57//44
f 62//45 67//49 70//50 65//46
f 65//46 70//50 72//51 66//47
f 66//47 72//51 69//52 63//48
f 67//49 74//53 76//54 70//50
f 70//50 76//54 78//55 72//51
f 72//51 78//55 75//56 69//52
f 74//53 79//57 83//58 76//54
f 76//54 83//58 84//59 78//55
f 78//55 84//59 81//60 75//56
f 79//57 85//61 89//62 83//58
f 83//58 89//62 90//63 84//59
f 84//59 90//63 87//64 81//60
f 85//61 92//65 95//66 89//62
f 89//62 95//66 96//67 90//63
f 90//63 96//67 93//68 87//64
f 92//65 98//69 101//70 95//66
f 95//66 101//70 102//71 96//67
f 96//67 102//71 99//72 93//68
f 98//69 104//73 107//74 101//70
f 101//70 107//74 108//75 102//71
f 102//71 108//75 105//76 99//72
f 104//73 109//77 112//78 107//74
f 107//74 112//78 114//79 108//75
f 108//75 114//79 111//80 105//76
f 109//77 115//81 119//82 112//78
f 112//78 119//82 120//83 114//79
f 114//79 120//83 117//84 111//80
f 115//81 122//85 125//86 119//82
f 119//82 125//86 126//87 120//83
f 120//83 126//87 123//88 117//84
f 122//85 128//89 131//90 125//86
f 125//86 131//90 132//91 126//87
f 126//87 132//91 129//92 123//88
f 128//89 133//93 136//94 131//90
f 131//90 136//94 138//95 132//91
f 132//91 138//95 135//96 129//92
f 133//93 139//97 142//98 136//94
f 136//94 142//98 144//99 138//95
f 138//95 144//99 141//100 135//96
f 139//97 146//101 149//102 142//98
f 142//98 149//102 150//103 144//99
f 144//99 150//103 147//104 141//100
f 146//101 152//105 155//106 149//102
f 149//102 155//106 156//107 150//103
f 150//103 156//107 153//108 147//104
f 152//105 158//109 160//110 155//106
f 155//106 160//110 162//111 156//107
f 156//107 162//111 159//112 153//108
f 158//109 163//113 167//114 160//110
f 160//110 167//114 168//115 162//111
f 162//111 168//115 165//116 159//112
f 163//113 170//117 172//118 167//114
f 167//114 172//118 174//119 168//115
f 168//115 174//119 171//120 165//116
f 170//117 175//121 178//122 172//118
f 172//118 178//122 180//123 174//119
f 174//119 180//123 177//124 171//120
f 175//121 181//125 185//126 178//122
f 178//122 185//126 186//127 180//123
f 180//123 186//127 183//128 177//124
f 181//125 187//129 190//130 185//126
f 185//126 190//130 192//131 186//127
f 186//127 192//131 189//132 183//128
f 187//129 193//133 195//134 190//130
f 190//130 195//134 196//135 192//131
f 192//131 196//135 194//136 189//132
f 193//133 197//137 199//138 195//134
f 195//134 199//138 200//139 196//135
f 196//135 200//139 198//140 194//136
f 197//137 201//141 203//142 199//138
f 199//138 203//142 204//143 200//139
f 200//139 204//143 202//144 198//140
f 201//141 205//145 207//146 203//142
f 203//142 207//146 208//147 204//143
f 204//143 208//147 206//148 202//144
f 205//145 209//149 211//150 207//146
f 207//146 211//150 212//151 208//147
f 208//147 212//151 210//152 206//148
f 209//149 213//153 215//154 211//150
f 211//150 215//154 216//155 212//151
f 212//151 216//155 214//156 210//152
f 213//153 217//157 219//158 215//154
f 215//154 219//158 220//159 216//155
f 216//155 220//159 218//160 214//156
f 217//157 221//161 223//162 219//158
f 219//158 223//162 224//163 220//159
f 220//159 224//163 222//164 218//160
f 221//161 225//165 227//166 223//162
f 223//162 227//166 228//167 224//163
f 224//163 228//167 226//168 222//164
f 225//165 229//169 231//170 227//166
f 227//166 231//170 232//171 228//167
f 228//167 232//171 230//172 226//168
f 229//169 233//173 235//174 231//170
f 231//170 235//174 236//175 232//171
f 232//171 236//175 234//176 230//172
f 233//173 237//177 239//178 235//174
f 235//174 239//178 240//179 236//175
f 236//175 240//179 238//180 234//176
f 237//177 241//181 243//182 239//178
f 239//178 243//182 244//183 240//179
f 240//179 244//183 242//184 238//180
f 241//181 245//185 247//186 243//182
f 243//182 247//186 248//187 244//183
f 244//183 248//187 246//188 242//184
f 245//185 249//189 251//190 247//186
f 247//186 251//190 252//191 248//187
f 248//187 252//191 250//192 246//188
f 249//189 253//193 255//194 251//190
f 251//190 255//194 256//195 252//191
f 252//191 256//195 254//196 250//192
f 253//193 257//197 259//198 255//194
f 255//194 259//198 260//199 256//195
f 256//195 260//199 258//200 254//196
f 257//197 261//201 263//202 259//198
f 259//198 263//202 264//203 260//199
f 260//199 264//203 262//204 258//200
f 261//201 265//201 267//202 263//202
f 263//202 267//202 268//203 264//203
f 264//203 268//203 266//204 262//204
f 265//201 269//201 271//202 267//202
f 267//202 271//202 272//203 268//203
f 268//203 272//203 270//204 266//204
f 269//201 273//205 275//202 271//202
f 271//202 275//202 276//203 272//203
f 272//203 276//203 274//204 270//204
f 273//205 277//206 279//207 275//202
f 275//202 279//207 280//208 276//203
f 276//203 280//208 278//209 274//204
f 277//206 281//210 283//211 279//207
f 279//207 283//211 284//212 280//208
f 280//208 284//212 282//213 278//209
f 281//210 285//214 287//215 283//211
f 283//211 287//215 288//216 284//212
f 284//212 288//216 286//217 282//213
f 285//214 289//218 291//219 287//215
f 287//215 291//219 292//220 288//216
f 288//216 292//220 290//221 286//217
f 289//218 293//222 295//223 291//219
f 291//219 295//223 296//224 292//220
f 292//220 296//224 294//225 290//221
f 293//222 297//222 299//226 295//223
f 295//223 299//226 300//227 296//224
f 296//224 300//227 298//225 294//225
f 297//222 301//222 303//226 299//226
f 299//226 303//226 304//227 300//227
f 300//227 304//227 302//225 298//225
f 301//222 305//222 307//226 303//226
f 303//226 307//226 308//227 304//227
f 304//227 308//227 306//225 302//225
f 305//222 309//222 311//226 307//226
f 307//226 311//226 312//227 308//227
f 308//227 312//227 310//225 306//225
f 309//222 313//222 315//226 311//226
f 311//226 315//226 316//227 312//227
f 312//227 316//227 314//225 310//225
f 313//222 317//222 319//226 315//226
f 315//226 319//226 320//227 316//227
f 316//227 320//227 318//225 314//225
f 317//222 321//222 323//226 319//226
f 319//226 323//226 324//227 320//227
f 320//227 324//227 322//225 318//225
f 321//222 325//228 327//229 323//226
f 323//226 327//229 328//230 324//227
f 324//227 328//230 326//231 322//225
f 325//228 329//232 331//233 327//229
f 327//229 331//233 332//234 328//230
f 328//230 332//234 330//235 326//231
f 329//232 333//236 335//237 331//233
f 331//233 335//237 336//238 332//234
f 332//234 336//238 334//239 330//235
f 333//236 337//240 339//241 335//237
f 335//237 339//241 340//242 336//238
f 336//238 340//242 338//243 334//239
f 337//240 341//244 343//245 339//241
f 339//241 343//245 344//246 340//242
f 340//242 344//246 342//247 338//243
f 341//244 345//244 347//245 343//245
f 343//245 347//245 348//246 344//246
f 344//246 348//246 346//247 342//247
f 345//244 349//244 351//245 347//245
f 347//245 351//245 352//246 348//246
f 348//246 352//246 350//247 346//247
f 349//244 353//244 355//245 351//245
f 351//245 355//245 356//246 352//246
f 352//246 356//246 354//247 350//247
f 353//244 357//248 359//249 355//245
f 355//245 359//249 360//250 356//246
f 356//246 360//250 358//251 354//247
f 357//248 361//252 363//253 359//249
f 359//249 363//253 364//254 360//250
f 360//250 364//254 362//255 358//251
f 361//252 365//256 367//257 363//253
f 363//253 367//257 368//258 364//254
f 364//254 368//258 366//259 362//255
f 365//256 369//260 371//261 367//257
f 367//257 371//261 372//262 368//258
f 368//258 372//262 370//263 366//259
f 369//260 373//222 375//226 371//261
f 371//261 375//226 376//227 372//262
f 372//262 376//227 374//225 370//263
f 373//222 377//222 379//226 375//226
f 375//226 379//226 380//227 376//227
f 376//227 380//227 378//225 374//225
f 377//222 381//222 383//226 379//226
f 379//226 383//226 384//227 380//227
f 380//227 384//227 382//225 378//225
f 381//222 385//222 387//226 383//226
f 383//226 387//226 388//227 384//227
f 384//227 388//227 386//225 382//225
f 385//222 389//264 391//265 387//226
f 387//226 391//265 392//266 388//227
f 388//227 392//266 390//267 386//225
f 389//264 393//268 395//269 391//265
f 391//265 395//269 396//270 392//266
f 392//266 396//270 394//271 390//267
f 393//268 397//272 399//273 395//269
f 395//269 399//273 400//274 396//270
f 396//270 400//274 398//275 394//271
f 397//272 401//276 403//277 399//273
f 399//273 403//277 404//278 400//274
f 400//274 404//278 402//279 398//275
f 401//276 405//280 407//281 403//277
f 403//277 407//281 408//282 404//278
f 404//278 408//282 406//283 402//279
f 405//280 409//284 411//285 407//281
f 407//281 411//285 412//286 408//282
f 408//282 412//286 410//287 406//283
f 409//284 413//288 415//289 411//285
f 411//285 415//289 416//290 412//286
f 412//286 416//290 414//291 410//287
f 413//288 417//292 419//293 415//289
f 415//289 419//293 420//294 416//290
f 416//290 420//294 418//295 414//291
f 417//292 421//296 423//297 419//293
f 419//293 423//297 424//298 420//294
f 420//294 424//298 422//299 418//295
f 421//296 425//300 427//301 423//297
f 423//297 427//301 428//302 424//298
f 424//298 428//302 426//303 422//299
f 425//300 429//304 431//305 427//301
f 427//301 431//305 432//306 428//302
f 428//302 432//306 430//307 426//303
f 429//304 433//308 435//309 431//305
f 431//305 435//309 436//310 432//306
f 432//306 436//310 434//311 430//307
f 433//308 437//312 439//313 435//309
f 435//309 439//313 440//314 436//310
f 436//310 440//314 438//315 434//311
f 437//312 441//312 443//313 439//313
f 439//313 443//313 444//314 440//314
f 440//314 444//314 442//315 438//315
f 441//312 445//312 447//313 443//313
f 443//313 447//313 448//314 444//314
f 444//314 448//314 446//315 442//315
f 445//312 449//312 451//313 447//313
f 447//313 451//313 452//314 448//314
f 448//314 452//314 450//315 446//315
f 449//312 453//312 455//313 451//313
f 451//313 455//313 456//314 452//314
f 452//314 456//314 454//315 450//315
f 453//312 457//312 459//313 455//313
f 455//313 459//313 460//314 456//314
f 456//314 460//314 458//315 454//315
f 457//312 461//312 463//313 459//313
f 459//313 463//313 464//314 460//314
f 460//314 464//314 462//315 458//315
f 461//312 465//312 467//313 463//313
f 463//313 467//313 468//314 464//314
f 464//314 468//314 466//315 462//315
f 465//312 469//312 471//313 467//313
f 467//313 471//313 472//314 468//314
f 468//314 472//314 470//315 466//315
f 469//312 473//312 475//313 471//313
f 471//313 475//313 476//314 472//314
f 472//314 476//314 474//315 470//315
f 473//312 477//312 479//313 475//313
f 475//313 479//313 480//314 476//314
f 476//314 480//314 478//315 474//315
f 477//312 481//312 483//313 479//313
f 479//313 483//313 484//314 480//314
f 480//314 484//314 482//315 478//315
f 481//312 485//316 487//317 483//313
f 483//313 487//317 488//318 484//314
f 484//314 488//318 486//319 482//315
f 485//316 489//320 491//321 487//317
f 487//317 491//321 492//322 488//318
f 488//318 492//322 490//323 486//319
f 489//320 493//324 495//325 491//321
f 491//321 495//325 496//326 492//322
f 492//322 496//326 494//327 490//323
f 493//324 497//328 499//329 495//325
f 495//325 499//329 500//330 496//326
f 496//326 500//330 498//331 494//327
f 497//328 501//332 503//333 499//329
f 499//329 503//333 504//334 500//330
f 500//330 504//334 502//335 498//331
f 501//332 505//336 507//337 503//333
f 503//333 507//337 508//338 504//334
f 504//334 508//338 506//339 502//335
f 505//336 509//340 511//341 507//337
f 507//337 511//341 512//342 508//338
f 508//338 512//342 510//343 506//339
f 509//340 513//344 515//345 511//341
f 511//341 515//345 516//346 512//342
f 512//342 516//346 514//347 510//343
f 513//344 517//312 519//313 515//345
f 515//345 519//313 520//314 516//346
f 516//346 520//314 518//315 514//347
f 517//312 521//312 523//313 519//313
f 519//313 523//313 524//314 520//314
f 520//314 524//314 522//315 518//315
f 521//312 525//312 527//313 523//313
f 523//313 527//313 528//314 524//314
f 524//314 528//314 526//315 522//315
f 525//312 529//312 531//313 527//313
f 527//313 531//313 532//314 528//314
f 528//314 532//314 530//315 526//315
f 529//312 533//312 535//313 531//313
f 531//313 535//313 536//314 532//314
f 532//314 536//314 534//315 530//315
f 533//312 537//312 539//313 535//313
f 535//313 539//313 540//314 536//314
f 536//314 540//314 538//315 534//315
f 537//312 541//312 543//313 539//313
f 539//313 543//313 544//314 540//314
f 540//314 544//314 542//315 538//315
f 541//312 545//312 547//313 543//313
f 543//313 547//313 548//314 544//314
f 544//314 548//314 546//315 542//315
f 545//312 549//348 551//349 547//313
f 547//313 551//349 552//350 548//314
f 548//314 552//350 550//351 546//315
f 549//348 553//352 555//353 551//349
f 551//349 555//353 556//354 552//350
f 552//350 556//354 554//355 550//351
f 553//352 557//356 559//357 555//353
f 555//353 559//357 560//358 556//354
f 556//354 560//358 558//359 554//355
f 557//356 561//360 563//361 559//357
f 559//357 563//361 564//362 560//358
f 560//358 564//362 562//363 558//359
f 561//360 565//364 567//365 563//361
f 563//361 567//365 568//366 564//362
f 564//362 568//366 566//367 562//363
f 565//364 569//368 571//369 567//365
f 567//365 571//369 572//370 568//366
f 568//366 572//370 570//371 566//367
f 569//368 573//372 575//373 571//369
f 571//369 575//373 576//374 572//370
f 572//370 576//374 574//375 570//371
f 573//372 577//376 579//377 575//373
f 575//373 579//377 580//378 576//374
f 576//374 580//378 578//379 574//375
f 577//376 581//380 583//381 579//377
f 579//377 583//381 584//382 580//378
f 580//378 584//382 582//383 578//379
f 581//380 585//384 587//385 583//381
f 583//381 587//385 588//386 584//382
f 584//382 588//386 586//387 582//383
f 585//384 589//388 591//389 587//385
f 587//385 591//389 592//390 588//386
f 588//386 592//390 590//391 586//387
f 589//388 593//392 595//393 591//389
f 591//389 595//393 596//394 592//390
f 592//390 596//394 594//395 590//391
f 593//392 597//396 599//397 595//393
f 595//393 599//397 600//398 596//394
f 596//394 600//398 598//399 594//395
f 597//396 601//400 603//401 599//397
f 599//397 603//401 604//402 600//398
f 600//398 604//402 602//403 598//399
f 601//400 605//404 607//405 603//401
f 603//401 607//405 608//406 604//402
f 604//402 608//406 606//407 602//403
f 605//404 609//408 611//409 607//405
f 607//405 611//409 612//410 608//406
f 608//406 612//410 610//411 606//407
f 609//408 613//412 615//413 611//409
f 611//409 615//413 616//414 612//410
f 612//410 616//414 614//415 610//411
f 613//412 617//416 619//417 615//413
f 615//413 619//417 620//418 616//414
f 616//414 620//418 618//419 614//415
f 617//416 621//420 623//421 619//417
f 619//417 623//421 624//422 620//418
f 620//418 624//422 622//423 618//419
f 621//420 625//424 627//425 623//421
f 623//421 627//425 628//426 624//422
f 624//422 628//426 626//427 622//423
f 625//424 629//205 631//202 627//425
f 627//425 631//202 632//203 628//426
f 628//426 632//203 630//204 626//427
f 629//205 633//205 635//202 631//202
f 631//202 635//202 636//203 632//203
f 632//203 636//203 634//204 630//204
f 633//205 637//205 639//202 635//202
f 635//202 639//202 640//203 636//203
f 636//203 640//203 638//204 634//204
f 637//205 641//205 643//202 639//202
f 639//202 643//202 644//203 640//203
f 640//203 644//203 642//204 638//204
f 641//205 645//205 647//202 643//202
f 643//202 647//202 648//203 644//203
f 644//203 648//203 646//204 642//204
f 645//205 649//205 651//202 647//202
f 647//202 651//202 652//203 648//203
f 648//203 652//203 650//204 646//204
f 649//205 653//205 655//202 651//202
f 651//202 655//202 656//203 652//203
f 652//203 656//203 654//204 650//204
f 653//205 657//205 659//202 655//202
f 655//202 659//202 660//203 656//203
f 656//203 660//203 658//204 654//204
f 657//205 661//428 663//429 659//202
f 659//202 663//429 664//430 660//203
f 660//203 664//430 662//431 658//204
f 661//428 665//432 667//433 663//429
f 663//429 667//433 668//434 664//430
f 664//430 668//434 666//435 662//431
f 665//432 669//436 671//437 667//433
f 667//433 671//437 672//438 668//434
f 668//434 672//438 670//439 666//435
f 669//436 673//440 675//441 671//437
f 671//437 675//441 676//442 672//438
f 672//438 676//442 674//443 670//439
f 673//440 677//444 679//445 675//441
f 675//441 679//445 680//446 676//442
f 676//442 680//446 678//447 674//443
f 677//444 681//448 683//449 679//445
f 679//445 683//449 684//450 680//446
f 680//446 684//450 682//451 678//447
f 681//448 685//452 687//453 683//449
f 683//449 687//453 688//454 684//450
f 684//450 688//454 686//455 682//451
f 685//452 689//456 691//457 687//453
f 687//453 691//457 692//458 688//454
f 688//454 692//458 690//459 686//455
f 689//456 693//205 695//202 691//457
f 691//457 695//202 696//203 692//458
f 692//458 696//203 694//204 690//459
f 693//205 697//205 699//202 695//202
f 695//202 699//202 700//203 696//203
f 696//203 700//203 698//204 694//204
f 697//205 701//205 703//202 699//202
f 699//202 703//202 704//203 700//203
f 700//203 704//203 702//204 698//204
f 701//205 705//205 707//202 703//202
f 703//202 707//202 708//203 704//203
f 704//203 708//203 706//204 702//204
f 705//205 709//205 711//202 707//202
f 707//202 711//202 712//203 708//203
f 708//203 712//203 710//204 706//204
f 709//205 713//205 715//202 711//202
f 711//202 715//202 716//203 712//203
f 712//203 716//203 714//204 710//204
f 713//205 717//205 719//202 715//202
f 715//202 719//202 720//203 716//203
f 716//203 720//203 718//204 714//204
f 717//205 721//205 723//202 719//202
f 719//202 723//202 724//203 720//203
f 720//203 724//203 722//204 718//204
f 721//205 725//205 727//202 723//202
f 723//202 727//202 728//203 724//203
f 724//203 728//203 726//204 722//204
f 725//205 729//205 731//202 727//202
f 727//202 731//202 732//203 728//203
f 728//203 732//203 730//204 726//204
f 729//205 733//205 735//202 731//202
f 731//202 735//202 736//203 732//203
f 732//203 736//203 734//204 730//204
f 733//205 737//205 739//202 735//202
f 735//202 739//202 740//203 736//203
f 736//203 740//203 738//204 734//204
f 737//205 741//460 743//461 739//202
f 739//202 743//461 744//462 740//203
f 740//203 744//462 742//463 738//204
f 741//460 745//464 747//465 743//461
f 743//461 747//465 748//466 744//462
f 744//462 748//466 746//467 742//463
f 745//464 749//468 751//469 747//465
f 747//465 751//469 752//470 748//466
f 748//466 752//470 750//471 746//467
f 749//468 753//472 755//473 751//469
f 751//469 755//473 756//474 752//470
f 752//470 756//474 754//475 750//471
f 753//472 757//476 759//477 755//473
f 755//473 759//477 760//478 756//474
f 756//474 760//478 758//479 754//475
f 757//476 761//480 763//481 759//477
f 759//477 763//481 764//482 760//478
f 760//478 764//482 762//483 758//479
f 761//480 765//484 767//485 763//481
f 763//481 767//485 768//486 764//482
f 764//482 768//486 766//487 762//483
f 765//484 769//488 771//489 767//485
f 767//485 771//489 772//490 768//486
f 768//486 772//490 770//491 766//487
f 769//488 773//492 775//493 771//489
f 771//489 775//493 776//494 772//490
f 772//490 776//494 774//495 770//491
f 773//492 777//496 779//497 775//493
f 775//493 779//497 780//498 776//494
f 776//494 780//498 778//499 774//495
f 777//496 781//500 783//501 779//497
f 779//497 783//501 784//502 780//498
f 780//498 784//502 782//503 778//499
f 781//500 785//504 787//505 783//501
f 783//501 787//505 788//506 784//502
f 784//502 788//506 786//507 782//503
f 785//504 789//508 791//509 787//505
f 787//505 791//509 792//510 788//506
f 788//506 792//510 790//511 786//507
f 789//508 793//508 795//509 791//509
f 791//509 795//509 796//510 792//510
f 792//510 796//510 794//511 790//511
f 793//508 797//508 799//509 795//509
f 795//509 799//509 800//510 796//510
f 796//510 800//510 798//511 794//511
f 797//508 801//508 803//509 799//509
f 799//509 803//509 804//510 800//510
f 800//510 804//510 802//511 798//511
f 801//508 805//512 807//513 803//509
f 803//509 807//513 808//514 804//510
f 804//510 808//514 806//515 802//511
f 805//512 809//516 811//517 807//513
f 807//513 811//517 812//518 808//514
f 808//514 812//518 810//519 806//515
f 809//516 813//520 815//521 811//517
f 811//517 815//521 816//522 812//518
f 812//518 816//522 814//523 810//519
f 813//520 817//524 819//525 815//521
f 815//521 819//525 820//526 816//522
f 816//522 820//526 818//527 814//523
f 817//524 821//528 823//529 819//525
f 819//525 823//529 824//530 820//526
f 820//526 824//530 822//531 818//527
f 821//528 825//528 827//529 823//529
f 823//529 827//529 828//530 824//530
f 824//530 828//530 826//531 822//531
f 825//528 829//528 831//529 827//529
f 827//529 831//529 832//530 828//530
f 828//530 832//530 830//531 826//531
f 829//528 833//528 835//529 831//529
f 831//529 835//529 836//530 832//530
f 832//530 836//530 834//531 830//531
f 833//528 837//532 839//533 835//529
f 835//529 839//533 840//534 836//530
f 836//530 840//534 838//535 834//531
f 837//532 841//536 843//537 839//533
f 839//533 843//537 844//538 840//534
f 840//534 844//538 842//539 838//535
f 841//536 845//540 847//541 843//537
f 843//537 847//541 848//542 844//538
f 844//538 848//542 846//543 842//539
f 845//540 849//544 851//545 847//541
f 847//541 851//545 852//546 848//542
f 848//542 852//546 850//547 846//543
f 849//544 853//508 855//509 851//545
f 851//545 855//509 856//510 852//546
f 852//546 856//510 854//511 850//547
f 853//508 857//508 859//509 855//509
f 855//509 859//509 860//510 856//510
f 856//510 860//510 858//511 854//511
f 857//508 861//508 863//509 859//509
f 859//509 863//509 864//510 860//510
f 860//510 864//510 862//511 858//511
f 861//508 865//508 867//509 863//509
f 863//509 867//509 868//510 864//510
f 864//510 868//510 866//511 862//511
f 865//508 869//508 871//509 867//509
f 867//509 871//509 872//510 868//510
f 868//510 872//510 870//511 866//511
f 869//508 873//508 875//509 871//509
f 871//509 875//509 876//510 872//510
f 872//510 876//510 874//511 870//511
f 873//508 877//508 879//509 875//509
f 875//509 879//509 880//510 876//510
f 876//510 880//510 878//511 874//511
f 877//508 881//508 883//548 879//509
f 879//509 883//548 884//549 880//510
f 880//510 884//549 882//511 878//511
f 881//508 885//550 887//551 883//548
f 883//548 887//551 888//552 884//549
f 884//549 888//552 886//553 882//511
f 885//550 889//554 891//555 887//551
f 887//551 891//555 892//556 888//552
f 888//552 892//556 890//557 886//553
f 889//554 893//558 895//559 891//555
f 891//555 895//559 896//560 892//556
f 892//556 896//560 894//561 890//557
f 893//558 897//562 899//563 895//559
f 895//559 899//563 900//564 896//560
f 896//560 900//564 898//565 894//561
f 897//562 901//312 903//313 899//563
f 899//563 903//313 904//314 900//564
f 900//564 904//314 902//315 898//565
f 901//312 905//566 907//313 903//313
f 903//313 907//313 908//314 904//314
f 904//314 908//314 906//315 902//315
f 905//566 909//566 911//313 907//313
f 907//313 911//313 912//314 908//314
f 908//314 912//314 910//315 906//315
f 909//566 913//566 915//313 911//313
f 911//313 915//313 916//314 912//314
f 912//314 916//314 914//315 910//315
f 913//566 917//567 919//568 915//313
f 915//313 919//568 920//569 916//314
f 916//314 920//569 918//570 914//315
f 917//567 921//571 923//572 919//568
f 919//568 923//572 924//573 920//569
f 920//569 924//573 922//574 918//570
f 921//571 925//575 927//576 923//572
f 923//572 927//576 928//577 924//573
f 924//573 928//577 926//578 922//574
f 925//575 929//579 931//580 927//576
f 927//576 931//580 932//581 928//577
f 928//577 932//581 930//582 926//578
f 929//579 933//583 935//584 931//580
f 931//580 935//584 936//585 932//581
f 932//581 936//585 934//586 930//582
f 933//583 937//587 939//588 935//584
f 935//584 939//588 940//589 936//585
f 936//585 940//589 938//590 934//586
f 937//587 941//591 943//592 939//588
f 939//588 943//592 944//593 940//589
f 940//589 944//593 942//594 938//590
f 941//591 945//595 947//596 943//592
f 943//592 947//596 948//597 944//593
f 944//593 948//597 946//598 942//594
f 945//595 949//599 951//600 947//596
f 947//596 951//600 952//601 948//597
f 948//597 952//601 950//602 946//598
f 949//599 953//603 955//604 951//600
f 951//600 955//604 956//605 952//601
f 952//601 956//605 954//606 950//602
f 953//603 957//607 959//608 955//604
f 955//604 959//608 960//609 956//605
f 956//605 960//609 958//610 954//606
f 957//607 961//611 963//612 959//608
f 959//608 963//612 964//613 960//609
f 960//609 964//613 962//614 958//610
f 961//611 965//615 967//616 963//612
f 963//612 967//616 968//617 964//613
f 964//613 968//617 966//618 962//614
f 965//615 969//619 971//620 967//616
f 967//616 971//620 972//621 968//617
f 968//617 972//621 970//622 966//618
f 969//619 973//623 975//624 971//620
f 971//620 975//624 976//625 972//621
f 972//621 976//625 974//626 970//622
f 973//623 977//627 979//628 975//624
f 975//624 979//628 980//629 976//625
f 976//625 980//629 978//630 974//626
f 977//627 981//631 983//632 979//628
f 979//628 983//632 984//633 980//629
f 980//629 984//633 982//634 978//630
f 981//631 985//635 987//636 983//632
f 983//632 987//636 988//637 984//633
f 984//633 988//637 986//638 982//634
f 985//635 989//639 991//640 987//636
f 987//636 991//640 992//641 988//637
f 988//637 992//641 990//642 986//638
f 989//639 993//643 995//644 991//640
f 991//640 995//644 996//645 992//641
f 992//641 996//645 994//646 990//642
f 993//643 997//647 999//648 995//644
f 995//644 999//648 1000//649 996//645
f 996//645 1000//649 998//650 994//646
f 997//647 1001//651 1003//652 999//648
f 999//648 1003//652 1004//653 1000//649
f 1000//649 1004//653 1002//654 998//650
f 1001//651 1005//655 1007//656 1003//652
f 1003//652 1007//656 1008//657 1004//653
f 1004//653 1008//657 1006//658 1002//654
f 1005//655 1009//659 1011//660 1007//656
f 1007//656 1011//660 1012//661 1008//657
f 1008//657 1012//661 1010//662 1006//658
f 1009//659 1013//663 1015//664 1011//660
f 1011//660 1015//664 1016//665 1012//661
f 1012//661 1016//665 1014//666 1010//662
f 1013//663 1017//667 1019//668 1015//664
f 1015//664 1019//668 1020//669 1016//665
f 1016//665 1020//669 1018//670 1014//666
f 1017//667 1021//671 1023//672 1019//668
f 1019//668 1023//672 1024//673 1020//669
f 1020//669 1024//673 1022//674 1018//670
f 1021//671 1025//675 1027//676 1023//672
f 1023//672 1027//676 1028//677 1024//673
f 1024//673 1028//677 1026//678 1022//674
f 1025//675 1029//679 1031//680 1027//676
f 1027//676 1031//680 1032//681 1028//677
f 1028//677 1032//681 1030//682 1026//678
f 1029//679 1033//683 1035//684 1031//680
f 1031//680 1035//684 1036//685 1032//681
f 1032//681 1036//685 1034//686 1030//682
f 1033//683 1037//687 1039//688 1035//684
f 1035//684 1039//688 1040//689 1036//685
f 1036//685 1040//689 1038//690 1034//686
f 1037//687 1041//691 1043//692 1039//688
f 1039//688 1043//692 1044//693 1040//689
f 1040//689 1044//693 1042//694 1038//690
f 1041//691 1045//695 1047//696 1043//692
f 1043//692 1047//696 1048//697 1044//693
f 1044//693 1048//697 1046//698 1042//694
f 1045//695 1049//699 1051//700 1047//696
f 1047//696 1051//700 1052//701 1048//697
f 1048//697 1052//701 1050//702 1046//698
f 1049//699 1053//703 1055//704 1051//700
f 1051//700 1055//704 1056//705 1052//701
f 1052//701 1056//705 1054//706 1050//702
f 1053//703 1057//707 1059//708 1055//704
f 1055//704 1059//708 1060//709 1056//705
f 1056//705 1060//709 1058//710 1054//706
f 1057//707 1061//711 1063//712 1059//708
f 1059//708 1063//712 1064//713 1060//709
f 1060//709 1064//713 1062//714 1058//710
f 1061//711 1065//715 1067//716 1063//712
f 1063//712 1067//716 1068//717 1064//713
f 1064//713 1068//717 1066//718 1062//714
f 1065//715 1069//719 1071//720 1067//716
f 1067//716 1071//720 1072//721 1068//717
f 1068//717 1072//721 1070//722 1066//718
f 1069//719 1073//723 1075//724 1071//720
f 1071//720 1075//724 1076//725 1072//721
f 1072//721 1076//725 1074//726 1070//722
f 1073//723 1077//727 1079//728 1075//724
f 1075//724 1079//728 1080//729 1076//725
f 1076//725 1080//729 1078//730 1074//726
f 1077//727 1081//731 1083//732 1079//728
f 1079//728 1083//732 1084//733 1080//729
f 1080//729 1084//733 1082//734 1078//730
f 1081//731 1085//735 1087//736 1083//732
f 1083//732 1087//736 1088//737 1084//733
f 1084//733 1088//737 1086//738 1082//734
f 1085//735 1089//739 1091//740 1087//736
f 1087//736 1091//740 1092//741 1088//737
f 1088//737 1092//741 1090//742 1086//738
f 1089//739 1093//743 1095//744 1091//740
f 1091//740 1095//744 1096//745 1092//741
f 1092//741 1096//745 1094//746 1090//742
f 1093//743 1097//747 1099//748 1095//744
f 1095//744 1099//748 1100//749 1096//745
f 1096//745 1100//749 1098//750 1094//746
f 1097//747 1101//751 1103//752 1099//748
f 1099//748 1103//752 1104//753 1100//749
f 1100//749 1104//753 1102//754 1098//750
f 1101//751 1105//755 1107//756 1103//752
f 1103//752 1107//756 1108//757 1104//753
f 1104//753 1108//757 1106//758 1102//754
f 1105//755 1109//759 1111//760 1107//756
f 1107//756 1111//760 1112//761 1108//757
f 1108//757 1112//761 1110//762 1106//758
f 1109//759 1113//763 1115//764 1111//760
f 1111//760 1115//764 1116//765 1112//761
f 1112//761 1116//765 1114//766 1110//762
f 1113//763 1118//1 1120//4 1115//764
f 1115//764 1120//4 1119//6 1116//765
f 1116//765 1119//6 1117//8 1114//766
f 2174//767 1121//768 1123//769 2176//770
f 2176//770 1123//769 1124//771 2175//772
f 2175//772 1124//771 1122//773 2173//774
f 1121//768 1125//775 1127//776 1123//769
f 1123//769 1127//776 1128//777 1124//771
f 1124//771 1128//777 1126//778 1122//773
f 1125//775 1129//779 1131//780 1127//776
f 1127//776 1131//780 1132//781 1128//777
f 1128//777 1132//781 1130//782 1126//778
f 1129//779 1133//783 1135//784 1131//780
f 1131//780 1135//784 1136//785 1132//781
f 1132//781 1136//785 1134//786 1130//782
f 1133//783 1137//787 1139//788 1135//784
f 1135//784 1139//788 1140//789 1136//785
f 1136//785 1140//789 1138//790 1134//786
f 1137//787 1141//791 1143//792 1139//788
f 1139//788 1143//792 1144//793 1140//789
f 1140//789 1144//793 1142//794 1138//790
f 1141//791 1145//795 1147//796 1143//792
f 1143//792 1147//796 1148//797 1144//793
f 1144//793 1148//797 1146//798 1142//794
f 1145//795 1149//799 1151//800 1147//796
f 1147//796 1151//800 1152//801 1148//797
f 1148//797 1152//801 1150//802 1146//798
f 1149//799 1153//803 1155//804 1151//800
f 1151//800 1155//804 1156//805 1152//801
f 1152//801 1156//805 1154//806 1150//802
f 1153//803 1157//807 1159//808 1155//804
f 1155//804 1159//808 1160//809 1156//805
f 1156//805 1160//809 1158//810 1154//806
f 1157//807 1161//811 1163//812 1159//808
f 1159//808 1163//812 1164//813 1160//809
f 1160//809 1164//813 1162//814 1158//810
f 1161//811 1165//815 1167//816 1163//812
f 1163//812 1167//816 1168//817 1164//813
f 1164//813 1168//817 1166//818 1162//814
f 1165//815 1169//819 1171//820 1167//816
f 1167//816 1171//820 1172//821 1168//817
f 1168//817 1172//821 1170//822 1166//818
f 1169//819 1173//823 1175//824 1171//820
f 1171//820 1175//824 1176//825 1172//821
f 1172//821 1176//825 1174//826 1170//822
f 1173//823 1177//827 1179//828 1175//824
f 1175//824 1179//828 1180//829 1176//825
f 1176//825 1180//829 1178//830 1174//826
f 1177//827 1181//831 1183//832 1179//828
f 1179//828 1183//832 1184//833 1180//829
f 1180//829 1184//833 1182//834 1178//830
f 1181//831 1185//835 1187//836 1183//832
f 1183//832 1187//836 1188//837 1184//833
f 1184//833 1188//837 1186//838 1182//834
f 1185//835 1189//839 1191//840 1187//836
f 1187//836 1191//840 1192//841 1188//837
f 1188//837 1192//841 1190//842 1186//838
f 1189//839 1193//843 1195//844 1191//840
f 1191//840 1195//844 1196//845 1192//841
f 1192//841 1196//845 1194//846 1190//842
f 1193//843 1197//847 1199//848 1195//844
f 1195//844 1199//848 1200//849 1196//845
f 1196//845 1200//849 1198//850 1194//846
f 1197//847 1201//851 1203//852 1199//848
f 1199//848 1203//852 1204//853 1200//849
f 1200//849 1204//853 1202//854 1198//850
f 1201//851 1205//855 1207//856 1203//852
f 1203//852 1207//856 1208//857 1204//853
f 1204//853 1208//857 1206//858 1202//854
f 1205//855 1209//859 1211//860 1207//856
f 1207//856 1211//860 1212//861 1208//857
f 1208//857 1212//861 1210//862 1206//858
f 1209//859 1213//863 1215//864 1211//860
f 1211//860 1215//864 1216//865 1212//861
f 1212//861 1216//865 1214//866 1210//862
f 1213//863 1217//867 1219//868 1215//864
f 1215//864 1219//868 1220//869 1216//865
f 1216//865 1220//869 1218//870 1214//866
f 1217//867 1221//871 1223//872 1219//868
f 1219//868 1223//872 1224//873 1220//869
f 1220//869 1224//873 1222//874 1218//870
f 1221//871 1225//875 1227//876 1223//872
f 1223//872 1227//876 1228//877 1224//873
f 1224//873 1228//877 1226//878 1222//874
f 1225//875 1229//879 1231//880 1227//876
f 1227//876 1231//880 1232//881 1228//877
f 1228//877 1232//881 1230//882 1226//878
f 1229//879 1233//883 1235//884 1231//880
f 1231//880 1235//884 1236//885 1232//881
f 1232//881 1236//885 1234//886 1230//882
f 1233//883 1237//887 1239//888 1235//884
f 1235//884 1239//888 1240//889 1236//885
f 1236//885 1240//889 1238//890 1234//886
f 1237//887 1241//891 1243//892 1239//888
f 1239//888 1243//892 1244//893 1240//889
f 1240//889 1244//893 1242//894 1238//890
f 1241//891 1245//895 1247//896 1243//892
f 1243//892 1247//896 1248//897 1244//893
f 1244//893 1248//897 1246//898 1242//894
f 1245//895 1249//899 1251//900 1247//896
f 1247//896 1251//900 1252//901 1248//897
f 1248//897 1252//901 1250//902 1246//898
f 1249//899 1253//903 1255//904 1251//900
f 1251//900 1255//904 1256//905 1252//901
f 1252//901 1256//905 1254//906 1250//902
f 1253//903 1257//907 1259//908 1255//904
f 1255//904 1259//908 1260//909 1256//905
f 1256//905 1260//909 1258//910 1254//906
f 1257//907 1261//911 1263//912 1259//908
f 1259//908 1263//912 1264//913 1260//909
f 1260//909 1264//913 1262//914 1258//910
f 1261//911 1265//915 1267//916 1263//912
f 1263//912 1267//916 1268//917 1264//913
f 1264//913 1268//917 1266//918 1262//914
f 1265//915 1269//919 1271//920 1267//916
f 1267//916 1271//920 1272//921 1268//917
f 1268//917 1272//921 1270//922 1266//918
f 1269//919 1273//923 1275//924 1271//920
f 1271//920 1275//924 1276//925 1272//921
f 1272//921 1276//925 1274//926 1270//922
f 1273//923 1277//927 1279//928 1275//924
f 1275//924 1279//928 1280//929 1276//925
f 1276//925 1280//929 1278//930 1274//926
f 1277//927 1281//931 1283//932 1279//928
f 1279//928 1283//932 1284//933 1280//929
f 1280//929 1284//933 1282//934 1278//930
f 1281//931 1285//935 1287//936 1283//932
f 1283//932 1287//936 1288//937 1284//933
f 1284//933 1288//937 1286//938 1282//934
f 1285//935 1289//939 1291//940 1287//936
f 1287//936 1291//940 1292//941 1288//937
f 1288//937 1292//941 1290//942 1286//938
f 1289//939 1293//943 1295//944 1291//940
f 1291//940 1295//944 1296//945 1292//941
f 1292//941 1296//945 1294//946 1290//942
f 1293//943 1297//947 1299//948 1295//944
f 1295//944 1299//948 1300//949 1296//945
f 1296//945 1300//949 1298//950 1294//946
f 1297//947 1301//951 1303//952 1299//948
f 1299//948 1303//952 1304//953 1300//949
f 1300//949 1304//953 1302//954 1298//950
f 1301//951 1305//955 1307//956 1303//952
f 1303//952 1307//956 1308//957 1304//953
f 1304//953 1308//957 1306//958 1302//954
f 1305//955 1309//959 1311//960 1307//956
f 1307//956 1311//960 1312//961 1308//957
f 1308//957 1312//961 1310//962 1306//958
f 1309//959 1313//963 1315//964 1311//960
f 1311//960 1315//964 1316//965 1312//961
f 1312//961 1316//965 1314//966 1310//962
f 1313//963 1317//967 1319//968 1315//964
f 1315//964 1319//968 1320//969 1316//965
f 1316//965 1320//969 1318//970 1314//966
f 1317//967 1321//967 1323//968 1319//968
f 1319//968 1323//968 1324//969 1320//969
f 1320//969 1324//969 1322//970 1318//970
f 1321//967 1325//967 1327//968 1323//968
f 1323//968 1327//968 1328//969 1324//969
f 1324//969 1328//969 1326//970 1322//970
f 1325//967 1329//967 1331//968 1327//968
f 1327//968 1331//968 1332//969 1328//969
f 1328//969 1332//969 1330//971 1326//970
f 1329//967 1333//972 1335//973 1331//968
f 1331//968 1335//973 1336//974 1332//969
f 1332//969 1336//974 1334//975 1330//971
f 1333//972 1337//976 1339//977 1335//973
f 1335//973 1339//977 1340//978 1336//974
f 1336//974 1340//978 1338//979 1334//975
f 1337//976 1341//980 1343//981 1339//977
f 1339//977 1343//981 1344//982 1340//978
f 1340//978 1344//982 1342//983 1338//979
f 1341//980 1345//984 1347//985 1343//981
f 1343//981 1347//985 1348//986 1344//982
f 1344//982 1348//986 1346//987 1342//983
f 1345//984 1349//988 1351//989 1347//985
f 1347//985 1351//989 1352//990 1348//986
f 1348//986 1352//990 1350//991 1346//987
f 1349//988 1353//988 1355//992 1351//989
f 1351//989 1355//992 1356//993 1352//990
f 1352//990 1356//993 1354//991 1350//991
f 1353//988 1357//988 1359//992 1355//992
f 1355//992 1359//992 1360//993 1356//993
f 1356//993 1360//993 1358//991 1354//991
f 1357//988 1361//988 1363//992 1359//992
f 1359//992 1363//992 1364//993 1360//993
f 1360//993 1364//993 1362//991 1358//991
f 1361//988 1365//988 1367//992 1363//992
f 1363//992 1367//992 1368//993 1364//993
f 1364//993 1368//993 1366//991 1362//991
f 1365//988 1369//988 1371//992 1367//992
f 1367//992 1371//992 1372//993 1368//993
f 1368//993 1372//993 1370//991 1366//991
f 1369//988 1373//988 1375//992 1371//992
f 1371//992 1375//992 1376//993 1372//993
f 1372//993 1376//993 1374//991 1370//991
f 1373//988 1377//988 1379//992 1375//992
f 1375//992 1379//992 1380//993 1376//993
f 1376//993 1380//993 1378//991 1374//991
f 1377//988 1381//994 1383//995 1379//992
f 1379//992 1383//995 1384//996 1380//993
f 1380//993 1384//996 1382//997 1378//991
f 1381//994 1385//998 1387//999 1383//995
f 1383//995 1387//999 1388//1000 1384//996
f 1384//996 1388//1000 1386//1001 1382//997
f 1385//998 1389//1002 1391//1003 1387//999
f 1387//999 1391//1003 1392//1004 1388//1000
f 1388//1000 1392//1004 1390//1005 1386//1001
f 1389//1002 1393//1006 1395//1007 1391//1003
f 1391//1003 1395//1007 1396//1008 1392//1004
f 1392//1004 1396//1008 1394//1009 1390//1005
f 1393//1006 1397//1010 1399//1011 1395//1007
f 1395//1007 1399//1011 1400//1012 1396//1008
f 1396//1008 1400//1012 1398//1013 1394//1009
f 1397//1010 1401//1010 1403//1011 1399//1011
f 1399//1011 1403//1011 1404//1012 1400//1012
f 1400//1012 1404//1012 1402//1013 1398//1013
f 1401//1010 1405//1010 1407//1011 1403//1011
f 1403//1011 1407//1011 1408//1012 1404//1012
f 1404//1012 1408//1012 1406//1013 1402//1013
f 1405//1010 1409//1010 1411//1011 1407//1011
f 1407//1011 1411//1011 1412//1012 1408//1012
f 1408//1012 1412//1012 1410//1013 1406//1013
f 1409//1010 1413//1014 1415//1015 1411//1011
f 1411//1011 1415//1015 1416//1016 1412//1012
f 1412//1012 1416//1016 1414//1017 1410//1013
f 1413//1014 1417//1018 1419//1019 1415//1015
f 1415//1015 1419//1019 1420//1020 1416//1016
f 1416//1016 1420//1020 1418//1021 1414//1017
f 1417//1018 1421//1022 1423//1023 1419//1019
f 1419//1019 1423//1023 1424//1024 1420//1020
f 1420//1020 1424//1024 1422//1025 1418//1021
f 1421//1022 1425//1026 1427//1027 1423//1023
f 1423//1023 1427//1027 1428//1028 1424//1024
f 1424//1024 1428//1028 1426//1029 1422//1025
f 1425//1026 1429//988 1431//992 1427//1027
f 1427//1027 1431//992 1432//993 1428//1028
f 1428//1028 1432//993 1430//991 1426//1029
f 1429//988 1433//988 1435//992 1431//992
f 1431//992 1435//992 1436//993 1432//993
f 1432//993 1436//993 1434//991 1430//991
f 1433//988 1437//988 1439//992 1435//992
f 1435//992 1439//992 1440//993 1436//993
f 1436//993 1440//993 1438//991 1434//991
f 1437//988 1441//988 1443//992 1439//992
f 1439//992 1443//992 1444//993 1440//993
f 1440//993 1444//993 1442//991 1438//991
f 1441//988 1445//1030 1447//1031 1443//992
f 1443//992 1447//1031 1448//1032 1444//993
f 1444//993 1448//1032 1446//1033 1442//991
f 1445//1030 1449//1034 1451//1035 1447//1031
f 1447//1031 1451//1035 1452//1036 1448//1032
f 1448//1032 1452//1036 1450//1037 1446//1033
f 1449//1034 1453//1038 1455//1039 1451//1035
f 1451//1035 1455//1039 1456//1040 1452//1036
f 1452//1036 1456//1040 1454//1041 1450//1037
f 1453//1038 1457//1042 1459//1043 1455//1039
f 1455//1039 1459//1043 1460//1044 1456//1040
f 1456//1040 1460//1044 1458//1045 1454//1041
f 1457//1042 1461//1046 1463//1047 1459//1043
f 1459//1043 1463//1047 1464//1048 1460//1044
f 1460//1044 1464//1048 1462//1049 1458//1045
f 1461//1046 1465//1050 1467//1051 1463//1047
f 1463//1047 1467//1051 1468//1052 1464//1048
f 1464//1048 1468//1052 1466//1053 1462//1049
f 1465//1050 1469//1054 1471//1055 1467//1051
f 1467//1051 1471//1055 1472//1056 1468//1052
f 1468//1052 1472//1056 1470//1057 1466//1053
f 1469//1054 1473//1058 1475//1059 1471//1055
f 1471//1055 1475//1059 1476//1060 1472//1056
f 1472//1056 1476//1060 1474//1061 1470//1057
f 1473//1058 1477//1062 1479//1063 1475//1059
f 1475//1059 1479//1063 1480//1064 1476//1060
f 1476//1060 1480//1064 1478//1065 1474//1061
f 1477//1062 1481//1066 1483//1067 1479//1063
f 1479//1063 1483//1067 1484//1068 1480//1064
f 1480//1064 1484//1068 1482//1069 1478//1065
f 1481//1066 1485//1070 1487//1071 1483//1067
f 1483//1067 1487//1071 1488//1072 1484//1068
f 1484//1068 1488//1072 1486//1073 1482//1069
f 1485//1070 1489//1074 1491//1075 1487//1071
f 1487//1071 1491//1075 1492//1076 1488//1072
f 1488//1072 1492//1076 1490//1077 1486//1073
f 1489//1074 1493//1078 1495//1079 1491//1075
f 1491//1075 1495//1079 1496//1080 1492//1076
f 1492//1076 1496//1080 1494//1081 1490//1077
f 1493//1078 1497//1078 1499//1079 1495//1079
f 1495//1079 1499//1079 1500//1080 1496//1080
f 1496//1080 1500//1080 1498//1081 1494//1081
f 1497//1078 1501//1078 1503//1079 1499//1079
f 1499//1079 1503//1079 1504//1080 1500//1080
f 1500//1080 1504//1080 1502//1081 1498//1081
f 1501//1078 1505//1078 1507//1079 1503//1079
f 1503//1079 1507//1079 1508//1080 1504//1080
f 1504//1080 1508//1080 1506//1081 1502//1081
f 1505//1078 1509//1078 1511//1079 1507//1079
f 1507//1079 1511//1079 1512//1080 1508//1080
f 1508//1080 1512//1080 1510//1081 1506//1081
f 1509//1078 1513//1078 1515//1079 1511//1079
f 1511//1079 1515//1079 1516//1080 1512//1080
f 1512//1080 1516//1080 1514//1081 1510//1081
f 1513//1078 1517//1078 1519//1079 1515//1079
f 1515//1079 1519//1079 1520//1080 1516//1080
f 1516//1080 1520//1080 1518//1081 1514//1081
f 1517//1078 1521//1078 1523//1079 1519//1079
f 1519//1079 1523//1079 1524//1080 1520//1080
f 1520//1080 1524//1080 1522//1081 1518//1081
f 1521//1078 1525//1078 1527//1079 1523//1079
f 1523//1079 1527//1079 1528//1080 1524//1080
f 1524//1080 1528//1080 1526//1081 1522//1081
f 1525//1078 1529//1078 1531//1079 1527//1079
f 1527//1079 1531//1079 1532//1080 1528//1080
f 1528//1080 1532//1080 1530//1081 1526//1081
f 1529//1078 1533//1078 1535//1079 1531//1079
f 1531//1079 1535//1079 1536//1080 1532//1080
f 1532//1080 1536//1080 1534//1081 1530//1081
f 1533//1078 1537//1078 1539//1079 1535//1079
f 1535//1079 1539//1079 1540//1080 1536//1080
f 1536//1080 1540//1080 1538//1081 1534//1081
f 1537//1078 1541//1082 1543//1083 1539//1079
f 1539//1079 1543//1083 1544//1084 1540//1080
f 1540//1080 1544//1084 1542//1085 1538//1081
f 1541//1082 1545//1086 1547//1087 1543//1083
f 1543//1083 1547//1087 1548//1088 1544//1084
f 1544//1084 1548//1088 1546//1089 1542//1085
f 1545//1086 1549//1090 1551//1091 1547//1087
f 1547//1087 1551//1091 1552//1092 1548//1088
f 1548//1088 1552//1092 1550//1093 1546//1089
f 1549//1090 1553//1094 1555//1095 1551//1091
f 1551//1091 1555//1095 1556//1096 1552//1092
f 1552//1092 1556//1096 1554//1097 1550//1093
f 1553//1094 1557//1098 1559//1099 1555//1095
f 1555//1095 1559//1099 1560//1100 1556//1096
f 1556//1096 1560//1100 1558//1101 1554//1097
f 1557//1098 1561//1102 1563//1103 1559//1099
f 1559//1099 1563//1103 1564//1104 1560//1100
f 1560//1100 1564//1104 1562//1105 1558//1101
f 1561//1102 1565//1106 1567//1107 1563//1103
f 1563//1103 1567//1107 1568//1108 1564//1104
f 1564//1104 1568//1108 1566//1109 1562//1105
f 1565//1106 1569//1110 1571//1111 1567//1107
f 1567//1107 1571//1111 1572//1112 1568//1108
f 1568//1108 1572//1112 1570//1113 1566//1109
f 1569//1110 1573//1078 1575//1079 1571//1111
f 1571//1111 1575//1079 1576//1080 1572//1112
f 1572//1112 1576//1080 1574//1081 1570//1113
f 1573//1078 1577//1078 1579//1079 1575//1079
f 1575//1079 1579//1079 1580//1080 1576//1080
f 1576//1080 1580//1080 1578//1081 1574//1081
f 1577//1078 1581//1078 1583//1079 1579//1079
f 1579//1079 1583//1079 1584//1080 1580//1080
f 1580//1080 1584//1080 1582//1081 1578//1081
f 1581//1078 1585//1078 1587//1079 1583//1079
f 1583//1079 1587//1079 1588//1080 1584//1080
f 1584//1080 1588//1080 1586//1081 1582//1081
f 1585//1078 1589//1078 1591//1079 1587//1079
f 1587//1079 1591//1079 1592//1080 1588//1080
f 1588//1080 1592//1080 1590//1081 1586//1081
f 1589//1078 1593//1078 1595//1079 1591//1079
f 1591//1079 1595//1079 1596//1080 1592//1080
f 1592//1080 1596//1080 1594//1081 1590//1081
f 1593//1078 1597//1078 1599//1079 1595//1079
f 1595//1079 1599//1079 1600//1080 1596//1080
f 1596//1080 1600//1080 1598//1081 1594//1081
f 1597//1078 1601//1078 1603//1079 1599//1079
f 1599//1079 1603//1079 1604//1080 1600//1080
f 1600//1080 1604//1080 1602//1081 1598//1081
f 1601//1078 1605//1114 1607//1115 1603//1079
f 1603//1079 1607//1115 1608//1116 1604//1080
f 1604//1080 1608//1116 1606//1117 1602//1081
f 1605//1114 1609//1118 1611//1119 1607//1115
f 1607//1115 1611//1119 1612//1120 1608//1116
f 1608//1116 1612//1120 1610//1121 1606//1117
f 1609//1118 1613//1122 1615//1123 1611//1119
f 1611//1119 1615//1123 1616//1124 1612//1120
f 1612//1120 1616//1124 1614//1125 1610//1121
f 1613//1122 1617//1126 1619//1127 1615//1123
f 1615//1123 1619//1127 1620//1128 1616//1124
f 1616//1124 1620//1128 1618//1129 1614//1125
f 1617//1126 1621//1130 1623//1131 1619//1127
f 1619//1127 1623//1131 1624//1132 1620//1128
f 1620//1128 1624//1132 1622//1133 1618//1129
f 1621//1130 1625//1134 1627//1135 1623//1131
f 1623//1131 1627//1135 1628//1136 1624//1132
f 1624//1132 1628//1136 1626//1137 1622//1133
f 1625//1134 1629//1138 1631//1139 1627//1135
f 1627//1135 1631//1139 1632//1140 1628//1136
f 1628//1136 1632//1140 1630//1141 1626//1137
f 1629//1138 1633//1142 1635//1143 1631//1139
f 1631//1139 1635//1143 1636//1144 1632//1140
f 1632//1140 1636//1144 1634//1145 1630//1141
f 1633//1142 1637//1146 1639//1147 1635//1143
f 1635//1143 1639//1147 1640//1148 1636//1144
f 1636//1144 1640//1148 1638//1149 1634//1145
f 1637//1146 1641//1150 1643//1151 1639//1147
f 1639//1147 1643//1151 1644//1152 1640//1148
f 1640//1148 1644//1152 1642//1153 1638//1149
f 1641//1150 1645//1154 1647//1155 1643//1151
f 1643//1151 1647//1155 1648//1156 1644//1152
f 1644//1152 1648//1156 1646//1157 1642//1153
f 1645//1154 1649//1158 1651//1159 1647//1155
f 1647//1155 1651//1159 1652//1160 1648//1156
f 1648//1156 1652//1160 1650//1161 1646//1157
f 1649//1158 1653//1162 1655//1163 1651//1159
f 1651//1159 1655//1163 1656//1164 1652//1160
f 1652//1160 1656//1164 1654//1165 1650//1161
f 1653//1162 1657//1166 1659//1167 1655//1163
f 1655//1163 1659//1167 1660//1168 1656//1164
f 1656//1164 1660//1168 1658//1169 1654//1165
f 1657//1166 1661//1170 1663//1171 1659//1167
f 1659//1167 1663//1171 1664//1172 1660//1168
f 1660//1168 1664//1172 1662//1173 1658//1169
f 1661//1170 1665//1174 1667//1175 1663//1171
f 1663//1171 1667//1175 1668//1176 1664//1172
f 1664//1172 1668//1176 1666//1177 1662//1173
f 1665//1174 1669//1178 1671//1179 1667//1175
f 1667//1175 1671//1179 1672//1180 1668//1176
f 1668//1176 1672//1180 1670//1181 1666//1177
f 1669//1178 1673//1182 1675//1183 1671//1179
f 1671//1179 1675//1183 1676//1184 1672//1180
f 1672//1180 1676//1184 1674//1185 1670//1181
f 1673//1182 1677//1186 1679//1187 1675//1183
f 1675//1183 1679//1187 1680//1188 1676//1184
f 1676//1184 1680//1188 1678//1189 1674//1185
f 1677//1186 1681//1190 1683//1191 1679//1187
f 1679//1187 1683//1191 1684//1192 1680//1188
f 1680//1188 1684//1192 1682//1193 1678//1189
f 1681//1190 1685//967 1687//968 1683//1191
f 1683//1191 1687//968 1688//969 1684//1192
f 1684//1192 1688//969 1686//971 1682//1193
f 1685//967 1689//967 1691//968 1687//968
f 1687//968 1691//968 1692//969 1688//969
f 1688//969 1692//969 1690//971 1686//971
f 1689//967 1693//967 1695//968 1691//968
f 1691//968 1695//968 1696//969 1692//969
f 1692//969 1696//969 1694//971 1690//971
f 1693//967 1697//967 1699//968 1695//968
f 1695//968 1699//968 1700//969 1696//969
f 1696//969 1700//969 1698//971 1694//971
f 1697//967 1701//967 1703//968 1699//968
f 1699//968 1703//968 1704//969 1700//969
f 1700//969 1704//969 1702//971 1698//971
f 1701//967 1705//967 1707//968 1703//968
f 1703//968 1707//968 1708//969 1704//969
f 1704//969 1708//969 1706//971 1702//971
f 1705//967 1709//967 1711//968 1707//968
f 1707//968 1711//968 1712//969 1708//969
f 1708//969 1712//969 1710//971 1706//971
f 1709//967 1713//967 1715//968 1711//968
f 1711//968 1715//968 1716//969 1712//969
f 1712//969 1716//969 1714//971 1710//971
f 1713//967 1717//1194 1719//1195 1715//968
f 1715//968 1719//1195 1720//1196 1716//969
f 1716//969 1720//1196 1718//1197 1714//971
f 1717//1194 1721//1198 1723//1199 1719//1195
f 1719//1195 1723//1199 1724//1200 1720//1196
f 1720//1196 1724//1200 1722//1201 1718//1197
f 1721//1198 1725//1202 1727//1203 1723//1199
f 1723//1199 1727//1203 1728//1204 1724//1200
f 1724//1200 1728//1204 1726//1205 1722//1201
f 1725//1202 1729//1206 1731//1207 1727//1203
f 1727//1203 1731//1207 1732//1208 1728//1204
f 1728//1204 1732//1208 1730//1209 1726//1205
f 1729//1206 1733//1210 1735//1211 1731//1207
f 1731//1207 1735//1211 1736//1212 1732//1208
f 1732//1208 1736//1212 1734//1213 1730//1209
f 1733//1210 1737//1214 1739//1215 1735//1211
f 1735//1211 1739//1215 1740//1216 1736//1212
f 1736//1212 1740//1216 1738//1217 1734//1213
f 1737//1214 1741//1218 1743//1219 1739//1215
f 1739//1215 1743//1219 1744//1220 1740//1216
f 1740//1216 1744//1220 1742//1221 1738//1217
f 1741//1218 1745//1222 1747//1223 1743//1219
f 1743//1219 1747//1223 1748//1224 1744//1220
f 1744//1220 1748//1224 1746//1225 1742//1221
f 1745//1222 1749//967 1751//968 1747//1223
f 1747//1223 1751//968 1752//969 1748//1224
f 1748//1224 1752//969 1750//971 1746//1225
f 1749//967 1753//967 1755//968 1751//968
f 1751//968 1755//968 1756//969 1752//969
f 1752//969 1756//969 1754//971 1750//971
f 1753//967 1757//967 1759//968 1755//968
f 1755//968 1759//968 1760//969 1756//969
f 1756//969 1760//969 1758//971 1754//971
f 1757//967 1761//967 1763//968 1759//968
f 1759//968 1763//968 1764//969 1760//969
f 1760//969 1764//969 1762//971 1758//971
f 1761//967 1765//967 1767//968 1763//968
f 1763//968 1767//968 1768//969 1764//969
f 1764//969 1768//969 1766//971 1762//971
f 1765//967 1769//967 1771//968 1767//968
f 1767//968 1771//968 1772//969 1768//969
f 1768//969 1772//969 1770//971 1766//971
f 1769//967 1773//967 1775//968 1771//968
f 1771//968 1775//968 1776//969 1772//969
f 1772//969 1776//969 1774//971 1770//971
f 1773//967 1777//967 1779//968 1775//968
f 1775//968 1779//968 1780//969 1776//969
f 1776//969 1780//969 1778//971 1774//971
f 1777//967 1781//967 1783//968 1779//968
f 1779//968 1783//968 1784//969 1780//969
f 1780//969 1784//969 1782//971 1778//971
f 1781//967 1785//967 1787//968 1783//968
f 1783//968 1787//968 1788//969 1784//969
f 1784//969 1788//969 1786//971 1782//971
f 1785//967 1789//967 1791//968 1787//968
f 1787//968 1791//968 1792//969 1788//969
f 1788//969 1792//969 1790//971 1786//971
f 1789//967 1793//967 1795//968 1791//968
f 1791//968 1795//968 1796//969 1792//969
f 1792//969 1796//969 1794//971 1790//971
f 1793//967 1797//1226 1799//1227 1795//968
f 1795//968 1799//1227 1800//1228 1796//969
f 1796//969 1800//1228 1798//1229 1794//971
f 1797//1226 1801//1230 1803//1231 1799//1227
f 1799//1227 1803//1231 1804//1232 1800//1228
f 1800//1228 1804//1232 1802//1233 1798//1229
f 1801//1230 1805//1234 1807//1235 1803//1231
f 1803//1231 1807//1235 1808//1236 1804//1232
f 1804//1232 1808//1236 1806//1237 1802//1233
f 1805//1234 1809//1238 1811//1239 1807//1235
f 1807//1235 1811//1239 1812//1240 1808//1236
f 1808//1236 1812//1240 1810//1241 1806//1237
f 1809//1238 1813//1242 1815//1243 1811//1239
f 1811//1239 1815//1243 1816//1244 1812//1240
f 1812//1240 1816//1244 1814//1245 1810//1241
f 1813//1242 1817//1246 1819//1247 1815//1243
f 1815//1243 1819//1247 1820//1248 1816//1244
f 1816//1244 1820//1248 1818//1249 1814//1245
f 1817//1246 1821//1250 1823//1251 1819//1247
f 1819//1247 1823//1251 1824//1252 1820//1248
f 1820//1248 1824//1252 1822//1253 1818//1249
f 1821//1250 1825//1254 1827//1255 1823//1251
f 1823//1251 1827//1255 1828//1256 1824//1252
f 1824//1252 1828//1256 1826//1257 1822//1253
f 1825//1254 1829//1258 1831//1259 1827//1255
f 1827//1255 1831//1259 1832//1260 1828//1256
f 1828//1256 1832//1260 1830//1261 1826//1257
f 1829//1258 1833//1262 1835//1263 1831//1259
f 1831//1259 1835//1263 1836//1264 1832//1260
f 1832//1260 1836//1264 1834//1265 1830//1261
f 1833//1262 1837//1266 1839//1267 1835//1263
f 1835//1263 1839//1267 1840//1268 1836//1264
f 1836//1264 1840//1268 1838//1269 1834//1265
f 1837//1266 1841//1270 1843//1271 1839//1267
f 1839//1267 1843//1271 1844//1272 1840//1268
f 1840//1268 1844//1272 1842//1273 1838//1269
f 1841//1270 1845//1274 1847//1275 1843//1271
f 1843//1271 1847//1275 1848//1276 1844//1272
f 1844//1272 1848//1276 1846//1277 1842//1273
f 1845//1274 1849//1274 1851//1275 1847//1275
f 1847//1275 1851//1275 1852//1276 1848//1276
f 1848//1276 1852//1276 1850//1277 1846//1277
f 1849//1274 1853//1274 1855//1275 1851//1275
f 1851//1275 1855//1275 1856//1276 1852//1276
f 1852//1276 1856//1276 1854//1277 1850//1277
f 1853//1274 1857//1274 1859//1275 1855//1275
f 1855//1275 1859//1275 1860//1276 1856//1276
f 1856//1276 1860//1276 1858//1277 1854//1277
f 1857//1274 1861//1278 1863//1279 1859//1275
f 1859//1275 1863//1279 1864//1280 1860//1276
f 1860//1276 1864//1280 1862//1281 1858//1277
f 1861//1278 1865//1282 1867//1283 1863//1279
f 1863//1279 1867//1283 1868//1284 1864//1280
f 1864//1280 1868//1284 1866//1285 1862//1281
f 1865//1282 1869//1286 1871//1287 1867//1283
f 1867//1283 1871//1287 1872//1288 1868//1284
f 1868//1284 1872//1288 1870//1289 1866//1285
f 1869//1286 1873//1290 1875//1291 1871//1287
f 1871//1287 1875//1291 1876//1292 1872//1288
f 1872//1288 1876//1292 1874//1293 1870//1289
f 1873//1290 1877//1294 1879//1295 1875//1291
f 1875//1291 1879//1295 1880//1296 1876//1292
f 1876//1292 1880//1296 1878//1297 1874//1293
f 1877//1294 1881//1294 1883//1295 1879//1295
f 1879//1295 1883//1295 1884//1296 1880//1296
f 1880//1296 1884//1296 1882//1297 1878//1297
f 1881//1294 1885//1294 1887//1295 1883//1295
f 1883//1295 1887//1295 1888//1296 1884//1296
f 1884//1296 1888//1296 1886//1297 1882//1297
f 1885//1294 1889//1294 1891//1295 1887//1295
f 1887//1295 1891//1295 1892//1296 1888//1296
f 1888//1296 1892//1296 1890//1297 1886//1297
f 1889//1294 1893//1298 1895//1299 1891//1295
f 1891//1295 1895//1299 1896//1300 1892//1296
f 1892//1296 1896//1300 1894//1301 1890//1297
f 1893//1298 1897//1302 1899//1303 1895//1299
f 1895//1299 1899//1303 1900//1304 1896//1300
f 1896//1300 1900//1304 1898//1305 1894//1301
f 1897//1302 1901//1306 1903//1307 1899//1303
f 1899//1303 1903//1307 1904//1308 1900//1304
f 1900//1304 1904//1308 1902//1309 1898//1305
f 1901//1306 1905//1310 1907//1311 1903//1307
f 1903//1307 1907//1311 1908//1312 1904//1308
f 1904//1308 1908//1312 1906//1313 1902//1309
f 1905//1310 1909//1274 1911//1275 1907//1311
f 1907//1311 1911//1275 1912//1276 1908//1312
f 1908//1312 1912//1276 1910//1277 1906//1313
f 1909//1274 1913//1274 1915//1275 1911//1275
f 1911//1275 1915//1275 1916//1276 1912//1276
f 1912//1276 1916//1276 1914//1277 1910//1277
f 1913//1274 1917//1274 1919//1275 1915//1275
f 1915//1275 1919//1275 1920//1276 1916//1276
f 1916//1276 1920//1276 1918//1277 1914//1277
f 1917//1274 1921//1274 1923//1275 1919//1275
f 1919//1275 1923//1275 1924//1276 1920//1276
f 1920//1276 1924//1276 1922//1277 1918//1277
f 1921//1274 1925//1274 1927//1275 1923//1275
f 1923//1275 1927//1275 1928//1276 1924//1276
f 1924//1276 1928//1276 1926//1277 1922//1277
f 1925//1274 1929//1274 1931//1275 1927//1275
f 1927//1275 1931//1275 1932//1276 1928//1276
f 1928//1276 1932//1276 1930//1277 1926//1277
f 1929//1274 1933//1274 1935//1275 1931//1275
f 1931//1275 1935//1275 1936//1276 1932//1276
f 1932//1276 1936//1276 1934//1277 1930//1277
f 1933//1274 1937//1274 1939//1314 1935//1275
f 1935//1275 1939//1314 1940//1315 1936//1276
f 1936//1276 1940//1315 1938//1277 1934//1277
f 1937//1274 1941//1316 1943//1317 1939//1314
f 1939//1314 1943//1317 1944//1318 1940//1315
f 1940//1315 1944//1318 1942//1319 1938//1277
f 1941//1316 1945//1320 1947//1321 1943//1317
f 1943//1317 1947//1321 1948//1322 1944//1318
f 1944//1318 1948//1322 1946//1323 1942//1319
f 1945//1320 1949//1324 1951//1325 1947//1321
f 1947//1321 1951//1325 1952//1326 1948//1322
f 1948//1322 1952//1326 1950//1327 1946//1323
f 1949//1324 1953//1328 1955//1329 1951//1325
f 1951//1325 1955//1329 1956//1330 1952//1326
f 1952//1326 1956//1330 1954//1331 1950//1327
f 1953//1328 1957//1078 1959//1079 1955//1329
f 1955//1329 1959//1079 1960//1080 1956//1330
f 1956//1330 1960//1080 1958//1081 1954//1331
f 1957//1078 1961//1078 1963//1079 1959//1079
f 1959//1079 1963//1079 1964//1080 1960//1080
f 1960//1080 1964//1080 1962//1332 1958//1081
f 1961//1078 1965//1078 1967//1079 1963//1079
f 1963//1079 1967//1079 1968//1080 1964//1080
f 1964//1080 1968//1080 1966//1332 1962//1332
f 1965//1078 1969//1078 1971//1079 1967//1079
f 1967//1079 1971//1079 1972//1080 1968//1080
f 1968//1080 1972//1080 1970//1332 1966//1332
f 1969//1078 1973//1333 1975//1334 1971//1079
f 1971//1079 1975//1334 1976//1335 1972//1080
f 1972//1080 1976//1335 1974//1336 1970//1332
f 1973//1333 1977//1337 1979//1338 1975//1334
f 1975//1334 1979//1338 1980//1339 1976//1335
f 1976//1335 1980//1339 1978//1340 1974//1336
f 1977//1337 1981//1341 1983//1342 1979//1338
f 1979//1338 1983//1342 1984//1343 1980//1339
f 1980//1339 1984//1343 1982//1344 1978//1340
f 1981//1341 1985//1345 1987//1346 1983//1342
f 1983//1342 1987//1346 1988//1347 1984//1343
f 1984//1343 1988//1347 1986//1348 1982//1344
f 1985//1345 1989//1349 1991//1350 1987//1346
f 1987//1346 1991//1350 1992//1351 1988//1347
f 1988//1347 1992//1351 1990//1352 1986//1348
f 1989//1349 1993//1353 1995//1354 1991//1350
f 1991//1350 1995//1354 1996//1355 1992//1351
f 1992//1351 1996//1355 1994//1356 1990//1352
f 1993//1353 1997//1357 1999//1358 1995//1354
f 1995//1354 1999//1358 2000//1359 1996//1355
f 1996//1355 2000//1359 1998//1360 1994//1356
f 1997//1357 2001//1361 2003//1362 1999//1358
f 1999//1358 2003//1362 2004//1363 2000//1359
f 2000//1359 2004//1363 2002//1364 1998//1360
f 2001//1361 2005//1365 2007//1366 2003//1362
f 2003//1362 2007//1366 2008//1367 2004//1363
f 2004//1363 2008//1367 2006//1368 2002//1364
f 2005//1365 2009//1369 2011//1370 2007//1366
f 2007//1366 2011//1370 2012//1371 2008//1367
f 2008//1367 2012//1371 2010//1372 2006//1368
f 2009//1369 2013//1373 2015//1374 2011//1370
f 2011//1370 2015//1374 2016//1375 2012//1371
f 2012//1371 2016//1375 2014//1376 2010//1372
f 2013//1373 2017//1377 2019//1378 2015//1374
f 2015//1374 2019//1378 2020//1379 2016//1375
f 2016//1375 2020//1379 2018//1380 2014//1376
f 2017//1377 2021//1381 2023//1382 2019//1378
f 2019//1378 2023//1382 2024//1383 2020//1379
f 2020//1379 2024//1383 2022//1384 2018//1380
f 2021//1381 2025//1385 2027//1386 2023//1382
f 2023//1382 2027//1386 2028//1387 2024//1383
f 2024//1383 2028//1387 2026//1388 2022//1384
f 2025//1385 2029//1389 2031//1390 2027//1386
f 2027//1386 2031//1390 2032//1391 2028//1387
f 2028//1387 2032//1391 2030//1392 2026//1388
f 2029//1389 2033//1393 2035//1394 2031//1390
f 2031//1390 2035//1394 2036//1395 2032//1391
f 2032//1391 2036//1395 2034//1396 2030//1392
f 2033//1393 2037//1397 2039//1398 2035//1394
f 2035//1394 2039//1398 2040//1399 2036//1395
f 2036//1395 2040//1399 2038//1400 2034//1396
f 2037//1397 2041//1401 2043//1402 2039//1398
f 2039//1398 2043//1402 2044//1403 2040//1399
f 2040//1399 2044//1403 2042//1404 2038//1400
f 2041//1401 2045//1405 2047//1406 2043//1402
f 2043//1402 2047//1406 2048//1407 2044//1403
f 2044//1403 2048//1407 2046//1408 2042//1404
f 2045//1405 2049//1409 2051//1410 2047//1406
f 2047//1406 2051//1410 2052//1411 2048//1407
f 2048//1407 2052//1411 2050//1412 2046//1408
f 2049//1409 2053//1413 2055//1414 2051//1410
f 2051//1410 2055//1414 2056//1415 2052//1411
f 2052//1411 2056//1415 2054//1416 2050//1412
f 2053//1413 2057//1417 2059//1418 2055//1414
f 2055//1414 2059//1418 2060//1419 2056//1415
f 2056//1415 2060//1419 2058//1420 2054//1416
f 2057//1417 2061//1421 2063//1422 2059//1418
f 2059//1418 2063//1422 2064//1423 2060//1419
f 2060//1419 2064//1423 2062//1424 2058//1420
f 2061//1421 2065//1425 2067//1426 2063//1422
f 2063//1422 2067//1426 2068//1427 2064//1423
f 2064//1423 2068//1427 2066//1428 2062//1424
f 2065//1425 2069//1429 2071//1430 2067//1426
f 2067//1426 2071//1430 2072//1431 2068//1427
f 2068//1427 2072//1431 2070//1432 2066//1428
f 2069//1429 2073//1433 2075//1434 2071//1430
f 2071//1430 2075//1434 2076//1435 2072//1431
f 2072//1431 2076//1435 2074//1436 2070//1432
f 2073//1433 2077//1437 2079//1438 2075//1434
f 2075//1434 2079//1438 2080//1439 2076//1435
f 2076//1435 2080//1439 2078//1440 2074//1436
f 2077//1437 2081//1441 2083//1442 2079//1438
f 2079//1438 2083//1442 2084//1443 2080//1439
f 2080//1439 2084//1443 2082//1444 2078//1440
f 2081//1441 2085//1445 2087//1446 2083//1442
f 2083//1442 2087//1446 2088//1447 2084//1443
f 2084//1443 2088//1447 2086//1448 2082//1444
f 2085//1445 2089//1449 2091//1450 2087//1446
f 2087//1446 2091//1450 2092//1451 2088//1447
f 2088//1447 2092//1451 2090//1452 2086//1448
f 2089//1449 2093//1453 2095//1454 2091//1450
f 2091//1450 2095//1454 2096//1455 2092//1451
f 2092//1451 2096//1455 2094//1456 2090//1452
f 2093//1453 2097//1457 2099//1458 2095//1454
f 2095//1454 2099//1458 2100//1459 2096//1455
f 2096//1455 2100//1459 2098//1460 2094//1456
f 2097//1457 2101//1461 2103//1462 2099//1458
f 2099//1458 2103//1462 2104//1463 2100//1459
f 2100//1459 2104//1463 2102//1464 2098//1460
f 2101//1461 2105//1465 2107//1466 2103//1462
f 2103//1462 2107//1466 2108//1467 2104//1463
f 2104//1463 2108//1467 2106//1468 2102//1464
f 2105//1465 2109//1469 2111//1470 2107//1466
f 2107//1466 2111//1470 2112//1471 2108//1467
f 2108//1467 2112//1471 2110//1472 2106//1468
f 2109//1469 2113//1473 2115//1474 2111//1470
f 2111//1470 2115//1474 2116//1475 2112//1471
f 2112//1471 2116//1475 2114//1476 2110//1472
f 2113//1473 2117//1477 2119//1478 2115//1474
f 2115//1474 2119//1478 2120//1479 2116//1475
f 2116//1475 2120//1479 2118//1480 2114//1476
f 2117//1477 2121//1481 2123//1482 2119//1478
f 2119//1478 2123//1482 2124//1483 2120//1479
f 2120//1479 2124//1483 2122//1484 2118//1480
f 2121//1481 2125//1485 2127//1486 2123//1482
f 2123//1482 2127//1486 2128//1487 2124//1483
f 2124//1483 2128//1487 2126//1488 2122//1484
f 2125//1485 2129//1489 2131//1490 2127//1486
f 2127//1486 2131//1490 2132//1491 2128//1487
f 2128//1487 2132//1491 2130//1492 2126//1488
f 2129//1489 2133//1493 2135//1494 2131//1490
f 2131//1490 2135//1494 2136//1495 2132//1491
f 2132//1491 2136//1495 2134//1496 2130//1492
f 2133//1493 2137//1497 2139//1498 2135//1494
f 2135//1494 2139//1498 2140//1499 2136//1495
f 2136//1495 2140//1499 2138//1500 2134//1496
f 2137//1497 2141//1501 2143//1502 2139//1498
f 2139//1498 2143//1502 2144//1503 2140//1499
f 2140//1499 2144//1503 2142//1504 2138//1500
f 2141//1501 2145//1505 2147//1506 2143//1502
f 2143//1502 2147//1506 2148//1507 2144//1503
f 2144//1503 2148//1507 2146//1508 2142//1504
f 2145//1505 2149//1509 2151//1510 2147//1506
f 2147//1506 2151//1510 2152//1511 2148//1507
f 2148//1507 2152//1511 2150//1512 2146//1508
f 2149//1509 2153//1513 2155//1514 2151//1510
f 2151//1510 2155//1514 2156//1515 2152//1511
f 2152//1511 2156//1515 2154//1516 2150//1512
f 2153//1513 2157//1517 2159//1518 2155//1514
f 2155//1514 2159//1518 2160//1519 2156//1515
f 2156//1515 2160//1519 2158//1520 2154//1516
f 2157//1517 2161//1521 2163//1522 2159//1518
f 2159//1518 2163//1522 2164//1523 2160//1519
f 2160//1519 2164//1523 2162//1524 2158//1520
f 2161//1521 2165//1525 2167//1526 2163//1522
f 2163//1522 2167//1526 2168//1527 2164//1523
f 2164//1523 2168//1527 2166//1528 2162//1524
f 2165//1525 2169//1529 2171//1530 2167//1526
f 2167//1526 2171//1530 2172//1531 2168//1527
f 2168//1527 2172//1531 2170//1532 2166//1528
f 2169//1529 2174//767 2176//770 2171//1530
f 2171//1530 2176//770 2175//772 2172//1531
f 2172//1531 2175//772 2173//774 2170//1532
f 1//2 1118//1 2173//774 1122//773
f 2178//1533 3//7 9//12 2181//1533 2182//1533 2177//1533
f 2179//1533 87//64 2180//1533
f 2184//1533 1117//8 3//7 2188//1533 2183//1533
f 2185//1533 99//72 2187//1533 2186//1533
f 3//7 2178//1533 2189//1533
f 2190//1533 2180//1533 87//64 93//68 2191//1533
f 3//7 2189//1533 2188//1533
f 2191//1533 93//68 99//72 2185//1533
f 8//9 1//2 1122//773 1126//778
f 15//16 63//48 9//12
f 2193//1533 2192//1533 9//12 63//48 69//52 2194//1533
f 9//12 2192//1533 2195//1533
f 2196//1533 2194//1533 69//52 75//56 2197//1533
f 9//12 2195//1533 2199//1533
f 2200//1533 2197//1533 75//56 81//60 2198//1533
f 9//12 2199//1533 2181//1533
f 2198//1533 81//60 87//64 2179//1533 2201//1533
f 13//13 8//9 1126//778 1130//782
f 21//20 39//32 15//16
f 39//32 45//36 15//16
f 15//16 45//36 51//40
f 15//16 51//40 57//44
f 15//16 57//44 63//48
f 20//17 13//13 1130//782 1134//786
f 21//20 27//24 33//28
f 39//32 21//20 33//28
f 25//21 20//17 1134//786 1138//790
f 31//25 25//21 1138//790 1142//794
f 37//29 31//25 1142//794 1146//798
f 43//33 37//29 1146//798 1150//802
f 50//37 43//33 1150//802 1154//806
f 55//41 50//37 1154//806 1158//810
f 62//45 55//41 1158//810 1162//814
f 67//49 62//45 1162//814 1166//818
f 74//53 67//49 1166//818 1170//822
f 79//57 74//53 1170//822 1174//826
f 85//61 79//57 1174//826 1178//830
f 92//65 85//61 1178//830 1182//834
f 98//69 92//65 1182//834 1186//838
f 1117//8 2184//1533 2203//1533
f 2187//1533 99//72 105//76 2202//1533 2204//1533
f 104//73 98//69 1186//838 1190//842
f 1114//766 2206//1533 2207//1533
f 2209//1533 2208//1533 105//76 111//80 2205//1533
f 2206//1533 1114//766 1117//8 2203//1533 2210//1533
f 2202//1533 105//76 2208//1533
f 109//77 104//73 1190//842 1194//846
f 1038//690 111//80 117//84
f 2221//1533 2222//1533 2219//1533 2220//1533 2223//1533 2224//1533 2232//1533 2231//1533 2230//1533 2225//1533 2226//1533 2229//1533 2228//1533 2227//1533 2205//1533 111//80 1038//690 2211//1533 2213//1533 2212//1533 2214//1533 2215//1533 2216//1533 2217//1533
f 1114//766 2207//1533 2218//1533
f 115//81 109//77 1194//846 1198//850
f 1034//686 117//84 123//88
f 1034//686 1038//690 117//84
f 122//85 115//81 1198//850 1202//854
f 1030//682 123//88 129//92
f 1030//682 1034//686 123//88
f 128//89 122//85 1202//854 1206//858
f 1026//678 129//92 135//96
f 1026//678 1030//682 129//92
f 133//93 128//89 1206//858 1210//862
f 1022//674 135//96 141//100
f 1022//674 1026//678 135//96
f 139//97 133//93 1210//862 1214//866
f 1018//670 141//100 147//104
f 1018//670 1022//674 141//100
f 146//101 139//97 1214//866 1218//870
f 147//104 153//108 1010//662
f 1010//662 1014//666 147//104
f 1014//666 1018//670 147//104
f 152//105 146//101 1218//870 1222//874
f 153//108 159//112 1006//658
f 1006//658 1010//662 153//108
f 158//109 152//105 1222//874 1226//878
f 159//112 165//116 1006//658
f 163//113 158//109 1226//878 1230//882
f 165//116 171//120 1002//654
f 1006//658 165//116 1002//654
f 170//117 163//113 1230//882 1234//886
f 171//120 177//124 1002//654
f 175//121 170//117 1234//886 1238//890
f 177//124 183//128 230//172
f 994//646 177//124 230//172
f 998//650 1002//654 177//124
f 994//646 998//650 177//124
f 181//125 175//121 1238//890 1242//894
f 183//128 189//132 230//172
f 187//129 181//125 1242//894 1246//898
f 189//132 194//136 226//168
f 226//168 230//172 189//132
f 193//133 187//129 1246//898 1250//902
f 194//136 198//140 202//144
f 202//144 206//148 194//136
f 206//148 210//152 194//136
f 194//136 210//152 218//160
f 218//160 222//164 194//136
f 222//164 226//168 194//136
f 197//137 193//133 1250//902 1254//906
f 201//141 197//137 1254//906 1258//910
f 205//145 201//141 1258//910 1262//914
f 209//149 205//145 1262//914 1266//918
f 218//160 210//152 214//156
f 213//153 209//149 1266//918 1270//922
f 217//157 213//153 1270//922 1274//926
f 221//161 217//157 1274//926 1278//930
f 225//165 221//161 1278//930 1282//934
f 229//169 225//165 1282//934 1286//938
f 230//172 234//176 942//594
f 942//594 946//598 230//172
f 230//172 946//598 994//646
f 233//173 229//169 1286//938 1290//942
f 234//176 238//180 942//594
f 237//177 233//173 1290//942 1294//946
f 238//180 242//184 938//590
f 238//180 938//590 942//594
f 241//181 237//177 1294//946 1298//950
f 242//184 246//188 934//586
f 934//586 938//590 242//184
f 245//185 241//181 1298//950 1302//954
f 246//188 250//192 586//387
f 930//582 934//586 246//188
f 930//582 246//188 586//387
f 249//189 245//185 1302//954 1306//958
f 250//192 254//196 586//387
f 253//193 249//189 1306//958 1310//962
f 254//196 258//200 582//383
f 586//387 254//196 582//383
f 257//197 253//193 1310//962 1314//966
f 258//200 262//204 574//375
f 578//379 258//200 574//375
f 582//383 258//200 578//379
f 261//201 257//197 1314//966 1318//970
f 262//204 266//204 570//371
f 570//371 574//375 262//204
f 265//201 261//201 1318//970 1322//970
f 266//204 270//204 566//367
f 566//367 570//371 266//204
f 269//201 265//201 1322//970 1326//970
f 270//204 274//204 562//363
f 270//204 562//363 566//367
f 273//205 269//201 1326//970 1330//971
f 274//204 278//209 562//363
f 277//206 273//205 1330//971 1334//975
f 278//209 282//213 558//359
f 278//209 558//359 562//363
f 281//210 277//206 1334//975 1338//979
f 282//213 286//217 554//355
f 558//359 282//213 554//355
f 285//214 281//210 1338//979 1342//983
f 286//217 290//221 550//351
f 286//217 550//351 554//355
f 289//218 285//214 1342//983 1346//987
f 290//221 294//225 550//351
f 293//222 289//218 1346//987 1350//991
f 294//225 298//225 546//315
f 550//351 294//225 546//315
f 297//222 293//222 1350//991 1354//991
f 298//225 302//225 542//315
f 546//315 298//225 542//315
f 301//222 297//222 1354//991 1358//991
f 538//315 302//225 306//225
f 542//315 302//225 538//315
f 305//222 301//222 1358//991 1362//991
f 306//225 310//225 534//315
f 538//315 306//225 534//315
f 309//222 305//222 1362//991 1366//991
f 310//225 314//225 530//315
f 534//315 310//225 530//315
f 313//222 309//222 1366//991 1370//991
f 314//225 318//225 526//315
f 530//315 314//225 526//315
f 317//222 313//222 1370//991 1374//991
f 318//225 322//225 522//315
f 526//315 318//225 522//315
f 321//222 317//222 1374//991 1378//991
f 322//225 326//231 518//315
f 522//315 322//225 518//315
f 325//228 321//222 1378//991 1382//997
f 326//231 330//235 514//347
f 326//231 514//347 518//315
f 329//232 325//228 1382//997 1386//1001
f 330//235 334//239 510//343
f 514//347 330//235 510//343
f 333//236 329//232 1386//1001 1390//1005
f 334//239 338//243 506//339
f 510//343 334//239 506//339
f 337//240 333//236 1390//1005 1394//1009
f 338//243 342//247 502//335
f 506//339 338//243 502//335
f 341//244 337//240 1394//1009 1398//1013
f 342//247 346//247 498//331
f 502//335 342//247 498//331
f 345//244 341//244 1398//1013 1402//1013
f 346//247 350//247 494//327
f 498//331 346//247 494//327
f 349//244 345//244 1402//1013 1406//1013
f 350//247 354//247 490//323
f 350//247 490//323 494//327
f 353//244 349//244 1406//1013 1410//1013
f 354//247 358//251 486//319
f 490//323 354//247 486//319
f 357//248 353//244 1410//1013 1414//1017
f 358//251 362//255 482//315
f 482//315 486//319 358//251
f 361//252 357//248 1414//1017 1418//1021
f 362//255 366//259 478//315
f 362//255 478//315 482//315
f 365//256 361//252 1418//1021 1422//1025
f 366//259 370//263 474//315
f 366//259 474//315 478//315
f 369//260 365//256 1422//1025 1426//1029
f 370//263 374//225 470//315
f 370//263 470//315 474//315
f 373//222 369//260 1426//1029 1430//991
f 374//225 378//225 466//315
f 374//225 466//315 470//315
f 377//222 373//222 1430//991 1434//991
f 378//225 382//225 462//315
f 378//225 462//315 466//315
f 381//222 377//222 1434//991 1438//991
f 382//225 386//225 458//315
f 462//315 382//225 458//315
f 385//222 381//222 1438//991 1442//991
f 386//225 390//267 454//315
f 458//315 386//225 454//315
f 389//264 385//222 1442//991 1446//1033
f 390//267 394//271 450//315
f 454//315 390//267 450//315
f 393//268 389//264 1446//1033 1450//1037
f 394//271 398//275 446//315
f 446//315 450//315 394//271
f 397//272 393//268 1450//1037 1454//1041
f 398//275 402//279 442//315
f 398//275 442//315 446//315
f 401//276 397//272 1454//1041 1458//1045
f 402//279 406//283 438//315
f 442//315 402//279 438//315
f 405//280 401//276 1458//1045 1462//1049
f 406//283 410//287 434//311
f 438//315 406//283 434//311
f 409//284 405//280 1462//1049 1466//1053
f 410//287 414//291 430//307
f 430//307 434//311 410//287
f 413//288 409//284 1466//1053 1470//1057
f 414//291 418//295 430//307
f 417//292 413//288 1470//1057 1474//1061
f 418//295 422//299 430//307
f 421//296 417//292 1474//1061 1478//1065
f 422//299 426//303 430//307
f 425//300 421//296 1478//1065 1482//1069
f 429//304 425//300 1482//1069 1486//1073
f 433//308 429//304 1486//1073 1490//1077
f 437//312 433//308 1490//1077 1494//1081
f 441//312 437//312 1494//1081 1498//1081
f 445//312 441//312 1498//1081 1502//1081
f 449//312 445//312 1502//1081 1506//1081
f 453//312 449//312 1506//1081 1510//1081
f 457//312 453//312 1510//1081 1514//1081
f 461//312 457//312 1514//1081 1518//1081
f 465//312 461//312 1518//1081 1522//1081
f 469//312 465//312 1522//1081 1526//1081
f 473//312 469//312 1526//1081 1530//1081
f 477//312 473//312 1530//1081 1534//1081
f 481//312 477//312 1534//1081 1538//1081
f 485//316 481//312 1538//1081 1542//1085
f 489//320 485//316 1542//1085 1546//1089
f 493//324 489//320 1546//1089 1550//1093
f 497//328 493//324 1550//1093 1554//1097
f 501//332 497//328 1554//1097 1558//1101
f 505//336 501//332 1558//1101 1562//1105
f 509//340 505//336 1562//1105 1566//1109
f 513//344 509//340 1566//1109 1570//1113
f 517//312 513//344 1570//1113 1574//1081
f 521//312 517//312 1574//1081 1578//1081
f 525//312 521//312 1578//1081 1582//1081
f 529//312 525//312 1582//1081 1586//1081
f 533//312 529//312 1586//1081 1590//1081
f 537//312 533//312 1590//1081 1594//1081
f 541//312 537//312 1594//1081 1598//1081
f 545//312 541//312 1598//1081 1602//1081
f 549//348 545//312 1602//1081 1606//1117
f 553//352 549//348 1606//1117 1610//1121
f 557//356 553//352 1610//1121 1614//1125
f 561//360 557//356 1614//1125 1618//1129
f 565//364 561//360 1618//1129 1622//1133
f 569//368 565//364 1622//1133 1626//1137
f 573//372 569//368 1626//1137 1630//1141
f 577//376 573//372 1630//1141 1634//1145
f 581//380 577//376 1634//1145 1638//1149
f 585//384 581//380 1638//1149 1642//1153
f 930//582 586//387 590//391
f 589//388 585//384 1642//1153 1646//1157
f 922//574 590//391 594//395
f 926//578 930//582 590//391
f 922//574 926//578 590//391
f 593//392 589//388 1646//1157 1650//1161
f 918//570 594//395 598//399
f 918//570 922//574 594//395
f 597//396 593//392 1650//1161 1654//1165
f 918//570 598//399 602//403
f 601//400 597//396 1654//1165 1658//1169
f 914//315 602//403 606//407
f 914//315 918//570 602//403
f 605//404 601//400 1658//1169 1662//1173
f 606//407 610//411 910//315
f 910//315 914//315 606//407
f 609//408 605//404 1662//1173 1666//1177
f 614//415 906//315 610//411
f 906//315 910//315 610//411
f 613//412 609//408 1666//1177 1670//1181
f 618//419 898//565 614//415
f 898//565 902//315 614//415
f 902//315 906//315 614//415
f 617//416 613//412 1670//1181 1674//1185
f 894//561 618//419 622//423
f 894//561 898//565 618//419
f 621//420 617//416 1674//1185 1678//1189
f 626//427 890//557 622//423
f 890//557 894//561 622//423
f 625//424 621//420 1678//1189 1682//1193
f 882//511 626//427 630//204
f 886//553 890//557 626//427
f 882//511 886//553 626//427
f 629//205 625//424 1682//1193 1686//971
f 634//204 878//511 630//204
f 878//511 882//511 630//204
f 633//205 629//205 1686//971 1690//971
f 874//511 634//204 638//204
f 874//511 878//511 634//204
f 637//205 633//205 1690//971 1694//971
f 870//511 638//204 642//204
f 638//204 870//511 874//511
f 641//205 637//205 1694//971 1698//971
f 866//511 642//204 646//204
f 870//511 642//204 866//511
f 645//205 641//205 1698//971 1702//971
f 862//511 646//204 650//204
f 862//511 866//511 646//204
f 649//205 645//205 1702//971 1706//971
f 858//511 650//204 654//204
f 858//511 862//511 650//204
f 653//205 649//205 1706//971 1710//971
f 854//511 654//204 658//204
f 854//511 858//511 654//204
f 657//205 653//205 1710//971 1714//971
f 662//431 850//547 658//204
f 850//547 854//511 658//204
f 661//428 657//205 1714//971 1718//1197
f 846//543 662//431 666//435
f 846//543 850//547 662//431
f 665//432 661//428 1718//1197 1722//1201
f 842//539 666//435 670//439
f 842//539 846//543 666//435
f 669//436 665//432 1722//1201 1726//1205
f 838//535 670//439 674//443
f 838//535 842//539 670//439
f 673//440 669//436 1726//1205 1730//1209
f 834//531 674//443 678//447
f 834//531 838//535 674//443
f 677//444 673//440 1730//1209 1734//1213
f 830//531 678//447 682//451
f 830//531 834//531 678//447
f 681//448 677//444 1734//1213 1738//1217
f 686//455 826//531 682//451
f 826//531 830//531 682//451
f 685//452 681//448 1738//1217 1742//1221
f 822//531 686//455 690//459
f 822//531 826//531 686//455
f 689//456 685//452 1742//1221 1746//1225
f 694//204 818//527 690//459
f 818//527 822//531 690//459
f 693//205 689//456 1746//1225 1750//971
f 698//204 814//523 694//204
f 814//523 818//527 694//204
f 697//205 693//205 1750//971 1754//971
f 702//204 810//519 698//204
f 810//519 814//523 698//204
f 701//205 697//205 1754//971 1758//971
f 706//204 806//515 702//204
f 806//515 810//519 702//204
f 705//205 701//205 1758//971 1762//971
f 710//204 802//511 706//204
f 802//511 806//515 706//204
f 709//205 705//205 1762//971 1766//971
f 714//204 798//511 710//204
f 798//511 802//511 710//204
f 713//205 709//205 1766//971 1770//971
f 718//204 794//511 714//204
f 794//511 798//511 714//204
f 717//205 713//205 1770//971 1774//971
f 722//204 790//511 718//204
f 790//511 794//511 718//204
f 721//205 717//205 1774//971 1778//971
f 726//204 786//507 722//204
f 786//507 790//511 722//204
f 725//205 721//205 1778//971 1782//971
f 782//503 726//204 730//204
f 782//503 786//507 726//204
f 729//205 725//205 1782//971 1786//971
f 734//204 778//499 730//204
f 782//503 730//204 778//499
f 733//205 729//205 1786//971 1790//971
f 774//495 734//204 738//204
f 774//495 778//499 734//204
f 737//205 733//205 1790//971 1794//971
f 738//204 742//463 770//491
f 770//491 774//495 738//204
f 741//460 737//205 1794//971 1798//1229
f 742//463 746//467 766//487
f 766//487 770//491 742//463
f 745//464 741//460 1798//1229 1802//1233
f 750//471 754//475 746//467
f 758//479 762//483 746//467
f 762//483 766//487 746//467
f 754//475 758//479 746//467
f 749//468 745//464 1802//1233 1806//1237
f 753//472 749//468 1806//1237 1810//1241
f 757//476 753//472 1810//1241 1814//1245
f 761//480 757//476 1814//1245 1818//1249
f 765//484 761//480 1818//1249 1822//1253
f 769//488 765//484 1822//1253 1826//1257
f 773//492 769//488 1826//1257 1830//1261
f 777//496 773//492 1830//1261 1834//1265
f 781//500 777//496 1834//1265 1838//1269
f 785//504 781//500 1838//1269 1842//1273
f 789//508 785//504 1842//1273 1846//1277
f 793//508 789//508 1846//1277 1850//1277
f 797//508 793//508 1850//1277 1854//1277
f 801//508 797//508 1854//1277 1858//1277
f 805//512 801//508 1858//1277 1862//1281
f 809//516 805//512 1862//1281 1866//1285
f 813//520 809//516 1866//1285 1870//1289
f 817//524 813//520 1870//1289 1874//1293
f 821//528 817//524 1874//1293 1878//1297
f 825//528 821//528 1878//1297 1882//1297
f 829//528 825//528 1882//1297 1886//1297
f 833//528 829//528 1886//1297 1890//1297
f 837//532 833//528 1890//1297 1894//1301
f 841//536 837//532 1894//1301 1898//1305
f 845//540 841//536 1898//1305 1902//1309
f 849//544 845//540 1902//1309 1906//1313
f 853//508 849//544 1906//1313 1910//1277
f 857//508 853//508 1910//1277 1914//1277
f 861//508 857//508 1914//1277 1918//1277
f 865//508 861//508 1918//1277 1922//1277
f 869//508 865//508 1922//1277 1926//1277
f 873//508 869//508 1926//1277 1930//1277
f 877//508 873//508 1930//1277 1934//1277
f 881//508 877//508 1934//1277 1938//1277
f 885//550 881//508 1938//1277 1942//1319
f 889//554 885//550 1942//1319 1946//1323
f 893//558 889//554 1946//1323 1950//1327
f 897//562 893//558 1950//1327 1954//1331
f 901//312 897//562 1954//1331 1958//1081
f 905//566 901//312 1958//1081 1962//1332
f 909//566 905//566 1962//1332 1966//1332
f 913//566 909//566 1966//1332 1970//1332
f 917//567 913//566 1970//1332 1974//1336
f 921//571 917//567 1974//1336 1978//1340
f 925//575 921//571 1978//1340 1982//1344
f 929//579 925//575 1982//1344 1986//1348
f 933//583 929//579 1986//1348 1990//1352
f 937//587 933//583 1990//1352 1994//1356
f 941//591 937//587 1994//1356 1998//1360
f 945//595 941//591 1998//1360 2002//1364
f 950//602 986//638 946//598
f 990//642 994//646 946//598
f 986//638 990//642 946//598
f 949//599 945//595 2002//1364 2006//1368
f 950//602 954//606 982//634
f 982//634 986//638 950//602
f 953//603 949//599 2006//1368 2010//1372
f 954//606 958//610 982//634
f 957//607 953//603 2010//1372 2014//1376
f 958//610 962//614 966//618
f 982//634 958//610 966//618
f 961//611 957//607 2014//1376 2018//1380
f 965//615 961//611 2018//1380 2022//1384
f 966//618 970//622 982//634
f 969//619 965//615 2022//1384 2026//1388
f 970//622 974//626 982//634
f 973//623 969//619 2026//1388 2030//1392
f 974//626 978//630 982//634
f 977//627 973//623 2030//1392 2034//1396
f 981//631 977//627 2034//1396 2038//1400
f 985//635 981//631 2038//1400 2042//1404
f 989//639 985//635 2042//1404 2046//1408
f 993//643 989//639 2046//1408 2050//1412
f 997//647 993//643 2050//1412 2054//1416
f 1001//651 997//647 2054//1416 2058//1420
f 1005//655 1001//651 2058//1420 2062//1424
f 1009//659 1005//655 2062//1424 2066//1428
f 1013//663 1009//659 2066//1428 2070//1432
f 1017//667 1013//663 2070//1432 2074//1436
f 1021//671 1017//667 2074//1436 2078//1440
f 1025//675 1021//671 2078//1440 2082//1444
f 1029//679 1025//675 2082//1444 2086//1448
f 1033//683 1029//679 2086//1448 2090//1452
f 1037//687 1033//683 2090//1452 2094//1456
f 2235//1533 2236//1533 1114//766 2218//1533
f 2233//1533 2211//1533 1038//690 1042//694 2234//1533
f 1041//691 1037//687 2094//1456 2098//1460
f 2238//1533 2240//1533 1110//762 2239//1533
f 1046//698 2237//1533 2241//1533 1042//694
f 2234//1533 1042//694 2241//1533 2242//1533
f 1110//762 1114//766 2236//1533 2239//1533
f 1045//695 1041//691 2098//1460 2102//1464
f 2240//1533 2245//1533 1110//762
f 2243//1533 2237//1533 1046//698 1050//702 2244//1533
f 1049//699 1045//695 2102//1464 2106//1468
f 2246//1533 2247//1533 1106//758
f 1054//706 2249//1533 2248//1533 1050//702
f 2244//1533 1050//702 2248//1533 2250//1533
f 2251//1533 2246//1533 1106//758 1110//762 2245//1533
f 1053//703 1049//699 2106//1468 2110//1472
f 2254//1533 1106//758 2247//1533
f 2252//1533 2249//1533 1054//706 1058//710 2253//1533
f 1057//707 1053//703 2110//1472 2114//1476
f 2254//1533 2255//1533 1106//758
f 1062//714 2256//1533 2253//1533 1058//710
f 1061//711 1057//707 2114//1476 2118//1480
f 2259//1533 1106//758 2255//1533
f 2257//1533 2256//1533 1062//714 1066//718 2258//1533
f 1065//715 1061//711 2118//1480 2122//1484
f 1070//722 1102//754 1066//718
f 2260//1533 2258//1533 1066//718 1102//754 1106//758 2259//1533 2262//1533 2261//1533
f 1069//719 1065//715 2122//1484 2126//1488
f 1074//726 1102//754 1070//722
f 1073//723 1069//719 2126//1488 2130//1492
f 1078//730 1102//754 1074//726
f 1077//727 1073//723 2130//1492 2134//1496
f 1082//734 1102//754 1078//730
f 1081//731 1077//727 2134//1496 2138//1500
f 1098//750 1082//734 1086//738
f 1098//750 1102//754 1082//734
f 1085//735 1081//731 2138//1500 2142//1504
f 1086//738 1090//742 1098//750
f 1089//739 1085//735 2142//1504 2146//1508
f 1090//742 1094//746 1098//750
f 1093//743 1089//739 2146//1508 2150//1512
f 1097//747 1093//743 2150//1512 2154//1516
f 1101//751 1097//747 2154//1516 2158//1520
f 1105//755 1101//751 2158//1520 2162//1524
f 1109//759 1105//755 2162//1524 2166//1528
f 1113//763 1109//759 2166//1528 2170//1532
f 1118//1 1113//763 2170//1532 2173//774
f 2267//1534 1185//835 2265//1534 2266//1534
f 2268//1534 1121//768 2174//767 2264//1534 2263//1534
f 1121//768 2268//1534 2269//1534
f 1185//835 1181//831 2270//1534 2265//1534
f 1177//827 2273//1534 2274//1534
f 2276//1534 2275//1534 1125//775 1121//768 2272//1534 2271//1534
f 1121//768 2269//1534 2272//1534
f 2270//1534 1181//831 1177//827 2274//1534 2277//1534
f 2278//1534 1125//775 2275//1534
f 2273//1534 1177//827 1173//823 2280//1534 2279//1534
f 1129//779 1125//775 1161//811
f 2283//1534 1165//815 1161//811 1125//775 2281//1534 2282//1534
f 1125//775 2284//1534 2281//1534
f 2286//1534 2285//1534 1169//819 1165//815 2283//1534
f 1125//775 2278//1534 2284//1534
f 2280//1534 1173//823 1169//819 2285//1534 2287//1534
f 1129//779 1161//811 1157//807
f 1133//783 1129//779 1145//795
f 1145//795 1129//779 1149//799
f 1129//779 1153//803 1149//799
f 1129//779 1157//807 1153//803
f 1145//795 1141//791 1133//783
f 1133//783 1141//791 1137//787
f 2174//767 2289//1534 2264//1534
f 2288//1534 1189//839 1185//835 2267//1534 2290//1534
f 1189//839 2288//1534 2293//1534
f 2289//1534 2174//767 2169//1529 2292//1534 2291//1534
f 2169//1529 2295//1534 2292//1534
f 2294//1534 1193//843 1189//839 2293//1534 2296//1534
f 2309//1534 2318//1534 2305//1534 2307//1534 2306//1534 2303//1534 2302//1534 2301//1534 2300//1534 2298//1534 2299//1534 2297//1534 2093//1453 1193//843 2294//1534 2312//1534 2313//1534 2314//1534 2311//1534 2310//1534 2315//1534 2316//1534 2317//1534 2308//1534
f 2169//1529 2304//1534 2295//1534
f 2352//1534 1197//847 1193//843 2093//1453 2349//1534 2350//1534 2351//1534 2354//1534 2353//1534
f 2358//1534 1197//847 2352//1534 2359//1534
f 2093//1453 2089//1449 2355//1534 2357//1534 2356//1534 2349//1534
f 2355//1534 2089//1449 2360//1534
f 2361//1534 1201//851 1197//847 2358//1534 2362//1534
f 2366//1534 1201//851 2361//1534 2367//1534
f 2089//1449 2085//1445 2363//1534 2364//1534 2365//1534 2360//1534
f 2085//1445 2368//1534 2363//1534
f 1201//851 2366//1534 2370//1534 2369//1534 1205//855
f 2369//1534 2373//1534 1205//855
f 2368//1534 2085//1445 2081//1441 2371//1534 2372//1534
f 2081//1441 2374//1534 2371//1534
f 1205//855 2373//1534 2376//1534 2375//1534 1209//859
f 2375//1534 2379//1534 1209//859
f 2374//1534 2081//1441 2077//1437 2377//1534 2378//1534
f 2377//1534 2077//1437 2380//1534
f 1209//859 2379//1534 2382//1534 2381//1534 1213//863
f 2381//1534 2384//1534 1213//863
f 2385//1534 2380//1534 2077//1437 2073//1433 2383//1534
f 2073//1433 2386//1534 2383//1534
f 1213//863 2384//1534 2388//1534 2387//1534 1217//867
f 2065//1425 2389//1534 2390//1534
f 1217//867 2393//1534 2392//1534 2391//1534 1221//871
f 2396//1534 1217//867 2387//1534
f 2073//1433 2069//1429 2394//1534 2395//1534 2386//1534
f 2396//1534 2393//1534 1217//867
f 2394//1534 2069//1429 2065//1425 2390//1534 2397//1534
f 2391//1534 2400//1534 1221//871
f 2389//1534 2065//1425 2061//1421 2398//1534 2399//1534
f 2061//1421 2401//1534 2398//1534
f 1221//871 2400//1534 2403//1534 2402//1534 1225//875
f 2061//1421 2404//1534 2401//1534
f 1225//875 2402//1534 2406//1534 2405//1534 1229//879
f 2405//1534 2409//1534 1229//879
f 2404//1534 2061//1421 2057//1417 2407//1534 2408//1534
f 2057//1417 2410//1534 2407//1534
f 1229//879 2409//1534 2412//1534 2411//1534 1233//883
f 2057//1417 2413//1534 2410//1534
f 1237//887 1233//883 2411//1534 2414//1534
f 2414//1534 2417//1534 1237//887
f 2413//1534 2057//1417 2053//1413 2415//1534 2416//1534
f 1237//887 1285//935 1241//891
f 2420//1534 2421//1534 1237//887 2417//1534
f 2053//1413 2049//1409 2419//1534 2418//1534 2415//1534
f 2049//1409 2422//1534 2419//1534
f 2423//1534 1285//935 1237//887 2421//1534 2429//1534 2428//1534 2430//1534 2427//1534 2431//1534 2425//1534 2424//1534 2426//1534
f 1241//891 1285//935 1245//895
f 1281//931 1245//895 1285//935
f 1245//895 1281//931 1249//899
f 1277//927 1249//899 1281//931
f 1249//899 1257//907 1253//903
f 1257//907 1249//899 1261//911
f 1261//911 1249//899 1265//915
f 1249//899 1273//923 1265//915
f 1273//923 1249//899 1277//927
f 1273//923 1269//919 1265//915
f 2432//1534 1997//1357 2433//1534
f 1289//939 1285//935 2434//1534 2435//1534 2436//1534
f 2001//1361 1997//1357 2432//1534 2439//1534 2437//1534
f 2438//1534 2434//1534 1285//935
f 2422//1534 2049//1409 2001//1361 2437//1534 2451//1534 2447//1534 2448//1534 2446//1534 2445//1534 2443//1534 2444//1534 2440//1534 2441//1534 2442//1534
f 2438//1534 1285//935 2423//1534 2449//1534 2450//1534
f 2433//1534 1997//1357 2452//1534
f 1293//943 1289//939 2436//1534 2454//1534 2453//1534
f 1997//1357 1993//1353 2457//1534 2455//1534 2452//1534
f 2453//1534 2456//1534 1293//943
f 2457//1534 1993//1353 2459//1534 2458//1534
f 2462//1534 1297//947 1293//943 2456//1534 2461//1534 2460//1534
f 1993//1353 1989//1349 2465//1534 2463//1534 2459//1534
f 2462//1534 2464//1534 1297//947
f 2465//1534 1989//1349 2467//1534 2468//1534 2466//1534
f 2472//1534 1301//951 1297//947 2464//1534 2470//1534 2469//1534 2471//1534
f 1989//1349 1985//1345 1301//951 2472//1534 2473//1534 2474//1534 2467//1534
f 1985//1345 1641//1150 1301//951
f 1301//951 1641//1150 1305//955
f 1305//955 1641//1150 1309//959
f 1641//1150 1637//1146 1309//959
f 1309//959 1637//1146 1313//963
f 1637//1146 1633//1142 1313//963
f 1313//963 1629//1138 1317//967
f 1633//1142 1629//1138 1313//963
f 1625//1134 1317//967 1629//1138
f 1317//967 1625//1134 1321//967
f 1621//1130 1321//967 1625//1134
f 1321//967 1621//1130 1325//967
f 1325//967 1621//1130 1617//1126
f 1325//967 1617//1126 1329//967
f 1329//967 1617//1126 1333//972
f 1333//972 1617//1126 1613//1122
f 1333//972 1613//1122 1337//976
f 1613//1122 1609//1118 1337//976
f 1337//976 1609//1118 1341//980
f 1341//980 1609//1118 1605//1114
f 1341//980 1605//1114 1345//984
f 1345//984 1605//1114 1349//988
f 1349//988 1601//1078 1353//988
f 1605//1114 1601//1078 1349//988
f 1601//1078 1597//1078 1353//988
f 1353//988 1597//1078 1357//988
f 1597//1078 1593//1078 1357//988
f 1593//1078 1361//988 1357//988
f 1593//1078 1589//1078 1361//988
f 1361//988 1589//1078 1365//988
f 1589//1078 1585//1078 1365//988
f 1365//988 1585//1078 1369//988
f 1585//1078 1581//1078 1369//988
f 1369//988 1581//1078 1373//988
f 1581//1078 1577//1078 1373//988
f 1373//988 1577//1078 1377//988
f 1577//1078 1573//1078 1377//988
f 1377//988 1573//1078 1381//994
f 1381//994 1573//1078 1569//1110
f 1381//994 1569//1110 1385//998
f 1569//1110 1565//1106 1385//998
f 1385//998 1565//1106 1389//1002
f 1565//1106 1561//1102 1389//1002
f 1389//1002 1561//1102 1393//1006
f 1561//1102 1557//1098 1393//1006
f 1393//1006 1557//1098 1397//1010
f 1557//1098 1553//1094 1397//1010
f 1397//1010 1553//1094 1401//1010
f 1553//1094 1549//1090 1401//1010
f 1401//1010 1549//1090 1405//1010
f 1405//1010 1549//1090 1545//1086
f 1405//1010 1545//1086 1409//1010
f 1545//1086 1541//1082 1409//1010
f 1409//1010 1541//1082 1413//1014
f 1537//1078 1413//1014 1541//1082
f 1413//1014 1537//1078 1417//1018
f 1417//1018 1537//1078 1533//1078
f 1417//1018 1533//1078 1421//1022
f 1421//1022 1533//1078 1529//1078
f 1421//1022 1529//1078 1425//1026
f 1425//1026 1529//1078 1525//1078
f 1425//1026 1525//1078 1429//988
f 1429//988 1521//1078 1433//988
f 1429//988 1525//1078 1521//1078
f 1433//988 1517//1078 1437//988
f 1433//988 1521//1078 1517//1078
f 1437//988 1513//1078 1441//988
f 1517//1078 1513//1078 1437//988
f 1441//988 1509//1078 1445//1030
f 1513//1078 1509//1078 1441//988
f 1509//1078 1505//1078 1445//1030
f 1445//1030 1505//1078 1449//1034
f 1501//1078 1449//1034 1505//1078
f 1449//1034 1501//1078 1453//1038
f 1453//1038 1501//1078 1497//1078
f 1453//1038 1497//1078 1457//1042
f 1497//1078 1493//1078 1457//1042
f 1457//1042 1493//1078 1461//1046
f 1493//1078 1489//1074 1461//1046
f 1461//1046 1489//1074 1465//1050
f 1485//1070 1465//1050 1489//1074
f 1465//1050 1485//1070 1469//1054
f 1469//1054 1485//1070 1473//1058
f 1473//1058 1485//1070 1477//1062
f 1477//1062 1485//1070 1481//1066
f 1985//1345 1645//1154 1641//1150
f 1977//1337 1645//1154 1981//1341
f 1981//1341 1645//1154 1985//1345
f 1977//1337 1649//1158 1645//1154
f 1973//1333 1653//1162 1649//1158
f 1973//1333 1649//1158 1977//1337
f 1973//1333 1657//1166 1653//1162
f 1969//1078 1661//1170 1657//1166
f 1969//1078 1657//1166 1973//1333
f 1661//1170 1965//1078 1665//1174
f 1965//1078 1661//1170 1969//1078
f 1669//1178 1665//1174 1961//1078
f 1961//1078 1665//1174 1965//1078
f 1673//1182 1669//1178 1953//1328
f 1953//1328 1669//1178 1957//1078
f 1957//1078 1669//1178 1961//1078
f 1949//1324 1677//1186 1673//1182
f 1949//1324 1673//1182 1953//1328
f 1945//1320 1677//1186 1949//1324
f 1681//1190 1677//1186 1945//1320
f 1937//1274 1681//1190 1941//1316
f 1941//1316 1681//1190 1945//1320
f 1937//1274 1685//967 1681//1190
f 1689//967 1685//967 1933//1274
f 1933//1274 1685//967 1937//1274
f 1929//1274 1693//967 1689//967
f 1929//1274 1689//967 1933//1274
f 1693//967 1929//1274 1925//1274
f 1925//1274 1697//967 1693//967
f 1925//1274 1921//1274 1697//967
f 1921//1274 1701//967 1697//967
f 1917//1274 1701//967 1921//1274
f 1917//1274 1705//967 1701//967
f 1913//1274 1705//967 1917//1274
f 1913//1274 1709//967 1705//967
f 1909//1274 1709//967 1913//1274
f 1909//1274 1713//967 1709//967
f 1905//1310 1713//967 1909//1274
f 1717//1194 1713//967 1905//1310
f 1901//1306 1721//1198 1717//1194
f 1901//1306 1717//1194 1905//1310
f 1897//1302 1721//1198 1901//1306
f 1897//1302 1725//1202 1721//1198
f 1893//1298 1729//1206 1725//1202
f 1893//1298 1725//1202 1897//1302
f 1889//1294 1729//1206 1893//1298
f 1889//1294 1733//1210 1729//1206
f 1885//1294 1737//1214 1733//1210
f 1885//1294 1733//1210 1889//1294
f 1741//1218 1737//1214 1881//1294
f 1881//1294 1737//1214 1885//1294
f 1877//1294 1745//1222 1741//1218
f 1877//1294 1741//1218 1881//1294
f 1749//967 1745//1222 1873//1290
f 1873//1290 1745//1222 1877//1294
f 1753//967 1749//967 1869//1286
f 1869//1286 1749//967 1873//1290
f 1757//967 1753//967 1865//1282
f 1865//1282 1753//967 1869//1286
f 1761//967 1757//967 1861//1278
f 1861//1278 1757//967 1865//1282
f 1765//967 1761//967 1857//1274
f 1857//1274 1761//967 1861//1278
f 1769//967 1765//967 1853//1274
f 1853//1274 1765//967 1857//1274
f 1773//967 1769//967 1849//1274
f 1849//1274 1769//967 1853//1274
f 1777//967 1773//967 1845//1274
f 1845//1274 1773//967 1849//1274
f 1781//967 1777//967 1841//1270
f 1841//1270 1777//967 1845//1274
f 1837//1266 1785//967 1781//967
f 1837//1266 1781//967 1841//1270
f 1837//1266 1833//1262 1785//967
f 1789//967 1785//967 1833//1262
f 1829//1258 1793//967 1789//967
f 1829//1258 1789//967 1833//1262
f 1793//967 1825//1254 1797//1226
f 1825//1254 1793//967 1829//1258
f 1797//1226 1821//1250 1801//1230
f 1821//1250 1797//1226 1825//1254
f 1809//1238 1801//1230 1813//1242
f 1813//1242 1801//1230 1817//1246
f 1817//1246 1801//1230 1821//1250
f 1805//1234 1801//1230 1809//1238
f 2041//1401 2001//1361 2045//1405
f 2045//1405 2001//1361 2049//1409
f 2005//1365 2001//1361 2041//1401
f 2005//1365 2037//1397 2009//1369
f 2037//1397 2005//1365 2041//1401
f 2009//1369 2037//1397 2013//1373
f 2013//1373 2021//1381 2017//1377
f 2037//1397 2021//1381 2013//1373
f 2021//1381 2037//1397 2025//1385
f 2025//1385 2037//1397 2029//1389
f 2029//1389 2037//1397 2033//1393
f 2319//1534 2320//1534 2097//1457 2093//1453 2297//1534
f 2321//1534 2304//1534 2169//1529 2322//1534
f 2323//1534 2101//1461 2097//1457 2327//1534
f 2324//1534 2325//1534 2165//1525 2326//1534
f 2327//1534 2097//1457 2320//1534 2328//1534
f 2322//1534 2169//1529 2165//1525 2325//1534
f 2329//1534 2330//1534 2105//1465 2101//1461 2323//1534
f 2326//1534 2165//1525 2331//1534
f 2332//1534 2109//1469 2105//1465 2335//1534
f 2333//1534 2161//1521 2334//1534
f 2335//1534 2105//1465 2330//1534 2336//1534
f 2337//1534 2331//1534 2165//1525 2161//1521 2333//1534
f 2338//1534 2339//1534 2113//1473 2109//1469 2332//1534
f 2334//1534 2161//1521 2340//1534
f 2341//1534 2117//1477 2113//1473 2339//1534
f 2340//1534 2161//1521 2342//1534
f 2343//1534 2344//1534 2121//1481 2117//1477 2341//1534
f 2342//1534 2161//1521 2345//1534
f 2125//1485 2121//1481 2157//1517
f 2348//1534 2345//1534 2161//1521 2157//1517 2121//1481 2344//1534 2346//1534 2347//1534
f 2129//1489 2125//1485 2157//1517
f 2133//1493 2129//1489 2157//1517
f 2137//1497 2133//1493 2157//1517
f 2153//1513 2141//1501 2137//1497
f 2153//1513 2137//1497 2157//1517
f 2141//1501 2153//1513 2145//1505
f 2145//1505 2153//1513 2149//1509
f 2304//1535 2321//1536 2235//1536 2218//1535 2207//1535 2206//1535 2210//1537 2291//1537 2292//1535 2295//1535
f 2289//1538 2291//1537 2210//1537 2203//1538 2184//1538 2183//1539 2263//1539 2264//1538
f 2268//1540 2263//1539 2183//1539 2188//1540 2189//1540 2178//1540 2177//1541 2271//1541 2272//1540 2269//1540
f 2271//1541 2177//1541 2182//1542 2276//1542
f 2276//1542 2182//1542 2181//1543 2199//1543 2195//1543 2192//1543 2193//1544 2282//1544 2281//1543 2284//1543 2278//1543 2275//1543
f 2282//1544 2193//1544 2194//1545 2196//1546 2286//1546 2283//1545
f 2286//1546 2196//1546 2197//1547 2200//1548 2287//1548 2285//1547
f 2287//1548 2200//1548 2198//1549 2201//1550 2279//1550 2280//1549
f 2279//1550 2201//1550 2179//1551 2180//1551 2190//1552 2277//1552 2274//1551 2273//1551
f 2277//1552 2190//1552 2191//1553 2185//1553 2186//1554 2266//1554 2265//1553 2270//1553
f 2266//1554 2186//1554 2187//1555 2204//1556 2290//1556 2267//1555
f 2290//1556 2204//1556 2202//1557 2208//1557 2209//1558 2296//1558 2293//1557 2288//1557
f 2296//1558 2209//1558 2205//1559 2227//1560 2312//1560 2294//1559
f 2227//1560 2228//1561 2313//1561 2312//1560
f 2228//1561 2229//1562 2314//1562 2313//1561
f 2229//1562 2226//1563 2311//1563 2314//1562
f 2226//1563 2225//1564 2310//1564 2311//1563
f 2225//1564 2230//1565 2315//1565 2310//1564
f 2230//1565 2231//1566 2316//1566 2315//1565
f 2231//1566 2232//1567 2317//1567 2316//1566
f 2232//1567 2224//1568 2308//1568 2317//1567
f 2224//1568 2223//1569 2309//1569 2308//1568
f 2223//1569 2220//1570 2318//1570 2309//1569
f 2220//1570 2219//1571 2305//1571 2318//1570
f 2219//1571 2222//1572 2307//1572 2305//1571
f 2222//1572 2221//1573 2306//1573 2307//1572
f 2221//1573 2217//1574 2303//1574 2306//1573
f 2217//1574 2216//1575 2302//1575 2303//1574
f 2216//1575 2215//1576 2301//1576 2302//1575
f 2215//1576 2214//1577 2300//1577 2301//1576
f 2214//1577 2212//1578 2298//1578 2300//1577
f 2298//1578 2212//1578 2213//1579 2299//1579
f 2297//1580 2299//1579 2213//1579 2211//1580 2233//1581 2319//1581
f 2320//1582 2319//1581 2233//1581 2234//1582 2242//1583 2328//1583
f 2327//1584 2328//1583 2242//1583 2241//1584 2237//1584 2243//1585 2329//1585 2323//1584
f 2330//1586 2329//1585 2243//1585 2244//1586 2250//1587 2336//1587
f 2336//1587 2250//1587 2248//1588 2249//1588 2252//1589 2338//1589 2332//1588 2335//1588
f 2338//1589 2252//1589 2253//1590 2256//1590 2257//1591 2343//1591 2341//1590 2339//1590
f 2344//1592 2343//1591 2257//1591 2258//1592 2260//1593 2346//1593
f 2346//1593 2260//1593 2261//1594 2347//1594
f 2347//1594 2261//1594 2262//1595 2348//1595
f 2345//1596 2348//1595 2262//1595 2259//1596 2255//1596 2254//1596 2247//1596 2246//1596 2251//1597 2337//1597 2333//1596 2334//1596 2340//1596 2342//1596
f 2331//1598 2337//1597 2251//1597 2245//1598 2240//1598 2238//1599 2324//1599 2326//1598
f 2325//1600 2324//1599 2238//1599 2239//1600 2236//1600 2235//1536 2321//1536 2322//1600
f 2351//1535 2//1535 5//1601 2354//1601
f 2354//1601 5//1601 7//1602 2353//1602
f 2353//1602 7//1602 10//1603 2359//1603 2352//1604
f 2359//1603 10//1603 14//1605 2362//1605 2358//1606
f 2362//1605 14//1605 16//1607 2367//1607 2361//1608
f 2367//1607 16//1607 19//1609 2370//1609 2366//1610
f 2370//1609 19//1609 23//1611 2376//1611 2373//1612 2369//1612
f 2376//1611 23//1611 26//1613 2382//1613 2379//1614 2375//1614
f 26//1613 29//1615 2388//1615 2384//1616 2381//1616 2382//1613
f 29//1615 32//1617 2392//1617 2393//1618 2396//1618 2387//1618 2388//1615
f 32//1617 35//1619 2403//1619 2400//1620 2391//1620 2392//1617
f 35//1619 38//1621 2406//1621 2402//1622 2403//1619
f 38//1621 41//1623 2412//1623 2409//1624 2405//1624 2406//1621
f 41//1623 44//1625 2420//1625 2417//1626 2414//1626 2411//1626 2412//1623
f 44//1625 47//1627 2429//1627 2421//1628 2420//1625
f 47//1627 49//1629 2428//1629 2429//1627
f 49//1629 52//1630 2430//1630 2428//1629
f 52//1630 56//1631 2427//1631 2430//1630
f 56//1631 58//1632 2431//1632 2427//1631
f 58//1632 61//1633 2425//1633 2431//1632
f 61//1633 64//1634 2424//1634 2425//1633
f 64//1634 68//1635 2426//1635 2424//1634
f 68//1635 71//1636 2449//1636 2423//1637 2426//1635
f 71//1636 73//1638 2450//1638 2449//1636
f 73//1638 77//1639 2435//1639 2434//1640 2438//1640 2450//1638
f 77//1639 80//1641 2454//1641 2436//1642 2435//1639
f 80//1641 82//1643 2461//1643 2456//1644 2453//1644 2454//1641
f 82//1643 86//1645 2460//1645 2461//1643
f 86//1645 88//1646 2470//1646 2464//1647 2462//1647 2460//1645
f 88//1646 91//1648 2469//1648 2470//1646
f 91//1648 94//1649 2471//1649 2469//1648
f 94//1649 97//1650 2473//1650 2472//1651 2471//1649
f 97//1650 100//1652 2474//1652 2473//1650
f 100//1652 103//1653 2468//1653 2467//1654 2474//1652
f 103//1653 106//1655 2466//1655 2468//1653
f 106//1655 110//1656 2463//1656 2465//1657 2466//1655
f 110//1656 113//1658 2458//1658 2459//1659 2463//1656
f 113//1658 116//1660 2455//1660 2457//1661 2458//1658
f 116//1660 118//1662 2439//1662 2432//1663 2433//1663 2452//1663 2455//1660
f 118//1662 121//1664 2451//1664 2437//1665 2439//1662
f 2451//1664 121//1664 124//1666 2447//1666
f 2447//1666 124//1666 127//1667 2448//1667
f 2448//1667 127//1667 130//1668 2446//1668
f 2446//1668 130//1668 134//1669 2445//1669
f 2445//1669 134//1669 137//1670 2443//1670
f 2443//1670 137//1670 140//1671 2444//1671
f 2444//1671 140//1671 143//1672 2440//1672
f 2440//1672 143//1672 145//1673 2441//1673
f 2441//1673 145//1673 148//1674 2442//1674
f 2442//1674 148//1674 151//1675 2418//1675 2419//1676 2422//1676
f 2418//1675 151//1675 154//1677 2416//1677 2415//1678
f 2416//1677 154//1677 157//1679 2408//1679 2407//1680 2410//1680 2413//1680
f 2408//1679 157//1679 161//1681 2399//1681 2398//1682 2401//1682 2404//1682
f 2399//1681 161//1681 164//1683 2397//1683 2390//1684 2389//1684
f 2397//1683 164//1683 166//1685 2395//1685 2394//1686
f 2395//1685 166//1685 169//1687 2385//1687 2383//1688 2386//1688
f 2385//1687 169//1687 173//1689 2378//1689 2377//1690 2380//1690
f 2378//1689 173//1689 176//1691 2372//1691 2371//1692 2374//1692
f 2372//1691 176//1691 179//1693 2364//1693 2363//1694 2368//1694
f 2364//1693 179//1693 182//1695 2365//1695
f 2365//1695 182//1695 184//1696 2357//1696 2355//1697 2360//1697
f 2357//1696 184//1696 188//1698 2356//1698
f 2356//1698 188//1698 191//1699 2350//1699 2349//1700
f 2350//1699 191//1699 2//1535 2351//1535
f 23//1534 19//1534 16//1534 14//1534 10//1534 7//1534 5//1534 2//1534 191//1534 188//1534 184//1534 182//1534 179//1534 176//1534 173//1534 169//1534 166//1534 164//1534 161//1534 157//1534 154//1534 151//1534 148//1534 145//1534 143//1534 140//1534 137//1534 134//1534 130//1534 127//1534 124//1534 121//1534 118//1534 116//1534 113//1534 110//1534 106//1534 103//1534 100//1534 97//1534 94//1534 91//1534 88//1534 86//1534 82//1534 80//1534 77//1534 73//1534 71//1534 68//1534 64//1534 61//1534 58//1534 56//1534 52//1534 49//1534 47//1534 44//1534 41//1534 38//1534 35//1534 32//1534 29//1534 26//1534
f 2476//1701 2482//1701 2483//1701 2477//1701
f 2477//1702 2483//1702 2481//1702 2475//1702
f 2485//1703 2479//1703 2480//1703 2486//1703
f 2486//1704 2480//1704 2478//1704 2484//1704
f 2482//1705 2488//1705 2489//1705 2483//1705
f 2483//1706 2489//1706 2487//1706 2481//1706
f 2491//1707 2485//1707 2486//1707 2492//1707
f 2492//1708 2486//1708 2484//1708 2490//1708
f 2488//1709 2494//1709 2495//1709 2489//1709
f 2489//1710 2495//1710 2493//1710 2487//1710
f 2497//1711 2491//1711 2492//1711 2498//1711
f 2498//1712 2492//1712 2490//1712 2496//1712
f 2494//1713 2500//1713 2501//1713 2495//1713
f 2495//1714 2501//1714 2499//1714 2493//1714
f 2503//1715 2497//1715 2498//1715 2504//1715
f 2504//1716 2498//1716 2496//1716 2502//1716
f 2500//1717 2506//1717 2507//1717 2501//1717
f 2501//1718 2507//1718 2505//1718 2499//1718
f 2509//1719 2503//1719 2504//1719 2510//1719
f 2510//1720 2504//1720 2502//1720 2508//1720
f 2506//1721 2512//1721 2513//1721 2507//1721
f 2507//1722 2513//1722 2511//1722 2505//1722
f 2515//1723 2509//1723 2510//1723 2516//1723
f 2516//1724 2510//1724 2508//1724 2514//1724
f 2512//1725 2518//1725 2519//1725 2513//1725
f 2513//1726 2519//1726 2517//1726 2511//1726
f 2521//1727 2515//1727 2516//1727 2522//1727
f 2522//1728 2516//1728 2514//1728 2520//1728
f 2518//1729 2524//1729 2525//1729 2519//1729
f 2519//1730 2525//1730 2523//1730 2517//1730
f 2527//1731 2521//1731 2522//1731 2528//1731
f 2528//1732 2522//1732 2520//1732 2526//1732
f 2524//1733 2530//1733 2531//1733 2525//1733
f 2525//1734 2531//1734 2529//1734 2523//1734
f 2533//1735 2527//1735 2528//1735 2534//1735
f 2534//1736 2528//1736 2526//1736 2532//1736
f 2530//1737 2536//1737 2537//1737 2531//1737
f 2531//1738 2537//1738 2535//1738 2529//1738
f 2539//1739 2533//1739 2534//1739 2540//1739
f 2540//1740 2534//1740 2532//1740 2538//1740
f 2536//1741 2542//1741 2543//1741 2537//1741
f 2537//1742 2543//1742 2541//1742 2535//1742
f 2545//1743 2539//1743 2540//1743 2546//1743
f 2546//1744 2540//1744 2538//1744 2544//1744
f 2542//1745 2548//1745 2549//1745 2543//1745
f 2543//1746 2549//1746 2547//1746 2541//1746
f 2551//1747 2545//1747 2546//1747 2552//1747
f 2552//1748 2546//1748 2544//1748 2550//1748
f 2548//1749 2554//1749 2555//1749 2549//1749
f 2549//1750 2555//1750 2553//1750 2547//1750
f 2557//1751 2551//1751 2552//1751 2558//1751
f 2558//1752 2552//1752 2550//1752 2556//1752
f 2554//1753 2560//1753 2561//1753 2555//1753
f 2555//1754 2561//1754 2559//1754 2553//1754
f 2563//1755 2557//1755 2558//1755 2564//1755
f 2564//1756 2558//1756 2556//1756 2562//1756
f 2560//1757 2566//1757 2567//1757 2561//1757
f 2561//1758 2567//1758 2565//1758 2559//1758
f 2569//1759 2563//1759 2564//1759 2570//1759
f 2570//1760 2564//1760 2562//1760 2568//1760
f 2566//1761 2572//1761 2573//1761 2567//1761
f 2567//1762 2573//1762 2571//1762 2565//1762
f 2575//1763 2569//1763 2570//1763 2576//1763
f 2576//1764 2570//1764 2568//1764 2574//1764
f 2572//1765 2578//1765 2579//1765 2573//1765
f 2573//1766 2579//1766 2577//1766 2571//1766
f 2581//1767 2575//1767 2576//1767 2582//1767
f 2582//1768 2576//1768 2574//1768 2580//1768
f 2578//1769 2584//1769 2585//1769 2579//1769
f 2579//1770 2585//1770 2583//1770 2577//1770
f 2587//1771 2581//1771 2582//1771 2588//1771
f 2588//1772 2582//1772 2580//1772 2586//1772
f 2584//1773 2590//1773 2591//1773 2585//1773
f 2585//1774 2591//1774 2589//1774 2583//1774
f 2593//1775 2587//1775 2588//1775 2594//1775
f 2594//1776 2588//1776 2586//1776 2592//1776
f 2590//1777 2596//1777 2597//1777 2591//1777
f 2591//1778 2597//1778 2595//1778 2589//1778
f 2599//1779 2593//1779 2594//1779 2600//1779
f 2600//1780 2594//1780 2592//1780 2598//1780
f 2596//1781 2602//1781 2603//1781 2597//1781
f 2597//1782 2603//1782 2601//1782 2595//1782
f 2605//1783 2599//1783 2600//1783 2606//1783
f 2606//1784 2600//1784 2598//1784 2604//1784
f 2602//1785 2608//1785 2609//1785 2603//1785
f 2603//1786 2609//1786 2607//1786 2601//1786
f 2611//1787 2605//1787 2606//1787 2612//1787
f 2612//1788 2606//1788 2604//1788 2610//1788
f 2608//1789 2614//1789 2615//1789 2609//1789
f 2609//1790 2615//1790 2613//1790 2607//1790
f 2617//1791 2611//1791 2612//1791 2618//1791
f 2618//1792 2612//1792 2610//1792 2616//1792
f 2614//1793 2620//1793 2621//1793 2615//1793
f 2615//1794 2621//1794 2619//1794 2613//1794
f 2623//1795 2617//1795 2618//1795 2624//1795
f 2624//1796 2618//1796 2616//1796 2622//1796
f 2620//1797 2626//1797 2627//1797 2621//1797
f 2621//1798 2627//1798 2625//1798 2619//1798
f 2629//1799 2623//1799 2624//1799 2630//1799
f 2630//1800 2624//1800 2622//1800 2628//1800
f 2626//1801 2632//1801 2633//1801 2627//1801
f 2627//1802 2633//1802 2631//1802 2625//1802
f 2635//1803 2629//1803 2630//1803 2636//1803
f 2636//1804 2630//1804 2628//1804 2634//1804
f 2632//1805 2638//1805 2639//1805 2633//1805
f 2633//1806 2639//1806 2637//1806 2631//1806
f 2641//1807 2635//1807 2636//1807 2642//1807
f 2642//1808 2636//1808 2634//1808 2640//1808
f 2638//1809 2644//1809 2645//1809 2639//1809
f 2639//1810 2645//1810 2643//1810 2637//1810
f 2647//1811 2641//1811 2642//1811 2648//1811
f 2648//1812 2642//1812 2640//1812 2646//1812
f 2644//1813 2650//1813 2651//1813 2645//1813
f 2645//1814 2651//1814 2649//1814 2643//1814
f 2653//1815 2647//1815 2648//1815 2654//1815
f 2654//1816 2648//1816 2646//1816 2652//1816
f 2650//1817 2656//1817 2657//1817 2651//1817
f 2651//1818 2657//1818 2655//1818 2649//1818
f 2659//1819 2653//1819 2654//1819 2660//1819
f 2660//1820 2654//1820 2652//1820 2658//1820
f 2656//1821 2662//1821 2663//1821 2657//1821
f 2657//1822 2663//1822 2661//1822 2655//1822
f 2665//1823 2659//1823 2660//1823 2666//1823
f 2666//1824 2660//1824 2658//1824 2664//1824
f 2662//1825 2668//1825 2669//1825 2663//1825
f 2663//1826 2669//1826 2667//1826 2661//1826
f 2671//1827 2665//1827 2666//1827 2672//1827
f 2672//1828 2666//1828 2664//1828 2670//1828
f 2668//1829 2674//1829 2675//1829 2669//1829
f 2669//1830 2675//1830 2673//1830 2667//1830
f 2677//1831 2671//1831 2672//1831 2678//1831
f 2678//1832 2672//1832 2670//1832 2676//1832
f 2674//1833 2680//1833 2681//1833 2675//1833
f 2675//1834 2681//1834 2679//1834 2673//1834
f 2683//1835 2677//1835 2678//1835 2684//1835
f 2684//1836 2678//1836 2676//1836 2682//1836
f 2680//1837 2686//1837 2687//1837 2681//1837
f 2681//1838 2687//1838 2685//1838 2679//1838
f 2689//1839 2683//1839 2684//1839 2690//1839
f 2690//1840 2684//1840 2682//1840 2688//1840
f 2686//1841 2692//1841 2693//1841 2687//1841
f 2687//1842 2693//1842 2691//1842 2685//1842
f 2695//1843 2689//1843 2690//1843 2696//1843
f 2696//1844 2690//1844 2688//1844 2694//1844
f 2692//1845 2698//1845 2699//1845 2693//1845
f 2693//1846 2699//1846 2697//1846 2691//1846
f 2701//1847 2695//1847 2696//1847 2702//1847
f 2702//1848 2696//1848 2694//1848 2700//1848
f 2698//1849 2704//1849 2705//1849 2699//1849
f 2699//1850 2705//1850 2703//1850 2697//1850
f 2707//1851 2701//1851 2702//1851 2708//1851
f 2708//1852 2702//1852 2700//1852 2706//1852
f 2704//1853 2710//1853 2711//1853 2705//1853
f 2705//1854 2711//1854 2709//1854 2703//1854
f 2713//1855 2707//1855 2708//1855 2714//1855
f 2714//1856 2708//1856 2706//1856 2712//1856
f 2710//1857 2716//1857 2717//1857 2711//1857
f 2711//1858 2717//1858 2715//1858 2709//1858
f 2719//1859 2713//1859 2714//1859 2720//1859
f 2720//1860 2714//1860 2712//1860 2718//1860
f 2716//1861 2722//1861 2723//1861 2717//1861
f 2717//1862 2723//1862 2721//1862 2715//1862
f 2725//1863 2719//1863 2720//1863 2726//1863
f 2726//1864 2720//1864 2718//1864 2724//1864
f 2722//1865 2728//1865 2729//1865 2723//1865
f 2723//1866 2729//1866 2727//1866 2721//1866
f 2731//1867 2725//1867 2726//1867 2732//1867
f 2732//1868 2726//1868 2724//1868 2730//1868
f 2728//1869 2734//1869 2735//1869 2729//1869
f 2729//1870 2735//1870 2733//1870 2727//1870
f 2737//1871 2731//1871 2732//1871 2738//1871
f 2738//1872 2732//1872 2730//1872 2736//1872
f 2734//1873 2740//1873 2741//1873 2735//1873
f 2735//1874 2741//1874 2739//1874 2733//1874
f 2743//1875 2737//1875 2738//1875 2744//1875
f 2744//1876 2738//1876 2736//1876 2742//1876
f 2740//1877 2746//1877 2747//1877 2741//1877
f 2741//1878 2747//1878 2745//1878 2739//1878
f 2749//1879 2743//1879 2744//1879 2750//1879
f 2750//1880 2744//1880 2742//1880 2748//1880
f 2746//1881 2752//1881 2753//1881 2747//1881
f 2747//1882 2753//1882 2751//1882 2745//1882
f 2755//1883 2749//1883 2750//1883 2756//1883
f 2756//1884 2750//1884 2748//1884 2754//1884
f 2752//1885 2758//1885 2759//1885 2753//1885
f 2753//1886 2759//1886 2757//1886 2751//1886
f 2761//1887 2755//1887 2756//1887 2762//1887
f 2762//1888 2756//1888 2754//1888 2760//1888
f 2758//1889 2764//1889 2765//1889 2759//1889
f 2759//1890 2765//1890 2763//1890 2757//1890
f 2767//1891 2761//1891 2762//1891 2768//1891
f 2768//1892 2762//1892 2760//1892 2766//1892
f 2764//1893 2770//1893 2771//1893 2765//1893
f 2765//1894 2771//1894 2769//1894 2763//1894
f 2773//1895 2767//1895 2768//1895 2774//1895
f 2774//1896 2768//1896 2766//1896 2772//1896
f 2770//1897 2776//1897 2777//1897 2771//1897
f 2771//1898 2777//1898 2775//1898 2769//1898
f 2779//1899 2773//1899 2774//1899 2780//1899
f 2780//1900 2774//1900 2772//1900 2778//1900
f 2776//1901 2782//1901 2783//1901 2777//1901
f 2777//1902 2783//1902 2781//1902 2775//1902
f 2785//1903 2779//1903 2780//1903 2786//1903
f 2786//1904 2780//1904 2778//1904 2784//1904
f 2782//1905 2788//1905 2789//1905 2783//1905
f 2783//1906 2789//1906 2787//1906 2781//1906
f 2791//1907 2785//1907 2786//1907 2792//1907
f 2792//1908 2786//1908 2784//1908 2790//1908
f 2788//1909 2794//1909 2795//1909 2789//1909
f 2789//1910 2795//1910 2793//1910 2787//1910
f 2797//1911 2791//1911 2792//1911 2798//1911
f 2798//1912 2792//1912 2790//1912 2796//1912
f 2794//1913 2800//1913 2801//1913 2795//1913
f 2795//1914 2801//1914 2799//1914 2793//1914
f 2803//1915 2797//1915 2798//1915 2804//1915
f 2804//1916 2798//1916 2796//1916 2802//1916
f 2800//1917 2806//1917 2807//1917 2801//1917
f 2801//1918 2807//1918 2805//1918 2799//1918
f 2809//1919 2803//1919 2804//1919 2810//1919
f 2810//1920 2804//1920 2802//1920 2808//1920
f 2806//1921 2812//1921 2813//1921 2807//1921
f 2807//1922 2813//1922 2811//1922 2805//1922
f 2815//1923 2809//1923 2810//1923 2816//1923
f 2816//1924 2810//1924 2808//1924 2814//1924
f 2812//1925 2818//1925 2819//1925 2813//1925
f 2813//1926 2819//1926 2817//1926 2811//1926
f 2821//1927 2815//1927 2816//1927 2822//1927
f 2822//1928 2816//1928 2814//1928 2820//1928
f 2818//1929 2824//1929 2825//1929 2819//1929
f 2819//1930 2825//1930 2823//1930 2817//1930
f 2827//1931 2821//1931 2822//1931 2828//1931
f 2828//1932 2822//1932 2820//1932 2826//1932
f 2824//1933 2830//1933 2831//1933 2825//1933
f 2825//1934 2831//1934 2829//1934 2823//1934
f 2833//1935 2827//1935 2828//1935 2834//1935
f 2834//1936 2828//1936 2826//1936 2832//1936
f 2830//1937 2836//1937 2837//1937 2831//1937
f 2831//1938 2837//1938 2835//1938 2829//1938
f 2839//1939 2833//1939 2834//1939 2840//1939
f 2840//1940 2834//1940 2832//1940 2838//1940
f 2836//1941 2842//1941 2843//1941 2837//1941
f 2837//1942 2843//1942 2841//1942 2835//1942
f 2845//1943 2839//1943 2840//1943 2846//1943
f 2846//1944 2840//1944 2838//1944 2844//1944
f 2842//1945 2848//1945 2849//1945 2843//1945
f 2843//1946 2849//1946 2847//1946 2841//1946
f 2851//1947 2845//1947 2846//1947 2852//1947
f 2852//1948 2846//1948 2844//1948 2850//1948
f 2848//1949 2854//1949 2855//1949 2849//1949
f 2849//1950 2855//1950 2853//1950 2847//1950
f 2857//1951 2851//1951 2852//1951 2858//1951
f 2858//1952 2852//1952 2850//1952 2856//1952
f 2854//1953 2860//1953 2861//1953 2855//1953
f 2855//1954 2861//1954 2859//1954 2853//1954
f 2863//1955 2857//1955 2858//1955 2864//1955
f 2864//1956 2858//1956 2856//1956 2862//1956
f 2860//1957 2866//1957 2867//1957 2861//1957
f 2861//1958 2867//1958 2865//1958 2859//1958
f 2869//1959 2863//1959 2864//1959 2870//1959
f 2870//1960 2864//1960 2862//1960 2868//1960
f 2866//1961 2872//1961 2873//1961 2867//1961
f 2867//1962 2873//1962 2871//1962 2865//1962
f 2875//1963 2869//1963 2870//1963 2876//1963
f 2876//1964 2870//1964 2868//1964 2874//1964
f 2872//1965 2878//1965 2879//1965 2873//1965
f 2873//1966 2879//1966 2877//1966 2871//1966
f 2881//1967 2875//1967 2876//1967 2882//1967
f 2882//1968 2876//1968 2874//1968 2880//1968
f 2878//1969 2884//1969 2885//1969 2879//1969
f 2879//1970 2885//1970 2883//1970 2877//1970
f 2887//1971 2881//1971 2882//1971 2888//1971
f 2888//1972 2882//1972 2880//1972 2886//1972
f 2884//1973 2890//1973 2891//1973 2885//1973
f 2885//1974 2891//1974 2889//1974 2883//1974
f 2893//1975 2887//1975 2888//1975 2894//1975
f 2894//1976 2888//1976 2886//1976 2892//1976
f 2890//1977 2896//1977 2897//1977 2891//1977
f 2891//1978 2897//1978 2895//1978 2889//1978
f 2899//1979 2893//1979 2894//1979 2900//1979
f 2900//1980 2894//1980 2892//1980 2898//1980
f 2896//1981 2902//1981 2903//1981 2897//1981
f 2897//1982 2903//1982 2901//1982 2895//1982
f 2905//1983 2899//1983 2900//1983 2906//1983
f 2906//1984 2900//1984 2898//1984 2904//1984
f 2902//1985 2476//1985 2477//1985 2903//1985
f 2903//1986 2477//1986 2475//1986 2901//1986
f 2479//1987 2905//1987 2906//1987 2480//1987
f 2480//1988 2906//1988 2904//1988 2478//1988
f 2475//1533 2481//1533 2487//1533 2493//1533 2499//1533 2505//1533 2511//1533 2517//1533 2523//1533 2529//1533 2535//1533 2541//1533 2547//1533 2553//1533 2559//1533 2565//1533 2571//1533 2577//1533 2583//1533 2589//1533 2595//1533 2601//1533 2607//1533 2613//1533 2619//1533 2625//1533 2631//1533 2637//1533 2643//1533 2649//1533 2655//1533 2661//1533 2667//1533 2673//1533 2679//1533 2685//1533 2691//1533 2697//1533 2703//1533 2709//1533 2715//1533 2721//1533 2727//1533 2733//1533 2739//1533 2745//1533 2751//1533 2757//1533 2763//1533 2769//1533 2775//1533 2781//1533 2787//1533 2793//1533 2799//1533 2805//1533 2811//1533 2817//1533 2823//1533 2829//1533 2835//1533 2841//1533 2847//1533 2853//1533 2859//1533 2865//1533 2871//1533 2877//1533 2883//1533 2889//1533 2895//1533 2901//1533
f 2476//1989 2479//1989 2485//1989 2482//1989
f 2902//1990 2905//1990 2479//1990 2476//1990
f 2484//1534 2478//1534 2904//1534 2898//1534 2892//1534 2886//1534 2880//1534 2874//1534 2868//1534 2862//1534 2856//1534 2850//1534 2844//1534 2838//1534 2832//1534 2826//1534 2820//1534 2814//1534 2808//1534 2802//1534 2796//1534 2790//1534 2784//1534 2778//1534 2772//1534 2766//1534 2760//1534 2754//1534 2748//1534 2742//1534 2736//1534 2730//1534 2724//1534 2718//1534 2712//1534 2706//1534 2700//1534 2694//1534 2688//1534 2682//1534 2676//1534 2670//1534 2664//1534 2658//1534 2652//1534 2646//1534 2640//1534 2634//1534 2628//1534 2622//1534 2616//1534 2610//1534 2604//1534 2598//1534 2592//1534 2586//1534 2580//1534 2574//1534 2568//1534 2562//1534 2556//1534 2550//1534 2544//1534 2538//1534 2532//1534 2526//1534 2520//1534 2514//1534 2508//1534 2502//1534 2496//1534 2490//1534
f 2482//1991 2485//1991 2491//1991 2488//1991
f 2488//1992 2491//1992 2497//1992 2494//1992
f 2494//1993 2497//1993 2503//1993 2500//1993
f 2500//1656 2503//1656 2509//1656 2506//1656
f 2506//1994 2509//1994 2515//1994 2512//1994
f 2512//1995 2515//1995 2521//1995 2518//1995
f 2518//1996 2521//1996 2527//1996 2524//1996
f 2524//1997 2527//1997 2533//1997 2530//1997
f 2530//1998 2533//1998 2539//1998 2536//1998
f 2536//1999 2539//1999 2545//1999 2542//1999
f 2542//2000 2545//2000 2551//2000 2548//2000
f 2548//2001 2551//2001 2557//2001 2554//2001
f 2554//1669 2557//1669 2563//1669 2560//1669
f 2560//2002 2563//2002 2569//2002 2566//2002
f 2566//2003 2569//2003 2575//2003 2572//2003
f 2572//2004 2575//2004 2581//2004 2578//2004
f 2578//2005 2581//2005 2587//2005 2584//2005
f 2584//2006 2587//2006 2593//2006 2590//2006
f 2590//2007 2593//2007 2599//2007 2596//2007
f 2596//2008 2599//2008 2605//2008 2602//2008
f 2602//2009 2605//2009 2611//2009 2608//2009
f 2608//1679 2611//1679 2617//1679 2614//1679
f 2614//2010 2617//2010 2623//2010 2620//2010
f 2620//2011 2623//2011 2629//2011 2626//2011
f 2626//2012 2629//2012 2635//2012 2632//2012
f 2632//2013 2635//2013 2641//2013 2638//2013
f 2638//2014 2641//2014 2647//2014 2644//2014
f 2644//2015 2647//2015 2653//2015 2650//2015
f 2650//2016 2653//2016 2659//2016 2656//2016
f 2656//2017 2659//2017 2665//2017 2662//2017
f 2662//1695 2665//1695 2671//1695 2668//1695
f 2668//2018 2671//2018 2677//2018 2674//2018
f 2674//2019 2677//2019 2683//2019 2680//2019
f 2680//2020 2683//2020 2689//2020 2686//2020
f 2686//2021 2689//2021 2695//2021 2692//2021
f 2692//2022 2695//2022 2701//2022 2698//2022
f 2698//2023 2701//2023 2707//2023 2704//2023
f 2704//2024 2707//2024 2713//2024 2710//2024
f 2710//2025 2713//2025 2719//2025 2716//2025
f 2716//1605 2719//1605 2725//1605 2722//1605
f 2722//2026 2725//2026 2731//2026 2728//2026
f 2728//2027 2731//2027 2737//2027 2734//2027
f 2734//2028 2737//2028 2743//2028 2740//2028
f 2740//2029 2743//2029 2749//2029 2746//2029
f 2746//2030 2749//2030 2755//2030 2752//2030
f 2752//2031 2755//2031 2761//2031 2758//2031
f 2758//2032 2761//2032 2767//2032 2764//2032
f 2764//2033 2767//2033 2773//2033 2770//2033
f 2770//1621 2773//1621 2779//1621 2776//1621
f 2776//2034 2779//2034 2785//2034 2782//2034
f 2782//2035 2785//2035 2791//2035 2788//2035
f 2788//2036 2791//2036 2797//2036 2794//2036
f 2794//2037 2797//2037 2803//2037 2800//2037
f 2800//2038 2803//2038 2809//2038 2806//2038
f 2806//2039 2809//2039 2815//2039 2812//2039
f 2812//2040 2815//2040 2821//2040 2818//2040
f 2818//2041 2821//2041 2827//2041 2824//2041
f 2824//1633 2827//1633 2833//1633 2830//1633
f 2830//2042 2833//2042 2839//2042 2836//2042
f 2836//2043 2839//2043 2845//2043 2842//2043
f 2842//2044 2845//2044 2851//2044 2848//2044
f 2848//2045 2851//2045 2857//2045 2854//2045
f 2854//2046 2857//2046 2863//2046 2860//2046
f 2860//2047 2863//2047 2869//2047 2866//2047
f 2866//2048 2869//2048 2875//2048 2872//2048
f 2872//2049 2875//2049 2881//2049 2878//2049
f 2878//1645 2881//1645 2887//1645 2884//1645
f 2884//2050 2887//2050 2893//2050 2890//2050
f 2890//2051 2893//2051 2899//2051 2896//2051
f 2896//2052 2899//2052 2905//2052 2902//2052
