# Blender 5.1.2
# www.blender.org
o GiftBoxExport
v -5.450000 -3.820000 -1.700000
v -5.000000 -3.370000 -1.450000
v -5.450000 -3.820000 0.550000
v -5.450000 3.820000 -1.700000
v -5.000000 3.370000 -1.450000
v -5.450000 3.820000 0.550000
v 5.450000 -3.820000 -1.700000
v 5.000000 -3.370000 -1.450000
v 5.450000 -3.820000 0.550000
v 5.450000 3.820000 -1.700000
v 5.000000 3.370000 -1.450000
v 5.450000 3.820000 0.550000
v -5.000000 -3.370000 0.550000
v -5.000000 3.370000 0.550000
v 5.000000 -3.370000 0.550000
v 5.000000 3.370000 0.550000
v -4.980000 -3.350000 -1.400000
v -4.980000 -3.350000 0.000000
v -4.980000 3.350000 -1.400000
v -4.980000 3.350000 0.000000
v 4.980000 -3.350000 -1.400000
v 4.980000 -3.350000 0.000000
v -3.700000 2.812386 -0.056168
v 4.980000 3.350000 -1.400000
v -3.700000 2.789674 -0.170349
v 4.980000 3.350000 0.000000
v -3.700000 2.700763 -0.385000
v -3.700000 2.559325 -0.569325
v -3.700000 2.471797 -0.646084
v -3.700000 2.375000 -0.710763
v -3.700000 2.270588 -0.762253
v -3.700000 2.160349 -0.799674
v -3.700000 2.046168 -0.822386
v -3.700000 1.930000 -0.830000
v -3.584826 2.804837 -0.056168
v -3.587790 2.782319 -0.170349
v -3.592674 2.745218 -0.280588
v -3.599395 2.694169 -0.385000
v -3.607837 2.630044 -0.481798
v -3.617857 2.553941 -0.569325
v -3.629281 2.467162 -0.646084
v -3.641916 2.371193 -0.710763
v -3.655544 2.267674 -0.762253
v -3.669934 2.158378 -0.799674
v -3.684837 2.045174 -0.822386
v -3.471622 2.782319 -0.056168
v -3.477500 2.760381 -0.170349
v -3.487185 2.724235 -0.280588
v -3.500512 2.674500 -0.385000
v -3.517252 2.612025 -0.481798
v -3.537119 2.537881 -0.569325
v -3.559772 2.453336 -0.646084
v -3.584826 2.359837 -0.710763
v -3.611849 2.258983 -0.762253
v -3.640381 2.152500 -0.799674
v -3.669934 2.042210 -0.822386
v -3.362326 2.745218 -0.056168
v -3.371017 2.724235 -0.170349
v -3.385338 2.689662 -0.280588
v -3.405042 2.642092 -0.385000
v -3.429793 2.582337 -0.481798
v -3.459168 2.511420 -0.569325
v -3.492663 2.430556 -0.646084
v -3.529706 2.341126 -0.710763
v -3.569663 2.244663 -0.762253
v -3.611849 2.142815 -0.799674
v -3.655544 2.037325 -0.822386
v -3.258807 2.694169 -0.056168
v -3.270163 2.674500 -0.170349
v -3.288874 2.642092 -0.280588
v -3.314619 2.597500 -0.385000
v -3.346958 2.541487 -0.481798
v -3.385338 2.475011 -0.569325
v -3.429101 2.399210 -0.646084
v -3.477500 2.315381 -0.710763
v -3.529706 2.224958 -0.762253
v -3.584826 2.129488 -0.799674
v -3.641916 2.030605 -0.822386
v -3.162838 2.630044 -0.056168
v -3.176664 2.612025 -0.170349
v -3.199444 2.582337 -0.280588
v -3.230789 2.541487 -0.385000
v -3.270163 2.490174 -0.481798
v -3.316891 2.429277 -0.569325
v -3.370174 2.359837 -0.646084
v -3.429101 2.283042 -0.710763
v -3.492663 2.200207 -0.762253
v -3.559772 2.112748 -0.799674
v -3.629281 2.022162 -0.822386
v -3.076059 2.553941 -0.056168
v -3.092119 2.537881 -0.170349
v -3.118580 2.511420 -0.280588
v -3.154989 2.475011 -0.385000
v -3.200723 2.429277 -0.481798
v -3.255000 2.375000 -0.569325
v -3.316891 2.313109 -0.646084
v -3.385338 2.244663 -0.710763
v -3.459168 2.170832 -0.762253
v -3.537119 2.092881 -0.799674
v -3.617857 2.012143 -0.822386
v -2.999956 2.467163 -0.056168
v -3.017975 2.453336 -0.170349
v -3.047663 2.430556 -0.280588
v -3.088513 2.399210 -0.385000
v -3.139826 2.359837 -0.481798
v -3.200723 2.313109 -0.569325
v -3.270163 2.259825 -0.646084
v -3.346958 2.200899 -0.710763
v -3.429793 2.137337 -0.762253
v -3.517252 2.070228 -0.799674
v -3.607837 2.000719 -0.822386
v -2.935831 2.371193 -0.056168
v -2.955500 2.359837 -0.170349
v -2.987908 2.341126 -0.280588
v -3.032500 2.315381 -0.385000
v -3.088513 2.283042 -0.481798
v -3.154989 2.244663 -0.569325
v -3.230789 2.200899 -0.646084
v -3.314619 2.152500 -0.710763
v -3.405042 2.100294 -0.762253
v -3.500512 2.045174 -0.799674
v -3.599395 1.988084 -0.822386
v -2.884782 2.267674 -0.056168
v -2.905765 2.258983 -0.170349
v -2.940338 2.244663 -0.280588
v -2.987908 2.224958 -0.385000
v -3.047663 2.200207 -0.481798
v -3.118579 2.170832 -0.569325
v -3.199444 2.137337 -0.646084
v -3.288874 2.100294 -0.710763
v -3.385337 2.060338 -0.762253
v -3.487185 2.018151 -0.799674
v -3.592674 1.974456 -0.822386
v -2.847681 2.158378 -0.056168
v -2.869618 2.152500 -0.170349
v -2.905765 2.142815 -0.280588
v -2.955500 2.129488 -0.385000
v -3.017975 2.112748 -0.481798
v -3.092119 2.092881 -0.569325
v -3.176664 2.070227 -0.646084
v -3.270163 2.045174 -0.710763
v -3.371017 2.018151 -0.762253
v -3.477500 1.989619 -0.799674
v -3.587790 1.960067 -0.822386
v -2.825163 2.045174 -0.056168
v -2.847681 2.042210 -0.170349
v -2.884782 2.037326 -0.280588
v -2.935831 2.030605 -0.385000
v -2.999956 2.022162 -0.481798
v -3.076059 2.012143 -0.569325
v -3.162838 2.000719 -0.646084
v -3.258807 1.988084 -0.710763
v -3.362325 1.974456 -0.762253
v -3.471622 1.960067 -0.799674
v -3.584826 1.945163 -0.822386
v -2.817614 1.930000 -0.056168
v -2.840326 1.930000 -0.170349
v -2.877747 1.930000 -0.280588
v -2.929237 1.930000 -0.385000
v -2.993915 1.930000 -0.481798
v -3.070675 1.930000 -0.569325
v -3.158202 1.930000 -0.646084
v -3.255000 1.930000 -0.710763
v -3.359412 1.930000 -0.762253
v -3.469651 1.930000 -0.799674
v -3.583832 1.930000 -0.822386
v -2.825163 1.814825 -0.056168
v -2.847680 1.817790 -0.170349
v -2.884782 1.822674 -0.280588
v -2.935831 1.829395 -0.385000
v -2.999956 1.837837 -0.481798
v -3.076059 1.847857 -0.569325
v -3.162838 1.859281 -0.646084
v -3.258807 1.871916 -0.710763
v -3.362325 1.885544 -0.762253
v -3.471622 1.899933 -0.799674
v -3.584826 1.914837 -0.822386
v -2.847680 1.701622 -0.056168
v -2.869618 1.707500 -0.170349
v -2.905765 1.717185 -0.280588
v -2.955500 1.730512 -0.385000
v -3.017975 1.747252 -0.481798
v -3.092119 1.767119 -0.569325
v -3.176664 1.789772 -0.646084
v -3.270163 1.814825 -0.710763
v -3.371017 1.841849 -0.762253
v -3.477500 1.870381 -0.799674
v -3.587790 1.899933 -0.822386
v -2.884781 1.592325 -0.056168
v -2.905765 1.601017 -0.170349
v -2.940337 1.615337 -0.280588
v -2.987908 1.635042 -0.385000
v -3.047663 1.659793 -0.481798
v -3.118579 1.689168 -0.569325
v -3.199444 1.722663 -0.646084
v -3.288874 1.759706 -0.710763
v -3.385337 1.799662 -0.762253
v -3.487185 1.841849 -0.799674
v -3.592674 1.885544 -0.822386
v -2.935831 1.488807 -0.056168
v -2.955500 1.500163 -0.170349
v -2.987908 1.518873 -0.280588
v -3.032500 1.544618 -0.385000
v -3.088513 1.576958 -0.481798
v -3.154989 1.615337 -0.569325
v -3.230789 1.659101 -0.646084
v -3.314619 1.707500 -0.710763
v -3.405042 1.759706 -0.762253
v -3.500512 1.814825 -0.799674
v -3.599395 1.871916 -0.822386
v -2.999956 1.392837 -0.056168
v -3.017975 1.406663 -0.170349
v -3.047663 1.429444 -0.280588
v -3.088513 1.460789 -0.385000
v -3.139825 1.500163 -0.481798
v -3.200723 1.546891 -0.569325
v -3.270163 1.600174 -0.646084
v -3.346958 1.659101 -0.710763
v -3.429793 1.722663 -0.762253
v -3.517252 1.789772 -0.799674
v -3.607837 1.859281 -0.822386
v -3.076059 1.306059 -0.056168
v -3.092119 1.322118 -0.170349
v -3.118579 1.348579 -0.280588
v -3.154988 1.384988 -0.385000
v -3.200723 1.430723 -0.481798
v -3.255000 1.485000 -0.569325
v -3.316891 1.546891 -0.646084
v -3.385338 1.615337 -0.710763
v -3.459168 1.689167 -0.762253
v -3.537119 1.767119 -0.799674
v -3.617857 1.847857 -0.822386
v -3.162837 1.229956 -0.056168
v -3.176663 1.247974 -0.170349
v -3.199444 1.277663 -0.280588
v -3.230789 1.318512 -0.385000
v -3.270163 1.369825 -0.481798
v -3.316891 1.430723 -0.569325
v -3.370174 1.500163 -0.646084
v -3.429101 1.576958 -0.710763
v -3.492663 1.659793 -0.762253
v -3.559772 1.747252 -0.799674
v -3.629281 1.837837 -0.822386
v -3.258807 1.165831 -0.056168
v -3.270163 1.185500 -0.170349
v -3.288873 1.217908 -0.280588
v -3.314619 1.262500 -0.385000
v -3.346958 1.318513 -0.481798
v -3.385338 1.384988 -0.569325
v -3.429101 1.460789 -0.646084
v -3.477500 1.544618 -0.710763
v -3.529706 1.635042 -0.762253
v -3.584826 1.730512 -0.799674
v -3.641916 1.829395 -0.822386
v -3.362325 1.114781 -0.056168
v -3.371017 1.135764 -0.170349
v -3.385337 1.170337 -0.280588
v -3.405042 1.217908 -0.385000
v -3.429793 1.277663 -0.481798
v -3.459168 1.348579 -0.569325
v -3.492663 1.429444 -0.646084
v -3.529706 1.518873 -0.710763
v -3.569663 1.615337 -0.762253
v -3.611849 1.717185 -0.799674
v -3.655544 1.822674 -0.822386
v -3.471622 1.077680 -0.056168
v -3.477500 1.099618 -0.170349
v -3.487185 1.135764 -0.280588
v -3.500512 1.185500 -0.385000
v -3.517252 1.247974 -0.481798
v -3.537119 1.322119 -0.569325
v -3.559772 1.406663 -0.646084
v -3.584826 1.500163 -0.710763
v -3.611849 1.601017 -0.762253
v -3.640381 1.707500 -0.799674
v -3.669934 1.817790 -0.822386
v -3.584826 1.055162 -0.056168
v -3.587790 1.077680 -0.170349
v -3.592674 1.114781 -0.280588
v -3.599395 1.165831 -0.385000
v -3.607837 1.229956 -0.481798
v -3.617857 1.306059 -0.569325
v -3.629281 1.392837 -0.646084
v -3.641916 1.488807 -0.710763
v -3.655545 1.592325 -0.762253
v -3.669934 1.701622 -0.799674
v -3.684837 1.814825 -0.822386
v -3.700000 1.047613 -0.056168
v -3.700000 1.070325 -0.170349
v -3.700000 1.107747 -0.280588
v -3.700000 1.159237 -0.385000
v -3.700000 1.223915 -0.481798
v -3.700000 1.300675 -0.569325
v -3.700000 1.388202 -0.646084
v -3.700000 1.485000 -0.710763
v -3.700000 1.589411 -0.762253
v -3.700000 1.699651 -0.799674
v -3.700000 1.813832 -0.822386
v -3.815175 1.055162 -0.056168
v -3.812210 1.077680 -0.170349
v -3.807326 1.114781 -0.280588
v -3.800605 1.165831 -0.385000
v -3.792163 1.229956 -0.481798
v -3.782144 1.306059 -0.569325
v -3.770719 1.392837 -0.646084
v -3.758084 1.488807 -0.710763
v -3.744456 1.592325 -0.762253
v -3.730067 1.701622 -0.799674
v -3.715163 1.814825 -0.822386
v -3.928379 1.077680 -0.056168
v -3.922500 1.099618 -0.170349
v -3.912815 1.135764 -0.280588
v -3.899488 1.185500 -0.385000
v -3.882748 1.247974 -0.481798
v -3.862881 1.322119 -0.569325
v -3.840228 1.406663 -0.646084
v -3.815175 1.500163 -0.710763
v -3.788151 1.601017 -0.762253
v -3.759619 1.707500 -0.799674
v -3.730067 1.817790 -0.822386
v -4.037675 1.114781 -0.056168
v -4.028984 1.135764 -0.170349
v -4.014663 1.170337 -0.280588
v -3.994958 1.217908 -0.385000
v -3.970207 1.277663 -0.481798
v -3.940832 1.348579 -0.569325
v -3.907337 1.429444 -0.646084
v -3.870294 1.518873 -0.710763
v -3.830338 1.615337 -0.762253
v -3.788151 1.717185 -0.799674
v -3.744456 1.822674 -0.822386
v -4.141193 1.165831 -0.056168
v -4.129838 1.185500 -0.170349
v -4.111127 1.217908 -0.280588
v -4.085382 1.262499 -0.385000
v -4.053042 1.318512 -0.481798
v -4.014663 1.384988 -0.569325
v -3.970899 1.460789 -0.646084
v -3.922500 1.544619 -0.710763
v -3.870294 1.635042 -0.762253
v -3.815175 1.730512 -0.799674
v -3.758084 1.829395 -0.822386
v -4.237163 1.229956 -0.056168
v -4.223337 1.247974 -0.170349
v -4.200556 1.277663 -0.280588
v -4.169211 1.318512 -0.385000
v -4.129838 1.369825 -0.481798
v -4.083109 1.430723 -0.569325
v -4.029826 1.500163 -0.646084
v -3.970899 1.576958 -0.710763
v -3.907337 1.659793 -0.762253
v -3.840228 1.747252 -0.799674
v -3.770719 1.837837 -0.822386
v -4.323942 1.306058 -0.056168
v -4.307882 1.322118 -0.170349
v -4.281421 1.348579 -0.280588
v -4.245012 1.384988 -0.385000
v -4.199277 1.430722 -0.481798
v -4.145000 1.485000 -0.569325
v -4.083109 1.546891 -0.646084
v -4.014663 1.615337 -0.710763
v -3.940833 1.689168 -0.762253
v -3.862881 1.767119 -0.799674
v -3.782144 1.847857 -0.822386
v -4.400044 1.392837 -0.056168
v -4.382026 1.406663 -0.170349
v -4.352337 1.429444 -0.280588
v -4.311488 1.460789 -0.385000
v -4.260175 1.500163 -0.481798
v -4.199277 1.546891 -0.569325
v -4.129838 1.600174 -0.646084
v -4.053042 1.659101 -0.710763
v -3.970207 1.722663 -0.762253
v -3.882748 1.789772 -0.799674
v -3.792163 1.859281 -0.822386
v -4.464170 1.488807 -0.056168
v -4.444500 1.500163 -0.170349
v -4.412092 1.518873 -0.280588
v -4.367501 1.544618 -0.385000
v -4.311488 1.576957 -0.481798
v -4.245012 1.615337 -0.569325
v -4.169211 1.659101 -0.646084
v -4.085382 1.707500 -0.710763
v -3.994958 1.759706 -0.762253
v -3.899488 1.814825 -0.799674
v -3.800605 1.871916 -0.822386
v -4.515219 1.592325 -0.056168
v -4.494236 1.601017 -0.170349
v -4.459663 1.615337 -0.280588
v -4.412093 1.635042 -0.385000
v -4.352338 1.659793 -0.481798
v -4.281421 1.689168 -0.569325
v -4.200556 1.722663 -0.646084
v -4.111127 1.759706 -0.710763
v -4.014663 1.799662 -0.762253
v -3.912815 1.841849 -0.799674
v -3.807326 1.885544 -0.822386
v -4.552320 1.701622 -0.056168
v -4.530382 1.707500 -0.170349
v -4.494236 1.717185 -0.280588
v -4.444500 1.730512 -0.385000
v -4.382026 1.747252 -0.481798
v -4.307881 1.767119 -0.569325
v -4.223337 1.789773 -0.646084
v -4.129838 1.814826 -0.710763
v -4.028983 1.841849 -0.762253
v -3.922500 1.870381 -0.799674
v -3.812210 1.899933 -0.822386
v -4.574838 1.814826 -0.056168
v -4.552320 1.817790 -0.170349
v -4.515219 1.822674 -0.280588
v -4.464170 1.829395 -0.385000
v -4.400044 1.837837 -0.481798
v -4.323941 1.847857 -0.569325
v -4.237163 1.859281 -0.646084
v -4.141193 1.871916 -0.710763
v -4.037675 1.885544 -0.762253
v -3.928379 1.899933 -0.799674
v -3.815175 1.914837 -0.822386
v -4.582387 1.930000 -0.056168
v -4.559675 1.930000 -0.170349
v -4.522254 1.930000 -0.280588
v -4.470764 1.930000 -0.385000
v -4.406085 1.930000 -0.481798
v -4.329325 1.930000 -0.569325
v -4.241798 1.930000 -0.646084
v -4.145000 1.930000 -0.710763
v -4.040588 1.930000 -0.762253
v -3.930349 1.930000 -0.799674
v -3.816169 1.930000 -0.822386
v -4.574838 2.045175 -0.056168
v -4.552320 2.042210 -0.170349
v -4.515219 2.037326 -0.280588
v -4.464170 2.030605 -0.385000
v -4.400044 2.022163 -0.481798
v -4.323941 2.012144 -0.569325
v -4.237163 2.000719 -0.646084
v -4.141193 1.988084 -0.710763
v -4.037675 1.974456 -0.762253
v -3.928379 1.960067 -0.799674
v -3.815175 1.945163 -0.822386
v -4.552320 2.158379 -0.056168
v -4.530382 2.152500 -0.170349
v -4.494236 2.142815 -0.280588
v -4.444500 2.129488 -0.385000
v -4.382026 2.112748 -0.481798
v -4.307881 2.092881 -0.569325
v -4.223337 2.070228 -0.646084
v -4.129837 2.045175 -0.710763
v -4.028983 2.018151 -0.762253
v -3.922500 1.989619 -0.799674
v -3.812210 1.960067 -0.822386
v -4.515219 2.267675 -0.056168
v -4.494236 2.258984 -0.170349
v -4.459663 2.244663 -0.280588
v -4.412093 2.224958 -0.385000
v -4.352338 2.200207 -0.481798
v -4.281421 2.170832 -0.569325
v -4.200556 2.137337 -0.646084
v -4.111127 2.100294 -0.710763
v -4.014663 2.060338 -0.762253
v -3.912815 2.018151 -0.799674
v -3.807326 1.974456 -0.822386
v -4.464170 2.371194 -0.056168
v -4.444500 2.359838 -0.170349
v -4.412093 2.341127 -0.280588
v -4.367501 2.315382 -0.385000
v -4.311488 2.283043 -0.481798
v -4.245012 2.244663 -0.569325
v -4.169211 2.200899 -0.646084
v -4.085382 2.152500 -0.710763
v -3.994958 2.100294 -0.762253
v -3.899488 2.045175 -0.799674
v -3.800605 1.988084 -0.822386
v -4.400044 2.467163 -0.056168
v -4.382026 2.453337 -0.170349
v -4.352338 2.430556 -0.280588
v -4.311488 2.399211 -0.385000
v -4.260175 2.359838 -0.481798
v -4.199277 2.313109 -0.569325
v -4.129837 2.259826 -0.646084
v -4.053042 2.200899 -0.710763
v -3.970207 2.137337 -0.762253
v -3.882748 2.070228 -0.799674
v -3.792163 2.000719 -0.822386
v -4.323942 2.553942 -0.056168
v -4.307882 2.537882 -0.170349
v -4.281421 2.511421 -0.280588
v -4.245012 2.475012 -0.385000
v -4.199278 2.429278 -0.481798
v -4.145000 2.375000 -0.569325
v -4.083109 2.313109 -0.646084
v -4.014663 2.244663 -0.710763
v -3.940832 2.170832 -0.762253
v -3.862881 2.092881 -0.799674
v -3.782144 2.012143 -0.822386
v -4.237163 2.630045 -0.056168
v -4.223337 2.612026 -0.170349
v -4.200556 2.582338 -0.280588
v -4.169211 2.541488 -0.385000
v -4.129838 2.490175 -0.481798
v -4.083109 2.429277 -0.569325
v -4.029826 2.359838 -0.646084
v -3.970899 2.283042 -0.710763
v -3.907337 2.200207 -0.762253
v -3.840228 2.112748 -0.799674
v -3.770719 2.022163 -0.822386
v -4.141193 2.694170 -0.056168
v -4.129838 2.674500 -0.170349
v -4.111127 2.642093 -0.280588
v -4.085382 2.597501 -0.385000
v -4.053042 2.541488 -0.481798
v -4.014663 2.475012 -0.569325
v -3.970899 2.399211 -0.646084
v -3.922500 2.315382 -0.710763
v -3.870294 2.224958 -0.762253
v -3.815175 2.129488 -0.799674
v -3.758084 2.030605 -0.822386
v -4.037675 2.745219 -0.056168
v -4.028983 2.724236 -0.170349
v -4.014663 2.689663 -0.280588
v -3.994958 2.642093 -0.385000
v -3.970207 2.582338 -0.481798
v -3.940832 2.511421 -0.569325
v -3.907337 2.430556 -0.646084
v -3.870294 2.341127 -0.710763
v -3.830338 2.244663 -0.762253
v -3.788151 2.142815 -0.799674
v -3.744456 2.037326 -0.822386
v -3.928379 2.782320 -0.056168
v -3.922500 2.760382 -0.170349
v -3.912815 2.724236 -0.280588
v -3.899488 2.674500 -0.385000
v -3.882748 2.612026 -0.481798
v -3.862881 2.537882 -0.569325
v -3.840228 2.453337 -0.646084
v -3.815174 2.359837 -0.710763
v -3.788151 2.258983 -0.762253
v -3.759619 2.152500 -0.799674
v -3.730067 2.042210 -0.822386
v -3.815175 2.804838 -0.056168
v -3.812210 2.782320 -0.170349
v -3.807326 2.745219 -0.280588
v -3.800605 2.694170 -0.385000
v -3.792163 2.630045 -0.481798
v -3.782143 2.553941 -0.569325
v -3.770719 2.467163 -0.646084
v -3.758084 2.371193 -0.710763
v -3.744456 2.267675 -0.762253
v -3.730067 2.158378 -0.799674
v -3.715163 2.045175 -0.822386
v -3.700000 2.752254 -0.280588
v -3.700000 2.636085 -0.481798
v -1.330000 2.812386 -0.056168
v -1.330000 2.789674 -0.170349
v -1.330000 2.700763 -0.385000
v -1.330000 2.559325 -0.569325
v -1.330000 2.471797 -0.646084
v -1.330000 2.375000 -0.710763
v -1.330000 2.270588 -0.762253
v -1.330000 2.160349 -0.799674
v -1.330000 2.046168 -0.822386
v -1.330000 1.930000 -0.830000
v -1.214826 2.804837 -0.056168
v -1.217790 2.782319 -0.170349
v -1.222675 2.745218 -0.280588
v -1.229395 2.694169 -0.385000
v -1.237838 2.630044 -0.481798
v -1.247857 2.553941 -0.569325
v -1.259281 2.467162 -0.646084
v -1.271916 2.371193 -0.710763
v -1.285544 2.267674 -0.762253
v -1.299934 2.158378 -0.799674
v -1.314837 2.045174 -0.822386
v -1.101622 2.782319 -0.056168
v -1.107500 2.760381 -0.170349
v -1.117185 2.724235 -0.280588
v -1.130512 2.674500 -0.385000
v -1.147252 2.612025 -0.481798
v -1.167119 2.537881 -0.569325
v -1.189773 2.453336 -0.646084
v -1.214826 2.359837 -0.710763
v -1.241849 2.258983 -0.762253
v -1.270381 2.152500 -0.799674
v -1.299934 2.042210 -0.822386
v -0.992326 2.745218 -0.056168
v -1.001017 2.724235 -0.170349
v -1.015338 2.689662 -0.280588
v -1.035042 2.642092 -0.385000
v -1.059793 2.582337 -0.481798
v -1.089168 2.511420 -0.569325
v -1.122663 2.430556 -0.646084
v -1.159706 2.341126 -0.710763
v -1.199663 2.244663 -0.762253
v -1.241849 2.142815 -0.799674
v -1.285544 2.037325 -0.822386
v -0.888807 2.694169 -0.056168
v -0.900163 2.674500 -0.170349
v -0.918874 2.642092 -0.280588
v -0.944619 2.597500 -0.385000
v -0.976958 2.541487 -0.481798
v -1.015338 2.475011 -0.569325
v -1.059101 2.399210 -0.646084
v -1.107500 2.315381 -0.710763
v -1.159706 2.224958 -0.762253
v -1.214826 2.129488 -0.799674
v -1.271916 2.030605 -0.822386
v -0.792838 2.630044 -0.056168
v -0.806664 2.612025 -0.170349
v -0.829444 2.582337 -0.280588
v -0.860790 2.541487 -0.385000
v -0.900163 2.490174 -0.481798
v -0.946891 2.429277 -0.569325
v -1.000175 2.359837 -0.646084
v -1.059101 2.283042 -0.710763
v -1.122663 2.200207 -0.762253
v -1.189773 2.112748 -0.799674
v -1.259281 2.022162 -0.822386
v -0.706059 2.553941 -0.056168
v -0.722119 2.537881 -0.170349
v -0.748580 2.511420 -0.280588
v -0.784989 2.475011 -0.385000
v -0.830723 2.429277 -0.481798
v -0.885000 2.375000 -0.569325
v -0.946891 2.313109 -0.646084
v -1.015338 2.244663 -0.710763
v -1.089168 2.170832 -0.762253
v -1.167119 2.092881 -0.799674
v -1.247857 2.012143 -0.822386
v -0.629956 2.467163 -0.056168
v -0.647975 2.453336 -0.170349
v -0.677663 2.430556 -0.280588
v -0.718513 2.399210 -0.385000
v -0.769826 2.359837 -0.481798
v -0.830723 2.313109 -0.569325
v -0.900163 2.259825 -0.646084
v -0.976958 2.200899 -0.710763
v -1.059793 2.137337 -0.762253
v -1.147252 2.070228 -0.799674
v -1.237838 2.000719 -0.822386
v -0.565831 2.371193 -0.056168
v -0.585500 2.359837 -0.170349
v -0.617908 2.341126 -0.280588
v -0.662500 2.315381 -0.385000
v -0.718513 2.283042 -0.481798
v -0.784989 2.244663 -0.569325
v -0.860790 2.200899 -0.646084
v -0.944619 2.152500 -0.710763
v -1.035042 2.100294 -0.762253
v -1.130512 2.045174 -0.799674
v -1.229395 1.988084 -0.822386
v -0.514782 2.267674 -0.056168
v -0.535765 2.258983 -0.170349
v -0.570338 2.244663 -0.280588
v -0.617908 2.224958 -0.385000
v -0.677663 2.200207 -0.481798
v -0.748580 2.170832 -0.569325
v -0.829444 2.137337 -0.646084
v -0.918874 2.100294 -0.710763
v -1.015337 2.060338 -0.762253
v -1.117185 2.018151 -0.799674
v -1.222675 1.974456 -0.822386
v -0.477681 2.158378 -0.056168
v -0.499619 2.152500 -0.170349
v -0.535765 2.142815 -0.280588
v -0.585500 2.129488 -0.385000
v -0.647975 2.112748 -0.481798
v -0.722119 2.092881 -0.569325
v -0.806664 2.070227 -0.646084
v -0.900163 2.045174 -0.710763
v -1.001017 2.018151 -0.762253
v -1.107500 1.989619 -0.799674
v -1.217790 1.960067 -0.822386
v -0.455163 2.045174 -0.056168
v -0.477680 2.042210 -0.170349
v -0.514782 2.037326 -0.280588
v -0.565831 2.030605 -0.385000
v -0.629956 2.022162 -0.481798
v -0.706059 2.012143 -0.569325
v -0.792838 2.000719 -0.646084
v -0.888807 1.988084 -0.710763
v -0.992326 1.974456 -0.762253
v -1.101622 1.960067 -0.799674
v -1.214826 1.945163 -0.822386
v -0.447614 1.930000 -0.056168
v -0.470326 1.930000 -0.170349
v -0.507747 1.930000 -0.280588
v -0.559237 1.930000 -0.385000
v -0.623915 1.930000 -0.481798
v -0.700675 1.930000 -0.569325
v -0.788203 1.930000 -0.646084
v -0.885000 1.930000 -0.710763
v -0.989412 1.930000 -0.762253
v -1.099651 1.930000 -0.799674
v -1.213832 1.930000 -0.822386
v -0.455163 1.814825 -0.056168
v -0.477680 1.817790 -0.170349
v -0.514782 1.822674 -0.280588
v -0.565831 1.829395 -0.385000
v -0.629956 1.837837 -0.481798
v -0.706059 1.847857 -0.569325
v -0.792838 1.859281 -0.646084
v -0.888807 1.871916 -0.710763
v -0.992326 1.885544 -0.762253
v -1.101622 1.899933 -0.799674
v -1.214826 1.914837 -0.822386
v -0.477680 1.701622 -0.056168
v -0.499619 1.707500 -0.170349
v -0.535765 1.717185 -0.280588
v -0.585500 1.730512 -0.385000
v -0.647975 1.747252 -0.481798
v -0.722119 1.767119 -0.569325
v -0.806664 1.789772 -0.646084
v -0.900163 1.814825 -0.710763
v -1.001017 1.841849 -0.762253
v -1.107500 1.870381 -0.799674
v -1.217790 1.899933 -0.822386
v -0.514781 1.592325 -0.056168
v -0.535765 1.601017 -0.170349
v -0.570338 1.615337 -0.280588
v -0.617908 1.635042 -0.385000
v -0.677663 1.659793 -0.481798
v -0.748580 1.689168 -0.569325
v -0.829444 1.722663 -0.646084
v -0.918874 1.759706 -0.710763
v -1.015338 1.799662 -0.762253
v -1.117185 1.841849 -0.799674
v -1.222675 1.885544 -0.822386
v -0.565831 1.488807 -0.056168
v -0.585500 1.500163 -0.170349
v -0.617908 1.518873 -0.280588
v -0.662500 1.544618 -0.385000
v -0.718513 1.576958 -0.481798
v -0.784989 1.615337 -0.569325
v -0.860790 1.659101 -0.646084
v -0.944619 1.707500 -0.710763
v -1.035042 1.759706 -0.762253
v -1.130512 1.814825 -0.799674
v -1.229395 1.871916 -0.822386
v -0.629956 1.392837 -0.056168
v -0.647975 1.406663 -0.170349
v -0.677663 1.429444 -0.280588
v -0.718513 1.460789 -0.385000
v -0.769825 1.500163 -0.481798
v -0.830723 1.546891 -0.569325
v -0.900163 1.600174 -0.646084
v -0.976958 1.659101 -0.710763
v -1.059793 1.722663 -0.762253
v -1.147252 1.789772 -0.799674
v -1.237838 1.859281 -0.822386
v -0.706059 1.306059 -0.056168
v -0.722119 1.322118 -0.170349
v -0.748580 1.348579 -0.280588
v -0.784988 1.384988 -0.385000
v -0.830723 1.430723 -0.481798
v -0.885000 1.485000 -0.569325
v -0.946891 1.546891 -0.646084
v -1.015338 1.615337 -0.710763
v -1.089168 1.689167 -0.762253
v -1.167119 1.767119 -0.799674
v -1.247857 1.847857 -0.822386
v -0.792837 1.229956 -0.056168
v -0.806664 1.247974 -0.170349
v -0.829444 1.277663 -0.280588
v -0.860790 1.318512 -0.385000
v -0.900163 1.369825 -0.481798
v -0.946891 1.430723 -0.569325
v -1.000175 1.500163 -0.646084
v -1.059101 1.576958 -0.710763
v -1.122663 1.659793 -0.762253
v -1.189773 1.747252 -0.799674
v -1.259281 1.837837 -0.822386
v -0.888807 1.165831 -0.056168
v -0.900163 1.185500 -0.170349
v -0.918874 1.217908 -0.280588
v -0.944619 1.262500 -0.385000
v -0.976958 1.318513 -0.481798
v -1.015338 1.384988 -0.569325
v -1.059101 1.460789 -0.646084
v -1.107500 1.544618 -0.710763
v -1.159706 1.635042 -0.762253
v -1.214826 1.730512 -0.799674
v -1.271916 1.829395 -0.822386
v -0.992326 1.114781 -0.056168
v -1.001017 1.135764 -0.170349
v -1.015337 1.170337 -0.280588
v -1.035042 1.217908 -0.385000
v -1.059793 1.277663 -0.481798
v -1.089168 1.348579 -0.569325
v -1.122663 1.429444 -0.646084
v -1.159706 1.518873 -0.710763
v -1.199663 1.615337 -0.762253
v -1.241849 1.717185 -0.799674
v -1.285544 1.822674 -0.822386
v -1.101622 1.077680 -0.056168
v -1.107500 1.099618 -0.170349
v -1.117185 1.135764 -0.280588
v -1.130512 1.185500 -0.385000
v -1.147252 1.247974 -0.481798
v -1.167119 1.322119 -0.569325
v -1.189773 1.406663 -0.646084
v -1.214826 1.500163 -0.710763
v -1.241849 1.601017 -0.762253
v -1.270381 1.707500 -0.799674
v -1.299934 1.817790 -0.822386
v -1.214826 1.055162 -0.056168
v -1.217790 1.077680 -0.170349
v -1.222675 1.114781 -0.280588
v -1.229395 1.165831 -0.385000
v -1.237838 1.229956 -0.481798
v -1.247857 1.306059 -0.569325
v -1.259281 1.392837 -0.646084
v -1.271916 1.488807 -0.710763
v -1.285545 1.592325 -0.762253
v -1.299934 1.701622 -0.799674
v -1.314837 1.814825 -0.822386
v -1.330000 1.047613 -0.056168
v -1.330000 1.070325 -0.170349
v -1.330000 1.107747 -0.280588
v -1.330000 1.159237 -0.385000
v -1.330000 1.223915 -0.481798
v -1.330000 1.300675 -0.569325
v -1.330000 1.388202 -0.646084
v -1.330000 1.485000 -0.710763
v -1.330000 1.589411 -0.762253
v -1.330000 1.699651 -0.799674
v -1.330000 1.813832 -0.822386
v -1.445175 1.055162 -0.056168
v -1.442210 1.077680 -0.170349
v -1.437326 1.114781 -0.280588
v -1.430605 1.165831 -0.385000
v -1.422163 1.229956 -0.481798
v -1.412144 1.306059 -0.569325
v -1.400719 1.392837 -0.646084
v -1.388084 1.488807 -0.710763
v -1.374456 1.592325 -0.762253
v -1.360067 1.701622 -0.799674
v -1.345163 1.814825 -0.822386
v -1.558379 1.077680 -0.056168
v -1.552500 1.099618 -0.170349
v -1.542815 1.135764 -0.280588
v -1.529488 1.185500 -0.385000
v -1.512748 1.247974 -0.481798
v -1.492882 1.322119 -0.569325
v -1.470228 1.406663 -0.646084
v -1.445175 1.500163 -0.710763
v -1.418151 1.601017 -0.762253
v -1.389619 1.707500 -0.799674
v -1.360067 1.817790 -0.822386
v -1.667675 1.114781 -0.056168
v -1.658983 1.135764 -0.170349
v -1.644663 1.170337 -0.280588
v -1.624959 1.217908 -0.385000
v -1.600207 1.277663 -0.481798
v -1.570832 1.348579 -0.569325
v -1.537337 1.429444 -0.646084
v -1.500294 1.518873 -0.710763
v -1.460338 1.615337 -0.762253
v -1.418151 1.717185 -0.799674
v -1.374456 1.822674 -0.822386
v -1.771194 1.165831 -0.056168
v -1.759838 1.185500 -0.170349
v -1.741127 1.217908 -0.280588
v -1.715382 1.262499 -0.385000
v -1.683043 1.318512 -0.481798
v -1.644663 1.384988 -0.569325
v -1.600899 1.460789 -0.646084
v -1.552500 1.544619 -0.710763
v -1.500294 1.635042 -0.762253
v -1.445175 1.730512 -0.799674
v -1.388084 1.829395 -0.822386
v -1.867163 1.229956 -0.056168
v -1.853337 1.247974 -0.170349
v -1.830556 1.277663 -0.280588
v -1.799211 1.318512 -0.385000
v -1.759838 1.369825 -0.481798
v -1.713109 1.430723 -0.569325
v -1.659826 1.500163 -0.646084
v -1.600899 1.576958 -0.710763
v -1.537337 1.659793 -0.762253
v -1.470228 1.747252 -0.799674
v -1.400719 1.837837 -0.822386
v -1.953942 1.306058 -0.056168
v -1.937882 1.322118 -0.170349
v -1.911421 1.348579 -0.280588
v -1.875012 1.384988 -0.385000
v -1.829278 1.430722 -0.481798
v -1.775000 1.485000 -0.569325
v -1.713109 1.546891 -0.646084
v -1.644663 1.615337 -0.710763
v -1.570833 1.689168 -0.762253
v -1.492882 1.767119 -0.799674
v -1.412144 1.847857 -0.822386
v -2.030045 1.392837 -0.056168
v -2.012026 1.406663 -0.170349
v -1.982338 1.429444 -0.280588
v -1.941488 1.460789 -0.385000
v -1.890175 1.500163 -0.481798
v -1.829278 1.546891 -0.569325
v -1.759838 1.600174 -0.646084
v -1.683043 1.659101 -0.710763
v -1.600207 1.722663 -0.762253
v -1.512748 1.789772 -0.799674
v -1.422163 1.859281 -0.822386
v -2.094170 1.488807 -0.056168
v -2.074500 1.500163 -0.170349
v -2.042093 1.518873 -0.280588
v -1.997501 1.544618 -0.385000
v -1.941488 1.576957 -0.481798
v -1.875012 1.615337 -0.569325
v -1.799211 1.659101 -0.646084
v -1.715382 1.707500 -0.710763
v -1.624959 1.759706 -0.762253
v -1.529488 1.814825 -0.799674
v -1.430605 1.871916 -0.822386
v -2.145219 1.592325 -0.056168
v -2.124236 1.601017 -0.170349
v -2.089663 1.615337 -0.280588
v -2.042093 1.635042 -0.385000
v -1.982338 1.659793 -0.481798
v -1.911421 1.689168 -0.569325
v -1.830556 1.722663 -0.646084
v -1.741127 1.759706 -0.710763
v -1.644663 1.799662 -0.762253
v -1.542815 1.841849 -0.799674
v -1.437326 1.885544 -0.822386
v -2.182320 1.701622 -0.056168
v -2.160382 1.707500 -0.170349
v -2.124236 1.717185 -0.280588
v -2.074501 1.730512 -0.385000
v -2.012026 1.747252 -0.481798
v -1.937882 1.767119 -0.569325
v -1.853337 1.789773 -0.646084
v -1.759837 1.814826 -0.710763
v -1.658983 1.841849 -0.762253
v -1.552500 1.870381 -0.799674
v -1.442210 1.899933 -0.822386
v -2.204838 1.814826 -0.056168
v -2.182320 1.817790 -0.170349
v -2.145219 1.822674 -0.280588
v -2.094170 1.829395 -0.385000
v -2.030045 1.837837 -0.481798
v -1.953941 1.847857 -0.569325
v -1.867163 1.859281 -0.646084
v -1.771193 1.871916 -0.710763
v -1.667675 1.885544 -0.762253
v -1.558379 1.899933 -0.799674
v -1.445175 1.914837 -0.822386
v -2.212387 1.930000 -0.056168
v -2.189675 1.930000 -0.170349
v -2.152254 1.930000 -0.280588
v -2.100764 1.930000 -0.385000
v -2.036085 1.930000 -0.481798
v -1.959325 1.930000 -0.569325
v -1.871798 1.930000 -0.646084
v -1.775000 1.930000 -0.710763
v -1.670589 1.930000 -0.762253
v -1.560349 1.930000 -0.799674
v -1.446169 1.930000 -0.822386
v -2.204838 2.045175 -0.056168
v -2.182320 2.042210 -0.170349
v -2.145219 2.037326 -0.280588
v -2.094170 2.030605 -0.385000
v -2.030045 2.022163 -0.481798
v -1.953941 2.012144 -0.569325
v -1.867163 2.000719 -0.646084
v -1.771193 1.988084 -0.710763
v -1.667675 1.974456 -0.762253
v -1.558379 1.960067 -0.799674
v -1.445175 1.945163 -0.822386
v -2.182321 2.158379 -0.056168
v -2.160382 2.152500 -0.170349
v -2.124236 2.142815 -0.280588
v -2.074501 2.129488 -0.385000
v -2.012026 2.112748 -0.481798
v -1.937882 2.092881 -0.569325
v -1.853337 2.070228 -0.646084
v -1.759837 2.045175 -0.710763
v -1.658983 2.018151 -0.762253
v -1.552500 1.989619 -0.799674
v -1.442210 1.960067 -0.822386
v -2.145219 2.267675 -0.056168
v -2.124236 2.258984 -0.170349
v -2.089664 2.244663 -0.280588
v -2.042093 2.224958 -0.385000
v -1.982338 2.200207 -0.481798
v -1.911421 2.170832 -0.569325
v -1.830556 2.137337 -0.646084
v -1.741127 2.100294 -0.710763
v -1.644663 2.060338 -0.762253
v -1.542815 2.018151 -0.799674
v -1.437326 1.974456 -0.822386
v -2.094170 2.371194 -0.056168
v -2.074500 2.359838 -0.170349
v -2.042093 2.341127 -0.280588
v -1.997501 2.315382 -0.385000
v -1.941488 2.283043 -0.481798
v -1.875012 2.244663 -0.569325
v -1.799211 2.200899 -0.646084
v -1.715382 2.152500 -0.710763
v -1.624958 2.100294 -0.762253
v -1.529488 2.045175 -0.799674
v -1.430605 1.988084 -0.822386
v -2.030045 2.467163 -0.056168
v -2.012026 2.453337 -0.170349
v -1.982338 2.430556 -0.280588
v -1.941488 2.399211 -0.385000
v -1.890175 2.359838 -0.481798
v -1.829277 2.313109 -0.569325
v -1.759837 2.259826 -0.646084
v -1.683043 2.200899 -0.710763
v -1.600207 2.137337 -0.762253
v -1.512748 2.070228 -0.799674
v -1.422163 2.000719 -0.822386
v -1.953942 2.553942 -0.056168
v -1.937882 2.537882 -0.170349
v -1.911421 2.511421 -0.280588
v -1.875012 2.475012 -0.385000
v -1.829278 2.429278 -0.481798
v -1.775000 2.375000 -0.569325
v -1.713109 2.313109 -0.646084
v -1.644663 2.244663 -0.710763
v -1.570832 2.170832 -0.762253
v -1.492882 2.092881 -0.799674
v -1.412144 2.012143 -0.822386
v -1.867163 2.630045 -0.056168
v -1.853337 2.612026 -0.170349
v -1.830556 2.582338 -0.280588
v -1.799211 2.541488 -0.385000
v -1.759838 2.490175 -0.481798
v -1.713109 2.429277 -0.569325
v -1.659826 2.359838 -0.646084
v -1.600899 2.283042 -0.710763
v -1.537337 2.200207 -0.762253
v -1.470228 2.112748 -0.799674
v -1.400719 2.022163 -0.822386
v -1.771194 2.694170 -0.056168
v -1.759837 2.674500 -0.170349
v -1.741127 2.642093 -0.280588
v -1.715382 2.597501 -0.385000
v -1.683043 2.541488 -0.481798
v -1.644663 2.475012 -0.569325
v -1.600899 2.399211 -0.646084
v -1.552500 2.315382 -0.710763
v -1.500294 2.224958 -0.762253
v -1.445175 2.129488 -0.799674
v -1.388084 2.030605 -0.822386
v -1.667675 2.745219 -0.056168
v -1.658983 2.724236 -0.170349
v -1.644663 2.689663 -0.280588
v -1.624959 2.642093 -0.385000
v -1.600207 2.582338 -0.481798
v -1.570832 2.511421 -0.569325
v -1.537337 2.430556 -0.646084
v -1.500294 2.341127 -0.710763
v -1.460338 2.244663 -0.762253
v -1.418151 2.142815 -0.799674
v -1.374456 2.037326 -0.822386
v -1.558379 2.782320 -0.056168
v -1.552500 2.760382 -0.170349
v -1.542815 2.724236 -0.280588
v -1.529488 2.674500 -0.385000
v -1.512748 2.612026 -0.481798
v -1.492881 2.537882 -0.569325
v -1.470228 2.453337 -0.646084
v -1.445174 2.359837 -0.710763
v -1.418151 2.258983 -0.762253
v -1.389619 2.152500 -0.799674
v -1.360067 2.042210 -0.822386
v -1.445175 2.804838 -0.056168
v -1.442210 2.782320 -0.170349
v -1.437326 2.745219 -0.280588
v -1.430605 2.694170 -0.385000
v -1.422163 2.630045 -0.481798
v -1.412143 2.553941 -0.569325
v -1.400719 2.467163 -0.646084
v -1.388084 2.371193 -0.710763
v -1.374456 2.267675 -0.762253
v -1.360067 2.158378 -0.799674
v -1.345163 2.045175 -0.822386
v -1.330000 2.752254 -0.280588
v -1.330000 2.636085 -0.481798
v -3.700000 0.882386 -0.056168
v -3.700000 0.859674 -0.170349
v -3.700000 0.770763 -0.385000
v -3.700000 0.629325 -0.569325
v -3.700000 0.541798 -0.646084
v -3.700000 0.445000 -0.710763
v -3.700000 0.340588 -0.762253
v -3.700000 0.230349 -0.799674
v -3.700000 0.116168 -0.822386
v -3.700000 0.000000 -0.830000
v -3.584826 0.874837 -0.056168
v -3.587790 0.852319 -0.170349
v -3.592674 0.815218 -0.280588
v -3.599395 0.764169 -0.385000
v -3.607837 0.700044 -0.481798
v -3.617857 0.623941 -0.569325
v -3.629281 0.537162 -0.646084
v -3.641916 0.441193 -0.710763
v -3.655544 0.337674 -0.762253
v -3.669934 0.228378 -0.799674
v -3.684837 0.115175 -0.822386
v -3.471622 0.852319 -0.056168
v -3.477500 0.830381 -0.170349
v -3.487185 0.794235 -0.280588
v -3.500512 0.744500 -0.385000
v -3.517252 0.682025 -0.481798
v -3.537119 0.607881 -0.569325
v -3.559772 0.523336 -0.646084
v -3.584826 0.429837 -0.710763
v -3.611849 0.328983 -0.762253
v -3.640381 0.222500 -0.799674
v -3.669934 0.112210 -0.822386
v -3.362326 0.815218 -0.056168
v -3.371017 0.794235 -0.170349
v -3.385338 0.759663 -0.280588
v -3.405042 0.712092 -0.385000
v -3.429793 0.652337 -0.481798
v -3.459168 0.581421 -0.569325
v -3.492663 0.500556 -0.646084
v -3.529706 0.411126 -0.710763
v -3.569663 0.314663 -0.762253
v -3.611849 0.212815 -0.799674
v -3.655544 0.107326 -0.822386
v -3.258807 0.764169 -0.056168
v -3.270163 0.744500 -0.170349
v -3.288874 0.712092 -0.280588
v -3.314619 0.667500 -0.385000
v -3.346958 0.611487 -0.481798
v -3.385338 0.545012 -0.569325
v -3.429101 0.469211 -0.646084
v -3.477500 0.385381 -0.710763
v -3.529706 0.294958 -0.762253
v -3.584826 0.199488 -0.799674
v -3.641916 0.100605 -0.822386
v -3.162838 0.700044 -0.056168
v -3.176664 0.682025 -0.170349
v -3.199444 0.652337 -0.280588
v -3.230789 0.611487 -0.385000
v -3.270163 0.560174 -0.481798
v -3.316891 0.499277 -0.569325
v -3.370174 0.429837 -0.646084
v -3.429101 0.353042 -0.710763
v -3.492663 0.270207 -0.762253
v -3.559772 0.182748 -0.799674
v -3.629281 0.092162 -0.822386
v -3.076059 0.623941 -0.056168
v -3.092119 0.607881 -0.170349
v -3.118580 0.581421 -0.280588
v -3.154989 0.545012 -0.385000
v -3.200723 0.499277 -0.481798
v -3.255000 0.445000 -0.569325
v -3.316891 0.383109 -0.646084
v -3.385338 0.314663 -0.710763
v -3.459168 0.240832 -0.762253
v -3.537119 0.162881 -0.799674
v -3.617857 0.082143 -0.822386
v -2.999956 0.537163 -0.056168
v -3.017975 0.523336 -0.170349
v -3.047663 0.500556 -0.280588
v -3.088513 0.469211 -0.385000
v -3.139826 0.429837 -0.481798
v -3.200723 0.383109 -0.569325
v -3.270163 0.329826 -0.646084
v -3.346958 0.270899 -0.710763
v -3.429793 0.207337 -0.762253
v -3.517252 0.140228 -0.799674
v -3.607837 0.070719 -0.822386
v -2.935831 0.441193 -0.056168
v -2.955500 0.429837 -0.170349
v -2.987908 0.411126 -0.280588
v -3.032500 0.385381 -0.385000
v -3.088513 0.353042 -0.481798
v -3.154989 0.314663 -0.569325
v -3.230789 0.270899 -0.646084
v -3.314619 0.222500 -0.710763
v -3.405042 0.170294 -0.762253
v -3.500512 0.115175 -0.799674
v -3.599395 0.058084 -0.822386
v -2.884782 0.337674 -0.056168
v -2.905765 0.328983 -0.170349
v -2.940338 0.314663 -0.280588
v -2.987908 0.294958 -0.385000
v -3.047663 0.270207 -0.481798
v -3.118579 0.240832 -0.569325
v -3.199444 0.207337 -0.646084
v -3.288874 0.170294 -0.710763
v -3.385337 0.130337 -0.762253
v -3.487185 0.088151 -0.799674
v -3.592674 0.044456 -0.822386
v -2.847681 0.228378 -0.056168
v -2.869618 0.222500 -0.170349
v -2.905765 0.212815 -0.280588
v -2.955500 0.199488 -0.385000
v -3.017975 0.182748 -0.481798
v -3.092119 0.162881 -0.569325
v -3.176664 0.140227 -0.646084
v -3.270163 0.115174 -0.710763
v -3.371017 0.088151 -0.762253
v -3.477500 0.059619 -0.799674
v -3.587790 0.030067 -0.822386
v -2.825163 0.115174 -0.056168
v -2.847681 0.112210 -0.170349
v -2.884782 0.107326 -0.280588
v -2.935831 0.100605 -0.385000
v -2.999956 0.092162 -0.481798
v -3.076059 0.082143 -0.569325
v -3.162838 0.070719 -0.646084
v -3.258807 0.058084 -0.710763
v -3.362325 0.044456 -0.762253
v -3.471622 0.030067 -0.799674
v -3.584826 0.015163 -0.822386
v -2.817614 -0.000000 -0.056168
v -2.840326 0.000000 -0.170349
v -2.877747 0.000000 -0.280588
v -2.929237 0.000000 -0.385000
v -2.993915 0.000000 -0.481798
v -3.070675 0.000000 -0.569325
v -3.158202 -0.000000 -0.646084
v -3.255000 0.000000 -0.710763
v -3.359412 0.000000 -0.762253
v -3.469651 0.000000 -0.799674
v -3.583832 0.000000 -0.822386
v -2.825163 -0.115175 -0.056168
v -2.847680 -0.112210 -0.170349
v -2.884782 -0.107325 -0.280588
v -2.935831 -0.100605 -0.385000
v -2.999956 -0.092162 -0.481798
v -3.076059 -0.082143 -0.569325
v -3.162838 -0.070719 -0.646084
v -3.258807 -0.058084 -0.710763
v -3.362325 -0.044456 -0.762253
v -3.471622 -0.030067 -0.799674
v -3.584826 -0.015163 -0.822386
v -2.847680 -0.228378 -0.056168
v -2.869618 -0.222500 -0.170349
v -2.905765 -0.212815 -0.280588
v -2.955500 -0.199488 -0.385000
v -3.017975 -0.182748 -0.481798
v -3.092119 -0.162881 -0.569325
v -3.176664 -0.140228 -0.646084
v -3.270163 -0.115175 -0.710763
v -3.371017 -0.088151 -0.762253
v -3.477500 -0.059619 -0.799674
v -3.587790 -0.030067 -0.822386
v -2.884781 -0.337675 -0.056168
v -2.905765 -0.328983 -0.170349
v -2.940337 -0.314663 -0.280588
v -2.987908 -0.294958 -0.385000
v -3.047663 -0.270207 -0.481798
v -3.118579 -0.240832 -0.569325
v -3.199444 -0.207337 -0.646084
v -3.288874 -0.170294 -0.710763
v -3.385337 -0.130338 -0.762253
v -3.487185 -0.088151 -0.799674
v -3.592674 -0.044456 -0.822386
v -2.935831 -0.441193 -0.056168
v -2.955500 -0.429837 -0.170349
v -2.987908 -0.411126 -0.280588
v -3.032500 -0.385382 -0.385000
v -3.088513 -0.353042 -0.481798
v -3.154989 -0.314663 -0.569325
v -3.230789 -0.270899 -0.646084
v -3.314619 -0.222500 -0.710763
v -3.405042 -0.170294 -0.762253
v -3.500512 -0.115174 -0.799674
v -3.599395 -0.058084 -0.822386
v -2.999956 -0.537163 -0.056168
v -3.017975 -0.523337 -0.170349
v -3.047663 -0.500556 -0.280588
v -3.088513 -0.469211 -0.385000
v -3.139825 -0.429837 -0.481798
v -3.200723 -0.383109 -0.569325
v -3.270163 -0.329826 -0.646084
v -3.346958 -0.270899 -0.710763
v -3.429793 -0.207337 -0.762253
v -3.517252 -0.140228 -0.799674
v -3.607837 -0.070719 -0.822386
v -3.076059 -0.623941 -0.056168
v -3.092119 -0.607882 -0.170349
v -3.118579 -0.581421 -0.280588
v -3.154988 -0.545012 -0.385000
v -3.200723 -0.499277 -0.481798
v -3.255000 -0.445000 -0.569325
v -3.316891 -0.383109 -0.646084
v -3.385338 -0.314663 -0.710763
v -3.459168 -0.240832 -0.762253
v -3.537119 -0.162881 -0.799674
v -3.617857 -0.082143 -0.822386
v -3.162837 -0.700044 -0.056168
v -3.176663 -0.682026 -0.170349
v -3.199444 -0.652337 -0.280588
v -3.230789 -0.611488 -0.385000
v -3.270163 -0.560175 -0.481798
v -3.316891 -0.499277 -0.569325
v -3.370174 -0.429837 -0.646084
v -3.429101 -0.353042 -0.710763
v -3.492663 -0.270207 -0.762253
v -3.559772 -0.182748 -0.799674
v -3.629281 -0.092162 -0.822386
v -3.258807 -0.764169 -0.056168
v -3.270163 -0.744500 -0.170349
v -3.288873 -0.712092 -0.280588
v -3.314619 -0.667500 -0.385000
v -3.346958 -0.611487 -0.481798
v -3.385338 -0.545012 -0.569325
v -3.429101 -0.469211 -0.646084
v -3.477500 -0.385382 -0.710763
v -3.529706 -0.294958 -0.762253
v -3.584826 -0.199488 -0.799674
v -3.641916 -0.100605 -0.822386
v -3.362325 -0.815219 -0.056168
v -3.371017 -0.794236 -0.170349
v -3.385337 -0.759663 -0.280588
v -3.405042 -0.712092 -0.385000
v -3.429793 -0.652337 -0.481798
v -3.459168 -0.581421 -0.569325
v -3.492663 -0.500556 -0.646084
v -3.529706 -0.411126 -0.710763
v -3.569663 -0.314663 -0.762253
v -3.611849 -0.212815 -0.799674
v -3.655544 -0.107326 -0.822386
v -3.471622 -0.852320 -0.056168
v -3.477500 -0.830382 -0.170349
v -3.487185 -0.794236 -0.280588
v -3.500512 -0.744500 -0.385000
v -3.517252 -0.682026 -0.481798
v -3.537119 -0.607881 -0.569325
v -3.559772 -0.523337 -0.646084
v -3.584826 -0.429837 -0.710763
v -3.611849 -0.328983 -0.762253
v -3.640381 -0.222500 -0.799674
v -3.669934 -0.112210 -0.822386
v -3.584826 -0.874838 -0.056168
v -3.587790 -0.852320 -0.170349
v -3.592674 -0.815219 -0.280588
v -3.599395 -0.764169 -0.385000
v -3.607837 -0.700044 -0.481798
v -3.617857 -0.623941 -0.569325
v -3.629281 -0.537163 -0.646084
v -3.641916 -0.441193 -0.710763
v -3.655545 -0.337674 -0.762253
v -3.669934 -0.228378 -0.799674
v -3.684837 -0.115175 -0.822386
v -3.700000 -0.882387 -0.056168
v -3.700000 -0.859675 -0.170349
v -3.700000 -0.822253 -0.280588
v -3.700000 -0.770763 -0.385000
v -3.700000 -0.706085 -0.481798
v -3.700000 -0.629325 -0.569325
v -3.700000 -0.541798 -0.646084
v -3.700000 -0.445000 -0.710763
v -3.700000 -0.340588 -0.762253
v -3.700000 -0.230349 -0.799674
v -3.700000 -0.116168 -0.822386
v -3.815175 -0.874838 -0.056168
v -3.812210 -0.852320 -0.170349
v -3.807326 -0.815219 -0.280588
v -3.800605 -0.764169 -0.385000
v -3.792163 -0.700044 -0.481798
v -3.782144 -0.623941 -0.569325
v -3.770719 -0.537163 -0.646084
v -3.758084 -0.441193 -0.710763
v -3.744456 -0.337674 -0.762253
v -3.730067 -0.228378 -0.799674
v -3.715163 -0.115175 -0.822386
v -3.928379 -0.852320 -0.056168
v -3.922500 -0.830382 -0.170349
v -3.912815 -0.794236 -0.280588
v -3.899488 -0.744500 -0.385000
v -3.882748 -0.682026 -0.481798
v -3.862881 -0.607881 -0.569325
v -3.840228 -0.523337 -0.646084
v -3.815175 -0.429837 -0.710763
v -3.788151 -0.328983 -0.762253
v -3.759619 -0.222500 -0.799674
v -3.730067 -0.112210 -0.822386
v -4.037675 -0.815219 -0.056168
v -4.028984 -0.794236 -0.170349
v -4.014663 -0.759663 -0.280588
v -3.994958 -0.712092 -0.385000
v -3.970207 -0.652337 -0.481798
v -3.940832 -0.581421 -0.569325
v -3.907337 -0.500556 -0.646084
v -3.870294 -0.411126 -0.710763
v -3.830338 -0.314663 -0.762253
v -3.788151 -0.212815 -0.799674
v -3.744456 -0.107326 -0.822386
v -4.141193 -0.764169 -0.056168
v -4.129838 -0.744500 -0.170349
v -4.111127 -0.712092 -0.280588
v -4.085382 -0.667500 -0.385000
v -4.053042 -0.611488 -0.481798
v -4.014663 -0.545012 -0.569325
v -3.970899 -0.469211 -0.646084
v -3.922500 -0.385381 -0.710763
v -3.870294 -0.294958 -0.762253
v -3.815175 -0.199488 -0.799674
v -3.758084 -0.100605 -0.822386
v -4.237163 -0.700045 -0.056168
v -4.223337 -0.682026 -0.170349
v -4.200556 -0.652337 -0.280588
v -4.169211 -0.611488 -0.385000
v -4.129838 -0.560175 -0.481798
v -4.083109 -0.499277 -0.569325
v -4.029826 -0.429837 -0.646084
v -3.970899 -0.353042 -0.710763
v -3.907337 -0.270207 -0.762253
v -3.840228 -0.182748 -0.799674
v -3.770719 -0.092162 -0.822386
v -4.323942 -0.623942 -0.056168
v -4.307882 -0.607882 -0.170349
v -4.281421 -0.581421 -0.280588
v -4.245012 -0.545012 -0.385000
v -4.199277 -0.499277 -0.481798
v -4.145000 -0.445000 -0.569325
v -4.083109 -0.383109 -0.646084
v -4.014663 -0.314663 -0.710763
v -3.940833 -0.240832 -0.762253
v -3.862881 -0.162881 -0.799674
v -3.782144 -0.082143 -0.822386
v -4.400044 -0.537163 -0.056168
v -4.382026 -0.523337 -0.170349
v -4.352337 -0.500556 -0.280588
v -4.311488 -0.469211 -0.385000
v -4.260175 -0.429837 -0.481798
v -4.199277 -0.383109 -0.569325
v -4.129838 -0.329826 -0.646084
v -4.053042 -0.270899 -0.710763
v -3.970207 -0.207337 -0.762253
v -3.882748 -0.140228 -0.799674
v -3.792163 -0.070719 -0.822386
v -4.464170 -0.441193 -0.056168
v -4.444500 -0.429837 -0.170349
v -4.412092 -0.411127 -0.280588
v -4.367501 -0.385382 -0.385000
v -4.311488 -0.353042 -0.481798
v -4.245012 -0.314663 -0.569325
v -4.169211 -0.270899 -0.646084
v -4.085382 -0.222500 -0.710763
v -3.994958 -0.170294 -0.762253
v -3.899488 -0.115175 -0.799674
v -3.800605 -0.058084 -0.822386
v -4.515219 -0.337675 -0.056168
v -4.494236 -0.328983 -0.170349
v -4.459663 -0.314663 -0.280588
v -4.412093 -0.294958 -0.385000
v -4.352338 -0.270207 -0.481798
v -4.281421 -0.240832 -0.569325
v -4.200556 -0.207337 -0.646084
v -4.111127 -0.170294 -0.710763
v -4.014663 -0.130338 -0.762253
v -3.912815 -0.088151 -0.799674
v -3.807326 -0.044456 -0.822386
v -4.552320 -0.228378 -0.056168
v -4.530382 -0.222500 -0.170349
v -4.494236 -0.212815 -0.280588
v -4.444500 -0.199488 -0.385000
v -4.382026 -0.182748 -0.481798
v -4.307881 -0.162881 -0.569325
v -4.223337 -0.140227 -0.646084
v -4.129838 -0.115174 -0.710763
v -4.028983 -0.088151 -0.762253
v -3.922500 -0.059619 -0.799674
v -3.812210 -0.030067 -0.822386
v -4.574838 -0.115174 -0.056168
v -4.552320 -0.112210 -0.170349
v -4.515219 -0.107325 -0.280588
v -4.464170 -0.100605 -0.385000
v -4.400044 -0.092162 -0.481798
v -4.323941 -0.082143 -0.569325
v -4.237163 -0.070719 -0.646084
v -4.141193 -0.058084 -0.710763
v -4.037675 -0.044456 -0.762253
v -3.928379 -0.030067 -0.799674
v -3.815175 -0.015163 -0.822386
v -4.582387 0.000000 -0.056168
v -4.559675 0.000000 -0.170349
v -4.522254 0.000000 -0.280588
v -4.470764 0.000000 -0.385000
v -4.406085 0.000000 -0.481798
v -4.329325 0.000000 -0.569325
v -4.241798 0.000000 -0.646084
v -4.145000 0.000000 -0.710763
v -4.040588 0.000000 -0.762253
v -3.930349 0.000000 -0.799674
v -3.816169 0.000000 -0.822386
v -4.574838 0.115175 -0.056168
v -4.552320 0.112210 -0.170349
v -4.515219 0.107326 -0.280588
v -4.464170 0.100605 -0.385000
v -4.400044 0.092163 -0.481798
v -4.323941 0.082144 -0.569325
v -4.237163 0.070719 -0.646084
v -4.141193 0.058084 -0.710763
v -4.037675 0.044456 -0.762253
v -3.928379 0.030067 -0.799674
v -3.815175 0.015163 -0.822386
v -4.552320 0.228379 -0.056168
v -4.530382 0.222500 -0.170349
v -4.494236 0.212815 -0.280588
v -4.444500 0.199488 -0.385000
v -4.382026 0.182748 -0.481798
v -4.307881 0.162881 -0.569325
v -4.223337 0.140228 -0.646084
v -4.129837 0.115175 -0.710763
v -4.028983 0.088151 -0.762253
v -3.922500 0.059619 -0.799674
v -3.812210 0.030067 -0.822386
v -4.515219 0.337675 -0.056168
v -4.494236 0.328984 -0.170349
v -4.459663 0.314663 -0.280588
v -4.412093 0.294958 -0.385000
v -4.352338 0.270207 -0.481798
v -4.281421 0.240832 -0.569325
v -4.200556 0.207337 -0.646084
v -4.111127 0.170294 -0.710763
v -4.014663 0.130338 -0.762253
v -3.912815 0.088151 -0.799674
v -3.807326 0.044456 -0.822386
v -4.464170 0.441194 -0.056168
v -4.444500 0.429838 -0.170349
v -4.412093 0.411127 -0.280588
v -4.367501 0.385382 -0.385000
v -4.311488 0.353043 -0.481798
v -4.245012 0.314663 -0.569325
v -4.169211 0.270899 -0.646084
v -4.085382 0.222500 -0.710763
v -3.994958 0.170294 -0.762253
v -3.899488 0.115175 -0.799674
v -3.800605 0.058084 -0.822386
v -4.400044 0.537163 -0.056168
v -4.382026 0.523337 -0.170349
v -4.352338 0.500556 -0.280588
v -4.311488 0.469211 -0.385000
v -4.260175 0.429838 -0.481798
v -4.199277 0.383109 -0.569325
v -4.129837 0.329826 -0.646084
v -4.053042 0.270899 -0.710763
v -3.970207 0.207337 -0.762253
v -3.882748 0.140228 -0.799674
v -3.792163 0.070719 -0.822386
v -4.323942 0.623942 -0.056168
v -4.307882 0.607882 -0.170349
v -4.281421 0.581421 -0.280588
v -4.245012 0.545012 -0.385000
v -4.199278 0.499278 -0.481798
v -4.145000 0.445000 -0.569325
v -4.083109 0.383109 -0.646084
v -4.014663 0.314663 -0.710763
v -3.940832 0.240833 -0.762253
v -3.862881 0.162881 -0.799674
v -3.782144 0.082144 -0.822386
v -4.237163 0.700045 -0.056168
v -4.223337 0.682026 -0.170349
v -4.200556 0.652338 -0.280588
v -4.169211 0.611488 -0.385000
v -4.129838 0.560175 -0.481798
v -4.083109 0.499277 -0.569325
v -4.029826 0.429837 -0.646084
v -3.970899 0.353043 -0.710763
v -3.907337 0.270207 -0.762253
v -3.840228 0.182748 -0.799674
v -3.770719 0.092163 -0.822386
v -4.141193 0.764170 -0.056168
v -4.129838 0.744501 -0.170349
v -4.111127 0.712093 -0.280588
v -4.085382 0.667501 -0.385000
v -4.053042 0.611488 -0.481798
v -4.014663 0.545012 -0.569325
v -3.970899 0.469211 -0.646084
v -3.922500 0.385382 -0.710763
v -3.870294 0.294958 -0.762253
v -3.815175 0.199488 -0.799674
v -3.758084 0.100605 -0.822386
v -4.037675 0.815220 -0.056168
v -4.028983 0.794236 -0.170349
v -4.014663 0.759663 -0.280588
v -3.994958 0.712093 -0.385000
v -3.970207 0.652338 -0.481798
v -3.940832 0.581421 -0.569325
v -3.907337 0.500556 -0.646084
v -3.870294 0.411127 -0.710763
v -3.830338 0.314663 -0.762253
v -3.788151 0.212815 -0.799674
v -3.744456 0.107326 -0.822386
v -3.928379 0.852321 -0.056168
v -3.922500 0.830382 -0.170349
v -3.912815 0.794236 -0.280588
v -3.899488 0.744501 -0.385000
v -3.882748 0.682026 -0.481798
v -3.862881 0.607882 -0.569325
v -3.840228 0.523337 -0.646084
v -3.815174 0.429837 -0.710763
v -3.788151 0.328983 -0.762253
v -3.759619 0.222500 -0.799674
v -3.730067 0.112210 -0.822386
v -3.815175 0.874838 -0.056168
v -3.812210 0.852320 -0.170349
v -3.807326 0.815219 -0.280588
v -3.800605 0.764170 -0.385000
v -3.792163 0.700045 -0.481798
v -3.782143 0.623941 -0.569325
v -3.770719 0.537163 -0.646084
v -3.758084 0.441193 -0.710763
v -3.744456 0.337675 -0.762253
v -3.730067 0.228379 -0.799674
v -3.715163 0.115175 -0.822386
v -3.700000 0.822254 -0.280588
v -3.700000 0.706085 -0.481798
v -1.330000 0.882386 -0.056168
v -1.330000 0.859674 -0.170349
v -1.330000 0.770763 -0.385000
v -1.330000 0.629325 -0.569325
v -1.330000 0.541798 -0.646084
v -1.330000 0.445000 -0.710763
v -1.330000 0.340588 -0.762253
v -1.330000 0.230349 -0.799674
v -1.330000 0.116168 -0.822386
v -1.330000 0.000000 -0.830000
v -1.214826 0.874837 -0.056168
v -1.217790 0.852319 -0.170349
v -1.222675 0.815218 -0.280588
v -1.229395 0.764169 -0.385000
v -1.237838 0.700044 -0.481798
v -1.247857 0.623941 -0.569325
v -1.259281 0.537162 -0.646084
v -1.271916 0.441193 -0.710763
v -1.285544 0.337674 -0.762253
v -1.299934 0.228378 -0.799674
v -1.314837 0.115175 -0.822386
v -1.101622 0.852319 -0.056168
v -1.107500 0.830381 -0.170349
v -1.117185 0.794235 -0.280588
v -1.130512 0.744500 -0.385000
v -1.147252 0.682025 -0.481798
v -1.167119 0.607881 -0.569325
v -1.189773 0.523336 -0.646084
v -1.214826 0.429837 -0.710763
v -1.241849 0.328983 -0.762253
v -1.270381 0.222500 -0.799674
v -1.299934 0.112210 -0.822386
v -0.992326 0.815218 -0.056168
v -1.001017 0.794235 -0.170349
v -1.015338 0.759663 -0.280588
v -1.035042 0.712092 -0.385000
v -1.059793 0.652337 -0.481798
v -1.089168 0.581421 -0.569325
v -1.122663 0.500556 -0.646084
v -1.159706 0.411126 -0.710763
v -1.199663 0.314663 -0.762253
v -1.241849 0.212815 -0.799674
v -1.285544 0.107326 -0.822386
v -0.888807 0.764169 -0.056168
v -0.900163 0.744500 -0.170349
v -0.918874 0.712092 -0.280588
v -0.944619 0.667500 -0.385000
v -0.976958 0.611487 -0.481798
v -1.015338 0.545012 -0.569325
v -1.059101 0.469211 -0.646084
v -1.107500 0.385381 -0.710763
v -1.159706 0.294958 -0.762253
v -1.214826 0.199488 -0.799674
v -1.271916 0.100605 -0.822386
v -0.792838 0.700044 -0.056168
v -0.806664 0.682025 -0.170349
v -0.829444 0.652337 -0.280588
v -0.860790 0.611487 -0.385000
v -0.900163 0.560174 -0.481798
v -0.946891 0.499277 -0.569325
v -1.000175 0.429837 -0.646084
v -1.059101 0.353042 -0.710763
v -1.122663 0.270207 -0.762253
v -1.189773 0.182748 -0.799674
v -1.259281 0.092162 -0.822386
v -0.706059 0.623941 -0.056168
v -0.722119 0.607881 -0.170349
v -0.748580 0.581421 -0.280588
v -0.784989 0.545012 -0.385000
v -0.830723 0.499277 -0.481798
v -0.885000 0.445000 -0.569325
v -0.946891 0.383109 -0.646084
v -1.015338 0.314663 -0.710763
v -1.089168 0.240832 -0.762253
v -1.167119 0.162881 -0.799674
v -1.247857 0.082143 -0.822386
v -0.629956 0.537163 -0.056168
v -0.647975 0.523336 -0.170349
v -0.677663 0.500556 -0.280588
v -0.718513 0.469211 -0.385000
v -0.769826 0.429837 -0.481798
v -0.830723 0.383109 -0.569325
v -0.900163 0.329826 -0.646084
v -0.976958 0.270899 -0.710763
v -1.059793 0.207337 -0.762253
v -1.147252 0.140228 -0.799674
v -1.237838 0.070719 -0.822386
v -0.565831 0.441193 -0.056168
v -0.585500 0.429837 -0.170349
v -0.617908 0.411126 -0.280588
v -0.662500 0.385381 -0.385000
v -0.718513 0.353042 -0.481798
v -0.784989 0.314663 -0.569325
v -0.860790 0.270899 -0.646084
v -0.944619 0.222500 -0.710763
v -1.035042 0.170294 -0.762253
v -1.130512 0.115175 -0.799674
v -1.229395 0.058084 -0.822386
v -0.514782 0.337674 -0.056168
v -0.535765 0.328983 -0.170349
v -0.570338 0.314663 -0.280588
v -0.617908 0.294958 -0.385000
v -0.677663 0.270207 -0.481798
v -0.748580 0.240832 -0.569325
v -0.829444 0.207337 -0.646084
v -0.918874 0.170294 -0.710763
v -1.015337 0.130337 -0.762253
v -1.117185 0.088151 -0.799674
v -1.222675 0.044456 -0.822386
v -0.477681 0.228378 -0.056168
v -0.499619 0.222500 -0.170349
v -0.535765 0.212815 -0.280588
v -0.585500 0.199488 -0.385000
v -0.647975 0.182748 -0.481798
v -0.722119 0.162881 -0.569325
v -0.806664 0.140227 -0.646084
v -0.900163 0.115174 -0.710763
v -1.001017 0.088151 -0.762253
v -1.107500 0.059619 -0.799674
v -1.217790 0.030067 -0.822386
v -0.455163 0.115174 -0.056168
v -0.477680 0.112210 -0.170349
v -0.514782 0.107326 -0.280588
v -0.565831 0.100605 -0.385000
v -0.629956 0.092162 -0.481798
v -0.706059 0.082143 -0.569325
v -0.792838 0.070719 -0.646084
v -0.888807 0.058084 -0.710763
v -0.992326 0.044456 -0.762253
v -1.101622 0.030067 -0.799674
v -1.214826 0.015163 -0.822386
v -0.447614 -0.000000 -0.056168
v -0.470326 0.000000 -0.170349
v -0.507747 0.000000 -0.280588
v -0.559237 0.000000 -0.385000
v -0.623915 0.000000 -0.481798
v -0.700675 0.000000 -0.569325
v -0.788203 -0.000000 -0.646084
v -0.885000 0.000000 -0.710763
v -0.989412 0.000000 -0.762253
v -1.099651 0.000000 -0.799674
v -1.213832 0.000000 -0.822386
v -0.455163 -0.115175 -0.056168
v -0.477680 -0.112210 -0.170349
v -0.514782 -0.107325 -0.280588
v -0.565831 -0.100605 -0.385000
v -0.629956 -0.092162 -0.481798
v -0.706059 -0.082143 -0.569325
v -0.792838 -0.070719 -0.646084
v -0.888807 -0.058084 -0.710763
v -0.992326 -0.044456 -0.762253
v -1.101622 -0.030067 -0.799674
v -1.214826 -0.015163 -0.822386
v -0.477680 -0.228378 -0.056168
v -0.499619 -0.222500 -0.170349
v -0.535765 -0.212815 -0.280588
v -0.585500 -0.199488 -0.385000
v -0.647975 -0.182748 -0.481798
v -0.722119 -0.162881 -0.569325
v -0.806664 -0.140228 -0.646084
v -0.900163 -0.115175 -0.710763
v -1.001017 -0.088151 -0.762253
v -1.107500 -0.059619 -0.799674
v -1.217790 -0.030067 -0.822386
v -0.514781 -0.337675 -0.056168
v -0.535765 -0.328983 -0.170349
v -0.570338 -0.314663 -0.280588
v -0.617908 -0.294958 -0.385000
v -0.677663 -0.270207 -0.481798
v -0.748580 -0.240832 -0.569325
v -0.829444 -0.207337 -0.646084
v -0.918874 -0.170294 -0.710763
v -1.015338 -0.130338 -0.762253
v -1.117185 -0.088151 -0.799674
v -1.222675 -0.044456 -0.822386
v -0.565831 -0.441193 -0.056168
v -0.585500 -0.429837 -0.170349
v -0.617908 -0.411126 -0.280588
v -0.662500 -0.385382 -0.385000
v -0.718513 -0.353042 -0.481798
v -0.784989 -0.314663 -0.569325
v -0.860790 -0.270899 -0.646084
v -0.944619 -0.222500 -0.710763
v -1.035042 -0.170294 -0.762253
v -1.130512 -0.115174 -0.799674
v -1.229395 -0.058084 -0.822386
v -0.629956 -0.537163 -0.056168
v -0.647975 -0.523337 -0.170349
v -0.677663 -0.500556 -0.280588
v -0.718513 -0.469211 -0.385000
v -0.769825 -0.429837 -0.481798
v -0.830723 -0.383109 -0.569325
v -0.900163 -0.329826 -0.646084
v -0.976958 -0.270899 -0.710763
v -1.059793 -0.207337 -0.762253
v -1.147252 -0.140228 -0.799674
v -1.237838 -0.070719 -0.822386
v -0.706059 -0.623941 -0.056168
v -0.722119 -0.607882 -0.170349
v -0.748580 -0.581421 -0.280588
v -0.784988 -0.545012 -0.385000
v -0.830723 -0.499277 -0.481798
v -0.885000 -0.445000 -0.569325
v -0.946891 -0.383109 -0.646084
v -1.015338 -0.314663 -0.710763
v -1.089168 -0.240832 -0.762253
v -1.167119 -0.162881 -0.799674
v -1.247857 -0.082143 -0.822386
v -0.792837 -0.700044 -0.056168
v -0.806664 -0.682026 -0.170349
v -0.829444 -0.652337 -0.280588
v -0.860790 -0.611488 -0.385000
v -0.900163 -0.560175 -0.481798
v -0.946891 -0.499277 -0.569325
v -1.000175 -0.429837 -0.646084
v -1.059101 -0.353042 -0.710763
v -1.122663 -0.270207 -0.762253
v -1.189773 -0.182748 -0.799674
v -1.259281 -0.092162 -0.822386
v -0.888807 -0.764169 -0.056168
v -0.900163 -0.744500 -0.170349
v -0.918874 -0.712092 -0.280588
v -0.944619 -0.667500 -0.385000
v -0.976958 -0.611487 -0.481798
v -1.015338 -0.545012 -0.569325
v -1.059101 -0.469211 -0.646084
v -1.107500 -0.385382 -0.710763
v -1.159706 -0.294958 -0.762253
v -1.214826 -0.199488 -0.799674
v -1.271916 -0.100605 -0.822386
v -0.992326 -0.815219 -0.056168
v -1.001017 -0.794236 -0.170349
v -1.015337 -0.759663 -0.280588
v -1.035042 -0.712092 -0.385000
v -1.059793 -0.652337 -0.481798
v -1.089168 -0.581421 -0.569325
v -1.122663 -0.500556 -0.646084
v -1.159706 -0.411126 -0.710763
v -1.199663 -0.314663 -0.762253
v -1.241849 -0.212815 -0.799674
v -1.285544 -0.107326 -0.822386
v -1.101622 -0.852320 -0.056168
v -1.107500 -0.830382 -0.170349
v -1.117185 -0.794236 -0.280588
v -1.130512 -0.744500 -0.385000
v -1.147252 -0.682026 -0.481798
v -1.167119 -0.607881 -0.569325
v -1.189773 -0.523337 -0.646084
v -1.214826 -0.429837 -0.710763
v -1.241849 -0.328983 -0.762253
v -1.270381 -0.222500 -0.799674
v -1.299934 -0.112210 -0.822386
v -1.214826 -0.874838 -0.056168
v -1.217790 -0.852320 -0.170349
v -1.222675 -0.815219 -0.280588
v -1.229395 -0.764169 -0.385000
v -1.237838 -0.700044 -0.481798
v -1.247857 -0.623941 -0.569325
v -1.259281 -0.537163 -0.646084
v -1.271916 -0.441193 -0.710763
v -1.285545 -0.337674 -0.762253
v -1.299934 -0.228378 -0.799674
v -1.314837 -0.115175 -0.822386
v -1.330000 -0.882387 -0.056168
v -1.330000 -0.859675 -0.170349
v -1.330000 -0.822253 -0.280588
v -1.330000 -0.770763 -0.385000
v -1.330000 -0.706085 -0.481798
v -1.330000 -0.629325 -0.569325
v -1.330000 -0.541798 -0.646084
v -1.330000 -0.445000 -0.710763
v -1.330000 -0.340588 -0.762253
v -1.330000 -0.230349 -0.799674
v -1.330000 -0.116168 -0.822386
v -1.445175 -0.874838 -0.056168
v -1.442210 -0.852320 -0.170349
v -1.437326 -0.815219 -0.280588
v -1.430605 -0.764169 -0.385000
v -1.422163 -0.700044 -0.481798
v -1.412144 -0.623941 -0.569325
v -1.400719 -0.537163 -0.646084
v -1.388084 -0.441193 -0.710763
v -1.374456 -0.337674 -0.762253
v -1.360067 -0.228378 -0.799674
v -1.345163 -0.115175 -0.822386
v -1.558379 -0.852320 -0.056168
v -1.552500 -0.830382 -0.170349
v -1.542815 -0.794236 -0.280588
v -1.529488 -0.744500 -0.385000
v -1.512748 -0.682026 -0.481798
v -1.492882 -0.607881 -0.569325
v -1.470228 -0.523337 -0.646084
v -1.445175 -0.429837 -0.710763
v -1.418151 -0.328983 -0.762253
v -1.389619 -0.222500 -0.799674
v -1.360067 -0.112210 -0.822386
v -1.667675 -0.815219 -0.056168
v -1.658983 -0.794236 -0.170349
v -1.644663 -0.759663 -0.280588
v -1.624959 -0.712092 -0.385000
v -1.600207 -0.652337 -0.481798
v -1.570832 -0.581421 -0.569325
v -1.537337 -0.500556 -0.646084
v -1.500294 -0.411126 -0.710763
v -1.460338 -0.314663 -0.762253
v -1.418151 -0.212815 -0.799674
v -1.374456 -0.107326 -0.822386
v -1.771194 -0.764169 -0.056168
v -1.759838 -0.744500 -0.170349
v -1.741127 -0.712092 -0.280588
v -1.715382 -0.667500 -0.385000
v -1.683043 -0.611488 -0.481798
v -1.644663 -0.545012 -0.569325
v -1.600899 -0.469211 -0.646084
v -1.552500 -0.385381 -0.710763
v -1.500294 -0.294958 -0.762253
v -1.445175 -0.199488 -0.799674
v -1.388084 -0.100605 -0.822386
v -1.867163 -0.700045 -0.056168
v -1.853337 -0.682026 -0.170349
v -1.830556 -0.652337 -0.280588
v -1.799211 -0.611488 -0.385000
v -1.759838 -0.560175 -0.481798
v -1.713109 -0.499277 -0.569325
v -1.659826 -0.429837 -0.646084
v -1.600899 -0.353042 -0.710763
v -1.537337 -0.270207 -0.762253
v -1.470228 -0.182748 -0.799674
v -1.400719 -0.092162 -0.822386
v -1.953942 -0.623942 -0.056168
v -1.937882 -0.607882 -0.170349
v -1.911421 -0.581421 -0.280588
v -1.875012 -0.545012 -0.385000
v -1.829278 -0.499277 -0.481798
v -1.775000 -0.445000 -0.569325
v -1.713109 -0.383109 -0.646084
v -1.644663 -0.314663 -0.710763
v -1.570833 -0.240832 -0.762253
v -1.492882 -0.162881 -0.799674
v -1.412144 -0.082143 -0.822386
v -2.030045 -0.537163 -0.056168
v -2.012026 -0.523337 -0.170349
v -1.982338 -0.500556 -0.280588
v -1.941488 -0.469211 -0.385000
v -1.890175 -0.429837 -0.481798
v -1.829278 -0.383109 -0.569325
v -1.759838 -0.329826 -0.646084
v -1.683043 -0.270899 -0.710763
v -1.600207 -0.207337 -0.762253
v -1.512748 -0.140228 -0.799674
v -1.422163 -0.070719 -0.822386
v -2.094170 -0.441193 -0.056168
v -2.074500 -0.429837 -0.170349
v -2.042093 -0.411127 -0.280588
v -1.997501 -0.385382 -0.385000
v -1.941488 -0.353042 -0.481798
v -1.875012 -0.314663 -0.569325
v -1.799211 -0.270899 -0.646084
v -1.715382 -0.222500 -0.710763
v -1.624959 -0.170294 -0.762253
v -1.529488 -0.115175 -0.799674
v -1.430605 -0.058084 -0.822386
v -2.145219 -0.337675 -0.056168
v -2.124236 -0.328983 -0.170349
v -2.089663 -0.314663 -0.280588
v -2.042093 -0.294958 -0.385000
v -1.982338 -0.270207 -0.481798
v -1.911421 -0.240832 -0.569325
v -1.830556 -0.207337 -0.646084
v -1.741127 -0.170294 -0.710763
v -1.644663 -0.130338 -0.762253
v -1.542815 -0.088151 -0.799674
v -1.437326 -0.044456 -0.822386
v -2.182320 -0.228378 -0.056168
v -2.160382 -0.222500 -0.170349
v -2.124236 -0.212815 -0.280588
v -2.074501 -0.199488 -0.385000
v -2.012026 -0.182748 -0.481798
v -1.937882 -0.162881 -0.569325
v -1.853337 -0.140227 -0.646084
v -1.759837 -0.115174 -0.710763
v -1.658983 -0.088151 -0.762253
v -1.552500 -0.059619 -0.799674
v -1.442210 -0.030067 -0.822386
v -2.204838 -0.115174 -0.056168
v -2.182320 -0.112210 -0.170349
v -2.145219 -0.107325 -0.280588
v -2.094170 -0.100605 -0.385000
v -2.030045 -0.092162 -0.481798
v -1.953941 -0.082143 -0.569325
v -1.867163 -0.070719 -0.646084
v -1.771193 -0.058084 -0.710763
v -1.667675 -0.044456 -0.762253
v -1.558379 -0.030067 -0.799674
v -1.445175 -0.015163 -0.822386
v -2.212387 0.000000 -0.056168
v -2.189675 0.000000 -0.170349
v -2.152254 0.000000 -0.280588
v -2.100764 0.000000 -0.385000
v -2.036085 0.000000 -0.481798
v -1.959325 0.000000 -0.569325
v -1.871798 0.000000 -0.646084
v -1.775000 0.000000 -0.710763
v -1.670589 0.000000 -0.762253
v -1.560349 0.000000 -0.799674
v -1.446169 0.000000 -0.822386
v -2.204838 0.115175 -0.056168
v -2.182320 0.112210 -0.170349
v -2.145219 0.107326 -0.280588
v -2.094170 0.100605 -0.385000
v -2.030045 0.092163 -0.481798
v -1.953941 0.082144 -0.569325
v -1.867163 0.070719 -0.646084
v -1.771193 0.058084 -0.710763
v -1.667675 0.044456 -0.762253
v -1.558379 0.030067 -0.799674
v -1.445175 0.015163 -0.822386
v -2.182321 0.228379 -0.056168
v -2.160382 0.222500 -0.170349
v -2.124236 0.212815 -0.280588
v -2.074501 0.199488 -0.385000
v -2.012026 0.182748 -0.481798
v -1.937882 0.162881 -0.569325
v -1.853337 0.140228 -0.646084
v -1.759837 0.115175 -0.710763
v -1.658983 0.088151 -0.762253
v -1.552500 0.059619 -0.799674
v -1.442210 0.030067 -0.822386
v -2.145219 0.337675 -0.056168
v -2.124236 0.328984 -0.170349
v -2.089664 0.314663 -0.280588
v -2.042093 0.294958 -0.385000
v -1.982338 0.270207 -0.481798
v -1.911421 0.240832 -0.569325
v -1.830556 0.207337 -0.646084
v -1.741127 0.170294 -0.710763
v -1.644663 0.130338 -0.762253
v -1.542815 0.088151 -0.799674
v -1.437326 0.044456 -0.822386
v -2.094170 0.441194 -0.056168
v -2.074500 0.429838 -0.170349
v -2.042093 0.411127 -0.280588
v -1.997501 0.385382 -0.385000
v -1.941488 0.353043 -0.481798
v -1.875012 0.314663 -0.569325
v -1.799211 0.270899 -0.646084
v -1.715382 0.222500 -0.710763
v -1.624958 0.170294 -0.762253
v -1.529488 0.115175 -0.799674
v -1.430605 0.058084 -0.822386
v -2.030045 0.537163 -0.056168
v -2.012026 0.523337 -0.170349
v -1.982338 0.500556 -0.280588
v -1.941488 0.469211 -0.385000
v -1.890175 0.429838 -0.481798
v -1.829277 0.383109 -0.569325
v -1.759837 0.329826 -0.646084
v -1.683043 0.270899 -0.710763
v -1.600207 0.207337 -0.762253
v -1.512748 0.140228 -0.799674
v -1.422163 0.070719 -0.822386
v -1.953942 0.623942 -0.056168
v -1.937882 0.607882 -0.170349
v -1.911421 0.581421 -0.280588
v -1.875012 0.545012 -0.385000
v -1.829278 0.499278 -0.481798
v -1.775000 0.445000 -0.569325
v -1.713109 0.383109 -0.646084
v -1.644663 0.314663 -0.710763
v -1.570832 0.240833 -0.762253
v -1.492882 0.162881 -0.799674
v -1.412144 0.082144 -0.822386
v -1.867163 0.700045 -0.056168
v -1.853337 0.682026 -0.170349
v -1.830556 0.652338 -0.280588
v -1.799211 0.611488 -0.385000
v -1.759838 0.560175 -0.481798
v -1.713109 0.499277 -0.569325
v -1.659826 0.429837 -0.646084
v -1.600899 0.353043 -0.710763
v -1.537337 0.270207 -0.762253
v -1.470228 0.182748 -0.799674
v -1.400719 0.092163 -0.822386
v -1.771194 0.764170 -0.056168
v -1.759837 0.744501 -0.170349
v -1.741127 0.712093 -0.280588
v -1.715382 0.667501 -0.385000
v -1.683043 0.611488 -0.481798
v -1.644663 0.545012 -0.569325
v -1.600899 0.469211 -0.646084
v -1.552500 0.385382 -0.710763
v -1.500294 0.294958 -0.762253
v -1.445175 0.199488 -0.799674
v -1.388084 0.100605 -0.822386
v -1.667675 0.815220 -0.056168
v -1.658983 0.794236 -0.170349
v -1.644663 0.759663 -0.280588
v -1.624959 0.712093 -0.385000
v -1.600207 0.652338 -0.481798
v -1.570832 0.581421 -0.569325
v -1.537337 0.500556 -0.646084
v -1.500294 0.411127 -0.710763
v -1.460338 0.314663 -0.762253
v -1.418151 0.212815 -0.799674
v -1.374456 0.107326 -0.822386
v -1.558379 0.852321 -0.056168
v -1.552500 0.830382 -0.170349
v -1.542815 0.794236 -0.280588
v -1.529488 0.744501 -0.385000
v -1.512748 0.682026 -0.481798
v -1.492881 0.607882 -0.569325
v -1.470228 0.523337 -0.646084
v -1.445174 0.429837 -0.710763
v -1.418151 0.328983 -0.762253
v -1.389619 0.222500 -0.799674
v -1.360067 0.112210 -0.822386
v -1.445175 0.874838 -0.056168
v -1.442210 0.852320 -0.170349
v -1.437326 0.815219 -0.280588
v -1.430605 0.764170 -0.385000
v -1.422163 0.700045 -0.481798
v -1.412143 0.623941 -0.569325
v -1.400719 0.537163 -0.646084
v -1.388084 0.441193 -0.710763
v -1.374456 0.337675 -0.762253
v -1.360067 0.228379 -0.799674
v -1.345163 0.115175 -0.822386
v -1.330000 0.822254 -0.280588
v -1.330000 0.706085 -0.481798
v -3.700000 -1.047614 -0.056168
v -3.700000 -1.070326 -0.170349
v -3.700000 -1.159237 -0.385000
v -3.700000 -1.300675 -0.569325
v -3.700000 -1.388202 -0.646084
v -3.700000 -1.485000 -0.710763
v -3.700000 -1.589412 -0.762253
v -3.700000 -1.699651 -0.799674
v -3.700000 -1.813832 -0.822386
v -3.700000 -1.930000 -0.830000
v -3.584826 -1.055163 -0.056168
v -3.587790 -1.077680 -0.170349
v -3.592674 -1.114782 -0.280588
v -3.599395 -1.165831 -0.385000
v -3.607837 -1.229956 -0.481798
v -3.617857 -1.306059 -0.569325
v -3.629281 -1.392837 -0.646084
v -3.641916 -1.488807 -0.710763
v -3.655544 -1.592326 -0.762253
v -3.669934 -1.701622 -0.799674
v -3.684837 -1.814825 -0.822386
v -3.471622 -1.077680 -0.056168
v -3.477500 -1.099619 -0.170349
v -3.487185 -1.135765 -0.280588
v -3.500512 -1.185501 -0.385000
v -3.517252 -1.247975 -0.481798
v -3.537119 -1.322119 -0.569325
v -3.559772 -1.406664 -0.646084
v -3.584826 -1.500163 -0.710763
v -3.611849 -1.601017 -0.762253
v -3.640381 -1.707500 -0.799674
v -3.669934 -1.817790 -0.822386
v -3.362326 -1.114782 -0.056168
v -3.371017 -1.135765 -0.170349
v -3.385338 -1.170338 -0.280588
v -3.405042 -1.217908 -0.385000
v -3.429793 -1.277663 -0.481798
v -3.459168 -1.348579 -0.569325
v -3.492663 -1.429444 -0.646084
v -3.529706 -1.518874 -0.710763
v -3.569663 -1.615337 -0.762253
v -3.611849 -1.717185 -0.799674
v -3.655544 -1.822674 -0.822386
v -3.258807 -1.165831 -0.056168
v -3.270163 -1.185500 -0.170349
v -3.288874 -1.217908 -0.280588
v -3.314619 -1.262500 -0.385000
v -3.346958 -1.318513 -0.481798
v -3.385338 -1.384988 -0.569325
v -3.429101 -1.460790 -0.646084
v -3.477500 -1.544619 -0.710763
v -3.529706 -1.635042 -0.762253
v -3.584826 -1.730512 -0.799674
v -3.641916 -1.829395 -0.822386
v -3.162838 -1.229956 -0.056168
v -3.176664 -1.247975 -0.170349
v -3.199444 -1.277663 -0.280588
v -3.230789 -1.318513 -0.385000
v -3.270163 -1.369825 -0.481798
v -3.316891 -1.430723 -0.569325
v -3.370174 -1.500163 -0.646084
v -3.429101 -1.576958 -0.710763
v -3.492663 -1.659793 -0.762253
v -3.559772 -1.747252 -0.799674
v -3.629281 -1.837837 -0.822386
v -3.076059 -1.306059 -0.056168
v -3.092119 -1.322119 -0.170349
v -3.118580 -1.348579 -0.280588
v -3.154989 -1.384988 -0.385000
v -3.200723 -1.430723 -0.481798
v -3.255000 -1.485000 -0.569325
v -3.316891 -1.546891 -0.646084
v -3.385338 -1.615337 -0.710763
v -3.459168 -1.689168 -0.762253
v -3.537119 -1.767119 -0.799674
v -3.617857 -1.847857 -0.822386
v -2.999956 -1.392837 -0.056168
v -3.017975 -1.406664 -0.170349
v -3.047663 -1.429444 -0.280588
v -3.088513 -1.460789 -0.385000
v -3.139826 -1.500163 -0.481798
v -3.200723 -1.546891 -0.569325
v -3.270163 -1.600175 -0.646084
v -3.346958 -1.659101 -0.710763
v -3.429793 -1.722663 -0.762253
v -3.517252 -1.789772 -0.799674
v -3.607837 -1.859281 -0.822386
v -2.935831 -1.488807 -0.056168
v -2.955500 -1.500163 -0.170349
v -2.987908 -1.518874 -0.280588
v -3.032500 -1.544618 -0.385000
v -3.088513 -1.576958 -0.481798
v -3.154989 -1.615337 -0.569325
v -3.230789 -1.659101 -0.646084
v -3.314619 -1.707500 -0.710763
v -3.405042 -1.759706 -0.762253
v -3.500512 -1.814825 -0.799674
v -3.599395 -1.871916 -0.822386
v -2.884782 -1.592326 -0.056168
v -2.905765 -1.601017 -0.170349
v -2.940338 -1.615337 -0.280588
v -2.987908 -1.635042 -0.385000
v -3.047663 -1.659793 -0.481798
v -3.118579 -1.689168 -0.569325
v -3.199444 -1.722663 -0.646084
v -3.288874 -1.759706 -0.710763
v -3.385337 -1.799662 -0.762253
v -3.487185 -1.841849 -0.799674
v -3.592674 -1.885544 -0.822386
v -2.847681 -1.701622 -0.056168
v -2.869618 -1.707500 -0.170349
v -2.905765 -1.717185 -0.280588
v -2.955500 -1.730512 -0.385000
v -3.017975 -1.747252 -0.481798
v -3.092119 -1.767119 -0.569325
v -3.176664 -1.789772 -0.646084
v -3.270163 -1.814825 -0.710763
v -3.371017 -1.841849 -0.762253
v -3.477500 -1.870381 -0.799674
v -3.587790 -1.899933 -0.822386
v -2.825163 -1.814825 -0.056168
v -2.847681 -1.817790 -0.170349
v -2.884782 -1.822674 -0.280588
v -2.935831 -1.829395 -0.385000
v -2.999956 -1.837837 -0.481798
v -3.076059 -1.847857 -0.569325
v -3.162838 -1.859281 -0.646084
v -3.258807 -1.871916 -0.710763
v -3.362325 -1.885544 -0.762253
v -3.471622 -1.899933 -0.799674
v -3.584826 -1.914837 -0.822386
v -2.817614 -1.930000 -0.056168
v -2.840326 -1.930000 -0.170349
v -2.877747 -1.930000 -0.280588
v -2.929237 -1.930000 -0.385000
v -2.993915 -1.930000 -0.481798
v -3.070675 -1.930000 -0.569325
v -3.158202 -1.930000 -0.646084
v -3.255000 -1.930000 -0.710763
v -3.359412 -1.930000 -0.762253
v -3.469651 -1.930000 -0.799674
v -3.583832 -1.930000 -0.822386
v -2.825163 -2.045175 -0.056168
v -2.847680 -2.042210 -0.170349
v -2.884782 -2.037325 -0.280588
v -2.935831 -2.030605 -0.385000
v -2.999956 -2.022162 -0.481798
v -3.076059 -2.012144 -0.569325
v -3.162838 -2.000719 -0.646084
v -3.258807 -1.988084 -0.710763
v -3.362325 -1.974456 -0.762253
v -3.471622 -1.960066 -0.799674
v -3.584826 -1.945163 -0.822386
v -2.847680 -2.158379 -0.056168
v -2.869618 -2.152500 -0.170349
v -2.905765 -2.142815 -0.280588
v -2.955500 -2.129488 -0.385000
v -3.017975 -2.112748 -0.481798
v -3.092119 -2.092882 -0.569325
v -3.176664 -2.070228 -0.646084
v -3.270163 -2.045175 -0.710763
v -3.371017 -2.018151 -0.762253
v -3.477500 -1.989619 -0.799674
v -3.587790 -1.960066 -0.822386
v -2.884781 -2.267675 -0.056168
v -2.905765 -2.258983 -0.170349
v -2.940337 -2.244663 -0.280588
v -2.987908 -2.224958 -0.385000
v -3.047663 -2.200207 -0.481798
v -3.118579 -2.170833 -0.569325
v -3.199444 -2.137337 -0.646084
v -3.288874 -2.100294 -0.710763
v -3.385337 -2.060338 -0.762253
v -3.487185 -2.018151 -0.799674
v -3.592674 -1.974456 -0.822386
v -2.935831 -2.371193 -0.056168
v -2.955500 -2.359837 -0.170349
v -2.987908 -2.341126 -0.280588
v -3.032500 -2.315382 -0.385000
v -3.088513 -2.283042 -0.481798
v -3.154989 -2.244663 -0.569325
v -3.230789 -2.200899 -0.646084
v -3.314619 -2.152500 -0.710763
v -3.405042 -2.100294 -0.762253
v -3.500512 -2.045175 -0.799674
v -3.599395 -1.988084 -0.822386
v -2.999956 -2.467163 -0.056168
v -3.017975 -2.453337 -0.170349
v -3.047663 -2.430556 -0.280588
v -3.088513 -2.399211 -0.385000
v -3.139825 -2.359837 -0.481798
v -3.200723 -2.313109 -0.569325
v -3.270163 -2.259826 -0.646084
v -3.346958 -2.200899 -0.710763
v -3.429793 -2.137337 -0.762253
v -3.517252 -2.070228 -0.799674
v -3.607837 -2.000719 -0.822386
v -3.076059 -2.553941 -0.056168
v -3.092119 -2.537882 -0.170349
v -3.118579 -2.511421 -0.280588
v -3.154988 -2.475012 -0.385000
v -3.200723 -2.429277 -0.481798
v -3.255000 -2.375000 -0.569325
v -3.316891 -2.313109 -0.646084
v -3.385338 -2.244663 -0.710763
v -3.459168 -2.170833 -0.762253
v -3.537119 -2.092882 -0.799674
v -3.617857 -2.012144 -0.822386
v -3.162837 -2.630044 -0.056168
v -3.176663 -2.612026 -0.170349
v -3.199444 -2.582337 -0.280588
v -3.230789 -2.541488 -0.385000
v -3.270163 -2.490175 -0.481798
v -3.316891 -2.429277 -0.569325
v -3.370174 -2.359837 -0.646084
v -3.429101 -2.283042 -0.710763
v -3.492663 -2.200207 -0.762253
v -3.559772 -2.112748 -0.799674
v -3.629281 -2.022162 -0.822386
v -3.258807 -2.694169 -0.056168
v -3.270163 -2.674500 -0.170349
v -3.288873 -2.642092 -0.280588
v -3.314619 -2.597500 -0.385000
v -3.346958 -2.541487 -0.481798
v -3.385338 -2.475012 -0.569325
v -3.429101 -2.399211 -0.646084
v -3.477500 -2.315382 -0.710763
v -3.529706 -2.224958 -0.762253
v -3.584826 -2.129488 -0.799674
v -3.641916 -2.030605 -0.822386
v -3.362325 -2.745219 -0.056168
v -3.371017 -2.724236 -0.170349
v -3.385337 -2.689663 -0.280588
v -3.405042 -2.642092 -0.385000
v -3.429793 -2.582337 -0.481798
v -3.459168 -2.511421 -0.569325
v -3.492663 -2.430556 -0.646084
v -3.529706 -2.341126 -0.710763
v -3.569663 -2.244663 -0.762253
v -3.611849 -2.142815 -0.799674
v -3.655544 -2.037325 -0.822386
v -3.471622 -2.782320 -0.056168
v -3.477500 -2.760382 -0.170349
v -3.487185 -2.724236 -0.280588
v -3.500512 -2.674500 -0.385000
v -3.517252 -2.612026 -0.481798
v -3.537119 -2.537881 -0.569325
v -3.559772 -2.453337 -0.646084
v -3.584826 -2.359837 -0.710763
v -3.611849 -2.258983 -0.762253
v -3.640381 -2.152500 -0.799674
v -3.669934 -2.042210 -0.822386
v -3.584826 -2.804838 -0.056168
v -3.587790 -2.782320 -0.170349
v -3.592674 -2.745219 -0.280588
v -3.599395 -2.694169 -0.385000
v -3.607837 -2.630044 -0.481798
v -3.617857 -2.553941 -0.569325
v -3.629281 -2.467163 -0.646084
v -3.641916 -2.371193 -0.710763
v -3.655545 -2.267675 -0.762253
v -3.669934 -2.158379 -0.799674
v -3.684837 -2.045175 -0.822386
v -3.700000 -2.812387 -0.056168
v -3.700000 -2.789675 -0.170349
v -3.700000 -2.752253 -0.280588
v -3.700000 -2.700763 -0.385000
v -3.700000 -2.636085 -0.481798
v -3.700000 -2.559325 -0.569325
v -3.700000 -2.471798 -0.646084
v -3.700000 -2.375000 -0.710763
v -3.700000 -2.270588 -0.762253
v -3.700000 -2.160349 -0.799674
v -3.700000 -2.046168 -0.822386
v -3.815175 -2.804838 -0.056168
v -3.812210 -2.782320 -0.170349
v -3.807326 -2.745219 -0.280588
v -3.800605 -2.694170 -0.385000
v -3.792163 -2.630044 -0.481798
v -3.782144 -2.553941 -0.569325
v -3.770719 -2.467163 -0.646084
v -3.758084 -2.371193 -0.710763
v -3.744456 -2.267675 -0.762253
v -3.730067 -2.158379 -0.799674
v -3.715163 -2.045175 -0.822386
v -3.928379 -2.782320 -0.056168
v -3.922500 -2.760382 -0.170349
v -3.912815 -2.724236 -0.280588
v -3.899488 -2.674500 -0.385000
v -3.882748 -2.612026 -0.481798
v -3.862881 -2.537881 -0.569325
v -3.840228 -2.453337 -0.646084
v -3.815175 -2.359837 -0.710763
v -3.788151 -2.258983 -0.762253
v -3.759619 -2.152500 -0.799674
v -3.730067 -2.042210 -0.822386
v -4.037675 -2.745219 -0.056168
v -4.028984 -2.724236 -0.170349
v -4.014663 -2.689663 -0.280588
v -3.994958 -2.642092 -0.385000
v -3.970207 -2.582337 -0.481798
v -3.940832 -2.511421 -0.569325
v -3.907337 -2.430556 -0.646084
v -3.870294 -2.341126 -0.710763
v -3.830338 -2.244663 -0.762253
v -3.788151 -2.142815 -0.799674
v -3.744456 -2.037325 -0.822386
v -4.141193 -2.694170 -0.056168
v -4.129838 -2.674500 -0.170349
v -4.111127 -2.642092 -0.280588
v -4.085382 -2.597500 -0.385000
v -4.053042 -2.541488 -0.481798
v -4.014663 -2.475012 -0.569325
v -3.970899 -2.399211 -0.646084
v -3.922500 -2.315382 -0.710763
v -3.870294 -2.224958 -0.762253
v -3.815175 -2.129488 -0.799674
v -3.758084 -2.030605 -0.822386
v -4.237163 -2.630044 -0.056168
v -4.223337 -2.612026 -0.170349
v -4.200556 -2.582337 -0.280588
v -4.169211 -2.541488 -0.385000
v -4.129838 -2.490175 -0.481798
v -4.083109 -2.429277 -0.569325
v -4.029826 -2.359837 -0.646084
v -3.970899 -2.283042 -0.710763
v -3.907337 -2.200207 -0.762253
v -3.840228 -2.112748 -0.799674
v -3.770719 -2.022162 -0.822386
v -4.323942 -2.553942 -0.056168
v -4.307882 -2.537882 -0.170349
v -4.281421 -2.511421 -0.280588
v -4.245012 -2.475012 -0.385000
v -4.199277 -2.429277 -0.481798
v -4.145000 -2.375000 -0.569325
v -4.083109 -2.313109 -0.646084
v -4.014663 -2.244663 -0.710763
v -3.940833 -2.170833 -0.762253
v -3.862881 -2.092882 -0.799674
v -3.782144 -2.012144 -0.822386
v -4.400044 -2.467163 -0.056168
v -4.382026 -2.453337 -0.170349
v -4.352337 -2.430556 -0.280588
v -4.311488 -2.399211 -0.385000
v -4.260175 -2.359838 -0.481798
v -4.199277 -2.313109 -0.569325
v -4.129838 -2.259826 -0.646084
v -4.053042 -2.200899 -0.710763
v -3.970207 -2.137337 -0.762253
v -3.882748 -2.070228 -0.799674
v -3.792163 -2.000719 -0.822386
v -4.464170 -2.371193 -0.056168
v -4.444500 -2.359837 -0.170349
v -4.412092 -2.341127 -0.280588
v -4.367501 -2.315382 -0.385000
v -4.311488 -2.283042 -0.481798
v -4.245012 -2.244663 -0.569325
v -4.169211 -2.200899 -0.646084
v -4.085382 -2.152500 -0.710763
v -3.994958 -2.100294 -0.762253
v -3.899488 -2.045175 -0.799674
v -3.800605 -1.988084 -0.822386
v -4.515219 -2.267675 -0.056168
v -4.494236 -2.258983 -0.170349
v -4.459663 -2.244663 -0.280588
v -4.412093 -2.224958 -0.385000
v -4.352338 -2.200207 -0.481798
v -4.281421 -2.170832 -0.569325
v -4.200556 -2.137337 -0.646084
v -4.111127 -2.100294 -0.710763
v -4.014663 -2.060338 -0.762253
v -3.912815 -2.018151 -0.799674
v -3.807326 -1.974456 -0.822386
v -4.552320 -2.158379 -0.056168
v -4.530382 -2.152500 -0.170349
v -4.494236 -2.142815 -0.280588
v -4.444500 -2.129488 -0.385000
v -4.382026 -2.112748 -0.481798
v -4.307881 -2.092881 -0.569325
v -4.223337 -2.070228 -0.646084
v -4.129838 -2.045175 -0.710763
v -4.028983 -2.018151 -0.762253
v -3.922500 -1.989619 -0.799674
v -3.812210 -1.960066 -0.822386
v -4.574838 -2.045175 -0.056168
v -4.552320 -2.042210 -0.170349
v -4.515219 -2.037325 -0.280588
v -4.464170 -2.030605 -0.385000
v -4.400044 -2.022162 -0.481798
v -4.323941 -2.012143 -0.569325
v -4.237163 -2.000719 -0.646084
v -4.141193 -1.988084 -0.710763
v -4.037675 -1.974455 -0.762253
v -3.928379 -1.960066 -0.799674
v -3.815175 -1.945163 -0.822386
v -4.582387 -1.930000 -0.056168
v -4.559675 -1.930000 -0.170349
v -4.522254 -1.930000 -0.280588
v -4.470764 -1.930000 -0.385000
v -4.406085 -1.930000 -0.481798
v -4.329325 -1.930000 -0.569325
v -4.241798 -1.930000 -0.646084
v -4.145000 -1.930000 -0.710763
v -4.040588 -1.930000 -0.762253
v -3.930349 -1.930000 -0.799674
v -3.816169 -1.930000 -0.822386
v -4.574838 -1.814825 -0.056168
v -4.552320 -1.817790 -0.170349
v -4.515219 -1.822674 -0.280588
v -4.464170 -1.829395 -0.385000
v -4.400044 -1.837837 -0.481798
v -4.323941 -1.847856 -0.569325
v -4.237163 -1.859281 -0.646084
v -4.141193 -1.871916 -0.710763
v -4.037675 -1.885544 -0.762253
v -3.928379 -1.899933 -0.799674
v -3.815175 -1.914837 -0.822386
v -4.552320 -1.701621 -0.056168
v -4.530382 -1.707499 -0.170349
v -4.494236 -1.717185 -0.280588
v -4.444500 -1.730512 -0.385000
v -4.382026 -1.747252 -0.481798
v -4.307881 -1.767118 -0.569325
v -4.223337 -1.789772 -0.646084
v -4.129837 -1.814825 -0.710763
v -4.028983 -1.841849 -0.762253
v -3.922500 -1.870381 -0.799674
v -3.812210 -1.899933 -0.822386
v -4.515219 -1.592325 -0.056168
v -4.494236 -1.601016 -0.170349
v -4.459663 -1.615337 -0.280588
v -4.412093 -1.635042 -0.385000
v -4.352338 -1.659793 -0.481798
v -4.281421 -1.689167 -0.569325
v -4.200556 -1.722663 -0.646084
v -4.111127 -1.759706 -0.710763
v -4.014663 -1.799662 -0.762253
v -3.912815 -1.841849 -0.799674
v -3.807326 -1.885544 -0.822386
v -4.464170 -1.488806 -0.056168
v -4.444500 -1.500162 -0.170349
v -4.412093 -1.518873 -0.280588
v -4.367501 -1.544618 -0.385000
v -4.311488 -1.576957 -0.481798
v -4.245012 -1.615337 -0.569325
v -4.169211 -1.659101 -0.646084
v -4.085382 -1.707500 -0.710763
v -3.994958 -1.759706 -0.762253
v -3.899488 -1.814825 -0.799674
v -3.800605 -1.871916 -0.822386
v -4.400044 -1.392837 -0.056168
v -4.382026 -1.406663 -0.170349
v -4.352338 -1.429444 -0.280588
v -4.311488 -1.460789 -0.385000
v -4.260175 -1.500162 -0.481798
v -4.199277 -1.546891 -0.569325
v -4.129837 -1.600174 -0.646084
v -4.053042 -1.659101 -0.710763
v -3.970207 -1.722663 -0.762253
v -3.882748 -1.789772 -0.799674
v -3.792163 -1.859281 -0.822386
v -4.323942 -1.306058 -0.056168
v -4.307882 -1.322118 -0.170349
v -4.281421 -1.348579 -0.280588
v -4.245012 -1.384988 -0.385000
v -4.199278 -1.430722 -0.481798
v -4.145000 -1.485000 -0.569325
v -4.083109 -1.546891 -0.646084
v -4.014663 -1.615337 -0.710763
v -3.940832 -1.689167 -0.762253
v -3.862881 -1.767119 -0.799674
v -3.782144 -1.847856 -0.822386
v -4.237163 -1.229955 -0.056168
v -4.223337 -1.247974 -0.170349
v -4.200556 -1.277662 -0.280588
v -4.169211 -1.318512 -0.385000
v -4.129838 -1.369825 -0.481798
v -4.083109 -1.430723 -0.569325
v -4.029826 -1.500162 -0.646084
v -3.970899 -1.576957 -0.710763
v -3.907337 -1.659793 -0.762253
v -3.840228 -1.747252 -0.799674
v -3.770719 -1.837837 -0.822386
v -4.141193 -1.165830 -0.056168
v -4.129838 -1.185500 -0.170349
v -4.111127 -1.217907 -0.280588
v -4.085382 -1.262499 -0.385000
v -4.053042 -1.318512 -0.481798
v -4.014663 -1.384988 -0.569325
v -3.970899 -1.460789 -0.646084
v -3.922500 -1.544618 -0.710763
v -3.870294 -1.635042 -0.762253
v -3.815175 -1.730512 -0.799674
v -3.758084 -1.829395 -0.822386
v -4.037675 -1.114781 -0.056168
v -4.028983 -1.135764 -0.170349
v -4.014663 -1.170337 -0.280588
v -3.994958 -1.217907 -0.385000
v -3.970207 -1.277662 -0.481798
v -3.940832 -1.348579 -0.569325
v -3.907337 -1.429444 -0.646084
v -3.870294 -1.518873 -0.710763
v -3.830338 -1.615337 -0.762253
v -3.788151 -1.717185 -0.799674
v -3.744456 -1.822674 -0.822386
v -3.928379 -1.077679 -0.056168
v -3.922500 -1.099618 -0.170349
v -3.912815 -1.135764 -0.280588
v -3.899488 -1.185499 -0.385000
v -3.882748 -1.247974 -0.481798
v -3.862881 -1.322118 -0.569325
v -3.840228 -1.406663 -0.646084
v -3.815174 -1.500162 -0.710763
v -3.788151 -1.601017 -0.762253
v -3.759619 -1.707500 -0.799674
v -3.730067 -1.817790 -0.822386
v -3.815175 -1.055162 -0.056168
v -3.812210 -1.077680 -0.170349
v -3.807326 -1.114781 -0.280588
v -3.800605 -1.165830 -0.385000
v -3.792163 -1.229955 -0.481798
v -3.782143 -1.306059 -0.569325
v -3.770719 -1.392837 -0.646084
v -3.758084 -1.488807 -0.710763
v -3.744456 -1.592325 -0.762253
v -3.730067 -1.701621 -0.799674
v -3.715163 -1.814825 -0.822386
v -3.700000 -1.107746 -0.280588
v -3.700000 -1.223915 -0.481798
v -1.330000 -1.047614 -0.056168
v -1.330000 -1.070326 -0.170349
v -1.330000 -1.159237 -0.385000
v -1.330000 -1.300675 -0.569325
v -1.330000 -1.388202 -0.646084
v -1.330000 -1.485000 -0.710763
v -1.330000 -1.589412 -0.762253
v -1.330000 -1.699651 -0.799674
v -1.330000 -1.813832 -0.822386
v -1.330000 -1.930000 -0.830000
v -1.214826 -1.055163 -0.056168
v -1.217790 -1.077680 -0.170349
v -1.222675 -1.114782 -0.280588
v -1.229395 -1.165831 -0.385000
v -1.237838 -1.229956 -0.481798
v -1.247857 -1.306059 -0.569325
v -1.259281 -1.392837 -0.646084
v -1.271916 -1.488807 -0.710763
v -1.285544 -1.592326 -0.762253
v -1.299934 -1.701622 -0.799674
v -1.314837 -1.814825 -0.822386
v -1.101622 -1.077680 -0.056168
v -1.107500 -1.099619 -0.170349
v -1.117185 -1.135765 -0.280588
v -1.130512 -1.185501 -0.385000
v -1.147252 -1.247975 -0.481798
v -1.167119 -1.322119 -0.569325
v -1.189773 -1.406664 -0.646084
v -1.214826 -1.500163 -0.710763
v -1.241849 -1.601017 -0.762253
v -1.270381 -1.707500 -0.799674
v -1.299934 -1.817790 -0.822386
v -0.992326 -1.114782 -0.056168
v -1.001017 -1.135765 -0.170349
v -1.015338 -1.170338 -0.280588
v -1.035042 -1.217908 -0.385000
v -1.059793 -1.277663 -0.481798
v -1.089168 -1.348579 -0.569325
v -1.122663 -1.429444 -0.646084
v -1.159706 -1.518874 -0.710763
v -1.199663 -1.615337 -0.762253
v -1.241849 -1.717185 -0.799674
v -1.285544 -1.822674 -0.822386
v -0.888807 -1.165831 -0.056168
v -0.900163 -1.185500 -0.170349
v -0.918874 -1.217908 -0.280588
v -0.944619 -1.262500 -0.385000
v -0.976958 -1.318513 -0.481798
v -1.015338 -1.384988 -0.569325
v -1.059101 -1.460790 -0.646084
v -1.107500 -1.544619 -0.710763
v -1.159706 -1.635042 -0.762253
v -1.214826 -1.730512 -0.799674
v -1.271916 -1.829395 -0.822386
v -0.792838 -1.229956 -0.056168
v -0.806664 -1.247975 -0.170349
v -0.829444 -1.277663 -0.280588
v -0.860790 -1.318513 -0.385000
v -0.900163 -1.369825 -0.481798
v -0.946891 -1.430723 -0.569325
v -1.000175 -1.500163 -0.646084
v -1.059101 -1.576958 -0.710763
v -1.122663 -1.659793 -0.762253
v -1.189773 -1.747252 -0.799674
v -1.259281 -1.837837 -0.822386
v -0.706059 -1.306059 -0.056168
v -0.722119 -1.322119 -0.170349
v -0.748580 -1.348579 -0.280588
v -0.784989 -1.384988 -0.385000
v -0.830723 -1.430723 -0.481798
v -0.885000 -1.485000 -0.569325
v -0.946891 -1.546891 -0.646084
v -1.015338 -1.615337 -0.710763
v -1.089168 -1.689168 -0.762253
v -1.167119 -1.767119 -0.799674
v -1.247857 -1.847857 -0.822386
v -0.629956 -1.392837 -0.056168
v -0.647975 -1.406664 -0.170349
v -0.677663 -1.429444 -0.280588
v -0.718513 -1.460789 -0.385000
v -0.769826 -1.500163 -0.481798
v -0.830723 -1.546891 -0.569325
v -0.900163 -1.600175 -0.646084
v -0.976958 -1.659101 -0.710763
v -1.059793 -1.722663 -0.762253
v -1.147252 -1.789772 -0.799674
v -1.237838 -1.859281 -0.822386
v -0.565831 -1.488807 -0.056168
v -0.585500 -1.500163 -0.170349
v -0.617908 -1.518874 -0.280588
v -0.662500 -1.544618 -0.385000
v -0.718513 -1.576958 -0.481798
v -0.784989 -1.615337 -0.569325
v -0.860790 -1.659101 -0.646084
v -0.944619 -1.707500 -0.710763
v -1.035042 -1.759706 -0.762253
v -1.130512 -1.814825 -0.799674
v -1.229395 -1.871916 -0.822386
v -0.514782 -1.592326 -0.056168
v -0.535765 -1.601017 -0.170349
v -0.570338 -1.615337 -0.280588
v -0.617908 -1.635042 -0.385000
v -0.677663 -1.659793 -0.481798
v -0.748580 -1.689168 -0.569325
v -0.829444 -1.722663 -0.646084
v -0.918874 -1.759706 -0.710763
v -1.015337 -1.799662 -0.762253
v -1.117185 -1.841849 -0.799674
v -1.222675 -1.885544 -0.822386
v -0.477681 -1.701622 -0.056168
v -0.499619 -1.707500 -0.170349
v -0.535765 -1.717185 -0.280588
v -0.585500 -1.730512 -0.385000
v -0.647975 -1.747252 -0.481798
v -0.722119 -1.767119 -0.569325
v -0.806664 -1.789772 -0.646084
v -0.900163 -1.814825 -0.710763
v -1.001017 -1.841849 -0.762253
v -1.107500 -1.870381 -0.799674
v -1.217790 -1.899933 -0.822386
v -0.455163 -1.814825 -0.056168
v -0.477680 -1.817790 -0.170349
v -0.514782 -1.822674 -0.280588
v -0.565831 -1.829395 -0.385000
v -0.629956 -1.837837 -0.481798
v -0.706059 -1.847857 -0.569325
v -0.792838 -1.859281 -0.646084
v -0.888807 -1.871916 -0.710763
v -0.992326 -1.885544 -0.762253
v -1.101622 -1.899933 -0.799674
v -1.214826 -1.914837 -0.822386
v -0.447614 -1.930000 -0.056168
v -0.470326 -1.930000 -0.170349
v -0.507747 -1.930000 -0.280588
v -0.559237 -1.930000 -0.385000
v -0.623915 -1.930000 -0.481798
v -0.700675 -1.930000 -0.569325
v -0.788203 -1.930000 -0.646084
v -0.885000 -1.930000 -0.710763
v -0.989412 -1.930000 -0.762253
v -1.099651 -1.930000 -0.799674
v -1.213832 -1.930000 -0.822386
v -0.455163 -2.045175 -0.056168
v -0.477680 -2.042210 -0.170349
v -0.514782 -2.037325 -0.280588
v -0.565831 -2.030605 -0.385000
v -0.629956 -2.022162 -0.481798
v -0.706059 -2.012144 -0.569325
v -0.792838 -2.000719 -0.646084
v -0.888807 -1.988084 -0.710763
v -0.992326 -1.974456 -0.762253
v -1.101622 -1.960066 -0.799674
v -1.214826 -1.945163 -0.822386
v -0.477680 -2.158379 -0.056168
v -0.499619 -2.152500 -0.170349
v -0.535765 -2.142815 -0.280588
v -0.585500 -2.129488 -0.385000
v -0.647975 -2.112748 -0.481798
v -0.722119 -2.092882 -0.569325
v -0.806664 -2.070228 -0.646084
v -0.900163 -2.045175 -0.710763
v -1.001017 -2.018151 -0.762253
v -1.107500 -1.989619 -0.799674
v -1.217790 -1.960066 -0.822386
v -0.514781 -2.267675 -0.056168
v -0.535765 -2.258983 -0.170349
v -0.570338 -2.244663 -0.280588
v -0.617908 -2.224958 -0.385000
v -0.677663 -2.200207 -0.481798
v -0.748580 -2.170833 -0.569325
v -0.829444 -2.137337 -0.646084
v -0.918874 -2.100294 -0.710763
v -1.015338 -2.060338 -0.762253
v -1.117185 -2.018151 -0.799674
v -1.222675 -1.974456 -0.822386
v -0.565831 -2.371193 -0.056168
v -0.585500 -2.359837 -0.170349
v -0.617908 -2.341126 -0.280588
v -0.662500 -2.315382 -0.385000
v -0.718513 -2.283042 -0.481798
v -0.784989 -2.244663 -0.569325
v -0.860790 -2.200899 -0.646084
v -0.944619 -2.152500 -0.710763
v -1.035042 -2.100294 -0.762253
v -1.130512 -2.045175 -0.799674
v -1.229395 -1.988084 -0.822386
v -0.629956 -2.467163 -0.056168
v -0.647975 -2.453337 -0.170349
v -0.677663 -2.430556 -0.280588
v -0.718513 -2.399211 -0.385000
v -0.769825 -2.359837 -0.481798
v -0.830723 -2.313109 -0.569325
v -0.900163 -2.259826 -0.646084
v -0.976958 -2.200899 -0.710763
v -1.059793 -2.137337 -0.762253
v -1.147252 -2.070228 -0.799674
v -1.237838 -2.000719 -0.822386
v -0.706059 -2.553941 -0.056168
v -0.722119 -2.537882 -0.170349
v -0.748580 -2.511421 -0.280588
v -0.784988 -2.475012 -0.385000
v -0.830723 -2.429277 -0.481798
v -0.885000 -2.375000 -0.569325
v -0.946891 -2.313109 -0.646084
v -1.015338 -2.244663 -0.710763
v -1.089168 -2.170833 -0.762253
v -1.167119 -2.092882 -0.799674
v -1.247857 -2.012144 -0.822386
v -0.792837 -2.630044 -0.056168
v -0.806664 -2.612026 -0.170349
v -0.829444 -2.582337 -0.280588
v -0.860790 -2.541488 -0.385000
v -0.900163 -2.490175 -0.481798
v -0.946891 -2.429277 -0.569325
v -1.000175 -2.359837 -0.646084
v -1.059101 -2.283042 -0.710763
v -1.122663 -2.200207 -0.762253
v -1.189773 -2.112748 -0.799674
v -1.259281 -2.022162 -0.822386
v -0.888807 -2.694169 -0.056168
v -0.900163 -2.674500 -0.170349
v -0.918874 -2.642092 -0.280588
v -0.944619 -2.597500 -0.385000
v -0.976958 -2.541487 -0.481798
v -1.015338 -2.475012 -0.569325
v -1.059101 -2.399211 -0.646084
v -1.107500 -2.315382 -0.710763
v -1.159706 -2.224958 -0.762253
v -1.214826 -2.129488 -0.799674
v -1.271916 -2.030605 -0.822386
v -0.992326 -2.745219 -0.056168
v -1.001017 -2.724236 -0.170349
v -1.015337 -2.689663 -0.280588
v -1.035042 -2.642092 -0.385000
v -1.059793 -2.582337 -0.481798
v -1.089168 -2.511421 -0.569325
v -1.122663 -2.430556 -0.646084
v -1.159706 -2.341126 -0.710763
v -1.199663 -2.244663 -0.762253
v -1.241849 -2.142815 -0.799674
v -1.285544 -2.037325 -0.822386
v -1.101622 -2.782320 -0.056168
v -1.107500 -2.760382 -0.170349
v -1.117185 -2.724236 -0.280588
v -1.130512 -2.674500 -0.385000
v -1.147252 -2.612026 -0.481798
v -1.167119 -2.537881 -0.569325
v -1.189773 -2.453337 -0.646084
v -1.214826 -2.359837 -0.710763
v -1.241849 -2.258983 -0.762253
v -1.270381 -2.152500 -0.799674
v -1.299934 -2.042210 -0.822386
v -1.214826 -2.804838 -0.056168
v -1.217790 -2.782320 -0.170349
v -1.222675 -2.745219 -0.280588
v -1.229395 -2.694169 -0.385000
v -1.237838 -2.630044 -0.481798
v -1.247857 -2.553941 -0.569325
v -1.259281 -2.467163 -0.646084
v -1.271916 -2.371193 -0.710763
v -1.285545 -2.267675 -0.762253
v -1.299934 -2.158379 -0.799674
v -1.314837 -2.045175 -0.822386
v -1.330000 -2.812387 -0.056168
v -1.330000 -2.789675 -0.170349
v -1.330000 -2.752253 -0.280588
v -1.330000 -2.700763 -0.385000
v -1.330000 -2.636085 -0.481798
v -1.330000 -2.559325 -0.569325
v -1.330000 -2.471798 -0.646084
v -1.330000 -2.375000 -0.710763
v -1.330000 -2.270588 -0.762253
v -1.330000 -2.160349 -0.799674
v -1.330000 -2.046168 -0.822386
v -1.445175 -2.804838 -0.056168
v -1.442210 -2.782320 -0.170349
v -1.437326 -2.745219 -0.280588
v -1.430605 -2.694170 -0.385000
v -1.422163 -2.630044 -0.481798
v -1.412144 -2.553941 -0.569325
v -1.400719 -2.467163 -0.646084
v -1.388084 -2.371193 -0.710763
v -1.374456 -2.267675 -0.762253
v -1.360067 -2.158379 -0.799674
v -1.345163 -2.045175 -0.822386
v -1.558379 -2.782320 -0.056168
v -1.552500 -2.760382 -0.170349
v -1.542815 -2.724236 -0.280588
v -1.529488 -2.674500 -0.385000
v -1.512748 -2.612026 -0.481798
v -1.492882 -2.537881 -0.569325
v -1.470228 -2.453337 -0.646084
v -1.445175 -2.359837 -0.710763
v -1.418151 -2.258983 -0.762253
v -1.389619 -2.152500 -0.799674
v -1.360067 -2.042210 -0.822386
v -1.667675 -2.745219 -0.056168
v -1.658983 -2.724236 -0.170349
v -1.644663 -2.689663 -0.280588
v -1.624959 -2.642092 -0.385000
v -1.600207 -2.582337 -0.481798
v -1.570832 -2.511421 -0.569325
v -1.537337 -2.430556 -0.646084
v -1.500294 -2.341126 -0.710763
v -1.460338 -2.244663 -0.762253
v -1.418151 -2.142815 -0.799674
v -1.374456 -2.037325 -0.822386
v -1.771194 -2.694170 -0.056168
v -1.759838 -2.674500 -0.170349
v -1.741127 -2.642092 -0.280588
v -1.715382 -2.597500 -0.385000
v -1.683043 -2.541488 -0.481798
v -1.644663 -2.475012 -0.569325
v -1.600899 -2.399211 -0.646084
v -1.552500 -2.315382 -0.710763
v -1.500294 -2.224958 -0.762253
v -1.445175 -2.129488 -0.799674
v -1.388084 -2.030605 -0.822386
v -1.867163 -2.630044 -0.056168
v -1.853337 -2.612026 -0.170349
v -1.830556 -2.582337 -0.280588
v -1.799211 -2.541488 -0.385000
v -1.759838 -2.490175 -0.481798
v -1.713109 -2.429277 -0.569325
v -1.659826 -2.359837 -0.646084
v -1.600899 -2.283042 -0.710763
v -1.537337 -2.200207 -0.762253
v -1.470228 -2.112748 -0.799674
v -1.400719 -2.022162 -0.822386
v -1.953942 -2.553942 -0.056168
v -1.937882 -2.537882 -0.170349
v -1.911421 -2.511421 -0.280588
v -1.875012 -2.475012 -0.385000
v -1.829278 -2.429277 -0.481798
v -1.775000 -2.375000 -0.569325
v -1.713109 -2.313109 -0.646084
v -1.644663 -2.244663 -0.710763
v -1.570833 -2.170833 -0.762253
v -1.492882 -2.092882 -0.799674
v -1.412144 -2.012144 -0.822386
v -2.030045 -2.467163 -0.056168
v -2.012026 -2.453337 -0.170349
v -1.982338 -2.430556 -0.280588
v -1.941488 -2.399211 -0.385000
v -1.890175 -2.359838 -0.481798
v -1.829278 -2.313109 -0.569325
v -1.759838 -2.259826 -0.646084
v -1.683043 -2.200899 -0.710763
v -1.600207 -2.137337 -0.762253
v -1.512748 -2.070228 -0.799674
v -1.422163 -2.000719 -0.822386
v -2.094170 -2.371193 -0.056168
v -2.074500 -2.359837 -0.170349
v -2.042093 -2.341127 -0.280588
v -1.997501 -2.315382 -0.385000
v -1.941488 -2.283042 -0.481798
v -1.875012 -2.244663 -0.569325
v -1.799211 -2.200899 -0.646084
v -1.715382 -2.152500 -0.710763
v -1.624959 -2.100294 -0.762253
v -1.529488 -2.045175 -0.799674
v -1.430605 -1.988084 -0.822386
v -2.145219 -2.267675 -0.056168
v -2.124236 -2.258983 -0.170349
v -2.089663 -2.244663 -0.280588
v -2.042093 -2.224958 -0.385000
v -1.982338 -2.200207 -0.481798
v -1.911421 -2.170832 -0.569325
v -1.830556 -2.137337 -0.646084
v -1.741127 -2.100294 -0.710763
v -1.644663 -2.060338 -0.762253
v -1.542815 -2.018151 -0.799674
v -1.437326 -1.974456 -0.822386
v -2.182320 -2.158379 -0.056168
v -2.160382 -2.152500 -0.170349
v -2.124236 -2.142815 -0.280588
v -2.074501 -2.129488 -0.385000
v -2.012026 -2.112748 -0.481798
v -1.937882 -2.092881 -0.569325
v -1.853337 -2.070228 -0.646084
v -1.759837 -2.045175 -0.710763
v -1.658983 -2.018151 -0.762253
v -1.552500 -1.989619 -0.799674
v -1.442210 -1.960066 -0.822386
v -2.204838 -2.045175 -0.056168
v -2.182320 -2.042210 -0.170349
v -2.145219 -2.037325 -0.280588
v -2.094170 -2.030605 -0.385000
v -2.030045 -2.022162 -0.481798
v -1.953941 -2.012143 -0.569325
v -1.867163 -2.000719 -0.646084
v -1.771193 -1.988084 -0.710763
v -1.667675 -1.974455 -0.762253
v -1.558379 -1.960066 -0.799674
v -1.445175 -1.945163 -0.822386
v -2.212387 -1.930000 -0.056168
v -2.189675 -1.930000 -0.170349
v -2.152254 -1.930000 -0.280588
v -2.100764 -1.930000 -0.385000
v -2.036085 -1.930000 -0.481798
v -1.959325 -1.930000 -0.569325
v -1.871798 -1.930000 -0.646084
v -1.775000 -1.930000 -0.710763
v -1.670589 -1.930000 -0.762253
v -1.560349 -1.930000 -0.799674
v -1.446169 -1.930000 -0.822386
v -2.204838 -1.814825 -0.056168
v -2.182320 -1.817790 -0.170349
v -2.145219 -1.822674 -0.280588
v -2.094170 -1.829395 -0.385000
v -2.030045 -1.837837 -0.481798
v -1.953941 -1.847856 -0.569325
v -1.867163 -1.859281 -0.646084
v -1.771193 -1.871916 -0.710763
v -1.667675 -1.885544 -0.762253
v -1.558379 -1.899933 -0.799674
v -1.445175 -1.914837 -0.822386
v -2.182321 -1.701621 -0.056168
v -2.160382 -1.707499 -0.170349
v -2.124236 -1.717185 -0.280588
v -2.074501 -1.730512 -0.385000
v -2.012026 -1.747252 -0.481798
v -1.937882 -1.767118 -0.569325
v -1.853337 -1.789772 -0.646084
v -1.759837 -1.814825 -0.710763
v -1.658983 -1.841849 -0.762253
v -1.552500 -1.870381 -0.799674
v -1.442210 -1.899933 -0.822386
v -2.145219 -1.592325 -0.056168
v -2.124236 -1.601016 -0.170349
v -2.089664 -1.615337 -0.280588
v -2.042093 -1.635042 -0.385000
v -1.982338 -1.659793 -0.481798
v -1.911421 -1.689167 -0.569325
v -1.830556 -1.722663 -0.646084
v -1.741127 -1.759706 -0.710763
v -1.644663 -1.799662 -0.762253
v -1.542815 -1.841849 -0.799674
v -1.437326 -1.885544 -0.822386
v -2.094170 -1.488806 -0.056168
v -2.074500 -1.500162 -0.170349
v -2.042093 -1.518873 -0.280588
v -1.997501 -1.544618 -0.385000
v -1.941488 -1.576957 -0.481798
v -1.875012 -1.615337 -0.569325
v -1.799211 -1.659101 -0.646084
v -1.715382 -1.707500 -0.710763
v -1.624958 -1.759706 -0.762253
v -1.529488 -1.814825 -0.799674
v -1.430605 -1.871916 -0.822386
v -2.030045 -1.392837 -0.056168
v -2.012026 -1.406663 -0.170349
v -1.982338 -1.429444 -0.280588
v -1.941488 -1.460789 -0.385000
v -1.890175 -1.500162 -0.481798
v -1.829277 -1.546891 -0.569325
v -1.759837 -1.600174 -0.646084
v -1.683043 -1.659101 -0.710763
v -1.600207 -1.722663 -0.762253
v -1.512748 -1.789772 -0.799674
v -1.422163 -1.859281 -0.822386
v -1.953942 -1.306058 -0.056168
v -1.937882 -1.322118 -0.170349
v -1.911421 -1.348579 -0.280588
v -1.875012 -1.384988 -0.385000
v -1.829278 -1.430722 -0.481798
v -1.775000 -1.485000 -0.569325
v -1.713109 -1.546891 -0.646084
v -1.644663 -1.615337 -0.710763
v -1.570832 -1.689167 -0.762253
v -1.492882 -1.767119 -0.799674
v -1.412144 -1.847856 -0.822386
v -1.867163 -1.229955 -0.056168
v -1.853337 -1.247974 -0.170349
v -1.830556 -1.277662 -0.280588
v -1.799211 -1.318512 -0.385000
v -1.759838 -1.369825 -0.481798
v -1.713109 -1.430723 -0.569325
v -1.659826 -1.500162 -0.646084
v -1.600899 -1.576957 -0.710763
v -1.537337 -1.659793 -0.762253
v -1.470228 -1.747252 -0.799674
v -1.400719 -1.837837 -0.822386
v -1.771194 -1.165830 -0.056168
v -1.759837 -1.185500 -0.170349
v -1.741127 -1.217907 -0.280588
v -1.715382 -1.262499 -0.385000
v -1.683043 -1.318512 -0.481798
v -1.644663 -1.384988 -0.569325
v -1.600899 -1.460789 -0.646084
v -1.552500 -1.544618 -0.710763
v -1.500294 -1.635042 -0.762253
v -1.445175 -1.730512 -0.799674
v -1.388084 -1.829395 -0.822386
v -1.667675 -1.114781 -0.056168
v -1.658983 -1.135764 -0.170349
v -1.644663 -1.170337 -0.280588
v -1.624959 -1.217907 -0.385000
v -1.600207 -1.277662 -0.481798
v -1.570832 -1.348579 -0.569325
v -1.537337 -1.429444 -0.646084
v -1.500294 -1.518873 -0.710763
v -1.460338 -1.615337 -0.762253
v -1.418151 -1.717185 -0.799674
v -1.374456 -1.822674 -0.822386
v -1.558379 -1.077679 -0.056168
v -1.552500 -1.099618 -0.170349
v -1.542815 -1.135764 -0.280588
v -1.529488 -1.185499 -0.385000
v -1.512748 -1.247974 -0.481798
v -1.492881 -1.322118 -0.569325
v -1.470228 -1.406663 -0.646084
v -1.445174 -1.500162 -0.710763
v -1.418151 -1.601017 -0.762253
v -1.389619 -1.707500 -0.799674
v -1.360067 -1.817790 -0.822386
v -1.445175 -1.055162 -0.056168
v -1.442210 -1.077680 -0.170349
v -1.437326 -1.114781 -0.280588
v -1.430605 -1.165830 -0.385000
v -1.422163 -1.229955 -0.481798
v -1.412143 -1.306059 -0.569325
v -1.400719 -1.392837 -0.646084
v -1.388084 -1.488807 -0.710763
v -1.374456 -1.592325 -0.762253
v -1.360067 -1.701621 -0.799674
v -1.345163 -1.814825 -0.822386
v -1.330000 -1.107746 -0.280588
v -1.330000 -1.223915 -0.481798
v 1.260000 2.710000 -0.385000
v 1.357409 2.704530 -0.385000
v 1.453593 2.688187 -0.385000
v 1.547343 2.661179 -0.385000
v 1.637479 2.623843 -0.385000
v 1.722868 2.576650 -0.385000
v 1.802436 2.520193 -0.385000
v 1.875183 2.455183 -0.385000
v 1.940193 2.382436 -0.385000
v 1.996650 2.302868 -0.385000
v 2.043843 2.217479 -0.385000
v 2.081178 2.127343 -0.385000
v 2.108187 2.033593 -0.385000
v 2.124530 1.937409 -0.385000
v 2.130000 1.840000 -0.385000
v 2.124530 1.742591 -0.385000
v 2.108187 1.646407 -0.385000
v 2.081178 1.552657 -0.385000
v 2.043843 1.462521 -0.385000
v 1.996650 1.377132 -0.385000
v 1.940193 1.297564 -0.385000
v 1.875183 1.224817 -0.385000
v 1.802436 1.159807 -0.385000
v 1.722868 1.103350 -0.385000
v 1.637479 1.056157 -0.385000
v 1.547343 1.018821 -0.385000
v 1.453593 0.991813 -0.385000
v 1.357409 0.975470 -0.385000
v 1.260000 0.970000 -0.385000
v 1.162591 0.975470 -0.385000
v 1.066407 0.991813 -0.385000
v 0.972657 1.018821 -0.385000
v 0.882521 1.056157 -0.385000
v 0.797132 1.103350 -0.385000
v 0.717564 1.159807 -0.385000
v 0.644817 1.224817 -0.385000
v 0.579807 1.297564 -0.385000
v 0.523350 1.377132 -0.385000
v 0.476157 1.462521 -0.385000
v 0.438822 1.552657 -0.385000
v 0.411813 1.646407 -0.385000
v 0.395470 1.742591 -0.385000
v 0.390000 1.840000 -0.385000
v 0.395470 1.937409 -0.385000
v 0.411813 2.033593 -0.385000
v 0.438822 2.127343 -0.385000
v 0.476157 2.217479 -0.385000
v 0.523350 2.302868 -0.385000
v 0.579807 2.382436 -0.385000
v 0.644817 2.455183 -0.385000
v 0.717564 2.520193 -0.385000
v 0.797132 2.576650 -0.385000
v 0.882521 2.623843 -0.385000
v 0.972657 2.661179 -0.385000
v 1.066407 2.688187 -0.385000
v 1.162591 2.704530 -0.385000
v 3.280000 1.140000 -0.385000
v 3.377409 1.134530 -0.385000
v 3.473593 1.118187 -0.385000
v 3.567343 1.091178 -0.385000
v 3.657479 1.053843 -0.385000
v 3.742868 1.006650 -0.385000
v 3.822436 0.950193 -0.385000
v 3.895183 0.885183 -0.385000
v 3.960193 0.812436 -0.385000
v 4.016650 0.732868 -0.385000
v 4.063843 0.647479 -0.385000
v 4.101178 0.557343 -0.385000
v 4.128187 0.463593 -0.385000
v 4.144529 0.367409 -0.385000
v 4.150000 0.270000 -0.385000
v 4.144529 0.172591 -0.385000
v 4.128187 0.076407 -0.385000
v 4.101178 -0.017343 -0.385000
v 4.063843 -0.107479 -0.385000
v 4.016650 -0.192868 -0.385000
v 3.960193 -0.272436 -0.385000
v 3.895183 -0.345183 -0.385000
v 3.822436 -0.410193 -0.385000
v 3.742868 -0.466650 -0.385000
v 3.657479 -0.513843 -0.385000
v 3.567343 -0.551179 -0.385000
v 3.473593 -0.578187 -0.385000
v 3.377409 -0.594530 -0.385000
v 3.280000 -0.600000 -0.385000
v 3.182591 -0.594530 -0.385000
v 3.086407 -0.578187 -0.385000
v 2.992657 -0.551179 -0.385000
v 2.902521 -0.513843 -0.385000
v 2.817132 -0.466650 -0.385000
v 2.737564 -0.410193 -0.385000
v 2.664817 -0.345183 -0.385000
v 2.599807 -0.272436 -0.385000
v 2.543350 -0.192868 -0.385000
v 2.496157 -0.107479 -0.385000
v 2.458822 -0.017343 -0.385000
v 2.431813 0.076407 -0.385000
v 2.415470 0.172591 -0.385000
v 2.410000 0.270000 -0.385000
v 2.415470 0.367409 -0.385000
v 2.431813 0.463593 -0.385000
v 2.458822 0.557343 -0.385000
v 2.496157 0.647479 -0.385000
v 2.543350 0.732868 -0.385000
v 2.599807 0.812436 -0.385000
v 2.664817 0.885183 -0.385000
v 2.737564 0.950193 -0.385000
v 2.817132 1.006650 -0.385000
v 2.902521 1.053843 -0.385000
v 2.992657 1.091178 -0.385000
v 3.086407 1.118187 -0.385000
v 3.182591 1.134530 -0.385000
v 0.510000 -3.135000 -0.550000
v 0.510000 -0.865000 -0.550000
v 4.550000 -3.135000 -0.550000
v 4.550000 -0.865000 -0.550000
v -4.586068 0.000000 0.000000
v -4.586068 -1.930000 0.000000
v -4.586068 1.930000 0.000000
v -4.578487 -2.045655 0.000000
v -4.578488 -1.814345 0.000000
v -4.578487 -0.115655 0.000000
v -4.578488 0.115655 0.000000
v -4.578487 1.814345 0.000000
v -4.578488 2.045655 0.000000
v -4.555876 1.700669 0.000000
v -4.555876 0.229332 0.000000
v -4.555876 -2.159331 0.000000
v -4.555876 -1.700668 0.000000
v -4.555876 -0.229331 0.000000
v -4.555876 2.159332 0.000000
v -4.518620 -1.590916 0.000000
v -4.518620 -0.339083 0.000000
v -4.518620 1.590917 0.000000
v -4.518620 0.339084 0.000000
v -4.467358 -1.486966 0.000000
v -4.467358 -0.443034 0.000000
v -4.467358 0.443034 0.000000
v -4.467358 1.486966 0.000000
v -4.402965 -0.539404 0.000000
v -4.402965 -1.390596 0.000000
v -4.402965 1.390596 0.000000
v -4.402965 0.539404 0.000000
v -4.402965 2.469404 0.000000
v -4.467358 -2.373034 0.000000
v -4.467358 2.373034 0.000000
v -4.402965 -2.469404 0.000000
v -4.518620 -2.269083 0.000000
v -4.518620 2.269084 0.000000
v -4.326545 -1.303455 0.000000
v -4.326545 -0.626545 0.000000
v -4.326545 0.626545 0.000000
v -4.326545 1.303455 0.000000
v -4.326545 -2.556545 0.000000
v -4.239404 1.227035 0.000000
v -4.239404 0.702965 0.000000
v -4.143034 -0.767357 0.000000
v -4.143034 -1.162642 0.000000
v -4.143034 0.767358 0.000000
v -4.143034 1.162643 0.000000
v -4.239404 -2.632965 0.000000
v -4.239404 -1.227035 0.000000
v -4.239404 -0.702965 0.000000
v -4.239404 2.632965 0.000000
v -4.284225 2.593659 0.000000
v -4.039084 -0.818620 0.000000
v -4.039083 -1.111380 0.000000
v -4.039083 0.818621 0.000000
v -4.039084 1.111380 0.000000
v -4.039083 2.748621 0.000000
v -3.929332 1.074124 0.000000
v -3.929331 0.855876 0.000000
v -3.815655 -0.878488 0.000000
v -3.815655 -1.051512 0.000000
v -3.815655 1.051512 0.000000
v -3.815655 0.878488 0.000000
v -3.815655 2.808488 0.000000
v -3.929331 -1.074124 0.000000
v -3.929332 -0.855876 0.000000
v -3.929331 2.785876 0.000000
v -4.143034 -2.697357 0.000000
v -4.143034 2.697358 0.000000
v -4.326545 2.556545 0.000000
v -3.700000 -0.886068 0.000000
v -3.700000 -1.043932 0.000000
v -3.700000 1.043932 0.000000
v -3.700000 0.886068 0.000000
v -3.584345 -0.878487 0.000000
v -3.584345 -1.051513 0.000000
v -3.584345 0.878487 0.000000
v -3.584345 1.051512 0.000000
v -3.470669 -1.074124 0.000000
v -3.470669 -0.855876 0.000000
v -3.470669 0.855875 0.000000
v -3.470669 1.074124 0.000000
v -3.360917 -1.111380 0.000000
v -3.360917 0.818620 0.000000
v -3.470669 2.785875 0.000000
v -3.584345 2.808487 0.000000
v -3.256966 -1.162643 0.000000
v -3.360917 -0.818620 0.000000
v -3.360917 1.111380 0.000000
v -3.256966 -0.767357 0.000000
v -3.256966 1.162643 0.000000
v -3.256966 0.767357 0.000000
v -3.256966 2.697357 0.000000
v -3.160596 -0.702965 0.000000
v -3.160596 -1.227035 0.000000
v -3.160596 1.227035 0.000000
v -3.160596 0.702965 0.000000
v -3.073456 -0.626544 0.000000
v -3.073456 -1.303456 0.000000
v -3.073456 1.303455 0.000000
v -3.073456 0.626544 0.000000
v -3.073456 2.556544 0.000000
v -3.160596 2.632965 0.000000
v -3.360917 2.748620 0.000000
v -2.997036 -1.390596 0.000000
v -2.997035 -0.539404 0.000000
v -2.997036 0.539404 0.000000
v -2.997035 1.390596 0.000000
v -2.881380 -1.590917 0.000000
v -2.881380 -0.339084 0.000000
v -2.881380 0.339083 0.000000
v -2.881380 1.590916 0.000000
v -2.881380 2.269083 0.000000
v -2.932643 -1.486966 0.000000
v -2.932643 -0.443034 0.000000
v -2.932643 0.443034 0.000000
v -2.932643 1.486966 0.000000
v -2.932643 2.373034 0.000000
v -2.821513 -1.814345 0.000000
v -2.821513 -0.115655 0.000000
v -2.821513 0.115655 0.000000
v -2.821513 2.045655 0.000000
v -2.216068 0.000000 0.000000
v -2.813932 -0.000000 0.000000
v -2.813932 1.930000 0.000000
v -2.216068 1.930000 0.000000
v -2.208488 1.814345 0.000000
v -2.208488 -0.115655 0.000000
v -2.208488 0.115655 0.000000
v -2.208488 2.045655 0.000000
v -2.844124 -0.229331 0.000000
v -2.844124 1.700669 0.000000
v -2.821513 1.814345 0.000000
v -2.844125 -1.700669 0.000000
v -2.844125 0.229331 0.000000
v -2.844125 2.159331 0.000000
v -2.997036 2.469404 0.000000
v -3.700000 2.816068 0.000000
v -2.148620 -0.339083 0.000000
v -2.148620 0.339084 0.000000
v -2.148620 1.590917 0.000000
v -2.148620 2.269084 0.000000
v -1.956545 -0.626545 0.000000
v -2.032965 -0.539404 0.000000
v -2.032965 1.390596 0.000000
v -2.032965 0.539404 0.000000
v -2.032965 2.469404 0.000000
v -2.097358 -0.443034 0.000000
v -2.097358 0.443034 0.000000
v -2.097358 1.486966 0.000000
v -2.097358 2.373034 0.000000
v -1.956545 1.303455 0.000000
v -1.956545 0.626545 0.000000
v -1.869404 -0.702965 0.000000
v -1.869404 -1.227035 0.000000
v -1.869404 1.227035 0.000000
v -1.869404 0.702965 0.000000
v -1.869404 2.632965 0.000000
v -1.773034 -0.767357 0.000000
v -1.773034 -1.162642 0.000000
v -1.773034 1.162643 0.000000
v -1.773034 0.767358 0.000000
v -1.669084 -1.111380 0.000000
v -1.669084 -0.818620 0.000000
v -1.669084 0.818621 0.000000
v -1.669084 1.111380 0.000000
v -1.773034 2.697358 0.000000
v -1.956545 -1.303455 0.000000
v -1.956545 2.556545 0.000000
v -1.559331 0.855876 0.000000
v -1.559332 1.074124 0.000000
v -1.559332 -0.855876 0.000000
v -1.445655 0.878488 0.000000
v -1.445655 1.051512 0.000000
v -1.445655 -0.878488 0.000000
v -1.559331 2.785876 0.000000
v -1.330000 0.886068 0.000000
v -1.330000 1.043932 0.000000
v -1.214345 1.051512 0.000000
v -1.214345 0.878487 0.000000
v -1.214345 2.808487 0.000000
v -1.330000 -0.886068 0.000000
v -1.315817 -0.885138 0.000000
v -1.330000 2.816068 0.000000
v -1.445655 2.808488 0.000000
v -1.100669 1.074124 0.000000
v -1.100669 0.855875 0.000000
v -0.886966 1.162643 0.000000
v -0.886966 0.767357 0.000000
v -0.990917 0.818620 0.000000
v -0.990917 1.111380 0.000000
v -0.990917 2.748620 0.000000
v -0.703456 0.626544 0.000000
v -0.790596 1.227035 0.000000
v -0.790596 0.702965 0.000000
v -0.790596 2.632965 0.000000
v -0.627036 0.539404 0.000000
v -0.627035 1.390596 0.000000
v -0.703456 1.303455 0.000000
v -0.703456 2.556544 0.000000
v -0.886966 2.697357 0.000000
v -1.100669 2.785875 0.000000
v -1.669084 2.748621 0.000000
v -0.562643 1.486966 0.000000
v -0.562643 2.373034 0.000000
v -0.511380 -0.339084 0.000000
v -0.511381 0.339083 0.000000
v -0.511380 1.590916 0.000000
v -0.511381 2.269083 0.000000
v -0.443933 -0.000000 0.000000
v -0.451513 -0.115655 0.000000
v -0.451513 0.115655 0.000000
v -0.451513 1.814345 0.000000
v -0.447614 1.873832 0.000000
v -0.451513 2.045655 0.000000
v -0.474125 -0.229331 0.000000
v -0.474125 0.229331 0.000000
v -0.474125 1.700669 0.000000
v -0.474125 2.159331 0.000000
v 0.390000 1.840000 0.000000
v -0.443933 1.930000 0.000000
v 0.395470 1.742591 0.000000
v 0.395470 1.937409 0.000000
v 0.438822 1.552657 0.000000
v 0.438822 2.127343 0.000000
v 0.411813 1.646407 0.000000
v 0.411813 2.033593 0.000000
v 0.523350 1.377132 0.000000
v 0.523350 2.302868 0.000000
v 0.717564 1.159807 0.000000
v 0.644817 1.224817 0.000000
v 0.644817 2.455183 0.000000
v 0.579807 1.297564 0.000000
v 0.579807 2.382436 0.000000
v 0.476157 1.462521 0.000000
v 0.476157 2.217479 0.000000
v -0.562643 0.443034 0.000000
v 0.882521 1.056157 0.000000
v 0.797132 2.576650 0.000000
v 1.066407 2.688187 0.000000
v 1.066407 0.991813 0.000000
v 0.972657 2.661179 0.000000
v 0.972657 1.018821 0.000000
v 0.882521 2.623843 0.000000
v 1.260000 0.970000 0.000000
v 1.260000 2.710000 0.000000
v 1.453593 0.991813 0.000000
v 1.453593 2.688187 0.000000
v 1.357409 0.975470 0.000000
v 1.357409 2.704530 0.000000
v 1.162591 0.975470 0.000000
v 1.162591 2.704530 0.000000
v 1.637479 2.623843 0.000000
v 1.802436 2.520193 0.000000
v 1.722868 2.576650 0.000000
v 1.996650 2.302868 0.000000
v 1.996650 1.377132 0.000000
v 1.940193 2.382436 0.000000
v 1.875183 2.455183 0.000000
v 2.081178 1.552657 0.000000
v 2.081178 2.127343 0.000000
v 2.130000 1.840000 0.000000
v 2.124530 1.937409 0.000000
v 2.124530 1.742591 0.000000
v 2.108187 2.033593 0.000000
v 2.043843 1.462521 0.000000
v 2.108187 1.646407 0.000000
v 2.043843 2.217479 0.000000
v 1.547343 2.661179 0.000000
v 0.797132 1.103350 0.000000
v 0.717564 2.520193 0.000000
v -0.627036 2.469404 0.000000
v -2.185876 -0.229331 0.000000
v -2.185876 0.229332 0.000000
v -2.185876 1.700669 0.000000
v -2.185876 2.159332 0.000000
v -4.039084 -2.748620 0.000000
v -3.815655 -2.808488 0.000000
v -3.929332 -2.785876 0.000000
v -3.584345 -2.808488 0.000000
v -3.360917 -2.748620 0.000000
v -3.470669 -2.785876 0.000000
v -3.700000 -2.816068 0.000000
v -3.160596 -2.632965 0.000000
v -2.932643 -2.373034 0.000000
v -2.997035 -2.469404 0.000000
v -3.073456 -2.556545 0.000000
v -2.844124 -2.159332 0.000000
v -2.813932 -1.930000 0.000000
v -2.216068 -1.930000 0.000000
v -2.821513 -2.045655 0.000000
v -2.881380 -2.269083 0.000000
v -3.256966 -2.697357 0.000000
v -2.208488 -2.045655 0.000000
v -2.208488 -1.814345 0.000000
v -2.097358 -1.486966 0.000000
v -2.148620 -2.269083 0.000000
v -2.148620 -1.590916 0.000000
v -2.185876 -2.159331 0.000000
v -2.185876 -1.700668 0.000000
v -1.956545 -2.556545 0.000000
v -2.032965 -2.469404 0.000000
v -1.773034 -2.697357 0.000000
v -1.669084 -2.748620 0.000000
v -1.869404 -2.632965 0.000000
v -2.097358 -2.373034 0.000000
v -2.032965 -1.390596 0.000000
v -1.559332 -2.785876 0.000000
v -1.445655 -2.808488 0.000000
v -1.445655 -1.051512 0.000000
v -1.214345 -0.878487 0.000000
v -1.214345 -1.051513 0.000000
v -1.214345 -2.808488 0.000000
v -1.330000 -2.816068 0.000000
v -1.330000 -1.043932 0.000000
v -1.100669 -1.074124 0.000000
v -1.100669 -0.855876 0.000000
v -0.886966 -0.767357 0.000000
v -0.886966 -1.162643 0.000000
v -0.886966 -2.697357 0.000000
v -0.990917 -2.748620 0.000000
v -0.990917 -1.111380 0.000000
v -0.990917 -0.818620 0.000000
v -1.100669 -2.785876 0.000000
v -0.790596 -1.227035 0.000000
v -0.790596 -0.702965 0.000000
v -0.703456 -1.303456 0.000000
v -0.627036 -1.390596 0.000000
v -0.627035 -0.539404 0.000000
v -0.703456 -0.626544 0.000000
v -0.703456 -2.556545 0.000000
v -0.562643 -2.373034 0.000000
v -0.562643 -0.443034 0.000000
v -0.474125 -2.159332 0.000000
v -0.474125 -1.700669 0.000000
v -0.511380 -2.269083 0.000000
v -0.511381 -1.590917 0.000000
v -0.627035 -2.469404 0.000000
v -0.562643 -1.486966 0.000000
v -0.790596 -2.632965 0.000000
v -1.559331 -1.074124 0.000000
v -0.443933 -1.930000 0.000000
v 0.510000 -3.135000 0.000000
v -0.451513 -2.045655 0.000000
v 1.547343 1.018821 0.000000
v 1.802436 1.159807 0.000000
v 1.722868 1.103350 0.000000
v 1.637479 1.056157 0.000000
v 1.940193 1.297564 0.000000
v 2.410000 0.270000 0.000000
v 2.431813 0.076407 0.000000
v 2.431813 0.463593 0.000000
v 2.415470 0.172591 0.000000
v 2.415470 0.367409 0.000000
v 2.458822 -0.017343 0.000000
v 0.510000 -0.865000 0.000000
v 2.458822 0.557343 0.000000
v 1.875183 1.224817 0.000000
v 2.496157 -0.107479 0.000000
v 2.496157 0.647479 0.000000
v 2.664817 -0.345183 0.000000
v 2.599807 -0.272436 0.000000
v 2.599807 0.812436 0.000000
v 2.543350 -0.192868 0.000000
v 2.543350 0.732868 0.000000
v 2.817132 1.006650 0.000000
v 2.817132 -0.466650 0.000000
v 2.737564 0.950193 0.000000
v 2.992657 -0.551179 0.000000
v 2.992657 1.091178 0.000000
v 2.902521 -0.513843 0.000000
v 2.902521 1.053843 0.000000
v 2.737564 -0.410193 0.000000
v 2.664817 0.885183 0.000000
v 3.826418 -0.865000 0.000000
v 3.182591 -0.594530 0.000000
v 3.182591 1.134530 0.000000
v 3.377409 -0.594530 0.000000
v 3.377409 1.134530 0.000000
v 3.280000 -0.600000 0.000000
v 3.280000 1.140000 0.000000
v 3.657479 -0.513843 0.000000
v 3.567343 -0.551179 0.000000
v 3.567343 1.091178 0.000000
v 3.822436 -0.410193 0.000000
v 3.742868 -0.466650 0.000000
v 3.742868 1.006650 0.000000
v 3.657479 1.053843 0.000000
v 3.473593 -0.578187 0.000000
v 3.473593 1.118187 0.000000
v 3.960193 -0.272436 0.000000
v 3.895183 0.885183 0.000000
v 4.063843 0.647479 0.000000
v 4.063843 -0.107479 0.000000
v 4.016650 0.732868 0.000000
v 4.016650 -0.192868 0.000000
v 3.960193 0.812436 0.000000
v 4.128187 0.076407 0.000000
v 4.128187 0.463593 0.000000
v 4.150000 0.270000 0.000000
v 4.550000 -0.865000 0.000000
v 4.550000 -3.135000 0.000000
v 4.144529 0.367409 0.000000
v 4.101178 -0.017343 0.000000
v 4.144529 0.172591 0.000000
v 4.101178 0.557343 0.000000
v 3.895183 -0.345183 0.000000
v 3.822436 0.950193 0.000000
v 3.086407 -0.578187 0.000000
v 3.086407 1.118187 0.000000
v -0.451513 -1.814345 0.000000
vn -1.0000 -0.0000 -0.0000
vn -0.0000 1.0000 -0.0000
vn 1.0000 -0.0000 -0.0000
vn -0.0000 -1.0000 -0.0000
vn -0.0000 -0.0000 -1.0000
vn -0.0000 -0.0000 1.0000
vn -0.0211 -0.3214 0.9467
vn -0.0619 -0.9451 0.3208
vn -0.0128 -0.1951 0.9807
vn -0.0587 -0.8953 0.4415
vn -0.0043 -0.0654 0.9978
vn -0.0544 -0.8302 0.5547
vn -0.0492 -0.7509 0.6585
vn -0.0432 -0.6587 0.7511
vn -0.0364 -0.5552 0.8309
vn -0.0653 -0.9957 0.0653
vn -0.0290 -0.4421 0.8965
vn -0.0642 -0.9788 0.1947
vn -0.1947 -0.9787 0.0653
vn -0.0864 -0.4345 0.8965
vn -0.1914 -0.9620 0.1947
vn -0.0628 -0.3159 0.9467
vn -0.1848 -0.9289 0.3208
vn -0.0381 -0.1917 0.9807
vn -0.1750 -0.8800 0.4415
vn -0.0128 -0.0643 0.9978
vn -0.1623 -0.8160 0.5547
vn -0.1468 -0.7381 0.6585
vn -0.1288 -0.6475 0.7511
vn -0.1085 -0.5457 0.8309
vn -0.0628 -0.1851 0.9807
vn -0.2884 -0.8496 0.4415
vn -0.0211 -0.0621 0.9978
vn -0.2674 -0.7879 0.5547
vn -0.2419 -0.7126 0.6585
vn -0.2122 -0.6251 0.7511
vn -0.1788 -0.5269 0.8309
vn -0.3208 -0.9449 0.0653
vn -0.1424 -0.4195 0.8965
vn -0.3153 -0.9288 0.1947
vn -0.1035 -0.3050 0.9467
vn -0.3044 -0.8969 0.3208
vn -0.2920 -0.5921 0.7511
vn -0.2461 -0.4990 0.8309
vn -0.4413 -0.8950 0.0653
vn -0.1960 -0.3974 0.8965
vn -0.4338 -0.8797 0.1947
vn -0.1424 -0.2888 0.9467
vn -0.4189 -0.8495 0.3208
vn -0.0865 -0.1753 0.9807
vn -0.3968 -0.8047 0.4415
vn -0.0290 -0.0588 0.9978
vn -0.3680 -0.7462 0.5547
vn -0.3328 -0.6749 0.6585
vn -0.5449 -0.8156 0.1947
vn -0.1789 -0.2678 0.9467
vn -0.5262 -0.7875 0.3208
vn -0.1086 -0.1625 0.9807
vn -0.4985 -0.7460 0.4415
vn -0.0364 -0.0545 0.9978
vn -0.4622 -0.6918 0.5547
vn -0.4181 -0.6257 0.6585
vn -0.3668 -0.5489 0.7511
vn -0.3091 -0.4626 0.8309
vn -0.5544 -0.8297 0.0653
vn -0.2461 -0.3684 0.8965
vn -0.0432 -0.0493 0.9978
vn -0.5486 -0.6255 0.5547
vn -0.4962 -0.5658 0.6585
vn -0.4353 -0.4963 0.7511
vn -0.3669 -0.4183 0.8309
vn -0.6579 -0.7502 0.0653
vn -0.2921 -0.3331 0.8965
vn -0.6467 -0.7375 0.1947
vn -0.2123 -0.2421 0.9467
vn -0.6245 -0.7121 0.3208
vn -0.1289 -0.1470 0.9807
vn -0.5916 -0.6746 0.4415
vn -0.4183 -0.3669 0.8309
vn -0.7502 -0.6579 0.0653
vn -0.3331 -0.2921 0.8965
vn -0.7375 -0.6467 0.1947
vn -0.2421 -0.2123 0.9467
vn -0.7121 -0.6245 0.3208
vn -0.1470 -0.1289 0.9807
vn -0.6746 -0.5916 0.4415
vn -0.0493 -0.0432 0.9978
vn -0.6255 -0.5486 0.5547
vn -0.5658 -0.4962 0.6585
vn -0.4963 -0.4353 0.7511
vn -0.7875 -0.5262 0.3208
vn -0.1625 -0.1086 0.9807
vn -0.7460 -0.4985 0.4415
vn -0.0545 -0.0364 0.9978
vn -0.6918 -0.4622 0.5547
vn -0.6257 -0.4181 0.6585
vn -0.5489 -0.3668 0.7511
vn -0.4626 -0.3091 0.8309
vn -0.8297 -0.5544 0.0653
vn -0.3684 -0.2461 0.8965
vn -0.8156 -0.5449 0.1947
vn -0.2678 -0.1789 0.9467
vn -0.6749 -0.3328 0.6585
vn -0.5921 -0.2920 0.7511
vn -0.4990 -0.2461 0.8309
vn -0.8950 -0.4413 0.0653
vn -0.3974 -0.1960 0.8965
vn -0.8797 -0.4338 0.1947
vn -0.2888 -0.1424 0.9467
vn -0.8495 -0.4189 0.3208
vn -0.1753 -0.0865 0.9807
vn -0.8047 -0.3968 0.4415
vn -0.0588 -0.0290 0.9978
vn -0.7462 -0.3680 0.5547
vn -0.9449 -0.3208 0.0653
vn -0.4195 -0.1424 0.8965
vn -0.9288 -0.3153 0.1947
vn -0.3050 -0.1035 0.9467
vn -0.8969 -0.3044 0.3208
vn -0.1851 -0.0628 0.9807
vn -0.8496 -0.2884 0.4415
vn -0.0621 -0.0211 0.9978
vn -0.7879 -0.2674 0.5547
vn -0.7126 -0.2419 0.6585
vn -0.6251 -0.2122 0.7511
vn -0.5269 -0.1788 0.8309
vn -0.8800 -0.1750 0.4415
vn -0.0643 -0.0128 0.9978
vn -0.8160 -0.1623 0.5547
vn -0.7381 -0.1468 0.6585
vn -0.6475 -0.1288 0.7511
vn -0.5457 -0.1086 0.8309
vn -0.9787 -0.1947 0.0653
vn -0.4345 -0.0864 0.8965
vn -0.9620 -0.1914 0.1947
vn -0.3159 -0.0628 0.9467
vn -0.9289 -0.1848 0.3208
vn -0.1917 -0.0381 0.9807
vn -0.6587 -0.0432 0.7511
vn -0.5552 -0.0364 0.8309
vn -0.9957 -0.0653 0.0653
vn -0.4421 -0.0290 0.8965
vn -0.9788 -0.0642 0.1947
vn -0.3214 -0.0211 0.9467
vn -0.9451 -0.0619 0.3208
vn -0.1951 -0.0128 0.9807
vn -0.8953 -0.0587 0.4415
vn -0.0654 -0.0043 0.9978
vn -0.8302 -0.0544 0.5547
vn -0.7509 -0.0492 0.6585
vn -0.9788 0.0641 0.1947
vn -0.3214 0.0211 0.9467
vn -0.9451 0.0619 0.3208
vn -0.1951 0.0128 0.9807
vn -0.8953 0.0587 0.4415
vn -0.0654 0.0043 0.9978
vn -0.8302 0.0544 0.5547
vn -0.7509 0.0492 0.6585
vn -0.6587 0.0432 0.7511
vn -0.5552 0.0364 0.8309
vn -0.9957 0.0653 0.0653
vn -0.4421 0.0290 0.8965
vn -0.8160 0.1623 0.5547
vn -0.7381 0.1468 0.6585
vn -0.6475 0.1288 0.7511
vn -0.5457 0.1086 0.8309
vn -0.9787 0.1947 0.0653
vn -0.4345 0.0864 0.8965
vn -0.9620 0.1914 0.1947
vn -0.3159 0.0628 0.9467
vn -0.9289 0.1848 0.3208
vn -0.1917 0.0381 0.9807
vn -0.8800 0.1750 0.4415
vn -0.0643 0.0128 0.9978
vn -0.5269 0.1788 0.8309
vn -0.9449 0.3208 0.0653
vn -0.4195 0.1424 0.8965
vn -0.9288 0.3153 0.1947
vn -0.3050 0.1035 0.9467
vn -0.8969 0.3044 0.3208
vn -0.1851 0.0628 0.9807
vn -0.8496 0.2884 0.4415
vn -0.0621 0.0211 0.9978
vn -0.7879 0.2674 0.5547
vn -0.7126 0.2419 0.6585
vn -0.6251 0.2122 0.7511
vn -0.8495 0.4189 0.3208
vn -0.1753 0.0865 0.9807
vn -0.8047 0.3968 0.4415
vn -0.0588 0.0290 0.9978
vn -0.7462 0.3680 0.5547
vn -0.6749 0.3328 0.6585
vn -0.5921 0.2920 0.7511
vn -0.4990 0.2461 0.8309
vn -0.8950 0.4413 0.0653
vn -0.3974 0.1960 0.8965
vn -0.8797 0.4338 0.1947
vn -0.2888 0.1424 0.9467
vn -0.6257 0.4181 0.6585
vn -0.5489 0.3668 0.7511
vn -0.4626 0.3091 0.8309
vn -0.8297 0.5544 0.0653
vn -0.3684 0.2461 0.8965
vn -0.8156 0.5449 0.1947
vn -0.2678 0.1789 0.9467
vn -0.7875 0.5262 0.3208
vn -0.1625 0.1086 0.9807
vn -0.7460 0.4985 0.4415
vn -0.0545 0.0364 0.9978
vn -0.6918 0.4622 0.5547
vn -0.3331 0.2921 0.8965
vn -0.7375 0.6467 0.1947
vn -0.2421 0.2123 0.9467
vn -0.7121 0.6245 0.3208
vn -0.1470 0.1289 0.9807
vn -0.6746 0.5916 0.4415
vn -0.0493 0.0432 0.9978
vn -0.6255 0.5486 0.5547
vn -0.5658 0.4962 0.6585
vn -0.4963 0.4353 0.7511
vn -0.4183 0.3669 0.8309
vn -0.7502 0.6579 0.0653
vn -0.5916 0.6746 0.4415
vn -0.0432 0.0493 0.9978
vn -0.5486 0.6255 0.5547
vn -0.4962 0.5658 0.6585
vn -0.4353 0.4963 0.7511
vn -0.3669 0.4183 0.8309
vn -0.6579 0.7502 0.0653
vn -0.2921 0.3331 0.8965
vn -0.6467 0.7375 0.1947
vn -0.2123 0.2421 0.9467
vn -0.6245 0.7121 0.3208
vn -0.1289 0.1470 0.9807
vn -0.3668 0.5489 0.7511
vn -0.3091 0.4626 0.8309
vn -0.5544 0.8297 0.0653
vn -0.2461 0.3684 0.8965
vn -0.5449 0.8156 0.1947
vn -0.1789 0.2678 0.9467
vn -0.5262 0.7875 0.3208
vn -0.1086 0.1625 0.9807
vn -0.4985 0.7460 0.4415
vn -0.0364 0.0545 0.9978
vn -0.4622 0.6918 0.5547
vn -0.4181 0.6257 0.6585
vn -0.1424 0.2888 0.9467
vn -0.4189 0.8495 0.3208
vn -0.0865 0.1753 0.9807
vn -0.3968 0.8047 0.4415
vn -0.0290 0.0588 0.9978
vn -0.3680 0.7462 0.5547
vn -0.3328 0.6749 0.6585
vn -0.2920 0.5921 0.7511
vn -0.2461 0.4990 0.8309
vn -0.4413 0.8950 0.0653
vn -0.1960 0.3974 0.8965
vn -0.4338 0.8797 0.1947
vn -0.2674 0.7879 0.5547
vn -0.2419 0.7126 0.6585
vn -0.2122 0.6251 0.7511
vn -0.1788 0.5269 0.8309
vn -0.3208 0.9449 0.0653
vn -0.1424 0.4195 0.8965
vn -0.3153 0.9288 0.1947
vn -0.1035 0.3050 0.9467
vn -0.3044 0.8969 0.3208
vn -0.0628 0.1851 0.9807
vn -0.2884 0.8496 0.4415
vn -0.0211 0.0621 0.9978
vn -0.1085 0.5457 0.8309
vn -0.1947 0.9787 0.0653
vn -0.0864 0.4345 0.8965
vn -0.1914 0.9620 0.1947
vn -0.0628 0.3159 0.9467
vn -0.1848 0.9289 0.3208
vn -0.0381 0.1917 0.9807
vn -0.1750 0.8800 0.4415
vn -0.0128 0.0643 0.9978
vn -0.1623 0.8160 0.5547
vn -0.1468 0.7381 0.6585
vn -0.1288 0.6475 0.7511
vn -0.0128 0.1951 0.9807
vn -0.0587 0.8953 0.4415
vn -0.0043 0.0654 0.9978
vn -0.0544 0.8302 0.5547
vn -0.0492 0.7509 0.6585
vn -0.0432 0.6587 0.7511
vn -0.0364 0.5552 0.8309
vn -0.0653 0.9957 0.0653
vn -0.0290 0.4421 0.8965
vn -0.0642 0.9788 0.1947
vn -0.0211 0.3214 0.9467
vn -0.0619 0.9451 0.3208
vn 0.0492 0.7509 0.6585
vn 0.0432 0.6587 0.7511
vn 0.0364 0.5552 0.8309
vn 0.0653 0.9957 0.0653
vn 0.0290 0.4421 0.8965
vn 0.0642 0.9788 0.1947
vn 0.0211 0.3214 0.9467
vn 0.0619 0.9451 0.3208
vn 0.0128 0.1951 0.9807
vn 0.0587 0.8953 0.4415
vn 0.0043 0.0654 0.9978
vn 0.0544 0.8302 0.5547
vn 0.0864 0.4345 0.8965
vn 0.1914 0.9620 0.1947
vn 0.0628 0.3159 0.9467
vn 0.1848 0.9289 0.3208
vn 0.0381 0.1917 0.9807
vn 0.1750 0.8800 0.4415
vn 0.0128 0.0643 0.9978
vn 0.1623 0.8160 0.5547
vn 0.1468 0.7381 0.6585
vn 0.1288 0.6475 0.7511
vn 0.1085 0.5457 0.8309
vn 0.1947 0.9787 0.0653
vn 0.0211 0.0621 0.9978
vn 0.2674 0.7879 0.5547
vn 0.2419 0.7126 0.6585
vn 0.2122 0.6251 0.7511
vn 0.1788 0.5269 0.8309
vn 0.3208 0.9449 0.0653
vn 0.1424 0.4195 0.8965
vn 0.3153 0.9288 0.1947
vn 0.1035 0.3050 0.9467
vn 0.3044 0.8969 0.3208
vn 0.0628 0.1851 0.9807
vn 0.2884 0.8496 0.4415
vn 0.2920 0.5921 0.7511
vn 0.2461 0.4990 0.8309
vn 0.4413 0.8950 0.0653
vn 0.1960 0.3974 0.8965
vn 0.4338 0.8797 0.1947
vn 0.1424 0.2888 0.9467
vn 0.4189 0.8495 0.3208
vn 0.0865 0.1753 0.9807
vn 0.3968 0.8047 0.4415
vn 0.0290 0.0588 0.9978
vn 0.3680 0.7462 0.5547
vn 0.3328 0.6749 0.6585
vn 0.1789 0.2678 0.9467
vn 0.5262 0.7875 0.3208
vn 0.1086 0.1625 0.9807
vn 0.4985 0.7460 0.4415
vn 0.0364 0.0545 0.9978
vn 0.4622 0.6918 0.5547
vn 0.4181 0.6257 0.6585
vn 0.3668 0.5489 0.7511
vn 0.3091 0.4626 0.8309
vn 0.5544 0.8297 0.0653
vn 0.2461 0.3684 0.8965
vn 0.5449 0.8156 0.1947
vn 0.4962 0.5658 0.6585
vn 0.4353 0.4963 0.7511
vn 0.3669 0.4183 0.8309
vn 0.6579 0.7502 0.0653
vn 0.2921 0.3331 0.8965
vn 0.6467 0.7375 0.1947
vn 0.2123 0.2421 0.9467
vn 0.6245 0.7121 0.3208
vn 0.1289 0.1470 0.9807
vn 0.5916 0.6746 0.4415
vn 0.0432 0.0493 0.9978
vn 0.5486 0.6255 0.5547
vn 0.4183 0.3669 0.8309
vn 0.7502 0.6579 0.0653
vn 0.3331 0.2921 0.8965
vn 0.7375 0.6467 0.1947
vn 0.2421 0.2123 0.9467
vn 0.7121 0.6245 0.3208
vn 0.1470 0.1289 0.9807
vn 0.6746 0.5916 0.4415
vn 0.0493 0.0432 0.9978
vn 0.6255 0.5486 0.5547
vn 0.5658 0.4962 0.6585
vn 0.4963 0.4353 0.7511
vn 0.1625 0.1086 0.9807
vn 0.7460 0.4985 0.4415
vn 0.0545 0.0364 0.9978
vn 0.6918 0.4622 0.5547
vn 0.6257 0.4181 0.6585
vn 0.5489 0.3668 0.7511
vn 0.4626 0.3091 0.8309
vn 0.8297 0.5544 0.0653
vn 0.3684 0.2461 0.8965
vn 0.8156 0.5449 0.1947
vn 0.2678 0.1789 0.9467
vn 0.7875 0.5262 0.3208
vn 0.5921 0.2920 0.7511
vn 0.4990 0.2461 0.8309
vn 0.8950 0.4414 0.0653
vn 0.3974 0.1960 0.8965
vn 0.8797 0.4338 0.1947
vn 0.2888 0.1424 0.9467
vn 0.8495 0.4189 0.3208
vn 0.1753 0.0865 0.9807
vn 0.8047 0.3968 0.4415
vn 0.0588 0.0290 0.9978
vn 0.7462 0.3680 0.5547
vn 0.6749 0.3328 0.6585
vn 0.4195 0.1424 0.8965
vn 0.9288 0.3153 0.1947
vn 0.3050 0.1035 0.9467
vn 0.8969 0.3044 0.3208
vn 0.1851 0.0628 0.9807
vn 0.8496 0.2884 0.4415
vn 0.0621 0.0211 0.9978
vn 0.7879 0.2674 0.5547
vn 0.7126 0.2419 0.6585
vn 0.6251 0.2122 0.7511
vn 0.5269 0.1788 0.8309
vn 0.9449 0.3207 0.0653
vn 0.1917 0.0381 0.9807
vn 0.8800 0.1750 0.4415
vn 0.0643 0.0128 0.9978
vn 0.8160 0.1623 0.5547
vn 0.7381 0.1468 0.6585
vn 0.6475 0.1288 0.7511
vn 0.5457 0.1085 0.8309
vn 0.9787 0.1947 0.0653
vn 0.4345 0.0864 0.8965
vn 0.9620 0.1914 0.1947
vn 0.3159 0.0628 0.9467
vn 0.9289 0.1848 0.3208
vn 0.6587 0.0432 0.7511
vn 0.5552 0.0364 0.8309
vn 0.9957 0.0653 0.0653
vn 0.4421 0.0290 0.8965
vn 0.9788 0.0642 0.1947
vn 0.3214 0.0211 0.9467
vn 0.9451 0.0619 0.3208
vn 0.1951 0.0128 0.9807
vn 0.8953 0.0587 0.4415
vn 0.0654 0.0043 0.9978
vn 0.8302 0.0544 0.5547
vn 0.7509 0.0492 0.6585
vn 0.9788 -0.0641 0.1947
vn 0.3214 -0.0211 0.9467
vn 0.9451 -0.0619 0.3208
vn 0.1951 -0.0128 0.9807
vn 0.8953 -0.0587 0.4415
vn 0.0654 -0.0043 0.9978
vn 0.8302 -0.0544 0.5547
vn 0.7509 -0.0492 0.6585
vn 0.6587 -0.0432 0.7511
vn 0.5552 -0.0364 0.8309
vn 0.9957 -0.0653 0.0653
vn 0.4421 -0.0290 0.8965
vn 0.0643 -0.0128 0.9978
vn 0.8160 -0.1623 0.5547
vn 0.7381 -0.1468 0.6585
vn 0.6475 -0.1288 0.7511
vn 0.5457 -0.1085 0.8309
vn 0.9787 -0.1947 0.0653
vn 0.4345 -0.0864 0.8965
vn 0.9620 -0.1914 0.1947
vn 0.3159 -0.0628 0.9467
vn 0.9289 -0.1848 0.3208
vn 0.1917 -0.0381 0.9807
vn 0.8800 -0.1750 0.4415
vn 0.5269 -0.1788 0.8309
vn 0.9449 -0.3208 0.0653
vn 0.4195 -0.1424 0.8965
vn 0.9288 -0.3153 0.1947
vn 0.3050 -0.1035 0.9467
vn 0.8969 -0.3044 0.3208
vn 0.1851 -0.0628 0.9807
vn 0.8496 -0.2884 0.4415
vn 0.0621 -0.0211 0.9978
vn 0.7879 -0.2674 0.5547
vn 0.7126 -0.2419 0.6585
vn 0.6251 -0.2122 0.7511
vn 0.8495 -0.4189 0.3208
vn 0.1753 -0.0865 0.9807
vn 0.8047 -0.3968 0.4415
vn 0.0588 -0.0290 0.9978
vn 0.7462 -0.3680 0.5547
vn 0.6749 -0.3328 0.6585
vn 0.5921 -0.2920 0.7511
vn 0.4990 -0.2461 0.8309
vn 0.8950 -0.4413 0.0653
vn 0.3974 -0.1960 0.8965
vn 0.8797 -0.4338 0.1947
vn 0.2888 -0.1424 0.9467
vn 0.6257 -0.4181 0.6585
vn 0.5489 -0.3668 0.7511
vn 0.4626 -0.3091 0.8309
vn 0.8297 -0.5544 0.0653
vn 0.3684 -0.2461 0.8965
vn 0.8156 -0.5449 0.1947
vn 0.2678 -0.1789 0.9467
vn 0.7875 -0.5262 0.3208
vn 0.1625 -0.1086 0.9807
vn 0.7460 -0.4985 0.4415
vn 0.0545 -0.0364 0.9978
vn 0.6918 -0.4622 0.5547
vn 0.7502 -0.6579 0.0653
vn 0.3331 -0.2921 0.8965
vn 0.7375 -0.6467 0.1947
vn 0.2421 -0.2123 0.9467
vn 0.7121 -0.6245 0.3208
vn 0.1470 -0.1289 0.9807
vn 0.6746 -0.5916 0.4415
vn 0.0493 -0.0432 0.9978
vn 0.6255 -0.5486 0.5547
vn 0.5658 -0.4962 0.6585
vn 0.4963 -0.4353 0.7511
vn 0.4183 -0.3669 0.8309
vn 0.5916 -0.6746 0.4415
vn 0.0432 -0.0493 0.9978
vn 0.5486 -0.6255 0.5548
vn 0.4962 -0.5658 0.6585
vn 0.4353 -0.4963 0.7511
vn 0.3669 -0.4183 0.8309
vn 0.6579 -0.7502 0.0653
vn 0.2921 -0.3331 0.8965
vn 0.6467 -0.7375 0.1947
vn 0.2123 -0.2421 0.9467
vn 0.6245 -0.7121 0.3208
vn 0.1289 -0.1470 0.9807
vn 0.3668 -0.5489 0.7511
vn 0.3091 -0.4626 0.8309
vn 0.5544 -0.8297 0.0653
vn 0.2461 -0.3684 0.8965
vn 0.5449 -0.8156 0.1947
vn 0.1789 -0.2678 0.9467
vn 0.5262 -0.7875 0.3208
vn 0.1086 -0.1625 0.9807
vn 0.4985 -0.7460 0.4415
vn 0.0364 -0.0545 0.9978
vn 0.4622 -0.6918 0.5547
vn 0.4181 -0.6257 0.6585
vn 0.4338 -0.8797 0.1947
vn 0.1424 -0.2888 0.9467
vn 0.4189 -0.8495 0.3208
vn 0.0865 -0.1753 0.9807
vn 0.3968 -0.8047 0.4415
vn 0.0290 -0.0588 0.9978
vn 0.3680 -0.7462 0.5547
vn 0.3328 -0.6749 0.6585
vn 0.2920 -0.5921 0.7511
vn 0.2461 -0.4990 0.8309
vn 0.4413 -0.8950 0.0653
vn 0.1960 -0.3974 0.8965
vn 0.2674 -0.7879 0.5547
vn 0.2419 -0.7126 0.6586
vn 0.2122 -0.6251 0.7511
vn 0.1788 -0.5269 0.8309
vn 0.3208 -0.9449 0.0653
vn 0.1424 -0.4195 0.8965
vn 0.3153 -0.9288 0.1947
vn 0.1035 -0.3050 0.9467
vn 0.3044 -0.8969 0.3208
vn 0.0628 -0.1851 0.9807
vn 0.2884 -0.8496 0.4415
vn 0.0211 -0.0621 0.9978
vn 0.1085 -0.5457 0.8309
vn 0.1947 -0.9787 0.0653
vn 0.0864 -0.4345 0.8965
vn 0.1914 -0.9620 0.1947
vn 0.0628 -0.3159 0.9467
vn 0.1848 -0.9289 0.3208
vn 0.0381 -0.1917 0.9807
vn 0.1750 -0.8800 0.4415
vn 0.0128 -0.0643 0.9978
vn 0.1623 -0.8160 0.5547
vn 0.1468 -0.7381 0.6585
vn 0.1288 -0.6475 0.7511
vn 0.0619 -0.9451 0.3208
vn 0.0128 -0.1951 0.9807
vn 0.0587 -0.8953 0.4415
vn 0.0043 -0.0654 0.9978
vn 0.0544 -0.8302 0.5547
vn 0.0492 -0.7509 0.6586
vn 0.0432 -0.6587 0.7511
vn 0.0364 -0.5552 0.8309
vn 0.0653 -0.9957 0.0653
vn 0.0290 -0.4421 0.8965
vn 0.0641 -0.9788 0.1947
vn 0.0211 -0.3214 0.9467
vn -0.5457 -0.1085 0.8309
vn -0.9788 0.0642 0.1947
vn -0.5457 0.1085 0.8309
vn 0.8950 0.4413 0.0653
vn 0.9449 0.3208 0.0653
vn 0.9788 -0.0642 0.1947
vn 0.5486 -0.6255 0.5547
vn -0.0620 -0.9451 0.3208
vn -0.0290 0.0588 0.9979
vn 0.2419 -0.7126 0.6585
vn 0.1468 -0.7381 0.6586
vn -0.0493 -0.0432 0.9979
vn 0.8160 0.1623 0.5548
vn 0.5658 -0.4962 0.6586
vn 0.4181 -0.6257 0.6586
vn 0.1623 -0.8160 0.5548
vn 0.5658 0.4962 0.6586
vn 0.0492 -0.7509 0.6585
vn -0.0561 -0.9984 -0.0000
vn -0.1675 -0.9859 -0.0000
vn -0.2768 -0.9609 -0.0000
vn -0.3827 -0.9239 -0.0000
vn -0.4837 -0.8752 -0.0000
vn -0.5787 -0.8156 -0.0000
vn -0.6663 -0.7456 -0.0000
vn -0.7456 -0.6663 -0.0000
vn -0.8156 -0.5787 -0.0000
vn -0.8752 -0.4837 -0.0000
vn -0.9239 -0.3827 -0.0000
vn -0.9609 -0.2768 -0.0000
vn -0.9859 -0.1675 -0.0000
vn -0.9984 -0.0561 -0.0000
vn -0.9984 0.0561 -0.0000
vn -0.9859 0.1675 -0.0000
vn -0.9609 0.2768 -0.0000
vn -0.9239 0.3827 -0.0000
vn -0.8752 0.4837 -0.0000
vn -0.8156 0.5787 -0.0000
vn -0.7456 0.6663 -0.0000
vn -0.6663 0.7456 -0.0000
vn -0.5787 0.8156 -0.0000
vn -0.4837 0.8752 -0.0000
vn -0.3827 0.9239 -0.0000
vn -0.2768 0.9609 -0.0000
vn -0.1675 0.9859 -0.0000
vn -0.0561 0.9984 -0.0000
vn 0.0561 0.9984 -0.0000
vn 0.1675 0.9859 -0.0000
vn 0.2768 0.9609 -0.0000
vn 0.3827 0.9239 -0.0000
vn 0.4837 0.8752 -0.0000
vn 0.5787 0.8156 -0.0000
vn 0.6663 0.7456 -0.0000
vn 0.7456 0.6663 -0.0000
vn 0.8156 0.5787 -0.0000
vn 0.8752 0.4837 -0.0000
vn 0.9239 0.3827 -0.0000
vn 0.9609 0.2768 -0.0000
vn 0.9859 0.1675 -0.0000
vn 0.9984 0.0561 -0.0000
vn 0.9984 -0.0561 -0.0000
vn 0.9859 -0.1675 -0.0000
vn 0.9609 -0.2768 -0.0000
vn 0.9239 -0.3827 -0.0000
vn 0.8752 -0.4837 -0.0000
vn 0.8156 -0.5787 -0.0000
vn 0.7456 -0.6663 -0.0000
vn 0.6663 -0.7456 -0.0000
vn 0.5787 -0.8156 -0.0000
vn 0.4837 -0.8752 -0.0000
vn 0.3827 -0.9239 -0.0000
vn 0.2768 -0.9609 -0.0000
vn 0.1675 -0.9859 -0.0000
vn 0.0561 -0.9984 -0.0000
s 0
f 1//1 3//1 6//1 4//1
f 4//2 6//2 12//2 10//2
f 10//3 12//3 9//3 7//3
f 7//4 9//4 3//4 1//4
f 4//5 10//5 7//5 1//5
f 15//6 9//6 12//6 16//6
f 16//6 12//6 6//6 3//6 9//6 15//6 13//6 14//6
f 13//3 2//3 5//3 14//3
f 14//4 5//4 11//4 16//4
f 11//1 8//1 15//1 16//1
f 8//2 2//2 13//2 15//2
f 5//6 2//6 8//6 11//6
f 17//1 18//1 20//1 19//1
f 19//2 20//2 26//2 24//2
f 24//3 26//3 22//3 21//3
f 21//4 22//4 18//4 17//4
f 19//5 24//5 21//5 17//5
f 3488//6 3489//6 3485//6 3482//6 3477//6 3472//6 3467//6 3463//6 3456//6 3461//6 3452//6 3586//6 3438//6 3437//6 3441//6 3587//6 3453//6 3462//6 3458//6 3480//6 3469//6 3478//6 3514//6 3487//6 3496//6 3495//6 3492//6 3513//6 3503//6 3512//6 3507//6 3511//6 3583//6 3516//6 3520//6 3530//6 3526//6 3532//6 3525//6 3531//6 3534//6 3538//6 3536//6 3547//6 3540//6 3545//6 3543//6 3582//6 3550//6 3555//6 3553//6 3551//6 3563//6 3557//6 3561//6 3559//6 3580//6 3564//6 3566//6 3565//6 3570//6 3569//6 3567//6 3579//6 3572//6 3576//6 3574//6 3573//6 3575//6 3578//6 3571//6 3577//6 3568//6 3660//6 3674//6 3685//6 3679//6 3677//6 3683//6 3681//6 3721//6 3688//6 3692//6 3690//6 3701//6 3695//6 3699//6 3698//6 3719//6 3703//6 3708//6 3706//6 3704//6 3717//6 3710//6 3714//6 3711//6 3716//6 3709//6 3715//6 3705//6 3707//6 3702//6 3718//6 3696//6 3697//6 3693//6 3686//6 3712//6 3713//6 22//6 26//6 20//6 3363//6 3362//6 3380//6 3368//6 3378//6 3375//6 3449//6 3397//6 3396//6 3415//6 3404//6 3414//6 3413//6 3448//6 3429//6 3424//6 3447//6 3433//6 3436//6 3444//6 3443//6 3423//6 3428//6 3419//6 3411//6 3407//6 3402//6 3400//6 3393//6 3389//6 3384//6 3385//6 3388//6 3392//6 3395//6 3403//6 3408//6 3412//6 3418//6 3427//6 3422//6 3446//6 3432//6 3435//6 3431//6 3442//6 3421//6 3426//6 3417//6 3409//6 3405//6 3401//6 3399//6 3391//6 3386//6 3382//6 3383//6 3387//6 3390//6 3394//6 3398//6 3406//6 3410//6 3416//6 3425//6 3420//6 3445//6 3430//6 3600//6 3601//6 3606//6 3611//6 3609//6 3607//6 3618//6 3479//6 3466//6 3471//6 3474//6 3652//6 3621//6 3626//6 3494//6 3493//6 3486//6 3483//6 3475//6 3470//6 3465//6 3454//6 3455//6 3459//6 3450//6 3584//6 3439//6 3434//6 3440//6 3585//6 3451//6 3460//6 3457//6 3464//6 3468//6 3473//6 3476//6 3481//6 3484//6
f 3494//6 3626//6 3623//6 3627//6 3633//6 3630//6 3636//6 3638//6 3639//6 3650//6 3648//6 3646//6 3722//6 3653//6 3655//6 3645//6 3647//6 3643//6 3649//6 3642//6 3651//6 3631//6 3632//6 3635//6 3624//6 3625//6 3620//6 3619//6 3615//6 3614//6 3616//6 3612//6 3613//6 3617//6 3608//6 3610//6 3605//6 3601//6 3600//6 3602//6 3599//6 3603//6 3596//6 3597//6 3598//6 3595//6 3604//6 3592//6 3593//6 3591//6 3594//6 3589//6 3590//6 3588//6 3379//6 3359//6 3352//6 3345//6 3343//6 3346//6 3326//6 3318//6 3316//6 3319//6 3327//6 3330//6 3334//6 3339//6 3348//6 3360//6 3356//6 3365//6 3376//6 3372//6 3383//6 3382//6 3371//6 3377//6 3364//6 3355//6 3361//6 3349//6 3338//6 3335//6 3331//6 3328//6 3320//6 3315//6 3321//6 3325//6 3333//6 3336//6 3341//6 3350//6 3354//6 3357//6 3366//6 3370//6 3374//6 3385//6 3384//6 3373//6 3369//6 3367//6 3358//6 3353//6 3351//6 3340//6 3337//6 3332//6 3324//6 3322//6 3317//6 3323//6 3329//6 3347//6 3344//6 3342//6 3381//6 3363//6 20//6 18//6 22//6 3713//6 3654//6 3667//6 3686//6 3693//6 3694//6 3700//6 3689//6 3691//6 3687//6 3720//6 3680//6 3682//6 3678//6 3684//6 3672//6 3673//6 3675//6 3670//6 3666//6 3662//6 3664//6 3661//6 3665//6 3663//6 3668//6 3671//6 3676//6 3674//6 3660//6 3669//6 3657//6 3658//6 3659//6 3656//6 3558//6 3560//6 3556//6 3562//6 3552//6 3554//6 3549//6 3581//6 3541//6 3542//6 3544//6 3539//6 3546//6 3535//6 3537//6 3533//6 3531//6 3525//6 3524//6 3529//6 3519//6 3515//6 3509//6 3510//6 3505//6 3499//6 3502//6 3497//6 3490//6 3489//6 3488//6 3491//6 3498//6 3501//6 3500//6 3506//6 3504//6 3508//6 3548//6 3518//6 3528//6 3523//6 3521//6 3522//6 3527//6 3517//6 3644//6 3640//6 3641//6 3637//6 3629//6 3634//6 3628//6 3622//6
f 32//7 44//7 43//7 31//7
f 552//8 37//8 36//8 25//8
f 33//9 45//9 44//9 32//9
f 27//10 38//10 37//10 552//10
f 34//11 45//11 33//11
f 553//12 39//12 38//12 27//12
f 28//13 40//13 39//13 553//13
f 29//14 41//14 40//14 28//14
f 30//15 42//15 41//15 29//15
f 3449//16 23//16 35//16 3397//16
f 31//17 43//17 42//17 30//17
f 25//18 36//18 35//18 23//18
f 3397//19 35//19 46//19 3396//19
f 43//20 54//20 53//20 42//20
f 36//21 47//21 46//21 35//21
f 44//22 55//22 54//22 43//22
f 37//23 48//23 47//23 36//23
f 45//24 56//24 55//24 44//24
f 38//25 49//25 48//25 37//25
f 34//26 56//26 45//26
f 39//27 50//27 49//27 38//27
f 40//28 51//28 50//28 39//28
f 41//29 52//29 51//29 40//29
f 42//30 53//30 52//30 41//30
f 56//31 67//31 66//31 55//31
f 49//32 60//32 59//32 48//32
f 34//33 67//33 56//33
f 50//34 61//34 60//34 49//34
f 51//35 62//35 61//35 50//35
f 52//36 63//36 62//36 51//36
f 53//37 64//37 63//37 52//37
f 3396//38 46//38 57//38 3415//38
f 54//39 65//39 64//39 53//39
f 47//40 58//40 57//40 46//40
f 55//41 66//41 65//41 54//41
f 48//42 59//42 58//42 47//42
f 63//43 74//43 73//43 62//43
f 64//44 75//44 74//44 63//44
f 3415//45 57//45 68//45 3404//45
f 65//46 76//46 75//46 64//46
f 58//47 69//47 68//47 57//47
f 66//48 77//48 76//48 65//48
f 59//49 70//49 69//49 58//49
f 67//50 78//50 77//50 66//50
f 60//51 71//51 70//51 59//51
f 34//52 78//52 67//52
f 61//53 72//53 71//53 60//53
f 62//54 73//54 72//54 61//54
f 69//55 80//55 79//55 68//55
f 77//56 88//56 87//56 76//56
f 70//57 81//57 80//57 69//57
f 78//58 89//58 88//58 77//58
f 71//59 82//59 81//59 70//59
f 34//60 89//60 78//60
f 72//61 83//61 82//61 71//61
f 73//62 84//62 83//62 72//62
f 74//63 85//63 84//63 73//63
f 75//64 86//64 85//64 74//64
f 3404//65 68//65 79//65 3414//65
f 76//66 87//66 86//66 75//66
f 34//67 100//67 89//67
f 83//68 94//68 93//68 82//68
f 84//69 95//69 94//69 83//69
f 85//70 96//70 95//70 84//70
f 86//71 97//71 96//71 85//71
f 3414//72 79//72 90//72 3413//72
f 87//73 98//73 97//73 86//73
f 80//74 91//74 90//74 79//74
f 88//75 99//75 98//75 87//75
f 81//76 92//76 91//76 80//76
f 89//77 100//77 99//77 88//77
f 82//78 93//78 92//78 81//78
f 97//79 108//79 107//79 96//79
f 90//80 101//80 3448//80 3413//80
f 98//81 109//81 108//81 97//81
f 91//82 102//82 101//82 90//82
f 99//83 110//83 109//83 98//83
f 92//84 103//84 102//84 91//84
f 100//85 111//85 110//85 99//85
f 93//86 104//86 103//86 92//86
f 34//87 111//87 100//87
f 94//88 105//88 104//88 93//88
f 95//89 106//89 105//89 94//89
f 96//90 107//90 106//90 95//90
f 103//91 114//91 113//91 102//91
f 111//92 122//92 121//92 110//92
f 104//93 115//93 114//93 103//93
f 34//94 122//94 111//94
f 105//95 116//95 115//95 104//95
f 106//96 117//96 116//96 105//96
f 107//97 118//97 117//97 106//97
f 108//98 119//98 118//98 107//98
f 101//99 112//99 3429//99 3448//99
f 109//100 120//100 119//100 108//100
f 102//101 113//101 112//101 101//101
f 110//102 121//102 120//102 109//102
f 117//103 128//103 127//103 116//103
f 118//104 129//104 128//104 117//104
f 119//105 130//105 129//105 118//105
f 112//106 123//106 3424//106 3429//106
f 120//107 131//107 130//107 119//107
f 113//108 124//108 123//108 112//108
f 121//109 132//109 131//109 120//109
f 114//110 125//110 124//110 113//110
f 122//111 133//111 132//111 121//111
f 115//112 126//112 125//112 114//112
f 34//113 133//113 122//113
f 116//114 127//114 126//114 115//114
f 123//115 134//115 3447//115 3424//115
f 131//116 142//116 141//116 130//116
f 124//117 135//117 134//117 123//117
f 132//118 143//118 142//118 131//118
f 125//119 136//119 135//119 124//119
f 133//120 144//120 143//120 132//120
f 126//121 137//121 136//121 125//121
f 34//122 144//122 133//122
f 127//123 138//123 137//123 126//123
f 128//124 139//124 138//124 127//124
f 129//125 140//125 139//125 128//125
f 130//126 141//126 140//126 129//126
f 137//127 148//127 147//127 136//127
f 34//128 155//128 144//128
f 138//129 149//129 148//129 137//129
f 139//130 150//130 149//130 138//130
f 140//131 151//131 150//131 139//131
f 141//132 152//132 151//132 140//132
f 134//133 145//133 3433//133 3447//133
f 142//134 153//134 152//134 141//134
f 135//135 146//135 145//135 134//135
f 143//136 154//136 153//136 142//136
f 136//137 147//137 146//137 135//137
f 144//138 155//138 154//138 143//138
f 151//139 162//139 161//139 150//139
f 152//140 163//140 162//140 151//140
f 145//141 156//141 3436//141 3433//141
f 153//142 164//142 163//142 152//142
f 146//143 157//143 156//143 145//143
f 154//144 165//144 164//144 153//144
f 147//145 158//145 157//145 146//145
f 155//146 166//146 165//146 154//146
f 148//147 159//147 158//147 147//147
f 34//148 166//148 155//148
f 149//149 160//149 159//149 148//149
f 150//150 161//150 160//150 149//150
f 157//151 168//151 167//151 156//151
f 165//152 176//152 175//152 164//152
f 158//153 169//153 168//153 157//153
f 166//154 177//154 176//154 165//154
f 159//155 170//155 169//155 158//155
f 34//156 177//156 166//156
f 160//157 171//157 170//157 159//157
f 161//158 172//158 171//158 160//158
f 162//159 173//159 172//159 161//159
f 163//160 174//160 173//160 162//160
f 156//161 167//161 3444//161 3436//161
f 164//162 175//162 174//162 163//162
f 171//163 182//163 181//163 170//163
f 172//164 183//164 182//164 171//164
f 173//165 184//165 183//165 172//165
f 174//166 185//166 184//166 173//166
f 167//167 178//167 3443//167 3444//167
f 175//168 186//168 185//168 174//168
f 168//169 179//169 178//169 167//169
f 176//170 187//170 186//170 175//170
f 169//171 180//171 179//171 168//171
f 177//172 188//172 187//172 176//172
f 170//173 181//173 180//173 169//173
f 34//174 188//174 177//174
f 185//175 196//175 195//175 184//175
f 178//176 189//176 3423//176 3443//176
f 186//177 197//177 196//177 185//177
f 179//178 190//178 189//178 178//178
f 187//179 198//179 197//179 186//179
f 180//180 191//180 190//180 179//180
f 188//181 199//181 198//181 187//181
f 181//182 192//182 191//182 180//182
f 34//183 199//183 188//183
f 182//184 193//184 192//184 181//184
f 183//185 194//185 193//185 182//185
f 184//186 195//186 194//186 183//186
f 191//187 202//187 201//187 190//187
f 199//188 210//188 209//188 198//188
f 192//189 203//189 202//189 191//189
f 34//190 210//190 199//190
f 193//191 204//191 203//191 192//191
f 194//192 205//192 204//192 193//192
f 195//193 206//193 205//193 194//193
f 196//194 207//194 206//194 195//194
f 189//195 200//195 3428//195 3423//195
f 197//196 208//196 207//196 196//196
f 190//197 201//197 200//197 189//197
f 198//198 209//198 208//198 197//198
f 205//199 216//199 215//199 204//199
f 206//200 217//200 216//200 205//200
f 207//201 218//201 217//201 206//201
f 200//202 211//202 3419//202 3428//202
f 208//203 219//203 218//203 207//203
f 201//204 212//204 211//204 200//204
f 209//205 220//205 219//205 208//205
f 202//206 213//206 212//206 201//206
f 210//207 221//207 220//207 209//207
f 203//208 214//208 213//208 202//208
f 34//209 221//209 210//209
f 204//210 215//210 214//210 203//210
f 219//211 230//211 229//211 218//211
f 212//212 223//212 222//212 211//212
f 220//213 231//213 230//213 219//213
f 213//214 224//214 223//214 212//214
f 221//215 232//215 231//215 220//215
f 214//216 225//216 224//216 213//216
f 34//217 232//217 221//217
f 215//218 226//218 225//218 214//218
f 216//219 227//219 226//219 215//219
f 217//220 228//220 227//220 216//220
f 218//221 229//221 228//221 217//221
f 211//222 222//222 3411//222 3419//222
f 225//223 236//223 235//223 224//223
f 34//224 243//224 232//224
f 226//225 237//225 236//225 225//225
f 227//226 238//226 237//226 226//226
f 228//227 239//227 238//227 227//227
f 229//228 240//228 239//228 228//228
f 222//229 233//229 3407//229 3411//229
f 230//230 241//230 240//230 229//230
f 223//231 234//231 233//231 222//231
f 231//232 242//232 241//232 230//232
f 224//233 235//233 234//233 223//233
f 232//234 243//234 242//234 231//234
f 239//235 250//235 249//235 238//235
f 240//236 251//236 250//236 239//236
f 233//237 244//237 3402//237 3407//237
f 241//238 252//238 251//238 240//238
f 234//239 245//239 244//239 233//239
f 242//240 253//240 252//240 241//240
f 235//241 246//241 245//241 234//241
f 243//242 254//242 253//242 242//242
f 236//243 247//243 246//243 235//243
f 34//244 254//244 243//244
f 237//245 248//245 247//245 236//245
f 238//246 249//246 248//246 237//246
f 253//247 264//247 263//247 252//247
f 246//248 257//248 256//248 245//248
f 254//249 265//249 264//249 253//249
f 247//250 258//250 257//250 246//250
f 34//251 265//251 254//251
f 248//252 259//252 258//252 247//252
f 249//253 260//253 259//253 248//253
f 250//254 261//254 260//254 249//254
f 251//255 262//255 261//255 250//255
f 244//256 255//256 3400//256 3402//256
f 252//257 263//257 262//257 251//257
f 245//258 256//258 255//258 244//258
f 259//259 270//259 269//259 258//259
f 260//260 271//260 270//260 259//260
f 261//261 272//261 271//261 260//261
f 262//262 273//262 272//262 261//262
f 255//263 266//263 3393//263 3400//263
f 263//264 274//264 273//264 262//264
f 256//265 267//265 266//265 255//265
f 264//266 275//266 274//266 263//266
f 257//267 268//267 267//267 256//267
f 265//268 276//268 275//268 264//268
f 258//269 269//269 268//269 257//269
f 34//270 276//270 265//270
f 273//271 284//271 283//271 272//271
f 266//272 277//272 3389//272 3393//272
f 274//273 285//273 284//273 273//273
f 267//274 278//274 277//274 266//274
f 275//275 286//275 285//275 274//275
f 268//276 279//276 278//276 267//276
f 276//277 287//277 286//277 275//277
f 269//278 280//278 279//278 268//278
f 34//279 287//279 276//279
f 270//280 281//280 280//280 269//280
f 271//281 282//281 281//281 270//281
f 272//282 283//282 282//282 271//282
f 287//283 298//283 297//283 286//283
f 280//284 291//284 290//284 279//284
f 34//285 298//285 287//285
f 281//286 292//286 291//286 280//286
f 282//287 293//287 292//287 281//287
f 283//288 294//288 293//288 282//288
f 284//289 295//289 294//289 283//289
f 277//290 288//290 3384//290 3389//290
f 285//291 296//291 295//291 284//291
f 278//292 289//292 288//292 277//292
f 286//293 297//293 296//293 285//293
f 279//294 290//294 289//294 278//294
f 293//295 304//295 303//295 292//295
f 294//296 305//296 304//296 293//296
f 295//297 306//297 305//297 294//297
f 288//298 299//298 3373//298 3384//298
f 296//299 307//299 306//299 295//299
f 289//300 300//300 299//300 288//300
f 297//301 308//301 307//301 296//301
f 290//302 301//302 300//302 289//302
f 298//303 309//303 308//303 297//303
f 291//304 302//304 301//304 290//304
f 34//305 309//305 298//305
f 292//306 303//306 302//306 291//306
f 307//307 318//307 317//307 306//307
f 300//308 311//308 310//308 299//308
f 308//309 319//309 318//309 307//309
f 301//310 312//310 311//310 300//310
f 309//311 320//311 319//311 308//311
f 302//312 313//312 312//312 301//312
f 34//313 320//313 309//313
f 303//314 314//314 313//314 302//314
f 304//315 315//315 314//315 303//315
f 305//316 316//316 315//316 304//316
f 306//317 317//317 316//317 305//317
f 299//318 310//318 3369//318 3373//318
f 34//319 331//319 320//319
f 314//320 325//320 324//320 313//320
f 315//321 326//321 325//321 314//321
f 316//322 327//322 326//322 315//322
f 317//323 328//323 327//323 316//323
f 310//324 321//324 3367//324 3369//324
f 318//325 329//325 328//325 317//325
f 311//326 322//326 321//326 310//326
f 319//327 330//327 329//327 318//327
f 312//328 323//328 322//328 311//328
f 320//329 331//329 330//329 319//329
f 313//330 324//330 323//330 312//330
f 327//331 338//331 337//331 326//331
f 328//332 339//332 338//332 327//332
f 321//333 332//333 3358//333 3367//333
f 329//334 340//334 339//334 328//334
f 322//335 333//335 332//335 321//335
f 330//336 341//336 340//336 329//336
f 323//337 334//337 333//337 322//337
f 331//338 342//338 341//338 330//338
f 324//339 335//339 334//339 323//339
f 34//340 342//340 331//340
f 325//341 336//341 335//341 324//341
f 326//342 337//342 336//342 325//342
f 341//343 352//343 351//343 340//343
f 334//344 345//344 344//344 333//344
f 342//345 353//345 352//345 341//345
f 335//346 346//346 345//346 334//346
f 34//347 353//347 342//347
f 336//348 347//348 346//348 335//348
f 337//349 348//349 347//349 336//349
f 338//350 349//350 348//350 337//350
f 339//351 350//351 349//351 338//351
f 332//352 343//352 3353//352 3358//352
f 340//353 351//353 350//353 339//353
f 333//354 344//354 343//354 332//354
f 348//355 359//355 358//355 347//355
f 349//356 360//356 359//356 348//356
f 350//357 361//357 360//357 349//357
f 343//358 354//358 3351//358 3353//358
f 351//359 362//359 361//359 350//359
f 344//360 355//360 354//360 343//360
f 352//361 363//361 362//361 351//361
f 345//362 356//362 355//362 344//362
f 353//363 364//363 363//363 352//363
f 346//364 357//364 356//364 345//364
f 34//365 364//365 353//365
f 347//366 358//366 357//366 346//366
f 361//367 372//367 371//367 360//367
f 354//368 365//368 3340//368 3351//368
f 362//369 373//369 372//369 361//369
f 355//370 366//370 365//370 354//370
f 363//371 374//371 373//371 362//371
f 356//372 367//372 366//372 355//372
f 364//373 375//373 374//373 363//373
f 357//374 368//374 367//374 356//374
f 34//375 375//375 364//375
f 358//376 369//376 368//376 357//376
f 359//377 370//377 369//377 358//377
f 360//378 371//378 370//378 359//378
f 375//379 386//379 385//379 374//379
f 368//380 379//380 378//380 367//380
f 34//381 386//381 375//381
f 369//382 380//382 379//382 368//382
f 370//383 381//383 380//383 369//383
f 371//384 382//384 381//384 370//384
f 372//385 383//385 382//385 371//385
f 365//386 376//386 3337//386 3340//386
f 373//387 384//387 383//387 372//387
f 366//388 377//388 376//388 365//388
f 374//389 385//389 384//389 373//389
f 367//390 378//390 377//390 366//390
f 382//391 393//391 392//391 381//391
f 383//392 394//392 393//392 382//392
f 376//393 387//393 3332//393 3337//393
f 384//394 395//394 394//394 383//394
f 377//395 388//395 387//395 376//395
f 385//396 396//396 395//396 384//396
f 378//397 389//397 388//397 377//397
f 386//398 397//398 396//398 385//398
f 379//399 390//399 389//399 378//399
f 34//400 397//400 386//400
f 380//401 391//401 390//401 379//401
f 381//402 392//402 391//402 380//402
f 395//403 406//403 405//403 394//403
f 388//404 399//404 398//404 387//404
f 396//405 407//405 406//405 395//405
f 389//406 400//406 399//406 388//406
f 397//407 408//407 407//407 396//407
f 390//408 401//408 400//408 389//408
f 34//409 408//409 397//409
f 391//410 402//410 401//410 390//410
f 392//411 403//411 402//411 391//411
f 393//412 404//412 403//412 392//412
f 394//413 405//413 404//413 393//413
f 387//414 398//414 3324//414 3332//414
f 408//415 419//415 418//415 407//415
f 401//416 412//416 411//416 400//416
f 34//417 419//417 408//417
f 402//418 413//418 412//418 401//418
f 403//419 414//419 413//419 402//419
f 404//420 415//420 414//420 403//420
f 405//421 416//421 415//421 404//421
f 398//422 409//422 3322//422 3324//422
f 406//423 417//423 416//423 405//423
f 399//424 410//424 409//424 398//424
f 407//425 418//425 417//425 406//425
f 400//426 411//426 410//426 399//426
f 415//427 426//427 425//427 414//427
f 416//428 427//428 426//428 415//428
f 409//429 420//429 3317//429 3322//429
f 417//430 428//430 427//430 416//430
f 410//431 421//431 420//431 409//431
f 418//432 429//432 428//432 417//432
f 411//433 422//433 421//433 410//433
f 419//434 430//434 429//434 418//434
f 412//435 423//435 422//435 411//435
f 34//436 430//436 419//436
f 413//437 424//437 423//437 412//437
f 414//438 425//438 424//438 413//438
f 421//439 432//439 431//439 420//439
f 429//440 440//440 439//440 428//440
f 422//441 433//441 432//441 421//441
f 430//442 441//442 440//442 429//442
f 423//443 434//443 433//443 422//443
f 34//444 441//444 430//444
f 424//445 435//445 434//445 423//445
f 425//446 436//446 435//446 424//446
f 426//447 437//447 436//447 425//447
f 427//448 438//448 437//448 426//448
f 3317//449 420//449 431//449 3323//449
f 428//450 439//450 438//450 427//450
f 34//451 452//451 441//451
f 435//452 446//452 445//452 434//452
f 436//453 447//453 446//453 435//453
f 437//454 448//454 447//454 436//454
f 438//455 449//455 448//455 437//455
f 3323//456 431//456 442//456 3329//456
f 439//457 450//457 449//457 438//457
f 432//458 443//458 442//458 431//458
f 440//459 451//459 450//459 439//459
f 433//460 444//460 443//460 432//460
f 441//461 452//461 451//461 440//461
f 434//462 445//462 444//462 433//462
f 449//463 460//463 459//463 448//463
f 3329//464 442//464 453//464 3347//464
f 450//465 461//465 460//465 449//465
f 443//466 454//466 453//466 442//466
f 451//467 462//467 461//467 450//467
f 444//468 455//468 454//468 443//468
f 452//469 463//469 462//469 451//469
f 445//470 456//470 455//470 444//470
f 34//471 463//471 452//471
f 446//472 457//472 456//472 445//472
f 447//473 458//473 457//473 446//473
f 448//474 459//474 458//474 447//474
f 455//475 466//475 465//475 454//475
f 463//476 474//476 473//476 462//476
f 456//477 467//477 466//477 455//477
f 34//478 474//478 463//478
f 457//479 468//479 467//479 456//479
f 458//480 469//480 468//480 457//480
f 459//481 470//481 469//481 458//481
f 460//482 471//482 470//482 459//482
f 3347//483 453//483 464//483 3344//483
f 461//484 472//484 471//484 460//484
f 454//485 465//485 464//485 453//485
f 462//486 473//486 472//486 461//486
f 469//487 480//487 479//487 468//487
f 470//488 481//488 480//488 469//488
f 471//489 482//489 481//489 470//489
f 3344//490 464//490 475//490 3342//490
f 472//491 483//491 482//491 471//491
f 465//492 476//492 475//492 464//492
f 473//493 484//493 483//493 472//493
f 466//494 477//494 476//494 465//494
f 474//495 485//495 484//495 473//495
f 467//496 478//496 477//496 466//496
f 34//497 485//497 474//497
f 468//498 479//498 478//498 467//498
f 3342//499 475//499 486//499 3381//499
f 483//500 494//500 493//500 482//500
f 476//501 487//501 486//501 475//501
f 484//502 495//502 494//502 483//502
f 477//503 488//503 487//503 476//503
f 485//504 496//504 495//504 484//504
f 478//505 489//505 488//505 477//505
f 34//506 496//506 485//506
f 479//507 490//507 489//507 478//507
f 480//508 491//508 490//508 479//508
f 481//509 492//509 491//509 480//509
f 482//510 493//510 492//510 481//510
f 489//511 500//511 499//511 488//511
f 34//512 507//512 496//512
f 490//513 501//513 500//513 489//513
f 491//514 502//514 501//514 490//514
f 492//515 503//515 502//515 491//515
f 493//516 504//516 503//516 492//516
f 486//517 497//517 3362//517 3363//517 3381//517
f 494//518 505//518 504//518 493//518
f 487//519 498//519 497//519 486//519
f 495//520 506//520 505//520 494//520
f 488//521 499//521 498//521 487//521
f 496//522 507//522 506//522 495//522
f 503//523 514//523 513//523 502//523
f 504//524 515//524 514//524 503//524
f 497//525 508//525 3380//525 3362//525
f 505//526 516//526 515//526 504//526
f 498//527 509//527 508//527 497//527
f 506//528 517//528 516//528 505//528
f 499//529 510//529 509//529 498//529
f 507//530 518//530 517//530 506//530
f 500//531 511//531 510//531 499//531
f 34//532 518//532 507//532
f 501//533 512//533 511//533 500//533
f 502//534 513//534 512//534 501//534
f 509//535 520//535 519//535 508//535
f 517//536 528//536 527//536 516//536
f 510//537 521//537 520//537 509//537
f 518//538 529//538 528//538 517//538
f 511//539 522//539 521//539 510//539
f 34//540 529//540 518//540
f 512//541 523//541 522//541 511//541
f 513//542 524//542 523//542 512//542
f 514//543 525//543 524//543 513//543
f 515//544 526//544 525//544 514//544
f 508//545 519//545 3368//545 3380//545
f 516//546 527//546 526//546 515//546
f 523//547 534//547 533//547 522//547
f 524//548 535//548 534//548 523//548
f 525//549 536//549 535//549 524//549
f 526//550 537//550 536//550 525//550
f 519//551 530//551 3378//551 3368//551
f 527//552 538//552 537//552 526//552
f 520//553 531//553 530//553 519//553
f 528//554 539//554 538//554 527//554
f 521//555 532//555 531//555 520//555
f 529//556 540//556 539//556 528//556
f 522//557 533//557 532//557 521//557
f 34//558 540//558 529//558
f 537//559 548//559 547//559 536//559
f 530//560 541//560 3375//560 3378//560
f 538//561 549//561 548//561 537//561
f 531//562 542//562 541//562 530//562
f 539//563 550//563 549//563 538//563
f 532//564 543//564 542//564 531//564
f 540//565 551//565 550//565 539//565
f 533//566 544//566 543//566 532//566
f 34//567 551//567 540//567
f 534//568 545//568 544//568 533//568
f 535//569 546//569 545//569 534//569
f 536//570 547//570 546//570 535//570
f 543//571 552//571 25//571 542//571
f 551//572 33//572 32//572 550//572
f 544//573 27//573 552//573 543//573
f 34//574 33//574 551//574
f 545//575 553//575 27//575 544//575
f 546//576 28//576 553//576 545//576
f 547//577 29//577 28//577 546//577
f 548//578 30//578 29//578 547//578
f 541//579 23//579 3449//579 3375//579
f 549//580 31//580 30//580 548//580
f 542//581 25//581 23//581 541//581
f 550//582 32//582 31//582 549//582
f 558//14 570//14 569//14 557//14
f 559//15 571//15 570//15 558//15
f 3495//16 554//16 564//16 3492//16
f 560//17 572//17 571//17 559//17
f 555//18 565//18 564//18 554//18
f 561//7 573//7 572//7 560//7
f 1081//8 566//8 565//8 555//8
f 562//9 574//9 573//9 561//9
f 556//10 567//10 566//10 1081//10
f 563//11 574//11 562//11
f 1082//12 568//12 567//12 556//12
f 557//13 569//13 568//13 1082//13
f 568//27 579//27 578//27 567//27
f 569//28 580//28 579//28 568//28
f 570//29 581//29 580//29 569//29
f 571//30 582//30 581//30 570//30
f 3492//19 564//19 575//19 3513//19
f 572//20 583//20 582//20 571//20
f 565//21 576//21 575//21 564//21
f 573//22 584//22 583//22 572//22
f 566//23 577//23 576//23 565//23
f 574//24 585//24 584//24 573//24
f 567//25 578//25 577//25 566//25
f 563//26 585//26 574//26
f 582//37 593//37 592//37 581//37
f 3513//38 575//38 586//38 3503//38
f 583//39 594//39 593//39 582//39
f 576//40 587//40 586//40 575//40
f 584//41 595//41 594//41 583//41
f 577//42 588//42 587//42 576//42
f 585//31 596//31 595//31 584//31
f 578//32 589//32 588//32 577//32
f 563//33 596//33 585//33
f 579//34 590//34 589//34 578//34
f 580//35 591//35 590//35 579//35
f 581//36 592//36 591//36 580//36
f 588//49 599//49 598//49 587//49
f 596//50 607//50 606//50 595//50
f 589//51 600//51 599//51 588//51
f 563//52 607//52 596//52
f 590//53 601//53 600//53 589//53
f 591//54 602//54 601//54 590//54
f 592//43 603//43 602//43 591//43
f 593//44 604//44 603//44 592//44
f 3503//45 586//45 597//45 3512//45
f 594//46 605//46 604//46 593//46
f 587//47 598//47 597//47 586//47
f 595//48 606//48 605//48 594//48
f 602//62 613//62 612//62 601//62
f 603//63 614//63 613//63 602//63
f 604//64 615//64 614//64 603//64
f 3512//65 597//65 608//65 3507//65
f 605//66 616//66 615//66 604//66
f 598//55 609//55 608//55 597//55
f 606//56 617//56 616//56 605//56
f 599//57 610//57 609//57 598//57
f 607//58 618//58 617//58 606//58
f 600//59 611//59 610//59 599//59
f 563//60 618//60 607//60
f 601//61 612//61 611//61 600//61
f 616//73 627//73 626//73 615//73
f 609//74 620//74 619//74 608//74
f 617//75 628//75 627//75 616//75
f 610//76 621//76 620//76 609//76
f 618//77 629//77 628//77 617//77
f 611//78 622//78 621//78 610//78
f 563//67 629//67 618//67
f 612//68 623//68 622//68 611//68
f 613//69 624//69 623//69 612//69
f 614//70 625//70 624//70 613//70
f 615//71 626//71 625//71 614//71
f 3507//72 608//72 619//72 3511//72
f 622//86 633//86 632//86 621//86
f 563//87 640//87 629//87
f 623//88 634//88 633//88 622//88
f 624//89 635//89 634//89 623//89
f 625//90 636//90 635//90 624//90
f 626//79 637//79 636//79 625//79
f 619//80 630//80 3583//80 3511//80
f 627//81 638//81 637//81 626//81
f 620//82 631//82 630//82 619//82
f 628//83 639//83 638//83 627//83
f 621//84 632//84 631//84 620//84
f 629//85 640//85 639//85 628//85
f 636//97 647//97 646//97 635//97
f 637//98 648//98 647//98 636//98
f 630//99 641//99 3516//99 3583//99
f 638//100 649//100 648//100 637//100
f 631//101 642//101 641//101 630//101
f 639//102 650//102 649//102 638//102
f 632//91 643//91 642//91 631//91
f 640//92 651//92 650//92 639//92
f 633//93 644//93 643//93 632//93
f 563//94 651//94 640//94
f 634//95 645//95 644//95 633//95
f 635//96 646//96 645//96 634//96
f 650//109 661//109 660//109 649//109
f 643//110 654//110 653//110 642//110
f 651//111 662//111 661//111 650//111
f 644//112 655//112 654//112 643//112
f 563//113 662//113 651//113
f 645//114 656//114 655//114 644//114
f 646//103 657//103 656//103 645//103
f 647//104 658//104 657//104 646//104
f 648//105 659//105 658//105 647//105
f 641//106 652//106 3520//106 3516//106
f 649//107 660//107 659//107 648//107
f 642//108 653//108 652//108 641//108
f 656//123 667//123 666//123 655//123
f 657//124 668//124 667//124 656//124
f 658//125 669//125 668//125 657//125
f 659//126 670//126 669//126 658//126
f 652//115 663//115 3530//115 3520//115
f 660//116 671//116 670//116 659//116
f 653//117 664//117 663//117 652//117
f 661//118 672//118 671//118 660//118
f 654//119 665//119 664//119 653//119
f 662//120 673//120 672//120 661//120
f 655//121 666//121 665//121 654//121
f 563//122 673//122 662//122
f 670//583 681//583 680//583 669//583
f 663//133 674//133 3526//133 3530//133
f 671//134 682//134 681//134 670//134
f 664//135 675//135 674//135 663//135
f 672//136 683//136 682//136 671//136
f 665//137 676//137 675//137 664//137
f 673//138 684//138 683//138 672//138
f 666//127 677//127 676//127 665//127
f 563//128 684//128 673//128
f 667//129 678//129 677//129 666//129
f 668//130 679//130 678//130 667//130
f 669//131 680//131 679//131 668//131
f 684//146 695//146 694//146 683//146
f 677//147 688//147 687//147 676//147
f 563//148 695//148 684//148
f 678//149 689//149 688//149 677//149
f 679//150 690//150 689//150 678//150
f 680//139 691//139 690//139 679//139
f 681//140 692//140 691//140 680//140
f 674//141 685//141 3532//141 3526//141
f 682//142 693//142 692//142 681//142
f 675//143 686//143 685//143 674//143
f 683//144 694//144 693//144 682//144
f 676//145 687//145 686//145 675//145
f 690//158 701//158 700//158 689//158
f 691//159 702//159 701//159 690//159
f 692//160 703//160 702//160 691//160
f 685//161 696//161 3524//161 3525//161 3532//161
f 693//162 704//162 703//162 692//162
f 686//584 697//584 696//584 685//584
f 694//152 705//152 704//152 693//152
f 687//153 698//153 697//153 686//153
f 695//154 706//154 705//154 694//154
f 688//155 699//155 698//155 687//155
f 563//156 706//156 695//156
f 689//157 700//157 699//157 688//157
f 704//168 715//168 714//168 703//168
f 697//169 708//169 707//169 696//169
f 705//170 716//170 715//170 704//170
f 698//171 709//171 708//171 697//171
f 706//172 717//172 716//172 705//172
f 699//173 710//173 709//173 698//173
f 563//174 717//174 706//174
f 700//163 711//163 710//163 699//163
f 701//164 712//164 711//164 700//164
f 702//165 713//165 712//165 701//165
f 703//585 714//585 713//585 702//585
f 696//167 707//167 3529//167 3524//167
f 563//183 728//183 717//183
f 711//184 722//184 721//184 710//184
f 712//185 723//185 722//185 711//185
f 713//186 724//186 723//186 712//186
f 714//175 725//175 724//175 713//175
f 707//176 718//176 3519//176 3529//176
f 715//177 726//177 725//177 714//177
f 708//178 719//178 718//178 707//178
f 716//179 727//179 726//179 715//179
f 709//180 720//180 719//180 708//180
f 717//181 728//181 727//181 716//181
f 710//182 721//182 720//182 709//182
f 724//193 735//193 734//193 723//193
f 725//194 736//194 735//194 724//194
f 718//195 729//195 3515//195 3519//195
f 726//196 737//196 736//196 725//196
f 719//197 730//197 729//197 718//197
f 727//198 738//198 737//198 726//198
f 720//187 731//187 730//187 719//187
f 728//188 739//188 738//188 727//188
f 721//189 732//189 731//189 720//189
f 563//190 739//190 728//190
f 722//191 733//191 732//191 721//191
f 723//192 734//192 733//192 722//192
f 738//205 749//205 748//205 737//205
f 731//206 742//206 741//206 730//206
f 739//207 750//207 749//207 738//207
f 732//208 743//208 742//208 731//208
f 563//209 750//209 739//209
f 733//210 744//210 743//210 732//210
f 734//199 745//199 744//199 733//199
f 735//200 746//200 745//200 734//200
f 736//201 747//201 746//201 735//201
f 729//202 740//202 3509//202 3515//202
f 737//203 748//203 747//203 736//203
f 730//204 741//204 740//204 729//204
f 745//219 756//219 755//219 744//219
f 746//220 757//220 756//220 745//220
f 747//221 758//221 757//221 746//221
f 740//222 751//222 3510//222 3509//222
f 748//211 759//211 758//211 747//211
f 741//212 752//212 751//212 740//212
f 749//213 760//213 759//213 748//213
f 742//214 753//214 752//214 741//214
f 750//215 761//215 760//215 749//215
f 743//216 754//216 753//216 742//216
f 563//217 761//217 750//217
f 744//218 755//218 754//218 743//218
f 758//228 769//228 768//228 757//228
f 751//229 762//229 3505//229 3510//229
f 759//230 770//230 769//230 758//230
f 752//231 763//231 762//231 751//231
f 760//232 771//232 770//232 759//232
f 753//233 764//233 763//233 752//233
f 761//234 772//234 771//234 760//234
f 754//223 765//223 764//223 753//223
f 563//224 772//224 761//224
f 755//225 766//225 765//225 754//225
f 756//226 767//226 766//226 755//226
f 757//227 768//227 767//227 756//227
f 772//242 783//242 782//242 771//242
f 765//243 776//243 775//243 764//243
f 563//244 783//244 772//244
f 766//245 777//245 776//245 765//245
f 767//246 778//246 777//246 766//246
f 768//235 779//235 778//235 767//235
f 769//236 780//236 779//236 768//236
f 762//237 773//237 3499//237 3505//237
f 770//238 781//238 780//238 769//238
f 763//239 774//239 773//239 762//239
f 771//240 782//240 781//240 770//240
f 764//241 775//241 774//241 763//241
f 779//254 790//254 789//254 778//254
f 780//255 791//255 790//255 779//255
f 773//256 784//256 3502//256 3499//256
f 781//257 792//257 791//257 780//257
f 774//258 785//258 784//258 773//258
f 782//247 793//247 792//247 781//247
f 775//248 786//248 785//248 774//248
f 783//249 794//249 793//249 782//249
f 776//250 787//250 786//250 775//250
f 563//251 794//251 783//251
f 777//252 788//252 787//252 776//252
f 778//253 789//253 788//253 777//253
f 792//264 803//264 802//264 791//264
f 785//265 796//265 795//265 784//265
f 793//266 804//266 803//266 792//266
f 786//267 797//267 796//267 785//267
f 794//268 805//268 804//268 793//268
f 787//269 798//269 797//269 786//269
f 563//270 805//270 794//270
f 788//259 799//259 798//259 787//259
f 789//260 800//260 799//260 788//260
f 790//261 801//261 800//261 789//261
f 791//262 802//262 801//262 790//262
f 784//263 795//263 3497//263 3502//263
f 563//279 816//279 805//279
f 799//280 810//280 809//280 798//280
f 800//281 811//281 810//281 799//281
f 801//282 812//282 811//282 800//282
f 802//271 813//271 812//271 801//271
f 795//272 806//272 3490//272 3497//272
f 803//273 814//273 813//273 802//273
f 796//274 807//274 806//274 795//274
f 804//275 815//275 814//275 803//275
f 797//276 808//276 807//276 796//276
f 805//277 816//277 815//277 804//277
f 798//278 809//278 808//278 797//278
f 813//289 824//289 823//289 812//289
f 806//290 817//290 3489//290 3490//290
f 814//291 825//291 824//291 813//291
f 807//292 818//292 817//292 806//292
f 815//293 826//293 825//293 814//293
f 808//294 819//294 818//294 807//294
f 816//283 827//283 826//283 815//283
f 809//284 820//284 819//284 808//284
f 563//285 827//285 816//285
f 810//286 821//286 820//286 809//286
f 811//287 822//287 821//287 810//287
f 812//288 823//288 822//288 811//288
f 826//301 837//301 836//301 825//301
f 819//302 830//302 829//302 818//302
f 827//303 838//303 837//303 826//303
f 820//304 831//304 830//304 819//304
f 563//305 838//305 827//305
f 821//306 832//306 831//306 820//306
f 822//295 833//295 832//295 821//295
f 823//296 834//296 833//296 822//296
f 824//297 835//297 834//297 823//297
f 817//298 828//298 3485//298 3489//298
f 825//299 836//299 835//299 824//299
f 818//300 829//300 828//300 817//300
f 833//315 844//315 843//315 832//315
f 834//316 845//316 844//316 833//316
f 835//317 846//317 845//317 834//317
f 828//318 839//318 3482//318 3485//318
f 836//307 847//307 846//307 835//307
f 829//308 840//308 839//308 828//308
f 837//309 848//309 847//309 836//309
f 830//310 841//310 840//310 829//310
f 838//311 849//311 848//311 837//311
f 831//312 842//312 841//312 830//312
f 563//313 849//313 838//313
f 832//314 843//314 842//314 831//314
f 839//324 850//324 3477//324 3482//324
f 847//325 858//325 857//325 846//325
f 840//326 851//326 850//326 839//326
f 848//327 859//327 858//327 847//327
f 841//328 852//328 851//328 840//328
f 849//329 860//329 859//329 848//329
f 842//330 853//330 852//330 841//330
f 563//319 860//319 849//319
f 843//320 854//320 853//320 842//320
f 844//321 855//321 854//321 843//321
f 845//322 856//322 855//322 844//322
f 846//323 857//323 856//323 845//323
f 860//338 871//338 870//338 859//338
f 853//339 864//339 863//339 852//339
f 563//340 871//340 860//340
f 854//341 865//341 864//341 853//341
f 855//342 866//342 865//342 854//342
f 856//331 867//331 866//331 855//331
f 857//332 868//332 867//332 856//332
f 850//333 861//333 3472//333 3477//333
f 858//334 869//334 868//334 857//334
f 851//335 862//335 861//335 850//335
f 859//336 870//336 869//336 858//336
f 852//337 863//337 862//337 851//337
f 867//350 878//350 877//350 866//350
f 868//351 879//351 878//351 867//351
f 861//352 872//352 3467//352 3472//352
f 869//353 880//353 879//353 868//353
f 862//354 873//354 872//354 861//354
f 870//343 881//343 880//343 869//343
f 863//344 874//344 873//344 862//344
f 871//345 882//345 881//345 870//345
f 864//346 875//346 874//346 863//346
f 563//347 882//347 871//347
f 865//348 876//348 875//348 864//348
f 866//349 877//349 876//349 865//349
f 873//360 884//360 883//360 872//360
f 881//361 892//361 891//361 880//361
f 874//362 885//362 884//362 873//362
f 882//363 893//363 892//363 881//363
f 875//364 886//364 885//364 874//364
f 563//365 893//365 882//365
f 876//366 887//366 886//366 875//366
f 877//355 888//355 887//355 876//355
f 878//356 889//356 888//356 877//356
f 879//357 890//357 889//357 878//357
f 872//358 883//358 3463//358 3467//358
f 880//359 891//359 890//359 879//359
f 563//375 904//375 893//375
f 887//376 898//376 897//376 886//376
f 888//377 899//377 898//377 887//377
f 889//378 900//378 899//378 888//378
f 890//367 901//367 900//367 889//367
f 883//368 894//368 3456//368 3463//368
f 891//369 902//369 901//369 890//369
f 884//370 895//370 894//370 883//370
f 892//371 903//371 902//371 891//371
f 885//372 896//372 895//372 884//372
f 893//373 904//373 903//373 892//373
f 886//374 897//374 896//374 885//374
f 901//385 912//385 911//385 900//385
f 894//386 905//386 3461//386 3456//386
f 902//387 913//387 912//387 901//387
f 895//388 906//388 905//388 894//388
f 903//389 914//389 913//389 902//389
f 896//390 907//390 906//390 895//390
f 904//379 915//379 914//379 903//379
f 897//380 908//380 907//380 896//380
f 563//381 915//381 904//381
f 898//382 909//382 908//382 897//382
f 899//383 910//383 909//383 898//383
f 900//384 911//384 910//384 899//384
f 907//397 918//397 917//397 906//397
f 915//398 926//398 925//398 914//398
f 908//399 919//399 918//399 907//399
f 563//400 926//400 915//400
f 909//401 920//401 919//401 908//401
f 910//402 921//402 920//402 909//402
f 911//391 922//391 921//391 910//391
f 912//392 923//392 922//392 911//392
f 905//586 916//586 3452//586 3461//586
f 913//394 924//394 923//394 912//394
f 906//395 917//395 916//395 905//395
f 914//396 925//396 924//396 913//396
f 921//411 932//411 931//411 920//411
f 922//412 933//412 932//412 921//412
f 923//413 934//413 933//413 922//413
f 916//587 927//587 3586//587 3452//587
f 924//403 935//403 934//403 923//403
f 917//404 928//404 927//404 916//404
f 925//405 936//405 935//405 924//405
f 918//406 929//406 928//406 917//406
f 926//407 937//407 936//407 925//407
f 919//408 930//408 929//408 918//408
f 563//409 937//409 926//409
f 920//410 931//410 930//410 919//410
f 933//420 944//420 943//420 932//420
f 934//421 945//421 944//421 933//421
f 927//422 938//422 3438//422 3586//422
f 935//423 946//423 945//423 934//423
f 928//424 939//424 938//424 927//424
f 936//425 947//425 946//425 935//425
f 929//426 940//426 939//426 928//426
f 937//415 948//415 947//415 936//415
f 930//416 941//416 940//416 929//416
f 563//417 948//417 937//417
f 931//418 942//418 941//418 930//418
f 932//419 943//419 942//419 931//419
f 947//432 958//432 957//432 946//432
f 940//433 951//433 950//433 939//433
f 948//434 959//434 958//434 947//434
f 941//435 952//435 951//435 940//435
f 563//436 959//436 948//436
f 942//437 953//437 952//437 941//437
f 943//438 954//438 953//438 942//438
f 944//427 955//427 954//427 943//427
f 945//428 956//428 955//428 944//428
f 938//429 949//429 3437//429 3438//429
f 946//430 957//430 956//430 945//430
f 939//431 950//431 949//431 938//431
f 954//446 965//446 964//446 953//446
f 955//447 966//447 965//447 954//447
f 956//448 967//448 966//448 955//448
f 3437//449 949//449 960//449 3441//449
f 957//450 968//450 967//450 956//450
f 950//588 961//588 960//588 949//588
f 958//440 969//440 968//440 957//440
f 951//441 962//441 961//441 950//441
f 959//442 970//442 969//442 958//442
f 952//443 963//443 962//443 951//443
f 563//444 970//444 959//444
f 953//445 964//445 963//445 952//445
f 967//455 978//455 977//455 966//455
f 3441//456 960//456 971//456 3587//456
f 968//457 979//457 978//457 967//457
f 961//458 972//458 971//458 960//458
f 969//459 980//459 979//459 968//459
f 962//460 973//460 972//460 961//460
f 970//461 981//461 980//461 969//461
f 963//462 974//462 973//462 962//462
f 563//451 981//451 970//451
f 964//452 975//452 974//452 963//452
f 965//453 976//453 975//453 964//453
f 966//454 977//454 976//454 965//454
f 981//469 992//469 991//469 980//469
f 974//470 985//470 984//470 973//470
f 563//471 992//471 981//471
f 975//472 986//472 985//472 974//472
f 976//473 987//473 986//473 975//473
f 977//474 988//474 987//474 976//474
f 978//463 989//463 988//463 977//463
f 3587//464 971//464 982//464 3453//464
f 979//465 990//465 989//465 978//465
f 972//466 983//466 982//466 971//466
f 980//467 991//467 990//467 979//467
f 973//468 984//468 983//468 972//468
f 988//481 999//481 998//481 987//481
f 989//482 1000//482 999//482 988//482
f 3453//483 982//483 993//483 3462//483
f 990//484 1001//484 1000//484 989//484
f 983//485 994//485 993//485 982//485
f 991//486 1002//486 1001//486 990//486
f 984//475 995//475 994//475 983//475
f 992//476 1003//476 1002//476 991//476
f 985//477 996//477 995//477 984//477
f 563//478 1003//478 992//478
f 986//479 997//479 996//479 985//479
f 987//480 998//480 997//480 986//480
f 1001//491 1012//491 1011//491 1000//491
f 994//492 1005//492 1004//492 993//492
f 1002//493 1013//493 1012//493 1001//493
f 995//494 1006//494 1005//494 994//494
f 1003//495 1014//495 1013//495 1002//495
f 996//496 1007//496 1006//496 995//496
f 563//497 1014//497 1003//497
f 997//498 1008//498 1007//498 996//498
f 998//487 1009//487 1008//487 997//487
f 999//488 1010//488 1009//488 998//488
f 1000//489 1011//489 1010//489 999//489
f 3462//490 993//490 1004//490 3458//490
f 563//506 1025//506 1014//506
f 1008//507 1019//507 1018//507 1007//507
f 1009//508 1020//508 1019//508 1008//508
f 1010//509 1021//509 1020//509 1009//509
f 1011//510 1022//510 1021//510 1010//510
f 3458//499 1004//499 1015//499 3480//499
f 1012//500 1023//500 1022//500 1011//500
f 1005//501 1016//501 1015//501 1004//501
f 1013//502 1024//502 1023//502 1012//502
f 1006//503 1017//503 1016//503 1005//503
f 1014//504 1025//504 1024//504 1013//504
f 1007//505 1018//505 1017//505 1006//505
f 1022//516 1033//516 1032//516 1021//516
f 1015//517 1026//517 3469//517 3480//517
f 1023//518 1034//518 1033//518 1022//518
f 1016//519 1027//519 1026//519 1015//519
f 1024//520 1035//520 1034//520 1023//520
f 1017//521 1028//521 1027//521 1016//521
f 1025//522 1036//522 1035//522 1024//522
f 1018//511 1029//511 1028//511 1017//511
f 563//512 1036//512 1025//512
f 1019//589 1030//589 1029//589 1018//589
f 1020//514 1031//514 1030//514 1019//514
f 1021//515 1032//515 1031//515 1020//515
f 1035//528 1046//528 1045//528 1034//528
f 1028//529 1039//529 1038//529 1027//529
f 1036//530 1047//530 1046//530 1035//530
f 1029//531 1040//531 1039//531 1028//531
f 563//532 1047//532 1036//532
f 1030//533 1041//533 1040//533 1029//533
f 1031//534 1042//534 1041//534 1030//534
f 1032//523 1043//523 1042//523 1031//523
f 1033//524 1044//524 1043//524 1032//524
f 1026//525 1037//525 3478//525 3469//525
f 1034//526 1045//526 1044//526 1033//526
f 1027//527 1038//527 1037//527 1026//527
f 1042//542 1053//542 1052//542 1041//542
f 1043//543 1054//543 1053//543 1042//543
f 1044//544 1055//544 1054//544 1043//544
f 1037//545 1048//545 3514//545 3478//545
f 1045//546 1056//546 1055//546 1044//546
f 1038//535 1049//535 1048//535 1037//535
f 1046//536 1057//536 1056//536 1045//536
f 1039//537 1050//537 1049//537 1038//537
f 1047//538 1058//538 1057//538 1046//538
f 1040//539 1051//539 1050//539 1039//539
f 563//540 1058//540 1047//540
f 1041//541 1052//541 1051//541 1040//541
f 1048//551 1059//551 3487//551 3514//551
f 1056//552 1067//552 1066//552 1055//552
f 1049//553 1060//553 1059//553 1048//553
f 1057//554 1068//554 1067//554 1056//554
f 1050//555 1061//555 1060//555 1049//555
f 1058//556 1069//556 1068//556 1057//556
f 1051//557 1062//557 1061//557 1050//557
f 563//558 1069//558 1058//558
f 1052//547 1063//547 1062//547 1051//547
f 1053//548 1064//548 1063//548 1052//548
f 1054//549 1065//549 1064//549 1053//549
f 1055//550 1066//550 1065//550 1054//550
f 1069//565 1080//565 1079//565 1068//565
f 1062//566 1073//566 1072//566 1061//566
f 563//567 1080//567 1069//567
f 1063//568 1074//568 1073//568 1062//568
f 1064//569 1075//569 1074//569 1063//569
f 1065//570 1076//570 1075//570 1064//570
f 1066//559 1077//559 1076//559 1065//559
f 1059//560 1070//560 3496//560 3487//560
f 1067//561 1078//561 1077//561 1066//561
f 1060//562 1071//562 1070//562 1059//562
f 1068//563 1079//563 1078//563 1067//563
f 1061//564 1072//564 1071//564 1060//564
f 1076//577 558//577 557//577 1075//577
f 1077//578 559//578 558//578 1076//578
f 1070//579 554//579 3495//579 3496//579
f 1078//580 560//580 559//580 1077//580
f 1071//581 555//581 554//581 1070//581
f 1079//582 561//582 560//582 1078//582
f 1072//571 1081//571 555//571 1071//571
f 1080//572 562//572 561//572 1079//572
f 1073//573 556//573 1081//573 1072//573
f 563//574 562//574 1080//574
f 1074//575 1082//575 556//575 1073//575
f 1075//576 557//576 1082//576 1074//576
f 1087//14 1099//14 1098//14 1086//14
f 1088//15 1100//15 1099//15 1087//15
f 3385//16 1083//16 1093//16 3388//16
f 1089//17 1101//17 1100//17 1088//17
f 1084//18 1094//18 1093//18 1083//18
f 1090//7 1102//7 1101//7 1089//7
f 1610//590 1095//590 1094//590 1084//590
f 1091//9 1103//9 1102//9 1090//9
f 1085//10 1096//10 1095//10 1610//10
f 1092//11 1103//11 1091//11
f 1611//12 1097//12 1096//12 1085//12
f 1086//13 1098//13 1097//13 1611//13
f 1097//27 1108//27 1107//27 1096//27
f 1098//28 1109//28 1108//28 1097//28
f 1099//29 1110//29 1109//29 1098//29
f 1100//30 1111//30 1110//30 1099//30
f 3388//19 1093//19 1104//19 3392//19
f 1101//20 1112//20 1111//20 1100//20
f 1094//21 1105//21 1104//21 1093//21
f 1102//22 1113//22 1112//22 1101//22
f 1095//23 1106//23 1105//23 1094//23
f 1103//24 1114//24 1113//24 1102//24
f 1096//25 1107//25 1106//25 1095//25
f 1092//26 1114//26 1103//26
f 1111//37 1122//37 1121//37 1110//37
f 3392//38 1104//38 1115//38 3395//38
f 1112//39 1123//39 1122//39 1111//39
f 1105//40 1116//40 1115//40 1104//40
f 1113//41 1124//41 1123//41 1112//41
f 1106//42 1117//42 1116//42 1105//42
f 1114//31 1125//31 1124//31 1113//31
f 1107//32 1118//32 1117//32 1106//32
f 1092//33 1125//33 1114//33
f 1108//34 1119//34 1118//34 1107//34
f 1109//35 1120//35 1119//35 1108//35
f 1110//36 1121//36 1120//36 1109//36
f 1117//49 1128//49 1127//49 1116//49
f 1125//50 1136//50 1135//50 1124//50
f 1118//51 1129//51 1128//51 1117//51
f 1092//52 1136//52 1125//52
f 1119//53 1130//53 1129//53 1118//53
f 1120//54 1131//54 1130//54 1119//54
f 1121//43 1132//43 1131//43 1120//43
f 1122//44 1133//44 1132//44 1121//44
f 3395//45 1115//45 1126//45 3403//45
f 1123//46 1134//46 1133//46 1122//46
f 1116//47 1127//47 1126//47 1115//47
f 1124//48 1135//48 1134//48 1123//48
f 1131//62 1142//62 1141//62 1130//62
f 1132//63 1143//63 1142//63 1131//63
f 1133//64 1144//64 1143//64 1132//64
f 3403//65 1126//65 1137//65 3408//65
f 1134//66 1145//66 1144//66 1133//66
f 1127//55 1138//55 1137//55 1126//55
f 1135//56 1146//56 1145//56 1134//56
f 1128//57 1139//57 1138//57 1127//57
f 1136//58 1147//58 1146//58 1135//58
f 1129//59 1140//59 1139//59 1128//59
f 1092//60 1147//60 1136//60
f 1130//61 1141//61 1140//61 1129//61
f 1145//73 1156//73 1155//73 1144//73
f 1138//74 1149//74 1148//74 1137//74
f 1146//75 1157//75 1156//75 1145//75
f 1139//76 1150//76 1149//76 1138//76
f 1147//77 1158//77 1157//77 1146//77
f 1140//78 1151//78 1150//78 1139//78
f 1092//67 1158//67 1147//67
f 1141//68 1152//68 1151//68 1140//68
f 1142//69 1153//69 1152//69 1141//69
f 1143//70 1154//70 1153//70 1142//70
f 1144//71 1155//71 1154//71 1143//71
f 3408//72 1137//72 1148//72 3412//72
f 1151//86 1162//86 1161//86 1150//86
f 1092//87 1169//87 1158//87
f 1152//88 1163//88 1162//88 1151//88
f 1153//89 1164//89 1163//89 1152//89
f 1154//90 1165//90 1164//90 1153//90
f 1155//79 1166//79 1165//79 1154//79
f 1148//80 1159//80 3418//80 3412//80
f 1156//81 1167//81 1166//81 1155//81
f 1149//82 1160//82 1159//82 1148//82
f 1157//83 1168//83 1167//83 1156//83
f 1150//84 1161//84 1160//84 1149//84
f 1158//85 1169//85 1168//85 1157//85
f 1165//97 1176//97 1175//97 1164//97
f 1166//98 1177//98 1176//98 1165//98
f 1159//99 1170//99 3427//99 3418//99
f 1167//100 1178//100 1177//100 1166//100
f 1160//101 1171//101 1170//101 1159//101
f 1168//102 1179//102 1178//102 1167//102
f 1161//91 1172//91 1171//91 1160//91
f 1169//92 1180//92 1179//92 1168//92
f 1162//93 1173//93 1172//93 1161//93
f 1092//94 1180//94 1169//94
f 1163//95 1174//95 1173//95 1162//95
f 1164//96 1175//96 1174//96 1163//96
f 1179//109 1190//109 1189//109 1178//109
f 1172//110 1183//110 1182//110 1171//110
f 1180//111 1191//111 1190//111 1179//111
f 1173//112 1184//112 1183//112 1172//112
f 1092//113 1191//113 1180//113
f 1174//114 1185//114 1184//114 1173//114
f 1175//103 1186//103 1185//103 1174//103
f 1176//104 1187//104 1186//104 1175//104
f 1177//105 1188//105 1187//105 1176//105
f 1170//106 1181//106 3422//106 3427//106
f 1178//107 1189//107 1188//107 1177//107
f 1171//108 1182//108 1181//108 1170//108
f 1185//123 1196//123 1195//123 1184//123
f 1186//124 1197//124 1196//124 1185//124
f 1187//125 1198//125 1197//125 1186//125
f 1188//126 1199//126 1198//126 1187//126
f 1181//115 1192//115 3446//115 3422//115
f 1189//116 1200//116 1199//116 1188//116
f 1182//117 1193//117 1192//117 1181//117
f 1190//118 1201//118 1200//118 1189//118
f 1183//119 1194//119 1193//119 1182//119
f 1191//120 1202//120 1201//120 1190//120
f 1184//121 1195//121 1194//121 1183//121
f 1092//122 1202//122 1191//122
f 1199//132 1210//132 1209//132 1198//132
f 1192//133 1203//133 3432//133 3446//133
f 1200//134 1211//134 1210//134 1199//134
f 1193//135 1204//135 1203//135 1192//135
f 1201//136 1212//136 1211//136 1200//136
f 1194//137 1205//137 1204//137 1193//137
f 1202//138 1213//138 1212//138 1201//138
f 1195//127 1206//127 1205//127 1194//127
f 1092//128 1213//128 1202//128
f 1196//129 1207//129 1206//129 1195//129
f 1197//130 1208//130 1207//130 1196//130
f 1198//131 1209//131 1208//131 1197//131
f 1213//146 1224//146 1223//146 1212//146
f 1206//147 1217//147 1216//147 1205//147
f 1092//148 1224//148 1213//148
f 1207//149 1218//149 1217//149 1206//149
f 1208//150 1219//150 1218//150 1207//150
f 1209//139 1220//139 1219//139 1208//139
f 1210//140 1221//140 1220//140 1209//140
f 1203//141 1214//141 3435//141 3432//141
f 1211//142 1222//142 1221//142 1210//142
f 1204//143 1215//143 1214//143 1203//143
f 1212//144 1223//144 1222//144 1211//144
f 1205//145 1216//145 1215//145 1204//145
f 1219//158 1230//158 1229//158 1218//158
f 1220//159 1231//159 1230//159 1219//159
f 1221//160 1232//160 1231//160 1220//160
f 1214//161 1225//161 3431//161 3435//161
f 1222//162 1233//162 1232//162 1221//162
f 1215//151 1226//151 1225//151 1214//151
f 1223//152 1234//152 1233//152 1222//152
f 1216//153 1227//153 1226//153 1215//153
f 1224//154 1235//154 1234//154 1223//154
f 1217//155 1228//155 1227//155 1216//155
f 1092//156 1235//156 1224//156
f 1218//157 1229//157 1228//157 1217//157
f 1233//168 1244//168 1243//168 1232//168
f 1226//169 1237//169 1236//169 1225//169
f 1234//170 1245//170 1244//170 1233//170
f 1227//171 1238//171 1237//171 1226//171
f 1235//172 1246//172 1245//172 1234//172
f 1228//173 1239//173 1238//173 1227//173
f 1092//174 1246//174 1235//174
f 1229//163 1240//163 1239//163 1228//163
f 1230//164 1241//164 1240//164 1229//164
f 1231//165 1242//165 1241//165 1230//165
f 1232//166 1243//166 1242//166 1231//166
f 1225//167 1236//167 3442//167 3431//167
f 1092//183 1257//183 1246//183
f 1240//184 1251//184 1250//184 1239//184
f 1241//185 1252//185 1251//185 1240//185
f 1242//186 1253//186 1252//186 1241//186
f 1243//175 1254//175 1253//175 1242//175
f 1236//176 1247//176 3421//176 3442//176
f 1244//177 1255//177 1254//177 1243//177
f 1237//178 1248//178 1247//178 1236//178
f 1245//179 1256//179 1255//179 1244//179
f 1238//180 1249//180 1248//180 1237//180
f 1246//181 1257//181 1256//181 1245//181
f 1239//182 1250//182 1249//182 1238//182
f 1253//193 1264//193 1263//193 1252//193
f 1254//194 1265//194 1264//194 1253//194
f 1247//195 1258//195 3426//195 3421//195
f 1255//196 1266//196 1265//196 1254//196
f 1248//197 1259//197 1258//197 1247//197
f 1256//198 1267//198 1266//198 1255//198
f 1249//187 1260//187 1259//187 1248//187
f 1257//188 1268//188 1267//188 1256//188
f 1250//189 1261//189 1260//189 1249//189
f 1092//190 1268//190 1257//190
f 1251//191 1262//191 1261//191 1250//191
f 1252//192 1263//192 1262//192 1251//192
f 1267//205 1278//205 1277//205 1266//205
f 1260//206 1271//206 1270//206 1259//206
f 1268//207 1279//207 1278//207 1267//207
f 1261//208 1272//208 1271//208 1260//208
f 1092//209 1279//209 1268//209
f 1262//210 1273//210 1272//210 1261//210
f 1263//199 1274//199 1273//199 1262//199
f 1264//200 1275//200 1274//200 1263//200
f 1265//201 1276//201 1275//201 1264//201
f 1258//202 1269//202 3417//202 3426//202
f 1266//203 1277//203 1276//203 1265//203
f 1259//204 1270//204 1269//204 1258//204
f 1274//219 1285//219 1284//219 1273//219
f 1275//220 1286//220 1285//220 1274//220
f 1276//221 1287//221 1286//221 1275//221
f 1269//222 1280//222 3409//222 3417//222
f 1277//211 1288//211 1287//211 1276//211
f 1270//212 1281//212 1280//212 1269//212
f 1278//213 1289//213 1288//213 1277//213
f 1271//214 1282//214 1281//214 1270//214
f 1279//215 1290//215 1289//215 1278//215
f 1272//216 1283//216 1282//216 1271//216
f 1092//217 1290//217 1279//217
f 1273//218 1284//218 1283//218 1272//218
f 1287//228 1298//228 1297//228 1286//228
f 1280//229 1291//229 3405//229 3409//229
f 1288//230 1299//230 1298//230 1287//230
f 1281//231 1292//231 1291//231 1280//231
f 1289//232 1300//232 1299//232 1288//232
f 1282//233 1293//233 1292//233 1281//233
f 1290//234 1301//234 1300//234 1289//234
f 1283//223 1294//223 1293//223 1282//223
f 1092//224 1301//224 1290//224
f 1284//225 1295//225 1294//225 1283//225
f 1285//226 1296//226 1295//226 1284//226
f 1286//227 1297//227 1296//227 1285//227
f 1301//242 1312//242 1311//242 1300//242
f 1294//243 1305//243 1304//243 1293//243
f 1092//244 1312//244 1301//244
f 1295//245 1306//245 1305//245 1294//245
f 1296//246 1307//246 1306//246 1295//246
f 1297//235 1308//235 1307//235 1296//235
f 1298//236 1309//236 1308//236 1297//236
f 1291//237 1302//237 3401//237 3405//237
f 1299//238 1310//238 1309//238 1298//238
f 1292//239 1303//239 1302//239 1291//239
f 1300//240 1311//240 1310//240 1299//240
f 1293//241 1304//241 1303//241 1292//241
f 1308//254 1319//254 1318//254 1307//254
f 1309//255 1320//255 1319//255 1308//255
f 1302//256 1313//256 3399//256 3401//256
f 1310//257 1321//257 1320//257 1309//257
f 1303//258 1314//258 1313//258 1302//258
f 1311//247 1322//247 1321//247 1310//247
f 1304//248 1315//248 1314//248 1303//248
f 1312//249 1323//249 1322//249 1311//249
f 1305//250 1316//250 1315//250 1304//250
f 1092//591 1323//591 1312//591
f 1306//252 1317//252 1316//252 1305//252
f 1307//253 1318//253 1317//253 1306//253
f 1321//264 1332//264 1331//264 1320//264
f 1314//265 1325//265 1324//265 1313//265
f 1322//266 1333//266 1332//266 1321//266
f 1315//267 1326//267 1325//267 1314//267
f 1323//268 1334//268 1333//268 1322//268
f 1316//269 1327//269 1326//269 1315//269
f 1092//270 1334//270 1323//270
f 1317//259 1328//259 1327//259 1316//259
f 1318//260 1329//260 1328//260 1317//260
f 1319//261 1330//261 1329//261 1318//261
f 1320//262 1331//262 1330//262 1319//262
f 1313//263 1324//263 3391//263 3399//263
f 1092//279 1345//279 1334//279
f 1328//280 1339//280 1338//280 1327//280
f 1329//281 1340//281 1339//281 1328//281
f 1330//282 1341//282 1340//282 1329//282
f 1331//271 1342//271 1341//271 1330//271
f 1324//272 1335//272 3386//272 3391//272
f 1332//273 1343//273 1342//273 1331//273
f 1325//274 1336//274 1335//274 1324//274
f 1333//275 1344//275 1343//275 1332//275
f 1326//276 1337//276 1336//276 1325//276
f 1334//277 1345//277 1344//277 1333//277
f 1327//278 1338//278 1337//278 1326//278
f 1342//289 1353//289 1352//289 1341//289
f 1335//290 1346//290 3382//290 3386//290
f 1343//291 1354//291 1353//291 1342//291
f 1336//292 1347//292 1346//292 1335//292
f 1344//293 1355//293 1354//293 1343//293
f 1337//294 1348//294 1347//294 1336//294
f 1345//283 1356//283 1355//283 1344//283
f 1338//284 1349//284 1348//284 1337//284
f 1092//285 1356//285 1345//285
f 1339//286 1350//286 1349//286 1338//286
f 1340//287 1351//287 1350//287 1339//287
f 1341//288 1352//288 1351//288 1340//288
f 1355//301 1366//301 1365//301 1354//301
f 1348//302 1359//302 1358//302 1347//302
f 1356//303 1367//303 1366//303 1355//303
f 1349//304 1360//304 1359//304 1348//304
f 1092//305 1367//305 1356//305
f 1350//306 1361//306 1360//306 1349//306
f 1351//295 1362//295 1361//295 1350//295
f 1352//296 1363//296 1362//296 1351//296
f 1353//297 1364//297 1363//297 1352//297
f 1346//298 1357//298 3371//298 3382//298
f 1354//299 1365//299 1364//299 1353//299
f 1347//300 1358//300 1357//300 1346//300
f 1362//315 1373//315 1372//315 1361//315
f 1363//316 1374//316 1373//316 1362//316
f 1364//317 1375//317 1374//317 1363//317
f 1357//318 1368//318 3377//318 3371//318
f 1365//307 1376//307 1375//307 1364//307
f 1358//308 1369//308 1368//308 1357//308
f 1366//309 1377//309 1376//309 1365//309
f 1359//310 1370//310 1369//310 1358//310
f 1367//311 1378//311 1377//311 1366//311
f 1360//312 1371//312 1370//312 1359//312
f 1092//313 1378//313 1367//313
f 1361//314 1372//314 1371//314 1360//314
f 1368//324 1379//324 3364//324 3377//324
f 1376//325 1387//325 1386//325 1375//325
f 1369//326 1380//326 1379//326 1368//326
f 1377//327 1388//327 1387//327 1376//327
f 1370//328 1381//328 1380//328 1369//328
f 1378//329 1389//329 1388//329 1377//329
f 1371//330 1382//330 1381//330 1370//330
f 1092//319 1389//319 1378//319
f 1372//320 1383//320 1382//320 1371//320
f 1373//321 1384//321 1383//321 1372//321
f 1374//322 1385//322 1384//322 1373//322
f 1375//323 1386//323 1385//323 1374//323
f 1389//338 1400//338 1399//338 1388//338
f 1382//339 1393//339 1392//339 1381//339
f 1092//340 1400//340 1389//340
f 1383//341 1394//341 1393//341 1382//341
f 1384//342 1395//342 1394//342 1383//342
f 1385//331 1396//331 1395//331 1384//331
f 1386//332 1397//332 1396//332 1385//332
f 1379//333 1390//333 3355//333 3364//333
f 1387//334 1398//334 1397//334 1386//334
f 1380//335 1391//335 1390//335 1379//335
f 1388//336 1399//336 1398//336 1387//336
f 1381//337 1392//337 1391//337 1380//337
f 1396//350 1407//350 1406//350 1395//350
f 1397//351 1408//351 1407//351 1396//351
f 1390//352 1401//352 3361//352 3355//352
f 1398//353 1409//353 1408//353 1397//353
f 1391//354 1402//354 1401//354 1390//354
f 1399//343 1410//343 1409//343 1398//343
f 1392//344 1403//344 1402//344 1391//344
f 1400//345 1411//345 1410//345 1399//345
f 1393//346 1404//346 1403//346 1392//346
f 1092//347 1411//347 1400//347
f 1394//348 1405//348 1404//348 1393//348
f 1395//349 1406//349 1405//349 1394//349
f 1402//360 1413//360 1412//360 1401//360
f 1410//361 1421//361 1420//361 1409//361
f 1403//362 1414//362 1413//362 1402//362
f 1411//363 1422//363 1421//363 1410//363
f 1404//364 1415//364 1414//364 1403//364
f 1092//365 1422//365 1411//365
f 1405//366 1416//366 1415//366 1404//366
f 1406//355 1417//355 1416//355 1405//355
f 1407//356 1418//356 1417//356 1406//356
f 1408//357 1419//357 1418//357 1407//357
f 1401//358 1412//358 3349//358 3361//358
f 1409//359 1420//359 1419//359 1408//359
f 1092//375 1433//375 1422//375
f 1416//376 1427//376 1426//376 1415//376
f 1417//377 1428//377 1427//377 1416//377
f 1418//378 1429//378 1428//378 1417//378
f 1419//367 1430//367 1429//367 1418//367
f 1412//368 1423//368 3338//368 3349//368
f 1420//369 1431//369 1430//369 1419//369
f 1413//370 1424//370 1423//370 1412//370
f 1421//371 1432//371 1431//371 1420//371
f 1414//372 1425//372 1424//372 1413//372
f 1422//373 1433//373 1432//373 1421//373
f 1415//374 1426//374 1425//374 1414//374
f 1430//385 1441//385 1440//385 1429//385
f 1423//386 1434//386 3335//386 3338//386
f 1431//387 1442//387 1441//387 1430//387
f 1424//388 1435//388 1434//388 1423//388
f 1432//389 1443//389 1442//389 1431//389
f 1425//390 1436//390 1435//390 1424//390
f 1433//379 1444//379 1443//379 1432//379
f 1426//380 1437//380 1436//380 1425//380
f 1092//381 1444//381 1433//381
f 1427//382 1438//382 1437//382 1426//382
f 1428//383 1439//383 1438//383 1427//383
f 1429//384 1440//384 1439//384 1428//384
f 1436//397 1447//397 1446//397 1435//397
f 1444//398 1455//398 1454//398 1443//398
f 1437//399 1448//399 1447//399 1436//399
f 1092//400 1455//400 1444//400
f 1438//401 1449//401 1448//401 1437//401
f 1439//402 1450//402 1449//402 1438//402
f 1440//391 1451//391 1450//391 1439//391
f 1441//392 1452//392 1451//392 1440//392
f 1434//393 1445//393 3331//393 3335//393
f 1442//394 1453//394 1452//394 1441//394
f 1435//395 1446//395 1445//395 1434//395
f 1443//396 1454//396 1453//396 1442//396
f 1450//411 1461//411 1460//411 1449//411
f 1451//412 1462//412 1461//412 1450//412
f 1452//413 1463//413 1462//413 1451//413
f 1445//414 1456//414 3328//414 3331//414
f 1453//403 1464//403 1463//403 1452//403
f 1446//404 1457//404 1456//404 1445//404
f 1454//405 1465//405 1464//405 1453//405
f 1447//406 1458//406 1457//406 1446//406
f 1455//407 1466//407 1465//407 1454//407
f 1448//408 1459//408 1458//408 1447//408
f 1092//409 1466//409 1455//409
f 1449//410 1460//410 1459//410 1448//410
f 1464//423 1475//423 1474//423 1463//423
f 1457//424 1468//424 1467//424 1456//424
f 1465//425 1476//425 1475//425 1464//425
f 1458//426 1469//426 1468//426 1457//426
f 1466//415 1477//415 1476//415 1465//415
f 1459//416 1470//416 1469//416 1458//416
f 1092//417 1477//417 1466//417
f 1460//418 1471//418 1470//418 1459//418
f 1461//419 1472//419 1471//419 1460//419
f 1462//420 1473//420 1472//420 1461//420
f 1463//421 1474//421 1473//421 1462//421
f 1456//422 1467//422 3320//422 3328//422
f 1470//435 1481//435 1480//435 1469//435
f 1092//436 1488//436 1477//436
f 1471//437 1482//437 1481//437 1470//437
f 1472//438 1483//438 1482//438 1471//438
f 1473//427 1484//427 1483//427 1472//427
f 1474//428 1485//428 1484//428 1473//428
f 1467//429 1478//429 3315//429 3320//429
f 1475//430 1486//430 1485//430 1474//430
f 1468//431 1479//431 1478//431 1467//431
f 1476//432 1487//432 1486//432 1475//432
f 1469//433 1480//433 1479//433 1468//433
f 1477//434 1488//434 1487//434 1476//434
f 1484//447 1495//447 1494//447 1483//447
f 1485//448 1496//448 1495//448 1484//448
f 3315//449 1478//449 1489//449 3321//449
f 1486//450 1497//450 1496//450 1485//450
f 1479//439 1490//439 1489//439 1478//439
f 1487//440 1498//440 1497//440 1486//440
f 1480//441 1491//441 1490//441 1479//441
f 1488//442 1499//442 1498//442 1487//442
f 1481//443 1492//443 1491//443 1480//443
f 1092//444 1499//444 1488//444
f 1482//445 1493//445 1492//445 1481//445
f 1483//446 1494//446 1493//446 1482//446
f 1498//459 1509//459 1508//459 1497//459
f 1491//460 1502//460 1501//460 1490//460
f 1499//461 1510//461 1509//461 1498//461
f 1492//462 1503//462 1502//462 1491//462
f 1092//451 1510//451 1499//451
f 1493//452 1504//452 1503//452 1492//452
f 1494//453 1505//453 1504//453 1493//453
f 1495//454 1506//454 1505//454 1494//454
f 1496//455 1507//455 1506//455 1495//455
f 3321//456 1489//456 1500//456 3325//456
f 1497//457 1508//457 1507//457 1496//457
f 1490//458 1501//458 1500//458 1489//458
f 1504//472 1515//472 1514//472 1503//472
f 1505//473 1516//473 1515//473 1504//473
f 1506//474 1517//474 1516//474 1505//474
f 1507//463 1518//463 1517//463 1506//463
f 3325//464 1500//464 1511//464 3333//464
f 1508//465 1519//465 1518//465 1507//465
f 1501//466 1512//466 1511//466 1500//466
f 1509//467 1520//467 1519//467 1508//467
f 1502//468 1513//468 1512//468 1501//468
f 1510//469 1521//469 1520//469 1509//469
f 1503//470 1514//470 1513//470 1502//470
f 1092//471 1521//471 1510//471
f 1518//482 1529//482 1528//482 1517//482
f 3333//483 1511//483 1522//483 3336//483
f 1519//484 1530//484 1529//484 1518//484
f 1512//485 1523//485 1522//485 1511//485
f 1520//486 1531//486 1530//486 1519//486
f 1513//475 1524//475 1523//475 1512//475
f 1521//476 1532//476 1531//476 1520//476
f 1514//477 1525//477 1524//477 1513//477
f 1092//478 1532//478 1521//478
f 1515//479 1526//479 1525//479 1514//479
f 1516//480 1527//480 1526//480 1515//480
f 1517//481 1528//481 1527//481 1516//481
f 1532//495 1543//495 1542//495 1531//495
f 1525//496 1536//496 1535//496 1524//496
f 1092//497 1543//497 1532//497
f 1526//498 1537//498 1536//498 1525//498
f 1527//487 1538//487 1537//487 1526//487
f 1528//488 1539//488 1538//488 1527//488
f 1529//489 1540//489 1539//489 1528//489
f 3336//490 1522//490 1533//490 3341//490
f 1530//491 1541//491 1540//491 1529//491
f 1523//492 1534//492 1533//492 1522//492
f 1531//493 1542//493 1541//493 1530//493
f 1524//494 1535//494 1534//494 1523//494
f 1538//508 1549//508 1548//508 1537//508
f 1539//509 1550//509 1549//509 1538//509
f 1540//510 1551//510 1550//510 1539//510
f 3341//499 1533//499 1544//499 3350//499
f 1541//500 1552//500 1551//500 1540//500
f 1534//501 1545//501 1544//501 1533//501
f 1542//502 1553//502 1552//502 1541//502
f 1535//503 1546//503 1545//503 1534//503
f 1543//504 1554//504 1553//504 1542//504
f 1536//505 1547//505 1546//505 1535//505
f 1092//506 1554//506 1543//506
f 1537//507 1548//507 1547//507 1536//507
f 1552//518 1563//518 1562//518 1551//518
f 1545//519 1556//519 1555//519 1544//519
f 1553//520 1564//520 1563//520 1552//520
f 1546//521 1557//521 1556//521 1545//521
f 1554//522 1565//522 1564//522 1553//522
f 1547//511 1558//511 1557//511 1546//511
f 1092//512 1565//512 1554//512
f 1548//589 1559//589 1558//589 1547//589
f 1549//514 1560//514 1559//514 1548//514
f 1550//515 1561//515 1560//515 1549//515
f 1551//516 1562//516 1561//516 1550//516
f 1544//517 1555//517 3354//517 3350//517
f 1092//532 1576//532 1565//532
f 1559//533 1570//533 1569//533 1558//533
f 1560//534 1571//534 1570//534 1559//534
f 1561//523 1572//523 1571//523 1560//523
f 1562//524 1573//524 1572//524 1561//524
f 1555//525 1566//525 3357//525 3354//525
f 1563//526 1574//526 1573//526 1562//526
f 1556//527 1567//527 1566//527 1555//527
f 1564//528 1575//528 1574//528 1563//528
f 1557//529 1568//529 1567//529 1556//529
f 1565//530 1576//530 1575//530 1564//530
f 1558//531 1569//531 1568//531 1557//531
f 1572//543 1583//543 1582//543 1571//543
f 1573//544 1584//544 1583//544 1572//544
f 1566//545 1577//545 3366//545 3357//545
f 1574//546 1585//546 1584//546 1573//546
f 1567//535 1578//535 1577//535 1566//535
f 1575//536 1586//536 1585//536 1574//536
f 1568//537 1579//537 1578//537 1567//537
f 1576//538 1587//538 1586//538 1575//538
f 1569//539 1580//539 1579//539 1568//539
f 1092//540 1587//540 1576//540
f 1570//541 1581//541 1580//541 1569//541
f 1571//542 1582//542 1581//542 1570//542
f 1586//554 1597//554 1596//554 1585//554
f 1579//555 1590//555 1589//555 1578//555
f 1587//556 1598//556 1597//556 1586//556
f 1580//557 1591//557 1590//557 1579//557
f 1092//558 1598//558 1587//558
f 1581//547 1592//547 1591//547 1580//547
f 1582//592 1593//592 1592//592 1581//592
f 1583//549 1594//549 1593//549 1582//549
f 1584//550 1595//550 1594//550 1583//550
f 1577//551 1588//551 3370//551 3366//551
f 1585//552 1596//552 1595//552 1584//552
f 1578//553 1589//553 1588//553 1577//553
f 1593//593 1604//593 1603//593 1592//593
f 1594//570 1605//570 1604//570 1593//570
f 1595//559 1606//559 1605//559 1594//559
f 1588//560 1599//560 3374//560 3370//560
f 1596//561 1607//561 1606//561 1595//561
f 1589//562 1600//562 1599//562 1588//562
f 1597//563 1608//563 1607//563 1596//563
f 1590//564 1601//564 1600//564 1589//564
f 1598//565 1609//565 1608//565 1597//565
f 1591//566 1602//566 1601//566 1590//566
f 1092//567 1609//567 1598//567
f 1592//568 1603//568 1602//568 1591//568
f 1606//578 1088//578 1087//578 1605//578
f 1599//579 1083//579 3385//579 3374//579
f 1607//580 1089//580 1088//580 1606//580
f 1600//581 1084//581 1083//581 1599//581
f 1608//582 1090//582 1089//582 1607//582
f 1601//571 1610//571 1084//571 1600//571
f 1609//572 1091//572 1090//572 1608//572
f 1602//573 1085//573 1610//573 1601//573
f 1092//574 1091//574 1609//574
f 1603//575 1611//575 1085//575 1602//575
f 1604//576 1086//576 1611//576 1603//576
f 1605//577 1087//577 1086//577 1604//577
f 1621//11 1632//11 1620//11
f 2140//12 1626//12 1625//12 1614//12
f 1615//13 1627//13 1626//13 2140//13
f 1616//14 1628//14 1627//14 1615//14
f 1617//15 1629//15 1628//15 1616//15
f 3488//16 1612//16 1622//16 3491//16
f 1618//17 1630//17 1629//17 1617//17
f 1613//18 1623//18 1622//18 1612//18
f 1619//7 1631//7 1630//7 1618//7
f 2139//590 1624//590 1623//590 1613//590
f 1620//9 1632//9 1631//9 1619//9
f 1614//10 1625//10 1624//10 2139//10
f 1631//22 1642//22 1641//22 1630//22
f 1624//23 1635//23 1634//23 1623//23
f 1632//24 1643//24 1642//24 1631//24
f 1625//25 1636//25 1635//25 1624//25
f 1621//26 1643//26 1632//26
f 1626//27 1637//27 1636//27 1625//27
f 1627//28 1638//28 1637//28 1626//28
f 1628//29 1639//29 1638//29 1627//29
f 1629//30 1640//30 1639//30 1628//30
f 3491//19 1622//19 1633//19 3498//19
f 1630//20 1641//20 1640//20 1629//20
f 1623//21 1634//21 1633//21 1622//21
f 1638//35 1649//35 1648//35 1637//35
f 1639//36 1650//36 1649//36 1638//36
f 1640//37 1651//37 1650//37 1639//37
f 3498//38 1633//38 1644//38 3501//38
f 1641//39 1652//39 1651//39 1640//39
f 1634//40 1645//40 1644//40 1633//40
f 1642//41 1653//41 1652//41 1641//41
f 1635//42 1646//42 1645//42 1634//42
f 1643//31 1654//31 1653//31 1642//31
f 1636//32 1647//32 1646//32 1635//32
f 1621//33 1654//33 1643//33
f 1637//34 1648//34 1647//34 1636//34
f 1651//44 1662//44 1661//44 1650//44
f 3501//45 1644//45 1655//45 3500//45
f 1652//46 1663//46 1662//46 1651//46
f 1645//47 1656//47 1655//47 1644//47
f 1653//48 1664//48 1663//48 1652//48
f 1646//49 1657//49 1656//49 1645//49
f 1654//50 1665//50 1664//50 1653//50
f 1647//51 1658//51 1657//51 1646//51
f 1621//52 1665//52 1654//52
f 1648//53 1659//53 1658//53 1647//53
f 1649//54 1660//54 1659//54 1648//54
f 1650//43 1661//43 1660//43 1649//43
f 1665//58 1676//58 1675//58 1664//58
f 1658//59 1669//59 1668//59 1657//59
f 1621//60 1676//60 1665//60
f 1659//61 1670//61 1669//61 1658//61
f 1660//62 1671//62 1670//62 1659//62
f 1661//63 1672//63 1671//63 1660//63
f 1662//64 1673//64 1672//64 1661//64
f 3500//65 1655//65 1666//65 3506//65
f 1663//66 1674//66 1673//66 1662//66
f 1656//55 1667//55 1666//55 1655//55
f 1664//56 1675//56 1674//56 1663//56
f 1657//57 1668//57 1667//57 1656//57
f 1672//70 1683//70 1682//70 1671//70
f 1673//71 1684//71 1683//71 1672//71
f 3506//72 1666//72 1677//72 3504//72
f 1674//73 1685//73 1684//73 1673//73
f 1667//74 1678//74 1677//74 1666//74
f 1675//75 1686//75 1685//75 1674//75
f 1668//76 1679//76 1678//76 1667//76
f 1676//77 1687//77 1686//77 1675//77
f 1669//78 1680//78 1679//78 1668//78
f 1621//67 1687//67 1676//67
f 1670//68 1681//68 1680//68 1669//68
f 1671//69 1682//69 1681//69 1670//69
f 1685//81 1696//81 1695//81 1684//81
f 1678//82 1689//82 1688//82 1677//82
f 1686//83 1697//83 1696//83 1685//83
f 1679//84 1690//84 1689//84 1678//84
f 1687//85 1698//85 1697//85 1686//85
f 1680//86 1691//86 1690//86 1679//86
f 1621//594 1698//594 1687//594
f 1681//88 1692//88 1691//88 1680//88
f 1682//89 1693//89 1692//89 1681//89
f 1683//90 1694//90 1693//90 1682//90
f 1684//79 1695//79 1694//79 1683//79
f 1677//80 1688//80 3508//80 3504//80
f 1621//94 1709//94 1698//94
f 1692//95 1703//95 1702//95 1691//95
f 1693//96 1704//96 1703//96 1692//96
f 1694//97 1705//97 1704//97 1693//97
f 1695//98 1706//98 1705//98 1694//98
f 1688//99 1699//99 3548//99 3508//99
f 1696//100 1707//100 1706//100 1695//100
f 1689//101 1700//101 1699//101 1688//101
f 1697//102 1708//102 1707//102 1696//102
f 1690//91 1701//91 1700//91 1689//91
f 1698//92 1709//92 1708//92 1697//92
f 1691//93 1702//93 1701//93 1690//93
f 1706//105 1717//105 1716//105 1705//105
f 1699//106 1710//106 3518//106 3548//106
f 1707//107 1718//107 1717//107 1706//107
f 1700//108 1711//108 1710//108 1699//108
f 1708//109 1719//109 1718//109 1707//109
f 1701//110 1712//110 1711//110 1700//110
f 1709//111 1720//111 1719//111 1708//111
f 1702//112 1713//112 1712//112 1701//112
f 1621//113 1720//113 1709//113
f 1703//114 1714//114 1713//114 1702//114
f 1704//103 1715//103 1714//103 1703//103
f 1705//104 1716//104 1715//104 1704//104
f 1719//118 1730//118 1729//118 1718//118
f 1712//119 1723//119 1722//119 1711//119
f 1720//120 1731//120 1730//120 1719//120
f 1713//121 1724//121 1723//121 1712//121
f 1621//122 1731//122 1720//122
f 1714//123 1725//123 1724//123 1713//123
f 1715//124 1726//124 1725//124 1714//124
f 1716//125 1727//125 1726//125 1715//125
f 1717//126 1728//126 1727//126 1716//126
f 1710//115 1721//115 3528//115 3518//115
f 1718//116 1729//116 1728//116 1717//116
f 1711//117 1722//117 1721//117 1710//117
f 1726//130 1737//130 1736//130 1725//130
f 1727//131 1738//131 1737//131 1726//131
f 1728//583 1739//583 1738//583 1727//583
f 1721//133 1732//133 3523//133 3528//133
f 1729//134 1740//134 1739//134 1728//134
f 1722//135 1733//135 1732//135 1721//135
f 1730//136 1741//136 1740//136 1729//136
f 1723//137 1734//137 1733//137 1722//137
f 1731//138 1742//138 1741//138 1730//138
f 1724//127 1735//127 1734//127 1723//127
f 1621//128 1742//128 1731//128
f 1725//129 1736//129 1735//129 1724//129
f 1732//141 1743//141 3521//141 3523//141
f 1740//142 1751//142 1750//142 1739//142
f 1733//143 1744//143 1743//143 1732//143
f 1741//144 1752//144 1751//144 1740//144
f 1734//145 1745//145 1744//145 1733//145
f 1742//146 1753//146 1752//146 1741//146
f 1735//147 1746//147 1745//147 1734//147
f 1621//148 1753//148 1742//148
f 1736//149 1747//149 1746//149 1735//149
f 1737//150 1748//150 1747//150 1736//150
f 1738//139 1749//139 1748//139 1737//139
f 1739//140 1750//140 1749//140 1738//140
f 1753//154 1764//154 1763//154 1752//154
f 1746//155 1757//155 1756//155 1745//155
f 1621//156 1764//156 1753//156
f 1747//157 1758//157 1757//157 1746//157
f 1748//158 1759//158 1758//158 1747//158
f 1749//159 1760//159 1759//159 1748//159
f 1750//160 1761//160 1760//160 1749//160
f 1743//161 1754//161 3522//161 3521//161
f 1751//162 1762//162 1761//162 1750//162
f 1744//584 1755//584 1754//584 1743//584
f 1752//152 1763//152 1762//152 1751//152
f 1745//153 1756//153 1755//153 1744//153
f 1760//165 1771//165 1770//165 1759//165
f 1761//585 1772//585 1771//585 1760//585
f 1754//167 1765//167 3527//167 3522//167
f 1762//168 1773//168 1772//168 1761//168
f 1755//169 1766//169 1765//169 1754//169
f 1763//170 1774//170 1773//170 1762//170
f 1756//171 1767//171 1766//171 1755//171
f 1764//172 1775//172 1774//172 1763//172
f 1757//173 1768//173 1767//173 1756//173
f 1621//174 1775//174 1764//174
f 1758//163 1769//163 1768//163 1757//163
f 1759//164 1770//164 1769//164 1758//164
f 1766//178 1777//178 1776//178 1765//178
f 1774//179 1785//179 1784//179 1773//179
f 1767//180 1778//180 1777//180 1766//180
f 1775//181 1786//181 1785//181 1774//181
f 1768//182 1779//182 1778//182 1767//182
f 1621//183 1786//183 1775//183
f 1769//184 1780//184 1779//184 1768//184
f 1770//185 1781//185 1780//185 1769//185
f 1771//186 1782//186 1781//186 1770//186
f 1772//175 1783//175 1782//175 1771//175
f 1765//176 1776//176 3517//176 3527//176
f 1773//177 1784//177 1783//177 1772//177
f 1621//190 1797//190 1786//190
f 1780//191 1791//191 1790//191 1779//191
f 1781//192 1792//192 1791//192 1780//192
f 1782//193 1793//193 1792//193 1781//193
f 1783//194 1794//194 1793//194 1782//194
f 1776//195 1787//195 3644//195 3517//195
f 1784//196 1795//196 1794//196 1783//196
f 1777//197 1788//197 1787//197 1776//197
f 1785//198 1796//198 1795//198 1784//198
f 1778//187 1789//187 1788//187 1777//187
f 1786//188 1797//188 1796//188 1785//188
f 1779//189 1790//189 1789//189 1778//189
f 1794//201 1805//201 1804//201 1793//201
f 1787//202 1798//202 3640//202 3644//202
f 1795//203 1806//203 1805//203 1794//203
f 1788//204 1799//204 1798//204 1787//204
f 1796//205 1807//205 1806//205 1795//205
f 1789//206 1800//206 1799//206 1788//206
f 1797//207 1808//207 1807//207 1796//207
f 1790//208 1801//208 1800//208 1789//208
f 1621//209 1808//209 1797//209
f 1791//210 1802//210 1801//210 1790//210
f 1792//199 1803//199 1802//199 1791//199
f 1793//200 1804//200 1803//200 1792//200
f 1800//214 1811//214 1810//214 1799//214
f 1808//215 1819//215 1818//215 1807//215
f 1801//216 1812//216 1811//216 1800//216
f 1621//217 1819//217 1808//217
f 1802//218 1813//218 1812//218 1801//218
f 1803//219 1814//219 1813//219 1802//219
f 1804//220 1815//220 1814//220 1803//220
f 1805//221 1816//221 1815//221 1804//221
f 1798//222 1809//222 3641//222 3640//222
f 1806//211 1817//211 1816//211 1805//211
f 1799//212 1810//212 1809//212 1798//212
f 1807//213 1818//213 1817//213 1806//213
f 1814//226 1825//226 1824//226 1813//226
f 1815//227 1826//227 1825//227 1814//227
f 1816//228 1827//228 1826//228 1815//228
f 1809//229 1820//229 3637//229 3641//229
f 1817//230 1828//230 1827//230 1816//230
f 1810//231 1821//231 1820//231 1809//231
f 1818//232 1829//232 1828//232 1817//232
f 1811//233 1822//233 1821//233 1810//233
f 1819//234 1830//234 1829//234 1818//234
f 1812//223 1823//223 1822//223 1811//223
f 1621//224 1830//224 1819//224
f 1813//225 1824//225 1823//225 1812//225
f 1820//237 1831//237 3629//237 3637//237
f 1828//238 1839//238 1838//238 1827//238
f 1821//239 1832//239 1831//239 1820//239
f 1829//240 1840//240 1839//240 1828//240
f 1822//241 1833//241 1832//241 1821//241
f 1830//242 1841//242 1840//242 1829//242
f 1823//243 1834//243 1833//243 1822//243
f 1621//244 1841//244 1830//244
f 1824//245 1835//245 1834//245 1823//245
f 1825//246 1836//246 1835//246 1824//246
f 1826//235 1837//235 1836//235 1825//235
f 1827//236 1838//236 1837//236 1826//236
f 1834//250 1845//250 1844//250 1833//250
f 1621//251 1852//251 1841//251
f 1835//252 1846//252 1845//252 1834//252
f 1836//253 1847//253 1846//253 1835//253
f 1837//254 1848//254 1847//254 1836//254
f 1838//255 1849//255 1848//255 1837//255
f 1831//256 1842//256 3634//256 3629//256
f 1839//257 1850//257 1849//257 1838//257
f 1832//258 1843//258 1842//258 1831//258
f 1840//247 1851//247 1850//247 1839//247
f 1833//248 1844//248 1843//248 1832//248
f 1841//249 1852//249 1851//249 1840//249
f 1848//261 1859//261 1858//261 1847//261
f 1849//262 1860//262 1859//262 1848//262
f 1842//263 1853//263 3628//263 3634//263
f 1850//264 1861//264 1860//264 1849//264
f 1843//265 1854//265 1853//265 1842//265
f 1851//266 1862//266 1861//266 1850//266
f 1844//267 1855//267 1854//267 1843//267
f 1852//268 1863//268 1862//268 1851//268
f 1845//269 1856//269 1855//269 1844//269
f 1621//270 1863//270 1852//270
f 1846//259 1857//259 1856//259 1845//259
f 1847//260 1858//260 1857//260 1846//260
f 1854//274 1865//274 1864//274 1853//274
f 1862//275 1873//275 1872//275 1861//275
f 1855//276 1866//276 1865//276 1854//276
f 1863//277 1874//277 1873//277 1862//277
f 1856//278 1867//278 1866//278 1855//278
f 1621//279 1874//279 1863//279
f 1857//280 1868//280 1867//280 1856//280
f 1858//281 1869//281 1868//281 1857//281
f 1859//282 1870//282 1869//282 1858//282
f 1860//271 1871//271 1870//271 1859//271
f 1853//272 1864//272 3622//272 3628//272
f 1861//273 1872//273 1871//273 1860//273
f 1868//286 1879//286 1878//286 1867//286
f 1869//287 1880//287 1879//287 1868//287
f 1870//288 1881//288 1880//288 1869//288
f 1871//289 1882//289 1881//289 1870//289
f 1864//290 1875//290 3493//290 3494//290 3622//290
f 1872//291 1883//291 1882//291 1871//291
f 1865//292 1876//292 1875//292 1864//292
f 1873//293 1884//293 1883//293 1872//293
f 1866//294 1877//294 1876//294 1865//294
f 1874//283 1885//283 1884//283 1873//283
f 1867//284 1878//284 1877//284 1866//284
f 1621//285 1885//285 1874//285
f 1882//297 1893//297 1892//297 1881//297
f 1875//298 1886//298 3486//298 3493//298
f 1883//299 1894//299 1893//299 1882//299
f 1876//300 1887//300 1886//300 1875//300
f 1884//301 1895//301 1894//301 1883//301
f 1877//302 1888//302 1887//302 1876//302
f 1885//303 1896//303 1895//303 1884//303
f 1878//304 1889//304 1888//304 1877//304
f 1621//305 1896//305 1885//305
f 1879//306 1890//306 1889//306 1878//306
f 1880//295 1891//295 1890//295 1879//295
f 1881//296 1892//296 1891//296 1880//296
f 1888//310 1899//310 1898//310 1887//310
f 1896//311 1907//311 1906//311 1895//311
f 1889//312 1900//312 1899//312 1888//312
f 1621//313 1907//313 1896//313
f 1890//314 1901//314 1900//314 1889//314
f 1891//315 1902//315 1901//315 1890//315
f 1892//316 1903//316 1902//316 1891//316
f 1893//317 1904//317 1903//317 1892//317
f 1886//318 1897//318 3483//318 3486//318
f 1894//307 1905//307 1904//307 1893//307
f 1887//308 1898//308 1897//308 1886//308
f 1895//309 1906//309 1905//309 1894//309
f 1902//321 1913//321 1912//321 1901//321
f 1903//322 1914//322 1913//322 1902//322
f 1904//323 1915//323 1914//323 1903//323
f 1897//324 1908//324 3475//324 3483//324
f 1905//325 1916//325 1915//325 1904//325
f 1898//326 1909//326 1908//326 1897//326
f 1906//327 1917//327 1916//327 1905//327
f 1899//328 1910//328 1909//328 1898//328
f 1907//329 1918//329 1917//329 1906//329
f 1900//330 1911//330 1910//330 1899//330
f 1621//319 1918//319 1907//319
f 1901//320 1912//320 1911//320 1900//320
f 1916//334 1927//334 1926//334 1915//334
f 1909//335 1920//335 1919//335 1908//335
f 1917//336 1928//336 1927//336 1916//336
f 1910//337 1921//337 1920//337 1909//337
f 1918//338 1929//338 1928//338 1917//338
f 1911//339 1922//339 1921//339 1910//339
f 1621//340 1929//340 1918//340
f 1912//341 1923//341 1922//341 1911//341
f 1913//342 1924//342 1923//342 1912//342
f 1914//331 1925//331 1924//331 1913//331
f 1915//332 1926//332 1925//332 1914//332
f 1908//333 1919//333 3470//333 3475//333
f 1922//346 1933//346 1932//346 1921//346
f 1621//347 1940//347 1929//347
f 1923//348 1934//348 1933//348 1922//348
f 1924//349 1935//349 1934//349 1923//349
f 1925//350 1936//350 1935//350 1924//350
f 1926//351 1937//351 1936//351 1925//351
f 1919//352 1930//352 3465//352 3470//352
f 1927//353 1938//353 1937//353 1926//353
f 1920//354 1931//354 1930//354 1919//354
f 1928//343 1939//343 1938//343 1927//343
f 1921//344 1932//344 1931//344 1920//344
f 1929//345 1940//345 1939//345 1928//345
f 1936//356 1947//356 1946//356 1935//356
f 1937//357 1948//357 1947//357 1936//357
f 1930//358 1941//358 3454//358 3465//358
f 1938//359 1949//359 1948//359 1937//359
f 1931//360 1942//360 1941//360 1930//360
f 1939//361 1950//361 1949//361 1938//361
f 1932//362 1943//362 1942//362 1931//362
f 1940//363 1951//363 1950//363 1939//363
f 1933//364 1944//364 1943//364 1932//364
f 1621//365 1951//365 1940//365
f 1934//366 1945//366 1944//366 1933//366
f 1935//355 1946//355 1945//355 1934//355
f 1950//371 1961//371 1960//371 1949//371
f 1943//372 1954//372 1953//372 1942//372
f 1951//373 1962//373 1961//373 1950//373
f 1944//374 1955//374 1954//374 1943//374
f 1621//375 1962//375 1951//375
f 1945//376 1956//376 1955//376 1944//376
f 1946//377 1957//377 1956//377 1945//377
f 1947//378 1958//378 1957//378 1946//378
f 1948//367 1959//367 1958//367 1947//367
f 1941//368 1952//368 3455//368 3454//368
f 1949//369 1960//369 1959//369 1948//369
f 1942//370 1953//370 1952//370 1941//370
f 1956//382 1967//382 1966//382 1955//382
f 1957//383 1968//383 1967//383 1956//383
f 1958//384 1969//384 1968//384 1957//384
f 1959//385 1970//385 1969//385 1958//385
f 1952//386 1963//386 3459//386 3455//386
f 1960//387 1971//387 1970//387 1959//387
f 1953//388 1964//388 1963//388 1952//388
f 1961//389 1972//389 1971//389 1960//389
f 1954//390 1965//390 1964//390 1953//390
f 1962//379 1973//379 1972//379 1961//379
f 1955//380 1966//380 1965//380 1954//380
f 1621//381 1973//381 1962//381
f 1970//392 1981//392 1980//392 1969//392
f 1963//586 1974//586 3450//586 3459//586
f 1971//394 1982//394 1981//394 1970//394
f 1964//395 1975//395 1974//395 1963//395
f 1972//396 1983//396 1982//396 1971//396
f 1965//397 1976//397 1975//397 1964//397
f 1973//398 1984//398 1983//398 1972//398
f 1966//399 1977//399 1976//399 1965//399
f 1621//400 1984//400 1973//400
f 1967//401 1978//401 1977//401 1966//401
f 1968//402 1979//402 1978//402 1967//402
f 1969//391 1980//391 1979//391 1968//391
f 1984//407 1995//407 1994//407 1983//407
f 1977//408 1988//408 1987//408 1976//408
f 1621//409 1995//409 1984//409
f 1978//410 1989//410 1988//410 1977//410
f 1979//411 1990//411 1989//411 1978//411
f 1980//412 1991//412 1990//412 1979//412
f 1981//413 1992//413 1991//413 1980//413
f 1974//587 1985//587 3584//587 3450//587
f 1982//403 1993//403 1992//403 1981//403
f 1975//404 1986//404 1985//404 1974//404
f 1983//405 1994//405 1993//405 1982//405
f 1976//406 1987//406 1986//406 1975//406
f 1991//420 2002//420 2001//420 1990//420
f 1992//421 2003//421 2002//421 1991//421
f 1985//422 1996//422 3439//422 3584//422
f 1993//423 2004//423 2003//423 1992//423
f 1986//424 1997//424 1996//424 1985//424
f 1994//425 2005//425 2004//425 1993//425
f 1987//426 1998//426 1997//426 1986//426
f 1995//415 2006//415 2005//415 1994//415
f 1988//416 1999//416 1998//416 1987//416
f 1621//417 2006//417 1995//417
f 1989//418 2000//418 1999//418 1988//418
f 1990//419 2001//419 2000//419 1989//419
f 2005//432 2016//432 2015//432 2004//432
f 1998//433 2009//433 2008//433 1997//433
f 2006//434 2017//434 2016//434 2005//434
f 1999//435 2010//435 2009//435 1998//435
f 1621//436 2017//436 2006//436
f 2000//437 2011//437 2010//437 1999//437
f 2001//438 2012//438 2011//438 2000//438
f 2002//427 2013//427 2012//427 2001//427
f 2003//428 2014//428 2013//428 2002//428
f 1996//429 2007//429 3434//429 3439//429
f 2004//430 2015//430 2014//430 2003//430
f 1997//431 2008//431 2007//431 1996//431
f 2012//446 2023//446 2022//446 2011//446
f 2013//447 2024//447 2023//447 2012//447
f 2014//448 2025//448 2024//448 2013//448
f 3434//449 2007//449 2018//449 3440//449
f 2015//450 2026//450 2025//450 2014//450
f 2008//588 2019//588 2018//588 2007//588
f 2016//440 2027//440 2026//440 2015//440
f 2009//441 2020//441 2019//441 2008//441
f 2017//442 2028//442 2027//442 2016//442
f 2010//443 2021//443 2020//443 2009//443
f 1621//444 2028//444 2017//444
f 2011//445 2022//445 2021//445 2010//445
f 2025//455 2036//455 2035//455 2024//455
f 3440//456 2018//456 2029//456 3585//456
f 2026//457 2037//457 2036//457 2025//457
f 2019//458 2030//458 2029//458 2018//458
f 2027//459 2038//459 2037//459 2026//459
f 2020//460 2031//460 2030//460 2019//460
f 2028//461 2039//461 2038//461 2027//461
f 2021//462 2032//462 2031//462 2020//462
f 1621//451 2039//451 2028//451
f 2022//452 2033//452 2032//452 2021//452
f 2023//453 2034//453 2033//453 2022//453
f 2024//454 2035//454 2034//454 2023//454
f 2039//469 2050//469 2049//469 2038//469
f 2032//470 2043//470 2042//470 2031//470
f 1621//471 2050//471 2039//471
f 2033//472 2044//472 2043//472 2032//472
f 2034//473 2045//473 2044//473 2033//473
f 2035//474 2046//474 2045//474 2034//474
f 2036//463 2047//463 2046//463 2035//463
f 3585//464 2029//464 2040//464 3451//464
f 2037//465 2048//465 2047//465 2036//465
f 2030//466 2041//466 2040//466 2029//466
f 2038//467 2049//467 2048//467 2037//467
f 2031//468 2042//468 2041//468 2030//468
f 2046//481 2057//481 2056//481 2045//481
f 2047//482 2058//482 2057//482 2046//482
f 3451//483 2040//483 2051//483 3460//483
f 2048//484 2059//484 2058//484 2047//484
f 2041//485 2052//485 2051//485 2040//485
f 2049//486 2060//486 2059//486 2048//486
f 2042//475 2053//475 2052//475 2041//475
f 2050//476 2061//476 2060//476 2049//476
f 2043//477 2054//477 2053//477 2042//477
f 1621//478 2061//478 2050//478
f 2044//479 2055//479 2054//479 2043//479
f 2045//480 2056//480 2055//480 2044//480
f 2059//491 2070//491 2069//491 2058//491
f 2052//492 2063//492 2062//492 2051//492
f 2060//493 2071//493 2070//493 2059//493
f 2053//494 2064//494 2063//494 2052//494
f 2061//495 2072//495 2071//495 2060//495
f 2054//496 2065//496 2064//496 2053//496
f 1621//497 2072//497 2061//497
f 2055//498 2066//498 2065//498 2054//498
f 2056//487 2067//487 2066//487 2055//487
f 2057//488 2068//488 2067//488 2056//488
f 2058//489 2069//489 2068//489 2057//489
f 3460//490 2051//490 2062//490 3457//490
f 1621//506 2083//506 2072//506
f 2066//507 2077//507 2076//507 2065//507
f 2067//508 2078//508 2077//508 2066//508
f 2068//509 2079//509 2078//509 2067//509
f 2069//510 2080//510 2079//510 2068//510
f 3457//499 2062//499 2073//499 3464//499
f 2070//500 2081//500 2080//500 2069//500
f 2063//501 2074//501 2073//501 2062//501
f 2071//502 2082//502 2081//502 2070//502
f 2064//503 2075//503 2074//503 2063//503
f 2072//504 2083//504 2082//504 2071//504
f 2065//505 2076//505 2075//505 2064//505
f 2080//516 2091//516 2090//516 2079//516
f 2073//517 2084//517 3468//517 3464//517
f 2081//518 2092//518 2091//518 2080//518
f 2074//519 2085//519 2084//519 2073//519
f 2082//520 2093//520 2092//520 2081//520
f 2075//521 2086//521 2085//521 2074//521
f 2083//522 2094//522 2093//522 2082//522
f 2076//511 2087//511 2086//511 2075//511
f 1621//512 2094//512 2083//512
f 2077//589 2088//589 2087//589 2076//589
f 2078//514 2089//514 2088//514 2077//514
f 2079//515 2090//515 2089//515 2078//515
f 2093//528 2104//528 2103//528 2092//528
f 2086//529 2097//529 2096//529 2085//529
f 2094//530 2105//530 2104//530 2093//530
f 2087//531 2098//531 2097//531 2086//531
f 1621//532 2105//532 2094//532
f 2088//533 2099//533 2098//533 2087//533
f 2089//534 2100//534 2099//534 2088//534
f 2090//523 2101//523 2100//523 2089//523
f 2091//524 2102//524 2101//524 2090//524
f 2084//525 2095//525 3473//525 3468//525
f 2092//526 2103//526 2102//526 2091//526
f 2085//527 2096//527 2095//527 2084//527
f 2100//542 2111//542 2110//542 2099//542
f 2101//543 2112//543 2111//543 2100//543
f 2102//544 2113//544 2112//544 2101//544
f 2095//545 2106//545 3476//545 3473//545
f 2103//546 2114//546 2113//546 2102//546
f 2096//535 2107//535 2106//535 2095//535
f 2104//536 2115//536 2114//536 2103//536
f 2097//537 2108//537 2107//537 2096//537
f 2105//538 2116//538 2115//538 2104//538
f 2098//539 2109//539 2108//539 2097//539
f 1621//540 2116//540 2105//540
f 2099//541 2110//541 2109//541 2098//541
f 2106//551 2117//551 3481//551 3476//551
f 2114//552 2125//552 2124//552 2113//552
f 2107//553 2118//553 2117//553 2106//553
f 2115//554 2126//554 2125//554 2114//554
f 2108//555 2119//555 2118//555 2107//555
f 2116//556 2127//556 2126//556 2115//556
f 2109//557 2120//557 2119//557 2108//557
f 1621//558 2127//558 2116//558
f 2110//547 2121//547 2120//547 2109//547
f 2111//592 2122//592 2121//592 2110//592
f 2112//549 2123//549 2122//549 2111//549
f 2113//550 2124//550 2123//550 2112//550
f 2127//565 2138//565 2137//565 2126//565
f 2120//566 2131//566 2130//566 2119//566
f 1621//567 2138//567 2127//567
f 2121//568 2132//568 2131//568 2120//568
f 2122//569 2133//569 2132//569 2121//569
f 2123//570 2134//570 2133//570 2122//570
f 2124//559 2135//559 2134//559 2123//559
f 2117//560 2128//560 3484//560 3481//560
f 2125//561 2136//561 2135//561 2124//561
f 2118//562 2129//562 2128//562 2117//562
f 2126//563 2137//563 2136//563 2125//563
f 2119//564 2130//564 2129//564 2118//564
f 2134//577 1616//577 1615//577 2133//577
f 2135//578 1617//578 1616//578 2134//578
f 2128//579 1612//579 3488//579 3484//579
f 2136//580 1618//580 1617//580 2135//580
f 2129//581 1613//581 1612//581 2128//581
f 2137//582 1619//582 1618//582 2136//582
f 2130//571 2139//571 1613//571 2129//571
f 2138//572 1620//572 1619//572 2137//572
f 2131//573 1614//573 2139//573 2130//573
f 1621//574 1620//574 2138//574
f 2132//575 2140//575 1614//575 2131//575
f 2133//576 1615//576 2140//576 2132//576
f 2148//7 2160//7 2159//7 2147//7
f 2668//590 2153//590 2152//590 2142//590
f 2149//9 2161//9 2160//9 2148//9
f 2143//10 2154//10 2153//10 2668//10
f 2150//11 2161//11 2149//11
f 2669//12 2155//12 2154//12 2143//12
f 2144//13 2156//13 2155//13 2669//13
f 2145//14 2157//14 2156//14 2144//14
f 2146//15 2158//15 2157//15 2145//15
f 3383//16 2141//16 2151//16 3387//16
f 2147//17 2159//17 2158//17 2146//17
f 2142//18 2152//18 2151//18 2141//18
f 3387//19 2151//19 2162//19 3390//19
f 2159//20 2170//20 2169//20 2158//20
f 2152//21 2163//21 2162//21 2151//21
f 2160//22 2171//22 2170//22 2159//22
f 2153//23 2164//23 2163//23 2152//23
f 2161//24 2172//24 2171//24 2160//24
f 2154//25 2165//25 2164//25 2153//25
f 2150//26 2172//26 2161//26
f 2155//27 2166//27 2165//27 2154//27
f 2156//28 2167//28 2166//28 2155//28
f 2157//29 2168//29 2167//29 2156//29
f 2158//30 2169//30 2168//30 2157//30
f 2172//31 2183//31 2182//31 2171//31
f 2165//32 2176//32 2175//32 2164//32
f 2150//33 2183//33 2172//33
f 2166//34 2177//34 2176//34 2165//34
f 2167//35 2178//35 2177//35 2166//35
f 2168//36 2179//36 2178//36 2167//36
f 2169//37 2180//37 2179//37 2168//37
f 3390//38 2162//38 2173//38 3394//38
f 2170//39 2181//39 2180//39 2169//39
f 2163//40 2174//40 2173//40 2162//40
f 2171//41 2182//41 2181//41 2170//41
f 2164//42 2175//42 2174//42 2163//42
f 2179//43 2190//43 2189//43 2178//43
f 2180//44 2191//44 2190//44 2179//44
f 3394//45 2173//45 2184//45 3398//45
f 2181//46 2192//46 2191//46 2180//46
f 2174//47 2185//47 2184//47 2173//47
f 2182//48 2193//48 2192//48 2181//48
f 2175//49 2186//49 2185//49 2174//49
f 2183//50 2194//50 2193//50 2182//50
f 2176//51 2187//51 2186//51 2175//51
f 2150//52 2194//52 2183//52
f 2177//53 2188//53 2187//53 2176//53
f 2178//54 2189//54 2188//54 2177//54
f 2185//55 2196//55 2195//55 2184//55
f 2193//56 2204//56 2203//56 2192//56
f 2186//57 2197//57 2196//57 2185//57
f 2194//58 2205//58 2204//58 2193//58
f 2187//59 2198//59 2197//59 2186//59
f 2150//60 2205//60 2194//60
f 2188//61 2199//61 2198//61 2187//61
f 2189//62 2200//62 2199//62 2188//62
f 2190//63 2201//63 2200//63 2189//63
f 2191//64 2202//64 2201//64 2190//64
f 3398//65 2184//65 2195//65 3406//65
f 2192//66 2203//66 2202//66 2191//66
f 2150//67 2216//67 2205//67
f 2199//68 2210//68 2209//68 2198//68
f 2200//69 2211//69 2210//69 2199//69
f 2201//70 2212//70 2211//70 2200//70
f 2202//71 2213//71 2212//71 2201//71
f 3406//72 2195//72 2206//72 3410//72
f 2203//73 2214//73 2213//73 2202//73
f 2196//74 2207//74 2206//74 2195//74
f 2204//75 2215//75 2214//75 2203//75
f 2197//76 2208//76 2207//76 2196//76
f 2205//77 2216//77 2215//77 2204//77
f 2198//78 2209//78 2208//78 2197//78
f 2213//79 2224//79 2223//79 2212//79
f 2206//80 2217//80 3416//80 3410//80
f 2214//81 2225//81 2224//81 2213//81
f 2207//82 2218//82 2217//82 2206//82
f 2215//83 2226//83 2225//83 2214//83
f 2208//84 2219//84 2218//84 2207//84
f 2216//85 2227//85 2226//85 2215//85
f 2209//86 2220//86 2219//86 2208//86
f 2150//87 2227//87 2216//87
f 2210//88 2221//88 2220//88 2209//88
f 2211//89 2222//89 2221//89 2210//89
f 2212//90 2223//90 2222//90 2211//90
f 2219//91 2230//91 2229//91 2218//91
f 2227//92 2238//92 2237//92 2226//92
f 2220//93 2231//93 2230//93 2219//93
f 2150//94 2238//94 2227//94
f 2221//95 2232//95 2231//95 2220//95
f 2222//96 2233//96 2232//96 2221//96
f 2223//97 2234//97 2233//97 2222//97
f 2224//98 2235//98 2234//98 2223//98
f 2217//99 2228//99 3425//99 3416//99
f 2225//100 2236//100 2235//100 2224//100
f 2218//101 2229//101 2228//101 2217//101
f 2226//102 2237//102 2236//102 2225//102
f 2233//103 2244//103 2243//103 2232//103
f 2234//104 2245//104 2244//104 2233//104
f 2235//105 2246//105 2245//105 2234//105
f 2228//106 2239//106 3420//106 3425//106
f 2236//107 2247//107 2246//107 2235//107
f 2229//108 2240//108 2239//108 2228//108
f 2237//109 2248//109 2247//109 2236//109
f 2230//110 2241//110 2240//110 2229//110
f 2238//111 2249//111 2248//111 2237//111
f 2231//112 2242//112 2241//112 2230//112
f 2150//113 2249//113 2238//113
f 2232//114 2243//114 2242//114 2231//114
f 2239//115 2250//115 3445//115 3420//115
f 2247//116 2258//116 2257//116 2246//116
f 2240//117 2251//117 2250//117 2239//117
f 2248//118 2259//118 2258//118 2247//118
f 2241//119 2252//119 2251//119 2240//119
f 2249//120 2260//120 2259//120 2248//120
f 2242//121 2253//121 2252//121 2241//121
f 2150//122 2260//122 2249//122
f 2243//123 2254//123 2253//123 2242//123
f 2244//124 2255//124 2254//124 2243//124
f 2245//125 2256//125 2255//125 2244//125
f 2246//126 2257//126 2256//126 2245//126
f 2253//127 2264//127 2263//127 2252//127
f 2150//128 2271//128 2260//128
f 2254//129 2265//129 2264//129 2253//129
f 2255//130 2266//130 2265//130 2254//130
f 2256//131 2267//131 2266//131 2255//131
f 2257//132 2268//132 2267//132 2256//132
f 2250//133 2261//133 3430//133 3445//133
f 2258//134 2269//134 2268//134 2257//134
f 2251//135 2262//135 2261//135 2250//135
f 2259//136 2270//136 2269//136 2258//136
f 2252//137 2263//137 2262//137 2251//137
f 2260//138 2271//138 2270//138 2259//138
f 2267//139 2278//139 2277//139 2266//139
f 2268//140 2279//140 2278//140 2267//140
f 2261//141 2272//141 3600//141 3430//141
f 2269//142 2280//142 2279//142 2268//142
f 2262//143 2273//143 2272//143 2261//143
f 2270//144 2281//144 2280//144 2269//144
f 2263//145 2274//145 2273//145 2262//145
f 2271//146 2282//146 2281//146 2270//146
f 2264//147 2275//147 2274//147 2263//147
f 2150//148 2282//148 2271//148
f 2265//149 2276//149 2275//149 2264//149
f 2266//150 2277//150 2276//150 2265//150
f 2273//151 2284//151 2283//151 2272//151
f 2281//152 2292//152 2291//152 2280//152
f 2274//153 2285//153 2284//153 2273//153
f 2282//154 2293//154 2292//154 2281//154
f 2275//155 2286//155 2285//155 2274//155
f 2150//156 2293//156 2282//156
f 2276//157 2287//157 2286//157 2275//157
f 2277//158 2288//158 2287//158 2276//158
f 2278//159 2289//159 2288//159 2277//159
f 2279//160 2290//160 2289//160 2278//160
f 2272//161 2283//161 3602//161 3600//161
f 2280//162 2291//162 2290//162 2279//162
f 2287//163 2298//163 2297//163 2286//163
f 2288//164 2299//164 2298//164 2287//164
f 2289//165 2300//165 2299//165 2288//165
f 2290//166 2301//166 2300//166 2289//166
f 2283//167 2294//167 3599//167 3602//167
f 2291//168 2302//168 2301//168 2290//168
f 2284//169 2295//169 2294//169 2283//169
f 2292//170 2303//170 2302//170 2291//170
f 2285//171 2296//171 2295//171 2284//171
f 2293//172 2304//172 2303//172 2292//172
f 2286//173 2297//173 2296//173 2285//173
f 2150//174 2304//174 2293//174
f 2301//175 2312//175 2311//175 2300//175
f 2294//176 2305//176 3603//176 3599//176
f 2302//177 2313//177 2312//177 2301//177
f 2295//178 2306//178 2305//178 2294//178
f 2303//179 2314//179 2313//179 2302//179
f 2296//180 2307//180 2306//180 2295//180
f 2304//181 2315//181 2314//181 2303//181
f 2297//182 2308//182 2307//182 2296//182
f 2150//183 2315//183 2304//183
f 2298//184 2309//184 2308//184 2297//184
f 2299//185 2310//185 2309//185 2298//185
f 2300//186 2311//186 2310//186 2299//186
f 2307//187 2318//187 2317//187 2306//187
f 2315//188 2326//188 2325//188 2314//188
f 2308//189 2319//189 2318//189 2307//189
f 2150//190 2326//190 2315//190
f 2309//191 2320//191 2319//191 2308//191
f 2310//192 2321//192 2320//192 2309//192
f 2311//193 2322//193 2321//193 2310//193
f 2312//194 2323//194 2322//194 2311//194
f 2305//195 2316//195 3596//195 3603//195
f 2313//196 2324//196 2323//196 2312//196
f 2306//197 2317//197 2316//197 2305//197
f 2314//198 2325//198 2324//198 2313//198
f 2321//199 2332//199 2331//199 2320//199
f 2322//200 2333//200 2332//200 2321//200
f 2323//201 2334//201 2333//201 2322//201
f 2316//202 2327//202 3597//202 3596//202
f 2324//203 2335//203 2334//203 2323//203
f 2317//204 2328//204 2327//204 2316//204
f 2325//205 2336//205 2335//205 2324//205
f 2318//206 2329//206 2328//206 2317//206
f 2326//207 2337//207 2336//207 2325//207
f 2319//208 2330//208 2329//208 2318//208
f 2150//209 2337//209 2326//209
f 2320//210 2331//210 2330//210 2319//210
f 2335//211 2346//211 2345//211 2334//211
f 2328//212 2339//212 2338//212 2327//212
f 2336//213 2347//213 2346//213 2335//213
f 2329//214 2340//214 2339//214 2328//214
f 2337//215 2348//215 2347//215 2336//215
f 2330//216 2341//216 2340//216 2329//216
f 2150//217 2348//217 2337//217
f 2331//218 2342//218 2341//218 2330//218
f 2332//219 2343//219 2342//219 2331//219
f 2333//220 2344//220 2343//220 2332//220
f 2334//221 2345//221 2344//221 2333//221
f 2327//222 2338//222 3598//222 3597//222
f 2341//223 2352//223 2351//223 2340//223
f 2150//224 2359//224 2348//224
f 2342//225 2353//225 2352//225 2341//225
f 2343//226 2354//226 2353//226 2342//226
f 2344//227 2355//227 2354//227 2343//227
f 2345//228 2356//228 2355//228 2344//228
f 2338//229 2349//229 3595//229 3598//229
f 2346//230 2357//230 2356//230 2345//230
f 2339//231 2350//231 2349//231 2338//231
f 2347//232 2358//232 2357//232 2346//232
f 2340//233 2351//233 2350//233 2339//233
f 2348//234 2359//234 2358//234 2347//234
f 2355//235 2366//235 2365//235 2354//235
f 2356//236 2367//236 2366//236 2355//236
f 2349//237 2360//237 3604//237 3595//237
f 2357//238 2368//238 2367//238 2356//238
f 2350//239 2361//239 2360//239 2349//239
f 2358//240 2369//240 2368//240 2357//240
f 2351//241 2362//241 2361//241 2350//241
f 2359//242 2370//242 2369//242 2358//242
f 2352//243 2363//243 2362//243 2351//243
f 2150//244 2370//244 2359//244
f 2353//245 2364//245 2363//245 2352//245
f 2354//246 2365//246 2364//246 2353//246
f 2369//247 2380//247 2379//247 2368//247
f 2362//248 2373//248 2372//248 2361//248
f 2370//249 2381//249 2380//249 2369//249
f 2363//250 2374//250 2373//250 2362//250
f 2150//251 2381//251 2370//251
f 2364//252 2375//252 2374//252 2363//252
f 2365//253 2376//253 2375//253 2364//253
f 2366//254 2377//254 2376//254 2365//254
f 2367//255 2378//255 2377//255 2366//255
f 2360//256 2371//256 3592//256 3604//256
f 2368//257 2379//257 2378//257 2367//257
f 2361//258 2372//258 2371//258 2360//258
f 2375//259 2386//259 2385//259 2374//259
f 2376//260 2387//260 2386//260 2375//260
f 2377//261 2388//261 2387//261 2376//261
f 2378//262 2389//262 2388//262 2377//262
f 2371//263 2382//263 3593//263 3592//263
f 2379//264 2390//264 2389//264 2378//264
f 2372//265 2383//265 2382//265 2371//265
f 2380//266 2391//266 2390//266 2379//266
f 2373//267 2384//267 2383//267 2372//267
f 2381//268 2392//268 2391//268 2380//268
f 2374//269 2385//269 2384//269 2373//269
f 2150//270 2392//270 2381//270
f 2389//271 2400//271 2399//271 2388//271
f 2382//272 2393//272 3591//272 3593//272
f 2390//273 2401//273 2400//273 2389//273
f 2383//274 2394//274 2393//274 2382//274
f 2391//275 2402//275 2401//275 2390//275
f 2384//276 2395//276 2394//276 2383//276
f 2392//277 2403//277 2402//277 2391//277
f 2385//278 2396//278 2395//278 2384//278
f 2150//279 2403//279 2392//279
f 2386//280 2397//280 2396//280 2385//280
f 2387//281 2398//281 2397//281 2386//281
f 2388//282 2399//282 2398//282 2387//282
f 2403//283 2414//283 2413//283 2402//283
f 2396//284 2407//284 2406//284 2395//284
f 2150//285 2414//285 2403//285
f 2397//286 2408//286 2407//286 2396//286
f 2398//287 2409//287 2408//287 2397//287
f 2399//288 2410//288 2409//288 2398//288
f 2400//289 2411//289 2410//289 2399//289
f 2393//290 2404//290 3594//290 3591//290
f 2401//291 2412//291 2411//291 2400//291
f 2394//292 2405//292 2404//292 2393//292
f 2402//293 2413//293 2412//293 2401//293
f 2395//294 2406//294 2405//294 2394//294
f 2409//295 2420//295 2419//295 2408//295
f 2410//296 2421//296 2420//296 2409//296
f 2411//297 2422//297 2421//297 2410//297
f 2404//298 2415//298 3589//298 3594//298
f 2412//299 2423//299 2422//299 2411//299
f 2405//300 2416//300 2415//300 2404//300
f 2413//301 2424//301 2423//301 2412//301
f 2406//302 2417//302 2416//302 2405//302
f 2414//303 2425//303 2424//303 2413//303
f 2407//304 2418//304 2417//304 2406//304
f 2150//305 2425//305 2414//305
f 2408//306 2419//306 2418//306 2407//306
f 2423//307 2434//307 2433//307 2422//307
f 2416//308 2427//308 2426//308 2415//308
f 2424//309 2435//309 2434//309 2423//309
f 2417//310 2428//310 2427//310 2416//310
f 2425//311 2436//311 2435//311 2424//311
f 2418//312 2429//312 2428//312 2417//312
f 2150//313 2436//313 2425//313
f 2419//314 2430//314 2429//314 2418//314
f 2420//315 2431//315 2430//315 2419//315
f 2421//316 2432//316 2431//316 2420//316
f 2422//317 2433//317 2432//317 2421//317
f 2415//318 2426//318 3590//318 3589//318
f 2150//319 2447//319 2436//319
f 2430//320 2441//320 2440//320 2429//320
f 2431//321 2442//321 2441//321 2430//321
f 2432//322 2443//322 2442//322 2431//322
f 2433//323 2444//323 2443//323 2432//323
f 2426//324 2437//324 3588//324 3590//324
f 2434//325 2445//325 2444//325 2433//325
f 2427//326 2438//326 2437//326 2426//326
f 2435//327 2446//327 2445//327 2434//327
f 2428//328 2439//328 2438//328 2427//328
f 2436//329 2447//329 2446//329 2435//329
f 2429//330 2440//330 2439//330 2428//330
f 2443//331 2454//331 2453//331 2442//331
f 2444//332 2455//332 2454//332 2443//332
f 2437//333 2448//333 3379//333 3588//333
f 2445//334 2456//334 2455//334 2444//334
f 2438//335 2449//335 2448//335 2437//335
f 2446//336 2457//336 2456//336 2445//336
f 2439//337 2450//337 2449//337 2438//337
f 2447//338 2458//338 2457//338 2446//338
f 2440//339 2451//339 2450//339 2439//339
f 2150//340 2458//340 2447//340
f 2441//341 2452//341 2451//341 2440//341
f 2442//342 2453//342 2452//342 2441//342
f 2457//343 2468//343 2467//343 2456//343
f 2450//344 2461//344 2460//344 2449//344
f 2458//345 2469//345 2468//345 2457//345
f 2451//346 2462//346 2461//346 2450//346
f 2150//347 2469//347 2458//347
f 2452//348 2463//348 2462//348 2451//348
f 2453//349 2464//349 2463//349 2452//349
f 2454//350 2465//350 2464//350 2453//350
f 2455//351 2466//351 2465//351 2454//351
f 2448//352 2459//352 3359//352 3379//352
f 2456//353 2467//353 2466//353 2455//353
f 2449//354 2460//354 2459//354 2448//354
f 2464//355 2475//355 2474//355 2463//355
f 2465//356 2476//356 2475//356 2464//356
f 2466//357 2477//357 2476//357 2465//357
f 2459//358 2470//358 3352//358 3359//358
f 2467//359 2478//359 2477//359 2466//359
f 2460//360 2471//360 2470//360 2459//360
f 2468//361 2479//361 2478//361 2467//361
f 2461//362 2472//362 2471//362 2460//362
f 2469//363 2480//363 2479//363 2468//363
f 2462//364 2473//364 2472//364 2461//364
f 2150//365 2480//365 2469//365
f 2463//366 2474//366 2473//366 2462//366
f 2477//367 2488//367 2487//367 2476//367
f 2470//368 2481//368 3345//368 3352//368
f 2478//369 2489//369 2488//369 2477//369
f 2471//370 2482//370 2481//370 2470//370
f 2479//371 2490//371 2489//371 2478//371
f 2472//372 2483//372 2482//372 2471//372
f 2480//373 2491//373 2490//373 2479//373
f 2473//374 2484//374 2483//374 2472//374
f 2150//375 2491//375 2480//375
f 2474//376 2485//376 2484//376 2473//376
f 2475//377 2486//377 2485//377 2474//377
f 2476//378 2487//378 2486//378 2475//378
f 2491//379 2502//379 2501//379 2490//379
f 2484//380 2495//380 2494//380 2483//380
f 2150//381 2502//381 2491//381
f 2485//382 2496//382 2495//382 2484//382
f 2486//383 2497//383 2496//383 2485//383
f 2487//384 2498//384 2497//384 2486//384
f 2488//385 2499//385 2498//385 2487//385
f 2481//386 2492//386 3343//386 3345//386
f 2489//387 2500//387 2499//387 2488//387
f 2482//388 2493//388 2492//388 2481//388
f 2490//389 2501//389 2500//389 2489//389
f 2483//390 2494//390 2493//390 2482//390
f 2498//391 2509//391 2508//391 2497//391
f 2499//392 2510//392 2509//392 2498//392
f 2492//586 2503//586 3346//586 3343//586
f 2500//394 2511//394 2510//394 2499//394
f 2493//395 2504//395 2503//395 2492//395
f 2501//396 2512//396 2511//396 2500//396
f 2494//397 2505//397 2504//397 2493//397
f 2502//398 2513//398 2512//398 2501//398
f 2495//399 2506//399 2505//399 2494//399
f 2150//400 2513//400 2502//400
f 2496//401 2507//401 2506//401 2495//401
f 2497//402 2508//402 2507//402 2496//402
f 2511//403 2522//403 2521//403 2510//403
f 2504//404 2515//404 2514//404 2503//404
f 2512//405 2523//405 2522//405 2511//405
f 2505//406 2516//406 2515//406 2504//406
f 2513//407 2524//407 2523//407 2512//407
f 2506//408 2517//408 2516//408 2505//408
f 2150//409 2524//409 2513//409
f 2507//410 2518//410 2517//410 2506//410
f 2508//411 2519//411 2518//411 2507//411
f 2509//412 2520//412 2519//412 2508//412
f 2510//413 2521//413 2520//413 2509//413
f 2503//414 2514//414 3326//414 3346//414
f 2519//419 2530//419 2529//419 2518//419
f 2520//420 2531//420 2530//420 2519//420
f 2521//421 2532//421 2531//421 2520//421
f 2514//422 2525//422 3318//422 3326//422
f 2522//423 2533//423 2532//423 2521//423
f 2515//424 2526//424 2525//424 2514//424
f 2523//425 2534//425 2533//425 2522//425
f 2516//426 2527//426 2526//426 2515//426
f 2524//415 2535//415 2534//415 2523//415
f 2517//416 2528//416 2527//416 2516//416
f 2150//417 2535//417 2524//417
f 2518//595 2529//595 2528//595 2517//595
f 2533//430 2544//430 2543//430 2532//430
f 2526//431 2537//431 2536//431 2525//431
f 2534//432 2545//432 2544//432 2533//432
f 2527//433 2538//433 2537//433 2526//433
f 2535//434 2546//434 2545//434 2534//434
f 2528//435 2539//435 2538//435 2527//435
f 2150//436 2546//436 2535//436
f 2529//437 2540//437 2539//437 2528//437
f 2530//438 2541//438 2540//438 2529//438
f 2531//427 2542//427 2541//427 2530//427
f 2532//428 2543//428 2542//428 2531//428
f 2525//429 2536//429 3316//429 3318//429
f 2150//444 2557//444 2546//444
f 2540//445 2551//445 2550//445 2539//445
f 2541//446 2552//446 2551//446 2540//446
f 2542//447 2553//447 2552//447 2541//447
f 2543//448 2554//448 2553//448 2542//448
f 3316//449 2536//449 2547//449 3319//449
f 2544//450 2555//450 2554//450 2543//450
f 2537//439 2548//439 2547//439 2536//439
f 2545//440 2556//440 2555//440 2544//440
f 2538//441 2549//441 2548//441 2537//441
f 2546//442 2557//442 2556//442 2545//442
f 2539//443 2550//443 2549//443 2538//443
f 2553//454 2564//454 2563//454 2552//454
f 2554//455 2565//455 2564//455 2553//455
f 3319//456 2547//456 2558//456 3327//456
f 2555//457 2566//457 2565//457 2554//457
f 2548//458 2559//458 2558//458 2547//458
f 2556//459 2567//459 2566//459 2555//459
f 2549//460 2560//460 2559//460 2548//460
f 2557//461 2568//461 2567//461 2556//461
f 2550//462 2561//462 2560//462 2549//462
f 2150//451 2568//451 2557//451
f 2551//452 2562//452 2561//452 2550//452
f 2552//453 2563//453 2562//453 2551//453
f 2567//467 2578//467 2577//467 2566//467
f 2560//468 2571//468 2570//468 2559//468
f 2568//469 2579//469 2578//469 2567//469
f 2561//470 2572//470 2571//470 2560//470
f 2150//471 2579//471 2568//471
f 2562//472 2573//472 2572//472 2561//472
f 2563//473 2574//473 2573//473 2562//473
f 2564//474 2575//474 2574//474 2563//474
f 2565//463 2576//463 2575//463 2564//463
f 3327//464 2558//464 2569//464 3330//464
f 2566//465 2577//465 2576//465 2565//465
f 2559//466 2570//466 2569//466 2558//466
f 2574//480 2585//480 2584//480 2573//480
f 2575//481 2586//481 2585//481 2574//481
f 2576//482 2587//482 2586//482 2575//482
f 3330//483 2569//483 2580//483 3334//483
f 2577//484 2588//484 2587//484 2576//484
f 2570//485 2581//485 2580//485 2569//485
f 2578//486 2589//486 2588//486 2577//486
f 2571//475 2582//475 2581//475 2570//475
f 2579//476 2590//476 2589//476 2578//476
f 2572//477 2583//477 2582//477 2571//477
f 2150//478 2590//478 2579//478
f 2573//479 2584//479 2583//479 2572//479
f 2587//489 2598//489 2597//489 2586//489
f 3334//490 2580//490 2591//490 3339//490
f 2588//491 2599//491 2598//491 2587//491
f 2581//492 2592//492 2591//492 2580//492
f 2589//493 2600//493 2599//493 2588//493
f 2582//494 2593//494 2592//494 2581//494
f 2590//495 2601//495 2600//495 2589//495
f 2583//496 2594//496 2593//496 2582//496
f 2150//497 2601//497 2590//497
f 2584//498 2595//498 2594//498 2583//498
f 2585//487 2596//487 2595//487 2584//487
f 2586//488 2597//488 2596//488 2585//488
f 2601//504 2612//504 2611//504 2600//504
f 2594//505 2605//505 2604//505 2593//505
f 2150//506 2612//506 2601//506
f 2595//507 2606//507 2605//507 2594//507
f 2596//596 2607//596 2606//596 2595//596
f 2597//509 2608//509 2607//509 2596//509
f 2598//510 2609//510 2608//510 2597//510
f 3339//499 2591//499 2602//499 3348//499
f 2599//500 2610//500 2609//500 2598//500
f 2592//501 2603//501 2602//501 2591//501
f 2600//502 2611//502 2610//502 2599//502
f 2593//503 2604//503 2603//503 2592//503
f 2608//515 2619//515 2618//515 2607//515
f 2609//516 2620//516 2619//516 2608//516
f 2602//517 2613//517 3360//517 3348//517
f 2610//518 2621//518 2620//518 2609//518
f 2603//519 2614//519 2613//519 2602//519
f 2611//520 2622//520 2621//520 2610//520
f 2604//521 2615//521 2614//521 2603//521
f 2612//522 2623//522 2622//522 2611//522
f 2605//511 2616//511 2615//511 2604//511
f 2150//512 2623//512 2612//512
f 2606//513 2617//513 2616//513 2605//513
f 2607//514 2618//514 2617//514 2606//514
f 2621//526 2632//526 2631//526 2620//526
f 2614//527 2625//527 2624//527 2613//527
f 2622//528 2633//528 2632//528 2621//528
f 2615//529 2626//529 2625//529 2614//529
f 2623//530 2634//530 2633//530 2622//530
f 2616//531 2627//531 2626//531 2615//531
f 2150//532 2634//532 2623//532
f 2617//533 2628//533 2627//533 2616//533
f 2618//597 2629//597 2628//597 2617//597
f 2619//523 2630//523 2629//523 2618//523
f 2620//524 2631//524 2630//524 2619//524
f 2613//525 2624//525 3356//525 3360//525
f 2150//540 2645//540 2634//540
f 2628//541 2639//541 2638//541 2627//541
f 2629//542 2640//542 2639//542 2628//542
f 2630//543 2641//543 2640//543 2629//543
f 2631//544 2642//544 2641//544 2630//544
f 2624//545 2635//545 3365//545 3356//545
f 2632//546 2643//546 2642//546 2631//546
f 2625//535 2636//535 2635//535 2624//535
f 2633//536 2644//536 2643//536 2632//536
f 2626//537 2637//537 2636//537 2625//537
f 2634//538 2645//538 2644//538 2633//538
f 2627//539 2638//539 2637//539 2626//539
f 2642//550 2653//550 2652//550 2641//550
f 2635//551 2646//551 3376//551 3365//551
f 2643//552 2654//552 2653//552 2642//552
f 2636//553 2647//553 2646//553 2635//553
f 2644//554 2655//554 2654//554 2643//554
f 2637//555 2648//555 2647//555 2636//555
f 2645//556 2656//556 2655//556 2644//556
f 2638//557 2649//557 2648//557 2637//557
f 2150//558 2656//558 2645//558
f 2639//547 2650//547 2649//547 2638//547
f 2640//592 2651//592 2650//592 2639//592
f 2641//549 2652//549 2651//549 2640//549
f 2655//563 2666//563 2665//563 2654//563
f 2648//564 2659//564 2658//564 2647//564
f 2656//565 2667//565 2666//565 2655//565
f 2649//566 2660//566 2659//566 2648//566
f 2150//567 2667//567 2656//567
f 2650//598 2661//598 2660//598 2649//598
f 2651//569 2662//569 2661//569 2650//569
f 2652//570 2663//570 2662//570 2651//570
f 2653//559 2664//559 2663//559 2652//559
f 2646//560 2657//560 3372//560 3376//560
f 2654//561 2665//561 2664//561 2653//561
f 2647//562 2658//562 2657//562 2646//562
f 2662//576 2144//576 2669//576 2661//576
f 2663//577 2145//577 2144//577 2662//577
f 2664//578 2146//578 2145//578 2663//578
f 2657//579 2141//579 3383//579 3372//579
f 2665//580 2147//580 2146//580 2664//580
f 2658//581 2142//581 2141//581 2657//581
f 2666//582 2148//582 2147//582 2665//582
f 2659//571 2668//571 2142//571 2658//571
f 2667//572 2149//572 2148//572 2666//572
f 2660//573 2143//573 2668//573 2659//573
f 2150//574 2149//574 2667//574
f 2661//575 2669//575 2143//575 2660//575
f 2677//7 2689//7 2688//7 2676//7
f 3197//590 2682//590 2681//590 2671//590
f 2678//9 2690//9 2689//9 2677//9
f 2672//10 2683//10 2682//10 3197//10
f 2679//11 2690//11 2678//11
f 3198//12 2684//12 2683//12 2672//12
f 2673//13 2685//13 2684//13 3198//13
f 2674//14 2686//14 2685//14 2673//14
f 2675//15 2687//15 2686//15 2674//15
f 3626//16 2670//16 2680//16 3623//16
f 2676//17 2688//17 2687//17 2675//17
f 2671//18 2681//18 2680//18 2670//18
f 3623//19 2680//19 2691//19 3627//19
f 2688//20 2699//20 2698//20 2687//20
f 2681//21 2692//21 2691//21 2680//21
f 2689//22 2700//22 2699//22 2688//22
f 2682//23 2693//23 2692//23 2681//23
f 2690//24 2701//24 2700//24 2689//24
f 2683//25 2694//25 2693//25 2682//25
f 2679//26 2701//26 2690//26
f 2684//27 2695//27 2694//27 2683//27
f 2685//28 2696//28 2695//28 2684//28
f 2686//29 2697//29 2696//29 2685//29
f 2687//30 2698//30 2697//30 2686//30
f 2701//31 2712//31 2711//31 2700//31
f 2694//32 2705//32 2704//32 2693//32
f 2679//33 2712//33 2701//33
f 2695//34 2706//34 2705//34 2694//34
f 2696//35 2707//35 2706//35 2695//35
f 2697//36 2708//36 2707//36 2696//36
f 2698//37 2709//37 2708//37 2697//37
f 3627//38 2691//38 2702//38 3633//38
f 2699//39 2710//39 2709//39 2698//39
f 2692//40 2703//40 2702//40 2691//40
f 2700//41 2711//41 2710//41 2699//41
f 2693//42 2704//42 2703//42 2692//42
f 2708//43 2719//43 2718//43 2707//43
f 2709//44 2720//44 2719//44 2708//44
f 3633//45 2702//45 2713//45 3630//45
f 2710//46 2721//46 2720//46 2709//46
f 2703//47 2714//47 2713//47 2702//47
f 2711//48 2722//48 2721//48 2710//48
f 2704//49 2715//49 2714//49 2703//49
f 2712//50 2723//50 2722//50 2711//50
f 2705//51 2716//51 2715//51 2704//51
f 2679//52 2723//52 2712//52
f 2706//53 2717//53 2716//53 2705//53
f 2707//54 2718//54 2717//54 2706//54
f 2714//55 2725//55 2724//55 2713//55
f 2722//56 2733//56 2732//56 2721//56
f 2715//57 2726//57 2725//57 2714//57
f 2723//58 2734//58 2733//58 2722//58
f 2716//59 2727//59 2726//59 2715//59
f 2679//60 2734//60 2723//60
f 2717//61 2728//61 2727//61 2716//61
f 2718//62 2729//62 2728//62 2717//62
f 2719//63 2730//63 2729//63 2718//63
f 2720//64 2731//64 2730//64 2719//64
f 3630//65 2713//65 2724//65 3636//65
f 2721//66 2732//66 2731//66 2720//66
f 2679//67 2745//67 2734//67
f 2728//68 2739//68 2738//68 2727//68
f 2729//69 2740//69 2739//69 2728//69
f 2730//70 2741//70 2740//70 2729//70
f 2731//71 2742//71 2741//71 2730//71
f 3636//72 2724//72 2735//72 3638//72
f 2732//73 2743//73 2742//73 2731//73
f 2725//74 2736//74 2735//74 2724//74
f 2733//75 2744//75 2743//75 2732//75
f 2726//76 2737//76 2736//76 2725//76
f 2734//77 2745//77 2744//77 2733//77
f 2727//78 2738//78 2737//78 2726//78
f 2742//79 2753//79 2752//79 2741//79
f 2735//80 2746//80 3639//80 3638//80
f 2743//81 2754//81 2753//81 2742//81
f 2736//82 2747//82 2746//82 2735//82
f 2744//83 2755//83 2754//83 2743//83
f 2737//84 2748//84 2747//84 2736//84
f 2745//85 2756//85 2755//85 2744//85
f 2738//86 2749//86 2748//86 2737//86
f 2679//87 2756//87 2745//87
f 2739//88 2750//88 2749//88 2738//88
f 2740//89 2751//89 2750//89 2739//89
f 2741//90 2752//90 2751//90 2740//90
f 2748//91 2759//91 2758//91 2747//91
f 2756//92 2767//92 2766//92 2755//92
f 2749//93 2760//93 2759//93 2748//93
f 2679//94 2767//94 2756//94
f 2750//95 2761//95 2760//95 2749//95
f 2751//96 2762//96 2761//96 2750//96
f 2752//97 2763//97 2762//97 2751//97
f 2753//98 2764//98 2763//98 2752//98
f 2746//99 2757//99 3650//99 3639//99
f 2754//100 2765//100 2764//100 2753//100
f 2747//101 2758//101 2757//101 2746//101
f 2755//102 2766//102 2765//102 2754//102
f 2762//103 2773//103 2772//103 2761//103
f 2763//104 2774//104 2773//104 2762//104
f 2764//105 2775//105 2774//105 2763//105
f 2757//106 2768//106 3648//106 3650//106
f 2765//107 2776//107 2775//107 2764//107
f 2758//108 2769//108 2768//108 2757//108
f 2766//109 2777//109 2776//109 2765//109
f 2759//110 2770//110 2769//110 2758//110
f 2767//111 2778//111 2777//111 2766//111
f 2760//112 2771//112 2770//112 2759//112
f 2679//113 2778//113 2767//113
f 2761//114 2772//114 2771//114 2760//114
f 2768//115 2779//115 3646//115 3648//115
f 2776//116 2787//116 2786//116 2775//116
f 2769//117 2780//117 2779//117 2768//117
f 2777//118 2788//118 2787//118 2776//118
f 2770//119 2781//119 2780//119 2769//119
f 2778//120 2789//120 2788//120 2777//120
f 2771//121 2782//121 2781//121 2770//121
f 2679//122 2789//122 2778//122
f 2772//123 2783//123 2782//123 2771//123
f 2773//124 2784//124 2783//124 2772//124
f 2774//125 2785//125 2784//125 2773//125
f 2775//126 2786//126 2785//126 2774//126
f 2782//127 2793//127 2792//127 2781//127
f 2679//128 2800//128 2789//128
f 2783//129 2794//129 2793//129 2782//129
f 2784//130 2795//130 2794//130 2783//130
f 2785//131 2796//131 2795//131 2784//131
f 2786//583 2797//583 2796//583 2785//583
f 2779//133 2790//133 3722//133 3646//133
f 2787//134 2798//134 2797//134 2786//134
f 2780//135 2791//135 2790//135 2779//135
f 2788//136 2799//136 2798//136 2787//136
f 2781//137 2792//137 2791//137 2780//137
f 2789//138 2800//138 2799//138 2788//138
f 2796//139 2807//139 2806//139 2795//139
f 2797//140 2808//140 2807//140 2796//140
f 2790//141 2801//141 3653//141 3722//141
f 2798//142 2809//142 2808//142 2797//142
f 2791//143 2802//143 2801//143 2790//143
f 2799//144 2810//144 2809//144 2798//144
f 2792//145 2803//145 2802//145 2791//145
f 2800//146 2811//146 2810//146 2799//146
f 2793//147 2804//147 2803//147 2792//147
f 2679//148 2811//148 2800//148
f 2794//149 2805//149 2804//149 2793//149
f 2795//150 2806//150 2805//150 2794//150
f 2802//584 2813//584 2812//584 2801//584
f 2810//152 2821//152 2820//152 2809//152
f 2803//153 2814//153 2813//153 2802//153
f 2811//154 2822//154 2821//154 2810//154
f 2804//155 2815//155 2814//155 2803//155
f 2679//156 2822//156 2811//156
f 2805//157 2816//157 2815//157 2804//157
f 2806//158 2817//158 2816//158 2805//158
f 2807//159 2818//159 2817//159 2806//159
f 2808//160 2819//160 2818//160 2807//160
f 2801//161 2812//161 3655//161 3653//161
f 2809//162 2820//162 2819//162 2808//162
f 2816//163 2827//163 2826//163 2815//163
f 2817//164 2828//164 2827//164 2816//164
f 2818//165 2829//165 2828//165 2817//165
f 2819//585 2830//585 2829//585 2818//585
f 2812//167 2823//167 3645//167 3655//167
f 2820//168 2831//168 2830//168 2819//168
f 2813//169 2824//169 2823//169 2812//169
f 2821//170 2832//170 2831//170 2820//170
f 2814//171 2825//171 2824//171 2813//171
f 2822//172 2833//172 2832//172 2821//172
f 2815//173 2826//173 2825//173 2814//173
f 2679//174 2833//174 2822//174
f 2830//175 2841//175 2840//175 2829//175
f 2823//176 2834//176 3647//176 3645//176
f 2831//177 2842//177 2841//177 2830//177
f 2824//178 2835//178 2834//178 2823//178
f 2832//179 2843//179 2842//179 2831//179
f 2825//180 2836//180 2835//180 2824//180
f 2833//181 2844//181 2843//181 2832//181
f 2826//182 2837//182 2836//182 2825//182
f 2679//183 2844//183 2833//183
f 2827//184 2838//184 2837//184 2826//184
f 2828//185 2839//185 2838//185 2827//185
f 2829//186 2840//186 2839//186 2828//186
f 2836//187 2847//187 2846//187 2835//187
f 2844//188 2855//188 2854//188 2843//188
f 2837//189 2848//189 2847//189 2836//189
f 2679//190 2855//190 2844//190
f 2838//191 2849//191 2848//191 2837//191
f 2839//192 2850//192 2849//192 2838//192
f 2840//193 2851//193 2850//193 2839//193
f 2841//194 2852//194 2851//194 2840//194
f 2834//195 2845//195 3643//195 3647//195
f 2842//196 2853//196 2852//196 2841//196
f 2835//197 2846//197 2845//197 2834//197
f 2843//198 2854//198 2853//198 2842//198
f 2850//199 2861//199 2860//199 2849//199
f 2851//200 2862//200 2861//200 2850//200
f 2852//201 2863//201 2862//201 2851//201
f 2845//202 2856//202 3649//202 3643//202
f 2853//203 2864//203 2863//203 2852//203
f 2846//204 2857//204 2856//204 2845//204
f 2854//205 2865//205 2864//205 2853//205
f 2847//206 2858//206 2857//206 2846//206
f 2855//207 2866//207 2865//207 2854//207
f 2848//208 2859//208 2858//208 2847//208
f 2679//209 2866//209 2855//209
f 2849//210 2860//210 2859//210 2848//210
f 2864//211 2875//211 2874//211 2863//211
f 2857//212 2868//212 2867//212 2856//212
f 2865//213 2876//213 2875//213 2864//213
f 2858//214 2869//214 2868//214 2857//214
f 2866//215 2877//215 2876//215 2865//215
f 2859//216 2870//216 2869//216 2858//216
f 2679//217 2877//217 2866//217
f 2860//218 2871//218 2870//218 2859//218
f 2861//219 2872//219 2871//219 2860//219
f 2862//220 2873//220 2872//220 2861//220
f 2863//221 2874//221 2873//221 2862//221
f 2856//222 2867//222 3642//222 3649//222
f 2870//223 2881//223 2880//223 2869//223
f 2679//224 2888//224 2877//224
f 2871//225 2882//225 2881//225 2870//225
f 2872//226 2883//226 2882//226 2871//226
f 2873//227 2884//227 2883//227 2872//227
f 2874//228 2885//228 2884//228 2873//228
f 2867//229 2878//229 3651//229 3642//229
f 2875//230 2886//230 2885//230 2874//230
f 2868//231 2879//231 2878//231 2867//231
f 2876//232 2887//232 2886//232 2875//232
f 2869//233 2880//233 2879//233 2868//233
f 2877//234 2888//234 2887//234 2876//234
f 2884//235 2895//235 2894//235 2883//235
f 2885//236 2896//236 2895//236 2884//236
f 2878//237 2889//237 3631//237 3651//237
f 2886//238 2897//238 2896//238 2885//238
f 2879//239 2890//239 2889//239 2878//239
f 2887//240 2898//240 2897//240 2886//240
f 2880//241 2891//241 2890//241 2879//241
f 2888//242 2899//242 2898//242 2887//242
f 2881//243 2892//243 2891//243 2880//243
f 2679//244 2899//244 2888//244
f 2882//245 2893//245 2892//245 2881//245
f 2883//246 2894//246 2893//246 2882//246
f 2898//247 2909//247 2908//247 2897//247
f 2891//248 2902//248 2901//248 2890//248
f 2899//249 2910//249 2909//249 2898//249
f 2892//250 2903//250 2902//250 2891//250
f 2679//251 2910//251 2899//251
f 2893//252 2904//252 2903//252 2892//252
f 2894//253 2905//253 2904//253 2893//253
f 2895//254 2906//254 2905//254 2894//254
f 2896//255 2907//255 2906//255 2895//255
f 2889//256 2900//256 3632//256 3631//256
f 2897//257 2908//257 2907//257 2896//257
f 2890//258 2901//258 2900//258 2889//258
f 2904//259 2915//259 2914//259 2903//259
f 2905//260 2916//260 2915//260 2904//260
f 2906//261 2917//261 2916//261 2905//261
f 2907//262 2918//262 2917//262 2906//262
f 2900//263 2911//263 3635//263 3632//263
f 2908//264 2919//264 2918//264 2907//264
f 2901//265 2912//265 2911//265 2900//265
f 2909//266 2920//266 2919//266 2908//266
f 2902//267 2913//267 2912//267 2901//267
f 2910//268 2921//268 2920//268 2909//268
f 2903//269 2914//269 2913//269 2902//269
f 2679//270 2921//270 2910//270
f 2918//271 2929//271 2928//271 2917//271
f 2911//272 2922//272 3624//272 3635//272
f 2919//273 2930//273 2929//273 2918//273
f 2912//274 2923//274 2922//274 2911//274
f 2920//275 2931//275 2930//275 2919//275
f 2913//276 2924//276 2923//276 2912//276
f 2921//277 2932//277 2931//277 2920//277
f 2914//278 2925//278 2924//278 2913//278
f 2679//279 2932//279 2921//279
f 2915//280 2926//280 2925//280 2914//280
f 2916//281 2927//281 2926//281 2915//281
f 2917//282 2928//282 2927//282 2916//282
f 2932//283 2943//283 2942//283 2931//283
f 2925//284 2936//284 2935//284 2924//284
f 2679//285 2943//285 2932//285
f 2926//286 2937//286 2936//286 2925//286
f 2927//287 2938//287 2937//287 2926//287
f 2928//288 2939//288 2938//288 2927//288
f 2929//289 2940//289 2939//289 2928//289
f 2922//290 2933//290 3625//290 3624//290
f 2930//291 2941//291 2940//291 2929//291
f 2923//292 2934//292 2933//292 2922//292
f 2931//293 2942//293 2941//293 2930//293
f 2924//294 2935//294 2934//294 2923//294
f 2938//295 2949//295 2948//295 2937//295
f 2939//296 2950//296 2949//296 2938//296
f 2940//297 2951//297 2950//297 2939//297
f 2933//298 2944//298 3620//298 3625//298
f 2941//299 2952//299 2951//299 2940//299
f 2934//300 2945//300 2944//300 2933//300
f 2942//301 2953//301 2952//301 2941//301
f 2935//302 2946//302 2945//302 2934//302
f 2943//303 2954//303 2953//303 2942//303
f 2936//304 2947//304 2946//304 2935//304
f 2679//305 2954//305 2943//305
f 2937//306 2948//306 2947//306 2936//306
f 2952//307 2963//307 2962//307 2951//307
f 2945//308 2956//308 2955//308 2944//308
f 2953//309 2964//309 2963//309 2952//309
f 2946//310 2957//310 2956//310 2945//310
f 2954//311 2965//311 2964//311 2953//311
f 2947//312 2958//312 2957//312 2946//312
f 2679//313 2965//313 2954//313
f 2948//314 2959//314 2958//314 2947//314
f 2949//315 2960//315 2959//315 2948//315
f 2950//316 2961//316 2960//316 2949//316
f 2951//317 2962//317 2961//317 2950//317
f 2944//318 2955//318 3619//318 3620//318
f 2679//319 2976//319 2965//319
f 2959//320 2970//320 2969//320 2958//320
f 2960//321 2971//321 2970//321 2959//321
f 2961//322 2972//322 2971//322 2960//322
f 2962//323 2973//323 2972//323 2961//323
f 2955//324 2966//324 3615//324 3619//324
f 2963//325 2974//325 2973//325 2962//325
f 2956//326 2967//326 2966//326 2955//326
f 2964//327 2975//327 2974//327 2963//327
f 2957//328 2968//328 2967//328 2956//328
f 2965//329 2976//329 2975//329 2964//329
f 2958//330 2969//330 2968//330 2957//330
f 2972//331 2983//331 2982//331 2971//331
f 2973//332 2984//332 2983//332 2972//332
f 2966//333 2977//333 3614//333 3615//333
f 2974//334 2985//334 2984//334 2973//334
f 2967//335 2978//335 2977//335 2966//335
f 2975//336 2986//336 2985//336 2974//336
f 2968//337 2979//337 2978//337 2967//337
f 2976//338 2987//338 2986//338 2975//338
f 2969//339 2980//339 2979//339 2968//339
f 2679//340 2987//340 2976//340
f 2970//341 2981//341 2980//341 2969//341
f 2971//342 2982//342 2981//342 2970//342
f 2986//343 2997//343 2996//343 2985//343
f 2979//344 2990//344 2989//344 2978//344
f 2987//345 2998//345 2997//345 2986//345
f 2980//346 2991//346 2990//346 2979//346
f 2679//347 2998//347 2987//347
f 2981//348 2992//348 2991//348 2980//348
f 2982//349 2993//349 2992//349 2981//349
f 2983//350 2994//350 2993//350 2982//350
f 2984//351 2995//351 2994//351 2983//351
f 2977//352 2988//352 3616//352 3614//352
f 2985//353 2996//353 2995//353 2984//353
f 2978//354 2989//354 2988//354 2977//354
f 2993//355 3004//355 3003//355 2992//355
f 2994//356 3005//356 3004//356 2993//356
f 2995//357 3006//357 3005//357 2994//357
f 2988//358 2999//358 3612//358 3616//358
f 2996//359 3007//359 3006//359 2995//359
f 2989//360 3000//360 2999//360 2988//360
f 2997//361 3008//361 3007//361 2996//361
f 2990//362 3001//362 3000//362 2989//362
f 2998//363 3009//363 3008//363 2997//363
f 2991//364 3002//364 3001//364 2990//364
f 2679//365 3009//365 2998//365
f 2992//366 3003//366 3002//366 2991//366
f 3006//367 3017//367 3016//367 3005//367
f 2999//368 3010//368 3613//368 3612//368
f 3007//369 3018//369 3017//369 3006//369
f 3000//370 3011//370 3010//370 2999//370
f 3008//371 3019//371 3018//371 3007//371
f 3001//372 3012//372 3011//372 3000//372
f 3009//373 3020//373 3019//373 3008//373
f 3002//374 3013//374 3012//374 3001//374
f 2679//375 3020//375 3009//375
f 3003//376 3014//376 3013//376 3002//376
f 3004//599 3015//599 3014//599 3003//599
f 3005//378 3016//378 3015//378 3004//378
f 3020//379 3031//379 3030//379 3019//379
f 3013//380 3024//380 3023//380 3012//380
f 2679//381 3031//381 3020//381
f 3014//382 3025//382 3024//382 3013//382
f 3015//383 3026//383 3025//383 3014//383
f 3016//384 3027//384 3026//384 3015//384
f 3017//385 3028//385 3027//385 3016//385
f 3010//386 3021//386 3617//386 3613//386
f 3018//387 3029//387 3028//387 3017//387
f 3011//388 3022//388 3021//388 3010//388
f 3019//389 3030//389 3029//389 3018//389
f 3012//390 3023//390 3022//390 3011//390
f 3027//391 3038//391 3037//391 3026//391
f 3028//392 3039//392 3038//392 3027//392
f 3021//586 3032//586 3608//586 3617//586
f 3029//394 3040//394 3039//394 3028//394
f 3022//395 3033//395 3032//395 3021//395
f 3030//396 3041//396 3040//396 3029//396
f 3023//397 3034//397 3033//397 3022//397
f 3031//398 3042//398 3041//398 3030//398
f 3024//399 3035//399 3034//399 3023//399
f 2679//400 3042//400 3031//400
f 3025//401 3036//401 3035//401 3024//401
f 3026//402 3037//402 3036//402 3025//402
f 3040//403 3051//403 3050//403 3039//403
f 3033//404 3044//404 3043//404 3032//404
f 3041//405 3052//405 3051//405 3040//405
f 3034//406 3045//406 3044//406 3033//406
f 3042//407 3053//407 3052//407 3041//407
f 3035//408 3046//408 3045//408 3034//408
f 2679//409 3053//409 3042//409
f 3036//410 3047//410 3046//410 3035//410
f 3037//411 3048//411 3047//411 3036//411
f 3038//412 3049//412 3048//412 3037//412
f 3039//413 3050//413 3049//413 3038//413
f 3032//587 3043//587 3610//587 3608//587
f 3049//420 3060//420 3059//420 3048//420
f 3050//421 3061//421 3060//421 3049//421
f 3043//422 3054//422 3605//422 3610//422
f 3051//423 3062//423 3061//423 3050//423
f 3044//424 3055//424 3054//424 3043//424
f 3052//425 3063//425 3062//425 3051//425
f 3045//426 3056//426 3055//426 3044//426
f 3053//415 3064//415 3063//415 3052//415
f 3046//416 3057//416 3056//416 3045//416
f 2679//417 3064//417 3053//417
f 3047//418 3058//418 3057//418 3046//418
f 3048//419 3059//419 3058//419 3047//419
f 3055//431 3066//431 3065//431 3054//431
f 3063//432 3074//432 3073//432 3062//432
f 3056//433 3067//433 3066//433 3055//433
f 3064//434 3075//434 3074//434 3063//434
f 3057//435 3068//435 3067//435 3056//435
f 2679//436 3075//436 3064//436
f 3058//437 3069//437 3068//437 3057//437
f 3059//438 3070//438 3069//438 3058//438
f 3060//427 3071//427 3070//427 3059//427
f 3061//428 3072//428 3071//428 3060//428
f 3054//429 3065//429 3601//429 3605//429
f 3062//430 3073//430 3072//430 3061//430
f 3069//445 3080//445 3079//445 3068//445
f 3070//446 3081//446 3080//446 3069//446
f 3071//447 3082//447 3081//447 3070//447
f 3072//448 3083//448 3082//448 3071//448
f 3601//449 3065//449 3076//449 3606//449
f 3073//450 3084//450 3083//450 3072//450
f 3066//588 3077//588 3076//588 3065//588
f 3074//440 3085//440 3084//440 3073//440
f 3067//441 3078//441 3077//441 3066//441
f 3075//442 3086//442 3085//442 3074//442
f 3068//443 3079//443 3078//443 3067//443
f 2679//444 3086//444 3075//444
f 3083//455 3094//455 3093//455 3082//455
f 3606//456 3076//456 3087//456 3611//456
f 3084//457 3095//457 3094//457 3083//457
f 3077//458 3088//458 3087//458 3076//458
f 3085//459 3096//459 3095//459 3084//459
f 3078//460 3089//460 3088//460 3077//460
f 3086//461 3097//461 3096//461 3085//461
f 3079//462 3090//462 3089//462 3078//462
f 2679//451 3097//451 3086//451
f 3080//452 3091//452 3090//452 3079//452
f 3081//453 3092//453 3091//453 3080//453
f 3082//454 3093//454 3092//454 3081//454
f 3089//468 3100//468 3099//468 3088//468
f 3097//469 3108//469 3107//469 3096//469
f 3090//470 3101//470 3100//470 3089//470
f 2679//471 3108//471 3097//471
f 3091//472 3102//472 3101//472 3090//472
f 3092//473 3103//473 3102//473 3091//473
f 3093//474 3104//474 3103//474 3092//474
f 3094//463 3105//463 3104//463 3093//463
f 3611//464 3087//464 3098//464 3609//464
f 3095//465 3106//465 3105//465 3094//465
f 3088//466 3099//466 3098//466 3087//466
f 3096//467 3107//467 3106//467 3095//467
f 3103//480 3114//480 3113//480 3102//480
f 3104//481 3115//481 3114//481 3103//481
f 3105//482 3116//482 3115//482 3104//482
f 3609//483 3098//483 3109//483 3607//483
f 3106//484 3117//484 3116//484 3105//484
f 3099//485 3110//485 3109//485 3098//485
f 3107//486 3118//486 3117//486 3106//486
f 3100//475 3111//475 3110//475 3099//475
f 3108//476 3119//476 3118//476 3107//476
f 3101//477 3112//477 3111//477 3100//477
f 2679//478 3119//478 3108//478
f 3102//479 3113//479 3112//479 3101//479
f 3117//491 3128//491 3127//491 3116//491
f 3110//492 3121//492 3120//492 3109//492
f 3118//493 3129//493 3128//493 3117//493
f 3111//494 3122//494 3121//494 3110//494
f 3119//495 3130//495 3129//495 3118//495
f 3112//496 3123//496 3122//496 3111//496
f 2679//497 3130//497 3119//497
f 3113//498 3124//498 3123//498 3112//498
f 3114//487 3125//487 3124//487 3113//487
f 3115//488 3126//488 3125//488 3114//488
f 3116//489 3127//489 3126//489 3115//489
f 3607//490 3109//490 3120//490 3618//490
f 3123//505 3134//505 3133//505 3122//505
f 2679//506 3141//506 3130//506
f 3124//507 3135//507 3134//507 3123//507
f 3125//508 3136//508 3135//508 3124//508
f 3126//509 3137//509 3136//509 3125//509
f 3127//510 3138//510 3137//510 3126//510
f 3618//499 3120//499 3131//499 3479//499
f 3128//500 3139//500 3138//500 3127//500
f 3121//501 3132//501 3131//501 3120//501
f 3129//502 3140//502 3139//502 3128//502
f 3122//503 3133//503 3132//503 3121//503
f 3130//504 3141//504 3140//504 3129//504
f 3137//515 3148//515 3147//515 3136//515
f 3138//516 3149//516 3148//516 3137//516
f 3131//517 3142//517 3466//517 3479//517
f 3139//518 3150//518 3149//518 3138//518
f 3132//519 3143//519 3142//519 3131//519
f 3140//520 3151//520 3150//520 3139//520
f 3133//521 3144//521 3143//521 3132//521
f 3141//522 3152//522 3151//522 3140//522
f 3134//511 3145//511 3144//511 3133//511
f 2679//512 3152//512 3141//512
f 3135//589 3146//589 3145//589 3134//589
f 3136//514 3147//514 3146//514 3135//514
f 3151//528 3162//528 3161//528 3150//528
f 3144//529 3155//529 3154//529 3143//529
f 3152//530 3163//530 3162//530 3151//530
f 3145//531 3156//531 3155//531 3144//531
f 2679//532 3163//532 3152//532
f 3146//533 3157//533 3156//533 3145//533
f 3147//534 3158//534 3157//534 3146//534
f 3148//523 3159//523 3158//523 3147//523
f 3149//524 3160//524 3159//524 3148//524
f 3142//525 3153//525 3471//525 3466//525
f 3150//526 3161//526 3160//526 3149//526
f 3143//527 3154//527 3153//527 3142//527
f 3157//541 3168//541 3167//541 3156//541
f 3158//542 3169//542 3168//542 3157//542
f 3159//543 3170//543 3169//543 3158//543
f 3160//544 3171//544 3170//544 3159//544
f 3153//545 3164//545 3474//545 3471//545
f 3161//546 3172//546 3171//546 3160//546
f 3154//535 3165//535 3164//535 3153//535
f 3162//536 3173//536 3172//536 3161//536
f 3155//537 3166//537 3165//537 3154//537
f 3163//538 3174//538 3173//538 3162//538
f 3156//539 3167//539 3166//539 3155//539
f 2679//540 3174//540 3163//540
f 3171//550 3182//550 3181//550 3170//550
f 3474//551 3164//551 3175//551 3652//551
f 3172//552 3183//552 3182//552 3171//552
f 3165//553 3176//553 3175//553 3164//553
f 3173//554 3184//554 3183//554 3172//554
f 3166//555 3177//555 3176//555 3165//555
f 3174//556 3185//556 3184//556 3173//556
f 3167//557 3178//557 3177//557 3166//557
f 2679//558 3185//558 3174//558
f 3168//547 3179//547 3178//547 3167//547
f 3169//592 3180//592 3179//592 3168//592
f 3170//549 3181//549 3180//549 3169//549
f 3185//565 3196//565 3195//565 3184//565
f 3178//566 3189//566 3188//566 3177//566
f 2679//567 3196//567 3185//567
f 3179//568 3190//568 3189//568 3178//568
f 3180//569 3191//569 3190//569 3179//569
f 3181//570 3192//570 3191//570 3180//570
f 3182//559 3193//559 3192//559 3181//559
f 3175//560 3186//560 3621//560 3652//560
f 3183//561 3194//561 3193//561 3182//561
f 3176//562 3187//562 3186//562 3175//562
f 3184//563 3195//563 3194//563 3183//563
f 3177//564 3188//564 3187//564 3176//564
f 3191//600 2673//600 3198//600 3190//600
f 3192//577 2674//577 2673//577 3191//577
f 3193//578 2675//578 2674//578 3192//578
f 3186//579 2670//579 3626//579 3621//579
f 3194//580 2676//580 2675//580 3193//580
f 3187//581 2671//581 2670//581 3186//581
f 3195//582 2677//582 2676//582 3194//582
f 3188//571 3197//571 2671//571 3187//571
f 3196//572 2678//572 2677//572 3195//572
f 3189//573 2672//573 3197//573 3188//573
f 2679//574 2678//574 3196//574
f 3190//575 3198//575 2672//575 3189//575
f 3557//601 3199//601 3200//601 3561//601
f 3561//602 3200//602 3201//602 3559//602
f 3559//603 3201//603 3202//603 3580//603
f 3580//604 3202//604 3203//604 3564//604
f 3564//605 3203//605 3204//605 3566//605
f 3566//606 3204//606 3205//606 3565//606
f 3565//607 3205//607 3206//607 3570//607
f 3206//608 3207//608 3569//608 3570//608
f 3207//609 3208//609 3567//609 3569//609
f 3208//610 3209//610 3579//610 3567//610
f 3209//611 3210//611 3572//611 3579//611
f 3210//612 3211//612 3576//612 3572//612
f 3211//613 3212//613 3574//613 3576//613
f 3212//614 3213//614 3573//614 3574//614
f 3213//615 3214//615 3575//615 3573//615
f 3214//616 3215//616 3578//616 3575//616
f 3215//617 3216//617 3571//617 3578//617
f 3216//618 3217//618 3577//618 3571//618
f 3217//619 3218//619 3568//619 3577//619
f 3218//620 3219//620 3660//620 3568//620
f 3219//621 3220//621 3669//621 3660//621
f 3220//622 3221//622 3657//622 3669//622
f 3221//623 3222//623 3658//623 3657//623
f 3222//624 3223//624 3659//624 3658//624
f 3223//625 3224//625 3656//625 3659//625
f 3224//626 3225//626 3558//626 3656//626
f 3225//627 3226//627 3560//627 3558//627
f 3226//628 3227//628 3556//628 3560//628
f 3227//629 3228//629 3562//629 3556//629
f 3228//630 3229//630 3552//630 3562//630
f 3229//631 3230//631 3554//631 3552//631
f 3230//632 3231//632 3549//632 3554//632
f 3231//633 3232//633 3581//633 3549//633
f 3232//634 3233//634 3541//634 3581//634
f 3233//635 3234//635 3542//635 3541//635
f 3542//636 3234//636 3235//636 3544//636
f 3544//637 3235//637 3236//637 3539//637
f 3539//638 3236//638 3237//638 3546//638
f 3546//639 3237//639 3238//639 3535//639
f 3535//640 3238//640 3239//640 3537//640
f 3537//641 3239//641 3240//641 3533//641
f 3533//642 3240//642 3241//642 3531//642
f 3531//643 3241//643 3242//643 3534//643
f 3534//644 3242//644 3243//644 3538//644
f 3538//645 3243//645 3244//645 3536//645
f 3536//646 3244//646 3245//646 3547//646
f 3547//647 3245//647 3246//647 3540//647
f 3540//648 3246//648 3247//648 3545//648
f 3545//649 3247//649 3248//649 3543//649
f 3543//650 3248//650 3249//650 3582//650
f 3582//651 3249//651 3250//651 3550//651
f 3550//652 3250//652 3251//652 3555//652
f 3555//653 3251//653 3252//653 3553//653
f 3553//654 3252//654 3253//654 3551//654
f 3551//655 3253//655 3254//655 3563//655
f 3563//656 3254//656 3199//656 3557//656
f 3250//6 3249//6 3248//6 3247//6 3246//6 3245//6 3244//6 3243//6 3242//6 3241//6 3240//6 3239//6 3238//6 3237//6 3236//6 3235//6 3234//6 3233//6 3232//6 3231//6 3230//6 3229//6 3228//6 3227//6 3226//6 3225//6 3224//6 3223//6 3222//6 3221//6 3220//6 3219//6 3218//6 3217//6 3216//6 3215//6 3214//6 3213//6 3212//6 3211//6 3210//6 3209//6 3208//6 3207//6 3206//6 3205//6 3204//6 3203//6 3202//6 3201//6 3200//6 3199//6 3254//6 3253//6 3252//6 3251//6
f 3692//601 3255//601 3256//601 3690//601
f 3690//602 3256//602 3257//602 3701//602
f 3701//603 3257//603 3258//603 3695//603
f 3695//604 3258//604 3259//604 3699//604
f 3699//605 3259//605 3260//605 3698//605
f 3698//606 3260//606 3261//606 3719//606
f 3719//607 3261//607 3262//607 3703//607
f 3262//608 3263//608 3708//608 3703//608
f 3263//609 3264//609 3706//609 3708//609
f 3264//610 3265//610 3704//610 3706//610
f 3265//611 3266//611 3717//611 3704//611
f 3266//612 3267//612 3710//612 3717//612
f 3267//613 3268//613 3714//613 3710//613
f 3268//614 3269//614 3711//614 3714//614
f 3269//615 3270//615 3716//615 3711//615
f 3270//616 3271//616 3709//616 3716//616
f 3271//617 3272//617 3715//617 3709//617
f 3272//618 3273//618 3705//618 3715//618
f 3273//619 3274//619 3707//619 3705//619
f 3274//620 3275//620 3702//620 3707//620
f 3275//621 3276//621 3718//621 3702//621
f 3276//622 3277//622 3696//622 3718//622
f 3277//623 3278//623 3697//623 3696//623
f 3278//624 3279//624 3693//624 3697//624
f 3279//625 3280//625 3694//625 3693//625
f 3280//626 3281//626 3700//626 3694//626
f 3281//627 3282//627 3689//627 3700//627
f 3282//628 3283//628 3691//628 3689//628
f 3283//629 3284//629 3687//629 3691//629
f 3284//630 3285//630 3720//630 3687//630
f 3285//631 3286//631 3680//631 3720//631
f 3286//632 3287//632 3682//632 3680//632
f 3287//633 3288//633 3678//633 3682//633
f 3288//634 3289//634 3684//634 3678//634
f 3289//635 3290//635 3672//635 3684//635
f 3672//636 3290//636 3291//636 3673//636
f 3673//637 3291//637 3292//637 3675//637
f 3675//638 3292//638 3293//638 3670//638
f 3670//639 3293//639 3294//639 3666//639
f 3666//640 3294//640 3295//640 3662//640
f 3662//641 3295//641 3296//641 3664//641
f 3664//642 3296//642 3297//642 3661//642
f 3661//643 3297//643 3298//643 3665//643
f 3665//644 3298//644 3299//644 3663//644
f 3663//645 3299//645 3300//645 3668//645
f 3668//646 3300//646 3301//646 3671//646
f 3671//647 3301//647 3302//647 3676//647
f 3676//648 3302//648 3303//648 3674//648
f 3674//649 3303//649 3304//649 3685//649
f 3685//650 3304//650 3305//650 3679//650
f 3679//651 3305//651 3306//651 3677//651
f 3677//652 3306//652 3307//652 3683//652
f 3683//653 3307//653 3308//653 3681//653
f 3681//654 3308//654 3309//654 3721//654
f 3721//655 3309//655 3310//655 3688//655
f 3688//656 3310//656 3255//656 3692//656
f 3306//6 3305//6 3304//6 3303//6 3302//6 3301//6 3300//6 3299//6 3298//6 3297//6 3296//6 3295//6 3294//6 3293//6 3292//6 3291//6 3290//6 3289//6 3288//6 3287//6 3286//6 3285//6 3284//6 3283//6 3282//6 3281//6 3280//6 3279//6 3278//6 3277//6 3276//6 3275//6 3274//6 3273//6 3272//6 3271//6 3270//6 3269//6 3268//6 3267//6 3266//6 3265//6 3264//6 3263//6 3262//6 3261//6 3260//6 3259//6 3258//6 3257//6 3256//6 3255//6 3310//6 3309//6 3308//6 3307//6
f 3654//3 3311//3 3312//3 3667//3
f 3667//4 3312//4 3314//4 3712//4 3686//4
f 3314//1 3313//1 3713//1 3712//1
f 3313//2 3311//2 3654//2 3713//2
f 3312//6 3311//6 3313//6 3314//6
