# Blender 5.1.2
# www.blender.org
o GBexp
v -5.450000 -3.820000 -1.700000 0.2934 0.2934 0.3035
v -5.000000 -3.370000 -1.450000 0.2934 0.2934 0.3035
v -5.450000 -3.820000 0.550000 0.2934 0.2934 0.3035
v -5.450000 3.820000 -1.700000 0.2934 0.2934 0.3035
v -5.000000 3.370000 -1.450000 0.2934 0.2934 0.3035
v -5.450000 3.820000 0.550000 0.2934 0.2934 0.3035
v 5.450000 -3.820000 -1.700000 0.2934 0.2934 0.3035
v 5.000000 -3.370000 -1.450000 0.2934 0.2934 0.3035
v 5.450000 -3.820000 0.550000 0.2934 0.2934 0.3035
v 5.450000 3.820000 -1.700000 0.2934 0.2934 0.3035
v 5.000000 3.370000 -1.450000 0.2934 0.2934 0.3035
v 5.450000 3.820000 0.550000 0.2934 0.2934 0.3035
v -5.000000 -3.370000 0.550000 0.2934 0.2934 0.3035
v -5.000000 3.370000 0.550000 0.2934 0.2934 0.3035
v 5.000000 -3.370000 0.550000 0.2934 0.2934 0.3035
v 5.000000 3.370000 0.550000 0.2934 0.2934 0.3035
v 0.510000 -3.135000 -0.550000 0.2934 0.2934 0.3035
v 1.506196 0.081347 -0.420000 0.2934 0.2934 0.3035
v 4.100000 1.060000 -0.320000 0.2934 0.2934 0.3035
v 1.490380 0.040062 -0.420000 0.2934 0.2934 0.3035
v 1.300000 2.460000 -0.320000 0.2934 0.2934 0.3035
v -4.980000 -3.350000 -1.400000 0.2934 0.2934 0.3035
v 4.171960 1.054337 -0.320000 0.2934 0.2934 0.3035
v 1.535890 0.141126 -0.420000 0.2934 0.2934 0.3035
v -4.980000 -3.350000 0.000000 0.2934 0.2934 0.3035
v 1.488299 0.001233 -0.420000 0.2934 0.2934 0.3035
v 4.242148 1.037486 -0.320000 0.2934 0.2934 0.3035
v 1.371960 2.454337 -0.320000 0.2934 0.2934 0.3035
v 1.496500 -0.044588 -0.420000 0.2934 0.2934 0.3035
v -4.980000 3.350000 -1.400000 0.2934 0.2934 0.3035
v 1.442148 2.437486 -0.320000 0.2934 0.2934 0.3035
v 1.529890 -0.067968 -0.420000 0.2934 0.2934 0.3035
v 4.308836 1.009863 -0.320000 0.2934 0.2934 0.3035
v 0.510000 -0.865000 -0.550000 0.2934 0.2934 0.3035
v 1.569681 -0.068674 -0.420000 0.2934 0.2934 0.3035
v -4.980000 3.350000 0.000000 0.2934 0.2934 0.3035
v 1.553849 -0.068559 -0.420000 0.2934 0.2934 0.3035
v 4.370381 0.972148 -0.320000 0.2934 0.2934 0.3035
v 4.980000 -3.350000 -1.400000 0.2934 0.2934 0.3035
v 4.425269 0.925269 -0.320000 0.2934 0.2934 0.3035
v 1.508836 2.409863 -0.320000 0.2934 0.2934 0.3035
v 1.600584 -0.050027 -0.420000 0.2934 0.2934 0.3035
v 4.550000 -3.135000 -0.550000 0.2934 0.2934 0.3035
v 4.472148 0.870381 -0.320000 0.2934 0.2934 0.3035
v 1.636006 -0.009547 -0.420000 0.2934 0.2934 0.3035
v 4.980000 -3.350000 0.000000 0.2934 0.2934 0.3035
v 1.673897 0.044492 -0.420000 0.2934 0.2934 0.3035
v 1.570381 2.372148 -0.320000 0.2934 0.2934 0.3035
v 4.509863 0.808836 -0.320000 0.2934 0.2934 0.3035
v 1.762557 0.546410 -0.420000 0.2934 0.2934 0.3035
v 4.980000 3.350000 -1.400000 0.2934 0.2934 0.3035
v 1.625269 2.325269 -0.320000 0.2934 0.2934 0.3035
v 4.550000 -0.865000 -0.550000 0.2934 0.2934 0.3035
v 1.743314 0.510584 -0.420000 0.2934 0.2934 0.3035
v 4.537486 0.742148 -0.320000 0.2934 0.2934 0.3035
v 1.794165 0.604849 -0.420000 0.2934 0.2934 0.3035
v -3.700000 -1.050957 -0.079227 0.2934 0.2934 0.3035
v 1.672148 2.270381 -0.320000 0.2934 0.2934 0.3035
v 1.569279 0.198318 -0.420000 0.2934 0.2934 0.3035
v 4.554337 0.671960 -0.320000 0.2934 0.2934 0.3035
v -1.330000 -1.050957 -0.079227 0.2934 0.2934 0.3035
v 4.560000 0.600000 -0.320000 0.2934 0.2934 0.3035
v 1.603769 0.254739 -0.420000 0.2934 0.2934 0.3035
v -1.330000 -1.083560 -0.215025 0.2934 0.2934 0.3035
v 4.980000 3.350000 0.000000 0.2934 0.2934 0.3035
v 1.638170 0.311222 -0.420000 0.2934 0.2934 0.3035
v 1.709863 2.208836 -0.320000 0.2934 0.2934 0.3035
v 4.554337 0.528040 -0.320000 0.2934 0.2934 0.3035
v 1.651413 0.333775 -0.420000 0.2934 0.2934 0.3035
v -1.330000 -1.209975 -0.463129 0.2934 0.2934 0.3035
v 1.672180 0.367979 -0.420000 0.2934 0.2934 0.3035
v 4.537486 0.457852 -0.320000 0.2934 0.2934 0.3035
v -1.330000 0.879043 -0.079227 0.2934 0.2934 0.3035
v 1.737486 2.142148 -0.320000 0.2934 0.2934 0.3035
v 1.704394 0.425994 -0.420000 0.2934 0.2934 0.3035
v 4.509863 0.391164 -0.320000 0.2934 0.2934 0.3035
v 1.729790 0.479768 -0.420000 0.2934 0.2934 0.3035
v -3.700000 -1.083560 -0.215025 0.2934 0.2934 0.3035
v -1.330000 -1.300675 -0.569325 0.2934 0.2934 0.3035
v 4.472148 0.329619 -0.320000 0.2934 0.2934 0.3035
v 1.711753 0.098556 -0.420000 0.2934 0.2934 0.3035
v 1.754337 2.071960 -0.320000 0.2934 0.2934 0.3035
v 1.749609 0.152620 -0.420000 0.2934 0.2934 0.3035
v -1.330000 -1.406871 -0.660025 0.2934 0.2934 0.3035
v 4.425269 0.274731 -0.320000 0.2934 0.2934 0.3035
v 1.787465 0.206684 -0.420000 0.2934 0.2934 0.3035
v -3.700000 0.879043 -0.079227 0.2934 0.2934 0.3035
v 1.760000 2.000000 -0.320000 0.2934 0.2934 0.3035
v 4.370381 0.227852 -0.320000 0.2934 0.2934 0.3035
v 1.825321 0.260749 -0.420000 0.2934 0.2934 0.3035
v -3.700000 -1.209975 -0.463129 0.2934 0.2934 0.3035
v 1.754337 1.928040 -0.320000 0.2934 0.2934 0.3035
v 1.863178 0.314812 -0.420000 0.2934 0.2934 0.3035
v 4.308836 0.190137 -0.320000 0.2934 0.2934 0.3035
v -1.330000 -1.525948 -0.732996 0.2934 0.2934 0.3035
v 1.900912 0.368962 -0.420000 0.2934 0.2934 0.3035
v -1.330000 -1.930000 -0.830000 0.2934 0.2934 0.3035
v 1.938117 0.423482 -0.420000 0.2934 0.2934 0.3035
v 1.737486 1.857852 -0.320000 0.2934 0.2934 0.3035
v 4.242148 0.162514 -0.320000 0.2934 0.2934 0.3035
v 1.974485 0.478588 -0.420000 0.2934 0.2934 0.3035
v -3.700000 -1.300675 -0.569325 0.2934 0.2934 0.3035
v -1.330000 0.846440 -0.215025 0.2934 0.2934 0.3035
v 1.826353 0.662882 -0.420000 0.2934 0.2934 0.3035
v 4.171960 0.145663 -0.320000 0.2934 0.2934 0.3035
v 1.709863 1.791164 -0.320000 0.2934 0.2934 0.3035
v -3.700000 0.846440 -0.215025 0.2934 0.2934 0.3035
v 1.859582 0.720186 -0.420000 0.2934 0.2934 0.3035
v 4.100000 0.140000 -0.320000 0.2934 0.2934 0.3035
v 1.893775 0.776815 -0.420000 0.2934 0.2934 0.3035
v -3.700000 -1.406871 -0.660025 0.2934 0.2934 0.3035
v 4.028040 0.145663 -0.320000 0.2934 0.2934 0.3035
v 1.928266 0.833235 -0.420000 0.2934 0.2934 0.3035
v 1.672148 1.729619 -0.320000 0.2934 0.2934 0.3035
v -3.700000 -1.525948 -0.732996 0.2934 0.2934 0.3035
v 1.962669 0.889716 -0.420000 0.2934 0.2934 0.3035
v -1.330000 0.720025 -0.463129 0.2934 0.2934 0.3035
v 3.957852 0.162514 -0.320000 0.2934 0.2934 0.3035
v 1.997020 0.946235 -0.420000 0.2934 0.2934 0.3035
v 1.625269 1.674731 -0.320000 0.2934 0.2934 0.3035
v 3.891164 0.190137 -0.320000 0.2934 0.2934 0.3035
v 2.030834 1.003129 -0.420000 0.2934 0.2934 0.3035
v -3.700000 -1.930000 -0.830000 0.2934 0.2934 0.3035
v -1.330000 0.629325 -0.569325 0.2934 0.2934 0.3035
v 1.570381 1.627852 -0.320000 0.2934 0.2934 0.3035
v 2.044038 1.025709 -0.420000 0.2934 0.2934 0.3035
v 3.829619 0.227852 -0.320000 0.2934 0.2934 0.3035
v 2.063786 1.060627 -0.420000 0.2934 0.2934 0.3035
v -1.330000 2.809042 -0.079227 0.2934 0.2934 0.3035
v -3.700000 2.809042 -0.079227 0.2934 0.2934 0.3035
v 2.010657 0.533831 -0.420000 0.2934 0.2934 0.3035
v 3.774731 0.274731 -0.320000 0.2934 0.2934 0.3035
v 1.508836 1.590137 -0.320000 0.2934 0.2934 0.3035
v 2.047470 0.588625 -0.420000 0.2934 0.2934 0.3035
v -1.330000 0.523129 -0.660025 0.2934 0.2934 0.3035
v 3.727852 0.329619 -0.320000 0.2934 0.2934 0.3035
v 2.085009 0.642911 -0.420000 0.2934 0.2934 0.3035
v -1.192487 -1.061780 -0.079227 0.2934 0.2934 0.3035
v 3.690137 0.391164 -0.320000 0.2934 0.2934 0.3035
v -1.330000 0.404052 -0.732996 0.2934 0.2934 0.3035
v 2.122865 0.696975 -0.420000 0.2934 0.2934 0.3035
v 1.442148 1.562514 -0.320000 0.2934 0.2934 0.3035
v 3.662514 0.457852 -0.320000 0.2934 0.2934 0.3035
v 2.160722 0.751039 -0.420000 0.2934 0.2934 0.3035
v -3.700000 0.720025 -0.463129 0.2934 0.2934 0.3035
v 2.198578 0.805103 -0.420000 0.2934 0.2934 0.3035
v -1.197588 -1.093981 -0.215025 0.2934 0.2934 0.3035
v 3.645663 0.528040 -0.320000 0.2934 0.2934 0.3035
v 1.371960 1.545663 -0.320000 0.2934 0.2934 0.3035
v 2.234958 0.860215 -0.420000 0.2934 0.2934 0.3035
v -1.205948 -1.146767 -0.344052 0.2934 0.2934 0.3035
v 2.273628 0.913694 -0.420000 0.2934 0.2934 0.3035
v 1.300000 1.540000 -0.320000 0.2934 0.2934 0.3035
v 3.640000 0.600000 -0.320000 0.2934 0.2934 0.3035
v 2.257046 1.556656 -0.420000 0.2934 0.2934 0.3035
v -1.330000 0.000000 -0.830000 0.2934 0.2934 0.3035
v 3.645663 0.671960 -0.320000 0.2934 0.2934 0.3035
v 2.260844 1.504547 -0.420000 0.2934 0.2934 0.3035
v -1.217363 -1.218840 -0.463129 0.2934 0.2934 0.3035
v -3.700000 0.629325 -0.569325 0.2934 0.2934 0.3035
v 1.228040 1.545663 -0.320000 0.2934 0.2934 0.3035
v 2.254656 1.598615 -0.420000 0.2934 0.2934 0.3035
v 3.662514 0.742148 -0.320000 0.2934 0.2934 0.3035
v -1.231552 -1.308423 -0.569325 0.2934 0.2934 0.3035
v 2.263747 1.398297 -0.420000 0.2934 0.2934 0.3035
v -1.330000 2.776440 -0.215025 0.2934 0.2934 0.3035
v 3.690137 0.808836 -0.320000 0.2934 0.2934 0.3035
v 2.248084 1.349123 -0.420000 0.2934 0.2934 0.3035
v 1.157852 1.562514 -0.320000 0.2934 0.2934 0.3035
v -1.248165 -1.413312 -0.660025 0.2934 0.2934 0.3035
v 2.264570 1.461652 -0.420000 0.2934 0.2934 0.3035
v 3.727852 0.870381 -0.320000 0.2934 0.2934 0.3035
v 1.091164 1.590137 -0.320000 0.2934 0.2934 0.3035
v 2.097339 1.117704 -0.420000 0.2934 0.2934 0.3035
v 3.774731 0.925269 -0.320000 0.2934 0.2934 0.3035
v -3.700000 2.776440 -0.215025 0.2934 0.2934 0.3035
v 2.133135 1.173211 -0.420000 0.2934 0.2934 0.3035
v -1.266792 -1.530923 -0.732996 0.2934 0.2934 0.3035
v 2.170608 1.227543 -0.420000 0.2934 0.2934 0.3035
v 3.829619 0.972148 -0.320000 0.2934 0.2934 0.3035
v -3.700000 0.523129 -0.660025 0.2934 0.2934 0.3035
v 1.029619 1.627852 -0.320000 0.2934 0.2934 0.3035
v 2.208491 1.281588 -0.420000 0.2934 0.2934 0.3035
v -1.286977 -1.658361 -0.786440 0.2934 0.2934 0.3035
v 3.891164 1.009863 -0.320000 0.2934 0.2934 0.3035
v 2.242801 1.330832 -0.420000 0.2934 0.2934 0.3035
v 2.221468 1.300703 -0.420000 0.2934 0.2934 0.3035
v -3.562487 -1.061780 -0.079227 0.2934 0.2934 0.3035
v 3.957852 1.037486 -0.320000 0.2934 0.2934 0.3035
v 0.974731 1.674731 -0.320000 0.2934 0.2934 0.3035
v -1.330000 2.650025 -0.463129 0.2934 0.2934 0.3035
v 2.247398 1.346539 -0.420000 0.2934 0.2934 0.3035
v -1.308220 -1.792487 -0.819043 0.2934 0.2934 0.3035
v 4.028040 1.054337 -0.320000 0.2934 0.2934 0.3035
v 2.320446 0.955956 -0.420000 0.2934 0.2934 0.3035
v 0.927852 1.729619 -0.320000 0.2934 0.2934 0.3035
v 2.378898 0.978622 -0.420000 0.2934 0.2934 0.3035
v -3.700000 0.404052 -0.732996 0.2934 0.2934 0.3035
v -3.567588 -1.093981 -0.215025 0.2934 0.2934 0.3035
v 2.424397 0.987049 -0.420000 0.2934 0.2934 0.3035
v 0.890137 1.791164 -0.320000 0.2934 0.2934 0.3035
v -3.700000 2.650025 -0.463129 0.2934 0.2934 0.3035
v 2.468566 0.992595 -0.420000 0.2934 0.2934 0.3035
v -3.575948 -1.146767 -0.344052 0.2934 0.2934 0.3035
v 0.862514 1.857852 -0.320000 0.2934 0.2934 0.3035
v 2.314007 1.932845 -0.420000 0.2934 0.2934 0.3035
v -3.700000 0.000000 -0.830000 0.2934 0.2934 0.3035
v 0.845663 1.928040 -0.320000 0.2934 0.2934 0.3035
v 2.290796 1.878682 -0.420000 0.2934 0.2934 0.3035
v -3.587363 -1.218840 -0.463129 0.2934 0.2934 0.3035
v -3.601552 -1.308423 -0.569325 0.2934 0.2934 0.3035
v 2.346663 1.990550 -0.420000 0.2934 0.2934 0.3035
v -1.330000 2.559325 -0.569325 0.2934 0.2934 0.3035
v 0.840000 2.000000 -0.320000 0.2934 0.2934 0.3035
v 2.384749 2.044454 -0.420000 0.2934 0.2934 0.3035
v -3.618165 -1.413312 -0.660025 0.2934 0.2934 0.3035
v -1.330000 2.453129 -0.660025 0.2934 0.2934 0.3035
v 0.845663 2.071960 -0.320000 0.2934 0.2934 0.3035
v 2.427346 2.095198 -0.420000 0.2934 0.2934 0.3035
v -1.058361 -1.093981 -0.079227 0.2934 0.2934 0.3035
v 2.272207 1.800971 -0.420000 0.2934 0.2934 0.3035
v -3.700000 2.559325 -0.569325 0.2934 0.2934 0.3035
v 0.862514 2.142148 -0.320000 0.2934 0.2934 0.3035
v -1.068436 -1.124987 -0.215025 0.2934 0.2934 0.3035
v 2.260091 1.734140 -0.420000 0.2934 0.2934 0.3035
v -3.636792 -1.530923 -0.732996 0.2934 0.2934 0.3035
v 2.281461 1.844933 -0.420000 0.2934 0.2934 0.3035
v 0.890137 2.208836 -0.320000 0.2934 0.2934 0.3035
v -3.656977 -1.658361 -0.786440 0.2934 0.2934 0.3035
v 0.927852 2.270381 -0.320000 0.2934 0.2934 0.3035
v 2.255938 1.651221 -0.420000 0.2934 0.2934 0.3035
v -1.084951 -1.175816 -0.344052 0.2934 0.2934 0.3035
v 2.256924 1.696072 -0.420000 0.2934 0.2934 0.3035
v -1.330000 2.334052 -0.732996 0.2934 0.2934 0.3035
v 0.974731 2.325269 -0.320000 0.2934 0.2934 0.3035
v -1.107500 -1.245215 -0.463129 0.2934 0.2934 0.3035
v 2.474176 2.142978 -0.420000 0.2934 0.2934 0.3035
v -1.135528 -1.331476 -0.569325 0.2934 0.2934 0.3035
v 1.029619 2.372148 -0.320000 0.2934 0.2934 0.3035
v 2.500956 2.167838 -0.420000 0.2934 0.2934 0.3035
v -1.192487 0.868220 -0.079227 0.2934 0.2934 0.3035
v 2.530473 2.187455 -0.420000 0.2934 0.2934 0.3035
v -3.678220 -1.792487 -0.819043 0.2934 0.2934 0.3035
v 2.518625 2.179839 -0.420000 0.2934 0.2934 0.3035
v -1.168344 -1.432475 -0.660025 0.2934 0.2934 0.3035
v 1.091164 2.409863 -0.320000 0.2934 0.2934 0.3035
v -1.205141 -1.545724 -0.732996 0.2934 0.2934 0.3035
v 2.586149 2.225716 -0.420000 0.2934 0.2934 0.3035
v 1.157852 2.437486 -0.320000 0.2934 0.2934 0.3035
v -3.700000 2.453129 -0.660025 0.2934 0.2934 0.3035
v -1.197588 0.836019 -0.215025 0.2934 0.2934 0.3035
v 2.633586 2.257041 -0.420000 0.2934 0.2934 0.3035
v 1.228040 2.454337 -0.320000 0.2934 0.2934 0.3035
v -1.245013 -1.668436 -0.786440 0.2934 0.2934 0.3035
v 2.667302 2.273719 -0.420000 0.2934 0.2934 0.3035
v -1.330000 1.930000 -0.830000 0.2934 0.2934 0.3035
v -1.286977 -1.797588 -0.819043 0.2934 0.2934 0.3035
v 2.708902 2.300905 -0.420000 0.2934 0.2934 0.3035
v -1.205948 0.783233 -0.344052 0.2934 0.2934 0.3035
v -3.700000 2.334052 -0.732996 0.2934 0.2934 0.3035
v 2.758921 2.346453 -0.420000 0.2934 0.2934 0.3035
v -1.217363 0.711160 -0.463129 0.2934 0.2934 0.3035
v 2.798378 2.399396 -0.420000 0.2934 0.2934 0.3035
v -3.700000 1.930000 -0.830000 0.2934 0.2934 0.3035
v -1.231552 0.621577 -0.569325 0.2934 0.2934 0.3035
v 2.824458 2.461706 -0.420000 0.2934 0.2934 0.3035
v -1.248165 0.516688 -0.660025 0.2934 0.2934 0.3035
v -3.562487 2.798220 -0.079227 0.2934 0.2934 0.3035
v 2.883252 2.742823 -0.420000 0.2934 0.2934 0.3035
v -3.428361 -1.093981 -0.079227 0.2934 0.2934 0.3035
v -3.567588 2.766019 -0.215025 0.2934 0.2934 0.3035
v -1.266792 0.399077 -0.732996 0.2934 0.2934 0.3035
v 2.869452 2.699625 -0.420000 0.2934 0.2934 0.3035
v -0.930923 -1.146767 -0.079227 0.2934 0.2934 0.3035
v -3.438436 -1.124987 -0.215025 0.2934 0.2934 0.3035
v 2.908738 2.805548 -0.420000 0.2934 0.2934 0.3035
v -0.945724 -1.175816 -0.215025 0.2934 0.2934 0.3035
v 2.940115 2.864149 -0.420000 0.2934 0.2934 0.3035
v -3.454951 -1.175816 -0.344052 0.2934 0.2934 0.3035
v -0.969987 -1.223435 -0.344052 0.2934 0.2934 0.3035
v -1.286977 0.271639 -0.786440 0.2934 0.2934 0.3035
v 2.978015 2.918182 -0.420000 0.2934 0.2934 0.3035
v -1.003115 -1.288453 -0.463129 0.2934 0.2934 0.3035
v -3.477500 -1.245215 -0.463129 0.2934 0.2934 0.3035
v 3.024429 2.966254 -0.420000 0.2934 0.2934 0.3035
v -3.575948 2.713233 -0.344052 0.2934 0.2934 0.3035
v 2.851000 2.604264 -0.420000 0.2934 0.2934 0.3035
v -1.044292 -1.369267 -0.569325 0.2934 0.2934 0.3035
v -1.092505 -1.463889 -0.660025 0.2934 0.2934 0.3035
v 2.839122 2.549727 -0.420000 0.2934 0.2934 0.3035
v -1.308220 0.137513 -0.819043 0.2934 0.2934 0.3035
v -3.505528 -1.331476 -0.569325 0.2934 0.2934 0.3035
v -1.146564 -1.569987 -0.732996 0.2934 0.2934 0.3035
v 2.863166 2.663740 -0.420000 0.2934 0.2934 0.3035
v -1.205141 -1.684951 -0.786440 0.2934 0.2934 0.3035
v 2.867087 2.685368 -0.420000 0.2934 0.2934 0.3035
v -3.538344 -1.432475 -0.660025 0.2934 0.2934 0.3035
v -3.562487 0.868220 -0.079227 0.2934 0.2934 0.3035
v 2.834969 2.512349 -0.420000 0.2934 0.2934 0.3035
v -1.266792 -1.805948 -0.819043 0.2934 0.2934 0.3035
v -3.587363 2.641160 -0.463129 0.2934 0.2934 0.3035
v -3.575141 -1.545724 -0.732996 0.2934 0.2934 0.3035
v 3.067049 2.993940 -0.420000 0.2934 0.2934 0.3035
v -3.567588 0.836019 -0.215025 0.2934 0.2934 0.3035
v 3.114391 3.001076 -0.420000 0.2934 0.2934 0.3035
v -3.615013 -1.668436 -0.786440 0.2934 0.2934 0.3035
v -3.601552 2.551577 -0.569325 0.2934 0.2934 0.3035
v -3.656977 -1.797588 -0.819043 0.2934 0.2934 0.3035
v 3.155524 3.002286 -0.420000 0.2934 0.2934 0.3035
v -3.575948 0.783233 -0.344052 0.2934 0.2934 0.3035
v -3.618165 2.446688 -0.660025 0.2934 0.2934 0.3035
v 3.200807 2.993299 -0.420000 0.2934 0.2934 0.3035
v -3.587363 0.711160 -0.463129 0.2934 0.2934 0.3035
v -3.636792 2.329077 -0.732996 0.2934 0.2934 0.3035
v 3.079226 2.686172 -0.420000 0.2934 0.2934 0.3035
v -3.601552 0.621577 -0.569325 0.2934 0.2934 0.3035
v 3.071202 2.643539 -0.420000 0.2934 0.2934 0.3035
v -0.813312 -1.218840 -0.079227 0.2934 0.2934 0.3035
v -0.832475 -1.245215 -0.215025 0.2934 0.2934 0.3035
v -3.656977 2.201639 -0.786440 0.2934 0.2934 0.3035
v 3.100934 2.751542 -0.420000 0.2934 0.2934 0.3035
v -3.618165 0.516688 -0.660025 0.2934 0.2934 0.3035
v -0.863889 -1.288453 -0.344052 0.2934 0.2934 0.3035
v 3.139414 2.805170 -0.420000 0.2934 0.2934 0.3035
v -0.906780 -1.347487 -0.463129 0.2934 0.2934 0.3035
v -3.678220 2.067513 -0.819043 0.2934 0.2934 0.3035
v 3.190022 2.835142 -0.420000 0.2934 0.2934 0.3035
v -1.058361 0.836019 -0.079227 0.2934 0.2934 0.3035
v -0.960092 -1.420865 -0.569325 0.2934 0.2934 0.3035
v 3.051609 2.544367 -0.420000 0.2934 0.2934 0.3035
v -3.636792 0.399077 -0.732996 0.2934 0.2934 0.3035
v -1.022513 -1.506780 -0.660025 0.2934 0.2934 0.3035
v 3.046023 2.497121 -0.420000 0.2934 0.2934 0.3035
v -1.092505 -1.603115 -0.732996 0.2934 0.2934 0.3035
v -3.300923 -1.146767 -0.079227 0.2934 0.2934 0.3035
v 3.064584 2.607887 -0.420000 0.2934 0.2934 0.3035
v -1.068436 0.805013 -0.215025 0.2934 0.2934 0.3035
v 3.233772 2.844794 -0.420000 0.2934 0.2934 0.3035
v -1.168344 -1.707500 -0.786440 0.2934 0.2934 0.3035
v -1.192487 2.798220 -0.079227 0.2934 0.2934 0.3035
v -1.248165 -1.817363 -0.819043 0.2934 0.2934 0.3035
v 3.047944 2.455490 -0.420000 0.2934 0.2934 0.3035
v 3.048921 2.434160 -0.420000 0.2934 0.2934 0.3035
v -3.315724 -1.175816 -0.215025 0.2934 0.2934 0.3035
v -3.339988 -1.223435 -0.344052 0.2934 0.2934 0.3035
v -1.084951 0.754184 -0.344052 0.2934 0.2934 0.3035
v -1.107500 0.684785 -0.463129 0.2934 0.2934 0.3035
v 3.051717 2.403346 -0.420000 0.2934 0.2934 0.3035
v -3.373116 -1.288453 -0.463129 0.2934 0.2934 0.3035
v -3.656977 0.271639 -0.786440 0.2934 0.2934 0.3035
v 3.066936 2.375178 -0.420000 0.2934 0.2934 0.3035
v -3.414292 -1.369267 -0.569325 0.2934 0.2934 0.3035
v 3.075791 2.354030 -0.420000 0.2934 0.2934 0.3035
v -3.678220 0.137513 -0.819043 0.2934 0.2934 0.3035
v -3.462504 -1.463889 -0.660025 0.2934 0.2934 0.3035
v -3.516564 -1.569987 -0.732996 0.2934 0.2934 0.3035
v 3.131260 2.321133 -0.420000 0.2934 0.2934 0.3035
v -0.708423 -1.308423 -0.079227 0.2934 0.2934 0.3035
v 3.111366 2.332265 -0.420000 0.2934 0.2934 0.3035
v -1.135528 0.598524 -0.569325 0.2934 0.2934 0.3035
v -1.168344 0.497525 -0.660025 0.2934 0.2934 0.3035
v -0.731476 -1.331476 -0.215025 0.2934 0.2934 0.3035
v 3.186464 2.315753 -0.420000 0.2934 0.2934 0.3035
v -0.769267 -1.369267 -0.344052 0.2934 0.2934 0.3035
v 3.163862 2.316561 -0.420000 0.2934 0.2934 0.3035
v -3.575141 -1.684951 -0.786440 0.2934 0.2934 0.3035
v -3.636792 -1.805948 -0.819043 0.2934 0.2934 0.3035
v -0.820865 -1.420865 -0.463129 0.2934 0.2934 0.3035
v 3.226365 2.315204 -0.420000 0.2934 0.2934 0.3035
v -0.885000 -1.485000 -0.569325 0.2934 0.2934 0.3035
v 3.287857 2.312147 -0.420000 0.2934 0.2934 0.3035
v -3.428361 2.766019 -0.079227 0.2934 0.2934 0.3035
v -0.960092 -1.560092 -0.660025 0.2934 0.2934 0.3035
v 3.327490 2.310622 -0.420000 0.2934 0.2934 0.3035
v -1.205141 0.384276 -0.732996 0.2934 0.2934 0.3035
v 3.311720 2.311084 -0.420000 0.2934 0.2934 0.3035
v -1.044292 -1.644292 -0.732996 0.2934 0.2934 0.3035
v -1.197588 2.766019 -0.215025 0.2934 0.2934 0.3035
v -1.135528 -1.735528 -0.786440 0.2934 0.2934 0.3035
v 3.339943 2.305681 -0.420000 0.2934 0.2934 0.3035
v -1.245013 0.261564 -0.786440 0.2934 0.2934 0.3035
v -3.438436 2.735013 -0.215025 0.2934 0.2934 0.3035
v 3.359247 2.298442 -0.420000 0.2934 0.2934 0.3035
v -1.231552 -1.831552 -0.819043 0.2934 0.2934 0.3035
v -1.286977 0.132412 -0.819043 0.2934 0.2934 0.3035
v -1.205948 2.713233 -0.344052 0.2934 0.2934 0.3035
v 3.268649 2.975121 -0.420000 0.2934 0.2934 0.3035
v -3.454951 2.684184 -0.344052 0.2934 0.2934 0.3035
v 3.277090 2.849124 -0.420000 0.2934 0.2934 0.3035
v -1.217363 2.641160 -0.463129 0.2934 0.2934 0.3035
v -3.477500 2.614784 -0.463129 0.2934 0.2934 0.3035
v -3.505528 2.528524 -0.569325 0.2934 0.2934 0.3035
v 3.307914 2.965192 -0.420000 0.2934 0.2934 0.3035
v -1.231552 2.551577 -0.569325 0.2934 0.2934 0.3035
v -3.183312 -1.218840 -0.079227 0.2934 0.2934 0.3035
v 3.341705 2.955918 -0.420000 0.2934 0.2934 0.3035
v -1.248165 2.446688 -0.660025 0.2934 0.2934 0.3035
v -3.202475 -1.245215 -0.215025 0.2934 0.2934 0.3035
v 3.335053 2.839820 -0.420000 0.2934 0.2934 0.3035
v -3.538344 2.427525 -0.660025 0.2934 0.2934 0.3035
v -0.618840 -1.413312 -0.079227 0.2934 0.2934 0.3035
v 3.400883 2.933836 -0.420000 0.2934 0.2934 0.3035
v -3.233889 -1.288453 -0.344052 0.2934 0.2934 0.3035
v -0.645215 -1.432475 -0.215025 0.2934 0.2934 0.3035
v 3.404984 2.813390 -0.420000 0.2934 0.2934 0.3035
v -3.276780 -1.347487 -0.463129 0.2934 0.2934 0.3035
v -0.688453 -1.463889 -0.344052 0.2934 0.2934 0.3035
v 3.462608 2.906920 -0.420000 0.2934 0.2934 0.3035
v -3.428361 0.836019 -0.079227 0.2934 0.2934 0.3035
v 3.419679 2.807211 -0.420000 0.2934 0.2934 0.3035
v -0.747487 -1.506780 -0.463129 0.2934 0.2934 0.3035
v -1.266792 2.329077 -0.732996 0.2934 0.2934 0.3035
v 3.430418 2.802749 -0.420000 0.2934 0.2934 0.3035
v -0.820865 -1.560092 -0.569325 0.2934 0.2934 0.3035
v -3.330092 -1.420865 -0.569325 0.2934 0.2934 0.3035
v -0.906780 -1.622513 -0.660025 0.2934 0.2934 0.3035
v 3.456553 2.794313 -0.420000 0.2934 0.2934 0.3035
v -3.575141 2.314276 -0.732996 0.2934 0.2934 0.3035
v -1.003115 -1.692504 -0.732996 0.2934 0.2934 0.3035
v 3.527687 2.882793 -0.420000 0.2934 0.2934 0.3035
v 3.500206 2.893054 -0.420000 0.2934 0.2934 0.3035
v -1.107500 -1.768344 -0.786440 0.2934 0.2934 0.3035
v -3.392513 -1.506780 -0.660025 0.2934 0.2934 0.3035
v -3.462504 -1.603115 -0.732996 0.2934 0.2934 0.3035
v -1.217363 -1.848165 -0.819043 0.2934 0.2934 0.3035
v 3.546516 2.878108 -0.420000 0.2934 0.2934 0.3035
v 3.558768 2.874583 -0.420000 0.2934 0.2934 0.3035
v -0.930923 0.783233 -0.079227 0.2934 0.2934 0.3035
v -3.438436 0.805013 -0.215025 0.2934 0.2934 0.3035
v -3.538344 -1.707500 -0.786440 0.2934 0.2934 0.3035
v 3.524707 2.765472 -0.420000 0.2934 0.2934 0.3035
v -3.454951 0.754184 -0.344052 0.2934 0.2934 0.3035
v -3.618165 -1.817363 -0.819043 0.2934 0.2934 0.3035
v 3.588124 2.858533 -0.420000 0.2934 0.2934 0.3035
v -0.945724 0.754184 -0.215025 0.2934 0.2934 0.3035
v -1.286977 2.201639 -0.786440 0.2934 0.2934 0.3035
v 3.547716 2.752881 -0.420000 0.2934 0.2934 0.3035
v -0.969987 0.706565 -0.344052 0.2934 0.2934 0.3035
v -3.615013 2.191564 -0.786440 0.2934 0.2934 0.3035
v -1.003115 0.641547 -0.463129 0.2934 0.2934 0.3035
v 3.582520 2.732970 -0.420000 0.2934 0.2934 0.3035
v -0.546767 -1.530923 -0.079227 0.2934 0.2934 0.3035
v -1.044292 0.560733 -0.569325 0.2934 0.2934 0.3035
v 3.647914 2.826363 -0.420000 0.2934 0.2934 0.3035
v -3.477500 0.684785 -0.463129 0.2934 0.2934 0.3035
v 3.638190 2.697407 -0.420000 0.2934 0.2934 0.3035
v -0.575816 -1.545724 -0.215025 0.2934 0.2934 0.3035
v -0.623435 -1.569987 -0.344052 0.2934 0.2934 0.3035
v 3.705388 2.793376 -0.420000 0.2934 0.2934 0.3035
v -1.092505 0.466111 -0.660025 0.2934 0.2934 0.3035
v -3.505528 0.598524 -0.569325 0.2934 0.2934 0.3035
v -0.688453 -1.603115 -0.463129 0.2934 0.2934 0.3035
v 1.833335 -0.147718 -0.420000 0.2934 0.2934 0.3035
v -1.146564 0.360013 -0.732996 0.2934 0.2934 0.3035
v 1.807431 -0.194821 -0.420000 0.2934 0.2934 0.3035
v -0.769267 -1.644292 -0.569325 0.2934 0.2934 0.3035
v -0.863889 -1.692504 -0.660025 0.2934 0.2934 0.3035
v 1.871157 -0.093630 -0.420000 0.2934 0.2934 0.3035
v -3.078423 -1.308423 -0.079227 0.2934 0.2934 0.3035
v -1.308220 2.067513 -0.819043 0.2934 0.2934 0.3035
v -0.969987 -1.746564 -0.732996 0.2934 0.2934 0.3035
v 1.800493 -0.230249 -0.420000 0.2934 0.2934 0.3035
v -3.656977 2.062412 -0.819043 0.2934 0.2934 0.3035
v -1.084951 -1.805141 -0.786440 0.2934 0.2934 0.3035
v 1.814740 -0.267435 -0.420000 0.2934 0.2934 0.3035
v -1.205948 -1.866792 -0.819043 0.2934 0.2934 0.3035
v 1.848128 -0.290814 -0.420000 0.2934 0.2934 0.3035
v -3.101476 -1.331476 -0.215025 0.2934 0.2934 0.3035
v -1.205141 0.245049 -0.786440 0.2934 0.2934 0.3035
v 1.893995 -0.282842 -0.420000 0.2934 0.2934 0.3035
v -3.139267 -1.369267 -0.344052 0.2934 0.2934 0.3035
v -3.190865 -1.420865 -0.463129 0.2934 0.2934 0.3035
v -1.266792 0.124052 -0.819043 0.2934 0.2934 0.3035
v 1.929760 -0.267598 -0.420000 0.2934 0.2934 0.3035
v -3.538344 0.497525 -0.660025 0.2934 0.2934 0.3035
v -3.255000 -1.485000 -0.569325 0.2934 0.2934 0.3035
v 1.963146 -0.238613 -0.420000 0.2934 0.2934 0.3035
v -3.300923 2.713233 -0.079227 0.2934 0.2934 0.3035
v -3.330092 -1.560092 -0.660025 0.2934 0.2934 0.3035
v 2.009164 -0.190264 -0.420000 0.2934 0.2934 0.3035
v -3.414292 -1.644292 -0.732996 0.2934 0.2934 0.3035
v -3.575141 0.384276 -0.732996 0.2934 0.2934 0.3035
v 1.909013 -0.039566 -0.420000 0.2934 0.2934 0.3035
v -0.493981 -1.658361 -0.079227 0.2934 0.2934 0.3035
v -3.505528 -1.735528 -0.786440 0.2934 0.2934 0.3035
v 1.946869 0.014498 -0.420000 0.2934 0.2934 0.3035
v -3.615013 0.261564 -0.786440 0.2934 0.2934 0.3035
v -0.524987 -1.668435 -0.215025 0.2934 0.2934 0.3035
v 1.984725 0.068562 -0.420000 0.2934 0.2934 0.3035
v -0.575816 -1.684951 -0.344052 0.2934 0.2934 0.3035
v 2.022581 0.122626 -0.420000 0.2934 0.2934 0.3035
v -3.601552 -1.831552 -0.819043 0.2934 0.2934 0.3035
v -0.645215 -1.707500 -0.463129 0.2934 0.2934 0.3035
v 2.060437 0.176690 -0.420000 0.2934 0.2934 0.3035
v -3.315724 2.684184 -0.215025 0.2934 0.2934 0.3035
v -3.339988 2.636564 -0.344052 0.2934 0.2934 0.3035
v 2.098415 0.230669 -0.420000 0.2934 0.2934 0.3035
v -0.731476 -1.735528 -0.569325 0.2934 0.2934 0.3035
v -3.656977 0.132412 -0.819043 0.2934 0.2934 0.3035
v 2.136922 0.284277 -0.420000 0.2934 0.2934 0.3035
v -0.832475 -1.768344 -0.660025 0.2934 0.2934 0.3035
v -0.945724 -1.805141 -0.732996 0.2934 0.2934 0.3035
v -3.373116 2.571547 -0.463129 0.2934 0.2934 0.3035
v 2.176265 0.337299 -0.420000 0.2934 0.2934 0.3035
v -1.068436 -1.845013 -0.786440 0.2934 0.2934 0.3035
v 2.051487 -0.139328 -0.420000 0.2934 0.2934 0.3035
v -3.414292 2.490733 -0.569325 0.2934 0.2934 0.3035
v -1.197588 -1.886977 -0.819043 0.2934 0.2934 0.3035
v 2.092709 -0.087620 -0.420000 0.2934 0.2934 0.3035
v -3.462504 2.396111 -0.660025 0.2934 0.2934 0.3035
v -3.516564 2.290013 -0.732996 0.2934 0.2934 0.3035
v 2.134020 -0.035976 -0.420000 0.2934 0.2934 0.3035
v -3.575141 2.175049 -0.786440 0.2934 0.2934 0.3035
v -0.813312 0.711160 -0.079227 0.2934 0.2934 0.3035
v 2.175722 0.015395 -0.420000 0.2934 0.2934 0.3035
v -3.636792 2.054052 -0.819043 0.2934 0.2934 0.3035
v -0.832475 0.684785 -0.215025 0.2934 0.2934 0.3035
v 2.159059 -0.004763 -0.420000 0.2934 0.2934 0.3035
v -2.988840 -1.413312 -0.079227 0.2934 0.2934 0.3035
v -0.863889 0.641547 -0.344052 0.2934 0.2934 0.3035
v 2.219220 0.065509 -0.420000 0.2934 0.2934 0.3035
v -3.015215 -1.432475 -0.215025 0.2934 0.2934 0.3035
v -3.183312 2.641160 -0.079227 0.2934 0.2934 0.3035
v -3.058453 -1.463889 -0.344052 0.2934 0.2934 0.3035
v 2.261065 0.107765 -0.420000 0.2934 0.2934 0.3035
v -0.461780 -1.792488 -0.079227 0.2934 0.2934 0.3035
v -3.202475 2.614785 -0.215025 0.2934 0.2934 0.3035
v 2.285397 0.131013 -0.420000 0.2934 0.2934 0.3035
v -0.906780 0.582513 -0.463129 0.2934 0.2934 0.3035
v 2.312481 0.161349 -0.420000 0.2934 0.2934 0.3035
v -0.493981 -1.797588 -0.215025 0.2934 0.2934 0.3035
v -0.546767 -1.805948 -0.344052 0.2934 0.2934 0.3035
v -3.117487 -1.506780 -0.463129 0.2934 0.2934 0.3035
v 2.356586 0.211038 -0.420000 0.2934 0.2934 0.3035
v -0.618840 -1.817363 -0.463129 0.2934 0.2934 0.3035
v 2.215806 0.390184 -0.420000 0.2934 0.2934 0.3035
v -3.190865 -1.560092 -0.569325 0.2934 0.2934 0.3035
v -0.960092 0.509135 -0.569325 0.2934 0.2934 0.3035
v -0.708423 -1.831552 -0.569325 0.2934 0.2934 0.3035
v 2.254705 0.443518 -0.420000 0.2934 0.2934 0.3035
v -0.813312 -1.848165 -0.660025 0.2934 0.2934 0.3035
v 2.292878 0.497360 -0.420000 0.2934 0.2934 0.3035
v -3.276780 -1.622513 -0.660025 0.2934 0.2934 0.3035
v -0.930923 -1.866792 -0.732996 0.2934 0.2934 0.3035
v -1.058361 2.766019 -0.079227 0.2934 0.2934 0.3035
v 2.330733 0.551424 -0.420000 0.2934 0.2934 0.3035
v -1.058361 -1.886977 -0.786440 0.2934 0.2934 0.3035
v 2.368589 0.605488 -0.420000 0.2934 0.2934 0.3035
v -3.233889 2.571547 -0.344052 0.2934 0.2934 0.3035
v -1.192487 -1.908220 -0.819043 0.2934 0.2934 0.3035
v -3.373116 -1.692504 -0.732996 0.2934 0.2934 0.3035
v 2.406446 0.659552 -0.420000 0.2934 0.2934 0.3035
v -1.022513 0.423220 -0.660025 0.2934 0.2934 0.3035
v -3.477500 -1.768344 -0.786440 0.2934 0.2934 0.3035
v 2.445791 0.712588 -0.420000 0.2934 0.2934 0.3035
v -3.300923 0.783233 -0.079227 0.2934 0.2934 0.3035
v -3.587363 -1.848165 -0.819043 0.2934 0.2934 0.3035
v 2.482819 0.767217 -0.420000 0.2934 0.2934 0.3035
v -1.092505 0.326885 -0.732996 0.2934 0.2934 0.3035
v 2.400110 0.261133 -0.420000 0.2934 0.2934 0.3035
v -1.068436 2.735013 -0.215025 0.2934 0.2934 0.3035
v -1.168344 0.222500 -0.786440 0.2934 0.2934 0.3035
v -3.276780 2.512512 -0.463129 0.2934 0.2934 0.3035
v 2.442593 0.311957 -0.420000 0.2934 0.2934 0.3035
v -1.248165 0.112637 -0.819043 0.2934 0.2934 0.3035
v -3.315724 0.754184 -0.215025 0.2934 0.2934 0.3035
v 2.484112 0.363456 -0.420000 0.2934 0.2934 0.3035
v -3.339988 0.706565 -0.344052 0.2934 0.2934 0.3035
v -0.450957 -1.930000 -0.079227 0.2934 0.2934 0.3035
v 2.525333 0.415164 -0.420000 0.2934 0.2934 0.3035
v -1.084951 2.684184 -0.344052 0.2934 0.2934 0.3035
v -0.483559 -1.930000 -0.215025 0.2934 0.2934 0.3035
v 2.566642 0.466811 -0.420000 0.2934 0.2934 0.3035
v -0.537004 -1.930000 -0.344052 0.2934 0.2934 0.3035
v 2.608002 0.518420 -0.420000 0.2934 0.2934 0.3035
v -3.373116 0.641547 -0.463129 0.2934 0.2934 0.3035
v -3.330092 2.439135 -0.569325 0.2934 0.2934 0.3035
v 2.649901 0.569654 -0.420000 0.2934 0.2934 0.3035
v -0.609975 -1.930000 -0.463129 0.2934 0.2934 0.3035
v -0.700675 -1.930000 -0.569325 0.2934 0.2934 0.3035
v -2.916767 -1.530923 -0.079227 0.2934 0.2934 0.3035
v 2.692661 0.620284 -0.420000 0.2934 0.2934 0.3035
v -0.806871 -1.930000 -0.660025 0.2934 0.2934 0.3035
v 2.675958 0.600154 -0.420000 0.2934 0.2934 0.3035
v -3.414292 0.560733 -0.569325 0.2934 0.2934 0.3035
v -0.925948 -1.930000 -0.732996 0.2934 0.2934 0.3035
v -2.945816 -1.545724 -0.215025 0.2934 0.2934 0.3035
v 2.490758 0.977056 -0.420000 0.2934 0.2934 0.3035
v -1.107500 2.614784 -0.463129 0.2934 0.2934 0.3035
v -1.054975 -1.930000 -0.786440 0.2934 0.2934 0.3035
v 2.501125 0.934329 -0.420000 0.2934 0.2934 0.3035
v -2.993435 -1.569987 -0.344052 0.2934 0.2934 0.3035
v -1.190773 -1.930000 -0.819043 0.2934 0.2934 0.3035
v 2.506520 0.825666 -0.420000 0.2934 0.2934 0.3035
v -3.462504 0.466111 -0.660025 0.2934 0.2934 0.3035
v -3.058453 -1.603115 -0.463129 0.2934 0.2934 0.3035
v 2.508299 0.889020 -0.420000 0.2934 0.2934 0.3035
v -3.392513 2.353220 -0.660025 0.2934 0.2934 0.3035
v -3.516564 0.360013 -0.732996 0.2934 0.2934 0.3035
v 2.734820 0.671335 -0.420000 0.2934 0.2934 0.3035
v -3.139267 -1.644292 -0.569325 0.2934 0.2934 0.3035
v -1.135528 2.528524 -0.569325 0.2934 0.2934 0.3035
v 2.774737 0.723956 -0.420000 0.2934 0.2934 0.3035
v -3.233889 -1.692504 -0.660025 0.2934 0.2934 0.3035
v 2.812975 0.777752 -0.420000 0.2934 0.2934 0.3035
v -3.339988 -1.746564 -0.732996 0.2934 0.2934 0.3035
v -0.708423 0.621577 -0.079227 0.2934 0.2934 0.3035
v -0.731476 0.598524 -0.215025 0.2934 0.2934 0.3035
v 2.850806 0.831834 -0.420000 0.2934 0.2934 0.3035
v -0.461780 -2.067513 -0.079227 0.2934 0.2934 0.3035
v -3.454951 -1.805141 -0.786440 0.2934 0.2934 0.3035
v 2.885347 0.880917 -0.420000 0.2934 0.2934 0.3035
v -0.493981 -2.062413 -0.215025 0.2934 0.2934 0.3035
v 2.870972 0.860988 -0.420000 0.2934 0.2934 0.3035
v -3.575141 0.245049 -0.786440 0.2934 0.2934 0.3035
v -3.575948 -1.866792 -0.819043 0.2934 0.2934 0.3035
v -0.546767 -2.054052 -0.344052 0.2934 0.2934 0.3035
v 2.894227 0.887246 -0.420000 0.2934 0.2934 0.3035
v -0.618840 -2.042637 -0.463129 0.2934 0.2934 0.3035
v -0.769267 0.560733 -0.344052 0.2934 0.2934 0.3035
v 2.900725 0.892138 -0.420000 0.2934 0.2934 0.3035
v -3.462504 2.256885 -0.732996 0.2934 0.2934 0.3035
v -0.708423 -2.028448 -0.569325 0.2934 0.2934 0.3035
v 2.941573 0.923675 -0.420000 0.2934 0.2934 0.3035
v -0.813312 -2.011835 -0.660025 0.2934 0.2934 0.3035
v -0.820865 0.509135 -0.463129 0.2934 0.2934 0.3035
v 3.000829 0.946122 -0.420000 0.2934 0.2934 0.3035
v -3.636792 0.124052 -0.819043 0.2934 0.2934 0.3035
v -0.930923 -1.993208 -0.732996 0.2934 0.2934 0.3035
v 3.042413 0.957289 -0.420000 0.2934 0.2934 0.3035
v -1.168344 2.427525 -0.660025 0.2934 0.2934 0.3035
v -1.058361 -1.973023 -0.786440 0.2934 0.2934 0.3035
v 3.092677 0.971539 -0.420000 0.2934 0.2934 0.3035
v -1.192487 -1.951780 -0.819043 0.2934 0.2934 0.3035
v -0.885000 0.445000 -0.569325 0.2934 0.2934 0.3035
v 3.132923 0.983644 -0.420000 0.2934 0.2934 0.3035
v -3.538344 2.152500 -0.786440 0.2934 0.2934 0.3035
v 3.412753 2.260976 -0.420000 0.2934 0.2934 0.3035
v -0.960092 0.369908 -0.660025 0.2934 0.2934 0.3035
v 3.421655 2.250964 -0.420000 0.2934 0.2934 0.3035
v -1.205141 2.314276 -0.732996 0.2934 0.2934 0.3035
v -1.044292 0.285708 -0.732996 0.2934 0.2934 0.3035
v -2.863981 -1.658361 -0.079227 0.2934 0.2934 0.3035
v 3.435061 2.235302 -0.420000 0.2934 0.2934 0.3035
v -1.135528 0.194472 -0.786440 0.2934 0.2934 0.3035
v -3.618165 2.042637 -0.819043 0.2934 0.2934 0.3035
v -2.894987 -1.668435 -0.215025 0.2934 0.2934 0.3035
v 3.444253 2.213285 -0.420000 0.2934 0.2934 0.3035
v 3.450081 2.198625 -0.420000 0.2934 0.2934 0.3035
v -1.245013 2.191564 -0.786440 0.2934 0.2934 0.3035
v -2.945816 -1.684951 -0.344052 0.2934 0.2934 0.3035
v -0.493981 -2.201639 -0.079227 0.2934 0.2934 0.3035
v -1.231552 0.098448 -0.819043 0.2934 0.2934 0.3035
v 3.474036 2.141849 -0.420000 0.2934 0.2934 0.3035
v -0.524987 -2.191565 -0.215025 0.2934 0.2934 0.3035
v -3.015215 -1.707500 -0.463129 0.2934 0.2934 0.3035
v 3.488168 2.104498 -0.420000 0.2934 0.2934 0.3035
v -3.078423 2.551577 -0.079227 0.2934 0.2934 0.3035
v -0.575816 -2.175049 -0.344052 0.2934 0.2934 0.3035
v 3.502934 2.076646 -0.420000 0.2934 0.2934 0.3035
v 3.512051 2.054500 -0.420000 0.2934 0.2934 0.3035
v -0.645215 -2.152500 -0.463129 0.2934 0.2934 0.3035
v -3.101476 -1.735528 -0.569325 0.2934 0.2934 0.3035
v -0.731476 -2.124472 -0.569325 0.2934 0.2934 0.3035
v 3.561934 2.013625 -0.420000 0.2934 0.2934 0.3035
v -1.286977 2.062412 -0.819043 0.2934 0.2934 0.3035
v -3.202475 -1.768344 -0.660025 0.2934 0.2934 0.3035
v 3.544670 2.028515 -0.420000 0.2934 0.2934 0.3035
v -0.832475 -2.091656 -0.660025 0.2934 0.2934 0.3035
v -3.101476 2.528524 -0.215025 0.2934 0.2934 0.3035
v -0.945724 -2.054859 -0.732996 0.2934 0.2934 0.3035
v 3.616513 2.007867 -0.420000 0.2934 0.2934 0.3035
v -3.315724 -1.805141 -0.732996 0.2934 0.2934 0.3035
v 3.594953 2.008761 -0.420000 0.2934 0.2934 0.3035
v -1.068436 -2.014987 -0.786440 0.2934 0.2934 0.3035
v -3.438436 -1.845013 -0.786440 0.2934 0.2934 0.3035
v 3.636893 2.014246 -0.420000 0.2934 0.2934 0.3035
v -1.197588 -1.973023 -0.819043 0.2934 0.2934 0.3035
v -3.139267 2.490733 -0.344052 0.2934 0.2934 0.3035
v 3.666805 2.022156 -0.420000 0.2934 0.2934 0.3035
v -3.567588 -1.886977 -0.819043 0.2934 0.2934 0.3035
v -3.190865 2.439135 -0.463129 0.2934 0.2934 0.3035
v -3.255000 2.375000 -0.569325 0.2934 0.2934 0.3035
v 3.706591 2.034584 -0.420000 0.2934 0.2934 0.3035
v -3.330092 2.299908 -0.660025 0.2934 0.2934 0.3035
v 3.749077 2.055995 -0.420000 0.2934 0.2934 0.3035
v -3.183312 0.711160 -0.079227 0.2934 0.2934 0.3035
v -3.414292 2.215708 -0.732996 0.2934 0.2934 0.3035
v 3.804280 2.089870 -0.420000 0.2934 0.2934 0.3035
v -3.202475 0.684785 -0.215025 0.2934 0.2934 0.3035
v -0.618840 0.516688 -0.079227 0.2934 0.2934 0.3035
v 3.835552 2.108259 -0.420000 0.2934 0.2934 0.3035
v -3.233889 0.641547 -0.344052 0.2934 0.2934 0.3035
v -0.645215 0.497525 -0.215025 0.2934 0.2934 0.3035
v 3.872885 2.130445 -0.420000 0.2934 0.2934 0.3035
v -0.546767 -2.329077 -0.079227 0.2934 0.2934 0.3035
v -3.505528 2.124472 -0.786440 0.2934 0.2934 0.3035
v 3.926901 2.173194 -0.420000 0.2934 0.2934 0.3035
v -0.575816 -2.314276 -0.215025 0.2934 0.2934 0.3035
v -0.623435 -2.290013 -0.344052 0.2934 0.2934 0.3035
v 3.963906 2.227854 -0.420000 0.2934 0.2934 0.3035
v -0.688453 0.466111 -0.344052 0.2934 0.2934 0.3035
v -0.688453 -2.256885 -0.463129 0.2934 0.2934 0.3035
v 3.974816 2.285834 -0.420000 0.2934 0.2934 0.3035
v -2.831780 -1.792488 -0.079227 0.2934 0.2934 0.3035
v -3.276780 0.582513 -0.463129 0.2934 0.2934 0.3035
v 3.969159 2.330081 -0.420000 0.2934 0.2934 0.3035
v -0.769267 -2.215708 -0.569325 0.2934 0.2934 0.3035
v -0.863889 -2.167496 -0.660025 0.2934 0.2934 0.3035
v 3.692253 2.659550 -0.420000 0.2934 0.2934 0.3035
v -2.863981 -1.797588 -0.215025 0.2934 0.2934 0.3035
v -0.969987 -2.113436 -0.732996 0.2934 0.2934 0.3035
v -3.601552 2.028448 -0.819043 0.2934 0.2934 0.3035
v 3.760599 2.757159 -0.420000 0.2934 0.2934 0.3035
v -1.084951 -2.054859 -0.786440 0.2934 0.2934 0.3035
v 3.744584 2.619219 -0.420000 0.2934 0.2934 0.3035
v -2.916767 -1.805948 -0.344052 0.2934 0.2934 0.3035
v -1.205948 -1.993208 -0.819043 0.2934 0.2934 0.3035
v 3.814575 2.719177 -0.420000 0.2934 0.2934 0.3035
v -0.747487 0.423220 -0.463129 0.2934 0.2934 0.3035
v -2.988840 -1.817363 -0.463129 0.2934 0.2934 0.3035
v -3.330092 0.509135 -0.569325 0.2934 0.2934 0.3035
v 3.794731 2.575769 -0.420000 0.2934 0.2934 0.3035
v -3.078423 -1.831552 -0.569325 0.2934 0.2934 0.3035
v -0.820865 0.369908 -0.569325 0.2934 0.2934 0.3035
v 3.866119 2.677722 -0.420000 0.2934 0.2934 0.3035
v -2.988840 2.446688 -0.079227 0.2934 0.2934 0.3035
v -3.183312 -1.848165 -0.660025 0.2934 0.2934 0.3035
v 3.845207 2.521857 -0.420000 0.2934 0.2934 0.3035
v -3.300923 -1.866792 -0.732996 0.2934 0.2934 0.3035
v -0.906780 0.307487 -0.660025 0.2934 0.2934 0.3035
v 3.862150 2.500408 -0.420000 0.2934 0.2934 0.3035
v -3.392513 0.423220 -0.660025 0.2934 0.2934 0.3035
v 3.915160 2.632692 -0.420000 0.2934 0.2934 0.3035
v -3.428361 -1.886977 -0.786440 0.2934 0.2934 0.3035
v -0.618840 -2.446688 -0.079227 0.2934 0.2934 0.3035
v 3.880944 2.480080 -0.420000 0.2934 0.2934 0.3035
v -3.562487 -1.908220 -0.819043 0.2934 0.2934 0.3035
v -1.003115 0.237496 -0.732996 0.2934 0.2934 0.3035
v 3.942633 2.606630 -0.420000 0.2934 0.2934 0.3035
v -0.645215 -2.427525 -0.215025 0.2934 0.2934 0.3035
v -1.107500 0.161656 -0.786440 0.2934 0.2934 0.3035
v -0.688453 -2.396111 -0.344052 0.2934 0.2934 0.3035
v 3.963160 2.578412 -0.420000 0.2934 0.2934 0.3035
v -3.015215 2.427525 -0.215025 0.2934 0.2934 0.3035
v 3.901418 2.456688 -0.420000 0.2934 0.2934 0.3035
v -0.747487 -2.353220 -0.463129 0.2934 0.2934 0.3035
v -1.217363 0.081835 -0.819043 0.2934 0.2934 0.3035
v 3.929723 2.423355 -0.420000 0.2934 0.2934 0.3035
v -0.820865 -2.299908 -0.569325 0.2934 0.2934 0.3035
v -0.906780 -2.237488 -0.660025 0.2934 0.2934 0.3035
v 4.003317 2.528459 -0.420000 0.2934 0.2934 0.3035
v -3.462504 0.326885 -0.732996 0.2934 0.2934 0.3035
v -1.003115 -2.167495 -0.732996 0.2934 0.2934 0.3035
v 3.964999 2.346866 -0.420000 0.2934 0.2934 0.3035
v -0.930923 2.713233 -0.079227 0.2934 0.2934 0.3035
v -1.107500 -2.091656 -0.786440 0.2934 0.2934 0.3035
v 3.958289 2.372090 -0.420000 0.2934 0.2934 0.3035
v -3.538344 0.222500 -0.786440 0.2934 0.2934 0.3035
v -3.058453 2.396111 -0.344052 0.2934 0.2934 0.3035
v -1.217363 -2.011835 -0.819043 0.2934 0.2934 0.3035
v 4.047172 2.476022 -0.420000 0.2934 0.2934 0.3035
v -3.618165 0.112637 -0.819043 0.2934 0.2934 0.3035
v 4.076264 2.437200 -0.420000 0.2934 0.2934 0.3035
v -3.117487 2.353220 -0.463129 0.2934 0.2934 0.3035
v -0.945724 2.684184 -0.215025 0.2934 0.2934 0.3035
v 4.094710 2.406010 -0.420000 0.2934 0.2934 0.3035
v -0.969987 2.636564 -0.344052 0.2934 0.2934 0.3035
v -2.820957 -1.930000 -0.079227 0.2934 0.2934 0.3035
v -3.190865 2.299908 -0.569325 0.2934 0.2934 0.3035
v 3.181924 1.002839 -0.420000 0.2934 0.2934 0.3035
v -2.853559 -1.930000 -0.215025 0.2934 0.2934 0.3035
v -2.907004 -1.930000 -0.344052 0.2934 0.2934 0.3035
v 3.223730 1.019104 -0.420000 0.2934 0.2934 0.3035
v -3.276780 2.237487 -0.660025 0.2934 0.2934 0.3035
v -2.979975 -1.930000 -0.463129 0.2934 0.2934 0.3035
v 3.258413 1.035105 -0.420000 0.2934 0.2934 0.3035
v -1.003115 2.571547 -0.463129 0.2934 0.2934 0.3035
v -0.708423 -2.551577 -0.079227 0.2934 0.2934 0.3035
v 3.317077 1.069346 -0.420000 0.2934 0.2934 0.3035
v -0.731476 -2.528524 -0.215025 0.2934 0.2934 0.3035
v -3.070675 -1.930000 -0.569325 0.2934 0.2934 0.3035
v 3.355220 1.093070 -0.420000 0.2934 0.2934 0.3035
v -0.546767 0.399077 -0.079227 0.2934 0.2934 0.3035
v 3.383735 1.113389 -0.420000 0.2934 0.2934 0.3035
v -0.769267 -2.490733 -0.344052 0.2934 0.2934 0.3035
v -3.373116 2.167495 -0.732996 0.2934 0.2934 0.3035
v -0.820865 -2.439135 -0.463129 0.2934 0.2934 0.3035
v 3.426698 1.153731 -0.420000 0.2934 0.2934 0.3035
v -3.176871 -1.930000 -0.660025 0.2934 0.2934 0.3035
v 3.469753 1.204154 -0.420000 0.2934 0.2934 0.3035
v -0.885000 -2.375000 -0.569325 0.2934 0.2934 0.3035
v -0.575816 0.384276 -0.215025 0.2934 0.2934 0.3035
v -0.960092 -2.299908 -0.660025 0.2934 0.2934 0.3035
v 3.507379 1.258380 -0.420000 0.2934 0.2934 0.3035
v -1.044292 -2.215708 -0.732996 0.2934 0.2934 0.3035
v 3.540490 1.315766 -0.420000 0.2934 0.2934 0.3035
v -3.295949 -1.930000 -0.732996 0.2934 0.2934 0.3035
v -1.044292 2.490733 -0.569325 0.2934 0.2934 0.3035
v 3.637499 1.650695 -0.420000 0.2934 0.2934 0.3035
v -1.135528 -2.124472 -0.786440 0.2934 0.2934 0.3035
v -1.231552 -2.028448 -0.819043 0.2934 0.2934 0.3035
v 3.626180 1.602305 -0.420000 0.2934 0.2934 0.3035
v -3.424975 -1.930000 -0.786440 0.2934 0.2934 0.3035
v -3.477500 2.091656 -0.786440 0.2934 0.2934 0.3035
v 3.663193 1.713276 -0.420000 0.2934 0.2934 0.3035
v -3.560773 -1.930000 -0.819043 0.2934 0.2934 0.3035
v -0.623435 0.360013 -0.344052 0.2934 0.2934 0.3035
v 3.699447 1.768461 -0.420000 0.2934 0.2934 0.3035
v -0.688453 0.326885 -0.463129 0.2934 0.2934 0.3035
v -1.092505 2.396111 -0.660025 0.2934 0.2934 0.3035
v 3.749080 1.814279 -0.420000 0.2934 0.2934 0.3035
v -1.146564 2.290013 -0.732996 0.2934 0.2934 0.3035
v -0.769267 0.285708 -0.569325 0.2934 0.2934 0.3035
v 3.608829 1.509628 -0.420000 0.2934 0.2934 0.3035
v -0.863889 0.237496 -0.660025 0.2934 0.2934 0.3035
v -3.078423 0.621577 -0.079227 0.2934 0.2934 0.3035
v -3.587363 2.011835 -0.819043 0.2934 0.2934 0.3035
v 3.591904 1.444204 -0.420000 0.2934 0.2934 0.3035
v -0.813312 -2.641160 -0.079227 0.2934 0.2934 0.3035
v 3.622039 1.564919 -0.420000 0.2934 0.2934 0.3035
v -0.969987 0.183436 -0.732996 0.2934 0.2934 0.3035
v -0.832475 -2.614785 -0.215025 0.2934 0.2934 0.3035
v 3.569368 1.376116 -0.420000 0.2934 0.2934 0.3035
v -3.101476 0.598524 -0.215025 0.2934 0.2934 0.3035
v -1.084951 0.124859 -0.786440 0.2934 0.2934 0.3035
v 3.583559 1.409762 -0.420000 0.2934 0.2934 0.3035
v -0.863889 -2.571548 -0.344052 0.2934 0.2934 0.3035
v -2.831780 -2.067513 -0.079227 0.2934 0.2934 0.3035
v 3.586666 1.423499 -0.420000 0.2934 0.2934 0.3035
v -0.906780 -2.512513 -0.463129 0.2934 0.2934 0.3035
v -2.863981 -2.062413 -0.215025 0.2934 0.2934 0.3035
v 3.793075 1.841477 -0.420000 0.2934 0.2934 0.3035
v -0.960092 -2.439135 -0.569325 0.2934 0.2934 0.3035
v -1.205141 2.175049 -0.786440 0.2934 0.2934 0.3035
v -1.022513 -2.353220 -0.660025 0.2934 0.2934 0.3035
v 3.826776 1.858164 -0.420000 0.2934 0.2934 0.3035
v -2.916767 -2.054052 -0.344052 0.2934 0.2934 0.3035
v 3.873963 1.887977 -0.420000 0.2934 0.2934 0.3035
v -1.092505 -2.256885 -0.732996 0.2934 0.2934 0.3035
v -1.205948 0.063208 -0.819043 0.2934 0.2934 0.3035
v 3.925703 1.919766 -0.420000 0.2934 0.2934 0.3035
v -1.168344 -2.152500 -0.786440 0.2934 0.2934 0.3035
v -1.248165 -2.042637 -0.819043 0.2934 0.2934 0.3035
v -2.988840 -2.042637 -0.463129 0.2934 0.2934 0.3035
v 3.938287 1.926867 -0.420000 0.2934 0.2934 0.3035
v -2.916767 2.329077 -0.079227 0.2934 0.2934 0.3035
v 3.957266 1.937951 -0.420000 0.2934 0.2934 0.3035
v -3.078423 -2.028448 -0.569325 0.2934 0.2934 0.3035
v -3.139267 0.560733 -0.344052 0.2934 0.2934 0.3035
v 3.993144 1.965668 -0.420000 0.2934 0.2934 0.3035
v -3.183312 -2.011835 -0.660025 0.2934 0.2934 0.3035
v -3.190865 0.509135 -0.463129 0.2934 0.2934 0.3035
v -3.300923 -1.993208 -0.732996 0.2934 0.2934 0.3035
v 4.043375 2.011066 -0.420000 0.2934 0.2934 0.3035
v -2.945816 2.314276 -0.215025 0.2934 0.2934 0.3035
v 4.087673 2.060620 -0.420000 0.2934 0.2934 0.3035
v -1.266792 2.054052 -0.819043 0.2934 0.2934 0.3035
v -3.428361 -1.973023 -0.786440 0.2934 0.2934 0.3035
v 4.125491 2.114711 -0.420000 0.2934 0.2934 0.3035
v -3.562487 -1.951780 -0.819043 0.2934 0.2934 0.3035
v -0.930923 -2.713233 -0.079227 0.2934 0.2934 0.3035
v -3.255000 0.445000 -0.569325 0.2934 0.2934 0.3035
v 4.154857 2.174720 -0.420000 0.2934 0.2934 0.3035
v -0.945724 -2.684184 -0.215025 0.2934 0.2934 0.3035
v 4.123979 2.355578 -0.420000 0.2934 0.2934 0.3035
v -2.993435 2.290013 -0.344052 0.2934 0.2934 0.3035
v -0.969987 -2.636565 -0.344052 0.2934 0.2934 0.3035
v 4.148174 2.310604 -0.420000 0.2934 0.2934 0.3035
v -3.330092 0.369908 -0.660025 0.2934 0.2934 0.3035
v -3.058453 2.256885 -0.463129 0.2934 0.2934 0.3035
v 4.160064 2.270050 -0.420000 0.2934 0.2934 0.3035
v -1.003115 -2.571547 -0.463129 0.2934 0.2934 0.3035
v -3.414292 0.285708 -0.732996 0.2934 0.2934 0.3035
v 4.166836 2.225022 -0.420000 0.2934 0.2934 0.3035
v -1.044292 -2.490733 -0.569325 0.2934 0.2934 0.3035
v -3.505528 0.194472 -0.786440 0.2934 0.2934 0.3035
v -1.092505 -2.396111 -0.660025 0.2934 0.2934 0.3035
v -1.146564 -2.290013 -0.732996 0.2934 0.2934 0.3035
v -0.493981 0.271639 -0.079227 0.2934 0.2934 0.3035
v -3.139267 2.215708 -0.569325 0.2934 0.2934 0.3035
v -1.205141 -2.175049 -0.786440 0.2934 0.2934 0.3035
v -1.266792 -2.054052 -0.819043 0.2934 0.2934 0.3035
v -0.524987 0.261564 -0.215025 0.2934 0.2934 0.3035
v -0.575816 0.245049 -0.344052 0.2934 0.2934 0.3035
v -3.233889 2.167495 -0.660025 0.2934 0.2934 0.3035
v -0.645215 0.222500 -0.463129 0.2934 0.2934 0.3035
v -2.863981 -2.201639 -0.079227 0.2934 0.2934 0.3035
v -2.894987 -2.191565 -0.215025 0.2934 0.2934 0.3035
v -3.601552 0.098448 -0.819043 0.2934 0.2934 0.3035
v -0.731476 0.194472 -0.569325 0.2934 0.2934 0.3035
v -2.945816 -2.175049 -0.344052 0.2934 0.2934 0.3035
v -3.015215 -2.152500 -0.463129 0.2934 0.2934 0.3035
v -3.339988 2.113436 -0.732996 0.2934 0.2934 0.3035
v -3.454951 2.054859 -0.786440 0.2934 0.2934 0.3035
v -1.058361 -2.766019 -0.079227 0.2934 0.2934 0.3035
v -3.101476 -2.124472 -0.569325 0.2934 0.2934 0.3035
v -1.068436 -2.735013 -0.215025 0.2934 0.2934 0.3035
v -1.084951 -2.684184 -0.344052 0.2934 0.2934 0.3035
v -3.202475 -2.091656 -0.660025 0.2934 0.2934 0.3035
v -0.832475 0.161656 -0.660025 0.2934 0.2934 0.3035
v -1.107500 -2.614785 -0.463129 0.2934 0.2934 0.3035
v -3.315724 -2.054859 -0.732996 0.2934 0.2934 0.3035
v -1.135528 -2.528524 -0.569325 0.2934 0.2934 0.3035
v -3.575948 1.993208 -0.819043 0.2934 0.2934 0.3035
v -1.168344 -2.427525 -0.660025 0.2934 0.2934 0.3035
v -3.438436 -2.014987 -0.786440 0.2934 0.2934 0.3035
v -1.205141 -2.314276 -0.732996 0.2934 0.2934 0.3035
v -1.245013 -2.191565 -0.786440 0.2934 0.2934 0.3035
v -0.945724 0.124859 -0.732996 0.2934 0.2934 0.3035
v -1.286977 -2.062413 -0.819043 0.2934 0.2934 0.3035
v -2.863981 2.201639 -0.079227 0.2934 0.2934 0.3035
v -3.567588 -1.973023 -0.819043 0.2934 0.2934 0.3035
v -1.068436 0.084987 -0.786440 0.2934 0.2934 0.3035
v -1.197588 0.043023 -0.819043 0.2934 0.2934 0.3035
v -2.894987 2.191565 -0.215025 0.2934 0.2934 0.3035
v -2.945816 2.175049 -0.344052 0.2934 0.2934 0.3035
v -3.015215 2.152500 -0.463129 0.2934 0.2934 0.3035
v -0.813312 2.641160 -0.079227 0.2934 0.2934 0.3035
v -0.832475 2.614785 -0.215025 0.2934 0.2934 0.3035
v -3.101476 2.124472 -0.569325 0.2934 0.2934 0.3035
v -3.202475 2.091656 -0.660025 0.2934 0.2934 0.3035
v -2.988840 0.516688 -0.079227 0.2934 0.2934 0.3035
v -1.192488 -2.798220 -0.079227 0.2934 0.2934 0.3035
v -1.197588 -2.766020 -0.215025 0.2934 0.2934 0.3035
v -0.863889 2.571547 -0.344052 0.2934 0.2934 0.3035
v -1.205948 -2.713233 -0.344052 0.2934 0.2934 0.3035
v -2.916767 -2.329077 -0.079227 0.2934 0.2934 0.3035
v -1.217363 -2.641160 -0.463129 0.2934 0.2934 0.3035
v -3.015215 0.497525 -0.215025 0.2934 0.2934 0.3035
v -2.945816 -2.314276 -0.215025 0.2934 0.2934 0.3035
v -1.231552 -2.551577 -0.569325 0.2934 0.2934 0.3035
v -1.248165 -2.446688 -0.660025 0.2934 0.2934 0.3035
v -3.315724 2.054859 -0.732996 0.2934 0.2934 0.3035
v -1.266793 -2.329077 -0.732996 0.2934 0.2934 0.3035
v -2.993435 -2.290013 -0.344052 0.2934 0.2934 0.3035
v -3.058453 0.466111 -0.344052 0.2934 0.2934 0.3035
v -1.286977 -2.201639 -0.786440 0.2934 0.2934 0.3035
v -1.308220 -2.067513 -0.819043 0.2934 0.2934 0.3035
v -3.058453 -2.256885 -0.463129 0.2934 0.2934 0.3035
v -3.139267 -2.215708 -0.569325 0.2934 0.2934 0.3035
v -0.461780 0.137512 -0.079227 0.2934 0.2934 0.3035
v -3.233889 -2.167496 -0.660025 0.2934 0.2934 0.3035
v -0.493981 0.132412 -0.215025 0.2934 0.2934 0.3035
v -3.339987 -2.113436 -0.732996 0.2934 0.2934 0.3035
v -0.906780 2.512512 -0.463129 0.2934 0.2934 0.3035
v -3.454951 -2.054859 -0.786440 0.2934 0.2934 0.3035
v -3.117487 0.423220 -0.463129 0.2934 0.2934 0.3035
v -3.575948 -1.993208 -0.819043 0.2934 0.2934 0.3035
v -0.546767 0.124052 -0.344052 0.2934 0.2934 0.3035
v -0.618840 0.112637 -0.463129 0.2934 0.2934 0.3035
v -1.330000 -2.809042 -0.079227 0.2934 0.2934 0.3035
v -1.330000 -2.776441 -0.215025 0.2934 0.2934 0.3035
v -3.190865 0.369908 -0.569325 0.2934 0.2934 0.3035
v -1.330000 -2.722996 -0.344052 0.2934 0.2934 0.3035
v -0.708423 0.098448 -0.569325 0.2934 0.2934 0.3035
v -1.330000 -2.650025 -0.463129 0.2934 0.2934 0.3035
v -0.960092 2.439135 -0.569325 0.2934 0.2934 0.3035
v -1.330000 -2.559325 -0.569325 0.2934 0.2934 0.3035
v -0.813312 0.081835 -0.660025 0.2934 0.2934 0.3035
v -3.276780 0.307487 -0.660025 0.2934 0.2934 0.3035
v -1.330000 -2.453129 -0.660025 0.2934 0.2934 0.3035
v -3.438436 2.014987 -0.786440 0.2934 0.2934 0.3035
v -1.330000 -2.334052 -0.732996 0.2934 0.2934 0.3035
v -0.930923 0.063208 -0.732996 0.2934 0.2934 0.3035
v -1.330000 -2.205025 -0.786440 0.2934 0.2934 0.3035
v -3.373116 0.237496 -0.732996 0.2934 0.2934 0.3035
v -1.330000 -2.069227 -0.819043 0.2934 0.2934 0.3035
v -1.058361 0.043023 -0.786440 0.2934 0.2934 0.3035
v -2.988840 -2.446688 -0.079227 0.2934 0.2934 0.3035
v -1.192487 0.021780 -0.819043 0.2934 0.2934 0.3035
v -1.022513 2.353220 -0.660025 0.2934 0.2934 0.3035
v -3.015215 -2.427525 -0.215025 0.2934 0.2934 0.3035
v -3.477500 0.161656 -0.786440 0.2934 0.2934 0.3035
v -3.058453 -2.396111 -0.344052 0.2934 0.2934 0.3035
v -3.567588 1.973023 -0.819043 0.2934 0.2934 0.3035
v -3.117487 -2.353220 -0.463129 0.2934 0.2934 0.3035
v -3.587363 0.081835 -0.819043 0.2934 0.2934 0.3035
v -1.467513 -2.798220 -0.079227 0.2934 0.2934 0.3035
v -3.190865 -2.299908 -0.569325 0.2934 0.2934 0.3035
v -1.462413 -2.766020 -0.215025 0.2934 0.2934 0.3035
v -2.831780 2.067513 -0.079227 0.2934 0.2934 0.3035
v -1.454052 -2.713233 -0.344052 0.2934 0.2934 0.3035
v -3.276780 -2.237488 -0.660025 0.2934 0.2934 0.3035
v -1.092505 2.256885 -0.732996 0.2934 0.2934 0.3035
v -1.442637 -2.641160 -0.463129 0.2934 0.2934 0.3035
v -1.428448 -2.551577 -0.569325 0.2934 0.2934 0.3035
v -3.373116 -2.167495 -0.732996 0.2934 0.2934 0.3035
v -1.411836 -2.446688 -0.660025 0.2934 0.2934 0.3035
v -3.477500 -2.091656 -0.786440 0.2934 0.2934 0.3035
v -1.393208 -2.329077 -0.732996 0.2934 0.2934 0.3035
v -2.863981 2.062413 -0.215025 0.2934 0.2934 0.3035
v -1.373024 -2.201639 -0.786440 0.2934 0.2934 0.3035
v -3.587363 -2.011835 -0.819043 0.2934 0.2934 0.3035
v -1.168344 2.152500 -0.786440 0.2934 0.2934 0.3035
v -1.351780 -2.067513 -0.819043 0.2934 0.2934 0.3035
v -1.248165 2.042637 -0.819043 0.2934 0.2934 0.3035
v -2.916767 2.054052 -0.344052 0.2934 0.2934 0.3035
v -2.988840 2.042637 -0.463129 0.2934 0.2934 0.3035
v -0.450957 -0.000000 -0.079227 0.2934 0.2934 0.3035
v -3.078423 2.028448 -0.569325 0.2934 0.2934 0.3035
v -0.483559 -0.000000 -0.215025 0.2934 0.2934 0.3035
v -3.183312 2.011835 -0.660025 0.2934 0.2934 0.3035
v -0.537004 -0.000000 -0.344052 0.2934 0.2934 0.3035
v -3.300923 1.993208 -0.732996 0.2934 0.2934 0.3035
v -0.609975 -0.000000 -0.463129 0.2934 0.2934 0.3035
v -3.078423 -2.551577 -0.079227 0.2934 0.2934 0.3035
v -1.601639 -2.766019 -0.079227 0.2934 0.2934 0.3035
v -1.591565 -2.735013 -0.215025 0.2934 0.2934 0.3035
v -3.428361 1.973023 -0.786440 0.2934 0.2934 0.3035
v -3.101476 -2.528524 -0.215025 0.2934 0.2934 0.3035
v -1.575050 -2.684184 -0.344052 0.2934 0.2934 0.3035
v -1.552500 -2.614785 -0.463129 0.2934 0.2934 0.3035
v -3.562487 1.951780 -0.819043 0.2934 0.2934 0.3035
v -1.524472 -2.528524 -0.569325 0.2934 0.2934 0.3035
v -0.700675 -0.000000 -0.569325 0.2934 0.2934 0.3035
v -1.491656 -2.427525 -0.660025 0.2934 0.2934 0.3035
v -3.139267 -2.490733 -0.344052 0.2934 0.2934 0.3035
v -1.454859 -2.314276 -0.732996 0.2934 0.2934 0.3035
v -3.190865 -2.439135 -0.463129 0.2934 0.2934 0.3035
v -0.806871 -0.000000 -0.660025 0.2934 0.2934 0.3035
v -1.414988 -2.191565 -0.786440 0.2934 0.2934 0.3035
v -3.255000 -2.375000 -0.569325 0.2934 0.2934 0.3035
v -1.373024 -2.062413 -0.819043 0.2934 0.2934 0.3035
v -2.916767 0.399077 -0.079227 0.2934 0.2934 0.3035
v -3.330092 -2.299908 -0.660025 0.2934 0.2934 0.3035
v -0.925948 -0.000000 -0.732996 0.2934 0.2934 0.3035
v -2.945816 0.384276 -0.215025 0.2934 0.2934 0.3035
v -3.414292 -2.215708 -0.732996 0.2934 0.2934 0.3035
v -3.505528 -2.124472 -0.786440 0.2934 0.2934 0.3035
v -1.054975 -0.000000 -0.786440 0.2934 0.2934 0.3035
v -3.601552 -2.028448 -0.819043 0.2934 0.2934 0.3035
v -2.820957 1.930000 -0.079227 0.2934 0.2934 0.3035
v -1.190773 -0.000000 -0.819043 0.2934 0.2934 0.3035
v -2.993435 0.360013 -0.344052 0.2934 0.2934 0.3035
v -1.729077 -2.713233 -0.079227 0.2934 0.2934 0.3035
v -1.714276 -2.684184 -0.215025 0.2934 0.2934 0.3035
v -2.853559 1.930000 -0.215025 0.2934 0.2934 0.3035
v -2.907004 1.930000 -0.344052 0.2934 0.2934 0.3035
v -1.690013 -2.636565 -0.344052 0.2934 0.2934 0.3035
v -3.058453 0.326885 -0.463129 0.2934 0.2934 0.3035
v -1.656885 -2.571547 -0.463129 0.2934 0.2934 0.3035
v -3.139267 0.285708 -0.569325 0.2934 0.2934 0.3035
v -1.615708 -2.490733 -0.569325 0.2934 0.2934 0.3035
v -1.567496 -2.396111 -0.660025 0.2934 0.2934 0.3035
v -2.979975 1.930000 -0.463129 0.2934 0.2934 0.3035
v -0.708423 2.551577 -0.079227 0.2934 0.2934 0.3035
v -1.513436 -2.290013 -0.732996 0.2934 0.2934 0.3035
v -1.454859 -2.175049 -0.786440 0.2934 0.2934 0.3035
v -3.233889 0.237496 -0.660025 0.2934 0.2934 0.3035
v -1.393208 -2.054052 -0.819043 0.2934 0.2934 0.3035
v -3.339988 0.183436 -0.732996 0.2934 0.2934 0.3035
v -3.070675 1.930000 -0.569325 0.2934 0.2934 0.3035
v -3.183312 -2.641160 -0.079227 0.2934 0.2934 0.3035
v -0.731476 2.528524 -0.215025 0.2934 0.2934 0.3035
v -3.202475 -2.614785 -0.215025 0.2934 0.2934 0.3035
v -3.454951 0.124859 -0.786440 0.2934 0.2934 0.3035
v -3.233889 -2.571548 -0.344052 0.2934 0.2934 0.3035
v -3.276780 -2.512513 -0.463129 0.2934 0.2934 0.3035
v -0.461780 -0.137513 -0.079227 0.2934 0.2934 0.3035
v -3.330092 -2.439135 -0.569325 0.2934 0.2934 0.3035
v -0.493981 -0.132413 -0.215025 0.2934 0.2934 0.3035
v -1.846689 -2.641160 -0.079227 0.2934 0.2934 0.3035
v -3.392513 -2.353220 -0.660025 0.2934 0.2934 0.3035
v -1.827526 -2.614785 -0.215025 0.2934 0.2934 0.3035
v -3.176871 1.930000 -0.660025 0.2934 0.2934 0.3035
v -1.796112 -2.571547 -0.344052 0.2934 0.2934 0.3035
v -3.462504 -2.256885 -0.732996 0.2934 0.2934 0.3035
v -1.753220 -2.512513 -0.463129 0.2934 0.2934 0.3035
v -0.546767 -0.124052 -0.344052 0.2934 0.2934 0.3035
v -3.575948 0.063208 -0.819043 0.2934 0.2934 0.3035
v -1.699908 -2.439135 -0.569325 0.2934 0.2934 0.3035
v -3.538344 -2.152500 -0.786440 0.2934 0.2934 0.3035
v -1.637488 -2.353220 -0.660025 0.2934 0.2934 0.3035
v -3.618165 -2.042637 -0.819043 0.2934 0.2934 0.3035
v -1.567496 -2.256885 -0.732996 0.2934 0.2934 0.3035
v -0.618840 -0.112637 -0.463129 0.2934 0.2934 0.3035
v -1.491656 -2.152500 -0.786440 0.2934 0.2934 0.3035
v -0.769267 2.490733 -0.344052 0.2934 0.2934 0.3035
v -1.411836 -2.042637 -0.819043 0.2934 0.2934 0.3035
v -0.708423 -0.098448 -0.569325 0.2934 0.2934 0.3035
v -3.295949 1.930000 -0.732996 0.2934 0.2934 0.3035
v -0.813312 -0.081835 -0.660025 0.2934 0.2934 0.3035
v -0.820865 2.439135 -0.463129 0.2934 0.2934 0.3035
v -0.930923 -0.063208 -0.732996 0.2934 0.2934 0.3035
v -3.424975 1.930000 -0.786440 0.2934 0.2934 0.3035
v -1.058361 -0.043023 -0.786440 0.2934 0.2934 0.3035
v -0.885000 2.375000 -0.569325 0.2934 0.2934 0.3035
v -1.192487 -0.021780 -0.819043 0.2934 0.2934 0.3035
v -3.300923 -2.713233 -0.079227 0.2934 0.2934 0.3035
v -3.560773 1.930000 -0.819043 0.2934 0.2934 0.3035
v -1.951577 -2.551577 -0.079227 0.2934 0.2934 0.3035
v -1.928524 -2.528524 -0.215025 0.2934 0.2934 0.3035
v -0.960092 2.299908 -0.660025 0.2934 0.2934 0.3035
v -1.890733 -2.490733 -0.344052 0.2934 0.2934 0.3035
v -3.315724 -2.684184 -0.215025 0.2934 0.2934 0.3035
v -1.839135 -2.439135 -0.463129 0.2934 0.2934 0.3035
v -2.831780 1.792487 -0.079227 0.2934 0.2934 0.3035
v -3.339987 -2.636565 -0.344052 0.2934 0.2934 0.3035
v -1.775000 -2.375000 -0.569325 0.2934 0.2934 0.3035
v -1.699908 -2.299908 -0.660025 0.2934 0.2934 0.3035
v -3.373116 -2.571547 -0.463129 0.2934 0.2934 0.3035
v -2.863981 1.797587 -0.215025 0.2934 0.2934 0.3035
v -1.615708 -2.215708 -0.732996 0.2934 0.2934 0.3035
v -1.044292 2.215708 -0.732996 0.2934 0.2934 0.3035
v -1.524472 -2.124472 -0.786440 0.2934 0.2934 0.3035
v -1.428448 -2.028448 -0.819043 0.2934 0.2934 0.3035
v -3.414292 -2.490733 -0.569325 0.2934 0.2934 0.3035
v -1.135528 2.124472 -0.786440 0.2934 0.2934 0.3035
v -3.462505 -2.396111 -0.660025 0.2934 0.2934 0.3035
v -3.516564 -2.290013 -0.732996 0.2934 0.2934 0.3035
v -2.863981 0.271639 -0.079227 0.2934 0.2934 0.3035
v -2.894987 0.261564 -0.215025 0.2934 0.2934 0.3035
v -3.575141 -2.175049 -0.786440 0.2934 0.2934 0.3035
v -3.636792 -2.054052 -0.819043 0.2934 0.2934 0.3035
v -2.916767 1.805948 -0.344052 0.2934 0.2934 0.3035
v -1.231552 2.028448 -0.819043 0.2934 0.2934 0.3035
v -2.945816 0.245049 -0.344052 0.2934 0.2934 0.3035
v -2.041161 -2.446688 -0.079227 0.2934 0.2934 0.3035
v -0.493981 -0.271639 -0.079227 0.2934 0.2934 0.3035
v -2.014785 -2.427525 -0.215025 0.2934 0.2934 0.3035
v -2.988840 1.817363 -0.463129 0.2934 0.2934 0.3035
v -1.971548 -2.396111 -0.344052 0.2934 0.2934 0.3035
v -0.524987 -0.261565 -0.215025 0.2934 0.2934 0.3035
v -1.912513 -2.353220 -0.463129 0.2934 0.2934 0.3035
v -3.015215 0.222500 -0.463129 0.2934 0.2934 0.3035
v -0.575816 -0.245049 -0.344052 0.2934 0.2934 0.3035
v -1.839135 -2.299908 -0.569325 0.2934 0.2934 0.3035
v -1.753221 -2.237487 -0.660025 0.2934 0.2934 0.3035
v -3.101476 0.194472 -0.569325 0.2934 0.2934 0.3035
v -1.656885 -2.167495 -0.732996 0.2934 0.2934 0.3035
v -0.645215 -0.222500 -0.463129 0.2934 0.2934 0.3035
v -1.552500 -2.091656 -0.786440 0.2934 0.2934 0.3035
v -3.078423 1.831552 -0.569325 0.2934 0.2934 0.3035
v -3.428361 -2.766019 -0.079227 0.2934 0.2934 0.3035
v -1.442637 -2.011835 -0.819043 0.2934 0.2934 0.3035
v -0.731476 -0.194472 -0.569325 0.2934 0.2934 0.3035
v -3.438436 -2.735013 -0.215025 0.2934 0.2934 0.3035
v -3.202475 0.161656 -0.660025 0.2934 0.2934 0.3035
v -3.454951 -2.684184 -0.344052 0.2934 0.2934 0.3035
v -0.832475 -0.161656 -0.660025 0.2934 0.2934 0.3035
v -3.477500 -2.614785 -0.463129 0.2934 0.2934 0.3035
v -3.183312 1.848164 -0.660025 0.2934 0.2934 0.3035
v -0.945724 -0.124859 -0.732996 0.2934 0.2934 0.3035
v -3.505528 -2.528524 -0.569325 0.2934 0.2934 0.3035
v -3.315724 0.124859 -0.732996 0.2934 0.2934 0.3035
v -2.113233 -2.329077 -0.079227 0.2934 0.2934 0.3035
v -3.538344 -2.427525 -0.660025 0.2934 0.2934 0.3035
v -3.300923 1.866792 -0.732996 0.2934 0.2934 0.3035
v -2.084185 -2.314276 -0.215025 0.2934 0.2934 0.3035
v -2.036565 -2.290013 -0.344052 0.2934 0.2934 0.3035
v -3.575141 -2.314276 -0.732996 0.2934 0.2934 0.3035
v -1.971547 -2.256885 -0.463129 0.2934 0.2934 0.3035
v -1.068436 -0.084987 -0.786440 0.2934 0.2934 0.3035
v -1.890733 -2.215708 -0.569325 0.2934 0.2934 0.3035
v -3.615013 -2.191565 -0.786440 0.2934 0.2934 0.3035
v -1.796112 -2.167495 -0.660025 0.2934 0.2934 0.3035
v -3.656977 -2.062413 -0.819043 0.2934 0.2934 0.3035
v -1.690013 -2.113436 -0.732996 0.2934 0.2934 0.3035
v -3.438436 0.084987 -0.786440 0.2934 0.2934 0.3035
v -1.575049 -2.054859 -0.786440 0.2934 0.2934 0.3035
v -1.197588 -0.043023 -0.819043 0.2934 0.2934 0.3035
v -1.454052 -1.993208 -0.819043 0.2934 0.2934 0.3035
v -3.428361 1.886976 -0.786440 0.2934 0.2934 0.3035
v -3.567588 0.043023 -0.819043 0.2934 0.2934 0.3035
v -3.562487 1.908220 -0.819043 0.2934 0.2934 0.3035
v -2.863981 1.658361 -0.079227 0.2934 0.2934 0.3035
v -2.894987 1.668435 -0.215025 0.2934 0.2934 0.3035
v -2.945816 1.684951 -0.344052 0.2934 0.2934 0.3035
v -3.015215 1.707500 -0.463129 0.2934 0.2934 0.3035
v -3.101476 1.735528 -0.569325 0.2934 0.2934 0.3035
v -3.202475 1.768344 -0.660025 0.2934 0.2934 0.3035
v -3.562488 -2.798220 -0.079227 0.2934 0.2934 0.3035
v -0.618840 2.446688 -0.079227 0.2934 0.2934 0.3035
v -3.567588 -2.766020 -0.215025 0.2934 0.2934 0.3035
v -2.166019 -2.201639 -0.079227 0.2934 0.2934 0.3035
v -3.315724 1.805141 -0.732996 0.2934 0.2934 0.3035
v -2.135013 -2.191564 -0.215025 0.2934 0.2934 0.3035
v -0.546767 -0.399077 -0.079227 0.2934 0.2934 0.3035
v -2.084184 -2.175049 -0.344052 0.2934 0.2934 0.3035
v -3.575948 -2.713233 -0.344052 0.2934 0.2934 0.3035
v -2.014785 -2.152500 -0.463129 0.2934 0.2934 0.3035
v -1.928524 -2.124472 -0.569325 0.2934 0.2934 0.3035
v -0.575816 -0.384276 -0.215025 0.2934 0.2934 0.3035
v -3.587363 -2.641160 -0.463129 0.2934 0.2934 0.3035
v -1.827525 -2.091655 -0.660025 0.2934 0.2934 0.3035
v -3.601552 -2.551577 -0.569325 0.2934 0.2934 0.3035
v -1.714276 -2.054859 -0.732996 0.2934 0.2934 0.3035
v -1.591565 -2.014987 -0.786440 0.2934 0.2934 0.3035
v -0.645215 2.427525 -0.215025 0.2934 0.2934 0.3035
v -3.438436 1.845012 -0.786440 0.2934 0.2934 0.3035
v -1.462413 -1.973023 -0.819043 0.2934 0.2934 0.3035
v -3.618165 -2.446688 -0.660025 0.2934 0.2934 0.3035
v -0.623435 -0.360013 -0.344052 0.2934 0.2934 0.3035
v -3.636792 -2.329077 -0.732996 0.2934 0.2934 0.3035
v -0.688453 -0.326885 -0.463129 0.2934 0.2934 0.3035
v -3.656977 -2.201639 -0.786440 0.2934 0.2934 0.3035
v -2.831780 0.137512 -0.079227 0.2934 0.2934 0.3035
v -3.678220 -2.067513 -0.819043 0.2934 0.2934 0.3035
v -0.688453 2.396111 -0.344052 0.2934 0.2934 0.3035
v -0.769267 -0.285708 -0.569325 0.2934 0.2934 0.3035
v -3.567588 1.886976 -0.819043 0.2934 0.2934 0.3035
v -2.198220 -2.067512 -0.079227 0.2934 0.2934 0.3035
v -0.863889 -0.237496 -0.660025 0.2934 0.2934 0.3035
v -2.166020 -2.062412 -0.215025 0.2934 0.2934 0.3035
v -2.863981 0.132412 -0.215025 0.2934 0.2934 0.3035
v -2.113233 -2.054052 -0.344052 0.2934 0.2934 0.3035
v -0.969987 -0.183436 -0.732996 0.2934 0.2934 0.3035
v -2.041161 -2.042637 -0.463129 0.2934 0.2934 0.3035
v -0.747487 2.353220 -0.463129 0.2934 0.2934 0.3035
v -1.084951 -0.124859 -0.786440 0.2934 0.2934 0.3035
v -1.951578 -2.028448 -0.569325 0.2934 0.2934 0.3035
v -1.846689 -2.011835 -0.660025 0.2934 0.2934 0.3035
v -1.205948 -0.063208 -0.819043 0.2934 0.2934 0.3035
v -2.916767 0.124052 -0.344052 0.2934 0.2934 0.3035
v -1.729077 -1.993207 -0.732996 0.2934 0.2934 0.3035
v -1.601639 -1.973023 -0.786440 0.2934 0.2934 0.3035
v -2.916767 1.530923 -0.079227 0.2934 0.2934 0.3035
v -1.467513 -1.951780 -0.819043 0.2934 0.2934 0.3035
v -3.700000 -2.809042 -0.079227 0.2934 0.2934 0.3035
v -3.700000 -2.776441 -0.215025 0.2934 0.2934 0.3035
v -2.988840 0.112637 -0.463129 0.2934 0.2934 0.3035
v -0.820865 2.299908 -0.569325 0.2934 0.2934 0.3035
v -3.700000 -2.722996 -0.344052 0.2934 0.2934 0.3035
v -3.078423 0.098448 -0.569325 0.2934 0.2934 0.3035
v -3.700000 -2.650025 -0.463129 0.2934 0.2934 0.3035
v -3.183312 0.081835 -0.660025 0.2934 0.2934 0.3035
v -3.700000 -2.559325 -0.569325 0.2934 0.2934 0.3035
v -3.700000 -2.453129 -0.660025 0.2934 0.2934 0.3035
v -2.945816 1.545724 -0.215025 0.2934 0.2934 0.3035
v -3.700000 -2.334052 -0.732996 0.2934 0.2934 0.3035
v -2.209043 -1.930000 -0.079227 0.2934 0.2934 0.3035
v -0.906780 2.237487 -0.660025 0.2934 0.2934 0.3035
v -2.176441 -1.930000 -0.215025 0.2934 0.2934 0.3035
v -3.300923 0.063208 -0.732996 0.2934 0.2934 0.3035
v -2.122996 -1.930000 -0.344052 0.2934 0.2934 0.3035
v -3.700000 -2.205025 -0.786440 0.2934 0.2934 0.3035
v -2.050025 -1.930000 -0.463129 0.2934 0.2934 0.3035
v -1.959326 -1.930000 -0.569325 0.2934 0.2934 0.3035
v -3.700000 -2.069227 -0.819043 0.2934 0.2934 0.3035
v -1.003115 2.167495 -0.732996 0.2934 0.2934 0.3035
v -1.853129 -1.930000 -0.660025 0.2934 0.2934 0.3035
v -3.428361 0.043023 -0.786440 0.2934 0.2934 0.3035
v -1.734052 -1.930000 -0.732996 0.2934 0.2934 0.3035
v -0.618840 -0.516688 -0.079227 0.2934 0.2934 0.3035
v -1.605025 -1.930000 -0.786440 0.2934 0.2934 0.3035
v -2.993435 1.569987 -0.344052 0.2934 0.2934 0.3035
v -1.469227 -1.930000 -0.819043 0.2934 0.2934 0.3035
v -3.562487 0.021780 -0.819043 0.2934 0.2934 0.3035
v -0.645215 -0.497525 -0.215025 0.2934 0.2934 0.3035
v -3.058453 1.603115 -0.463129 0.2934 0.2934 0.3035
v -0.688453 -0.466111 -0.344052 0.2934 0.2934 0.3035
v -1.107500 2.091656 -0.786440 0.2934 0.2934 0.3035
v -0.747487 -0.423220 -0.463129 0.2934 0.2934 0.3035
v -3.139267 1.644292 -0.569325 0.2934 0.2934 0.3035
v -0.820865 -0.369908 -0.569325 0.2934 0.2934 0.3035
v -3.837513 -2.798220 -0.079227 0.2934 0.2934 0.3035
v -3.832413 -2.766020 -0.215025 0.2934 0.2934 0.3035
v -2.198220 -1.792487 -0.079227 0.2934 0.2934 0.3035
v -1.217363 2.011835 -0.819043 0.2934 0.2934 0.3035
v -2.166020 -1.797587 -0.215025 0.2934 0.2934 0.3035
v -0.906780 -0.307488 -0.660025 0.2934 0.2934 0.3035
v -3.824052 -2.713233 -0.344052 0.2934 0.2934 0.3035
v -2.113233 -1.805948 -0.344052 0.2934 0.2934 0.3035
v -3.233889 1.692504 -0.660025 0.2934 0.2934 0.3035
v -2.041161 -1.817363 -0.463129 0.2934 0.2934 0.3035
v -3.812637 -2.641160 -0.463129 0.2934 0.2934 0.3035
v -1.951578 -1.831552 -0.569325 0.2934 0.2934 0.3035
v -1.846689 -1.848164 -0.660025 0.2934 0.2934 0.3035
v -1.003115 -0.237496 -0.732996 0.2934 0.2934 0.3035
v -3.798448 -2.551577 -0.569325 0.2934 0.2934 0.3035
v -1.729077 -1.866792 -0.732996 0.2934 0.2934 0.3035
v -1.601639 -1.886976 -0.786440 0.2934 0.2934 0.3035
v -3.339987 1.746564 -0.732996 0.2934 0.2934 0.3035
v -3.781836 -2.446688 -0.660025 0.2934 0.2934 0.3035
v -1.467513 -1.908220 -0.819043 0.2934 0.2934 0.3035
v -1.107500 -0.161656 -0.786440 0.2934 0.2934 0.3035
v -3.763208 -2.329077 -0.732996 0.2934 0.2934 0.3035
v -3.454951 1.805141 -0.786440 0.2934 0.2934 0.3035
v -3.743023 -2.201639 -0.786440 0.2934 0.2934 0.3035
v -1.217363 -0.081835 -0.819043 0.2934 0.2934 0.3035
v -3.721780 -2.067513 -0.819043 0.2934 0.2934 0.3035
v -3.575948 1.866792 -0.819043 0.2934 0.2934 0.3035
v -2.988840 1.413312 -0.079227 0.2934 0.2934 0.3035
v -3.015215 1.432474 -0.215025 0.2934 0.2934 0.3035
v -3.058453 1.463888 -0.344052 0.2934 0.2934 0.3035
v -2.166019 -1.658360 -0.079227 0.2934 0.2934 0.3035
v -2.820957 -0.000000 -0.079227 0.2934 0.2934 0.3035
v -2.135013 -1.668435 -0.215025 0.2934 0.2934 0.3035
v -2.853559 -0.000000 -0.215025 0.2934 0.2934 0.3035
v -3.117487 1.506780 -0.463129 0.2934 0.2934 0.3035
v -2.084184 -1.684950 -0.344052 0.2934 0.2934 0.3035
v -2.014785 -1.707500 -0.463129 0.2934 0.2934 0.3035
v -2.907004 -0.000000 -0.344052 0.2934 0.2934 0.3035
v -1.928524 -1.735527 -0.569325 0.2934 0.2934 0.3035
v -3.190865 1.560092 -0.569325 0.2934 0.2934 0.3035
v -1.827525 -1.768344 -0.660025 0.2934 0.2934 0.3035
v -3.276780 1.622512 -0.660025 0.2934 0.2934 0.3035
v -1.714276 -1.805141 -0.732996 0.2934 0.2934 0.3035
v -2.979975 -0.000000 -0.463129 0.2934 0.2934 0.3035
v -1.591565 -1.845012 -0.786440 0.2934 0.2934 0.3035
v -3.971639 -2.766019 -0.079227 0.2934 0.2934 0.3035
v -3.961565 -2.735013 -0.215025 0.2934 0.2934 0.3035
v -1.462413 -1.886976 -0.819043 0.2934 0.2934 0.3035
v -0.708423 -0.621577 -0.079227 0.2934 0.2934 0.3035
v -3.945050 -2.684184 -0.344052 0.2934 0.2934 0.3035
v -0.731476 -0.598524 -0.215025 0.2934 0.2934 0.3035
v -3.922500 -2.614785 -0.463129 0.2934 0.2934 0.3035
v -3.070675 -0.000000 -0.569325 0.2934 0.2934 0.3035
v -0.769267 -0.560733 -0.344052 0.2934 0.2934 0.3035
v -3.894472 -2.528524 -0.569325 0.2934 0.2934 0.3035
v -0.546767 2.329077 -0.079227 0.2934 0.2934 0.3035
v -3.861656 -2.427525 -0.660025 0.2934 0.2934 0.3035
v -0.820865 -0.509135 -0.463129 0.2934 0.2934 0.3035
v -3.824859 -2.314276 -0.732996 0.2934 0.2934 0.3035
v -2.113233 -1.530923 -0.079227 0.2934 0.2934 0.3035
v -3.784987 -2.191565 -0.786440 0.2934 0.2934 0.3035
v -2.084184 -1.545724 -0.215025 0.2934 0.2934 0.3035
v -3.373116 1.692504 -0.732996 0.2934 0.2934 0.3035
v -2.036565 -1.569987 -0.344052 0.2934 0.2934 0.3035
v -3.176871 -0.000000 -0.660025 0.2934 0.2934 0.3035
v -1.971547 -1.603115 -0.463129 0.2934 0.2934 0.3035
v -3.743024 -2.062413 -0.819043 0.2934 0.2934 0.3035
v -1.890733 -1.644292 -0.569325 0.2934 0.2934 0.3035
v -1.796111 -1.692504 -0.660025 0.2934 0.2934 0.3035
v -0.885000 -0.445000 -0.569325 0.2934 0.2934 0.3035
v -1.690013 -1.746564 -0.732996 0.2934 0.2934 0.3035
v -0.575816 2.314276 -0.215025 0.2934 0.2934 0.3035
v -1.575049 -1.805141 -0.786440 0.2934 0.2934 0.3035
v -0.960092 -0.369908 -0.660025 0.2934 0.2934 0.3035
v -1.454052 -1.866792 -0.819043 0.2934 0.2934 0.3035
v -3.295949 -0.000000 -0.732996 0.2934 0.2934 0.3035
v -1.044292 -0.285708 -0.732996 0.2934 0.2934 0.3035
v -3.424975 -0.000000 -0.786440 0.2934 0.2934 0.3035
v -1.135528 -0.194472 -0.786440 0.2934 0.2934 0.3035
v -3.477500 1.768344 -0.786440 0.2934 0.2934 0.3035
v -1.231552 -0.098448 -0.819043 0.2934 0.2934 0.3035
v -0.623435 2.290013 -0.344052 0.2934 0.2934 0.3035
v -4.099077 -2.713233 -0.079227 0.2934 0.2934 0.3035
v -3.560773 -0.000000 -0.819043 0.2934 0.2934 0.3035
v -3.587363 1.848165 -0.819043 0.2934 0.2934 0.3035
v -4.084276 -2.684184 -0.215025 0.2934 0.2934 0.3035
v -2.041160 -1.413311 -0.079227 0.2934 0.2934 0.3035
v -3.078423 1.308423 -0.079227 0.2934 0.2934 0.3035
v -4.060013 -2.636565 -0.344052 0.2934 0.2934 0.3035
v -2.014785 -1.432474 -0.215025 0.2934 0.2934 0.3035
v -0.688453 2.256885 -0.463129 0.2934 0.2934 0.3035
v -1.971547 -1.463888 -0.344052 0.2934 0.2934 0.3035
v -1.912513 -1.506779 -0.463129 0.2934 0.2934 0.3035
v -4.026885 -2.571547 -0.463129 0.2934 0.2934 0.3035
v -3.101476 1.331476 -0.215025 0.2934 0.2934 0.3035
v -1.839135 -1.560091 -0.569325 0.2934 0.2934 0.3035
v -1.753220 -1.622512 -0.660025 0.2934 0.2934 0.3035
v -3.985708 -2.490733 -0.569325 0.2934 0.2934 0.3035
v -1.656885 -1.692504 -0.732996 0.2934 0.2934 0.3035
v -3.937496 -2.396111 -0.660025 0.2934 0.2934 0.3035
v -1.552500 -1.768344 -0.786440 0.2934 0.2934 0.3035
v -0.769267 2.215708 -0.569325 0.2934 0.2934 0.3035
v -1.442637 -1.848164 -0.819043 0.2934 0.2934 0.3035
v -3.883436 -2.290013 -0.732996 0.2934 0.2934 0.3035
v -3.139267 1.369267 -0.344052 0.2934 0.2934 0.3035
v -0.863889 2.167495 -0.660025 0.2934 0.2934 0.3035
v -3.824859 -2.175049 -0.786440 0.2934 0.2934 0.3035
v -0.969987 2.113436 -0.732996 0.2934 0.2934 0.3035
v -3.763208 -2.054052 -0.819043 0.2934 0.2934 0.3035
v -0.813312 -0.711160 -0.079227 0.2934 0.2934 0.3035
v -3.190865 1.420865 -0.463129 0.2934 0.2934 0.3035
v -3.255000 1.485000 -0.569325 0.2934 0.2934 0.3035
v -0.832475 -0.684785 -0.215025 0.2934 0.2934 0.3035
v -1.084951 2.054859 -0.786440 0.2934 0.2934 0.3035
v -1.951577 -1.308423 -0.079227 0.2934 0.2934 0.3035
v -0.863889 -0.641547 -0.344052 0.2934 0.2934 0.3035
v -1.928524 -1.331475 -0.215025 0.2934 0.2934 0.3035
v -2.831780 -0.137513 -0.079227 0.2934 0.2934 0.3035
v -1.890733 -1.369267 -0.344052 0.2934 0.2934 0.3035
v -0.906780 -0.582513 -0.463129 0.2934 0.2934 0.3035
v -1.839135 -1.420865 -0.463129 0.2934 0.2934 0.3035
v -0.960092 -0.509135 -0.569325 0.2934 0.2934 0.3035
v -1.775000 -1.484999 -0.569325 0.2934 0.2934 0.3035
v -1.205948 1.993208 -0.819043 0.2934 0.2934 0.3035
v -1.699908 -1.560092 -0.660025 0.2934 0.2934 0.3035
v -4.216689 -2.641160 -0.079227 0.2934 0.2934 0.3035
v -1.615708 -1.644292 -0.732996 0.2934 0.2934 0.3035
v -1.022513 -0.423220 -0.660025 0.2934 0.2934 0.3035
v -1.524472 -1.735528 -0.786440 0.2934 0.2934 0.3035
v -4.197526 -2.614785 -0.215025 0.2934 0.2934 0.3035
v -1.428448 -1.831552 -0.819043 0.2934 0.2934 0.3035
v -2.863981 -0.132413 -0.215025 0.2934 0.2934 0.3035
v -4.166111 -2.571547 -0.344052 0.2934 0.2934 0.3035
v -1.092505 -0.326885 -0.732996 0.2934 0.2934 0.3035
v -4.123220 -2.512513 -0.463129 0.2934 0.2934 0.3035
v -3.330092 1.560092 -0.660025 0.2934 0.2934 0.3035
v -4.069908 -2.439135 -0.569325 0.2934 0.2934 0.3035
v -1.168344 -0.222500 -0.786440 0.2934 0.2934 0.3035
v -2.916767 -0.124052 -0.344052 0.2934 0.2934 0.3035
v -4.007488 -2.353220 -0.660025 0.2934 0.2934 0.3035
v -2.988840 -0.112637 -0.463129 0.2934 0.2934 0.3035
v -3.937496 -2.256885 -0.732996 0.2934 0.2934 0.3035
v -1.846688 -1.218839 -0.079227 0.2934 0.2934 0.3035
v -1.248165 -0.112637 -0.819043 0.2934 0.2934 0.3035
v -1.827525 -1.245214 -0.215025 0.2934 0.2934 0.3035
v -3.861656 -2.152500 -0.786440 0.2934 0.2934 0.3035
v -3.781836 -2.042637 -0.819043 0.2934 0.2934 0.3035
v -1.796111 -1.288452 -0.344052 0.2934 0.2934 0.3035
v -3.414292 1.644292 -0.732996 0.2934 0.2934 0.3035
v -1.753220 -1.347487 -0.463129 0.2934 0.2934 0.3035
v -1.699908 -1.420865 -0.569325 0.2934 0.2934 0.3035
v -3.078423 -0.098448 -0.569325 0.2934 0.2934 0.3035
v -1.637487 -1.506779 -0.660025 0.2934 0.2934 0.3035
v -3.505528 1.735528 -0.786440 0.2934 0.2934 0.3035
v -1.567496 -1.603115 -0.732996 0.2934 0.2934 0.3035
v -3.601552 1.831552 -0.819043 0.2934 0.2934 0.3035
v -1.491656 -1.707500 -0.786440 0.2934 0.2934 0.3035
v -3.183312 -0.081835 -0.660025 0.2934 0.2934 0.3035
v -1.411835 -1.817363 -0.819043 0.2934 0.2934 0.3035
v -3.300923 -0.063208 -0.732996 0.2934 0.2934 0.3035
v -3.183312 1.218840 -0.079227 0.2934 0.2934 0.3035
v -3.428361 -0.043023 -0.786440 0.2934 0.2934 0.3035
v -3.202475 1.245215 -0.215025 0.2934 0.2934 0.3035
v -3.233889 1.288453 -0.344052 0.2934 0.2934 0.3035
v -0.930923 -0.783233 -0.079227 0.2934 0.2934 0.3035
v -4.321577 -2.551577 -0.079227 0.2934 0.2934 0.3035
v -3.562487 -0.021780 -0.819043 0.2934 0.2934 0.3035
v -4.298524 -2.528524 -0.215025 0.2934 0.2934 0.3035
v -0.945724 -0.754184 -0.215025 0.2934 0.2934 0.3035
v -3.276780 1.347487 -0.463129 0.2934 0.2934 0.3035
v -1.729077 -1.146767 -0.079227 0.2934 0.2934 0.3035
v -4.260733 -2.490733 -0.344052 0.2934 0.2934 0.3035
v -1.714276 -1.175815 -0.215025 0.2934 0.2934 0.3035
v -3.330092 1.420865 -0.569325 0.2934 0.2934 0.3035
v -1.690013 -1.223435 -0.344052 0.2934 0.2934 0.3035
v -4.209135 -2.439135 -0.463129 0.2934 0.2934 0.3035
v -1.656885 -1.288452 -0.463129 0.2934 0.2934 0.3035
v -4.145000 -2.375000 -0.569325 0.2934 0.2934 0.3035
v -0.969987 -0.706565 -0.344052 0.2934 0.2934 0.3035
v -1.615708 -1.369267 -0.569325 0.2934 0.2934 0.3035
v -1.567495 -1.463888 -0.660025 0.2934 0.2934 0.3035
v -3.392513 1.506780 -0.660025 0.2934 0.2934 0.3035
v -1.513436 -1.569987 -0.732996 0.2934 0.2934 0.3035
v -4.069908 -2.299908 -0.660025 0.2934 0.2934 0.3035
v -1.003115 -0.641547 -0.463129 0.2934 0.2934 0.3035
v -1.454859 -1.684951 -0.786440 0.2934 0.2934 0.3035
v -3.985708 -2.215708 -0.732996 0.2934 0.2934 0.3035
v -1.393208 -1.805948 -0.819043 0.2934 0.2934 0.3035
v -3.894472 -2.124472 -0.786440 0.2934 0.2934 0.3035
v -1.044292 -0.560733 -0.569325 0.2934 0.2934 0.3035
v -3.462504 1.603115 -0.732996 0.2934 0.2934 0.3035
v -3.798448 -2.028448 -0.819043 0.2934 0.2934 0.3035
v -3.538344 1.707500 -0.786440 0.2934 0.2934 0.3035
v -1.092505 -0.466111 -0.660025 0.2934 0.2934 0.3035
v -1.146564 -0.360013 -0.732996 0.2934 0.2934 0.3035
v -0.493981 2.201639 -0.079227 0.2934 0.2934 0.3035
v -1.205141 -0.245049 -0.786440 0.2934 0.2934 0.3035
v -0.524987 2.191565 -0.215025 0.2934 0.2934 0.3035
v -1.601639 -1.093981 -0.079227 0.2934 0.2934 0.3035
v -1.266792 -0.124052 -0.819043 0.2934 0.2934 0.3035
v -1.591564 -1.124987 -0.215025 0.2934 0.2934 0.3035
v -3.618165 1.817363 -0.819043 0.2934 0.2934 0.3035
v -0.575816 2.175049 -0.344052 0.2934 0.2934 0.3035
v -1.575049 -1.175815 -0.344052 0.2934 0.2934 0.3035
v -3.300923 1.146767 -0.079227 0.2934 0.2934 0.3035
v -1.552500 -1.245215 -0.463129 0.2934 0.2934 0.3035
v -3.315724 1.175816 -0.215025 0.2934 0.2934 0.3035
v -1.524472 -1.331475 -0.569325 0.2934 0.2934 0.3035
v -4.411160 -2.446688 -0.079227 0.2934 0.2934 0.3035
v -1.491656 -1.432474 -0.660025 0.2934 0.2934 0.3035
v -2.863981 -0.271639 -0.079227 0.2934 0.2934 0.3035
v -1.454859 -1.545724 -0.732996 0.2934 0.2934 0.3035
v -1.414987 -1.668435 -0.786440 0.2934 0.2934 0.3035
v -4.384785 -2.427525 -0.215025 0.2934 0.2934 0.3035
v -4.341547 -2.396111 -0.344052 0.2934 0.2934 0.3035
v -1.373023 -1.797587 -0.819043 0.2934 0.2934 0.3035
v -2.894987 -0.261565 -0.215025 0.2934 0.2934 0.3035
v -4.282513 -2.353220 -0.463129 0.2934 0.2934 0.3035
v -0.645215 2.152500 -0.463129 0.2934 0.2934 0.3035
v -4.209135 -2.299908 -0.569325 0.2934 0.2934 0.3035
v -2.945816 -0.245049 -0.344052 0.2934 0.2934 0.3035
v -3.339987 1.223435 -0.344052 0.2934 0.2934 0.3035
v -4.123220 -2.237487 -0.660025 0.2934 0.2934 0.3035
v -4.026885 -2.167495 -0.732996 0.2934 0.2934 0.3035
v -0.731476 2.124472 -0.569325 0.2934 0.2934 0.3035
v -3.922500 -2.091656 -0.786440 0.2934 0.2934 0.3035
v -3.015215 -0.222500 -0.463129 0.2934 0.2934 0.3035
v -1.467512 -1.061780 -0.079227 0.2934 0.2934 0.3035
v -1.462412 -1.093980 -0.215025 0.2934 0.2934 0.3035
v -3.812637 -2.011835 -0.819043 0.2934 0.2934 0.3035
v -1.454052 -1.146767 -0.344052 0.2934 0.2934 0.3035
v -3.101476 -0.194472 -0.569325 0.2934 0.2934 0.3035
v -1.058361 -0.836019 -0.079227 0.2934 0.2934 0.3035
v -1.442637 -1.218839 -0.463129 0.2934 0.2934 0.3035
v -1.428448 -1.308422 -0.569325 0.2934 0.2934 0.3035
v -3.373116 1.288453 -0.463129 0.2934 0.2934 0.3035
v -1.411835 -1.413311 -0.660025 0.2934 0.2934 0.3035
v -1.068436 -0.805013 -0.215025 0.2934 0.2934 0.3035
v -1.393208 -1.530923 -0.732996 0.2934 0.2934 0.3035
v -0.832475 2.091656 -0.660025 0.2934 0.2934 0.3035
v -1.084951 -0.754184 -0.344052 0.2934 0.2934 0.3035
v -1.373023 -1.658361 -0.786440 0.2934 0.2934 0.3035
v -3.202475 -0.161656 -0.660025 0.2934 0.2934 0.3035
v -1.351780 -1.792487 -0.819043 0.2934 0.2934 0.3035
v -1.107500 -0.684785 -0.463129 0.2934 0.2934 0.3035
v -3.315724 -0.124859 -0.732996 0.2934 0.2934 0.3035
v -1.135528 -0.598524 -0.569325 0.2934 0.2934 0.3035
v -0.945724 2.054859 -0.732996 0.2934 0.2934 0.3035
v -1.330000 -1.137003 -0.344052 0.2934 0.2934 0.3035
v -1.168344 -0.497525 -0.660025 0.2934 0.2934 0.3035
v -4.483233 -2.329077 -0.079227 0.2934 0.2934 0.3035
v -1.330000 -1.654975 -0.786440 0.2934 0.2934 0.3035
v -1.330000 -1.790773 -0.819043 0.2934 0.2934 0.3035
v -3.414292 1.369267 -0.569325 0.2934 0.2934 0.3035
v -4.454185 -2.314276 -0.215025 0.2934 0.2934 0.3035
v -1.205141 -0.384276 -0.732996 0.2934 0.2934 0.3035
v -4.406565 -2.290013 -0.344052 0.2934 0.2934 0.3035
v -1.245013 -0.261564 -0.786440 0.2934 0.2934 0.3035
v -4.341547 -2.256885 -0.463129 0.2934 0.2934 0.3035
v -3.438436 -0.084987 -0.786440 0.2934 0.2934 0.3035
v -4.260733 -2.215708 -0.569325 0.2934 0.2934 0.3035
v -4.166111 -2.167495 -0.660025 0.2934 0.2934 0.3035
v -3.567588 -0.043023 -0.819043 0.2934 0.2934 0.3035
v -4.060013 -2.113436 -0.732996 0.2934 0.2934 0.3035
v -1.286977 -0.132413 -0.819043 0.2934 0.2934 0.3035
v -1.068436 2.014987 -0.786440 0.2934 0.2934 0.3035
v -3.945049 -2.054859 -0.786440 0.2934 0.2934 0.3035
v -3.824052 -1.993208 -0.819043 0.2934 0.2934 0.3035
v -3.462505 1.463889 -0.660025 0.2934 0.2934 0.3035
v -1.197588 1.973023 -0.819043 0.2934 0.2934 0.3035
v -3.516564 1.569987 -0.732996 0.2934 0.2934 0.3035
v -3.575141 1.684951 -0.786440 0.2934 0.2934 0.3035
v -3.636792 1.805948 -0.819043 0.2934 0.2934 0.3035
v -3.428361 1.093981 -0.079227 0.2934 0.2934 0.3035
v -3.438436 1.124987 -0.215025 0.2934 0.2934 0.3035
v -3.454951 1.175816 -0.344052 0.2934 0.2934 0.3035
v -3.477500 1.245215 -0.463129 0.2934 0.2934 0.3035
v -1.192488 -0.868220 -0.079227 0.2934 0.2934 0.3035
v -3.505528 1.331476 -0.569325 0.2934 0.2934 0.3035
v -3.538344 1.432475 -0.660025 0.2934 0.2934 0.3035
v -4.536019 -2.201639 -0.079227 0.2934 0.2934 0.3035
v -1.197588 -0.836020 -0.215025 0.2934 0.2934 0.3035
v -4.505013 -2.191564 -0.215025 0.2934 0.2934 0.3035
v -4.454185 -2.175049 -0.344052 0.2934 0.2934 0.3035
v -2.916767 -0.399077 -0.079227 0.2934 0.2934 0.3035
v -1.205948 -0.783233 -0.344052 0.2934 0.2934 0.3035
v -4.384785 -2.152500 -0.463129 0.2934 0.2934 0.3035
v -2.945816 -0.384276 -0.215025 0.2934 0.2934 0.3035
v -4.298524 -2.124472 -0.569325 0.2934 0.2934 0.3035
v -4.197526 -2.091655 -0.660025 0.2934 0.2934 0.3035
v -1.217363 -0.711161 -0.463129 0.2934 0.2934 0.3035
v -4.084276 -2.054859 -0.732996 0.2934 0.2934 0.3035
v -3.575141 1.545724 -0.732996 0.2934 0.2934 0.3035
v -1.231552 -0.621577 -0.569325 0.2934 0.2934 0.3035
v -3.961565 -2.014987 -0.786440 0.2934 0.2934 0.3035
v -1.248165 -0.516688 -0.660025 0.2934 0.2934 0.3035
v -3.832413 -1.973023 -0.819043 0.2934 0.2934 0.3035
v -3.615013 1.668435 -0.786440 0.2934 0.2934 0.3035
v -2.993435 -0.360013 -0.344052 0.2934 0.2934 0.3035
v -1.266793 -0.399077 -0.732996 0.2934 0.2934 0.3035
v -1.286977 -0.271639 -0.786440 0.2934 0.2934 0.3035
v -0.461780 2.067513 -0.079227 0.2934 0.2934 0.3035
v -3.058453 -0.326885 -0.463129 0.2934 0.2934 0.3035
v -1.308220 -0.137513 -0.819043 0.2934 0.2934 0.3035
v -3.139267 -0.285708 -0.569325 0.2934 0.2934 0.3035
v -3.656977 1.797587 -0.819043 0.2934 0.2934 0.3035
v -3.233889 -0.237496 -0.660025 0.2934 0.2934 0.3035
v -4.568220 -2.067512 -0.079227 0.2934 0.2934 0.3035
v -0.493981 2.062413 -0.215025 0.2934 0.2934 0.3035
v -3.562488 1.061780 -0.079227 0.2934 0.2934 0.3035
v -4.536020 -2.062412 -0.215025 0.2934 0.2934 0.3035
v -3.339987 -0.183436 -0.732996 0.2934 0.2934 0.3035
v -4.483233 -2.054052 -0.344052 0.2934 0.2934 0.3035
v -0.546767 2.054052 -0.344052 0.2934 0.2934 0.3035
v -4.411161 -2.042637 -0.463129 0.2934 0.2934 0.3035
v -4.321578 -2.028448 -0.569325 0.2934 0.2934 0.3035
v -3.454951 -0.124859 -0.786440 0.2934 0.2934 0.3035
v -4.216689 -2.011835 -0.660025 0.2934 0.2934 0.3035
v -3.575948 -0.063208 -0.819043 0.2934 0.2934 0.3035
v -4.099077 -1.993207 -0.732996 0.2934 0.2934 0.3035
v -3.567588 1.093980 -0.215025 0.2934 0.2934 0.3035
v -3.971639 -1.973023 -0.786440 0.2934 0.2934 0.3035
v -0.618840 2.042637 -0.463129 0.2934 0.2934 0.3035
v -3.837513 -1.951780 -0.819043 0.2934 0.2934 0.3035
v -1.330000 -0.879043 -0.079227 0.2934 0.2934 0.3035
v -3.575948 1.146767 -0.344052 0.2934 0.2934 0.3035
v -1.330000 -0.846441 -0.215025 0.2934 0.2934 0.3035
v -0.708423 2.028448 -0.569325 0.2934 0.2934 0.3035
v -1.330000 -0.792996 -0.344052 0.2934 0.2934 0.3035
v -3.587363 1.218839 -0.463129 0.2934 0.2934 0.3035
v -1.330000 -0.720025 -0.463129 0.2934 0.2934 0.3035
v -3.601552 1.308423 -0.569325 0.2934 0.2934 0.3035
v -1.330000 -0.629325 -0.569325 0.2934 0.2934 0.3035
v -1.330000 -0.523129 -0.660025 0.2934 0.2934 0.3035
v -0.813312 2.011835 -0.660025 0.2934 0.2934 0.3035
v -1.330000 -0.404052 -0.732996 0.2934 0.2934 0.3035
v -4.579043 -1.930000 -0.079227 0.2934 0.2934 0.3035
v -0.930923 1.993208 -0.732996 0.2934 0.2934 0.3035
v -4.546441 -1.930000 -0.215025 0.2934 0.2934 0.3035
v -4.492996 -1.930000 -0.344052 0.2934 0.2934 0.3035
v -3.618165 1.413311 -0.660025 0.2934 0.2934 0.3035
v -1.330000 -0.275025 -0.786440 0.2934 0.2934 0.3035
v -4.420025 -1.930000 -0.463129 0.2934 0.2934 0.3035
v -1.330000 -0.139227 -0.819043 0.2934 0.2934 0.3035
v -4.329326 -1.930000 -0.569325 0.2934 0.2934 0.3035
v -4.223129 -1.930000 -0.660025 0.2934 0.2934 0.3035
v -1.058361 1.973023 -0.786440 0.2934 0.2934 0.3035
v -3.636792 1.530923 -0.732996 0.2934 0.2934 0.3035
v -4.104052 -1.930000 -0.732996 0.2934 0.2934 0.3035
v -3.656977 1.658361 -0.786440 0.2934 0.2934 0.3035
v -3.975025 -1.930000 -0.786440 0.2934 0.2934 0.3035
v -2.988840 -0.516688 -0.079227 0.2934 0.2934 0.3035
v -3.839227 -1.930000 -0.819043 0.2934 0.2934 0.3035
v -1.192487 1.951780 -0.819043 0.2934 0.2934 0.3035
v -3.015215 -0.497525 -0.215025 0.2934 0.2934 0.3035
v -3.058453 -0.466111 -0.344052 0.2934 0.2934 0.3035
v -3.678220 1.792487 -0.819043 0.2934 0.2934 0.3035
v -3.117487 -0.423220 -0.463129 0.2934 0.2934 0.3035
v -3.700000 1.050957 -0.079227 0.2934 0.2934 0.3035
v -3.190865 -0.369908 -0.569325 0.2934 0.2934 0.3035
v -1.467513 -0.868220 -0.079227 0.2934 0.2934 0.3035
v -3.700000 1.083559 -0.215025 0.2934 0.2934 0.3035
v -3.700000 1.137004 -0.344052 0.2934 0.2934 0.3035
v -4.568220 -1.792487 -0.079227 0.2934 0.2934 0.3035
v -1.462413 -0.836020 -0.215025 0.2934 0.2934 0.3035
v -4.536020 -1.797587 -0.215025 0.2934 0.2934 0.3035
v -3.276780 -0.307488 -0.660025 0.2934 0.2934 0.3035
v -4.483233 -1.805948 -0.344052 0.2934 0.2934 0.3035
v -1.454052 -0.783233 -0.344052 0.2934 0.2934 0.3035
v -4.411161 -1.817363 -0.463129 0.2934 0.2934 0.3035
v -3.700000 1.209975 -0.463129 0.2934 0.2934 0.3035
v -1.442637 -0.711161 -0.463129 0.2934 0.2934 0.3035
v -4.321578 -1.831552 -0.569325 0.2934 0.2934 0.3035
v -4.216689 -1.848164 -0.660025 0.2934 0.2934 0.3035
v -1.428448 -0.621577 -0.569325 0.2934 0.2934 0.3035
v -4.099077 -1.866792 -0.732996 0.2934 0.2934 0.3035
v -3.373116 -0.237496 -0.732996 0.2934 0.2934 0.3035
v -3.971639 -1.886976 -0.786440 0.2934 0.2934 0.3035
v -3.700000 1.300675 -0.569325 0.2934 0.2934 0.3035
v -1.411836 -0.516688 -0.660025 0.2934 0.2934 0.3035
v -3.837513 -1.908220 -0.819043 0.2934 0.2934 0.3035
v -1.393208 -0.399077 -0.732996 0.2934 0.2934 0.3035
v -3.477500 -0.161656 -0.786440 0.2934 0.2934 0.3035
v -1.373024 -0.271639 -0.786440 0.2934 0.2934 0.3035
v -3.700000 1.406871 -0.660025 0.2934 0.2934 0.3035
v -3.587363 -0.081835 -0.819043 0.2934 0.2934 0.3035
v -1.351780 -0.137513 -0.819043 0.2934 0.2934 0.3035
v -3.700000 1.525948 -0.732996 0.2934 0.2934 0.3035
v -3.700000 1.654975 -0.786440 0.2934 0.2934 0.3035
v -3.700000 1.790773 -0.819043 0.2934 0.2934 0.3035
v -3.837513 1.061780 -0.079227 0.2934 0.2934 0.3035
v -0.450957 1.930000 -0.079227 0.2934 0.2934 0.3035
v -4.536019 -1.658360 -0.079227 0.2934 0.2934 0.3035
v -4.505013 -1.668435 -0.215025 0.2934 0.2934 0.3035
v -3.832413 1.093980 -0.215025 0.2934 0.2934 0.3035
v -0.483559 1.930000 -0.215025 0.2934 0.2934 0.3035
v -4.454185 -1.684950 -0.344052 0.2934 0.2934 0.3035
v -0.537004 1.930000 -0.344052 0.2934 0.2934 0.3035
v -4.384785 -1.707500 -0.463129 0.2934 0.2934 0.3035
v -3.824052 1.146767 -0.344052 0.2934 0.2934 0.3035
v -4.298524 -1.735527 -0.569325 0.2934 0.2934 0.3035
v -4.197526 -1.768344 -0.660025 0.2934 0.2934 0.3035
v -3.812637 1.218839 -0.463129 0.2934 0.2934 0.3035
v -3.078423 -0.621577 -0.079227 0.2934 0.2934 0.3035
v -4.084276 -1.805141 -0.732996 0.2934 0.2934 0.3035
v -1.601639 -0.836019 -0.079227 0.2934 0.2934 0.3035
v -3.961565 -1.845012 -0.786440 0.2934 0.2934 0.3035
v -1.591565 -0.805013 -0.215025 0.2934 0.2934 0.3035
v -3.832412 -1.886976 -0.819043 0.2934 0.2934 0.3035
v -0.609975 1.930000 -0.463129 0.2934 0.2934 0.3035
v -1.575050 -0.754184 -0.344052 0.2934 0.2934 0.3035
v -3.101476 -0.598524 -0.215025 0.2934 0.2934 0.3035
v -1.552500 -0.684785 -0.463129 0.2934 0.2934 0.3035
v -3.798448 1.308423 -0.569325 0.2934 0.2934 0.3035
v -3.139267 -0.560733 -0.344052 0.2934 0.2934 0.3035
v -1.524472 -0.598524 -0.569325 0.2934 0.2934 0.3035
v -1.491656 -0.497525 -0.660025 0.2934 0.2934 0.3035
v -0.700675 1.930000 -0.569325 0.2934 0.2934 0.3035
v -3.781836 1.413311 -0.660025 0.2934 0.2934 0.3035
v -1.454859 -0.384276 -0.732996 0.2934 0.2934 0.3035
v -4.483232 -1.530923 -0.079227 0.2934 0.2934 0.3035
v -1.414988 -0.261564 -0.786440 0.2934 0.2934 0.3035
v -4.454185 -1.545724 -0.215025 0.2934 0.2934 0.3035
v -3.190865 -0.509135 -0.463129 0.2934 0.2934 0.3035
v -4.406565 -1.569987 -0.344052 0.2934 0.2934 0.3035
v -4.341547 -1.603115 -0.463129 0.2934 0.2934 0.3035
v -1.373024 -0.132413 -0.819043 0.2934 0.2934 0.3035
v -3.255000 -0.445000 -0.569325 0.2934 0.2934 0.3035
v -4.260733 -1.644292 -0.569325 0.2934 0.2934 0.3035
v -4.166111 -1.692504 -0.660025 0.2934 0.2934 0.3035
v -0.806871 1.930000 -0.660025 0.2934 0.2934 0.3035
v -4.060013 -1.746564 -0.732996 0.2934 0.2934 0.3035
v -0.925948 1.930000 -0.732996 0.2934 0.2934 0.3035
v -3.330092 -0.369908 -0.660025 0.2934 0.2934 0.3035
v -3.945049 -1.805141 -0.786440 0.2934 0.2934 0.3035
v -3.414292 -0.285708 -0.732996 0.2934 0.2934 0.3035
v -3.824052 -1.866792 -0.819043 0.2934 0.2934 0.3035
v -3.763208 1.530923 -0.732996 0.2934 0.2934 0.3035
v -3.505528 -0.194472 -0.786440 0.2934 0.2934 0.3035
v -3.743023 1.658361 -0.786440 0.2934 0.2934 0.3035
v -1.054975 1.930000 -0.786440 0.2934 0.2934 0.3035
v -3.601552 -0.098448 -0.819043 0.2934 0.2934 0.3035
v -1.190773 1.930000 -0.819043 0.2934 0.2934 0.3035
v -1.729077 -0.783233 -0.079227 0.2934 0.2934 0.3035
v -3.721780 1.792487 -0.819043 0.2934 0.2934 0.3035
v -3.971639 1.093981 -0.079227 0.2934 0.2934 0.3035
v -1.714276 -0.754184 -0.215025 0.2934 0.2934 0.3035
v -1.690013 -0.706565 -0.344052 0.2934 0.2934 0.3035
v -4.411160 -1.413311 -0.079227 0.2934 0.2934 0.3035
v -4.384785 -1.432474 -0.215025 0.2934 0.2934 0.3035
v -3.961565 1.124987 -0.215025 0.2934 0.2934 0.3035
v -3.945050 1.175816 -0.344052 0.2934 0.2934 0.3035
v -4.341547 -1.463888 -0.344052 0.2934 0.2934 0.3035
v -1.656885 -0.641547 -0.463129 0.2934 0.2934 0.3035
v -4.282513 -1.506779 -0.463129 0.2934 0.2934 0.3035
v -4.209135 -1.560091 -0.569325 0.2934 0.2934 0.3035
v -3.922500 1.245215 -0.463129 0.2934 0.2934 0.3035
v -1.615708 -0.560733 -0.569325 0.2934 0.2934 0.3035
v -4.123220 -1.622512 -0.660025 0.2934 0.2934 0.3035
v -4.026885 -1.692504 -0.732996 0.2934 0.2934 0.3035
v -1.567496 -0.466111 -0.660025 0.2934 0.2934 0.3035
v -3.894472 1.331476 -0.569325 0.2934 0.2934 0.3035
v -3.922500 -1.768344 -0.786440 0.2934 0.2934 0.3035
v -3.812637 -1.848164 -0.819043 0.2934 0.2934 0.3035
v -3.861656 1.432475 -0.660025 0.2934 0.2934 0.3035
v -1.513436 -0.360013 -0.732996 0.2934 0.2934 0.3035
v -3.824859 1.545724 -0.732996 0.2934 0.2934 0.3035
v -1.454859 -0.245049 -0.786440 0.2934 0.2934 0.3035
v -3.784987 1.668435 -0.786440 0.2934 0.2934 0.3035
v -1.393208 -0.124052 -0.819043 0.2934 0.2934 0.3035
v -3.183312 -0.711160 -0.079227 0.2934 0.2934 0.3035
v -3.743024 1.797587 -0.819043 0.2934 0.2934 0.3035
v -3.202475 -0.684785 -0.215025 0.2934 0.2934 0.3035
v -4.099077 1.146767 -0.079227 0.2934 0.2934 0.3035
v -4.084276 1.175816 -0.215025 0.2934 0.2934 0.3035
v -3.233889 -0.641547 -0.344052 0.2934 0.2934 0.3035
v -4.321577 -1.308423 -0.079227 0.2934 0.2934 0.3035
v -4.298524 -1.331475 -0.215025 0.2934 0.2934 0.3035
v -3.276780 -0.582513 -0.463129 0.2934 0.2934 0.3035
v -4.260733 -1.369267 -0.344052 0.2934 0.2934 0.3035
v -0.461780 1.792487 -0.079227 0.2934 0.2934 0.3035
v -0.493981 1.797587 -0.215025 0.2934 0.2934 0.3035
v -4.209135 -1.420865 -0.463129 0.2934 0.2934 0.3035
v -3.330092 -0.509135 -0.569325 0.2934 0.2934 0.3035
v -4.145000 -1.484999 -0.569325 0.2934 0.2934 0.3035
v -4.069908 -1.560092 -0.660025 0.2934 0.2934 0.3035
v -4.060013 1.223435 -0.344052 0.2934 0.2934 0.3035
v -3.985708 -1.644292 -0.732996 0.2934 0.2934 0.3035
v -1.846689 -0.711160 -0.079227 0.2934 0.2934 0.3035
v -3.894472 -1.735528 -0.786440 0.2934 0.2934 0.3035
v -1.827526 -0.684785 -0.215025 0.2934 0.2934 0.3035
v -3.798448 -1.831552 -0.819043 0.2934 0.2934 0.3035
v -3.392513 -0.423220 -0.660025 0.2934 0.2934 0.3035
v -3.462504 -0.326885 -0.732996 0.2934 0.2934 0.3035
v -1.796112 -0.641547 -0.344052 0.2934 0.2934 0.3035
v -0.546767 1.805948 -0.344052 0.2934 0.2934 0.3035
v -1.753220 -0.582513 -0.463129 0.2934 0.2934 0.3035
v -4.026885 1.288453 -0.463129 0.2934 0.2934 0.3035
v -1.699908 -0.509135 -0.569325 0.2934 0.2934 0.3035
v -1.637488 -0.423220 -0.660025 0.2934 0.2934 0.3035
v -3.538344 -0.222500 -0.786440 0.2934 0.2934 0.3035
v -0.618840 1.817363 -0.463129 0.2934 0.2934 0.3035
v -1.567496 -0.326885 -0.732996 0.2934 0.2934 0.3035
v -3.618165 -0.112637 -0.819043 0.2934 0.2934 0.3035
v -4.216688 -1.218839 -0.079227 0.2934 0.2934 0.3035
v -1.491656 -0.222500 -0.786440 0.2934 0.2934 0.3035
v -4.197526 -1.245214 -0.215025 0.2934 0.2934 0.3035
v -4.166111 -1.288452 -0.344052 0.2934 0.2934 0.3035
v -3.985708 1.369267 -0.569325 0.2934 0.2934 0.3035
v -4.123220 -1.347487 -0.463129 0.2934 0.2934 0.3035
v -1.411836 -0.112637 -0.819043 0.2934 0.2934 0.3035
v -4.069908 -1.420865 -0.569325 0.2934 0.2934 0.3035
v -3.937496 1.463889 -0.660025 0.2934 0.2934 0.3035
v -4.007487 -1.506779 -0.660025 0.2934 0.2934 0.3035
v -0.708423 1.831552 -0.569325 0.2934 0.2934 0.3035
v -3.937496 -1.603115 -0.732996 0.2934 0.2934 0.3035
v -3.883436 1.569987 -0.732996 0.2934 0.2934 0.3035
v -3.861656 -1.707500 -0.786440 0.2934 0.2934 0.3035
v -0.813312 1.848164 -0.660025 0.2934 0.2934 0.3035
v -3.781836 -1.817363 -0.819043 0.2934 0.2934 0.3035
v -0.930923 1.866792 -0.732996 0.2934 0.2934 0.3035
v -3.824859 1.684951 -0.786440 0.2934 0.2934 0.3035
v -3.763208 1.805948 -0.819043 0.2934 0.2934 0.3035
v -1.058361 1.886976 -0.786440 0.2934 0.2934 0.3035
v -1.192487 1.908220 -0.819043 0.2934 0.2934 0.3035
v -3.300923 -0.783233 -0.079227 0.2934 0.2934 0.3035
v -4.216689 1.218840 -0.079227 0.2934 0.2934 0.3035
v -1.951577 -0.621577 -0.079227 0.2934 0.2934 0.3035
v -3.315724 -0.754184 -0.215025 0.2934 0.2934 0.3035
v -1.928524 -0.598524 -0.215025 0.2934 0.2934 0.3035
v -4.197526 1.245215 -0.215025 0.2934 0.2934 0.3035
v -4.099077 -1.146767 -0.079227 0.2934 0.2934 0.3035
v -1.890733 -0.560733 -0.344052 0.2934 0.2934 0.3035
v -4.084276 -1.175815 -0.215025 0.2934 0.2934 0.3035
v -1.839135 -0.509135 -0.463129 0.2934 0.2934 0.3035
v -3.339987 -0.706565 -0.344052 0.2934 0.2934 0.3035
v -4.060013 -1.223435 -0.344052 0.2934 0.2934 0.3035
v -4.166111 1.288453 -0.344052 0.2934 0.2934 0.3035
v -4.026885 -1.288452 -0.463129 0.2934 0.2934 0.3035
v -3.985708 -1.369267 -0.569325 0.2934 0.2934 0.3035
v -1.775000 -0.445000 -0.569325 0.2934 0.2934 0.3035
v -3.937495 -1.463888 -0.660025 0.2934 0.2934 0.3035
v -1.699908 -0.369908 -0.660025 0.2934 0.2934 0.3035
v -3.373116 -0.641547 -0.463129 0.2934 0.2934 0.3035
v -3.883436 -1.569987 -0.732996 0.2934 0.2934 0.3035
v -4.123220 1.347487 -0.463129 0.2934 0.2934 0.3035
v -3.824859 -1.684951 -0.786440 0.2934 0.2934 0.3035
v -1.615708 -0.285708 -0.732996 0.2934 0.2934 0.3035
v -3.763208 -1.805948 -0.819043 0.2934 0.2934 0.3035
v -4.069908 1.420865 -0.569325 0.2934 0.2934 0.3035
v -1.524472 -0.194472 -0.786440 0.2934 0.2934 0.3035
v -3.414292 -0.560733 -0.569325 0.2934 0.2934 0.3035
v -1.428448 -0.098448 -0.819043 0.2934 0.2934 0.3035
v -3.462505 -0.466111 -0.660025 0.2934 0.2934 0.3035
v -4.007488 1.506780 -0.660025 0.2934 0.2934 0.3035
v -3.937496 1.603115 -0.732996 0.2934 0.2934 0.3035
v -3.516564 -0.360013 -0.732996 0.2934 0.2934 0.3035
v -3.575141 -0.245049 -0.786440 0.2934 0.2934 0.3035
v -3.861656 1.707500 -0.786440 0.2934 0.2934 0.3035
v -3.636792 -0.124052 -0.819043 0.2934 0.2934 0.3035
v -3.971639 -1.093981 -0.079227 0.2934 0.2934 0.3035
v -3.781836 1.817363 -0.819043 0.2934 0.2934 0.3035
v -3.961564 -1.124987 -0.215025 0.2934 0.2934 0.3035
v -4.321577 1.308423 -0.079227 0.2934 0.2934 0.3035
v -3.945049 -1.175815 -0.344052 0.2934 0.2934 0.3035
v -3.922500 -1.245215 -0.463129 0.2934 0.2934 0.3035
v -4.298524 1.331476 -0.215025 0.2934 0.2934 0.3035
v -2.041161 -0.516688 -0.079227 0.2934 0.2934 0.3035
v -3.894472 -1.331475 -0.569325 0.2934 0.2934 0.3035
v -0.493981 1.658361 -0.079227 0.2934 0.2934 0.3035
v -3.861656 -1.432474 -0.660025 0.2934 0.2934 0.3035
v -3.824859 -1.545724 -0.732996 0.2934 0.2934 0.3035
v -2.014785 -0.497525 -0.215025 0.2934 0.2934 0.3035
v -3.784987 -1.668435 -0.786440 0.2934 0.2934 0.3035
v -4.260733 1.369267 -0.344052 0.2934 0.2934 0.3035
v -3.743023 -1.797587 -0.819043 0.2934 0.2934 0.3035
v -0.524987 1.668435 -0.215025 0.2934 0.2934 0.3035
v -1.971548 -0.466111 -0.344052 0.2934 0.2934 0.3035
v -4.209135 1.420865 -0.463129 0.2934 0.2934 0.3035
v -1.912513 -0.423220 -0.463129 0.2934 0.2934 0.3035
v -0.575816 1.684951 -0.344052 0.2934 0.2934 0.3035
v -1.839135 -0.369908 -0.569325 0.2934 0.2934 0.3035
v -1.753221 -0.307487 -0.660025 0.2934 0.2934 0.3035
v -4.145000 1.485000 -0.569325 0.2934 0.2934 0.3035
v -0.645215 1.707500 -0.463129 0.2934 0.2934 0.3035
v -1.656885 -0.237496 -0.732996 0.2934 0.2934 0.3035
v -4.069908 1.560092 -0.660025 0.2934 0.2934 0.3035
v -3.837512 -1.061780 -0.079227 0.2934 0.2934 0.3035
v -1.552500 -0.161656 -0.786440 0.2934 0.2934 0.3035
v -0.731476 1.735528 -0.569325 0.2934 0.2934 0.3035
v -3.832412 -1.093980 -0.215025 0.2934 0.2934 0.3035
v -1.442637 -0.081835 -0.819043 0.2934 0.2934 0.3035
v -3.824052 -1.146767 -0.344052 0.2934 0.2934 0.3035
v -3.812637 -1.218839 -0.463129 0.2934 0.2934 0.3035
v -3.428361 -0.836019 -0.079227 0.2934 0.2934 0.3035
v -3.985708 1.644292 -0.732996 0.2934 0.2934 0.3035
v -3.798448 -1.308422 -0.569325 0.2934 0.2934 0.3035
v -3.438436 -0.805013 -0.215025 0.2934 0.2934 0.3035
v -3.781835 -1.413311 -0.660025 0.2934 0.2934 0.3035
v -3.763208 -1.530923 -0.732996 0.2934 0.2934 0.3035
v -0.832475 1.768344 -0.660025 0.2934 0.2934 0.3035
v -3.454951 -0.754184 -0.344052 0.2934 0.2934 0.3035
v -3.743023 -1.658361 -0.786440 0.2934 0.2934 0.3035
v -3.894472 1.735528 -0.786440 0.2934 0.2934 0.3035
v -3.721780 -1.792487 -0.819043 0.2934 0.2934 0.3035
v -3.477500 -0.684785 -0.463129 0.2934 0.2934 0.3035
v -0.945724 1.805141 -0.732996 0.2934 0.2934 0.3035
v -3.505528 -0.598524 -0.569325 0.2934 0.2934 0.3035
v -3.538344 -0.497525 -0.660025 0.2934 0.2934 0.3035
v -3.798448 1.831552 -0.819043 0.2934 0.2934 0.3035
v -3.700000 -1.137003 -0.344052 0.2934 0.2934 0.3035
v -3.700000 -1.654975 -0.786440 0.2934 0.2934 0.3035
v -2.113233 -0.399077 -0.079227 0.2934 0.2934 0.3035
v -3.700000 -1.790773 -0.819043 0.2934 0.2934 0.3035
v -1.068436 1.845012 -0.786440 0.2934 0.2934 0.3035
v -2.084185 -0.384276 -0.215025 0.2934 0.2934 0.3035
v -2.036565 -0.360013 -0.344052 0.2934 0.2934 0.3035
v -3.575141 -0.384276 -0.732996 0.2934 0.2934 0.3035
v -3.615013 -0.261564 -0.786440 0.2934 0.2934 0.3035
v -1.971547 -0.326885 -0.463129 0.2934 0.2934 0.3035
v -1.890733 -0.285708 -0.569325 0.2934 0.2934 0.3035
v -4.411160 1.413312 -0.079227 0.2934 0.2934 0.3035
v -1.796112 -0.237496 -0.660025 0.2934 0.2934 0.3035
v -3.656977 -0.132413 -0.819043 0.2934 0.2934 0.3035
v -1.690013 -0.183436 -0.732996 0.2934 0.2934 0.3035
v -4.384785 1.432475 -0.215025 0.2934 0.2934 0.3035
v -1.197588 1.886976 -0.819043 0.2934 0.2934 0.3035
v -1.575049 -0.124859 -0.786440 0.2934 0.2934 0.3035
v -4.341547 1.463889 -0.344052 0.2934 0.2934 0.3035
v -1.454052 -0.063208 -0.819043 0.2934 0.2934 0.3035
v -4.282513 1.506780 -0.463129 0.2934 0.2934 0.3035
v -4.209135 1.560092 -0.569325 0.2934 0.2934 0.3035
v -4.123220 1.622512 -0.660025 0.2934 0.2934 0.3035
v -4.026885 1.692504 -0.732996 0.2934 0.2934 0.3035
v -3.922500 1.768344 -0.786440 0.2934 0.2934 0.3035
v -3.812637 1.848165 -0.819043 0.2934 0.2934 0.3035
v -4.483233 1.530923 -0.079227 0.2934 0.2934 0.3035
v -4.454185 1.545724 -0.215025 0.2934 0.2934 0.3035
v -4.406565 1.569987 -0.344052 0.2934 0.2934 0.3035
v -3.562488 -0.868220 -0.079227 0.2934 0.2934 0.3035
v -2.166019 -0.271639 -0.079227 0.2934 0.2934 0.3035
v -0.546767 1.530923 -0.079227 0.2934 0.2934 0.3035
v -3.567588 -0.836020 -0.215025 0.2934 0.2934 0.3035
v -2.135013 -0.261564 -0.215025 0.2934 0.2934 0.3035
v -2.084184 -0.245049 -0.344052 0.2934 0.2934 0.3035
v -4.341547 1.603115 -0.463129 0.2934 0.2934 0.3035
v -2.014785 -0.222500 -0.463129 0.2934 0.2934 0.3035
v -3.575948 -0.783233 -0.344052 0.2934 0.2934 0.3035
v -1.928524 -0.194472 -0.569325 0.2934 0.2934 0.3035
v -3.587363 -0.711161 -0.463129 0.2934 0.2934 0.3035
v -1.827525 -0.161656 -0.660025 0.2934 0.2934 0.3035
v -0.575816 1.545724 -0.215025 0.2934 0.2934 0.3035
v -1.714276 -0.124859 -0.732996 0.2934 0.2934 0.3035
v -3.601552 -0.621577 -0.569325 0.2934 0.2934 0.3035
v -1.591565 -0.084987 -0.786440 0.2934 0.2934 0.3035
v -4.260733 1.644292 -0.569325 0.2934 0.2934 0.3035
v -1.462413 -0.043023 -0.819043 0.2934 0.2934 0.3035
v -0.623435 1.569987 -0.344052 0.2934 0.2934 0.3035
v -3.618165 -0.516688 -0.660025 0.2934 0.2934 0.3035
v -4.166111 1.692504 -0.660025 0.2934 0.2934 0.3035
v -3.636792 -0.399077 -0.732996 0.2934 0.2934 0.3035
v -0.688453 1.603115 -0.463129 0.2934 0.2934 0.3035
v -3.656977 -0.271639 -0.786440 0.2934 0.2934 0.3035
v -3.678220 -0.137513 -0.819043 0.2934 0.2934 0.3035
v -4.060013 1.746564 -0.732996 0.2934 0.2934 0.3035
v -0.769267 1.644292 -0.569325 0.2934 0.2934 0.3035
v -3.945049 1.805141 -0.786440 0.2934 0.2934 0.3035
v -0.863889 1.692504 -0.660025 0.2934 0.2934 0.3035
v -2.198220 -0.137512 -0.079227 0.2934 0.2934 0.3035
v -3.824052 1.866792 -0.819043 0.2934 0.2934 0.3035
v -4.536019 1.658361 -0.079227 0.2934 0.2934 0.3035
v -2.166020 -0.132412 -0.215025 0.2934 0.2934 0.3035
v -0.969987 1.746564 -0.732996 0.2934 0.2934 0.3035
v -2.113233 -0.124052 -0.344052 0.2934 0.2934 0.3035
v -4.505013 1.668436 -0.215025 0.2934 0.2934 0.3035
v -2.041161 -0.112637 -0.463129 0.2934 0.2934 0.3035
v -1.951578 -0.098448 -0.569325 0.2934 0.2934 0.3035
v -1.084951 1.805141 -0.786440 0.2934 0.2934 0.3035
v -1.846689 -0.081835 -0.660025 0.2934 0.2934 0.3035
v -4.454185 1.684951 -0.344052 0.2934 0.2934 0.3035
v -1.205948 1.866792 -0.819043 0.2934 0.2934 0.3035
v -1.729077 -0.063208 -0.732996 0.2934 0.2934 0.3035
v -4.384785 1.707500 -0.463129 0.2934 0.2934 0.3035
v -1.601639 -0.043023 -0.786440 0.2934 0.2934 0.3035
v -1.467513 -0.021780 -0.819043 0.2934 0.2934 0.3035
v -3.700000 -0.879043 -0.079227 0.2934 0.2934 0.3035
v -4.298524 1.735528 -0.569325 0.2934 0.2934 0.3035
v -3.700000 -0.846441 -0.215025 0.2934 0.2934 0.3035
v -4.197526 1.768344 -0.660025 0.2934 0.2934 0.3035
v -3.700000 -0.792996 -0.344052 0.2934 0.2934 0.3035
v -4.084276 1.805141 -0.732996 0.2934 0.2934 0.3035
v -3.700000 -0.720025 -0.463129 0.2934 0.2934 0.3035
v -3.961565 1.845013 -0.786440 0.2934 0.2934 0.3035
v -3.700000 -0.629325 -0.569325 0.2934 0.2934 0.3035
v -3.832413 1.886977 -0.819043 0.2934 0.2934 0.3035
v -3.700000 -0.523129 -0.660025 0.2934 0.2934 0.3035
v -2.209043 0.000000 -0.079227 0.2934 0.2934 0.3035
v -3.700000 -0.404052 -0.732996 0.2934 0.2934 0.3035
v -4.568220 1.792488 -0.079227 0.2934 0.2934 0.3035
v -2.176441 0.000000 -0.215025 0.2934 0.2934 0.3035
v -4.536020 1.797588 -0.215025 0.2934 0.2934 0.3035
v -2.122996 0.000000 -0.344052 0.2934 0.2934 0.3035
v -2.050025 0.000000 -0.463129 0.2934 0.2934 0.3035
v -3.700000 -0.275025 -0.786440 0.2934 0.2934 0.3035
v -3.700000 -0.139227 -0.819043 0.2934 0.2934 0.3035
v -1.959326 0.000000 -0.569325 0.2934 0.2934 0.3035
v -4.483233 1.805948 -0.344052 0.2934 0.2934 0.3035
v -1.853129 0.000000 -0.660025 0.2934 0.2934 0.3035
v -4.411161 1.817363 -0.463129 0.2934 0.2934 0.3035
v -1.734052 0.000000 -0.732996 0.2934 0.2934 0.3035
v -1.605025 0.000000 -0.786440 0.2934 0.2934 0.3035
v -4.321578 1.831552 -0.569325 0.2934 0.2934 0.3035
v -0.618840 1.413312 -0.079227 0.2934 0.2934 0.3035
v -1.469227 0.000000 -0.819043 0.2934 0.2934 0.3035
v -0.645215 1.432474 -0.215025 0.2934 0.2934 0.3035
v -4.216689 1.848165 -0.660025 0.2934 0.2934 0.3035
v -0.688453 1.463888 -0.344052 0.2934 0.2934 0.3035
v -4.099077 1.866792 -0.732996 0.2934 0.2934 0.3035
v -3.971639 1.886977 -0.786440 0.2934 0.2934 0.3035
v -0.747487 1.506780 -0.463129 0.2934 0.2934 0.3035
v -0.820865 1.560092 -0.569325 0.2934 0.2934 0.3035
v -3.837513 -0.868220 -0.079227 0.2934 0.2934 0.3035
v -3.837513 1.908220 -0.819043 0.2934 0.2934 0.3035
v -3.832413 -0.836020 -0.215025 0.2934 0.2934 0.3035
v -0.906780 1.622512 -0.660025 0.2934 0.2934 0.3035
v -2.198220 0.137513 -0.079227 0.2934 0.2934 0.3035
v -3.824052 -0.783233 -0.344052 0.2934 0.2934 0.3035
v -2.166020 0.132413 -0.215025 0.2934 0.2934 0.3035
v -4.579043 1.930000 -0.079227 0.2934 0.2934 0.3035
v -2.113233 0.124052 -0.344052 0.2934 0.2934 0.3035
v -3.812637 -0.711161 -0.463129 0.2934 0.2934 0.3035
v -2.041161 0.112637 -0.463129 0.2934 0.2934 0.3035
v -1.003115 1.692504 -0.732996 0.2934 0.2934 0.3035
v -1.951578 0.098448 -0.569325 0.2934 0.2934 0.3035
v -1.846689 0.081836 -0.660025 0.2934 0.2934 0.3035
v -4.546441 1.930000 -0.215025 0.2934 0.2934 0.3035
v -1.729077 0.063208 -0.732996 0.2934 0.2934 0.3035
v -3.798448 -0.621577 -0.569325 0.2934 0.2934 0.3035
v -1.601639 0.043024 -0.786440 0.2934 0.2934 0.3035
v -3.781836 -0.516688 -0.660025 0.2934 0.2934 0.3035
v -1.467513 0.021780 -0.819043 0.2934 0.2934 0.3035
v -1.107500 1.768344 -0.786440 0.2934 0.2934 0.3035
v -4.492996 1.930000 -0.344052 0.2934 0.2934 0.3035
v -3.763208 -0.399077 -0.732996 0.2934 0.2934 0.3035
v -1.217363 1.848165 -0.819043 0.2934 0.2934 0.3035
v -3.743023 -0.271639 -0.786440 0.2934 0.2934 0.3035
v -4.420025 1.930000 -0.463129 0.2934 0.2934 0.3035
v -3.721780 -0.137513 -0.819043 0.2934 0.2934 0.3035
v -4.329326 1.930000 -0.569325 0.2934 0.2934 0.3035
v -4.223129 1.930000 -0.660025 0.2934 0.2934 0.3035
v -4.104052 1.930000 -0.732996 0.2934 0.2934 0.3035
v -3.975025 1.930000 -0.786440 0.2934 0.2934 0.3035
v -3.839227 1.930000 -0.819043 0.2934 0.2934 0.3035
v -2.166019 0.271639 -0.079227 0.2934 0.2934 0.3035
v -2.135013 0.261565 -0.215025 0.2934 0.2934 0.3035
v -4.568220 2.067513 -0.079227 0.2934 0.2934 0.3035
v -2.084184 0.245050 -0.344052 0.2934 0.2934 0.3035
v -4.536020 2.062413 -0.215025 0.2934 0.2934 0.3035
v -2.014785 0.222500 -0.463129 0.2934 0.2934 0.3035
v -4.483233 2.054052 -0.344052 0.2934 0.2934 0.3035
v -4.411161 2.042637 -0.463129 0.2934 0.2934 0.3035
v -1.928524 0.194473 -0.569325 0.2934 0.2934 0.3035
v -1.827525 0.161656 -0.660025 0.2934 0.2934 0.3035
v -4.321578 2.028448 -0.569325 0.2934 0.2934 0.3035
v -4.216689 2.011836 -0.660025 0.2934 0.2934 0.3035
v -1.714276 0.124859 -0.732996 0.2934 0.2934 0.3035
v -3.971639 -0.836019 -0.079227 0.2934 0.2934 0.3035
v -1.591565 0.084988 -0.786440 0.2934 0.2934 0.3035
v -0.708423 1.308423 -0.079227 0.2934 0.2934 0.3035
v -1.462413 0.043024 -0.819043 0.2934 0.2934 0.3035
v -3.961565 -0.805013 -0.215025 0.2934 0.2934 0.3035
v -3.945050 -0.754184 -0.344052 0.2934 0.2934 0.3035
v -4.099077 1.993208 -0.732996 0.2934 0.2934 0.3035
v -3.922500 -0.684785 -0.463129 0.2934 0.2934 0.3035
v -0.731476 1.331476 -0.215025 0.2934 0.2934 0.3035
v -3.971639 1.973023 -0.786440 0.2934 0.2934 0.3035
v -3.894472 -0.598524 -0.569325 0.2934 0.2934 0.3035
v -3.861656 -0.497525 -0.660025 0.2934 0.2934 0.3035
v -0.769267 1.369267 -0.344052 0.2934 0.2934 0.3035
v -3.837513 1.951780 -0.819043 0.2934 0.2934 0.3035
v -2.113233 0.399077 -0.079227 0.2934 0.2934 0.3035
v -3.824859 -0.384276 -0.732996 0.2934 0.2934 0.3035
v -0.820865 1.420865 -0.463129 0.2934 0.2934 0.3035
v -2.084184 0.384276 -0.215025 0.2934 0.2934 0.3035
v -3.784987 -0.261564 -0.786440 0.2934 0.2934 0.3035
v -2.036565 0.360013 -0.344052 0.2934 0.2934 0.3035
v -3.743024 -0.132413 -0.819043 0.2934 0.2934 0.3035
v -1.971547 0.326885 -0.463129 0.2934 0.2934 0.3035
v -0.885000 1.485000 -0.569325 0.2934 0.2934 0.3035
v -1.890733 0.285708 -0.569325 0.2934 0.2934 0.3035
v -4.536019 2.201639 -0.079227 0.2934 0.2934 0.3035
v -1.796111 0.237496 -0.660025 0.2934 0.2934 0.3035
v -0.960092 1.560092 -0.660025 0.2934 0.2934 0.3035
v -1.690013 0.183436 -0.732996 0.2934 0.2934 0.3035
v -1.575049 0.124859 -0.786440 0.2934 0.2934 0.3035
v -4.505013 2.191565 -0.215025 0.2934 0.2934 0.3035
v -1.044292 1.644292 -0.732996 0.2934 0.2934 0.3035
v -1.454052 0.063208 -0.819043 0.2934 0.2934 0.3035
v -4.454185 2.175050 -0.344052 0.2934 0.2934 0.3035
v -1.135528 1.735528 -0.786440 0.2934 0.2934 0.3035
v -4.384785 2.152500 -0.463129 0.2934 0.2934 0.3035
v -4.298524 2.124473 -0.569325 0.2934 0.2934 0.3035
v -1.231552 1.831552 -0.819043 0.2934 0.2934 0.3035
v -4.197526 2.091656 -0.660025 0.2934 0.2934 0.3035
v -4.099077 -0.783233 -0.079227 0.2934 0.2934 0.3035
v -4.084276 2.054859 -0.732996 0.2934 0.2934 0.3035
v -4.084276 -0.754184 -0.215025 0.2934 0.2934 0.3035
v -3.961565 2.014987 -0.786440 0.2934 0.2934 0.3035
v -2.041160 0.516689 -0.079227 0.2934 0.2934 0.3035
v -4.060013 -0.706565 -0.344052 0.2934 0.2934 0.3035
v -2.014785 0.497526 -0.215025 0.2934 0.2934 0.3035
v -3.832412 1.973023 -0.819043 0.2934 0.2934 0.3035
v -4.026885 -0.641547 -0.463129 0.2934 0.2934 0.3035
v -1.971547 0.466112 -0.344052 0.2934 0.2934 0.3035
v -1.912513 0.423221 -0.463129 0.2934 0.2934 0.3035
v -4.483232 2.329077 -0.079227 0.2934 0.2934 0.3035
v -3.985708 -0.560733 -0.569325 0.2934 0.2934 0.3035
v -1.839135 0.369909 -0.569325 0.2934 0.2934 0.3035
v -1.753220 0.307488 -0.660025 0.2934 0.2934 0.3035
v -4.454185 2.314276 -0.215025 0.2934 0.2934 0.3035
v -4.406565 2.290013 -0.344052 0.2934 0.2934 0.3035
v -1.656885 0.237496 -0.732996 0.2934 0.2934 0.3035
v -1.552500 0.161656 -0.786440 0.2934 0.2934 0.3035
v -3.937496 -0.466111 -0.660025 0.2934 0.2934 0.3035
v -1.442637 0.081836 -0.819043 0.2934 0.2934 0.3035
v -3.883436 -0.360013 -0.732996 0.2934 0.2934 0.3035
v -4.341547 2.256885 -0.463129 0.2934 0.2934 0.3035
v -4.260733 2.215708 -0.569325 0.2934 0.2934 0.3035
v -3.824859 -0.245049 -0.786440 0.2934 0.2934 0.3035
v -4.166111 2.167496 -0.660025 0.2934 0.2934 0.3035
v -3.763208 -0.124052 -0.819043 0.2934 0.2934 0.3035
v -0.813312 1.218840 -0.079227 0.2934 0.2934 0.3035
v -4.060013 2.113436 -0.732996 0.2934 0.2934 0.3035
v -0.832475 1.245215 -0.215025 0.2934 0.2934 0.3035
v -3.945049 2.054859 -0.786440 0.2934 0.2934 0.3035
v -3.824052 1.993208 -0.819043 0.2934 0.2934 0.3035
v -1.951577 0.621577 -0.079227 0.2934 0.2934 0.3035
v -0.863889 1.288453 -0.344052 0.2934 0.2934 0.3035
v -4.411160 2.446689 -0.079227 0.2934 0.2934 0.3035
v -1.928524 0.598524 -0.215025 0.2934 0.2934 0.3035
v -0.906780 1.347487 -0.463129 0.2934 0.2934 0.3035
v -1.890733 0.560733 -0.344052 0.2934 0.2934 0.3035
v -1.839135 0.509135 -0.463129 0.2934 0.2934 0.3035
v -4.384785 2.427526 -0.215025 0.2934 0.2934 0.3035
v -1.775000 0.445001 -0.569325 0.2934 0.2934 0.3035
v -0.960092 1.420865 -0.569325 0.2934 0.2934 0.3035
v -4.216689 -0.711160 -0.079227 0.2934 0.2934 0.3035
v -1.699908 0.369908 -0.660025 0.2934 0.2934 0.3035
v -1.615708 0.285708 -0.732996 0.2934 0.2934 0.3035
v -4.341547 2.396112 -0.344052 0.2934 0.2934 0.3035
v -1.022513 1.506780 -0.660025 0.2934 0.2934 0.3035
v -1.524472 0.194472 -0.786440 0.2934 0.2934 0.3035
v -1.428448 0.098448 -0.819043 0.2934 0.2934 0.3035
v -4.197526 -0.684785 -0.215025 0.2934 0.2934 0.3035
v -1.092505 1.603115 -0.732996 0.2934 0.2934 0.3035
v -4.166111 -0.641547 -0.344052 0.2934 0.2934 0.3035
v -4.123220 -0.582513 -0.463129 0.2934 0.2934 0.3035
v -4.282513 2.353220 -0.463129 0.2934 0.2934 0.3035
v -4.209135 2.299909 -0.569325 0.2934 0.2934 0.3035
v -4.069908 -0.509135 -0.569325 0.2934 0.2934 0.3035
v -4.007488 -0.423220 -0.660025 0.2934 0.2934 0.3035
v -1.168344 1.707500 -0.786440 0.2934 0.2934 0.3035
v -3.937496 -0.326885 -0.732996 0.2934 0.2934 0.3035
v -4.123220 2.237488 -0.660025 0.2934 0.2934 0.3035
v -3.861656 -0.222500 -0.786440 0.2934 0.2934 0.3035
v -1.846688 0.711161 -0.079227 0.2934 0.2934 0.3035
v -1.827525 0.684785 -0.215025 0.2934 0.2934 0.3035
v -1.248165 1.817363 -0.819043 0.2934 0.2934 0.3035
v -3.781836 -0.112637 -0.819043 0.2934 0.2934 0.3035
v -1.796111 0.641548 -0.344052 0.2934 0.2934 0.3035
v -4.026885 2.167496 -0.732996 0.2934 0.2934 0.3035
v -1.753220 0.582513 -0.463129 0.2934 0.2934 0.3035
v -3.922500 2.091656 -0.786440 0.2934 0.2934 0.3035
v -1.699908 0.509135 -0.569325 0.2934 0.2934 0.3035
v -1.637487 0.423221 -0.660025 0.2934 0.2934 0.3035
v -3.812637 2.011835 -0.819043 0.2934 0.2934 0.3035
v -4.321577 2.551577 -0.079227 0.2934 0.2934 0.3035
v -1.567496 0.326885 -0.732996 0.2934 0.2934 0.3035
v -4.298524 2.528524 -0.215025 0.2934 0.2934 0.3035
v -1.491656 0.222500 -0.786440 0.2934 0.2934 0.3035
v -4.260733 2.490733 -0.344052 0.2934 0.2934 0.3035
v -1.411835 0.112637 -0.819043 0.2934 0.2934 0.3035
v -4.209135 2.439135 -0.463129 0.2934 0.2934 0.3035
v -4.145000 2.375000 -0.569325 0.2934 0.2934 0.3035
v -4.069908 2.299908 -0.660025 0.2934 0.2934 0.3035
v -3.985708 2.215708 -0.732996 0.2934 0.2934 0.3035
v -3.894472 2.124472 -0.786440 0.2934 0.2934 0.3035
v -0.930923 1.146767 -0.079227 0.2934 0.2934 0.3035
v -4.321577 -0.621577 -0.079227 0.2934 0.2934 0.3035
v -4.298524 -0.598524 -0.215025 0.2934 0.2934 0.3035
v -3.798448 2.028448 -0.819043 0.2934 0.2934 0.3035
v -4.260733 -0.560733 -0.344052 0.2934 0.2934 0.3035
v -1.729077 0.783233 -0.079227 0.2934 0.2934 0.3035
v -0.945724 1.175816 -0.215025 0.2934 0.2934 0.3035
v -1.714276 0.754185 -0.215025 0.2934 0.2934 0.3035
v -0.969987 1.223435 -0.344052 0.2934 0.2934 0.3035
v -4.209135 -0.509135 -0.463129 0.2934 0.2934 0.3035
v -1.690013 0.706565 -0.344052 0.2934 0.2934 0.3035
v -4.216688 2.641160 -0.079227 0.2934 0.2934 0.3035
v -1.656885 0.641548 -0.463129 0.2934 0.2934 0.3035
v -4.145000 -0.445000 -0.569325 0.2934 0.2934 0.3035
v -1.615708 0.560733 -0.569325 0.2934 0.2934 0.3035
v -1.003115 1.288453 -0.463129 0.2934 0.2934 0.3035
v -1.567495 0.466112 -0.660025 0.2934 0.2934 0.3035
v -4.069908 -0.369908 -0.660025 0.2934 0.2934 0.3035
v -1.513436 0.360013 -0.732996 0.2934 0.2934 0.3035
v -3.985708 -0.285708 -0.732996 0.2934 0.2934 0.3035
v -1.454859 0.245049 -0.786440 0.2934 0.2934 0.3035
v -4.197526 2.614785 -0.215025 0.2934 0.2934 0.3035
v -1.393208 0.124052 -0.819043 0.2934 0.2934 0.3035
v -4.166111 2.571548 -0.344052 0.2934 0.2934 0.3035
v -3.894472 -0.194472 -0.786440 0.2934 0.2934 0.3035
v -1.044292 1.369267 -0.569325 0.2934 0.2934 0.3035
v -3.798448 -0.098448 -0.819043 0.2934 0.2934 0.3035
v -4.123220 2.512513 -0.463129 0.2934 0.2934 0.3035
v -1.092505 1.463889 -0.660025 0.2934 0.2934 0.3035
v -4.069908 2.439135 -0.569325 0.2934 0.2934 0.3035
v -1.146564 1.569987 -0.732996 0.2934 0.2934 0.3035
v -4.007487 2.353220 -0.660025 0.2934 0.2934 0.3035
v -1.205141 1.684951 -0.786440 0.2934 0.2934 0.3035
v -1.601639 0.836019 -0.079227 0.2934 0.2934 0.3035
v -1.266792 1.805948 -0.819043 0.2934 0.2934 0.3035
v -3.937496 2.256885 -0.732996 0.2934 0.2934 0.3035
v -1.591564 0.805013 -0.215025 0.2934 0.2934 0.3035
v -3.861656 2.152500 -0.786440 0.2934 0.2934 0.3035
v -1.575049 0.754185 -0.344052 0.2934 0.2934 0.3035
v -3.781836 2.042637 -0.819043 0.2934 0.2934 0.3035
v -1.552500 0.684785 -0.463129 0.2934 0.2934 0.3035
v -4.099077 2.713233 -0.079227 0.2934 0.2934 0.3035
v -1.524472 0.598525 -0.569325 0.2934 0.2934 0.3035
v -4.411160 -0.516688 -0.079227 0.2934 0.2934 0.3035
v -1.491656 0.497525 -0.660025 0.2934 0.2934 0.3035
v -4.384785 -0.497525 -0.215025 0.2934 0.2934 0.3035
v -1.454859 0.384276 -0.732996 0.2934 0.2934 0.3035
v -4.084276 2.684185 -0.215025 0.2934 0.2934 0.3035
v -1.414987 0.261565 -0.786440 0.2934 0.2934 0.3035
v -4.341547 -0.466111 -0.344052 0.2934 0.2934 0.3035
v -1.373023 0.132413 -0.819043 0.2934 0.2934 0.3035
v -4.060013 2.636565 -0.344052 0.2934 0.2934 0.3035
v -4.282513 -0.423220 -0.463129 0.2934 0.2934 0.3035
v -4.026885 2.571548 -0.463129 0.2934 0.2934 0.3035
v -3.985708 2.490733 -0.569325 0.2934 0.2934 0.3035
v -4.209135 -0.369908 -0.569325 0.2934 0.2934 0.3035
v -3.937495 2.396111 -0.660025 0.2934 0.2934 0.3035
v -4.123220 -0.307487 -0.660025 0.2934 0.2934 0.3035
v -3.883436 2.290013 -0.732996 0.2934 0.2934 0.3035
v -4.026885 -0.237496 -0.732996 0.2934 0.2934 0.3035
v -3.824859 2.175049 -0.786440 0.2934 0.2934 0.3035
v -1.467512 0.868220 -0.079227 0.2934 0.2934 0.3035
v -3.922500 -0.161656 -0.786440 0.2934 0.2934 0.3035
v -1.462412 0.836020 -0.215025 0.2934 0.2934 0.3035
v -3.812637 -0.081835 -0.819043 0.2934 0.2934 0.3035
v -1.454052 0.783233 -0.344052 0.2934 0.2934 0.3035
v -3.763208 2.054052 -0.819043 0.2934 0.2934 0.3035
v -1.442637 0.711161 -0.463129 0.2934 0.2934 0.3035
v -1.058361 1.093981 -0.079227 0.2934 0.2934 0.3035
v -1.428448 0.621578 -0.569325 0.2934 0.2934 0.3035
v -3.971639 2.766019 -0.079227 0.2934 0.2934 0.3035
v -1.068436 1.124987 -0.215025 0.2934 0.2934 0.3035
v -1.411835 0.516689 -0.660025 0.2934 0.2934 0.3035
v -1.084951 1.175816 -0.344052 0.2934 0.2934 0.3035
v -1.393208 0.399077 -0.732996 0.2934 0.2934 0.3035
v -3.961564 2.735013 -0.215025 0.2934 0.2934 0.3035
v -1.373023 0.271639 -0.786440 0.2934 0.2934 0.3035
v -1.107500 1.245215 -0.463129 0.2934 0.2934 0.3035
v -1.351780 0.137513 -0.819043 0.2934 0.2934 0.3035
v -3.945049 2.684185 -0.344052 0.2934 0.2934 0.3035
v -1.135528 1.331476 -0.569325 0.2934 0.2934 0.3035
v -3.922500 2.614785 -0.463129 0.2934 0.2934 0.3035
v -1.168344 1.432475 -0.660025 0.2934 0.2934 0.3035
v -3.894472 2.528524 -0.569325 0.2934 0.2934 0.3035
v -1.330000 0.792996 -0.344052 0.2934 0.2934 0.3035
v -4.483233 -0.399077 -0.079227 0.2934 0.2934 0.3035
v -1.330000 0.275025 -0.786440 0.2934 0.2934 0.3035
v -1.205141 1.545724 -0.732996 0.2934 0.2934 0.3035
v -1.330000 0.139227 -0.819043 0.2934 0.2934 0.3035
v -4.454185 -0.384276 -0.215025 0.2934 0.2934 0.3035
v -3.861656 2.427526 -0.660025 0.2934 0.2934 0.3035
v -4.406565 -0.360013 -0.344052 0.2934 0.2934 0.3035
v -1.245013 1.668435 -0.786440 0.2934 0.2934 0.3035
v -4.341547 -0.326885 -0.463129 0.2934 0.2934 0.3035
v -3.824859 2.314276 -0.732996 0.2934 0.2934 0.3035
v -4.260733 -0.285708 -0.569325 0.2934 0.2934 0.3035
v -1.286977 1.797587 -0.819043 0.2934 0.2934 0.3035
v -4.166111 -0.237496 -0.660025 0.2934 0.2934 0.3035
v -3.784987 2.191565 -0.786440 0.2934 0.2934 0.3035
v -4.060013 -0.183436 -0.732996 0.2934 0.2934 0.3035
v -3.743023 2.062413 -0.819043 0.2934 0.2934 0.3035
v -3.945049 -0.124859 -0.786440 0.2934 0.2934 0.3035
v -3.837512 2.798220 -0.079227 0.2934 0.2934 0.3035
v -3.824052 -0.063208 -0.819043 0.2934 0.2934 0.3035
v -3.832412 2.766020 -0.215025 0.2934 0.2934 0.3035
v -3.824052 2.713233 -0.344052 0.2934 0.2934 0.3035
v -3.812637 2.641161 -0.463129 0.2934 0.2934 0.3035
v -3.798448 2.551578 -0.569325 0.2934 0.2934 0.3035
v -3.781835 2.446689 -0.660025 0.2934 0.2934 0.3035
v -3.763208 2.329077 -0.732996 0.2934 0.2934 0.3035
v -3.743023 2.201639 -0.786440 0.2934 0.2934 0.3035
v -3.721780 2.067513 -0.819043 0.2934 0.2934 0.3035
v -1.192488 1.061780 -0.079227 0.2934 0.2934 0.3035
v -3.700000 2.722996 -0.344052 0.2934 0.2934 0.3035
v -1.197588 1.093980 -0.215025 0.2934 0.2934 0.3035
v -4.536019 -0.271639 -0.079227 0.2934 0.2934 0.3035
v -3.700000 2.205025 -0.786440 0.2934 0.2934 0.3035
v -4.505013 -0.261564 -0.215025 0.2934 0.2934 0.3035
v -1.205948 1.146767 -0.344052 0.2934 0.2934 0.3035
v -4.454185 -0.245049 -0.344052 0.2934 0.2934 0.3035
v -3.700000 2.069227 -0.819043 0.2934 0.2934 0.3035
v -4.384785 -0.222500 -0.463129 0.2934 0.2934 0.3035
v -1.217363 1.218839 -0.463129 0.2934 0.2934 0.3035
v -4.298524 -0.194472 -0.569325 0.2934 0.2934 0.3035
v -4.197526 -0.161656 -0.660025 0.2934 0.2934 0.3035
v -4.585279 1.930000 0.000000 0.2934 0.2934 0.3035
v -4.084276 -0.124859 -0.732996 0.2934 0.2934 0.3035
v -1.231552 1.308423 -0.569325 0.2934 0.2934 0.3035
v -3.961565 -0.084987 -0.786440 0.2934 0.2934 0.3035
v -4.541950 1.656434 0.000000 0.2934 0.2934 0.3035
v -3.832413 -0.043023 -0.819043 0.2934 0.2934 0.3035
v -1.248165 1.413311 -0.660025 0.2934 0.2934 0.3035
v -4.574379 1.791512 0.000000 0.2934 0.2934 0.3035
v -4.574379 2.068488 0.000000 0.2934 0.2934 0.3035
v -1.266793 1.530923 -0.732996 0.2934 0.2934 0.3035
v -1.286977 1.658361 -0.786440 0.2934 0.2934 0.3035
v -4.416205 1.409647 0.000000 0.2934 0.2934 0.3035
v -4.488789 1.528092 0.000000 0.2934 0.2934 0.3035
v -1.308220 1.792487 -0.819043 0.2934 0.2934 0.3035
v -4.488789 2.331908 0.000000 0.2934 0.2934 0.3035
v -4.541950 2.203566 0.000000 0.2934 0.2934 0.3035
v -4.416205 2.450354 0.000000 0.2934 0.2934 0.3035
v -4.568220 -0.137512 -0.079227 0.2934 0.2934 0.3035
v -4.325986 2.555986 0.000000 0.2934 0.2934 0.3035
v -4.220354 1.213795 0.000000 0.2934 0.2934 0.3035
v -4.536020 -0.132412 -0.215025 0.2934 0.2934 0.3035
v -4.483233 -0.124052 -0.344052 0.2934 0.2934 0.3035
v -4.220354 2.646205 0.000000 0.2934 0.2934 0.3035
v -4.411161 -0.112637 -0.463129 0.2934 0.2934 0.3035
v -3.915764 1.074174 0.000000 0.2934 0.2934 0.3035
v -3.838488 1.055621 0.000000 0.2934 0.2934 0.3035
v -4.321578 -0.098448 -0.569325 0.2934 0.2934 0.3035
v -3.838488 2.804379 0.000000 0.2934 0.2934 0.3035
v -4.216689 -0.081835 -0.660025 0.2934 0.2934 0.3035
v -3.973566 1.088050 0.000000 0.2934 0.2934 0.3035
v -4.099077 -0.063208 -0.732996 0.2934 0.2934 0.3035
v -3.971639 -0.043023 -0.786440 0.2934 0.2934 0.3035
v -1.330000 1.050957 -0.079227 0.2934 0.2934 0.3035
v -3.837513 -0.021780 -0.819043 0.2934 0.2934 0.3035
v -3.973566 2.771950 0.000000 0.2934 0.2934 0.3035
v -4.101908 1.141212 0.000000 0.2934 0.2934 0.3035
v -1.330000 1.083559 -0.215025 0.2934 0.2934 0.3035
v -4.101908 2.718789 0.000000 0.2934 0.2934 0.3035
v -1.330000 1.137004 -0.344052 0.2934 0.2934 0.3035
v -1.330000 1.209975 -0.463129 0.2934 0.2934 0.3035
v -4.325986 1.304014 0.000000 0.2934 0.2934 0.3035
v -1.330000 1.300675 -0.569325 0.2934 0.2934 0.3035
v -3.561512 1.055621 0.000000 0.2934 0.2934 0.3035
v -3.561512 2.804379 0.000000 0.2934 0.2934 0.3035
v -1.330000 1.406871 -0.660025 0.2934 0.2934 0.3035
v -4.579043 0.000000 -0.079227 0.2934 0.2934 0.3035
v -3.298092 1.141211 0.000000 0.2934 0.2934 0.3035
v -4.546441 0.000000 -0.215025 0.2934 0.2934 0.3035
v -1.330000 1.525948 -0.732996 0.2934 0.2934 0.3035
v -4.492996 0.000000 -0.344052 0.2934 0.2934 0.3035
v -1.330000 1.654975 -0.786440 0.2934 0.2934 0.3035
v -4.420025 0.000000 -0.463129 0.2934 0.2934 0.3035
v -3.179647 2.646205 0.000000 0.2934 0.2934 0.3035
v -1.330000 1.790773 -0.819043 0.2934 0.2934 0.3035
v -4.329326 0.000000 -0.569325 0.2934 0.2934 0.3035
v -3.179647 1.213795 0.000000 0.2934 0.2934 0.3035
v -4.223129 0.000000 -0.660025 0.2934 0.2934 0.3035
v -4.104052 0.000000 -0.732996 0.2934 0.2934 0.3035
v -3.298092 2.718788 0.000000 0.2934 0.2934 0.3035
v -3.975025 0.000000 -0.786440 0.2934 0.2934 0.3035
v -3.426434 1.088050 0.000000 0.2934 0.2934 0.3035
v -3.426434 2.771949 0.000000 0.2934 0.2934 0.3035
v -3.839227 0.000000 -0.819043 0.2934 0.2934 0.3035
v -2.911211 1.528092 0.000000 0.2934 0.2934 0.3035
v -2.983795 1.409647 0.000000 0.2934 0.2934 0.3035
v -2.983795 2.450353 0.000000 0.2934 0.2934 0.3035
v -2.858051 2.203566 0.000000 0.2934 0.2934 0.3035
v -2.814722 1.930000 0.000000 0.2934 0.2934 0.3035
v -2.825621 1.791512 0.000000 0.2934 0.2934 0.3035
v -2.825621 2.068488 0.000000 0.2934 0.2934 0.3035
v -2.858051 1.656434 0.000000 0.2934 0.2934 0.3035
v -1.467513 1.061780 -0.079227 0.2934 0.2934 0.3035
v -2.911211 2.331908 0.000000 0.2934 0.2934 0.3035
v -4.568220 0.137513 -0.079227 0.2934 0.2934 0.3035
v -1.462413 1.093980 -0.215025 0.2934 0.2934 0.3035
v -4.536020 0.132413 -0.215025 0.2934 0.2934 0.3035
v -3.074014 2.555986 0.000000 0.2934 0.2934 0.3035
v -1.454052 1.146767 -0.344052 0.2934 0.2934 0.3035
v -4.483233 0.124052 -0.344052 0.2934 0.2934 0.3035
v -3.074014 1.304014 0.000000 0.2934 0.2934 0.3035
v -4.411161 0.112637 -0.463129 0.2934 0.2934 0.3035
v -4.321578 0.098448 -0.569325 0.2934 0.2934 0.3035
v -1.442637 1.218839 -0.463129 0.2934 0.2934 0.3035
v -3.700000 1.044722 0.000000 0.2934 0.2934 0.3035
v -4.216689 0.081836 -0.660025 0.2934 0.2934 0.3035
v -4.099077 0.063208 -0.732996 0.2934 0.2934 0.3035
v -1.428448 1.308423 -0.569325 0.2934 0.2934 0.3035
v -3.700000 2.815278 0.000000 0.2934 0.2934 0.3035
v -3.971639 0.043024 -0.786440 0.2934 0.2934 0.3035
v -3.837513 0.021780 -0.819043 0.2934 0.2934 0.3035
v -1.411836 1.413311 -0.660025 0.2934 0.2934 0.3035
v -1.393208 1.530923 -0.732996 0.2934 0.2934 0.3035
v -1.373024 1.658361 -0.786440 0.2934 0.2934 0.3035
v -1.351780 1.792487 -0.819043 0.2934 0.2934 0.3035
v -1.601639 1.093981 -0.079227 0.2934 0.2934 0.3035
v -1.591565 1.124987 -0.215025 0.2934 0.2934 0.3035
v -1.575050 1.175816 -0.344052 0.2934 0.2934 0.3035
v -1.552500 1.245215 -0.463129 0.2934 0.2934 0.3035
v -1.524472 1.331476 -0.569325 0.2934 0.2934 0.3035
v -1.491656 1.432475 -0.660025 0.2934 0.2934 0.3035
v -1.454859 1.545724 -0.732996 0.2934 0.2934 0.3035
v -4.536019 0.271639 -0.079227 0.2934 0.2934 0.3035
v -1.414988 1.668435 -0.786440 0.2934 0.2934 0.3035
v -1.373024 1.797587 -0.819043 0.2934 0.2934 0.3035
v -4.505013 0.261565 -0.215025 0.2934 0.2934 0.3035
v -1.729077 1.146767 -0.079227 0.2934 0.2934 0.3035
v -4.454185 0.245050 -0.344052 0.2934 0.2934 0.3035
v -1.714276 1.175816 -0.215025 0.2934 0.2934 0.3035
v -4.384785 0.222500 -0.463129 0.2934 0.2934 0.3035
v -1.690013 1.223435 -0.344052 0.2934 0.2934 0.3035
v -4.298524 0.194473 -0.569325 0.2934 0.2934 0.3035
v -4.197526 0.161656 -0.660025 0.2934 0.2934 0.3035
v -1.656885 1.288453 -0.463129 0.2934 0.2934 0.3035
v -4.084276 0.124859 -0.732996 0.2934 0.2934 0.3035
v -1.615708 1.369267 -0.569325 0.2934 0.2934 0.3035
v -1.567496 1.463889 -0.660025 0.2934 0.2934 0.3035
v -3.961565 0.084988 -0.786440 0.2934 0.2934 0.3035
v -1.513436 1.569987 -0.732996 0.2934 0.2934 0.3035
v -3.832412 0.043024 -0.819043 0.2934 0.2934 0.3035
v -1.454859 1.684951 -0.786440 0.2934 0.2934 0.3035
v -1.393208 1.805948 -0.819043 0.2934 0.2934 0.3035
v -1.846689 1.218840 -0.079227 0.2934 0.2934 0.3035
v -1.827526 1.245215 -0.215025 0.2934 0.2934 0.3035
v -1.796112 1.288453 -0.344052 0.2934 0.2934 0.3035
v -1.753220 1.347487 -0.463129 0.2934 0.2934 0.3035
v -1.699908 1.420865 -0.569325 0.2934 0.2934 0.3035
v -1.637488 1.506780 -0.660025 0.2934 0.2934 0.3035
v -1.567496 1.603115 -0.732996 0.2934 0.2934 0.3035
v -1.491656 1.707500 -0.786440 0.2934 0.2934 0.3035
v -1.411836 1.817363 -0.819043 0.2934 0.2934 0.3035
v -4.483232 0.399077 -0.079227 0.2934 0.2934 0.3035
v -1.951577 1.308423 -0.079227 0.2934 0.2934 0.3035
v -4.454185 0.384276 -0.215025 0.2934 0.2934 0.3035
v -4.406565 0.360013 -0.344052 0.2934 0.2934 0.3035
v -1.928524 1.331476 -0.215025 0.2934 0.2934 0.3035
v -4.341547 0.326885 -0.463129 0.2934 0.2934 0.3035
v -1.890733 1.369267 -0.344052 0.2934 0.2934 0.3035
v -4.260733 0.285708 -0.569325 0.2934 0.2934 0.3035
v -1.839135 1.420865 -0.463129 0.2934 0.2934 0.3035
v -4.166111 0.237496 -0.660025 0.2934 0.2934 0.3035
v -1.775000 1.485000 -0.569325 0.2934 0.2934 0.3035
v -4.060013 0.183436 -0.732996 0.2934 0.2934 0.3035
v -1.699908 1.560092 -0.660025 0.2934 0.2934 0.3035
v -3.945049 0.124859 -0.786440 0.2934 0.2934 0.3035
v -1.615708 1.644292 -0.732996 0.2934 0.2934 0.3035
v -3.824052 0.063208 -0.819043 0.2934 0.2934 0.3035
v -1.524472 1.735528 -0.786440 0.2934 0.2934 0.3035
v -1.428448 1.831552 -0.819043 0.2934 0.2934 0.3035
v -2.041161 1.413312 -0.079227 0.2934 0.2934 0.3035
v -2.014785 1.432475 -0.215025 0.2934 0.2934 0.3035
v -1.971548 1.463889 -0.344052 0.2934 0.2934 0.3035
v -1.912513 1.506780 -0.463129 0.2934 0.2934 0.3035
v -1.839135 1.560092 -0.569325 0.2934 0.2934 0.3035
v -1.753221 1.622512 -0.660025 0.2934 0.2934 0.3035
v -1.656885 1.692504 -0.732996 0.2934 0.2934 0.3035
v -1.552500 1.768344 -0.786440 0.2934 0.2934 0.3035
v -1.442637 1.848165 -0.819043 0.2934 0.2934 0.3035
v -2.113233 1.530923 -0.079227 0.2934 0.2934 0.3035
v -4.411160 0.516689 -0.079227 0.2934 0.2934 0.3035
v -2.084185 1.545724 -0.215025 0.2934 0.2934 0.3035
v -4.384785 0.497526 -0.215025 0.2934 0.2934 0.3035
v -2.036565 1.569987 -0.344052 0.2934 0.2934 0.3035
v -4.341547 0.466112 -0.344052 0.2934 0.2934 0.3035
v -1.971547 1.603115 -0.463129 0.2934 0.2934 0.3035
v -4.282513 0.423221 -0.463129 0.2934 0.2934 0.3035
v -1.890733 1.644292 -0.569325 0.2934 0.2934 0.3035
v -4.209135 0.369909 -0.569325 0.2934 0.2934 0.3035
v -1.796112 1.692504 -0.660025 0.2934 0.2934 0.3035
v -4.123220 0.307488 -0.660025 0.2934 0.2934 0.3035
v -1.690013 1.746564 -0.732996 0.2934 0.2934 0.3035
v -4.026885 0.237496 -0.732996 0.2934 0.2934 0.3035
v -1.575049 1.805141 -0.786440 0.2934 0.2934 0.3035
v -3.922500 0.161656 -0.786440 0.2934 0.2934 0.3035
v -1.454052 1.866792 -0.819043 0.2934 0.2934 0.3035
v -3.812637 0.081836 -0.819043 0.2934 0.2934 0.3035
v -2.166019 1.658361 -0.079227 0.2934 0.2934 0.3035
v -2.135013 1.668436 -0.215025 0.2934 0.2934 0.3035
v -2.084184 1.684951 -0.344052 0.2934 0.2934 0.3035
v -2.014785 1.707500 -0.463129 0.2934 0.2934 0.3035
v -1.928524 1.735528 -0.569325 0.2934 0.2934 0.3035
v -1.827525 1.768344 -0.660025 0.2934 0.2934 0.3035
v -1.714276 1.805141 -0.732996 0.2934 0.2934 0.3035
v -1.591565 1.845013 -0.786440 0.2934 0.2934 0.3035
v -1.462413 1.886977 -0.819043 0.2934 0.2934 0.3035
v -2.198220 1.792488 -0.079227 0.2934 0.2934 0.3035
v -2.166020 1.797588 -0.215025 0.2934 0.2934 0.3035
v -4.321577 0.621577 -0.079227 0.2934 0.2934 0.3035
v -2.113233 1.805948 -0.344052 0.2934 0.2934 0.3035
v -4.298524 0.598524 -0.215025 0.2934 0.2934 0.3035
v -2.041161 1.817363 -0.463129 0.2934 0.2934 0.3035
v -4.260733 0.560733 -0.344052 0.2934 0.2934 0.3035
v -1.951578 1.831552 -0.569325 0.2934 0.2934 0.3035
v -4.209135 0.509135 -0.463129 0.2934 0.2934 0.3035
v -1.846689 1.848165 -0.660025 0.2934 0.2934 0.3035
v -4.145000 0.445001 -0.569325 0.2934 0.2934 0.3035
v -1.729077 1.866792 -0.732996 0.2934 0.2934 0.3035
v -4.069908 0.369908 -0.660025 0.2934 0.2934 0.3035
v -3.985708 0.285708 -0.732996 0.2934 0.2934 0.3035
v -1.601639 1.886977 -0.786440 0.2934 0.2934 0.3035
v -3.894472 0.194472 -0.786440 0.2934 0.2934 0.3035
v -1.467513 1.908220 -0.819043 0.2934 0.2934 0.3035
v -3.798448 0.098448 -0.819043 0.2934 0.2934 0.3035
v -2.209043 1.930000 -0.079227 0.2934 0.2934 0.3035
v -2.176441 1.930000 -0.215025 0.2934 0.2934 0.3035
v -2.122996 1.930000 -0.344052 0.2934 0.2934 0.3035
v -2.050025 1.930000 -0.463129 0.2934 0.2934 0.3035
v -1.959326 1.930000 -0.569325 0.2934 0.2934 0.3035
v -1.853129 1.930000 -0.660025 0.2934 0.2934 0.3035
v -1.734052 1.930000 -0.732996 0.2934 0.2934 0.3035
v -1.605025 1.930000 -0.786440 0.2934 0.2934 0.3035
v -1.469227 1.930000 -0.819043 0.2934 0.2934 0.3035
v -2.198220 2.067513 -0.079227 0.2934 0.2934 0.3035
v -2.166020 2.062413 -0.215025 0.2934 0.2934 0.3035
v -2.113233 2.054052 -0.344052 0.2934 0.2934 0.3035
v -4.216688 0.711161 -0.079227 0.2934 0.2934 0.3035
v -2.041161 2.042637 -0.463129 0.2934 0.2934 0.3035
v -4.197526 0.684785 -0.215025 0.2934 0.2934 0.3035
v -1.951578 2.028448 -0.569325 0.2934 0.2934 0.3035
v -4.166111 0.641548 -0.344052 0.2934 0.2934 0.3035
v -4.123220 0.582513 -0.463129 0.2934 0.2934 0.3035
v -1.846689 2.011836 -0.660025 0.2934 0.2934 0.3035
v -1.729077 1.993208 -0.732996 0.2934 0.2934 0.3035
v -4.069908 0.509135 -0.569325 0.2934 0.2934 0.3035
v -1.601639 1.973023 -0.786440 0.2934 0.2934 0.3035
v -4.007487 0.423221 -0.660025 0.2934 0.2934 0.3035
v -3.937496 0.326885 -0.732996 0.2934 0.2934 0.3035
v -1.467513 1.951780 -0.819043 0.2934 0.2934 0.3035
v -2.166019 2.201639 -0.079227 0.2934 0.2934 0.3035
v -3.861656 0.222500 -0.786440 0.2934 0.2934 0.3035
v -2.135013 2.191565 -0.215025 0.2934 0.2934 0.3035
v -3.781836 0.112637 -0.819043 0.2934 0.2934 0.3035
v -2.084184 2.175050 -0.344052 0.2934 0.2934 0.3035
v -2.014785 2.152500 -0.463129 0.2934 0.2934 0.3035
v -1.928524 2.124473 -0.569325 0.2934 0.2934 0.3035
v -1.827525 2.091656 -0.660025 0.2934 0.2934 0.3035
v -1.714276 2.054859 -0.732996 0.2934 0.2934 0.3035
v -1.591565 2.014987 -0.786440 0.2934 0.2934 0.3035
v -1.462413 1.973023 -0.819043 0.2934 0.2934 0.3035
v -2.113233 2.329077 -0.079227 0.2934 0.2934 0.3035
v -2.084184 2.314276 -0.215025 0.2934 0.2934 0.3035
v -2.036565 2.290013 -0.344052 0.2934 0.2934 0.3035
v -4.099077 0.783233 -0.079227 0.2934 0.2934 0.3035
v -1.971547 2.256885 -0.463129 0.2934 0.2934 0.3035
v -1.890733 2.215708 -0.569325 0.2934 0.2934 0.3035
v -4.084276 0.754185 -0.215025 0.2934 0.2934 0.3035
v -4.060013 0.706565 -0.344052 0.2934 0.2934 0.3035
v -1.796111 2.167496 -0.660025 0.2934 0.2934 0.3035
v -1.690013 2.113436 -0.732996 0.2934 0.2934 0.3035
v -4.026885 0.641548 -0.463129 0.2934 0.2934 0.3035
v -1.575049 2.054859 -0.786440 0.2934 0.2934 0.3035
v -3.985708 0.560733 -0.569325 0.2934 0.2934 0.3035
v -1.454052 1.993208 -0.819043 0.2934 0.2934 0.3035
v -3.937495 0.466112 -0.660025 0.2934 0.2934 0.3035
v -2.041160 2.446689 -0.079227 0.2934 0.2934 0.3035
v -3.883436 0.360013 -0.732996 0.2934 0.2934 0.3035
v -2.014785 2.427526 -0.215025 0.2934 0.2934 0.3035
v -3.824859 0.245049 -0.786440 0.2934 0.2934 0.3035
v -1.971547 2.396112 -0.344052 0.2934 0.2934 0.3035
v -3.763208 0.124052 -0.819043 0.2934 0.2934 0.3035
v -1.912513 2.353220 -0.463129 0.2934 0.2934 0.3035
v -1.839135 2.299909 -0.569325 0.2934 0.2934 0.3035
v -1.753220 2.237488 -0.660025 0.2934 0.2934 0.3035
v -1.656885 2.167496 -0.732996 0.2934 0.2934 0.3035
v -1.552500 2.091656 -0.786440 0.2934 0.2934 0.3035
v -1.442637 2.011835 -0.819043 0.2934 0.2934 0.3035
v -1.951577 2.551577 -0.079227 0.2934 0.2934 0.3035
v -1.928524 2.528524 -0.215025 0.2934 0.2934 0.3035
v -1.890733 2.490733 -0.344052 0.2934 0.2934 0.3035
v -1.839135 2.439135 -0.463129 0.2934 0.2934 0.3035
v -3.971639 0.836019 -0.079227 0.2934 0.2934 0.3035
v -1.775000 2.375000 -0.569325 0.2934 0.2934 0.3035
v -3.961564 0.805013 -0.215025 0.2934 0.2934 0.3035
v -1.699908 2.299908 -0.660025 0.2934 0.2934 0.3035
v -3.945049 0.754185 -0.344052 0.2934 0.2934 0.3035
v -1.615708 2.215708 -0.732996 0.2934 0.2934 0.3035
v -3.922500 0.684785 -0.463129 0.2934 0.2934 0.3035
v -1.524472 2.124472 -0.786440 0.2934 0.2934 0.3035
v -3.894472 0.598525 -0.569325 0.2934 0.2934 0.3035
v -1.428448 2.028448 -0.819043 0.2934 0.2934 0.3035
v -3.861656 0.497525 -0.660025 0.2934 0.2934 0.3035
v -1.846688 2.641160 -0.079227 0.2934 0.2934 0.3035
v -1.827525 2.614785 -0.215025 0.2934 0.2934 0.3035
v -3.824859 0.384276 -0.732996 0.2934 0.2934 0.3035
v -3.784987 0.261565 -0.786440 0.2934 0.2934 0.3035
v -1.796111 2.571548 -0.344052 0.2934 0.2934 0.3035
v -3.743023 0.132413 -0.819043 0.2934 0.2934 0.3035
v -1.753220 2.512513 -0.463129 0.2934 0.2934 0.3035
v -1.699908 2.439135 -0.569325 0.2934 0.2934 0.3035
v -1.637487 2.353220 -0.660025 0.2934 0.2934 0.3035
v -1.567496 2.256885 -0.732996 0.2934 0.2934 0.3035
v -1.491656 2.152500 -0.786440 0.2934 0.2934 0.3035
v -1.411835 2.042637 -0.819043 0.2934 0.2934 0.3035
v -1.729077 2.713233 -0.079227 0.2934 0.2934 0.3035
v -1.714276 2.684185 -0.215025 0.2934 0.2934 0.3035
v -1.690013 2.636565 -0.344052 0.2934 0.2934 0.3035
v -1.656885 2.571548 -0.463129 0.2934 0.2934 0.3035
v -1.615708 2.490733 -0.569325 0.2934 0.2934 0.3035
v -1.567495 2.396111 -0.660025 0.2934 0.2934 0.3035
v -3.837512 0.868220 -0.079227 0.2934 0.2934 0.3035
v -1.513436 2.290013 -0.732996 0.2934 0.2934 0.3035
v -3.832412 0.836020 -0.215025 0.2934 0.2934 0.3035
v -1.454859 2.175049 -0.786440 0.2934 0.2934 0.3035
v -3.824052 0.783233 -0.344052 0.2934 0.2934 0.3035
v -3.812637 0.711161 -0.463129 0.2934 0.2934 0.3035
v -1.393208 2.054052 -0.819043 0.2934 0.2934 0.3035
v -3.798448 0.621578 -0.569325 0.2934 0.2934 0.3035
v -1.601639 2.766019 -0.079227 0.2934 0.2934 0.3035
v -1.591564 2.735013 -0.215025 0.2934 0.2934 0.3035
v -3.781835 0.516689 -0.660025 0.2934 0.2934 0.3035
v -1.575049 2.684185 -0.344052 0.2934 0.2934 0.3035
v -3.763208 0.399077 -0.732996 0.2934 0.2934 0.3035
v -3.743023 0.271639 -0.786440 0.2934 0.2934 0.3035
v -1.552500 2.614785 -0.463129 0.2934 0.2934 0.3035
v -3.721780 0.137513 -0.819043 0.2934 0.2934 0.3035
v -1.524472 2.528524 -0.569325 0.2934 0.2934 0.3035
v -1.491656 2.427526 -0.660025 0.2934 0.2934 0.3035
v -1.454859 2.314276 -0.732996 0.2934 0.2934 0.3035
v -1.414987 2.191565 -0.786440 0.2934 0.2934 0.3035
v -1.373023 2.062413 -0.819043 0.2934 0.2934 0.3035
v -1.467512 2.798220 -0.079227 0.2934 0.2934 0.3035
v -3.700000 0.792996 -0.344052 0.2934 0.2934 0.3035
v -3.700000 0.275025 -0.786440 0.2934 0.2934 0.3035
v -1.462412 2.766020 -0.215025 0.2934 0.2934 0.3035
v -1.454052 2.713233 -0.344052 0.2934 0.2934 0.3035
v -3.700000 0.139227 -0.819043 0.2934 0.2934 0.3035
v -1.442637 2.641161 -0.463129 0.2934 0.2934 0.3035
v -1.428448 2.551578 -0.569325 0.2934 0.2934 0.3035
v -1.411835 2.446689 -0.660025 0.2934 0.2934 0.3035
v -1.393208 2.329077 -0.732996 0.2934 0.2934 0.3035
v -1.373023 2.201639 -0.786440 0.2934 0.2934 0.3035
v -1.351780 2.067513 -0.819043 0.2934 0.2934 0.3035
v -1.330000 2.722996 -0.344052 0.2934 0.2934 0.3035
v -1.330000 2.205025 -0.786440 0.2934 0.2934 0.3035
v -1.330000 2.069227 -0.819043 0.2934 0.2934 0.3035
v -2.046205 1.409647 0.000000 0.2934 0.2934 0.3035
v -1.850354 1.213795 0.000000 0.2934 0.2934 0.3035
v -1.955986 1.304014 0.000000 0.2934 0.2934 0.3035
v -1.603566 1.088050 0.000000 0.2934 0.2934 0.3035
v -1.330000 1.044722 0.000000 0.2934 0.2934 0.3035
v -1.468488 1.055621 0.000000 0.2934 0.2934 0.3035
v -1.191512 1.055621 0.000000 0.2934 0.2934 0.3035
v -1.731908 1.141212 0.000000 0.2934 0.2934 0.3035
v -1.056434 1.088050 0.000000 0.2934 0.2934 0.3035
v -0.704014 1.304014 0.000000 0.2934 0.2934 0.3035
v -0.809647 1.213795 0.000000 0.2934 0.2934 0.3035
v -0.928092 1.141211 0.000000 0.2934 0.2934 0.3035
v -0.541212 1.528092 0.000000 0.2934 0.2934 0.3035
v -0.455621 1.791512 0.000000 0.2934 0.2934 0.3035
v -0.613795 1.409647 0.000000 0.2934 0.2934 0.3035
v -0.488051 1.656434 0.000000 0.2934 0.2934 0.3035
v -2.118789 1.528092 0.000000 0.2934 0.2934 0.3035
v -0.444722 1.930000 0.000000 0.2934 0.2934 0.3035
v -1.330000 2.815278 0.000000 0.2934 0.2934 0.3035
v -1.468488 2.804379 0.000000 0.2934 0.2934 0.3035
v -2.171950 1.656434 0.000000 0.2934 0.2934 0.3035
v -0.455621 2.068488 0.000000 0.2934 0.2934 0.3035
v -2.204379 1.791512 0.000000 0.2934 0.2934 0.3035
v -1.731908 2.718789 0.000000 0.2934 0.2934 0.3035
v -1.603566 2.771950 0.000000 0.2934 0.2934 0.3035
v -1.056434 2.771949 0.000000 0.2934 0.2934 0.3035
v -1.191512 2.804379 0.000000 0.2934 0.2934 0.3035
v -1.850353 2.646205 0.000000 0.2934 0.2934 0.3035
v -0.928092 2.718788 0.000000 0.2934 0.2934 0.3035
v -0.488051 2.203566 0.000000 0.2934 0.2934 0.3035
v -2.215278 1.930000 0.000000 0.2934 0.2934 0.3035
v -0.541212 2.331908 0.000000 0.2934 0.2934 0.3035
v -2.206559 2.040792 0.000000 0.2934 0.2934 0.3035
v -2.046205 2.450354 0.000000 0.2934 0.2934 0.3035
v -1.955986 2.555986 0.000000 0.2934 0.2934 0.3035
v -0.809647 2.646205 0.000000 0.2934 0.2934 0.3035
v -2.118788 2.331908 0.000000 0.2934 0.2934 0.3035
v -0.704014 2.555986 0.000000 0.2934 0.2934 0.3035
v -2.204379 2.068488 0.000000 0.2934 0.2934 0.3035
v -2.171950 2.203566 0.000000 0.2934 0.2934 0.3035
v -0.613795 2.450353 0.000000 0.2934 0.2934 0.3035
v -4.324951 -0.626871 0.000000 0.2934 0.2934 0.3035
v -3.971506 0.842444 0.000000 0.2934 0.2934 0.3035
v -4.220354 -0.716205 0.000000 0.2934 0.2934 0.3035
v -3.838488 0.874379 0.000000 0.2934 0.2934 0.3035
v -3.973566 -0.841949 0.000000 0.2934 0.2934 0.3035
v -4.101908 -0.788788 0.000000 0.2934 0.2934 0.3035
v -3.838488 -0.874379 0.000000 0.2934 0.2934 0.3035
v -3.700000 0.885278 0.000000 0.2934 0.2934 0.3035
v -3.700000 -0.885278 0.000000 0.2934 0.2934 0.3035
v -3.561512 -0.874379 0.000000 0.2934 0.2934 0.3035
v -3.561512 0.874379 0.000000 0.2934 0.2934 0.3035
v -3.298092 -0.788788 0.000000 0.2934 0.2934 0.3035
v -3.426434 -0.841949 0.000000 0.2934 0.2934 0.3035
v -3.426434 0.841949 0.000000 0.2934 0.2934 0.3035
v -3.298092 0.788788 0.000000 0.2934 0.2934 0.3035
v -3.179647 0.716205 0.000000 0.2934 0.2934 0.3035
v -2.983795 -0.520353 0.000000 0.2934 0.2934 0.3035
v -2.983795 0.520353 0.000000 0.2934 0.2934 0.3035
v -3.074014 -0.625986 0.000000 0.2934 0.2934 0.3035
v -3.074014 0.625986 0.000000 0.2934 0.2934 0.3035
v -2.858051 -0.273566 0.000000 0.2934 0.2934 0.3035
v -2.814722 -0.000000 0.000000 0.2934 0.2934 0.3035
v -2.825621 -0.138488 0.000000 0.2934 0.2934 0.3035
v -2.825621 0.138488 0.000000 0.2934 0.2934 0.3035
v -2.911211 -0.401908 0.000000 0.2934 0.2934 0.3035
v -2.858051 0.273566 0.000000 0.2934 0.2934 0.3035
v -2.911211 0.401908 0.000000 0.2934 0.2934 0.3035
v -3.179647 -0.716205 0.000000 0.2934 0.2934 0.3035
v -4.325986 -0.625986 0.000000 0.2934 0.2934 0.3035
v -3.973566 0.841950 0.000000 0.2934 0.2934 0.3035
v -4.416205 -0.520353 0.000000 0.2934 0.2934 0.3035
v -4.101908 0.788789 0.000000 0.2934 0.2934 0.3035
v -4.488789 -0.401908 0.000000 0.2934 0.2934 0.3035
v -4.220354 0.716205 0.000000 0.2934 0.2934 0.3035
v -4.541950 -0.273566 0.000000 0.2934 0.2934 0.3035
v -4.325986 0.625986 0.000000 0.2934 0.2934 0.3035
v -4.416205 0.520354 0.000000 0.2934 0.2934 0.3035
v -4.574379 -0.138488 0.000000 0.2934 0.2934 0.3035
v -4.488789 0.401908 0.000000 0.2934 0.2934 0.3035
v -4.541950 0.273566 0.000000 0.2934 0.2934 0.3035
v -4.585279 0.000000 0.000000 0.2934 0.2934 0.3035
v -4.574379 0.138488 0.000000 0.2934 0.2934 0.3035
v -1.731908 0.788789 0.000000 0.2934 0.2934 0.3035
v -1.603566 0.841950 0.000000 0.2934 0.2934 0.3035
v -1.955986 0.625986 0.000000 0.2934 0.2934 0.3035
v -1.850353 0.716205 0.000000 0.2934 0.2934 0.3035
v -1.468488 0.874379 0.000000 0.2934 0.2934 0.3035
v -1.426836 0.877657 0.000000 0.2934 0.2934 0.3035
v -2.046205 0.520354 0.000000 0.2934 0.2934 0.3035
v -2.118788 0.401908 0.000000 0.2934 0.2934 0.3035
v -1.330000 0.885278 0.000000 0.2934 0.2934 0.3035
v -2.171950 0.273566 0.000000 0.2934 0.2934 0.3035
v -1.268724 0.880455 0.000000 0.2934 0.2934 0.3035
v -2.204379 0.138488 0.000000 0.2934 0.2934 0.3035
v -1.191512 -0.874379 0.000000 0.2934 0.2934 0.3035
v -0.928092 -0.788788 0.000000 0.2934 0.2934 0.3035
v -1.056434 -0.841949 0.000000 0.2934 0.2934 0.3035
v -0.704014 -0.625986 0.000000 0.2934 0.2934 0.3035
v -0.541212 -0.401908 0.000000 0.2934 0.2934 0.3035
v -0.809647 -0.716205 0.000000 0.2934 0.2934 0.3035
v -0.613795 -0.520353 0.000000 0.2934 0.2934 0.3035
v -2.171950 -0.273566 0.000000 0.2934 0.2934 0.3035
v -2.046205 -0.520353 0.000000 0.2934 0.2934 0.3035
v -2.118789 -0.401908 0.000000 0.2934 0.2934 0.3035
v -1.850354 -0.716205 0.000000 0.2934 0.2934 0.3035
v -1.468488 -0.874379 0.000000 0.2934 0.2934 0.3035
v -1.603566 -0.841949 0.000000 0.2934 0.2934 0.3035
v -1.731908 -0.788788 0.000000 0.2934 0.2934 0.3035
v -1.955986 -0.625986 0.000000 0.2934 0.2934 0.3035
v -0.541212 0.401908 0.000000 0.2934 0.2934 0.3035
v -0.613795 0.520353 0.000000 0.2934 0.2934 0.3035
v -0.444722 -0.000000 0.000000 0.2934 0.2934 0.3035
v -0.455621 0.138488 0.000000 0.2934 0.2934 0.3035
v -0.488051 -0.273566 0.000000 0.2934 0.2934 0.3035
v -0.455621 -0.138488 0.000000 0.2934 0.2934 0.3035
v -0.488051 0.273566 0.000000 0.2934 0.2934 0.3035
v -1.330000 -0.885278 0.000000 0.2934 0.2934 0.3035
v -2.204379 -0.138488 0.000000 0.2934 0.2934 0.3035
v -2.215278 0.000000 0.000000 0.2934 0.2934 0.3035
v -1.191512 0.874379 0.000000 0.2934 0.2934 0.3035
v -0.928092 0.788788 0.000000 0.2934 0.2934 0.3035
v -1.056434 0.841949 0.000000 0.2934 0.2934 0.3035
v -0.704014 0.625986 0.000000 0.2934 0.2934 0.3035
v -0.809647 0.716205 0.000000 0.2934 0.2934 0.3035
v -4.585279 -1.930000 0.000000 0.2934 0.2934 0.3035
v -4.574379 -1.791512 0.000000 0.2934 0.2934 0.3035
v -4.488789 -1.528092 0.000000 0.2934 0.2934 0.3035
v -4.541950 -1.656434 0.000000 0.2934 0.2934 0.3035
v -4.574379 -2.068488 0.000000 0.2934 0.2934 0.3035
v -4.325986 -1.304014 0.000000 0.2934 0.2934 0.3035
v -4.416205 -1.409646 0.000000 0.2934 0.2934 0.3035
v -4.541950 -2.203566 0.000000 0.2934 0.2934 0.3035
v -4.220354 -1.213795 0.000000 0.2934 0.2934 0.3035
v -4.092009 -1.137111 0.000000 0.2934 0.2934 0.3035
v -4.101908 -1.141211 0.000000 0.2934 0.2934 0.3035
v -4.488789 -2.331908 0.000000 0.2934 0.2934 0.3035
v -4.416205 -2.450353 0.000000 0.2934 0.2934 0.3035
v -4.325986 -2.555986 0.000000 0.2934 0.2934 0.3035
v -4.220354 -2.646205 0.000000 0.2934 0.2934 0.3035
v -4.101908 -2.718788 0.000000 0.2934 0.2934 0.3035
v -3.973566 -2.771950 0.000000 0.2934 0.2934 0.3035
v -3.973566 -1.088050 0.000000 0.2934 0.2934 0.3035
v -3.896290 -1.069498 0.000000 0.2934 0.2934 0.3035
v -3.838488 -2.804379 0.000000 0.2934 0.2934 0.3035
v -3.838488 -1.055621 0.000000 0.2934 0.2934 0.3035
v -3.561512 -2.804379 0.000000 0.2934 0.2934 0.3035
v -3.561512 -1.055621 0.000000 0.2934 0.2934 0.3035
v -3.700000 -2.815278 0.000000 0.2934 0.2934 0.3035
v -3.700000 -1.044722 0.000000 0.2934 0.2934 0.3035
v -3.426434 -2.771950 0.000000 0.2934 0.2934 0.3035
v -3.298092 -2.718788 0.000000 0.2934 0.2934 0.3035
v -3.298092 -1.141212 0.000000 0.2934 0.2934 0.3035
v -3.074014 -2.555986 0.000000 0.2934 0.2934 0.3035
v -3.074014 -1.304014 0.000000 0.2934 0.2934 0.3035
v -3.179647 -2.646205 0.000000 0.2934 0.2934 0.3035
v -3.179647 -1.213795 0.000000 0.2934 0.2934 0.3035
v -2.911211 -2.331908 0.000000 0.2934 0.2934 0.3035
v -2.911211 -1.528092 0.000000 0.2934 0.2934 0.3035
v -2.814722 -1.930000 0.000000 0.2934 0.2934 0.3035
v -2.825621 -1.791512 0.000000 0.2934 0.2934 0.3035
v -2.825621 -2.068488 0.000000 0.2934 0.2934 0.3035
v -2.858051 -1.656434 0.000000 0.2934 0.2934 0.3035
v -2.858051 -2.203566 0.000000 0.2934 0.2934 0.3035
v -2.983795 -1.409647 0.000000 0.2934 0.2934 0.3035
v -2.983795 -2.450353 0.000000 0.2934 0.2934 0.3035
v -3.426434 -1.088051 0.000000 0.2934 0.2934 0.3035
v -1.731908 -1.141211 0.000000 0.2934 0.2934 0.3035
v -1.603566 -1.088050 0.000000 0.2934 0.2934 0.3035
v -1.955986 -1.304014 0.000000 0.2934 0.2934 0.3035
v -1.850353 -1.213795 0.000000 0.2934 0.2934 0.3035
v -1.468488 -1.055621 0.000000 0.2934 0.2934 0.3035
v -1.426836 -1.052343 0.000000 0.2934 0.2934 0.3035
v -2.046205 -1.409646 0.000000 0.2934 0.2934 0.3035
v -2.118788 -1.528092 0.000000 0.2934 0.2934 0.3035
v -1.330000 -1.044722 0.000000 0.2934 0.2934 0.3035
v -2.171950 -1.656434 0.000000 0.2934 0.2934 0.3035
v -1.268724 -1.049545 0.000000 0.2934 0.2934 0.3035
v -2.204379 -1.791512 0.000000 0.2934 0.2934 0.3035
v -2.215278 -1.930000 0.000000 0.2934 0.2934 0.3035
v -2.171950 -2.203566 0.000000 0.2934 0.2934 0.3035
v -2.204379 -2.068488 0.000000 0.2934 0.2934 0.3035
v -2.118789 -2.331908 0.000000 0.2934 0.2934 0.3035
v -1.955986 -2.555986 0.000000 0.2934 0.2934 0.3035
v -2.046205 -2.450353 0.000000 0.2934 0.2934 0.3035
v -1.850354 -2.646205 0.000000 0.2934 0.2934 0.3035
v -1.731908 -2.718788 0.000000 0.2934 0.2934 0.3035
v -1.603566 -2.771950 0.000000 0.2934 0.2934 0.3035
v -1.056434 -2.771950 0.000000 0.2934 0.2934 0.3035
v -1.191512 -1.055621 0.000000 0.2934 0.2934 0.3035
v -1.191512 -2.804379 0.000000 0.2934 0.2934 0.3035
v -0.809647 -1.213795 0.000000 0.2934 0.2934 0.3035
v -0.928092 -1.141212 0.000000 0.2934 0.2934 0.3035
v -0.704014 -2.555986 0.000000 0.2934 0.2934 0.3035
v -0.704014 -1.304014 0.000000 0.2934 0.2934 0.3035
v -0.809647 -2.646205 0.000000 0.2934 0.2934 0.3035
v -0.613795 -1.409647 0.000000 0.2934 0.2934 0.3035
v -0.541212 -2.331908 0.000000 0.2934 0.2934 0.3035
v -0.541212 -1.528092 0.000000 0.2934 0.2934 0.3035
v -0.444722 -1.930000 0.000000 0.2934 0.2934 0.3035
v -0.455621 -2.068488 0.000000 0.2934 0.2934 0.3035
v -0.455621 -1.791512 0.000000 0.2934 0.2934 0.3035
v -0.488051 -2.203566 0.000000 0.2934 0.2934 0.3035
v -0.488051 -1.656434 0.000000 0.2934 0.2934 0.3035
v -0.928092 -2.718788 0.000000 0.2934 0.2934 0.3035
v -0.613795 -2.450353 0.000000 0.2934 0.2934 0.3035
v -1.056434 -1.088051 0.000000 0.2934 0.2934 0.3035
v -1.468488 -2.804379 0.000000 0.2934 0.2934 0.3035
v -1.330000 -2.815278 0.000000 0.2934 0.2934 0.3035
v 4.550000 -0.865000 0.000000 0.2934 0.2934 0.3035
v 0.510000 -2.179912 0.000000 0.2934 0.2934 0.3035
v 0.510000 -0.865000 0.000000 0.2934 0.2934 0.3035
v 4.550000 -3.135000 0.000000 0.2934 0.2934 0.3035
v 0.510000 -3.135000 0.000000 0.2934 0.2934 0.3035
v 1.508836 1.590137 0.000000 0.2934 0.2934 0.3035
v 1.228040 1.545663 0.000000 0.2934 0.2934 0.3035
v 1.371960 1.545663 0.000000 0.2934 0.2934 0.3035
v 1.442148 1.562514 0.000000 0.2934 0.2934 0.3035
v 1.300000 1.540000 0.000000 0.2934 0.2934 0.3035
v 1.570381 1.627852 0.000000 0.2934 0.2934 0.3035
v 1.625269 1.674731 0.000000 0.2934 0.2934 0.3035
v 1.672148 1.729619 0.000000 0.2934 0.2934 0.3035
v 1.157852 1.562514 0.000000 0.2934 0.2934 0.3035
v 1.709863 1.791164 0.000000 0.2934 0.2934 0.3035
v 1.737486 1.857852 0.000000 0.2934 0.2934 0.3035
v 1.091164 1.590137 0.000000 0.2934 0.2934 0.3035
v 1.029619 1.627852 0.000000 0.2934 0.2934 0.3035
v 1.754337 1.928040 0.000000 0.2934 0.2934 0.3035
v 0.974731 2.325269 0.000000 0.2934 0.2934 0.3035
v 1.091164 2.409863 0.000000 0.2934 0.2934 0.3035
v 1.029619 2.372148 0.000000 0.2934 0.2934 0.3035
v 1.228040 2.454337 0.000000 0.2934 0.2934 0.3035
v 1.371960 2.454337 0.000000 0.2934 0.2934 0.3035
v 1.442148 2.437486 0.000000 0.2934 0.2934 0.3035
v 1.300000 2.460000 0.000000 0.2934 0.2934 0.3035
v 1.157852 2.437486 0.000000 0.2934 0.2934 0.3035
v 0.875344 2.173123 0.000000 0.2934 0.2934 0.3035
v 0.890137 2.208836 0.000000 0.2934 0.2934 0.3035
v 0.927852 2.270381 0.000000 0.2934 0.2934 0.3035
v 1.508836 2.409863 0.000000 0.2934 0.2934 0.3035
v 0.974731 1.674731 0.000000 0.2934 0.2934 0.3035
v 1.760000 2.000000 0.000000 0.2934 0.2934 0.3035
v 0.845466 2.069451 0.000000 0.2934 0.2934 0.3035
v 0.845663 2.071960 0.000000 0.2934 0.2934 0.3035
v 0.862514 2.142148 0.000000 0.2934 0.2934 0.3035
v 1.625269 2.325269 0.000000 0.2934 0.2934 0.3035
v 1.570381 2.372148 0.000000 0.2934 0.2934 0.3035
v 0.840000 2.000000 0.000000 0.2934 0.2934 0.3035
v 1.672148 2.270381 0.000000 0.2934 0.2934 0.3035
v 0.927852 1.729619 0.000000 0.2934 0.2934 0.3035
v 0.890137 1.791164 0.000000 0.2934 0.2934 0.3035
v 1.754337 2.071960 0.000000 0.2934 0.2934 0.3035
v 1.737486 2.142148 0.000000 0.2934 0.2934 0.3035
v 0.845663 1.928040 0.000000 0.2934 0.2934 0.3035
v 0.862514 1.857852 0.000000 0.2934 0.2934 0.3035
v 1.709863 2.208836 0.000000 0.2934 0.2934 0.3035
v 3.645663 0.528040 0.000000 0.2934 0.2934 0.3035
v 3.640000 0.600000 0.000000 0.2934 0.2934 0.3035
v 3.662514 0.457852 0.000000 0.2934 0.2934 0.3035
v 3.645663 0.671960 0.000000 0.2934 0.2934 0.3035
v 3.662514 0.742148 0.000000 0.2934 0.2934 0.3035
v 3.690137 0.391164 0.000000 0.2934 0.2934 0.3035
v 3.727852 0.870381 0.000000 0.2934 0.2934 0.3035
v 3.727852 0.329619 0.000000 0.2934 0.2934 0.3035
v 3.690137 0.808836 0.000000 0.2934 0.2934 0.3035
v 3.829619 0.227852 0.000000 0.2934 0.2934 0.3035
v 3.829619 0.972148 0.000000 0.2934 0.2934 0.3035
v 3.957852 0.162514 0.000000 0.2934 0.2934 0.3035
v 4.028040 1.054337 0.000000 0.2934 0.2934 0.3035
v 4.028040 0.145663 0.000000 0.2934 0.2934 0.3035
v 3.957852 1.037486 0.000000 0.2934 0.2934 0.3035
v 3.891164 0.190137 0.000000 0.2934 0.2934 0.3035
v 3.891164 1.009863 0.000000 0.2934 0.2934 0.3035
v 3.774731 0.274731 0.000000 0.2934 0.2934 0.3035
v 3.774731 0.925269 0.000000 0.2934 0.2934 0.3035
v 4.242148 0.162514 0.000000 0.2934 0.2934 0.3035
v 4.171960 0.145663 0.000000 0.2934 0.2934 0.3035
v 4.171960 1.054337 0.000000 0.2934 0.2934 0.3035
v 4.308836 1.009863 0.000000 0.2934 0.2934 0.3035
v 4.370381 0.227852 0.000000 0.2934 0.2934 0.3035
v 4.370381 0.972148 0.000000 0.2934 0.2934 0.3035
v 4.308836 0.190137 0.000000 0.2934 0.2934 0.3035
v 4.242148 1.037486 0.000000 0.2934 0.2934 0.3035
v 4.472148 0.329619 0.000000 0.2934 0.2934 0.3035
v 4.509863 0.808836 0.000000 0.2934 0.2934 0.3035
v 4.509863 0.391164 0.000000 0.2934 0.2934 0.3035
v 4.472148 0.870381 0.000000 0.2934 0.2934 0.3035
v 4.537486 0.457852 0.000000 0.2934 0.2934 0.3035
v 4.560000 0.600000 0.000000 0.2934 0.2934 0.3035
v 4.554337 0.671960 0.000000 0.2934 0.2934 0.3035
v 4.554337 0.528040 0.000000 0.2934 0.2934 0.3035
v 4.537486 0.742148 0.000000 0.2934 0.2934 0.3035
v 4.425269 0.274731 0.000000 0.2934 0.2934 0.3035
v 4.425269 0.925269 0.000000 0.2934 0.2934 0.3035
v 4.100000 1.060000 0.000000 0.2934 0.2934 0.3035
v 4.100000 0.140000 0.000000 0.2934 0.2934 0.3035
v 2.257142 1.556679 0.000000 0.2934 0.2934 0.3035
v 2.255845 1.579376 0.000000 0.2934 0.2934 0.3035
v 3.263359 1.038112 0.000000 0.2934 0.2934 0.3035
v 3.258411 1.035225 0.000000 0.2934 0.2934 0.3035
v 2.260941 1.504571 0.000000 0.2934 0.2934 0.3035
v 2.264682 1.461666 0.000000 0.2934 0.2934 0.3035
v 3.181828 1.002906 0.000000 0.2934 0.2934 0.3035
v 3.223735 1.019220 0.000000 0.2934 0.2934 0.3035
v 3.132920 0.983736 0.000000 0.2934 0.2934 0.3035
v 3.092665 0.971637 0.000000 0.2934 0.2934 0.3035
v 2.263810 1.398274 0.000000 0.2934 0.2934 0.3035
v 3.042403 0.957389 0.000000 0.2934 0.2934 0.3035
v 3.000803 0.946232 0.000000 0.2934 0.2934 0.3035
v 2.941530 0.923726 0.000000 0.2934 0.2934 0.3035
v 1.488396 0.001251 0.000000 0.2934 0.2934 0.3035
v 1.496580 -0.044595 0.000000 0.2934 0.2934 0.3035
v 1.490442 0.040103 0.000000 0.2934 0.2934 0.3035
v 1.529837 -0.067882 0.000000 0.2934 0.2934 0.3035
v 1.506262 0.081301 0.000000 0.2934 0.2934 0.3035
v 1.535987 0.141058 0.000000 0.2934 0.2934 0.3035
v 1.569679 -0.068517 0.000000 0.2934 0.2934 0.3035
v 1.600626 -0.049901 0.000000 0.2934 0.2934 0.3035
v 1.635945 -0.009505 0.000000 0.2934 0.2934 0.3035
v 1.672209 0.367959 0.000000 0.2934 0.2934 0.3035
v 1.743445 0.510731 0.000000 0.2934 0.2934 0.3035
v 1.704431 0.425968 0.000000 0.2934 0.2934 0.3035
v 1.729958 0.479889 0.000000 0.2934 0.2934 0.3035
v 1.814833 -0.267439 0.000000 0.2934 0.2934 0.3035
v 1.800612 -0.230215 0.000000 0.2934 0.2934 0.3035
v 1.807516 -0.194763 0.000000 0.2934 0.2934 0.3035
v 1.762598 0.546381 0.000000 0.2934 0.2934 0.3035
v 1.794231 0.604803 0.000000 0.2934 0.2934 0.3035
v 1.673837 0.044534 0.000000 0.2934 0.2934 0.3035
v 1.711693 0.098598 0.000000 0.2934 0.2934 0.3035
v 1.569393 0.198238 0.000000 0.2934 0.2934 0.3035
v 1.749549 0.152663 0.000000 0.2934 0.2934 0.3035
v 1.603894 0.254652 0.000000 0.2934 0.2934 0.3035
v 1.787405 0.206727 0.000000 0.2934 0.2934 0.3035
v 1.638282 0.311144 0.000000 0.2934 0.2934 0.3035
v 1.655046 0.339691 0.000000 0.2934 0.2934 0.3035
v 1.893969 -0.282736 0.000000 0.2934 0.2934 0.3035
v 1.929778 -0.267524 0.000000 0.2934 0.2934 0.3035
v 1.833395 -0.147760 0.000000 0.2934 0.2934 0.3035
v 1.963081 -0.238567 0.000000 0.2934 0.2934 0.3035
v 1.871217 -0.093672 0.000000 0.2934 0.2934 0.3035
v 2.009066 -0.190196 0.000000 0.2934 0.2934 0.3035
v 1.909073 -0.039608 0.000000 0.2934 0.2934 0.3035
v 2.051373 -0.139248 0.000000 0.2934 0.2934 0.3035
v 1.946929 0.014456 0.000000 0.2934 0.2934 0.3035
v 2.022641 0.122584 0.000000 0.2934 0.2934 0.3035
v 1.825261 0.260791 0.000000 0.2934 0.2934 0.3035
v 1.863117 0.314855 0.000000 0.2934 0.2934 0.3035
v 2.060497 0.176648 0.000000 0.2934 0.2934 0.3035
v 2.010612 0.533862 0.000000 0.2934 0.2934 0.3035
v 1.826439 0.662822 0.000000 0.2934 0.2934 0.3035
v 2.047425 0.588657 0.000000 0.2934 0.2934 0.3035
v 1.859678 0.720118 0.000000 0.2934 0.2934 0.3035
v 2.084964 0.642943 0.000000 0.2934 0.2934 0.3035
v 1.893888 0.776735 0.000000 0.2934 0.2934 0.3035
v 1.848089 -0.290725 0.000000 0.2934 0.2934 0.3035
v 1.984785 0.068520 0.000000 0.2934 0.2934 0.3035
v 1.900853 0.369003 0.000000 0.2934 0.2934 0.3035
v 1.938065 0.423518 0.000000 0.2934 0.2934 0.3035
v 1.974440 0.478619 0.000000 0.2934 0.2934 0.3035
v 1.928390 0.833148 0.000000 0.2934 0.2934 0.3035
v 1.962782 0.889638 0.000000 0.2934 0.2934 0.3035
v 1.997057 0.946209 0.000000 0.2934 0.2934 0.3035
v 2.030846 1.003121 0.000000 0.2934 0.2934 0.3035
v 2.063880 1.060562 0.000000 0.2934 0.2934 0.3035
v 2.154601 -0.010101 0.000000 0.2934 0.2934 0.3035
v 2.175694 0.015415 0.000000 0.2934 0.2934 0.3035
v 2.248084 1.349123 0.000000 0.2934 0.2934 0.3035
v 2.247931 1.348548 0.000000 0.2934 0.2934 0.3035
v 2.242862 1.330790 0.000000 0.2934 0.2934 0.3035
v 2.225077 1.305672 0.000000 0.2934 0.2934 0.3035
v 2.320441 0.956054 0.000000 0.2934 0.2934 0.3035
v 2.261121 0.107965 0.000000 0.2934 0.2934 0.3035
v 2.285491 0.131186 0.000000 0.2934 0.2934 0.3035
v 2.219183 0.065535 0.000000 0.2934 0.2934 0.3035
v 2.098474 0.230628 0.000000 0.2934 0.2934 0.3035
v 2.136973 0.284241 0.000000 0.2934 0.2934 0.3035
v 2.312441 0.161377 0.000000 0.2934 0.2934 0.3035
v 2.176310 0.337268 0.000000 0.2934 0.2934 0.3035
v 2.122821 0.697006 0.000000 0.2934 0.2934 0.3035
v 2.330778 0.551393 0.000000 0.2934 0.2934 0.3035
v 2.097492 1.117598 0.000000 0.2934 0.2934 0.3035
v 2.133296 1.173099 0.000000 0.2934 0.2934 0.3035
v 2.170768 1.227431 0.000000 0.2934 0.2934 0.3035
v 2.506614 0.825694 0.000000 0.2934 0.2934 0.3035
v 2.490876 0.977079 0.000000 0.2934 0.2934 0.3035
v 2.424350 0.987284 0.000000 0.2934 0.2934 0.3035
v 2.501239 0.934344 0.000000 0.2934 0.2934 0.3035
v 2.468474 0.992765 0.000000 0.2934 0.2934 0.3035
v 2.885286 0.880960 0.000000 0.2934 0.2934 0.3035
v 2.894416 0.887468 0.000000 0.2934 0.2934 0.3035
v 2.897833 0.889961 0.000000 0.2934 0.2934 0.3035
v 2.900725 0.892138 0.000000 0.2934 0.2934 0.3035
v 2.774576 0.724069 0.000000 0.2934 0.2934 0.3035
v 2.812815 0.777865 0.000000 0.2934 0.2934 0.3035
v 2.850645 0.831947 0.000000 0.2934 0.2934 0.3035
v 2.867311 0.856041 0.000000 0.2934 0.2934 0.3035
v 2.525209 0.415251 0.000000 0.2934 0.2934 0.3035
v 2.566529 0.466889 0.000000 0.2934 0.2934 0.3035
v 2.607966 0.518446 0.000000 0.2934 0.2934 0.3035
v 2.649889 0.569662 0.000000 0.2934 0.2934 0.3035
v 2.692567 0.620350 0.000000 0.2934 0.2934 0.3035
v 2.734668 0.671442 0.000000 0.2934 0.2934 0.3035
v 2.508411 0.889037 0.000000 0.2934 0.2934 0.3035
v 2.356520 0.211084 0.000000 0.2934 0.2934 0.3035
v 2.400024 0.261193 0.000000 0.2934 0.2934 0.3035
v 2.442497 0.312024 0.000000 0.2934 0.2934 0.3035
v 2.483998 0.363536 0.000000 0.2934 0.2934 0.3035
v 2.368634 0.605457 0.000000 0.2934 0.2934 0.3035
v 2.406490 0.659521 0.000000 0.2934 0.2934 0.3035
v 2.445808 0.712576 0.000000 0.2934 0.2934 0.3035
v 2.482819 0.767217 0.000000 0.2934 0.2934 0.3035
v 2.378926 0.978805 0.000000 0.2934 0.2934 0.3035
v 2.092584 -0.087533 0.000000 0.2934 0.2934 0.3035
v 2.133908 -0.035897 0.000000 0.2934 0.2934 0.3035
v 2.215850 0.390153 0.000000 0.2934 0.2934 0.3035
v 2.254750 0.443486 0.000000 0.2934 0.2934 0.3035
v 2.292923 0.497328 0.000000 0.2934 0.2934 0.3035
v 2.160677 0.751070 0.000000 0.2934 0.2934 0.3035
v 2.198533 0.805134 0.000000 0.2934 0.2934 0.3035
v 2.234941 0.860228 0.000000 0.2934 0.2934 0.3035
v 2.273628 0.913694 0.000000 0.2934 0.2934 0.3035
v 2.208650 1.281477 0.000000 0.2934 0.2934 0.3035
v 2.254743 1.598644 0.000000 0.2934 0.2934 0.3035
v 3.316961 1.069427 0.000000 0.2934 0.2934 0.3035
v 2.256027 1.651159 0.000000 0.2934 0.2934 0.3035
v 2.257022 1.696116 0.000000 0.2934 0.2934 0.3035
v 2.260205 1.734173 0.000000 0.2934 0.2934 0.3035
v 2.272322 1.800891 0.000000 0.2934 0.2934 0.3035
v 2.281592 1.845005 0.000000 0.2934 0.2934 0.3035
v 2.346759 1.990483 0.000000 0.2934 0.2934 0.3035
v 2.314090 1.932787 0.000000 0.2934 0.2934 0.3035
v 2.427433 2.095137 0.000000 0.2934 0.2934 0.3035
v 2.384845 2.044387 0.000000 0.2934 0.2934 0.3035
v 2.290915 1.878763 0.000000 0.2934 0.2934 0.3035
v 2.474228 2.142942 0.000000 0.2934 0.2934 0.3035
v 2.500944 2.167805 0.000000 0.2934 0.2934 0.3035
v 2.530545 2.187364 0.000000 0.2934 0.2934 0.3035
v 2.515547 2.177723 0.000000 0.2934 0.2934 0.3035
v 2.633572 2.256921 0.000000 0.2934 0.2934 0.3035
v 2.709002 2.300836 0.000000 0.2934 0.2934 0.3035
v 2.667285 2.273600 0.000000 0.2934 0.2934 0.3035
v 3.050724 2.409863 0.000000 0.2934 0.2934 0.3035
v 3.051345 2.403015 0.000000 0.2934 0.2934 0.3035
v 3.060540 2.385995 0.000000 0.2934 0.2934 0.3035
v 3.048014 2.450742 0.000000 0.2934 0.2934 0.3035
v 3.130352 2.320498 0.000000 0.2934 0.2934 0.3035
v 3.137597 2.319482 0.000000 0.2934 0.2934 0.3035
v 3.125931 2.322972 0.000000 0.2934 0.2934 0.3035
v 3.075132 2.352966 0.000000 0.2934 0.2934 0.3035
v 3.083038 2.348130 0.000000 0.2934 0.2934 0.3035
v 3.065890 2.375036 0.000000 0.2934 0.2934 0.3035
v 3.181466 2.315795 0.000000 0.2934 0.2934 0.3035
v 3.186488 2.315616 0.000000 0.2934 0.2934 0.3035
v 3.047797 2.455482 0.000000 0.2934 0.2934 0.3035
v 2.586287 2.225620 0.000000 0.2934 0.2934 0.3035
v 3.327492 2.310615 0.000000 0.2934 0.2934 0.3035
v 3.383775 1.113534 0.000000 0.2934 0.2934 0.3035
v 3.412706 2.260918 0.000000 0.2934 0.2934 0.3035
v 3.421996 2.250470 0.000000 0.2934 0.2934 0.3035
v 3.442650 2.217105 0.000000 0.2934 0.2934 0.3035
v 3.426953 2.244765 0.000000 0.2934 0.2934 0.3035
v 3.435053 2.235301 0.000000 0.2934 0.2934 0.3035
v 3.426615 1.153789 0.000000 0.2934 0.2934 0.3035
v 3.450027 2.198548 0.000000 0.2934 0.2934 0.3035
v 3.355242 1.093228 0.000000 0.2934 0.2934 0.3035
v 3.287808 2.312078 0.000000 0.2934 0.2934 0.3035
v 3.359209 2.298378 0.000000 0.2934 0.2934 0.3035
v 3.502250 2.076541 0.000000 0.2934 0.2934 0.3035
v 3.496943 2.087652 0.000000 0.2934 0.2934 0.3035
v 3.511766 2.053429 0.000000 0.2934 0.2934 0.3035
v 3.539307 2.031489 0.000000 0.2934 0.2934 0.3035
v 3.507284 1.258446 0.000000 0.2934 0.2934 0.3035
v 3.488021 2.104480 0.000000 0.2934 0.2934 0.3035
v 3.561160 2.012642 0.000000 0.2934 0.2934 0.3035
v 3.568498 2.011561 0.000000 0.2934 0.2934 0.3035
v 3.583532 1.409740 0.000000 0.2934 0.2934 0.3035
v 3.569315 1.376154 0.000000 0.2934 0.2934 0.3035
v 3.591794 1.444241 0.000000 0.2934 0.2934 0.3035
v 3.540404 1.315826 0.000000 0.2934 0.2934 0.3035
v 3.469657 1.204221 0.000000 0.2934 0.2934 0.3035
v 3.226400 2.315082 0.000000 0.2934 0.2934 0.3035
v 3.473895 2.141839 0.000000 0.2934 0.2934 0.3035
v 3.608691 1.509725 0.000000 0.2934 0.2934 0.3035
v 3.621930 1.564864 0.000000 0.2934 0.2934 0.3035
v 3.611539 2.007602 0.000000 0.2934 0.2934 0.3035
v 3.616331 2.007403 0.000000 0.2934 0.2934 0.3035
v 3.637399 1.650765 0.000000 0.2934 0.2934 0.3035
v 3.626074 1.602248 0.000000 0.2934 0.2934 0.3035
v 3.642128 2.015478 0.000000 0.2934 0.2934 0.3035
v 3.699361 1.768522 0.000000 0.2934 0.2934 0.3035
v 3.706605 2.034462 0.000000 0.2934 0.2934 0.3035
v 3.663093 1.713345 0.000000 0.2934 0.2934 0.3035
v 3.692349 2.659687 0.000000 0.2934 0.2934 0.3035
v 3.638282 2.697538 0.000000 0.2934 0.2934 0.3035
v 3.793063 1.841618 0.000000 0.2934 0.2934 0.3035
v 3.873841 1.888063 0.000000 0.2934 0.2934 0.3035
v 3.749208 2.055902 0.000000 0.2934 0.2934 0.3035
v 3.794811 2.575883 0.000000 0.2934 0.2934 0.3035
v 3.866069 2.677651 0.000000 0.2934 0.2934 0.3035
v 3.826791 1.858287 0.000000 0.2934 0.2934 0.3035
v 3.748963 1.814361 0.000000 0.2934 0.2934 0.3035
v 3.666848 2.022016 0.000000 0.2934 0.2934 0.3035
v 3.744683 2.619360 0.000000 0.2934 0.2934 0.3035
v 3.814515 2.719091 0.000000 0.2934 0.2934 0.3035
v 3.760540 2.757074 0.000000 0.2934 0.2934 0.3035
v 3.927034 2.173101 0.000000 0.2934 0.2934 0.3035
v 3.929800 2.423465 0.000000 0.2934 0.2934 0.3035
v 3.974838 2.285826 0.000000 0.2934 0.2934 0.3035
v 3.945821 1.931334 0.000000 0.2934 0.2934 0.3035
v 3.957288 1.938031 0.000000 0.2934 0.2934 0.3035
v 3.963987 2.227797 0.000000 0.2934 0.2934 0.3035
v 3.969158 2.330088 0.000000 0.2934 0.2934 0.3035
v 3.958347 2.372182 0.000000 0.2934 0.2934 0.3035
v 4.166759 2.224996 0.000000 0.2934 0.2934 0.3035
v 4.159954 2.270047 0.000000 0.2934 0.2934 0.3035
v 4.154751 2.174794 0.000000 0.2934 0.2934 0.3035
v 4.148068 2.310605 0.000000 0.2934 0.2934 0.3035
v 4.123910 2.355480 0.000000 0.2934 0.2934 0.3035
v 4.094609 2.406007 0.000000 0.2934 0.2934 0.3035
v 4.076181 2.437223 0.000000 0.2934 0.2934 0.3035
v 4.047116 2.475942 0.000000 0.2934 0.2934 0.3035
v 4.003245 2.528356 0.000000 0.2934 0.2934 0.3035
v 4.043257 2.011149 0.000000 0.2934 0.2934 0.3035
v 4.087598 2.060673 0.000000 0.2934 0.2934 0.3035
v 4.125415 2.114764 0.000000 0.2934 0.2934 0.3035
v 3.880950 2.480098 0.000000 0.2934 0.2934 0.3035
v 3.963029 2.578434 0.000000 0.2934 0.2934 0.3035
v 3.942518 2.606675 0.000000 0.2934 0.2934 0.3035
v 3.915124 2.632640 0.000000 0.2934 0.2934 0.3035
v 3.993068 1.965721 0.000000 0.2934 0.2934 0.3035
v 3.938807 1.927293 0.000000 0.2934 0.2934 0.3035
v 3.804301 2.089763 0.000000 0.2934 0.2934 0.3035
v 3.925673 1.919882 0.000000 0.2934 0.2934 0.3035
v 3.835560 2.108161 0.000000 0.2934 0.2934 0.3035
v 3.873006 2.130360 0.000000 0.2934 0.2934 0.3035
v 3.862150 2.500408 0.000000 0.2934 0.2934 0.3035
v 3.845227 2.521884 0.000000 0.2934 0.2934 0.3035
v 3.045906 2.497092 0.000000 0.2934 0.2934 0.3035
v 2.759020 2.346384 0.000000 0.2934 0.2934 0.3035
v 3.582575 2.733049 0.000000 0.2934 0.2934 0.3035
v 3.067054 2.993858 0.000000 0.2934 0.2934 0.3035
v 3.024538 2.966178 0.000000 0.2934 0.2934 0.3035
v 3.155551 3.002226 0.000000 0.2934 0.2934 0.3035
v 3.200741 2.993205 0.000000 0.2934 0.2934 0.3035
v 3.114400 3.000991 0.000000 0.2934 0.2934 0.3035
v 2.978100 2.918123 0.000000 0.2934 0.2934 0.3035
v 3.268561 2.974995 0.000000 0.2934 0.2934 0.3035
v 3.307979 2.965058 0.000000 0.2934 0.2934 0.3035
v 2.798465 2.399335 0.000000 0.2934 0.2934 0.3035
v 3.705327 2.793289 0.000000 0.2934 0.2934 0.3035
v 3.051482 2.544456 0.000000 0.2934 0.2934 0.3035
v 2.824576 2.461623 0.000000 0.2934 0.2934 0.3035
v 3.524686 2.765443 0.000000 0.2934 0.2934 0.3035
v 3.064485 2.607878 0.000000 0.2934 0.2934 0.3035
v 2.839233 2.549783 0.000000 0.2934 0.2934 0.3035
v 2.835107 2.512387 0.000000 0.2934 0.2934 0.3035
v 3.647868 2.826297 0.000000 0.2934 0.2934 0.3035
v 2.851121 2.604178 0.000000 0.2934 0.2934 0.3035
v 3.071123 2.643517 0.000000 0.2934 0.2934 0.3035
v 3.079116 2.686248 0.000000 0.2934 0.2934 0.3035
v 3.430418 2.802749 0.000000 0.2934 0.2934 0.3035
v 3.425900 2.804626 0.000000 0.2934 0.2934 0.3035
v 3.587733 2.858638 0.000000 0.2934 0.2934 0.3035
v 3.456530 2.794279 0.000000 0.2934 0.2934 0.3035
v 3.420248 2.806991 0.000000 0.2934 0.2934 0.3035
v 3.404994 2.813405 0.000000 0.2934 0.2934 0.3035
v 3.558815 2.874528 0.000000 0.2934 0.2934 0.3035
v 3.552220 2.876425 0.000000 0.2934 0.2934 0.3035
v 2.863283 2.663751 0.000000 0.2934 0.2934 0.3035
v 2.869517 2.699671 0.000000 0.2934 0.2934 0.3035
v 3.100827 2.751617 0.000000 0.2934 0.2934 0.3035
v 3.335113 2.839906 0.000000 0.2934 0.2934 0.3035
v 3.528386 2.882356 0.000000 0.2934 0.2934 0.3035
v 2.883321 2.742774 0.000000 0.2934 0.2934 0.3035
v 3.139330 2.805228 0.000000 0.2934 0.2934 0.3035
v 3.189999 2.835204 0.000000 0.2934 0.2934 0.3035
v 3.277112 2.849207 0.000000 0.2934 0.2934 0.3035
v 3.462526 2.906804 0.000000 0.2934 0.2934 0.3035
v 3.233769 2.844841 0.000000 0.2934 0.2934 0.3035
v 2.940200 2.864089 0.000000 0.2934 0.2934 0.3035
v 2.908853 2.805468 0.000000 0.2934 0.2934 0.3035
v 3.400810 2.933731 0.000000 0.2934 0.2934 0.3035
v 3.341780 2.955797 0.000000 0.2934 0.2934 0.3035
v 0.646886 -2.834858 -0.328194 0.9162 0.9162 0.9212
v 0.766806 -2.839226 -0.368194 0.9162 0.9162 0.9212
v 1.246488 -2.856694 -0.388196 0.9162 0.9162 0.9212
v 3.644898 -2.944034 -0.413204 0.9162 0.9162 0.9212
v 3.844766 -2.951313 -0.418205 0.9162 0.9162 0.9212
v 4.064620 -2.959319 -0.438206 0.9162 0.9162 0.9212
v 4.144567 -2.962230 -0.528206 0.9162 0.9162 0.9212
v 4.204527 -2.964414 -0.533206 0.9162 0.9162 0.9212
v 4.144567 -2.962230 -0.328206 0.9162 0.9162 0.9212
v 0.767304 -2.825554 -0.365782 0.9162 0.9162 0.9212
v 1.247235 -2.836186 -0.384577 0.9162 0.9162 0.9212
v 2.646494 -2.882008 -0.398678 0.9162 0.9162 0.9212
v 3.645956 -2.914982 -0.408078 0.9162 0.9162 0.9212
v 3.845886 -2.920551 -0.412777 0.9162 0.9162 0.9212
v 3.965757 -2.926286 -0.409019 0.9162 0.9162 0.9212
v 4.065989 -2.921722 -0.431572 0.9162 0.9162 0.9212
v 4.147056 -2.893872 -0.516145 0.9162 0.9162 0.9212
v 4.207078 -2.894346 -0.520843 0.9162 0.9162 0.9212
v 4.226692 -2.905328 -0.492653 0.9162 0.9162 0.9212
v 4.185909 -2.926089 -0.431573 0.9162 0.9162 0.9212
v 0.767742 -2.813531 -0.358836 0.9162 0.9162 0.9212
v 1.247892 -2.818152 -0.374158 0.9162 0.9162 0.9212
v 2.647315 -2.859465 -0.385654 0.9162 0.9162 0.9212
v 3.646887 -2.889434 -0.393318 0.9162 0.9162 0.9212
v 3.846871 -2.893500 -0.397149 0.9162 0.9162 0.9212
v 3.966698 -2.900437 -0.394085 0.9162 0.9162 0.9212
v 4.067193 -2.888659 -0.412471 0.9162 0.9162 0.9212
v 4.149245 -2.833758 -0.481415 0.9162 0.9162 0.9212
v 4.209322 -2.832730 -0.485246 0.9162 0.9162 0.9212
v 4.228607 -2.852728 -0.462264 0.9162 0.9162 0.9212
v 4.187114 -2.893026 -0.412471 0.9162 0.9162 0.9212
v 0.768067 -2.804607 -0.348194 0.9162 0.9162 0.9212
v 1.248379 -2.804767 -0.358196 0.9162 0.9162 0.9212
v 2.647924 -2.842734 -0.365701 0.9162 0.9162 0.9212
v 3.647577 -2.870471 -0.370704 0.9162 0.9162 0.9212
v 3.847602 -2.873422 -0.373205 0.9162 0.9162 0.9212
v 3.967397 -2.881251 -0.371206 0.9162 0.9162 0.9212
v 4.068087 -2.864119 -0.383206 0.9162 0.9162 0.9212
v 4.150870 -2.789140 -0.428206 0.9162 0.9162 0.9212
v 4.210988 -2.786996 -0.430706 0.9162 0.9162 0.9212
v 4.230029 -2.813688 -0.415707 0.9162 0.9162 0.9212
v 4.188007 -2.868486 -0.383206 0.9162 0.9162 0.9212
v 0.768240 -2.799859 -0.335140 0.9162 0.9162 0.9212
v 1.248639 -2.797644 -0.338615 0.9162 0.9162 0.9212
v 2.648249 -2.833831 -0.341224 0.9162 0.9162 0.9212
v 3.647945 -2.860381 -0.342965 0.9162 0.9162 0.9212
v 3.847991 -2.862739 -0.343833 0.9162 0.9162 0.9212
v 3.967769 -2.871042 -0.343139 0.9162 0.9162 0.9212
v 4.068563 -2.851062 -0.347307 0.9162 0.9162 0.9212
v 4.151735 -2.765399 -0.362936 0.9162 0.9162 0.9212
v 4.211874 -2.762662 -0.363804 0.9162 0.9162 0.9212
v 4.230786 -2.792915 -0.358595 0.9162 0.9162 0.9212
v 4.188483 -2.855429 -0.347308 0.9162 0.9162 0.9212
v 0.768240 -2.799859 -0.321248 0.9162 0.9162 0.9212
v 1.248639 -2.797644 -0.317777 0.9162 0.9162 0.9212
v 2.648249 -2.833831 -0.315177 0.9162 0.9162 0.9212
v 3.647945 -2.860381 -0.313444 0.9162 0.9162 0.9212
v 3.847991 -2.862739 -0.312577 0.9162 0.9162 0.9212
v 3.967769 -2.871042 -0.313272 0.9162 0.9162 0.9212
v 4.068563 -2.851062 -0.309105 0.9162 0.9162 0.9212
v 4.151735 -2.765399 -0.293477 0.9162 0.9162 0.9212
v 4.211874 -2.762662 -0.292609 0.9162 0.9162 0.9212
v 4.230786 -2.792915 -0.297818 0.9162 0.9162 0.9212
v 4.188483 -2.855429 -0.309105 0.9162 0.9162 0.9212
v 0.768067 -2.804607 -0.308194 0.9162 0.9162 0.9212
v 1.248379 -2.804767 -0.298196 0.9162 0.9162 0.9212
v 2.647925 -2.842734 -0.290701 0.9162 0.9162 0.9212
v 3.647578 -2.870471 -0.285704 0.9162 0.9162 0.9212
v 3.847603 -2.873422 -0.283205 0.9162 0.9162 0.9212
v 3.967397 -2.881251 -0.285206 0.9162 0.9162 0.9212
v 4.068088 -2.864119 -0.273206 0.9162 0.9162 0.9212
v 4.150871 -2.789140 -0.228206 0.9162 0.9162 0.9212
v 4.210989 -2.786996 -0.225706 0.9162 0.9162 0.9212
v 4.230030 -2.813688 -0.240707 0.9162 0.9162 0.9212
v 4.188008 -2.868486 -0.273206 0.9162 0.9162 0.9212
v 0.767742 -2.813531 -0.297552 0.9162 0.9162 0.9212
v 1.247892 -2.818152 -0.282233 0.9162 0.9162 0.9212
v 2.647316 -2.859465 -0.270747 0.9162 0.9162 0.9212
v 3.646887 -2.889434 -0.263091 0.9162 0.9162 0.9212
v 3.846872 -2.893500 -0.259261 0.9162 0.9162 0.9212
v 3.966699 -2.900437 -0.262326 0.9162 0.9162 0.9212
v 4.067194 -2.888659 -0.243941 0.9162 0.9162 0.9212
v 4.149246 -2.833758 -0.174997 0.9162 0.9162 0.9212
v 4.209323 -2.832730 -0.171167 0.9162 0.9162 0.9212
v 4.228608 -2.852728 -0.194149 0.9162 0.9162 0.9212
v 4.187114 -2.893026 -0.243941 0.9162 0.9162 0.9212
v 0.767304 -2.825554 -0.290606 0.9162 0.9162 0.9212
v 1.247235 -2.836186 -0.271814 0.9162 0.9162 0.9212
v 2.646495 -2.882008 -0.257724 0.9162 0.9162 0.9212
v 3.645957 -2.914982 -0.248331 0.9162 0.9162 0.9212
v 3.845887 -2.920551 -0.243633 0.9162 0.9162 0.9212
v 3.965757 -2.926286 -0.247392 0.9162 0.9162 0.9212
v 4.065990 -2.921722 -0.224840 0.9162 0.9162 0.9212
v 4.147058 -2.893872 -0.140268 0.9162 0.9162 0.9212
v 4.207080 -2.894346 -0.135569 0.9162 0.9162 0.9212
v 4.226693 -2.905328 -0.163760 0.9162 0.9162 0.9212
v 4.185910 -2.926089 -0.224840 0.9162 0.9162 0.9212
v 0.766806 -2.839226 -0.288194 0.9162 0.9162 0.9212
v 1.246488 -2.856694 -0.268196 0.9162 0.9162 0.9212
v 2.645561 -2.907642 -0.253201 0.9162 0.9162 0.9212
v 3.644899 -2.944034 -0.243204 0.9162 0.9162 0.9212
v 3.844766 -2.951313 -0.238205 0.9162 0.9162 0.9212
v 3.964687 -2.955680 -0.242206 0.9162 0.9162 0.9212
v 4.064621 -2.959319 -0.218206 0.9162 0.9162 0.9212
v 4.144568 -2.962230 -0.128206 0.9162 0.9162 0.9212
v 4.204528 -2.964414 -0.123206 0.9162 0.9162 0.9212
v 4.224515 -2.965142 -0.153207 0.9162 0.9162 0.9212
v 4.184541 -2.963686 -0.218206 0.9162 0.9162 0.9212
v 0.766308 -2.852897 -0.290606 0.9162 0.9162 0.9212
v 1.245742 -2.877201 -0.271814 0.9162 0.9162 0.9212
v 2.644628 -2.933277 -0.257724 0.9162 0.9162 0.9212
v 3.643841 -2.973087 -0.248331 0.9162 0.9162 0.9212
v 3.843646 -2.982074 -0.243633 0.9162 0.9162 0.9212
v 3.963616 -2.985074 -0.247392 0.9162 0.9162 0.9212
v 4.063251 -2.996916 -0.224840 0.9162 0.9162 0.9212
v 4.142078 -3.030589 -0.140268 0.9162 0.9162 0.9212
v 4.201977 -3.034482 -0.135569 0.9162 0.9162 0.9212
v 4.222337 -3.024956 -0.163760 0.9162 0.9162 0.9212
v 4.183172 -3.001283 -0.224840 0.9162 0.9162 0.9212
v 0.765871 -2.864920 -0.297552 0.9162 0.9162 0.9212
v 1.245085 -2.895235 -0.282233 0.9162 0.9162 0.9212
v 2.643807 -2.955820 -0.270747 0.9162 0.9162 0.9212
v 3.642910 -2.998635 -0.263091 0.9162 0.9162 0.9212
v 3.842661 -3.009125 -0.259261 0.9162 0.9162 0.9212
v 3.962675 -3.010923 -0.262326 0.9162 0.9162 0.9212
v 4.062047 -3.029979 -0.243941 0.9162 0.9162 0.9212
v 4.139889 -3.090703 -0.174997 0.9162 0.9162 0.9212
v 4.199733 -3.096098 -0.171167 0.9162 0.9162 0.9212
v 4.220421 -3.077555 -0.194149 0.9162 0.9162 0.9212
v 4.181968 -3.034346 -0.243941 0.9162 0.9162 0.9212
v 0.765545 -2.873844 -0.308194 0.9162 0.9162 0.9212
v 1.244597 -2.908621 -0.298196 0.9162 0.9162 0.9212
v 2.643197 -2.972551 -0.290701 0.9162 0.9162 0.9212
v 3.642220 -3.017598 -0.285704 0.9162 0.9162 0.9212
v 3.841930 -3.029203 -0.283205 0.9162 0.9162 0.9212
v 3.961976 -3.030109 -0.285206 0.9162 0.9162 0.9212
v 4.061154 -3.054519 -0.273206 0.9162 0.9162 0.9212
v 4.138264 -3.135321 -0.228206 0.9162 0.9162 0.9212
v 4.198067 -3.141831 -0.225706 0.9162 0.9162 0.9212
v 4.218999 -3.116596 -0.240707 0.9162 0.9162 0.9212
v 4.181074 -3.058886 -0.273206 0.9162 0.9162 0.9212
v 0.765373 -2.878592 -0.321248 0.9162 0.9162 0.9212
v 1.244338 -2.915743 -0.317777 0.9162 0.9162 0.9212
v 2.642873 -2.981454 -0.315177 0.9162 0.9162 0.9212
v 3.641852 -3.027688 -0.313444 0.9162 0.9162 0.9212
v 3.841541 -3.039887 -0.312577 0.9162 0.9162 0.9212
v 3.961604 -3.040317 -0.313272 0.9162 0.9162 0.9212
v 4.060678 -3.067576 -0.309105 0.9162 0.9162 0.9212
v 4.137400 -3.159061 -0.293477 0.9162 0.9162 0.9212
v 4.197181 -3.166166 -0.292609 0.9162 0.9162 0.9212
v 4.218243 -3.137369 -0.297818 0.9162 0.9162 0.9212
v 4.180598 -3.071943 -0.309105 0.9162 0.9162 0.9212
v 0.765373 -2.878592 -0.335140 0.9162 0.9162 0.9212
v 1.244338 -2.915743 -0.338615 0.9162 0.9162 0.9212
v 2.642873 -2.981454 -0.341224 0.9162 0.9162 0.9212
v 3.641852 -3.027688 -0.342965 0.9162 0.9162 0.9212
v 3.841540 -3.039887 -0.343833 0.9162 0.9162 0.9212
v 3.961604 -3.040317 -0.343139 0.9162 0.9162 0.9212
v 4.060678 -3.067576 -0.347307 0.9162 0.9162 0.9212
v 4.137399 -3.159061 -0.362936 0.9162 0.9162 0.9212
v 4.197180 -3.166166 -0.363804 0.9162 0.9162 0.9212
v 4.218242 -3.137369 -0.358595 0.9162 0.9162 0.9212
v 4.180598 -3.071943 -0.347308 0.9162 0.9162 0.9212
v 0.765545 -2.873844 -0.348194 0.9162 0.9162 0.9212
v 1.244597 -2.908621 -0.358196 0.9162 0.9162 0.9212
v 2.643197 -2.972551 -0.365701 0.9162 0.9162 0.9212
v 3.642220 -3.017598 -0.370704 0.9162 0.9162 0.9212
v 3.841929 -3.029203 -0.373205 0.9162 0.9162 0.9212
v 3.961976 -3.030109 -0.371206 0.9162 0.9162 0.9212
v 4.061153 -3.054519 -0.383206 0.9162 0.9162 0.9212
v 4.138264 -3.135321 -0.428206 0.9162 0.9162 0.9212
v 4.198066 -3.141831 -0.430706 0.9162 0.9162 0.9212
v 4.218998 -3.116596 -0.415706 0.9162 0.9162 0.9212
v 4.181074 -3.058886 -0.383206 0.9162 0.9162 0.9212
v 0.765870 -2.864920 -0.358836 0.9162 0.9162 0.9212
v 1.245085 -2.895235 -0.374158 0.9162 0.9162 0.9212
v 2.643806 -2.955820 -0.385654 0.9162 0.9162 0.9212
v 3.642910 -2.998635 -0.393318 0.9162 0.9162 0.9212
v 3.842660 -3.009125 -0.397149 0.9162 0.9162 0.9212
v 3.962675 -3.010923 -0.394085 0.9162 0.9162 0.9212
v 4.062047 -3.029979 -0.412471 0.9162 0.9162 0.9212
v 4.139888 -3.090703 -0.481415 0.9162 0.9162 0.9212
v 4.199731 -3.096098 -0.485246 0.9162 0.9162 0.9212
v 4.220420 -3.077555 -0.462264 0.9162 0.9162 0.9212
v 4.181967 -3.034346 -0.412471 0.9162 0.9162 0.9212
v 0.766308 -2.852897 -0.365782 0.9162 0.9162 0.9212
v 1.245741 -2.877201 -0.384577 0.9162 0.9162 0.9212
v 2.644627 -2.933277 -0.398678 0.9162 0.9162 0.9212
v 3.643840 -2.973087 -0.408078 0.9162 0.9162 0.9212
v 3.843646 -2.982074 -0.412777 0.9162 0.9162 0.9212
v 3.963616 -2.985074 -0.409019 0.9162 0.9162 0.9212
v 4.063251 -2.996916 -0.431572 0.9162 0.9162 0.9212
v 4.142077 -3.030589 -0.516145 0.9162 0.9162 0.9212
v 4.201975 -3.034482 -0.520843 0.9162 0.9162 0.9212
v 4.222335 -3.024956 -0.492653 0.9162 0.9162 0.9212
v 4.183171 -3.001283 -0.431573 0.9162 0.9162 0.9212
v 2.645561 -2.907642 -0.403201 0.9162 0.9162 0.9212
v 3.964686 -2.955680 -0.414206 0.9162 0.9162 0.9212
v 4.224514 -2.965142 -0.503206 0.9162 0.9162 0.9212
v 4.184540 -2.963686 -0.438206 0.9162 0.9162 0.9212
v 4.361679 -2.753803 -0.347394 0.9162 0.9162 0.9212
v 4.241921 -2.746174 -0.307394 0.9162 0.9162 0.9212
v 3.762892 -2.715657 -0.287396 0.9162 0.9162 0.9212
v 1.367747 -2.563072 -0.262404 0.9162 0.9162 0.9212
v 1.168152 -2.550356 -0.257405 0.9162 0.9162 0.9212
v 0.948597 -2.536369 -0.237406 0.9162 0.9162 0.9212
v 0.868759 -2.531283 -0.147406 0.9162 0.9162 0.9212
v 0.808880 -2.527469 -0.142406 0.9162 0.9162 0.9212
v 0.868759 -2.531283 -0.347406 0.9162 0.9162 0.9212
v 4.242791 -2.732521 -0.309806 0.9162 0.9162 0.9212
v 3.764197 -2.695177 -0.291014 0.9162 0.9162 0.9212
v 2.367355 -2.601049 -0.276924 0.9162 0.9162 0.9212
v 1.369596 -2.534059 -0.267531 0.9162 0.9162 0.9212
v 1.170109 -2.519637 -0.262833 0.9162 0.9162 0.9212
v 1.050265 -2.513373 -0.266592 0.9162 0.9162 0.9212
v 0.950989 -2.498823 -0.244040 0.9162 0.9162 0.9212
v 0.873108 -2.463017 -0.159468 0.9162 0.9162 0.9212
v 0.813338 -2.457496 -0.154769 0.9162 0.9162 0.9212
v 0.792726 -2.466465 -0.182960 0.9162 0.9162 0.9212
v 0.831232 -2.491194 -0.244040 0.9162 0.9162 0.9212
v 4.243556 -2.720514 -0.316752 0.9162 0.9162 0.9212
v 3.765344 -2.677168 -0.301433 0.9162 0.9162 0.9212
v 2.368790 -2.578537 -0.289947 0.9162 0.9162 0.9212
v 1.371221 -2.508545 -0.282291 0.9162 0.9162 0.9212
v 1.171830 -2.492623 -0.278461 0.9162 0.9162 0.9212
v 1.051910 -2.487559 -0.281526 0.9162 0.9162 0.9212
v 0.953092 -2.465806 -0.263141 0.9162 0.9162 0.9212
v 0.876932 -2.402986 -0.194197 0.9162 0.9162 0.9212
v 0.817258 -2.395964 -0.190367 0.9162 0.9162 0.9212
v 0.796072 -2.413937 -0.213349 0.9162 0.9162 0.9212
v 0.833335 -2.458177 -0.263141 0.9162 0.9162 0.9212
v 4.244123 -2.711603 -0.327394 0.9162 0.9162 0.9212
v 3.766196 -2.663800 -0.317396 0.9162 0.9162 0.9212
v 2.369854 -2.561828 -0.309901 0.9162 0.9162 0.9212
v 1.372428 -2.489609 -0.304904 0.9162 0.9162 0.9212
v 1.173108 -2.472572 -0.302405 0.9162 0.9162 0.9212
v 1.053130 -2.468400 -0.304406 0.9162 0.9162 0.9212
v 0.954654 -2.441299 -0.292406 0.9162 0.9162 0.9212
v 0.879771 -2.358428 -0.247406 0.9162 0.9162 0.9212
v 0.820168 -2.350293 -0.244906 0.9162 0.9162 0.9212
v 0.798556 -2.374949 -0.259907 0.9162 0.9162 0.9212
v 0.834897 -2.433670 -0.292406 0.9162 0.9162 0.9212
v 4.244426 -2.706861 -0.340448 0.9162 0.9162 0.9212
v 3.766649 -2.656688 -0.336977 0.9162 0.9162 0.9212
v 2.370420 -2.552938 -0.334377 0.9162 0.9162 0.9212
v 1.373070 -2.479532 -0.332644 0.9162 0.9162 0.9212
v 1.173787 -2.461903 -0.331777 0.9162 0.9162 0.9212
v 1.053780 -2.458205 -0.332472 0.9162 0.9162 0.9212
v 0.955485 -2.428260 -0.328305 0.9162 0.9162 0.9212
v 0.881281 -2.334720 -0.312677 0.9162 0.9162 0.9212
v 0.821716 -2.325991 -0.311809 0.9162 0.9162 0.9212
v 0.799878 -2.354204 -0.317018 0.9162 0.9162 0.9212
v 0.835727 -2.420630 -0.328305 0.9162 0.9162 0.9212
v 4.244426 -2.706861 -0.354340 0.9162 0.9162 0.9212
v 3.766649 -2.656688 -0.357815 0.9162 0.9162 0.9212
v 2.370421 -2.552938 -0.360424 0.9162 0.9162 0.9212
v 1.373070 -2.479532 -0.362164 0.9162 0.9162 0.9212
v 1.173787 -2.461903 -0.363033 0.9162 0.9162 0.9212
v 1.053780 -2.458205 -0.362339 0.9162 0.9162 0.9212
v 0.955485 -2.428260 -0.366507 0.9162 0.9162 0.9212
v 0.881282 -2.334720 -0.382136 0.9162 0.9162 0.9212
v 0.821716 -2.325992 -0.383004 0.9162 0.9162 0.9212
v 0.799878 -2.354204 -0.377795 0.9162 0.9162 0.9212
v 0.835728 -2.420630 -0.366508 0.9162 0.9162 0.9212
v 4.244124 -2.711603 -0.367394 0.9162 0.9162 0.9212
v 3.766196 -2.663800 -0.377396 0.9162 0.9162 0.9212
v 2.369854 -2.561828 -0.384901 0.9162 0.9162 0.9212
v 1.372428 -2.489609 -0.389904 0.9162 0.9162 0.9212
v 1.173108 -2.472572 -0.392405 0.9162 0.9162 0.9212
v 1.053131 -2.468400 -0.390406 0.9162 0.9162 0.9212
v 0.954654 -2.441299 -0.402406 0.9162 0.9162 0.9212
v 0.879772 -2.358429 -0.447406 0.9162 0.9162 0.9212
v 0.820168 -2.350293 -0.449906 0.9162 0.9162 0.9212
v 0.798557 -2.374949 -0.434906 0.9162 0.9162 0.9212
v 0.834897 -2.433670 -0.402406 0.9162 0.9162 0.9212
v 4.243556 -2.720514 -0.378036 0.9162 0.9162 0.9212
v 3.765345 -2.677168 -0.393358 0.9162 0.9162 0.9212
v 2.368790 -2.578537 -0.404854 0.9162 0.9162 0.9212
v 1.371222 -2.508545 -0.412518 0.9162 0.9162 0.9212
v 1.171831 -2.492623 -0.416349 0.9162 0.9162 0.9212
v 1.051910 -2.487559 -0.413285 0.9162 0.9162 0.9212
v 0.953093 -2.465806 -0.431671 0.9162 0.9162 0.9212
v 0.876933 -2.402986 -0.500615 0.9162 0.9162 0.9212
v 0.817259 -2.395964 -0.504446 0.9162 0.9162 0.9212
v 0.796073 -2.413937 -0.481464 0.9162 0.9162 0.9212
v 0.833336 -2.458177 -0.431671 0.9162 0.9162 0.9212
v 4.242791 -2.732521 -0.384982 0.9162 0.9162 0.9212
v 3.764197 -2.695177 -0.403777 0.9162 0.9162 0.9212
v 2.367356 -2.601049 -0.417878 0.9162 0.9162 0.9212
v 1.369596 -2.534059 -0.427278 0.9162 0.9162 0.9212
v 1.170110 -2.519637 -0.431977 0.9162 0.9162 0.9212
v 1.050266 -2.513373 -0.428219 0.9162 0.9162 0.9212
v 0.950990 -2.498823 -0.450772 0.9162 0.9162 0.9212
v 0.873109 -2.463018 -0.535345 0.9162 0.9162 0.9212
v 0.813339 -2.457496 -0.540043 0.9162 0.9162 0.9212
v 0.792727 -2.466465 -0.511853 0.9162 0.9162 0.9212
v 0.831233 -2.491194 -0.450773 0.9162 0.9162 0.9212
v 4.241921 -2.746174 -0.387394 0.9162 0.9162 0.9212
v 3.762893 -2.715657 -0.407396 0.9162 0.9162 0.9212
v 2.365725 -2.626649 -0.422401 0.9162 0.9162 0.9212
v 1.367748 -2.563072 -0.432404 0.9162 0.9162 0.9212
v 1.168153 -2.550356 -0.437405 0.9162 0.9162 0.9212
v 1.048396 -2.542727 -0.433406 0.9162 0.9162 0.9212
v 0.948598 -2.536370 -0.457406 0.9162 0.9162 0.9212
v 0.868760 -2.531283 -0.547406 0.9162 0.9162 0.9212
v 0.808882 -2.527469 -0.552406 0.9162 0.9162 0.9212
v 0.788922 -2.526197 -0.522406 0.9162 0.9162 0.9212
v 0.828841 -2.528740 -0.457406 0.9162 0.9162 0.9212
v 4.241052 -2.759827 -0.384982 0.9162 0.9162 0.9212
v 3.761588 -2.736136 -0.403777 0.9162 0.9162 0.9212
v 2.364094 -2.652249 -0.417878 0.9162 0.9162 0.9212
v 1.365900 -2.592085 -0.427278 0.9162 0.9162 0.9212
v 1.166196 -2.581076 -0.431977 0.9162 0.9162 0.9212
v 1.046525 -2.572081 -0.428219 0.9162 0.9162 0.9212
v 0.946206 -2.573915 -0.450772 0.9162 0.9162 0.9212
v 0.864411 -2.599549 -0.535345 0.9162 0.9162 0.9212
v 0.804424 -2.597441 -0.540043 0.9162 0.9162 0.9212
v 0.785117 -2.585930 -0.511853 0.9162 0.9162 0.9212
v 0.826449 -2.566286 -0.450773 0.9162 0.9162 0.9212
v 4.240287 -2.771833 -0.378036 0.9162 0.9162 0.9212
v 3.760441 -2.754146 -0.393358 0.9162 0.9162 0.9212
v 2.362660 -2.674761 -0.404854 0.9162 0.9162 0.9212
v 1.364274 -2.617598 -0.412518 0.9162 0.9162 0.9212
v 1.164475 -2.608090 -0.416349 0.9162 0.9162 0.9212
v 1.044881 -2.597895 -0.413285 0.9162 0.9162 0.9212
v 0.944102 -2.606933 -0.431671 0.9162 0.9162 0.9212
v 0.860587 -2.659581 -0.500615 0.9162 0.9162 0.9212
v 0.800504 -2.658974 -0.504446 0.9162 0.9162 0.9212
v 0.781770 -2.638457 -0.481464 0.9162 0.9162 0.9212
v 0.824345 -2.599304 -0.431671 0.9162 0.9162 0.9212
v 4.239719 -2.780745 -0.367394 0.9162 0.9162 0.9212
v 3.759589 -2.767513 -0.377396 0.9162 0.9162 0.9212
v 2.361595 -2.691469 -0.384901 0.9162 0.9162 0.9212
v 1.363068 -2.636535 -0.389904 0.9162 0.9162 0.9212
v 1.163197 -2.628141 -0.392405 0.9162 0.9162 0.9212
v 1.043660 -2.617055 -0.390406 0.9162 0.9162 0.9212
v 0.942541 -2.631439 -0.402406 0.9162 0.9162 0.9212
v 0.857748 -2.704138 -0.447406 0.9162 0.9162 0.9212
v 0.797594 -2.704645 -0.449906 0.9162 0.9162 0.9212
v 0.779286 -2.677445 -0.434906 0.9162 0.9162 0.9212
v 0.822784 -2.623810 -0.402406 0.9162 0.9162 0.9212
v 4.239417 -2.785486 -0.354340 0.9162 0.9162 0.9212
v 3.759136 -2.774626 -0.357815 0.9162 0.9162 0.9212
v 2.361029 -2.700360 -0.360424 0.9162 0.9162 0.9212
v 1.362426 -2.646611 -0.362164 0.9162 0.9162 0.9212
v 1.162517 -2.638810 -0.363033 0.9162 0.9162 0.9212
v 1.043011 -2.627249 -0.362339 0.9162 0.9162 0.9212
v 0.941710 -2.644479 -0.366507 0.9162 0.9162 0.9212
v 0.856237 -2.727846 -0.382136 0.9162 0.9162 0.9212
v 0.796046 -2.728946 -0.383004 0.9162 0.9162 0.9212
v 0.777964 -2.698190 -0.377795 0.9162 0.9162 0.9212
v 0.821953 -2.636850 -0.366508 0.9162 0.9162 0.9212
v 4.239417 -2.785486 -0.340448 0.9162 0.9162 0.9212
v 3.759136 -2.774626 -0.336977 0.9162 0.9162 0.9212
v 2.361029 -2.700360 -0.334377 0.9162 0.9162 0.9212
v 1.362426 -2.646611 -0.332644 0.9162 0.9162 0.9212
v 1.162517 -2.638810 -0.331777 0.9162 0.9162 0.9212
v 1.043011 -2.627249 -0.332472 0.9162 0.9162 0.9212
v 0.941710 -2.644479 -0.328305 0.9162 0.9162 0.9212
v 0.856237 -2.727846 -0.312676 0.9162 0.9162 0.9212
v 0.796045 -2.728946 -0.311808 0.9162 0.9162 0.9212
v 0.777964 -2.698190 -0.317018 0.9162 0.9162 0.9212
v 0.821953 -2.636850 -0.328305 0.9162 0.9162 0.9212
v 4.239719 -2.780745 -0.327394 0.9162 0.9162 0.9212
v 3.759589 -2.767513 -0.317396 0.9162 0.9162 0.9212
v 2.361595 -2.691469 -0.309901 0.9162 0.9162 0.9212
v 1.363068 -2.636535 -0.304904 0.9162 0.9162 0.9212
v 1.163197 -2.628141 -0.302405 0.9162 0.9162 0.9212
v 1.043660 -2.617055 -0.304406 0.9162 0.9162 0.9212
v 0.942541 -2.631439 -0.292406 0.9162 0.9162 0.9212
v 0.857747 -2.704138 -0.247406 0.9162 0.9162 0.9212
v 0.797593 -2.704645 -0.244906 0.9162 0.9162 0.9212
v 0.779286 -2.677445 -0.259907 0.9162 0.9162 0.9212
v 0.822783 -2.623810 -0.292406 0.9162 0.9162 0.9212
v 4.240287 -2.771833 -0.316752 0.9162 0.9162 0.9212
v 3.760440 -2.754146 -0.301433 0.9162 0.9162 0.9212
v 2.362659 -2.674760 -0.289947 0.9162 0.9162 0.9212
v 1.364274 -2.617598 -0.282291 0.9162 0.9162 0.9212
v 1.164474 -2.608090 -0.278461 0.9162 0.9162 0.9212
v 1.044881 -2.597895 -0.281526 0.9162 0.9162 0.9212
v 0.944102 -2.606933 -0.263141 0.9162 0.9162 0.9212
v 0.860586 -2.659581 -0.194197 0.9162 0.9162 0.9212
v 0.800503 -2.658973 -0.190367 0.9162 0.9162 0.9212
v 0.781769 -2.638457 -0.213349 0.9162 0.9162 0.9212
v 0.824345 -2.599304 -0.263141 0.9162 0.9162 0.9212
v 4.241052 -2.759827 -0.309806 0.9162 0.9162 0.9212
v 3.761588 -2.736136 -0.291014 0.9162 0.9162 0.9212
v 2.364094 -2.652249 -0.276924 0.9162 0.9162 0.9212
v 1.365899 -2.592085 -0.267531 0.9162 0.9162 0.9212
v 1.166195 -2.581076 -0.262833 0.9162 0.9162 0.9212
v 1.046525 -2.572081 -0.266592 0.9162 0.9162 0.9212
v 0.946205 -2.573915 -0.244040 0.9162 0.9162 0.9212
v 0.864410 -2.599549 -0.159468 0.9162 0.9162 0.9212
v 0.804422 -2.597441 -0.154769 0.9162 0.9162 0.9212
v 0.785115 -2.585930 -0.182960 0.9162 0.9162 0.9212
v 0.826448 -2.566286 -0.244040 0.9162 0.9162 0.9212
v 2.365725 -2.626649 -0.272401 0.9162 0.9162 0.9212
v 1.048395 -2.542727 -0.261406 0.9162 0.9162 0.9212
v 0.788921 -2.526197 -0.172407 0.9162 0.9162 0.9212
v 0.828840 -2.528740 -0.237406 0.9162 0.9162 0.9212
v 0.662722 -2.572442 -0.340594 0.9162 0.9162 0.9212
v 0.782097 -2.560211 -0.380594 0.9162 0.9162 0.9212
v 1.259597 -2.511288 -0.400596 0.9162 0.9162 0.9212
v 3.647098 -2.266674 -0.425604 0.9162 0.9162 0.9212
v 3.846057 -2.246289 -0.430605 0.9162 0.9162 0.9212
v 4.064911 -2.223866 -0.450606 0.9162 0.9162 0.9212
v 4.144494 -2.215712 -0.540606 0.9162 0.9162 0.9212
v 4.204182 -2.209597 -0.545606 0.9162 0.9162 0.9212
v 4.144495 -2.215712 -0.340606 0.9162 0.9162 0.9212
v 0.780702 -2.546602 -0.378182 0.9162 0.9162 0.9212
v 1.257505 -2.490874 -0.396977 0.9162 0.9162 0.9212
v 2.649692 -2.343078 -0.411078 0.9162 0.9162 0.9212
v 3.644135 -2.237753 -0.420478 0.9162 0.9162 0.9212
v 3.842919 -2.215668 -0.425177 0.9162 0.9162 0.9212
v 3.962434 -2.204798 -0.421419 0.9162 0.9162 0.9212
v 4.061077 -2.186440 -0.443972 0.9162 0.9162 0.9212
v 4.137522 -2.147665 -0.528545 0.9162 0.9162 0.9212
v 4.197035 -2.139848 -0.533243 0.9162 0.9162 0.9212
v 4.217977 -2.148017 -0.505053 0.9162 0.9162 0.9212
v 4.180451 -2.174209 -0.443973 0.9162 0.9162 0.9212
v 0.779476 -2.534633 -0.371236 0.9162 0.9162 0.9212
v 1.255666 -2.472922 -0.386558 0.9162 0.9162 0.9212
v 2.647393 -2.320638 -0.398054 0.9162 0.9162 0.9212
v 3.641530 -2.212321 -0.405718 0.9162 0.9162 0.9212
v 3.840161 -2.188740 -0.409549 0.9162 0.9162 0.9212
v 3.959798 -2.179067 -0.406485 0.9162 0.9162 0.9212
v 4.057704 -2.153528 -0.424871 0.9162 0.9162 0.9212
v 4.131392 -2.087824 -0.493815 0.9162 0.9162 0.9212
v 4.190751 -2.078512 -0.497646 0.9162 0.9162 0.9212
v 4.212613 -2.095656 -0.474664 0.9162 0.9162 0.9212
v 4.177080 -2.141297 -0.424871 0.9162 0.9162 0.9212
v 0.778566 -2.525750 -0.360594 0.9162 0.9162 0.9212
v 1.254301 -2.459597 -0.370596 0.9162 0.9162 0.9212
v 2.645686 -2.303983 -0.378101 0.9162 0.9162 0.9212
v 3.639596 -2.193445 -0.383104 0.9162 0.9162 0.9212
v 3.838113 -2.168753 -0.385605 0.9162 0.9162 0.9212
v 3.957841 -2.159968 -0.383606 0.9162 0.9162 0.9212
v 4.055202 -2.129099 -0.395606 0.9162 0.9162 0.9212
v 4.126841 -2.043409 -0.440606 0.9162 0.9162 0.9212
v 4.186087 -2.032986 -0.443106 0.9162 0.9162 0.9212
v 4.208631 -2.056793 -0.428106 0.9162 0.9162 0.9212
v 4.174577 -2.116869 -0.395606 0.9162 0.9162 0.9212
v 0.778082 -2.521024 -0.347540 0.9162 0.9162 0.9212
v 1.253575 -2.452507 -0.351015 0.9162 0.9162 0.9212
v 2.644778 -2.295120 -0.353624 0.9162 0.9162 0.9212
v 3.638567 -2.183401 -0.355365 0.9162 0.9162 0.9212
v 3.837023 -2.158118 -0.356233 0.9162 0.9162 0.9212
v 3.956800 -2.149806 -0.355539 0.9162 0.9162 0.9212
v 4.053870 -2.116101 -0.359707 0.9162 0.9162 0.9212
v 4.124420 -2.019776 -0.375336 0.9162 0.9162 0.9212
v 4.183606 -2.008763 -0.376204 0.9162 0.9162 0.9212
v 4.206512 -2.036115 -0.370995 0.9162 0.9162 0.9212
v 4.173245 -2.103871 -0.359708 0.9162 0.9162 0.9212
v 0.778082 -2.521024 -0.333648 0.9162 0.9162 0.9212
v 1.253575 -2.452507 -0.330177 0.9162 0.9162 0.9212
v 2.644778 -2.295120 -0.327577 0.9162 0.9162 0.9212
v 3.638567 -2.183401 -0.325844 0.9162 0.9162 0.9212
v 3.837023 -2.158118 -0.324977 0.9162 0.9162 0.9212
v 3.956800 -2.149806 -0.325672 0.9162 0.9162 0.9212
v 4.053870 -2.116101 -0.321505 0.9162 0.9162 0.9212
v 4.124420 -2.019776 -0.305877 0.9162 0.9162 0.9212
v 4.183606 -2.008763 -0.305009 0.9162 0.9162 0.9212
v 4.206513 -2.036115 -0.310218 0.9162 0.9162 0.9212
v 4.173245 -2.103871 -0.321505 0.9162 0.9162 0.9212
v 0.778566 -2.525750 -0.320594 0.9162 0.9162 0.9212
v 1.254301 -2.459597 -0.310596 0.9162 0.9162 0.9212
v 2.645686 -2.303983 -0.303101 0.9162 0.9162 0.9212
v 3.639596 -2.193445 -0.298104 0.9162 0.9162 0.9212
v 3.838113 -2.168753 -0.295605 0.9162 0.9162 0.9212
v 3.957841 -2.159968 -0.297606 0.9162 0.9162 0.9212
v 4.055202 -2.129099 -0.285606 0.9162 0.9162 0.9212
v 4.126842 -2.043409 -0.240606 0.9162 0.9162 0.9212
v 4.186088 -2.032986 -0.238106 0.9162 0.9162 0.9212
v 4.208632 -2.056793 -0.253107 0.9162 0.9162 0.9212
v 4.174577 -2.116869 -0.285606 0.9162 0.9162 0.9212
v 0.779476 -2.534633 -0.309952 0.9162 0.9162 0.9212
v 1.255666 -2.472922 -0.294633 0.9162 0.9162 0.9212
v 2.647393 -2.320638 -0.283147 0.9162 0.9162 0.9212
v 3.641530 -2.212321 -0.275491 0.9162 0.9162 0.9212
v 3.840161 -2.188740 -0.271661 0.9162 0.9162 0.9212
v 3.959798 -2.179066 -0.274726 0.9162 0.9162 0.9212
v 4.057705 -2.153528 -0.256341 0.9162 0.9162 0.9212
v 4.131392 -2.087824 -0.187397 0.9162 0.9162 0.9212
v 4.190753 -2.078512 -0.183567 0.9162 0.9162 0.9212
v 4.212614 -2.095656 -0.206549 0.9162 0.9162 0.9212
v 4.177080 -2.141297 -0.256341 0.9162 0.9162 0.9212
v 0.780702 -2.546602 -0.303006 0.9162 0.9162 0.9212
v 1.257506 -2.490874 -0.284214 0.9162 0.9162 0.9212
v 2.649692 -2.343078 -0.270124 0.9162 0.9162 0.9212
v 3.644136 -2.237753 -0.260731 0.9162 0.9162 0.9212
v 3.842920 -2.215667 -0.256033 0.9162 0.9162 0.9212
v 3.962435 -2.204798 -0.259792 0.9162 0.9162 0.9212
v 4.061077 -2.186440 -0.237240 0.9162 0.9162 0.9212
v 4.137524 -2.147665 -0.152668 0.9162 0.9162 0.9212
v 4.197037 -2.139848 -0.147969 0.9162 0.9162 0.9212
v 4.217978 -2.148017 -0.176160 0.9162 0.9162 0.9212
v 4.180452 -2.174209 -0.237240 0.9162 0.9162 0.9212
v 0.782097 -2.560211 -0.300594 0.9162 0.9162 0.9212
v 1.259597 -2.511288 -0.280596 0.9162 0.9162 0.9212
v 2.652307 -2.368596 -0.265601 0.9162 0.9162 0.9212
v 3.647099 -2.266674 -0.255604 0.9162 0.9162 0.9212
v 3.846057 -2.246289 -0.250605 0.9162 0.9162 0.9212
v 3.965433 -2.234058 -0.254606 0.9162 0.9162 0.9212
v 4.064912 -2.223866 -0.230606 0.9162 0.9162 0.9212
v 4.144495 -2.215712 -0.140606 0.9162 0.9162 0.9212
v 4.204183 -2.209597 -0.135606 0.9162 0.9162 0.9212
v 4.224079 -2.207558 -0.165607 0.9162 0.9162 0.9212
v 4.184287 -2.211635 -0.230606 0.9162 0.9162 0.9212
v 0.783491 -2.573821 -0.303006 0.9162 0.9162 0.9212
v 1.261689 -2.531703 -0.284214 0.9162 0.9162 0.9212
v 2.654921 -2.394114 -0.270124 0.9162 0.9162 0.9212
v 3.650062 -2.295594 -0.260731 0.9162 0.9162 0.9212
v 3.849195 -2.276911 -0.256033 0.9162 0.9162 0.9212
v 3.968431 -2.263319 -0.259792 0.9162 0.9162 0.9212
v 4.068747 -2.261292 -0.237240 0.9162 0.9162 0.9212
v 4.151467 -2.283760 -0.152668 0.9162 0.9162 0.9212
v 4.211329 -2.279346 -0.147969 0.9162 0.9162 0.9212
v 4.230179 -2.267100 -0.176160 0.9162 0.9162 0.9212
v 4.188121 -2.249062 -0.237240 0.9162 0.9162 0.9212
v 0.784717 -2.585788 -0.309952 0.9162 0.9162 0.9212
v 1.263528 -2.549654 -0.294633 0.9162 0.9162 0.9212
v 2.657220 -2.416554 -0.283147 0.9162 0.9162 0.9212
v 3.652668 -2.321026 -0.275491 0.9162 0.9162 0.9212
v 3.851954 -2.303839 -0.271661 0.9162 0.9162 0.9212
v 3.971067 -2.289050 -0.274726 0.9162 0.9162 0.9212
v 4.072118 -2.294204 -0.256341 0.9162 0.9162 0.9212
v 4.157598 -2.343600 -0.187397 0.9162 0.9162 0.9212
v 4.217613 -2.340682 -0.183567 0.9162 0.9162 0.9212
v 4.235544 -2.319460 -0.206549 0.9162 0.9162 0.9212
v 4.191494 -2.281974 -0.256341 0.9162 0.9162 0.9212
v 0.785627 -2.594672 -0.320594 0.9162 0.9162 0.9212
v 1.264893 -2.562979 -0.310596 0.9162 0.9162 0.9212
v 2.658926 -2.433210 -0.303101 0.9162 0.9162 0.9212
v 3.654602 -2.339902 -0.298104 0.9162 0.9162 0.9212
v 3.854002 -2.323825 -0.295605 0.9162 0.9162 0.9212
v 3.973023 -2.308149 -0.297606 0.9162 0.9162 0.9212
v 4.074621 -2.318633 -0.285606 0.9162 0.9162 0.9212
v 4.162149 -2.388015 -0.240606 0.9162 0.9162 0.9212
v 4.222278 -2.386208 -0.238106 0.9162 0.9162 0.9212
v 4.239525 -2.358324 -0.253107 0.9162 0.9162 0.9212
v 4.193996 -2.306402 -0.285606 0.9162 0.9162 0.9212
v 0.786112 -2.599398 -0.333648 0.9162 0.9162 0.9212
v 1.265620 -2.570069 -0.330177 0.9162 0.9162 0.9212
v 2.659834 -2.442072 -0.327577 0.9162 0.9162 0.9212
v 3.655631 -2.349946 -0.325844 0.9162 0.9162 0.9212
v 3.855091 -2.334460 -0.324977 0.9162 0.9162 0.9212
v 3.974064 -2.318311 -0.325672 0.9162 0.9162 0.9212
v 4.075953 -2.331631 -0.321505 0.9162 0.9162 0.9212
v 4.164570 -2.411648 -0.305877 0.9162 0.9162 0.9212
v 4.224759 -2.410431 -0.305009 0.9162 0.9162 0.9212
v 4.241644 -2.379002 -0.310218 0.9162 0.9162 0.9212
v 4.195328 -2.319400 -0.321505 0.9162 0.9162 0.9212
v 0.786112 -2.599398 -0.347540 0.9162 0.9162 0.9212
v 1.265620 -2.570069 -0.351015 0.9162 0.9162 0.9212
v 2.659834 -2.442072 -0.353624 0.9162 0.9162 0.9212
v 3.655631 -2.349946 -0.355365 0.9162 0.9162 0.9212
v 3.855091 -2.334460 -0.356234 0.9162 0.9162 0.9212
v 3.974064 -2.318311 -0.355539 0.9162 0.9162 0.9212
v 4.075953 -2.331631 -0.359707 0.9162 0.9162 0.9212
v 4.164570 -2.411648 -0.375336 0.9162 0.9162 0.9212
v 4.224759 -2.410431 -0.376204 0.9162 0.9162 0.9212
v 4.241643 -2.379002 -0.370995 0.9162 0.9162 0.9212
v 4.195328 -2.319400 -0.359708 0.9162 0.9162 0.9212
v 0.785627 -2.594672 -0.360594 0.9162 0.9162 0.9212
v 1.264893 -2.562979 -0.370596 0.9162 0.9162 0.9212
v 2.658926 -2.433210 -0.378101 0.9162 0.9162 0.9212
v 3.654601 -2.339902 -0.383104 0.9162 0.9162 0.9212
v 3.854001 -2.323826 -0.385605 0.9162 0.9162 0.9212
v 3.973023 -2.308149 -0.383606 0.9162 0.9162 0.9212
v 4.074621 -2.318633 -0.395606 0.9162 0.9162 0.9212
v 4.162148 -2.388016 -0.440606 0.9162 0.9162 0.9212
v 4.222277 -2.386208 -0.443106 0.9162 0.9162 0.9212
v 4.239525 -2.358324 -0.428106 0.9162 0.9162 0.9212
v 4.193995 -2.306402 -0.395606 0.9162 0.9162 0.9212
v 0.784717 -2.585789 -0.371236 0.9162 0.9162 0.9212
v 1.263528 -2.549654 -0.386558 0.9162 0.9162 0.9212
v 2.657220 -2.416554 -0.398054 0.9162 0.9162 0.9212
v 3.652667 -2.321026 -0.405718 0.9162 0.9162 0.9212
v 3.851953 -2.303839 -0.409549 0.9162 0.9162 0.9212
v 3.971066 -2.289050 -0.406485 0.9162 0.9162 0.9212
v 4.072118 -2.294204 -0.424871 0.9162 0.9162 0.9212
v 4.157598 -2.343600 -0.493815 0.9162 0.9162 0.9212
v 4.217612 -2.340682 -0.497646 0.9162 0.9162 0.9212
v 4.235543 -2.319460 -0.474664 0.9162 0.9162 0.9212
v 4.191493 -2.281974 -0.424871 0.9162 0.9162 0.9212
v 0.783491 -2.573821 -0.378182 0.9162 0.9162 0.9212
v 1.261688 -2.531703 -0.396977 0.9162 0.9162 0.9212
v 2.654921 -2.394114 -0.411078 0.9162 0.9162 0.9212
v 3.650062 -2.295594 -0.420478 0.9162 0.9162 0.9212
v 3.849194 -2.276911 -0.425177 0.9162 0.9162 0.9212
v 3.968430 -2.263319 -0.421419 0.9162 0.9162 0.9212
v 4.068746 -2.261292 -0.443972 0.9162 0.9162 0.9212
v 4.151466 -2.283760 -0.528545 0.9162 0.9162 0.9212
v 4.211328 -2.279346 -0.533243 0.9162 0.9162 0.9212
v 4.230178 -2.267100 -0.505053 0.9162 0.9162 0.9212
v 4.188121 -2.249062 -0.443973 0.9162 0.9162 0.9212
v 2.652306 -2.368596 -0.415601 0.9162 0.9162 0.9212
v 3.965432 -2.234058 -0.426606 0.9162 0.9162 0.9212
v 4.224078 -2.207559 -0.515606 0.9162 0.9162 0.9212
v 4.184286 -2.211635 -0.450606 0.9162 0.9162 0.9212
v 4.441054 -2.142763 -0.330894 0.9162 0.9162 0.9212
v 4.321057 -2.141907 -0.290894 0.9162 0.9162 0.9212
v 3.841069 -2.138485 -0.270896 0.9162 0.9162 0.9212
v 1.441130 -2.121373 -0.245904 0.9162 0.9162 0.9212
v 1.241135 -2.119947 -0.240905 0.9162 0.9162 0.9212
v 1.021141 -2.118378 -0.220906 0.9162 0.9162 0.9212
v 0.941143 -2.117808 -0.130906 0.9162 0.9162 0.9212
v 0.881144 -2.117380 -0.125906 0.9162 0.9162 0.9212
v 0.941143 -2.117808 -0.330906 0.9162 0.9162 0.9212
v 4.321155 -2.128227 -0.293306 0.9162 0.9162 0.9212
v 3.841216 -2.117964 -0.274514 0.9162 0.9162 0.9212
v 2.441288 -2.102852 -0.260424 0.9162 0.9162 0.9212
v 1.441338 -2.092302 -0.251031 0.9162 0.9162 0.9212
v 1.241355 -2.089166 -0.246333 0.9162 0.9162 0.9212
v 1.121348 -2.089678 -0.250092 0.9162 0.9162 0.9212
v 1.021409 -2.080757 -0.227540 0.9162 0.9162 0.9212
v 0.941630 -2.049406 -0.142968 0.9162 0.9162 0.9212
v 0.881644 -2.047268 -0.138269 0.9162 0.9162 0.9212
v 0.861572 -2.057385 -0.166460 0.9162 0.9162 0.9212
v 0.901412 -2.079901 -0.227540 0.9162 0.9162 0.9212
v 4.321240 -2.116196 -0.300252 0.9162 0.9162 0.9212
v 3.841344 -2.099918 -0.284933 0.9162 0.9162 0.9212
v 2.441449 -2.080295 -0.273447 0.9162 0.9162 0.9212
v 1.441520 -2.066737 -0.265791 0.9162 0.9162 0.9212
v 1.241548 -2.062098 -0.261961 0.9162 0.9162 0.9212
v 1.121533 -2.063813 -0.265026 0.9162 0.9162 0.9212
v 1.021645 -2.047673 -0.246641 0.9162 0.9162 0.9212
v 0.942059 -1.989254 -0.177697 0.9162 0.9162 0.9212
v 0.882084 -1.985612 -0.173867 0.9162 0.9162 0.9212
v 0.861947 -2.004753 -0.196849 0.9162 0.9162 0.9212
v 0.901648 -2.046818 -0.246641 0.9162 0.9162 0.9212
v 4.321304 -2.107267 -0.310894 0.9162 0.9162 0.9212
v 3.841440 -2.086524 -0.300896 0.9162 0.9162 0.9212
v 2.441568 -2.063553 -0.293401 0.9162 0.9162 0.9212
v 1.441655 -2.047763 -0.288404 0.9162 0.9162 0.9212
v 1.241691 -2.042006 -0.285905 0.9162 0.9162 0.9212
v 1.121670 -2.044615 -0.287906 0.9162 0.9162 0.9212
v 1.021820 -2.023118 -0.275906 0.9162 0.9162 0.9212
v 0.942378 -1.944607 -0.230906 0.9162 0.9162 0.9212
v 0.882410 -1.939849 -0.228406 0.9162 0.9162 0.9212
v 0.862226 -1.965687 -0.243406 0.9162 0.9162 0.9212
v 0.901823 -2.022262 -0.275906 0.9162 0.9162 0.9212
v 4.321338 -2.102516 -0.323948 0.9162 0.9162 0.9212
v 3.841491 -2.079398 -0.320477 0.9162 0.9162 0.9212
v 2.441632 -2.054644 -0.317877 0.9162 0.9162 0.9212
v 1.441727 -2.037666 -0.316144 0.9162 0.9162 0.9212
v 1.241768 -2.031317 -0.315277 0.9162 0.9162 0.9212
v 1.121743 -2.034400 -0.315972 0.9162 0.9162 0.9212
v 1.021914 -2.010052 -0.311805 0.9162 0.9162 0.9212
v 0.942547 -1.920851 -0.296177 0.9162 0.9162 0.9212
v 0.882584 -1.915500 -0.295309 0.9162 0.9162 0.9212
v 0.862374 -1.944901 -0.300518 0.9162 0.9162 0.9212
v 0.901917 -2.009197 -0.311805 0.9162 0.9162 0.9212
v 4.321338 -2.102516 -0.337840 0.9162 0.9162 0.9212
v 3.841491 -2.079398 -0.341315 0.9162 0.9162 0.9212
v 2.441632 -2.054644 -0.343924 0.9162 0.9162 0.9212
v 1.441728 -2.037666 -0.345664 0.9162 0.9162 0.9212
v 1.241768 -2.031317 -0.346533 0.9162 0.9162 0.9212
v 1.121743 -2.034400 -0.345839 0.9162 0.9162 0.9212
v 1.021914 -2.010052 -0.350007 0.9162 0.9162 0.9212
v 0.942548 -1.920851 -0.365636 0.9162 0.9162 0.9212
v 0.882584 -1.915500 -0.366504 0.9162 0.9162 0.9212
v 0.862374 -1.944901 -0.361295 0.9162 0.9162 0.9212
v 0.901917 -2.009197 -0.350008 0.9162 0.9162 0.9212
v 4.321304 -2.107267 -0.350894 0.9162 0.9162 0.9212
v 3.841440 -2.086524 -0.360896 0.9162 0.9162 0.9212
v 2.441568 -2.063553 -0.368401 0.9162 0.9162 0.9212
v 1.441656 -2.047763 -0.373404 0.9162 0.9162 0.9212
v 1.241691 -2.042006 -0.375905 0.9162 0.9162 0.9212
v 1.121670 -2.044615 -0.373906 0.9162 0.9162 0.9212
v 1.021821 -2.023118 -0.385906 0.9162 0.9162 0.9212
v 0.942379 -1.944607 -0.430906 0.9162 0.9162 0.9212
v 0.882411 -1.939849 -0.433406 0.9162 0.9162 0.9212
v 0.862226 -1.965687 -0.418406 0.9162 0.9162 0.9212
v 0.901824 -2.022262 -0.385906 0.9162 0.9162 0.9212
v 4.321241 -2.116196 -0.361536 0.9162 0.9162 0.9212
v 3.841345 -2.099918 -0.376858 0.9162 0.9162 0.9212
v 2.441449 -2.080295 -0.388354 0.9162 0.9162 0.9212
v 1.441520 -2.066737 -0.396018 0.9162 0.9162 0.9212
v 1.241548 -2.062098 -0.399849 0.9162 0.9162 0.9212
v 1.121533 -2.063813 -0.396785 0.9162 0.9162 0.9212
v 1.021646 -2.047673 -0.415171 0.9162 0.9162 0.9212
v 0.942060 -1.989254 -0.484115 0.9162 0.9162 0.9212
v 0.882085 -1.985612 -0.487946 0.9162 0.9162 0.9212
v 0.861948 -2.004753 -0.464964 0.9162 0.9162 0.9212
v 0.901649 -2.046818 -0.415171 0.9162 0.9162 0.9212
v 4.321155 -2.128227 -0.368482 0.9162 0.9162 0.9212
v 3.841216 -2.117964 -0.387277 0.9162 0.9162 0.9212
v 2.441288 -2.102852 -0.401378 0.9162 0.9162 0.9212
v 1.441338 -2.092302 -0.410778 0.9162 0.9162 0.9212
v 1.241355 -2.089166 -0.415477 0.9162 0.9162 0.9212
v 1.121349 -2.089678 -0.411719 0.9162 0.9162 0.9212
v 1.021410 -2.080757 -0.434272 0.9162 0.9162 0.9212
v 0.941632 -2.049406 -0.518845 0.9162 0.9162 0.9212
v 0.881645 -2.047268 -0.523543 0.9162 0.9162 0.9212
v 0.861573 -2.057385 -0.495353 0.9162 0.9162 0.9212
v 0.901413 -2.079901 -0.434273 0.9162 0.9162 0.9212
v 4.321057 -2.141907 -0.370894 0.9162 0.9162 0.9212
v 3.841070 -2.138485 -0.390896 0.9162 0.9162 0.9212
v 2.441105 -2.128503 -0.405901 0.9162 0.9162 0.9212
v 1.441131 -2.121373 -0.415904 0.9162 0.9162 0.9212
v 1.241136 -2.119947 -0.420905 0.9162 0.9162 0.9212
v 1.121139 -2.119091 -0.416906 0.9162 0.9162 0.9212
v 1.021142 -2.118378 -0.440906 0.9162 0.9162 0.9212
v 0.941144 -2.117808 -0.530906 0.9162 0.9162 0.9212
v 0.881146 -2.117380 -0.535906 0.9162 0.9162 0.9212
v 0.861146 -2.117238 -0.505906 0.9162 0.9162 0.9212
v 0.901145 -2.117523 -0.440906 0.9162 0.9162 0.9212
v 4.320960 -2.155588 -0.368482 0.9162 0.9162 0.9212
v 3.840924 -2.159005 -0.387277 0.9162 0.9162 0.9212
v 2.440922 -2.154154 -0.401378 0.9162 0.9162 0.9212
v 1.440924 -2.150444 -0.410778 0.9162 0.9162 0.9212
v 1.240916 -2.150728 -0.415477 0.9162 0.9162 0.9212
v 1.120929 -2.148504 -0.411719 0.9162 0.9162 0.9212
v 1.020873 -2.156000 -0.434272 0.9162 0.9162 0.9212
v 0.940656 -2.186210 -0.518845 0.9162 0.9162 0.9212
v 0.880646 -2.187492 -0.523543 0.9162 0.9162 0.9212
v 0.860719 -2.177089 -0.495353 0.9162 0.9162 0.9212
v 0.900877 -2.155144 -0.434273 0.9162 0.9162 0.9212
v 4.320874 -2.167618 -0.361536 0.9162 0.9162 0.9212
v 3.840795 -2.177051 -0.376858 0.9162 0.9162 0.9212
v 2.440762 -2.176711 -0.388354 0.9162 0.9162 0.9212
v 1.440741 -2.176008 -0.396018 0.9162 0.9162 0.9212
v 1.240723 -2.177796 -0.399849 0.9162 0.9162 0.9212
v 1.120745 -2.174370 -0.396785 0.9162 0.9162 0.9212
v 1.020637 -2.189083 -0.415171 0.9162 0.9162 0.9212
v 0.940227 -2.246362 -0.484115 0.9162 0.9162 0.9212
v 0.880206 -2.249148 -0.487946 0.9162 0.9162 0.9212
v 0.860344 -2.229722 -0.464964 0.9162 0.9162 0.9212
v 0.900641 -2.188228 -0.415171 0.9162 0.9162 0.9212
v 4.320810 -2.176547 -0.350894 0.9162 0.9162 0.9212
v 3.840699 -2.190445 -0.360896 0.9162 0.9162 0.9212
v 2.440642 -2.193453 -0.368401 0.9162 0.9162 0.9212
v 1.440606 -2.194983 -0.373404 0.9162 0.9162 0.9212
v 1.240580 -2.197887 -0.375905 0.9162 0.9162 0.9212
v 1.120608 -2.193568 -0.373906 0.9162 0.9162 0.9212
v 1.020462 -2.213639 -0.385906 0.9162 0.9162 0.9212
v 0.939909 -2.291008 -0.430906 0.9162 0.9162 0.9212
v 0.879879 -2.294911 -0.433406 0.9162 0.9162 0.9212
v 0.860065 -2.268788 -0.418406 0.9162 0.9162 0.9212
v 0.900465 -2.212783 -0.385906 0.9162 0.9162 0.9212
v 4.320776 -2.181298 -0.337840 0.9162 0.9162 0.9212
v 3.840648 -2.197572 -0.341315 0.9162 0.9162 0.9212
v 2.440579 -2.202362 -0.343924 0.9162 0.9162 0.9212
v 1.440534 -2.205079 -0.345665 0.9162 0.9162 0.9212
v 1.240504 -2.208577 -0.346533 0.9162 0.9162 0.9212
v 1.120535 -2.203783 -0.345839 0.9162 0.9162 0.9212
v 1.020369 -2.226704 -0.350007 0.9162 0.9162 0.9212
v 0.939739 -2.314764 -0.365636 0.9162 0.9162 0.9212
v 0.879706 -2.319261 -0.366504 0.9162 0.9162 0.9212
v 0.859917 -2.289574 -0.361295 0.9162 0.9162 0.9212
v 0.900372 -2.225849 -0.350008 0.9162 0.9162 0.9212
v 4.320776 -2.181298 -0.323948 0.9162 0.9162 0.9212
v 3.840648 -2.197572 -0.320477 0.9162 0.9162 0.9212
v 2.440578 -2.202362 -0.317877 0.9162 0.9162 0.9212
v 1.440534 -2.205079 -0.316144 0.9162 0.9162 0.9212
v 1.240504 -2.208577 -0.315277 0.9162 0.9162 0.9212
v 1.120535 -2.203783 -0.315972 0.9162 0.9162 0.9212
v 1.020369 -2.226704 -0.311805 0.9162 0.9162 0.9212
v 0.939739 -2.314764 -0.296176 0.9162 0.9162 0.9212
v 0.879705 -2.319261 -0.295309 0.9162 0.9162 0.9212
v 0.859916 -2.289574 -0.300518 0.9162 0.9162 0.9212
v 0.900372 -2.225849 -0.311805 0.9162 0.9162 0.9212
v 4.320810 -2.176547 -0.310894 0.9162 0.9162 0.9212
v 3.840699 -2.190445 -0.300896 0.9162 0.9162 0.9212
v 2.440642 -2.193453 -0.293401 0.9162 0.9162 0.9212
v 1.440606 -2.194983 -0.288404 0.9162 0.9162 0.9212
v 1.240580 -2.197887 -0.285905 0.9162 0.9162 0.9212
v 1.120608 -2.193568 -0.287906 0.9162 0.9162 0.9212
v 1.020462 -2.213639 -0.275906 0.9162 0.9162 0.9212
v 0.939908 -2.291009 -0.230906 0.9162 0.9162 0.9212
v 0.879879 -2.294911 -0.228406 0.9162 0.9162 0.9212
v 0.860065 -2.268788 -0.243407 0.9162 0.9162 0.9212
v 0.900465 -2.212783 -0.275906 0.9162 0.9162 0.9212
v 4.320874 -2.167618 -0.300252 0.9162 0.9162 0.9212
v 3.840795 -2.177051 -0.284933 0.9162 0.9162 0.9212
v 2.440761 -2.176711 -0.273447 0.9162 0.9162 0.9212
v 1.440741 -2.176008 -0.265791 0.9162 0.9162 0.9212
v 1.240723 -2.177796 -0.261961 0.9162 0.9162 0.9212
v 1.120744 -2.174370 -0.265026 0.9162 0.9162 0.9212
v 1.020637 -2.189083 -0.246641 0.9162 0.9162 0.9212
v 0.940226 -2.246362 -0.177697 0.9162 0.9162 0.9212
v 0.880205 -2.249148 -0.173867 0.9162 0.9162 0.9212
v 0.860343 -2.229722 -0.196849 0.9162 0.9162 0.9212
v 0.900640 -2.188228 -0.246641 0.9162 0.9162 0.9212
v 4.320960 -2.155588 -0.293306 0.9162 0.9162 0.9212
v 3.840923 -2.159005 -0.274514 0.9162 0.9162 0.9212
v 2.440922 -2.154154 -0.260424 0.9162 0.9162 0.9212
v 1.440923 -2.150444 -0.251031 0.9162 0.9162 0.9212
v 1.240916 -2.150728 -0.246333 0.9162 0.9162 0.9212
v 1.120929 -2.148504 -0.250092 0.9162 0.9162 0.9212
v 1.020873 -2.156000 -0.227540 0.9162 0.9162 0.9212
v 0.940655 -2.186210 -0.142968 0.9162 0.9162 0.9212
v 0.880644 -2.187493 -0.138269 0.9162 0.9162 0.9212
v 0.860718 -2.177090 -0.166460 0.9162 0.9162 0.9212
v 0.900876 -2.155144 -0.227540 0.9162 0.9162 0.9212
v 2.441105 -2.128503 -0.255901 0.9162 0.9162 0.9212
v 1.121138 -2.119091 -0.244906 0.9162 0.9162 0.9212
v 0.861145 -2.117238 -0.155907 0.9162 0.9162 0.9212
v 0.901144 -2.117523 -0.220906 0.9162 0.9162 0.9212
v 0.788840 -1.835115 -0.315294 0.9162 0.9162 0.9212
v 0.908817 -1.837454 -0.355294 0.9162 0.9162 0.9212
v 1.388726 -1.846808 -0.375296 0.9162 0.9162 0.9212
v 3.788270 -1.893581 -0.400304 0.9162 0.9162 0.9212
v 3.988232 -1.897479 -0.405305 0.9162 0.9162 0.9212
v 4.208190 -1.901767 -0.425306 0.9162 0.9162 0.9212
v 4.288175 -1.903326 -0.515306 0.9162 0.9162 0.9212
v 4.348163 -1.904495 -0.520306 0.9162 0.9162 0.9212
v 4.288176 -1.903326 -0.315306 0.9162 0.9162 0.9212
v 0.909084 -1.823776 -0.352882 0.9162 0.9162 0.9212
v 1.389126 -1.826291 -0.371677 0.9162 0.9162 0.9212
v 2.788960 -1.848446 -0.385778 0.9162 0.9162 0.9212
v 3.788836 -1.864515 -0.395178 0.9162 0.9162 0.9212
v 3.988832 -1.866703 -0.399877 0.9162 0.9162 0.9212
v 4.108782 -1.870410 -0.396119 0.9162 0.9162 0.9212
v 4.208923 -1.864152 -0.418672 0.9162 0.9162 0.9212
v 4.289508 -1.834935 -0.503245 0.9162 0.9162 0.9212
v 4.349530 -1.834394 -0.507943 0.9162 0.9162 0.9212
v 4.369326 -1.845043 -0.479753 0.9162 0.9162 0.9212
v 4.328900 -1.866490 -0.418673 0.9162 0.9162 0.9212
v 0.909318 -1.811747 -0.345936 0.9162 0.9162 0.9212
v 1.389478 -1.808248 -0.361258 0.9162 0.9162 0.9212
v 2.789400 -1.825893 -0.372754 0.9162 0.9162 0.9212
v 3.789335 -1.838955 -0.380418 0.9162 0.9162 0.9212
v 3.989360 -1.839639 -0.384249 0.9162 0.9162 0.9212
v 4.109286 -1.844549 -0.381185 0.9162 0.9162 0.9212
v 4.209568 -1.831074 -0.399571 0.9162 0.9162 0.9212
v 4.290680 -1.774793 -0.468515 0.9162 0.9162 0.9212
v 4.350731 -1.772749 -0.472346 0.9162 0.9162 0.9212
v 4.370352 -1.792418 -0.449364 0.9162 0.9162 0.9212
v 4.329545 -1.833412 -0.399571 0.9162 0.9162 0.9212
v 0.909492 -1.802819 -0.335294 0.9162 0.9162 0.9212
v 1.389739 -1.794857 -0.345296 0.9162 0.9162 0.9212
v 2.789726 -1.809153 -0.352801 0.9162 0.9162 0.9212
v 3.789705 -1.819983 -0.357804 0.9162 0.9162 0.9212
v 3.989751 -1.819552 -0.360305 0.9162 0.9162 0.9212
v 4.109661 -1.825354 -0.358306 0.9162 0.9162 0.9212
v 4.210047 -1.806522 -0.370306 0.9162 0.9162 0.9212
v 4.291551 -1.730154 -0.415306 0.9162 0.9162 0.9212
v 4.351624 -1.726994 -0.417806 0.9162 0.9162 0.9212
v 4.371113 -1.753359 -0.402806 0.9162 0.9162 0.9212
v 4.330024 -1.808861 -0.370306 0.9162 0.9162 0.9212
v 0.909585 -1.798069 -0.322240 0.9162 0.9162 0.9212
v 1.389878 -1.787731 -0.325715 0.9162 0.9162 0.9212
v 2.789900 -1.800246 -0.328324 0.9162 0.9162 0.9212
v 3.789902 -1.809889 -0.330064 0.9162 0.9162 0.9212
v 3.989960 -1.808863 -0.330933 0.9162 0.9162 0.9212
v 4.109860 -1.815140 -0.330239 0.9162 0.9162 0.9212
v 4.210301 -1.793458 -0.334407 0.9162 0.9162 0.9212
v 4.292014 -1.706402 -0.350036 0.9162 0.9162 0.9212
v 4.352098 -1.702648 -0.350904 0.9162 0.9162 0.9212
v 4.371519 -1.732576 -0.345695 0.9162 0.9162 0.9212
v 4.330279 -1.795797 -0.334408 0.9162 0.9162 0.9212
v 0.909585 -1.798069 -0.308348 0.9162 0.9162 0.9212
v 1.389878 -1.787731 -0.304877 0.9162 0.9162 0.9212
v 2.789900 -1.800246 -0.302277 0.9162 0.9162 0.9212
v 3.789902 -1.809889 -0.300544 0.9162 0.9162 0.9212
v 3.989960 -1.808863 -0.299677 0.9162 0.9162 0.9212
v 4.109860 -1.815140 -0.300372 0.9162 0.9162 0.9212
v 4.210302 -1.793458 -0.296205 0.9162 0.9162 0.9212
v 4.292014 -1.706402 -0.280577 0.9162 0.9162 0.9212
v 4.352098 -1.702648 -0.279709 0.9162 0.9162 0.9212
v 4.371519 -1.732576 -0.284918 0.9162 0.9162 0.9212
v 4.330279 -1.795797 -0.296205 0.9162 0.9162 0.9212
v 0.909492 -1.802819 -0.295294 0.9162 0.9162 0.9212
v 1.389739 -1.794857 -0.285296 0.9162 0.9162 0.9212
v 2.789726 -1.809153 -0.277801 0.9162 0.9162 0.9212
v 3.789705 -1.819983 -0.272804 0.9162 0.9162 0.9212
v 3.989752 -1.819552 -0.270305 0.9162 0.9162 0.9212
v 4.109661 -1.825354 -0.272306 0.9162 0.9162 0.9212
v 4.210047 -1.806522 -0.260306 0.9162 0.9162 0.9212
v 4.291551 -1.730154 -0.215306 0.9162 0.9162 0.9212
v 4.351624 -1.726994 -0.212806 0.9162 0.9162 0.9212
v 4.371114 -1.753359 -0.227806 0.9162 0.9162 0.9212
v 4.330025 -1.808861 -0.260306 0.9162 0.9162 0.9212
v 0.909318 -1.811747 -0.284652 0.9162 0.9162 0.9212
v 1.389478 -1.808248 -0.269333 0.9162 0.9162 0.9212
v 2.789400 -1.825893 -0.257847 0.9162 0.9162 0.9212
v 3.789335 -1.838955 -0.250191 0.9162 0.9162 0.9212
v 3.989360 -1.839639 -0.246361 0.9162 0.9162 0.9212
v 4.109287 -1.844549 -0.249426 0.9162 0.9162 0.9212
v 4.209569 -1.831074 -0.231041 0.9162 0.9162 0.9212
v 4.290681 -1.774793 -0.162097 0.9162 0.9162 0.9212
v 4.350732 -1.772749 -0.158267 0.9162 0.9162 0.9212
v 4.370353 -1.792418 -0.181249 0.9162 0.9162 0.9212
v 4.329546 -1.833412 -0.231041 0.9162 0.9162 0.9212
v 0.909084 -1.823776 -0.277706 0.9162 0.9162 0.9212
v 1.389126 -1.826291 -0.258914 0.9162 0.9162 0.9212
v 2.788960 -1.848446 -0.244824 0.9162 0.9162 0.9212
v 3.788837 -1.864515 -0.235431 0.9162 0.9162 0.9212
v 3.988832 -1.866703 -0.230733 0.9162 0.9162 0.9212
v 4.108783 -1.870410 -0.234492 0.9162 0.9162 0.9212
v 4.208924 -1.864152 -0.211940 0.9162 0.9162 0.9212
v 4.289509 -1.834935 -0.127368 0.9162 0.9162 0.9212
v 4.349531 -1.834394 -0.122669 0.9162 0.9162 0.9212
v 4.369327 -1.845043 -0.150860 0.9162 0.9162 0.9212
v 4.328901 -1.866490 -0.211940 0.9162 0.9162 0.9212
v 0.908817 -1.837454 -0.275294 0.9162 0.9162 0.9212
v 1.388726 -1.846808 -0.255296 0.9162 0.9162 0.9212
v 2.788460 -1.874093 -0.240301 0.9162 0.9162 0.9212
v 3.788270 -1.893581 -0.230304 0.9162 0.9162 0.9212
v 3.988233 -1.897479 -0.225305 0.9162 0.9162 0.9212
v 4.108210 -1.899818 -0.229306 0.9162 0.9162 0.9212
v 4.208191 -1.901767 -0.205306 0.9162 0.9162 0.9212
v 4.288176 -1.903326 -0.115306 0.9162 0.9162 0.9212
v 4.348165 -1.904495 -0.110306 0.9162 0.9162 0.9212
v 4.368161 -1.904885 -0.140307 0.9162 0.9162 0.9212
v 4.328168 -1.904105 -0.205306 0.9162 0.9162 0.9212
v 0.908551 -1.851132 -0.277706 0.9162 0.9162 0.9212
v 1.388326 -1.867326 -0.258914 0.9162 0.9162 0.9212
v 2.787961 -1.899739 -0.244824 0.9162 0.9162 0.9212
v 3.787704 -1.922648 -0.235431 0.9162 0.9162 0.9212
v 3.987633 -1.928255 -0.230733 0.9162 0.9162 0.9212
v 4.107636 -1.929226 -0.234492 0.9162 0.9162 0.9212
v 4.207458 -1.939382 -0.211940 0.9162 0.9162 0.9212
v 4.286843 -1.971717 -0.127368 0.9162 0.9162 0.9212
v 4.346798 -1.974596 -0.122669 0.9162 0.9162 0.9212
v 4.366994 -1.964727 -0.150860 0.9162 0.9162 0.9212
v 4.327435 -1.941720 -0.211940 0.9162 0.9162 0.9212
v 0.908316 -1.863160 -0.284652 0.9162 0.9162 0.9212
v 1.387975 -1.885368 -0.269333 0.9162 0.9162 0.9212
v 2.787521 -1.922293 -0.257847 0.9162 0.9162 0.9212
v 3.787206 -1.948208 -0.250191 0.9162 0.9162 0.9212
v 3.987105 -1.955319 -0.246361 0.9162 0.9162 0.9212
v 4.107132 -1.955087 -0.249426 0.9162 0.9162 0.9212
v 4.206813 -1.972460 -0.231041 0.9162 0.9162 0.9212
v 4.285670 -2.031859 -0.162097 0.9162 0.9162 0.9212
v 4.345596 -2.036242 -0.158267 0.9162 0.9162 0.9212
v 4.365968 -2.017351 -0.181249 0.9162 0.9162 0.9212
v 4.326790 -1.974799 -0.231041 0.9162 0.9162 0.9212
v 0.908142 -1.872088 -0.295294 0.9162 0.9162 0.9212
v 1.387714 -1.898760 -0.285296 0.9162 0.9162 0.9212
v 2.787194 -1.939032 -0.277801 0.9162 0.9162 0.9212
v 3.786836 -1.967180 -0.272804 0.9162 0.9162 0.9212
v 3.986713 -1.975407 -0.270305 0.9162 0.9162 0.9212
v 4.106758 -1.974282 -0.272306 0.9162 0.9162 0.9212
v 4.206334 -1.997011 -0.260306 0.9162 0.9162 0.9212
v 4.284800 -2.076498 -0.215306 0.9162 0.9162 0.9212
v 4.344704 -2.081997 -0.212806 0.9162 0.9162 0.9212
v 4.365207 -2.056411 -0.227806 0.9162 0.9162 0.9212
v 4.326311 -1.999350 -0.260306 0.9162 0.9162 0.9212
v 0.908049 -1.876839 -0.308348 0.9162 0.9162 0.9212
v 1.387575 -1.905886 -0.304877 0.9162 0.9162 0.9212
v 2.787021 -1.947939 -0.302277 0.9162 0.9162 0.9212
v 3.786639 -1.977274 -0.300544 0.9162 0.9162 0.9212
v 3.986505 -1.986095 -0.299677 0.9162 0.9162 0.9212
v 4.106559 -1.984495 -0.300372 0.9162 0.9162 0.9212
v 4.206079 -2.010075 -0.296205 0.9162 0.9162 0.9212
v 4.284337 -2.100250 -0.280577 0.9162 0.9162 0.9212
v 4.344230 -2.106342 -0.279708 0.9162 0.9162 0.9212
v 4.364801 -2.077193 -0.284918 0.9162 0.9162 0.9212
v 4.326056 -2.012414 -0.296205 0.9162 0.9162 0.9212
v 0.908049 -1.876839 -0.322240 0.9162 0.9162 0.9212
v 1.387575 -1.905886 -0.325715 0.9162 0.9162 0.9212
v 2.787021 -1.947939 -0.328324 0.9162 0.9162 0.9212
v 3.786639 -1.977274 -0.330064 0.9162 0.9162 0.9212
v 3.986505 -1.986095 -0.330933 0.9162 0.9162 0.9212
v 4.106559 -1.984495 -0.330239 0.9162 0.9162 0.9212
v 4.206079 -2.010075 -0.334407 0.9162 0.9162 0.9212
v 4.284337 -2.100250 -0.350036 0.9162 0.9162 0.9212
v 4.344229 -2.106342 -0.350904 0.9162 0.9162 0.9212
v 4.364801 -2.077193 -0.345695 0.9162 0.9162 0.9212
v 4.326056 -2.012414 -0.334408 0.9162 0.9162 0.9212
v 0.908142 -1.872088 -0.335294 0.9162 0.9162 0.9212
v 1.387713 -1.898760 -0.345296 0.9162 0.9162 0.9212
v 2.787194 -1.939032 -0.352801 0.9162 0.9162 0.9212
v 3.786835 -1.967180 -0.357804 0.9162 0.9162 0.9212
v 3.986713 -1.975407 -0.360305 0.9162 0.9162 0.9212
v 4.106758 -1.974282 -0.358306 0.9162 0.9162 0.9212
v 4.206334 -1.997011 -0.370306 0.9162 0.9162 0.9212
v 4.284800 -2.076498 -0.415306 0.9162 0.9162 0.9212
v 4.344704 -2.081997 -0.417806 0.9162 0.9162 0.9212
v 4.365206 -2.056411 -0.402806 0.9162 0.9162 0.9212
v 4.326311 -1.999350 -0.370306 0.9162 0.9162 0.9212
v 0.908316 -1.863160 -0.345936 0.9162 0.9162 0.9212
v 1.387974 -1.885368 -0.361258 0.9162 0.9162 0.9212
v 2.787520 -1.922293 -0.372754 0.9162 0.9162 0.9212
v 3.787205 -1.948208 -0.380418 0.9162 0.9162 0.9212
v 3.987105 -1.955319 -0.384249 0.9162 0.9162 0.9212
v 4.107132 -1.955087 -0.381185 0.9162 0.9162 0.9212
v 4.206812 -1.972460 -0.399571 0.9162 0.9162 0.9212
v 4.285669 -2.031859 -0.468515 0.9162 0.9162 0.9212
v 4.345595 -2.036242 -0.472346 0.9162 0.9162 0.9212
v 4.365967 -2.017351 -0.449364 0.9162 0.9162 0.9212
v 4.326789 -1.974799 -0.399571 0.9162 0.9162 0.9212
v 0.908550 -1.851132 -0.352882 0.9162 0.9162 0.9212
v 1.388326 -1.867326 -0.371677 0.9162 0.9162 0.9212
v 2.787960 -1.899739 -0.385778 0.9162 0.9162 0.9212
v 3.787704 -1.922648 -0.395178 0.9162 0.9162 0.9212
v 3.987632 -1.928255 -0.399877 0.9162 0.9162 0.9212
v 4.107636 -1.929226 -0.396119 0.9162 0.9162 0.9212
v 4.207457 -1.939382 -0.418672 0.9162 0.9162 0.9212
v 4.286841 -1.971717 -0.503245 0.9162 0.9162 0.9212
v 4.346797 -1.974596 -0.507943 0.9162 0.9162 0.9212
v 4.366993 -1.964727 -0.479753 0.9162 0.9162 0.9212
v 4.327434 -1.941720 -0.418673 0.9162 0.9162 0.9212
v 2.788460 -1.874093 -0.390301 0.9162 0.9162 0.9212
v 4.108209 -1.899818 -0.401306 0.9162 0.9162 0.9212
v 4.368159 -1.904885 -0.490306 0.9162 0.9162 0.9212
v 4.328167 -1.904105 -0.425306 0.9162 0.9162 0.9212
v 4.378397 -1.501307 -0.347394 0.9162 0.9162 0.9212
v 4.258618 -1.508593 -0.307394 0.9162 0.9162 0.9212
v 3.779504 -1.537740 -0.287396 0.9162 0.9162 0.9212
v 1.383932 -1.683474 -0.262404 0.9162 0.9162 0.9212
v 1.184301 -1.695619 -0.257405 0.9162 0.9162 0.9212
v 0.964707 -1.708978 -0.237406 0.9162 0.9162 0.9212
v 0.884855 -1.713836 -0.147406 0.9162 0.9162 0.9212
v 0.824966 -1.717479 -0.142406 0.9162 0.9162 0.9212
v 0.884856 -1.713836 -0.347406 0.9162 0.9162 0.9212
v 4.257788 -1.494938 -0.309806 0.9162 0.9162 0.9212
v 3.778258 -1.517257 -0.291014 0.9162 0.9162 0.9212
v 2.380530 -1.597148 -0.276924 0.9162 0.9162 0.9212
v 1.382167 -1.654456 -0.267531 0.9162 0.9162 0.9212
v 1.182432 -1.664894 -0.262833 0.9162 0.9162 0.9212
v 1.062737 -1.673546 -0.266592 0.9162 0.9162 0.9212
v 0.962423 -1.671425 -0.244040 0.9162 0.9162 0.9212
v 0.880701 -1.645558 -0.159468 0.9162 0.9162 0.9212
v 0.820708 -1.647494 -0.154769 0.9162 0.9162 0.9212
v 0.801368 -1.658950 -0.182960 0.9162 0.9162 0.9212
v 0.842644 -1.678712 -0.244040 0.9162 0.9162 0.9212
v 4.257057 -1.482929 -0.316752 0.9162 0.9162 0.9212
v 3.777162 -1.499244 -0.301433 0.9162 0.9162 0.9212
v 2.379160 -1.574632 -0.289947 0.9162 0.9162 0.9212
v 1.380615 -1.628938 -0.282291 0.9162 0.9162 0.9212
v 1.180789 -1.637875 -0.278461 0.9162 0.9162 0.9212
v 1.061167 -1.647728 -0.281526 0.9162 0.9162 0.9212
v 0.960414 -1.638402 -0.263141 0.9162 0.9162 0.9212
v 0.877049 -1.585515 -0.194197 0.9162 0.9162 0.9212
v 0.816964 -1.585951 -0.190367 0.9162 0.9162 0.9212
v 0.798172 -1.606413 -0.213349 0.9162 0.9162 0.9212
v 0.840636 -1.645688 -0.263141 0.9162 0.9162 0.9212
v 4.256515 -1.474016 -0.327394 0.9162 0.9162 0.9212
v 3.776349 -1.485874 -0.317396 0.9162 0.9162 0.9212
v 2.378143 -1.557920 -0.309901 0.9162 0.9162 0.9212
v 1.379463 -1.609998 -0.304904 0.9162 0.9162 0.9212
v 1.179569 -1.617821 -0.302405 0.9162 0.9162 0.9212
v 1.060001 -1.628565 -0.304406 0.9162 0.9162 0.9212
v 0.958923 -1.613891 -0.292406 0.9162 0.9162 0.9212
v 0.874338 -1.540950 -0.247406 0.9162 0.9162 0.9212
v 0.814186 -1.540272 -0.244906 0.9162 0.9162 0.9212
v 0.795800 -1.567419 -0.259907 0.9162 0.9162 0.9212
v 0.839145 -1.621178 -0.292406 0.9162 0.9162 0.9212
v 4.256227 -1.469274 -0.340448 0.9162 0.9162 0.9212
v 3.775916 -1.478761 -0.336977 0.9162 0.9162 0.9212
v 2.377603 -1.549027 -0.334377 0.9162 0.9162 0.9212
v 1.378850 -1.599920 -0.332644 0.9162 0.9162 0.9212
v 1.178920 -1.607150 -0.331777 0.9162 0.9162 0.9212
v 1.059381 -1.618368 -0.332472 0.9162 0.9162 0.9212
v 0.958130 -1.600849 -0.328305 0.9162 0.9162 0.9212
v 0.872895 -1.517238 -0.312677 0.9162 0.9162 0.9212
v 0.812707 -1.515966 -0.311809 0.9162 0.9162 0.9212
v 0.794538 -1.546670 -0.317018 0.9162 0.9162 0.9212
v 0.838351 -1.608136 -0.328305 0.9162 0.9162 0.9212
v 4.256227 -1.469274 -0.354340 0.9162 0.9162 0.9212
v 3.775916 -1.478761 -0.357815 0.9162 0.9162 0.9212
v 2.377603 -1.549027 -0.360424 0.9162 0.9162 0.9212
v 1.378850 -1.599920 -0.362164 0.9162 0.9162 0.9212
v 1.178920 -1.607150 -0.363033 0.9162 0.9162 0.9212
v 1.059381 -1.618368 -0.362339 0.9162 0.9162 0.9212
v 0.958130 -1.600849 -0.366507 0.9162 0.9162 0.9212
v 0.872896 -1.517238 -0.382136 0.9162 0.9162 0.9212
v 0.812707 -1.515966 -0.383004 0.9162 0.9162 0.9212
v 0.794538 -1.546670 -0.377795 0.9162 0.9162 0.9212
v 0.838351 -1.608136 -0.366508 0.9162 0.9162 0.9212
v 4.256515 -1.474016 -0.367394 0.9162 0.9162 0.9212
v 3.776349 -1.485874 -0.377396 0.9162 0.9162 0.9212
v 2.378144 -1.557920 -0.384901 0.9162 0.9162 0.9212
v 1.379463 -1.609998 -0.389904 0.9162 0.9162 0.9212
v 1.179569 -1.617821 -0.392405 0.9162 0.9162 0.9212
v 1.060001 -1.628565 -0.390406 0.9162 0.9162 0.9212
v 0.958923 -1.613891 -0.402406 0.9162 0.9162 0.9212
v 0.874338 -1.540950 -0.447406 0.9162 0.9162 0.9212
v 0.814186 -1.540271 -0.449906 0.9162 0.9162 0.9212
v 0.795801 -1.567419 -0.434906 0.9162 0.9162 0.9212
v 0.839145 -1.621178 -0.402406 0.9162 0.9162 0.9212
v 4.257057 -1.482929 -0.378036 0.9162 0.9162 0.9212
v 3.777162 -1.499244 -0.393358 0.9162 0.9162 0.9212
v 2.379160 -1.574632 -0.404854 0.9162 0.9162 0.9212
v 1.380615 -1.628938 -0.412518 0.9162 0.9162 0.9212
v 1.180789 -1.637875 -0.416349 0.9162 0.9162 0.9212
v 1.061167 -1.647728 -0.413285 0.9162 0.9162 0.9212
v 0.960415 -1.638402 -0.431671 0.9162 0.9162 0.9212
v 0.877050 -1.585515 -0.500615 0.9162 0.9162 0.9212
v 0.816965 -1.585951 -0.504446 0.9162 0.9162 0.9212
v 0.798173 -1.606413 -0.481464 0.9162 0.9162 0.9212
v 0.840636 -1.645688 -0.431671 0.9162 0.9162 0.9212
v 4.257788 -1.494938 -0.384982 0.9162 0.9162 0.9212
v 3.778258 -1.517257 -0.403777 0.9162 0.9162 0.9212
v 2.380530 -1.597148 -0.417878 0.9162 0.9162 0.9212
v 1.382168 -1.654456 -0.427278 0.9162 0.9162 0.9212
v 1.182433 -1.664894 -0.431977 0.9162 0.9162 0.9212
v 1.062738 -1.673546 -0.428219 0.9162 0.9162 0.9212
v 0.962424 -1.671425 -0.450772 0.9162 0.9162 0.9212
v 0.880702 -1.645558 -0.535345 0.9162 0.9162 0.9212
v 0.820709 -1.647494 -0.540043 0.9162 0.9162 0.9212
v 0.801369 -1.658950 -0.511853 0.9162 0.9162 0.9212
v 0.842645 -1.678712 -0.450773 0.9162 0.9162 0.9212
v 4.258618 -1.508593 -0.387394 0.9162 0.9162 0.9212
v 3.779504 -1.537740 -0.407396 0.9162 0.9162 0.9212
v 2.382088 -1.622752 -0.422401 0.9162 0.9162 0.9212
v 1.383933 -1.683474 -0.432404 0.9162 0.9162 0.9212
v 1.184302 -1.695619 -0.437405 0.9162 0.9162 0.9212
v 1.064524 -1.702906 -0.433406 0.9162 0.9162 0.9212
v 0.964708 -1.708978 -0.457406 0.9162 0.9162 0.9212
v 0.884856 -1.713836 -0.547406 0.9162 0.9162 0.9212
v 0.824967 -1.717479 -0.552406 0.9162 0.9162 0.9212
v 0.805004 -1.718693 -0.522406 0.9162 0.9162 0.9212
v 0.844930 -1.716265 -0.457406 0.9162 0.9162 0.9212
v 4.259449 -1.522249 -0.384982 0.9162 0.9162 0.9212
v 3.780750 -1.558223 -0.403777 0.9162 0.9162 0.9212
v 2.383646 -1.648356 -0.417878 0.9162 0.9162 0.9212
v 1.385698 -1.712492 -0.427278 0.9162 0.9162 0.9212
v 1.186171 -1.726344 -0.431977 0.9162 0.9162 0.9212
v 1.066310 -1.732265 -0.428219 0.9162 0.9162 0.9212
v 0.966993 -1.746531 -0.450772 0.9162 0.9162 0.9212
v 0.889010 -1.782114 -0.535345 0.9162 0.9162 0.9212
v 0.829224 -1.787464 -0.540043 0.9162 0.9162 0.9212
v 0.808638 -1.778437 -0.511853 0.9162 0.9162 0.9212
v 0.847214 -1.753817 -0.450773 0.9162 0.9162 0.9212
v 4.260180 -1.534257 -0.378036 0.9162 0.9162 0.9212
v 3.781846 -1.576236 -0.393358 0.9162 0.9162 0.9212
v 2.385015 -1.670872 -0.404854 0.9162 0.9162 0.9212
v 1.387251 -1.738011 -0.412518 0.9162 0.9162 0.9212
v 1.187815 -1.753363 -0.416349 0.9162 0.9162 0.9212
v 1.067880 -1.758083 -0.413285 0.9162 0.9162 0.9212
v 0.969002 -1.779554 -0.431671 0.9162 0.9162 0.9212
v 0.892662 -1.842156 -0.500615 0.9162 0.9162 0.9212
v 0.832968 -1.849007 -0.504446 0.9162 0.9162 0.9212
v 0.811834 -1.830974 -0.481464 0.9162 0.9162 0.9212
v 0.849223 -1.786841 -0.431671 0.9162 0.9162 0.9212
v 4.260722 -1.543170 -0.367394 0.9162 0.9162 0.9212
v 3.782660 -1.589606 -0.377396 0.9162 0.9162 0.9212
v 2.386032 -1.687584 -0.384901 0.9162 0.9162 0.9212
v 1.388403 -1.756951 -0.389904 0.9162 0.9162 0.9212
v 1.189035 -1.773417 -0.392405 0.9162 0.9162 0.9212
v 1.069046 -1.777246 -0.390406 0.9162 0.9162 0.9212
v 0.970493 -1.804065 -0.402406 0.9162 0.9162 0.9212
v 0.895373 -1.886721 -0.447406 0.9162 0.9162 0.9212
v 0.835747 -1.894687 -0.449906 0.9162 0.9162 0.9212
v 0.814206 -1.869968 -0.434906 0.9162 0.9162 0.9212
v 0.850714 -1.811352 -0.402406 0.9162 0.9162 0.9212
v 4.261010 -1.547913 -0.354340 0.9162 0.9162 0.9212
v 3.783092 -1.596720 -0.357815 0.9162 0.9162 0.9212
v 2.386573 -1.696476 -0.360424 0.9162 0.9162 0.9212
v 1.389016 -1.767029 -0.362164 0.9162 0.9162 0.9212
v 1.189684 -1.784088 -0.363033 0.9162 0.9162 0.9212
v 1.069666 -1.787443 -0.362339 0.9162 0.9162 0.9212
v 0.971286 -1.817107 -0.366507 0.9162 0.9162 0.9212
v 0.896816 -1.910434 -0.382136 0.9162 0.9162 0.9212
v 0.837225 -1.918992 -0.383004 0.9162 0.9162 0.9212
v 0.815468 -1.890717 -0.377795 0.9162 0.9162 0.9212
v 0.851507 -1.824394 -0.366508 0.9162 0.9162 0.9212
v 4.261010 -1.547913 -0.340448 0.9162 0.9162 0.9212
v 3.783092 -1.596720 -0.336977 0.9162 0.9162 0.9212
v 2.386573 -1.696476 -0.334377 0.9162 0.9162 0.9212
v 1.389016 -1.767029 -0.332644 0.9162 0.9162 0.9212
v 1.189684 -1.784088 -0.331777 0.9162 0.9162 0.9212
v 1.069666 -1.787443 -0.332472 0.9162 0.9162 0.9212
v 0.971286 -1.817107 -0.328305 0.9162 0.9162 0.9212
v 0.896815 -1.910434 -0.312676 0.9162 0.9162 0.9212
v 0.837225 -1.918992 -0.311808 0.9162 0.9162 0.9212
v 0.815468 -1.890717 -0.317018 0.9162 0.9162 0.9212
v 0.851507 -1.824394 -0.328305 0.9162 0.9162 0.9212
v 4.260722 -1.543170 -0.327394 0.9162 0.9162 0.9212
v 3.782659 -1.589606 -0.317396 0.9162 0.9162 0.9212
v 2.386031 -1.687584 -0.309901 0.9162 0.9162 0.9212
v 1.388403 -1.756951 -0.304904 0.9162 0.9162 0.9212
v 1.189035 -1.773417 -0.302405 0.9162 0.9162 0.9212
v 1.069046 -1.777246 -0.304406 0.9162 0.9162 0.9212
v 0.970492 -1.804065 -0.292406 0.9162 0.9162 0.9212
v 0.895373 -1.886721 -0.247406 0.9162 0.9162 0.9212
v 0.835746 -1.894687 -0.244906 0.9162 0.9162 0.9212
v 0.814206 -1.869968 -0.259907 0.9162 0.9162 0.9212
v 0.850714 -1.811352 -0.292406 0.9162 0.9162 0.9212
v 4.260180 -1.534257 -0.316752 0.9162 0.9162 0.9212
v 3.781846 -1.576236 -0.301433 0.9162 0.9162 0.9212
v 2.385015 -1.670872 -0.289947 0.9162 0.9162 0.9212
v 1.387250 -1.738011 -0.282291 0.9162 0.9162 0.9212
v 1.187814 -1.753363 -0.278461 0.9162 0.9162 0.9212
v 1.067880 -1.758083 -0.281526 0.9162 0.9162 0.9212
v 0.969001 -1.779554 -0.263141 0.9162 0.9162 0.9212
v 0.892661 -1.842156 -0.194197 0.9162 0.9162 0.9212
v 0.832967 -1.849007 -0.190367 0.9162 0.9162 0.9212
v 0.811833 -1.830974 -0.213349 0.9162 0.9162 0.9212
v 0.849223 -1.786841 -0.263141 0.9162 0.9162 0.9212
v 4.259449 -1.522249 -0.309806 0.9162 0.9162 0.9212
v 3.780750 -1.558223 -0.291014 0.9162 0.9162 0.9212
v 2.383645 -1.648356 -0.276924 0.9162 0.9162 0.9212
v 1.385698 -1.712492 -0.267531 0.9162 0.9162 0.9212
v 1.186171 -1.726344 -0.262833 0.9162 0.9162 0.9212
v 1.066309 -1.732265 -0.266592 0.9162 0.9162 0.9212
v 0.966992 -1.746531 -0.244040 0.9162 0.9162 0.9212
v 0.889009 -1.782114 -0.159468 0.9162 0.9162 0.9212
v 0.829223 -1.787464 -0.154769 0.9162 0.9162 0.9212
v 0.808637 -1.778437 -0.182960 0.9162 0.9162 0.9212
v 0.847214 -1.753817 -0.244040 0.9162 0.9162 0.9212
v 2.382087 -1.622752 -0.272401 0.9162 0.9162 0.9212
v 1.064523 -1.702906 -0.261406 0.9162 0.9162 0.9212
v 0.805003 -1.718693 -0.172407 0.9162 0.9162 0.9212
v 0.844929 -1.716265 -0.237406 0.9162 0.9162 0.9212
v 0.673645 -1.495623 -0.348794 0.9162 0.9162 0.9212
v 0.793300 -1.486531 -0.388794 0.9162 0.9162 0.9212
v 1.271920 -1.450163 -0.408796 0.9162 0.9162 0.9212
v 3.665021 -1.268322 -0.433804 0.9162 0.9162 0.9212
v 3.864447 -1.253168 -0.438805 0.9162 0.9162 0.9212
v 4.083814 -1.236499 -0.458806 0.9162 0.9162 0.9212
v 4.163584 -1.230438 -0.548806 0.9162 0.9162 0.9212
v 4.223412 -1.225892 -0.553806 0.9162 0.9162 0.9212
v 4.163585 -1.230438 -0.348806 0.9162 0.9162 0.9212
v 0.792264 -1.472890 -0.386382 0.9162 0.9162 0.9212
v 1.270365 -1.429701 -0.405177 0.9162 0.9162 0.9212
v 2.665952 -1.318511 -0.419278 0.9162 0.9162 0.9212
v 3.662819 -1.239333 -0.428678 0.9162 0.9162 0.9212
v 3.862114 -1.222475 -0.433377 0.9162 0.9162 0.9212
v 3.981873 -1.214747 -0.429619 0.9162 0.9162 0.9212
v 4.080964 -1.198985 -0.452172 0.9162 0.9162 0.9212
v 4.158401 -1.162230 -0.536745 0.9162 0.9162 0.9212
v 4.218099 -1.155979 -0.541443 0.9162 0.9162 0.9212
v 4.238819 -1.164695 -0.513253 0.9162 0.9162 0.9212
v 4.200619 -1.189893 -0.452173 0.9162 0.9162 0.9212
v 0.791352 -1.460894 -0.379436 0.9162 0.9162 0.9212
v 1.268998 -1.411707 -0.394758 0.9162 0.9162 0.9212
v 2.664243 -1.296018 -0.406254 0.9162 0.9162 0.9212
v 3.660882 -1.213842 -0.413918 0.9162 0.9162 0.9212
v 3.860064 -1.195483 -0.417749 0.9162 0.9162 0.9212
v 3.979913 -1.188955 -0.414685 0.9162 0.9162 0.9212
v 4.078457 -1.165996 -0.433071 0.9162 0.9162 0.9212
v 4.153843 -1.102250 -0.502015 0.9162 0.9162 0.9212
v 4.213428 -1.094499 -0.505846 0.9162 0.9162 0.9212
v 4.234831 -1.112212 -0.482864 0.9162 0.9162 0.9212
v 4.198112 -1.156904 -0.433071 0.9162 0.9162 0.9212
v 0.790676 -1.451990 -0.368794 0.9162 0.9162 0.9212
v 1.267983 -1.398351 -0.378796 0.9162 0.9162 0.9212
v 2.662975 -1.279324 -0.386301 0.9162 0.9162 0.9212
v 3.659444 -1.194921 -0.391304 0.9162 0.9162 0.9212
v 3.858541 -1.175450 -0.393805 0.9162 0.9162 0.9212
v 3.978459 -1.169812 -0.391806 0.9162 0.9162 0.9212
v 4.076597 -1.141510 -0.403806 0.9162 0.9162 0.9212
v 4.150461 -1.057731 -0.448806 0.9162 0.9162 0.9212
v 4.209960 -1.048867 -0.451306 0.9162 0.9162 0.9212
v 4.231872 -1.073258 -0.436306 0.9162 0.9162 0.9212
v 4.196251 -1.132418 -0.403806 0.9162 0.9162 0.9212
v 0.790316 -1.447252 -0.355740 0.9162 0.9162 0.9212
v 1.267444 -1.391245 -0.359215 0.9162 0.9162 0.9212
v 2.662300 -1.270441 -0.361824 0.9162 0.9162 0.9212
v 3.658679 -1.184854 -0.363564 0.9162 0.9162 0.9212
v 3.857731 -1.164790 -0.364433 0.9162 0.9162 0.9212
v 3.977685 -1.159626 -0.363739 0.9162 0.9162 0.9212
v 4.075607 -1.128482 -0.367907 0.9162 0.9162 0.9212
v 4.148661 -1.034043 -0.383536 0.9162 0.9162 0.9212
v 4.208116 -1.024587 -0.384404 0.9162 0.9162 0.9212
v 4.230297 -1.052531 -0.379195 0.9162 0.9162 0.9212
v 4.195262 -1.119390 -0.367908 0.9162 0.9162 0.9212
v 0.790316 -1.447252 -0.341848 0.9162 0.9162 0.9212
v 1.267444 -1.391245 -0.338377 0.9162 0.9162 0.9212
v 2.662300 -1.270441 -0.335777 0.9162 0.9162 0.9212
v 3.658679 -1.184854 -0.334044 0.9162 0.9162 0.9212
v 3.857732 -1.164790 -0.333177 0.9162 0.9162 0.9212
v 3.977685 -1.159626 -0.333872 0.9162 0.9162 0.9212
v 4.075607 -1.128482 -0.329705 0.9162 0.9162 0.9212
v 4.148662 -1.034042 -0.314077 0.9162 0.9162 0.9212
v 4.208116 -1.024587 -0.313209 0.9162 0.9162 0.9212
v 4.230297 -1.052531 -0.318418 0.9162 0.9162 0.9212
v 4.195262 -1.119390 -0.329705 0.9162 0.9162 0.9212
v 0.790676 -1.451990 -0.328794 0.9162 0.9162 0.9212
v 1.267984 -1.398351 -0.318796 0.9162 0.9162 0.9212
v 2.662975 -1.279324 -0.311301 0.9162 0.9162 0.9212
v 3.659445 -1.194921 -0.306304 0.9162 0.9162 0.9212
v 3.858542 -1.175450 -0.303805 0.9162 0.9162 0.9212
v 3.978459 -1.169812 -0.305806 0.9162 0.9162 0.9212
v 4.076597 -1.141510 -0.293806 0.9162 0.9162 0.9212
v 4.150462 -1.057731 -0.248806 0.9162 0.9162 0.9212
v 4.209961 -1.048867 -0.246306 0.9162 0.9162 0.9212
v 4.231872 -1.073258 -0.261306 0.9162 0.9162 0.9212
v 4.196252 -1.132418 -0.293806 0.9162 0.9162 0.9212
v 0.791352 -1.460894 -0.318152 0.9162 0.9162 0.9212
v 1.268999 -1.411707 -0.302833 0.9162 0.9162 0.9212
v 2.664244 -1.296018 -0.291347 0.9162 0.9162 0.9212
v 3.660882 -1.213842 -0.283691 0.9162 0.9162 0.9212
v 3.860064 -1.195483 -0.279861 0.9162 0.9162 0.9212
v 3.979914 -1.188955 -0.282926 0.9162 0.9162 0.9212
v 4.078458 -1.165996 -0.264541 0.9162 0.9162 0.9212
v 4.153845 -1.102250 -0.195597 0.9162 0.9162 0.9212
v 4.213428 -1.094499 -0.191767 0.9162 0.9162 0.9212
v 4.234832 -1.112212 -0.214749 0.9162 0.9162 0.9212
v 4.198112 -1.156904 -0.264541 0.9162 0.9162 0.9212
v 0.792264 -1.472890 -0.311206 0.9162 0.9162 0.9212
v 1.270366 -1.429701 -0.292414 0.9162 0.9162 0.9212
v 2.665953 -1.318511 -0.278324 0.9162 0.9162 0.9212
v 3.662819 -1.239333 -0.268931 0.9162 0.9162 0.9212
v 3.862115 -1.222475 -0.264233 0.9162 0.9162 0.9212
v 3.981874 -1.214747 -0.267992 0.9162 0.9162 0.9212
v 4.080965 -1.198985 -0.245440 0.9162 0.9162 0.9212
v 4.158402 -1.162230 -0.160868 0.9162 0.9162 0.9212
v 4.218101 -1.155979 -0.156169 0.9162 0.9162 0.9212
v 4.238820 -1.164695 -0.184360 0.9162 0.9162 0.9212
v 4.200619 -1.189893 -0.245440 0.9162 0.9162 0.9212
v 0.793301 -1.486531 -0.308794 0.9162 0.9162 0.9212
v 1.271921 -1.450163 -0.288796 0.9162 0.9162 0.9212
v 2.667897 -1.344089 -0.273801 0.9162 0.9162 0.9212
v 3.665022 -1.268322 -0.263804 0.9162 0.9162 0.9212
v 3.864447 -1.253168 -0.258805 0.9162 0.9162 0.9212
v 3.984102 -1.244076 -0.262806 0.9162 0.9162 0.9212
v 4.083815 -1.236499 -0.238806 0.9162 0.9162 0.9212
v 4.163585 -1.230438 -0.148806 0.9162 0.9162 0.9212
v 4.223413 -1.225892 -0.143806 0.9162 0.9162 0.9212
v 4.243355 -1.224376 -0.173807 0.9162 0.9162 0.9212
v 4.203470 -1.227407 -0.238806 0.9162 0.9162 0.9212
v 0.794337 -1.500173 -0.311206 0.9162 0.9162 0.9212
v 1.273476 -1.470625 -0.292414 0.9162 0.9162 0.9212
v 2.669840 -1.369667 -0.278324 0.9162 0.9162 0.9212
v 3.667225 -1.297310 -0.268931 0.9162 0.9162 0.9212
v 3.866780 -1.283861 -0.264233 0.9162 0.9162 0.9212
v 3.986331 -1.273405 -0.267992 0.9162 0.9162 0.9212
v 4.086666 -1.274013 -0.245440 0.9162 0.9162 0.9212
v 4.168768 -1.298645 -0.160868 0.9162 0.9162 0.9212
v 4.228725 -1.295804 -0.156169 0.9162 0.9162 0.9212
v 4.247890 -1.284058 -0.184360 0.9162 0.9162 0.9212
v 4.206320 -1.264921 -0.245440 0.9162 0.9162 0.9212
v 0.795249 -1.512169 -0.318152 0.9162 0.9162 0.9212
v 1.274843 -1.488619 -0.302833 0.9162 0.9162 0.9212
v 2.671549 -1.392159 -0.291347 0.9162 0.9162 0.9212
v 3.669162 -1.322801 -0.283691 0.9162 0.9162 0.9212
v 3.868830 -1.310853 -0.279861 0.9162 0.9162 0.9212
v 3.988291 -1.299197 -0.282926 0.9162 0.9162 0.9212
v 4.089172 -1.307003 -0.264541 0.9162 0.9162 0.9212
v 4.173326 -1.358626 -0.195597 0.9162 0.9162 0.9212
v 4.233397 -1.357285 -0.191767 0.9162 0.9162 0.9212
v 4.251878 -1.336541 -0.214749 0.9162 0.9162 0.9212
v 4.208827 -1.297911 -0.264541 0.9162 0.9162 0.9212
v 0.795925 -1.521073 -0.328794 0.9162 0.9162 0.9212
v 1.275858 -1.501975 -0.318796 0.9162 0.9162 0.9212
v 2.672818 -1.408854 -0.311301 0.9162 0.9162 0.9212
v 3.670599 -1.341722 -0.306304 0.9162 0.9162 0.9212
v 3.870353 -1.330886 -0.303805 0.9162 0.9162 0.9212
v 3.989745 -1.318340 -0.305806 0.9162 0.9162 0.9212
v 4.091033 -1.331488 -0.293806 0.9162 0.9162 0.9212
v 4.176708 -1.403145 -0.248806 0.9162 0.9162 0.9212
v 4.236864 -1.402917 -0.246306 0.9162 0.9162 0.9212
v 4.254838 -1.375495 -0.261307 0.9162 0.9162 0.9212
v 4.210688 -1.322396 -0.293806 0.9162 0.9162 0.9212
v 0.796285 -1.525810 -0.341848 0.9162 0.9162 0.9212
v 1.276398 -1.509082 -0.338377 0.9162 0.9162 0.9212
v 2.673493 -1.417737 -0.335777 0.9162 0.9162 0.9212
v 3.671364 -1.351790 -0.334044 0.9162 0.9162 0.9212
v 3.871162 -1.341546 -0.333177 0.9162 0.9162 0.9212
v 3.990519 -1.328526 -0.333872 0.9162 0.9162 0.9212
v 4.092022 -1.344517 -0.329705 0.9162 0.9162 0.9212
v 4.178508 -1.426833 -0.314077 0.9162 0.9162 0.9212
v 4.238708 -1.427197 -0.313209 0.9162 0.9162 0.9212
v 4.256413 -1.396222 -0.318418 0.9162 0.9162 0.9212
v 4.211678 -1.335425 -0.329705 0.9162 0.9162 0.9212
v 0.796285 -1.525810 -0.355740 0.9162 0.9162 0.9212
v 1.276397 -1.509082 -0.359215 0.9162 0.9162 0.9212
v 2.673492 -1.417737 -0.361824 0.9162 0.9162 0.9212
v 3.671364 -1.351790 -0.363565 0.9162 0.9162 0.9212
v 3.871162 -1.341546 -0.364433 0.9162 0.9162 0.9212
v 3.990519 -1.328526 -0.363739 0.9162 0.9162 0.9212
v 4.092022 -1.344517 -0.367907 0.9162 0.9162 0.9212
v 4.178508 -1.426833 -0.383536 0.9162 0.9162 0.9212
v 4.238708 -1.427197 -0.384404 0.9162 0.9162 0.9212
v 4.256413 -1.396222 -0.379195 0.9162 0.9162 0.9212
v 4.211677 -1.335425 -0.367908 0.9162 0.9162 0.9212
v 0.795925 -1.521073 -0.368794 0.9162 0.9162 0.9212
v 1.275857 -1.501975 -0.378796 0.9162 0.9162 0.9212
v 2.672817 -1.408854 -0.386301 0.9162 0.9162 0.9212
v 3.670599 -1.341722 -0.391304 0.9162 0.9162 0.9212
v 3.870352 -1.330886 -0.393805 0.9162 0.9162 0.9212
v 3.989745 -1.318340 -0.391806 0.9162 0.9162 0.9212
v 4.091032 -1.331488 -0.403806 0.9162 0.9162 0.9212
v 4.176707 -1.403145 -0.448806 0.9162 0.9162 0.9212
v 4.236863 -1.402917 -0.451306 0.9162 0.9162 0.9212
v 4.254837 -1.375495 -0.436306 0.9162 0.9162 0.9212
v 4.210687 -1.322396 -0.403806 0.9162 0.9162 0.9212
v 0.795248 -1.512169 -0.379436 0.9162 0.9162 0.9212
v 1.274843 -1.488620 -0.394758 0.9162 0.9162 0.9212
v 2.671549 -1.392159 -0.406254 0.9162 0.9162 0.9212
v 3.669161 -1.322801 -0.413918 0.9162 0.9162 0.9212
v 3.868830 -1.310853 -0.417749 0.9162 0.9162 0.9212
v 3.988290 -1.299197 -0.414685 0.9162 0.9162 0.9212
v 4.089171 -1.307003 -0.433071 0.9162 0.9162 0.9212
v 4.173325 -1.358626 -0.502015 0.9162 0.9162 0.9212
v 4.233396 -1.357285 -0.505846 0.9162 0.9162 0.9212
v 4.251877 -1.336541 -0.482864 0.9162 0.9162 0.9212
v 4.208827 -1.297911 -0.433071 0.9162 0.9162 0.9212
v 0.794337 -1.500173 -0.386382 0.9162 0.9162 0.9212
v 1.273475 -1.470625 -0.405177 0.9162 0.9162 0.9212
v 2.669840 -1.369667 -0.419278 0.9162 0.9162 0.9212
v 3.667224 -1.297310 -0.428678 0.9162 0.9162 0.9212
v 3.866779 -1.283862 -0.433377 0.9162 0.9162 0.9212
v 3.986330 -1.273405 -0.429619 0.9162 0.9162 0.9212
v 4.086665 -1.274013 -0.452172 0.9162 0.9162 0.9212
v 4.168767 -1.298645 -0.536745 0.9162 0.9162 0.9212
v 4.228724 -1.295805 -0.541443 0.9162 0.9162 0.9212
v 4.247889 -1.284058 -0.513253 0.9162 0.9162 0.9212
v 4.206320 -1.264921 -0.452173 0.9162 0.9162 0.9212
v 2.667896 -1.344089 -0.423801 0.9162 0.9162 0.9212
v 3.984102 -1.244076 -0.434806 0.9162 0.9162 0.9212
v 4.243354 -1.224377 -0.523806 0.9162 0.9162 0.9212
v 4.203469 -1.227407 -0.458806 0.9162 0.9162 0.9212
v 4.392346 -0.948140 -0.314794 0.9162 0.9162 0.9212
v 4.272779 -0.958321 -0.274794 0.9162 0.9162 0.9212
v 3.794509 -0.999043 -0.254796 0.9162 0.9162 0.9212
v 1.403162 -1.202654 -0.229804 0.9162 0.9162 0.9212
v 1.203883 -1.219621 -0.224805 0.9162 0.9162 0.9212
v 0.984676 -1.238286 -0.204806 0.9162 0.9162 0.9212
v 0.904964 -1.245073 -0.114806 0.9162 0.9162 0.9212
v 0.845181 -1.250163 -0.109806 0.9162 0.9162 0.9212
v 0.904965 -1.245073 -0.314806 0.9162 0.9162 0.9212
v 4.271618 -0.944689 -0.277206 0.9162 0.9162 0.9212
v 3.792768 -0.978596 -0.258414 0.9162 0.9162 0.9212
v 2.397381 -1.092257 -0.244324 0.9162 0.9162 0.9212
v 1.400696 -1.173687 -0.234931 0.9162 0.9162 0.9212
v 1.201272 -1.188951 -0.230233 0.9162 0.9162 0.9212
v 1.081820 -1.200494 -0.233992 0.9162 0.9162 0.9212
v 0.981484 -1.200799 -0.211440 0.9162 0.9162 0.9212
v 0.899161 -1.176915 -0.126868 0.9162 0.9162 0.9212
v 0.839232 -1.180302 -0.122169 0.9162 0.9162 0.9212
v 0.820175 -1.192222 -0.150360 0.9162 0.9162 0.9212
v 0.861917 -1.210980 -0.211440 0.9162 0.9162 0.9212
v 4.270597 -0.932702 -0.284152 0.9162 0.9162 0.9212
v 3.791237 -0.960615 -0.268833 0.9162 0.9162 0.9212
v 2.395467 -1.069781 -0.257347 0.9162 0.9162 0.9212
v 1.398527 -1.148214 -0.249691 0.9162 0.9162 0.9212
v 1.198975 -1.161979 -0.245861 0.9162 0.9162 0.9212
v 1.079626 -1.174722 -0.248926 0.9162 0.9162 0.9212
v 0.978678 -1.167834 -0.230541 0.9162 0.9162 0.9212
v 0.894058 -1.116979 -0.161597 0.9162 0.9162 0.9212
v 0.834001 -1.118867 -0.157767 0.9162 0.9162 0.9212
v 0.815710 -1.139778 -0.180749 0.9162 0.9162 0.9212
v 0.859110 -1.178015 -0.230541 0.9162 0.9162 0.9212
v 4.269840 -0.923805 -0.294794 0.9162 0.9162 0.9212
v 3.790101 -0.947269 -0.284796 0.9162 0.9162 0.9212
v 2.394047 -1.053098 -0.277301 0.9162 0.9162 0.9212
v 1.396917 -1.129307 -0.272304 0.9162 0.9162 0.9212
v 1.197271 -1.141960 -0.269805 0.9162 0.9162 0.9212
v 1.077997 -1.155592 -0.271806 0.9162 0.9162 0.9212
v 0.976594 -1.143366 -0.259806 0.9162 0.9162 0.9212
v 0.890270 -1.072492 -0.214806 0.9162 0.9162 0.9212
v 0.830119 -1.073268 -0.212306 0.9162 0.9162 0.9212
v 0.812395 -1.100852 -0.227306 0.9162 0.9162 0.9212
v 0.857027 -1.153547 -0.259806 0.9162 0.9162 0.9212
v 4.269437 -0.919070 -0.307848 0.9162 0.9162 0.9212
v 3.789497 -0.940167 -0.304377 0.9162 0.9162 0.9212
v 2.393291 -1.044222 -0.301777 0.9162 0.9162 0.9212
v 1.396060 -1.119247 -0.300044 0.9162 0.9162 0.9212
v 1.196364 -1.131308 -0.299177 0.9162 0.9162 0.9212
v 1.077131 -1.145414 -0.299872 0.9162 0.9162 0.9212
v 0.975486 -1.130347 -0.295705 0.9162 0.9162 0.9212
v 0.888255 -1.048821 -0.280077 0.9162 0.9162 0.9212
v 0.828054 -1.049005 -0.279209 0.9162 0.9162 0.9212
v 0.810632 -1.080140 -0.284418 0.9162 0.9162 0.9212
v 0.855919 -1.140528 -0.295705 0.9162 0.9162 0.9212
v 4.269437 -0.919070 -0.321740 0.9162 0.9162 0.9212
v 3.789497 -0.940167 -0.325215 0.9162 0.9162 0.9212
v 2.393291 -1.044222 -0.327824 0.9162 0.9162 0.9212
v 1.396061 -1.119247 -0.329564 0.9162 0.9162 0.9212
v 1.196364 -1.131308 -0.330433 0.9162 0.9162 0.9212
v 1.077131 -1.145414 -0.329739 0.9162 0.9162 0.9212
v 0.975486 -1.130347 -0.333907 0.9162 0.9162 0.9212
v 0.888255 -1.048821 -0.349536 0.9162 0.9162 0.9212
v 0.828054 -1.049005 -0.350404 0.9162 0.9162 0.9212
v 0.810632 -1.080140 -0.345195 0.9162 0.9162 0.9212
v 0.855919 -1.140528 -0.333908 0.9162 0.9162 0.9212
v 4.269840 -0.923805 -0.334794 0.9162 0.9162 0.9212
v 3.790102 -0.947269 -0.344796 0.9162 0.9162 0.9212
v 2.394047 -1.053098 -0.352301 0.9162 0.9162 0.9212
v 1.396917 -1.129307 -0.357304 0.9162 0.9162 0.9212
v 1.197271 -1.141960 -0.359805 0.9162 0.9162 0.9212
v 1.077998 -1.155592 -0.357806 0.9162 0.9162 0.9212
v 0.976595 -1.143366 -0.369806 0.9162 0.9162 0.9212
v 0.890271 -1.072492 -0.414806 0.9162 0.9162 0.9212
v 0.830120 -1.073268 -0.417306 0.9162 0.9162 0.9212
v 0.812396 -1.100852 -0.402306 0.9162 0.9162 0.9212
v 0.857027 -1.153547 -0.369806 0.9162 0.9162 0.9212
v 4.270598 -0.932702 -0.345436 0.9162 0.9162 0.9212
v 3.791238 -0.960615 -0.360758 0.9162 0.9162 0.9212
v 2.395467 -1.069781 -0.372254 0.9162 0.9162 0.9212
v 1.398527 -1.148214 -0.379918 0.9162 0.9162 0.9212
v 1.198976 -1.161979 -0.383749 0.9162 0.9162 0.9212
v 1.079626 -1.174722 -0.380685 0.9162 0.9162 0.9212
v 0.978678 -1.167834 -0.399071 0.9162 0.9162 0.9212
v 0.894059 -1.116979 -0.468015 0.9162 0.9162 0.9212
v 0.834003 -1.118867 -0.471846 0.9162 0.9162 0.9212
v 0.815711 -1.139778 -0.448864 0.9162 0.9162 0.9212
v 0.859111 -1.178015 -0.399071 0.9162 0.9162 0.9212
v 4.271619 -0.944689 -0.352382 0.9162 0.9162 0.9212
v 3.792769 -0.978596 -0.371177 0.9162 0.9162 0.9212
v 2.397381 -1.092257 -0.385278 0.9162 0.9162 0.9212
v 1.400696 -1.173687 -0.394678 0.9162 0.9162 0.9212
v 1.201272 -1.188951 -0.399377 0.9162 0.9162 0.9212
v 1.081821 -1.200494 -0.395619 0.9162 0.9162 0.9212
v 0.981485 -1.200799 -0.418172 0.9162 0.9162 0.9212
v 0.899162 -1.176915 -0.502745 0.9162 0.9162 0.9212
v 0.839234 -1.180302 -0.507443 0.9162 0.9162 0.9212
v 0.820176 -1.192222 -0.479253 0.9162 0.9162 0.9212
v 0.861918 -1.210980 -0.418173 0.9162 0.9162 0.9212
v 4.272779 -0.958321 -0.354794 0.9162 0.9162 0.9212
v 3.794510 -0.999043 -0.374796 0.9162 0.9162 0.9212
v 2.399557 -1.117816 -0.389801 0.9162 0.9162 0.9212
v 1.403163 -1.202654 -0.399804 0.9162 0.9162 0.9212
v 1.203884 -1.219621 -0.404805 0.9162 0.9162 0.9212
v 1.084316 -1.229802 -0.400806 0.9162 0.9162 0.9212
v 0.984677 -1.238286 -0.424806 0.9162 0.9162 0.9212
v 0.904966 -1.245073 -0.514806 0.9162 0.9162 0.9212
v 0.845182 -1.250163 -0.519806 0.9162 0.9162 0.9212
v 0.825254 -1.251860 -0.489806 0.9162 0.9162 0.9212
v 0.865109 -1.248466 -0.424806 0.9162 0.9162 0.9212
v 4.273940 -0.971952 -0.352382 0.9162 0.9162 0.9212
v 3.796251 -1.019490 -0.371177 0.9162 0.9162 0.9212
v 2.401733 -1.143375 -0.385278 0.9162 0.9162 0.9212
v 1.405629 -1.231621 -0.394678 0.9162 0.9162 0.9212
v 1.206495 -1.250292 -0.399377 0.9162 0.9162 0.9212
v 1.086812 -1.259110 -0.395619 0.9162 0.9162 0.9212
v 0.987869 -1.275772 -0.418172 0.9162 0.9162 0.9212
v 0.910769 -1.313230 -0.502745 0.9162 0.9162 0.9212
v 0.851130 -1.320024 -0.507443 0.9162 0.9162 0.9212
v 0.830332 -1.311498 -0.479253 0.9162 0.9162 0.9212
v 0.868301 -1.285953 -0.418173 0.9162 0.9162 0.9212
v 4.274961 -0.983940 -0.345436 0.9162 0.9162 0.9212
v 3.797782 -1.037471 -0.360758 0.9162 0.9162 0.9212
v 2.403647 -1.165851 -0.372254 0.9162 0.9162 0.9212
v 1.407798 -1.257094 -0.379918 0.9162 0.9162 0.9212
v 1.208791 -1.277264 -0.383749 0.9162 0.9162 0.9212
v 1.089006 -1.284882 -0.380685 0.9162 0.9162 0.9212
v 0.990675 -1.308738 -0.399071 0.9162 0.9162 0.9212
v 0.915872 -1.373167 -0.468015 0.9162 0.9162 0.9212
v 0.856361 -1.381459 -0.471846 0.9162 0.9162 0.9212
v 0.834797 -1.363942 -0.448864 0.9162 0.9162 0.9212
v 0.871108 -1.318918 -0.399071 0.9162 0.9162 0.9212
v 4.275718 -0.992837 -0.334794 0.9162 0.9162 0.9212
v 3.798918 -1.050817 -0.344796 0.9162 0.9162 0.9212
v 2.405067 -1.182534 -0.352301 0.9162 0.9162 0.9212
v 1.409407 -1.276001 -0.357304 0.9162 0.9162 0.9212
v 1.210496 -1.297283 -0.359805 0.9162 0.9162 0.9212
v 1.090635 -1.304012 -0.357805 0.9162 0.9162 0.9212
v 0.992759 -1.333205 -0.369806 0.9162 0.9162 0.9212
v 0.919660 -1.417653 -0.414806 0.9162 0.9162 0.9212
v 0.860243 -1.427058 -0.417306 0.9162 0.9162 0.9212
v 0.838111 -1.402868 -0.402306 0.9162 0.9162 0.9212
v 0.873191 -1.343386 -0.369806 0.9162 0.9162 0.9212
v 4.276121 -0.997571 -0.321740 0.9162 0.9162 0.9212
v 3.799523 -1.057918 -0.325215 0.9162 0.9162 0.9212
v 2.405823 -1.191410 -0.327824 0.9162 0.9162 0.9212
v 1.410264 -1.286061 -0.329564 0.9162 0.9162 0.9212
v 1.211403 -1.307935 -0.330433 0.9162 0.9162 0.9212
v 1.091501 -1.314190 -0.329739 0.9162 0.9162 0.9212
v 0.993867 -1.346224 -0.333907 0.9162 0.9162 0.9212
v 0.921675 -1.441324 -0.349536 0.9162 0.9162 0.9212
v 0.862309 -1.451321 -0.350404 0.9162 0.9162 0.9212
v 0.839875 -1.423580 -0.345195 0.9162 0.9162 0.9212
v 0.874300 -1.356405 -0.333908 0.9162 0.9162 0.9212
v 4.276121 -0.997571 -0.307848 0.9162 0.9162 0.9212
v 3.799522 -1.057918 -0.304377 0.9162 0.9162 0.9212
v 2.405823 -1.191410 -0.301777 0.9162 0.9162 0.9212
v 1.410264 -1.286061 -0.300044 0.9162 0.9162 0.9212
v 1.211403 -1.307935 -0.299177 0.9162 0.9162 0.9212
v 1.091501 -1.314190 -0.299872 0.9162 0.9162 0.9212
v 0.993867 -1.346224 -0.295705 0.9162 0.9162 0.9212
v 0.921675 -1.441324 -0.280076 0.9162 0.9162 0.9212
v 0.862309 -1.451321 -0.279208 0.9162 0.9162 0.9212
v 0.839874 -1.423580 -0.284418 0.9162 0.9162 0.9212
v 0.874299 -1.356405 -0.295705 0.9162 0.9162 0.9212
v 4.275718 -0.992837 -0.294794 0.9162 0.9162 0.9212
v 3.798918 -1.050817 -0.284796 0.9162 0.9162 0.9212
v 2.405067 -1.182534 -0.277301 0.9162 0.9162 0.9212
v 1.409407 -1.276001 -0.272304 0.9162 0.9162 0.9212
v 1.210496 -1.297283 -0.269805 0.9162 0.9162 0.9212
v 1.090634 -1.304012 -0.271806 0.9162 0.9162 0.9212
v 0.992758 -1.333205 -0.259806 0.9162 0.9162 0.9212
v 0.919659 -1.417653 -0.214806 0.9162 0.9162 0.9212
v 0.860243 -1.427058 -0.212306 0.9162 0.9162 0.9212
v 0.838111 -1.402868 -0.227306 0.9162 0.9162 0.9212
v 0.873191 -1.343386 -0.259806 0.9162 0.9162 0.9212
v 4.274961 -0.983940 -0.284152 0.9162 0.9162 0.9212
v 3.797781 -1.037471 -0.268833 0.9162 0.9162 0.9212
v 2.403647 -1.165851 -0.257347 0.9162 0.9162 0.9212
v 1.407797 -1.257094 -0.249691 0.9162 0.9162 0.9212
v 1.208791 -1.277264 -0.245861 0.9162 0.9162 0.9212
v 1.089006 -1.284882 -0.248926 0.9162 0.9162 0.9212
v 0.990675 -1.308738 -0.230541 0.9162 0.9162 0.9212
v 0.915871 -1.373167 -0.161597 0.9162 0.9162 0.9212
v 0.856360 -1.381459 -0.157767 0.9162 0.9162 0.9212
v 0.834796 -1.363942 -0.180749 0.9162 0.9162 0.9212
v 0.871107 -1.318918 -0.230541 0.9162 0.9162 0.9212
v 4.273940 -0.971952 -0.277206 0.9162 0.9162 0.9212
v 3.796250 -1.019490 -0.258414 0.9162 0.9162 0.9212
v 2.401733 -1.143375 -0.244324 0.9162 0.9162 0.9212
v 1.405628 -1.231621 -0.234931 0.9162 0.9162 0.9212
v 1.206494 -1.250292 -0.230233 0.9162 0.9162 0.9212
v 1.086811 -1.259110 -0.233992 0.9162 0.9162 0.9212
v 0.987868 -1.275772 -0.211440 0.9162 0.9162 0.9212
v 0.910768 -1.313230 -0.126868 0.9162 0.9162 0.9212
v 0.851129 -1.320025 -0.122169 0.9162 0.9162 0.9212
v 0.830331 -1.311498 -0.150360 0.9162 0.9162 0.9212
v 0.868301 -1.285953 -0.211440 0.9162 0.9162 0.9212
v 2.399557 -1.117816 -0.239801 0.9162 0.9162 0.9212
v 1.084316 -1.229802 -0.228806 0.9162 0.9162 0.9212
v 0.825253 -1.251860 -0.139807 0.9162 0.9162 0.9212
v 0.865109 -1.248466 -0.204806 0.9162 0.9162 0.9212
v 4.272856 -2.711871 -0.129994 0.9162 0.9162 0.9212
v 4.152919 -2.715768 -0.089994 0.9162 0.9162 0.9212
v 3.673172 -2.731356 -0.069996 0.9162 0.9162 0.9212
v 1.274438 -2.809294 -0.045004 0.9162 0.9162 0.9212
v 1.074543 -2.815789 -0.040005 0.9162 0.9162 0.9212
v 0.854659 -2.822933 -0.020006 0.9162 0.9162 0.9212
v 0.774701 -2.825531 0.069994 0.9162 0.9162 0.9212
v 0.714733 -2.827479 0.074994 0.9162 0.9162 0.9212
v 0.774702 -2.825531 -0.130006 0.9162 0.9162 0.9212
v 4.152474 -2.702094 -0.092406 0.9162 0.9162 0.9212
v 3.672506 -2.710845 -0.073614 0.9162 0.9162 0.9212
v 2.273077 -2.751182 -0.059524 0.9162 0.9162 0.9212
v 1.273494 -2.780237 -0.050131 0.9162 0.9162 0.9212
v 1.073544 -2.785023 -0.045433 0.9162 0.9162 0.9212
v 0.953651 -2.790287 -0.049192 0.9162 0.9162 0.9212
v 0.853437 -2.785331 -0.026640 0.9162 0.9162 0.9212
v 0.772480 -2.757163 0.057932 0.9162 0.9162 0.9212
v 0.712456 -2.757402 0.062631 0.9162 0.9162 0.9212
v 0.692800 -2.768307 0.034440 0.9162 0.9162 0.9212
v 0.733501 -2.789228 -0.026640 0.9162 0.9162 0.9212
v 4.152084 -2.690070 -0.099352 0.9162 0.9162 0.9212
v 3.671920 -2.692809 -0.084033 0.9162 0.9162 0.9212
v 2.272345 -2.728636 -0.072547 0.9162 0.9162 0.9212
v 1.272664 -2.754686 -0.064891 0.9162 0.9162 0.9212
v 1.072665 -2.757968 -0.061061 0.9162 0.9162 0.9212
v 0.952811 -2.764435 -0.064126 0.9162 0.9162 0.9212
v 0.852363 -2.752264 -0.045741 0.9162 0.9162 0.9212
v 0.770526 -2.697041 0.023203 0.9162 0.9162 0.9212
v 0.710454 -2.695777 0.027033 0.9162 0.9162 0.9212
v 0.691091 -2.715700 0.004051 0.9162 0.9162 0.9212
v 0.732427 -2.756161 -0.045741 0.9162 0.9162 0.9212
v 4.151794 -2.681145 -0.109994 0.9162 0.9162 0.9212
v 3.671485 -2.679421 -0.099996 0.9162 0.9162 0.9212
v 2.271801 -2.711902 -0.092501 0.9162 0.9162 0.9212
v 1.272048 -2.735721 -0.087504 0.9162 0.9162 0.9212
v 1.072012 -2.737888 -0.085005 0.9162 0.9162 0.9212
v 0.952188 -2.745247 -0.087006 0.9162 0.9162 0.9212
v 0.851566 -2.727720 -0.075006 0.9162 0.9162 0.9212
v 0.769077 -2.652417 -0.030006 0.9162 0.9162 0.9212
v 0.708968 -2.650038 -0.027506 0.9162 0.9162 0.9212
v 0.689822 -2.676654 -0.042506 0.9162 0.9162 0.9212
v 0.731629 -2.731617 -0.075006 0.9162 0.9162 0.9212
v 4.151640 -2.676396 -0.123048 0.9162 0.9162 0.9212
v 3.671253 -2.672298 -0.119577 0.9162 0.9162 0.9212
v 2.271512 -2.702998 -0.116977 0.9162 0.9162 0.9212
v 1.271720 -2.725629 -0.115244 0.9162 0.9162 0.9212
v 1.071665 -2.727203 -0.114377 0.9162 0.9162 0.9212
v 0.951856 -2.735037 -0.115072 0.9162 0.9162 0.9212
v 0.851142 -2.714661 -0.110905 0.9162 0.9162 0.9212
v 0.768306 -2.628673 -0.095277 0.9162 0.9162 0.9212
v 0.708177 -2.625700 -0.094409 0.9162 0.9162 0.9212
v 0.689147 -2.655879 -0.099618 0.9162 0.9162 0.9212
v 0.731205 -2.718558 -0.110905 0.9162 0.9162 0.9212
v 4.151640 -2.676396 -0.136940 0.9162 0.9162 0.9212
v 3.671253 -2.672298 -0.140415 0.9162 0.9162 0.9212
v 2.271512 -2.702998 -0.143024 0.9162 0.9162 0.9212
v 1.271720 -2.725629 -0.144764 0.9162 0.9162 0.9212
v 1.071665 -2.727203 -0.145633 0.9162 0.9162 0.9212
v 0.951857 -2.735037 -0.144939 0.9162 0.9162 0.9212
v 0.851142 -2.714661 -0.149107 0.9162 0.9162 0.9212
v 0.768306 -2.628673 -0.164736 0.9162 0.9162 0.9212
v 0.708178 -2.625700 -0.165604 0.9162 0.9162 0.9212
v 0.689148 -2.655879 -0.160395 0.9162 0.9162 0.9212
v 0.731205 -2.718558 -0.149108 0.9162 0.9162 0.9212
v 4.151794 -2.681145 -0.149994 0.9162 0.9162 0.9212
v 3.671485 -2.679421 -0.159996 0.9162 0.9162 0.9212
v 2.271801 -2.711902 -0.167501 0.9162 0.9162 0.9212
v 1.272048 -2.735721 -0.172504 0.9162 0.9162 0.9212
v 1.072013 -2.737888 -0.175005 0.9162 0.9162 0.9212
v 0.952188 -2.745247 -0.173006 0.9162 0.9162 0.9212
v 0.851566 -2.727720 -0.185006 0.9162 0.9162 0.9212
v 0.769078 -2.652417 -0.230006 0.9162 0.9162 0.9212
v 0.708969 -2.650038 -0.232506 0.9162 0.9162 0.9212
v 0.689823 -2.676654 -0.217506 0.9162 0.9162 0.9212
v 0.731630 -2.731617 -0.185006 0.9162 0.9162 0.9212
v 4.152084 -2.690070 -0.160636 0.9162 0.9162 0.9212
v 3.671920 -2.692809 -0.175958 0.9162 0.9162 0.9212
v 2.272345 -2.728636 -0.187454 0.9162 0.9162 0.9212
v 1.272664 -2.754686 -0.195118 0.9162 0.9162 0.9212
v 1.072665 -2.757968 -0.198949 0.9162 0.9162 0.9212
v 0.952812 -2.764435 -0.195885 0.9162 0.9162 0.9212
v 0.852364 -2.752264 -0.214271 0.9162 0.9162 0.9212
v 0.770528 -2.697041 -0.283215 0.9162 0.9162 0.9212
v 0.710455 -2.695777 -0.287046 0.9162 0.9162 0.9212
v 0.691092 -2.715700 -0.264064 0.9162 0.9162 0.9212
v 0.732427 -2.756161 -0.214271 0.9162 0.9162 0.9212
v 4.152475 -2.702094 -0.167582 0.9162 0.9162 0.9212
v 3.672506 -2.710845 -0.186377 0.9162 0.9162 0.9212
v 2.273078 -2.751182 -0.200478 0.9162 0.9162 0.9212
v 1.273494 -2.780237 -0.209878 0.9162 0.9162 0.9212
v 1.073544 -2.785023 -0.214577 0.9162 0.9162 0.9212
v 0.953652 -2.790287 -0.210819 0.9162 0.9162 0.9212
v 0.853438 -2.785331 -0.233372 0.9162 0.9162 0.9212
v 0.772481 -2.757163 -0.317945 0.9162 0.9162 0.9212
v 0.712457 -2.757402 -0.322643 0.9162 0.9162 0.9212
v 0.692801 -2.768307 -0.294453 0.9162 0.9162 0.9212
v 0.733502 -2.789228 -0.233373 0.9162 0.9162 0.9212
v 4.152919 -2.715768 -0.169994 0.9162 0.9162 0.9212
v 3.673172 -2.731356 -0.189996 0.9162 0.9162 0.9212
v 2.273911 -2.776820 -0.205001 0.9162 0.9162 0.9212
v 1.274439 -2.809294 -0.215004 0.9162 0.9162 0.9212
v 1.074544 -2.815789 -0.220005 0.9162 0.9162 0.9212
v 0.954607 -2.819686 -0.216006 0.9162 0.9162 0.9212
v 0.854660 -2.822933 -0.240006 0.9162 0.9162 0.9212
v 0.774703 -2.825531 -0.330006 0.9162 0.9162 0.9212
v 0.714734 -2.827479 -0.335006 0.9162 0.9162 0.9212
v 0.694745 -2.828129 -0.305006 0.9162 0.9162 0.9212
v 0.734723 -2.826830 -0.240006 0.9162 0.9162 0.9212
v 4.153363 -2.729441 -0.167582 0.9162 0.9162 0.9212
v 3.673839 -2.751866 -0.186377 0.9162 0.9162 0.9212
v 2.274744 -2.802458 -0.200478 0.9162 0.9162 0.9212
v 1.275383 -2.838350 -0.209878 0.9162 0.9162 0.9212
v 1.075544 -2.846554 -0.214577 0.9162 0.9162 0.9212
v 0.955562 -2.849084 -0.210819 0.9162 0.9162 0.9212
v 0.855882 -2.860535 -0.233372 0.9162 0.9162 0.9212
v 0.776924 -2.893899 -0.317945 0.9162 0.9162 0.9212
v 0.717011 -2.897557 -0.322643 0.9162 0.9162 0.9212
v 0.696688 -2.887951 -0.294453 0.9162 0.9162 0.9212
v 0.735945 -2.864432 -0.233372 0.9162 0.9162 0.9212
v 4.153754 -2.741466 -0.160636 0.9162 0.9162 0.9212
v 3.674425 -2.769902 -0.175958 0.9162 0.9162 0.9212
v 2.275476 -2.825003 -0.187454 0.9162 0.9162 0.9212
v 1.276213 -2.863902 -0.195118 0.9162 0.9162 0.9212
v 1.076422 -2.873609 -0.198949 0.9162 0.9162 0.9212
v 0.956402 -2.874936 -0.195885 0.9162 0.9162 0.9212
v 0.856956 -2.893602 -0.214271 0.9162 0.9162 0.9212
v 0.778877 -2.954021 -0.283215 0.9162 0.9162 0.9212
v 0.719013 -2.959181 -0.287046 0.9162 0.9162 0.9212
v 0.698398 -2.940557 -0.264064 0.9162 0.9162 0.9212
v 0.737019 -2.897499 -0.214271 0.9162 0.9162 0.9212
v 4.154044 -2.750391 -0.149994 0.9162 0.9162 0.9212
v 3.674860 -2.783290 -0.159996 0.9162 0.9162 0.9212
v 2.276020 -2.841737 -0.167501 0.9162 0.9162 0.9212
v 1.276829 -2.882867 -0.172504 0.9162 0.9162 0.9212
v 1.077075 -2.893690 -0.175005 0.9162 0.9162 0.9212
v 0.957026 -2.894125 -0.173006 0.9162 0.9162 0.9212
v 0.857753 -2.918146 -0.185006 0.9162 0.9162 0.9212
v 0.780327 -2.998645 -0.230006 0.9162 0.9162 0.9212
v 0.720499 -3.004921 -0.232506 0.9162 0.9162 0.9212
v 0.699666 -2.979604 -0.217506 0.9162 0.9162 0.9212
v 0.737817 -2.922043 -0.185006 0.9162 0.9162 0.9212
v 4.154198 -2.755139 -0.136940 0.9162 0.9162 0.9212
v 3.675091 -2.790413 -0.140415 0.9162 0.9162 0.9212
v 2.276309 -2.850641 -0.143024 0.9162 0.9162 0.9212
v 1.277157 -2.892958 -0.144764 0.9162 0.9162 0.9212
v 1.077422 -2.904375 -0.145633 0.9162 0.9162 0.9212
v 0.957357 -2.904335 -0.144939 0.9162 0.9162 0.9212
v 0.858178 -2.931205 -0.149107 0.9162 0.9162 0.9212
v 0.781098 -3.022389 -0.164736 0.9162 0.9162 0.9212
v 0.721290 -3.029258 -0.165604 0.9162 0.9162 0.9212
v 0.700341 -3.000379 -0.160395 0.9162 0.9162 0.9212
v 0.738241 -2.935102 -0.149108 0.9162 0.9162 0.9212
v 4.154198 -2.755139 -0.123048 0.9162 0.9162 0.9212
v 3.675091 -2.790413 -0.119577 0.9162 0.9162 0.9212
v 2.276309 -2.850641 -0.116977 0.9162 0.9162 0.9212
v 1.277156 -2.892958 -0.115244 0.9162 0.9162 0.9212
v 1.077422 -2.904375 -0.114377 0.9162 0.9162 0.9212
v 0.957357 -2.904335 -0.115072 0.9162 0.9162 0.9212
v 0.858177 -2.931205 -0.110905 0.9162 0.9162 0.9212
v 0.781098 -3.022389 -0.095276 0.9162 0.9162 0.9212
v 0.721289 -3.029258 -0.094408 0.9162 0.9162 0.9212
v 0.700341 -3.000379 -0.099618 0.9162 0.9162 0.9212
v 0.738241 -2.935102 -0.110905 0.9162 0.9162 0.9212
v 4.154044 -2.750391 -0.109994 0.9162 0.9162 0.9212
v 3.674860 -2.783290 -0.099996 0.9162 0.9162 0.9212
v 2.276020 -2.841737 -0.092501 0.9162 0.9162 0.9212
v 1.276829 -2.882867 -0.087504 0.9162 0.9162 0.9212
v 1.077075 -2.893690 -0.085005 0.9162 0.9162 0.9212
v 0.957025 -2.894125 -0.087006 0.9162 0.9162 0.9212
v 0.857753 -2.918146 -0.075006 0.9162 0.9162 0.9212
v 0.780326 -2.998645 -0.030006 0.9162 0.9162 0.9212
v 0.720498 -3.004921 -0.027506 0.9162 0.9162 0.9212
v 0.699665 -2.979604 -0.042506 0.9162 0.9162 0.9212
v 0.737816 -2.922043 -0.075006 0.9162 0.9162 0.9212
v 4.153754 -2.741466 -0.099352 0.9162 0.9162 0.9212
v 3.674425 -2.769902 -0.084033 0.9162 0.9162 0.9212
v 2.275476 -2.825003 -0.072547 0.9162 0.9162 0.9212
v 1.276212 -2.863902 -0.064891 0.9162 0.9162 0.9212
v 1.076422 -2.873609 -0.061061 0.9162 0.9162 0.9212
v 0.956402 -2.874936 -0.064126 0.9162 0.9162 0.9212
v 0.856955 -2.893602 -0.045741 0.9162 0.9162 0.9212
v 0.778876 -2.954021 0.023203 0.9162 0.9162 0.9212
v 0.719012 -2.959181 0.027033 0.9162 0.9162 0.9212
v 0.698397 -2.940557 0.004051 0.9162 0.9162 0.9212
v 0.737019 -2.897499 -0.045741 0.9162 0.9162 0.9212
v 4.153363 -2.729441 -0.092406 0.9162 0.9162 0.9212
v 3.673839 -2.751866 -0.073614 0.9162 0.9162 0.9212
v 2.274743 -2.802458 -0.059524 0.9162 0.9162 0.9212
v 1.275382 -2.838350 -0.050131 0.9162 0.9162 0.9212
v 1.075543 -2.846554 -0.045433 0.9162 0.9162 0.9212
v 0.955562 -2.849084 -0.049192 0.9162 0.9162 0.9212
v 0.855881 -2.860535 -0.026640 0.9162 0.9162 0.9212
v 0.776923 -2.893899 0.057932 0.9162 0.9162 0.9212
v 0.717010 -2.897557 0.062631 0.9162 0.9162 0.9212
v 0.696687 -2.887951 0.034440 0.9162 0.9162 0.9212
v 0.735944 -2.864432 -0.026640 0.9162 0.9162 0.9212
v 2.273910 -2.776819 -0.055001 0.9162 0.9162 0.9212
v 0.954607 -2.819686 -0.044006 0.9162 0.9162 0.9212
v 0.694744 -2.828129 0.044993 0.9162 0.9162 0.9212
v 0.734723 -2.826830 -0.020006 0.9162 0.9162 0.9212
v 0.908473 -2.430353 -0.165094 0.9162 0.9162 0.9212
v 1.028354 -2.435693 -0.205094 0.9162 0.9162 0.9212
v 1.507879 -2.457051 -0.225096 0.9162 0.9162 0.9212
v 3.905501 -2.563839 -0.250104 0.9162 0.9162 0.9212
v 4.105303 -2.572738 -0.255105 0.9162 0.9162 0.9212
v 4.325086 -2.582527 -0.275106 0.9162 0.9162 0.9212
v 4.405006 -2.586087 -0.365106 0.9162 0.9162 0.9212
v 4.464946 -2.588757 -0.370106 0.9162 0.9162 0.9212
v 4.405006 -2.586087 -0.165106 0.9162 0.9162 0.9212
v 1.028963 -2.422026 -0.202682 0.9162 0.9162 0.9212
v 1.508792 -2.436550 -0.221477 0.9162 0.9162 0.9212
v 2.907633 -2.493718 -0.235578 0.9162 0.9162 0.9212
v 3.906795 -2.534796 -0.244978 0.9162 0.9162 0.9212
v 4.106673 -2.541987 -0.249677 0.9162 0.9162 0.9212
v 4.226493 -2.548693 -0.245919 0.9162 0.9162 0.9212
v 4.326759 -2.544942 -0.268472 0.9162 0.9162 0.9212
v 4.408050 -2.517751 -0.353045 0.9162 0.9162 0.9212
v 4.468066 -2.518712 -0.357743 0.9162 0.9162 0.9212
v 4.487590 -2.529852 -0.329553 0.9162 0.9162 0.9212
v 4.446640 -2.550282 -0.268472 0.9162 0.9162 0.9212
v 1.029498 -2.410007 -0.195736 0.9162 0.9162 0.9212
v 1.509595 -2.418521 -0.211058 0.9162 0.9162 0.9212
v 2.908637 -2.471183 -0.222554 0.9162 0.9162 0.9212
v 3.907933 -2.509256 -0.230218 0.9162 0.9162 0.9212
v 4.107878 -2.514945 -0.234049 0.9162 0.9162 0.9212
v 4.227644 -2.522853 -0.230985 0.9162 0.9162 0.9212
v 4.328232 -2.511891 -0.249371 0.9162 0.9162 0.9212
v 4.410726 -2.457657 -0.318315 0.9162 0.9162 0.9212
v 4.470810 -2.457116 -0.322145 0.9162 0.9162 0.9212
v 4.489932 -2.477270 -0.299164 0.9162 0.9162 0.9212
v 4.448112 -2.517230 -0.249371 0.9162 0.9162 0.9212
v 1.029895 -2.401086 -0.185094 0.9162 0.9162 0.9212
v 1.510191 -2.405140 -0.195096 0.9162 0.9162 0.9212
v 2.909382 -2.454456 -0.202601 0.9162 0.9162 0.9212
v 3.908777 -2.490300 -0.207604 0.9162 0.9162 0.9212
v 4.108772 -2.494873 -0.210105 0.9162 0.9162 0.9212
v 4.228498 -2.503673 -0.208106 0.9162 0.9162 0.9212
v 4.329325 -2.487359 -0.220106 0.9162 0.9162 0.9212
v 4.412713 -2.413053 -0.265106 0.9162 0.9162 0.9212
v 4.472846 -2.411397 -0.267606 0.9162 0.9162 0.9212
v 4.491671 -2.438242 -0.252606 0.9162 0.9162 0.9212
v 4.449205 -2.492698 -0.220106 0.9162 0.9162 0.9212
v 1.030107 -2.396339 -0.172040 0.9162 0.9162 0.9212
v 1.510508 -2.398021 -0.175515 0.9162 0.9162 0.9212
v 2.909779 -2.445557 -0.178124 0.9162 0.9162 0.9212
v 3.909226 -2.480214 -0.179864 0.9162 0.9162 0.9212
v 4.109247 -2.484194 -0.180733 0.9162 0.9162 0.9212
v 4.228953 -2.493468 -0.180039 0.9162 0.9162 0.9212
v 4.329906 -2.474306 -0.184207 0.9162 0.9162 0.9212
v 4.413770 -2.389320 -0.199836 0.9162 0.9162 0.9212
v 4.473930 -2.387071 -0.200704 0.9162 0.9162 0.9212
v 4.492596 -2.417476 -0.195495 0.9162 0.9162 0.9212
v 4.449787 -2.479645 -0.184208 0.9162 0.9162 0.9212
v 1.030107 -2.396339 -0.158148 0.9162 0.9162 0.9212
v 1.510508 -2.398021 -0.154677 0.9162 0.9162 0.9212
v 2.909779 -2.445557 -0.152077 0.9162 0.9162 0.9212
v 3.909226 -2.480214 -0.150344 0.9162 0.9162 0.9212
v 4.109248 -2.484194 -0.149477 0.9162 0.9162 0.9212
v 4.228953 -2.493468 -0.150172 0.9162 0.9162 0.9212
v 4.329906 -2.474306 -0.146005 0.9162 0.9162 0.9212
v 4.413771 -2.389320 -0.130377 0.9162 0.9162 0.9212
v 4.473930 -2.387071 -0.129508 0.9162 0.9162 0.9212
v 4.492596 -2.417476 -0.134718 0.9162 0.9162 0.9212
v 4.449787 -2.479645 -0.146005 0.9162 0.9162 0.9212
v 1.029895 -2.401086 -0.145094 0.9162 0.9162 0.9212
v 1.510191 -2.405140 -0.135096 0.9162 0.9162 0.9212
v 2.909382 -2.454456 -0.127601 0.9162 0.9162 0.9212
v 3.908777 -2.490300 -0.122604 0.9162 0.9162 0.9212
v 4.108772 -2.494873 -0.120105 0.9162 0.9162 0.9212
v 4.228499 -2.503673 -0.122106 0.9162 0.9162 0.9212
v 4.329325 -2.487359 -0.110106 0.9162 0.9162 0.9212
v 4.412714 -2.413054 -0.065106 0.9162 0.9162 0.9212
v 4.472847 -2.411397 -0.062606 0.9162 0.9162 0.9212
v 4.491671 -2.438242 -0.077606 0.9162 0.9162 0.9212
v 4.449206 -2.492698 -0.110106 0.9162 0.9162 0.9212
v 1.029498 -2.410007 -0.134452 0.9162 0.9162 0.9212
v 1.509595 -2.418522 -0.119133 0.9162 0.9162 0.9212
v 2.908638 -2.471183 -0.107647 0.9162 0.9162 0.9212
v 3.907933 -2.509257 -0.099991 0.9162 0.9162 0.9212
v 4.107878 -2.514945 -0.096161 0.9162 0.9162 0.9212
v 4.227645 -2.522853 -0.099226 0.9162 0.9162 0.9212
v 4.328232 -2.511891 -0.080841 0.9162 0.9162 0.9212
v 4.410728 -2.457657 -0.011897 0.9162 0.9162 0.9212
v 4.470811 -2.457116 -0.008067 0.9162 0.9162 0.9212
v 4.489933 -2.477270 -0.031049 0.9162 0.9162 0.9212
v 4.448113 -2.517230 -0.080841 0.9162 0.9162 0.9212
v 1.028963 -2.422026 -0.127506 0.9162 0.9162 0.9212
v 1.508792 -2.436550 -0.108714 0.9162 0.9162 0.9212
v 2.907634 -2.493718 -0.094624 0.9162 0.9162 0.9212
v 3.906796 -2.534796 -0.085231 0.9162 0.9162 0.9212
v 4.106674 -2.541987 -0.080533 0.9162 0.9162 0.9212
v 4.226494 -2.548693 -0.084292 0.9162 0.9162 0.9212
v 4.326760 -2.544942 -0.061740 0.9162 0.9162 0.9212
v 4.408051 -2.517751 0.022832 0.9162 0.9162 0.9212
v 4.468068 -2.518712 0.027531 0.9162 0.9162 0.9212
v 4.487591 -2.529852 -0.000660 0.9162 0.9162 0.9212
v 4.446641 -2.550282 -0.061740 0.9162 0.9162 0.9212
v 1.028354 -2.435693 -0.125094 0.9162 0.9162 0.9212
v 1.507879 -2.457051 -0.105096 0.9162 0.9162 0.9212
v 2.906492 -2.519344 -0.090101 0.9162 0.9162 0.9212
v 3.905502 -2.563839 -0.080104 0.9162 0.9162 0.9212
v 4.105304 -2.572738 -0.075105 0.9162 0.9162 0.9212
v 4.225185 -2.578078 -0.079106 0.9162 0.9162 0.9212
v 4.325086 -2.582527 -0.055106 0.9162 0.9162 0.9212
v 4.405007 -2.586087 0.034894 0.9162 0.9162 0.9212
v 4.464948 -2.588757 0.039894 0.9162 0.9162 0.9212
v 4.484928 -2.589647 0.009893 0.9162 0.9162 0.9212
v 4.444967 -2.587867 -0.055106 0.9162 0.9162 0.9212
v 1.027745 -2.449360 -0.127506 0.9162 0.9162 0.9212
v 1.506966 -2.477551 -0.108714 0.9162 0.9162 0.9212
v 2.905351 -2.544970 -0.094624 0.9162 0.9162 0.9212
v 3.904208 -2.592882 -0.085231 0.9162 0.9162 0.9212
v 4.103934 -2.603490 -0.080533 0.9162 0.9162 0.9212
v 4.223876 -2.607462 -0.084292 0.9162 0.9162 0.9212
v 4.323412 -2.620112 -0.061740 0.9162 0.9162 0.9212
v 4.401964 -2.654423 0.022832 0.9162 0.9162 0.9212
v 4.461828 -2.658802 0.027531 0.9162 0.9162 0.9212
v 4.482265 -2.649441 -0.000660 0.9162 0.9162 0.9212
v 4.443293 -2.625452 -0.061740 0.9162 0.9162 0.9212
v 1.027210 -2.461379 -0.134452 0.9162 0.9162 0.9212
v 1.506163 -2.495580 -0.119133 0.9162 0.9162 0.9212
v 2.904347 -2.567505 -0.107647 0.9162 0.9162 0.9212
v 3.903071 -2.618422 -0.099991 0.9162 0.9162 0.9212
v 4.102730 -2.630532 -0.096161 0.9162 0.9162 0.9212
v 4.222725 -2.633303 -0.099226 0.9162 0.9162 0.9212
v 4.321940 -2.653164 -0.080841 0.9162 0.9162 0.9212
v 4.399287 -2.714517 -0.011897 0.9162 0.9162 0.9212
v 4.459085 -2.720398 -0.008067 0.9162 0.9162 0.9212
v 4.479923 -2.702023 -0.031049 0.9162 0.9162 0.9212
v 4.441821 -2.658503 -0.080841 0.9162 0.9162 0.9212
v 1.026813 -2.470299 -0.145094 0.9162 0.9162 0.9212
v 1.505567 -2.508961 -0.135096 0.9162 0.9162 0.9212
v 2.903602 -2.584232 -0.127601 0.9162 0.9162 0.9212
v 3.902226 -2.637379 -0.122604 0.9162 0.9162 0.9212
v 4.101836 -2.650604 -0.120105 0.9162 0.9162 0.9212
v 4.221871 -2.652482 -0.122106 0.9162 0.9162 0.9212
v 4.320848 -2.677696 -0.110106 0.9162 0.9162 0.9212
v 4.397300 -2.759120 -0.065106 0.9162 0.9162 0.9212
v 4.457048 -2.766116 -0.062606 0.9162 0.9162 0.9212
v 4.478184 -2.741051 -0.077607 0.9162 0.9162 0.9212
v 4.440728 -2.683035 -0.110106 0.9162 0.9162 0.9212
v 1.026601 -2.475046 -0.158148 0.9162 0.9162 0.9212
v 1.505250 -2.516081 -0.154677 0.9162 0.9162 0.9212
v 2.903206 -2.593132 -0.152077 0.9162 0.9162 0.9212
v 3.901777 -2.647465 -0.150344 0.9162 0.9162 0.9212
v 4.101360 -2.661283 -0.149477 0.9162 0.9162 0.9212
v 4.221416 -2.662687 -0.150172 0.9162 0.9162 0.9212
v 4.320266 -2.690749 -0.146005 0.9162 0.9162 0.9212
v 4.396243 -2.782853 -0.130377 0.9162 0.9162 0.9212
v 4.455964 -2.790442 -0.129509 0.9162 0.9162 0.9212
v 4.477259 -2.761817 -0.134718 0.9162 0.9162 0.9212
v 4.440147 -2.696088 -0.146005 0.9162 0.9162 0.9212
v 1.026601 -2.475046 -0.172040 0.9162 0.9162 0.9212
v 1.505250 -2.516081 -0.175515 0.9162 0.9162 0.9212
v 2.903206 -2.593132 -0.178124 0.9162 0.9162 0.9212
v 3.901777 -2.647465 -0.179865 0.9162 0.9162 0.9212
v 4.101360 -2.661283 -0.180733 0.9162 0.9162 0.9212
v 4.221416 -2.662687 -0.180039 0.9162 0.9162 0.9212
v 4.320266 -2.690749 -0.184207 0.9162 0.9162 0.9212
v 4.396243 -2.782853 -0.199836 0.9162 0.9162 0.9212
v 4.455964 -2.790442 -0.200704 0.9162 0.9162 0.9212
v 4.477259 -2.761817 -0.195495 0.9162 0.9162 0.9212
v 4.440146 -2.696088 -0.184208 0.9162 0.9162 0.9212
v 1.026813 -2.470299 -0.185094 0.9162 0.9162 0.9212
v 1.505567 -2.508961 -0.195096 0.9162 0.9162 0.9212
v 2.903602 -2.584232 -0.202601 0.9162 0.9162 0.9212
v 3.902226 -2.637378 -0.207604 0.9162 0.9162 0.9212
v 4.101835 -2.650604 -0.210105 0.9162 0.9162 0.9212
v 4.221870 -2.652482 -0.208106 0.9162 0.9162 0.9212
v 4.320847 -2.677696 -0.220106 0.9162 0.9162 0.9212
v 4.397299 -2.759120 -0.265106 0.9162 0.9162 0.9212
v 4.457047 -2.766116 -0.267606 0.9162 0.9162 0.9212
v 4.478184 -2.741051 -0.252606 0.9162 0.9162 0.9212
v 4.440728 -2.683035 -0.220106 0.9162 0.9162 0.9212
v 1.027210 -2.461379 -0.195736 0.9162 0.9162 0.9212
v 1.506163 -2.495580 -0.211058 0.9162 0.9162 0.9212
v 2.904347 -2.567505 -0.222554 0.9162 0.9162 0.9212
v 3.903070 -2.618422 -0.230218 0.9162 0.9162 0.9212
v 4.102729 -2.630532 -0.234049 0.9162 0.9162 0.9212
v 4.222725 -2.633303 -0.230985 0.9162 0.9162 0.9212
v 4.321939 -2.653164 -0.249371 0.9162 0.9162 0.9212
v 4.399286 -2.714517 -0.318315 0.9162 0.9162 0.9212
v 4.459084 -2.720397 -0.322146 0.9162 0.9162 0.9212
v 4.479921 -2.702023 -0.299164 0.9162 0.9162 0.9212
v 4.441821 -2.658503 -0.249371 0.9162 0.9162 0.9212
v 1.027745 -2.449360 -0.202682 0.9162 0.9162 0.9212
v 1.506966 -2.477551 -0.221477 0.9162 0.9162 0.9212
v 2.905350 -2.544970 -0.235578 0.9162 0.9162 0.9212
v 3.904208 -2.592882 -0.244978 0.9162 0.9162 0.9212
v 4.103934 -2.603490 -0.249677 0.9162 0.9162 0.9212
v 4.223876 -2.607462 -0.245919 0.9162 0.9162 0.9212
v 4.323411 -2.620112 -0.268472 0.9162 0.9162 0.9212
v 4.401962 -2.654423 -0.353045 0.9162 0.9162 0.9212
v 4.461827 -2.658801 -0.357743 0.9162 0.9162 0.9212
v 4.482264 -2.649441 -0.329553 0.9162 0.9162 0.9212
v 4.443293 -2.625452 -0.268472 0.9162 0.9162 0.9212
v 2.906492 -2.519344 -0.240101 0.9162 0.9162 0.9212
v 4.225184 -2.578078 -0.251106 0.9162 0.9162 0.9212
v 4.484927 -2.589647 -0.340106 0.9162 0.9162 0.9212
v 4.444966 -2.587867 -0.275106 0.9162 0.9162 0.9212
v 4.524774 -2.250280 -0.148194 0.9162 0.9162 0.9212
v 4.404776 -2.250932 -0.108194 0.9162 0.9162 0.9212
v 3.924782 -2.253538 -0.088196 0.9162 0.9162 0.9212
v 1.524817 -2.266570 -0.063204 0.9162 0.9162 0.9212
v 1.324820 -2.267656 -0.058205 0.9162 0.9162 0.9212
v 1.104824 -2.268851 -0.038206 0.9162 0.9162 0.9212
v 1.024825 -2.269285 0.051794 0.9162 0.9162 0.9212
v 0.964826 -2.269611 0.056794 0.9162 0.9162 0.9212
v 1.024825 -2.269285 -0.148206 0.9162 0.9162 0.9212
v 4.404701 -2.237251 -0.110606 0.9162 0.9162 0.9212
v 3.924671 -2.233017 -0.091814 0.9162 0.9162 0.9212
v 2.524664 -2.235489 -0.077724 0.9162 0.9162 0.9212
v 1.524660 -2.237499 -0.068331 0.9162 0.9162 0.9212
v 1.324653 -2.236875 -0.063633 0.9162 0.9162 0.9212
v 1.204663 -2.238894 -0.067392 0.9162 0.9162 0.9212
v 1.104619 -2.231229 -0.044840 0.9162 0.9162 0.9212
v 1.024453 -2.200882 0.039732 0.9162 0.9162 0.9212
v 0.964445 -2.199498 0.044431 0.9162 0.9162 0.9212
v 0.944501 -2.209867 0.016240 0.9162 0.9162 0.9212
v 0.984621 -2.231881 -0.044840 0.9162 0.9162 0.9212
v 4.404636 -2.225221 -0.117552 0.9162 0.9162 0.9212
v 3.924573 -2.214972 -0.102233 0.9162 0.9162 0.9212
v 2.524541 -2.212932 -0.090747 0.9162 0.9162 0.9212
v 1.524521 -2.211934 -0.083091 0.9162 0.9162 0.9212
v 1.324506 -2.209806 -0.079261 0.9162 0.9162 0.9212
v 1.204522 -2.213029 -0.082326 0.9162 0.9162 0.9212
v 1.104440 -2.198145 -0.063941 0.9162 0.9162 0.9212
v 1.024127 -2.140730 0.005003 0.9162 0.9162 0.9212
v 0.964110 -2.137841 0.008833 0.9162 0.9162 0.9212
v 0.944215 -2.157233 -0.014149 0.9162 0.9162 0.9212
v 0.984442 -2.198797 -0.063941 0.9162 0.9162 0.9212
v 4.404587 -2.216291 -0.128194 0.9162 0.9162 0.9212
v 3.924500 -2.201578 -0.118196 0.9162 0.9162 0.9212
v 2.524450 -2.196189 -0.110701 0.9162 0.9162 0.9212
v 1.524418 -2.192959 -0.105704 0.9162 0.9162 0.9212
v 1.324397 -2.189715 -0.103205 0.9162 0.9162 0.9212
v 1.204418 -2.193831 -0.105206 0.9162 0.9162 0.9212
v 1.104306 -2.173589 -0.093206 0.9162 0.9162 0.9212
v 1.023884 -2.096083 -0.048206 0.9162 0.9162 0.9212
v 0.963862 -2.092078 -0.045706 0.9162 0.9162 0.9212
v 0.944003 -2.118167 -0.060706 0.9162 0.9162 0.9212
v 0.984308 -2.174241 -0.093206 0.9162 0.9162 0.9212
v 4.404562 -2.211540 -0.141248 0.9162 0.9162 0.9212
v 3.924462 -2.194451 -0.137777 0.9162 0.9162 0.9212
v 2.524402 -2.187281 -0.135177 0.9162 0.9162 0.9212
v 1.524363 -2.182863 -0.133444 0.9162 0.9162 0.9212
v 1.324339 -2.179025 -0.132577 0.9162 0.9162 0.9212
v 1.204363 -2.183616 -0.133272 0.9162 0.9162 0.9212
v 1.104236 -2.160524 -0.129105 0.9162 0.9162 0.9212
v 1.023756 -2.072327 -0.113477 0.9162 0.9162 0.9212
v 0.963730 -2.067729 -0.112609 0.9162 0.9162 0.9212
v 0.943891 -2.097381 -0.117818 0.9162 0.9162 0.9212
v 0.984238 -2.161175 -0.129105 0.9162 0.9162 0.9212
v 4.404562 -2.211540 -0.155140 0.9162 0.9162 0.9212
v 3.924462 -2.194451 -0.158615 0.9162 0.9162 0.9212
v 2.524402 -2.187281 -0.161224 0.9162 0.9162 0.9212
v 1.524363 -2.182863 -0.162964 0.9162 0.9162 0.9212
v 1.324340 -2.179025 -0.163833 0.9162 0.9162 0.9212
v 1.204363 -2.183616 -0.163139 0.9162 0.9162 0.9212
v 1.104236 -2.160524 -0.167307 0.9162 0.9162 0.9212
v 1.023756 -2.072327 -0.182936 0.9162 0.9162 0.9212
v 0.963730 -2.067729 -0.183804 0.9162 0.9162 0.9212
v 0.943891 -2.097381 -0.178595 0.9162 0.9162 0.9212
v 0.984238 -2.161175 -0.167308 0.9162 0.9162 0.9212
v 4.404588 -2.216291 -0.168194 0.9162 0.9162 0.9212
v 3.924500 -2.201578 -0.178196 0.9162 0.9162 0.9212
v 2.524451 -2.196189 -0.185701 0.9162 0.9162 0.9212
v 1.524418 -2.192959 -0.190704 0.9162 0.9162 0.9212
v 1.324398 -2.189715 -0.193205 0.9162 0.9162 0.9212
v 1.204418 -2.193831 -0.191206 0.9162 0.9162 0.9212
v 1.104307 -2.173589 -0.203206 0.9162 0.9162 0.9212
v 1.023885 -2.096083 -0.248206 0.9162 0.9162 0.9212
v 0.963863 -2.092078 -0.250706 0.9162 0.9162 0.9212
v 0.944004 -2.118167 -0.235706 0.9162 0.9162 0.9212
v 0.984309 -2.174241 -0.203206 0.9162 0.9162 0.9212
v 4.404636 -2.225221 -0.178836 0.9162 0.9162 0.9212
v 3.924573 -2.214972 -0.194158 0.9162 0.9162 0.9212
v 2.524542 -2.212932 -0.205654 0.9162 0.9162 0.9212
v 1.524521 -2.211934 -0.213318 0.9162 0.9162 0.9212
v 1.324507 -2.209806 -0.217149 0.9162 0.9162 0.9212
v 1.204523 -2.213029 -0.214085 0.9162 0.9162 0.9212
v 1.104440 -2.198145 -0.232471 0.9162 0.9162 0.9212
v 1.024128 -2.140730 -0.301415 0.9162 0.9162 0.9212
v 0.964111 -2.137841 -0.305246 0.9162 0.9162 0.9212
v 0.944216 -2.157233 -0.282264 0.9162 0.9162 0.9212
v 0.984442 -2.198797 -0.232471 0.9162 0.9162 0.9212
v 4.404701 -2.237251 -0.185782 0.9162 0.9162 0.9212
v 3.924671 -2.233017 -0.204577 0.9162 0.9162 0.9212
v 2.524664 -2.235489 -0.218678 0.9162 0.9162 0.9212
v 1.524660 -2.237499 -0.228078 0.9162 0.9162 0.9212
v 1.324654 -2.236875 -0.232777 0.9162 0.9162 0.9212
v 1.204663 -2.238894 -0.229019 0.9162 0.9162 0.9212
v 1.104620 -2.231229 -0.251572 0.9162 0.9162 0.9212
v 1.024454 -2.200882 -0.336145 0.9162 0.9162 0.9212
v 0.964446 -2.199498 -0.340843 0.9162 0.9162 0.9212
v 0.944502 -2.209867 -0.312653 0.9162 0.9162 0.9212
v 0.984622 -2.231881 -0.251573 0.9162 0.9162 0.9212
v 4.404776 -2.250932 -0.188194 0.9162 0.9162 0.9212
v 3.924783 -2.253538 -0.208196 0.9162 0.9162 0.9212
v 2.524803 -2.261140 -0.223201 0.9162 0.9162 0.9212
v 1.524818 -2.266570 -0.233204 0.9162 0.9162 0.9212
v 1.324821 -2.267656 -0.238205 0.9162 0.9162 0.9212
v 1.204823 -2.268308 -0.234206 0.9162 0.9162 0.9212
v 1.104824 -2.268851 -0.258206 0.9162 0.9162 0.9212
v 1.024826 -2.269285 -0.348206 0.9162 0.9162 0.9212
v 0.964827 -2.269611 -0.353206 0.9162 0.9162 0.9212
v 0.944827 -2.269720 -0.323206 0.9162 0.9162 0.9212
v 0.984826 -2.269502 -0.258206 0.9162 0.9162 0.9212
v 4.404850 -2.264612 -0.185782 0.9162 0.9162 0.9212
v 3.924894 -2.274059 -0.204577 0.9162 0.9162 0.9212
v 2.524943 -2.286791 -0.218678 0.9162 0.9162 0.9212
v 1.524976 -2.295642 -0.228078 0.9162 0.9162 0.9212
v 1.324988 -2.298438 -0.232777 0.9162 0.9162 0.9212
v 1.204983 -2.297721 -0.229019 0.9162 0.9162 0.9212
v 1.105029 -2.306473 -0.251572 0.9162 0.9162 0.9212
v 1.025197 -2.337688 -0.336145 0.9162 0.9162 0.9212
v 0.965208 -2.339724 -0.340843 0.9162 0.9162 0.9212
v 0.945152 -2.329572 -0.312653 0.9162 0.9162 0.9212
v 0.985031 -2.307124 -0.251573 0.9162 0.9162 0.9212
v 4.404915 -2.276643 -0.178836 0.9162 0.9162 0.9212
v 3.924992 -2.292105 -0.194158 0.9162 0.9162 0.9212
v 2.525065 -2.309349 -0.205654 0.9162 0.9162 0.9212
v 1.525115 -2.321206 -0.213318 0.9162 0.9162 0.9212
v 1.325135 -2.325506 -0.217149 0.9162 0.9162 0.9212
v 1.205123 -2.323587 -0.214085 0.9162 0.9162 0.9212
v 1.105208 -2.339556 -0.232471 0.9162 0.9162 0.9212
v 1.025524 -2.397841 -0.301415 0.9162 0.9162 0.9212
v 0.965542 -2.401381 -0.305246 0.9162 0.9162 0.9212
v 0.945438 -2.382206 -0.282264 0.9162 0.9162 0.9212
v 0.985210 -2.340208 -0.232471 0.9162 0.9162 0.9212
v 4.404963 -2.285573 -0.168194 0.9162 0.9162 0.9212
v 3.925065 -2.305499 -0.178196 0.9162 0.9162 0.9212
v 2.525156 -2.326091 -0.185701 0.9162 0.9162 0.9212
v 1.525218 -2.340181 -0.190704 0.9162 0.9162 0.9212
v 1.325244 -2.345598 -0.193205 0.9162 0.9162 0.9212
v 1.205227 -2.342785 -0.191206 0.9162 0.9162 0.9212
v 1.105341 -2.364112 -0.203206 0.9162 0.9162 0.9212
v 1.025766 -2.442488 -0.248206 0.9162 0.9162 0.9212
v 0.965791 -2.447144 -0.250706 0.9162 0.9162 0.9212
v 0.945650 -2.421272 -0.235706 0.9162 0.9162 0.9212
v 0.985343 -2.364764 -0.203206 0.9162 0.9162 0.9212
v 4.404989 -2.290324 -0.155140 0.9162 0.9162 0.9212
v 3.925103 -2.312626 -0.158615 0.9162 0.9162 0.9212
v 2.525204 -2.335000 -0.161224 0.9162 0.9162 0.9212
v 1.525272 -2.350278 -0.162964 0.9162 0.9162 0.9212
v 1.325302 -2.356288 -0.163833 0.9162 0.9162 0.9212
v 1.205283 -2.353000 -0.163139 0.9162 0.9162 0.9212
v 1.105412 -2.377178 -0.167307 0.9162 0.9162 0.9212
v 1.025895 -2.466244 -0.182936 0.9162 0.9162 0.9212
v 0.965923 -2.471494 -0.183804 0.9162 0.9162 0.9212
v 0.945762 -2.442058 -0.178595 0.9162 0.9162 0.9212
v 0.985414 -2.377830 -0.167308 0.9162 0.9162 0.9212
v 4.404989 -2.290324 -0.141248 0.9162 0.9162 0.9212
v 3.925103 -2.312626 -0.137777 0.9162 0.9162 0.9212
v 2.525204 -2.335000 -0.135177 0.9162 0.9162 0.9212
v 1.525272 -2.350278 -0.133444 0.9162 0.9162 0.9212
v 1.325302 -2.356288 -0.132577 0.9162 0.9162 0.9212
v 1.205282 -2.353000 -0.133272 0.9162 0.9162 0.9212
v 1.105412 -2.377178 -0.129105 0.9162 0.9162 0.9212
v 1.025895 -2.466244 -0.113476 0.9162 0.9162 0.9212
v 0.965922 -2.471494 -0.112608 0.9162 0.9162 0.9212
v 0.945762 -2.442058 -0.117818 0.9162 0.9162 0.9212
v 0.985414 -2.377830 -0.129105 0.9162 0.9162 0.9212
v 4.404963 -2.285573 -0.128194 0.9162 0.9162 0.9212
v 3.925065 -2.305499 -0.118196 0.9162 0.9162 0.9212
v 2.525156 -2.326091 -0.110701 0.9162 0.9162 0.9212
v 1.525217 -2.340181 -0.105704 0.9162 0.9162 0.9212
v 1.325244 -2.345598 -0.103205 0.9162 0.9162 0.9212
v 1.205227 -2.342785 -0.105206 0.9162 0.9162 0.9212
v 1.105341 -2.364112 -0.093206 0.9162 0.9162 0.9212
v 1.025765 -2.442488 -0.048206 0.9162 0.9162 0.9212
v 0.965790 -2.447144 -0.045706 0.9162 0.9162 0.9212
v 0.945649 -2.421272 -0.060707 0.9162 0.9162 0.9212
v 0.985343 -2.364764 -0.093206 0.9162 0.9162 0.9212
v 4.404915 -2.276643 -0.117552 0.9162 0.9162 0.9212
v 3.924992 -2.292105 -0.102233 0.9162 0.9162 0.9212
v 2.525065 -2.309349 -0.090747 0.9162 0.9162 0.9212
v 1.525114 -2.321206 -0.083091 0.9162 0.9162 0.9212
v 1.325135 -2.325506 -0.079261 0.9162 0.9162 0.9212
v 1.205123 -2.323587 -0.082326 0.9162 0.9162 0.9212
v 1.105208 -2.339556 -0.063941 0.9162 0.9162 0.9212
v 1.025523 -2.397841 0.005003 0.9162 0.9162 0.9212
v 0.965541 -2.401381 0.008833 0.9162 0.9162 0.9212
v 0.945437 -2.382206 -0.014149 0.9162 0.9162 0.9212
v 0.985209 -2.340208 -0.063941 0.9162 0.9162 0.9212
v 4.404850 -2.264612 -0.110606 0.9162 0.9162 0.9212
v 3.924894 -2.274059 -0.091814 0.9162 0.9162 0.9212
v 2.524942 -2.286791 -0.077724 0.9162 0.9162 0.9212
v 1.524975 -2.295642 -0.068331 0.9162 0.9162 0.9212
v 1.324988 -2.298438 -0.063633 0.9162 0.9162 0.9212
v 1.204982 -2.297721 -0.067392 0.9162 0.9162 0.9212
v 1.105028 -2.306473 -0.044840 0.9162 0.9162 0.9212
v 1.025196 -2.337688 0.039732 0.9162 0.9162 0.9212
v 0.965206 -2.339724 0.044431 0.9162 0.9162 0.9212
v 0.945151 -2.329572 0.016240 0.9162 0.9162 0.9212
v 0.985030 -2.307124 -0.044840 0.9162 0.9162 0.9212
v 2.524803 -2.261140 -0.073201 0.9162 0.9162 0.9212
v 1.204822 -2.268308 -0.062206 0.9162 0.9162 0.9212
v 0.944826 -2.269720 0.026793 0.9162 0.9162 0.9212
v 0.984825 -2.269502 -0.038206 0.9162 0.9162 0.9212
v 0.744515 -1.931406 -0.150694 0.9162 0.9162 0.9212
v 0.864427 -1.936005 -0.190694 0.9162 0.9162 0.9212
v 1.344074 -1.954399 -0.210696 0.9162 0.9162 0.9212
v 3.742311 -2.046368 -0.235704 0.9162 0.9162 0.9212
v 3.942164 -2.054032 -0.240705 0.9162 0.9162 0.9212
v 4.162003 -2.062463 -0.260706 0.9162 0.9162 0.9212
v 4.241943 -2.065528 -0.350706 0.9162 0.9162 0.9212
v 4.301899 -2.067827 -0.355706 0.9162 0.9162 0.9212
v 4.241944 -2.065528 -0.150706 0.9162 0.9162 0.9212
v 0.864951 -1.922334 -0.188282 0.9162 0.9162 0.9212
v 1.344860 -1.933892 -0.207077 0.9162 0.9162 0.9212
v 2.744029 -1.982415 -0.221178 0.9162 0.9162 0.9212
v 3.743425 -2.017318 -0.230578 0.9162 0.9162 0.9212
v 3.943344 -2.023273 -0.235277 0.9162 0.9162 0.9212
v 4.063203 -2.029238 -0.231519 0.9162 0.9162 0.9212
v 4.163445 -2.024868 -0.254072 0.9162 0.9162 0.9212
v 4.244565 -1.997175 -0.338645 0.9162 0.9162 0.9212
v 4.304586 -1.997765 -0.343343 0.9162 0.9162 0.9212
v 4.324178 -2.008784 -0.315153 0.9162 0.9162 0.9212
v 4.283356 -2.029466 -0.254073 0.9162 0.9162 0.9212
v 0.865412 -1.910312 -0.181336 0.9162 0.9162 0.9212
v 1.345552 -1.915860 -0.196658 0.9162 0.9162 0.9212
v 2.744893 -1.959874 -0.208154 0.9162 0.9162 0.9212
v 3.744405 -1.991771 -0.215818 0.9162 0.9162 0.9212
v 3.944381 -1.996224 -0.219649 0.9162 0.9162 0.9212
v 4.064194 -2.003392 -0.216585 0.9162 0.9162 0.9212
v 4.164712 -1.991808 -0.234971 0.9162 0.9162 0.9212
v 4.246870 -1.937065 -0.303915 0.9162 0.9162 0.9212
v 4.306949 -1.936153 -0.307746 0.9162 0.9162 0.9212
v 4.326195 -1.956189 -0.284764 0.9162 0.9162 0.9212
v 4.284624 -1.996406 -0.234971 0.9162 0.9162 0.9212
v 0.865754 -1.901389 -0.170694 0.9162 0.9162 0.9212
v 1.346065 -1.902475 -0.180696 0.9162 0.9162 0.9212
v 2.745535 -1.943143 -0.188201 0.9162 0.9162 0.9212
v 3.745132 -1.972810 -0.193204 0.9162 0.9162 0.9212
v 3.945151 -1.976147 -0.195705 0.9162 0.9162 0.9212
v 4.064930 -1.984207 -0.193706 0.9162 0.9162 0.9212
v 4.165653 -1.967270 -0.205706 0.9162 0.9162 0.9212
v 4.248581 -1.892450 -0.250706 0.9162 0.9162 0.9212
v 4.308703 -1.890423 -0.253206 0.9162 0.9162 0.9212
v 4.327693 -1.917151 -0.238207 0.9162 0.9162 0.9212
v 4.285565 -1.971868 -0.205706 0.9162 0.9162 0.9212
v 0.865936 -1.896641 -0.157640 0.9162 0.9162 0.9212
v 1.346338 -1.895353 -0.161115 0.9162 0.9162 0.9212
v 2.745876 -1.934241 -0.163724 0.9162 0.9162 0.9212
v 3.745519 -1.962721 -0.165464 0.9162 0.9162 0.9212
v 3.945561 -1.965464 -0.166333 0.9162 0.9162 0.9212
v 4.065322 -1.973999 -0.165639 0.9162 0.9162 0.9212
v 4.166154 -1.954213 -0.169807 0.9162 0.9162 0.9212
v 4.249492 -1.868711 -0.185436 0.9162 0.9162 0.9212
v 4.309636 -1.866090 -0.186304 0.9162 0.9162 0.9212
v 4.328489 -1.896379 -0.181095 0.9162 0.9162 0.9212
v 4.286066 -1.958812 -0.169808 0.9162 0.9162 0.9212
v 0.865936 -1.896641 -0.143748 0.9162 0.9162 0.9212
v 1.346339 -1.895353 -0.140277 0.9162 0.9162 0.9212
v 2.745876 -1.934241 -0.137677 0.9162 0.9162 0.9212
v 3.745519 -1.962721 -0.135944 0.9162 0.9162 0.9212
v 3.945561 -1.965464 -0.135077 0.9162 0.9162 0.9212
v 4.065322 -1.973999 -0.135772 0.9162 0.9162 0.9212
v 4.166154 -1.954213 -0.131605 0.9162 0.9162 0.9212
v 4.249492 -1.868711 -0.115977 0.9162 0.9162 0.9212
v 4.309637 -1.866090 -0.115109 0.9162 0.9162 0.9212
v 4.328489 -1.896379 -0.120318 0.9162 0.9162 0.9212
v 4.286066 -1.958812 -0.131605 0.9162 0.9162 0.9212
v 0.865754 -1.901389 -0.130694 0.9162 0.9162 0.9212
v 1.346065 -1.902475 -0.120696 0.9162 0.9162 0.9212
v 2.745535 -1.943143 -0.113201 0.9162 0.9162 0.9212
v 3.745132 -1.972810 -0.108204 0.9162 0.9162 0.9212
v 3.945151 -1.976147 -0.105705 0.9162 0.9162 0.9212
v 4.064930 -1.984207 -0.107706 0.9162 0.9162 0.9212
v 4.165654 -1.967270 -0.095706 0.9162 0.9162 0.9212
v 4.248582 -1.892450 -0.050706 0.9162 0.9162 0.9212
v 4.308703 -1.890423 -0.048206 0.9162 0.9162 0.9212
v 4.327693 -1.917151 -0.063207 0.9162 0.9162 0.9212
v 4.285565 -1.971868 -0.095706 0.9162 0.9162 0.9212
v 0.865412 -1.910312 -0.120052 0.9162 0.9162 0.9212
v 1.345552 -1.915860 -0.104733 0.9162 0.9162 0.9212
v 2.744894 -1.959874 -0.093247 0.9162 0.9162 0.9212
v 3.744405 -1.991771 -0.085591 0.9162 0.9162 0.9212
v 3.944382 -1.996224 -0.081761 0.9162 0.9162 0.9212
v 4.064195 -2.003392 -0.084826 0.9162 0.9162 0.9212
v 4.164713 -1.991808 -0.066441 0.9162 0.9162 0.9212
v 4.246871 -1.937065 0.002503 0.9162 0.9162 0.9212
v 4.306950 -1.936153 0.006333 0.9162 0.9162 0.9212
v 4.326196 -1.956189 -0.016649 0.9162 0.9162 0.9212
v 4.284625 -1.996406 -0.066441 0.9162 0.9162 0.9212
v 0.864951 -1.922334 -0.113106 0.9162 0.9162 0.9212
v 1.344861 -1.933892 -0.094314 0.9162 0.9162 0.9212
v 2.744029 -1.982415 -0.080224 0.9162 0.9162 0.9212
v 3.743426 -2.017318 -0.070831 0.9162 0.9162 0.9212
v 3.943344 -2.023273 -0.066133 0.9162 0.9162 0.9212
v 4.063204 -2.029238 -0.069892 0.9162 0.9162 0.9212
v 4.163445 -2.024868 -0.047340 0.9162 0.9162 0.9212
v 4.244566 -1.997175 0.037232 0.9162 0.9162 0.9212
v 4.304587 -1.997765 0.041931 0.9162 0.9162 0.9212
v 4.324180 -2.008784 0.013740 0.9162 0.9162 0.9212
v 4.283357 -2.029467 -0.047340 0.9162 0.9162 0.9212
v 0.864427 -1.936005 -0.110694 0.9162 0.9162 0.9212
v 1.344074 -1.954399 -0.090696 0.9162 0.9162 0.9212
v 2.743046 -2.008047 -0.075701 0.9162 0.9162 0.9212
v 3.742312 -2.046368 -0.065704 0.9162 0.9162 0.9212
v 3.942165 -2.054032 -0.060705 0.9162 0.9162 0.9212
v 4.062077 -2.058630 -0.064706 0.9162 0.9162 0.9212
v 4.162004 -2.062463 -0.040706 0.9162 0.9162 0.9212
v 4.241945 -2.065528 0.049294 0.9162 0.9162 0.9212
v 4.301901 -2.067827 0.054294 0.9162 0.9162 0.9212
v 4.321886 -2.068594 0.024293 0.9162 0.9162 0.9212
v 4.281915 -2.067061 -0.040706 0.9162 0.9162 0.9212
v 0.863903 -1.949675 -0.113106 0.9162 0.9162 0.9212
v 1.343288 -1.974905 -0.094314 0.9162 0.9162 0.9212
v 2.742063 -2.033680 -0.080224 0.9162 0.9162 0.9212
v 3.741198 -2.075418 -0.070831 0.9162 0.9162 0.9212
v 3.940985 -2.084791 -0.066133 0.9162 0.9162 0.9212
v 4.060949 -2.088023 -0.069892 0.9162 0.9162 0.9212
v 4.160562 -2.100057 -0.047340 0.9162 0.9162 0.9212
v 4.239324 -2.133882 0.037232 0.9162 0.9162 0.9212
v 4.299214 -2.137890 0.041931 0.9162 0.9162 0.9212
v 4.319592 -2.128403 0.013740 0.9162 0.9162 0.9212
v 4.280473 -2.104656 -0.047340 0.9162 0.9162 0.9212
v 0.863442 -1.961697 -0.120052 0.9162 0.9162 0.9212
v 1.342596 -1.992937 -0.104733 0.9162 0.9162 0.9212
v 2.741199 -2.056221 -0.093247 0.9162 0.9162 0.9212
v 3.740218 -2.100965 -0.085591 0.9162 0.9162 0.9212
v 3.939948 -2.111840 -0.081761 0.9162 0.9162 0.9212
v 4.059958 -2.113870 -0.084826 0.9162 0.9162 0.9212
v 4.159294 -2.133117 -0.066441 0.9162 0.9162 0.9212
v 4.237018 -2.193991 0.002503 0.9162 0.9162 0.9212
v 4.296851 -2.199502 0.006333 0.9162 0.9162 0.9212
v 4.317575 -2.180999 -0.016649 0.9162 0.9162 0.9212
v 4.279205 -2.137716 -0.066441 0.9162 0.9162 0.9212
v 0.863099 -1.970620 -0.130694 0.9162 0.9162 0.9212
v 1.342083 -2.006322 -0.120696 0.9162 0.9162 0.9212
v 2.740557 -2.072952 -0.113201 0.9162 0.9162 0.9212
v 3.739491 -2.119926 -0.108204 0.9162 0.9162 0.9212
v 3.939178 -2.131917 -0.105705 0.9162 0.9162 0.9212
v 4.059222 -2.133054 -0.107706 0.9162 0.9162 0.9212
v 4.158353 -2.157655 -0.095706 0.9162 0.9162 0.9212
v 4.235307 -2.238606 -0.050706 0.9162 0.9162 0.9212
v 4.295097 -2.245232 -0.048206 0.9162 0.9162 0.9212
v 4.316078 -2.220037 -0.063207 0.9162 0.9162 0.9212
v 4.278264 -2.162254 -0.095706 0.9162 0.9162 0.9212
v 0.862917 -1.975368 -0.143748 0.9162 0.9162 0.9212
v 1.341810 -2.013443 -0.140277 0.9162 0.9162 0.9212
v 2.740216 -2.081854 -0.137677 0.9162 0.9162 0.9212
v 3.739104 -2.130015 -0.135944 0.9162 0.9162 0.9212
v 3.938768 -2.142600 -0.135077 0.9162 0.9162 0.9212
v 4.058831 -2.143262 -0.135772 0.9162 0.9162 0.9212
v 4.157852 -2.170712 -0.131605 0.9162 0.9162 0.9212
v 4.234396 -2.262345 -0.115977 0.9162 0.9162 0.9212
v 4.294164 -2.269565 -0.115109 0.9162 0.9162 0.9212
v 4.315281 -2.240809 -0.120318 0.9162 0.9162 0.9212
v 4.277763 -2.175310 -0.131605 0.9162 0.9162 0.9212
v 0.862917 -1.975368 -0.157640 0.9162 0.9162 0.9212
v 1.341810 -2.013443 -0.161115 0.9162 0.9162 0.9212
v 2.740215 -2.081854 -0.163724 0.9162 0.9162 0.9212
v 3.739104 -2.130015 -0.165465 0.9162 0.9162 0.9212
v 3.938768 -2.142600 -0.166333 0.9162 0.9162 0.9212
v 4.058831 -2.143262 -0.165639 0.9162 0.9162 0.9212
v 4.157852 -2.170712 -0.169807 0.9162 0.9162 0.9212
v 4.234396 -2.262345 -0.185436 0.9162 0.9162 0.9212
v 4.294163 -2.269565 -0.186304 0.9162 0.9162 0.9212
v 4.315281 -2.240809 -0.181095 0.9162 0.9162 0.9212
v 4.277763 -2.175310 -0.169808 0.9162 0.9162 0.9212
v 0.863099 -1.970620 -0.170694 0.9162 0.9162 0.9212
v 1.342083 -2.006322 -0.180696 0.9162 0.9162 0.9212
v 2.740557 -2.072952 -0.188201 0.9162 0.9162 0.9212
v 3.739491 -2.119926 -0.193204 0.9162 0.9162 0.9212
v 3.939178 -2.131917 -0.195705 0.9162 0.9162 0.9212
v 4.059222 -2.133054 -0.193706 0.9162 0.9162 0.9212
v 4.158352 -2.157655 -0.205706 0.9162 0.9162 0.9212
v 4.235306 -2.238606 -0.250706 0.9162 0.9162 0.9212
v 4.295096 -2.245232 -0.253206 0.9162 0.9162 0.9212
v 4.316077 -2.220037 -0.238206 0.9162 0.9162 0.9212
v 4.278264 -2.162254 -0.205706 0.9162 0.9162 0.9212
v 0.863441 -1.961697 -0.181336 0.9162 0.9162 0.9212
v 1.342596 -1.992937 -0.196658 0.9162 0.9162 0.9212
v 2.741198 -2.056221 -0.208154 0.9162 0.9162 0.9212
v 3.740217 -2.100965 -0.215818 0.9162 0.9162 0.9212
v 3.939947 -2.111840 -0.219649 0.9162 0.9162 0.9212
v 4.059958 -2.113870 -0.216585 0.9162 0.9162 0.9212
v 4.159293 -2.133117 -0.234971 0.9162 0.9162 0.9212
v 4.237017 -2.193991 -0.303915 0.9162 0.9162 0.9212
v 4.296850 -2.199502 -0.307746 0.9162 0.9162 0.9212
v 4.317574 -2.180999 -0.284764 0.9162 0.9162 0.9212
v 4.279205 -2.137716 -0.234971 0.9162 0.9162 0.9212
v 0.863902 -1.949675 -0.188282 0.9162 0.9162 0.9212
v 1.343288 -1.974905 -0.207077 0.9162 0.9162 0.9212
v 2.742063 -2.033680 -0.221178 0.9162 0.9162 0.9212
v 3.741197 -2.075418 -0.230578 0.9162 0.9162 0.9212
v 3.940984 -2.084791 -0.235277 0.9162 0.9162 0.9212
v 4.060949 -2.088023 -0.231519 0.9162 0.9162 0.9212
v 4.160561 -2.100057 -0.254072 0.9162 0.9162 0.9212
v 4.239322 -2.133882 -0.338645 0.9162 0.9162 0.9212
v 4.299212 -2.137890 -0.343343 0.9162 0.9162 0.9212
v 4.319591 -2.128403 -0.315153 0.9162 0.9162 0.9212
v 4.280473 -2.104656 -0.254073 0.9162 0.9162 0.9212
v 2.743046 -2.008047 -0.225701 0.9162 0.9162 0.9212
v 4.062076 -2.058630 -0.236706 0.9162 0.9162 0.9212
v 4.321885 -2.068594 -0.325706 0.9162 0.9162 0.9212
v 4.281914 -2.067061 -0.260706 0.9162 0.9162 0.9212
v 4.351476 -1.598220 -0.124794 0.9162 0.9162 0.9212
v 4.231853 -1.607724 -0.084794 0.9162 0.9162 0.9212
v 3.753361 -1.645744 -0.064796 0.9162 0.9162 0.9212
v 1.360901 -1.835840 -0.039804 0.9162 0.9162 0.9212
v 1.161530 -1.851682 -0.034805 0.9162 0.9162 0.9212
v 0.942221 -1.869107 -0.014806 0.9162 0.9162 0.9212
v 0.862472 -1.875444 0.075194 0.9162 0.9162 0.9212
v 0.802660 -1.880196 0.080194 0.9162 0.9162 0.9212
v 0.862473 -1.875444 -0.124806 0.9162 0.9162 0.9212
v 4.230769 -1.594087 -0.087206 0.9162 0.9162 0.9212
v 3.751736 -1.625287 -0.068414 0.9162 0.9162 0.9212
v 2.355728 -1.731063 -0.054324 0.9162 0.9162 0.9212
v 1.358599 -1.806860 -0.044931 0.9162 0.9162 0.9212
v 1.159091 -1.820997 -0.040233 0.9162 0.9162 0.9212
v 1.039577 -1.831865 -0.043992 0.9162 0.9162 0.9212
v 0.939241 -1.831603 -0.021440 0.9162 0.9162 0.9212
v 0.857054 -1.807255 0.063132 0.9162 0.9162 0.9212
v 0.797107 -1.810302 0.067831 0.9162 0.9162 0.9212
v 0.777982 -1.822115 0.039640 0.9162 0.9162 0.9212
v 0.819618 -1.841108 -0.021440 0.9162 0.9162 0.9212
v 4.229816 -1.582094 -0.094152 0.9162 0.9162 0.9212
v 3.750306 -1.607298 -0.078833 0.9162 0.9162 0.9212
v 2.353941 -1.708576 -0.067347 0.9162 0.9162 0.9212
v 1.356574 -1.781375 -0.059691 0.9162 0.9162 0.9212
v 1.156947 -1.794013 -0.055861 0.9162 0.9162 0.9212
v 1.037528 -1.806081 -0.058926 0.9162 0.9162 0.9212
v 0.936620 -1.798623 -0.040541 0.9162 0.9162 0.9212
v 0.852289 -1.747290 0.028403 0.9162 0.9162 0.9212
v 0.792223 -1.748839 0.032233 0.9162 0.9162 0.9212
v 0.773814 -1.769646 0.009251 0.9162 0.9162 0.9212
v 0.816997 -1.808128 -0.040541 0.9162 0.9162 0.9212
v 4.229109 -1.573192 -0.104794 0.9162 0.9162 0.9212
v 3.749245 -1.593946 -0.094796 0.9162 0.9162 0.9212
v 2.352615 -1.691886 -0.087301 0.9162 0.9162 0.9212
v 1.355071 -1.762460 -0.082304 0.9162 0.9162 0.9212
v 1.155356 -1.773984 -0.079805 0.9162 0.9162 0.9212
v 1.036008 -1.786942 -0.081806 0.9162 0.9162 0.9212
v 0.934675 -1.774144 -0.069806 0.9162 0.9162 0.9212
v 0.848753 -1.702783 -0.024806 0.9162 0.9162 0.9212
v 0.788599 -1.703219 -0.022306 0.9162 0.9162 0.9212
v 0.770719 -1.730702 -0.037306 0.9162 0.9162 0.9212
v 0.815053 -1.783649 -0.069806 0.9162 0.9162 0.9212
v 4.228733 -1.568456 -0.117848 0.9162 0.9162 0.9212
v 3.748681 -1.586841 -0.114377 0.9162 0.9162 0.9212
v 2.351909 -1.683005 -0.111777 0.9162 0.9162 0.9212
v 1.354271 -1.752395 -0.110044 0.9162 0.9162 0.9212
v 1.154510 -1.763328 -0.109177 0.9162 0.9162 0.9212
v 1.035199 -1.776759 -0.109872 0.9162 0.9162 0.9212
v 0.933641 -1.761119 -0.105705 0.9162 0.9162 0.9212
v 0.846872 -1.679101 -0.090077 0.9162 0.9162 0.9212
v 0.786670 -1.678945 -0.089209 0.9162 0.9162 0.9212
v 0.769073 -1.709981 -0.094418 0.9162 0.9162 0.9212
v 0.814018 -1.770624 -0.105705 0.9162 0.9162 0.9212
v 4.228733 -1.568456 -0.131740 0.9162 0.9162 0.9212
v 3.748681 -1.586841 -0.135215 0.9162 0.9162 0.9212
v 2.351910 -1.683005 -0.137824 0.9162 0.9162 0.9212
v 1.354271 -1.752395 -0.139564 0.9162 0.9162 0.9212
v 1.154510 -1.763328 -0.140433 0.9162 0.9162 0.9212
v 1.035199 -1.776759 -0.139739 0.9162 0.9162 0.9212
v 0.933641 -1.761119 -0.143907 0.9162 0.9162 0.9212
v 0.846872 -1.679101 -0.159536 0.9162 0.9162 0.9212
v 0.786670 -1.678945 -0.160404 0.9162 0.9162 0.9212
v 0.769073 -1.709981 -0.155195 0.9162 0.9162 0.9212
v 0.814018 -1.770624 -0.143908 0.9162 0.9162 0.9212
v 4.229109 -1.573192 -0.144794 0.9162 0.9162 0.9212
v 3.749246 -1.593946 -0.154796 0.9162 0.9162 0.9212
v 2.352615 -1.691886 -0.162301 0.9162 0.9162 0.9212
v 1.355071 -1.762460 -0.167304 0.9162 0.9162 0.9212
v 1.155357 -1.773984 -0.169805 0.9162 0.9162 0.9212
v 1.036008 -1.786942 -0.167806 0.9162 0.9162 0.9212
v 0.934676 -1.774144 -0.179806 0.9162 0.9162 0.9212
v 0.848754 -1.702783 -0.224806 0.9162 0.9162 0.9212
v 0.788599 -1.703219 -0.227306 0.9162 0.9162 0.9212
v 0.770720 -1.730702 -0.212306 0.9162 0.9162 0.9212
v 0.815053 -1.783649 -0.179806 0.9162 0.9162 0.9212
v 4.229816 -1.582094 -0.155436 0.9162 0.9162 0.9212
v 3.750307 -1.607298 -0.170758 0.9162 0.9162 0.9212
v 2.353941 -1.708576 -0.182254 0.9162 0.9162 0.9212
v 1.356574 -1.781375 -0.189918 0.9162 0.9162 0.9212
v 1.156948 -1.794013 -0.193749 0.9162 0.9162 0.9212
v 1.037529 -1.806081 -0.190685 0.9162 0.9162 0.9212
v 0.936621 -1.798623 -0.209071 0.9162 0.9162 0.9212
v 0.852290 -1.747290 -0.278015 0.9162 0.9162 0.9212
v 0.792224 -1.748839 -0.281846 0.9162 0.9162 0.9212
v 0.773815 -1.769646 -0.258864 0.9162 0.9162 0.9212
v 0.816998 -1.808128 -0.209071 0.9162 0.9162 0.9212
v 4.230770 -1.594087 -0.162382 0.9162 0.9162 0.9212
v 3.751736 -1.625287 -0.181177 0.9162 0.9162 0.9212
v 2.355728 -1.731063 -0.195278 0.9162 0.9162 0.9212
v 1.358599 -1.806860 -0.204678 0.9162 0.9162 0.9212
v 1.159092 -1.820997 -0.209377 0.9162 0.9162 0.9212
v 1.039578 -1.831865 -0.205619 0.9162 0.9162 0.9212
v 0.939242 -1.831603 -0.228172 0.9162 0.9162 0.9212
v 0.857055 -1.807255 -0.312745 0.9162 0.9162 0.9212
v 0.797108 -1.810302 -0.317443 0.9162 0.9162 0.9212
v 0.777984 -1.822115 -0.289253 0.9162 0.9162 0.9212
v 0.819619 -1.841108 -0.228173 0.9162 0.9162 0.9212
v 4.231853 -1.607724 -0.164794 0.9162 0.9162 0.9212
v 3.753361 -1.645744 -0.184796 0.9162 0.9162 0.9212
v 2.357760 -1.756634 -0.199801 0.9162 0.9162 0.9212
v 1.360902 -1.835840 -0.209804 0.9162 0.9162 0.9212
v 1.161530 -1.851682 -0.214805 0.9162 0.9162 0.9212
v 1.041907 -1.861187 -0.210806 0.9162 0.9162 0.9212
v 0.942221 -1.869107 -0.234806 0.9162 0.9162 0.9212
v 0.862473 -1.875444 -0.324806 0.9162 0.9162 0.9212
v 0.802662 -1.880196 -0.329806 0.9162 0.9162 0.9212
v 0.782724 -1.881780 -0.299806 0.9162 0.9162 0.9212
v 0.822599 -1.878612 -0.234806 0.9162 0.9162 0.9212
v 4.232937 -1.621362 -0.162382 0.9162 0.9162 0.9212
v 3.754987 -1.666201 -0.181177 0.9162 0.9162 0.9212
v 2.359792 -1.782204 -0.195278 0.9162 0.9162 0.9212
v 1.363205 -1.864821 -0.204678 0.9162 0.9162 0.9212
v 1.163968 -1.882367 -0.209377 0.9162 0.9162 0.9212
v 1.044237 -1.890508 -0.205619 0.9162 0.9162 0.9212
v 0.945201 -1.906611 -0.228172 0.9162 0.9162 0.9212
v 0.867891 -1.943633 -0.312745 0.9162 0.9162 0.9212
v 0.808215 -1.950090 -0.317443 0.9162 0.9162 0.9212
v 0.787465 -1.941446 -0.289253 0.9162 0.9162 0.9212
v 0.825579 -1.916116 -0.228172 0.9162 0.9162 0.9212
v 4.233890 -1.633355 -0.155436 0.9162 0.9162 0.9212
v 3.756416 -1.684190 -0.170758 0.9162 0.9162 0.9212
v 2.361578 -1.804691 -0.182254 0.9162 0.9162 0.9212
v 1.365229 -1.890306 -0.189918 0.9162 0.9162 0.9212
v 1.166112 -1.909351 -0.193749 0.9162 0.9162 0.9212
v 1.046286 -1.916293 -0.190685 0.9162 0.9162 0.9212
v 0.947822 -1.939592 -0.209071 0.9162 0.9162 0.9212
v 0.872656 -2.003597 -0.278015 0.9162 0.9162 0.9212
v 0.813099 -2.011554 -0.281846 0.9162 0.9162 0.9212
v 0.791634 -1.993915 -0.258864 0.9162 0.9162 0.9212
v 0.828199 -1.949097 -0.209071 0.9162 0.9162 0.9212
v 4.234597 -1.642257 -0.144794 0.9162 0.9162 0.9212
v 3.757477 -1.697542 -0.154796 0.9162 0.9162 0.9212
v 2.362905 -1.821381 -0.162301 0.9162 0.9162 0.9212
v 1.366732 -1.909221 -0.167304 0.9162 0.9162 0.9212
v 1.167704 -1.929379 -0.169805 0.9162 0.9162 0.9212
v 1.047806 -1.935431 -0.167806 0.9162 0.9162 0.9212
v 0.949767 -1.964071 -0.179806 0.9162 0.9162 0.9212
v 0.876192 -2.048105 -0.224806 0.9162 0.9162 0.9212
v 0.816723 -2.057174 -0.227306 0.9162 0.9162 0.9212
v 0.794728 -2.032859 -0.212306 0.9162 0.9162 0.9212
v 0.830144 -1.973576 -0.179806 0.9162 0.9162 0.9212
v 4.234973 -1.646993 -0.131740 0.9162 0.9162 0.9212
v 3.758041 -1.704647 -0.135215 0.9162 0.9162 0.9212
v 2.363610 -1.830262 -0.137824 0.9162 0.9162 0.9212
v 1.367532 -1.919286 -0.139564 0.9162 0.9162 0.9212
v 1.168550 -1.940036 -0.140433 0.9162 0.9162 0.9212
v 1.048615 -1.945614 -0.139739 0.9162 0.9162 0.9212
v 0.950801 -1.977096 -0.143907 0.9162 0.9162 0.9212
v 0.878073 -2.071787 -0.159536 0.9162 0.9162 0.9212
v 0.818652 -2.081448 -0.160404 0.9162 0.9162 0.9212
v 0.796375 -2.053580 -0.155195 0.9162 0.9162 0.9212
v 0.831179 -1.986601 -0.143908 0.9162 0.9162 0.9212
v 4.234973 -1.646993 -0.117848 0.9162 0.9162 0.9212
v 3.758041 -1.704647 -0.114377 0.9162 0.9162 0.9212
v 2.363610 -1.830262 -0.111777 0.9162 0.9162 0.9212
v 1.367532 -1.919286 -0.110044 0.9162 0.9162 0.9212
v 1.168550 -1.940036 -0.109177 0.9162 0.9162 0.9212
v 1.048615 -1.945614 -0.109872 0.9162 0.9162 0.9212
v 0.950801 -1.977096 -0.105705 0.9162 0.9162 0.9212
v 0.878073 -2.071787 -0.090076 0.9162 0.9162 0.9212
v 0.818652 -2.081448 -0.089208 0.9162 0.9162 0.9212
v 0.796374 -2.053580 -0.094418 0.9162 0.9162 0.9212
v 0.831179 -1.986601 -0.105705 0.9162 0.9162 0.9212
v 4.234597 -1.642257 -0.104794 0.9162 0.9162 0.9212
v 3.757477 -1.697542 -0.094796 0.9162 0.9162 0.9212
v 2.362904 -1.821381 -0.087301 0.9162 0.9162 0.9212
v 1.366732 -1.909221 -0.082304 0.9162 0.9162 0.9212
v 1.167703 -1.929379 -0.079805 0.9162 0.9162 0.9212
v 1.047806 -1.935431 -0.081806 0.9162 0.9162 0.9212
v 0.949766 -1.964071 -0.069806 0.9162 0.9162 0.9212
v 0.876191 -2.048105 -0.024806 0.9162 0.9162 0.9212
v 0.816723 -2.057174 -0.022306 0.9162 0.9162 0.9212
v 0.794728 -2.032859 -0.037306 0.9162 0.9162 0.9212
v 0.830143 -1.973576 -0.069806 0.9162 0.9162 0.9212
v 4.233890 -1.633355 -0.094152 0.9162 0.9162 0.9212
v 3.756416 -1.684190 -0.078833 0.9162 0.9162 0.9212
v 2.361578 -1.804691 -0.067347 0.9162 0.9162 0.9212
v 1.365229 -1.890306 -0.059691 0.9162 0.9162 0.9212
v 1.166112 -1.909351 -0.055861 0.9162 0.9162 0.9212
v 1.046285 -1.916293 -0.058926 0.9162 0.9162 0.9212
v 0.947821 -1.939592 -0.040541 0.9162 0.9162 0.9212
v 0.872655 -2.003597 0.028403 0.9162 0.9162 0.9212
v 0.813098 -2.011554 0.032233 0.9162 0.9162 0.9212
v 0.791633 -1.993915 0.009251 0.9162 0.9162 0.9212
v 0.828198 -1.949097 -0.040541 0.9162 0.9162 0.9212
v 4.232937 -1.621362 -0.087206 0.9162 0.9162 0.9212
v 3.754986 -1.666201 -0.068414 0.9162 0.9162 0.9212
v 2.359791 -1.782204 -0.054324 0.9162 0.9162 0.9212
v 1.363204 -1.864821 -0.044931 0.9162 0.9162 0.9212
v 1.163968 -1.882367 -0.040233 0.9162 0.9162 0.9212
v 1.044237 -1.890508 -0.043992 0.9162 0.9162 0.9212
v 0.945201 -1.906611 -0.021440 0.9162 0.9162 0.9212
v 0.867890 -1.943633 0.063132 0.9162 0.9162 0.9212
v 0.808214 -1.950090 0.067831 0.9162 0.9162 0.9212
v 0.787464 -1.941446 0.039640 0.9162 0.9162 0.9212
v 0.825578 -1.916116 -0.021440 0.9162 0.9162 0.9212
v 2.357759 -1.756634 -0.049801 0.9162 0.9162 0.9212
v 1.041907 -1.861187 -0.038806 0.9162 0.9162 0.9212
v 0.782723 -1.881780 0.050193 0.9162 0.9162 0.9212
v 0.822598 -1.878612 -0.014806 0.9162 0.9162 0.9212
v 0.900930 -1.611519 -0.120494 0.9162 0.9162 0.9212
v 1.020653 -1.603373 -0.160494 0.9162 0.9162 0.9212
v 1.499545 -1.570786 -0.180496 0.9162 0.9162 0.9212
v 3.894008 -1.407856 -0.205504 0.9162 0.9162 0.9212
v 4.093547 -1.394278 -0.210505 0.9162 0.9162 0.9212
v 4.313039 -1.379343 -0.230506 0.9162 0.9162 0.9212
v 4.392854 -1.373912 -0.320506 0.9162 0.9162 0.9212
v 4.452716 -1.369839 -0.325506 0.9162 0.9162 0.9212
v 4.392855 -1.373912 -0.120506 0.9162 0.9162 0.9212
v 1.019724 -1.589723 -0.158082 0.9162 0.9162 0.9212
v 1.498152 -1.550313 -0.176877 0.9162 0.9162 0.9212
v 2.894574 -1.450151 -0.190978 0.9162 0.9162 0.9212
v 3.892035 -1.378851 -0.200378 0.9162 0.9162 0.9212
v 4.091457 -1.363567 -0.205077 0.9162 0.9162 0.9212
v 4.211273 -1.356786 -0.201319 0.9162 0.9162 0.9212
v 4.310485 -1.341808 -0.223872 0.9162 0.9162 0.9212
v 4.388210 -1.305666 -0.308445 0.9162 0.9162 0.9212
v 4.447956 -1.299886 -0.313143 0.9162 0.9162 0.9212
v 4.468606 -1.308766 -0.284953 0.9162 0.9162 0.9212
v 4.430208 -1.333661 -0.223873 0.9162 0.9162 0.9212
v 1.018907 -1.577720 -0.151136 0.9162 0.9162 0.9212
v 1.496927 -1.532308 -0.166458 0.9162 0.9162 0.9212
v 2.893043 -1.427646 -0.177954 0.9162 0.9162 0.9212
v 3.890299 -1.353345 -0.185618 0.9162 0.9162 0.9212
v 4.089620 -1.336561 -0.189449 0.9162 0.9162 0.9212
v 4.209517 -1.330980 -0.186385 0.9162 0.9162 0.9212
v 4.308239 -1.308800 -0.204771 0.9162 0.9162 0.9212
v 4.384127 -1.245651 -0.273715 0.9162 0.9162 0.9212
v 4.443770 -1.238371 -0.277546 0.9162 0.9162 0.9212
v 4.465034 -1.256253 -0.254564 0.9162 0.9162 0.9212
v 4.427962 -1.300653 -0.204771 0.9162 0.9162 0.9212
v 1.018301 -1.568811 -0.140494 0.9162 0.9162 0.9212
v 1.496018 -1.518945 -0.150496 0.9162 0.9162 0.9212
v 2.891906 -1.410941 -0.158001 0.9162 0.9162 0.9212
v 3.889011 -1.334414 -0.163004 0.9162 0.9162 0.9212
v 4.088256 -1.316516 -0.165505 0.9162 0.9162 0.9212
v 4.208214 -1.311825 -0.163506 0.9162 0.9162 0.9212
v 4.306572 -1.284300 -0.175506 0.9162 0.9162 0.9212
v 4.381096 -1.201107 -0.220506 0.9162 0.9162 0.9212
v 4.440663 -1.192713 -0.223006 0.9162 0.9162 0.9212
v 4.462381 -1.217276 -0.208006 0.9162 0.9162 0.9212
v 4.426295 -1.276153 -0.175506 0.9162 0.9162 0.9212
v 1.017979 -1.564071 -0.127440 0.9162 0.9162 0.9212
v 1.495534 -1.511834 -0.130915 0.9162 0.9162 0.9212
v 2.891301 -1.402053 -0.133524 0.9162 0.9162 0.9212
v 3.888326 -1.324340 -0.135264 0.9162 0.9162 0.9212
v 4.087530 -1.305850 -0.136133 0.9162 0.9162 0.9212
v 4.207520 -1.301634 -0.135439 0.9162 0.9162 0.9212
v 4.305686 -1.271264 -0.139607 0.9162 0.9162 0.9212
v 4.379484 -1.177405 -0.155236 0.9162 0.9162 0.9212
v 4.439011 -1.168419 -0.156104 0.9162 0.9162 0.9212
v 4.460970 -1.196537 -0.150895 0.9162 0.9162 0.9212
v 4.425408 -1.263118 -0.139608 0.9162 0.9162 0.9212
v 1.017979 -1.564071 -0.113548 0.9162 0.9162 0.9212
v 1.495534 -1.511834 -0.110077 0.9162 0.9162 0.9212
v 2.891301 -1.402053 -0.107477 0.9162 0.9162 0.9212
v 3.888326 -1.324340 -0.105744 0.9162 0.9162 0.9212
v 4.087530 -1.305850 -0.104877 0.9162 0.9162 0.9212
v 4.207520 -1.301634 -0.105572 0.9162 0.9162 0.9212
v 4.305686 -1.271264 -0.101405 0.9162 0.9162 0.9212
v 4.379484 -1.177405 -0.085777 0.9162 0.9162 0.9212
v 4.439011 -1.168419 -0.084908 0.9162 0.9162 0.9212
v 4.460970 -1.196537 -0.090118 0.9162 0.9162 0.9212
v 4.425408 -1.263118 -0.101405 0.9162 0.9162 0.9212
v 1.018301 -1.568811 -0.100494 0.9162 0.9162 0.9212
v 1.496018 -1.518945 -0.090496 0.9162 0.9162 0.9212
v 2.891906 -1.410941 -0.083001 0.9162 0.9162 0.9212
v 3.889011 -1.334414 -0.078004 0.9162 0.9162 0.9212
v 4.088256 -1.316516 -0.075505 0.9162 0.9162 0.9212
v 4.208214 -1.311825 -0.077506 0.9162 0.9162 0.9212
v 4.306573 -1.284300 -0.065506 0.9162 0.9162 0.9212
v 4.381097 -1.201106 -0.020506 0.9162 0.9162 0.9212
v 4.440664 -1.192713 -0.018006 0.9162 0.9162 0.9212
v 4.462382 -1.217276 -0.033006 0.9162 0.9162 0.9212
v 4.426296 -1.276153 -0.065506 0.9162 0.9162 0.9212
v 1.018908 -1.577720 -0.089852 0.9162 0.9162 0.9212
v 1.496927 -1.532308 -0.074533 0.9162 0.9162 0.9212
v 2.893043 -1.427646 -0.063047 0.9162 0.9162 0.9212
v 3.890300 -1.353345 -0.055391 0.9162 0.9162 0.9212
v 4.089620 -1.336561 -0.051561 0.9162 0.9162 0.9212
v 4.209517 -1.330980 -0.054626 0.9162 0.9162 0.9212
v 4.308240 -1.308800 -0.036241 0.9162 0.9162 0.9212
v 4.384128 -1.245651 0.032703 0.9162 0.9162 0.9212
v 4.443771 -1.238371 0.036533 0.9162 0.9162 0.9212
v 4.465034 -1.256253 0.013551 0.9162 0.9162 0.9212
v 4.427963 -1.300653 -0.036241 0.9162 0.9162 0.9212
v 1.019724 -1.589723 -0.082906 0.9162 0.9162 0.9212
v 1.498152 -1.550313 -0.064114 0.9162 0.9162 0.9212
v 2.894574 -1.450151 -0.050024 0.9162 0.9162 0.9212
v 3.892035 -1.378851 -0.040631 0.9162 0.9162 0.9212
v 4.091458 -1.363567 -0.035933 0.9162 0.9162 0.9212
v 4.211274 -1.356786 -0.039692 0.9162 0.9162 0.9212
v 4.310486 -1.341808 -0.017140 0.9162 0.9162 0.9212
v 4.388212 -1.305666 0.067432 0.9162 0.9162 0.9212
v 4.447957 -1.299886 0.072131 0.9162 0.9162 0.9212
v 4.468607 -1.308766 0.043940 0.9162 0.9162 0.9212
v 4.430209 -1.333661 -0.017140 0.9162 0.9162 0.9212
v 1.020653 -1.603373 -0.080494 0.9162 0.9162 0.9212
v 1.499546 -1.570786 -0.060496 0.9162 0.9162 0.9212
v 2.896316 -1.475744 -0.045501 0.9162 0.9162 0.9212
v 3.894009 -1.407856 -0.035504 0.9162 0.9162 0.9212
v 4.093547 -1.394278 -0.030505 0.9162 0.9162 0.9212
v 4.213271 -1.386132 -0.034506 0.9162 0.9162 0.9212
v 4.313040 -1.379343 -0.010506 0.9162 0.9162 0.9212
v 4.392856 -1.373912 0.079494 0.9162 0.9162 0.9212
v 4.452717 -1.369839 0.084494 0.9162 0.9162 0.9212
v 4.472671 -1.368481 0.054493 0.9162 0.9162 0.9212
v 4.432763 -1.371196 -0.010506 0.9162 0.9162 0.9212
v 1.021582 -1.617022 -0.082906 0.9162 0.9162 0.9212
v 1.500939 -1.591260 -0.064114 0.9162 0.9162 0.9212
v 2.898057 -1.501336 -0.050024 0.9162 0.9162 0.9212
v 3.895982 -1.436860 -0.040631 0.9162 0.9162 0.9212
v 4.095637 -1.424989 -0.035933 0.9162 0.9162 0.9212
v 4.215267 -1.415478 -0.039692 0.9162 0.9162 0.9212
v 4.315594 -1.416878 -0.017140 0.9162 0.9162 0.9212
v 4.397500 -1.442158 0.067432 0.9162 0.9162 0.9212
v 4.457477 -1.439791 0.072131 0.9162 0.9162 0.9212
v 4.476734 -1.428196 0.043940 0.9162 0.9162 0.9212
v 4.435317 -1.408732 -0.017140 0.9162 0.9162 0.9212
v 1.022398 -1.629025 -0.089852 0.9162 0.9162 0.9212
v 1.502164 -1.609265 -0.074533 0.9162 0.9162 0.9212
v 2.899589 -1.523841 -0.063047 0.9162 0.9162 0.9212
v 3.897718 -1.462367 -0.055391 0.9162 0.9162 0.9212
v 4.097475 -1.451996 -0.051561 0.9162 0.9162 0.9212
v 4.217023 -1.441284 -0.054626 0.9162 0.9162 0.9212
v 4.317840 -1.449886 -0.036241 0.9162 0.9162 0.9212
v 4.401583 -1.502173 0.032703 0.9162 0.9162 0.9212
v 4.461663 -1.501306 0.036533 0.9162 0.9162 0.9212
v 4.480308 -1.480709 0.013551 0.9162 0.9162 0.9212
v 4.437563 -1.441740 -0.036241 0.9162 0.9162 0.9212
v 1.023005 -1.637934 -0.100494 0.9162 0.9162 0.9212
v 1.503073 -1.622628 -0.090496 0.9162 0.9162 0.9212
v 2.900725 -1.540546 -0.083001 0.9162 0.9162 0.9212
v 3.899006 -1.481298 -0.078004 0.9162 0.9162 0.9212
v 4.098839 -1.472041 -0.075505 0.9162 0.9162 0.9212
v 4.218327 -1.460438 -0.077506 0.9162 0.9162 0.9212
v 4.319507 -1.474386 -0.065506 0.9162 0.9162 0.9212
v 4.404614 -1.546717 -0.020506 0.9162 0.9162 0.9212
v 4.464769 -1.546964 -0.018006 0.9162 0.9162 0.9212
v 4.482959 -1.519686 -0.033007 0.9162 0.9162 0.9212
v 4.439230 -1.466239 -0.065506 0.9162 0.9162 0.9212
v 1.023327 -1.642674 -0.113548 0.9162 0.9162 0.9212
v 1.503557 -1.629739 -0.110077 0.9162 0.9162 0.9212
v 2.901330 -1.549434 -0.107477 0.9162 0.9162 0.9212
v 3.899691 -1.491371 -0.105744 0.9162 0.9162 0.9212
v 4.099564 -1.482707 -0.104877 0.9162 0.9162 0.9212
v 4.219020 -1.470630 -0.105572 0.9162 0.9162 0.9212
v 4.320394 -1.487422 -0.101405 0.9162 0.9162 0.9212
v 4.406226 -1.570419 -0.085777 0.9162 0.9162 0.9212
v 4.466422 -1.571259 -0.084909 0.9162 0.9162 0.9212
v 4.484370 -1.540425 -0.090118 0.9162 0.9162 0.9212
v 4.440117 -1.479275 -0.101405 0.9162 0.9162 0.9212
v 1.023327 -1.642674 -0.127440 0.9162 0.9162 0.9212
v 1.503557 -1.629739 -0.130915 0.9162 0.9162 0.9212
v 2.901330 -1.549434 -0.133524 0.9162 0.9162 0.9212
v 3.899691 -1.491371 -0.135265 0.9162 0.9162 0.9212
v 4.099564 -1.482707 -0.136133 0.9162 0.9162 0.9212
v 4.219020 -1.470630 -0.135439 0.9162 0.9162 0.9212
v 4.320394 -1.487422 -0.139607 0.9162 0.9162 0.9212
v 4.406226 -1.570419 -0.155236 0.9162 0.9162 0.9212
v 4.466422 -1.571259 -0.156104 0.9162 0.9162 0.9212
v 4.484370 -1.540425 -0.150895 0.9162 0.9162 0.9212
v 4.440117 -1.479275 -0.139608 0.9162 0.9162 0.9212
v 1.023005 -1.637934 -0.140494 0.9162 0.9162 0.9212
v 1.503073 -1.622628 -0.150496 0.9162 0.9162 0.9212
v 2.900725 -1.540546 -0.158001 0.9162 0.9162 0.9212
v 3.899006 -1.481298 -0.163004 0.9162 0.9162 0.9212
v 4.098838 -1.472041 -0.165505 0.9162 0.9162 0.9212
v 4.218326 -1.460438 -0.163506 0.9162 0.9162 0.9212
v 4.319507 -1.474386 -0.175506 0.9162 0.9162 0.9212
v 4.404613 -1.546717 -0.220506 0.9162 0.9162 0.9212
v 4.464768 -1.546964 -0.223006 0.9162 0.9162 0.9212
v 4.482959 -1.519686 -0.208006 0.9162 0.9162 0.9212
v 4.439229 -1.466239 -0.175506 0.9162 0.9162 0.9212
v 1.022398 -1.629025 -0.151136 0.9162 0.9162 0.9212
v 1.502164 -1.609265 -0.166458 0.9162 0.9162 0.9212
v 2.899588 -1.523841 -0.177954 0.9162 0.9162 0.9212
v 3.897717 -1.462367 -0.185618 0.9162 0.9162 0.9212
v 4.097474 -1.451996 -0.189449 0.9162 0.9162 0.9212
v 4.217023 -1.441284 -0.186385 0.9162 0.9162 0.9212
v 4.317840 -1.449886 -0.204771 0.9162 0.9162 0.9212
v 4.401582 -1.502173 -0.273715 0.9162 0.9162 0.9212
v 4.461661 -1.501306 -0.277546 0.9162 0.9162 0.9212
v 4.480307 -1.480709 -0.254564 0.9162 0.9162 0.9212
v 4.437562 -1.441740 -0.204771 0.9162 0.9162 0.9212
v 1.021582 -1.617022 -0.158082 0.9162 0.9162 0.9212
v 1.500938 -1.591260 -0.176877 0.9162 0.9162 0.9212
v 2.898057 -1.501336 -0.190978 0.9162 0.9162 0.9212
v 3.895982 -1.436860 -0.200378 0.9162 0.9162 0.9212
v 4.095636 -1.424989 -0.205077 0.9162 0.9162 0.9212
v 4.215267 -1.415478 -0.201319 0.9162 0.9162 0.9212
v 4.315593 -1.416878 -0.223872 0.9162 0.9162 0.9212
v 4.397498 -1.442158 -0.308445 0.9162 0.9162 0.9212
v 4.457476 -1.439791 -0.313143 0.9162 0.9162 0.9212
v 4.476733 -1.428196 -0.284953 0.9162 0.9162 0.9212
v 4.435316 -1.408732 -0.223873 0.9162 0.9162 0.9212
v 2.896315 -1.475744 -0.195501 0.9162 0.9162 0.9212
v 4.213270 -1.386132 -0.206506 0.9162 0.9162 0.9212
v 4.472670 -1.368481 -0.295506 0.9162 0.9162 0.9212
v 4.432762 -1.371197 -0.230506 0.9162 0.9162 0.9212
v 4.471797 -1.072951 -0.121794 0.9162 0.9162 0.9212
v 4.352260 -1.083479 -0.081794 0.9162 0.9162 0.9212
v 3.874111 -1.125593 -0.061796 0.9162 0.9162 0.9212
v 1.483366 -1.336162 -0.036804 0.9162 0.9162 0.9212
v 1.284137 -1.353709 -0.031805 0.9162 0.9162 0.9212
v 1.064985 -1.373011 -0.011806 0.9162 0.9162 0.9212
v 0.985294 -1.380030 0.078194 0.9162 0.9162 0.9212
v 0.925525 -1.385295 0.083194 0.9162 0.9162 0.9212
v 0.985294 -1.380030 -0.121806 0.9162 0.9162 0.9212
v 4.351059 -1.069851 -0.084206 0.9162 0.9162 0.9212
v 3.872310 -1.105151 -0.065414 0.9162 0.9162 0.9212
v 2.477259 -1.222872 -0.051324 0.9162 0.9162 0.9212
v 1.480815 -1.307202 -0.041931 0.9162 0.9162 0.9212
v 1.281436 -1.323046 -0.037233 0.9162 0.9162 0.9212
v 1.162019 -1.334937 -0.040992 0.9162 0.9162 0.9212
v 1.061684 -1.335534 -0.018440 0.9162 0.9162 0.9212
v 0.979292 -1.311890 0.066132 0.9162 0.9162 0.9212
v 0.919373 -1.315451 0.070831 0.9162 0.9162 0.9212
v 0.900351 -1.327427 0.042640 0.9162 0.9162 0.9212
v 0.942147 -1.346063 -0.018440 0.9162 0.9162 0.9212
v 4.350004 -1.057867 -0.091152 0.9162 0.9162 0.9212
v 3.870727 -1.087174 -0.075833 0.9162 0.9162 0.9212
v 2.475280 -1.200402 -0.064347 0.9162 0.9162 0.9212
v 1.478572 -1.281736 -0.056691 0.9162 0.9162 0.9212
v 1.279061 -1.296081 -0.052861 0.9162 0.9162 0.9212
v 1.159750 -1.309171 -0.055926 0.9162 0.9162 0.9212
v 1.058782 -1.302577 -0.037541 0.9162 0.9162 0.9212
v 0.974014 -1.251969 0.031403 0.9162 0.9162 0.9212
v 0.913964 -1.254031 0.035233 0.9162 0.9162 0.9212
v 0.895733 -1.274995 0.012251 0.9162 0.9162 0.9212
v 0.939245 -1.313106 -0.037541 0.9162 0.9162 0.9212
v 4.349220 -1.048972 -0.101794 0.9162 0.9162 0.9212
v 3.869552 -1.073832 -0.091796 0.9162 0.9162 0.9212
v 2.473811 -1.183723 -0.084301 0.9162 0.9162 0.9212
v 1.476907 -1.262834 -0.079304 0.9162 0.9162 0.9212
v 1.277299 -1.276067 -0.076805 0.9162 0.9162 0.9212
v 1.158065 -1.290047 -0.078806 0.9162 0.9162 0.9212
v 1.056627 -1.278116 -0.066806 0.9162 0.9162 0.9212
v 0.970097 -1.207493 -0.021806 0.9162 0.9162 0.9212
v 0.909949 -1.208444 -0.019306 0.9162 0.9162 0.9212
v 0.892306 -1.236079 -0.034306 0.9162 0.9162 0.9212
v 0.937090 -1.288644 -0.066806 0.9162 0.9162 0.9212
v 4.348804 -1.044239 -0.114848 0.9162 0.9162 0.9212
v 3.868927 -1.066732 -0.111377 0.9162 0.9162 0.9212
v 2.473029 -1.174849 -0.108777 0.9162 0.9162 0.9212
v 1.476022 -1.252776 -0.107044 0.9162 0.9162 0.9212
v 1.276361 -1.265418 -0.106177 0.9162 0.9162 0.9212
v 1.157169 -1.279871 -0.106872 0.9162 0.9162 0.9212
v 1.055481 -1.265100 -0.102705 0.9162 0.9162 0.9212
v 0.968013 -1.183828 -0.087077 0.9162 0.9162 0.9212
v 0.907813 -1.184188 -0.086209 0.9162 0.9162 0.9212
v 0.890482 -1.215373 -0.091418 0.9162 0.9162 0.9212
v 0.935944 -1.275629 -0.102705 0.9162 0.9162 0.9212
v 4.348804 -1.044239 -0.128740 0.9162 0.9162 0.9212
v 3.868927 -1.066732 -0.132215 0.9162 0.9162 0.9212
v 2.473029 -1.174849 -0.134824 0.9162 0.9162 0.9212
v 1.476022 -1.252776 -0.136564 0.9162 0.9162 0.9212
v 1.276361 -1.265418 -0.137433 0.9162 0.9162 0.9212
v 1.157169 -1.279871 -0.136739 0.9162 0.9162 0.9212
v 1.055481 -1.265100 -0.140907 0.9162 0.9162 0.9212
v 0.968014 -1.183828 -0.156536 0.9162 0.9162 0.9212
v 0.907813 -1.184188 -0.157404 0.9162 0.9162 0.9212
v 0.890482 -1.215373 -0.152195 0.9162 0.9162 0.9212
v 0.935944 -1.275629 -0.140908 0.9162 0.9162 0.9212
v 4.349221 -1.048972 -0.141794 0.9162 0.9162 0.9212
v 3.869552 -1.073832 -0.151796 0.9162 0.9162 0.9212
v 2.473811 -1.183723 -0.159301 0.9162 0.9162 0.9212
v 1.476908 -1.262834 -0.164304 0.9162 0.9162 0.9212
v 1.277299 -1.276067 -0.166805 0.9162 0.9162 0.9212
v 1.158066 -1.290047 -0.164806 0.9162 0.9162 0.9212
v 1.056628 -1.278116 -0.176806 0.9162 0.9162 0.9212
v 0.970098 -1.207493 -0.221806 0.9162 0.9162 0.9212
v 0.909950 -1.208444 -0.224306 0.9162 0.9162 0.9212
v 0.892306 -1.236079 -0.209306 0.9162 0.9162 0.9212
v 0.937091 -1.288644 -0.176806 0.9162 0.9162 0.9212
v 4.350004 -1.057867 -0.152436 0.9162 0.9162 0.9212
v 3.870727 -1.087174 -0.167758 0.9162 0.9162 0.9212
v 2.475280 -1.200402 -0.179254 0.9162 0.9162 0.9212
v 1.478573 -1.281736 -0.186918 0.9162 0.9162 0.9212
v 1.279062 -1.296081 -0.190749 0.9162 0.9162 0.9212
v 1.159750 -1.309171 -0.187685 0.9162 0.9162 0.9212
v 1.058782 -1.302577 -0.206071 0.9162 0.9162 0.9212
v 0.974015 -1.251969 -0.275015 0.9162 0.9162 0.9212
v 0.913965 -1.254031 -0.278846 0.9162 0.9162 0.9212
v 0.895734 -1.274995 -0.255864 0.9162 0.9162 0.9212
v 0.939245 -1.313106 -0.206071 0.9162 0.9162 0.9212
v 4.351060 -1.069851 -0.159382 0.9162 0.9162 0.9212
v 3.872311 -1.105151 -0.178177 0.9162 0.9162 0.9212
v 2.477259 -1.222872 -0.192278 0.9162 0.9162 0.9212
v 1.480816 -1.307202 -0.201678 0.9162 0.9162 0.9212
v 1.281437 -1.323046 -0.206377 0.9162 0.9162 0.9212
v 1.162020 -1.334937 -0.202619 0.9162 0.9162 0.9212
v 1.061685 -1.335534 -0.225172 0.9162 0.9162 0.9212
v 0.979293 -1.311890 -0.309745 0.9162 0.9162 0.9212
v 0.919375 -1.315451 -0.314443 0.9162 0.9162 0.9212
v 0.900352 -1.327427 -0.286253 0.9162 0.9162 0.9212
v 0.942148 -1.346063 -0.225173 0.9162 0.9162 0.9212
v 4.352260 -1.083479 -0.161794 0.9162 0.9162 0.9212
v 3.874111 -1.125593 -0.181796 0.9162 0.9162 0.9212
v 2.479510 -1.248425 -0.196801 0.9162 0.9162 0.9212
v 1.483366 -1.336162 -0.206804 0.9162 0.9162 0.9212
v 1.284138 -1.353709 -0.211805 0.9162 0.9162 0.9212
v 1.164600 -1.364238 -0.207806 0.9162 0.9162 0.9212
v 1.064986 -1.373011 -0.231806 0.9162 0.9162 0.9212
v 0.985295 -1.380030 -0.321806 0.9162 0.9162 0.9212
v 0.925526 -1.385295 -0.326806 0.9162 0.9162 0.9212
v 0.905603 -1.387049 -0.296806 0.9162 0.9162 0.9212
v 0.945449 -1.383540 -0.231806 0.9162 0.9162 0.9212
v 4.353460 -1.097107 -0.159382 0.9162 0.9162 0.9212
v 3.875912 -1.146035 -0.178177 0.9162 0.9162 0.9212
v 2.481761 -1.273977 -0.192278 0.9162 0.9162 0.9212
v 1.485917 -1.365121 -0.201678 0.9162 0.9162 0.9212
v 1.286838 -1.384372 -0.206377 0.9162 0.9162 0.9212
v 1.167181 -1.393538 -0.202619 0.9162 0.9162 0.9212
v 1.068287 -1.410488 -0.225172 0.9162 0.9162 0.9212
v 0.991297 -1.448171 -0.309745 0.9162 0.9162 0.9212
v 0.931678 -1.455138 -0.314443 0.9162 0.9162 0.9212
v 0.910855 -1.446672 -0.286253 0.9162 0.9162 0.9212
v 0.948750 -1.421017 -0.225173 0.9162 0.9162 0.9212
v 4.354516 -1.109092 -0.152436 0.9162 0.9162 0.9212
v 3.877495 -1.164011 -0.167758 0.9162 0.9162 0.9212
v 2.483740 -1.296448 -0.179254 0.9162 0.9162 0.9212
v 1.488160 -1.390588 -0.186918 0.9162 0.9162 0.9212
v 1.289213 -1.411337 -0.190749 0.9162 0.9162 0.9212
v 1.169450 -1.419304 -0.187685 0.9162 0.9162 0.9212
v 1.071190 -1.443445 -0.206071 0.9162 0.9162 0.9212
v 0.996574 -1.508092 -0.275015 0.9162 0.9162 0.9212
v 0.937087 -1.516558 -0.278846 0.9162 0.9162 0.9212
v 0.915473 -1.499103 -0.255864 0.9162 0.9162 0.9212
v 0.951652 -1.453974 -0.206071 0.9162 0.9162 0.9212
v 4.355299 -1.117987 -0.141794 0.9162 0.9162 0.9212
v 3.878670 -1.177354 -0.151796 0.9162 0.9162 0.9212
v 2.485209 -1.313126 -0.159301 0.9162 0.9162 0.9212
v 1.489825 -1.409490 -0.164304 0.9162 0.9162 0.9212
v 1.290976 -1.431351 -0.166805 0.9162 0.9162 0.9212
v 1.171135 -1.438429 -0.164806 0.9162 0.9162 0.9212
v 1.073344 -1.467907 -0.176806 0.9162 0.9162 0.9212
v 1.000491 -1.552567 -0.221806 0.9162 0.9162 0.9212
v 0.941103 -1.562145 -0.224306 0.9162 0.9162 0.9212
v 0.918900 -1.538019 -0.209306 0.9162 0.9162 0.9212
v 0.953807 -1.478435 -0.176806 0.9162 0.9162 0.9212
v 4.355716 -1.122720 -0.128740 0.9162 0.9162 0.9212
v 3.879295 -1.184453 -0.132215 0.9162 0.9162 0.9212
v 2.485990 -1.322001 -0.134824 0.9162 0.9162 0.9212
v 1.490710 -1.419548 -0.136564 0.9162 0.9162 0.9212
v 1.291914 -1.442000 -0.137433 0.9162 0.9162 0.9212
v 1.172031 -1.448605 -0.136739 0.9162 0.9162 0.9212
v 1.074490 -1.480922 -0.140907 0.9162 0.9162 0.9212
v 1.002575 -1.576232 -0.156536 0.9162 0.9162 0.9212
v 0.943239 -1.586402 -0.157404 0.9162 0.9162 0.9212
v 0.920724 -1.558726 -0.152195 0.9162 0.9162 0.9212
v 0.954953 -1.491451 -0.140908 0.9162 0.9162 0.9212
v 4.355716 -1.122720 -0.114848 0.9162 0.9162 0.9212
v 3.879295 -1.184453 -0.111377 0.9162 0.9162 0.9212
v 2.485990 -1.322001 -0.108777 0.9162 0.9162 0.9212
v 1.490710 -1.419548 -0.107044 0.9162 0.9162 0.9212
v 1.291914 -1.442000 -0.106177 0.9162 0.9162 0.9212
v 1.172031 -1.448605 -0.106872 0.9162 0.9162 0.9212
v 1.074490 -1.480922 -0.102705 0.9162 0.9162 0.9212
v 1.002575 -1.576232 -0.087076 0.9162 0.9162 0.9212
v 0.943238 -1.586402 -0.086208 0.9162 0.9162 0.9212
v 0.920723 -1.558726 -0.091418 0.9162 0.9162 0.9212
v 0.954953 -1.491451 -0.102705 0.9162 0.9162 0.9212
v 4.355299 -1.117987 -0.101794 0.9162 0.9162 0.9212
v 3.878670 -1.177354 -0.091796 0.9162 0.9162 0.9212
v 2.485208 -1.313126 -0.084301 0.9162 0.9162 0.9212
v 1.489824 -1.409490 -0.079304 0.9162 0.9162 0.9212
v 1.290976 -1.431351 -0.076805 0.9162 0.9162 0.9212
v 1.171134 -1.438429 -0.078806 0.9162 0.9162 0.9212
v 1.073344 -1.467907 -0.066806 0.9162 0.9162 0.9212
v 1.000490 -1.552567 -0.021806 0.9162 0.9162 0.9212
v 0.941102 -1.562145 -0.019306 0.9162 0.9162 0.9212
v 0.918899 -1.538019 -0.034307 0.9162 0.9162 0.9212
v 0.953806 -1.478435 -0.066806 0.9162 0.9162 0.9212
v 4.354516 -1.109092 -0.091152 0.9162 0.9162 0.9212
v 3.877495 -1.164011 -0.075833 0.9162 0.9162 0.9212
v 2.483739 -1.296448 -0.064347 0.9162 0.9162 0.9212
v 1.488159 -1.390588 -0.056691 0.9162 0.9162 0.9212
v 1.289213 -1.411337 -0.052861 0.9162 0.9162 0.9212
v 1.169450 -1.419304 -0.055926 0.9162 0.9162 0.9212
v 1.071189 -1.443445 -0.037541 0.9162 0.9162 0.9212
v 0.996573 -1.508092 0.031403 0.9162 0.9162 0.9212
v 0.937086 -1.516558 0.035233 0.9162 0.9162 0.9212
v 0.915472 -1.499103 0.012251 0.9162 0.9162 0.9212
v 0.951652 -1.453974 -0.037541 0.9162 0.9162 0.9212
v 4.353460 -1.097107 -0.084206 0.9162 0.9162 0.9212
v 3.875911 -1.146035 -0.065414 0.9162 0.9162 0.9212
v 2.481760 -1.273977 -0.051324 0.9162 0.9162 0.9212
v 1.485916 -1.365121 -0.041931 0.9162 0.9162 0.9212
v 1.286838 -1.384372 -0.037233 0.9162 0.9162 0.9212
v 1.167181 -1.393538 -0.040992 0.9162 0.9162 0.9212
v 1.068286 -1.410489 -0.018440 0.9162 0.9162 0.9212
v 0.991295 -1.448171 0.066132 0.9162 0.9162 0.9212
v 0.931677 -1.455138 0.070831 0.9162 0.9162 0.9212
v 0.910854 -1.446672 0.042640 0.9162 0.9162 0.9212
v 0.948749 -1.421017 -0.018440 0.9162 0.9162 0.9212
v 2.479509 -1.248425 -0.046801 0.9162 0.9162 0.9212
v 1.164600 -1.364238 -0.035806 0.9162 0.9162 0.9212
v 0.905602 -1.387049 0.053193 0.9162 0.9162 0.9212
v 0.945448 -1.383540 -0.011806 0.9162 0.9162 0.9212
vn -1.0000 -0.0000 -0.0000
vn -0.0000 1.0000 -0.0000
vn 1.0000 -0.0000 -0.0000
vn -0.0000 -1.0000 -0.0000
vn -0.0000 -0.0000 -1.0000
vn -0.0000 -0.0000 1.0000
vn -0.0670 -0.8507 0.5213
vn -0.0597 -0.7590 0.6483
vn -0.0510 -0.6486 0.7594
vn -0.0411 -0.5221 0.8519
vn -0.0301 -0.3825 0.9235
vn -0.0782 -0.9939 0.0782
vn -0.0184 -0.2334 0.9722
vn -0.0763 -0.9695 0.2328
vn -0.0062 -0.0785 0.9969
vn -0.0725 -0.9214 0.3817
vn -0.1222 -0.5092 0.8519
vn -0.0896 -0.3731 0.9235
vn -0.2327 -0.9694 0.0782
vn -0.0547 -0.2277 0.9722
vn -0.2270 -0.9457 0.2328
vn -0.0184 -0.0765 0.9969
vn -0.2158 -0.8988 0.3817
vn -0.1992 -0.8298 0.5213
vn -0.1777 -0.7404 0.6483
vn -0.1519 -0.6326 0.7594
vn -0.0301 -0.0727 0.9969
vn -0.3537 -0.8539 0.3817
vn -0.3266 -0.7884 0.5213
vn -0.2914 -0.7034 0.6483
vn -0.2490 -0.6011 0.7594
vn -0.2004 -0.4838 0.8519
vn -0.1468 -0.3545 0.9235
vn -0.3815 -0.9210 0.0782
vn -0.0896 -0.2163 0.9722
vn -0.3722 -0.8985 0.2328
vn -0.3399 -0.5547 0.7594
vn -0.2736 -0.4465 0.8519
vn -0.2005 -0.3272 0.9235
vn -0.5209 -0.8500 0.0782
vn -0.1223 -0.1996 0.9722
vn -0.5081 -0.8292 0.2328
vn -0.0411 -0.0671 0.9969
vn -0.4829 -0.7881 0.3817
vn -0.4459 -0.7276 0.5213
vn -0.3978 -0.6492 0.6483
vn -0.1521 -0.1780 0.9722
vn -0.6316 -0.7395 0.2328
vn -0.0511 -0.0598 0.9969
vn -0.6003 -0.7028 0.3817
vn -0.5542 -0.6489 0.5213
vn -0.4945 -0.5790 0.6483
vn -0.4225 -0.4947 0.7594
vn -0.3401 -0.3982 0.8519
vn -0.2492 -0.2918 0.9235
vn -0.6475 -0.7581 0.0782
vn -0.5790 -0.4945 0.6483
vn -0.4947 -0.4225 0.7594
vn -0.3982 -0.3401 0.8519
vn -0.2918 -0.2492 0.9235
vn -0.7581 -0.6475 0.0782
vn -0.1780 -0.1521 0.9722
vn -0.7395 -0.6316 0.2328
vn -0.0598 -0.0511 0.9969
vn -0.7028 -0.6003 0.3817
vn -0.6489 -0.5542 0.5213
vn -0.8500 -0.5209 0.0782
vn -0.1996 -0.1223 0.9722
vn -0.8292 -0.5081 0.2328
vn -0.0671 -0.0411 0.9969
vn -0.7881 -0.4829 0.3817
vn -0.7276 -0.4459 0.5213
vn -0.6492 -0.3978 0.6483
vn -0.5547 -0.3399 0.7594
vn -0.4465 -0.2736 0.8519
vn -0.3272 -0.2005 0.9235
vn -0.7034 -0.2914 0.6483
vn -0.6011 -0.2490 0.7594
vn -0.4838 -0.2004 0.8519
vn -0.3545 -0.1468 0.9235
vn -0.9210 -0.3815 0.0782
vn -0.2163 -0.0896 0.9722
vn -0.8985 -0.3722 0.2328
vn -0.0727 -0.0301 0.9969
vn -0.8539 -0.3537 0.3817
vn -0.7884 -0.3266 0.5213
vn -0.3731 -0.0896 0.9235
vn -0.9694 -0.2327 0.0782
vn -0.2277 -0.0547 0.9722
vn -0.9457 -0.2270 0.2328
vn -0.0765 -0.0184 0.9969
vn -0.8988 -0.2158 0.3817
vn -0.8298 -0.1992 0.5213
vn -0.7404 -0.1777 0.6483
vn -0.6326 -0.1519 0.7594
vn -0.5092 -0.1222 0.8519
vn -0.8507 -0.0670 0.5213
vn -0.7590 -0.0597 0.6483
vn -0.6486 -0.0511 0.7594
vn -0.5221 -0.0411 0.8519
vn -0.3825 -0.0301 0.9235
vn -0.9939 -0.0782 0.0782
vn -0.2334 -0.0184 0.9722
vn -0.9695 -0.0763 0.2328
vn -0.0785 -0.0062 0.9969
vn -0.9214 -0.0725 0.3817
vn -0.3825 0.0301 0.9235
vn -0.9939 0.0782 0.0782
vn -0.2334 0.0184 0.9722
vn -0.9695 0.0763 0.2328
vn -0.0785 0.0062 0.9969
vn -0.9214 0.0725 0.3817
vn -0.8507 0.0670 0.5213
vn -0.7590 0.0597 0.6483
vn -0.6486 0.0510 0.7594
vn -0.5221 0.0411 0.8519
vn -0.8298 0.1992 0.5213
vn -0.7404 0.1777 0.6483
vn -0.6326 0.1519 0.7594
vn -0.5092 0.1222 0.8519
vn -0.3731 0.0896 0.9235
vn -0.9694 0.2327 0.0782
vn -0.2277 0.0547 0.9722
vn -0.9457 0.2270 0.2328
vn -0.0765 0.0184 0.9969
vn -0.8988 0.2158 0.3817
vn -0.4838 0.2004 0.8519
vn -0.3545 0.1468 0.9235
vn -0.9210 0.3815 0.0782
vn -0.2163 0.0896 0.9722
vn -0.8985 0.3722 0.2328
vn -0.0727 0.0301 0.9969
vn -0.8539 0.3537 0.3817
vn -0.7884 0.3266 0.5213
vn -0.7034 0.2914 0.6483
vn -0.6011 0.2490 0.7594
vn -0.0671 0.0411 0.9969
vn -0.7881 0.4829 0.3817
vn -0.7276 0.4459 0.5213
vn -0.6492 0.3978 0.6483
vn -0.5547 0.3399 0.7594
vn -0.4465 0.2736 0.8519
vn -0.3272 0.2005 0.9235
vn -0.8500 0.5209 0.0782
vn -0.1996 0.1223 0.9722
vn -0.8292 0.5081 0.2328
vn -0.4947 0.4225 0.7594
vn -0.3982 0.3401 0.8519
vn -0.2918 0.2492 0.9235
vn -0.7581 0.6475 0.0782
vn -0.1780 0.1521 0.9722
vn -0.7395 0.6316 0.2328
vn -0.0598 0.0511 0.9969
vn -0.7028 0.6003 0.3817
vn -0.6489 0.5542 0.5213
vn -0.5790 0.4945 0.6483
vn -0.6316 0.7395 0.2328
vn -0.0511 0.0598 0.9969
vn -0.6003 0.7028 0.3817
vn -0.5542 0.6489 0.5213
vn -0.4945 0.5790 0.6483
vn -0.4225 0.4947 0.7594
vn -0.3401 0.3982 0.8519
vn -0.2492 0.2918 0.9235
vn -0.6475 0.7581 0.0782
vn -0.1521 0.1780 0.9722
vn -0.3399 0.5547 0.7594
vn -0.2736 0.4465 0.8519
vn -0.2005 0.3271 0.9235
vn -0.5209 0.8500 0.0782
vn -0.1223 0.1996 0.9722
vn -0.5081 0.8292 0.2328
vn -0.0411 0.0671 0.9969
vn -0.4829 0.7881 0.3817
vn -0.4459 0.7276 0.5213
vn -0.3978 0.6492 0.6483
vn -0.0896 0.2163 0.9722
vn -0.3722 0.8985 0.2328
vn -0.0301 0.0727 0.9969
vn -0.3537 0.8539 0.3817
vn -0.3266 0.7884 0.5213
vn -0.2914 0.7034 0.6483
vn -0.2490 0.6011 0.7594
vn -0.2004 0.4838 0.8519
vn -0.1468 0.3545 0.9235
vn -0.3815 0.9210 0.0782
vn -0.1777 0.7404 0.6483
vn -0.1519 0.6326 0.7594
vn -0.1222 0.5092 0.8519
vn -0.0896 0.3731 0.9235
vn -0.2327 0.9694 0.0782
vn -0.0547 0.2277 0.9722
vn -0.2270 0.9457 0.2328
vn -0.0184 0.0765 0.9969
vn -0.2158 0.8988 0.3817
vn -0.1992 0.8298 0.5213
vn -0.0782 0.9939 0.0782
vn -0.0184 0.2334 0.9722
vn -0.0763 0.9695 0.2328
vn -0.0062 0.0785 0.9969
vn -0.0725 0.9214 0.3817
vn -0.0670 0.8507 0.5213
vn -0.0597 0.7590 0.6483
vn -0.0510 0.6486 0.7594
vn -0.0411 0.5221 0.8519
vn -0.0301 0.3825 0.9235
vn 0.0597 0.7590 0.6483
vn 0.0510 0.6486 0.7594
vn 0.0411 0.5221 0.8519
vn 0.0301 0.3825 0.9235
vn 0.0782 0.9939 0.0782
vn 0.0184 0.2334 0.9722
vn 0.0763 0.9695 0.2328
vn 0.0062 0.0785 0.9969
vn 0.0725 0.9214 0.3817
vn 0.0670 0.8507 0.5213
vn 0.0896 0.3731 0.9235
vn 0.2327 0.9694 0.0782
vn 0.0547 0.2277 0.9722
vn 0.2270 0.9457 0.2328
vn 0.0184 0.0765 0.9969
vn 0.2158 0.8988 0.3817
vn 0.1992 0.8298 0.5213
vn 0.1777 0.7404 0.6483
vn 0.1519 0.6326 0.7594
vn 0.1222 0.5092 0.8519
vn 0.3266 0.7884 0.5213
vn 0.2914 0.7034 0.6483
vn 0.2490 0.6011 0.7594
vn 0.2004 0.4838 0.8519
vn 0.1468 0.3545 0.9235
vn 0.3815 0.9210 0.0782
vn 0.0896 0.2163 0.9722
vn 0.3722 0.8985 0.2328
vn 0.0301 0.0727 0.9969
vn 0.3537 0.8539 0.3817
vn 0.2736 0.4465 0.8519
vn 0.2005 0.3272 0.9235
vn 0.5209 0.8500 0.0782
vn 0.1223 0.1996 0.9722
vn 0.5082 0.8292 0.2328
vn 0.0411 0.0671 0.9969
vn 0.4829 0.7881 0.3817
vn 0.4459 0.7276 0.5213
vn 0.3978 0.6492 0.6483
vn 0.3399 0.5547 0.7594
vn 0.6003 0.7028 0.3817
vn 0.5542 0.6489 0.5213
vn 0.4945 0.5790 0.6483
vn 0.4225 0.4947 0.7594
vn 0.3401 0.3982 0.8519
vn 0.2492 0.2918 0.9235
vn 0.6475 0.7581 0.0782
vn 0.1521 0.1780 0.9722
vn 0.6316 0.7395 0.2328
vn 0.0511 0.0598 0.9969
vn 0.3982 0.3401 0.8519
vn 0.2918 0.2492 0.9235
vn 0.7581 0.6475 0.0782
vn 0.1780 0.1521 0.9722
vn 0.7395 0.6316 0.2328
vn 0.0598 0.0511 0.9969
vn 0.7028 0.6003 0.3817
vn 0.6489 0.5542 0.5213
vn 0.5790 0.4945 0.6483
vn 0.4947 0.4225 0.7594
vn 0.0671 0.0411 0.9969
vn 0.7881 0.4829 0.3817
vn 0.7276 0.4459 0.5213
vn 0.6492 0.3978 0.6483
vn 0.5547 0.3399 0.7594
vn 0.4465 0.2736 0.8519
vn 0.3272 0.2005 0.9235
vn 0.8500 0.5209 0.0782
vn 0.1996 0.1223 0.9722
vn 0.8292 0.5081 0.2328
vn 0.6011 0.2490 0.7594
vn 0.4838 0.2004 0.8519
vn 0.3545 0.1468 0.9235
vn 0.9210 0.3815 0.0782
vn 0.2163 0.0896 0.9722
vn 0.8985 0.3722 0.2328
vn 0.0727 0.0301 0.9969
vn 0.8539 0.3537 0.3817
vn 0.7884 0.3266 0.5213
vn 0.7034 0.2914 0.6483
vn 0.9457 0.2270 0.2328
vn 0.0765 0.0184 0.9969
vn 0.8988 0.2158 0.3817
vn 0.8298 0.1992 0.5213
vn 0.7404 0.1777 0.6483
vn 0.6326 0.1519 0.7594
vn 0.5092 0.1222 0.8519
vn 0.3731 0.0896 0.9235
vn 0.9694 0.2327 0.0782
vn 0.2277 0.0547 0.9722
vn 0.6486 0.0510 0.7594
vn 0.5221 0.0411 0.8519
vn 0.3825 0.0301 0.9235
vn 0.9939 0.0782 0.0782
vn 0.2334 0.0184 0.9722
vn 0.9695 0.0763 0.2328
vn 0.0785 0.0062 0.9969
vn 0.9214 0.0725 0.3817
vn 0.8507 0.0670 0.5213
vn 0.7590 0.0597 0.6483
vn 0.2334 -0.0184 0.9722
vn 0.9695 -0.0763 0.2328
vn 0.0785 -0.0062 0.9969
vn 0.9214 -0.0725 0.3817
vn 0.8507 -0.0669 0.5213
vn 0.7590 -0.0597 0.6483
vn 0.6486 -0.0510 0.7594
vn 0.5221 -0.0411 0.8519
vn 0.3825 -0.0301 0.9235
vn 0.9939 -0.0782 0.0782
vn 0.7404 -0.1777 0.6483
vn 0.6326 -0.1519 0.7594
vn 0.5092 -0.1222 0.8519
vn 0.3731 -0.0896 0.9235
vn 0.9694 -0.2327 0.0782
vn 0.2277 -0.0547 0.9722
vn 0.9457 -0.2270 0.2328
vn 0.0765 -0.0184 0.9969
vn 0.8988 -0.2158 0.3817
vn 0.8298 -0.1992 0.5213
vn 0.3545 -0.1468 0.9235
vn 0.9211 -0.3815 0.0782
vn 0.2163 -0.0896 0.9722
vn 0.8985 -0.3722 0.2328
vn 0.0727 -0.0301 0.9969
vn 0.8539 -0.3537 0.3817
vn 0.7884 -0.3266 0.5213
vn 0.7034 -0.2914 0.6483
vn 0.6011 -0.2490 0.7594
vn 0.4838 -0.2004 0.8519
vn 0.7276 -0.4459 0.5213
vn 0.6492 -0.3978 0.6483
vn 0.5547 -0.3399 0.7594
vn 0.4465 -0.2736 0.8519
vn 0.3272 -0.2005 0.9235
vn 0.8500 -0.5209 0.0782
vn 0.1996 -0.1223 0.9722
vn 0.8292 -0.5082 0.2328
vn 0.0671 -0.0411 0.9969
vn 0.7881 -0.4829 0.3817
vn 0.2918 -0.2492 0.9235
vn 0.7581 -0.6475 0.0782
vn 0.1780 -0.1521 0.9722
vn 0.7395 -0.6316 0.2328
vn 0.0598 -0.0511 0.9969
vn 0.7028 -0.6003 0.3817
vn 0.6489 -0.5542 0.5213
vn 0.5790 -0.4945 0.6483
vn 0.4947 -0.4225 0.7594
vn 0.3982 -0.3401 0.8519
vn 0.5542 -0.6489 0.5213
vn 0.4945 -0.5790 0.6483
vn 0.4225 -0.4947 0.7594
vn 0.3401 -0.3982 0.8519
vn 0.2492 -0.2918 0.9235
vn 0.6475 -0.7581 0.0782
vn 0.1521 -0.1780 0.9722
vn 0.6316 -0.7395 0.2328
vn 0.0511 -0.0598 0.9969
vn 0.6003 -0.7028 0.3817
vn 0.2736 -0.4465 0.8519
vn 0.2005 -0.3271 0.9235
vn 0.5209 -0.8500 0.0782
vn 0.1223 -0.1996 0.9722
vn 0.5081 -0.8292 0.2328
vn 0.0411 -0.0671 0.9969
vn 0.4829 -0.7881 0.3817
vn 0.4459 -0.7276 0.5213
vn 0.3978 -0.6492 0.6483
vn 0.3399 -0.5547 0.7594
vn 0.3537 -0.8539 0.3817
vn 0.3266 -0.7884 0.5213
vn 0.2914 -0.7034 0.6483
vn 0.2490 -0.6011 0.7594
vn 0.2004 -0.4838 0.8519
vn 0.1468 -0.3545 0.9235
vn 0.3815 -0.9211 0.0782
vn 0.0896 -0.2163 0.9722
vn 0.3722 -0.8985 0.2328
vn 0.0301 -0.0727 0.9969
vn 0.1222 -0.5092 0.8519
vn 0.0896 -0.3731 0.9235
vn 0.2327 -0.9694 0.0782
vn 0.0547 -0.2277 0.9722
vn 0.2270 -0.9457 0.2328
vn 0.0184 -0.0765 0.9969
vn 0.2158 -0.8988 0.3817
vn 0.1992 -0.8298 0.5213
vn 0.1777 -0.7404 0.6483
vn 0.1519 -0.6326 0.7594
vn 0.0062 -0.0785 0.9969
vn 0.0725 -0.9214 0.3817
vn 0.0670 -0.8507 0.5213
vn 0.0597 -0.7590 0.6483
vn 0.0510 -0.6486 0.7594
vn 0.0411 -0.5221 0.8519
vn 0.0301 -0.3825 0.9235
vn 0.0782 -0.9939 0.0782
vn 0.0184 -0.2334 0.9722
vn 0.0763 -0.9695 0.2328
vn -0.1223 -0.5092 0.8519
vn -0.6486 -0.0510 0.7594
vn -0.2005 0.3272 0.9235
vn 0.5081 0.8292 0.2328
vn 0.5092 0.1223 0.8519
vn 0.8507 -0.0670 0.5213
vn 0.5092 -0.1223 0.8519
vn 0.9210 -0.3815 0.0782
vn 0.1780 -0.1520 0.9722
vn 0.2005 -0.3272 0.9235
vn 0.3815 -0.9210 0.0782
vn -0.2005 -0.3271 0.9235
vn -0.8292 0.5082 0.2328
vn 0.2005 0.3271 0.9235
vn 0.6476 0.7580 0.0782
vn -0.3271 0.2005 0.9235
vn -0.1223 0.5092 0.8519
vn 0.5082 -0.8292 0.2328
vn 0.1223 0.5092 0.8519
vn 0.3271 0.2005 0.9235
vn 0.0669 -0.8507 0.5213
vn -0.0785 -0.9969 -0.0000
vn -0.2334 -0.9724 -0.0000
vn -0.3827 -0.9239 -0.0000
vn -0.5225 -0.8526 -0.0000
vn -0.6494 -0.7604 -0.0000
vn -0.7604 -0.6494 -0.0000
vn -0.8526 -0.5225 -0.0000
vn -0.9239 -0.3827 -0.0000
vn -0.9724 -0.2334 -0.0000
vn -0.9969 -0.0785 -0.0000
vn -0.9969 0.0785 -0.0000
vn -0.9724 0.2334 -0.0000
vn -0.9239 0.3827 -0.0000
vn -0.8526 0.5225 -0.0000
vn -0.7604 0.6495 -0.0000
vn -0.6494 0.7604 -0.0000
vn -0.5225 0.8526 -0.0000
vn -0.3827 0.9239 -0.0000
vn -0.2334 0.9724 -0.0000
vn -0.0785 0.9969 -0.0000
vn 0.0785 0.9969 -0.0000
vn 0.2334 0.9724 -0.0000
vn 0.3827 0.9239 -0.0000
vn 0.5225 0.8526 -0.0000
vn 0.6494 0.7604 -0.0000
vn 0.7604 0.6494 -0.0000
vn 0.8526 0.5225 -0.0000
vn 0.9239 0.3827 -0.0000
vn 0.9724 0.2334 -0.0000
vn 0.9969 0.0785 -0.0000
vn 0.9969 -0.0784 -0.0000
vn 0.9724 -0.2334 -0.0000
vn 0.9239 -0.3827 -0.0000
vn 0.8526 -0.5225 -0.0000
vn 0.7604 -0.6494 -0.0000
vn 0.6494 -0.7604 -0.0000
vn 0.5225 -0.8526 -0.0000
vn 0.3827 -0.9239 -0.0000
vn 0.2334 -0.9724 -0.0000
vn 0.0785 -0.9969 -0.0000
vn -0.7604 -0.6495 -0.0000
vn -0.9969 -0.0784 -0.0000
vn -0.7604 0.6494 -0.0000
vn 0.9969 -0.0785 -0.0000
vn 0.9335 -0.3585 -0.0002
vn 0.8953 -0.4454 -0.0002
vn 0.9844 0.1757 -0.0002
vn 0.9986 -0.0526 -0.0001
vn 0.5736 0.8192 -0.0001
vn 0.0073 1.0000 -0.0004
vn -0.5154 0.8569 -0.0002
vn -0.7528 0.6582 -0.0002
vn -0.8188 0.5741 -0.0002
vn 0.8809 -0.4733 -0.0001
vn 0.8794 -0.4761 -0.0001
vn 0.8634 -0.5044 -0.0003
vn 0.8531 -0.5217 -0.0003
vn 0.8542 -0.5200 -0.0004
vn 0.8623 -0.5064 -0.0003
vn 0.8742 -0.4856 -0.0001
vn 0.9042 -0.4270 -0.0001
vn 0.9162 -0.4006 -0.0001
vn -0.8191 0.5736 -0.0002
vn -0.8192 0.5736 -0.0002
vn -0.8204 0.5718 -0.0002
vn -0.8259 0.5638 -0.0001
vn -0.8346 0.5509 -0.0001
vn 0.8743 -0.4854 -0.0002
vn 0.8650 -0.5018 -0.0002
vn 0.8559 -0.5172 -0.0003
vn 0.8553 -0.5182 -0.0003
vn 0.8599 -0.5105 -0.0001
vn 0.8669 -0.4985 0.0004
vn -0.8366 0.5478 -0.0001
vn -0.8301 0.5577 -0.0001
vn -0.8225 0.5688 -0.0001
vn -0.8191 0.5736 -0.0001
vn -0.8192 0.5736 -0.0001
vn -0.8343 0.5513 -0.0000
vn -0.8102 0.5862 -0.0000
vn 0.9974 0.0727 -0.0002
vn 0.9984 0.0571 -0.0002
vn 0.9524 -0.3047 -0.0000
vn 0.9999 -0.0138 -0.0001
vn 0.9962 0.0869 -0.0002
vn 0.8615 -0.5077 -0.0003
vn 0.8403 -0.5421 -0.0004
vn 0.8232 -0.5677 -0.0005
vn 0.8189 -0.5740 -0.0005
vn 0.8273 -0.5617 -0.0005
vn 0.9616 -0.2745 0.0001
vn -0.6710 0.7415 -0.0002
vn -0.3625 0.9320 -0.0004
vn -0.1835 0.9830 -0.0006
vn -0.1246 0.9922 -0.0004
vn 0.9190 -0.3942 -0.0002
vn 0.8702 -0.4927 -0.0002
vn 0.8167 -0.5770 -0.0003
vn 0.7659 -0.6429 -0.0003
vn 0.9839 -0.1787 -0.0003
vn 0.9786 -0.2060 -0.0003
vn 0.9639 -0.2662 -0.0002
vn 0.9997 -0.0244 -0.0002
vn 0.9998 -0.0221 -0.0002
vn 0.9965 -0.0833 -0.0003
vn 0.7142 -0.7000 -0.0002
vn 0.6813 -0.7320 -0.0001
vn 0.5407 -0.8412 -0.0003
vn 0.5659 -0.8245 -0.0004
vn 0.5520 -0.8339 -0.0004
vn 0.4435 -0.8963 -0.0002
vn 0.5467 -0.8373 -0.0002
vn 0.6733 -0.7394 -0.0003
vn 0.8018 -0.5976 -0.0003
vn 0.9222 -0.3866 -0.0002
vn 0.9524 -0.3050 -0.0002
vn 0.9261 -0.3772 -0.0002
vn 0.8818 -0.4716 -0.0003
vn 0.8187 -0.5742 -0.0002
vn 0.7194 -0.6946 -0.0002
vn 0.9769 -0.2135 -0.0003
vn 0.9798 -0.2000 -0.0003
vn 0.9865 -0.1636 -0.0001
vn 0.9791 -0.2032 -0.0003
vn 0.9940 -0.1097 -0.0002
vn 0.5456 -0.8380 -0.0002
vn 0.1490 -0.9888 -0.0002
vn 0.0300 -0.9996 -0.0001
vn -0.1957 -0.9807 -0.0001
vn -0.9830 0.1839 -0.0003
vn -0.9490 0.3152 -0.0003
vn -0.8125 0.5830 -0.0002
vn -0.5096 0.8604 -0.0002
vn -0.9931 0.1169 -0.0003
vn -0.9796 0.2008 -0.0002
vn -0.9832 0.1825 -0.0002
vn -0.2154 0.9765 -0.0001
vn -0.9978 -0.0661 0.0005
vn -0.9989 -0.0461 -0.0003
vn -0.8986 -0.4387 -0.0024
vn -0.5059 -0.8626 -0.0015
vn -0.0837 -0.9965 0.0017
vn -0.0134 -0.9999 -0.0003
vn -0.0489 -0.9988 -0.0003
vn -0.0369 -0.9993 0.0003
vn -0.3511 -0.9363 -0.0002
vn -0.2593 -0.9658 -0.0003
vn -0.1002 0.9950 -0.0002
vn -0.2452 -0.9695 -0.0003
vn -0.2642 -0.9645 -0.0002
vn 0.1583 0.9874 -0.0002
vn -0.3501 -0.9367 -0.0003
vn 0.3546 0.9350 -0.0000
vn -0.3999 -0.9166 -0.0003
vn -0.0003 -0.0000 -1.0000
vn 0.3876 0.9218 -0.0000
vn 0.3859 0.9225 -0.0000
vn 0.3072 0.9517 0.0001
vn -0.3480 -0.9375 -0.0005
vn -0.2765 -0.9610 -0.0001
vn 0.3897 0.9209 0.0001
vn -0.4816 -0.8764 -0.0001
vn 0.4883 0.8727 0.0007
vn -0.4737 -0.8807 -0.0002
vn 0.5375 0.8432 -0.0004
vn -0.4981 -0.8671 -0.0002
vn 0.8760 -0.4823 -0.0002
vn 0.8195 -0.5731 -0.0002
vn 0.9342 0.3569 -0.0002
vn 0.9816 -0.1911 -0.0002
vn -0.1712 0.9852 -0.0003
vn -0.3910 0.9204 -0.0001
vn -0.6561 0.7546 -0.0002
vn -0.7244 0.6894 -0.0003
vn 0.8192 -0.5736 -0.0002
vn 0.8179 -0.5754 -0.0002
vn 0.8122 -0.5834 -0.0002
vn 0.8031 -0.5959 -0.0001
vn -0.7691 0.6391 -0.0003
vn -0.7819 0.6234 -0.0004
vn -0.7809 0.6247 -0.0003
vn -0.7708 0.6371 -0.0001
vn -0.7552 0.6555 -0.0001
vn -0.7112 0.7030 -0.0002
vn -0.6898 0.7240 -0.0001
vn -0.7460 0.6659 -0.0001
vn -0.7479 0.6638 -0.0002
vn 0.8009 -0.5988 -0.0001
vn 0.8079 -0.5893 -0.0001
vn 0.8158 -0.5784 -0.0001
vn 0.8192 -0.5736 -0.0001
vn 0.8031 -0.5958 -0.0001
vn 0.8279 -0.5608 -0.0000
vn -0.7549 0.6559 -0.0002
vn -0.7673 0.6413 -0.0003
vn -0.7785 0.6276 -0.0003
vn -0.7809 0.6246 -0.0003
vn -0.7803 0.6254 -0.0001
vn -0.7741 0.6331 -0.0000
vn -0.7696 0.6386 -0.0003
vn 0.9718 0.2356 -0.0003
vn 0.5736 0.8191 -0.0002
vn 0.9263 -0.3769 -0.0002
vn 0.9996 -0.0284 -0.0003
vn 0.9877 0.1564 -0.0003
vn -0.7711 0.6368 -0.0004
vn -0.7967 0.6044 -0.0005
vn -0.8151 0.5794 -0.0005
vn -0.8194 0.5732 -0.0005
vn -0.8110 0.5850 -0.0002
vn 0.0002 -0.0000 -1.0000
vn -0.5804 0.8143 -0.0002
vn -0.5895 0.8078 0.0001
vn -0.6111 0.7915 -0.0002
vn -0.3542 0.9352 -0.0003
vn -0.2590 0.9659 -0.0002
vn -0.2727 0.9621 -0.0002
vn -0.2878 0.9577 -0.0002
vn -0.7473 -0.6645 -0.0002
vn -0.7597 -0.6502 -0.0000
vn -0.7549 -0.6559 0.0002
vn -0.5736 -0.8192 -0.0002
vn -0.9293 -0.3694 -0.0002
vn -0.9354 -0.3537 -0.0003
vn -0.9213 -0.3887 -0.0002
vn -0.9023 -0.4310 -0.0016
vn -0.6531 -0.7573 -0.0030
vn -0.0916 -0.9958 0.0009
vn 0.2987 -0.9543 -0.0009
vn 0.2988 -0.9543 -0.0004
vn 0.4495 -0.8933 -0.0003
vn 0.5236 -0.8520 -0.0002
vn 0.5072 -0.8618 -0.0002
vn 0.5100 -0.8602 -0.0003
vn 0.6204 -0.7843 -0.0004
vn 0.8286 -0.5598 -0.0004
vn 0.9830 -0.1838 -0.0002
vn 0.9919 0.1273 -0.0000
vn 0.5736 0.8191 -0.0004
vn -0.5485 -0.8362 -0.0003
vn 0.6105 0.7921 -0.0004
vn -0.5755 -0.8178 -0.0002
vn 0.6548 0.7558 -0.0003
vn -0.6267 -0.7792 -0.0002
vn 0.7854 0.6189 -0.0001
vn 0.7309 0.6824 -0.0003
vn -0.6764 -0.7366 -0.0002
vn 0.7339 0.6793 -0.0000
vn -0.8091 -0.5876 -0.0002
vn -0.6879 -0.7258 -0.0001
vn 0.7525 0.6586 -0.0000
vn -0.7797 -0.6262 -0.0002
vn 0.9664 0.2571 -0.0002
vn 0.8737 0.4864 -0.0003
vn -0.7671 -0.6415 -0.0003
vn -0.8611 -0.5084 -0.0001
vn -0.7998 -0.6003 -0.0002
vn -0.3647 0.9311 -0.0002
vn -0.3626 0.9319 -0.0003
vn -0.4191 0.9080 -0.0003
vn -0.5041 0.8636 -0.0002
vn -0.5280 0.8493 -0.0003
vn -0.5799 0.8147 -0.0002
vn -0.6848 0.7288 -0.0002
vn -0.7605 0.6494 -0.0003
vn -0.8216 0.5701 -0.0003
vn -0.8661 0.4999 -0.0003
vn -0.9737 0.2278 -0.0003
vn -0.9251 0.3798 -0.0003
vn -0.8356 0.5493 -0.0003
vn -0.6783 0.7348 -0.0003
vn -0.9683 0.2498 -0.0004
vn -0.9726 0.2324 -0.0002
vn -0.9939 0.1101 -0.0002
vn -0.9018 0.4322 -0.0002
vn -0.9214 0.3886 -0.0000
vn -0.9725 0.2329 0.0004
vn -0.5258 0.8506 -0.0003
vn -0.4431 0.8965 -0.0002
vn -0.5348 0.8450 -0.0003
vn -0.5235 0.8520 -0.0003
vn -0.5043 0.8635 -0.0001
vn -0.4914 0.8709 -0.0003
vn -0.4992 0.8665 -0.0000
vn -0.6120 0.7908 -0.0002
vn -0.6705 0.7419 -0.0003
vn -0.7455 0.6665 -0.0002
vn -0.8196 0.5730 -0.0002
vn -0.8984 0.4391 -0.0003
vn -0.8649 -0.5020 -0.0002
vn -0.9596 -0.2812 -0.0002
vn -0.8806 -0.4738 -0.0003
vn -0.9726 0.2326 -0.0002
vn -0.9889 -0.1487 -0.0003
vn -0.0035 0.1739 -0.9848
vn 0.8441 -0.1228 0.5219
vn -0.3057 0.1762 -0.9357
vn -0.7376 0.1433 -0.6598
vn -0.0183 0.1744 -0.9845
vn 0.9353 -0.0943 0.3411
vn -0.0347 0.1749 -0.9840
vn -0.0754 0.1759 -0.9815
vn 0.0391 0.1722 -0.9843
vn -0.0042 0.1739 -0.9848
vn 0.8311 0.0671 -0.5521
vn -0.2237 0.1772 -0.9584
vn -0.0636 0.5010 -0.8631
vn 0.0510 0.4982 -0.8656
vn 0.0076 0.5000 -0.8660
vn 0.8378 0.2500 -0.4855
vn -0.2122 0.4946 -0.8428
vn 0.0084 0.5000 -0.8660
vn 0.8378 -0.2956 0.4589
vn -0.2944 0.4861 -0.8228
vn -0.7297 0.3618 -0.5803
vn -0.0064 0.5004 -0.8658
vn 0.9312 -0.2072 0.3000
vn -0.0228 0.5007 -0.8653
vn -0.2852 0.7387 -0.6107
vn -0.7232 0.5400 -0.4307
vn 0.0033 0.7662 -0.6426
vn 0.9278 -0.2993 0.2226
vn -0.0131 0.7664 -0.6423
vn -0.0540 0.7660 -0.6406
vn 0.0606 0.7639 -0.6424
vn 0.0173 0.7659 -0.6427
vn 0.8432 0.3990 -0.3603
vn -0.2027 0.7534 -0.6256
vn 0.0180 0.7659 -0.6428
vn 0.8327 -0.4365 0.3406
vn 0.8467 0.4963 -0.1917
vn -0.1966 0.9223 -0.3328
vn 0.0244 0.9394 -0.3420
vn 0.8294 -0.5285 0.1812
vn -0.2792 0.9036 -0.3249
vn -0.7189 0.6562 -0.2292
vn 0.0096 0.9397 -0.3419
vn 0.9256 -0.3594 0.1185
vn -0.0068 0.9398 -0.3417
vn -0.0477 0.9389 -0.3409
vn 0.0670 0.9374 -0.3418
vn 0.0237 0.9394 -0.3420
vn -0.0046 1.0000 -0.0000
vn -0.0455 0.9990 -0.0000
vn 0.0692 0.9976 -0.0000
vn 0.0258 0.9997 -0.0000
vn 0.8480 0.5301 -0.0000
vn -0.1944 0.9809 -0.0000
vn 0.0265 0.9996 -0.0000
vn 0.8282 -0.5604 -0.0000
vn -0.2771 0.9608 -0.0000
vn -0.7175 0.6966 -0.0000
vn 0.0118 0.9999 -0.0000
vn 0.9249 -0.3803 -0.0000
vn 0.8294 -0.5285 -0.1812
vn -0.2792 0.9036 0.3249
vn -0.7189 0.6562 0.2292
vn 0.0096 0.9397 0.3419
vn 0.9256 -0.3594 -0.1185
vn -0.0068 0.9398 0.3418
vn -0.0477 0.9389 0.3409
vn 0.0670 0.9374 0.3418
vn 0.0237 0.9394 0.3420
vn 0.8467 0.4963 0.1917
vn -0.1966 0.9223 0.3329
vn 0.0244 0.9394 0.3420
vn 0.0173 0.7659 0.6428
vn 0.8432 0.3990 0.3603
vn -0.2027 0.7534 0.6256
vn 0.0180 0.7659 0.6428
vn 0.8327 -0.4365 -0.3406
vn -0.2852 0.7387 0.6107
vn -0.7232 0.5399 0.4307
vn 0.0033 0.7662 0.6426
vn 0.9278 -0.2993 -0.2227
vn -0.0131 0.7664 0.6422
vn -0.0539 0.7659 0.6406
vn 0.0607 0.7639 0.6424
vn 0.9312 -0.2072 -0.3000
vn -0.0228 0.5007 0.8653
vn -0.0636 0.5010 0.8631
vn 0.0510 0.4982 0.8656
vn 0.0077 0.5000 0.8660
vn 0.8378 0.2500 0.4855
vn -0.2122 0.4946 0.8428
vn 0.0084 0.5000 0.8660
vn 0.8378 -0.2956 -0.4589
vn -0.2944 0.4861 0.8228
vn -0.7296 0.3618 0.5803
vn -0.0064 0.5004 0.8658
vn -0.0035 0.1739 0.9848
vn 0.8441 -0.1228 -0.5219
vn -0.3057 0.1762 0.9357
vn -0.7376 0.1433 0.6599
vn -0.0183 0.1744 0.9845
vn 0.9353 -0.0942 -0.3411
vn -0.0347 0.1749 0.9840
vn -0.0754 0.1759 0.9815
vn 0.0391 0.1722 0.9843
vn -0.0042 0.1739 0.9848
vn 0.8311 0.0671 0.5521
vn -0.2237 0.1773 0.9584
vn -0.0169 -0.1731 0.9848
vn 0.8240 -0.1274 0.5521
vn -0.2360 -0.1605 0.9584
vn -0.0162 -0.1732 0.9848
vn 0.8508 0.0611 -0.5219
vn -0.3177 -0.1535 0.9357
vn -0.7461 -0.0893 0.6599
vn -0.0309 -0.1726 0.9845
vn 0.9397 0.0260 -0.3411
vn -0.0473 -0.1719 0.9840
vn -0.0880 -0.1700 0.9815
vn 0.0265 -0.1746 0.9843
vn -0.0428 -0.4986 0.8658
vn 0.9438 0.1389 -0.3000
vn -0.0592 -0.4978 0.8653
vn -0.0999 -0.4950 0.8631
vn 0.0146 -0.5006 0.8656
vn -0.0287 -0.4993 0.8660
vn 0.8173 -0.3102 0.4855
vn -0.2476 -0.4779 0.8428
vn -0.0280 -0.4993 0.8660
vn 0.8571 0.2339 -0.4589
vn -0.3290 -0.4634 0.8228
vn -0.7540 -0.3078 0.5803
vn -0.0377 -0.7651 0.6428
vn 0.8623 0.3748 -0.3406
vn -0.3382 -0.7160 0.6107
vn -0.7605 -0.4859 0.4307
vn -0.0525 -0.7644 0.6426
vn 0.9471 0.2310 -0.2227
vn -0.0688 -0.7634 0.6423
vn -0.1095 -0.7600 0.6406
vn 0.0049 -0.7663 0.6424
vn -0.0384 -0.7651 0.6428
vn 0.8119 -0.4593 0.3603
vn -0.2570 -0.7366 0.6255
vn -0.0014 -0.9398 0.3418
vn -0.0447 -0.9386 0.3420
vn 0.8084 -0.5566 0.1917
vn -0.2631 -0.9055 0.3329
vn -0.0440 -0.9387 0.3420
vn 0.8656 0.4668 -0.1812
vn -0.3442 -0.8809 0.3250
vn -0.7648 -0.6022 0.2292
vn -0.0588 -0.9379 0.3419
vn 0.9493 0.2911 -0.1185
vn -0.0751 -0.9368 0.3417
vn -0.1158 -0.9329 0.3409
vn -0.0610 -0.9981 -0.0000
vn 0.9501 0.3120 -0.0000
vn -0.0773 -0.9970 -0.0000
vn -0.1180 -0.9930 -0.0000
vn -0.0036 -1.0000 -0.0000
vn -0.0469 -0.9989 -0.0000
vn 0.8071 -0.5904 -0.0000
vn -0.2653 -0.9642 -0.0000
vn -0.0462 -0.9989 -0.0000
vn 0.8668 0.4987 -0.0000
vn -0.3463 -0.9381 -0.0000
vn -0.7662 -0.6426 -0.0000
vn -0.2631 -0.9055 -0.3328
vn -0.0440 -0.9387 -0.3420
vn 0.8656 0.4668 0.1812
vn -0.3442 -0.8809 -0.3250
vn -0.7648 -0.6022 -0.2292
vn -0.0588 -0.9379 -0.3419
vn 0.9493 0.2911 0.1185
vn -0.0751 -0.9368 -0.3417
vn -0.1158 -0.9329 -0.3409
vn -0.0014 -0.9398 -0.3418
vn -0.0447 -0.9386 -0.3420
vn 0.8084 -0.5566 -0.1917
vn 0.0049 -0.7663 -0.6424
vn -0.0384 -0.7651 -0.6428
vn 0.8119 -0.4593 -0.3603
vn -0.2570 -0.7366 -0.6256
vn -0.0377 -0.7651 -0.6428
vn 0.8623 0.3748 0.3406
vn -0.3382 -0.7160 -0.6107
vn -0.7605 -0.4859 -0.4307
vn -0.0525 -0.7644 -0.6426
vn 0.9471 0.2311 0.2226
vn -0.0688 -0.7634 -0.6423
vn -0.1095 -0.7600 -0.6406
vn -0.7540 -0.3078 -0.5803
vn -0.0428 -0.4986 -0.8658
vn 0.9438 0.1389 0.3000
vn -0.0592 -0.4978 -0.8653
vn -0.0999 -0.4950 -0.8631
vn 0.0146 -0.5006 -0.8656
vn -0.0287 -0.4993 -0.8660
vn 0.8173 -0.3102 -0.4855
vn -0.2476 -0.4779 -0.8428
vn -0.0280 -0.4993 -0.8660
vn 0.8571 0.2339 0.4589
vn -0.3290 -0.4634 -0.8228
vn -0.2360 -0.1605 -0.9584
vn -0.0162 -0.1732 -0.9848
vn 0.8508 0.0611 0.5219
vn -0.3177 -0.1535 -0.9357
vn -0.7461 -0.0893 -0.6599
vn -0.0309 -0.1726 -0.9845
vn 0.9397 0.0260 0.3411
vn -0.0473 -0.1719 -0.9840
vn -0.0880 -0.1700 -0.9815
vn 0.0265 -0.1746 -0.9843
vn -0.0169 -0.1731 -0.9848
vn 0.8240 -0.1274 -0.5521
vn 0.0209 0.1727 0.9848
vn -0.8522 -0.0379 -0.5219
vn 0.3217 0.1448 0.9357
vn 0.7482 0.0689 0.6599
vn 0.0356 0.1717 0.9845
vn -0.9400 -0.0004 -0.3411
vn 0.0519 0.1705 0.9840
vn 0.0926 0.1675 0.9815
vn -0.0217 0.1753 0.9843
vn 0.0216 0.1726 0.9848
vn -0.8202 0.1498 0.5521
vn 0.2403 0.1540 0.9584
vn 0.1133 0.4921 0.8631
vn -0.0010 0.5008 0.8656
vn 0.0423 0.4983 0.8660
vn -0.8086 0.3324 0.4855
vn 0.2605 0.4710 0.8428
vn 0.0416 0.4983 0.8660
vn -0.8632 -0.2105 -0.4589
vn 0.3415 0.4543 0.8228
vn 0.7621 0.2871 0.5803
vn 0.0563 0.4973 0.8658
vn -0.9472 -0.1132 -0.3000
vn 0.0727 0.4960 0.8653
vn 0.3575 0.7065 0.6107
vn 0.7735 0.4650 0.4307
vn 0.0732 0.7627 0.6426
vn -0.9531 -0.2052 -0.2227
vn 0.0896 0.7613 0.6422
vn 0.1302 0.7567 0.6406
vn 0.0159 0.7662 0.6424
vn 0.0592 0.7638 0.6427
vn -0.7991 0.4812 0.3603
vn 0.2769 0.7294 0.6256
vn 0.0585 0.7638 0.6428
vn -0.8721 -0.3512 -0.3406
vn -0.7929 0.5784 0.1917
vn 0.2877 0.8980 0.3329
vn 0.0696 0.9371 0.3420
vn -0.8780 -0.4430 -0.1812
vn 0.3680 0.8712 0.3250
vn 0.7809 0.5812 0.2292
vn 0.0843 0.9359 0.3419
vn -0.9569 -0.2652 -0.1185
vn 0.1006 0.9344 0.3417
vn 0.1412 0.9295 0.3409
vn 0.0270 0.9394 0.3418
vn 0.0703 0.9371 0.3420
vn 0.1044 0.9945 -0.0000
vn 0.1450 0.9894 -0.0000
vn 0.0308 0.9995 -0.0000
vn 0.0741 0.9973 -0.0000
vn -0.7908 0.6121 -0.0000
vn 0.2914 0.9566 -0.0000
vn 0.0734 0.9973 -0.0000
vn -0.8800 -0.4749 -0.0000
vn 0.3717 0.9284 -0.0000
vn 0.7834 0.6215 -0.0000
vn 0.0881 0.9961 -0.0000
vn -0.9582 -0.2860 -0.0000
vn -0.8780 -0.4430 0.1812
vn 0.3680 0.8712 -0.3249
vn 0.7809 0.5812 -0.2292
vn 0.0843 0.9359 -0.3419
vn -0.9569 -0.2652 0.1185
vn 0.1006 0.9344 -0.3417
vn 0.1412 0.9294 -0.3409
vn 0.0270 0.9394 -0.3418
vn 0.0703 0.9371 -0.3420
vn -0.7929 0.5784 -0.1917
vn 0.2877 0.8980 -0.3328
vn 0.0696 0.9371 -0.3420
vn 0.0592 0.7638 -0.6428
vn -0.7991 0.4812 -0.3603
vn 0.2770 0.7294 -0.6255
vn 0.0585 0.7638 -0.6428
vn -0.8721 -0.3512 0.3406
vn 0.3575 0.7065 -0.6107
vn 0.7735 0.4650 -0.4307
vn 0.0733 0.7627 -0.6426
vn -0.9531 -0.2052 0.2227
vn 0.0896 0.7613 -0.6422
vn 0.1302 0.7567 -0.6406
vn 0.0159 0.7662 -0.6424
vn -0.9472 -0.1132 0.3000
vn 0.0727 0.4960 -0.8653
vn 0.1133 0.4921 -0.8631
vn -0.0010 0.5008 -0.8656
vn 0.0423 0.4983 -0.8660
vn -0.8086 0.3324 -0.4855
vn 0.2605 0.4710 -0.8428
vn 0.0416 0.4983 -0.8660
vn -0.8632 -0.2105 0.4589
vn 0.3415 0.4543 -0.8228
vn 0.7621 0.2871 -0.5803
vn 0.0563 0.4973 -0.8658
vn 0.0209 0.1727 -0.9848
vn -0.8522 -0.0379 0.5219
vn 0.3218 0.1448 -0.9357
vn 0.7482 0.0689 -0.6598
vn 0.0356 0.1717 -0.9845
vn -0.9400 -0.0004 0.3411
vn 0.0520 0.1705 -0.9840
vn 0.0926 0.1675 -0.9815
vn -0.0217 0.1753 -0.9843
vn 0.0216 0.1726 -0.9848
vn -0.8202 0.1498 -0.5521
vn 0.2403 0.1540 -0.9584
vn -0.0005 -0.1740 -0.9848
vn -0.8326 -0.0445 -0.5521
vn 0.2188 -0.1833 -0.9584
vn -0.0012 -0.1739 -0.9848
vn -0.8405 0.1457 0.5219
vn 0.3008 -0.1845 -0.9357
vn 0.7334 -0.1633 -0.6599
vn 0.0135 -0.1748 -0.9845
vn -0.9324 0.1197 0.3411
vn 0.0299 -0.1758 -0.9840
vn 0.0706 -0.1779 -0.9815
vn -0.0438 -0.1711 -0.9843
vn -0.0072 -0.5004 -0.8658
vn -0.9252 0.2325 0.3000
vn 0.0092 -0.5012 -0.8653
vn 0.0499 -0.5025 -0.8631
vn -0.0645 -0.4966 -0.8656
vn -0.0213 -0.4996 -0.8660
vn -0.8442 -0.2271 -0.4855
vn 0.1986 -0.5002 -0.8428
vn -0.0220 -0.4996 -0.8660
vn -0.8295 0.3183 0.4589
vn 0.2811 -0.4939 -0.8228
vn 0.7195 -0.3815 -0.5803
vn -0.0389 -0.7651 -0.6428
vn -0.8205 0.4590 0.3406
vn 0.2650 -0.7462 -0.6107
vn 0.7082 -0.5594 -0.4307
vn -0.0241 -0.7658 -0.6426
vn -0.9193 0.3245 0.2227
vn -0.0077 -0.7665 -0.6422
vn 0.0331 -0.7671 -0.6406
vn -0.0814 -0.7620 -0.6424
vn -0.0382 -0.7651 -0.6428
vn -0.8537 -0.3759 -0.3603
vn 0.1822 -0.7586 -0.6256
vn -0.0925 -0.9352 -0.3419
vn -0.0492 -0.9384 -0.3420
vn -0.8599 -0.4731 -0.1917
vn 0.1714 -0.9273 -0.3328
vn -0.0499 -0.9384 -0.3420
vn -0.8147 0.5509 0.1812
vn 0.2545 -0.9108 -0.3249
vn 0.7008 -0.6755 -0.2292
vn -0.0352 -0.9391 -0.3419
vn -0.9155 0.3845 0.1185
vn -0.0188 -0.9396 -0.3417
vn 0.0221 -0.9399 -0.3409
vn -0.0390 -0.9992 -0.0000
vn -0.9142 0.4053 -0.0000
vn -0.0226 -0.9997 -0.0000
vn 0.0183 -0.9998 -0.0000
vn -0.0963 -0.9954 -0.0000
vn -0.0530 -0.9986 -0.0000
vn -0.8621 -0.5068 -0.0000
vn 0.1677 -0.9858 -0.0000
vn -0.0537 -0.9986 -0.0000
vn -0.8126 0.5828 -0.0000
vn 0.2509 -0.9680 -0.0000
vn 0.6982 -0.7159 -0.0000
vn 0.1714 -0.9273 0.3328
vn -0.0499 -0.9384 0.3420
vn -0.8147 0.5509 -0.1812
vn 0.2545 -0.9108 0.3250
vn 0.7008 -0.6755 0.2292
vn -0.0352 -0.9391 0.3419
vn -0.9155 0.3845 -0.1185
vn -0.0188 -0.9396 0.3417
vn 0.0221 -0.9399 0.3409
vn -0.0925 -0.9352 0.3418
vn -0.0492 -0.9384 0.3420
vn -0.8599 -0.4731 0.1917
vn -0.0814 -0.7620 0.6424
vn -0.0382 -0.7651 0.6427
vn -0.8537 -0.3759 0.3603
vn 0.1822 -0.7586 0.6255
vn -0.0389 -0.7651 0.6428
vn -0.8205 0.4590 -0.3406
vn 0.2650 -0.7462 0.6107
vn 0.7082 -0.5594 0.4307
vn -0.0241 -0.7658 0.6426
vn -0.9193 0.3245 -0.2227
vn -0.0077 -0.7665 0.6422
vn 0.0331 -0.7671 0.6406
vn 0.7195 -0.3815 0.5803
vn -0.0072 -0.5004 0.8658
vn -0.9252 0.2325 -0.3000
vn 0.0092 -0.5012 0.8653
vn 0.0499 -0.5025 0.8631
vn -0.0645 -0.4966 0.8656
vn -0.0213 -0.4996 0.8660
vn -0.8442 -0.2271 0.4855
vn 0.1986 -0.5002 0.8428
vn -0.0220 -0.4996 0.8660
vn -0.8295 0.3183 -0.4589
vn 0.2811 -0.4939 0.8228
vn 0.2188 -0.1833 0.9584
vn -0.0012 -0.1739 0.9848
vn -0.8405 0.1458 -0.5219
vn 0.3008 -0.1845 0.9357
vn 0.7334 -0.1633 0.6599
vn 0.0135 -0.1748 0.9845
vn -0.9324 0.1197 -0.3411
vn 0.0299 -0.1758 0.9840
vn 0.0706 -0.1779 0.9815
vn -0.0438 -0.1711 0.9843
vn -0.0005 -0.1740 0.9848
vn -0.8326 -0.0445 0.5521
vn -0.0275 0.1717 -0.9848
vn 0.8530 -0.0051 0.5219
vn -0.3271 0.1323 -0.9357
vn -0.7503 0.0401 -0.6598
vn -0.0422 0.1702 -0.9845
vn 0.9393 0.0358 0.3411
vn -0.0585 0.1684 -0.9840
vn -0.0990 0.1638 -0.9815
vn 0.0149 0.1760 -0.9843
vn -0.0282 0.1717 -0.9848
vn 0.8139 0.1812 -0.5521
vn -0.2460 0.1447 -0.9584
vn -0.1322 0.4874 -0.8631
vn -0.0183 0.5005 -0.8656
vn -0.0615 0.4963 -0.8660
vn 0.7952 0.3632 -0.4855
vn -0.2784 0.4606 -0.8428
vn -0.0608 0.4964 -0.8660
vn 0.8706 -0.1772 0.4589
vn -0.3587 0.4408 -0.8228
vn -0.7726 0.2576 -0.5803
vn -0.0754 0.4947 -0.8658
vn 0.9509 -0.0767 0.3000
vn -0.0917 0.4928 -0.8653
vn -0.3845 0.6923 -0.6107
vn -0.7908 0.4349 -0.4307
vn -0.1025 0.7593 -0.6426
vn 0.9603 -0.1683 0.2227
vn -0.1188 0.7572 -0.6422
vn -0.1592 0.7512 -0.6406
vn -0.0454 0.7650 -0.6424
vn -0.0886 0.7609 -0.6428
vn 0.7800 0.5116 -0.3603
vn -0.3048 0.7182 -0.6256
vn -0.0879 0.7610 -0.6428
vn 0.8850 -0.3174 0.3406
vn 0.7701 0.6084 -0.1917
vn -0.3220 0.8863 -0.3328
vn -0.1056 0.9337 -0.3420
vn 0.8944 -0.4089 0.1812
vn -0.4013 0.8564 -0.3249
vn -0.8026 0.5507 -0.2292
vn -0.1202 0.9320 -0.3419
vn 0.9664 -0.2282 0.1185
vn -0.1365 0.9298 -0.3417
vn -0.1768 0.9233 -0.3409
vn -0.0631 0.9376 -0.3418
vn -0.1063 0.9337 -0.3420
vn -0.1426 0.9898 -0.0000
vn -0.1829 0.9831 -0.0000
vn -0.0692 0.9976 -0.0000
vn -0.1124 0.9937 -0.0000
vn 0.7667 0.6421 -0.0000
vn -0.3280 0.9447 -0.0000
vn -0.1117 0.9937 -0.0000
vn 0.8976 -0.4407 -0.0000
vn -0.4071 0.9134 -0.0000
vn -0.8068 0.5909 -0.0000
vn -0.1264 0.9920 -0.0000
vn 0.9685 -0.2490 -0.0000
vn 0.8944 -0.4089 -0.1812
vn -0.4013 0.8564 0.3249
vn -0.8026 0.5507 0.2292
vn -0.1202 0.9320 0.3419
vn 0.9664 -0.2282 -0.1185
vn -0.1365 0.9298 0.3418
vn -0.1768 0.9233 0.3409
vn -0.0631 0.9376 0.3418
vn -0.1063 0.9337 0.3420
vn 0.7701 0.6084 0.1917
vn -0.3220 0.8863 0.3329
vn -0.1056 0.9338 0.3420
vn -0.0886 0.7609 0.6427
vn 0.7800 0.5116 0.3603
vn -0.3048 0.7182 0.6255
vn -0.0879 0.7610 0.6428
vn 0.8850 -0.3174 -0.3406
vn -0.3844 0.6922 0.6107
vn -0.7908 0.4349 0.4307
vn -0.1025 0.7593 0.6426
vn 0.9602 -0.1684 -0.2227
vn -0.1188 0.7572 0.6422
vn -0.1592 0.7512 0.6406
vn -0.0454 0.7650 0.6424
vn 0.9509 -0.0767 -0.3000
vn -0.0917 0.4928 0.8653
vn -0.1322 0.4874 0.8631
vn -0.0183 0.5005 0.8656
vn -0.0615 0.4963 0.8660
vn 0.7952 0.3632 0.4855
vn -0.2784 0.4606 0.8428
vn -0.0608 0.4964 0.8660
vn 0.8706 -0.1772 -0.4589
vn -0.3587 0.4408 0.8228
vn -0.7726 0.2576 0.5803
vn -0.0754 0.4947 0.8658
vn -0.0275 0.1717 0.9848
vn 0.8530 -0.0051 -0.5219
vn -0.3271 0.1323 0.9357
vn -0.7503 0.0401 0.6599
vn -0.0422 0.1702 0.9845
vn 0.9393 0.0358 -0.3411
vn -0.0585 0.1684 0.9840
vn -0.0990 0.1638 0.9815
vn 0.0150 0.1760 0.9843
vn -0.0282 0.1717 0.9848
vn 0.8139 0.1812 0.5521
vn -0.2460 0.1447 0.9584
vn 0.0072 -0.1738 0.9848
vn 0.8337 -0.0124 0.5521
vn -0.2116 -0.1916 0.9584
vn 0.0079 -0.1737 0.9848
vn 0.8342 0.1780 -0.5219
vn -0.2935 -0.1959 0.9357
vn -0.7266 -0.1914 0.6599
vn -0.0068 -0.1752 0.9845
vn 0.9271 0.1554 -0.3411
vn -0.0231 -0.1768 0.9840
vn -0.0637 -0.1805 0.9815
vn 0.0503 -0.1693 0.9843
vn 0.0265 -0.4997 0.8658
vn 0.9156 0.2679 -0.3000
vn 0.0101 -0.5012 0.8653
vn -0.0306 -0.5041 0.8631
vn 0.0836 -0.4938 0.8656
vn 0.0405 -0.4984 0.8660
vn 0.8524 -0.1945 0.4855
vn -0.1792 -0.5075 0.8428
vn 0.0412 -0.4984 0.8660
vn 0.8166 0.3500 -0.4589
vn -0.2618 -0.5044 0.8228
vn -0.7043 -0.4089 0.5803
vn 0.0683 -0.7630 0.6428
vn 0.8023 0.4903 -0.3406
vn -0.2361 -0.7558 0.6107
vn -0.6862 -0.5863 0.4307
vn 0.0536 -0.7643 0.6426
vn 0.9062 0.3596 -0.2227
vn 0.0372 -0.7656 0.6423
vn -0.0035 -0.7678 0.6406
vn 0.1107 -0.7583 0.6424
vn 0.0676 -0.7631 0.6428
vn 0.8676 -0.3428 0.3603
vn -0.1528 -0.7651 0.6256
vn 0.1284 -0.9310 0.3418
vn 0.0853 -0.9358 0.3420
vn 0.8775 -0.4396 0.1917
vn -0.1356 -0.9332 0.3329
vn 0.0860 -0.9358 0.3420
vn 0.7929 0.5818 -0.1813
vn -0.2193 -0.9200 0.3250
vn -0.6743 -0.7020 0.2292
vn 0.0713 -0.9370 0.3419
vn 0.9000 0.4194 -0.1185
vn 0.0549 -0.9382 0.3417
vn 0.0141 -0.9400 0.3409
vn 0.0774 -0.9970 -0.0000
vn 0.8979 0.4402 -0.0000
vn 0.0611 -0.9981 -0.0000
vn 0.0202 -0.9998 -0.0000
vn 0.1345 -0.9909 -0.0000
vn 0.0914 -0.9958 -0.0000
vn 0.8809 -0.4733 -0.0000
vn -0.1296 -0.9916 -0.0000
vn 0.0921 -0.9957 -0.0000
vn 0.7896 0.6136 -0.0000
vn -0.2134 -0.9770 -0.0000
vn -0.6702 -0.7422 -0.0000
vn -0.1356 -0.9332 -0.3328
vn 0.0860 -0.9358 -0.3420
vn 0.7929 0.5818 0.1812
vn -0.2193 -0.9200 -0.3250
vn -0.6743 -0.7020 -0.2292
vn 0.0713 -0.9370 -0.3419
vn 0.9000 0.4194 0.1185
vn 0.0549 -0.9382 -0.3417
vn 0.0141 -0.9400 -0.3409
vn 0.1284 -0.9309 -0.3419
vn 0.0853 -0.9358 -0.3420
vn 0.8775 -0.4396 -0.1917
vn 0.1107 -0.7583 -0.6424
vn 0.0676 -0.7631 -0.6428
vn 0.8676 -0.3428 -0.3603
vn -0.1528 -0.7651 -0.6255
vn 0.0683 -0.7630 -0.6427
vn 0.8023 0.4903 0.3406
vn -0.2361 -0.7558 -0.6107
vn -0.6862 -0.5863 -0.4307
vn 0.0536 -0.7643 -0.6426
vn 0.9062 0.3596 0.2227
vn 0.0372 -0.7656 -0.6423
vn -0.0036 -0.7678 -0.6406
vn -0.7043 -0.4089 -0.5803
vn 0.0265 -0.4998 -0.8658
vn 0.9156 0.2679 0.3000
vn 0.0101 -0.5012 -0.8653
vn -0.0306 -0.5041 -0.8631
vn 0.0836 -0.4938 -0.8656
vn 0.0405 -0.4984 -0.8660
vn 0.8524 -0.1944 -0.4855
vn -0.1792 -0.5075 -0.8428
vn 0.0412 -0.4984 -0.8660
vn 0.8166 0.3500 0.4589
vn -0.2619 -0.5044 -0.8228
vn -0.2116 -0.1916 -0.9584
vn 0.0079 -0.1737 -0.9848
vn 0.8343 0.1780 0.5219
vn -0.2935 -0.1959 -0.9357
vn -0.7266 -0.1914 -0.6598
vn -0.0068 -0.1752 -0.9845
vn 0.9271 0.1555 0.3411
vn -0.0231 -0.1768 -0.9840
vn -0.0637 -0.1805 -0.9815
vn 0.0503 -0.1693 -0.9843
vn 0.0072 -0.1738 -0.9848
vn 0.8337 -0.0124 -0.5521
vn 0.0111 0.1736 0.9848
vn -0.8487 -0.0860 -0.5219
vn 0.3131 0.1628 0.9357
vn 0.7431 0.1111 0.6599
vn 0.0258 0.1734 0.9845
vn -0.9385 -0.0535 -0.3411
vn 0.0422 0.1732 0.9840
vn 0.0830 0.1725 0.9815
vn -0.0316 0.1738 0.9843
vn 0.0118 0.1736 0.9848
vn -0.8274 0.1032 0.5521
vn 0.2312 0.1673 0.9584
vn 0.0853 0.4977 0.8631
vn -0.0292 0.4999 0.8656
vn 0.0141 0.4999 0.8660
vn -0.8261 0.2862 0.4855
vn 0.2335 0.4849 0.8428
vn 0.0134 0.4999 0.8660
vn -0.8499 -0.2589 -0.4589
vn 0.3153 0.4728 0.8228
vn 0.7447 0.3297 0.5803
vn 0.0282 0.4997 0.8658
vn -0.9393 -0.1665 -0.3000
vn 0.0446 0.4993 0.8653
vn 0.3171 0.7256 0.6107
vn 0.7460 0.5080 0.4307
vn 0.0301 0.7656 0.6426
vn -0.9400 -0.2587 -0.2227
vn 0.0465 0.7651 0.6422
vn 0.0872 0.7629 0.6406
vn -0.0274 0.7658 0.6424
vn 0.0160 0.7659 0.6428
vn -0.8250 0.4353 0.3603
vn 0.2353 0.7438 0.6256
vn 0.0153 0.7659 0.6428
vn -0.8509 -0.3999 -0.3406
vn -0.8243 0.5327 0.1917
vn 0.2365 0.9128 0.3328
vn 0.0165 0.9396 0.3420
vn -0.8516 -0.4919 -0.1813
vn 0.3183 0.8906 0.3249
vn 0.7468 0.6243 0.2292
vn 0.0313 0.9392 0.3419
vn -0.9404 -0.3188 -0.1185
vn 0.0477 0.9386 0.3417
vn 0.0885 0.9359 0.3409
vn -0.0261 0.9394 0.3418
vn 0.0172 0.9395 0.3420
vn 0.0481 0.9988 -0.0000
vn 0.0889 0.9960 -0.0000
vn -0.0257 0.9997 -0.0000
vn 0.0177 0.9998 -0.0000
vn -0.8241 0.5665 -0.0000
vn 0.2369 0.9715 -0.0000
vn 0.0170 0.9999 -0.0000
vn -0.8518 -0.5239 -0.0000
vn 0.3187 0.9479 -0.0000
vn 0.7471 0.6647 -0.0000
vn 0.0317 0.9995 -0.0000
vn -0.9405 -0.3397 -0.0000
vn -0.8516 -0.4919 0.1812
vn 0.3183 0.8906 -0.3249
vn 0.7468 0.6243 -0.2292
vn 0.0313 0.9392 -0.3419
vn -0.9404 -0.3188 0.1185
vn 0.0477 0.9386 -0.3417
vn 0.0885 0.9359 -0.3409
vn -0.0261 0.9394 -0.3418
vn 0.0173 0.9395 -0.3420
vn -0.8243 0.5327 -0.1917
vn 0.2365 0.9128 -0.3328
vn 0.0165 0.9395 -0.3420
vn 0.0160 0.7659 -0.6428
vn -0.8250 0.4353 -0.3603
vn 0.2353 0.7438 -0.6256
vn 0.0153 0.7659 -0.6428
vn -0.8509 -0.3999 0.3406
vn 0.3171 0.7256 -0.6107
vn 0.7460 0.5080 -0.4307
vn 0.0301 0.7656 -0.6426
vn -0.9400 -0.2587 0.2226
vn 0.0465 0.7651 -0.6422
vn 0.0872 0.7629 -0.6406
vn -0.0273 0.7658 -0.6425
vn -0.9393 -0.1665 0.3000
vn 0.0446 0.4993 -0.8653
vn 0.0853 0.4977 -0.8631
vn -0.0292 0.5000 -0.8656
vn 0.0141 0.4999 -0.8660
vn -0.8261 0.2862 -0.4855
vn 0.2335 0.4849 -0.8428
vn 0.0134 0.4999 -0.8660
vn -0.8499 -0.2589 0.4589
vn 0.3153 0.4728 -0.8228
vn 0.7447 0.3297 -0.5803
vn 0.0282 0.4997 -0.8658
vn 0.0111 0.1736 -0.9848
vn -0.8487 -0.0860 0.5219
vn 0.3131 0.1628 -0.9357
vn 0.7431 0.1111 -0.6598
vn 0.0259 0.1734 -0.9845
vn -0.9385 -0.0535 0.3411
vn 0.0422 0.1732 -0.9840
vn 0.0830 0.1725 -0.9815
vn -0.0316 0.1738 -0.9843
vn 0.0118 0.1736 -0.9848
vn -0.8274 0.1032 -0.5521
vn 0.2312 0.1673 -0.9584
vn 0.0093 -0.1737 -0.9848
vn -0.8288 -0.0914 -0.5521
vn 0.2288 -0.1706 -0.9584
vn 0.0086 -0.1737 -0.9848
vn -0.8474 0.0981 0.5219
vn 0.3107 -0.1672 -0.9357
vn 0.7415 -0.1216 -0.6598
vn 0.0234 -0.1738 -0.9845
vn -0.9376 0.0668 0.3411
vn 0.0398 -0.1738 -0.9840
vn 0.0806 -0.1736 -0.9815
vn -0.0340 -0.1733 -0.9843
vn 0.0211 -0.5000 -0.8658
vn -0.9368 0.1799 0.3000
vn 0.0374 -0.4999 -0.8653
vn 0.0782 -0.4989 -0.8631
vn -0.0364 -0.4995 -0.8656
vn 0.0070 -0.5000 -0.8660
vn -0.8301 -0.2744 -0.4855
vn 0.2265 -0.4882 -0.8428
vn 0.0063 -0.5000 -0.8660
vn -0.8461 0.2710 0.4589
vn 0.3085 -0.4773 -0.8228
vn 0.7399 -0.3403 -0.5803
vn 0.0044 -0.7661 -0.6427
vn -0.8451 0.4120 0.3406
vn 0.3067 -0.7300 -0.6107
vn 0.7387 -0.5186 -0.4307
vn 0.0192 -0.7660 -0.6426
vn -0.9362 0.2720 0.2227
vn 0.0355 -0.7657 -0.6423
vn 0.0763 -0.7640 -0.6406
vn -0.0383 -0.7654 -0.6424
vn 0.0051 -0.7661 -0.6428
vn -0.8311 -0.4235 -0.3603
vn 0.2247 -0.7471 -0.6255
vn -0.0395 -0.9389 -0.3418
vn 0.0039 -0.9397 -0.3420
vn -0.8318 -0.5209 -0.1917
vn 0.2235 -0.9161 -0.3328
vn 0.0031 -0.9397 -0.3420
vn -0.8445 0.5040 0.1812
vn 0.3055 -0.8950 -0.3250
vn 0.7378 -0.6349 -0.2292
vn 0.0179 -0.9396 -0.3419
vn -0.9357 0.3322 0.1185
vn 0.0343 -0.9392 -0.3417
vn 0.0751 -0.9371 -0.3409
vn 0.0175 -0.9998 -0.0000
vn -0.9356 0.3531 -0.0000
vn 0.0339 -0.9994 -0.0000
vn 0.0747 -0.9972 -0.0000
vn -0.0399 -0.9992 -0.0000
vn 0.0034 -1.0000 -0.0000
vn -0.8321 -0.5547 -0.0000
vn 0.2231 -0.9748 -0.0000
vn 0.0027 -1.0000 -0.0000
vn -0.8442 0.5360 -0.0000
vn 0.3051 -0.9523 -0.0000
vn 0.7375 -0.6753 -0.0000
vn 0.2235 -0.9161 0.3328
vn 0.0031 -0.9397 0.3420
vn -0.8445 0.5040 -0.1812
vn 0.3055 -0.8950 0.3250
vn 0.7378 -0.6349 0.2292
vn 0.0179 -0.9396 0.3419
vn -0.9357 0.3322 -0.1185
vn 0.0343 -0.9392 0.3418
vn 0.0751 -0.9371 0.3409
vn -0.0395 -0.9389 0.3418
vn 0.0038 -0.9397 0.3420
vn -0.8318 -0.5209 0.1917
vn -0.0383 -0.7654 0.6424
vn 0.0051 -0.7661 0.6427
vn -0.8311 -0.4235 0.3603
vn 0.2247 -0.7471 0.6256
vn 0.0044 -0.7661 0.6428
vn -0.8451 0.4120 -0.3406
vn 0.3067 -0.7300 0.6107
vn 0.7387 -0.5186 0.4307
vn 0.0191 -0.7660 0.6426
vn -0.9362 0.2720 -0.2227
vn 0.0355 -0.7657 0.6422
vn 0.0763 -0.7640 0.6406
vn 0.7399 -0.3403 0.5803
vn 0.0210 -0.5000 0.8658
vn -0.9368 0.1799 -0.3000
vn 0.0374 -0.4999 0.8653
vn 0.0782 -0.4989 0.8631
vn -0.0364 -0.4995 0.8656
vn 0.0070 -0.5000 0.8660
vn -0.8301 -0.2744 0.4855
vn 0.2265 -0.4882 0.8428
vn 0.0063 -0.5000 0.8660
vn -0.8461 0.2710 -0.4589
vn 0.3085 -0.4773 0.8228
vn 0.2288 -0.1706 0.9584
vn 0.0086 -0.1737 0.9848
vn -0.8474 0.0981 -0.5219
vn 0.3107 -0.1672 0.9357
vn 0.7415 -0.1216 0.6598
vn 0.0234 -0.1738 0.9845
vn -0.9376 0.0668 -0.3411
vn 0.0398 -0.1738 0.9840
vn 0.0806 -0.1736 0.9815
vn -0.0340 -0.1733 0.9843
vn 0.0093 -0.1737 0.9848
vn -0.8288 -0.0914 0.5521
vn -0.0065 0.1738 -0.9848
vn 0.8461 -0.1085 0.5219
vn -0.3086 0.1710 -0.9357
vn -0.7399 0.1308 -0.6598
vn -0.0212 0.1740 -0.9845
vn 0.9367 -0.0784 0.3411
vn -0.0376 0.1743 -0.9840
vn -0.0784 0.1746 -0.9815
vn 0.0362 0.1729 -0.9843
vn -0.0072 0.1738 -0.9848
vn 0.8298 0.0812 -0.5521
vn -0.2267 0.1734 -0.9584
vn -0.0721 0.4998 -0.8631
vn 0.0425 0.4990 -0.8656
vn -0.0008 0.5001 -0.8660
vn 0.8334 0.2641 -0.4855
vn -0.2205 0.4910 -0.8428
vn -0.0001 0.5001 -0.8660
vn 0.8427 -0.2814 0.4589
vn -0.3026 0.4810 -0.8228
vn -0.7357 0.3494 -0.5803
vn -0.0149 0.5002 -0.8658
vn 0.9345 -0.1915 0.3000
vn -0.0313 0.5003 -0.8653
vn -0.2977 0.7338 -0.6107
vn -0.7322 0.5276 -0.4307
vn -0.0097 0.7661 -0.6426
vn 0.9327 -0.2836 0.2227
vn -0.0261 0.7661 -0.6422
vn -0.0669 0.7649 -0.6406
vn 0.0477 0.7648 -0.6424
vn 0.0044 0.7661 -0.6427
vn 0.8363 0.4132 -0.3603
vn -0.2154 0.7499 -0.6255
vn 0.0051 0.7661 -0.6427
vn 0.8400 -0.4224 0.3406
vn 0.8382 0.5105 -0.1917
vn -0.2122 0.9188 -0.3328
vn 0.0085 0.9397 -0.3420
vn 0.8382 -0.5144 0.1812
vn -0.2944 0.8987 -0.3250
vn -0.7299 0.6440 -0.2292
vn -0.0063 0.9397 -0.3419
vn 0.9316 -0.3437 0.1185
vn -0.0227 0.9395 -0.3417
vn -0.0635 0.9380 -0.3409
vn 0.0511 0.9384 -0.3418
vn 0.0078 0.9397 -0.3420
vn -0.0215 0.9998 -0.0000
vn -0.0624 0.9981 -0.0000
vn 0.0523 0.9986 -0.0000
vn 0.0089 1.0000 -0.0000
vn 0.8389 0.5443 -0.0000
vn -0.2110 0.9775 -0.0000
vn 0.0096 1.0000 -0.0000
vn 0.8376 -0.5463 -0.0000
vn -0.2933 0.9560 -0.0000
vn -0.7291 0.6844 -0.0000
vn -0.0051 1.0000 -0.0000
vn 0.9312 -0.3646 -0.0000
vn 0.8382 -0.5144 -0.1813
vn -0.2944 0.8987 0.3250
vn -0.7299 0.6440 0.2292
vn -0.0063 0.9397 0.3419
vn 0.9316 -0.3437 -0.1185
vn -0.0227 0.9395 0.3417
vn -0.0635 0.9380 0.3409
vn 0.0511 0.9384 0.3418
vn 0.0078 0.9397 0.3420
vn 0.8382 0.5105 0.1917
vn -0.2121 0.9188 0.3329
vn 0.0085 0.9397 0.3420
vn 0.0044 0.7661 0.6428
vn 0.8363 0.4132 0.3603
vn -0.2154 0.7498 0.6256
vn 0.0051 0.7661 0.6428
vn 0.8400 -0.4224 -0.3406
vn -0.2976 0.7338 0.6107
vn -0.7322 0.5276 0.4307
vn -0.0097 0.7662 0.6426
vn 0.9327 -0.2836 -0.2227
vn -0.0261 0.7661 0.6422
vn -0.0669 0.7649 0.6406
vn 0.0477 0.7648 0.6424
vn 0.9345 -0.1914 -0.3000
vn -0.0313 0.5003 0.8653
vn -0.0721 0.4998 0.8631
vn 0.0425 0.4990 0.8656
vn -0.0008 0.5001 0.8660
vn 0.8334 0.2641 0.4855
vn -0.2205 0.4910 0.8428
vn -0.0001 0.5001 0.8660
vn 0.8427 -0.2814 -0.4589
vn -0.3026 0.4810 0.8228
vn -0.7357 0.3494 0.5803
vn -0.0149 0.5002 0.8658
vn -0.0065 0.1738 0.9848
vn 0.8461 -0.1085 -0.5219
vn -0.3086 0.1710 0.9357
vn -0.7399 0.1308 0.6599
vn -0.0212 0.1740 0.9845
vn 0.9367 -0.0784 -0.3411
vn -0.0376 0.1743 0.9840
vn -0.0784 0.1746 0.9815
vn 0.0362 0.1729 0.9843
vn -0.0072 0.1738 0.9848
vn 0.8298 0.0812 0.5521
vn -0.2267 0.1734 0.9584
vn -0.0139 -0.1734 0.9848
vn 0.8260 -0.1135 0.5521
vn -0.2333 -0.1645 0.9584
vn -0.0132 -0.1734 0.9848
vn 0.8497 0.0755 -0.5219
vn -0.3150 -0.1589 0.9357
vn -0.7445 -0.1019 0.6599
vn -0.0280 -0.1731 0.9845
vn 0.9391 0.0419 -0.3411
vn -0.0444 -0.1727 0.9840
vn -0.0851 -0.1714 0.9815
vn 0.0294 -0.1742 0.9843
vn -0.0343 -0.4993 0.8658
vn 0.9413 0.1549 -0.3000
vn -0.0507 -0.4987 0.8653
vn -0.0915 -0.4966 0.8631
vn 0.0231 -0.5003 0.8656
vn -0.0203 -0.4997 0.8660
vn 0.8225 -0.2964 0.4855
vn -0.2395 -0.4820 0.8428
vn -0.0196 -0.4997 0.8660
vn 0.8530 0.2484 -0.4589
vn -0.3211 -0.4689 0.8228
vn -0.7487 -0.3205 0.5803
vn -0.0248 -0.7657 0.6428
vn 0.8558 0.3893 -0.3406
vn -0.3260 -0.7216 0.6107
vn -0.7522 -0.4987 0.4307
vn -0.0395 -0.7652 0.6426
vn 0.9431 0.2470 -0.2227
vn -0.0559 -0.7645 0.6422
vn -0.0967 -0.7617 0.6406
vn 0.0179 -0.7661 0.6425
vn -0.0255 -0.7657 0.6427
vn 0.8196 -0.4455 0.3603
vn -0.2445 -0.7409 0.6256
vn 0.0145 -0.9396 0.3418
vn -0.0289 -0.9393 0.3420
vn 0.8177 -0.5428 0.1917
vn -0.2478 -0.9098 0.3329
vn -0.0282 -0.9393 0.3420
vn 0.8576 0.4813 -0.1813
vn -0.3292 -0.8866 0.3250
vn -0.7545 -0.6150 0.2292
vn -0.0429 -0.9387 0.3419
vn 0.9443 0.3072 -0.1185
vn -0.0593 -0.9379 0.3417
vn -0.1000 -0.9348 0.3409
vn -0.0441 -0.9990 -0.0000
vn 0.9447 0.3280 -0.0000
vn -0.0605 -0.9982 -0.0000
vn -0.1012 -0.9949 -0.0000
vn 0.0133 -0.9999 -0.0000
vn -0.0300 -0.9995 -0.0000
vn 0.8170 -0.5766 -0.0000
vn -0.2489 -0.9685 -0.0000
vn -0.0293 -0.9996 -0.0000
vn 0.8582 0.5133 -0.0000
vn -0.3304 -0.9439 -0.0000
vn -0.7552 -0.6554 -0.0000
vn -0.2478 -0.9098 -0.3329
vn -0.0282 -0.9393 -0.3420
vn 0.8576 0.4814 0.1812
vn -0.3292 -0.8866 -0.3250
vn -0.7545 -0.6150 -0.2292
vn -0.0429 -0.9388 -0.3419
vn 0.9443 0.3072 0.1185
vn -0.0593 -0.9379 -0.3417
vn -0.1000 -0.9348 -0.3409
vn 0.0145 -0.9396 -0.3418
vn -0.0289 -0.9393 -0.3420
vn 0.8177 -0.5428 -0.1917
vn 0.0179 -0.7661 -0.6424
vn -0.0255 -0.7656 -0.6428
vn 0.8196 -0.4455 -0.3603
vn -0.2445 -0.7409 -0.6256
vn -0.0248 -0.7657 -0.6428
vn 0.8558 0.3893 0.3406
vn -0.3260 -0.7216 -0.6107
vn -0.7522 -0.4987 -0.4307
vn -0.0395 -0.7652 -0.6426
vn 0.9431 0.2470 0.2226
vn -0.0559 -0.7645 -0.6422
vn -0.0967 -0.7617 -0.6406
vn -0.7487 -0.3205 -0.5803
vn -0.0344 -0.4993 -0.8658
vn 0.9413 0.1549 0.3000
vn -0.0507 -0.4987 -0.8653
vn -0.0915 -0.4966 -0.8631
vn 0.0231 -0.5003 -0.8656
vn -0.0203 -0.4997 -0.8660
vn 0.8225 -0.2964 -0.4855
vn -0.2395 -0.4820 -0.8428
vn -0.0196 -0.4997 -0.8660
vn 0.8531 0.2484 0.4589
vn -0.3211 -0.4689 -0.8228
vn -0.2333 -0.1645 -0.9584
vn -0.0132 -0.1734 -0.9848
vn 0.8497 0.0755 0.5219
vn -0.3151 -0.1589 -0.9357
vn -0.7445 -0.1019 -0.6598
vn -0.0280 -0.1731 -0.9845
vn 0.9391 0.0419 0.3411
vn -0.0444 -0.1727 -0.9840
vn -0.0852 -0.1714 -0.9815
vn 0.0294 -0.1742 -0.9843
vn -0.0139 -0.1734 -0.9848
vn 0.8260 -0.1135 -0.5521
vn -0.0007 0.1739 0.9848
vn -0.8409 -0.1433 -0.5219
vn 0.3013 0.1836 0.9357
vn 0.7339 0.1612 0.6599
vn 0.0140 0.1748 0.9845
vn -0.9327 -0.1170 -0.3411
vn 0.0304 0.1757 0.9840
vn 0.0711 0.1777 0.9815
vn -0.0433 0.1712 0.9843
vn -0.0000 0.1740 0.9848
vn -0.8325 0.0469 0.5521
vn 0.2193 0.1826 0.9584
vn 0.0514 0.5024 0.8631
vn -0.0631 0.4968 0.8656
vn -0.0198 0.4997 0.8660
vn -0.8436 0.2295 0.4855
vn 0.2000 0.4997 0.8428
vn -0.0205 0.4997 0.8660
vn -0.8304 -0.3160 -0.4589
vn 0.2825 0.4931 0.8228
vn 0.7206 0.3795 0.5803
vn -0.0058 0.5004 0.8658
vn -0.9258 -0.2298 -0.3000
vn 0.0106 0.5011 0.8653
vn 0.2671 0.7454 0.6107
vn 0.7098 0.5574 0.4307
vn -0.0219 0.7659 0.6426
vn -0.9202 -0.3218 -0.2227
vn -0.0056 0.7665 0.6423
vn 0.0353 0.7670 0.6406
vn -0.0792 0.7622 0.6424
vn -0.0360 0.7652 0.6427
vn -0.8526 0.3784 0.3603
vn 0.1843 0.7581 0.6256
vn -0.0367 0.7652 0.6428
vn -0.8218 -0.4567 -0.3406
vn -0.8586 0.4755 0.1917
vn 0.1741 0.9268 0.3328
vn -0.0472 0.9385 0.3420
vn -0.8162 -0.5485 -0.1812
vn 0.2571 0.9101 0.3250
vn 0.7027 0.6735 0.2292
vn -0.0325 0.9392 0.3419
vn -0.9166 -0.3819 -0.1185
vn -0.0161 0.9397 0.3417
vn 0.0248 0.9398 0.3409
vn -0.0898 0.9355 0.3418
vn -0.0465 0.9386 0.3420
vn -0.0197 0.9998 -0.0000
vn 0.0211 0.9998 -0.0000
vn -0.0934 0.9956 -0.0000
vn -0.0502 0.9987 -0.0000
vn -0.8606 0.5093 -0.0000
vn 0.1705 0.9854 -0.0000
vn -0.0509 0.9987 -0.0000
vn -0.8143 -0.5804 -0.0000
vn 0.2536 0.9673 -0.0000
vn 0.7003 0.7139 -0.0000
vn -0.0361 0.9993 -0.0000
vn -0.9153 -0.4027 -0.0000
vn -0.8162 -0.5485 0.1812
vn 0.2571 0.9101 -0.3250
vn 0.7027 0.6735 -0.2292
vn -0.0325 0.9392 -0.3419
vn -0.9166 -0.3819 0.1185
vn -0.0161 0.9397 -0.3417
vn 0.0248 0.9398 -0.3409
vn -0.0898 0.9355 -0.3418
vn -0.0465 0.9385 -0.3420
vn -0.8586 0.4755 -0.1917
vn 0.1741 0.9268 -0.3329
vn -0.0472 0.9385 -0.3420
vn -0.0360 0.7652 -0.6428
vn -0.8526 0.3784 -0.3603
vn 0.1843 0.7581 -0.6255
vn -0.0367 0.7652 -0.6428
vn -0.8218 -0.4567 0.3406
vn 0.2671 0.7454 -0.6107
vn 0.7098 0.5574 -0.4307
vn -0.0219 0.7659 -0.6426
vn -0.9202 -0.3218 0.2227
vn -0.0056 0.7665 -0.6422
vn 0.0353 0.7670 -0.6406
vn -0.0792 0.7622 -0.6424
vn -0.9258 -0.2298 0.3000
vn 0.0106 0.5011 -0.8653
vn 0.0514 0.5024 -0.8631
vn -0.0631 0.4968 -0.8656
vn -0.0198 0.4997 -0.8660
vn -0.8436 0.2295 -0.4855
vn 0.2000 0.4997 -0.8428
vn -0.0205 0.4996 -0.8660
vn -0.8304 -0.3160 0.4589
vn 0.2825 0.4931 -0.8228
vn 0.7206 0.3795 -0.5803
vn -0.0058 0.5004 -0.8658
vn -0.0007 0.1739 -0.9848
vn -0.8409 -0.1433 0.5219
vn 0.3013 0.1836 -0.9357
vn 0.7339 0.1612 -0.6598
vn 0.0140 0.1748 -0.9845
vn -0.9327 -0.1170 0.3411
vn 0.0304 0.1757 -0.9840
vn 0.0711 0.1777 -0.9815
vn -0.0433 0.1712 -0.9843
vn -0.0000 0.1740 -0.9848
vn -0.8325 0.0469 -0.5521
vn 0.2193 0.1826 -0.9584
vn 0.0211 -0.1727 -0.9848
vn -0.8207 -0.1475 -0.5521
vn 0.2399 -0.1547 -0.9584
vn 0.0204 -0.1727 -0.9848
vn -0.8521 0.0404 0.5219
vn 0.3213 -0.1457 -0.9357
vn 0.7480 -0.0711 -0.6599
vn 0.0351 -0.1718 -0.9845
vn -0.9400 0.0031 0.3411
vn 0.0515 -0.1707 -0.9840
vn 0.0922 -0.1678 -0.9815
vn -0.0222 -0.1752 -0.9843
vn 0.0549 -0.4974 -0.8658
vn -0.9469 0.1159 0.3000
vn 0.0713 -0.4962 -0.8653
vn 0.1119 -0.4924 -0.8631
vn -0.0024 -0.5008 -0.8656
vn 0.0409 -0.4984 -0.8660
vn -0.8095 -0.3301 -0.4855
vn 0.2591 -0.4717 -0.8428
vn 0.0402 -0.4985 -0.8660
vn -0.8626 0.2130 0.4589
vn 0.3402 -0.4552 -0.8228
vn 0.7613 -0.2893 -0.5803
vn 0.0563 -0.7640 -0.6428
vn -0.8711 0.3537 0.3406
vn 0.3555 -0.7075 -0.6107
vn 0.7721 -0.4672 -0.4307
vn 0.0711 -0.7629 -0.6426
vn -0.9525 0.2079 0.2226
vn 0.0874 -0.7615 -0.6422
vn 0.1280 -0.7571 -0.6406
vn 0.0137 -0.7662 -0.6424
vn 0.0570 -0.7639 -0.6428
vn -0.8005 -0.4789 -0.3603
vn 0.2749 -0.7302 -0.6255
vn 0.0243 -0.9394 -0.3418
vn 0.0676 -0.9373 -0.3420
vn -0.7946 -0.5761 -0.1917
vn 0.2851 -0.8988 -0.3329
vn 0.0669 -0.9373 -0.3420
vn -0.8767 0.4456 0.1812
vn 0.3655 -0.8722 -0.3249
vn 0.7792 -0.5834 -0.2292
vn 0.0816 -0.9362 -0.3419
vn -0.9561 0.2679 0.1185
vn 0.0979 -0.9347 -0.3417
vn 0.1385 -0.9298 -0.3409
vn 0.0853 -0.9964 -0.0000
vn -0.9574 0.2888 -0.0000
vn 0.1016 -0.9948 -0.0000
vn 0.1422 -0.9898 -0.0000
vn 0.0279 -0.9996 -0.0000
vn 0.0713 -0.9975 -0.0000
vn -0.7925 -0.6098 -0.0000
vn 0.2887 -0.9574 -0.0000
vn 0.0705 -0.9975 -0.0000
vn -0.8787 0.4775 -0.0000
vn 0.3690 -0.9294 -0.0000
vn 0.7816 -0.6237 -0.0000
vn 0.2851 -0.8988 0.3329
vn 0.0669 -0.9373 0.3420
vn -0.8767 0.4456 -0.1812
vn 0.3655 -0.8722 0.3250
vn 0.7792 -0.5834 0.2292
vn 0.0816 -0.9362 0.3419
vn -0.9561 0.2679 -0.1185
vn 0.0979 -0.9347 0.3417
vn 0.1385 -0.9298 0.3409
vn 0.0243 -0.9394 0.3418
vn 0.0676 -0.9373 0.3420
vn -0.7946 -0.5761 0.1917
vn 0.0137 -0.7662 0.6424
vn 0.0570 -0.7639 0.6428
vn -0.8005 -0.4789 0.3603
vn 0.2749 -0.7302 0.6255
vn 0.0563 -0.7640 0.6428
vn -0.8711 0.3537 -0.3406
vn 0.3555 -0.7075 0.6107
vn 0.7721 -0.4672 0.4307
vn 0.0711 -0.7629 0.6426
vn -0.9525 0.2079 -0.2227
vn 0.0874 -0.7615 0.6422
vn 0.1280 -0.7571 0.6406
vn 0.7613 -0.2893 0.5803
vn 0.0549 -0.4974 0.8658
vn -0.9469 0.1159 -0.3000
vn 0.0713 -0.4962 0.8653
vn 0.1119 -0.4924 0.8631
vn -0.0024 -0.5008 0.8656
vn 0.0409 -0.4984 0.8660
vn -0.8096 -0.3301 0.4855
vn 0.2591 -0.4717 0.8428
vn 0.0402 -0.4985 0.8660
vn -0.8626 0.2130 -0.4589
vn 0.3402 -0.4552 0.8228
vn 0.2399 -0.1547 0.9584
vn 0.0204 -0.1727 0.9848
vn -0.8521 0.0404 -0.5219
vn 0.3213 -0.1457 0.9357
vn 0.7480 -0.0711 0.6599
vn 0.0351 -0.1718 0.9845
vn -0.9400 0.0031 -0.3411
vn 0.0515 -0.1707 0.9840
vn 0.0921 -0.1678 0.9815
vn -0.0222 -0.1752 0.9843
vn 0.0211 -0.1727 0.9848
vn -0.8207 -0.1474 0.5521
vn -0.0230 0.1724 -0.9848
vn 0.8526 -0.0275 0.5219
vn -0.3235 0.1409 -0.9357
vn -0.7490 0.0598 -0.6598
vn -0.0377 0.1712 -0.9845
vn 0.9400 0.0111 0.3411
vn -0.0540 0.1699 -0.9840
vn -0.0947 0.1664 -0.9815
vn 0.0196 0.1755 -0.9843
vn -0.0237 0.1723 -0.9848
vn 0.8183 0.1598 -0.5521
vn -0.2422 0.1511 -0.9584
vn -0.1193 0.4907 -0.8631
vn -0.0052 0.5008 -0.8656
vn -0.0484 0.4977 -0.8660
vn 0.8045 0.3422 -0.4855
vn -0.2662 0.4678 -0.8428
vn -0.0477 0.4978 -0.8660
vn 0.8657 -0.2000 0.4589
vn -0.3470 0.4501 -0.8228
vn -0.7656 0.2778 -0.5803
vn -0.0624 0.4965 -0.8658
vn 0.9485 -0.1016 0.3000
vn -0.0787 0.4950 -0.8653
vn -0.3661 0.7021 -0.6107
vn -0.7791 0.4556 -0.4307
vn -0.0826 0.7617 -0.6426
vn 0.9555 -0.1935 0.2227
vn -0.0989 0.7601 -0.6423
vn -0.1394 0.7551 -0.6406
vn -0.0253 0.7659 -0.6424
vn -0.0686 0.7630 -0.6427
vn 0.7932 0.4910 -0.3603
vn -0.2858 0.7259 -0.6256
vn -0.0679 0.7631 -0.6428
vn 0.8764 -0.3405 0.3406
vn 0.7858 0.5880 -0.1917
vn -0.2986 0.8944 -0.3328
vn -0.0810 0.9362 -0.3420
vn 0.8833 -0.4323 0.1812
vn -0.3786 0.8666 -0.3250
vn -0.7879 0.5716 -0.2292
vn -0.0957 0.9348 -0.3419
vn 0.9601 -0.2535 0.1185
vn -0.1120 0.9331 -0.3417
vn -0.1525 0.9277 -0.3409
vn -0.0384 0.9390 -0.3418
vn -0.0817 0.9361 -0.3420
vn -0.1166 0.9932 -0.0000
vn -0.1571 0.9876 -0.0000
vn -0.0430 0.9991 -0.0000
vn -0.0863 0.9963 -0.0000
vn 0.7832 0.6217 -0.0000
vn -0.3031 0.9530 -0.0000
vn -0.0856 0.9963 -0.0000
vn 0.8858 -0.4641 -0.0000
vn -0.3830 0.9238 -0.0000
vn -0.7910 0.6119 -0.0000
vn -0.1003 0.9950 -0.0000
vn 0.9616 -0.2743 -0.0000
vn 0.8833 -0.4323 -0.1812
vn -0.3786 0.8666 0.3250
vn -0.7879 0.5716 0.2292
vn -0.0957 0.9348 0.3419
vn 0.9601 -0.2535 -0.1185
vn -0.1120 0.9331 0.3417
vn -0.1525 0.9277 0.3409
vn -0.0384 0.9390 0.3418
vn -0.0817 0.9361 0.3420
vn 0.7858 0.5880 0.1917
vn -0.2986 0.8944 0.3328
vn -0.0810 0.9362 0.3420
vn -0.0686 0.7630 0.6427
vn 0.7932 0.4909 0.3603
vn -0.2858 0.7259 0.6256
vn -0.0679 0.7631 0.6428
vn 0.8764 -0.3405 -0.3406
vn -0.3661 0.7021 0.6107
vn -0.7791 0.4556 0.4307
vn -0.0826 0.7617 0.6426
vn 0.9555 -0.1935 -0.2227
vn -0.0989 0.7601 0.6423
vn -0.1394 0.7551 0.6406
vn -0.0253 0.7659 0.6424
vn 0.9485 -0.1016 -0.3000
vn -0.0787 0.4950 0.8653
vn -0.1193 0.4907 0.8631
vn -0.0051 0.5008 0.8656
vn -0.0484 0.4977 0.8660
vn 0.8045 0.3422 0.4855
vn -0.2662 0.4678 0.8428
vn -0.0477 0.4978 0.8660
vn 0.8657 -0.2000 -0.4589
vn -0.3470 0.4501 0.8228
vn -0.7656 0.2778 0.5803
vn -0.0624 0.4965 0.8658
vn -0.0230 0.1724 0.9848
vn 0.8526 -0.0275 -0.5219
vn -0.3235 0.1409 0.9357
vn -0.7490 0.0598 0.6599
vn -0.0377 0.1712 0.9845
vn 0.9400 0.0111 -0.3411
vn -0.0540 0.1699 0.9840
vn -0.0947 0.1664 0.9815
vn 0.0196 0.1755 0.9843
vn -0.0237 0.1723 0.9848
vn 0.8183 0.1598 0.5521
vn -0.2422 0.1511 0.9584
vn 0.0026 -0.1739 0.9848
vn 0.8331 -0.0343 0.5521
vn -0.2165 -0.1859 0.9584
vn 0.0033 -0.1739 0.9848
vn 0.8386 0.1560 -0.5219
vn -0.2985 -0.1881 0.9357
vn -0.7314 -0.1723 0.6599
vn -0.0114 -0.1750 0.9845
vn 0.9308 0.1311 -0.3411
vn -0.0277 -0.1761 0.9840
vn -0.0684 -0.1788 0.9815
vn 0.0459 -0.1706 0.9843
vn 0.0133 -0.5003 0.8658
vn 0.9223 0.2438 -0.3000
vn -0.0030 -0.5012 0.8653
vn -0.0438 -0.5031 0.8631
vn 0.0706 -0.4958 0.8656
vn 0.0274 -0.4993 0.8660
vn 0.8470 -0.2167 0.4855
vn -0.1925 -0.5026 0.8428
vn 0.0281 -0.4993 0.8660
vn 0.8255 0.3285 -0.4589
vn -0.2750 -0.4973 0.8228
vn -0.7148 -0.3903 0.5803
vn 0.0482 -0.7645 0.6428
vn 0.8149 0.4690 -0.3406
vn -0.2558 -0.7494 0.6107
vn -0.7013 -0.5680 0.4307
vn 0.0335 -0.7655 0.6426
vn 0.9153 0.3357 -0.2227
vn 0.0171 -0.7663 0.6422
vn -0.0237 -0.7675 0.6406
vn 0.0907 -0.7609 0.6424
vn 0.0475 -0.7646 0.6428
vn 0.8583 -0.3654 0.3603
vn -0.1729 -0.7608 0.6256
vn 0.1039 -0.9340 0.3418
vn 0.0607 -0.9377 0.3420
vn 0.8656 -0.4625 0.1917
vn -0.1601 -0.9293 0.3328
vn 0.0614 -0.9377 0.3420
vn 0.8079 0.5608 -0.1812
vn -0.2434 -0.9139 0.3250
vn -0.6925 -0.6841 0.2292
vn 0.0466 -0.9386 0.3419
vn 0.9107 0.3956 -0.1185
vn 0.0303 -0.9393 0.3417
vn -0.0106 -0.9400 0.3409
vn 0.0512 -0.9987 -0.0000
vn 0.9091 0.4165 -0.0000
vn 0.0348 -0.9994 -0.0000
vn -0.0060 -1.0000 -0.0000
vn 0.1084 -0.9941 -0.0000
vn 0.0652 -0.9979 -0.0000
vn 0.8682 -0.4962 -0.0000
vn -0.1556 -0.9878 -0.0000
vn 0.0659 -0.9978 -0.0000
vn 0.8055 0.5927 -0.0000
vn -0.2390 -0.9710 -0.0000
vn -0.6894 -0.7244 -0.0000
vn -0.1601 -0.9293 -0.3329
vn 0.0614 -0.9377 -0.3420
vn 0.8079 0.5608 0.1812
vn -0.2434 -0.9139 -0.3250
vn -0.6925 -0.6841 -0.2292
vn 0.0466 -0.9386 -0.3419
vn 0.9107 0.3956 0.1185
vn 0.0303 -0.9393 -0.3417
vn -0.0106 -0.9400 -0.3409
vn 0.1039 -0.9340 -0.3418
vn 0.0607 -0.9377 -0.3420
vn 0.8656 -0.4625 -0.1917
vn 0.0907 -0.7609 -0.6424
vn 0.0475 -0.7646 -0.6428
vn 0.8583 -0.3655 -0.3603
vn -0.1729 -0.7608 -0.6256
vn 0.0482 -0.7646 -0.6428
vn 0.8148 0.4690 0.3406
vn -0.2559 -0.7494 -0.6107
vn -0.7013 -0.5680 -0.4307
vn 0.0335 -0.7655 -0.6426
vn 0.9153 0.3356 0.2227
vn 0.0171 -0.7663 -0.6422
vn -0.0237 -0.7675 -0.6406
vn -0.7148 -0.3903 -0.5803
vn 0.0133 -0.5003 -0.8658
vn 0.9223 0.2438 0.3000
vn -0.0030 -0.5012 -0.8653
vn -0.0438 -0.5031 -0.8631
vn 0.0706 -0.4958 -0.8656
vn 0.0274 -0.4993 -0.8660
vn 0.8470 -0.2167 -0.4855
vn -0.1925 -0.5026 -0.8428
vn 0.0281 -0.4993 -0.8660
vn 0.8255 0.3284 0.4589
vn -0.2750 -0.4973 -0.8228
vn -0.2166 -0.1859 -0.9584
vn 0.0033 -0.1739 -0.9848
vn 0.8386 0.1560 0.5219
vn -0.2985 -0.1881 -0.9357
vn -0.7314 -0.1723 -0.6598
vn -0.0114 -0.1750 -0.9845
vn 0.9308 0.1310 0.3411
vn -0.0277 -0.1761 -0.9840
vn -0.0684 -0.1788 -0.9815
vn 0.0459 -0.1706 -0.9843
vn 0.0026 -0.1739 -0.9848
vn 0.8331 -0.0343 -0.5521
vn -0.0049 0.1738 0.9848
vn -0.8372 -0.1636 -0.5219
vn 0.2968 0.1908 0.9357
vn 0.7298 0.1789 0.6599
vn 0.0098 0.1751 0.9845
vn -0.9296 -0.1395 -0.3411
vn 0.0261 0.1764 0.9840
vn 0.0668 0.1794 0.9815
vn -0.0474 0.1701 0.9843
vn -0.8334 0.0267 0.5521
vn 0.2148 0.1879 0.9584
vn 0.0392 0.5035 0.8631
vn -0.0751 0.4951 0.8656
vn -0.0319 0.4991 0.8660
vn -0.8489 0.2090 0.4855
vn 0.1879 0.5044 0.8428
vn -0.0326 0.4990 0.8660
vn -0.8225 -0.3360 -0.4589
vn 0.2705 0.4998 0.8228
vn 0.7112 0.3968 0.5803
vn -0.0179 0.5001 0.8658
vn -0.9200 -0.2522 -0.3000
vn -0.0015 0.5013 0.8653
vn 0.2490 0.7517 0.6107
vn 0.6961 0.5744 0.4307
vn -0.0404 0.7651 0.6426
vn -0.9122 -0.3440 -0.2227
vn -0.0241 0.7661 0.6422
vn 0.0167 0.7677 0.6406
vn -0.0976 0.7601 0.6424
vn -0.0545 0.7641 0.6428
vn -0.8615 0.3576 0.3603
vn 0.1659 0.7623 0.6256
vn -0.0552 0.7641 0.6428
vn -0.8105 -0.4764 -0.3406
vn -0.8698 0.4546 0.1917
vn 0.1516 0.9307 0.3329
vn -0.0699 0.9371 0.3420
vn -0.8027 -0.5681 -0.1812
vn 0.2350 0.9161 0.3250
vn 0.6862 0.6903 0.2292
vn -0.0552 0.9381 0.3419
vn -0.9071 -0.4039 -0.1185
vn -0.0388 0.9390 0.3417
vn 0.0020 0.9401 0.3409
vn -0.1124 0.9330 0.3418
vn -0.0692 0.9371 0.3420
vn -0.0439 0.9990 -0.0000
vn -0.0031 1.0000 -0.0000
vn -0.1175 0.9931 -0.0000
vn -0.0743 0.9972 -0.0000
vn -0.8727 0.4883 -0.0000
vn 0.1466 0.9892 -0.0000
vn -0.0750 0.9972 -0.0000
vn -0.8000 -0.6000 -0.0000
vn 0.2302 0.9732 -0.0000
vn 0.6828 0.7306 -0.0000
vn -0.0603 0.9982 -0.0000
vn -0.9053 -0.4247 -0.0000
vn -0.8027 -0.5681 0.1812
vn 0.2350 0.9161 -0.3250
vn 0.6862 0.6903 -0.2292
vn -0.0552 0.9381 -0.3419
vn -0.9071 -0.4039 0.1185
vn -0.0388 0.9390 -0.3417
vn 0.0020 0.9401 -0.3409
vn -0.1124 0.9330 -0.3418
vn -0.0692 0.9371 -0.3420
vn -0.8698 0.4546 -0.1917
vn 0.1516 0.9307 -0.3328
vn -0.0699 0.9371 -0.3420
vn -0.0545 0.7641 -0.6427
vn -0.8615 0.3576 -0.3603
vn 0.1659 0.7623 -0.6255
vn -0.0552 0.7641 -0.6428
vn -0.8105 -0.4764 0.3406
vn 0.2490 0.7517 -0.6107
vn 0.6961 0.5744 -0.4307
vn -0.0404 0.7651 -0.6426
vn -0.9122 -0.3440 0.2226
vn -0.0241 0.7661 -0.6422
vn 0.0167 0.7677 -0.6406
vn -0.0976 0.7601 -0.6424
vn -0.9200 -0.2522 0.3000
vn -0.0015 0.5013 -0.8653
vn 0.0392 0.5035 -0.8631
vn -0.0751 0.4951 -0.8656
vn -0.0319 0.4991 -0.8660
vn -0.8489 0.2090 -0.4855
vn 0.1879 0.5044 -0.8428
vn -0.0326 0.4990 -0.8660
vn -0.8225 -0.3360 0.4589
vn 0.2705 0.4998 -0.8228
vn 0.7112 0.3968 -0.5803
vn -0.0179 0.5001 -0.8658
vn -0.0049 0.1738 -0.9848
vn -0.8372 -0.1636 0.5219
vn 0.2968 0.1909 -0.9357
vn 0.7298 0.1789 -0.6598
vn 0.0098 0.1751 -0.9845
vn -0.9296 -0.1395 0.3411
vn 0.0261 0.1764 -0.9840
vn 0.0668 0.1794 -0.9815
vn -0.0474 0.1701 -0.9843
vn -0.8334 0.0267 -0.5521
vn 0.2149 0.1879 -0.9584
vn 0.0252 -0.1721 -0.9848
vn -0.8169 -0.1672 -0.5521
vn 0.2435 -0.1489 -0.9584
vn 0.0245 -0.1722 -0.9848
vn -0.8528 0.0197 0.5219
vn 0.3248 -0.1379 -0.9357
vn 0.7495 -0.0529 -0.6598
vn 0.0393 -0.1709 -0.9845
vn -0.9398 -0.0197 0.3411
vn 0.0556 -0.1694 -0.9840
vn 0.0962 -0.1655 -0.9815
vn -0.0180 -0.1757 -0.9843
vn 0.0669 -0.4960 -0.8658
vn -0.9494 0.0930 0.3000
vn 0.0832 -0.4943 -0.8653
vn 0.1238 -0.4896 -0.8631
vn 0.0097 -0.5007 -0.8656
vn 0.0529 -0.4973 -0.8660
vn -0.8013 -0.3495 -0.4855
vn 0.2705 -0.4653 -0.8428
vn 0.0522 -0.4973 -0.8660
vn -0.8675 0.1921 0.4589
vn 0.3511 -0.4469 -0.8228
vn 0.7681 -0.2708 -0.5803
vn 0.0748 -0.7624 -0.6428
vn -0.8794 0.3325 0.3406
vn 0.3725 -0.6988 -0.6107
vn 0.7832 -0.4484 -0.4307
vn 0.0895 -0.7610 -0.6426
vn -0.9572 0.1848 0.2227
vn 0.1058 -0.7592 -0.6422
vn 0.1463 -0.7538 -0.6406
vn 0.0323 -0.7657 -0.6424
vn 0.0755 -0.7624 -0.6427
vn -0.7887 -0.4981 -0.3603
vn 0.2924 -0.7233 -0.6255
vn 0.0470 -0.9386 -0.3418
vn 0.0902 -0.9354 -0.3420
vn -0.7804 -0.5951 -0.1917
vn 0.3068 -0.8917 -0.3328
vn 0.0895 -0.9354 -0.3420
vn -0.8872 0.4242 0.1812
vn 0.3865 -0.8631 -0.3250
vn 0.7931 -0.5644 -0.2292
vn 0.1042 -0.9339 -0.3419
vn -0.9623 0.2447 0.1185
vn 0.1205 -0.9320 -0.3417
vn 0.1610 -0.9262 -0.3409
vn 0.1093 -0.9940 -0.0000
vn -0.9641 0.2656 -0.0000
vn 0.1256 -0.9921 -0.0000
vn 0.1661 -0.9861 -0.0000
vn 0.0521 -0.9986 -0.0000
vn 0.0953 -0.9954 -0.0000
vn -0.7776 -0.6288 -0.0000
vn 0.3117 -0.9502 -0.0000
vn 0.0946 -0.9955 -0.0000
vn -0.8899 0.4561 -0.0000
vn 0.3914 -0.9202 -0.0000
vn 0.7965 -0.6046 -0.0000
vn 0.3068 -0.8917 0.3329
vn 0.0895 -0.9354 0.3420
vn -0.8872 0.4242 -0.1813
vn 0.3865 -0.8631 0.3250
vn 0.7931 -0.5644 0.2292
vn 0.1042 -0.9339 0.3419
vn -0.9623 0.2447 -0.1185
vn 0.1205 -0.9320 0.3417
vn 0.1610 -0.9262 0.3409
vn 0.0470 -0.9386 0.3418
vn 0.0902 -0.9354 0.3420
vn -0.7804 -0.5951 0.1917
vn 0.0323 -0.7657 0.6424
vn 0.0755 -0.7624 0.6427
vn -0.7887 -0.4981 0.3603
vn 0.2924 -0.7233 0.6256
vn 0.0748 -0.7624 0.6427
vn -0.8794 0.3325 -0.3406
vn 0.3725 -0.6988 0.6107
vn 0.7832 -0.4484 0.4307
vn 0.0895 -0.7610 0.6426
vn -0.9572 0.1848 -0.2227
vn 0.1058 -0.7592 0.6422
vn 0.1463 -0.7538 0.6406
vn 0.7681 -0.2708 0.5803
vn 0.0669 -0.4960 0.8658
vn -0.9494 0.0930 -0.3000
vn 0.0832 -0.4943 0.8653
vn 0.1238 -0.4896 0.8631
vn 0.0097 -0.5007 0.8656
vn 0.0529 -0.4973 0.8660
vn -0.8013 -0.3495 0.4855
vn 0.2705 -0.4653 0.8428
vn 0.0522 -0.4973 0.8660
vn -0.8675 0.1921 -0.4589
vn 0.3511 -0.4469 0.8228
vn 0.2435 -0.1489 0.9584
vn 0.0245 -0.1722 0.9848
vn -0.8528 0.0197 -0.5219
vn 0.3248 -0.1379 0.9357
vn 0.7495 -0.0530 0.6599
vn 0.0392 -0.1709 0.9845
vn -0.9398 -0.0197 -0.3411
vn 0.0556 -0.1694 0.9840
vn 0.0962 -0.1655 0.9815
vn -0.0180 -0.1757 0.9843
vn 0.0252 -0.1721 0.9848
vn -0.8169 -0.1672 0.5521
vn 0.0042 0.1739 0.9848
vn -0.8446 -0.1195 -0.5219
vn 0.3064 0.1750 0.9357
vn 0.7382 0.1404 0.6599
vn 0.0190 0.1743 0.9845
vn -0.9356 -0.0906 -0.3411
vn 0.0353 0.1747 0.9840
vn 0.0761 0.1756 0.9815
vn -0.0384 0.1724 0.9843
vn 0.0049 0.1739 0.9848
vn -0.8308 0.0704 0.5521
vn 0.2244 0.1764 0.9584
vn 0.0656 0.5007 0.8631
vn -0.0490 0.4984 0.8656
vn -0.0057 0.5001 0.8660
vn -0.8368 0.2533 0.4855
vn 0.2141 0.4938 0.8428
vn -0.0064 0.5000 0.8660
vn -0.8390 -0.2924 -0.4589
vn 0.2963 0.4849 0.8228
vn 0.7311 0.3589 0.5803
vn 0.0084 0.5004 0.8658
vn -0.9320 -0.2036 -0.3000
vn 0.0248 0.5007 0.8653
vn 0.2881 0.7376 0.6107
vn 0.7253 0.5371 0.4307
vn -0.0003 0.7662 0.6426
vn -0.9290 -0.2957 -0.2227
vn 0.0161 0.7663 0.6422
vn 0.0570 0.7657 0.6406
vn -0.0577 0.7642 0.6424
vn -0.0143 0.7659 0.6428
vn -0.8416 0.4023 0.3603
vn 0.2057 0.7526 0.6256
vn -0.0150 0.7659 0.6428
vn -0.8344 -0.4333 -0.3406
vn -0.8448 0.4996 0.1917
vn 0.2002 0.9215 0.3329
vn -0.0207 0.9395 0.3420
vn -0.8314 -0.5252 -0.1812
vn 0.2827 0.9025 0.3249
vn 0.7215 0.6534 0.2292
vn -0.0059 0.9397 0.3419
vn -0.9270 -0.3558 -0.1185
vn 0.0105 0.9397 0.3417
vn 0.0513 0.9387 0.3409
vn -0.0633 0.9376 0.3418
vn -0.0200 0.9395 0.3420
vn 0.0085 1.0000 -0.0000
vn 0.0494 0.9988 -0.0000
vn -0.0652 0.9979 -0.0000
vn -0.0219 0.9998 -0.0000
vn -0.8459 0.5334 -0.0000
vn 0.1983 0.9801 -0.0000
vn -0.0226 0.9997 -0.0000
vn -0.8304 -0.5572 -0.0000
vn 0.2809 0.9597 -0.0000
vn 0.7202 0.6938 -0.0000
vn -0.0079 1.0000 -0.0000
vn -0.9263 -0.3767 -0.0000
vn -0.8314 -0.5252 0.1812
vn 0.2827 0.9025 -0.3249
vn 0.7215 0.6534 -0.2292
vn -0.0059 0.9397 -0.3419
vn -0.9270 -0.3558 0.1185
vn 0.0105 0.9397 -0.3417
vn 0.0513 0.9387 -0.3409
vn -0.0633 0.9376 -0.3418
vn -0.0200 0.9395 -0.3420
vn -0.8448 0.4996 -0.1917
vn 0.2002 0.9215 -0.3328
vn -0.0207 0.9395 -0.3420
vn -0.0143 0.7659 -0.6428
vn -0.8416 0.4023 -0.3603
vn 0.2057 0.7526 -0.6256
vn -0.0150 0.7659 -0.6428
vn -0.8344 -0.4333 0.3406
vn 0.2881 0.7376 -0.6107
vn 0.7253 0.5371 -0.4307
vn -0.0003 0.7662 -0.6426
vn -0.9290 -0.2957 0.2227
vn 0.0161 0.7663 -0.6422
vn 0.0570 0.7657 -0.6406
vn -0.0577 0.7642 -0.6424
vn -0.9320 -0.2036 0.3000
vn 0.0248 0.5006 -0.8653
vn 0.0656 0.5007 -0.8631
vn -0.0490 0.4984 -0.8656
vn -0.0057 0.5001 -0.8660
vn -0.8368 0.2533 -0.4855
vn 0.2141 0.4938 -0.8428
vn -0.0064 0.5000 -0.8660
vn -0.8390 -0.2924 0.4589
vn 0.2963 0.4849 -0.8228
vn 0.7311 0.3589 -0.5803
vn 0.0084 0.5004 -0.8658
vn 0.0042 0.1739 -0.9848
vn -0.8446 -0.1195 0.5219
vn 0.3064 0.1750 -0.9357
vn 0.7382 0.1404 -0.6599
vn 0.0190 0.1743 -0.9845
vn -0.9356 -0.0906 0.3411
vn 0.0353 0.1747 -0.9840
vn 0.0761 0.1756 -0.9815
vn -0.0384 0.1724 -0.9843
vn 0.0049 0.1739 -0.9848
vn -0.8308 0.0704 -0.5521
vn 0.2244 0.1764 -0.9584
vn 0.0162 -0.1732 -0.9848
vn -0.8245 -0.1242 -0.5521
vn 0.2354 -0.1614 -0.9584
vn 0.0155 -0.1732 -0.9848
vn -0.8506 0.0644 0.5219
vn 0.3171 -0.1548 -0.9357
vn 0.7457 -0.0922 -0.6599
vn 0.0302 -0.1727 -0.9845
vn -0.9396 0.0297 0.3411
vn 0.0466 -0.1721 -0.9840
vn 0.0874 -0.1703 -0.9815
vn -0.0272 -0.1745 -0.9843
vn 0.0408 -0.4988 -0.8658
vn -0.9432 0.1426 0.3000
vn 0.0572 -0.4980 -0.8653
vn 0.0979 -0.4954 -0.8631
vn -0.0166 -0.5005 -0.8656
vn 0.0268 -0.4994 -0.8660
vn -0.8186 -0.3070 -0.4855
vn 0.2457 -0.4789 -0.8428
vn 0.0261 -0.4994 -0.8660
vn -0.8562 0.2373 0.4589
vn 0.3272 -0.4647 -0.8228
vn 0.7528 -0.3107 -0.5803
vn 0.0347 -0.7653 -0.6428
vn -0.8608 0.3782 0.3406
vn 0.3354 -0.7173 -0.6107
vn 0.7586 -0.4889 -0.4307
vn 0.0495 -0.7646 -0.6426
vn -0.9462 0.2347 0.2227
vn 0.0658 -0.7637 -0.6422
vn 0.1065 -0.7604 -0.6406
vn -0.0079 -0.7663 -0.6424
vn 0.0354 -0.7653 -0.6427
vn -0.8137 -0.4561 -0.3603
vn 0.2541 -0.7376 -0.6256
vn -0.0023 -0.9398 -0.3418
vn 0.0411 -0.9388 -0.3420
vn -0.8106 -0.5534 -0.1917
vn 0.2596 -0.9065 -0.3328
vn 0.0404 -0.9388 -0.3420
vn -0.8638 0.4702 0.1812
vn 0.3407 -0.8822 -0.3250
vn 0.7624 -0.6052 -0.2292
vn 0.0551 -0.9381 -0.3419
vn -0.9482 0.2949 0.1185
vn 0.0715 -0.9371 -0.3417
vn 0.1122 -0.9334 -0.3409
vn 0.0571 -0.9984 -0.0000
vn -0.9488 0.3157 -0.0000
vn 0.0734 -0.9973 -0.0000
vn 0.1141 -0.9935 -0.0000
vn -0.0003 -1.0000 -0.0000
vn 0.0430 -0.9991 -0.0000
vn -0.8095 -0.5872 -0.0000
vn 0.2615 -0.9652 -0.0000
vn 0.0423 -0.9991 -0.0000
vn -0.8648 0.5021 -0.0000
vn 0.3426 -0.9395 -0.0000
vn 0.7637 -0.6456 -0.0000
vn 0.2596 -0.9065 0.3328
vn 0.0404 -0.9388 0.3420
vn -0.8638 0.4702 -0.1812
vn 0.3407 -0.8822 0.3250
vn 0.7624 -0.6052 0.2292
vn 0.0551 -0.9381 0.3419
vn -0.9482 0.2949 -0.1185
vn 0.0715 -0.9371 0.3417
vn 0.1122 -0.9334 0.3409
vn -0.0023 -0.9398 0.3418
vn 0.0411 -0.9388 0.3420
vn -0.8106 -0.5534 0.1917
vn -0.0079 -0.7663 0.6424
vn 0.0354 -0.7653 0.6427
vn -0.8137 -0.4561 0.3603
vn 0.2541 -0.7376 0.6256
vn 0.0347 -0.7653 0.6428
vn -0.8608 0.3782 -0.3406
vn 0.3354 -0.7173 0.6108
vn 0.7586 -0.4889 0.4307
vn 0.0495 -0.7646 0.6426
vn -0.9462 0.2347 -0.2227
vn 0.0658 -0.7637 0.6422
vn 0.1065 -0.7604 0.6406
vn 0.7528 -0.3107 0.5803
vn 0.0408 -0.4988 0.8658
vn -0.9432 0.1426 -0.3000
vn 0.0572 -0.4980 0.8653
vn 0.0979 -0.4954 0.8631
vn -0.0166 -0.5005 0.8656
vn 0.0268 -0.4994 0.8660
vn -0.8186 -0.3070 0.4855
vn 0.2457 -0.4789 0.8428
vn 0.0261 -0.4994 0.8660
vn -0.8562 0.2373 -0.4589
vn 0.3272 -0.4647 0.8228
vn 0.2354 -0.1614 0.9584
vn 0.0155 -0.1732 0.9848
vn -0.8506 0.0644 -0.5219
vn 0.3171 -0.1548 0.9357
vn 0.7457 -0.0922 0.6599
vn 0.0302 -0.1727 0.9845
vn -0.9395 0.0297 -0.3411
vn 0.0466 -0.1721 0.9840
vn 0.0874 -0.1703 0.9815
vn -0.0272 -0.1745 0.9843
vn 0.0162 -0.1732 0.9848
vn -0.8245 -0.1242 0.5521
vn -0.0021 0.1739 -0.9848
vn 0.8431 -0.1297 0.5219
vn -0.3042 0.1787 -0.9357
vn -0.7364 0.1493 -0.6599
vn -0.0169 0.1745 -0.9845
vn 0.9345 -0.1018 0.3411
vn -0.0332 0.1752 -0.9840
vn -0.0740 0.1765 -0.9815
vn 0.0405 0.1719 -0.9843
vn -0.0028 0.1739 -0.9848
vn 0.8316 0.0604 -0.5521
vn -0.2223 0.1791 -0.9584
vn -0.0595 0.5015 -0.8631
vn 0.0550 0.4978 -0.8656
vn 0.0117 0.4999 -0.8660
vn 0.8397 0.2432 -0.4855
vn -0.2081 0.4963 -0.8428
vn 0.0124 0.4999 -0.8660
vn 0.8354 -0.3024 0.4589
vn -0.2905 0.4885 -0.8228
vn -0.7267 0.3677 -0.5803
vn -0.0024 0.5005 -0.8658
vn 0.9295 -0.2148 0.3000
vn -0.0187 0.5009 -0.8653
vn -0.2792 0.7410 -0.6107
vn -0.7188 0.5458 -0.4307
vn 0.0095 0.7661 -0.6426
vn 0.9254 -0.3068 0.2227
vn -0.0069 0.7665 -0.6422
vn -0.0477 0.7664 -0.6406
vn 0.0668 0.7634 -0.6425
vn 0.0235 0.7657 -0.6427
vn 0.8464 0.3921 -0.3603
vn -0.1966 0.7550 -0.6256
vn 0.0242 0.7657 -0.6428
vn 0.8291 -0.4433 0.3406
vn 0.8507 0.4894 -0.1917
vn -0.1891 0.9238 -0.3328
vn 0.0320 0.9392 -0.3420
vn 0.8250 -0.5352 0.1812
vn -0.2719 0.9058 -0.3250
vn -0.7136 0.6620 -0.2292
vn 0.0172 0.9396 -0.3419
vn 0.9227 -0.3669 0.1185
vn 0.0008 0.9398 -0.3418
vn -0.0400 0.9393 -0.3409
vn 0.0746 0.9368 -0.3418
vn 0.0313 0.9392 -0.3420
vn 0.0035 1.0000 -0.0000
vn -0.0374 0.9993 -0.0000
vn 0.0772 0.9970 -0.0000
vn 0.0340 0.9994 -0.0000
vn 0.8522 0.5232 -0.0000
vn -0.1865 0.9825 -0.0000
vn 0.0347 0.9994 -0.0000
vn 0.8236 -0.5671 -0.0000
vn -0.2693 0.9631 -0.0000
vn -0.7118 0.7024 -0.0000
vn 0.0199 0.9998 -0.0000
vn 0.9217 -0.3878 -0.0000
vn 0.8250 -0.5352 -0.1812
vn -0.2719 0.9058 0.3250
vn -0.7136 0.6620 0.2292
vn 0.0172 0.9396 0.3419
vn 0.9227 -0.3669 -0.1185
vn 0.0008 0.9398 0.3417
vn -0.0400 0.9393 0.3409
vn 0.0746 0.9368 0.3418
vn 0.0313 0.9392 0.3420
vn 0.8507 0.4894 0.1917
vn -0.1891 0.9238 0.3328
vn 0.0320 0.9392 0.3420
vn 0.0235 0.7657 0.6428
vn 0.8464 0.3922 0.3603
vn -0.1966 0.7550 0.6256
vn 0.0242 0.7657 0.6428
vn 0.8291 -0.4433 -0.3406
vn -0.2792 0.7410 0.6107
vn -0.7188 0.5458 0.4307
vn 0.0095 0.7661 0.6426
vn 0.9254 -0.3068 -0.2227
vn -0.0069 0.7665 0.6423
vn -0.0477 0.7664 0.6406
vn 0.0668 0.7634 0.6424
vn 0.9295 -0.2147 -0.3000
vn -0.0187 0.5009 0.8653
vn -0.0595 0.5015 0.8631
vn 0.0550 0.4978 0.8656
vn 0.0117 0.5000 0.8660
vn 0.8398 0.2432 0.4855
vn -0.2081 0.4964 0.8428
vn 0.0124 0.4999 0.8660
vn 0.8354 -0.3024 -0.4589
vn -0.2904 0.4885 0.8228
vn -0.7267 0.3677 0.5803
vn -0.0023 0.5004 0.8658
vn -0.0021 0.1739 0.9848
vn 0.8431 -0.1297 -0.5219
vn -0.3042 0.1787 0.9357
vn -0.7364 0.1493 0.6599
vn -0.0169 0.1745 0.9845
vn 0.9345 -0.1018 -0.3411
vn -0.0332 0.1752 0.9840
vn -0.0740 0.1765 0.9815
vn 0.0405 0.1719 0.9843
vn -0.0028 0.1739 0.9848
vn 0.8316 0.0604 0.5521
vn -0.2223 0.1791 0.9584
vn -0.0183 -0.1730 0.9848
vn 0.8229 -0.1341 0.5521
vn -0.2373 -0.1586 0.9584
vn -0.0176 -0.1730 0.9848
vn 0.8513 0.0542 -0.5219
vn -0.3189 -0.1509 0.9357
vn -0.7468 -0.0832 0.6599
vn -0.0323 -0.1723 0.9845
vn 0.9398 0.0183 -0.3411
vn -0.0487 -0.1715 0.9840
vn -0.0894 -0.1693 0.9815
vn 0.0251 -0.1748 0.9843
vn -0.0468 -0.4983 0.8658
vn 0.9449 0.1313 -0.3000
vn -0.0632 -0.4972 0.8653
vn -0.1039 -0.4942 0.8631
vn 0.0105 -0.5007 0.8656
vn -0.0328 -0.4990 0.8660
vn 0.8148 -0.3168 0.4855
vn -0.2514 -0.4759 0.8428
vn -0.0321 -0.4990 0.8660
vn 0.8590 0.2270 -0.4589
vn -0.3327 -0.4607 0.8228
vn -0.7565 -0.3017 0.5803
vn -0.0439 -0.7648 0.6428
vn 0.8653 0.3678 -0.3406
vn -0.3440 -0.7132 0.6107
vn -0.7644 -0.4797 0.4307
vn -0.0587 -0.7640 0.6426
vn 0.9490 0.2233 -0.2227
vn -0.0750 -0.7628 0.6422
vn -0.1157 -0.7591 0.6406
vn -0.0013 -0.7663 0.6424
vn -0.0446 -0.7648 0.6428
vn 0.8082 -0.4659 0.3603
vn -0.2630 -0.7345 0.6256
vn -0.0090 -0.9397 0.3418
vn -0.0523 -0.9382 0.3420
vn 0.8038 -0.5631 0.1917
vn -0.2705 -0.9034 0.3328
vn -0.0516 -0.9383 0.3420
vn 0.8694 0.4597 -0.1812
vn -0.3513 -0.8781 0.3249
vn -0.7696 -0.5960 0.2292
vn -0.0664 -0.9374 0.3419
vn 0.9516 0.2834 -0.1185
vn -0.0827 -0.9362 0.3417
vn -0.1234 -0.9320 0.3409
vn -0.0691 -0.9976 -0.0000
vn 0.9526 0.3043 -0.0000
vn -0.0854 -0.9963 -0.0000
vn -0.1261 -0.9920 -0.0000
vn -0.0117 -0.9999 -0.0000
vn -0.0550 -0.9985 -0.0000
vn 0.8023 -0.5969 -0.0000
vn -0.2731 -0.9620 -0.0000
vn -0.0543 -0.9985 -0.0000
vn 0.8708 0.4917 -0.0000
vn -0.3539 -0.9353 -0.0000
vn -0.7714 -0.6363 -0.0000
vn -0.2705 -0.9034 -0.3329
vn -0.0516 -0.9383 -0.3420
vn 0.8694 0.4597 0.1812
vn -0.3513 -0.8781 -0.3249
vn -0.7696 -0.5960 -0.2292
vn -0.0664 -0.9374 -0.3419
vn 0.9516 0.2834 0.1185
vn -0.0827 -0.9361 -0.3417
vn -0.1234 -0.9320 -0.3409
vn -0.0090 -0.9397 -0.3418
vn -0.0524 -0.9382 -0.3420
vn 0.8038 -0.5631 -0.1917
vn -0.0013 -0.7663 -0.6424
vn -0.0446 -0.7648 -0.6428
vn 0.8082 -0.4658 -0.3603
vn -0.2630 -0.7345 -0.6256
vn -0.0439 -0.7648 -0.6428
vn 0.8653 0.3678 0.3406
vn -0.3440 -0.7132 -0.6107
vn -0.7644 -0.4797 -0.4307
vn -0.0587 -0.7640 -0.6426
vn 0.9490 0.2234 0.2226
vn -0.0750 -0.7628 -0.6423
vn -0.1157 -0.7591 -0.6406
vn -0.7565 -0.3017 -0.5803
vn -0.0468 -0.4983 -0.8658
vn 0.9449 0.1313 0.3000
vn -0.0632 -0.4972 -0.8653
vn -0.1039 -0.4942 -0.8631
vn 0.0105 -0.5007 -0.8656
vn -0.0328 -0.4990 -0.8660
vn 0.8148 -0.3168 -0.4855
vn -0.2514 -0.4759 -0.8428
vn -0.0321 -0.4990 -0.8660
vn 0.8590 0.2270 0.4589
vn -0.3327 -0.4607 -0.8228
vn -0.2373 -0.1586 -0.9584
vn -0.0176 -0.1730 -0.9848
vn 0.8513 0.0542 0.5219
vn -0.3189 -0.1509 -0.9357
vn -0.7468 -0.0832 -0.6598
vn -0.0323 -0.1723 -0.9845
vn 0.9398 0.0183 0.3411
vn -0.0487 -0.1715 -0.9840
vn -0.0894 -0.1693 -0.9815
vn 0.0251 -0.1748 -0.9843
vn -0.0183 -0.1730 -0.9848
vn 0.8229 -0.1341 -0.5521
vn 0.0089 0.1737 0.9848
vn -0.8475 -0.0966 -0.5219
vn 0.3110 0.1667 0.9357
vn 0.7417 0.1204 0.6598
vn 0.0237 0.1737 0.9845
vn -0.9377 -0.0652 -0.3411
vn 0.0401 0.1737 0.9840
vn 0.0808 0.1735 0.9815
vn -0.0338 0.1734 0.9843
vn 0.0096 0.1737 0.9848
vn -0.8286 0.0928 0.5521
vn 0.2291 0.1702 0.9584
vn 0.0791 0.4988 0.8631
vn -0.0355 0.4996 0.8656
vn 0.0078 0.5000 0.8660
vn -0.8296 0.2758 0.4855
vn 0.2274 0.4878 0.8428
vn 0.0071 0.5000 0.8660
vn -0.8466 -0.2696 -0.4589
vn 0.3093 0.4768 0.8228
vn 0.7405 0.3390 0.5803
vn 0.0219 0.5000 0.8658
vn -0.9371 -0.1783 -0.3000
vn 0.0383 0.4998 0.8653
vn 0.3079 0.7295 0.6107
vn 0.7395 0.5173 0.4307
vn 0.0205 0.7659 0.6426
vn -0.9366 -0.2704 -0.2227
vn 0.0368 0.7656 0.6422
vn 0.0776 0.7639 0.6406
vn -0.0370 0.7654 0.6424
vn 0.0064 0.7661 0.6427
vn -0.8304 0.4249 0.3603
vn 0.2260 0.7467 0.6255
vn 0.0057 0.7661 0.6427
vn -0.8458 -0.4105 -0.3406
vn -0.8309 0.5223 0.1917
vn 0.2250 0.9157 0.3329
vn 0.0047 0.9397 0.3420
vn -0.8453 -0.5026 -0.1812
vn 0.3070 0.8945 0.3250
vn 0.7389 0.6336 0.2292
vn 0.0195 0.9395 0.3419
vn -0.9363 -0.3306 -0.1185
vn 0.0359 0.9391 0.3417
vn 0.0767 0.9370 0.3409
vn -0.0379 0.9390 0.3418
vn 0.0054 0.9397 0.3420
vn 0.0356 0.9994 -0.0000
vn 0.0764 0.9971 -0.0000
vn -0.0382 0.9993 -0.0000
vn 0.0051 1.0000 -0.0000
vn -0.8311 0.5561 -0.0000
vn 0.2247 0.9744 -0.0000
vn 0.0044 1.0000 -0.0000
vn -0.8452 -0.5345 -0.0000
vn 0.3067 0.9518 -0.0000
vn 0.7387 0.6741 -0.0000
vn 0.0192 0.9998 -0.0000
vn -0.9362 -0.3515 -0.0000
vn -0.8453 -0.5026 0.1812
vn 0.3070 0.8945 -0.3249
vn 0.7389 0.6336 -0.2292
vn 0.0195 0.9395 -0.3419
vn -0.9363 -0.3306 0.1185
vn 0.0359 0.9391 -0.3417
vn 0.0767 0.9370 -0.3409
vn -0.0379 0.9390 -0.3418
vn 0.0054 0.9397 -0.3420
vn -0.8309 0.5223 -0.1917
vn 0.2250 0.9157 -0.3329
vn 0.0047 0.9397 -0.3420
vn 0.0064 0.7660 -0.6428
vn -0.8304 0.4249 -0.3603
vn 0.2260 0.7467 -0.6256
vn 0.0057 0.7661 -0.6428
vn -0.8458 -0.4105 0.3406
vn 0.3079 0.7295 -0.6107
vn 0.7395 0.5173 -0.4307
vn 0.0205 0.7659 -0.6426
vn -0.9366 -0.2704 0.2226
vn 0.0368 0.7656 -0.6423
vn 0.0776 0.7639 -0.6406
vn -0.0370 0.7654 -0.6424
vn -0.9371 -0.1783 0.3000
vn 0.0383 0.4998 -0.8653
vn 0.0791 0.4988 -0.8631
vn -0.0355 0.4996 -0.8656
vn 0.0078 0.5000 -0.8660
vn -0.8296 0.2758 -0.4855
vn 0.2274 0.4878 -0.8428
vn 0.0071 0.5000 -0.8660
vn -0.8466 -0.2696 0.4589
vn 0.3093 0.4767 -0.8228
vn 0.7405 0.3390 -0.5803
vn 0.0219 0.5000 -0.8658
vn 0.0089 0.1737 -0.9848
vn -0.8475 -0.0966 0.5219
vn 0.3110 0.1667 -0.9357
vn 0.7417 0.1204 -0.6598
vn 0.0237 0.1737 -0.9845
vn -0.9378 -0.0652 0.3411
vn 0.0401 0.1737 -0.9840
vn 0.0809 0.1735 -0.9815
vn -0.0337 0.1734 -0.9843
vn 0.0096 0.1737 -0.9848
vn -0.8286 0.0928 -0.5521
vn 0.2291 0.1702 -0.9584
vn 0.0115 -0.1736 -0.9848
vn -0.8276 -0.1018 -0.5521
vn 0.2309 -0.1677 -0.9584
vn 0.0108 -0.1736 -0.9848
vn -0.8485 0.0874 0.5219
vn 0.3128 -0.1633 -0.9357
vn 0.7430 -0.1123 -0.6598
vn 0.0256 -0.1735 -0.9845
vn -0.9384 0.0551 0.3411
vn 0.0419 -0.1733 -0.9840
vn 0.0827 -0.1726 -0.9815
vn -0.0319 -0.1737 -0.9843
vn 0.0273 -0.4997 -0.8658
vn -0.9390 0.1681 0.3000
vn 0.0437 -0.4993 -0.8653
vn 0.0845 -0.4979 -0.8631
vn -0.0301 -0.4999 -0.8656
vn 0.0133 -0.4999 -0.8660
vn -0.8266 -0.2848 -0.4855
vn 0.2327 -0.4853 -0.8428
vn 0.0126 -0.4999 -0.8660
vn -0.8495 0.2604 0.4589
vn 0.3145 -0.4734 -0.8228
vn 0.7441 -0.3310 -0.5803
vn 0.0140 -0.7659 -0.6428
vn -0.8502 0.4013 0.3406
vn 0.3158 -0.7261 -0.6107
vn 0.7451 -0.5092 -0.4307
vn 0.0288 -0.7657 -0.6426
vn -0.9395 0.2602 0.2226
vn 0.0452 -0.7652 -0.6423
vn 0.0859 -0.7630 -0.6406
vn -0.0286 -0.7658 -0.6425
vn 0.0147 -0.7659 -0.6427
vn -0.8258 -0.4339 -0.3603
vn 0.2341 -0.7442 -0.6255
vn -0.0277 -0.9393 -0.3419
vn 0.0157 -0.9396 -0.3420
vn -0.8252 -0.5313 -0.1917
vn 0.2350 -0.9132 -0.3329
vn 0.0150 -0.9396 -0.3420
vn -0.8507 0.4934 0.1812
vn 0.3167 -0.8911 -0.3250
vn 0.7457 -0.6256 -0.2292
vn 0.0297 -0.9393 -0.3419
vn -0.9398 0.3204 0.1185
vn 0.0461 -0.9387 -0.3417
vn 0.0869 -0.9361 -0.3409
vn 0.0300 -0.9995 -0.0000
vn -0.9400 0.3413 -0.0000
vn 0.0464 -0.9989 -0.0000
vn 0.0872 -0.9962 -0.0000
vn -0.0274 -0.9996 -0.0000
vn 0.0160 -0.9999 -0.0000
vn -0.8250 -0.5651 -0.0000
vn 0.2353 -0.9719 -0.0000
vn 0.0153 -0.9999 -0.0000
vn -0.8509 0.5253 -0.0000
vn 0.3170 -0.9484 -0.0000
vn 0.7460 -0.6660 -0.0000
vn 0.2350 -0.9132 0.3328
vn 0.0149 -0.9396 0.3420
vn -0.8507 0.4934 -0.1812
vn 0.3167 -0.8911 0.3250
vn 0.7457 -0.6256 0.2292
vn 0.0297 -0.9393 0.3419
vn -0.9398 0.3204 -0.1185
vn 0.0461 -0.9387 0.3417
vn 0.0869 -0.9361 0.3409
vn -0.0277 -0.9394 0.3418
vn 0.0157 -0.9396 0.3420
vn -0.8252 -0.5313 0.1917
vn -0.0287 -0.7658 0.6424
vn 0.0147 -0.7659 0.6428
vn -0.8258 -0.4339 0.3603
vn 0.2341 -0.7442 0.6256
vn 0.0140 -0.7659 0.6428
vn -0.8502 0.4013 -0.3406
vn 0.3158 -0.7261 0.6107
vn 0.7451 -0.5092 0.4307
vn 0.0288 -0.7657 0.6426
vn -0.9395 0.2602 -0.2227
vn 0.0452 -0.7652 0.6423
vn 0.0859 -0.7630 0.6406
vn 0.7441 -0.3310 0.5803
vn 0.0273 -0.4997 0.8658
vn -0.9390 0.1681 -0.3000
vn 0.0437 -0.4993 0.8653
vn 0.0845 -0.4979 0.8631
vn -0.0301 -0.4999 0.8656
vn 0.0133 -0.4999 0.8660
vn -0.8266 -0.2848 0.4855
vn 0.2327 -0.4853 0.8428
vn 0.0126 -0.4999 0.8660
vn -0.8495 0.2604 -0.4589
vn 0.3145 -0.4733 0.8228
vn 0.2309 -0.1677 0.9584
vn 0.0108 -0.1736 0.9848
vn -0.8485 0.0874 -0.5219
vn 0.3128 -0.1633 0.9357
vn 0.7429 -0.1123 0.6599
vn 0.0256 -0.1735 0.9845
vn -0.9384 0.0551 -0.3411
vn 0.0419 -0.1733 0.9840
vn 0.0827 -0.1726 0.9815
vn -0.0319 -0.1737 0.9843
vn 0.0115 -0.1736 0.9848
vn -0.8276 -0.1018 0.5521
vn -0.0032 0.1739 -0.9848
vn 0.8439 -0.1244 0.5219
vn -0.3053 0.1768 -0.9357
vn -0.7373 0.1447 -0.6599
vn -0.0179 0.1744 -0.9845
vn 0.9351 -0.0960 0.3411
vn -0.0343 0.1749 -0.9840
vn -0.0751 0.1761 -0.9815
vn 0.0394 0.1722 -0.9843
vn -0.0039 0.1739 -0.9848
vn 0.8312 0.0655 -0.5521
vn -0.2234 0.1777 -0.9584
vn -0.0626 0.5011 -0.8631
vn 0.0519 0.4981 -0.8656
vn 0.0086 0.5000 -0.8660
vn 0.8382 0.2484 -0.4855
vn -0.2112 0.4951 -0.8428
vn 0.0093 0.5000 -0.8660
vn 0.8373 -0.2973 0.4589
vn -0.2935 0.4867 -0.8228
vn -0.7290 0.3632 -0.5803
vn -0.0054 0.5004 -0.8658
vn 0.9308 -0.2090 0.3000
vn -0.0218 0.5008 -0.8653
vn -0.2838 0.7392 -0.6107
vn -0.7221 0.5413 -0.4307
vn 0.0047 0.7662 -0.6426
vn 0.9272 -0.3011 0.2227
vn -0.0116 0.7664 -0.6422
vn -0.0525 0.7661 -0.6406
vn 0.0621 0.7638 -0.6424
vn 0.0188 0.7658 -0.6428
vn 0.8439 0.3974 -0.3603
vn -0.2013 0.7538 -0.6256
vn 0.0195 0.7658 -0.6428
vn 0.8319 -0.4381 0.3406
vn 0.8477 0.4946 -0.1917
vn -0.1948 0.9226 -0.3329
vn 0.0262 0.9393 -0.3420
vn 0.8283 -0.5301 0.1812
vn -0.2775 0.9041 -0.3250
vn -0.7177 0.6576 -0.2292
vn 0.0114 0.9397 -0.3419
vn 0.9249 -0.3612 0.1185
vn -0.0050 0.9398 -0.3417
vn -0.0458 0.9390 -0.3409
vn 0.0688 0.9372 -0.3418
vn 0.0255 0.9394 -0.3420
vn -0.0027 1.0000 -0.0000
vn -0.0435 0.9991 -0.0000
vn 0.0711 0.9975 -0.0000
vn 0.0278 0.9996 -0.0000
vn 0.8490 0.5284 -0.0000
vn -0.1926 0.9813 -0.0000
vn 0.0285 0.9996 -0.0000
vn 0.8271 -0.5620 -0.0000
vn -0.2753 0.9614 -0.0000
vn -0.7161 0.6980 -0.0000
vn 0.0137 0.9999 -0.0000
vn 0.9241 -0.3821 -0.0000
vn 0.8283 -0.5301 -0.1812
vn -0.2774 0.9041 0.3250
vn -0.7177 0.6576 0.2292
vn 0.0114 0.9397 0.3419
vn 0.9249 -0.3612 -0.1185
vn -0.0050 0.9398 0.3417
vn -0.0458 0.9390 0.3409
vn 0.0688 0.9372 0.3418
vn 0.0255 0.9394 0.3420
vn 0.8477 0.4946 0.1917
vn -0.1948 0.9226 0.3328
vn 0.0262 0.9393 0.3420
vn 0.0188 0.7658 0.6428
vn 0.8440 0.3974 0.3603
vn -0.2013 0.7538 0.6256
vn 0.0195 0.7658 0.6428
vn 0.8319 -0.4381 -0.3406
vn -0.2838 0.7392 0.6107
vn -0.7221 0.5413 0.4307
vn 0.0048 0.7662 0.6426
vn 0.9272 -0.3011 -0.2227
vn -0.0116 0.7664 0.6423
vn -0.0525 0.7661 0.6406
vn 0.0621 0.7638 0.6424
vn 0.9308 -0.2090 -0.3000
vn -0.0218 0.5008 0.8653
vn -0.0626 0.5011 0.8631
vn 0.0519 0.4981 0.8656
vn 0.0086 0.5000 0.8660
vn 0.8382 0.2483 0.4855
vn -0.2112 0.4950 0.8428
vn 0.0093 0.5000 0.8660
vn 0.8373 -0.2973 -0.4589
vn -0.2935 0.4867 0.8228
vn -0.7289 0.3632 0.5803
vn -0.0054 0.5004 0.8658
vn -0.0032 0.1739 0.9848
vn 0.8439 -0.1244 -0.5219
vn -0.3053 0.1768 0.9357
vn -0.7373 0.1447 0.6599
vn -0.0179 0.1744 0.9845
vn 0.9351 -0.0961 -0.3411
vn -0.0343 0.1749 0.9840
vn -0.0751 0.1761 0.9815
vn 0.0394 0.1722 0.9843
vn -0.0039 0.1739 0.9848
vn 0.8312 0.0655 0.5521
vn -0.2234 0.1777 0.9584
vn -0.0172 -0.1731 0.9848
vn 0.8238 -0.1290 0.5521
vn -0.2363 -0.1601 0.9584
vn -0.0165 -0.1731 0.9848
vn 0.8509 0.0595 -0.5219
vn -0.3180 -0.1529 0.9357
vn -0.7462 -0.0878 0.6599
vn -0.0312 -0.1725 0.9845
vn 0.9397 0.0242 -0.3411
vn -0.0476 -0.1718 0.9840
vn -0.0884 -0.1698 0.9815
vn 0.0261 -0.1747 0.9843
vn -0.0437 -0.4985 0.8658
vn 0.9440 0.1371 -0.3000
vn -0.0601 -0.4976 0.8653
vn -0.1008 -0.4948 0.8631
vn 0.0136 -0.5006 0.8656
vn -0.0297 -0.4992 0.8660
vn 0.8167 -0.3118 0.4855
vn -0.2485 -0.4774 0.8428
vn -0.0290 -0.4992 0.8660
vn 0.8576 0.2323 -0.4589
vn -0.3299 -0.4628 0.8228
vn -0.7546 -0.3063 0.5803
vn -0.0392 -0.7651 0.6428
vn 0.8630 0.3731 -0.3406
vn -0.3396 -0.7153 0.6107
vn -0.7615 -0.4844 0.4307
vn -0.0539 -0.7643 0.6426
vn 0.9476 0.2292 -0.2227
vn -0.0703 -0.7633 0.6422
vn -0.1110 -0.7598 0.6406
vn 0.0034 -0.7663 0.6424
vn -0.0399 -0.7650 0.6428
vn 0.8110 -0.4609 0.3603
vn -0.2584 -0.7361 0.6256
vn -0.0032 -0.9397 0.3419
vn -0.0465 -0.9385 0.3420
vn 0.8073 -0.5581 0.1917
vn -0.2649 -0.9050 0.3329
vn -0.0458 -0.9386 0.3420
vn 0.8665 0.4651 -0.1812
vn -0.3459 -0.8802 0.3250
vn -0.7659 -0.6007 0.2292
vn -0.0606 -0.9378 0.3419
vn 0.9499 0.2893 -0.1185
vn -0.0769 -0.9366 0.3417
vn -0.1176 -0.9327 0.3409
vn -0.0629 -0.9980 -0.0000
vn 0.9507 0.3102 -0.0000
vn -0.0793 -0.9969 -0.0000
vn -0.1199 -0.9928 -0.0000
vn -0.0055 -1.0000 -0.0000
vn -0.0489 -0.9988 -0.0000
vn 0.8060 -0.5919 -0.0000
vn -0.2671 -0.9637 -0.0000
vn -0.0482 -0.9988 -0.0000
vn 0.8677 0.4970 -0.0000
vn -0.3481 -0.9375 -0.0000
vn -0.7675 -0.6411 -0.0000
vn -0.2649 -0.9050 -0.3328
vn -0.0458 -0.9386 -0.3420
vn 0.8665 0.4651 0.1812
vn -0.3459 -0.8802 -0.3250
vn -0.7659 -0.6007 -0.2292
vn -0.0606 -0.9378 -0.3419
vn 0.9499 0.2893 0.1185
vn -0.0769 -0.9366 -0.3417
vn -0.1176 -0.9327 -0.3409
vn -0.0032 -0.9397 -0.3419
vn -0.0466 -0.9386 -0.3420
vn 0.8073 -0.5581 -0.1917
vn 0.0034 -0.7663 -0.6424
vn -0.0399 -0.7650 -0.6427
vn 0.8110 -0.4608 -0.3603
vn -0.2584 -0.7361 -0.6255
vn -0.0392 -0.7651 -0.6428
vn 0.8630 0.3731 0.3406
vn -0.3396 -0.7154 -0.6107
vn -0.7615 -0.4844 -0.4307
vn -0.0539 -0.7643 -0.6426
vn 0.9476 0.2292 0.2226
vn -0.0703 -0.7633 -0.6422
vn -0.1110 -0.7598 -0.6406
vn -0.7546 -0.3063 -0.5803
vn -0.0438 -0.4985 -0.8658
vn 0.9440 0.1371 0.3000
vn -0.0601 -0.4976 -0.8653
vn -0.1008 -0.4948 -0.8631
vn 0.0136 -0.5006 -0.8656
vn -0.0297 -0.4992 -0.8660
vn 0.8167 -0.3118 -0.4855
vn -0.2485 -0.4774 -0.8428
vn -0.0290 -0.4992 -0.8660
vn 0.8576 0.2323 0.4589
vn -0.3299 -0.4628 -0.8228
vn -0.2363 -0.1601 -0.9584
vn -0.0165 -0.1731 -0.9848
vn 0.8510 0.0595 0.5219
vn -0.3180 -0.1529 -0.9357
vn -0.7462 -0.0878 -0.6599
vn -0.0312 -0.1725 -0.9845
vn 0.9397 0.0241 0.3411
vn -0.0476 -0.1718 -0.9840
vn -0.0884 -0.1698 -0.9815
vn 0.0261 -0.1747 -0.9843
vn -0.0172 -0.1731 -0.9848
vn 0.8238 -0.1290 -0.5521
vn -0.8381 -0.1589 -0.5219
vn 0.2978 0.1892 0.9357
vn 0.7308 0.1748 0.6599
vn 0.0108 0.1750 0.9845
vn -0.9304 -0.1343 -0.3411
vn 0.0271 0.1762 0.9840
vn 0.0678 0.1790 0.9815
vn -0.0465 0.1704 0.9843
vn -0.8332 0.0314 0.5521
vn 0.2159 0.1867 0.9584
vn 0.0421 0.5032 0.8631
vn -0.0723 0.4956 0.8656
vn -0.0291 0.4992 0.8660
vn -0.8477 0.2138 0.4855
vn 0.1907 0.5033 0.8428
vn -0.0298 0.4992 0.8660
vn -0.8244 -0.3313 -0.4589
vn 0.2733 0.4982 0.8228
vn 0.7135 0.3928 0.5803
vn -0.0151 0.5002 0.8658
vn -0.9214 -0.2470 -0.3000
vn 0.0013 0.5012 0.8653
vn 0.2533 0.7503 0.6107
vn 0.6993 0.5705 0.4307
vn -0.0361 0.7654 0.6426
vn -0.9141 -0.3388 -0.2227
vn -0.0198 0.7663 0.6422
vn 0.0211 0.7676 0.6406
vn -0.0934 0.7606 0.6424
vn -0.0502 0.7644 0.6428
vn -0.8595 0.3625 0.3603
vn 0.1702 0.7614 0.6256
vn -0.0509 0.7644 0.6428
vn -0.8132 -0.4718 -0.3406
vn -0.8672 0.4595 0.1917
vn 0.1569 0.9298 0.3329
vn -0.0646 0.9375 0.3420
vn -0.8059 -0.5636 -0.1812
vn 0.2402 0.9147 0.3250
vn 0.6901 0.6864 0.2292
vn -0.0499 0.9384 0.3419
vn -0.9094 -0.3988 -0.1185
vn -0.0335 0.9392 0.3417
vn 0.0074 0.9401 0.3409
vn -0.1071 0.9336 0.3418
vn -0.0639 0.9375 0.3420
vn -0.0383 0.9993 -0.0000
vn 0.0026 1.0000 -0.0000
vn -0.1119 0.9937 -0.0000
vn -0.0687 0.9976 -0.0000
vn -0.8699 0.4932 -0.0000
vn 0.1522 0.9883 -0.0000
vn -0.0694 0.9976 -0.0000
vn -0.8034 -0.5954 -0.0000
vn 0.2357 0.9718 -0.0000
vn 0.6869 0.7267 -0.0000
vn -0.0546 0.9985 -0.0000
vn -0.9077 -0.4196 -0.0000
vn -0.8059 -0.5636 0.1812
vn 0.2402 0.9147 -0.3250
vn 0.6901 0.6864 -0.2292
vn -0.0499 0.9384 -0.3419
vn -0.9094 -0.3988 0.1185
vn -0.0335 0.9392 -0.3417
vn 0.0074 0.9401 -0.3409
vn -0.1071 0.9336 -0.3418
vn -0.0639 0.9375 -0.3420
vn -0.8672 0.4595 -0.1917
vn 0.1569 0.9298 -0.3329
vn -0.0646 0.9375 -0.3420
vn -0.0502 0.7644 -0.6428
vn -0.8595 0.3625 -0.3603
vn 0.1702 0.7614 -0.6256
vn -0.0509 0.7644 -0.6428
vn -0.8132 -0.4718 0.3406
vn 0.2533 0.7503 -0.6107
vn 0.6993 0.5705 -0.4307
vn -0.0361 0.7654 -0.6426
vn -0.9141 -0.3388 0.2226
vn -0.0198 0.7662 -0.6423
vn 0.0211 0.7676 -0.6406
vn -0.0933 0.7606 -0.6424
vn -0.9214 -0.2470 0.3000
vn 0.0013 0.5013 -0.8653
vn 0.0421 0.5032 -0.8631
vn -0.0723 0.4956 -0.8656
vn -0.0291 0.4992 -0.8660
vn -0.8477 0.2138 -0.4855
vn 0.1908 0.5033 -0.8428
vn -0.0298 0.4992 -0.8660
vn -0.8244 -0.3313 0.4589
vn 0.2733 0.4983 -0.8228
vn 0.7135 0.3928 -0.5803
vn -0.0151 0.5002 -0.8658
vn -0.8381 -0.1589 0.5219
vn 0.2978 0.1892 -0.9357
vn 0.7308 0.1748 -0.6598
vn 0.0108 0.1750 -0.9845
vn -0.9304 -0.1343 0.3411
vn 0.0271 0.1762 -0.9840
vn 0.0678 0.1790 -0.9815
vn -0.0464 0.1704 -0.9843
vn -0.8332 0.0314 -0.5521
vn 0.2159 0.1867 -0.9584
vn 0.0243 -0.1723 -0.9848
vn -0.8178 -0.1626 -0.5521
vn 0.2427 -0.1502 -0.9584
vn 0.0236 -0.1723 -0.9848
vn -0.8527 0.0246 0.5219
vn 0.3240 -0.1398 -0.9357
vn 0.7492 -0.0572 -0.6598
vn 0.0383 -0.1711 -0.9845
vn -0.9399 -0.0143 0.3411
vn 0.0546 -0.1697 -0.9840
vn 0.0952 -0.1660 -0.9815
vn -0.0190 -0.1756 -0.9843
vn 0.0641 -0.4963 -0.8658
vn -0.9489 0.0983 0.3000
vn 0.0804 -0.4948 -0.8653
vn 0.1210 -0.4903 -0.8631
vn 0.0069 -0.5008 -0.8656
vn 0.0501 -0.4976 -0.8660
vn -0.8033 -0.3450 -0.4855
vn 0.2678 -0.4668 -0.8428
vn 0.0494 -0.4976 -0.8660
vn -0.8664 0.1970 0.4589
vn 0.3485 -0.4489 -0.8228
vn 0.7665 -0.2752 -0.5803
vn 0.0705 -0.7628 -0.6428
vn -0.8775 0.3375 0.3406
vn 0.3686 -0.7008 -0.6107
vn 0.7807 -0.4529 -0.4307
vn 0.0852 -0.7615 -0.6426
vn -0.9562 0.1902 0.2226
vn 0.1015 -0.7597 -0.6422
vn 0.1420 -0.7546 -0.6406
vn 0.0279 -0.7658 -0.6424
vn 0.0712 -0.7628 -0.6427
vn -0.7915 -0.4937 -0.3603
vn 0.2883 -0.7249 -0.6255
vn 0.0417 -0.9388 -0.3418
vn 0.0849 -0.9358 -0.3420
vn -0.7838 -0.5907 -0.1917
vn 0.3017 -0.8934 -0.3328
vn 0.0842 -0.9359 -0.3420
vn -0.8848 0.4292 0.1812
vn 0.3816 -0.8653 -0.3250
vn 0.7899 -0.5688 -0.2292
vn 0.0989 -0.9345 -0.3419
vn -0.9609 0.2502 0.1185
vn 0.1152 -0.9327 -0.3417
vn 0.1557 -0.9271 -0.3409
vn 0.1037 -0.9946 -0.0000
vn -0.9626 0.2710 -0.0000
vn 0.1200 -0.9928 -0.0000
vn 0.1605 -0.9870 -0.0000
vn 0.0465 -0.9989 -0.0000
vn 0.0897 -0.9960 -0.0000
vn -0.7811 -0.6244 -0.0000
vn 0.3064 -0.9519 -0.0000
vn 0.0890 -0.9960 -0.0000
vn -0.8874 0.4611 -0.0000
vn 0.3862 -0.9224 -0.0000
vn 0.7931 -0.6091 -0.0000
vn 0.3017 -0.8934 0.3329
vn 0.0842 -0.9359 0.3420
vn -0.8848 0.4292 -0.1813
vn 0.3816 -0.8653 0.3250
vn 0.7899 -0.5688 0.2292
vn 0.0989 -0.9345 0.3419
vn -0.9609 0.2502 -0.1185
vn 0.1152 -0.9327 0.3417
vn 0.1557 -0.9271 0.3409
vn 0.0417 -0.9388 0.3418
vn 0.0849 -0.9359 0.3420
vn -0.7838 -0.5907 0.1917
vn 0.0279 -0.7658 0.6424
vn 0.0712 -0.7628 0.6428
vn -0.7915 -0.4937 0.3603
vn 0.2883 -0.7249 0.6256
vn 0.0705 -0.7628 0.6428
vn -0.8775 0.3375 -0.3406
vn 0.3686 -0.7008 0.6107
vn 0.7807 -0.4529 0.4307
vn 0.0852 -0.7615 0.6426
vn -0.9562 0.1902 -0.2227
vn 0.1015 -0.7597 0.6422
vn 0.1420 -0.7546 0.6406
vn 0.7665 -0.2752 0.5803
vn 0.0641 -0.4963 0.8658
vn -0.9489 0.0983 -0.3000
vn 0.0804 -0.4948 0.8653
vn 0.1210 -0.4903 0.8631
vn 0.0069 -0.5008 0.8656
vn 0.0501 -0.4976 0.8660
vn -0.8033 -0.3450 0.4855
vn 0.2678 -0.4668 0.8428
vn 0.0494 -0.4976 0.8660
vn -0.8664 0.1970 -0.4589
vn 0.3485 -0.4489 0.8228
vn 0.2427 -0.1502 0.9584
vn 0.0236 -0.1723 0.9848
vn -0.8527 0.0246 -0.5219
vn 0.3240 -0.1397 0.9357
vn 0.7492 -0.0572 0.6599
vn 0.0383 -0.1711 0.9845
vn -0.9399 -0.0143 -0.3411
vn 0.0546 -0.1697 0.9840
vn 0.0952 -0.1660 0.9815
vn -0.0190 -0.1756 0.9843
vn 0.0243 -0.1723 0.9848
vn -0.8178 -0.1626 0.5521
vn -0.0216 0.1726 -0.9848
vn 0.8523 -0.0342 0.5219
vn -0.3224 0.1434 -0.9357
vn -0.7485 0.0657 -0.6598
vn -0.0363 0.1715 -0.9845
vn 0.9400 0.0037 0.3411
vn -0.0527 0.1703 -0.9840
vn -0.0934 0.1671 -0.9815
vn 0.0209 0.1754 -0.9843
vn -0.0223 0.1725 -0.9848
vn 0.8196 0.1534 -0.5521
vn -0.2410 0.1530 -0.9584
vn -0.1154 0.4916 -0.8631
vn -0.0012 0.5008 -0.8656
vn -0.0445 0.4981 -0.8660
vn 0.8072 0.3358 -0.4855
vn -0.2625 0.4699 -0.8428
vn -0.0438 0.4982 -0.8660
vn 0.8641 -0.2068 0.4589
vn -0.3434 0.4528 -0.8228
vn -0.7634 0.2838 -0.5803
vn -0.0585 0.4970 -0.8658
vn 0.9477 -0.1091 0.3000
vn -0.0748 0.4956 -0.8653
vn -0.3606 0.7050 -0.6107
vn -0.7755 0.4617 -0.4307
vn -0.0765 0.7624 -0.6426
vn 0.9539 -0.2011 0.2227
vn -0.0929 0.7608 -0.6423
vn -0.1334 0.7562 -0.6406
vn -0.0192 0.7661 -0.6424
vn -0.0625 0.7635 -0.6428
vn 0.7970 0.4847 -0.3603
vn -0.2801 0.7282 -0.6256
vn -0.0618 0.7636 -0.6428
vn 0.8736 -0.3474 0.3406
vn 0.7904 0.5818 -0.1917
vn -0.2916 0.8968 -0.3328
vn -0.0736 0.9368 -0.3420
vn 0.8799 -0.4392 0.1812
vn -0.3718 0.8696 -0.3249
vn -0.7834 0.5778 -0.2292
vn -0.0883 0.9356 -0.3419
vn 0.9580 -0.2611 0.1185
vn -0.1046 0.9340 -0.3417
vn -0.1452 0.9288 -0.3409
vn -0.0310 0.9392 -0.3418
vn -0.0743 0.9368 -0.3420
vn -0.1087 0.9941 -0.0000
vn -0.1493 0.9888 -0.0000
vn -0.0351 0.9994 -0.0000
vn -0.0784 0.9969 -0.0000
vn 0.7881 0.6155 -0.0000
vn -0.2956 0.9553 -0.0000
vn -0.0777 0.9970 -0.0000
vn 0.8821 -0.4711 -0.0000
vn -0.3757 0.9268 -0.0000
vn -0.7861 0.6181 -0.0000
vn -0.0924 0.9957 -0.0000
vn 0.9594 -0.2819 -0.0000
vn 0.8799 -0.4393 -0.1813
vn -0.3718 0.8696 0.3250
vn -0.7834 0.5778 0.2292
vn -0.0883 0.9356 0.3419
vn 0.9580 -0.2610 -0.1185
vn -0.1046 0.9340 0.3417
vn -0.1452 0.9288 0.3409
vn -0.0310 0.9392 0.3418
vn -0.0743 0.9368 0.3420
vn 0.7904 0.5818 0.1917
vn -0.2916 0.8968 0.3328
vn -0.0736 0.9368 0.3420
vn -0.0625 0.7635 0.6428
vn 0.7970 0.4846 0.3603
vn -0.2801 0.7282 0.6256
vn -0.0618 0.7636 0.6428
vn 0.8737 -0.3474 -0.3406
vn -0.3606 0.7050 0.6107
vn -0.7755 0.4617 0.4307
vn -0.0765 0.7624 0.6426
vn 0.9539 -0.2011 -0.2227
vn -0.0929 0.7609 0.6422
vn -0.1334 0.7562 0.6406
vn -0.0192 0.7661 0.6424
vn 0.9477 -0.1091 -0.3000
vn -0.0748 0.4956 0.8653
vn -0.1154 0.4916 0.8631
vn -0.0012 0.5008 0.8656
vn -0.0445 0.4981 0.8660
vn 0.8072 0.3359 0.4855
vn -0.2625 0.4699 0.8428
vn -0.0438 0.4982 0.8660
vn 0.8641 -0.2068 -0.4589
vn -0.3434 0.4528 0.8228
vn -0.7634 0.2839 0.5803
vn -0.0585 0.4970 0.8658
vn -0.0216 0.1726 0.9848
vn 0.8523 -0.0343 -0.5219
vn -0.3224 0.1434 0.9357
vn -0.7485 0.0657 0.6599
vn -0.0363 0.1715 0.9845
vn 0.9400 0.0037 -0.3411
vn -0.0527 0.1703 0.9840
vn -0.0933 0.1671 0.9815
vn 0.0210 0.1754 0.9843
vn -0.0223 0.1725 0.9848
vn 0.8196 0.1533 0.5521
vn -0.2410 0.1530 0.9584
vn 0.0013 -0.1740 0.9848
vn 0.8328 -0.0409 0.5521
vn -0.2180 -0.1842 0.9584
vn 0.0020 -0.1739 0.9848
vn 0.8398 0.1494 -0.5219
vn -0.3000 -0.1858 0.9357
vn -0.7327 -0.1665 0.6599
vn -0.0128 -0.1749 0.9845
vn 0.9318 0.1237 -0.3411
vn -0.0291 -0.1759 0.9840
vn -0.0699 -0.1782 0.9815
vn 0.0445 -0.1709 0.9843
vn 0.0094 -0.5004 0.8658
vn 0.9242 0.2365 -0.3000
vn -0.0070 -0.5012 0.8653
vn -0.0478 -0.5027 0.8631
vn 0.0667 -0.4964 0.8656
vn 0.0234 -0.4995 0.8660
vn 0.8452 -0.2234 0.4855
vn -0.1964 -0.5011 0.8428
vn 0.0241 -0.4995 0.8660
vn 0.8281 0.3219 -0.4589
vn -0.2789 -0.4951 0.8228
vn -0.7179 -0.3846 0.5803
vn 0.0422 -0.7649 0.6428
vn 0.8185 0.4626 -0.3406
vn -0.2618 -0.7473 0.6107
vn -0.7058 -0.5625 0.4307
vn 0.0274 -0.7657 0.6426
vn 0.9179 0.3284 -0.2227
vn 0.0111 -0.7664 0.6422
vn -0.0298 -0.7673 0.6406
vn 0.0847 -0.7616 0.6425
vn 0.0415 -0.7650 0.6427
vn 0.8553 -0.3722 0.3603
vn -0.1789 -0.7594 0.6256
vn 0.0965 -0.9348 0.3418
vn 0.0533 -0.9382 0.3420
vn 0.8619 -0.4693 0.1917
vn -0.1674 -0.9280 0.3329
vn 0.0540 -0.9381 0.3420
vn 0.8123 0.5544 -0.1812
vn -0.2506 -0.9119 0.3250
vn -0.6979 -0.6786 0.2292
vn 0.0392 -0.9389 0.3419
vn 0.9138 0.3884 -0.1185
vn 0.0228 -0.9395 0.3417
vn -0.0180 -0.9399 0.3409
vn 0.0433 -0.9991 -0.0000
vn 0.9124 0.4093 -0.0000
vn 0.0269 -0.9996 -0.0000
vn -0.0139 -0.9999 -0.0000
vn 0.1006 -0.9949 -0.0000
vn 0.0574 -0.9984 -0.0000
vn 0.8642 -0.5031 -0.0000
vn -0.1634 -0.9866 -0.0000
vn 0.0581 -0.9983 -0.0000
vn 0.8101 0.5863 -0.0000
vn -0.2467 -0.9691 -0.0000
vn -0.6951 -0.7189 -0.0000
vn -0.1674 -0.9280 -0.3328
vn 0.0540 -0.9381 -0.3420
vn 0.8123 0.5544 0.1812
vn -0.2506 -0.9119 -0.3250
vn -0.6979 -0.6786 -0.2292
vn 0.0392 -0.9389 -0.3419
vn 0.9138 0.3884 0.1185
vn 0.0228 -0.9395 -0.3417
vn -0.0180 -0.9399 -0.3409
vn 0.0965 -0.9348 -0.3418
vn 0.0533 -0.9382 -0.3420
vn 0.8619 -0.4693 -0.1917
vn 0.0847 -0.7616 -0.6424
vn 0.0415 -0.7649 -0.6428
vn 0.8553 -0.3722 -0.3603
vn -0.1789 -0.7594 -0.6255
vn 0.0422 -0.7649 -0.6428
vn 0.8185 0.4626 0.3406
vn -0.2618 -0.7473 -0.6107
vn -0.7058 -0.5625 -0.4307
vn 0.0274 -0.7657 -0.6426
vn 0.9179 0.3284 0.2227
vn 0.0111 -0.7664 -0.6422
vn -0.0298 -0.7673 -0.6406
vn -0.7179 -0.3846 -0.5803
vn 0.0094 -0.5004 -0.8658
vn 0.9242 0.2365 0.3000
vn -0.0070 -0.5012 -0.8653
vn -0.0478 -0.5027 -0.8631
vn 0.0667 -0.4964 -0.8656
vn 0.0234 -0.4995 -0.8660
vn 0.8452 -0.2234 -0.4855
vn -0.1965 -0.5011 -0.8428
vn 0.0241 -0.4995 -0.8660
vn 0.8281 0.3219 0.4589
vn -0.2789 -0.4951 -0.8228
vn -0.2180 -0.1842 -0.9584
vn 0.0020 -0.1739 -0.9848
vn 0.8398 0.1494 0.5219
vn -0.3000 -0.1858 -0.9357
vn -0.7327 -0.1665 -0.6598
vn -0.0128 -0.1749 -0.9845
vn 0.9318 0.1237 0.3411
vn -0.0291 -0.1759 -0.9840
vn -0.0699 -0.1782 -0.9815
vn 0.0445 -0.1709 -0.9843
vn 0.0013 -0.1740 -0.9848
vn 0.8328 -0.0409 -0.5521
vn -0.0054 0.1738 0.9848
vn -0.8367 -0.1661 -0.5219
vn 0.2962 0.1917 0.9357
vn 0.7293 0.1810 0.6599
vn 0.0093 0.1751 0.9845
vn -0.9292 -0.1422 -0.3411
vn 0.0256 0.1764 0.9840
vn 0.0663 0.1796 0.9815
vn -0.0479 0.1700 0.9843
vn -0.0047 0.1739 0.9848
vn -0.8334 0.0243 0.5521
vn 0.2143 0.1885 0.9584
vn 0.0378 0.5036 0.8631
vn -0.0765 0.4949 0.8656
vn -0.0334 0.4990 0.8660
vn -0.8495 0.2066 0.4855
vn 0.1864 0.5049 0.8428
vn -0.0341 0.4989 0.8660
vn -0.8215 -0.3383 -0.4589
vn 0.2690 0.5006 0.8228
vn 0.7101 0.3989 0.5803
vn -0.0193 0.5001 0.8658
vn -0.9193 -0.2548 -0.3000
vn -0.0030 0.5012 0.8653
vn 0.2468 0.7524 0.6107
vn 0.6944 0.5764 0.4307
vn -0.0427 0.7650 0.6426
vn -0.9112 -0.3466 -0.2227
vn -0.0263 0.7660 0.6422
vn 0.0145 0.7677 0.6406
vn -0.0999 0.7598 0.6424
vn -0.0567 0.7640 0.6428
vn -0.8626 0.3551 0.3603
vn 0.1637 0.7628 0.6256
vn -0.0574 0.7639 0.6428
vn -0.8092 -0.4788 -0.3406
vn -0.8711 0.4521 0.1917
vn 0.1489 0.9312 0.3329
vn -0.0726 0.9369 0.3420
vn -0.8011 -0.5705 -0.1812
vn 0.2324 0.9167 0.3250
vn 0.6842 0.6923 0.2292
vn -0.0579 0.9379 0.3419
vn -0.9059 -0.4065 -0.1185
vn -0.0415 0.9389 0.3417
vn -0.0007 0.9401 0.3409
vn -0.1151 0.9327 0.3418
vn -0.0719 0.9369 0.3420
vn -0.0468 0.9989 -0.0000
vn -0.0060 1.0000 -0.0000
vn -0.1204 0.9927 -0.0000
vn -0.0772 0.9970 -0.0000
vn -0.8741 0.4858 -0.0000
vn 0.1437 0.9896 -0.0000
vn -0.0779 0.9970 -0.0000
vn -0.7983 -0.6023 -0.0000
vn 0.2273 0.9738 -0.0000
vn 0.6807 0.7326 -0.0000
vn -0.0632 0.9980 -0.0000
vn -0.9041 -0.4274 -0.0000
vn -0.8011 -0.5704 0.1812
vn 0.2324 0.9167 -0.3250
vn 0.6842 0.6923 -0.2292
vn -0.0579 0.9379 -0.3419
vn -0.9059 -0.4065 0.1185
vn -0.0415 0.9389 -0.3417
vn -0.0007 0.9401 -0.3409
vn -0.1151 0.9327 -0.3418
vn -0.0719 0.9369 -0.3420
vn -0.8711 0.4521 -0.1917
vn 0.1489 0.9311 -0.3329
vn -0.0726 0.9369 -0.3420
vn -0.0567 0.7640 -0.6428
vn -0.8626 0.3551 -0.3603
vn 0.1637 0.7628 -0.6256
vn -0.0574 0.7639 -0.6428
vn -0.8092 -0.4788 0.3406
vn 0.2468 0.7524 -0.6107
vn 0.6944 0.5764 -0.4307
vn -0.0427 0.7650 -0.6426
vn -0.9112 -0.3466 0.2226
vn -0.0263 0.7660 -0.6422
vn 0.0145 0.7677 -0.6406
vn -0.0999 0.7598 -0.6424
vn -0.9193 -0.2548 0.3000
vn -0.0030 0.5012 -0.8653
vn 0.0378 0.5036 -0.8631
vn -0.0765 0.4949 -0.8656
vn -0.0334 0.4990 -0.8660
vn -0.8495 0.2066 -0.4855
vn 0.1864 0.5049 -0.8428
vn -0.0341 0.4989 -0.8660
vn -0.8215 -0.3383 0.4589
vn 0.2690 0.5006 -0.8228
vn 0.7101 0.3989 -0.5803
vn -0.0193 0.5001 -0.8658
vn -0.0054 0.1738 -0.9848
vn -0.8367 -0.1661 0.5219
vn 0.2962 0.1917 -0.9357
vn 0.7293 0.1810 -0.6599
vn 0.0093 0.1751 -0.9845
vn -0.9292 -0.1422 0.3411
vn 0.0256 0.1764 -0.9840
vn 0.0663 0.1796 -0.9815
vn -0.0479 0.1700 -0.9843
vn -0.0047 0.1739 -0.9848
vn -0.8334 0.0243 -0.5521
vn 0.2143 0.1885 -0.9584
vn 0.0257 -0.1720 -0.9848
vn -0.8164 -0.1696 -0.5521
vn 0.2440 -0.1482 -0.9584
vn 0.0250 -0.1721 -0.9848
vn -0.8529 0.0173 0.5219
vn 0.3252 -0.1370 -0.9357
vn 0.7497 -0.0508 -0.6598
vn 0.0398 -0.1708 -0.9845
vn -0.9398 -0.0224 0.3411
vn 0.0561 -0.1692 -0.9840
vn 0.0967 -0.1652 -0.9815
vn -0.0175 -0.1758 -0.9843
vn 0.0684 -0.4958 -0.8658
vn -0.9497 0.0902 0.3000
vn 0.0847 -0.4941 -0.8653
vn 0.1252 -0.4892 -0.8631
vn 0.0112 -0.5007 -0.8656
vn 0.0544 -0.4971 -0.8660
vn -0.8003 -0.3519 -0.4855
vn 0.2718 -0.4645 -0.8428
vn 0.0537 -0.4972 -0.8660
vn -0.8680 0.1895 0.4589
vn 0.3524 -0.4459 -0.8228
vn 0.7689 -0.2686 -0.5803
vn 0.0770 -0.7622 -0.6428
vn -0.8804 0.3300 0.3406
vn 0.3746 -0.6977 -0.6107
vn 0.7845 -0.4462 -0.4307
vn 0.0917 -0.7607 -0.6426
vn -0.9578 0.1820 0.2226
vn 0.1080 -0.7589 -0.6422
vn 0.1485 -0.7534 -0.6406
vn 0.0345 -0.7656 -0.6424
vn 0.0777 -0.7621 -0.6427
vn -0.7872 -0.5004 -0.3603
vn 0.2945 -0.7224 -0.6256
vn 0.0497 -0.9384 -0.3418
vn 0.0930 -0.9351 -0.3420
vn -0.7787 -0.5974 -0.1917
vn 0.3094 -0.8908 -0.3329
vn 0.0923 -0.9352 -0.3420
vn -0.8885 0.4216 0.1812
vn 0.3890 -0.8620 -0.3250
vn 0.7947 -0.5621 -0.2292
vn 0.1069 -0.9336 -0.3419
vn -0.9630 0.2419 0.1185
vn 0.1232 -0.9317 -0.3417
vn 0.1636 -0.9258 -0.3409
vn 0.1122 -0.9937 -0.0000
vn -0.9649 0.2627 -0.0000
vn 0.1285 -0.9917 -0.0000
vn 0.1689 -0.9856 -0.0000
vn 0.0550 -0.9985 -0.0000
vn 0.0982 -0.9952 -0.0000
vn -0.7757 -0.6311 -0.0000
vn 0.3145 -0.9493 -0.0000
vn 0.0975 -0.9952 -0.0000
vn -0.8913 0.4535 -0.0000
vn 0.3941 -0.9191 -0.0000
vn 0.7983 -0.6023 -0.0000
vn 0.3094 -0.8908 0.3329
vn 0.0923 -0.9352 0.3420
vn -0.8885 0.4216 -0.1812
vn 0.3890 -0.8620 0.3250
vn 0.7947 -0.5621 0.2292
vn 0.1069 -0.9336 0.3419
vn -0.9630 0.2419 -0.1185
vn 0.1232 -0.9317 0.3417
vn 0.1636 -0.9258 0.3409
vn 0.0497 -0.9384 0.3418
vn 0.0930 -0.9351 0.3420
vn -0.7787 -0.5974 0.1917
vn 0.0345 -0.7656 0.6424
vn 0.0777 -0.7621 0.6428
vn -0.7872 -0.5004 0.3603
vn 0.2945 -0.7225 0.6256
vn 0.0770 -0.7622 0.6427
vn -0.8804 0.3300 -0.3406
vn 0.3745 -0.6977 0.6107
vn 0.7845 -0.4462 0.4307
vn 0.0917 -0.7607 0.6426
vn -0.9578 0.1820 -0.2227
vn 0.1080 -0.7589 0.6422
vn 0.1485 -0.7534 0.6406
vn 0.7689 -0.2686 0.5803
vn 0.0684 -0.4958 0.8658
vn -0.9497 0.0902 -0.3000
vn 0.0847 -0.4941 0.8653
vn 0.1252 -0.4892 0.8631
vn 0.0112 -0.5007 0.8656
vn 0.0544 -0.4971 0.8660
vn -0.8003 -0.3519 0.4855
vn 0.2718 -0.4645 0.8428
vn 0.0537 -0.4972 0.8660
vn -0.8680 0.1895 -0.4589
vn 0.3524 -0.4459 0.8228
vn 0.2440 -0.1482 0.9584
vn 0.0250 -0.1721 0.9848
vn -0.8528 0.0173 -0.5219
vn 0.3252 -0.1370 0.9357
vn 0.7497 -0.0508 0.6599
vn 0.0397 -0.1708 0.9845
vn -0.9398 -0.0224 -0.3411
vn 0.0561 -0.1692 0.9840
vn 0.0967 -0.1652 0.9815
vn -0.0175 -0.1758 0.9843
vn 0.0257 -0.1720 0.9848
vn -0.8164 -0.1696 0.5521
vn -0.8292 -0.5082 0.2328
vn -0.6486 0.0511 0.7594
vn 0.8292 0.5082 0.2328
vn 0.9211 0.3815 0.0782
vn 0.8507 0.0669 0.5213
vn 0.8292 -0.5081 0.2328
vn 0.7591 -0.0597 0.6483
vn 0.2328 -0.9694 0.0782
vn 0.0597 0.7591 0.6483
vn -0.9969 0.0784 -0.0000
vn 0.9338 -0.3578 -0.0001
vn 0.8956 -0.4449 -0.0003
vn 0.9844 0.1762 -0.0002
vn 0.9986 -0.0535 -0.0002
vn 0.0247 0.9997 -0.0002
vn 0.0159 0.9999 -0.0007
vn -0.5166 0.8562 -0.0003
vn -0.7526 0.6585 -0.0001
vn 0.8810 -0.4732 -0.0001
vn 0.8796 -0.4757 -0.0002
vn 0.8636 -0.5042 -0.0003
vn 0.8532 -0.5216 -0.0004
vn 0.8541 -0.5202 -0.0003
vn 0.8548 -0.5190 -0.0001
vn 0.8743 -0.4855 -0.0001
vn 0.9038 -0.4279 -0.0002
vn 0.9157 -0.4019 -0.0003
vn -0.8204 0.5717 -0.0002
vn -0.8260 0.5637 -0.0002
vn -0.8346 0.5508 -0.0001
vn 0.8745 -0.4850 -0.0002
vn 0.8651 -0.5016 -0.0003
vn 0.8561 -0.5169 -0.0003
vn 0.8540 -0.5202 -0.0003
vn 0.8545 -0.5194 -0.0001
vn 0.8596 -0.5109 -0.0000
vn 0.8632 -0.5048 -0.0000
vn 0.8704 -0.4923 -0.0003
vn -0.8103 0.5860 -0.0000
vn 0.9984 0.0570 -0.0002
vn 0.9984 0.0569 -0.0002
vn 0.9528 -0.3035 -0.0002
vn 0.9999 -0.0130 -0.0003
vn 0.9962 0.0865 -0.0003
vn 0.8621 -0.5068 -0.0004
vn 0.8404 -0.5420 -0.0005
vn 0.8232 -0.5678 -0.0005
vn 0.8161 -0.5779 -0.0002
vn 0.9597 -0.2809 -0.0002
vn 0.9666 -0.2564 -0.0000
vn 0.9666 -0.2561 -0.0000
vn -0.6701 0.7423 -0.0000
vn -0.3615 0.9324 -0.0002
vn -0.1821 0.9833 -0.0004
vn -0.1233 0.9924 -0.0006
vn 0.9192 -0.3939 -0.0002
vn 0.8703 -0.4925 -0.0003
vn 0.8167 -0.5771 -0.0003
vn 0.7660 -0.6428 -0.0003
vn 0.9840 -0.1784 -0.0003
vn 0.9786 -0.2056 -0.0003
vn 0.9638 -0.2666 -0.0003
vn 0.9998 -0.0220 -0.0002
vn 0.9966 -0.0829 -0.0002
vn 0.7146 -0.6995 -0.0001
vn 0.6804 -0.7329 -0.0000
vn 0.5619 -0.8272 -0.0000
vn 0.5618 -0.8272 -0.0000
vn 0.5664 -0.8241 -0.0003
vn 0.5510 -0.8345 -0.0002
vn 0.4434 -0.8963 -0.0002
vn 0.5470 -0.8371 -0.0003
vn 0.8020 -0.5974 -0.0003
vn 0.9225 -0.3861 -0.0003
vn 0.9526 -0.3043 -0.0001
vn 0.9264 -0.3764 -0.0003
vn 0.8816 -0.4720 -0.0002
vn 0.7191 -0.6949 -0.0003
vn 0.9771 -0.2128 -0.0002
vn 0.9797 -0.2004 -0.0003
vn 0.9853 -0.1710 0.0001
vn 0.9792 -0.2031 -0.0003
vn 0.9939 -0.1104 -0.0003
vn 0.5448 -0.8386 -0.0003
vn 0.0294 -0.9996 -0.0002
vn -0.1947 -0.9809 -0.0003
vn -0.9827 0.1850 -0.0002
vn -0.8122 0.5833 -0.0003
vn -0.5092 0.8607 -0.0002
vn -0.9931 0.1174 -0.0003
vn -0.9798 0.2001 -0.0003
vn -0.9831 0.1831 -0.0002
vn -0.2150 0.9766 -0.0002
vn -0.9990 -0.0457 -0.0003
vn -0.9990 -0.0458 -0.0003
vn -0.9959 -0.0904 -0.0010
vn -0.9959 -0.0903 -0.0010
vn -0.9990 -0.0454 -0.0003
vn -0.8798 -0.4753 -0.0012
vn -0.9224 -0.3862 -0.0024
vn -0.9224 -0.3863 -0.0024
vn -0.5219 -0.8530 -0.0030
vn -0.4883 -0.8727 -0.0024
vn -0.1389 -0.9903 -0.0018
vn -0.0357 -0.9994 -0.0003
vn -0.0138 -0.9999 -0.0003
vn -0.0496 -0.9988 -0.0002
vn -0.0445 -0.9990 -0.0002
vn -0.3600 -0.9330 0.0003
vn -0.3688 -0.9295 -0.0000
vn -0.2588 -0.9659 -0.0003
vn -0.0995 0.9950 -0.0001
vn -0.2445 -0.9697 -0.0003
vn -0.2647 -0.9643 -0.0003
vn 0.1585 0.9874 -0.0002
vn -0.3496 -0.9369 -0.0002
vn 0.3535 0.9354 -0.0002
vn -0.3997 -0.9166 -0.0003
vn 0.3860 0.9225 -0.0000
vn 0.3086 0.9512 -0.0000
vn -0.3460 -0.9382 -0.0003
vn -0.3498 -0.9368 -0.0004
vn -0.2415 -0.9704 -0.0006
vn 0.3897 0.9210 0.0001
vn -0.4797 -0.8774 -0.0002
vn 0.4966 0.8680 -0.0002
vn 0.4800 0.8773 0.0001
vn -0.4738 -0.8806 -0.0002
vn 0.5383 0.8427 -0.0002
vn -0.4978 -0.8673 -0.0003
vn 0.8762 -0.4819 -0.0001
vn 0.9338 0.3578 -0.0003
vn 0.9814 -0.1922 -0.0003
vn -0.1716 0.9852 -0.0002
vn -0.3921 0.9199 -0.0003
vn -0.6556 0.7551 -0.0001
vn -0.7248 0.6890 -0.0002
vn 0.8123 -0.5833 -0.0001
vn -0.7693 0.6388 -0.0003
vn -0.7821 0.6232 -0.0003
vn -0.7808 0.6248 -0.0004
vn -0.7800 0.6257 -0.0003
vn -0.7553 0.6554 -0.0001
vn -0.7106 0.7036 -0.0001
vn -0.6908 0.7230 -0.0003
vn -0.7460 0.6660 -0.0001
vn -0.7482 0.6635 -0.0001
vn 0.8191 -0.5736 -0.0001
vn 0.8034 -0.5954 -0.0000
vn 0.8278 -0.5611 -0.0000
vn -0.7551 0.6556 -0.0002
vn -0.7674 0.6412 -0.0002
vn -0.7787 0.6274 -0.0003
vn -0.7795 0.6265 -0.0003
vn -0.7738 0.6334 -0.0001
vn -0.7603 0.6496 -0.0000
vn -0.7650 0.6441 -0.0007
vn 0.9718 0.2358 -0.0003
vn 0.5736 0.8192 -0.0002
vn 0.9267 -0.3758 -0.0000
vn 0.9996 -0.0281 -0.0002
vn -0.7717 0.6359 -0.0003
vn -0.7968 0.6042 -0.0004
vn -0.8224 0.5689 -0.0005
vn -0.6121 0.7908 -0.0000
vn -0.3550 0.9349 -0.0001
vn -0.2594 0.9658 -0.0003
vn -0.2728 0.9621 -0.0002
vn -0.2880 0.9576 -0.0002
vn -0.5736 -0.8191 -0.0002
vn -0.9228 -0.3853 -0.0000
vn -0.9228 -0.3852 -0.0000
vn -0.9353 -0.3539 -0.0003
vn -0.9217 -0.3879 -0.0003
vn -0.8835 -0.4684 -0.0003
vn -0.9247 -0.3807 -0.0016
vn -0.6231 -0.7821 -0.0024
vn -0.6231 -0.7822 -0.0024
vn -0.1458 -0.9893 -0.0026
vn -0.0414 -0.9991 -0.0011
vn 0.2557 -0.9668 -0.0004
vn 0.2981 -0.9545 -0.0003
vn 0.4500 -0.8930 -0.0003
vn 0.5230 -0.8523 -0.0004
vn 0.5069 -0.8620 -0.0002
vn 0.5109 -0.8597 -0.0002
vn 0.6206 -0.7842 -0.0003
vn 0.8281 -0.5606 -0.0002
vn 0.9828 -0.1849 -0.0001
vn 0.9919 0.1268 -0.0000
vn 0.5735 0.8192 -0.0004
vn -0.5485 -0.8362 -0.0002
vn 0.6104 0.7921 -0.0004
vn 0.6552 0.7554 -0.0004
vn -0.6265 -0.7794 -0.0002
vn 0.7847 0.6199 -0.0000
vn 0.7300 0.6835 -0.0001
vn -0.6761 -0.7368 -0.0001
vn 0.7343 0.6789 -0.0000
vn -0.8087 -0.5883 -0.0002
vn -0.6882 -0.7255 -0.0001
vn 0.7572 0.6532 0.0005
vn 0.7623 0.6473 -0.0003
vn -0.7794 -0.6266 -0.0003
vn 0.9686 0.2487 0.0003
vn 0.9706 0.2406 -0.0000
vn 0.8735 0.4867 -0.0002
vn -0.7668 -0.6418 -0.0002
vn -0.8607 -0.5090 -0.0002
vn -0.8002 -0.5997 -0.0001
vn -0.3649 0.9310 -0.0002
vn -0.3628 0.9319 -0.0002
vn -0.4189 0.9080 -0.0002
vn -0.5044 0.8634 -0.0003
vn -0.5041 0.8637 -0.0002
vn -0.5282 0.8491 -0.0003
vn -0.5803 0.8144 -0.0003
vn -0.6845 0.7290 -0.0002
vn -0.7606 0.6492 -0.0002
vn -0.8662 0.4998 -0.0003
vn -0.9738 0.2273 -0.0002
vn -0.8358 0.5491 -0.0003
vn -0.6787 0.7344 -0.0002
vn -0.9681 0.2505 -0.0003
vn -0.9724 0.2335 -0.0004
vn -0.9939 0.1102 -0.0002
vn -0.9021 0.4316 -0.0002
vn -0.9209 0.3898 -0.0002
vn -0.9695 0.2452 -0.0003
vn -0.9754 0.2206 -0.0001
vn -0.4437 0.8962 -0.0003
vn -0.5341 0.8454 -0.0002
vn -0.5232 0.8522 -0.0003
vn -0.6114 0.7914 -0.0001
vn -0.6711 0.7414 -0.0002
vn -0.7450 0.6671 -0.0003
vn -0.8982 0.4395 -0.0002
vn -0.8651 -0.5016 -0.0003
vn -0.9596 -0.2813 -0.0003
vn -0.8805 -0.4740 -0.0002
vn -0.9728 0.2316 -0.0003
vn -0.9888 -0.1494 -0.0002
vn -0.7376 0.1433 -0.6599
vn -0.2237 0.1773 -0.9584
vn 0.8377 0.2500 -0.4855
vn 0.8378 -0.2957 0.4589
vn -0.7296 0.3618 -0.5803
vn -0.7232 0.5399 -0.4307
vn -0.0131 0.7664 -0.6422
vn -0.0540 0.7659 -0.6406
vn 0.0606 0.7639 -0.6425
vn 0.0173 0.7659 -0.6428
vn -0.1966 0.9223 -0.3329
vn 0.8479 0.5301 -0.0000
vn -0.0068 0.9398 0.3417
vn -0.1966 0.9223 0.3328
vn 0.0173 0.7659 0.6427
vn 0.8327 -0.4366 -0.3406
vn -0.0131 0.7664 0.6423
vn -0.0540 0.7659 0.6406
vn -0.2237 0.1772 0.9584
vn -0.0591 -0.4978 0.8653
vn 0.8174 -0.3103 0.4855
vn -0.0688 -0.7634 0.6422
vn -0.2570 -0.7366 0.6256
vn 0.8072 -0.5903 -0.0000
vn -0.2631 -0.9055 -0.3329
vn -0.2570 -0.7366 -0.6255
vn -0.0688 -0.7634 -0.6422
vn -0.7461 -0.0893 -0.6598
vn 0.0416 0.4984 0.8660
vn 0.0896 0.7612 0.6422
vn 0.0592 0.7638 0.6428
vn 0.2769 0.7294 0.6255
vn 0.2877 0.8980 0.3328
vn -0.8780 -0.4430 -0.1813
vn 0.1412 0.9294 0.3409
vn 0.1412 0.9295 -0.3409
vn 0.2877 0.8980 -0.3329
vn 0.2769 0.7294 -0.6256
vn 0.0896 0.7612 -0.6423
vn 0.0727 0.4959 -0.8653
vn -0.8405 0.1458 0.5219
vn 0.7334 -0.1633 -0.6598
vn 0.0500 -0.5025 -0.8631
vn -0.0382 -0.7651 -0.6427
vn 0.1822 -0.7586 -0.6255
vn -0.0925 -0.9352 -0.3418
vn 0.0221 -0.9398 -0.3409
vn 0.1714 -0.9273 0.3329
vn -0.0382 -0.7651 0.6428
vn 0.1822 -0.7586 0.6256
vn -0.0077 -0.7664 0.6423
vn -0.8405 0.1457 -0.5219
vn 0.8139 0.1813 -0.5521
vn 0.8706 -0.1771 0.4589
vn -0.0886 0.7609 -0.6427
vn -0.3048 0.7182 -0.6255
vn -0.3220 0.8863 -0.3329
vn -0.1365 0.9298 -0.3418
vn 0.7666 0.6421 -0.0000
vn 0.8944 -0.4089 -0.1813
vn -0.1365 0.9298 0.3417
vn -0.3220 0.8863 0.3328
vn -0.1056 0.9337 0.3420
vn -0.0886 0.7609 0.6428
vn -0.3048 0.7182 0.6256
vn -0.1188 0.7572 0.6423
vn 0.8706 -0.1771 -0.4589
vn 0.8343 0.1780 -0.5219
vn 0.0265 -0.4998 0.8658
vn 0.8524 -0.1944 0.4855
vn -0.0036 -0.7678 0.6406
vn -0.1528 -0.7651 0.6255
vn 0.1284 -0.9309 0.3418
vn -0.1356 -0.9332 0.3328
vn 0.7929 0.5818 -0.1812
vn 0.8809 -0.4732 -0.0000
vn -0.1356 -0.9332 -0.3329
vn 0.1284 -0.9310 -0.3418
vn 0.0676 -0.7631 -0.6427
vn -0.1528 -0.7651 -0.6256
vn 0.0683 -0.7630 -0.6428
vn 0.8342 0.1780 0.5219
vn -0.7266 -0.1914 -0.6599
vn -0.0292 0.5000 0.8656
vn 0.0465 0.7651 0.6423
vn 0.2365 0.9128 0.3329
vn 0.0165 0.9395 0.3420
vn 0.0165 0.9396 -0.3420
vn 0.2353 0.7439 -0.6255
vn -0.0273 0.7658 -0.6424
vn -0.0292 0.4999 -0.8656
vn 0.7415 -0.1216 -0.6599
vn 0.0044 -0.7660 -0.6428
vn 0.0355 -0.7657 -0.6422
vn 0.0764 -0.7640 -0.6406
vn 0.2247 -0.7471 -0.6256
vn 0.0343 -0.9392 -0.3418
vn 0.0343 -0.9392 0.3417
vn 0.0051 -0.7661 0.6428
vn 0.2247 -0.7471 0.6255
vn 0.7387 -0.5185 0.4307
vn 0.7415 -0.1216 0.6599
vn -0.7399 0.1308 -0.6599
vn -0.0097 0.7662 -0.6426
vn 0.0477 0.7649 -0.6424
vn 0.0044 0.7661 -0.6428
vn -0.2154 0.7498 -0.6256
vn 0.0051 0.7661 -0.6428
vn -0.2122 0.9188 -0.3329
vn 0.8389 0.5444 -0.0000
vn 0.8376 -0.5464 -0.0000
vn 0.8382 -0.5144 -0.1812
vn -0.2121 0.9188 0.3328
vn 0.0044 0.7661 0.6427
vn -0.0097 0.7661 0.6426
vn 0.8260 -0.1134 0.5521
vn 0.0179 -0.7661 0.6424
vn -0.0255 -0.7656 0.6428
vn -0.2478 -0.9098 0.3328
vn 0.8576 0.4813 -0.1812
vn -0.2478 -0.9098 -0.3328
vn 0.8576 0.4813 0.1812
vn -0.0429 -0.9387 -0.3419
vn -0.0255 -0.7657 -0.6428
vn -0.2445 -0.7409 -0.6255
vn -0.0205 0.4996 0.8660
vn -0.0056 0.7665 0.6422
vn -0.0360 0.7652 0.6428
vn 0.1741 0.9268 0.3329
vn -0.0465 0.9385 0.3420
vn 0.1843 0.7581 -0.6256
vn -0.0056 0.7665 -0.6423
vn -0.8207 -0.1474 -0.5521
vn 0.7480 -0.0711 -0.6598
vn 0.0874 -0.7615 -0.6423
vn 0.2749 -0.7302 -0.6256
vn 0.2851 -0.8988 -0.3328
vn 0.1385 -0.9299 -0.3409
vn 0.2749 -0.7302 0.6256
vn 0.7721 -0.4673 0.4307
vn 0.8657 -0.1999 0.4589
vn -0.0989 0.7601 -0.6422
vn -0.0686 0.7630 -0.6428
vn 0.7932 0.4909 -0.3603
vn -0.2858 0.7259 -0.6255
vn -0.2986 0.8944 -0.3329
vn 0.7932 0.4910 0.3603
vn -0.7791 0.4555 0.4307
vn 0.8657 -0.1999 -0.4589
vn -0.0030 -0.5013 0.8653
vn 0.8255 0.3284 -0.4589
vn 0.0482 -0.7646 0.6428
vn 0.8148 0.4690 -0.3406
vn 0.0171 -0.7663 0.6423
vn 0.8583 -0.3655 0.3603
vn 0.8079 0.5608 -0.1813
vn -0.0106 -0.9401 0.3409
vn -0.6894 -0.7243 -0.0000
vn -0.1601 -0.9293 -0.3328
vn 0.0475 -0.7646 -0.6427
vn 0.8583 -0.3654 -0.3603
vn 0.8149 0.4690 0.3406
vn -0.0030 -0.5013 -0.8653
vn 0.8469 -0.2167 -0.4855
vn 0.8255 0.3285 0.4589
vn -0.7314 -0.1722 -0.6598
vn -0.0545 0.7641 0.6427
vn 0.1516 0.9307 0.3328
vn 0.1516 0.9307 -0.3329
vn -0.0545 0.7641 -0.6428
vn 0.1659 0.7623 -0.6256
vn -0.0049 0.1739 -0.9848
vn 0.7495 -0.0530 -0.6598
vn 0.0755 -0.7623 -0.6428
vn 0.2924 -0.7233 -0.6256
vn 0.3068 -0.8917 -0.3329
vn 0.3068 -0.8917 0.3328
vn -0.8872 0.4242 -0.1812
vn 0.0755 -0.7623 0.6428
vn 0.0748 -0.7624 0.6428
vn 0.0248 0.5006 0.8653
vn 0.0161 0.7663 0.6423
vn 0.2002 0.9215 0.3328
vn -0.0633 0.9376 -0.3419
vn 0.2002 0.9215 -0.3329
vn 0.0248 0.5007 -0.8653
vn 0.7382 0.1404 -0.6598
vn 0.7457 -0.0922 -0.6598
vn 0.0658 -0.7637 -0.6423
vn 0.0354 -0.7653 -0.6428
vn 0.2596 -0.9065 0.3329
vn 0.2541 -0.7376 0.6255
vn 0.0658 -0.7637 0.6423
vn -0.7364 0.1493 -0.6598
vn -0.0024 0.5004 -0.8658
vn 0.0095 0.7662 -0.6426
vn 0.0668 0.7634 -0.6424
vn 0.0235 0.7657 -0.6428
vn 0.8464 0.3922 -0.3603
vn -0.1966 0.7550 -0.6255
vn 0.0242 0.7657 -0.6427
vn 0.0008 0.9398 -0.3417
vn 0.8464 0.3921 0.3603
vn 0.0242 0.7657 0.6427
vn 0.0095 0.7662 0.6426
vn -0.0069 0.7665 0.6422
vn -0.2081 0.4963 0.8428
vn 0.8230 -0.1341 0.5521
vn -0.0632 -0.4973 0.8653
vn 0.8148 -0.3169 0.4855
vn -0.0446 -0.7648 0.6427
vn 0.8082 -0.4658 0.3603
vn -0.2705 -0.9034 0.3329
vn 0.8694 0.4598 -0.1812
vn -0.0827 -0.9361 0.3417
vn 0.8024 -0.5968 -0.0000
vn -0.2705 -0.9034 -0.3328
vn 0.8694 0.4597 0.1813
vn -0.0827 -0.9362 -0.3417
vn -0.0446 -0.7648 -0.6427
vn -0.0750 -0.7628 -0.6422
vn -0.0632 -0.4973 -0.8653
vn 0.8148 -0.3169 -0.4855
vn -0.7468 -0.0832 -0.6599
vn 0.7417 0.1204 0.6599
vn -0.0355 0.4995 0.8656
vn 0.0064 0.7660 0.6428
vn 0.2260 0.7467 0.6256
vn 0.0057 0.7660 0.6428
vn -0.0379 0.9390 0.3419
vn 0.2250 0.9157 -0.3328
vn 0.0064 0.7661 -0.6427
vn 0.2260 0.7468 -0.6255
vn 0.0368 0.7656 -0.6422
vn -0.0355 0.4995 -0.8656
vn 0.7430 -0.1123 -0.6599
vn 0.0452 -0.7652 -0.6422
vn -0.0287 -0.7658 -0.6424
vn 0.0147 -0.7659 -0.6428
vn -0.0277 -0.9394 -0.3418
vn 0.2350 -0.9132 -0.3328
vn 0.2350 -0.9132 0.3329
vn -0.0277 -0.9393 0.3419
vn 0.0452 -0.7652 0.6422
vn 0.7430 -0.1123 0.6599
vn 0.8439 -0.1245 0.5219
vn -0.7373 0.1447 -0.6598
vn -0.2112 0.4950 -0.8428
vn 0.8373 -0.2972 0.4589
vn -0.0116 0.7664 -0.6423
vn -0.2013 0.7538 -0.6255
vn -0.1948 0.9226 -0.3328
vn 0.8283 -0.5301 0.1813
vn 0.8477 0.4947 0.1917
vn -0.1948 0.9226 0.3329
vn -0.0116 0.7664 0.6422
vn 0.8382 0.2484 0.4855
vn -0.2112 0.4951 0.8428
vn 0.8439 -0.1245 -0.5219
vn -0.2363 -0.1600 0.9584
vn 0.8168 -0.3118 0.4855
vn -0.7615 -0.4845 0.4307
vn -0.0399 -0.7650 0.6427
vn -0.0032 -0.9398 0.3418
vn -0.0466 -0.9386 0.3420
vn -0.2649 -0.9050 0.3328
vn -0.0032 -0.9398 -0.3418
vn -0.0466 -0.9385 -0.3420
vn -0.0399 -0.7650 -0.6428
vn 0.8110 -0.4609 -0.3603
vn -0.2584 -0.7361 -0.6256
vn 0.8630 0.3732 0.3406
vn 0.8168 -0.3118 -0.4855
vn -0.7462 -0.0878 -0.6598
vn -0.0313 -0.1725 -0.9845
vn 0.0013 0.5013 0.8653
vn -0.0198 0.7662 0.6423
vn 0.1569 0.9298 0.3328
vn 0.1569 0.9298 -0.3328
vn -0.0502 0.7644 -0.6427
vn 0.1702 0.7614 -0.6255
vn -0.0198 0.7662 -0.6422
vn 0.1015 -0.7598 -0.6422
vn 0.0712 -0.7628 -0.6428
vn 0.2883 -0.7249 -0.6256
vn 0.0849 -0.9359 -0.3420
vn 0.3017 -0.8934 -0.3329
vn 0.3017 -0.8934 0.3328
vn -0.8848 0.4292 -0.1812
vn 0.0712 -0.7628 0.6427
vn 0.1015 -0.7597 0.6423
vn 0.8196 0.1533 -0.5521
vn 0.8072 0.3359 -0.4855
vn -0.0929 0.7609 -0.6422
vn -0.2916 0.8968 -0.3329
vn 0.8799 -0.4392 -0.1812
vn -0.2916 0.8968 0.3329
vn -0.0625 0.7635 0.6427
vn 0.7970 0.4847 0.3603
vn 0.8736 -0.3475 -0.3406
vn -0.0929 0.7608 0.6423
vn -0.7634 0.2838 0.5803
vn 0.8523 -0.0342 -0.5219
vn 0.0847 -0.7616 0.6424
vn 0.0415 -0.7649 0.6428
vn 0.8620 -0.4693 0.1917
vn -0.1674 -0.9280 0.3328
vn 0.8620 -0.4693 -0.1917
vn 0.0415 -0.7650 -0.6427
vn -0.1789 -0.7594 -0.6256
vn -0.7179 -0.3847 -0.5803
vn -0.7327 -0.1665 -0.6599
vn -0.0030 0.5013 0.8653
vn 0.1489 0.9312 0.3328
vn -0.8011 -0.5705 0.1812
vn 0.1489 0.9312 -0.3329
vn -0.0030 0.5013 -0.8653
vn 0.7293 0.1810 -0.6598
vn 0.7497 -0.0508 -0.6599
vn 0.0847 -0.4940 -0.8653
vn 0.0777 -0.7621 -0.6428
vn 0.2945 -0.7224 -0.6255
vn -0.8885 0.4216 -0.1813
vn 0.0777 -0.7621 0.6427
vn 0.2945 -0.7224 0.6256
vn 0.0770 -0.7622 0.6428
vn 0.1080 -0.7588 0.6423
s 0
f 3//1 4//1 1//1
f 6//2 10//2 4//2
f 12//3 7//3 10//3
f 9//4 1//4 7//4
f 10//5 1//5 4//5
f 9//6 16//6 15//6
f 6//6 3//6 14//6
f 2//3 14//3 13//3
f 5//4 16//4 14//4
f 8//1 16//1 11//1
f 2//2 15//2 8//2
f 2//6 11//6 5//6
f 25//1 30//1 22//1
f 36//2 51//2 30//2
f 65//3 39//3 51//3
f 46//4 22//4 39//4
f 51//5 22//5 30//5
f 2757//6 2671//6 2759//6
f 2620//6 2845//6 2846//6
f 2825//6 2938//6 2922//6
f 3050//6 3055//6 3047//6
f 3132//6 3131//6 65//6
f 2700//6 2775//6 2778//6
f 2745//6 2648//6 2737//6
f 2611//6 2691//6 2694//6
f 2336//6 2635//6 2338//6
f 36//6 25//6 2684//6
f 202//7 286//7 2257//7
f 307//8 202//8 222//8
f 250//9 307//9 222//9
f 260//10 311//10 250//10
f 320//11 260//11 2260//11
f 130//12 2312//12 2356//12
f 2264//13 320//13 2260//13
f 176//14 268//14 130//14
f 264//15 326//15 2264//15
f 2257//16 271//16 176//16
f 314//17 400//17 311//17
f 320//18 418//18 314//18
f 2312//19 372//19 2330//19
f 326//20 439//20 320//20
f 271//21 372//21 268//21
f 264//22 463//22 326//22
f 286//23 382//23 271//23
f 301//24 388//24 286//24
f 307//25 391//25 301//25
f 311//26 392//26 307//26
f 264//27 516//27 463//27
f 496//28 382//28 388//28
f 503//29 388//29 391//29
f 392//30 503//30 391//30
f 510//31 392//31 400//31
f 418//32 510//32 400//32
f 513//33 418//33 439//33
f 2330//34 478//34 2327//34
f 516//35 439//35 463//35
f 495//36 372//36 382//36
f 510//37 577//37 507//37
f 511//38 598//38 510//38
f 513//39 622//39 511//39
f 2327//40 523//40 2321//40
f 646//41 513//41 516//41
f 495//42 523//42 478//42
f 264//43 646//43 516//43
f 496//44 527//44 495//44
f 563//45 496//45 503//45
f 577//46 503//46 507//46
f 713//47 637//47 646//47
f 670//48 523//48 527//48
f 264//49 713//49 646//49
f 679//50 527//50 549//50
f 682//51 549//51 563//51
f 683//52 563//52 577//52
f 685//53 577//53 598//53
f 688//54 598//54 622//54
f 697//55 622//55 637//55
f 523//56 2345//56 2321//56
f 770//57 682//57 683//57
f 775//58 683//58 685//58
f 688//59 775//59 685//59
f 805//60 688//60 697//60
f 727//61 2345//61 658//61
f 818//62 697//62 713//62
f 745//63 658//63 670//63
f 264//64 818//64 713//64
f 679//65 745//65 670//65
f 765//66 679//66 682//66
f 727//67 2341//67 2334//67
f 818//68 895//68 805//68
f 856//69 727//69 745//69
f 264//70 905//70 818//70
f 867//71 745//71 760//71
f 871//72 760//72 765//72
f 881//73 765//73 770//73
f 886//74 770//74 775//74
f 894//75 775//75 787//75
f 895//76 787//76 805//76
f 921//77 871//77 881//77
f 922//78 881//78 886//78
f 894//79 922//79 886//79
f 895//80 934//80 894//80
f 912//81 2341//81 847//81
f 905//82 963//82 895//82
f 916//83 847//83 856//83
f 264//84 976//84 905//84
f 867//85 916//85 856//85
f 871//86 917//86 867//86
f 1010//87 934//87 963//87
f 982//88 2335//88 912//88
f 1014//89 963//89 976//89
f 992//90 912//90 916//90
f 264//91 1014//91 976//91
f 917//92 992//92 916//92
f 918//93 998//93 917//93
f 921//94 999//94 918//94
f 922//95 1001//95 921//95
f 934//96 1003//96 922//96
f 1046//97 998//97 999//97
f 1053//98 999//98 1001//98
f 1066//99 1001//99 1003//99
f 1005//100 1066//100 1003//100
f 1010//101 1082//101 1005//101
f 1033//102 2338//102 982//102
f 1014//103 1086//103 1010//103
f 1038//104 982//104 992//104
f 264//105 1091//105 1014//105
f 998//106 1038//106 992//106
f 1164//107 1082//107 1086//107
f 1033//108 2337//108 2336//108
f 1091//109 1164//109 1086//109
f 1103//110 1033//110 1038//110
f 264//111 1166//111 1091//111
f 1039//112 1103//112 1038//112
f 1046//113 1116//113 1039//113
f 1053//114 1122//114 1046//114
f 1066//115 1134//115 1053//115
f 1149//116 1066//116 1082//116
f 1122//117 1169//117 1116//117
f 1171//118 1122//118 1134//118
f 1172//119 1134//119 1143//119
f 1149//120 1172//120 1143//120
f 1164//121 1177//121 1149//121
f 1098//122 2339//122 2337//122
f 1166//123 1191//123 1164//123
f 1168//124 1098//124 1103//124
f 264//125 1202//125 1166//125
f 1116//126 1168//126 1103//126
f 1274//127 1172//127 1177//127
f 1279//128 1177//128 1191//128
f 1167//129 2332//129 2339//129
f 1202//130 1279//130 1191//130
f 1230//131 1167//131 1168//131
f 264//132 1283//132 1202//132
f 1247//133 1168//133 1169//133
f 1251//134 1169//134 1170//134
f 1171//135 1251//135 1170//135
f 1172//136 1255//136 1171//136
f 264//137 1341//137 1283//137
f 1286//138 1230//138 1247//138
f 1291//139 1247//139 1251//139
f 1296//140 1251//140 1255//140
f 1298//141 1255//141 1265//141
f 1274//142 1298//142 1265//142
f 1336//143 1274//143 1279//143
f 1218//144 2333//144 2332//144
f 1283//145 1336//145 1279//145
f 1285//146 1218//146 1230//146
f 1392//147 1296//147 1298//147
f 1319//148 1392//148 1298//148
f 1410//149 1319//149 1336//149
f 1344//150 2333//150 1284//150
f 1341//151 1410//151 1336//151
f 1351//152 1284//152 1285//152
f 264//153 1412//153 1341//153
f 1286//154 1351//154 1285//154
f 1367//155 1286//155 1291//155
f 1296//156 1367//156 1291//156
f 1419//157 1344//157 1351//157
f 264//158 1458//158 1412//158
f 1420//159 1351//159 1361//159
f 1367//160 1420//160 1361//160
f 1430//161 1367//161 1368//161
f 1438//162 1368//162 1392//162
f 1447//163 1392//163 1405//163
f 1410//164 1447//164 1405//164
f 1344//165 2324//165 2348//165
f 1458//166 1410//166 1412//166
f 1525//167 1430//167 1438//167
f 1527//168 1438//168 1447//168
f 1528//169 1447//169 1449//169
f 1461//170 2324//170 1417//170
f 1458//171 1528//171 1449//171
f 1419//172 1461//172 1417//172
f 264//173 1529//173 1458//173
f 1478//174 1419//174 1420//174
f 1426//175 1478//175 1420//175
f 1510//176 1426//176 1430//176
f 1562//177 1528//177 1529//177
f 1531//178 1461//178 1463//178
f 264//179 1562//179 1529//179
f 1532//180 1463//180 1478//180
f 1533//181 1478//181 1492//181
f 1535//182 1492//182 1510//182
f 1525//183 1535//183 1510//183
f 1549//184 1525//184 1527//184
f 1528//185 1549//185 1527//185
f 1461//186 2329//186 2315//186
f 1588//187 1533//187 1535//187
f 1536//188 1588//188 1535//188
f 1604//189 1536//189 1549//189
f 1606//190 1549//190 1554//190
f 1566//191 2329//191 1530//191
f 1613//192 1554//192 1562//192
f 1577//193 1530//193 1531//193
f 264//194 1613//194 1562//194
f 1532//195 1577//195 1531//195
f 1533//196 1582//196 1532//196
f 1615//197 2311//197 1566//197
f 1613//198 1645//198 1606//198
f 1618//199 1566//199 1577//199
f 264//200 1646//200 1613//200
f 1619//201 1577//201 1582//201
f 1627//202 1582//202 1586//202
f 1588//203 1627//203 1586//203
f 1641//204 1588//204 1597//204
f 1604//205 1641//205 1597//205
f 1645//206 1604//206 1606//206
f 1635//207 1659//207 1627//207
f 1641//208 1670//208 1635//208
f 1644//209 1675//209 1641//209
f 1696//210 1644//210 1645//210
f 1615//211 2294//211 2352//211
f 1646//212 1696//212 1645//212
f 1651//213 1615//213 1618//213
f 264//214 1701//214 1646//214
f 1619//215 1651//215 1618//215
f 1659//216 1619//216 1627//216
f 1725//217 1694//217 1696//217
f 1702//218 2298//218 2293//218
f 1701//219 1725//219 1696//219
f 1707//220 1647//220 1651//220
f 264//221 1728//221 1701//221
f 1708//222 1651//222 1656//222
f 1713//223 1656//223 1659//223
f 1670//224 1713//224 1659//224
f 1721//225 1670//225 1675//225
f 1723//226 1675//226 1694//226
f 1754//227 1708//227 1713//227
f 1718//228 1754//228 1713//228
f 1721//229 1765//229 1718//229
f 1773//230 1721//230 1723//230
f 1778//231 1723//231 1725//231
f 1702//232 2304//232 2298//232
f 1728//233 1778//233 1725//233
f 1731//234 1702//234 1707//234
f 264//235 1779//235 1728//235
f 1743//236 1707//236 1708//236
f 1812//237 1769//237 1773//237
f 1778//238 1812//238 1773//238
f 1783//239 2304//239 1730//239
f 1818//240 1778//240 1779//240
f 1787//241 1730//241 1731//241
f 264//242 1818//242 1779//242
f 1794//243 1731//243 1743//243
f 1754//244 1794//244 1743//244
f 1806//245 1754//245 1765//245
f 1769//246 1806//246 1765//246
f 1831//247 1787//247 1794//247
f 1802//248 1831//248 1794//248
f 1806//249 1835//249 1802//249
f 1811//250 1840//250 1806//250
f 1812//251 1843//251 1811//251
f 1815//252 1852//252 1812//252
f 1783//253 2309//253 2288//253
f 1818//254 1860//254 1815//254
f 1823//255 1783//255 1787//255
f 264//256 1866//256 1818//256
f 1890//257 1843//257 1852//257
f 1860//258 1890//258 1852//258
f 1820//259 2280//259 2309//259
f 1866//260 1891//260 1860//260
f 1882//261 1820//261 1823//261
f 264//262 1892//262 1866//262
f 1831//263 1882//263 1823//263
f 1835//264 1885//264 1831//264
f 1888//265 1835//265 1840//265
f 1843//266 1888//266 1840//266
f 264//267 1926//267 1892//267
f 1895//268 1882//268 1885//268
f 1887//269 1895//269 1885//269
f 1912//270 1887//270 1888//270
f 1889//271 1912//271 1888//271
f 1890//272 1916//272 1889//272
f 1923//273 1890//273 1891//273
f 1878//274 2281//274 2280//274
f 1926//275 1891//275 1892//275
f 1894//276 1878//276 1882//276
f 1945//277 1912//277 1916//277
f 1947//278 1916//278 1921//278
f 1949//279 1921//279 1923//279
f 1893//280 2273//280 2281//280
f 1926//281 1949//281 1923//281
f 1894//282 1927//282 1893//282
f 264//283 1951//283 1926//283
f 1936//284 1894//284 1895//284
f 1939//285 1895//285 1902//285
f 1943//286 1902//286 1912//286
f 1931//287 1955//287 1927//287
f 264//288 1979//288 1951//288
f 1963//289 1931//289 1936//289
f 1965//290 1936//290 1939//290
f 1968//291 1939//291 1943//291
f 1945//292 1968//292 1943//292
f 1974//293 1945//293 1947//293
f 1949//294 1974//294 1947//294
f 1927//295 2276//295 2273//295
f 1979//296 1949//296 1951//296
f 2006//297 1968//297 1972//297
f 2007//298 1972//298 1974//298
f 2008//299 1974//299 1975//299
f 1955//300 2269//300 2276//300
f 1979//301 2008//301 1975//301
f 1957//302 1985//302 1955//302
f 264//303 2009//303 1979//303
f 1999//304 1957//304 1963//304
f 1965//305 1999//305 1963//305
f 2005//306 1965//306 1968//306
f 2036//307 2008//307 2009//307
f 2014//308 1985//308 1992//308
f 264//309 2036//309 2009//309
f 2016//310 1992//310 1999//310
f 2017//311 1999//311 2003//311
f 2005//312 2017//312 2003//312
f 2006//313 2020//313 2005//313
f 2007//314 2021//314 2006//314
f 2008//315 2029//315 2007//315
f 1985//316 2277//316 2269//316
f 2058//317 2017//317 2020//317
f 2060//318 2020//318 2021//318
f 2062//319 2021//319 2029//319
f 2064//320 2029//320 2032//320
f 2012//321 2284//321 2277//321
f 2036//322 2064//322 2032//322
f 2014//323 2047//323 2012//323
f 264//324 2068//324 2036//324
f 2055//325 2014//325 2016//325
f 2057//326 2016//326 2017//326
f 2064//327 2089//327 2062//327
f 2047//328 2283//328 2284//328
f 2092//329 2064//329 2068//329
f 2076//330 2047//330 2052//330
f 264//331 2092//331 2068//331
f 2077//332 2052//332 2055//332
f 2057//333 2077//333 2055//333
f 2084//334 2057//334 2058//334
f 2060//335 2084//335 2058//335
f 2062//336 2086//336 2060//336
f 2083//337 2106//337 2077//337
f 2115//338 2083//338 2084//338
f 2120//339 2084//339 2086//339
f 2127//340 2086//340 2089//340
f 2129//341 2089//341 2091//341
f 2072//342 2285//342 2283//342
f 2092//343 2129//343 2091//343
f 2100//344 2072//344 2076//344
f 264//345 2132//345 2092//345
f 2077//346 2100//346 2076//346
f 2129//347 2142//347 2127//347
f 2285//348 2133//348 2287//348
f 2147//349 2129//349 2132//349
f 2100//350 2133//350 2095//350
f 264//351 2147//351 2132//351
f 2106//352 2135//352 2100//352
f 2114//353 2137//353 2106//353
f 2140//354 2114//354 2115//354
f 2120//355 2140//355 2115//355
f 2127//356 2141//356 2120//356
f 2139//357 2167//357 2137//357
f 2173//358 2139//358 2140//358
f 2141//359 2173//359 2140//359
f 2179//360 2141//360 2142//360
f 2181//361 2142//361 2143//361
f 2155//362 2287//362 2133//362
f 2183//363 2143//363 2147//363
f 2135//364 2155//364 2133//364
f 264//365 2183//365 2147//365
f 2167//366 2135//366 2137//366
f 2202//367 2175//367 2179//367
f 2204//368 2179//368 2181//368
f 2155//369 2306//369 2291//369
f 2183//370 2204//370 2181//370
f 2165//371 2185//371 2155//371
f 264//372 2210//372 2183//372
f 2195//373 2165//373 2167//373
f 2197//374 2167//374 2171//374
f 2198//375 2171//375 2173//375
f 2175//376 2198//376 2173//376
f 2223//377 2191//377 2195//377
f 2197//378 2223//378 2195//378
f 2227//379 2197//379 2198//379
f 2234//380 2198//380 2200//380
f 2238//381 2200//381 2202//381
f 2242//382 2202//382 2204//382
f 2214//383 2306//383 2185//383
f 2210//384 2242//384 2204//384
f 2191//385 2214//385 2185//385
f 264//386 2244//386 2210//386
f 2253//387 2234//387 2238//387
f 2254//388 2238//388 2242//388
f 2246//389 2303//389 2214//389
f 2255//390 2242//390 2244//390
f 2219//391 2246//391 2214//391
f 264//392 2255//392 2244//392
f 2249//393 2219//393 2223//393
f 2225//394 2249//394 2223//394
f 2251//395 2225//395 2227//395
f 2252//396 2227//396 2234//396
f 264//397 2264//397 2255//397
f 2249//398 176//398 2248//398
f 2250//399 2257//399 2249//399
f 2251//400 202//400 2250//400
f 2252//401 222//401 2251//401
f 2253//402 250//402 2252//402
f 2254//403 260//403 2253//403
f 130//404 2296//404 2246//404
f 2264//405 2254//405 2255//405
f 2248//406 130//406 2246//406
f 191//7 386//7 2600//7
f 394//8 191//8 213//8
f 397//9 213//9 217//9
f 234//10 397//10 217//10
f 2601//11 412//11 234//11
f 129//12 2629//12 2621//12
f 2602//13 436//13 2601//13
f 378//14 129//14 166//14
f 256//15 460//15 2602//15
f 2600//16 378//16 166//16
f 641//407 397//407 412//407
f 436//18 641//18 412//18
f 2629//19 545//19 2628//19
f 460//20 650//20 436//20
f 378//21 545//21 340//21
f 256//22 666//22 460//22
f 386//23 561//23 378//23
f 390//24 571//24 386//24
f 394//25 589//25 390//25
f 397//26 602//26 394//26
f 256//27 858//27 666//27
f 571//28 766//28 561//28
f 589//29 768//29 571//29
f 799//30 589//30 602//30
f 811//31 602//31 631//31
f 813//32 631//32 641//32
f 835//33 641//33 650//33
f 545//34 2631//34 2628//34
f 858//35 650//35 666//35
f 766//36 545//36 561//36
f 811//37 958//37 799//37
f 813//38 972//38 811//38
f 835//39 985//39 813//39
f 2631//40 919//40 2638//40
f 858//41 995//41 835//41
f 920//42 756//42 766//42
f 256//43 997//43 858//43
f 768//44 920//44 766//44
f 778//45 926//45 768//45
f 958//46 778//46 799//46
f 1117//47 995//47 997//47
f 1055//48 919//48 920//48
f 256//49 1117//49 997//49
f 926//50 1055//50 920//50
f 1084//51 926//51 946//51
f 1088//52 946//52 958//52
f 1094//53 958//53 972//53
f 1105//54 972//54 985//54
f 995//55 1105//55 985//55
f 919//56 2640//56 2638//56
f 1223//57 1084//57 1088//57
f 1233//58 1088//58 1094//58
f 1105//59 1233//59 1094//59
f 1253//60 1105//60 1109//60
f 1047//61 2643//61 2640//61
f 1117//62 1253//62 1109//62
f 1190//63 1047//63 1055//63
f 256//64 1260//64 1117//64
f 1200//65 1055//65 1079//65
f 1210//66 1079//66 1084//66
f 1174//67 2634//67 2643//67
f 1260//68 1370//68 1253//68
f 1328//69 1174//69 1190//69
f 256//70 1380//70 1260//70
f 1200//71 1328//71 1190//71
f 1347//72 1200//72 1210//72
f 1358//73 1210//73 1223//73
f 1362//74 1223//74 1233//74
f 1364//75 1233//75 1241//75
f 1370//76 1241//76 1253//76
f 1481//77 1347//77 1358//77
f 1496//78 1358//78 1362//78
f 1364//79 1496//79 1362//79
f 1522//80 1364//80 1370//80
f 1312//81 2632//81 2634//81
f 1380//82 1522//82 1370//82
f 1454//83 1312//83 1328//83
f 256//84 1526//84 1380//84
f 1338//85 1454//85 1328//85
f 1475//86 1338//86 1347//86
f 1522//87 1594//87 1504//87
f 1558//88 2632//88 1452//88
f 1610//89 1522//89 1526//89
f 1565//90 1452//90 1454//90
f 256//91 1610//91 1526//91
f 1459//92 1565//92 1454//92
f 1579//93 1459//93 1475//93
f 1584//94 1475//94 1481//94
f 1591//95 1481//95 1496//95
f 1504//96 1591//96 1496//96
f 1666//97 1570//97 1579//97
f 1584//98 1666//98 1579//98
f 1687//408 1584//408 1591//408
f 1594//100 1687//100 1591//100
f 1697//101 1594//101 1603//101
f 1648//102 2624//102 1558//102
f 1610//103 1697//103 1603//103
f 1652//104 1558//104 1565//104
f 256//105 1699//105 1610//105
f 1570//106 1652//106 1565//106
f 1697//107 1777//107 1689//107
f 1648//108 2616//108 2620//108
f 1699//109 1780//109 1697//109
f 1738//110 1648//110 1652//110
f 256//111 1781//111 1699//111
f 1654//112 1738//112 1652//112
f 1758//113 1654//113 1666//113
f 1674//114 1758//114 1666//114
f 1775//115 1674//115 1687//115
f 1777//116 1687//116 1689//116
f 1841//117 1752//117 1758//117
f 1846//118 1758//118 1771//118
f 1775//119 1846//119 1771//119
f 1863//120 1775//120 1777//120
f 1871//121 1777//121 1780//121
f 1737//122 2618//122 2616//122
f 1883//123 1780//123 1781//123
f 1833//124 1737//124 1738//124
f 256//125 1883//125 1781//125
f 1837//126 1738//126 1752//126
f 1929//127 1857//127 1863//127
f 1934//128 1863//128 1871//128
f 1826//129 2615//129 2618//129
f 1937//130 1871//130 1883//130
f 1908//131 1826//131 1833//131
f 256//132 1937//132 1883//132
f 1914//133 1833//133 1837//133
f 1918//134 1837//134 1841//134
f 1922//135 1841//135 1846//135
f 1924//136 1846//136 1857//136
f 256//137 2001//137 1937//137
f 1973//138 1908//138 1914//138
f 1976//139 1914//139 1918//139
f 1922//140 1976//140 1918//140
f 1924//141 1977//141 1922//141
f 1989//142 1924//142 1929//142
f 1934//143 1989//143 1929//143
f 1969//144 2615//144 1898//144
f 1937//145 1998//145 1934//145
f 1971//146 1898//146 1908//146
f 1981//147 2045//147 1977//147
f 2053//148 1981//148 1989//148
f 2056//149 1989//149 1998//149
f 1969//150 2612//150 2617//150
f 2059//151 1998//151 2001//151
f 2031//152 1969//152 1971//152
f 256//153 2059//153 2001//153
f 1973//154 2031//154 1971//154
f 1976//155 2035//155 1973//155
f 2045//156 1976//156 1977//156
f 2090//157 2025//157 2031//157
f 256//158 2124//158 2059//158
f 2094//159 2031//159 2035//159
f 2039//160 2094//160 2035//160
f 2102//161 2039//161 2045//161
f 2049//162 2102//162 2045//162
f 2111//163 2049//163 2053//163
f 2056//164 2111//164 2053//164
f 2025//165 2613//165 2612//165
f 2124//166 2056//166 2059//166
f 2172//167 2102//167 2107//167
f 2174//168 2107//168 2111//168
f 2176//409 2111//409 2118//409
f 2088//170 2614//170 2613//170
f 2178//171 2118//171 2124//171
f 2150//172 2088//172 2090//172
f 256//173 2178//173 2124//173
f 2152//174 2090//174 2094//174
f 2159//175 2094//175 2097//175
f 2169//176 2097//176 2102//176
f 2240//177 2176//177 2178//177
f 2150//178 2212//178 2144//178
f 256//179 2240//179 2178//179
f 2217//180 2150//180 2152//180
f 2221//181 2152//181 2159//181
f 2169//182 2221//182 2159//182
f 2226//183 2169//183 2172//183
f 2231//184 2172//184 2174//184
f 2236//185 2174//185 2176//185
f 2144//186 2611//186 2614//186
f 2271//187 2221//187 2224//187
f 2275//188 2224//188 2226//188
f 2231//189 2275//189 2226//189
f 2279//190 2231//190 2236//190
f 2212//191 2609//191 2611//191
f 2282//192 2236//192 2240//192
f 2215//193 2256//193 2212//193
f 256//194 2282//194 2240//194
f 2262//195 2215//195 2217//195
f 2221//196 2262//196 2217//196
f 2256//197 2607//197 2609//197
f 2322//198 2279//198 2282//198
f 2305//199 2256//199 2258//199
f 256//200 2322//200 2282//200
f 2307//201 2258//201 2262//201
f 2308//202 2262//202 2266//202
f 2271//203 2308//203 2266//203
f 2313//204 2271//204 2275//204
f 2317//205 2275//205 2278//205
f 2279//206 2317//206 2278//206
f 2310//207 2351//207 2308//207
f 2359//208 2310//208 2313//208
f 2360//209 2313//209 2317//209
f 2361//210 2317//210 2319//210
f 2301//211 2608//211 2607//211
f 2322//212 2361//212 2319//212
f 2343//213 2301//213 2305//213
f 256//214 2362//214 2322//214
f 2346//215 2305//215 2307//215
f 2308//216 2346//216 2307//216
f 2361//217 2369//217 2360//217
f 2340//218 2606//218 2608//218
f 2362//219 2371//219 2361//219
f 2364//220 2340//220 2343//220
f 256//221 2372//221 2362//221
f 2365//222 2343//222 2346//222
f 2366//223 2346//223 2351//223
f 2355//224 2366//224 2351//224
f 2368//225 2355//225 2359//225
f 2369//226 2359//226 2360//226
f 2381//227 2365//227 2366//227
f 2383//228 2366//228 2367//228
f 2384//229 2367//229 2368//229
f 2369//230 2384//230 2368//230
f 2388//231 2369//231 2371//231
f 2363//232 2610//232 2606//232
f 2389//233 2371//233 2372//233
f 2376//234 2363//234 2364//234
f 256//235 2389//235 2372//235
f 2365//236 2376//236 2364//236
f 2396//237 2384//237 2386//237
f 2388//238 2396//238 2386//238
f 2374//239 2604//239 2610//239
f 2398//240 2388//240 2389//240
f 2391//410 2374//410 2376//410
f 256//242 2398//242 2389//242
f 2392//243 2376//243 2378//243
f 2381//244 2392//244 2378//244
f 2394//245 2381//245 2383//245
f 2395//246 2383//246 2384//246
f 2405//247 2391//247 2392//247
f 2407//248 2392//248 2393//248
f 2409//249 2393//249 2394//249
f 2395//250 2409//250 2394//250
f 2413//251 2395//251 2396//251
f 2415//252 2396//252 2397//252
f 2400//253 2604//253 2390//253
f 2416//254 2397//254 2398//254
f 2403//255 2390//255 2391//255
f 256//256 2416//256 2398//256
f 2423//257 2411//257 2413//257
f 2415//258 2423//258 2413//258
f 2400//259 2603//259 2605//259
f 2416//260 2424//260 2415//260
f 2418//261 2400//261 2403//261
f 256//262 2425//262 2416//262
f 2419//263 2403//263 2405//263
f 2420//264 2405//264 2407//264
f 2421//265 2407//265 2409//265
f 2411//266 2421//266 2409//266
f 256//267 2442//267 2425//267
f 2430//268 2418//268 2419//268
f 2420//269 2430//269 2419//269
f 2434//270 2420//270 2421//270
f 2422//271 2434//271 2421//271
f 2423//272 2436//272 2422//272
f 2440//273 2423//273 2424//273
f 2417//274 2619//274 2603//274
f 2442//275 2424//275 2425//275
f 2428//276 2417//276 2418//276
f 2449//277 2434//277 2436//277
f 2438//278 2449//278 2436//278
f 2451//279 2438//279 2440//279
f 2426//280 2623//280 2619//280
f 2452//281 2440//281 2442//281
f 2428//282 2444//282 2426//282
f 256//283 2452//283 2442//283
f 2446//284 2428//284 2430//284
f 2432//285 2446//285 2430//285
f 2434//286 2447//286 2432//286
f 2454//287 2444//287 2445//287
f 256//288 2469//288 2452//288
f 2456//289 2445//289 2446//289
f 2447//290 2456//290 2446//290
f 2460//291 2447//291 2448//291
f 2462//292 2448//292 2449//292
f 2464//411 2449//411 2450//411
f 2467//294 2450//294 2451//294
f 2444//295 2625//295 2623//295
f 2452//296 2467//296 2451//296
f 2462//297 2475//297 2460//297
f 2464//298 2476//298 2462//298
f 2467//299 2477//299 2464//299
f 2453//300 2633//300 2625//300
f 2479//301 2467//301 2469//301
f 2472//302 2453//302 2454//302
f 256//303 2479//303 2469//303
f 2473//304 2454//304 2456//304
f 2458//305 2473//305 2456//305
f 2475//306 2458//306 2460//306
f 2479//307 2492//307 2478//307
f 2481//308 2471//308 2472//308
f 256//309 2495//309 2479//309
f 2482//310 2472//310 2473//310
f 2484//412 2473//412 2474//412
f 2475//312 2484//312 2474//312
f 2489//313 2475//313 2476//313
f 2490//314 2476//314 2477//314
f 2478//315 2490//315 2477//315
f 2480//316 2635//316 2471//316
f 2502//317 2484//317 2486//317
f 2503//318 2486//318 2489//318
f 2504//413 2489//413 2490//413
f 2505//320 2490//320 2492//320
f 2480//321 2642//321 2641//321
f 2506//322 2492//322 2495//322
f 2498//323 2480//323 2481//323
f 256//324 2506//324 2495//324
f 2482//325 2498//325 2481//325
f 2484//326 2500//326 2482//326
f 2505//327 2516//327 2504//327
f 2496//414 2639//414 2642//414
f 2520//329 2505//329 2506//329
f 2508//330 2496//330 2498//330
f 256//331 2520//331 2506//331
f 2509//332 2498//332 2500//332
f 2501//333 2509//333 2500//333
f 2512//334 2501//334 2502//334
f 2503//335 2512//335 2502//335
f 2504//336 2515//336 2503//336
f 2511//337 2526//337 2509//337
f 2529//338 2511//338 2512//338
f 2530//339 2512//339 2515//339
f 2531//340 2515//340 2516//340
f 2518//341 2531//341 2516//341
f 2507//342 2636//342 2639//342
f 2533//343 2518//343 2520//343
f 2508//344 2522//344 2507//344
f 256//345 2533//345 2520//345
f 2526//346 2508//346 2509//346
f 2532//347 2543//347 2531//347
f 2522//348 2637//348 2636//348
f 2547//415 2532//415 2533//415
f 2524//350 2534//350 2522//350
f 256//351 2547//351 2533//351
f 2536//352 2524//352 2526//352
f 2528//353 2536//353 2526//353
f 2529//354 2537//354 2528//354
f 2530//355 2539//355 2529//355
f 2543//356 2530//356 2531//356
f 2537//357 2553//357 2536//357
f 2556//358 2537//358 2539//358
f 2557//359 2539//359 2541//359
f 2558//360 2541//360 2543//360
f 2545//361 2558//361 2543//361
f 2534//362 2630//362 2637//362
f 2560//363 2545//363 2547//363
f 2535//364 2549//364 2534//364
f 256//365 2560//365 2547//365
f 2553//366 2535//366 2536//366
f 2568//367 2557//367 2558//367
f 2559//416 2568//416 2558//416
f 2549//369 2626//369 2630//369
f 2573//370 2559//370 2560//370
f 2550//371 2561//371 2549//371
f 256//372 2573//372 2560//372
f 2563//373 2550//373 2553//373
f 2555//374 2563//374 2553//374
f 2556//375 2564//375 2555//375
f 2557//376 2565//376 2556//376
f 2563//377 2576//377 2562//377
f 2581//378 2563//378 2564//378
f 2583//379 2564//379 2565//379
f 2584//380 2565//380 2566//380
f 2585//381 2566//381 2568//381
f 2570//382 2585//382 2568//382
f 2561//417 2627//417 2626//417
f 2587//384 2570//384 2573//384
f 2576//385 2561//385 2562//385
f 256//386 2587//386 2573//386
f 2597//387 2584//387 2585//387
f 2598//388 2585//388 2586//388
f 2575//389 2622//389 2627//389
f 2587//390 2598//390 2586//390
f 2576//391 2588//391 2575//391
f 256//392 2599//392 2587//392
f 2578//393 2591//393 2576//393
f 2581//394 2592//394 2578//394
f 2595//395 2581//395 2583//395
f 2596//396 2583//396 2584//396
f 256//397 2602//397 2599//397
f 2592//398 166//398 2591//398
f 2594//399 2600//399 2592//399
f 2595//400 191//400 2594//400
f 2596//401 213//401 2595//401
f 2597//402 217//402 2596//402
f 2598//403 234//403 2597//403
f 2588//404 2621//404 2622//404
f 2602//405 2598//405 2599//405
f 2591//406 129//406 2588//406
f 316//8 145//8 160//8
f 181//9 316//9 160//9
f 331//10 181//10 198//10
f 2590//11 331//11 198//11
f 87//12 2654//12 2651//12
f 2593//13 350//13 2590//13
f 304//14 87//14 107//14
f 207//15 354//15 2593//15
f 2589//16 304//16 107//16
f 313//7 2589//7 145//7
f 482//17 322//17 331//17
f 487//18 331//18 350//18
f 2654//19 409//19 2657//19
f 499//20 350//20 354//20
f 429//21 298//21 304//21
f 207//22 499//22 354//22
f 310//23 429//23 304//23
f 445//24 310//24 313//24
f 451//25 313//25 316//25
f 322//26 451//26 316//26
f 568//28 429//28 432//28
f 576//29 432//29 445//29
f 585//30 445//30 451//30
f 475//31 585//31 451//31
f 599//32 475//32 482//32
f 487//33 599//33 482//33
f 2657//34 556//34 2658//34
f 628//35 487//35 499//35
f 566//36 409//36 429//36
f 207//27 628//27 499//27
f 753//38 595//38 599//38
f 759//418 599//418 615//418
f 556//40 2659//40 2658//40
f 763//41 615//41 628//41
f 690//42 556//42 566//42
f 207//43 763//43 628//43
f 568//44 690//44 566//44
f 576//45 693//45 568//45
f 585//46 706//46 576//46
f 595//37 722//37 585//37
f 207//49 890//49 763//49
f 693//50 825//50 690//50
f 853//51 693//51 706//51
f 722//52 853//52 706//52
f 733//53 863//53 722//53
f 874//54 733//54 753//54
f 759//55 874//55 753//55
f 687//56 2663//56 2659//56
f 763//47 877//47 759//47
f 690//48 817//48 687//48
f 961//58 863//58 870//58
f 967//59 870//59 874//59
f 974//60 874//60 877//60
f 817//61 2661//61 2663//61
f 978//62 877//62 890//62
f 930//63 817//63 825//63
f 207//64 978//64 890//64
f 850//65 930//65 825//65
f 948//66 850//66 853//66
f 863//57 948//57 853//57
f 978//68 1057//68 974//68
f 1028//69 923//69 930//69
f 207//70 1071//70 978//70
f 1035//71 930//71 937//71
f 948//72 1035//72 937//72
f 954//73 1041//73 948//73
f 1050//74 954//74 961//74
f 1052//75 961//75 967//75
f 974//76 1052//76 967//76
f 923//67 2670//67 2661//67
f 1130//77 1041//77 1043//77
f 1139//78 1043//78 1050//78
f 1146//79 1050//79 1052//79
f 1160//80 1052//80 1057//80
f 1025//81 2669//81 2670//81
f 1071//82 1160//82 1057//82
f 1113//83 1025//83 1028//83
f 207//84 1165//84 1071//84
f 1118//85 1028//85 1035//85
f 1126//86 1035//86 1041//86
f 1112//88 2667//88 2669//88
f 1249//89 1160//89 1165//89
f 1206//90 1112//90 1113//90
f 207//91 1249//91 1165//91
f 1215//92 1113//92 1118//92
f 1126//93 1215//93 1118//93
f 1225//94 1126//94 1130//94
f 1139//95 1225//95 1130//95
f 1235//96 1139//96 1146//96
f 1243//87 1146//87 1160//87
f 1309//98 1222//98 1225//98
f 1321//99 1225//99 1227//99
f 1235//100 1321//100 1227//100
f 1243//101 1332//101 1235//101
f 1198//102 2665//102 2667//102
f 1340//103 1243//103 1249//103
f 1290//104 1198//104 1206//104
f 207//105 1340//105 1249//105
f 1294//106 1206//106 1215//106
f 1300//97 1215//97 1222//97
f 1418//107 1332//107 1334//107
f 1288//108 2666//108 2665//108
f 1340//109 1418//109 1334//109
f 1388//110 1288//110 1290//110
f 207//111 1423//111 1340//111
f 1395//112 1290//112 1294//112
f 1300//113 1395//113 1294//113
f 1309//114 1397//114 1300//114
f 1414//115 1309//115 1321//115
f 1416//116 1321//116 1332//116
f 1483//117 1395//117 1397//117
f 1488//118 1397//118 1408//118
f 1499//119 1408//119 1414//119
f 1416//120 1499//120 1414//120
f 1516//121 1416//121 1418//121
f 1374//122 2664//122 2666//122
f 1423//123 1516//123 1418//123
f 1473//124 1374//124 1388//124
f 207//125 1519//125 1423//125
f 1477//126 1388//126 1395//126
f 1573//128 1502//128 1516//128
f 1467//129 2668//129 2664//129
f 1575//130 1516//130 1519//130
f 1473//131 1541//131 1467//131
f 207//132 1575//132 1519//132
f 1477//133 1544//133 1473//133
f 1559//134 1477//134 1483//134
f 1561//135 1483//135 1488//135
f 1499//136 1561//136 1488//136
f 1568//127 1499//127 1502//127
f 1559//139 1612//139 1555//139
f 1616//140 1559//140 1561//140
f 1563//141 1616//141 1561//141
f 1633//142 1563//142 1568//142
f 1573//143 1633//143 1568//143
f 1608//144 2668//144 1541//144
f 1642//145 1573//145 1575//145
f 1544//419 1608//419 1541//419
f 207//137 1642//137 1575//137
f 1612//138 1544//138 1555//138
f 1692//148 1623//148 1633//148
f 1695//149 1633//149 1639//149
f 1660//150 2660//150 1608//150
f 1642//151 1695//151 1639//151
f 1668//152 1608//152 1611//152
f 207//153 1698//153 1642//153
f 1671//154 1611//154 1612//154
f 1680//155 1612//155 1614//155
f 1684//156 1614//156 1616//156
f 1690//147 1616//147 1623//147
f 207//158 1760//158 1698//158
f 1732//159 1668//159 1671//159
f 1735//160 1671//160 1680//160
f 1740//161 1680//161 1684//161
f 1690//162 1740//162 1684//162
f 1692//163 1749//163 1690//163
f 1757//164 1692//164 1695//164
f 1660//165 2671//165 2662//165
f 1760//166 1695//166 1698//166
f 1668//157 1727//157 1660//157
f 1749//167 1808//167 1740//167
f 1813//168 1749//168 1750//168
f 1814//169 1750//169 1757//169
f 1782//170 2671//170 1727//170
f 1816//171 1757//171 1760//171
f 1785//172 1727//172 1729//172
f 207//173 1816//173 1760//173
f 1792//174 1729//174 1732//174
f 1735//175 1792//175 1732//175
f 1808//176 1735//176 1740//176
f 1854//178 1782//178 1785//178
f 207//179 1880//179 1816//179
f 1858//180 1785//180 1792//180
f 1800//181 1858//181 1792//181
f 1864//182 1800//182 1808//182
f 1810//183 1864//183 1808//183
f 1874//184 1810//184 1813//184
f 1814//185 1874//185 1813//185
f 1851//186 2655//186 1782//186
f 1816//177 1875//177 1814//177
f 1915//188 1864//188 1865//188
f 1917//189 1865//189 1874//189
f 1919//190 1874//190 1875//190
f 1896//191 2656//191 1851//191
f 1880//192 1919//192 1875//192
f 1899//193 1851//193 1854//193
f 207//194 1920//194 1880//194
f 1904//195 1854//195 1858//195
f 1906//196 1858//196 1862//196
f 1864//187 1906//187 1862//187
f 1961//198 1919//198 1920//198
f 1944//199 1896//199 1899//199
f 207//200 1961//200 1920//200
f 1904//201 1944//201 1899//201
f 1948//202 1904//202 1906//202
f 1910//203 1948//203 1906//203
f 1952//204 1910//204 1915//204
f 1954//205 1915//205 1917//205
f 1960//206 1917//206 1919//206
f 1896//197 2652//197 2653//197
f 1994//207 1948//207 1950//207
f 1996//208 1950//208 1952//208
f 2000//209 1952//209 1954//209
f 2002//210 1954//210 1960//210
f 1942//211 2650//211 2652//211
f 2004//212 1960//212 1961//212
f 1980//213 1942//213 1944//213
f 207//214 2004//214 1961//214
f 1983//215 1944//215 1946//215
f 1948//216 1983//216 1946//216
f 1978//218 2648//218 2650//218
f 2043//219 2002//219 2004//219
f 2027//220 1978//220 1980//220
f 207//221 2043//221 2004//221
f 2028//222 1980//222 1983//222
f 2030//223 1983//223 1987//223
f 1994//224 2030//224 1987//224
f 2034//225 1994//225 1996//225
f 2038//226 1996//226 2000//226
f 2041//217 2000//217 2002//217
f 2033//228 2069//228 2030//228
f 2034//229 2073//229 2033//229
f 2038//230 2080//230 2034//230
f 2085//231 2038//231 2041//231
f 2023//232 2649//232 2648//232
f 2043//233 2085//233 2041//233
f 2063//234 2023//234 2027//234
f 207//235 2087//235 2043//235
f 2066//236 2027//236 2028//236
f 2030//227 2066//227 2028//227
f 2121//420 2082//420 2085//420
f 2061//239 2646//239 2649//239
f 2125//240 2085//240 2087//240
f 2110//241 2061//241 2063//241
f 207//242 2125//242 2087//242
f 2112//243 2063//243 2066//243
f 2069//244 2112//244 2066//244
f 2116//245 2069//245 2073//245
f 2080//246 2116//246 2073//246
f 2082//237 2117//237 2080//237
f 2113//248 2148//248 2112//248
f 2157//249 2113//249 2116//249
f 2117//250 2157//250 2116//250
f 2119//251 2161//251 2117//251
f 2121//252 2163//252 2119//252
f 2145//421 2672//421 2644//421
f 2170//254 2121//254 2125//254
f 2110//255 2145//255 2103//255
f 207//256 2170//256 2125//256
f 2148//247 2110//247 2112//247
f 2203//257 2161//257 2163//257
f 2168//258 2203//258 2163//258
f 2145//259 2674//259 2672//259
f 2170//260 2206//260 2168//260
f 2189//261 2145//261 2146//261
f 207//262 2208//262 2170//262
f 2193//263 2146//263 2148//263
f 2153//264 2193//264 2148//264
f 2199//265 2153//265 2157//265
f 2161//266 2199//266 2157//266
f 2235//268 2189//268 2193//268
f 2196//269 2235//269 2193//269
f 2239//270 2196//270 2199//270
f 2241//271 2199//271 2201//271
f 2203//272 2241//272 2201//272
f 2206//273 2243//273 2203//273
f 2187//274 2676//274 2674//274
f 2247//275 2206//275 2208//275
f 2233//276 2187//276 2189//276
f 207//267 2247//267 2208//267
f 2270//278 2241//278 2243//278
f 2272//279 2243//279 2245//279
f 2229//280 2678//280 2676//280
f 2247//281 2272//281 2245//281
f 2233//282 2259//282 2229//282
f 207//283 2274//283 2247//283
f 2263//284 2233//284 2235//284
f 2265//285 2235//285 2237//285
f 2267//286 2237//286 2239//286
f 2268//277 2239//277 2241//277
f 207//288 2302//288 2274//288
f 2263//289 2289//289 2261//289
f 2292//290 2263//290 2265//290
f 2295//291 2265//291 2267//291
f 2297//292 2267//292 2268//292
f 2299//293 2268//293 2270//293
f 2300//294 2270//294 2272//294
f 2259//295 2681//295 2678//295
f 2302//296 2272//296 2274//296
f 2261//287 2286//287 2259//287
f 2325//297 2295//297 2297//297
f 2326//298 2297//298 2299//298
f 2328//299 2299//299 2300//299
f 2286//300 2684//300 2681//300
f 2302//301 2328//301 2300//301
f 2316//302 2286//302 2289//302
f 207//303 2331//303 2302//303
f 2318//304 2289//304 2290//304
f 2292//305 2318//305 2290//305
f 2295//306 2320//306 2292//306
f 2316//308 2342//308 2314//308
f 207//309 2358//309 2331//309
f 2347//310 2316//310 2318//310
f 2349//311 2318//311 2320//311
f 2350//312 2320//312 2323//312
f 2325//313 2350//313 2323//313
f 2326//314 2353//314 2325//314
f 2328//315 2354//315 2326//315
f 2314//316 2685//316 2684//316
f 2358//307 2328//307 2331//307
f 2380//318 2350//318 2353//318
f 2382//319 2353//319 2354//319
f 2357//320 2382//320 2354//320
f 2342//321 2683//321 2685//321
f 2358//322 2385//322 2357//322
f 2373//323 2342//323 2344//323
f 207//324 2387//324 2358//324
f 2375//325 2344//325 2347//325
f 2349//326 2375//326 2347//326
f 2379//317 2349//317 2350//317
f 2387//329 2412//329 2385//329
f 2401//330 2370//330 2373//330
f 207//331 2414//331 2387//331
f 2402//332 2373//332 2375//332
f 2404//333 2375//333 2377//333
f 2406//334 2377//334 2379//334
f 2380//335 2406//335 2379//335
f 2410//336 2380//336 2382//336
f 2412//327 2382//327 2385//327
f 2370//414 2682//414 2683//414
f 2406//338 2433//338 2404//338
f 2437//339 2406//339 2408//339
f 2439//340 2408//340 2410//340
f 2441//341 2410//341 2412//341
f 2399//342 2680//342 2682//342
f 2443//343 2412//343 2414//343
f 2429//344 2399//344 2401//344
f 207//345 2443//345 2414//345
f 2402//346 2429//346 2401//346
f 2433//337 2402//337 2404//337
f 2441//347 2466//347 2439//347
f 2680//348 2455//348 2679//348
f 2443//349 2468//349 2441//349
f 2429//350 2455//350 2427//350
f 207//351 2470//351 2443//351
f 2459//352 2429//352 2431//352
f 2433//353 2459//353 2431//353
f 2463//354 2433//354 2435//354
f 2465//355 2435//355 2437//355
f 2439//356 2465//356 2437//356
f 2488//357 2459//357 2461//357
f 2491//358 2461//358 2463//358
f 2465//359 2491//359 2463//359
f 2494//360 2465//360 2466//360
f 2468//361 2494//361 2466//361
f 2455//362 2677//362 2679//362
f 2499//363 2468//363 2470//363
f 2457//364 2483//364 2455//364
f 207//365 2499//365 2470//365
f 2487//366 2457//366 2459//366
f 2525//368 2494//368 2497//368
f 2483//369 2675//369 2677//369
f 2527//370 2497//370 2499//370
f 2485//371 2510//371 2483//371
f 207//372 2527//372 2499//372
f 2514//373 2485//373 2487//373
f 2488//374 2514//374 2487//374
f 2519//375 2488//375 2491//375
f 2493//376 2519//376 2491//376
f 2523//367 2493//367 2494//367
f 2544//378 2514//378 2517//378
f 2519//379 2544//379 2517//379
f 2548//380 2519//380 2521//380
f 2551//381 2521//381 2523//381
f 2525//382 2551//382 2523//382
f 2510//383 2673//383 2675//383
f 2527//384 2552//384 2525//384
f 2513//385 2538//385 2510//385
f 207//386 2554//386 2527//386
f 2542//377 2513//377 2514//377
f 2579//387 2548//387 2551//387
f 2580//388 2551//388 2552//388
f 2567//389 2647//389 2645//389
f 2582//390 2552//390 2554//390
f 2540//391 2567//391 2538//391
f 207//392 2582//392 2554//392
f 2571//393 2540//393 2542//393
f 2544//394 2571//394 2542//394
f 2574//395 2544//395 2546//395
f 2577//396 2546//396 2548//396
f 2571//398 107//398 2569//398
f 2572//399 2589//399 2571//399
f 2574//400 145//400 2572//400
f 2577//401 160//401 2574//401
f 2579//402 181//402 2577//402
f 2580//403 198//403 2579//403
f 2567//404 2651//404 2647//404
f 2582//405 2590//405 2580//405
f 2569//406 87//406 2567//406
f 207//397 2593//397 2582//397
f 265//8 117//8 124//8
f 267//9 124//9 135//9
f 140//10 267//10 135//10
f 2230//11 272//11 140//11
f 241//12 2723//12 2696//12
f 2232//13 281//13 2230//13
f 251//14 73//14 103//14
f 156//15 291//15 2232//15
f 2228//16 251//16 103//16
f 117//7 259//7 2228//7
f 375//17 267//17 272//17
f 381//18 272//18 281//18
f 241//19 2725//19 2723//19
f 291//20 381//20 281//20
f 337//21 241//21 251//21
f 156//22 385//22 291//22
f 259//23 337//23 251//23
f 347//24 259//24 262//24
f 360//25 262//25 265//25
f 361//26 265//26 267//26
f 438//28 337//28 346//28
f 347//29 438//29 346//29
f 443//30 347//30 360//30
f 450//31 360//31 361//31
f 454//32 361//32 375//32
f 469//33 375//33 381//33
f 328//34 2724//34 2725//34
f 385//35 469//35 381//35
f 435//36 328//36 337//36
f 156//27 473//27 385//27
f 559//38 450//38 454//38
f 469//39 559//39 454//39
f 428//40 2727//40 2724//40
f 565//41 469//41 473//41
f 517//42 428//42 435//42
f 156//43 565//43 473//43
f 520//44 435//44 438//44
f 529//45 438//45 440//45
f 538//46 440//46 443//46
f 450//37 538//37 443//37
f 156//49 653//49 565//49
f 620//50 517//50 520//50
f 626//51 520//51 529//51
f 635//52 529//52 538//52
f 639//53 538//53 553//53
f 642//54 553//54 559//54
f 562//55 642//55 559//55
f 514//56 2726//56 2727//56
f 653//47 562//47 565//47
f 608//48 514//48 517//48
f 731//58 635//58 639//58
f 739//59 639//59 642//59
f 645//60 739//60 642//60
f 607//61 2714//61 2726//61
f 748//62 645//62 653//62
f 694//63 607//63 608//63
f 156//64 748//64 653//64
f 702//65 608//65 620//65
f 626//66 702//66 620//66
f 725//57 626//57 635//57
f 841//68 742//68 748//68
f 793//69 691//69 694//69
f 156//70 841//70 748//70
f 808//71 694//71 702//71
f 810//72 702//72 720//72
f 814//73 720//73 725//73
f 731//74 814//74 725//74
f 822//75 731//75 739//75
f 826//76 739//76 742//76
f 691//67 2713//67 2714//67
f 891//77 810//77 814//77
f 901//78 814//78 816//78
f 822//79 901//79 816//79
f 826//80 910//80 822//80
f 784//81 2719//81 2713//81
f 915//82 826//82 841//82
f 884//83 784//83 793//83
f 156//84 915//84 841//84
f 885//85 793//85 808//85
f 887//86 808//86 810//86
f 880//88 2716//88 2719//88
f 915//89 969//89 914//89
f 944//90 880//90 884//90
f 156//91 971//91 915//91
f 885//92 944//92 884//92
f 951//93 885//93 887//93
f 891//94 951//94 887//94
f 960//95 891//95 901//95
f 965//96 901//96 910//96
f 969//87 910//87 914//87
f 1016//98 951//98 956//98
f 1021//408 956//408 960//408
f 1027//100 960//100 965//100
f 1031//101 965//101 969//101
f 942//102 2715//102 2716//102
f 1034//103 969//103 971//103
f 1002//104 942//104 944//104
f 156//105 1034//105 971//105
f 950//106 1002//106 944//106
f 1006//97 950//97 951//97
f 1031//107 1085//107 1027//107
f 1000//108 2718//108 2715//108
f 1034//109 1087//109 1031//109
f 1062//110 1000//110 1002//110
f 156//111 1089//111 1034//111
f 1070//112 1002//112 1004//112
f 1077//113 1004//113 1006//113
f 1081//114 1006//114 1016//114
f 1083//115 1016//115 1021//115
f 1085//116 1021//116 1027//116
f 1132//117 1070//117 1077//117
f 1137//118 1077//118 1081//118
f 1141//119 1081//119 1083//119
f 1144//120 1083//120 1085//120
f 1154//121 1085//121 1087//121
f 1060//122 2717//122 2718//122
f 1162//123 1087//123 1089//123
f 1124//124 1060//124 1062//124
f 156//125 1162//125 1089//125
f 1127//126 1062//126 1070//126
f 1211//128 1144//128 1154//128
f 1120//129 2702//129 2717//129
f 1162//130 1211//130 1154//130
f 1184//131 1120//131 1124//131
f 156//132 1214//132 1162//132
f 1194//133 1124//133 1127//133
f 1196//134 1127//134 1132//134
f 1201//135 1132//135 1137//135
f 1141//136 1201//136 1137//136
f 1208//127 1141//127 1144//127
f 1254//139 1194//139 1196//139
f 1256//140 1196//140 1201//140
f 1262//141 1201//141 1204//141
f 1270//142 1204//142 1208//142
f 1211//143 1270//143 1208//143
f 1179//144 2704//144 2702//144
f 1281//145 1211//145 1214//145
f 1184//146 1245//146 1179//146
f 156//137 1281//137 1214//137
f 1252//138 1184//138 1194//138
f 1333//148 1262//148 1270//148
f 1335//149 1270//149 1277//149
f 1245//150 2701//150 2704//150
f 1337//151 1277//151 1281//151
f 1307//152 1245//152 1250//152
f 156//153 1337//153 1281//153
f 1310//154 1250//154 1252//154
f 1254//155 1310//155 1252//155
f 1326//156 1254//156 1256//156
f 1262//147 1326//147 1256//147
f 156//158 1400//158 1337//158
f 1372//159 1307//159 1310//159
f 1376//160 1310//160 1314//160
f 1378//161 1314//161 1326//161
f 1330//162 1378//162 1326//162
f 1390//163 1330//163 1333//163
f 1394//164 1333//164 1335//164
f 1305//165 2703//165 2701//165
f 1337//166 1394//166 1335//166
f 1307//157 1366//157 1305//157
f 1450//167 1378//167 1384//167
f 1451//168 1384//168 1390//168
f 1453//409 1390//409 1394//409
f 1366//170 2699//170 2703//170
f 1456//171 1394//171 1400//171
f 1425//172 1366//172 1369//172
f 156//173 1456//173 1400//173
f 1372//174 1425//174 1369//174
f 1376//175 1435//175 1372//175
f 1446//176 1376//176 1378//176
f 1494//178 1421//178 1425//178
f 156//179 1521//179 1456//179
f 1497//180 1425//180 1435//180
f 1501//181 1435//181 1441//181
f 1446//182 1501//182 1441//182
f 1506//183 1446//183 1450//183
f 1512//184 1450//184 1451//184
f 1514//185 1451//185 1453//185
f 1421//186 2700//186 2699//186
f 1456//177 1514//177 1453//177
f 1552//188 1503//188 1506//188
f 1556//189 1506//189 1512//189
f 1557//190 1512//190 1514//190
f 1489//191 2698//191 2700//191
f 1560//192 1514//192 1521//192
f 1538//193 1489//193 1494//193
f 156//194 1560//194 1521//194
f 1542//195 1494//195 1497//195
f 1547//196 1497//196 1501//196
f 1550//187 1501//187 1503//187
f 1600//198 1557//198 1560//198
f 1583//199 1534//199 1538//199
f 156//200 1600//200 1560//200
f 1585//201 1538//201 1542//201
f 1547//202 1585//202 1542//202
f 1589//203 1547//203 1550//203
f 1552//204 1589//204 1550//204
f 1592//205 1552//205 1556//205
f 1557//206 1592//206 1556//206
f 1581//197 2698//197 1534//197
f 1631//207 1587//207 1589//207
f 1636//208 1589//208 1590//208
f 1638//209 1590//209 1592//209
f 1598//210 1638//210 1592//210
f 1581//211 2709//211 2720//211
f 1643//212 1598//212 1600//212
f 1621//213 1581//213 1583//213
f 156//214 1643//214 1600//214
f 1625//215 1583//215 1585//215
f 1628//216 1585//216 1587//216
f 1617//218 2710//218 2709//218
f 1643//219 1678//219 1640//219
f 1664//220 1617//220 1621//220
f 156//221 1683//221 1643//221
f 1667//222 1621//222 1625//222
f 1628//223 1667//223 1625//223
f 1631//224 1669//224 1628//224
f 1673//225 1631//225 1636//225
f 1676//226 1636//226 1638//226
f 1678//217 1638//217 1640//217
f 1714//228 1669//228 1672//228
f 1717//229 1672//229 1673//229
f 1722//230 1673//230 1676//230
f 1678//231 1722//231 1676//231
f 1662//232 2711//232 2710//232
f 1726//233 1678//233 1683//233
f 1703//234 1662//234 1664//234
f 156//235 1726//235 1683//235
f 1704//236 1664//236 1667//236
f 1669//227 1704//227 1667//227
f 1762//238 1722//238 1724//238
f 1700//239 2708//239 2711//239
f 1767//240 1724//240 1726//240
f 1747//410 1700//410 1703//410
f 156//242 1767//242 1726//242
f 1704//243 1747//243 1703//243
f 1710//244 1751//244 1704//244
f 1755//245 1710//245 1714//245
f 1717//246 1755//246 1714//246
f 1759//237 1717//237 1722//237
f 1753//248 1789//248 1751//248
f 1797//249 1753//249 1755//249
f 1799//250 1755//250 1756//250
f 1759//251 1799//251 1756//251
f 1807//252 1759//252 1762//252
f 1745//253 2712//253 2708//253
f 1809//254 1762//254 1767//254
f 1786//255 1745//255 1747//255
f 156//256 1809//256 1767//256
f 1789//247 1747//247 1751//247
f 1842//257 1799//257 1804//257
f 1845//258 1804//258 1807//258
f 1784//259 2706//259 2712//259
f 1809//260 1845//260 1807//260
f 1829//261 1784//261 1786//261
f 156//262 1848//262 1809//262
f 1834//263 1786//263 1789//263
f 1836//264 1789//264 1791//264
f 1838//265 1791//265 1797//265
f 1839//266 1797//266 1799//266
f 1873//268 1829//268 1834//268
f 1836//269 1873//269 1834//269
f 1877//270 1836//270 1838//270
f 1839//271 1877//271 1838//271
f 1881//272 1839//272 1842//272
f 1884//273 1842//273 1845//273
f 1824//274 2707//274 2706//274
f 1848//275 1884//275 1845//275
f 1872//276 1824//276 1829//276
f 156//267 1886//267 1848//267
f 1881//278 1907//278 1879//278
f 1911//279 1881//279 1884//279
f 1869//280 2705//280 2707//280
f 1913//281 1884//281 1886//281
f 1900//282 1869//282 1872//282
f 156//283 1913//283 1886//283
f 1901//284 1872//284 1873//284
f 1876//285 1901//285 1873//285
f 1905//286 1876//286 1877//286
f 1907//277 1877//277 1879//277
f 156//288 1941//288 1913//288
f 1930//289 1900//289 1901//289
f 1903//290 1930//290 1901//290
f 1933//291 1903//291 1905//291
f 1935//292 1905//292 1907//292
f 1938//411 1907//411 1909//411
f 1911//294 1938//294 1909//294
f 1897//295 2721//295 2705//295
f 1913//296 1940//296 1911//296
f 1928//287 1897//287 1900//287
f 1935//297 1962//297 1933//297
f 1966//298 1935//298 1938//298
f 1967//299 1938//299 1940//299
f 1925//300 2722//300 2721//300
f 1970//301 1940//301 1941//301
f 1956//302 1925//302 1928//302
f 156//303 1970//303 1941//303
f 1958//304 1928//304 1930//304
f 1932//305 1958//305 1930//305
f 1962//306 1932//306 1933//306
f 1956//308 1982//308 1953//308
f 156//309 1997//309 1970//309
f 1986//310 1956//310 1958//310
f 1988//412 1958//412 1959//412
f 1990//312 1959//312 1962//312
f 1991//313 1962//313 1964//313
f 1993//314 1964//314 1966//314
f 1967//315 1993//315 1966//315
f 1953//316 2697//316 2722//316
f 1997//307 1967//307 1970//307
f 2019//318 1990//318 1991//318
f 2022//413 1991//413 1993//413
f 2024//320 1993//320 1995//320
f 1982//321 2695//321 2697//321
f 2026//322 1995//322 1997//322
f 1984//323 2010//323 1982//323
f 156//324 2026//324 1997//324
f 2013//325 1984//325 1986//325
f 1988//326 2013//326 1986//326
f 2018//317 1988//317 1990//317
f 2026//329 2051//329 2024//329
f 2040//330 2010//330 2011//330
f 156//331 2054//331 2026//331
f 2042//332 2011//332 2013//332
f 2044//333 2013//333 2015//333
f 2046//334 2015//334 2018//334
f 2019//335 2046//335 2018//335
f 2050//336 2019//336 2022//336
f 2051//327 2022//327 2024//327
f 2010//414 2693//414 2695//414
f 2074//338 2044//338 2046//338
f 2048//339 2074//339 2046//339
f 2078//340 2048//340 2050//340
f 2051//341 2078//341 2050//341
f 2037//342 2692//342 2693//342
f 2081//343 2051//343 2054//343
f 2040//344 2065//344 2037//344
f 156//345 2081//345 2054//345
f 2070//346 2040//346 2042//346
f 2044//337 2070//337 2042//337
f 2079//347 2105//347 2078//347
f 2065//348 2688//348 2692//348
f 2109//349 2079//349 2081//349
f 2067//350 2093//350 2065//350
f 156//351 2109//351 2081//351
f 2098//352 2067//352 2070//352
f 2071//353 2098//353 2070//353
f 2101//354 2071//354 2074//354
f 2075//355 2101//355 2074//355
f 2105//356 2075//356 2078//356
f 2099//357 2126//357 2098//357
f 2130//358 2099//358 2101//358
f 2104//359 2130//359 2101//359
f 2134//360 2104//360 2105//360
f 2136//361 2105//361 2108//361
f 2093//362 2689//362 2688//362
f 2109//363 2136//363 2108//363
f 2096//364 2122//364 2093//364
f 156//365 2138//365 2109//365
f 2126//366 2096//366 2098//366
f 2164//416 2134//416 2136//416
f 2122//369 2686//369 2689//369
f 2138//370 2164//370 2136//370
f 2123//371 2149//371 2122//371
f 156//372 2166//372 2138//372
f 2154//373 2123//373 2126//373
f 2128//374 2154//374 2126//374
f 2158//375 2128//375 2130//375
f 2131//376 2158//376 2130//376
f 2162//367 2131//367 2134//367
f 2156//378 2182//378 2154//378
f 2186//379 2156//379 2158//379
f 2188//380 2158//380 2160//380
f 2190//381 2160//381 2162//381
f 2192//382 2162//382 2164//382
f 2149//417 2687//417 2686//417
f 2194//384 2164//384 2166//384
f 2151//385 2177//385 2149//385
f 156//386 2194//386 2166//386
f 2182//377 2151//377 2154//377
f 2218//387 2188//387 2190//387
f 2220//388 2190//388 2192//388
f 2177//389 2690//389 2687//389
f 2222//390 2192//390 2194//390
f 2180//391 2205//391 2177//391
f 156//392 2222//392 2194//392
f 2209//393 2180//393 2182//393
f 2184//394 2209//394 2182//394
f 2186//395 2211//395 2184//395
f 2216//396 2186//396 2188//396
f 2209//398 103//398 2207//398
f 2211//399 2228//399 2209//399
f 2213//400 117//400 2211//400
f 2216//401 124//401 2213//401
f 2218//402 135//402 2216//402
f 2220//403 140//403 2218//403
f 73//404 2694//404 2691//404
f 2222//405 2230//405 2220//405
f 2207//406 73//406 2205//406
f 156//397 2232//397 2222//397
f 91//7 204//7 1867//7
f 211//8 91//8 102//8
f 111//9 211//9 102//9
f 226//10 111//10 115//10
f 229//11 115//11 1868//11
f 57//12 2750//12 2752//12
f 1870//13 229//13 1868//13
f 199//14 57//14 78//14
f 123//15 243//15 1870//15
f 1867//16 199//16 78//16
f 302//17 216//17 226//17
f 306//18 226//18 229//18
f 2750//19 270//19 2769//19
f 243//20 306//20 229//20
f 275//21 188//21 199//21
f 123//22 308//22 243//22
f 279//23 199//23 204//23
f 284//24 204//24 210//24
f 292//25 210//25 211//25
f 216//26 292//26 211//26
f 123//27 367//27 308//27
f 345//28 275//28 279//28
f 349//29 279//29 284//29
f 292//30 349//30 284//30
f 355//31 292//31 297//31
f 356//32 297//32 302//32
f 366//33 302//33 306//33
f 2769//34 335//34 2755//34
f 367//35 306//35 308//35
f 344//36 270//36 275//36
f 423//37 352//37 355//37
f 424//38 355//38 356//38
f 430//418 356//418 366//418
f 335//40 2759//40 2755//40
f 367//41 430//41 366//41
f 398//42 335//42 344//42
f 123//43 433//43 367//43
f 403//44 344//44 345//44
f 349//45 403//45 345//45
f 415//46 349//46 352//46
f 433//47 485//47 430//47
f 468//48 395//48 398//48
f 123//49 492//49 433//49
f 471//50 398//50 403//50
f 406//51 471//51 403//51
f 476//52 406//52 415//52
f 423//53 476//53 415//53
f 424//54 479//54 423//54
f 485//55 424//55 430//55
f 2759//56 459//56 2757//56
f 537//57 472//57 476//57
f 479//58 537//58 476//58
f 481//59 543//59 479//59
f 485//60 551//60 481//60
f 459//61 2767//61 2757//61
f 557//62 485//62 492//62
f 522//63 459//63 468//63
f 123//64 557//64 492//64
f 471//65 522//65 468//65
f 472//66 524//66 471//66
f 519//67 2761//67 2767//67
f 557//68 611//68 554//68
f 587//69 519//69 522//69
f 123//70 616//70 557//70
f 592//71 522//71 524//71
f 596//72 524//72 533//72
f 601//73 533//73 537//73
f 604//74 537//74 543//74
f 606//75 543//75 551//75
f 554//76 606//76 551//76
f 601//77 656//77 596//77
f 667//78 601//78 604//78
f 673//79 604//79 606//79
f 611//80 673//80 606//80
f 581//81 2765//81 2761//81
f 616//82 676//82 611//82
f 647//83 581//83 587//83
f 123//84 681//84 616//84
f 651//85 587//85 592//85
f 656//86 592//86 596//86
f 676//87 730//87 673//87
f 643//88 2763//88 2765//88
f 738//89 676//89 681//89
f 711//90 643//90 647//90
f 123//91 738//91 681//91
f 717//92 647//92 651//92
f 656//93 717//93 651//93
f 663//94 721//94 656//94
f 667//95 724//95 663//95
f 730//96 667//96 673//96
f 776//97 717//97 721//97
f 782//98 721//98 724//98
f 790//99 724//99 728//99
f 730//100 790//100 728//100
f 735//101 798//101 730//101
f 705//102 2762//102 2763//102
f 738//103 804//103 735//103
f 772//104 705//104 711//104
f 123//105 807//105 738//105
f 773//106 711//106 717//106
f 859//107 798//107 804//107
f 769//108 2764//108 2762//108
f 861//109 804//109 807//109
f 832//110 769//110 772//110
f 123//111 861//111 807//111
f 838//112 772//112 773//112
f 776//113 838//113 773//113
f 782//114 845//114 776//114
f 790//115 849//115 782//115
f 854//116 790//116 798//116
f 893//117 838//117 845//117
f 897//118 845//118 849//118
f 852//119 897//119 849//119
f 903//120 852//120 854//120
f 859//121 903//121 854//121
f 829//122 2766//122 2764//122
f 861//123 907//123 859//123
f 832//124 888//124 829//124
f 123//125 913//125 861//125
f 892//126 832//126 838//126
f 945//127 900//127 903//127
f 907//128 945//128 903//128
f 888//129 2760//129 2766//129
f 913//130 947//130 907//130
f 889//131 928//131 888//131
f 123//132 949//132 913//132
f 892//133 931//133 889//133
f 940//134 892//134 893//134
f 941//135 893//135 897//135
f 943//136 897//136 900//136
f 123//137 994//137 949//137
f 975//138 931//138 936//138
f 977//139 936//139 940//139
f 941//140 977//140 940//140
f 943//141 980//141 941//141
f 945//142 984//142 943//142
f 947//422 988//422 945//422
f 928//144 2768//144 2760//144
f 994//145 947//145 949//145
f 973//146 928//146 931//146
f 1026//147 980//147 984//147
f 1029//148 984//148 988//148
f 990//149 1029//149 988//149
f 1007//150 2768//150 970//150
f 994//151 1030//151 990//151
f 1011//152 970//152 973//152
f 123//153 1032//153 994//153
f 975//154 1011//154 973//154
f 1020//155 975//155 977//155
f 980//156 1020//156 977//156
f 1056//157 1007//157 1011//157
f 123//158 1075//158 1032//158
f 1058//159 1011//159 1018//159
f 1020//160 1058//160 1018//160
f 1023//161 1059//161 1020//161
f 1026//162 1061//162 1023//162
f 1068//163 1026//163 1029//163
f 1030//164 1068//164 1029//164
f 1007//165 2758//165 2756//165
f 1075//166 1030//166 1032//166
f 1110//167 1061//167 1064//167
f 1111//168 1064//168 1068//168
f 1114//169 1068//169 1073//169
f 1090//170 2758//170 1054//170
f 1075//171 1114//171 1073//171
f 1056//172 1090//172 1054//172
f 123//173 1115//173 1075//173
f 1099//174 1056//174 1058//174
f 1059//175 1099//175 1058//175
f 1108//176 1059//176 1061//176
f 1115//177 1156//177 1114//177
f 1138//178 1090//178 1096//178
f 123//179 1158//179 1115//179
f 1140//180 1096//180 1099//180
f 1102//181 1140//181 1099//181
f 1145//182 1102//182 1108//182
f 1110//183 1145//183 1108//183
f 1152//184 1110//184 1111//184
f 1114//185 1152//185 1111//185
f 1090//186 2753//186 2754//186
f 1145//187 1185//187 1142//187
f 1193//188 1145//188 1148//188
f 1195//423 1148//423 1152//423
f 1156//190 1195//190 1152//190
f 1173//191 2753//191 1135//191
f 1199//192 1156//192 1158//192
f 1175//193 1135//193 1138//193
f 123//194 1199//194 1158//194
f 1181//195 1138//195 1140//195
f 1142//196 1181//196 1140//196
f 1173//197 2751//197 2749//197
f 1240//198 1197//198 1199//198
f 1175//199 1220//199 1173//199
f 123//200 1240//200 1199//200
f 1224//201 1175//201 1181//201
f 1226//202 1181//202 1185//202
f 1187//203 1226//203 1185//203
f 1193//204 1228//204 1187//204
f 1231//205 1193//205 1195//205
f 1197//206 1231//206 1195//206
f 1228//207 1267//207 1226//207
f 1275//208 1228//208 1229//208
f 1278//209 1229//209 1231//209
f 1280//210 1231//210 1237//210
f 1220//211 2747//211 2751//211
f 1240//212 1280//212 1237//212
f 1221//213 1257//213 1220//213
f 123//214 1282//214 1240//214
f 1263//215 1221//215 1224//215
f 1267//216 1224//216 1226//216
f 1317//217 1278//217 1280//217
f 1257//218 2744//218 2747//218
f 1323//219 1280//219 1282//219
f 1303//220 1257//220 1258//220
f 123//221 1323//221 1282//221
f 1306//222 1258//222 1263//222
f 1308//223 1263//223 1267//223
f 1271//224 1308//224 1267//224
f 1313//225 1271//225 1275//225
f 1278//226 1313//226 1275//226
f 1308//227 1345//227 1306//227
f 1354//228 1308//228 1311//228
f 1356//229 1311//229 1313//229
f 1360//230 1313//230 1315//230
f 1317//231 1360//231 1315//231
f 1302//232 2743//232 2744//232
f 1323//233 1363//233 1317//233
f 1342//234 1302//234 1303//234
f 123//235 1365//235 1323//235
f 1345//236 1303//236 1306//236
f 1398//237 1356//237 1360//237
f 1402//420 1360//420 1363//420
f 1339//239 2742//239 2743//239
f 1403//240 1363//240 1365//240
f 1386//241 1339//241 1342//241
f 123//242 1403//242 1365//242
f 1389//243 1342//243 1345//243
f 1350//244 1389//244 1345//244
f 1393//245 1350//245 1354//245
f 1356//246 1393//246 1354//246
f 1428//247 1386//247 1389//247
f 1432//248 1389//248 1391//248
f 1434//249 1391//249 1393//249
f 1396//250 1434//250 1393//250
f 1398//251 1440//251 1396//251
f 1445//252 1398//252 1402//252
f 1382//253 2741//253 2742//253
f 1448//254 1402//254 1403//254
f 1386//255 1422//255 1382//255
f 123//256 1448//256 1403//256
f 1480//257 1440//257 1443//257
f 1445//258 1480//258 1443//258
f 1422//259 2740//259 2741//259
f 1448//260 1482//260 1445//260
f 1470//261 1422//261 1424//261
f 123//262 1486//262 1448//262
f 1471//263 1424//263 1428//263
f 1432//264 1471//264 1428//264
f 1476//265 1432//265 1434//265
f 1440//266 1476//266 1434//266
f 123//267 1524//267 1486//267
f 1513//268 1470//268 1471//268
f 1474//269 1513//269 1471//269
f 1517//270 1474//270 1476//270
f 1479//271 1517//271 1476//271
f 1480//272 1518//272 1479//272
f 1482//273 1520//273 1480//273
f 1465//274 2739//274 2740//274
f 1486//275 1523//275 1482//275
f 1511//276 1465//276 1470//276
f 1546//277 1517//277 1518//277
f 1548//278 1518//278 1520//278
f 1551//279 1520//279 1523//279
f 1507//280 2735//280 2739//280
f 1524//281 1551//281 1523//281
f 1539//282 1507//282 1511//282
f 123//283 1553//283 1524//283
f 1540//284 1511//284 1513//284
f 1543//285 1513//285 1515//285
f 1545//286 1515//286 1517//286
f 1567//287 1537//287 1539//287
f 123//288 1580//288 1553//288
f 1540//289 1567//289 1539//289
f 1543//290 1569//290 1540//290
f 1545//291 1571//291 1543//291
f 1546//292 1572//292 1545//292
f 1576//293 1546//293 1548//293
f 1578//294 1548//294 1551//294
f 1537//295 2732//295 2735//295
f 1553//296 1578//296 1551//296
f 1602//297 1572//297 1574//297
f 1605//298 1574//298 1576//298
f 1578//299 1605//299 1576//299
f 1593//300 2732//300 1564//300
f 1580//301 1607//301 1578//301
f 1567//302 1593//302 1564//302
f 123//303 1609//303 1580//303
f 1569//304 1595//304 1567//304
f 1571//305 1596//305 1569//305
f 1572//306 1599//306 1571//306
f 1637//307 1607//307 1609//307
f 1595//308 1620//308 1593//308
f 123//309 1637//309 1609//309
f 1624//310 1595//310 1596//310
f 1626//311 1596//311 1599//311
f 1601//312 1626//312 1599//312
f 1630//313 1601//313 1602//313
f 1605//314 1630//314 1602//314
f 1607//315 1632//315 1605//315
f 1593//316 2729//316 2728//316
f 1657//317 1626//317 1629//317
f 1630//318 1657//318 1629//318
f 1661//319 1630//319 1632//319
f 1663//320 1632//320 1634//320
f 1620//321 2731//321 2729//321
f 1637//322 1663//322 1634//322
f 1622//323 1649//323 1620//323
f 123//324 1665//324 1637//324
f 1653//325 1622//325 1624//325
f 1626//326 1653//326 1624//326
f 1691//327 1661//327 1663//327
f 1649//414 2730//414 2731//414
f 1693//329 1663//329 1665//329
f 1679//330 1649//330 1650//330
f 123//331 1693//331 1665//331
f 1681//332 1650//332 1653//332
f 1682//333 1653//333 1655//333
f 1685//334 1655//334 1657//334
f 1658//335 1685//335 1657//335
f 1688//336 1658//336 1661//336
f 1711//337 1681//337 1682//337
f 1712//338 1682//338 1685//338
f 1715//339 1685//339 1686//339
f 1716//340 1686//340 1688//340
f 1719//341 1688//341 1691//341
f 1677//342 2734//342 2730//342
f 1720//343 1691//343 1693//343
f 1706//344 1677//344 1679//344
f 123//345 1720//345 1693//345
f 1709//346 1679//346 1681//346
f 1719//347 1744//347 1716//347
f 2734//348 1733//348 2733//348
f 1720//349 1746//349 1719//349
f 1706//350 1733//350 1705//350
f 123//351 1748//351 1720//351
f 1736//352 1706//352 1709//352
f 1711//353 1736//353 1709//353
f 1741//354 1711//354 1712//354
f 1742//355 1712//355 1715//355
f 1716//356 1742//356 1715//356
f 1766//357 1736//357 1739//357
f 1741//358 1766//358 1739//358
f 1742//359 1768//359 1741//359
f 1744//360 1770//360 1742//360
f 1746//361 1772//361 1744//361
f 1761//362 2733//362 1733//362
f 1776//363 1746//363 1748//363
f 1734//364 1761//364 1733//364
f 123//365 1776//365 1748//365
f 1764//366 1734//366 1736//366
f 1801//367 1770//367 1772//367
f 1774//416 1801//416 1772//416
f 1761//369 2738//369 2736//369
f 1776//370 1803//370 1774//370
f 1790//424 1761//424 1763//424
f 123//372 1805//372 1776//372
f 1793//373 1763//373 1764//373
f 1766//374 1793//374 1764//374
f 1796//375 1766//375 1768//375
f 1770//376 1796//376 1768//376
f 1821//377 1790//377 1793//377
f 1795//378 1821//378 1793//378
f 1796//379 1822//379 1795//379
f 1827//380 1796//380 1798//380
f 1828//381 1798//381 1801//381
f 1830//382 1801//382 1803//382
f 1817//417 2737//417 1788//417
f 1832//384 1803//384 1805//384
f 1790//385 1817//385 1788//385
f 123//386 1832//386 1805//386
f 1828//387 1855//387 1827//387
f 1830//388 1856//388 1828//388
f 1844//389 2748//389 2746//389
f 1861//390 1830//390 1832//390
f 1819//391 1844//391 1817//391
f 123//392 1861//392 1832//392
f 1849//393 1819//393 1821//393
f 1822//394 1849//394 1821//394
f 1853//395 1822//395 1825//395
f 1855//396 1825//396 1827//396
f 123//397 1870//397 1861//397
f 1849//398 78//398 1847//398
f 1850//399 1867//399 1849//399
f 1853//400 91//400 1850//400
f 1855//401 102//401 1853//401
f 1856//402 111//402 1855//402
f 1859//403 115//403 1856//403
f 57//404 2748//404 1844//404
f 1861//405 1868//405 1859//405
f 1847//406 57//406 1844//406
f 70//7 151//7 1505//7
f 164//8 70//8 79//8
f 170//9 79//9 84//9
f 178//10 84//10 95//10
f 1508//11 178//11 95//11
f 138//12 2792//12 2780//12
f 1509//13 184//13 1508//13
f 64//14 138//14 61//14
f 97//15 193//15 1509//15
f 1505//16 147//16 64//16
f 247//17 170//17 178//17
f 254//18 178//18 184//18
f 138//19 2809//19 2792//19
f 193//20 254//20 184//20
f 224//21 138//21 147//21
f 97//22 257//22 193//22
f 232//23 147//23 151//23
f 236//24 151//24 159//24
f 238//25 159//25 164//25
f 245//26 164//26 170//26
f 97//27 300//27 257//27
f 280//28 224//28 232//28
f 283//29 232//29 236//29
f 288//30 236//30 238//30
f 245//31 288//31 238//31
f 293//32 245//32 247//32
f 295//33 247//33 254//33
f 220//34 2795//34 2809//34
f 300//35 254//35 257//35
f 277//36 220//36 224//36
f 332//37 288//37 289//37
f 334//38 289//38 293//38
f 339//39 293//39 295//39
f 274//40 2794//40 2795//40
f 300//41 339//41 295//41
f 319//42 274//42 277//42
f 97//43 341//43 300//43
f 323//44 277//44 280//44
f 283//45 323//45 280//45
f 329//46 283//46 288//46
f 384//47 339//47 341//47
f 362//48 318//48 319//48
f 97//49 384//49 341//49
f 364//50 319//50 323//50
f 325//51 364//51 323//51
f 370//52 325//52 329//52
f 373//53 329//53 332//53
f 334//54 373//54 332//54
f 379//55 334//55 339//55
f 318//56 2797//56 2794//56
f 414//57 368//57 370//57
f 373//58 414//58 370//58
f 419//59 373//59 377//59
f 422//60 377//60 379//60
f 358//61 2799//61 2797//61
f 384//62 422//62 379//62
f 404//63 358//63 362//63
f 97//64 425//64 384//64
f 407//65 362//65 364//65
f 368//66 407//66 364//66
f 401//67 2801//67 2799//67
f 466//68 422//68 425//68
f 447//69 401//69 404//69
f 97//70 466//70 425//70
f 448//71 404//71 407//71
f 452//72 407//72 411//72
f 456//73 411//73 414//73
f 457//74 414//74 416//74
f 461//75 416//75 419//75
f 464//76 419//76 422//76
f 456//77 493//77 452//77
f 501//78 456//78 457//78
f 502//79 457//79 461//79
f 464//80 502//80 461//80
f 442//81 2806//81 2801//81
f 508//82 464//82 466//82
f 488//83 442//83 447//83
f 97//84 508//84 466//84
f 490//85 447//85 448//85
f 493//86 448//86 452//86
f 505//87 544//87 502//87
f 484//88 2804//88 2806//88
f 550//89 505//89 508//89
f 531//90 484//90 488//90
f 97//91 550//91 508//91
f 490//92 531//92 488//92
f 535//93 490//93 493//93
f 539//94 493//94 498//94
f 541//95 498//95 501//95
f 544//96 501//96 502//96
f 579//97 532//97 535//97
f 539//98 579//98 535//98
f 583//408 539//408 541//408
f 544//100 583//100 541//100
f 590//101 544//101 547//101
f 526//102 2802//102 2804//102
f 593//103 547//103 550//103
f 572//104 526//104 531//104
f 97//105 593//105 550//105
f 532//106 572//106 531//106
f 590//107 629//107 586//107
f 569//108 2803//108 2802//108
f 634//109 590//109 593//109
f 613//110 569//110 572//110
f 97//111 634//111 593//111
f 617//112 572//112 574//112
f 579//113 617//113 574//113
f 623//114 579//114 580//114
f 625//115 580//115 583//115
f 629//116 583//116 586//116
f 619//117 659//117 617//117
f 664//118 619//118 623//118
f 669//119 623//119 625//119
f 671//120 625//120 629//120
f 632//121 671//121 629//121
f 652//122 2803//122 610//122
f 634//123 675//123 632//123
f 613//124 652//124 610//124
f 97//125 678//125 634//125
f 617//126 655//126 613//126
f 712//127 669//127 671//127
f 675//128 712//128 671//128
f 696//129 2805//129 652//129
f 678//130 715//130 675//130
f 699//131 652//131 655//131
f 97//132 718//132 678//132
f 659//133 699//133 655//133
f 703//134 659//134 662//134
f 664//135 703//135 662//135
f 669//136 708//136 664//136
f 97//137 761//137 718//137
f 700//138 741//138 699//138
f 747//139 700//139 703//139
f 750//140 703//140 708//140
f 751//141 708//141 709//141
f 754//142 709//142 712//142
f 715//143 754//143 712//143
f 696//144 2808//144 2800//144
f 761//145 715//145 718//145
f 741//146 696//146 699//146
f 751//147 792//147 750//147
f 796//148 751//148 754//148
f 757//149 796//149 754//149
f 736//150 2796//150 2808//150
f 802//151 757//151 761//151
f 781//152 736//152 741//152
f 97//153 802//153 761//153
f 743//154 781//154 741//154
f 747//155 786//155 743//155
f 792//156 747//156 750//156
f 823//157 779//157 781//157
f 97//158 844//158 802//158
f 828//159 781//159 786//159
f 831//160 786//160 788//160
f 834//161 788//161 792//161
f 794//162 834//162 792//162
f 840//163 794//163 796//163
f 801//164 840//164 796//164
f 779//165 2798//165 2796//165
f 844//166 801//166 802//166
f 878//167 834//167 836//167
f 879//168 836//168 840//168
f 882//409 840//409 843//409
f 820//170 2807//170 2798//170
f 883//171 843//171 844//171
f 865//172 820//172 823//172
f 97//173 883//173 844//173
f 828//174 865//174 823//174
f 873//175 828//175 831//175
f 834//176 873//176 831//176
f 911//177 882//177 883//177
f 898//178 862//178 865//178
f 97//179 911//179 883//179
f 899//180 865//180 868//180
f 902//181 868//181 873//181
f 876//182 902//182 873//182
f 906//183 876//183 878//183
f 879//184 906//184 878//184
f 882//185 908//185 879//185
f 862//186 2791//186 2807//186
f 904//187 929//187 902//187
f 933//188 904//188 906//188
f 935//423 906//423 908//423
f 909//190 935//190 908//190
f 896//191 2793//191 2791//191
f 939//192 909//192 911//192
f 898//193 924//193 896//193
f 97//194 939//194 911//194
f 927//195 898//195 899//195
f 902//196 927//196 899//196
f 924//197 2811//197 2793//197
f 968//198 938//198 939//198
f 953//199 924//199 925//199
f 97//200 968//200 939//200
f 927//201 953//201 925//201
f 957//202 927//202 929//202
f 932//203 957//203 929//203
f 962//204 932//204 933//204
f 935//205 962//205 933//205
f 938//206 964//206 935//206
f 959//207 986//207 957//207
f 989//208 959//208 962//208
f 964//209 989//209 962//209
f 966//210 991//210 964//210
f 952//211 2810//211 2811//211
f 968//212 993//212 966//212
f 981//213 952//213 953//213
f 97//214 996//214 968//214
f 955//215 981//215 953//215
f 957//216 983//216 955//216
f 993//217 1019//217 991//217
f 979//218 2790//218 2810//218
f 996//219 1022//219 993//219
f 1009//220 979//220 981//220
f 97//221 1024//221 996//221
f 1012//222 981//222 983//222
f 1013//223 983//223 986//223
f 1015//224 986//224 987//224
f 1017//225 987//225 989//225
f 1019//425 989//425 991//425
f 1013//227 1040//227 1012//227
f 1015//228 1042//228 1013//228
f 1045//229 1015//229 1017//229
f 1048//230 1017//230 1019//230
f 1049//231 1019//231 1022//231
f 1008//232 2789//232 2790//232
f 1051//233 1022//233 1024//233
f 1037//234 1008//234 1009//234
f 97//235 1051//235 1024//235
f 1040//236 1009//236 1012//236
f 1076//237 1045//237 1048//237
f 1078//238 1048//238 1049//238
f 1036//239 2788//239 2789//239
f 1051//240 1078//240 1049//240
f 1037//410 1063//410 1036//410
f 97//242 1080//242 1051//242
f 1067//243 1037//243 1040//243
f 1069//244 1040//244 1042//244
f 1072//245 1042//245 1044//245
f 1074//246 1044//246 1045//246
f 1095//247 1065//247 1067//247
f 1069//248 1095//248 1067//248
f 1100//249 1069//249 1072//249
f 1074//250 1100//250 1072//250
f 1104//251 1074//251 1076//251
f 1078//252 1104//252 1076//252
f 1063//253 2786//253 2788//253
f 1107//254 1078//254 1080//254
f 1065//255 1092//255 1063//255
f 97//256 1107//256 1080//256
f 1131//257 1101//257 1104//257
f 1106//258 1131//258 1104//258
f 1092//259 2787//259 2786//259
f 1136//260 1106//260 1107//260
f 1121//261 1092//261 1093//261
f 97//262 1136//262 1107//262
f 1123//263 1093//263 1095//263
f 1097//264 1123//264 1095//264
f 1128//265 1097//265 1100//265
f 1129//266 1100//266 1101//266
f 97//267 1163//267 1136//267
f 1151//268 1121//268 1123//268
f 1125//269 1151//269 1123//269
f 1155//270 1125//270 1128//270
f 1157//271 1128//271 1129//271
f 1159//272 1129//272 1131//272
f 1161//426 1131//426 1133//426
f 1119//274 2785//274 2787//274
f 1136//275 1161//275 1133//275
f 1150//276 1119//276 1121//276
f 1157//277 1183//277 1155//277
f 1159//278 1186//278 1157//278
f 1189//279 1159//279 1161//279
f 1147//280 2783//280 2785//280
f 1192//281 1161//281 1163//281
f 1178//282 1147//282 1150//282
f 97//283 1192//283 1163//283
f 1180//284 1150//284 1151//284
f 1182//285 1151//285 1153//285
f 1155//286 1182//286 1153//286
f 1178//287 1203//287 1176//287
f 97//288 1219//288 1192//288
f 1180//289 1205//289 1178//289
f 1209//290 1180//290 1182//290
f 1183//291 1209//291 1182//291
f 1213//292 1183//292 1186//292
f 1216//411 1186//411 1188//411
f 1189//294 1216//294 1188//294
f 1176//295 2784//295 2783//295
f 1219//296 1189//296 1192//296
f 1242//297 1212//297 1213//297
f 1244//298 1213//298 1216//298
f 1246//299 1216//299 1217//299
f 1203//300 2782//300 2784//300
f 1248//301 1217//301 1219//301
f 1234//302 1203//302 1205//302
f 97//303 1248//303 1219//303
f 1236//304 1205//304 1207//304
f 1209//305 1236//305 1207//305
f 1212//306 1238//306 1209//306
f 1276//307 1246//307 1248//307
f 1261//308 1232//308 1234//308
f 97//309 1276//309 1248//309
f 1264//310 1234//310 1236//310
f 1266//412 1236//412 1238//412
f 1239//312 1266//312 1238//312
f 1269//313 1239//313 1242//313
f 1272//314 1242//314 1244//314
f 1273//315 1244//315 1246//315
f 1232//316 2781//316 2782//316
f 1295//317 1266//317 1268//317
f 1297//318 1268//318 1269//318
f 1299//413 1269//413 1272//413
f 1301//320 1272//320 1273//320
f 1259//321 2779//321 2781//321
f 1304//322 1273//322 1276//322
f 1289//323 1259//323 1261//323
f 97//324 1304//324 1276//324
f 1292//325 1261//325 1264//325
f 1293//326 1264//326 1266//326
f 1301//327 1327//327 1299//327
f 1287//414 2777//414 2779//414
f 1304//329 1329//329 1301//329
f 1318//330 1287//330 1289//330
f 97//331 1331//331 1304//331
f 1320//332 1289//332 1292//332
f 1322//333 1292//333 1293//333
f 1324//334 1293//334 1295//334
f 1325//335 1295//335 1297//335
f 1327//336 1297//336 1299//336
f 1322//337 1348//337 1320//337
f 1352//338 1322//338 1324//338
f 1353//339 1324//339 1325//339
f 1355//340 1325//340 1327//340
f 1357//341 1327//341 1329//341
f 1316//342 2776//342 2777//342
f 1359//343 1329//343 1331//343
f 1346//344 1316//344 1318//344
f 97//345 1359//345 1331//345
f 1348//346 1318//346 1320//346
f 1385//347 1355//347 1357//347
f 1343//348 2772//348 2776//348
f 1387//349 1357//349 1359//349
f 1346//350 1371//350 1343//350
f 97//351 1387//351 1359//351
f 1375//352 1346//352 1348//352
f 1349//353 1375//353 1348//353
f 1379//354 1349//354 1352//354
f 1353//355 1379//355 1352//355
f 1383//356 1353//356 1355//356
f 1406//357 1375//357 1377//357
f 1407//358 1377//358 1379//358
f 1381//359 1407//359 1379//359
f 1411//360 1381//360 1383//360
f 1385//361 1411//361 1383//361
f 1399//362 2772//362 1371//362
f 1415//363 1385//363 1387//363
f 1373//364 1399//364 1371//364
f 97//365 1415//365 1387//365
f 1404//366 1373//366 1375//366
f 1439//367 1409//367 1411//367
f 1413//416 1439//416 1411//416
f 1399//369 2770//369 2773//369
f 1444//370 1413//370 1415//370
f 1401//371 1427//371 1399//371
f 97//372 1444//372 1415//372
f 1431//373 1401//373 1404//373
f 1433//374 1404//374 1406//374
f 1436//375 1406//375 1407//375
f 1409//376 1436//376 1407//376
f 1460//377 1429//377 1431//377
f 1462//378 1431//378 1433//378
f 1464//379 1433//379 1436//379
f 1466//380 1436//380 1437//380
f 1468//381 1437//381 1439//381
f 1442//382 1468//382 1439//382
f 1455//417 2770//417 1427//417
f 1444//384 1469//384 1442//384
f 1429//385 1455//385 1427//385
f 97//386 1472//386 1444//386
f 1495//387 1466//387 1468//387
f 1498//388 1468//388 1469//388
f 1455//389 2774//389 2771//389
f 1500//390 1469//390 1472//390
f 1457//391 1484//391 1455//391
f 97//392 1500//392 1472//392
f 1487//393 1457//393 1460//393
f 1490//394 1460//394 1462//394
f 1491//395 1462//395 1464//395
f 1493//396 1464//396 1466//396
f 97//397 1509//397 1500//397
f 1487//398 64//398 1485//398
f 70//427 1487//427 1490//427
f 1491//400 70//400 1490//400
f 1493//401 79//401 1491//401
f 1495//402 84//402 1493//402
f 1498//403 95//403 1495//403
f 61//404 2775//404 1484//404
f 1500//405 1508//405 1498//405
f 1485//406 61//406 1484//406
f 34//3 2814//3 2813//3
f 34//4 2812//4 2814//4
f 43//1 2812//1 53//1
f 17//2 2815//2 43//2
f 17//6 53//6 34//6
f 21//428 2835//428 2837//428
f 28//429 2836//429 2835//429
f 31//430 2842//430 2836//430
f 41//431 2849//431 2842//431
f 48//432 2848//432 2849//432
f 58//433 2848//433 52//433
f 67//434 2851//434 58//434
f 74//435 2858//435 67//435
f 82//436 2855//436 74//436
f 88//437 2854//437 82//437
f 92//438 2844//438 88//438
f 99//439 2830//439 92//439
f 106//440 2827//440 99//440
f 114//441 2826//441 106//441
f 120//442 2824//442 114//442
f 125//443 2823//443 120//443
f 133//444 2822//444 125//444
f 142//445 2817//445 133//445
f 149//446 2820//446 142//446
f 153//447 2819//447 149//447
f 161//448 2821//448 153//448
f 169//449 2818//449 161//449
f 173//450 2825//450 169//450
f 182//451 2828//451 173//451
f 190//452 2829//452 182//452
f 190//453 2852//453 2843//453
f 196//454 2853//454 2852//454
f 201//455 2857//455 2853//455
f 205//456 2856//456 2857//456
f 208//457 2850//457 2856//457
f 218//458 2846//458 2845//458
f 218//459 2847//459 2846//459
f 228//460 2840//460 2839//460
f 228//461 2841//461 2840//461
f 230//462 2831//462 2841//462
f 235//463 2833//463 2831//463
f 239//464 2832//464 2833//464
f 246//465 2838//465 2832//465
f 249//466 2834//466 2838//466
f 253//467 2837//467 2834//467
f 230//6 196//6 142//6
f 19//428 2880//428 2897//428
f 23//429 2885//429 2880//429
f 27//430 2881//430 2885//430
f 33//431 2883//431 2881//431
f 38//432 2896//432 2883//432
f 44//468 2896//468 40//468
f 49//434 2889//434 44//434
f 55//435 2887//435 49//435
f 60//436 2894//436 55//436
f 62//469 2892//469 60//469
f 68//438 2891//438 62//438
f 72//439 2893//439 68//439
f 76//440 2890//440 72//440
f 80//441 2888//441 76//441
f 85//470 2886//470 80//470
f 89//443 2895//443 85//443
f 94//444 2882//444 89//444
f 100//445 2884//445 94//445
f 105//446 2878//446 100//446
f 109//447 2879//447 105//447
f 112//448 2898//448 109//448
f 118//449 2872//449 112//449
f 121//450 2870//450 118//450
f 127//451 2874//451 121//451
f 132//452 2868//452 127//452
f 132//453 2866//453 2876//453
f 136//454 2864//454 2866//454
f 139//455 2861//455 2864//455
f 143//456 2859//456 2861//456
f 148//457 2860//457 2859//457
f 154//471 2862//471 2860//471
f 157//459 2863//459 2862//459
f 163//460 2867//460 2863//460
f 167//461 2865//461 2867//461
f 172//462 2877//462 2865//462
f 175//463 2869//463 2877//463
f 180//464 2875//464 2869//464
f 185//465 2873//465 2875//465
f 189//466 2871//466 2873//466
f 194//467 2897//467 2871//467
f 194//6 157//6 121//6
f 2915//472 18//472 2917//472
f 18//473 2918//473 2917//473
f 29//474 2913//474 2914//474
f 2913//475 20//475 2915//475
f 29//476 2916//476 32//476
f 2919//477 35//477 37//477
f 42//478 2919//478 2920//478
f 45//479 2920//479 2921//479
f 45//480 2931//480 47//480
f 2923//481 50//481 2929//481
f 50//482 2930//482 2929//482
f 24//483 2933//483 2918//483
f 59//484 2935//484 2933//484
f 63//485 2937//485 2935//485
f 2938//486 2937//486 69//486
f 71//487 2924//487 2922//487
f 77//488 2924//488 75//488
f 2925//489 54//489 2923//489
f 47//490 2932//490 81//490
f 81//491 2934//491 83//491
f 83//491 2936//491 86//491
f 86//491 2949//491 90//491
f 90//490 2950//490 93//490
f 96//492 2950//492 2960//492
f 98//493 2960//493 2961//493
f 101//494 2961//494 2962//494
f 56//495 2953//495 2930//495
f 104//496 2955//496 2953//496
f 108//497 2957//497 2955//497
f 110//484 2963//484 2957//484
f 113//485 2964//485 2963//485
f 116//498 2965//498 2964//498
f 119//499 2966//499 2965//499
f 126//500 2967//500 2966//500
f 131//501 2962//501 2952//501
f 134//502 2952//502 2954//502
f 137//503 2954//503 2956//503
f 137//504 2982//504 141//504
f 141//505 3021//505 144//505
f 144//505 3022//505 146//505
f 150//506 3022//506 3023//506
f 152//507 3023//507 3024//507
f 2903//508 155//508 2899//508
f 162//509 3026//509 2900//509
f 168//510 2909//510 2970//510
f 165//511 2904//511 2909//511
f 2904//512 158//512 2903//512
f 128//513 2984//513 2967//513
f 174//514 2985//514 2984//514
f 177//515 2986//515 2985//515
f 183//516 2986//516 179//516
f 2973//517 3025//517 187//517
f 2971//518 2972//518 192//518
f 195//519 3024//519 2974//519
f 197//520 2974//520 3015//520
f 200//521 3015//521 2989//521
f 200//522 2991//522 203//522
f 3037//523 206//523 3034//523
f 206//524 3033//524 3034//524
f 215//525 3033//525 212//525
f 219//526 3036//526 215//526
f 225//527 3031//527 3030//527
f 227//528 3031//528 221//528
f 3032//529 209//529 3037//529
f 162//530 3028//530 3026//530
f 231//531 3029//531 3028//531
f 3029//532 225//532 3030//532
f 237//533 3035//533 219//533
f 237//534 3039//534 3038//534
f 244//535 3040//535 3041//535
f 3040//536 248//536 3058//536
f 248//537 3042//537 3058//537
f 252//538 3044//538 3042//538
f 255//539 3043//539 3044//539
f 3043//540 261//540 3142//540
f 263//541 3142//541 261//541
f 263//542 3155//542 3152//542
f 3173//543 269//543 3177//543
f 269//544 3184//544 3177//544
f 276//545 3183//545 3184//545
f 278//546 3149//546 3183//546
f 285//547 3149//547 282//547
f 3158//548 287//548 3161//548
f 287//549 3172//549 3161//549
f 296//550 273//550 3173//550
f 299//551 3155//551 266//551
f 3159//552 290//552 3158//552
f 3145//553 303//553 3144//553
f 303//554 3148//554 3144//554
f 3148//555 309//555 3146//555
f 309//556 3147//556 3146//556
f 315//557 3162//557 3163//557
f 321//558 3163//558 3174//558
f 321//559 3178//559 324//559
f 324//560 3179//560 327//560
f 330//561 3141//561 3154//561
f 336//562 3154//562 3157//562
f 336//563 3162//563 317//563
f 327//564 3182//564 338//564
f 3045//565 3048//565 343//565
f 342//566 3141//566 333//566
f 351//567 3054//567 3047//567
f 3051//568 3053//568 359//568
f 3055//569 3050//569 365//569
f 3056//570 369//570 3084//570
f 369//571 3069//571 3084//571
f 376//572 3059//572 3069//572
f 380//573 383//573 3070//573
f 312//574 3150//574 3147//574
f 389//575 3182//575 3180//575
f 393//576 3150//576 387//576
f 3151//577 396//577 3186//577
f 399//578 3180//578 3175//578
f 3186//579 402//579 3185//579
f 405//580 3175//580 3169//580
f 402//581 3181//581 3185//581
f 405//582 413//582 410//582
f 3169//583 3168//583 405//583
f 413//584 3168//584 3165//584
f 413//585 3167//585 417//585
f 421//586 3176//586 3181//586
f 427//587 3170//587 3171//587
f 417//588 3156//588 431//588
f 427//589 3166//589 3170//589
f 437//590 3156//590 3143//590
f 434//591 3160//591 3166//591
f 446//592 3143//592 3097//592
f 444//593 3153//593 3160//593
f 2928//594 453//594 2941//594
f 458//595 2941//595 453//595
f 465//596 2927//596 2926//596
f 2927//597 455//597 2928//597
f 465//476 2958//476 467//476
f 467//598 2939//598 470//598
f 474//599 2939//599 2940//599
f 477//600 2940//600 2942//600
f 477//601 2944//601 480//601
f 483//602 2943//602 458//602
f 486//602 2945//602 483//602
f 489//602 2947//602 486//602
f 491//602 2959//602 489//602
f 494//602 2948//602 491//602
f 497//603 2951//603 494//603
f 500//604 2978//604 497//604
f 504//605 2979//605 500//605
f 480//606 2946//606 506//606
f 506//607 3016//607 509//607
f 509//608 3017//608 512//608
f 2968//609 2969//609 518//609
f 515//610 2977//610 521//610
f 525//611 2977//611 2975//611
f 528//612 2975//612 2976//612
f 530//613 2976//613 2980//613
f 530//614 3007//614 534//614
f 536//615 2981//615 504//615
f 540//616 3018//616 536//616
f 542//617 3019//617 540//617
f 546//618 3020//618 542//618
f 546//618 3011//618 2983//618
f 552//618 3011//618 548//618
f 555//619 3012//619 552//619
f 555//620 3014//620 3013//620
f 534//621 3008//621 560//621
f 560//622 3009//622 564//622
f 564//623 3010//623 567//623
f 567//607 3000//607 570//607
f 570//624 3001//624 573//624
f 573//625 3002//625 575//625
f 575//626 3003//626 578//626
f 3004//627 582//627 584//627
f 591//628 2988//628 2990//628
f 203//629 2988//629 588//629
f 3014//630 594//630 2987//630
f 2987//631 597//631 3006//631
f 597//632 2990//632 3006//632
f 582//633 3005//633 600//633
f 600//634 2996//634 603//634
f 603//635 2997//635 605//635
f 605//636 2998//636 609//636
f 2999//637 2992//637 614//637
f 612//638 621//638 618//638
f 612//639 2992//639 2993//639
f 621//640 2993//640 2994//640
f 621//641 2912//641 624//641
f 624//642 2911//642 627//642
f 630//643 2911//643 2910//643
f 633//644 2910//644 2908//644
f 636//645 2908//645 2907//645
f 644//638 638//638 640//638
f 638//646 3062//646 3061//646
f 644//647 3065//647 3064//647
f 644//648 3062//648 638//648
f 638//649 3070//649 383//649
f 648//650 3067//650 3063//650
f 654//651 3076//651 3085//651
f 654//652 3067//652 649//652
f 660//653 3071//653 3072//653
f 668//654 3077//654 3074//654
f 3088//655 3078//655 674//655
f 3092//656 3089//656 677//656
f 680//657 3094//657 3105//657
f 3094//658 686//658 3100//658
f 3100//659 689//659 3135//659
f 689//660 3137//660 3135//660
f 3137//661 695//661 3138//661
f 3138//662 698//662 3109//662
f 698//663 3114//663 3109//663
f 701//664 3111//664 3114//664
f 704//665 3115//665 3111//665
f 446//666 3096//666 710//666
f 449//667 3108//667 3153//667
f 710//668 3106//668 716//668
f 719//669 3108//669 714//669
f 716//670 3101//670 723//670
f 726//671 3107//671 719//671
f 3139//672 729//672 3140//672
f 3140//673 723//673 3101//673
f 734//674 3102//674 726//674
f 3129//675 732//675 3139//675
f 740//676 3130//676 3131//676
f 734//677 3131//677 3132//677
f 746//678 737//678 3129//678
f 744//679 3125//679 3130//679
f 755//680 758//680 3116//680
f 3116//681 749//681 3110//681
f 762//682 3125//682 752//682
f 764//683 3122//683 3123//683
f 762//684 3123//684 3124//684
f 636//685 2905//685 771//685
f 771//686 2906//686 774//686
f 777//687 2906//687 2902//687
f 777//688 2902//688 2901//688
f 783//689 3027//689 3068//689
f 785//690 3068//690 3060//690
f 789//691 3060//691 3066//691
f 789//692 3083//692 791//692
f 795//693 3083//693 3075//693
f 797//694 3075//694 3082//694
f 803//695 3090//695 800//695
f 806//696 3090//696 3095//696
f 809//697 3095//697 3093//697
f 809//698 3104//698 812//698
f 815//699 3081//699 3086//699
f 815//700 3087//700 821//700
f 821//701 3091//701 803//701
f 824//702 3082//702 3080//702
f 824//703 3079//703 827//703
f 830//704 3079//704 3081//704
f 833//705 3104//705 3098//705
f 837//706 3098//706 3103//706
f 839//707 3103//707 3099//707
f 839//708 3136//708 842//708
f 842//638 848//638 846//638
f 848//709 3112//709 3113//709
f 842//710 3136//710 3134//710
f 848//711 3134//711 3112//711
f 851//712 3113//712 3133//712
f 851//713 3126//713 855//713
f 855//714 3127//714 857//714
f 857//715 3128//715 860//715
f 864//716 3128//716 3119//716
f 866//717 3122//717 767//717
f 869//718 3118//718 3120//718
f 869//719 3121//719 866//719
f 875//720 3119//720 3117//720
f 875//721 3118//721 872//721
f 144//6 146//6 116//6
f 413//6 417//6 408//6
f 3198//722 3190//722 3383//722
f 3385//723 3206//723 3386//723
f 3187//724 3196//724 3188//724
f 3192//725 3203//725 3193//725
f 3199//726 3191//726 3190//726
f 3386//727 3206//727 3195//727
f 3196//728 3189//728 3188//728
f 3203//729 3194//729 3193//729
f 3191//730 3201//730 3384//730
f 3197//731 3383//731 3189//731
f 3204//732 3385//732 3194//732
f 3384//733 3202//733 3192//733
f 3203//734 3215//734 3204//734
f 3200//735 3212//735 3201//735
f 3197//736 3209//736 3198//736
f 3204//737 3216//737 3205//737
f 3201//738 3213//738 3202//738
f 3209//739 3199//739 3198//739
f 3216//740 3206//740 3205//740
f 3187//741 3207//741 3196//741
f 3213//742 3203//742 3202//742
f 3210//743 3200//743 3199//743
f 3206//744 3217//744 3195//744
f 3196//745 3208//745 3197//745
f 3187//746 3218//746 3207//746
f 3224//747 3214//747 3213//747
f 3210//748 3222//748 3211//748
f 3217//749 3228//749 3195//749
f 3218//750 3208//750 3207//750
f 3214//751 3226//751 3215//751
f 3222//752 3212//752 3211//752
f 3219//753 3209//753 3208//753
f 3215//754 3227//754 3216//754
f 3223//755 3213//755 3212//755
f 3220//756 3210//756 3209//756
f 3227//757 3217//757 3216//757
f 3237//758 3227//758 3226//758
f 3223//759 3235//759 3224//759
f 3231//760 3221//760 3220//760
f 3227//761 3239//761 3228//761
f 3187//762 3229//762 3218//762
f 3224//763 3236//763 3225//763
f 3232//764 3222//764 3221//764
f 3228//765 3239//765 3195//765
f 3229//766 3219//766 3218//766
f 3225//767 3237//767 3226//767
f 3233//768 3223//768 3222//768
f 3230//769 3220//769 3219//769
f 3240//770 3230//770 3229//770
f 3236//771 3248//771 3237//771
f 3233//772 3245//772 3234//772
f 3241//773 3231//773 3230//773
f 3237//774 3249//774 3238//774
f 3234//775 3246//775 3235//775
f 3242//776 3232//776 3231//776
f 3249//777 3239//777 3238//777
f 3187//778 3240//778 3229//778
f 3235//779 3247//779 3236//779
f 3232//780 3244//780 3233//780
f 3239//781 3250//781 3195//781
f 3249//782 3261//782 3250//782
f 3187//783 3251//783 3240//783
f 3257//784 3247//784 3246//784
f 3254//785 3244//785 3243//785
f 3250//786 3261//786 3195//786
f 3251//787 3241//787 3240//787
f 3247//788 3259//788 3248//788
f 3255//789 3245//789 3244//789
f 3252//790 3242//790 3241//790
f 3248//791 3260//791 3249//791
f 3256//792 3246//792 3245//792
f 3242//793 3254//793 3243//793
f 3263//794 3253//794 3252//794
f 3259//795 3271//795 3260//795
f 3267//796 3257//796 3256//796
f 3264//797 3254//797 3253//797
f 3271//798 3261//798 3260//798
f 3187//799 3262//799 3251//799
f 3257//800 3269//800 3258//800
f 3265//801 3255//801 3254//801
f 3261//802 3272//802 3195//802
f 3262//803 3252//803 3251//803
f 3258//804 3270//804 3259//804
f 3255//805 3267//805 3256//805
f 3272//806 3283//806 3195//806
f 3273//807 3263//807 3262//807
f 3280//808 3270//808 3269//808
f 3277//809 3267//809 3266//809
f 3274//810 3264//810 3263//810
f 3281//811 3271//811 3270//811
f 3267//812 3279//812 3268//812
f 3264//813 3276//813 3265//813
f 3282//814 3272//814 3271//814
f 3187//815 3273//815 3262//815
f 3268//816 3280//816 3269//816
f 3276//817 3266//817 3265//817
f 3275//818 3287//818 3276//818
f 3282//819 3294//819 3283//819
f 3187//820 3284//820 3273//820
f 3290//821 3280//821 3279//821
f 3276//822 3288//822 3277//822
f 3283//823 3294//823 3195//823
f 3284//824 3274//824 3273//824
f 3280//825 3292//825 3281//825
f 3277//826 3289//826 3278//826
f 3285//827 3275//827 3274//827
f 3281//828 3293//828 3282//828
f 3289//829 3279//829 3278//829
f 3296//830 3286//830 3285//830
f 3303//831 3293//831 3292//831
f 3289//832 3301//832 3290//832
f 3286//833 3298//833 3287//833
f 3293//834 3305//834 3294//834
f 3187//835 3295//835 3284//835
f 3290//836 3302//836 3291//836
f 3298//837 3288//837 3287//837
f 3294//838 3305//838 3195//838
f 3295//839 3285//839 3284//839
f 3291//840 3303//840 3292//840
f 3288//841 3300//841 3289//841
f 3309//842 3299//842 3298//842
f 3305//843 3316//843 3195//843
f 3306//844 3296//844 3295//844
f 3302//845 3314//845 3303//845
f 3310//846 3300//846 3299//846
f 3307//847 3297//847 3296//847
f 3314//848 3304//848 3303//848
f 3311//849 3301//849 3300//849
f 3308//850 3298//850 3297//850
f 3315//851 3305//851 3304//851
f 3187//852 3306//852 3295//852
f 3312//853 3302//853 3301//853
f 3308//854 3320//854 3309//854
f 3315//855 3327//855 3316//855
f 3187//856 3317//856 3306//856
f 3323//857 3313//857 3312//857
f 3309//858 3321//858 3310//858
f 3316//859 3327//859 3195//859
f 3317//860 3307//860 3306//860
f 3313//861 3325//861 3314//861
f 3310//862 3322//862 3311//862
f 3318//863 3308//863 3307//863
f 3314//864 3326//864 3315//864
f 3322//865 3312//865 3311//865
f 3321//866 3333//866 3322//866
f 3329//867 3319//867 3318//867
f 3336//868 3326//868 3325//868
f 3322//869 3334//869 3323//869
f 3319//870 3331//870 3320//870
f 3326//871 3338//871 3327//871
f 3187//872 3328//872 3317//872
f 3323//873 3335//873 3324//873
f 3331//874 3321//874 3320//874
f 3327//875 3338//875 3195//875
f 3328//876 3318//876 3317//876
f 3324//877 3336//877 3325//877
f 3331//878 3343//878 3332//878
f 3338//879 3349//879 3195//879
f 3328//880 3340//880 3329//880
f 3335//881 3347//881 3336//881
f 3343//882 3333//882 3332//882
f 3329//883 3341//883 3330//883
f 3336//884 3348//884 3337//884
f 3344//885 3334//885 3333//885
f 3330//886 3342//886 3331//886
f 3348//887 3338//887 3337//887
f 3187//888 3339//888 3328//888
f 3345//889 3335//889 3334//889
f 3344//890 3356//890 3345//890
f 3352//891 3342//891 3341//891
f 3348//892 3360//892 3349//892
f 3187//893 3350//893 3339//893
f 3356//894 3346//894 3345//894
f 3353//895 3343//895 3342//895
f 3349//896 3360//896 3195//896
f 3350//897 3340//897 3339//897
f 3357//898 3347//898 3346//898
f 3354//899 3344//899 3343//899
f 3351//900 3341//900 3340//900
f 3358//901 3348//901 3347//901
f 3354//902 3366//902 3355//902
f 3351//903 3363//903 3352//903
f 3369//904 3359//904 3358//904
f 3355//905 3367//905 3356//905
f 3363//906 3353//906 3352//906
f 3359//907 3371//907 3360//907
f 3187//908 3361//908 3350//908
f 3367//909 3357//909 3356//909
f 3353//910 3365//910 3354//910
f 3360//911 3371//911 3195//911
f 3361//912 3351//912 3350//912
f 3357//913 3369//913 3358//913
f 3378//914 3368//914 3367//914
f 3375//915 3365//915 3364//915
f 3371//916 3382//916 3195//916
f 3361//917 3373//917 3362//917
f 3379//918 3369//918 3368//918
f 3376//919 3366//919 3365//919
f 3373//920 3363//920 3362//920
f 3369//921 3381//921 3370//921
f 3377//922 3367//922 3366//922
f 3374//923 3364//923 3363//923
f 3370//924 3382//924 3371//924
f 3187//925 3372//925 3361//925
f 3377//926 3192//926 3378//926
f 3374//927 3190//927 3375//927
f 3385//928 3382//928 3381//928
f 3187//929 3188//929 3372//929
f 3378//930 3193//930 3379//930
f 3375//931 3191//931 3376//931
f 3382//932 3386//932 3195//932
f 3188//933 3373//933 3372//933
f 3379//934 3194//934 3380//934
f 3376//935 3384//935 3377//935
f 3373//936 3383//936 3374//936
f 3194//937 3381//937 3380//937
f 3398//938 3390//938 3583//938
f 3585//939 3406//939 3586//939
f 3387//940 3396//940 3388//940
f 3402//941 3393//941 3392//941
f 3390//942 3400//942 3391//942
f 3586//943 3406//943 3395//943
f 3388//944 3397//944 3389//944
f 3393//945 3404//945 3394//945
f 3391//946 3401//946 3584//946
f 3397//947 3583//947 3389//947
f 3404//948 3585//948 3394//948
f 3401//949 3392//949 3584//949
f 3414//950 3404//950 3403//950
f 3411//951 3401//951 3400//951
f 3408//952 3398//952 3397//952
f 3415//953 3405//953 3404//953
f 3401//954 3413//954 3402//954
f 3398//955 3410//955 3399//955
f 3405//956 3417//956 3406//956
f 3387//957 3407//957 3396//957
f 3413//958 3403//958 3402//958
f 3410//959 3400//959 3399//959
f 3406//960 3417//960 3395//960
f 3396//961 3408//961 3397//961
f 3387//962 3418//962 3407//962
f 3424//963 3414//963 3413//963
f 3410//964 3422//964 3411//964
f 3417//965 3428//965 3395//965
f 3418//966 3408//966 3407//966
f 3425//967 3415//967 3414//967
f 3411//968 3423//968 3412//968
f 3419//969 3409//969 3408//969
f 3426//970 3416//970 3415//970
f 3423//971 3413//971 3412//971
f 3420//972 3410//972 3409//972
f 3416//973 3428//973 3417//973
f 3426//974 3438//974 3427//974
f 3423//975 3435//975 3424//975
f 3431//976 3421//976 3420//976
f 3427//977 3439//977 3428//977
f 3387//978 3429//978 3418//978
f 3435//979 3425//979 3424//979
f 3432//980 3422//980 3421//980
f 3428//981 3439//981 3395//981
f 3418//982 3430//982 3419//982
f 3436//983 3426//983 3425//983
f 3433//984 3423//984 3422//984
f 3419//985 3431//985 3420//985
f 3440//986 3430//986 3429//986
f 3436//987 3448//987 3437//987
f 3444//988 3434//988 3433//988
f 3441//989 3431//989 3430//989
f 3448//990 3438//990 3437//990
f 3445//991 3435//991 3434//991
f 3431//992 3443//992 3432//992
f 3438//993 3450//993 3439//993
f 3387//994 3440//994 3429//994
f 3435//995 3447//995 3436//995
f 3432//996 3444//996 3433//996
f 3439//997 3450//997 3395//997
f 3449//998 3461//998 3450//998
f 3387//999 3451//999 3440//999
f 3457//1000 3447//1000 3446//1000
f 3454//1001 3444//1001 3443//1001
f 3450//1002 3461//1002 3395//1002
f 3451//1003 3441//1003 3440//1003
f 3458//1004 3448//1004 3447//1004
f 3455//1005 3445//1005 3444//1005
f 3441//1006 3453//1006 3442//1006
f 3459//1007 3449//1007 3448//1007
f 3445//1008 3457//1008 3446//1008
f 3442//1009 3454//1009 3443//1009
f 3463//1010 3453//1010 3452//1010
f 3459//1011 3471//1011 3460//1011
f 3467//1012 3457//1012 3456//1012
f 3464//1013 3454//1013 3453//1013
f 3460//1014 3472//1014 3461//1014
f 3387//1015 3462//1015 3451//1015
f 3457//1016 3469//1016 3458//1016
f 3465//1017 3455//1017 3454//1017
f 3461//1018 3472//1018 3395//1018
f 3462//1019 3452//1019 3451//1019
f 3469//1020 3459//1020 3458//1020
f 3466//1021 3456//1021 3455//1021
f 3472//1022 3483//1022 3395//1022
f 3462//1023 3474//1023 3463//1023
f 3480//1024 3470//1024 3469//1024
f 3466//1025 3478//1025 3467//1025
f 3474//1026 3464//1026 3463//1026
f 3470//1027 3482//1027 3471//1027
f 3478//1028 3468//1028 3467//1028
f 3475//1029 3465//1029 3464//1029
f 3482//1030 3472//1030 3471//1030
f 3387//1031 3473//1031 3462//1031
f 3468//1032 3480//1032 3469//1032
f 3465//1033 3477//1033 3466//1033
f 3475//1034 3487//1034 3476//1034
f 3482//1035 3494//1035 3483//1035
f 3387//1036 3484//1036 3473//1036
f 3490//1037 3480//1037 3479//1037
f 3476//1038 3488//1038 3477//1038
f 3483//1039 3494//1039 3395//1039
f 3484//1040 3474//1040 3473//1040
f 3491//1041 3481//1041 3480//1041
f 3488//1042 3478//1042 3477//1042
f 3474//1043 3486//1043 3475//1043
f 3492//1044 3482//1044 3481//1044
f 3478//1045 3490//1045 3479//1045
f 3485//1046 3497//1046 3486//1046
f 3503//1047 3493//1047 3492//1047
f 3500//1048 3490//1048 3489//1048
f 3486//1049 3498//1049 3487//1049
f 3504//1050 3494//1050 3493//1050
f 3387//1051 3495//1051 3484//1051
f 3501//1052 3491//1052 3490//1052
f 3498//1053 3488//1053 3487//1053
f 3494//1054 3505//1054 3395//1054
f 3495//1055 3485//1055 3484//1055
f 3491//1056 3503//1056 3492//1056
f 3499//1057 3489//1057 3488//1057
f 3498//1058 3510//1058 3499//1058
f 3505//1059 3516//1059 3395//1059
f 3495//1060 3507//1060 3496//1060
f 3502//1061 3514//1061 3503//1061
f 3510//1062 3500//1062 3499//1062
f 3507//1063 3497//1063 3496//1063
f 3503//1064 3515//1064 3504//1064
f 3500//1065 3512//1065 3501//1065
f 3508//1066 3498//1066 3497//1066
f 3515//1067 3505//1067 3504//1067
f 3387//1068 3506//1068 3495//1068
f 3501//1069 3513//1069 3502//1069
f 3519//1070 3509//1070 3508//1070
f 3526//1071 3516//1071 3515//1071
f 3387//1072 3517//1072 3506//1072
f 3512//1073 3524//1073 3513//1073
f 3520//1074 3510//1074 3509//1074
f 3516//1075 3527//1075 3395//1075
f 3506//1076 3518//1076 3507//1076
f 3524//1077 3514//1077 3513//1077
f 3510//1078 3522//1078 3511//1078
f 3518//1079 3508//1079 3507//1079
f 3514//1080 3526//1080 3515//1080
f 3511//1081 3523//1081 3512//1081
f 3532//1082 3522//1082 3521//1082
f 3529//1083 3519//1083 3518//1083
f 3536//1084 3526//1084 3525//1084
f 3533//1085 3523//1085 3522//1085
f 3519//1086 3531//1086 3520//1086
f 3526//1087 3538//1087 3527//1087
f 3387//1088 3528//1088 3517//1088
f 3534//1089 3524//1089 3523//1089
f 3520//1090 3532//1090 3521//1090
f 3527//1091 3538//1091 3395//1091
f 3528//1092 3518//1092 3517//1092
f 3524//1093 3536//1093 3525//1093
f 3542//1094 3532//1094 3531//1094
f 3538//1095 3549//1095 3395//1095
f 3528//1096 3540//1096 3529//1096
f 3535//1097 3547//1097 3536//1097
f 3543//1098 3533//1098 3532//1098
f 3529//1099 3541//1099 3530//1099
f 3536//1100 3548//1100 3537//1100
f 3533//1101 3545//1101 3534//1101
f 3530//1102 3542//1102 3531//1102
f 3548//1103 3538//1103 3537//1103
f 3387//1104 3539//1104 3528//1104
f 3534//1105 3546//1105 3535//1105
f 3555//1106 3545//1106 3544//1106
f 3541//1107 3553//1107 3542//1107
f 3548//1108 3560//1108 3549//1108
f 3387//1109 3550//1109 3539//1109
f 3545//1110 3557//1110 3546//1110
f 3553//1111 3543//1111 3542//1111
f 3549//1112 3560//1112 3395//1112
f 3539//1113 3551//1113 3540//1113
f 3546//1114 3558//1114 3547//1114
f 3554//1115 3544//1115 3543//1115
f 3551//1116 3541//1116 3540//1116
f 3547//1117 3559//1117 3548//1117
f 3554//1118 3566//1118 3555//1118
f 3562//1119 3552//1119 3551//1119
f 3558//1120 3570//1120 3559//1120
f 3566//1121 3556//1121 3555//1121
f 3563//1122 3553//1122 3552//1122
f 3570//1123 3560//1123 3559//1123
f 3387//1124 3561//1124 3550//1124
f 3556//1125 3568//1125 3557//1125
f 3553//1126 3565//1126 3554//1126
f 3560//1127 3571//1127 3395//1127
f 3550//1128 3562//1128 3551//1128
f 3568//1129 3558//1129 3557//1129
f 3578//1130 3568//1130 3567//1130
f 3564//1131 3576//1131 3565//1131
f 3571//1132 3582//1132 3395//1132
f 3561//1133 3573//1133 3562//1133
f 3579//1134 3569//1134 3568//1134
f 3565//1135 3577//1135 3566//1135
f 3573//1136 3563//1136 3562//1136
f 3569//1137 3581//1137 3570//1137
f 3566//1138 3578//1138 3567//1138
f 3563//1139 3575//1139 3564//1139
f 3570//1140 3582//1140 3571//1140
f 3387//1141 3572//1141 3561//1141
f 3584//1142 3578//1142 3577//1142
f 3583//1143 3575//1143 3574//1143
f 3581//1144 3586//1144 3582//1144
f 3387//1145 3388//1145 3572//1145
f 3392//1146 3579//1146 3578//1146
f 3390//1147 3576//1147 3575//1147
f 3582//1148 3586//1148 3395//1148
f 3572//1149 3389//1149 3573//1149
f 3393//1150 3580//1150 3579//1150
f 3391//1151 3577//1151 3576//1151
f 3389//1152 3574//1152 3573//1152
f 3580//1153 3585//1153 3581//1153
f 3598//1154 3590//1154 3783//1154
f 3605//1155 3786//1155 3785//1155
f 3587//1156 3596//1156 3588//1156
f 3592//1157 3603//1157 3593//1157
f 3599//1158 3591//1158 3590//1158
f 3786//1159 3606//1159 3595//1159
f 3588//1160 3597//1160 3589//1160
f 3593//1161 3604//1161 3594//1161
f 3591//1162 3601//1162 3784//1162
f 3597//1163 3783//1163 3589//1163
f 3594//1164 3605//1164 3785//1164
f 3784//1165 3602//1165 3592//1165
f 3614//1166 3604//1166 3603//1166
f 3611//1167 3601//1167 3600//1167
f 3608//1168 3598//1168 3597//1168
f 3604//1169 3616//1169 3605//1169
f 3601//1170 3613//1170 3602//1170
f 3598//1171 3610//1171 3599//1171
f 3605//1172 3617//1172 3606//1172
f 3587//1173 3607//1173 3596//1173
f 3602//1174 3614//1174 3603//1174
f 3610//1175 3600//1175 3599//1175
f 3606//1176 3617//1176 3595//1176
f 3607//1177 3597//1177 3596//1177
f 3587//1178 3618//1178 3607//1178
f 3624//1179 3614//1179 3613//1179
f 3621//1180 3611//1180 3610//1180
f 3617//1181 3628//1181 3595//1181
f 3618//1182 3608//1182 3607//1182
f 3625//1183 3615//1183 3614//1183
f 3622//1184 3612//1184 3611//1184
f 3608//1185 3620//1185 3609//1185
f 3626//1186 3616//1186 3615//1186
f 3623//1187 3613//1187 3612//1187
f 3620//1188 3610//1188 3609//1188
f 3627//1189 3617//1189 3616//1189
f 3637//1190 3627//1190 3626//1190
f 3623//1191 3635//1191 3624//1191
f 3620//1192 3632//1192 3621//1192
f 3627//1193 3639//1193 3628//1193
f 3587//1194 3629//1194 3618//1194
f 3635//1195 3625//1195 3624//1195
f 3632//1196 3622//1196 3621//1196
f 3628//1197 3639//1197 3595//1197
f 3629//1198 3619//1198 3618//1198
f 3636//1199 3626//1199 3625//1199
f 3633//1200 3623//1200 3622//1200
f 3630//1201 3620//1201 3619//1201
f 3629//1202 3641//1202 3630//1202
f 3636//1203 3648//1203 3637//1203
f 3644//1204 3634//1204 3633//1204
f 3641//1205 3631//1205 3630//1205
f 3637//1206 3649//1206 3638//1206
f 3634//1207 3646//1207 3635//1207
f 3631//1208 3643//1208 3632//1208
f 3649//1209 3639//1209 3638//1209
f 3587//1210 3640//1210 3629//1210
f 3635//1211 3647//1211 3636//1211
f 3643//1212 3633//1212 3632//1212
f 3639//1213 3650//1213 3595//1213
f 3660//1214 3650//1214 3649//1214
f 3587//1215 3651//1215 3640//1215
f 3657//1216 3647//1216 3646//1216
f 3643//1217 3655//1217 3644//1217
f 3650//1218 3661//1218 3595//1218
f 3651//1219 3641//1219 3640//1219
f 3647//1220 3659//1220 3648//1220
f 3655//1221 3645//1221 3644//1221
f 3641//1222 3653//1222 3642//1222
f 3648//1223 3660//1223 3649//1223
f 3656//1224 3646//1224 3645//1224
f 3642//1225 3654//1225 3643//1225
f 3663//1226 3653//1226 3652//1226
f 3670//1227 3660//1227 3659//1227
f 3656//1228 3668//1228 3657//1228
f 3664//1229 3654//1229 3653//1229
f 3671//1230 3661//1230 3660//1230
f 3587//1231 3662//1231 3651//1231
f 3657//1232 3669//1232 3658//1232
f 3665//1233 3655//1233 3654//1233
f 3661//1234 3672//1234 3595//1234
f 3662//1235 3652//1235 3651//1235
f 3669//1236 3659//1236 3658//1236
f 3655//1237 3667//1237 3656//1237
f 3672//1238 3683//1238 3595//1238
f 3673//1239 3663//1239 3662//1239
f 3669//1240 3681//1240 3670//1240
f 3677//1241 3667//1241 3666//1241
f 3674//1242 3664//1242 3663//1242
f 3681//1243 3671//1243 3670//1243
f 3678//1244 3668//1244 3667//1244
f 3675//1245 3665//1245 3664//1245
f 3682//1246 3672//1246 3671//1246
f 3587//1247 3673//1247 3662//1247
f 3679//1248 3669//1248 3668//1248
f 3676//1249 3666//1249 3665//1249
f 3686//1250 3676//1250 3675//1250
f 3693//1251 3683//1251 3682//1251
f 3587//1252 3684//1252 3673//1252
f 3690//1253 3680//1253 3679//1253
f 3687//1254 3677//1254 3676//1254
f 3683//1255 3694//1255 3595//1255
f 3673//1256 3685//1256 3674//1256
f 3691//1257 3681//1257 3680//1257
f 3688//1258 3678//1258 3677//1258
f 3685//1259 3675//1259 3674//1259
f 3692//1260 3682//1260 3681//1260
f 3678//1261 3690//1261 3679//1261
f 3696//1262 3686//1262 3685//1262
f 3692//1263 3704//1263 3693//1263
f 3689//1264 3701//1264 3690//1264
f 3697//1265 3687//1265 3686//1265
f 3704//1266 3694//1266 3693//1266
f 3587//1267 3695//1267 3684//1267
f 3701//1268 3691//1268 3690//1268
f 3698//1269 3688//1269 3687//1269
f 3694//1270 3705//1270 3595//1270
f 3695//1271 3685//1271 3684//1271
f 3702//1272 3692//1272 3691//1272
f 3699//1273 3689//1273 3688//1273
f 3698//1274 3710//1274 3699//1274
f 3705//1275 3716//1275 3595//1275
f 3706//1276 3696//1276 3695//1276
f 3702//1277 3714//1277 3703//1277
f 3699//1278 3711//1278 3700//1278
f 3707//1279 3697//1279 3696//1279
f 3703//1280 3715//1280 3704//1280
f 3700//1281 3712//1281 3701//1281
f 3697//1282 3709//1282 3698//1282
f 3704//1283 3716//1283 3705//1283
f 3587//1284 3706//1284 3695//1284
f 3712//1285 3702//1285 3701//1285
f 3719//1286 3709//1286 3708//1286
f 3726//1287 3716//1287 3715//1287
f 3587//1288 3717//1288 3706//1288
f 3723//1289 3713//1289 3712//1289
f 3720//1290 3710//1290 3709//1290
f 3716//1291 3727//1291 3595//1291
f 3706//1292 3718//1292 3707//1292
f 3724//1293 3714//1293 3713//1293
f 3721//1294 3711//1294 3710//1294
f 3718//1295 3708//1295 3707//1295
f 3725//1296 3715//1296 3714//1296
f 3722//1297 3712//1297 3711//1297
f 3732//1298 3722//1298 3721//1298
f 3729//1299 3719//1299 3718//1299
f 3725//1300 3737//1300 3726//1300
f 3733//1301 3723//1301 3722//1301
f 3730//1302 3720//1302 3719//1302
f 3737//1303 3727//1303 3726//1303
f 3587//1304 3728//1304 3717//1304
f 3723//1305 3735//1305 3724//1305
f 3731//1306 3721//1306 3720//1306
f 3727//1307 3738//1307 3595//1307
f 3728//1308 3718//1308 3717//1308
f 3724//1309 3736//1309 3725//1309
f 3731//1310 3743//1310 3732//1310
f 3738//1311 3749//1311 3595//1311
f 3739//1312 3729//1312 3728//1312
f 3746//1313 3736//1313 3735//1313
f 3743//1314 3733//1314 3732//1314
f 3740//1315 3730//1315 3729//1315
f 3736//1316 3748//1316 3737//1316
f 3744//1317 3734//1317 3733//1317
f 3741//1318 3731//1318 3730//1318
f 3737//1319 3749//1319 3738//1319
f 3587//1320 3739//1320 3728//1320
f 3745//1321 3735//1321 3734//1321
f 3744//1322 3756//1322 3745//1322
f 3741//1323 3753//1323 3742//1323
f 3748//1324 3760//1324 3749//1324
f 3587//1325 3750//1325 3739//1325
f 3745//1326 3757//1326 3746//1326
f 3742//1327 3754//1327 3743//1327
f 3749//1328 3760//1328 3595//1328
f 3739//1329 3751//1329 3740//1329
f 3746//1330 3758//1330 3747//1330
f 3743//1331 3755//1331 3744//1331
f 3751//1332 3741//1332 3740//1332
f 3758//1333 3748//1333 3747//1333
f 3765//1334 3755//1334 3754//1334
f 3762//1335 3752//1335 3751//1335
f 3769//1336 3759//1336 3758//1336
f 3766//1337 3756//1337 3755//1337
f 3752//1338 3764//1338 3753//1338
f 3759//1339 3771//1339 3760//1339
f 3587//1340 3761//1340 3750//1340
f 3756//1341 3768//1341 3757//1341
f 3764//1342 3754//1342 3753//1342
f 3760//1343 3771//1343 3595//1343
f 3761//1344 3751//1344 3750//1344
f 3768//1345 3758//1345 3757//1345
f 3767//1346 3779//1346 3768//1346
f 3775//1347 3765//1347 3764//1347
f 3771//1348 3782//1348 3595//1348
f 3772//1349 3762//1349 3761//1349
f 3779//1350 3769//1350 3768//1350
f 3776//1351 3766//1351 3765//1351
f 3773//1352 3763//1352 3762//1352
f 3769//1353 3781//1353 3770//1353
f 3766//1354 3778//1354 3767//1354
f 3774//1355 3764//1355 3763//1355
f 3770//1356 3782//1356 3771//1356
f 3587//1357 3772//1357 3761//1357
f 3777//1358 3592//1358 3778//1358
f 3783//1359 3775//1359 3774//1359
f 3785//1360 3782//1360 3781//1360
f 3587//1361 3588//1361 3772//1361
f 3592//1362 3779//1362 3778//1362
f 3775//1363 3591//1363 3776//1363
f 3782//1364 3786//1364 3595//1364
f 3772//1365 3589//1365 3773//1365
f 3779//1366 3594//1366 3780//1366
f 3776//1367 3784//1367 3777//1367
f 3773//1368 3783//1368 3774//1368
f 3594//1369 3781//1369 3780//1369
f 3983//1370 3799//1370 3790//1370
f 3985//1371 3806//1371 3986//1371
f 3787//1372 3796//1372 3788//1372
f 3802//1373 3793//1373 3792//1373
f 3790//1374 3800//1374 3791//1374
f 3986//1375 3806//1375 3795//1375
f 3796//1376 3789//1376 3788//1376
f 3793//1377 3804//1377 3794//1377
f 3791//1378 3801//1378 3984//1378
f 3797//1379 3983//1379 3789//1379
f 3804//1380 3985//1380 3794//1380
f 3801//1381 3792//1381 3984//1381
f 3803//1382 3815//1382 3804//1382
f 3811//1383 3801//1383 3800//1383
f 3808//1384 3798//1384 3797//1384
f 3815//1385 3805//1385 3804//1385
f 3812//1386 3802//1386 3801//1386
f 3809//1387 3799//1387 3798//1387
f 3805//1388 3817//1388 3806//1388
f 3787//1389 3807//1389 3796//1389
f 3813//1390 3803//1390 3802//1390
f 3810//1391 3800//1391 3799//1391
f 3806//1392 3817//1392 3795//1392
f 3807//1393 3797//1393 3796//1393
f 3787//1394 3818//1394 3807//1394
f 3813//1395 3825//1395 3814//1395
f 3821//1396 3811//1396 3810//1396
f 3817//1397 3828//1397 3795//1397
f 3807//1398 3819//1398 3808//1398
f 3825//1399 3815//1399 3814//1399
f 3822//1400 3812//1400 3811//1400
f 3808//1401 3820//1401 3809//1401
f 3826//1402 3816//1402 3815//1402
f 3823//1403 3813//1403 3812//1403
f 3820//1404 3810//1404 3809//1404
f 3816//1405 3828//1405 3817//1405
f 3826//1406 3838//1406 3827//1406
f 3834//1407 3824//1407 3823//1407
f 3820//1408 3832//1408 3821//1408
f 3827//1409 3839//1409 3828//1409
f 3787//1410 3829//1410 3818//1410
f 3835//1411 3825//1411 3824//1411
f 3821//1412 3833//1412 3822//1412
f 3828//1413 3839//1413 3795//1413
f 3829//1414 3819//1414 3818//1414
f 3825//1415 3837//1415 3826//1415
f 3833//1416 3823//1416 3822//1416
f 3830//1417 3820//1417 3819//1417
f 3840//1418 3830//1418 3829//1418
f 3836//1419 3848//1419 3837//1419
f 3833//1420 3845//1420 3834//1420
f 3841//1421 3831//1421 3830//1421
f 3837//1422 3849//1422 3838//1422
f 3845//1423 3835//1423 3834//1423
f 3842//1424 3832//1424 3831//1424
f 3849//1425 3839//1425 3838//1425
f 3787//1426 3840//1426 3829//1426
f 3835//1427 3847//1427 3836//1427
f 3843//1428 3833//1428 3832//1428
f 3839//1429 3850//1429 3795//1429
f 3860//1430 3850//1430 3849//1430
f 3787//1431 3851//1431 3840//1431
f 3857//1432 3847//1432 3846//1432
f 3854//1433 3844//1433 3843//1433
f 3850//1434 3861//1434 3795//1434
f 3851//1435 3841//1435 3840//1435
f 3847//1436 3859//1436 3848//1436
f 3855//1437 3845//1437 3844//1437
f 3852//1438 3842//1438 3841//1438
f 3859//1439 3849//1439 3848//1439
f 3845//1440 3857//1440 3846//1440
f 3853//1441 3843//1441 3842//1441
f 3863//1442 3853//1442 3852//1442
f 3859//1443 3871//1443 3860//1443
f 3867//1444 3857//1444 3856//1444
f 3864//1445 3854//1445 3853//1445
f 3871//1446 3861//1446 3860//1446
f 3787//1447 3862//1447 3851//1447
f 3868//1448 3858//1448 3857//1448
f 3854//1449 3866//1449 3855//1449
f 3861//1450 3872//1450 3795//1450
f 3851//1451 3863//1451 3852//1451
f 3858//1452 3870//1452 3859//1452
f 3855//1453 3867//1453 3856//1453
f 3872//1454 3883//1454 3795//1454
f 3873//1455 3863//1455 3862//1455
f 3880//1456 3870//1456 3869//1456
f 3866//1457 3878//1457 3867//1457
f 3874//1458 3864//1458 3863//1458
f 3881//1459 3871//1459 3870//1459
f 3867//1460 3879//1460 3868//1460
f 3875//1461 3865//1461 3864//1461
f 3871//1462 3883//1462 3872//1462
f 3787//1463 3873//1463 3862//1463
f 3879//1464 3869//1464 3868//1464
f 3865//1465 3877//1465 3866//1465
f 3886//1466 3876//1466 3875//1466
f 3893//1467 3883//1467 3882//1467
f 3787//1468 3884//1468 3873//1468
f 3879//1469 3891//1469 3880//1469
f 3876//1470 3888//1470 3877//1470
f 3883//1471 3894//1471 3795//1471
f 3884//1472 3874//1472 3873//1472
f 3880//1473 3892//1473 3881//1473
f 3888//1474 3878//1474 3877//1474
f 3874//1475 3886//1475 3875//1475
f 3881//1476 3893//1476 3882//1476
f 3878//1477 3890//1477 3879//1477
f 3896//1478 3886//1478 3885//1478
f 3903//1479 3893//1479 3892//1479
f 3900//1480 3890//1480 3889//1480
f 3886//1481 3898//1481 3887//1481
f 3893//1482 3905//1482 3894//1482
f 3787//1483 3895//1483 3884//1483
f 3890//1484 3902//1484 3891//1484
f 3898//1485 3888//1485 3887//1485
f 3894//1486 3905//1486 3795//1486
f 3895//1487 3885//1487 3884//1487
f 3902//1488 3892//1488 3891//1488
f 3899//1489 3889//1489 3888//1489
f 3898//1490 3910//1490 3899//1490
f 3905//1491 3916//1491 3795//1491
f 3895//1492 3907//1492 3896//1492
f 3902//1493 3914//1493 3903//1493
f 3899//1494 3911//1494 3900//1494
f 3896//1495 3908//1495 3897//1495
f 3914//1496 3904//1496 3903//1496
f 3900//1497 3912//1497 3901//1497
f 3908//1498 3898//1498 3897//1498
f 3904//1499 3916//1499 3905//1499
f 3787//1500 3906//1500 3895//1500
f 3901//1501 3913//1501 3902//1501
f 3908//1502 3920//1502 3909//1502
f 3926//1503 3916//1503 3915//1503
f 3787//1504 3917//1504 3906//1504
f 3923//1505 3913//1505 3912//1505
f 3909//1506 3921//1506 3910//1506
f 3916//1507 3927//1507 3795//1507
f 3917//1508 3907//1508 3906//1508
f 3924//1509 3914//1509 3913//1509
f 3910//1510 3922//1510 3911//1510
f 3918//1511 3908//1511 3907//1511
f 3925//1512 3915//1512 3914//1512
f 3922//1513 3912//1513 3911//1513
f 3932//1514 3922//1514 3921//1514
f 3918//1515 3930//1515 3919//1515
f 3925//1516 3937//1516 3926//1516
f 3933//1517 3923//1517 3922//1517
f 3930//1518 3920//1518 3919//1518
f 3926//1519 3938//1519 3927//1519
f 3787//1520 3928//1520 3917//1520
f 3934//1521 3924//1521 3923//1521
f 3931//1522 3921//1522 3920//1522
f 3927//1523 3938//1523 3795//1523
f 3928//1524 3918//1524 3917//1524
f 3935//1525 3925//1525 3924//1525
f 3942//1526 3932//1526 3931//1526
f 3938//1527 3949//1527 3795//1527
f 3928//1528 3940//1528 3929//1528
f 3935//1529 3947//1529 3936//1529
f 3943//1530 3933//1530 3932//1530
f 3940//1531 3930//1531 3929//1531
f 3947//1532 3937//1532 3936//1532
f 3944//1533 3934//1533 3933//1533
f 3941//1534 3931//1534 3930//1534
f 3948//1535 3938//1535 3937//1535
f 3787//1536 3939//1536 3928//1536
f 3945//1537 3935//1537 3934//1537
f 3955//1538 3945//1538 3944//1538
f 3952//1539 3942//1539 3941//1539
f 3948//1540 3960//1540 3949//1540
f 3787//1541 3950//1541 3939//1541
f 3956//1542 3946//1542 3945//1542
f 3942//1543 3954//1543 3943//1543
f 3949//1544 3960//1544 3795//1544
f 3939//1545 3951//1545 3940//1545
f 3957//1546 3947//1546 3946//1546
f 3943//1547 3955//1547 3944//1547
f 3940//1548 3952//1548 3941//1548
f 3958//1549 3948//1549 3947//1549
f 3954//1550 3966//1550 3955//1550
f 3962//1551 3952//1551 3951//1551
f 3969//1552 3959//1552 3958//1552
f 3966//1553 3956//1553 3955//1553
f 3952//1554 3964//1554 3953//1554
f 3959//1555 3971//1555 3960//1555
f 3787//1556 3961//1556 3950//1556
f 3956//1557 3968//1557 3957//1557
f 3964//1558 3954//1558 3953//1558
f 3960//1559 3971//1559 3795//1559
f 3950//1560 3962//1560 3951//1560
f 3968//1561 3958//1561 3957//1561
f 3967//1562 3979//1562 3968//1562
f 3975//1563 3965//1563 3964//1563
f 3971//1564 3982//1564 3795//1564
f 3961//1565 3973//1565 3962//1565
f 3979//1566 3969//1566 3968//1566
f 3976//1567 3966//1567 3965//1567
f 3962//1568 3974//1568 3963//1568
f 3969//1569 3981//1569 3970//1569
f 3977//1570 3967//1570 3966//1570
f 3974//1571 3964//1571 3963//1571
f 3981//1572 3971//1572 3970//1572
f 3787//1573 3972//1573 3961//1573
f 3984//1574 3978//1574 3977//1574
f 3983//1575 3975//1575 3974//1575
f 3985//1576 3982//1576 3981//1576
f 3787//1577 3788//1577 3972//1577
f 3792//1578 3979//1578 3978//1578
f 3790//1579 3976//1579 3975//1579
f 3982//1580 3986//1580 3795//1580
f 3788//1581 3973//1581 3972//1581
f 3979//1582 3794//1582 3980//1582
f 3791//1583 3977//1583 3976//1583
f 3789//1584 3974//1584 3973//1584
f 3980//1585 3985//1585 3981//1585
f 3998//1586 3990//1586 4183//1586
f 4005//1587 4186//1587 4185//1587
f 3987//1588 3996//1588 3988//1588
f 4002//1589 3993//1589 3992//1589
f 3990//1590 4000//1590 3991//1590
f 4186//1591 4006//1591 3995//1591
f 3996//1592 3989//1592 3988//1592
f 3993//1593 4004//1593 3994//1593
f 3991//1594 4001//1594 4184//1594
f 3997//1595 4183//1595 3989//1595
f 4004//1596 4185//1596 3994//1596
f 4184//1597 4002//1597 3992//1597
f 4003//1598 4015//1598 4004//1598
f 4000//1599 4012//1599 4001//1599
f 4008//1600 3998//1600 3997//1600
f 4015//1601 4005//1601 4004//1601
f 4012//1602 4002//1602 4001//1602
f 3998//1603 4010//1603 3999//1603
f 4005//1604 4017//1604 4006//1604
f 3987//1605 4007//1605 3996//1605
f 4002//1606 4014//1606 4003//1606
f 3999//1607 4011//1607 4000//1607
f 4006//1608 4017//1608 3995//1608
f 3996//1609 4008//1609 3997//1609
f 3987//1610 4018//1610 4007//1610
f 4024//1611 4014//1611 4013//1611
f 4010//1612 4022//1612 4011//1612
f 4017//1613 4028//1613 3995//1613
f 4018//1614 4008//1614 4007//1614
f 4025//1615 4015//1615 4014//1615
f 4022//1616 4012//1616 4011//1616
f 4008//1617 4020//1617 4009//1617
f 4015//1618 4027//1618 4016//1618
f 4023//1619 4013//1619 4012//1619
f 4020//1620 4010//1620 4009//1620
f 4027//1621 4017//1621 4016//1621
f 4037//1622 4027//1622 4026//1622
f 4023//1623 4035//1623 4024//1623
f 4031//1624 4021//1624 4020//1624
f 4027//1625 4039//1625 4028//1625
f 3987//1626 4029//1626 4018//1626
f 4024//1627 4036//1627 4025//1627
f 4021//1628 4033//1628 4022//1628
f 4028//1629 4039//1629 3995//1629
f 4018//1630 4030//1630 4019//1630
f 4036//1631 4026//1631 4025//1631
f 4033//1632 4023//1632 4022//1632
f 4030//1633 4020//1633 4019//1633
f 4040//1634 4030//1634 4029//1634
f 4036//1635 4048//1635 4037//1635
f 4033//1636 4045//1636 4034//1636
f 4030//1637 4042//1637 4031//1637
f 4048//1638 4038//1638 4037//1638
f 4045//1639 4035//1639 4034//1639
f 4031//1640 4043//1640 4032//1640
f 4038//1641 4050//1641 4039//1641
f 3987//1642 4040//1642 4029//1642
f 4046//1643 4036//1643 4035//1643
f 4032//1644 4044//1644 4033//1644
f 4039//1645 4050//1645 3995//1645
f 4049//1646 4061//1646 4050//1646
f 3987//1647 4051//1647 4040//1647
f 4057//1648 4047//1648 4046//1648
f 4054//1649 4044//1649 4043//1649
f 4050//1650 4061//1650 3995//1650
f 4051//1651 4041//1651 4040//1651
f 4047//1652 4059//1652 4048//1652
f 4044//1653 4056//1653 4045//1653
f 4052//1654 4042//1654 4041//1654
f 4048//1655 4060//1655 4049//1655
f 4045//1656 4057//1656 4046//1656
f 4053//1657 4043//1657 4042//1657
f 4063//1658 4053//1658 4052//1658
f 4070//1659 4060//1659 4059//1659
f 4067//1660 4057//1660 4056//1660
f 4064//1661 4054//1661 4053//1661
f 4060//1662 4072//1662 4061//1662
f 3987//1663 4062//1663 4051//1663
f 4068//1664 4058//1664 4057//1664
f 4065//1665 4055//1665 4054//1665
f 4061//1666 4072//1666 3995//1666
f 4051//1667 4063//1667 4052//1667
f 4058//1668 4070//1668 4059//1668
f 4066//1669 4056//1669 4055//1669
f 4072//1670 4083//1670 3995//1670
f 4073//1671 4063//1671 4062//1671
f 4080//1672 4070//1672 4069//1672
f 4066//1673 4078//1673 4067//1673
f 4074//1674 4064//1674 4063//1674
f 4081//1675 4071//1675 4070//1675
f 4067//1676 4079//1676 4068//1676
f 4075//1677 4065//1677 4064//1677
f 4082//1678 4072//1678 4071//1678
f 3987//1679 4073//1679 4062//1679
f 4079//1680 4069//1680 4068//1680
f 4065//1681 4077//1681 4066//1681
f 4086//1682 4076//1682 4075//1682
f 4093//1683 4083//1683 4082//1683
f 3987//1684 4084//1684 4073//1684
f 4090//1685 4080//1685 4079//1685
f 4087//1686 4077//1686 4076//1686
f 4083//1687 4094//1687 3995//1687
f 4084//1688 4074//1688 4073//1688
f 4080//1689 4092//1689 4081//1689
f 4077//1690 4089//1690 4078//1690
f 4085//1691 4075//1691 4074//1691
f 4081//1692 4093//1692 4082//1692
f 4078//1693 4090//1693 4079//1693
f 4096//1694 4086//1694 4085//1694
f 4103//1695 4093//1695 4092//1695
f 4100//1696 4090//1696 4089//1696
f 4097//1697 4087//1697 4086//1697
f 4093//1698 4105//1698 4094//1698
f 3987//1699 4095//1699 4084//1699
f 4101//1700 4091//1700 4090//1700
f 4098//1701 4088//1701 4087//1701
f 4094//1702 4105//1702 3995//1702
f 4095//1703 4085//1703 4084//1703
f 4091//1704 4103//1704 4092//1704
f 4099//1705 4089//1705 4088//1705
f 4098//1706 4110//1706 4099//1706
f 4105//1707 4116//1707 3995//1707
f 4106//1708 4096//1708 4095//1708
f 4113//1709 4103//1709 4102//1709
f 4099//1710 4111//1710 4100//1710
f 4107//1711 4097//1711 4096//1711
f 4114//1712 4104//1712 4103//1712
f 4100//1713 4112//1713 4101//1713
f 4108//1714 4098//1714 4097//1714
f 4115//1715 4105//1715 4104//1715
f 3987//1716 4106//1716 4095//1716
f 4112//1717 4102//1717 4101//1717
f 4108//1718 4120//1718 4109//1718
f 4126//1719 4116//1719 4115//1719
f 3987//1720 4117//1720 4106//1720
f 4112//1721 4124//1721 4113//1721
f 4109//1722 4121//1722 4110//1722
f 4116//1723 4127//1723 3995//1723
f 4106//1724 4118//1724 4107//1724
f 4113//1725 4125//1725 4114//1725
f 4121//1726 4111//1726 4110//1726
f 4118//1727 4108//1727 4107//1727
f 4125//1728 4115//1728 4114//1728
f 4111//1729 4123//1729 4112//1729
f 4121//1730 4133//1730 4122//1730
f 4118//1731 4130//1731 4119//1731
f 4125//1732 4137//1732 4126//1732
f 4133//1733 4123//1733 4122//1733
f 4130//1734 4120//1734 4119//1734
f 4137//1735 4127//1735 4126//1735
f 3987//1736 4128//1736 4117//1736
f 4134//1737 4124//1737 4123//1737
f 4131//1738 4121//1738 4120//1738
f 4127//1739 4138//1739 3995//1739
f 4117//1740 4129//1740 4118//1740
f 4135//1741 4125//1741 4124//1741
f 4142//1742 4132//1742 4131//1742
f 4138//1743 4149//1743 3995//1743
f 4139//1744 4129//1744 4128//1744
f 4135//1745 4147//1745 4136//1745
f 4143//1746 4133//1746 4132//1746
f 4140//1747 4130//1747 4129//1747
f 4147//1748 4137//1748 4136//1748
f 4144//1749 4134//1749 4133//1749
f 4141//1750 4131//1750 4130//1750
f 4137//1751 4149//1751 4138//1751
f 3987//1752 4139//1752 4128//1752
f 4145//1753 4135//1753 4134//1753
f 4155//1754 4145//1754 4144//1754
f 4152//1755 4142//1755 4141//1755
f 4148//1756 4160//1756 4149//1756
f 3987//1757 4150//1757 4139//1757
f 4145//1758 4157//1758 4146//1758
f 4153//1759 4143//1759 4142//1759
f 4149//1760 4160//1760 3995//1760
f 4139//1761 4151//1761 4140//1761
f 4157//1762 4147//1762 4146//1762
f 4154//1763 4144//1763 4143//1763
f 4151//1764 4141//1764 4140//1764
f 4147//1765 4159//1765 4148//1765
f 4165//1766 4155//1766 4154//1766
f 4162//1767 4152//1767 4151//1767
f 4169//1768 4159//1768 4158//1768
f 4155//1769 4167//1769 4156//1769
f 4163//1770 4153//1770 4152//1770
f 4170//1771 4160//1771 4159//1771
f 3987//1772 4161//1772 4150//1772
f 4167//1773 4157//1773 4156//1773
f 4153//1774 4165//1774 4154//1774
f 4160//1775 4171//1775 3995//1775
f 4161//1776 4151//1776 4150//1776
f 4157//1777 4169//1777 4158//1777
f 4178//1778 4168//1778 4167//1778
f 4175//1779 4165//1779 4164//1779
f 4171//1780 4182//1780 3995//1780
f 4172//1781 4162//1781 4161//1781
f 4179//1782 4169//1782 4168//1782
f 4176//1783 4166//1783 4165//1783
f 4173//1784 4163//1784 4162//1784
f 4169//1785 4181//1785 4170//1785
f 4166//1786 4178//1786 4167//1786
f 4163//1787 4175//1787 4164//1787
f 4170//1788 4182//1788 4171//1788
f 3987//1789 4172//1789 4161//1789
f 4184//1790 4178//1790 4177//1790
f 4183//1791 4175//1791 4174//1791
f 4181//1792 4186//1792 4182//1792
f 3987//1793 3988//1793 4172//1793
f 4178//1794 3993//1794 4179//1794
f 3990//1795 4176//1795 4175//1795
f 4182//1796 4186//1796 3995//1796
f 3988//1797 4173//1797 4172//1797
f 3993//1798 4180//1798 4179//1798
f 4176//1799 4184//1799 4177//1799
f 3989//1800 4174//1800 4173//1800
f 4180//1801 4185//1801 4181//1801
f 4198//1802 4190//1802 4383//1802
f 4205//1803 4386//1803 4385//1803
f 4187//1804 4196//1804 4188//1804
f 4202//1805 4193//1805 4192//1805
f 4190//1806 4200//1806 4191//1806
f 4386//1807 4206//1807 4195//1807
f 4188//1808 4197//1808 4189//1808
f 4193//1809 4204//1809 4194//1809
f 4191//1810 4201//1810 4384//1810
f 4197//1811 4383//1811 4189//1811
f 4204//1812 4385//1812 4194//1812
f 4201//1813 4192//1813 4384//1813
f 4214//1814 4204//1814 4203//1814
f 4200//1815 4212//1815 4201//1815
f 4208//1816 4198//1816 4197//1816
f 4204//1817 4216//1817 4205//1817
f 4201//1818 4213//1818 4202//1818
f 4209//1819 4199//1819 4198//1819
f 4216//1820 4206//1820 4205//1820
f 4187//1821 4207//1821 4196//1821
f 4213//1822 4203//1822 4202//1822
f 4210//1823 4200//1823 4199//1823
f 4206//1824 4217//1824 4195//1824
f 4207//1825 4197//1825 4196//1825
f 4187//1826 4218//1826 4207//1826
f 4224//1827 4214//1827 4213//1827
f 4210//1828 4222//1828 4211//1828
f 4217//1829 4228//1829 4195//1829
f 4218//1830 4208//1830 4207//1830
f 4225//1831 4215//1831 4214//1831
f 4222//1832 4212//1832 4211//1832
f 4219//1833 4209//1833 4208//1833
f 4215//1834 4227//1834 4216//1834
f 4223//1835 4213//1835 4212//1835
f 4220//1836 4210//1836 4209//1836
f 4227//1837 4217//1837 4216//1837
f 4226//1838 4238//1838 4227//1838
f 4223//1839 4235//1839 4224//1839
f 4220//1840 4232//1840 4221//1840
f 4238//1841 4228//1841 4227//1841
f 4187//1842 4229//1842 4218//1842
f 4235//1843 4225//1843 4224//1843
f 4221//1844 4233//1844 4222//1844
f 4228//1845 4239//1845 4195//1845
f 4218//1846 4230//1846 4219//1846
f 4225//1847 4237//1847 4226//1847
f 4222//1848 4234//1848 4223//1848
f 4230//1849 4220//1849 4219//1849
f 4240//1850 4230//1850 4229//1850
f 4236//1851 4248//1851 4237//1851
f 4244//1852 4234//1852 4233//1852
f 4241//1853 4231//1853 4230//1853
f 4237//1854 4249//1854 4238//1854
f 4245//1855 4235//1855 4234//1855
f 4242//1856 4232//1856 4231//1856
f 4249//1857 4239//1857 4238//1857
f 4187//1858 4240//1858 4229//1858
f 4246//1859 4236//1859 4235//1859
f 4232//1860 4244//1860 4233//1860
f 4239//1861 4250//1861 4195//1861
f 4249//1862 4261//1862 4250//1862
f 4187//1863 4251//1863 4240//1863
f 4257//1864 4247//1864 4246//1864
f 4254//1865 4244//1865 4243//1865
f 4250//1866 4261//1866 4195//1866
f 4251//1867 4241//1867 4240//1867
f 4247//1868 4259//1868 4248//1868
f 4244//1869 4256//1869 4245//1869
f 4252//1870 4242//1870 4241//1870
f 4259//1871 4249//1871 4248//1871
f 4245//1872 4257//1872 4246//1872
f 4253//1873 4243//1873 4242//1873
f 4263//1874 4253//1874 4252//1874
f 4270//1875 4260//1875 4259//1875
f 4267//1876 4257//1876 4256//1876
f 4264//1877 4254//1877 4253//1877
f 4260//1878 4272//1878 4261//1878
f 4187//1879 4262//1879 4251//1879
f 4257//1880 4269//1880 4258//1880
f 4265//1881 4255//1881 4254//1881
f 4261//1882 4272//1882 4195//1882
f 4251//1883 4263//1883 4252//1883
f 4269//1884 4259//1884 4258//1884
f 4255//1885 4267//1885 4256//1885
f 4272//1886 4283//1886 4195//1886
f 4262//1887 4274//1887 4263//1887
f 4280//1888 4270//1888 4269//1888
f 4277//1889 4267//1889 4266//1889
f 4274//1890 4264//1890 4263//1890
f 4281//1891 4271//1891 4270//1891
f 4278//1892 4268//1892 4267//1892
f 4275//1893 4265//1893 4264//1893
f 4282//1894 4272//1894 4271//1894
f 4187//1895 4273//1895 4262//1895
f 4268//1896 4280//1896 4269//1896
f 4276//1897 4266//1897 4265//1897
f 4286//1898 4276//1898 4275//1898
f 4293//1899 4283//1899 4282//1899
f 4187//1900 4284//1900 4273//1900
f 4290//1901 4280//1901 4279//1901
f 4276//1902 4288//1902 4277//1902
f 4283//1903 4294//1903 4195//1903
f 4273//1904 4285//1904 4274//1904
f 4280//1905 4292//1905 4281//1905
f 4288//1906 4278//1906 4277//1906
f 4285//1907 4275//1907 4274//1907
f 4292//1908 4282//1908 4281//1908
f 4289//1909 4279//1909 4278//1909
f 4285//1910 4297//1910 4286//1910
f 4303//1911 4293//1911 4292//1911
f 4300//1912 4290//1912 4289//1912
f 4286//1913 4298//1913 4287//1913
f 4304//1914 4294//1914 4293//1914
f 4187//1915 4295//1915 4284//1915
f 4301//1916 4291//1916 4290//1916
f 4298//1917 4288//1917 4287//1917
f 4294//1918 4305//1918 4195//1918
f 4284//1919 4296//1919 4285//1919
f 4291//1920 4303//1920 4292//1920
f 4299//1921 4289//1921 4288//1921
f 4309//1922 4299//1922 4298//1922
f 4305//1923 4316//1923 4195//1923
f 4295//1924 4307//1924 4296//1924
f 4302//1925 4314//1925 4303//1925
f 4310//1926 4300//1926 4299//1926
f 4307//1927 4297//1927 4296//1927
f 4303//1928 4315//1928 4304//1928
f 4300//1929 4312//1929 4301//1929
f 4297//1930 4309//1930 4298//1930
f 4304//1931 4316//1931 4305//1931
f 4187//1932 4306//1932 4295//1932
f 4301//1933 4313//1933 4302//1933
f 4319//1934 4309//1934 4308//1934
f 4315//1935 4327//1935 4316//1935
f 4187//1936 4317//1936 4306//1936
f 4312//1937 4324//1937 4313//1937
f 4320//1938 4310//1938 4309//1938
f 4316//1939 4327//1939 4195//1939
f 4306//1940 4318//1940 4307//1940
f 4324//1941 4314//1941 4313//1941
f 4310//1942 4322//1942 4311//1942
f 4318//1943 4308//1943 4307//1943
f 4314//1944 4326//1944 4315//1944
f 4311//1945 4323//1945 4312//1945
f 4332//1946 4322//1946 4321//1946
f 4329//1947 4319//1947 4318//1947
f 4325//1948 4337//1948 4326//1948
f 4322//1949 4334//1949 4323//1949
f 4330//1950 4320//1950 4319//1950
f 4326//1951 4338//1951 4327//1951
f 4187//1952 4328//1952 4317//1952
f 4334//1953 4324//1953 4323//1953
f 4320//1954 4332//1954 4321//1954
f 4327//1955 4338//1955 4195//1955
f 4328//1956 4318//1956 4317//1956
f 4335//1957 4325//1957 4324//1957
f 4342//1958 4332//1958 4331//1958
f 4338//1959 4349//1959 4195//1959
f 4328//1960 4340//1960 4329//1960
f 4335//1961 4347//1961 4336//1961
f 4332//1962 4344//1962 4333//1962
f 4340//1963 4330//1963 4329//1963
f 4347//1964 4337//1964 4336//1964
f 4333//1965 4345//1965 4334//1965
f 4330//1966 4342//1966 4331//1966
f 4337//1967 4349//1967 4338//1967
f 4187//1968 4339//1968 4328//1968
f 4345//1969 4335//1969 4334//1969
f 4355//1970 4345//1970 4344//1970
f 4352//1971 4342//1971 4341//1971
f 4359//1972 4349//1972 4348//1972
f 4187//1973 4350//1973 4339//1973
f 4356//1974 4346//1974 4345//1974
f 4353//1975 4343//1975 4342//1975
f 4349//1976 4360//1976 4195//1976
f 4339//1977 4351//1977 4340//1977
f 4346//1978 4358//1978 4347//1978
f 4354//1979 4344//1979 4343//1979
f 4351//1980 4341//1980 4340//1980
f 4358//1981 4348//1981 4347//1981
f 4365//1982 4355//1982 4354//1982
f 4362//1983 4352//1983 4351//1983
f 4369//1984 4359//1984 4358//1984
f 4366//1985 4356//1985 4355//1985
f 4352//1986 4364//1986 4353//1986
f 4370//1987 4360//1987 4359//1987
f 4187//1988 4361//1988 4350//1988
f 4356//1989 4368//1989 4357//1989
f 4364//1990 4354//1990 4353//1990
f 4360//1991 4371//1991 4195//1991
f 4361//1992 4351//1992 4350//1992
f 4357//1993 4369//1993 4358//1993
f 4378//1994 4368//1994 4367//1994
f 4375//1995 4365//1995 4364//1995
f 4371//1996 4382//1996 4195//1996
f 4372//1997 4362//1997 4361//1997
f 4379//1998 4369//1998 4368//1998
f 4365//1999 4377//1999 4366//1999
f 4373//2000 4363//2000 4362//2000
f 4369//2001 4381//2001 4370//2001
f 4377//2002 4367//2002 4366//2002
f 4374//2003 4364//2003 4363//2003
f 4370//2004 4382//2004 4371//2004
f 4187//2005 4372//2005 4361//2005
f 4384//2006 4378//2006 4377//2006
f 4383//2007 4375//2007 4374//2007
f 4385//2008 4382//2008 4381//2008
f 4187//2009 4188//2009 4372//2009
f 4378//2010 4193//2010 4379//2010
f 4190//2011 4376//2011 4375//2011
f 4382//2012 4386//2012 4195//2012
f 4372//2013 4189//2013 4373//2013
f 4379//2014 4194//2014 4380//2014
f 4376//2015 4384//2015 4377//2015
f 4189//2016 4374//2016 4373//2016
f 4194//2017 4381//2017 4380//2017
f 4583//2018 4399//2018 4390//2018
f 4585//2019 4406//2019 4586//2019
f 4387//2020 4396//2020 4388//2020
f 4402//2021 4393//2021 4392//2021
f 4399//2022 4391//2022 4390//2022
f 4586//2023 4406//2023 4395//2023
f 4396//2024 4389//2024 4388//2024
f 4393//2025 4404//2025 4394//2025
f 4391//2026 4401//2026 4584//2026
f 4397//2027 4583//2027 4389//2027
f 4404//2028 4585//2028 4394//2028
f 4584//2029 4402//2029 4392//2029
f 4414//2030 4404//2030 4403//2030
f 4400//2031 4412//2031 4401//2031
f 4397//2032 4409//2032 4398//2032
f 4415//2033 4405//2033 4404//2033
f 4401//2034 4413//2034 4402//2034
f 4409//2035 4399//2035 4398//2035
f 4405//2036 4417//2036 4406//2036
f 4387//2037 4407//2037 4396//2037
f 4402//2038 4414//2038 4403//2038
f 4399//2039 4411//2039 4400//2039
f 4406//2040 4417//2040 4395//2040
f 4396//2041 4408//2041 4397//2041
f 4387//2042 4418//2042 4407//2042
f 4424//2043 4414//2043 4413//2043
f 4421//2044 4411//2044 4410//2044
f 4417//2045 4428//2045 4395//2045
f 4418//2046 4408//2046 4407//2046
f 4425//2047 4415//2047 4414//2047
f 4422//2048 4412//2048 4411//2048
f 4408//2049 4420//2049 4409//2049
f 4415//2050 4427//2050 4416//2050
f 4423//2051 4413//2051 4412//2051
f 4409//2052 4421//2052 4410//2052
f 4427//2053 4417//2053 4416//2053
f 4426//2054 4438//2054 4427//2054
f 4423//2055 4435//2055 4424//2055
f 4431//2056 4421//2056 4420//2056
f 4427//2057 4439//2057 4428//2057
f 4387//2058 4429//2058 4418//2058
f 4424//2059 4436//2059 4425//2059
f 4421//2060 4433//2060 4422//2060
f 4428//2061 4439//2061 4395//2061
f 4429//2062 4419//2062 4418//2062
f 4425//2063 4437//2063 4426//2063
f 4422//2064 4434//2064 4423//2064
f 4430//2065 4420//2065 4419//2065
f 4440//2066 4430//2066 4429//2066
f 4447//2067 4437//2067 4436//2067
f 4444//2068 4434//2068 4433//2068
f 4441//2069 4431//2069 4430//2069
f 4448//2070 4438//2070 4437//2070
f 4434//2071 4446//2071 4435//2071
f 4431//2072 4443//2072 4432//2072
f 4449//2073 4439//2073 4438//2073
f 4387//2074 4440//2074 4429//2074
f 4435//2075 4447//2075 4436//2075
f 4443//2076 4433//2076 4432//2076
f 4439//2077 4450//2077 4395//2077
f 4460//2078 4450//2078 4449//2078
f 4387//2079 4451//2079 4440//2079
f 4457//2080 4447//2080 4446//2080
f 4454//2081 4444//2081 4443//2081
f 4450//2082 4461//2082 4395//2082
f 4440//2083 4452//2083 4441//2083
f 4447//2084 4459//2084 4448//2084
f 4444//2085 4456//2085 4445//2085
f 4452//2086 4442//2086 4441//2086
f 4459//2087 4449//2087 4448//2087
f 4445//2088 4457//2088 4446//2088
f 4442//2089 4454//2089 4443//2089
f 4463//2090 4453//2090 4452//2090
f 4470//2091 4460//2091 4459//2091
f 4467//2092 4457//2092 4456//2092
f 4464//2093 4454//2093 4453//2093
f 4460//2094 4472//2094 4461//2094
f 4387//2095 4462//2095 4451//2095
f 4468//2096 4458//2096 4457//2096
f 4465//2097 4455//2097 4454//2097
f 4461//2098 4472//2098 4395//2098
f 4462//2099 4452//2099 4451//2099
f 4458//2100 4470//2100 4459//2100
f 4466//2101 4456//2101 4455//2101
f 4472//2102 4483//2102 4395//2102
f 4473//2103 4463//2103 4462//2103
f 4469//2104 4481//2104 4470//2104
f 4466//2105 4478//2105 4467//2105
f 4474//2106 4464//2106 4463//2106
f 4481//2107 4471//2107 4470//2107
f 4467//2108 4479//2108 4468//2108
f 4464//2109 4476//2109 4465//2109
f 4482//2110 4472//2110 4471//2110
f 4387//2111 4473//2111 4462//2111
f 4468//2112 4480//2112 4469//2112
f 4465//2113 4477//2113 4466//2113
f 4486//2114 4476//2114 4475//2114
f 4482//2115 4494//2115 4483//2115
f 4387//2116 4484//2116 4473//2116
f 4490//2117 4480//2117 4479//2117
f 4487//2118 4477//2118 4476//2118
f 4483//2119 4494//2119 4395//2119
f 4484//2120 4474//2120 4473//2120
f 4480//2121 4492//2121 4481//2121
f 4488//2122 4478//2122 4477//2122
f 4474//2123 4486//2123 4475//2123
f 4492//2124 4482//2124 4481//2124
f 4489//2125 4479//2125 4478//2125
f 4485//2126 4497//2126 4486//2126
f 4492//2127 4504//2127 4493//2127
f 4500//2128 4490//2128 4489//2128
f 4497//2129 4487//2129 4486//2129
f 4504//2130 4494//2130 4493//2130
f 4387//2131 4495//2131 4484//2131
f 4490//2132 4502//2132 4491//2132
f 4498//2133 4488//2133 4487//2133
f 4494//2134 4505//2134 4395//2134
f 4484//2135 4496//2135 4485//2135
f 4502//2136 4492//2136 4491//2136
f 4488//2137 4500//2137 4489//2137
f 4498//2138 4510//2138 4499//2138
f 4505//2139 4516//2139 4395//2139
f 4506//2140 4496//2140 4495//2140
f 4513//2141 4503//2141 4502//2141
f 4510//2142 4500//2142 4499//2142
f 4507//2143 4497//2143 4496//2143
f 4514//2144 4504//2144 4503//2144
f 4511//2145 4501//2145 4500//2145
f 4497//2146 4509//2146 4498//2146
f 4515//2147 4505//2147 4504//2147
f 4387//2148 4506//2148 4495//2148
f 4512//2149 4502//2149 4501//2149
f 4519//2150 4509//2150 4508//2150
f 4515//2151 4527//2151 4516//2151
f 4387//2152 4517//2152 4506//2152
f 4512//2153 4524//2153 4513//2153
f 4520//2154 4510//2154 4509//2154
f 4516//2155 4527//2155 4395//2155
f 4517//2156 4507//2156 4506//2156
f 4524//2157 4514//2157 4513//2157
f 4521//2158 4511//2158 4510//2158
f 4518//2159 4508//2159 4507//2159
f 4525//2160 4515//2160 4514//2160
f 4511//2161 4523//2161 4512//2161
f 4521//2162 4533//2162 4522//2162
f 4529//2163 4519//2163 4518//2163
f 4536//2164 4526//2164 4525//2164
f 4522//2165 4534//2165 4523//2165
f 4519//2166 4531//2166 4520//2166
f 4526//2167 4538//2167 4527//2167
f 4387//2168 4528//2168 4517//2168
f 4534//2169 4524//2169 4523//2169
f 4520//2170 4532//2170 4521//2170
f 4527//2171 4538//2171 4395//2171
f 4517//2172 4529//2172 4518//2172
f 4535//2173 4525//2173 4524//2173
f 4531//2174 4543//2174 4532//2174
f 4538//2175 4549//2175 4395//2175
f 4539//2176 4529//2176 4528//2176
f 4546//2177 4536//2177 4535//2177
f 4543//2178 4533//2178 4532//2178
f 4529//2179 4541//2179 4530//2179
f 4547//2180 4537//2180 4536//2180
f 4544//2181 4534//2181 4533//2181
f 4530//2182 4542//2182 4531//2182
f 4548//2183 4538//2183 4537//2183
f 4387//2184 4539//2184 4528//2184
f 4545//2185 4535//2185 4534//2185
f 4544//2186 4556//2186 4545//2186
f 4541//2187 4553//2187 4542//2187
f 4559//2188 4549//2188 4548//2188
f 4387//2189 4550//2189 4539//2189
f 4545//2190 4557//2190 4546//2190
f 4542//2191 4554//2191 4543//2191
f 4549//2192 4560//2192 4395//2192
f 4550//2193 4540//2193 4539//2193
f 4546//2194 4558//2194 4547//2194
f 4543//2195 4555//2195 4544//2195
f 4551//2196 4541//2196 4540//2196
f 4547//2197 4559//2197 4548//2197
f 4565//2198 4555//2198 4554//2198
f 4551//2199 4563//2199 4552//2199
f 4569//2200 4559//2200 4558//2200
f 4566//2201 4556//2201 4555//2201
f 4563//2202 4553//2202 4552//2202
f 4559//2203 4571//2203 4560//2203
f 4387//2204 4561//2204 4550//2204
f 4556//2205 4568//2205 4557//2205
f 4553//2206 4565//2206 4554//2206
f 4560//2207 4571//2207 4395//2207
f 4550//2208 4562//2208 4551//2208
f 4557//2209 4569//2209 4558//2209
f 4578//2210 4568//2210 4567//2210
f 4564//2211 4576//2211 4565//2211
f 4571//2212 4582//2212 4395//2212
f 4561//2213 4573//2213 4562//2213
f 4579//2214 4569//2214 4568//2214
f 4565//2215 4577//2215 4566//2215
f 4573//2216 4563//2216 4562//2216
f 4580//2217 4570//2217 4569//2217
f 4566//2218 4578//2218 4567//2218
f 4574//2219 4564//2219 4563//2219
f 4581//2220 4571//2220 4570//2220
f 4387//2221 4572//2221 4561//2221
f 4584//2222 4578//2222 4577//2222
f 4574//2223 4390//2223 4575//2223
f 4581//2224 4586//2224 4582//2224
f 4387//2225 4388//2225 4572//2225
f 4578//2226 4393//2226 4579//2226
f 4575//2227 4391//2227 4576//2227
f 4582//2228 4586//2228 4395//2228
f 4572//2229 4389//2229 4573//2229
f 4579//2230 4394//2230 4580//2230
f 4391//2231 4577//2231 4576//2231
f 4573//2232 4583//2232 4574//2232
f 4580//2233 4585//2233 4581//2233
f 4598//2234 4590//2234 4783//2234
f 4785//2235 4606//2235 4786//2235
f 4587//2236 4596//2236 4588//2236
f 4602//2237 4593//2237 4592//2237
f 4599//2238 4591//2238 4590//2238
f 4786//2239 4606//2239 4595//2239
f 4588//2240 4597//2240 4589//2240
f 4593//2241 4604//2241 4594//2241
f 4591//2242 4601//2242 4784//2242
f 4589//827 4598//827 4783//827
f 4594//2243 4605//2243 4785//2243
f 4784//2244 4602//2244 4592//2244
f 4603//2245 4615//2245 4604//2245
f 4611//2246 4601//2246 4600//2246
f 4608//2247 4598//2247 4597//2247
f 4604//2248 4616//2248 4605//2248
f 4612//2249 4602//2249 4601//2249
f 4609//2250 4599//2250 4598//2250
f 4605//2251 4617//2251 4606//2251
f 4587//2252 4607//2252 4596//2252
f 4602//2253 4614//2253 4603//2253
f 4610//2254 4600//2254 4599//2254
f 4606//2255 4617//2255 4595//2255
f 4607//2256 4597//2256 4596//2256
f 4587//2257 4618//2257 4607//2257
f 4613//2258 4625//2258 4614//2258
f 4621//2259 4611//2259 4610//2259
f 4617//2260 4628//2260 4595//2260
f 4607//2261 4619//2261 4608//2261
f 4625//2262 4615//2262 4614//2262
f 4622//2263 4612//2263 4611//2263
f 4608//2264 4620//2264 4609//2264
f 4615//2265 4627//2265 4616//2265
f 4612//2266 4624//2266 4613//2266
f 4609//2267 4621//2267 4610//2267
f 4616//2268 4628//2268 4617//2268
f 4637//2269 4627//2269 4626//2269
f 4623//2270 4635//2270 4624//2270
f 4631//2271 4621//2271 4620//2271
f 4627//2272 4639//2272 4628//2272
f 4587//2273 4629//2273 4618//2273
f 4624//2274 4636//2274 4625//2274
f 4632//2275 4622//2275 4621//2275
f 4628//2276 4639//2276 4595//2276
f 4629//2277 4619//2277 4618//2277
f 4636//2278 4626//2278 4625//2278
f 4633//2279 4623//2279 4622//2279
f 4619//2280 4631//2280 4620//2280
f 4629//2281 4641//2281 4630//2281
f 4647//2282 4637//2282 4636//2282
f 4644//2283 4634//2283 4633//2283
f 4630//2284 4642//2284 4631//2284
f 4648//2285 4638//2285 4637//2285
f 4645//2286 4635//2286 4634//2286
f 4642//2287 4632//2287 4631//2287
f 4649//2288 4639//2288 4638//2288
f 4587//2289 4640//2289 4629//2289
f 4646//2290 4636//2290 4635//2290
f 4643//2291 4633//2291 4632//2291
f 4639//2292 4650//2292 4595//2292
f 4660//2293 4650//2293 4649//2293
f 4587//2294 4651//2294 4640//2294
f 4646//2295 4658//2295 4647//2295
f 4643//2296 4655//2296 4644//2296
f 4650//2297 4661//2297 4595//2297
f 4651//2298 4641//2298 4640//2298
f 4658//2299 4648//2299 4647//2299
f 4655//2300 4645//2300 4644//2300
f 4641//2301 4653//2301 4642//2301
f 4648//2302 4660//2302 4649//2302
f 4656//2303 4646//2303 4645//2303
f 4642//2304 4654//2304 4643//2304
f 4663//2305 4653//2305 4652//2305
f 4670//2306 4660//2306 4659//2306
f 4656//2307 4668//2307 4657//2307
f 4664//2308 4654//2308 4653//2308
f 4660//2309 4672//2309 4661//2309
f 4587//2310 4662//2310 4651//2310
f 4668//2311 4658//2311 4657//2311
f 4665//2312 4655//2312 4654//2312
f 4661//2313 4672//2313 4595//2313
f 4662//2314 4652//2314 4651//2314
f 4658//2315 4670//2315 4659//2315
f 4666//2316 4656//2316 4655//2316
f 4672//2317 4683//2317 4595//2317
f 4673//2318 4663//2318 4662//2318
f 4680//2319 4670//2319 4669//2319
f 4666//2320 4678//2320 4667//2320
f 4674//2321 4664//2321 4663//2321
f 4681//2322 4671//2322 4670//2322
f 4667//2323 4679//2323 4668//2323
f 4664//2324 4676//2324 4665//2324
f 4671//2325 4683//2325 4672//2325
f 4587//2326 4673//2326 4662//2326
f 4679//2327 4669//2327 4668//2327
f 4665//2328 4677//2328 4666//2328
f 4675//2329 4687//2329 4676//2329
f 4693//2330 4683//2330 4682//2330
f 4587//2331 4684//2331 4673//2331
f 4690//2332 4680//2332 4679//2332
f 4676//2333 4688//2333 4677//2333
f 4683//2334 4694//2334 4595//2334
f 4673//2335 4685//2335 4674//2335
f 4680//2336 4692//2336 4681//2336
f 4688//2337 4678//2337 4677//2337
f 4685//731 4675//731 4674//731
f 4681//2338 4693//2338 4682//2338
f 4678//2339 4690//2339 4679//2339
f 4696//2340 4686//2340 4685//2340
f 4692//2341 4704//2341 4693//2341
f 4689//2342 4701//2342 4690//2342
f 4697//2343 4687//2343 4686//2343
f 4693//2344 4705//2344 4694//2344
f 4587//2345 4695//2345 4684//2345
f 4701//2346 4691//2346 4690//2346
f 4698//2347 4688//2347 4687//2347
f 4694//2348 4705//2348 4595//2348
f 4695//2349 4685//2349 4684//2349
f 4691//2350 4703//2350 4692//2350
f 4699//2351 4689//2351 4688//2351
f 4709//2352 4699//2352 4698//2352
f 4705//2353 4716//2353 4595//2353
f 4695//2354 4707//2354 4696//2354
f 4713//2355 4703//2355 4702//2355
f 4710//2356 4700//2356 4699//2356
f 4696//2357 4708//2357 4697//2357
f 4714//2358 4704//2358 4703//2358
f 4711//2359 4701//2359 4700//2359
f 4708//2360 4698//2360 4697//2360
f 4704//2361 4716//2361 4705//2361
f 4587//2362 4706//2362 4695//2362
f 4712//2363 4702//2363 4701//2363
f 4719//2364 4709//2364 4708//2364
f 4726//2365 4716//2365 4715//2365
f 4587//2366 4717//2366 4706//2366
f 4712//2367 4724//2367 4713//2367
f 4720//2368 4710//2368 4709//2368
f 4716//2369 4727//2369 4595//2369
f 4706//2370 4718//2370 4707//2370
f 4724//2371 4714//2371 4713//2371
f 4710//2372 4722//2372 4711//2372
f 4718//2373 4708//2373 4707//2373
f 4725//2374 4715//2374 4714//2374
f 4711//2375 4723//2375 4712//2375
f 4732//2376 4722//2376 4721//2376
f 4729//2377 4719//2377 4718//2377
f 4736//2378 4726//2378 4725//2378
f 4733//2379 4723//2379 4722//2379
f 4730//2380 4720//2380 4719//2380
f 4726//2381 4738//2381 4727//2381
f 4587//2382 4728//2382 4717//2382
f 4734//2383 4724//2383 4723//2383
f 4731//2384 4721//2384 4720//2384
f 4727//2385 4738//2385 4595//2385
f 4728//2386 4718//2386 4717//2386
f 4735//2387 4725//2387 4724//2387
f 4742//2388 4732//2388 4731//2388
f 4738//2389 4749//2389 4595//2389
f 4739//2390 4729//2390 4728//2390
f 4735//2391 4747//2391 4736//2391
f 4743//2392 4733//2392 4732//2392
f 4729//2393 4741//2393 4730//2393
f 4747//2394 4737//2394 4736//2394
f 4744//2395 4734//2395 4733//2395
f 4730//2396 4742//2396 4731//2396
f 4748//2397 4738//2397 4737//2397
f 4587//2398 4739//2398 4728//2398
f 4745//2399 4735//2399 4734//2399
f 4744//2400 4756//2400 4745//2400
f 4752//2401 4742//2401 4741//2401
f 4748//2402 4760//2402 4749//2402
f 4587//2403 4750//2403 4739//2403
f 4756//2404 4746//2404 4745//2404
f 4753//2405 4743//2405 4742//2405
f 4749//2406 4760//2406 4595//2406
f 4750//2407 4740//2407 4739//2407
f 4746//2408 4758//2408 4747//2408
f 4743//2409 4755//2409 4744//2409
f 4751//2410 4741//2410 4740//2410
f 4758//2411 4748//2411 4747//2411
f 4765//2412 4755//2412 4754//2412
f 4762//2413 4752//2413 4751//2413
f 4769//2414 4759//2414 4758//2414
f 4755//2415 4767//2415 4756//2415
f 4752//2416 4764//2416 4753//2416
f 4770//2417 4760//2417 4759//2417
f 4587//2418 4761//2418 4750//2418
f 4767//2419 4757//2419 4756//2419
f 4764//2420 4754//2420 4753//2420
f 4760//2421 4771//2421 4595//2421
f 4750//2422 4762//2422 4751//2422
f 4757//2423 4769//2423 4758//2423
f 4778//2424 4768//2424 4767//2424
f 4775//2425 4765//2425 4764//2425
f 4771//2426 4782//2426 4595//2426
f 4772//2427 4762//2427 4761//2427
f 4768//2428 4780//2428 4769//2428
f 4776//2429 4766//2429 4765//2429
f 4773//2430 4763//2430 4762//2430
f 4769//2431 4781//2431 4770//2431
f 4766//2432 4778//2432 4767//2432
f 4763//2433 4775//2433 4764//2433
f 4770//2434 4782//2434 4771//2434
f 4587//2435 4772//2435 4761//2435
f 4777//2436 4592//2436 4778//2436
f 4783//2437 4775//2437 4774//2437
f 4785//2438 4782//2438 4781//2438
f 4587//2439 4588//2439 4772//2439
f 4592//2440 4779//2440 4778//2440
f 4590//2441 4776//2441 4775//2441
f 4782//2442 4786//2442 4595//2442
f 4772//2443 4589//2443 4773//2443
f 4779//2444 4594//2444 4780//2444
f 4591//2445 4777//2445 4776//2445
f 4773//2446 4783//2446 4774//2446
f 4594//2447 4781//2447 4780//2447
f 4983//2448 4799//2448 4790//2448
f 4805//2449 4986//2449 4985//2449
f 4787//2450 4796//2450 4788//2450
f 4802//2451 4793//2451 4792//2451
f 4790//2452 4800//2452 4791//2452
f 4986//2453 4806//2453 4795//2453
f 4796//2454 4789//2454 4788//2454
f 4803//2455 4794//2455 4793//2455
f 4791//2456 4801//2456 4984//2456
f 4797//2457 4983//2457 4789//2457
f 4804//2458 4985//2458 4794//2458
f 4801//2459 4792//2459 4984//2459
f 4814//2460 4804//2460 4803//2460
f 4811//2461 4801//2461 4800//2461
f 4808//2462 4798//2462 4797//2462
f 4815//2463 4805//2463 4804//2463
f 4801//2464 4813//2464 4802//2464
f 4798//2465 4810//2465 4799//2465
f 4805//2466 4817//2466 4806//2466
f 4787//2467 4807//2467 4796//2467
f 4813//2468 4803//2468 4802//2468
f 4810//2469 4800//2469 4799//2469
f 4806//2470 4817//2470 4795//2470
f 4796//2471 4808//2471 4797//2471
f 4787//2472 4818//2472 4807//2472
f 4824//2473 4814//2473 4813//2473
f 4821//2474 4811//2474 4810//2474
f 4817//2475 4828//2475 4795//2475
f 4807//2476 4819//2476 4808//2476
f 4814//2477 4826//2477 4815//2477
f 4811//2478 4823//2478 4812//2478
f 4819//2479 4809//2479 4808//2479
f 4826//2480 4816//2480 4815//2480
f 4823//2481 4813//2481 4812//2481
f 4820//2482 4810//2482 4809//2482
f 4816//2483 4828//2483 4817//2483
f 4837//2484 4827//2484 4826//2484
f 4834//2485 4824//2485 4823//2485
f 4820//2486 4832//2486 4821//2486
f 4838//2487 4828//2487 4827//2487
f 4787//2488 4829//2488 4818//2488
f 4824//2489 4836//2489 4825//2489
f 4821//2490 4833//2490 4822//2490
f 4828//2491 4839//2491 4795//2491
f 4818//2492 4830//2492 4819//2492
f 4836//2493 4826//2493 4825//2493
f 4822//2494 4834//2494 4823//2494
f 4830//2495 4820//2495 4819//2495
f 4829//2496 4841//2496 4830//2496
f 4836//2497 4848//2497 4837//2497
f 4833//2498 4845//2498 4834//2498
f 4830//2499 4842//2499 4831//2499
f 4837//2500 4849//2500 4838//2500
f 4845//2501 4835//2501 4834//2501
f 4842//2502 4832//2502 4831//2502
f 4838//2503 4850//2503 4839//2503
f 4787//2504 4840//2504 4829//2504
f 4835//2505 4847//2505 4836//2505
f 4832//2506 4844//2506 4833//2506
f 4839//2507 4850//2507 4795//2507
f 4849//2508 4861//2508 4850//2508
f 4787//2509 4851//2509 4840//2509
f 4857//2510 4847//2510 4846//2510
f 4854//2511 4844//2511 4843//2511
f 4850//2512 4861//2512 4795//2512
f 4840//2513 4852//2513 4841//2513
f 4847//2514 4859//2514 4848//2514
f 4855//2515 4845//2515 4844//2515
f 4841//2516 4853//2516 4842//2516
f 4848//2517 4860//2517 4849//2517
f 4845//2518 4857//2518 4846//2518
f 4853//2519 4843//2519 4842//2519
f 4863//2520 4853//2520 4852//2520
f 4859//2521 4871//2521 4860//2521
f 4856//2522 4868//2522 4857//2522
f 4853//2523 4865//2523 4854//2523
f 4871//2524 4861//2524 4860//2524
f 4787//2525 4862//2525 4851//2525
f 4868//2526 4858//2526 4857//2526
f 4865//2527 4855//2527 4854//2527
f 4861//2528 4872//2528 4795//2528
f 4851//2529 4863//2529 4852//2529
f 4869//2530 4859//2530 4858//2530
f 4855//2531 4867//2531 4856//2531
f 4872//2532 4883//2532 4795//2532
f 4873//2533 4863//2533 4862//2533
f 4869//2534 4881//2534 4870//2534
f 4866//2535 4878//2535 4867//2535
f 4863//2536 4875//2536 4864//2536
f 4870//2537 4882//2537 4871//2537
f 4867//2538 4879//2538 4868//2538
f 4875//2539 4865//2539 4864//2539
f 4882//2540 4872//2540 4871//2540
f 4787//2541 4873//2541 4862//2541
f 4868//2542 4880//2542 4869//2542
f 4876//2543 4866//2543 4865//2543
f 4886//2544 4876//2544 4875//2544
f 4882//2545 4894//2545 4883//2545
f 4787//2546 4884//2546 4873//2546
f 4890//2547 4880//2547 4879//2547
f 4887//2548 4877//2548 4876//2548
f 4883//2549 4894//2549 4795//2549
f 4873//2550 4885//2550 4874//2550
f 4880//2551 4892//2551 4881//2551
f 4888//2552 4878//2552 4877//2552
f 4874//2553 4886//2553 4875//2553
f 4892//2554 4882//2554 4881//2554
f 4878//2555 4890//2555 4879//2555
f 4896//2556 4886//2556 4885//2556
f 4903//2557 4893//2557 4892//2557
f 4900//2558 4890//2558 4889//2558
f 4897//2559 4887//2559 4886//2559
f 4904//2560 4894//2560 4893//2560
f 4787//2561 4895//2561 4884//2561
f 4901//2562 4891//2562 4890//2562
f 4898//2563 4888//2563 4887//2563
f 4894//2564 4905//2564 4795//2564
f 4895//2565 4885//2565 4884//2565
f 4891//2566 4903//2566 4892//2566
f 4899//2567 4889//2567 4888//2567
f 4909//2568 4899//2568 4898//2568
f 4905//2569 4916//2569 4795//2569
f 4895//2570 4907//2570 4896//2570
f 4902//2571 4914//2571 4903//2571
f 4910//2572 4900//2572 4899//2572
f 4896//2573 4908//2573 4897//2573
f 4903//2574 4915//2574 4904//2574
f 4911//2575 4901//2575 4900//2575
f 4908//2576 4898//2576 4897//2576
f 4904//2577 4916//2577 4905//2577
f 4787//2578 4906//2578 4895//2578
f 4901//2579 4913//2579 4902//2579
f 4919//2580 4909//2580 4908//2580
f 4915//2581 4927//2581 4916//2581
f 4787//2582 4917//2582 4906//2582
f 4912//2583 4924//2583 4913//2583
f 4920//2584 4910//2584 4909//2584
f 4916//2585 4927//2585 4795//2585
f 4906//2586 4918//2586 4907//2586
f 4913//2587 4925//2587 4914//2587
f 4921//2588 4911//2588 4910//2588
f 4918//2589 4908//2589 4907//2589
f 4925//2590 4915//2590 4914//2590
f 4922//2591 4912//2591 4911//2591
f 4921//2592 4933//2592 4922//2592
f 4929//2593 4919//2593 4918//2593
f 4936//2594 4926//2594 4925//2594
f 4933//2595 4923//2595 4922//2595
f 4919//2596 4931//2596 4920//2596
f 4937//2597 4927//2597 4926//2597
f 4787//2598 4928//2598 4917//2598
f 4934//2599 4924//2599 4923//2599
f 4931//2600 4921//2600 4920//2600
f 4927//2601 4938//2601 4795//2601
f 4928//2602 4918//2602 4917//2602
f 4924//2603 4936//2603 4925//2603
f 4942//2604 4932//2604 4931//2604
f 4938//2605 4949//2605 4795//2605
f 4939//2606 4929//2606 4928//2606
f 4935//2607 4947//2607 4936//2607
f 4932//2608 4944//2608 4933//2608
f 4929//2609 4941//2609 4930//2609
f 4947//2610 4937//2610 4936//2610
f 4944//2611 4934//2611 4933//2611
f 4930//2612 4942//2612 4931//2612
f 4948//2613 4938//2613 4937//2613
f 4787//2614 4939//2614 4928//2614
f 4945//2615 4935//2615 4934//2615
f 4944//2616 4956//2616 4945//2616
f 4952//2617 4942//2617 4941//2617
f 4948//2618 4960//2618 4949//2618
f 4787//2619 4950//2619 4939//2619
f 4956//2620 4946//2620 4945//2620
f 4942//2621 4954//2621 4943//2621
f 4949//2622 4960//2622 4795//2622
f 4939//2623 4951//2623 4940//2623
f 4946//2624 4958//2624 4947//2624
f 4943//2625 4955//2625 4944//2625
f 4951//2626 4941//2626 4940//2626
f 4947//2627 4959//2627 4948//2627
f 4965//2628 4955//2628 4954//2628
f 4962//2629 4952//2629 4951//2629
f 4958//2630 4970//2630 4959//2630
f 4966//2631 4956//2631 4955//2631
f 4963//2632 4953//2632 4952//2632
f 4970//2633 4960//2633 4959//2633
f 4787//2634 4961//2634 4950//2634
f 4956//2635 4968//2635 4957//2635
f 4953//2636 4965//2636 4954//2636
f 4960//2637 4971//2637 4795//2637
f 4950//2638 4962//2638 4951//2638
f 4968//2639 4958//2639 4957//2639
f 4967//2640 4979//2640 4968//2640
f 4975//2641 4965//2641 4964//2641
f 4971//2642 4982//2642 4795//2642
f 4961//2643 4973//2643 4962//2643
f 4968//2644 4980//2644 4969//2644
f 4965//2645 4977//2645 4966//2645
f 4973//2646 4963//2646 4962//2646
f 4969//2647 4981//2647 4970//2647
f 4977//2648 4967//2648 4966//2648
f 4974//2649 4964//2649 4963//2649
f 4970//2650 4982//2650 4971//2650
f 4787//2651 4972//2651 4961//2651
f 4977//2652 4792//2652 4978//2652
f 4983//2653 4975//2653 4974//2653
f 4981//2654 4986//2654 4982//2654
f 4787//2655 4788//2655 4972//2655
f 4978//2656 4793//2656 4979//2656
f 4790//2657 4976//2657 4975//2657
f 4982//2658 4986//2658 4795//2658
f 4972//2659 4789//2659 4973//2659
f 4979//2660 4794//2660 4980//2660
f 4791//2661 4977//2661 4976//2661
f 4789//2662 4974//2662 4973//2662
f 4794//2663 4981//2663 4980//2663
f 4998//2664 4990//2664 5183//2664
f 5005//2665 5186//2665 5185//2665
f 4987//2666 4996//2666 4988//2666
f 4992//2667 5003//2667 4993//2667
f 4999//2668 4991//2668 4990//2668
f 5186//2669 5006//2669 4995//2669
f 4988//2670 4997//2670 4989//2670
f 5003//2671 4994//2671 4993//2671
f 4991//2672 5001//2672 5184//2672
f 4989//2673 4998//2673 5183//2673
f 4994//2674 5005//2674 5185//2674
f 5001//2675 4992//2675 5184//2675
f 5003//2676 5015//2676 5004//2676
f 5000//2677 5012//2677 5001//2677
f 5008//2678 4998//2678 4997//2678
f 5015//2679 5005//2679 5004//2679
f 5012//2680 5002//2680 5001//2680
f 5009//2681 4999//2681 4998//2681
f 5016//2682 5006//2682 5005//2682
f 4987//2683 5007//2683 4996//2683
f 5013//2684 5003//2684 5002//2684
f 4999//2685 5011//2685 5000//2685
f 5006//2686 5017//2686 4995//2686
f 5007//2687 4997//2687 4996//2687
f 4987//2688 5018//2688 5007//2688
f 5013//2689 5025//2689 5014//2689
f 5021//2690 5011//2690 5010//2690
f 5017//2691 5028//2691 4995//2691
f 5018//2692 5008//2692 5007//2692
f 5014//2693 5026//2693 5015//2693
f 5022//2694 5012//2694 5011//2694
f 5008//2695 5020//2695 5009//2695
f 5015//2696 5027//2696 5016//2696
f 5023//2697 5013//2697 5012//2697
f 5020//2698 5010//2698 5009//2698
f 5016//2699 5028//2699 5017//2699
f 5037//2700 5027//2700 5026//2700
f 5023//2701 5035//2701 5024//2701
f 5020//2702 5032//2702 5021//2702
f 5027//2703 5039//2703 5028//2703
f 4987//2704 5029//2704 5018//2704
f 5024//2705 5036//2705 5025//2705
f 5021//2706 5033//2706 5022//2706
f 5028//2707 5039//2707 4995//2707
f 5029//2708 5019//2708 5018//2708
f 5025//2709 5037//2709 5026//2709
f 5033//2710 5023//2710 5022//2710
f 5030//2711 5020//2711 5019//2711
f 5040//2712 5030//2712 5029//2712
f 5047//2713 5037//2713 5036//2713
f 5044//2714 5034//2714 5033//2714
f 5041//2715 5031//2715 5030//2715
f 5037//2716 5049//2716 5038//2716
f 5034//2717 5046//2717 5035//2717
f 5031//2718 5043//2718 5032//2718
f 5049//2719 5039//2719 5038//2719
f 4987//2720 5040//2720 5029//2720
f 5035//2721 5047//2721 5036//2721
f 5043//2722 5033//2722 5032//2722
f 5039//2723 5050//2723 4995//2723
f 5049//2724 5061//2724 5050//2724
f 4987//2725 5051//2725 5040//2725
f 5057//2726 5047//2726 5046//2726
f 5043//2727 5055//2727 5044//2727
f 5050//2728 5061//2728 4995//2728
f 5040//2729 5052//2729 5041//2729
f 5058//2730 5048//2730 5047//2730
f 5044//2731 5056//2731 5045//2731
f 5052//2732 5042//2732 5041//2732
f 5048//2733 5060//2733 5049//2733
f 5045//2734 5057//2734 5046//2734
f 5053//2735 5043//2735 5042//2735
f 5063//2736 5053//2736 5052//2736
f 5070//2737 5060//2737 5059//2737
f 5067//2738 5057//2738 5056//2738
f 5064//2739 5054//2739 5053//2739
f 5060//2740 5072//2740 5061//2740
f 4987//2741 5062//2741 5051//2741
f 5068//2742 5058//2742 5057//2742
f 5065//2743 5055//2743 5054//2743
f 5061//2744 5072//2744 4995//2744
f 5062//2745 5052//2745 5051//2745
f 5069//2746 5059//2746 5058//2746
f 5055//2747 5067//2747 5056//2747
f 5072//2748 5083//2748 4995//2748
f 5062//2749 5074//2749 5063//2749
f 5069//2750 5081//2750 5070//2750
f 5077//2751 5067//2751 5066//2751
f 5063//2752 5075//2752 5064//2752
f 5070//2753 5082//2753 5071//2753
f 5067//2754 5079//2754 5068//2754
f 5064//2755 5076//2755 5065//2755
f 5082//2756 5072//2756 5071//2756
f 4987//2757 5073//2757 5062//2757
f 5079//2758 5069//2758 5068//2758
f 5065//2759 5077//2759 5066//2759
f 5086//2760 5076//2760 5075//2760
f 5093//2761 5083//2761 5082//2761
f 4987//2762 5084//2762 5073//2762
f 5079//2763 5091//2763 5080//2763
f 5076//2764 5088//2764 5077//2764
f 5083//2765 5094//2765 4995//2765
f 5073//2766 5085//2766 5074//2766
f 5080//2767 5092//2767 5081//2767
f 5088//2768 5078//2768 5077//2768
f 5085//2769 5075//2769 5074//2769
f 5081//2770 5093//2770 5082//2770
f 5078//2771 5090//2771 5079//2771
f 5096//2772 5086//2772 5085//2772
f 5092//2773 5104//2773 5093//2773
f 5100//2774 5090//2774 5089//2774
f 5097//2775 5087//2775 5086//2775
f 5093//2776 5105//2776 5094//2776
f 4987//2777 5095//2777 5084//2777
f 5090//2778 5102//2778 5091//2778
f 5087//2779 5099//2779 5088//2779
f 5094//2780 5105//2780 4995//2780
f 5095//2781 5085//2781 5084//2781
f 5102//2782 5092//2782 5091//2782
f 5088//2783 5100//2783 5089//2783
f 5109//2784 5099//2784 5098//2784
f 5105//2785 5116//2785 4995//2785
f 5106//2786 5096//2786 5095//2786
f 5102//2787 5114//2787 5103//2787
f 5099//2788 5111//2788 5100//2788
f 5096//2789 5108//2789 5097//2789
f 5103//2790 5115//2790 5104//2790
f 5111//2791 5101//2791 5100//2791
f 5097//2792 5109//2792 5098//2792
f 5104//2793 5116//2793 5105//2793
f 4987//2794 5106//2794 5095//2794
f 5112//2795 5102//2795 5101//2795
f 5108//2796 5120//2796 5109//2796
f 5126//2797 5116//2797 5115//2797
f 4987//2798 5117//2798 5106//2798
f 5123//2799 5113//2799 5112//2799
f 5109//2800 5121//2800 5110//2800
f 5116//2801 5127//2801 4995//2801
f 5106//2802 5118//2802 5107//2802
f 5124//2803 5114//2803 5113//2803
f 5110//2804 5122//2804 5111//2804
f 5118//2805 5108//2805 5107//2805
f 5125//2806 5115//2806 5114//2806
f 5122//2807 5112//2807 5111//2807
f 5132//2808 5122//2808 5121//2808
f 5129//2809 5119//2809 5118//2809
f 5136//2810 5126//2810 5125//2810
f 5133//2811 5123//2811 5122//2811
f 5130//2812 5120//2812 5119//2812
f 5137//2813 5127//2813 5126//2813
f 4987//2814 5128//2814 5117//2814
f 5123//2815 5135//2815 5124//2815
f 5131//2816 5121//2816 5120//2816
f 5127//2817 5138//2817 4995//2817
f 5117//2818 5129//2818 5118//2818
f 5124//2819 5136//2819 5125//2819
f 5131//2820 5143//2820 5132//2820
f 5138//2821 5149//2821 4995//2821
f 5139//2822 5129//2822 5128//2822
f 5146//2823 5136//2823 5135//2823
f 5132//2824 5144//2824 5133//2824
f 5129//2825 5141//2825 5130//2825
f 5147//2826 5137//2826 5136//2826
f 5144//2827 5134//2827 5133//2827
f 5141//2828 5131//2828 5130//2828
f 5137//2829 5149//2829 5138//2829
f 4987//2830 5139//2830 5128//2830
f 5145//2831 5135//2831 5134//2831
f 5144//2832 5156//2832 5145//2832
f 5152//2833 5142//2833 5141//2833
f 5159//2834 5149//2834 5148//2834
f 4987//2835 5150//2835 5139//2835
f 5145//2836 5157//2836 5146//2836
f 5142//2837 5154//2837 5143//2837
f 5149//2838 5160//2838 4995//2838
f 5150//2839 5140//2839 5139//2839
f 5146//2840 5158//2840 5147//2840
f 5143//2841 5155//2841 5144//2841
f 5140//2842 5152//2842 5141//2842
f 5158//2843 5148//2843 5147//2843
f 5165//2844 5155//2844 5154//2844
f 5162//2845 5152//2845 5151//2845
f 5158//2846 5170//2846 5159//2846
f 5155//2847 5167//2847 5156//2847
f 5163//2848 5153//2848 5152//2848
f 5170//2849 5160//2849 5159//2849
f 4987//2850 5161//2850 5150//2850
f 5167//2851 5157//2851 5156//2851
f 5164//2852 5154//2852 5153//2852
f 5160//2853 5171//2853 4995//2853
f 5150//2854 5162//2854 5151//2854
f 5157//2855 5169//2855 5158//2855
f 5178//2856 5168//2856 5167//2856
f 5164//2857 5176//2857 5165//2857
f 5171//2858 5182//2858 4995//2858
f 5172//2859 5162//2859 5161//2859
f 5179//2860 5169//2860 5168//2860
f 5176//2861 5166//2861 5165//2861
f 5173//2862 5163//2862 5162//2862
f 5180//2863 5170//2863 5169//2863
f 5177//2864 5167//2864 5166//2864
f 5174//2865 5164//2865 5163//2865
f 5170//2866 5182//2866 5171//2866
f 4987//2867 5172//2867 5161//2867
f 5177//2868 4992//2868 5178//2868
f 5174//2869 4990//2869 5175//2869
f 5185//2870 5182//2870 5181//2870
f 4987//2871 4988//2871 5172//2871
f 5178//2872 4993//2872 5179//2872
f 4990//2873 5176//2873 5175//2873
f 5182//2874 5186//2874 4995//2874
f 5172//2875 4989//2875 5173//2875
f 5179//2876 4994//2876 5180//2876
f 5176//2877 5184//2877 5177//2877
f 4989//2878 5174//2878 5173//2878
f 5180//2879 5185//2879 5181//2879
f 5198//2880 5190//2880 5383//2880
f 5205//2881 5386//2881 5385//2881
f 5187//2882 5196//2882 5188//2882
f 5202//2883 5193//2883 5192//2883
f 5199//2884 5191//2884 5190//2884
f 5386//2885 5206//2885 5195//2885
f 5196//2886 5189//2886 5188//2886
f 5193//2887 5204//2887 5194//2887
f 5191//2888 5201//2888 5384//2888
f 5197//2889 5383//2889 5189//2889
f 5194//2890 5205//2890 5385//2890
f 5201//2891 5192//2891 5384//2891
f 5203//2892 5215//2892 5204//2892
f 5211//2893 5201//2893 5200//2893
f 5197//2894 5209//2894 5198//2894
f 5204//2895 5216//2895 5205//2895
f 5212//2896 5202//2896 5201//2896
f 5209//2897 5199//2897 5198//2897
f 5205//2898 5217//2898 5206//2898
f 5187//2899 5207//2899 5196//2899
f 5202//2900 5214//2900 5203//2900
f 5199//2901 5211//2901 5200//2901
f 5206//2902 5217//2902 5195//2902
f 5207//2903 5197//2903 5196//2903
f 5187//2904 5218//2904 5207//2904
f 5213//2905 5225//2905 5214//2905
f 5210//2906 5222//2906 5211//2906
f 5217//2907 5228//2907 5195//2907
f 5218//2908 5208//2908 5207//2908
f 5225//2909 5215//2909 5214//2909
f 5222//2910 5212//2910 5211//2910
f 5219//2911 5209//2911 5208//2911
f 5215//2912 5227//2912 5216//2912
f 5212//2913 5224//2913 5213//2913
f 5209//2914 5221//2914 5210//2914
f 5227//2915 5217//2915 5216//2915
f 5237//2916 5227//2916 5226//2916
f 5223//2917 5235//2917 5224//2917
f 5231//2918 5221//2918 5220//2918
f 5238//2919 5228//2919 5227//2919
f 5187//2920 5229//2920 5218//2920
f 5224//2921 5236//2921 5225//2921
f 5232//2922 5222//2922 5221//2922
f 5228//2923 5239//2923 5195//2923
f 5229//2924 5219//2924 5218//2924
f 5225//2925 5237//2925 5226//2925
f 5222//2926 5234//2926 5223//2926
f 5219//2927 5231//2927 5220//2927
f 5229//2928 5241//2928 5230//2928
f 5247//2929 5237//2929 5236//2929
f 5233//2930 5245//2930 5234//2930
f 5241//2931 5231//2931 5230//2931
f 5248//2932 5238//2932 5237//2932
f 5234//2933 5246//2933 5235//2933
f 5242//2934 5232//2934 5231//2934
f 5249//2935 5239//2935 5238//2935
f 5187//2936 5240//2936 5229//2936
f 5246//2937 5236//2937 5235//2937
f 5232//2938 5244//2938 5233//2938
f 5239//2939 5250//2939 5195//2939
f 5249//2940 5261//2940 5250//2940
f 5187//2941 5251//2941 5240//2941
f 5257//2942 5247//2942 5246//2942
f 5254//2943 5244//2943 5243//2943
f 5250//2944 5261//2944 5195//2944
f 5240//2945 5252//2945 5241//2945
f 5247//2946 5259//2946 5248//2946
f 5244//2947 5256//2947 5245//2947
f 5252//2948 5242//2948 5241//2948
f 5248//2949 5260//2949 5249//2949
f 5256//2950 5246//2950 5245//2950
f 5253//2951 5243//2951 5242//2951
f 5252//2952 5264//2952 5253//2952
f 5259//2953 5271//2953 5260//2953
f 5267//2954 5257//2954 5256//2954
f 5264//2955 5254//2955 5253//2955
f 5271//2956 5261//2956 5260//2956
f 5187//2957 5262//2957 5251//2957
f 5268//2958 5258//2958 5257//2958
f 5254//2959 5266//2959 5255//2959
f 5261//2960 5272//2960 5195//2960
f 5262//2961 5252//2961 5251//2961
f 5258//2962 5270//2962 5259//2962
f 5266//2963 5256//2963 5255//2963
f 5272//2964 5283//2964 5195//2964
f 5262//2965 5274//2965 5263//2965
f 5280//2966 5270//2966 5269//2966
f 5277//2967 5267//2967 5266//2967
f 5274//2968 5264//2968 5263//2968
f 5270//2969 5282//2969 5271//2969
f 5267//2970 5279//2970 5268//2970
f 5264//2971 5276//2971 5265//2971
f 5282//2972 5272//2972 5271//2972
f 5187//2973 5273//2973 5262//2973
f 5279//2974 5269//2974 5268//2974
f 5276//2975 5266//2975 5265//2975
f 5286//2976 5276//2976 5275//2976
f 5282//2977 5294//2977 5283//2977
f 5187//2978 5284//2978 5273//2978
f 5279//2979 5291//2979 5280//2979
f 5276//2980 5288//2980 5277//2980
f 5283//2981 5294//2981 5195//2981
f 5273//2982 5285//2982 5274//2982
f 5291//2983 5281//2983 5280//2983
f 5288//2984 5278//2984 5277//2984
f 5285//2985 5275//2985 5274//2985
f 5281//2986 5293//2986 5282//2986
f 5278//2987 5290//2987 5279//2987
f 5296//2988 5286//2988 5285//2988
f 5292//2989 5304//2989 5293//2989
f 5289//2990 5301//2990 5290//2990
f 5297//2991 5287//2991 5286//2991
f 5304//2992 5294//2992 5293//2992
f 5187//2993 5295//2993 5284//2993
f 5290//2994 5302//2994 5291//2994
f 5298//2995 5288//2995 5287//2995
f 5294//2996 5305//2996 5195//2996
f 5295//2997 5285//2997 5284//2997
f 5302//2998 5292//2998 5291//2998
f 5299//2999 5289//2999 5288//2999
f 5309//3000 5299//3000 5298//3000
f 5305//3001 5316//3001 5195//3001
f 5306//3002 5296//3002 5295//3002
f 5313//3003 5303//3003 5302//3003
f 5299//3004 5311//3004 5300//3004
f 5307//3005 5297//3005 5296//3005
f 5303//3006 5315//3006 5304//3006
f 5311//3007 5301//3007 5300//3007
f 5297//3008 5309//3008 5298//3008
f 5315//3009 5305//3009 5304//3009
f 5187//3010 5306//3010 5295//3010
f 5312//3011 5302//3011 5301//3011
f 5319//3012 5309//3012 5308//3012
f 5326//3013 5316//3013 5315//3013
f 5187//3014 5317//3014 5306//3014
f 5312//3015 5324//3015 5313//3015
f 5320//3016 5310//3016 5309//3016
f 5316//3017 5327//3017 5195//3017
f 5317//3018 5307//3018 5306//3018
f 5313//3019 5325//3019 5314//3019
f 5321//3020 5311//3020 5310//3020
f 5318//3021 5308//3021 5307//3021
f 5325//3022 5315//3022 5314//3022
f 5311//3023 5323//3023 5312//3023
f 5321//3024 5333//3024 5322//3024
f 5329//3025 5319//3025 5318//3025
f 5336//3026 5326//3026 5325//3026
f 5333//3027 5323//3027 5322//3027
f 5330//3028 5320//3028 5319//3028
f 5326//3029 5338//3029 5327//3029
f 5187//3030 5328//3030 5317//3030
f 5334//3031 5324//3031 5323//3031
f 5320//3032 5332//3032 5321//3032
f 5327//3033 5338//3033 5195//3033
f 5328//3034 5318//3034 5317//3034
f 5335//3035 5325//3035 5324//3035
f 5342//3036 5332//3036 5331//3036
f 5338//3037 5349//3037 5195//3037
f 5339//3038 5329//3038 5328//3038
f 5335//3039 5347//3039 5336//3039
f 5343//3040 5333//3040 5332//3040
f 5340//3041 5330//3041 5329//3041
f 5347//3042 5337//3042 5336//3042
f 5344//3043 5334//3043 5333//3043
f 5330//3044 5342//3044 5331//3044
f 5337//3045 5349//3045 5338//3045
f 5187//3046 5339//3046 5328//3046
f 5345//3047 5335//3047 5334//3047
f 5344//3048 5356//3048 5345//3048
f 5352//3049 5342//3049 5341//3049
f 5348//3050 5360//3050 5349//3050
f 5187//3051 5350//3051 5339//3051
f 5356//3052 5346//3052 5345//3052
f 5353//3053 5343//3053 5342//3053
f 5349//3054 5360//3054 5195//3054
f 5339//3055 5351//3055 5340//3055
f 5346//3056 5358//3056 5347//3056
f 5354//3057 5344//3057 5343//3057
f 5351//3058 5341//3058 5340//3058
f 5358//3059 5348//3059 5347//3059
f 5365//3060 5355//3060 5354//3060
f 5362//3061 5352//3061 5351//3061
f 5369//3062 5359//3062 5358//3062
f 5355//3063 5367//3063 5356//3063
f 5363//3064 5353//3064 5352//3064
f 5359//3065 5371//3065 5360//3065
f 5187//3066 5361//3066 5350//3066
f 5367//3067 5357//3067 5356//3067
f 5353//3068 5365//3068 5354//3068
f 5360//3069 5371//3069 5195//3069
f 5361//3070 5351//3070 5350//3070
f 5357//3071 5369//3071 5358//3071
f 5378//3072 5368//3072 5367//3072
f 5375//3073 5365//3073 5364//3073
f 5371//3074 5382//3074 5195//3074
f 5361//3075 5373//3075 5362//3075
f 5368//3076 5380//3076 5369//3076
f 5376//3077 5366//3077 5365//3077
f 5362//3078 5374//3078 5363//3078
f 5380//3079 5370//3079 5369//3079
f 5366//3080 5378//3080 5367//3080
f 5363//3081 5375//3081 5364//3081
f 5381//3082 5371//3082 5370//3082
f 5187//3083 5372//3083 5361//3083
f 5384//3084 5378//3084 5377//3084
f 5383//3085 5375//3085 5374//3085
f 5385//3086 5382//3086 5381//3086
f 5187//3087 5188//3087 5372//3087
f 5192//3088 5379//3088 5378//3088
f 5190//3089 5376//3089 5375//3089
f 5382//3090 5386//3090 5195//3090
f 5372//3091 5189//3091 5373//3091
f 5379//3092 5194//3092 5380//3092
f 5191//3093 5377//3093 5376//3093
f 5189//3094 5374//3094 5373//3094
f 5380//3095 5385//3095 5381//3095
f 5398//3096 5390//3096 5583//3096
f 5585//3097 5406//3097 5586//3097
f 5387//3098 5396//3098 5388//3098
f 5402//3099 5393//3099 5392//3099
f 5399//3100 5391//3100 5390//3100
f 5586//3101 5406//3101 5395//3101
f 5388//3102 5397//3102 5389//3102
f 5393//3103 5404//3103 5394//3103
f 5391//3104 5401//3104 5584//3104
f 5397//3105 5583//3105 5389//3105
f 5404//3106 5585//3106 5394//3106
f 5401//3107 5392//3107 5584//3107
f 5403//3108 5415//3108 5404//3108
f 5411//3109 5401//3109 5400//3109
f 5397//3110 5409//3110 5398//3110
f 5404//3111 5416//3111 5405//3111
f 5401//3112 5413//3112 5402//3112
f 5409//3113 5399//3113 5398//3113
f 5405//3114 5417//3114 5406//3114
f 5387//3115 5407//3115 5396//3115
f 5402//3116 5414//3116 5403//3116
f 5399//3117 5411//3117 5400//3117
f 5406//3118 5417//3118 5395//3118
f 5396//3119 5408//3119 5397//3119
f 5387//3120 5418//3120 5407//3120
f 5424//3121 5414//3121 5413//3121
f 5421//3122 5411//3122 5410//3122
f 5417//3123 5428//3123 5395//3123
f 5418//3124 5408//3124 5407//3124
f 5414//3125 5426//3125 5415//3125
f 5422//3126 5412//3126 5411//3126
f 5419//3127 5409//3127 5408//3127
f 5426//3128 5416//3128 5415//3128
f 5412//3129 5424//3129 5413//3129
f 5409//3130 5421//3130 5410//3130
f 5427//3131 5417//3131 5416//3131
f 5437//3132 5427//3132 5426//3132
f 5434//3133 5424//3133 5423//3133
f 5431//3134 5421//3134 5420//3134
f 5438//3135 5428//3135 5427//3135
f 5387//3136 5429//3136 5418//3136
f 5424//3137 5436//3137 5425//3137
f 5432//3138 5422//3138 5421//3138
f 5428//3139 5439//3139 5395//3139
f 5429//3140 5419//3140 5418//3140
f 5425//3141 5437//3141 5426//3141
f 5433//3142 5423//3142 5422//3142
f 5430//3143 5420//3143 5419//3143
f 5440//3144 5430//3144 5429//3144
f 5436//3145 5448//3145 5437//3145
f 5433//3146 5445//3146 5434//3146
f 5441//3147 5431//3147 5430//3147
f 5437//3148 5449//3148 5438//3148
f 5445//3149 5435//3149 5434//3149
f 5431//3150 5443//3150 5432//3150
f 5438//3151 5450//3151 5439//3151
f 5387//3152 5440//3152 5429//3152
f 5446//3153 5436//3153 5435//3153
f 5432//3154 5444//3154 5433//3154
f 5439//3155 5450//3155 5395//3155
f 5460//3156 5450//3156 5449//3156
f 5387//3157 5451//3157 5440//3157
f 5446//3158 5458//3158 5447//3158
f 5454//3159 5444//3159 5443//3159
f 5450//3160 5461//3160 5395//3160
f 5440//3161 5452//3161 5441//3161
f 5458//3162 5448//3162 5447//3162
f 5444//3163 5456//3163 5445//3163
f 5441//3164 5453//3164 5442//3164
f 5459//3165 5449//3165 5448//3165
f 5445//3166 5457//3166 5446//3166
f 5453//3167 5443//3167 5442//3167
f 5463//3168 5453//3168 5452//3168
f 5459//3169 5471//3169 5460//3169
f 5456//3170 5468//3170 5457//3170
f 5464//3171 5454//3171 5453//3171
f 5460//3172 5472//3172 5461//3172
f 5387//3173 5462//3173 5451//3173
f 5468//3174 5458//3174 5457//3174
f 5465//3175 5455//3175 5454//3175
f 5461//3176 5472//3176 5395//3176
f 5451//3177 5463//3177 5452//3177
f 5458//3178 5470//3178 5459//3178
f 5455//3179 5467//3179 5456//3179
f 5472//3180 5483//3180 5395//3180
f 5473//3181 5463//3181 5462//3181
f 5469//3182 5481//3182 5470//3182
f 5477//3183 5467//3183 5466//3183
f 5463//3184 5475//3184 5464//3184
f 5481//3185 5471//3185 5470//3185
f 5478//3186 5468//3186 5467//3186
f 5475//3187 5465//3187 5464//3187
f 5482//3188 5472//3188 5471//3188
f 5387//3189 5473//3189 5462//3189
f 5479//3190 5469//3190 5468//3190
f 5476//3191 5466//3191 5465//3191
f 5486//3192 5476//3192 5475//3192
f 5493//3193 5483//3193 5482//3193
f 5387//3194 5484//3194 5473//3194
f 5490//3195 5480//3195 5479//3195
f 5476//3196 5488//3196 5477//3196
f 5483//3197 5494//3197 5395//3197
f 5484//3198 5474//3198 5473//3198
f 5491//3199 5481//3199 5480//3199
f 5488//3200 5478//3200 5477//3200
f 5474//3201 5486//3201 5475//3201
f 5492//3202 5482//3202 5481//3202
f 5478//3203 5490//3203 5479//3203
f 5485//3204 5497//3204 5486//3204
f 5503//3205 5493//3205 5492//3205
f 5489//3206 5501//3206 5490//3206
f 5486//3207 5498//3207 5487//3207
f 5504//3208 5494//3208 5493//3208
f 5387//3209 5495//3209 5484//3209
f 5490//3210 5502//3210 5491//3210
f 5487//3211 5499//3211 5488//3211
f 5494//3212 5505//3212 5395//3212
f 5495//3213 5485//3213 5484//3213
f 5502//3214 5492//3214 5491//3214
f 5488//3215 5500//3215 5489//3215
f 5509//3216 5499//3216 5498//3216
f 5505//3217 5516//3217 5395//3217
f 5506//3218 5496//3218 5495//3218
f 5502//3219 5514//3219 5503//3219
f 5499//3220 5511//3220 5500//3220
f 5507//3221 5497//3221 5496//3221
f 5503//3222 5515//3222 5504//3222
f 5500//3223 5512//3223 5501//3223
f 5508//3224 5498//3224 5497//3224
f 5515//3225 5505//3225 5504//3225
f 5387//3226 5506//3226 5495//3226
f 5501//3227 5513//3227 5502//3227
f 5508//3228 5520//3228 5509//3228
f 5526//3229 5516//3229 5515//3229
f 5387//3230 5517//3230 5506//3230
f 5523//3231 5513//3231 5512//3231
f 5509//3232 5521//3232 5510//3232
f 5516//3233 5527//3233 5395//3233
f 5506//3234 5518//3234 5507//3234
f 5513//3235 5525//3235 5514//3235
f 5510//3236 5522//3236 5511//3236
f 5518//3237 5508//3237 5507//3237
f 5514//3238 5526//3238 5515//3238
f 5511//3239 5523//3239 5512//3239
f 5532//3240 5522//3240 5521//3240
f 5529//3241 5519//3241 5518//3241
f 5525//3242 5537//3242 5526//3242
f 5522//3243 5534//3243 5523//3243
f 5530//3244 5520//3244 5519//3244
f 5526//3245 5538//3245 5527//3245
f 5387//3246 5528//3246 5517//3246
f 5534//3247 5524//3247 5523//3247
f 5520//3248 5532//3248 5521//3248
f 5527//3249 5538//3249 5395//3249
f 5517//3250 5529//3250 5518//3250
f 5524//3251 5536//3251 5525//3251
f 5531//3252 5543//3252 5532//3252
f 5538//3253 5549//3253 5395//3253
f 5539//3254 5529//3254 5528//3254
f 5535//3255 5547//3255 5536//3255
f 5543//3256 5533//3256 5532//3256
f 5529//3257 5541//3257 5530//3257
f 5547//3258 5537//3258 5536//3258
f 5544//3259 5534//3259 5533//3259
f 5530//3260 5542//3260 5531//3260
f 5537//3261 5549//3261 5538//3261
f 5387//3262 5539//3262 5528//3262
f 5534//3263 5546//3263 5535//3263
f 5555//3264 5545//3264 5544//3264
f 5552//3265 5542//3265 5541//3265
f 5559//3266 5549//3266 5548//3266
f 5387//3267 5550//3267 5539//3267
f 5545//3268 5557//3268 5546//3268
f 5553//3269 5543//3269 5542//3269
f 5549//3270 5560//3270 5395//3270
f 5550//3271 5540//3271 5539//3271
f 5557//3272 5547//3272 5546//3272
f 5554//3273 5544//3273 5543//3273
f 5551//3274 5541//3274 5540//3274
f 5558//3275 5548//3275 5547//3275
f 5554//3276 5566//3276 5555//3276
f 5562//3277 5552//3277 5551//3277
f 5569//3278 5559//3278 5558//3278
f 5566//3279 5556//3279 5555//3279
f 5563//3280 5553//3280 5552//3280
f 5570//3281 5560//3281 5559//3281
f 5387//3282 5561//3282 5550//3282
f 5567//3283 5557//3283 5556//3283
f 5553//3284 5565//3284 5554//3284
f 5560//3285 5571//3285 5395//3285
f 5550//3286 5562//3286 5551//3286
f 5557//3287 5569//3287 5558//3287
f 5567//3288 5579//3288 5568//3288
f 5575//3289 5565//3289 5564//3289
f 5571//3290 5582//3290 5395//3290
f 5572//3291 5562//3291 5561//3291
f 5568//3292 5580//3292 5569//3292
f 5576//3293 5566//3293 5565//3293
f 5573//3294 5563//3294 5562//3294
f 5580//3295 5570//3295 5569//3295
f 5577//3296 5567//3296 5566//3296
f 5563//3297 5575//3297 5564//3297
f 5570//3298 5582//3298 5571//3298
f 5387//3299 5572//3299 5561//3299
f 5577//3300 5392//3300 5578//3300
f 5583//3301 5575//3301 5574//3301
f 5581//3302 5586//3302 5582//3302
f 5387//3303 5388//3303 5572//3303
f 5392//3304 5579//3304 5578//3304
f 5390//3305 5576//3305 5575//3305
f 5582//3306 5586//3306 5395//3306
f 5572//3307 5389//3307 5573//3307
f 5579//3308 5394//3308 5580//3308
f 5576//3309 5584//3309 5577//3309
f 5573//3310 5583//3310 5574//3310
f 5580//3311 5585//3311 5581//3311
f 5598//3201 5590//3201 5783//3201
f 5785//3312 5606//3312 5786//3312
f 5587//3313 5596//3313 5588//3313
f 5602//3314 5593//3314 5592//3314
f 5590//3315 5600//3315 5591//3315
f 5786//3316 5606//3316 5595//3316
f 5596//3317 5589//3317 5588//3317
f 5603//3318 5594//3318 5593//3318
f 5600//3319 5784//3319 5591//3319
f 5589//3192 5598//3192 5783//3192
f 5604//3320 5785//3320 5594//3320
f 5601//3321 5592//3321 5784//3321
f 5603//3322 5615//3322 5604//3322
f 5600//3323 5612//3323 5601//3323
f 5608//3324 5598//3324 5597//3324
f 5615//3325 5605//3325 5604//3325
f 5612//3326 5602//3326 5601//3326
f 5609//3327 5599//3327 5598//3327
f 5605//3328 5617//3328 5606//3328
f 5587//3329 5607//3329 5596//3329
f 5613//3330 5603//3330 5602//3330
f 5610//3331 5600//3331 5599//3331
f 5606//3332 5617//3332 5595//3332
f 5607//3333 5597//3333 5596//3333
f 5587//3334 5618//3334 5607//3334
f 5624//3335 5614//3335 5613//3335
f 5621//3336 5611//3336 5610//3336
f 5617//3337 5628//3337 5595//3337
f 5618//3338 5608//3338 5607//3338
f 5614//3339 5626//3339 5615//3339
f 5622//3340 5612//3340 5611//3340
f 5608//3341 5620//3341 5609//3341
f 5626//3342 5616//3342 5615//3342
f 5623//3343 5613//3343 5612//3343
f 5609//3344 5621//3344 5610//3344
f 5627//3345 5617//3345 5616//3345
f 5637//3346 5627//3346 5626//3346
f 5634//3347 5624//3347 5623//3347
f 5631//3348 5621//3348 5620//3348
f 5627//3349 5639//3349 5628//3349
f 5587//3350 5629//3350 5618//3350
f 5624//3351 5636//3351 5625//3351
f 5632//3352 5622//3352 5621//3352
f 5628//3353 5639//3353 5595//3353
f 5629//3354 5619//3354 5618//3354
f 5625//3355 5637//3355 5626//3355
f 5633//3356 5623//3356 5622//3356
f 5619//3357 5631//3357 5620//3357
f 5640//3358 5630//3358 5629//3358
f 5647//3359 5637//3359 5636//3359
f 5633//3360 5645//3360 5634//3360
f 5641//3361 5631//3361 5630//3361
f 5648//3362 5638//3362 5637//3362
f 5645//3363 5635//3363 5634//3363
f 5631//3364 5643//3364 5632//3364
f 5638//3365 5650//3365 5639//3365
f 5587//3366 5640//3366 5629//3366
f 5646//3367 5636//3367 5635//3367
f 5643//3368 5633//3368 5632//3368
f 5639//3369 5650//3369 5595//3369
f 5660//3370 5650//3370 5649//3370
f 5587//3371 5651//3371 5640//3371
f 5657//3372 5647//3372 5646//3372
f 5643//3373 5655//3373 5644//3373
f 5650//3374 5661//3374 5595//3374
f 5651//3375 5641//3375 5640//3375
f 5647//3376 5659//3376 5648//3376
f 5655//3377 5645//3377 5644//3377
f 5652//3378 5642//3378 5641//3378
f 5648//3379 5660//3379 5649//3379
f 5656//3380 5646//3380 5645//3380
f 5642//3381 5654//3381 5643//3381
f 5663//3382 5653//3382 5652//3382
f 5659//3383 5671//3383 5660//3383
f 5656//3384 5668//3384 5657//3384
f 5664//3385 5654//3385 5653//3385
f 5671//3386 5661//3386 5660//3386
f 5587//3387 5662//3387 5651//3387
f 5668//3388 5658//3388 5657//3388
f 5665//3389 5655//3389 5654//3389
f 5661//3390 5672//3390 5595//3390
f 5651//3391 5663//3391 5652//3391
f 5658//3392 5670//3392 5659//3392
f 5655//3393 5667//3393 5656//3393
f 5672//3394 5683//3394 5595//3394
f 5662//3395 5674//3395 5663//3395
f 5669//3396 5681//3396 5670//3396
f 5666//3397 5678//3397 5667//3397
f 5674//3398 5664//3398 5663//3398
f 5670//3399 5682//3399 5671//3399
f 5667//3400 5679//3400 5668//3400
f 5664//3401 5676//3401 5665//3401
f 5671//3402 5683//3402 5672//3402
f 5587//3403 5673//3403 5662//3403
f 5679//3404 5669//3404 5668//3404
f 5676//3405 5666//3405 5665//3405
f 5675//3105 5687//3105 5676//3105
f 5693//3406 5683//3406 5682//3406
f 5587//3407 5684//3407 5673//3407
f 5690//3408 5680//3408 5679//3408
f 5676//3409 5688//3409 5677//3409
f 5683//3410 5694//3410 5595//3410
f 5684//3411 5674//3411 5673//3411
f 5691//3412 5681//3412 5680//3412
f 5677//3413 5689//3413 5678//3413
f 5685//3096 5675//3096 5674//3096
f 5692//3414 5682//3414 5681//3414
f 5689//3415 5679//3415 5678//3415
f 5696//3416 5686//3416 5685//3416
f 5692//3417 5704//3417 5693//3417
f 5700//3418 5690//3418 5689//3418
f 5697//3419 5687//3419 5686//3419
f 5704//3420 5694//3420 5693//3420
f 5587//3421 5695//3421 5684//3421
f 5690//3422 5702//3422 5691//3422
f 5687//3423 5699//3423 5688//3423
f 5694//3424 5705//3424 5595//3424
f 5695//3425 5685//3425 5684//3425
f 5691//3426 5703//3426 5692//3426
f 5699//3427 5689//3427 5688//3427
f 5709//3428 5699//3428 5698//3428
f 5705//3429 5716//3429 5595//3429
f 5706//3430 5696//3430 5695//3430
f 5713//3431 5703//3431 5702//3431
f 5699//3432 5711//3432 5700//3432
f 5707//3433 5697//3433 5696//3433
f 5714//3434 5704//3434 5703//3434
f 5711//3435 5701//3435 5700//3435
f 5708//3436 5698//3436 5697//3436
f 5704//3437 5716//3437 5705//3437
f 5587//3438 5706//3438 5695//3438
f 5701//3439 5713//3439 5702//3439
f 5708//3440 5720//3440 5709//3440
f 5726//3441 5716//3441 5715//3441
f 5587//3442 5717//3442 5706//3442
f 5712//3443 5724//3443 5713//3443
f 5709//3444 5721//3444 5710//3444
f 5716//3445 5727//3445 5595//3445
f 5706//3446 5718//3446 5707//3446
f 5713//3447 5725//3447 5714//3447
f 5710//3448 5722//3448 5711//3448
f 5718//3449 5708//3449 5707//3449
f 5714//3450 5726//3450 5715//3450
f 5722//3451 5712//3451 5711//3451
f 5721//3452 5733//3452 5722//3452
f 5729//3453 5719//3453 5718//3453
f 5736//3454 5726//3454 5725//3454
f 5733//3455 5723//3455 5722//3455
f 5730//3456 5720//3456 5719//3456
f 5726//3457 5738//3457 5727//3457
f 5587//3458 5728//3458 5717//3458
f 5734//3459 5724//3459 5723//3459
f 5720//3460 5732//3460 5721//3460
f 5727//3461 5738//3461 5595//3461
f 5728//3462 5718//3462 5717//3462
f 5735//3463 5725//3463 5724//3463
f 5731//3464 5743//3464 5732//3464
f 5738//3465 5749//3465 5595//3465
f 5739//3466 5729//3466 5728//3466
f 5735//3467 5747//3467 5736//3467
f 5743//3468 5733//3468 5732//3468
f 5740//3469 5730//3469 5729//3469
f 5747//3470 5737//3470 5736//3470
f 5744//3471 5734//3471 5733//3471
f 5730//3472 5742//3472 5731//3472
f 5737//3473 5749//3473 5738//3473
f 5587//3474 5739//3474 5728//3474
f 5734//3475 5746//3475 5735//3475
f 5755//3476 5745//3476 5744//3476
f 5741//3477 5753//3477 5742//3477
f 5748//3478 5760//3478 5749//3478
f 5587//3479 5750//3479 5739//3479
f 5756//3480 5746//3480 5745//3480
f 5742//3481 5754//3481 5743//3481
f 5749//3482 5760//3482 5595//3482
f 5739//3483 5751//3483 5740//3483
f 5746//3484 5758//3484 5747//3484
f 5743//3485 5755//3485 5744//3485
f 5751//3486 5741//3486 5740//3486
f 5747//3487 5759//3487 5748//3487
f 5754//3488 5766//3488 5755//3488
f 5762//3489 5752//3489 5751//3489
f 5758//3490 5770//3490 5759//3490
f 5755//3491 5767//3491 5756//3491
f 5752//3492 5764//3492 5753//3492
f 5770//3493 5760//3493 5759//3493
f 5587//3494 5761//3494 5750//3494
f 5767//3495 5757//3495 5756//3495
f 5764//3496 5754//3496 5753//3496
f 5760//3497 5771//3497 5595//3497
f 5750//3498 5762//3498 5751//3498
f 5768//3499 5758//3499 5757//3499
f 5778//3500 5768//3500 5767//3500
f 5775//3501 5765//3501 5764//3501
f 5771//3502 5782//3502 5595//3502
f 5761//3503 5773//3503 5762//3503
f 5779//3504 5769//3504 5768//3504
f 5776//3505 5766//3505 5765//3505
f 5773//3506 5763//3506 5762//3506
f 5780//3507 5770//3507 5769//3507
f 5777//3508 5767//3508 5766//3508
f 5774//3509 5764//3509 5763//3509
f 5781//3510 5771//3510 5770//3510
f 5587//3511 5772//3511 5761//3511
f 5777//3512 5592//3512 5778//3512
f 5783//3513 5775//3513 5774//3513
f 5785//3514 5782//3514 5781//3514
f 5587//3515 5588//3515 5772//3515
f 5592//3516 5779//3516 5778//3516
f 5590//3517 5776//3517 5775//3517
f 5782//3518 5786//3518 5595//3518
f 5588//3519 5773//3519 5772//3519
f 5779//3520 5594//3520 5780//3520
f 5776//3521 5784//3521 5777//3521
f 5773//3522 5783//3522 5774//3522
f 5594//3523 5781//3523 5780//3523
f 5798//3524 5790//3524 5983//3524
f 5985//3525 5806//3525 5986//3525
f 5787//3526 5796//3526 5788//3526
f 5802//3527 5793//3527 5792//3527
f 5790//3528 5800//3528 5791//3528
f 5986//3529 5806//3529 5795//3529
f 5796//3530 5789//3530 5788//3530
f 5793//3531 5804//3531 5794//3531
f 5800//3532 5984//3532 5791//3532
f 5797//3533 5983//3533 5789//3533
f 5794//3534 5805//3534 5985//3534
f 5801//3535 5792//3535 5984//3535
f 5803//3536 5815//3536 5804//3536
f 5800//3537 5812//3537 5801//3537
f 5797//3538 5809//3538 5798//3538
f 5804//3539 5816//3539 5805//3539
f 5801//3540 5813//3540 5802//3540
f 5809//3541 5799//3541 5798//3541
f 5816//3542 5806//3542 5805//3542
f 5787//3543 5807//3543 5796//3543
f 5802//3544 5814//3544 5803//3544
f 5810//3545 5800//3545 5799//3545
f 5806//3546 5817//3546 5795//3546
f 5807//3547 5797//3547 5796//3547
f 5787//3548 5818//3548 5807//3548
f 5824//3549 5814//3549 5813//3549
f 5821//3550 5811//3550 5810//3550
f 5817//3551 5828//3551 5795//3551
f 5818//3552 5808//3552 5807//3552
f 5814//3553 5826//3553 5815//3553
f 5822//3554 5812//3554 5811//3554
f 5808//3555 5820//3555 5809//3555
f 5815//3556 5827//3556 5816//3556
f 5823//3557 5813//3557 5812//3557
f 5820//3558 5810//3558 5809//3558
f 5827//3559 5817//3559 5816//3559
f 5837//3560 5827//3560 5826//3560
f 5834//3561 5824//3561 5823//3561
f 5831//3562 5821//3562 5820//3562
f 5827//3563 5839//3563 5828//3563
f 5787//3564 5829//3564 5818//3564
f 5835//3565 5825//3565 5824//3565
f 5832//3566 5822//3566 5821//3566
f 5828//3567 5839//3567 5795//3567
f 5829//3568 5819//3568 5818//3568
f 5836//3569 5826//3569 5825//3569
f 5833//3570 5823//3570 5822//3570
f 5830//3571 5820//3571 5819//3571
f 5829//3572 5841//3572 5830//3572
f 5836//3573 5848//3573 5837//3573
f 5833//3574 5845//3574 5834//3574
f 5830//3575 5842//3575 5831//3575
f 5837//3576 5849//3576 5838//3576
f 5834//3577 5846//3577 5835//3577
f 5831//3578 5843//3578 5832//3578
f 5849//3579 5839//3579 5838//3579
f 5787//3580 5840//3580 5829//3580
f 5835//3581 5847//3581 5836//3581
f 5832//3582 5844//3582 5833//3582
f 5839//3583 5850//3583 5795//3583
f 5849//3584 5861//3584 5850//3584
f 5787//3585 5851//3585 5840//3585
f 5857//3586 5847//3586 5846//3586
f 5843//3587 5855//3587 5844//3587
f 5850//3588 5861//3588 5795//3588
f 5840//3589 5852//3589 5841//3589
f 5858//3590 5848//3590 5847//3590
f 5855//3591 5845//3591 5844//3591
f 5852//3592 5842//3592 5841//3592
f 5848//3593 5860//3593 5849//3593
f 5856//3594 5846//3594 5845//3594
f 5853//3595 5843//3595 5842//3595
f 5863//3596 5853//3596 5852//3596
f 5870//3597 5860//3597 5859//3597
f 5856//3598 5868//3598 5857//3598
f 5864//3599 5854//3599 5853//3599
f 5871//3600 5861//3600 5860//3600
f 5787//3601 5862//3601 5851//3601
f 5857//3602 5869//3602 5858//3602
f 5865//3603 5855//3603 5854//3603
f 5861//3604 5872//3604 5795//3604
f 5862//3605 5852//3605 5851//3605
f 5858//3606 5870//3606 5859//3606
f 5866//3607 5856//3607 5855//3607
f 5872//3608 5883//3608 5795//3608
f 5862//3609 5874//3609 5863//3609
f 5869//3610 5881//3610 5870//3610
f 5877//3611 5867//3611 5866//3611
f 5874//3612 5864//3612 5863//3612
f 5870//3613 5882//3613 5871//3613
f 5878//3614 5868//3614 5867//3614
f 5864//3615 5876//3615 5865//3615
f 5871//3616 5883//3616 5872//3616
f 5787//3617 5873//3617 5862//3617
f 5868//3618 5880//3618 5869//3618
f 5876//3619 5866//3619 5865//3619
f 5886//3620 5876//3620 5875//3620
f 5882//3621 5894//3621 5883//3621
f 5787//3622 5884//3622 5873//3622
f 5890//3623 5880//3623 5879//3623
f 5876//3624 5888//3624 5877//3624
f 5883//3625 5894//3625 5795//3625
f 5873//3626 5885//3626 5874//3626
f 5891//3627 5881//3627 5880//3627
f 5888//3628 5878//3628 5877//3628
f 5885//3629 5875//3629 5874//3629
f 5892//3630 5882//3630 5881//3630
f 5878//3631 5890//3631 5879//3631
f 5896//3632 5886//3632 5885//3632
f 5892//3633 5904//3633 5893//3633
f 5900//3634 5890//3634 5889//3634
f 5897//3635 5887//3635 5886//3635
f 5904//3636 5894//3636 5893//3636
f 5787//3637 5895//3637 5884//3637
f 5901//3638 5891//3638 5890//3638
f 5898//3639 5888//3639 5887//3639
f 5894//3640 5905//3640 5795//3640
f 5884//3641 5896//3641 5885//3641
f 5891//3642 5903//3642 5892//3642
f 5899//3643 5889//3643 5888//3643
f 5898//3644 5910//3644 5899//3644
f 5905//3645 5916//3645 5795//3645
f 5906//3646 5896//3646 5895//3646
f 5902//3647 5914//3647 5903//3647
f 5899//3648 5911//3648 5900//3648
f 5907//3649 5897//3649 5896//3649
f 5903//3650 5915//3650 5904//3650
f 5911//3651 5901//3651 5900//3651
f 5908//3652 5898//3652 5897//3652
f 5904//3653 5916//3653 5905//3653
f 5787//3654 5906//3654 5895//3654
f 5912//3655 5902//3655 5901//3655
f 5908//3656 5920//3656 5909//3656
f 5926//3657 5916//3657 5915//3657
f 5787//3658 5917//3658 5906//3658
f 5923//3659 5913//3659 5912//3659
f 5920//3660 5910//3660 5909//3660
f 5916//3661 5927//3661 5795//3661
f 5906//3662 5918//3662 5907//3662
f 5924//3663 5914//3663 5913//3663
f 5921//3664 5911//3664 5910//3664
f 5907//3665 5919//3665 5908//3665
f 5914//3666 5926//3666 5915//3666
f 5922//3667 5912//3667 5911//3667
f 5932//3668 5922//3668 5921//3668
f 5918//3669 5930//3669 5919//3669
f 5936//3670 5926//3670 5925//3670
f 5922//3671 5934//3671 5923//3671
f 5930//3672 5920//3672 5919//3672
f 5926//3673 5938//3673 5927//3673
f 5787//3674 5928//3674 5917//3674
f 5923//3675 5935//3675 5924//3675
f 5931//3676 5921//3676 5920//3676
f 5927//3677 5938//3677 5795//3677
f 5917//3678 5929//3678 5918//3678
f 5924//3679 5936//3679 5925//3679
f 5942//3680 5932//3680 5931//3680
f 5938//3681 5949//3681 5795//3681
f 5939//3682 5929//3682 5928//3682
f 5946//3683 5936//3683 5935//3683
f 5943//3684 5933//3684 5932//3684
f 5940//3685 5930//3685 5929//3685
f 5947//3686 5937//3686 5936//3686
f 5933//3687 5945//3687 5934//3687
f 5941//3688 5931//3688 5930//3688
f 5937//3689 5949//3689 5938//3689
f 5787//3690 5939//3690 5928//3690
f 5934//3691 5946//3691 5935//3691
f 5944//3692 5956//3692 5945//3692
f 5952//3693 5942//3693 5941//3693
f 5948//3694 5960//3694 5949//3694
f 5787//3695 5950//3695 5939//3695
f 5956//3696 5946//3696 5945//3696
f 5953//3697 5943//3697 5942//3697
f 5949//3698 5960//3698 5795//3698
f 5950//3699 5940//3699 5939//3699
f 5946//3700 5958//3700 5947//3700
f 5954//3701 5944//3701 5943//3701
f 5940//3702 5952//3702 5941//3702
f 5958//3703 5948//3703 5947//3703
f 5965//3704 5955//3704 5954//3704
f 5962//3705 5952//3705 5951//3705
f 5969//3706 5959//3706 5958//3706
f 5955//3707 5967//3707 5956//3707
f 5963//3708 5953//3708 5952//3708
f 5959//3709 5971//3709 5960//3709
f 5787//3710 5961//3710 5950//3710
f 5967//3711 5957//3711 5956//3711
f 5953//3712 5965//3712 5954//3712
f 5960//3713 5971//3713 5795//3713
f 5961//3714 5951//3714 5950//3714
f 5957//3715 5969//3715 5958//3715
f 5967//3716 5979//3716 5968//3716
f 5964//3717 5976//3717 5965//3717
f 5971//3718 5982//3718 5795//3718
f 5972//3719 5962//3719 5961//3719
f 5968//3720 5980//3720 5969//3720
f 5965//3721 5977//3721 5966//3721
f 5973//3722 5963//3722 5962//3722
f 5980//3723 5970//3723 5969//3723
f 5966//3724 5978//3724 5967//3724
f 5974//3725 5964//3725 5963//3725
f 5981//3726 5971//3726 5970//3726
f 5787//3727 5972//3727 5961//3727
f 5977//3728 5792//3728 5978//3728
f 5983//3729 5975//3729 5974//3729
f 5985//3730 5982//3730 5981//3730
f 5787//3731 5788//3731 5972//3731
f 5792//3732 5979//3732 5978//3732
f 5790//3733 5976//3733 5975//3733
f 5982//3734 5986//3734 5795//3734
f 5972//3735 5789//3735 5973//3735
f 5793//3736 5980//3736 5979//3736
f 5791//3737 5977//3737 5976//3737
f 5789//3738 5974//3738 5973//3738
f 5794//3739 5981//3739 5980//3739
f 5998//3740 5990//3740 6183//3740
f 6185//3741 6006//3741 6186//3741
f 5987//3742 5996//3742 5988//3742
f 6002//3743 5993//3743 5992//3743
f 5999//3744 5991//3744 5990//3744
f 6186//3745 6006//3745 5995//3745
f 5988//3746 5997//3746 5989//3746
f 5993//3747 6004//3747 5994//3747
f 6000//3748 6184//3748 5991//3748
f 5997//3749 6183//3749 5989//3749
f 6004//3750 6185//3750 5994//3750
f 6184//3751 6002//3751 5992//3751
f 6014//3752 6004//3752 6003//3752
f 6000//3753 6012//3753 6001//3753
f 5997//3754 6009//3754 5998//3754
f 6004//3755 6016//3755 6005//3755
f 6001//3756 6013//3756 6002//3756
f 5998//3757 6010//3757 5999//3757
f 6016//3758 6006//3758 6005//3758
f 5987//3759 6007//3759 5996//3759
f 6013//3760 6003//3760 6002//3760
f 6010//3761 6000//3761 5999//3761
f 6006//3762 6017//3762 5995//3762
f 5996//3763 6008//3763 5997//3763
f 5987//3764 6018//3764 6007//3764
f 6013//3765 6025//3765 6014//3765
f 6021//3766 6011//3766 6010//3766
f 6017//3767 6028//3767 5995//3767
f 6018//3768 6008//3768 6007//3768
f 6025//3769 6015//3769 6014//3769
f 6022//3770 6012//3770 6011//3770
f 6008//3771 6020//3771 6009//3771
f 6026//3772 6016//3772 6015//3772
f 6023//3773 6013//3773 6012//3773
f 6009//3774 6021//3774 6010//3774
f 6027//3775 6017//3775 6016//3775
f 6037//3776 6027//3776 6026//3776
f 6034//3777 6024//3777 6023//3777
f 6031//3778 6021//3778 6020//3778
f 6027//3779 6039//3779 6028//3779
f 5987//3780 6029//3780 6018//3780
f 6035//3781 6025//3781 6024//3781
f 6021//3782 6033//3782 6022//3782
f 6028//3783 6039//3783 5995//3783
f 6029//3784 6019//3784 6018//3784
f 6025//3785 6037//3785 6026//3785
f 6022//3786 6034//3786 6023//3786
f 6030//3787 6020//3787 6019//3787
f 6029//3788 6041//3788 6030//3788
f 6047//3789 6037//3789 6036//3789
f 6033//3790 6045//3790 6034//3790
f 6041//3791 6031//3791 6030//3791
f 6048//3792 6038//3792 6037//3792
f 6045//3793 6035//3793 6034//3793
f 6042//3794 6032//3794 6031//3794
f 6049//3795 6039//3795 6038//3795
f 5987//3796 6040//3796 6029//3796
f 6046//3797 6036//3797 6035//3797
f 6043//3798 6033//3798 6032//3798
f 6039//3799 6050//3799 5995//3799
f 6060//3800 6050//3800 6049//3800
f 5987//3801 6051//3801 6040//3801
f 6046//3802 6058//3802 6047//3802
f 6054//3803 6044//3803 6043//3803
f 6050//3804 6061//3804 5995//3804
f 6040//3805 6052//3805 6041//3805
f 6047//3806 6059//3806 6048//3806
f 6055//3807 6045//3807 6044//3807
f 6041//3808 6053//3808 6042//3808
f 6059//3809 6049//3809 6048//3809
f 6056//3810 6046//3810 6045//3810
f 6053//3811 6043//3811 6042//3811
f 6052//3812 6064//3812 6053//3812
f 6070//3813 6060//3813 6059//3813
f 6067//3814 6057//3814 6056//3814
f 6053//3815 6065//3815 6054//3815
f 6060//3816 6072//3816 6061//3816
f 5987//3817 6062//3817 6051//3817
f 6068//3818 6058//3818 6057//3818
f 6054//3819 6066//3819 6055//3819
f 6061//3820 6072//3820 5995//3820
f 6051//3821 6063//3821 6052//3821
f 6058//3822 6070//3822 6059//3822
f 6066//3823 6056//3823 6055//3823
f 6072//3824 6083//3824 5995//3824
f 6073//3825 6063//3825 6062//3825
f 6069//3826 6081//3826 6070//3826
f 6077//3827 6067//3827 6066//3827
f 6074//3828 6064//3828 6063//3828
f 6081//3829 6071//3829 6070//3829
f 6078//3830 6068//3830 6067//3830
f 6075//3831 6065//3831 6064//3831
f 6071//3832 6083//3832 6072//3832
f 5987//3833 6073//3833 6062//3833
f 6079//3834 6069//3834 6068//3834
f 6076//3835 6066//3835 6065//3835
f 6086//3836 6076//3836 6075//3836
f 6082//3837 6094//3837 6083//3837
f 5987//3838 6084//3838 6073//3838
f 6090//3839 6080//3839 6079//3839
f 6087//3840 6077//3840 6076//3840
f 6083//3841 6094//3841 5995//3841
f 6084//3842 6074//3842 6073//3842
f 6080//3843 6092//3843 6081//3843
f 6077//3844 6089//3844 6078//3844
f 6074//3845 6086//3845 6075//3845
f 6081//3846 6093//3846 6082//3846
f 6078//3847 6090//3847 6079//3847
f 6096//3848 6086//3848 6085//3848
f 6092//3849 6104//3849 6093//3849
f 6089//3850 6101//3850 6090//3850
f 6097//3851 6087//3851 6086//3851
f 6104//3852 6094//3852 6093//3852
f 5987//3853 6095//3853 6084//3853
f 6101//3854 6091//3854 6090//3854
f 6098//3855 6088//3855 6087//3855
f 6094//3856 6105//3856 5995//3856
f 6095//3857 6085//3857 6084//3857
f 6091//3858 6103//3858 6092//3858
f 6088//3859 6100//3859 6089//3859
f 6098//3860 6110//3860 6099//3860
f 6105//3861 6116//3861 5995//3861
f 6095//3862 6107//3862 6096//3862
f 6113//3863 6103//3863 6102//3863
f 6110//3864 6100//3864 6099//3864
f 6107//3865 6097//3865 6096//3865
f 6114//3866 6104//3866 6103//3866
f 6111//3867 6101//3867 6100//3867
f 6108//3868 6098//3868 6097//3868
f 6104//3869 6116//3869 6105//3869
f 5987//3870 6106//3870 6095//3870
f 6112//3871 6102//3871 6101//3871
f 6119//3872 6109//3872 6108//3872
f 6115//3873 6127//3873 6116//3873
f 5987//3874 6117//3874 6106//3874
f 6112//3875 6124//3875 6113//3875
f 6120//3876 6110//3876 6109//3876
f 6116//3877 6127//3877 5995//3877
f 6117//3878 6107//3878 6106//3878
f 6113//3879 6125//3879 6114//3879
f 6110//3880 6122//3880 6111//3880
f 6107//3881 6119//3881 6108//3881
f 6114//3882 6126//3882 6115//3882
f 6111//3883 6123//3883 6112//3883
f 6132//3884 6122//3884 6121//3884
f 6129//3885 6119//3885 6118//3885
f 6125//3886 6137//3886 6126//3886
f 6122//3887 6134//3887 6123//3887
f 6130//3888 6120//3888 6119//3888
f 6126//3889 6138//3889 6127//3889
f 5987//3890 6128//3890 6117//3890
f 6123//3891 6135//3891 6124//3891
f 6131//3892 6121//3892 6120//3892
f 6127//3893 6138//3893 5995//3893
f 6117//3894 6129//3894 6118//3894
f 6135//3895 6125//3895 6124//3895
f 6142//3896 6132//3896 6131//3896
f 6138//3897 6149//3897 5995//3897
f 6139//3898 6129//3898 6128//3898
f 6135//3899 6147//3899 6136//3899
f 6143//3900 6133//3900 6132//3900
f 6140//3901 6130//3901 6129//3901
f 6147//3902 6137//3902 6136//3902
f 6144//3903 6134//3903 6133//3903
f 6141//3904 6131//3904 6130//3904
f 6148//3905 6138//3905 6137//3905
f 5987//3906 6139//3906 6128//3906
f 6145//3907 6135//3907 6134//3907
f 6155//3908 6145//3908 6144//3908
f 6152//3909 6142//3909 6141//3909
f 6159//3910 6149//3910 6148//3910
f 5987//3911 6150//3911 6139//3911
f 6156//3912 6146//3912 6145//3912
f 6142//3913 6154//3913 6143//3913
f 6149//3914 6160//3914 5995//3914
f 6139//3915 6151//3915 6140//3915
f 6157//3916 6147//3916 6146//3916
f 6143//3917 6155//3917 6144//3917
f 6151//3918 6141//3918 6140//3918
f 6158//3919 6148//3919 6147//3919
f 6165//3920 6155//3920 6154//3920
f 6162//3921 6152//3921 6151//3921
f 6169//3922 6159//3922 6158//3922
f 6166//3923 6156//3923 6155//3923
f 6163//3924 6153//3924 6152//3924
f 6159//3925 6171//3925 6160//3925
f 5987//3926 6161//3926 6150//3926
f 6167//3927 6157//3927 6156//3927
f 6164//3928 6154//3928 6153//3928
f 6160//3929 6171//3929 5995//3929
f 6150//3930 6162//3930 6151//3930
f 6157//3931 6169//3931 6158//3931
f 6167//3932 6179//3932 6168//3932
f 6164//3933 6176//3933 6165//3933
f 6171//3934 6182//3934 5995//3934
f 6161//3935 6173//3935 6162//3935
f 6168//3936 6180//3936 6169//3936
f 6176//3937 6166//3937 6165//3937
f 6173//3938 6163//3938 6162//3938
f 6180//3939 6170//3939 6169//3939
f 6166//3940 6178//3940 6167//3940
f 6174//3941 6164//3941 6163//3941
f 6181//3942 6171//3942 6170//3942
f 5987//3943 6172//3943 6161//3943
f 6184//3944 6178//3944 6177//3944
f 6183//3945 6175//3945 6174//3945
f 6181//3946 6186//3946 6182//3946
f 5987//3947 5988//3947 6172//3947
f 5992//3948 6179//3948 6178//3948
f 5990//3949 6176//3949 6175//3949
f 6182//3950 6186//3950 5995//3950
f 5988//3951 6173//3951 6172//3951
f 6179//3952 5994//3952 6180//3952
f 5991//3953 6177//3953 6176//3953
f 5989//3954 6174//3954 6173//3954
f 5994//3955 6181//3955 6180//3955
f 3//1 6//1 4//1
f 6//2 12//2 10//2
f 12//3 9//3 7//3
f 9//4 3//4 1//4
f 10//5 7//5 1//5
f 9//6 12//6 16//6
f 14//6 16//6 12//6
f 3//6 9//6 15//6
f 3//6 15//6 13//6
f 14//6 12//6 6//6
f 3//6 13//6 14//6
f 2//3 5//3 14//3
f 5//4 11//4 16//4
f 8//1 15//1 16//1
f 2//2 13//2 15//2
f 2//6 8//6 11//6
f 25//1 36//1 30//1
f 36//2 65//2 51//2
f 65//3 46//3 39//3
f 46//4 25//4 22//4
f 51//5 39//5 22//5
f 2690//6 2691//6 2608//6
f 2691//6 2611//6 2609//6
f 2691//6 2609//6 2607//6
f 2687//6 2690//6 2608//6
f 2691//6 2607//6 2608//6
f 2686//6 2687//6 2606//6
f 2687//6 2608//6 2606//6
f 2689//6 2686//6 2610//6
f 2686//6 2606//6 2610//6
f 2688//6 2689//6 2604//6
f 2689//6 2610//6 2604//6
f 2692//6 2688//6 2605//6
f 2688//6 2604//6 2605//6
f 2693//6 2692//6 2661//6
f 2692//6 2605//6 2603//6
f 2695//6 2693//6 2670//6
f 2692//6 2603//6 2333//6
f 2692//6 2333//6 2661//6
f 2332//6 2603//6 2619//6
f 2697//6 2695//6 2669//6
f 2603//6 2332//6 2333//6
f 2332//6 2619//6 2339//6
f 2722//6 2697//6 2667//6
f 2661//6 2333//6 2348//6
f 2619//6 2623//6 2339//6
f 2623//6 2625//6 2337//6
f 2625//6 2633//6 2336//6
f 2625//6 2336//6 2337//6
f 2623//6 2337//6 2339//6
f 2721//6 2722//6 2665//6
f 2661//6 2348//6 2663//6
f 2705//6 2721//6 2666//6
f 2693//6 2661//6 2670//6
f 2707//6 2705//6 2664//6
f 2663//6 2348//6 2324//6
f 2695//6 2670//6 2669//6
f 2663//6 2324//6 2659//6
f 2324//6 2315//6 2659//6
f 2706//6 2707//6 2668//6
f 2697//6 2669//6 2667//6
f 2315//6 2329//6 2658//6
f 2712//6 2706//6 2776//6
f 2722//6 2667//6 2665//6
f 2775//6 2700//6 2698//6
f 2774//6 2775//6 2709//6
f 2775//6 2698//6 2720//6
f 2775//6 2720//6 2709//6
f 2771//6 2774//6 2709//6
f 2770//6 2771//6 2710//6
f 2771//6 2709//6 2710//6
f 2773//6 2770//6 2711//6
f 2770//6 2710//6 2711//6
f 2772//6 2773//6 2708//6
f 2773//6 2711//6 2708//6
f 2776//6 2772//6 2712//6
f 2772//6 2708//6 2712//6
f 2777//6 2776//6 2767//6
f 2660//6 2706//6 2668//6
f 2294//6 2293//6 2647//6
f 2293//6 2645//6 2647//6
f 2352//6 2294//6 2647//6
f 2352//6 2647//6 2651//6
f 2311//6 2352//6 2651//6
f 2311//6 2651//6 2654//6
f 2779//6 2777//6 2761//6
f 2706//6 2660//6 2776//6
f 2668//6 2707//6 2664//6
f 2781//6 2779//6 2765//6
f 2329//6 2311//6 2654//6
f 2329//6 2654//6 2657//6
f 2813//6 2803//6 2805//6
f 46//6 2815//6 2816//6
f 2816//6 2813//6 2800//6
f 2813//6 2805//6 2800//6
f 25//6 46//6 2816//6
f 2737//6 2649//6 2738//6
f 2649//6 2646//6 2738//6
f 2816//6 2800//6 2808//6
f 2816//6 2808//6 2796//6
f 2738//6 2646//6 2736//6
f 2646//6 2644//6 2736//6
f 2816//6 2796//6 2798//6
f 2816//6 2798//6 2807//6
f 2733//6 2736//6 2644//6
f 2734//6 2733//6 2644//6
f 2816//6 2807//6 2791//6
f 2816//6 2791//6 2793//6
f 2730//6 2734//6 2644//6
f 2731//6 2730//6 2644//6
f 25//6 2816//6 2811//6
f 2816//6 2793//6 2811//6
f 2731//6 2644//6 2729//6
f 2644//6 25//6 2729//6
f 25//6 2811//6 2810//6
f 25//6 2810//6 2749//6
f 2810//6 2790//6 2749//6
f 2728//6 2729//6 25//6
f 2732//6 2728//6 25//6
f 2790//6 2789//6 2753//6
f 2790//6 2753//6 2749//6
f 2789//6 2788//6 2754//6
f 2753//6 2789//6 2754//6
f 2735//6 2732//6 25//6
f 2739//6 2735//6 25//6
f 2788//6 2786//6 2758//6
f 2786//6 2787//6 2756//6
f 2740//6 2739//6 25//6
f 2741//6 2740//6 25//6
f 2754//6 2788//6 2758//6
f 2787//6 2785//6 2768//6
f 2742//6 2741//6 25//6
f 2743//6 2742//6 25//6
f 2329//6 2657//6 2658//6
f 2658//6 2659//6 2315//6
f 2744//6 2743//6 25//6
f 2747//6 2744//6 25//6
f 2751//6 2747//6 25//6
f 2749//6 2751//6 25//6
f 2721//6 2665//6 2666//6
f 2705//6 2666//6 2664//6
f 2782//6 2781//6 2763//6
f 2776//6 2660//6 2767//6
f 2784//6 2782//6 2762//6
f 2761//6 2777//6 2767//6
f 2765//6 2779//6 2761//6
f 2783//6 2784//6 2764//6
f 2781//6 2765//6 2763//6
f 2758//6 2786//6 2756//6
f 2756//6 2787//6 2768//6
f 2785//6 2783//6 2766//6
f 2660//6 2662//6 2767//6
f 2662//6 2671//6 2757//6
f 2767//6 2662//6 2757//6
f 2671//6 2655//6 2759//6
f 2760//6 2768//6 2785//6
f 2766//6 2760//6 2785//6
f 2655//6 2656//6 2755//6
f 2764//6 2766//6 2783//6
f 2762//6 2764//6 2784//6
f 2650//6 2648//6 2746//6
f 2650//6 2746//6 2748//6
f 2652//6 2650//6 2748//6
f 2652//6 2748//6 2752//6
f 2653//6 2652//6 2752//6
f 2653//6 2752//6 2750//6
f 2763//6 2762//6 2782//6
f 2656//6 2653//6 2750//6
f 2656//6 2750//6 2769//6
f 2656//6 2769//6 2755//6
f 2755//6 2759//6 2655//6
f 2847//6 2839//6 2620//6
f 2620//6 2616//6 2845//6
f 2846//6 2847//6 2620//6
f 2993//6 2992//6 2999//6
f 2993//6 2999//6 2994//6
f 2999//6 2998//6 2911//6
f 2994//6 2999//6 2995//6
f 2995//6 2999//6 2911//6
f 2998//6 2997//6 2910//6
f 2911//6 2912//6 2995//6
f 2998//6 2910//6 2911//6
f 2997//6 2996//6 2859//6
f 2908//6 2997//6 2860//6
f 2908//6 2910//6 2997//6
f 2908//6 2860//6 2907//6
f 2906//6 2905//6 2862//6
f 2905//6 2907//6 2860//6
f 2862//6 2905//6 2860//6
f 2996//6 3005//6 2859//6
f 2860//6 2997//6 2859//6
f 3004//6 3003//6 2861//6
f 3003//6 3002//6 2864//6
f 3004//6 2861//6 3005//6
f 2867//6 2901//6 2863//6
f 2901//6 2902//6 2863//6
f 2902//6 2906//6 2862//6
f 3002//6 3001//6 2864//6
f 2859//6 3005//6 2861//6
f 3001//6 3000//6 2864//6
f 3000//6 3010//6 2866//6
f 2863//6 2902//6 2862//6
f 3010//6 3009//6 2866//6
f 2861//6 3003//6 2864//6
f 3009//6 3008//6 2876//6
f 2864//6 3000//6 2866//6
f 3008//6 3007//6 2876//6
f 3007//6 2980//6 2876//6
f 2866//6 3009//6 2876//6
f 2976//6 2975//6 2868//6
f 2975//6 2977//6 2969//6
f 2980//6 2976//6 2868//6
f 2975//6 2969//6 2868//6
f 2969//6 2968//6 2868//6
f 2968//6 3017//6 2868//6
f 3017//6 3016//6 2868//6
f 3016//6 2946//6 2874//6
f 2876//6 2980//6 2868//6
f 2868//6 3016//6 2874//6
f 2946//6 2944//6 2812//6
f 2874//6 2946//6 2812//6
f 2944//6 2942//6 2812//6
f 2942//6 2940//6 2812//6
f 2870//6 2874//6 2812//6
f 2940//6 2939//6 2812//6
f 2872//6 2870//6 2812//6
f 2898//6 2872//6 2812//6
f 2812//6 2878//6 2879//6
f 2879//6 2898//6 2812//6
f 2803//6 2813//6 2802//6
f 2813//6 2814//6 2806//6
f 2802//6 2813//6 2804//6
f 2814//6 2812//6 2939//6
f 2814//6 2939//6 2958//6
f 2804//6 2813//6 2806//6
f 2814//6 2958//6 2926//6
f 2814//6 2926//6 2916//6
f 2926//6 2927//6 2919//6
f 2801//6 2806//6 2814//6
f 2926//6 2919//6 2916//6
f 2927//6 2928//6 2919//6
f 2928//6 2941//6 2920//6
f 2919//6 2928//6 2920//6
f 2799//6 2801//6 2814//6
f 2797//6 2799//6 2701//6
f 2799//6 2814//6 2704//6
f 2701//6 2799//6 2704//6
f 2941//6 2943//6 2921//6
f 2943//6 2945//6 2931//6
f 2945//6 2947//6 2932//6
f 2931//6 2945//6 2932//6
f 2959//6 2948//6 2949//6
f 2948//6 2951//6 2950//6
f 2947//6 2959//6 2934//6
f 2797//6 2701//6 2794//6
f 2920//6 2941//6 2921//6
f 2794//6 2703//6 2795//6
f 2703//6 2794//6 2701//6
f 2795//6 2703//6 2699//6
f 2809//6 2795//6 2699//6
f 2699//6 2780//6 2792//6
f 2792//6 2809//6 2699//6
f 2981//6 3018//6 2952//6
f 3018//6 3019//6 2954//6
f 3019//6 3020//6 2954//6
f 3020//6 2983//6 2956//6
f 2954//6 3020//6 2956//6
f 2983//6 3011//6 2982//6
f 2979//6 2981//6 2962//6
f 3018//6 2954//6 2952//6
f 3012//6 3013//6 3022//6
f 3013//6 3014//6 3023//6
f 3022//6 3013//6 3023//6
f 3011//6 3012//6 3021//6
f 2983//6 2982//6 2956//6
f 3014//6 2987//6 2974//6
f 2987//6 3006//6 3015//6
f 2974//6 2987//6 3015//6
f 3006//6 2990//6 2989//6
f 2990//6 2988//6 2989//6
f 2988//6 2991//6 2989//6
f 2989//6 3015//6 3006//6
f 2974//6 3024//6 3014//6
f 3024//6 3023//6 3014//6
f 2978//6 2979//6 2961//6
f 2982//6 3011//6 3021//6
f 2962//6 2981//6 2952//6
f 3022//6 3021//6 3012//6
f 2951//6 2978//6 2960//6
f 2961//6 2979//6 2962//6
f 2614//6 2696//6 2723//6
f 2613//6 2614//6 2724//6
f 2614//6 2723//6 2725//6
f 2614//6 2725//6 2724//6
f 2612//6 2613//6 2727//6
f 2613//6 2724//6 2727//6
f 2617//6 2612//6 2726//6
f 2612//6 2727//6 2726//6
f 2615//6 2617//6 2714//6
f 2617//6 2726//6 2714//6
f 2845//6 2616//6 2850//6
f 2616//6 2618//6 2857//6
f 2850//6 2616//6 2856//6
f 2618//6 2615//6 2852//6
f 2615//6 2714//6 2713//6
f 2856//6 2616//6 2857//6
f 2615//6 2713//6 2843//6
f 2615//6 2843//6 2852//6
f 2713//6 2719//6 2829//6
f 2843//6 2713//6 2829//6
f 2853//6 2857//6 2618//6
f 2719//6 2716//6 2917//6
f 2716//6 2715//6 2915//6
f 2852//6 2853//6 2618//6
f 2829//6 2719//6 2828//6
f 2828//6 2719//6 2918//6
f 2918//6 2719//6 2917//6
f 2715//6 2718//6 2814//6
f 2825//6 2924//6 2925//6
f 2924//6 2825//6 2922//6
f 2818//6 2925//6 2923//6
f 2925//6 2818//6 2825//6
f 2718//6 2717//6 2814//6
f 2930//6 2821//6 2818//6
f 2825//6 2828//6 2933//6
f 2821//6 2930//6 2953//6
f 2821//6 2953//6 2955//6
f 2717//6 2702//6 2814//6
f 2820//6 2964//6 2965//6
f 2964//6 2820//6 2963//6
f 2963//6 2820//6 2819//6
f 2702//6 2704//6 2814//6
f 2819//6 2957//6 2963//6
f 2957//6 2819//6 2955//6
f 2965//6 2817//6 2820//6
f 2817//6 2965//6 2966//6
f 2821//6 2955//6 2819//6
f 2817//6 2966//6 2967//6
f 2948//6 2950//6 2949//6
f 2822//6 2967//6 2984//6
f 2967//6 2822//6 2817//6
f 2978//6 2961//6 2960//6
f 2822//6 2984//6 2985//6
f 2822//6 2985//6 2823//6
f 2823//6 2986//6 3025//6
f 2951//6 2960//6 2950//6
f 2900//6 2827//6 2826//6
f 2899//6 2900//6 2824//6
f 2900//6 2826//6 2824//6
f 2909//6 2904//6 2970//6
f 2904//6 2903//6 3025//6
f 2970//6 2904//6 2973//6
f 2903//6 2899//6 2824//6
f 2903//6 2824//6 2823//6
f 2973//6 2904//6 3025//6
f 2972//6 2971//6 2973//6
f 2971//6 2970//6 2973//6
f 2903//6 2823//6 3025//6
f 2986//6 2823//6 2985//6
f 2949//6 2936//6 2959//6
f 2936//6 2934//6 2959//6
f 2930//6 2818//6 2929//6
f 2929//6 2818//6 2923//6
f 2934//6 2932//6 2947//6
f 2937//6 2825//6 2935//6
f 2825//6 2937//6 2938//6
f 2931//6 2921//6 2943//6
f 2825//6 2933//6 2935//6
f 2933//6 2828//6 2918//6
f 2917//6 2716//6 2915//6
f 2814//6 2916//6 2914//6
f 2814//6 2914//6 2913//6
f 2915//6 2715//6 2814//6
f 2814//6 2913//6 2915//6
f 3074//6 3077//6 3078//6
f 3078//6 3088//6 3074//6
f 3088//6 3089//6 3092//6
f 3092//6 3105//6 3072//6
f 3105//6 3094//6 3085//6
f 3072//6 3105//6 3076//6
f 3088//6 3092//6 3074//6
f 3073//6 3074//6 3071//6
f 3071//6 3074//6 3092//6
f 3094//6 3100//6 3085//6
f 3100//6 3135//6 3067//6
f 3085//6 3100//6 3067//6
f 3135//6 3137//6 3129//6
f 3137//6 3138//6 3110//6
f 3138//6 3109//6 3115//6
f 3109//6 3114//6 3111//6
f 3115//6 3109//6 3111//6
f 3115//6 3116//6 3138//6
f 3116//6 3110//6 3138//6
f 3110//6 3129//6 3137//6
f 3129//6 3139//6 3135//6
f 3139//6 3140//6 3065//6
f 3140//6 3101//6 3065//6
f 3064//6 3101//6 3062//6
f 3101//6 3106//6 3062//6
f 3106//6 3096//6 3061//6
f 3062//6 3106//6 3061//6
f 3096//6 3097//6 3061//6
f 3097//6 3143//6 3070//6
f 3143//6 3156//6 3070//6
f 3156//6 3167//6 3059//6
f 3070//6 3156//6 3059//6
f 3167//6 3164//6 3059//6
f 3101//6 3064//6 3065//6
f 3092//6 3072//6 3071//6
f 3085//6 3076//6 3105//6
f 3063//6 3067//6 3135//6
f 3164//6 3165//6 3059//6
f 3168//6 3169//6 3157//6
f 3169//6 3175//6 3162//6
f 3165//6 3168//6 3059//6
f 3135//6 3139//6 3063//6
f 3065//6 3063//6 3139//6
f 3169//6 3162//6 3157//6
f 3175//6 3180//6 3182//6
f 3175//6 3182//6 3163//6
f 3182//6 3179//6 3174//6
f 3179//6 3178//6 3174//6
f 3174//6 3163//6 3182//6
f 3163//6 3162//6 3175//6
f 3157//6 3154//6 3069//6
f 3154//6 3141//6 3084//6
f 3059//6 3157//6 3069//6
f 3061//6 3097//6 3070//6
f 3157//6 3059//6 3168//6
f 3154//6 3084//6 3069//6
f 3141//6 3057//6 3084//6
f 3057//6 3048//6 3056//6
f 3084//6 3057//6 3056//6
f 3048//6 3045//6 3047//6
f 3045//6 3046//6 3047//6
f 3048//6 3047//6 3055//6
f 3054//6 3052//6 3053//6
f 3047//6 3054//6 3050//6
f 3048//6 3055//6 3056//6
f 3054//6 3053//6 3051//6
f 3050//6 3051//6 3049//6
f 3054//6 3051//6 3050//6
f 3170//6 3166//6 65//6
f 3166//6 3160//6 65//6
f 3181//6 3176//6 3171//6
f 3185//6 3181//6 3171//6
f 3185//6 3171//6 3170//6
f 3131//6 3130//6 65//6
f 3130//6 3125//6 65//6
f 3125//6 3124//6 65//6
f 3134//6 3136//6 2897//6
f 3136//6 3099//6 2897//6
f 3103//6 3098//6 3091//6
f 3098//6 3104//6 3095//6
f 3099//6 3103//6 2897//6
f 3112//6 3134//6 2880//6
f 3098//6 3095//6 3090//6
f 3104//6 3093//6 3095//6
f 3098//6 3090//6 3091//6
f 3091//6 3087//6 3103//6
f 3086//6 3081//6 2871//6
f 3081//6 3079//6 2873//6
f 3087//6 3086//6 2871//6
f 3134//6 2897//6 2880//6
f 3113//6 3112//6 2880//6
f 3103//6 3087//6 2897//6
f 3081//6 2873//6 2871//6
f 3133//6 3113//6 2880//6
f 3087//6 2871//6 2897//6
f 3079//6 3080//6 2873//6
f 3126//6 3133//6 2885//6
f 3080//6 3082//6 2875//6
f 2873//6 3080//6 2875//6
f 3127//6 3126//6 2881//6
f 3082//6 3075//6 2869//6
f 3075//6 3083//6 2877//6
f 3147//6 3150//6 65//6
f 3150//6 3151//6 65//6
f 3027//6 2901//6 2867//6
f 3027//6 2867//6 3068//6
f 2867//6 2865//6 3060//6
f 3068//6 2867//6 3060//6
f 2865//6 2877//6 3066//6
f 3060//6 2865//6 3066//6
f 2877//6 2869//6 3075//6
f 3066//6 2877//6 3083//6
f 2869//6 2875//6 3082//6
f 3128//6 3127//6 2881//6
f 3133//6 2880//6 2885//6
f 3119//6 3128//6 2883//6
f 3126//6 2885//6 2881//6
f 3117//6 3119//6 2889//6
f 3128//6 2881//6 2883//6
f 3119//6 2883//6 2896//6
f 3118//6 3117//6 65//6
f 3119//6 2896//6 2889//6
f 3117//6 2889//6 65//6
f 2889//6 2887//6 65//6
f 2887//6 2894//6 65//6
f 3161//6 3172//6 3058//6
f 3172//6 3173//6 2848//6
f 3058//6 3172//6 2848//6
f 3155//6 3159//6 3142//6
f 3159//6 3158//6 3044//6
f 3142//6 3159//6 3043//6
f 3158//6 3161//6 3042//6
f 3152//6 3155//6 3142//6
f 3043//6 3159//6 3044//6
f 3042//6 3044//6 3158//6
f 3041//6 3040//6 2848//6
f 3040//6 3058//6 2848//6
f 3058//6 3042//6 3161//6
f 2848//6 3173//6 2849//6
f 3173//6 3177//6 2849//6
f 3039//6 3041//6 2851//6
f 3177//6 3184//6 2849//6
f 3038//6 3039//6 2851//6
f 3041//6 2848//6 2851//6
f 3184//6 3183//6 2842//6
f 2849//6 3184//6 2842//6
f 3035//6 3038//6 2858//6
f 3036//6 3035//6 2855//6
f 3033//6 3036//6 2855//6
f 3026//6 3028//6 2827//6
f 3028//6 3029//6 2827//6
f 2827//6 2900//6 3026//6
f 2830//6 2827//6 3031//6
f 2827//6 3029//6 3030//6
f 2844//6 2830//6 3037//6
f 2827//6 3030//6 3031//6
f 2854//6 2844//6 3034//6
f 2830//6 3031//6 3032//6
f 2830//6 3032//6 3037//6
f 2855//6 2854//6 3033//6
f 2844//6 3037//6 3034//6
f 2858//6 2855//6 3035//6
f 2854//6 3034//6 3033//6
f 2851//6 2858//6 3038//6
f 2842//6 3183//6 2836//6
f 3183//6 3149//6 2836//6
f 2836//6 3149//6 2835//6
f 3149//6 3145//6 2835//6
f 2835//6 3145//6 2837//6
f 3145//6 3144//6 2837//6
f 2834//6 2837//6 3144//6
f 2838//6 2834//6 2631//6
f 2834//6 3144//6 2628//6
f 2631//6 2834//6 2628//6
f 2620//6 2839//6 2624//6
f 2839//6 2840//6 2632//6
f 2624//6 2839//6 2632//6
f 2840//6 2841//6 2634//6
f 2632//6 2840//6 2634//6
f 2841//6 2831//6 2643//6
f 2634//6 2841//6 2643//6
f 2831//6 2833//6 2643//6
f 2643//6 2833//6 2640//6
f 2833//6 2832//6 2640//6
f 2640//6 2832//6 2638//6
f 2832//6 2838//6 2638//6
f 2638//6 2838//6 2631//6
f 3144//6 3148//6 2621//6
f 2628//6 3144//6 2629//6
f 2629//6 3144//6 2621//6
f 2338//6 2635//6 2641//6
f 2335//6 2338//6 2641//6
f 2335//6 2641//6 2642//6
f 2341//6 2335//6 2642//6
f 2341//6 2642//6 2639//6
f 2334//6 2341//6 2636//6
f 2341//6 2639//6 2636//6
f 2345//6 2334//6 2636//6
f 2345//6 2636//6 2637//6
f 2321//6 2345//6 2637//6
f 2321//6 2637//6 2630//6
f 2327//6 2321//6 2630//6
f 2327//6 2630//6 2626//6
f 2330//6 2327//6 2626//6
f 2330//6 2626//6 2627//6
f 2312//6 2330//6 2627//6
f 2312//6 2627//6 2622//6
f 2356//6 2312//6 36//6
f 2312//6 2622//6 36//6
f 2622//6 2621//6 36//6
f 2621//6 3148//6 36//6
f 3148//6 3146//6 65//6
f 36//6 3148//6 65//6
f 2884//6 2878//6 2812//6
f 2812//6 2815//6 46//6
f 36//6 2287//6 2291//6
f 36//6 2291//6 2306//6
f 2812//6 46//6 2891//6
f 46//6 65//6 2891//6
f 2812//6 2891//6 2893//6
f 2882//6 2884//6 2812//6
f 2895//6 2882//6 2812//6
f 36//6 2306//6 2303//6
f 36//6 2303//6 2296//6
f 2886//6 2895//6 2812//6
f 2888//6 2886//6 2812//6
f 36//6 2296//6 2356//6
f 2890//6 2888//6 2812//6
f 2893//6 2890//6 2812//6
f 65//6 3146//6 3147//6
f 65//6 3151//6 3186//6
f 2892//6 2891//6 65//6
f 2894//6 2892//6 65//6
f 65//6 3186//6 3185//6
f 65//6 3185//6 3170//6
f 3120//6 3118//6 65//6
f 65//6 3160//6 3153//6
f 3121//6 3120//6 65//6
f 3122//6 3121//6 65//6
f 65//6 3153//6 3108//6
f 65//6 3108//6 3107//6
f 3123//6 3122//6 65//6
f 3124//6 3123//6 65//6
f 65//6 3107//6 3102//6
f 65//6 3102//6 3132//6
f 2778//6 2780//6 2700//6
f 2780//6 2699//6 2700//6
f 2745//6 2746//6 2648//6
f 2648//6 2649//6 2737//6
f 2694//6 2696//6 2611//6
f 2696//6 2614//6 2611//6
f 2336//6 2633//6 2635//6
f 2673//6 2645//6 2298//6
f 2645//6 2293//6 2298//6
f 2675//6 2673//6 2298//6
f 2675//6 2298//6 2304//6
f 2677//6 2675//6 2288//6
f 2675//6 2304//6 2288//6
f 2679//6 2677//6 2288//6
f 2679//6 2288//6 2309//6
f 2680//6 2679//6 2309//6
f 2680//6 2309//6 2280//6
f 2682//6 2680//6 2280//6
f 2682//6 2280//6 2281//6
f 2683//6 2682//6 2281//6
f 2683//6 2281//6 2273//6
f 2685//6 2683//6 2273//6
f 2685//6 2273//6 2276//6
f 2684//6 2685//6 36//6
f 2685//6 2276//6 36//6
f 2276//6 2269//6 36//6
f 2285//6 2287//6 36//6
f 25//6 2644//6 2672//6
f 25//6 2672//6 2674//6
f 2283//6 2285//6 36//6
f 2284//6 2283//6 36//6
f 25//6 2674//6 2676//6
f 25//6 2676//6 2678//6
f 2277//6 2284//6 36//6
f 2269//6 2277//6 36//6
f 25//6 2678//6 2681//6
f 25//6 2681//6 2684//6
f 202//7 301//7 286//7
f 307//8 301//8 202//8
f 250//9 311//9 307//9
f 260//10 314//10 311//10
f 320//11 314//11 260//11
f 130//12 268//12 2312//12
f 2264//13 326//13 320//13
f 176//14 271//14 268//14
f 2257//16 286//16 271//16
f 314//17 418//17 400//17
f 320//18 439//18 418//18
f 2312//19 268//19 372//19
f 326//20 463//20 439//20
f 271//21 382//21 372//21
f 286//23 388//23 382//23
f 301//24 391//24 388//24
f 307//25 392//25 391//25
f 311//26 400//26 392//26
f 496//28 495//28 382//28
f 503//29 496//29 388//29
f 392//30 507//30 503//30
f 510//31 507//31 392//31
f 418//32 511//32 510//32
f 513//33 511//33 418//33
f 2330//34 372//34 478//34
f 516//35 513//35 439//35
f 495//36 478//36 372//36
f 510//37 598//37 577//37
f 511//38 622//38 598//38
f 513//418 637//418 622//418
f 2327//40 478//40 523//40
f 646//41 637//41 513//41
f 495//42 527//42 523//42
f 496//44 549//44 527//44
f 563//45 549//45 496//45
f 577//46 563//46 503//46
f 713//47 697//47 637//47
f 670//48 658//48 523//48
f 679//50 670//50 527//50
f 682//51 679//51 549//51
f 683//52 682//52 563//52
f 685//53 683//53 577//53
f 688//54 685//54 598//54
f 697//55 688//55 622//55
f 523//56 658//56 2345//56
f 770//57 765//57 682//57
f 775//58 770//58 683//58
f 688//59 787//59 775//59
f 805//60 787//60 688//60
f 727//61 2334//61 2345//61
f 818//62 805//62 697//62
f 745//63 727//63 658//63
f 679//65 760//65 745//65
f 765//66 760//66 679//66
f 727//67 847//67 2341//67
f 818//68 905//68 895//68
f 856//3956 847//3956 727//3956
f 867//71 856//71 745//71
f 871//72 867//72 760//72
f 881//73 871//73 765//73
f 886//74 881//74 770//74
f 894//75 886//75 775//75
f 895//76 894//76 787//76
f 921//77 918//77 871//77
f 922//78 921//78 881//78
f 894//79 934//79 922//79
f 895//80 963//80 934//80
f 912//81 2335//81 2341//81
f 905//82 976//82 963//82
f 916//83 912//83 847//83
f 867//85 917//85 916//85
f 871//86 918//86 917//86
f 1010//87 1005//87 934//87
f 982//88 2338//88 2335//88
f 1014//89 1010//89 963//89
f 992//90 982//90 912//90
f 917//92 998//92 992//92
f 918//93 999//93 998//93
f 921//94 1001//94 999//94
f 922//95 1003//95 1001//95
f 934//96 1005//96 1003//96
f 1046//97 1039//97 998//97
f 1053//98 1046//98 999//98
f 1066//408 1053//408 1001//408
f 1005//100 1082//100 1066//100
f 1010//101 1086//101 1082//101
f 1033//102 2336//102 2338//102
f 1014//103 1091//103 1086//103
f 1038//104 1033//104 982//104
f 998//106 1039//106 1038//106
f 1164//107 1149//107 1082//107
f 1033//108 1098//108 2337//108
f 1091//109 1166//109 1164//109
f 1103//110 1098//110 1033//110
f 1039//112 1116//112 1103//112
f 1046//113 1122//113 1116//113
f 1053//114 1134//114 1122//114
f 1066//3957 1143//3957 1134//3957
f 1149//116 1143//116 1066//116
f 1122//117 1170//117 1169//117
f 1171//118 1170//118 1122//118
f 1172//119 1171//119 1134//119
f 1149//120 1177//120 1172//120
f 1164//121 1191//121 1177//121
f 1098//122 1167//122 2339//122
f 1166//123 1202//123 1191//123
f 1168//124 1167//124 1098//124
f 1116//126 1169//126 1168//126
f 1274//127 1265//127 1172//127
f 1279//128 1274//128 1177//128
f 1167//129 1218//129 2332//129
f 1202//130 1283//130 1279//130
f 1230//131 1218//131 1167//131
f 1247//133 1230//133 1168//133
f 1251//134 1247//134 1169//134
f 1171//135 1255//135 1251//135
f 1172//136 1265//136 1255//136
f 1286//138 1285//138 1230//138
f 1291//139 1286//139 1247//139
f 1296//140 1291//140 1251//140
f 1298//141 1296//141 1255//141
f 1274//142 1319//142 1298//142
f 1336//143 1319//143 1274//143
f 1218//144 1284//144 2333//144
f 1283//145 1341//145 1336//145
f 1285//419 1284//419 1218//419
f 1392//147 1368//147 1296//147
f 1319//148 1405//148 1392//148
f 1410//149 1405//149 1319//149
f 1344//150 2348//150 2333//150
f 1341//151 1412//151 1410//151
f 1351//152 1344//152 1284//152
f 1286//154 1361//154 1351//154
f 1367//155 1361//155 1286//155
f 1296//156 1368//156 1367//156
f 1419//157 1417//157 1344//157
f 1420//159 1419//159 1351//159
f 1367//160 1426//160 1420//160
f 1430//161 1426//161 1367//161
f 1438//162 1430//162 1368//162
f 1447//163 1438//163 1392//163
f 1410//164 1449//164 1447//164
f 1344//165 1417//165 2324//165
f 1458//166 1449//166 1410//166
f 1525//167 1510//167 1430//167
f 1527//168 1525//168 1438//168
f 1528//409 1527//409 1447//409
f 1461//170 2315//170 2324//170
f 1458//171 1529//171 1528//171
f 1419//172 1463//172 1461//172
f 1478//174 1463//174 1419//174
f 1426//175 1492//175 1478//175
f 1510//176 1492//176 1426//176
f 1562//177 1554//177 1528//177
f 1531//178 1530//178 1461//178
f 1532//180 1531//180 1463//180
f 1533//181 1532//181 1478//181
f 1535//182 1533//182 1492//182
f 1525//183 1536//183 1535//183
f 1549//184 1536//184 1525//184
f 1528//185 1554//185 1549//185
f 1461//186 1530//186 2329//186
f 1588//187 1586//187 1533//187
f 1536//188 1597//188 1588//188
f 1604//189 1597//189 1536//189
f 1606//190 1604//190 1549//190
f 1566//191 2311//191 2329//191
f 1613//192 1606//192 1554//192
f 1577//193 1566//193 1530//193
f 1532//195 1582//195 1577//195
f 1533//196 1586//196 1582//196
f 1615//197 2352//197 2311//197
f 1613//198 1646//198 1645//198
f 1618//199 1615//199 1566//199
f 1619//201 1618//201 1577//201
f 1627//202 1619//202 1582//202
f 1588//203 1635//203 1627//203
f 1641//204 1635//204 1588//204
f 1604//205 1644//205 1641//205
f 1645//206 1644//206 1604//206
f 1635//207 1670//207 1659//207
f 1641//208 1675//208 1670//208
f 1644//209 1694//209 1675//209
f 1696//210 1694//210 1644//210
f 1615//211 1647//211 2294//211
f 1646//212 1701//212 1696//212
f 1651//213 1647//213 1615//213
f 1619//215 1656//215 1651//215
f 1659//216 1656//216 1619//216
f 1725//217 1723//217 1694//217
f 2293//218 2294//218 1647//218
f 1647//218 1702//218 2293//218
f 1701//219 1728//219 1725//219
f 1707//220 1702//220 1647//220
f 1708//222 1707//222 1651//222
f 1713//223 1708//223 1656//223
f 1670//224 1718//224 1713//224
f 1721//225 1718//225 1670//225
f 1723//226 1721//226 1675//226
f 1754//227 1743//227 1708//227
f 1718//228 1765//228 1754//228
f 1721//229 1769//229 1765//229
f 1773//230 1769//230 1721//230
f 1778//231 1773//231 1723//231
f 1702//232 1730//232 2304//232
f 1728//233 1779//233 1778//233
f 1731//234 1730//234 1702//234
f 1743//236 1731//236 1707//236
f 1812//237 1811//237 1769//237
f 1778//420 1815//420 1812//420
f 1783//239 2288//239 2304//239
f 1818//240 1815//240 1778//240
f 1787//410 1783//410 1730//410
f 1794//243 1787//243 1731//243
f 1754//244 1802//244 1794//244
f 1806//245 1802//245 1754//245
f 1769//246 1811//246 1806//246
f 1831//247 1823//247 1787//247
f 1802//248 1835//248 1831//248
f 1806//249 1840//249 1835//249
f 1811//250 1843//250 1840//250
f 1812//251 1852//251 1843//251
f 1815//252 1860//252 1852//252
f 1783//253 1820//253 2309//253
f 1818//254 1866//254 1860//254
f 1823//255 1820//255 1783//255
f 1890//257 1889//257 1843//257
f 1860//258 1891//258 1890//258
f 1820//259 1878//259 2280//259
f 1866//260 1892//260 1891//260
f 1882//261 1878//261 1820//261
f 1831//263 1885//263 1882//263
f 1835//264 1887//264 1885//264
f 1888//265 1887//265 1835//265
f 1843//266 1889//266 1888//266
f 1895//268 1894//268 1882//268
f 1887//269 1902//269 1895//269
f 1912//270 1902//270 1887//270
f 1889//271 1916//271 1912//271
f 1890//272 1921//272 1916//272
f 1923//273 1921//273 1890//273
f 1878//274 1893//274 2281//274
f 1926//275 1923//275 1891//275
f 1894//3958 1893//3958 1878//3958
f 1945//277 1943//277 1912//277
f 1947//278 1945//278 1916//278
f 1949//279 1947//279 1921//279
f 1893//3959 1927//3959 2273//3959
f 1926//281 1951//281 1949//281
f 1894//282 1931//282 1927//282
f 1936//284 1931//284 1894//284
f 1939//285 1936//285 1895//285
f 1943//286 1939//286 1902//286
f 1931//287 1957//287 1955//287
f 1963//289 1957//289 1931//289
f 1965//290 1963//290 1936//290
f 1968//291 1965//291 1939//291
f 1945//292 1972//292 1968//292
f 1974//293 1972//293 1945//293
f 1949//294 1975//294 1974//294
f 1927//295 1955//295 2276//295
f 1979//296 1975//296 1949//296
f 2006//297 2005//297 1968//297
f 2007//298 2006//298 1972//298
f 2008//299 2007//299 1974//299
f 1955//300 1985//300 2269//300
f 1979//301 2009//301 2008//301
f 1957//302 1992//302 1985//302
f 1999//304 1992//304 1957//304
f 1965//3960 2003//3960 1999//3960
f 2005//306 2003//306 1965//306
f 2036//307 2032//307 2008//307
f 2014//308 2012//308 1985//308
f 2016//310 2014//310 1992//310
f 2017//412 2016//412 1999//412
f 2005//312 2020//312 2017//312
f 2006//313 2021//313 2020//313
f 2007//314 2029//314 2021//314
f 2008//315 2032//315 2029//315
f 1985//316 2012//316 2277//316
f 2058//317 2057//317 2017//317
f 2060//318 2058//318 2020//318
f 2062//319 2060//319 2021//319
f 2064//320 2062//320 2029//320
f 2012//321 2047//321 2284//321
f 2036//322 2068//322 2064//322
f 2014//323 2052//323 2047//323
f 2055//325 2052//325 2014//325
f 2057//326 2055//326 2016//326
f 2064//327 2091//327 2089//327
f 2047//414 2072//414 2283//414
f 2092//329 2091//329 2064//329
f 2076//330 2072//330 2047//330
f 2077//332 2076//332 2052//332
f 2057//333 2083//333 2077//333
f 2084//334 2083//334 2057//334
f 2060//335 2086//335 2084//335
f 2062//336 2089//336 2086//336
f 2083//337 2114//337 2106//337
f 2115//338 2114//338 2083//338
f 2120//339 2115//339 2084//339
f 2127//340 2120//340 2086//340
f 2129//341 2127//341 2089//341
f 2072//342 2095//342 2285//342
f 2092//343 2132//343 2129//343
f 2100//3961 2095//3961 2072//3961
f 2077//346 2106//346 2100//346
f 2129//347 2143//347 2142//347
f 2285//348 2095//348 2133//348
f 2147//349 2143//349 2129//349
f 2100//350 2135//350 2133//350
f 2106//352 2137//352 2135//352
f 2114//353 2139//353 2137//353
f 2140//354 2139//354 2114//354
f 2120//355 2141//355 2140//355
f 2127//356 2142//356 2141//356
f 2139//357 2171//357 2167//357
f 2173//358 2171//358 2139//358
f 2141//359 2175//359 2173//359
f 2179//360 2175//360 2141//360
f 2181//361 2179//361 2142//361
f 2155//362 2291//362 2287//362
f 2183//363 2181//363 2143//363
f 2135//364 2165//364 2155//364
f 2167//366 2165//366 2135//366
f 2202//367 2200//367 2175//367
f 2204//416 2202//416 2179//416
f 2155//369 2185//369 2306//369
f 2183//370 2210//370 2204//370
f 2165//371 2191//371 2185//371
f 2195//373 2191//373 2165//373
f 2197//374 2195//374 2167//374
f 2198//375 2197//375 2171//375
f 2175//376 2200//376 2198//376
f 2223//377 2219//377 2191//377
f 2197//378 2225//378 2223//378
f 2227//379 2225//379 2197//379
f 2234//380 2227//380 2198//380
f 2238//381 2234//381 2200//381
f 2242//382 2238//382 2202//382
f 2214//417 2303//417 2306//417
f 2210//384 2244//384 2242//384
f 2191//385 2219//385 2214//385
f 2253//387 2252//387 2234//387
f 2254//388 2253//388 2238//388
f 2246//389 2296//389 2303//389
f 2255//390 2254//390 2242//390
f 2219//391 2248//391 2246//391
f 2249//393 2248//393 2219//393
f 2225//394 2250//394 2249//394
f 2251//395 2250//395 2225//395
f 2252//396 2251//396 2227//396
f 2249//398 2257//398 176//398
f 2250//427 202//427 2257//427
f 2251//400 222//400 202//400
f 2252//401 250//401 222//401
f 2253//402 260//402 250//402
f 2254//403 2260//403 260//403
f 130//404 2356//404 2296//404
f 2264//405 2260//405 2254//405
f 2248//406 176//406 130//406
f 191//7 390//7 386//7
f 394//8 390//8 191//8
f 397//9 394//9 213//9
f 234//10 412//10 397//10
f 2601//11 436//11 412//11
f 129//12 340//12 2629//12
f 2602//13 460//13 436//13
f 378//14 340//14 129//14
f 2600//16 386//16 378//16
f 641//17 631//17 397//17
f 436//18 650//18 641//18
f 2629//19 340//19 545//19
f 460//20 666//20 650//20
f 378//21 561//21 545//21
f 386//23 571//23 561//23
f 390//24 589//24 571//24
f 394//25 602//25 589//25
f 397//26 631//26 602//26
f 571//28 768//28 766//28
f 589//29 778//29 768//29
f 799//30 778//30 589//30
f 811//31 799//31 602//31
f 813//32 811//32 631//32
f 835//33 813//33 641//33
f 545//34 756//34 2631//34
f 858//35 835//35 650//35
f 766//36 756//36 545//36
f 811//37 972//37 958//37
f 813//38 985//38 972//38
f 835//39 995//39 985//39
f 2631//40 756//40 919//40
f 858//41 997//41 995//41
f 920//42 919//42 756//42
f 768//44 926//44 920//44
f 778//45 946//45 926//45
f 958//46 946//46 778//46
f 1117//47 1109//47 995//47
f 1055//48 1047//48 919//48
f 926//50 1079//50 1055//50
f 1084//51 1079//51 926//51
f 1088//52 1084//52 946//52
f 1094//53 1088//53 958//53
f 1105//54 1094//54 972//54
f 995//55 1109//55 1105//55
f 919//56 1047//56 2640//56
f 1223//57 1210//57 1084//57
f 1233//58 1223//58 1088//58
f 1105//59 1241//59 1233//59
f 1253//60 1241//60 1105//60
f 1047//61 1174//61 2643//61
f 1117//62 1260//62 1253//62
f 1190//63 1174//63 1047//63
f 1200//65 1190//65 1055//65
f 1210//66 1200//66 1079//66
f 1174//67 1312//67 2634//67
f 1260//68 1380//68 1370//68
f 1328//69 1312//69 1174//69
f 1200//71 1338//71 1328//71
f 1347//72 1338//72 1200//72
f 1358//73 1347//73 1210//73
f 1362//74 1358//74 1223//74
f 1364//75 1362//75 1233//75
f 1370//76 1364//76 1241//76
f 1481//77 1475//77 1347//77
f 1496//78 1481//78 1358//78
f 1364//79 1504//79 1496//79
f 1522//80 1504//80 1364//80
f 1312//81 1452//81 2632//81
f 1380//82 1526//82 1522//82
f 1454//83 1452//83 1312//83
f 1338//85 1459//85 1454//85
f 1475//86 1459//86 1338//86
f 1522//87 1603//87 1594//87
f 1558//88 2624//88 2632//88
f 1610//89 1603//89 1522//89
f 1565//90 1558//90 1452//90
f 1459//92 1570//92 1565//92
f 1579//93 1570//93 1459//93
f 1584//94 1579//94 1475//94
f 1591//95 1584//95 1481//95
f 1504//96 1594//96 1591//96
f 1666//97 1654//97 1570//97
f 1584//98 1674//98 1666//98
f 1687//408 1674//408 1584//408
f 1594//100 1689//100 1687//100
f 1697//101 1689//101 1594//101
f 1648//102 2620//102 2624//102
f 1610//103 1699//103 1697//103
f 1652//104 1648//104 1558//104
f 1570//106 1654//106 1652//106
f 1697//107 1780//107 1777//107
f 1648//108 1737//108 2616//108
f 1699//109 1781//109 1780//109
f 1738//110 1737//110 1648//110
f 1654//112 1752//112 1738//112
f 1758//113 1752//113 1654//113
f 1674//114 1771//114 1758//114
f 1775//115 1771//115 1674//115
f 1777//116 1775//116 1687//116
f 1841//117 1837//117 1752//117
f 1846//118 1841//118 1758//118
f 1775//119 1857//119 1846//119
f 1863//120 1857//120 1775//120
f 1871//121 1863//121 1777//121
f 1737//122 1826//122 2618//122
f 1883//123 1871//123 1780//123
f 1833//124 1826//124 1737//124
f 1837//126 1833//126 1738//126
f 1929//127 1924//127 1857//127
f 1934//128 1929//128 1863//128
f 1826//129 1898//129 2615//129
f 1937//130 1934//130 1871//130
f 1908//131 1898//131 1826//131
f 1914//133 1908//133 1833//133
f 1918//134 1914//134 1837//134
f 1922//135 1918//135 1841//135
f 1924//136 1922//136 1846//136
f 1973//138 1971//138 1908//138
f 1976//139 1973//139 1914//139
f 1922//140 1977//140 1976//140
f 1924//141 1981//141 1977//141
f 1989//142 1981//142 1924//142
f 1934//143 1998//143 1989//143
f 1969//144 2617//144 2615//144
f 1937//145 2001//145 1998//145
f 1971//146 1969//146 1898//146
f 1981//147 2049//147 2045//147
f 2053//148 2049//148 1981//148
f 2056//149 2053//149 1989//149
f 1969//150 2025//150 2612//150
f 2059//151 2056//151 1998//151
f 2031//152 2025//152 1969//152
f 1973//154 2035//154 2031//154
f 1976//155 2039//155 2035//155
f 2045//156 2039//156 1976//156
f 2090//157 2088//157 2025//157
f 2094//159 2090//159 2031//159
f 2039//160 2097//160 2094//160
f 2102//161 2097//161 2039//161
f 2049//162 2107//162 2102//162
f 2111//163 2107//163 2049//163
f 2056//164 2118//164 2111//164
f 2025//165 2088//165 2613//165
f 2124//166 2118//166 2056//166
f 2172//167 2169//167 2102//167
f 2174//168 2172//168 2107//168
f 2176//409 2174//409 2111//409
f 2088//170 2144//170 2614//170
f 2178//171 2176//171 2118//171
f 2150//172 2144//172 2088//172
f 2152//174 2150//174 2090//174
f 2159//175 2152//175 2094//175
f 2169//176 2159//176 2097//176
f 2240//177 2236//177 2176//177
f 2150//178 2215//178 2212//178
f 2217//180 2215//180 2150//180
f 2221//181 2217//181 2152//181
f 2169//182 2224//182 2221//182
f 2226//183 2224//183 2169//183
f 2231//184 2226//184 2172//184
f 2236//185 2231//185 2174//185
f 2144//186 2212//186 2611//186
f 2271//187 2266//187 2221//187
f 2275//188 2271//188 2224//188
f 2231//189 2278//189 2275//189
f 2279//190 2278//190 2231//190
f 2212//191 2256//191 2609//191
f 2282//192 2279//192 2236//192
f 2215//193 2258//193 2256//193
f 2262//195 2258//195 2215//195
f 2221//196 2266//196 2262//196
f 2256//197 2301//197 2607//197
f 2322//198 2319//198 2279//198
f 2305//199 2301//199 2256//199
f 2307//201 2305//201 2258//201
f 2308//202 2307//202 2262//202
f 2271//203 2310//203 2308//203
f 2313//204 2310//204 2271//204
f 2317//205 2313//205 2275//205
f 2279//206 2319//206 2317//206
f 2310//207 2355//207 2351//207
f 2359//208 2355//208 2310//208
f 2360//209 2359//209 2313//209
f 2361//210 2360//210 2317//210
f 2301//211 2340//211 2608//211
f 2322//212 2362//212 2361//212
f 2343//213 2340//213 2301//213
f 2346//215 2343//215 2305//215
f 2308//216 2351//216 2346//216
f 2361//217 2371//217 2369//217
f 2340//218 2363//218 2606//218
f 2362//219 2372//219 2371//219
f 2364//220 2363//220 2340//220
f 2365//222 2364//222 2343//222
f 2366//223 2365//223 2346//223
f 2355//224 2367//224 2366//224
f 2368//225 2367//225 2355//225
f 2369//226 2368//226 2359//226
f 2381//227 2378//227 2365//227
f 2383//228 2381//228 2366//228
f 2384//229 2383//229 2367//229
f 2369//230 2386//230 2384//230
f 2388//231 2386//231 2369//231
f 2363//232 2374//232 2610//232
f 2389//233 2388//233 2371//233
f 2376//234 2374//234 2363//234
f 2365//236 2378//236 2376//236
f 2396//237 2395//237 2384//237
f 2388//238 2397//238 2396//238
f 2374//239 2390//239 2604//239
f 2398//240 2397//240 2388//240
f 2391//410 2390//410 2374//410
f 2392//243 2391//243 2376//243
f 2381//244 2393//244 2392//244
f 2394//245 2393//245 2381//245
f 2395//246 2394//246 2383//246
f 2405//247 2403//247 2391//247
f 2407//248 2405//248 2392//248
f 2409//249 2407//249 2393//249
f 2395//250 2411//250 2409//250
f 2413//251 2411//251 2395//251
f 2415//252 2413//252 2396//252
f 2400//253 2605//253 2604//253
f 2416//254 2415//254 2397//254
f 2403//255 2400//255 2390//255
f 2423//257 2422//257 2411//257
f 2415//258 2424//258 2423//258
f 2400//259 2417//259 2603//259
f 2416//260 2425//260 2424//260
f 2418//261 2417//261 2400//261
f 2419//263 2418//263 2403//263
f 2420//264 2419//264 2405//264
f 2421//265 2420//265 2407//265
f 2411//266 2422//266 2421//266
f 2430//268 2428//268 2418//268
f 2420//269 2432//269 2430//269
f 2434//270 2432//270 2420//270
f 2422//271 2436//271 2434//271
f 2423//272 2438//272 2436//272
f 2440//273 2438//273 2423//273
f 2417//274 2426//274 2619//274
f 2442//275 2440//275 2424//275
f 2428//276 2426//276 2417//276
f 2449//277 2448//277 2434//277
f 2438//278 2450//278 2449//278
f 2451//279 2450//279 2438//279
f 2426//280 2444//280 2623//280
f 2452//281 2451//281 2440//281
f 2428//282 2445//282 2444//282
f 2446//284 2445//284 2428//284
f 2432//285 2447//285 2446//285
f 2434//286 2448//286 2447//286
f 2454//287 2453//287 2444//287
f 2456//289 2454//289 2445//289
f 2447//290 2458//290 2456//290
f 2460//291 2458//291 2447//291
f 2462//292 2460//292 2448//292
f 2464//293 2462//293 2449//293
f 2467//294 2464//294 2450//294
f 2444//295 2453//295 2625//295
f 2452//296 2469//296 2467//296
f 2462//297 2476//297 2475//297
f 2464//298 2477//298 2476//298
f 2467//299 2478//299 2477//299
f 2453//300 2471//300 2633//300
f 2479//301 2478//301 2467//301
f 2472//302 2471//302 2453//302
f 2473//304 2472//304 2454//304
f 2458//305 2474//305 2473//305
f 2475//306 2474//306 2458//306
f 2479//307 2495//307 2492//307
f 2481//308 2480//308 2471//308
f 2482//310 2481//310 2472//310
f 2484//412 2482//412 2473//412
f 2475//3962 2486//3962 2484//3962
f 2489//313 2486//313 2475//313
f 2490//314 2489//314 2476//314
f 2478//315 2492//315 2490//315
f 2641//316 2635//316 2480//316
f 2635//316 2633//316 2471//316
f 2502//317 2501//317 2484//317
f 2503//318 2502//318 2486//318
f 2504//319 2503//319 2489//319
f 2505//320 2504//320 2490//320
f 2480//321 2496//321 2642//321
f 2506//322 2505//322 2492//322
f 2498//323 2496//323 2480//323
f 2482//325 2500//325 2498//325
f 2484//326 2501//326 2500//326
f 2505//327 2518//327 2516//327
f 2496//414 2507//414 2639//414
f 2520//329 2518//329 2505//329
f 2508//330 2507//330 2496//330
f 2509//332 2508//332 2498//332
f 2501//333 2511//333 2509//333
f 2512//334 2511//334 2501//334
f 2503//335 2515//335 2512//335
f 2504//336 2516//336 2515//336
f 2511//337 2528//337 2526//337
f 2529//338 2528//338 2511//338
f 2530//339 2529//339 2512//339
f 2531//340 2530//340 2515//340
f 2518//341 2532//341 2531//341
f 2507//342 2522//342 2636//342
f 2533//343 2532//343 2518//343
f 2508//3961 2524//3961 2522//3961
f 2526//346 2524//346 2508//346
f 2532//347 2545//347 2543//347
f 2522//348 2534//348 2637//348
f 2547//349 2545//349 2532//349
f 2524//350 2535//350 2534//350
f 2536//352 2535//352 2524//352
f 2528//353 2537//353 2536//353
f 2529//354 2539//354 2537//354
f 2530//355 2541//355 2539//355
f 2543//356 2541//356 2530//356
f 2537//357 2555//357 2553//357
f 2556//358 2555//358 2537//358
f 2557//359 2556//359 2539//359
f 2558//360 2557//360 2541//360
f 2545//361 2559//361 2558//361
f 2534//362 2549//362 2630//362
f 2560//363 2559//363 2545//363
f 2535//364 2550//364 2549//364
f 2553//366 2550//366 2535//366
f 2568//367 2566//367 2557//367
f 2559//416 2570//416 2568//416
f 2549//369 2561//369 2626//369
f 2573//370 2570//370 2559//370
f 2550//371 2562//371 2561//371
f 2563//373 2562//373 2550//373
f 2555//374 2564//374 2563//374
f 2556//375 2565//375 2564//375
f 2557//376 2566//376 2565//376
f 2563//377 2578//377 2576//377
f 2581//378 2578//378 2563//378
f 2583//379 2581//379 2564//379
f 2584//380 2583//380 2565//380
f 2585//381 2584//381 2566//381
f 2570//382 2586//382 2585//382
f 2561//417 2575//417 2627//417
f 2587//384 2586//384 2570//384
f 2576//385 2575//385 2561//385
f 2597//387 2596//387 2584//387
f 2598//388 2597//388 2585//388
f 2575//389 2588//389 2622//389
f 2587//390 2599//390 2598//390
f 2576//391 2591//391 2588//391
f 2578//393 2592//393 2591//393
f 2581//394 2594//394 2592//394
f 2595//395 2594//395 2581//395
f 2596//396 2595//396 2583//396
f 2592//398 2600//398 166//398
f 2594//427 191//427 2600//427
f 2595//400 213//400 191//400
f 2596//401 217//401 213//401
f 2597//402 234//402 217//402
f 2598//403 2601//403 234//403
f 2588//404 129//404 2621//404
f 2602//405 2601//405 2598//405
f 2591//406 166//406 129//406
f 316//8 313//8 145//8
f 181//9 322//9 316//9
f 331//10 322//10 181//10
f 2590//11 350//11 331//11
f 87//12 298//12 2654//12
f 2593//13 354//13 350//13
f 304//14 298//14 87//14
f 2589//16 310//16 304//16
f 313//7 310//7 2589//7
f 482//17 475//17 322//17
f 487//18 482//18 331//18
f 2654//19 298//19 409//19
f 499//20 487//20 350//20
f 429//21 409//21 298//21
f 310//23 432//23 429//23
f 445//24 432//24 310//24
f 451//25 445//25 313//25
f 322//26 475//26 451//26
f 568//28 566//28 429//28
f 576//29 568//29 432//29
f 585//30 576//30 445//30
f 475//31 595//31 585//31
f 599//32 595//32 475//32
f 487//33 615//33 599//33
f 2657//34 409//34 556//34
f 628//35 615//35 487//35
f 566//36 556//36 409//36
f 753//38 733//38 595//38
f 759//39 753//39 599//39
f 556//40 687//40 2659//40
f 763//41 759//41 615//41
f 690//42 687//42 556//42
f 568//44 693//44 690//44
f 576//45 706//45 693//45
f 585//46 722//46 706//46
f 595//37 733//37 722//37
f 693//50 850//50 825//50
f 853//51 850//51 693//51
f 722//52 863//52 853//52
f 733//53 870//53 863//53
f 874//54 870//54 733//54
f 759//55 877//55 874//55
f 687//56 817//56 2663//56
f 763//47 890//47 877//47
f 690//48 825//48 817//48
f 961//58 954//58 863//58
f 967//59 961//59 870//59
f 974//60 967//60 874//60
f 817//61 923//61 2661//61
f 978//62 974//62 877//62
f 930//63 923//63 817//63
f 850//65 937//65 930//65
f 948//66 937//66 850//66
f 863//57 954//57 948//57
f 978//68 1071//68 1057//68
f 1028//3956 1025//3956 923//3956
f 1035//71 1028//71 930//71
f 948//72 1041//72 1035//72
f 954//73 1043//73 1041//73
f 1050//74 1043//74 954//74
f 1052//75 1050//75 961//75
f 974//76 1057//76 1052//76
f 923//67 1025//67 2670//67
f 1130//77 1126//77 1041//77
f 1139//78 1130//78 1043//78
f 1146//79 1139//79 1050//79
f 1160//80 1146//80 1052//80
f 1025//81 1112//81 2669//81
f 1071//82 1165//82 1160//82
f 1113//83 1112//83 1025//83
f 1118//85 1113//85 1028//85
f 1126//86 1118//86 1035//86
f 1112//88 1198//88 2667//88
f 1249//89 1243//89 1160//89
f 1206//90 1198//90 1112//90
f 1215//92 1206//92 1113//92
f 1126//93 1222//93 1215//93
f 1225//94 1222//94 1126//94
f 1139//95 1227//95 1225//95
f 1235//96 1227//96 1139//96
f 1243//87 1235//87 1146//87
f 1309//98 1300//98 1222//98
f 1321//408 1309//408 1225//408
f 1235//100 1332//100 1321//100
f 1243//101 1334//101 1332//101
f 1198//102 1288//102 2665//102
f 1340//103 1334//103 1243//103
f 1290//104 1288//104 1198//104
f 1294//106 1290//106 1206//106
f 1300//97 1294//97 1215//97
f 1418//107 1416//107 1332//107
f 1288//108 1374//108 2666//108
f 1340//109 1423//109 1418//109
f 1388//110 1374//110 1288//110
f 1395//112 1388//112 1290//112
f 1300//113 1397//113 1395//113
f 1309//114 1408//114 1397//114
f 1414//115 1408//115 1309//115
f 1416//116 1414//116 1321//116
f 1483//117 1477//117 1395//117
f 1488//118 1483//118 1397//118
f 1499//119 1488//119 1408//119
f 1416//120 1502//120 1499//120
f 1516//121 1502//121 1416//121
f 1374//122 1467//122 2664//122
f 1423//123 1519//123 1516//123
f 1473//124 1467//124 1374//124
f 1477//126 1473//126 1388//126
f 1573//128 1568//128 1502//128
f 1467//129 1541//129 2668//129
f 1575//130 1573//130 1516//130
f 1473//131 1544//131 1541//131
f 1477//133 1555//133 1544//133
f 1559//134 1555//134 1477//134
f 1561//135 1559//135 1483//135
f 1499//136 1563//136 1561//136
f 1568//127 1563//127 1499//127
f 1559//139 1614//139 1612//139
f 1616//140 1614//140 1559//140
f 1563//141 1623//141 1616//141
f 1633//142 1623//142 1563//142
f 1573//143 1639//143 1633//143
f 1608//144 2660//144 2668//144
f 1642//145 1639//145 1573//145
f 1544//146 1611//146 1608//146
f 1612//138 1611//138 1544//138
f 1692//148 1690//148 1623//148
f 1695//149 1692//149 1633//149
f 1660//150 2662//150 2660//150
f 1642//151 1698//151 1695//151
f 1668//152 1660//152 1608//152
f 1671//154 1668//154 1611//154
f 1680//155 1671//155 1612//155
f 1684//156 1680//156 1614//156
f 1690//147 1684//147 1616//147
f 1732//159 1729//159 1668//159
f 1735//160 1732//160 1671//160
f 1740//161 1735//161 1680//161
f 1690//162 1749//162 1740//162
f 1692//163 1750//163 1749//163
f 1757//164 1750//164 1692//164
f 1660//165 1727//165 2671//165
f 1760//166 1757//166 1695//166
f 1668//157 1729//157 1727//157
f 1749//167 1810//167 1808//167
f 1813//168 1810//168 1749//168
f 1814//409 1813//409 1750//409
f 1782//170 2655//170 2671//170
f 1816//171 1814//171 1757//171
f 1785//172 1782//172 1727//172
f 1792//174 1785//174 1729//174
f 1735//175 1800//175 1792//175
f 1808//176 1800//176 1735//176
f 1854//178 1851//178 1782//178
f 1858//180 1854//180 1785//180
f 1800//181 1862//181 1858//181
f 1864//182 1862//182 1800//182
f 1810//183 1865//183 1864//183
f 1874//184 1865//184 1810//184
f 1814//185 1875//185 1874//185
f 1851//186 2656//186 2655//186
f 1816//177 1880//177 1875//177
f 1915//188 1910//188 1864//188
f 1917//189 1915//189 1865//189
f 1919//190 1917//190 1874//190
f 1896//191 2653//191 2656//191
f 1880//192 1920//192 1919//192
f 1899//193 1896//193 1851//193
f 1904//195 1899//195 1854//195
f 1906//196 1904//196 1858//196
f 1864//187 1910//187 1906//187
f 1961//198 1960//198 1919//198
f 1944//199 1942//199 1896//199
f 1904//201 1946//201 1944//201
f 1948//202 1946//202 1904//202
f 1910//203 1950//203 1948//203
f 1952//204 1950//204 1910//204
f 1954//205 1952//205 1915//205
f 1960//206 1954//206 1917//206
f 1896//197 1942//197 2652//197
f 1994//207 1987//207 1948//207
f 1996//208 1994//208 1950//208
f 2000//209 1996//209 1952//209
f 2002//210 2000//210 1954//210
f 1942//211 1978//211 2650//211
f 2004//212 2002//212 1960//212
f 1980//213 1978//213 1942//213
f 1983//215 1980//215 1944//215
f 1948//216 1987//216 1983//216
f 1978//218 2023//218 2648//218
f 2043//219 2041//219 2002//219
f 2027//220 2023//220 1978//220
f 2028//222 2027//222 1980//222
f 2030//223 2028//223 1983//223
f 1994//224 2033//224 2030//224
f 2034//225 2033//225 1994//225
f 2038//226 2034//226 1996//226
f 2041//217 2038//217 2000//217
f 2033//228 2073//228 2069//228
f 2034//229 2080//229 2073//229
f 2038//230 2082//230 2080//230
f 2085//231 2082//231 2038//231
f 2023//232 2061//232 2649//232
f 2043//233 2087//233 2085//233
f 2063//234 2061//234 2023//234
f 2066//236 2063//236 2027//236
f 2030//227 2069//227 2066//227
f 2121//238 2119//238 2082//238
f 2061//239 2103//239 2646//239
f 2125//240 2121//240 2085//240
f 2110//410 2103//410 2061//410
f 2112//243 2110//243 2063//243
f 2069//244 2113//244 2112//244
f 2116//245 2113//245 2069//245
f 2080//246 2117//246 2116//246
f 2082//237 2119//237 2117//237
f 2113//248 2153//248 2148//248
f 2157//249 2153//249 2113//249
f 2117//250 2161//250 2157//250
f 2119//251 2163//251 2161//251
f 2121//252 2168//252 2163//252
f 2644//253 2646//253 2103//253
f 2103//253 2145//253 2644//253
f 2170//254 2168//254 2121//254
f 2110//255 2146//255 2145//255
f 2148//247 2146//247 2110//247
f 2203//257 2201//257 2161//257
f 2168//258 2206//258 2203//258
f 2145//259 2187//259 2674//259
f 2170//260 2208//260 2206//260
f 2189//261 2187//261 2145//261
f 2193//263 2189//263 2146//263
f 2153//264 2196//264 2193//264
f 2199//265 2196//265 2153//265
f 2161//266 2201//266 2199//266
f 2235//268 2233//268 2189//268
f 2196//269 2237//269 2235//269
f 2239//270 2237//270 2196//270
f 2241//271 2239//271 2199//271
f 2203//272 2243//272 2241//272
f 2206//273 2245//273 2243//273
f 2187//274 2229//274 2676//274
f 2247//275 2245//275 2206//275
f 2233//3958 2229//3958 2187//3958
f 2270//278 2268//278 2241//278
f 2272//279 2270//279 2243//279
f 2229//3959 2259//3959 2678//3959
f 2247//281 2274//281 2272//281
f 2233//282 2261//282 2259//282
f 2263//284 2261//284 2233//284
f 2265//285 2263//285 2235//285
f 2267//286 2265//286 2237//286
f 2268//277 2267//277 2239//277
f 2263//289 2290//289 2289//289
f 2292//290 2290//290 2263//290
f 2295//291 2292//291 2265//291
f 2297//292 2295//292 2267//292
f 2299//293 2297//293 2268//293
f 2300//294 2299//294 2270//294
f 2259//295 2286//295 2681//295
f 2302//296 2300//296 2272//296
f 2261//287 2289//287 2286//287
f 2325//297 2323//297 2295//297
f 2326//298 2325//298 2297//298
f 2328//299 2326//299 2299//299
f 2286//300 2314//300 2684//300
f 2302//301 2331//301 2328//301
f 2316//302 2314//302 2286//302
f 2318//304 2316//304 2289//304
f 2292//3960 2320//3960 2318//3960
f 2295//306 2323//306 2320//306
f 2316//308 2344//308 2342//308
f 2347//310 2344//310 2316//310
f 2349//412 2347//412 2318//412
f 2350//312 2349//312 2320//312
f 2325//313 2353//313 2350//313
f 2326//314 2354//314 2353//314
f 2328//315 2357//315 2354//315
f 2314//316 2342//316 2685//316
f 2358//307 2357//307 2328//307
f 2380//318 2379//318 2350//318
f 2382//319 2380//319 2353//319
f 2357//320 2385//320 2382//320
f 2342//321 2370//321 2683//321
f 2358//322 2387//322 2385//322
f 2373//323 2370//323 2342//323
f 2375//325 2373//325 2344//325
f 2349//326 2377//326 2375//326
f 2379//317 2377//317 2349//317
f 2387//329 2414//329 2412//329
f 2401//330 2399//330 2370//330
f 2402//332 2401//332 2373//332
f 2404//333 2402//333 2375//333
f 2406//334 2404//334 2377//334
f 2380//335 2408//335 2406//335
f 2410//336 2408//336 2380//336
f 2412//327 2410//327 2382//327
f 2370//414 2399//414 2682//414
f 2406//338 2435//338 2433//338
f 2437//339 2435//339 2406//339
f 2439//340 2437//340 2408//340
f 2441//341 2439//341 2410//341
f 2399//342 2427//342 2680//342
f 2443//343 2441//343 2412//343
f 2429//3961 2427//3961 2399//3961
f 2402//346 2431//346 2429//346
f 2433//337 2431//337 2402//337
f 2441//347 2468//347 2466//347
f 2680//348 2427//348 2455//348
f 2443//349 2470//349 2468//349
f 2429//350 2457//350 2455//350
f 2459//352 2457//352 2429//352
f 2433//353 2461//353 2459//353
f 2463//354 2461//354 2433//354
f 2465//355 2463//355 2435//355
f 2439//356 2466//356 2465//356
f 2488//357 2487//357 2459//357
f 2491//358 2488//358 2461//358
f 2465//359 2493//359 2491//359
f 2494//360 2493//360 2465//360
f 2468//361 2497//361 2494//361
f 2455//362 2483//362 2677//362
f 2499//363 2497//363 2468//363
f 2457//364 2485//364 2483//364
f 2487//366 2485//366 2457//366
f 2525//416 2523//416 2494//416
f 2483//369 2510//369 2675//369
f 2527//370 2525//370 2497//370
f 2485//371 2513//371 2510//371
f 2514//373 2513//373 2485//373
f 2488//374 2517//374 2514//374
f 2519//375 2517//375 2488//375
f 2493//376 2521//376 2519//376
f 2523//367 2521//367 2493//367
f 2544//378 2542//378 2514//378
f 2519//379 2546//379 2544//379
f 2548//380 2546//380 2519//380
f 2551//381 2548//381 2521//381
f 2525//382 2552//382 2551//382
f 2510//417 2538//417 2673//417
f 2527//384 2554//384 2552//384
f 2513//385 2540//385 2538//385
f 2542//377 2540//377 2513//377
f 2579//387 2577//387 2548//387
f 2580//388 2579//388 2551//388
f 2645//3963 2673//3963 2538//3963
f 2538//389 2567//389 2645//389
f 2582//390 2580//390 2552//390
f 2540//391 2569//391 2567//391
f 2571//393 2569//393 2540//393
f 2544//394 2572//394 2571//394
f 2574//395 2572//395 2544//395
f 2577//396 2574//396 2546//396
f 2571//398 2589//398 107//398
f 2572//427 145//427 2589//427
f 2574//400 160//400 145//400
f 2577//401 181//401 160//401
f 2579//402 198//402 181//402
f 2580//403 2590//403 198//403
f 2567//404 87//404 2651//404
f 2582//405 2593//405 2590//405
f 2569//406 107//406 87//406
f 265//8 262//8 117//8
f 267//9 265//9 124//9
f 140//10 272//10 267//10
f 2230//11 281//11 272//11
f 2696//12 2694//12 73//12
f 73//12 241//12 2696//12
f 2232//13 291//13 281//13
f 251//14 241//14 73//14
f 2228//16 259//16 251//16
f 117//7 262//7 259//7
f 375//17 361//17 267//17
f 381//18 375//18 272//18
f 241//19 328//19 2725//19
f 291//20 385//20 381//20
f 337//21 328//21 241//21
f 259//23 346//23 337//23
f 347//24 346//24 259//24
f 360//25 347//25 262//25
f 361//26 360//26 265//26
f 438//28 435//28 337//28
f 347//29 440//29 438//29
f 443//30 440//30 347//30
f 450//31 443//31 360//31
f 454//32 450//32 361//32
f 469//33 454//33 375//33
f 328//34 428//34 2724//34
f 385//35 473//35 469//35
f 435//36 428//36 328//36
f 559//38 553//38 450//38
f 469//39 562//39 559//39
f 428//40 514//40 2727//40
f 565//41 562//41 469//41
f 517//42 514//42 428//42
f 520//44 517//44 435//44
f 529//45 520//45 438//45
f 538//46 529//46 440//46
f 450//37 553//37 538//37
f 620//50 608//50 517//50
f 626//51 620//51 520//51
f 635//52 626//52 529//52
f 639//53 635//53 538//53
f 642//54 639//54 553//54
f 562//55 645//55 642//55
f 514//56 607//56 2726//56
f 653//47 645//47 562//47
f 608//48 607//48 514//48
f 731//58 725//58 635//58
f 739//59 731//59 639//59
f 645//60 742//60 739//60
f 607//61 691//61 2714//61
f 748//62 742//62 645//62
f 694//63 691//63 607//63
f 702//65 694//65 608//65
f 626//66 720//66 702//66
f 725//57 720//57 626//57
f 841//68 826//68 742//68
f 793//69 784//69 691//69
f 808//71 793//71 694//71
f 810//72 808//72 702//72
f 814//73 810//73 720//73
f 731//74 816//74 814//74
f 822//75 816//75 731//75
f 826//76 822//76 739//76
f 691//67 784//67 2713//67
f 891//77 887//77 810//77
f 901//78 891//78 814//78
f 822//79 910//79 901//79
f 826//80 914//80 910//80
f 784//81 880//81 2719//81
f 915//82 914//82 826//82
f 884//83 880//83 784//83
f 885//85 884//85 793//85
f 887//86 885//86 808//86
f 880//88 942//88 2716//88
f 915//89 971//89 969//89
f 944//90 942//90 880//90
f 885//92 950//92 944//92
f 951//93 950//93 885//93
f 891//94 956//94 951//94
f 960//95 956//95 891//95
f 965//96 960//96 901//96
f 969//87 965//87 910//87
f 1016//98 1006//98 951//98
f 1021//408 1016//408 956//408
f 1027//100 1021//100 960//100
f 1031//101 1027//101 965//101
f 942//102 1000//102 2715//102
f 1034//103 1031//103 969//103
f 1002//104 1000//104 942//104
f 950//106 1004//106 1002//106
f 1006//97 1004//97 950//97
f 1031//107 1087//107 1085//107
f 1000//108 1060//108 2718//108
f 1034//109 1089//109 1087//109
f 1062//110 1060//110 1000//110
f 1070//112 1062//112 1002//112
f 1077//113 1070//113 1004//113
f 1081//114 1077//114 1006//114
f 1083//115 1081//115 1016//115
f 1085//116 1083//116 1021//116
f 1132//117 1127//117 1070//117
f 1137//118 1132//118 1077//118
f 1141//119 1137//119 1081//119
f 1144//120 1141//120 1083//120
f 1154//121 1144//121 1085//121
f 1060//122 1120//122 2717//122
f 1162//123 1154//123 1087//123
f 1124//124 1120//124 1060//124
f 1127//126 1124//126 1062//126
f 1211//128 1208//128 1144//128
f 1120//129 1179//129 2702//129
f 1162//130 1214//130 1211//130
f 1184//131 1179//131 1120//131
f 1194//133 1184//133 1124//133
f 1196//134 1194//134 1127//134
f 1201//135 1196//135 1132//135
f 1141//136 1204//136 1201//136
f 1208//127 1204//127 1141//127
f 1254//139 1252//139 1194//139
f 1256//140 1254//140 1196//140
f 1262//141 1256//141 1201//141
f 1270//142 1262//142 1204//142
f 1211//143 1277//143 1270//143
f 1179//144 1245//144 2704//144
f 1281//145 1277//145 1211//145
f 1184//146 1250//146 1245//146
f 1252//138 1250//138 1184//138
f 1333//148 1330//148 1262//148
f 1335//149 1333//149 1270//149
f 1245//150 1305//150 2701//150
f 1337//151 1335//151 1277//151
f 1307//152 1305//152 1245//152
f 1310//154 1307//154 1250//154
f 1254//155 1314//155 1310//155
f 1326//156 1314//156 1254//156
f 1262//147 1330//147 1326//147
f 1372//159 1369//159 1307//159
f 1376//160 1372//160 1310//160
f 1378//161 1376//161 1314//161
f 1330//162 1384//162 1378//162
f 1390//163 1384//163 1330//163
f 1394//164 1390//164 1333//164
f 1305//165 1366//165 2703//165
f 1337//166 1400//166 1394//166
f 1307//157 1369//157 1366//157
f 1450//167 1446//167 1378//167
f 1451//168 1450//168 1384//168
f 1453//409 1451//409 1390//409
f 1366//170 1421//170 2699//170
f 1456//171 1453//171 1394//171
f 1425//172 1421//172 1366//172
f 1372//174 1435//174 1425//174
f 1376//175 1441//175 1435//175
f 1446//176 1441//176 1376//176
f 1494//178 1489//178 1421//178
f 1497//180 1494//180 1425//180
f 1501//181 1497//181 1435//181
f 1446//182 1503//182 1501//182
f 1506//183 1503//183 1446//183
f 1512//184 1506//184 1450//184
f 1514//185 1512//185 1451//185
f 1421//186 1489//186 2700//186
f 1456//177 1521//177 1514//177
f 1552//188 1550//188 1503//188
f 1556//189 1552//189 1506//189
f 1557//190 1556//190 1512//190
f 1489//191 1534//191 2698//191
f 1560//192 1557//192 1514//192
f 1538//193 1534//193 1489//193
f 1542//195 1538//195 1494//195
f 1547//196 1542//196 1497//196
f 1550//187 1547//187 1501//187
f 1600//198 1598//198 1557//198
f 1583//199 1581//199 1534//199
f 1585//201 1583//201 1538//201
f 1547//202 1587//202 1585//202
f 1589//203 1587//203 1547//203
f 1552//204 1590//204 1589//204
f 1592//205 1590//205 1552//205
f 1557//206 1598//206 1592//206
f 1581//197 2720//197 2698//197
f 1631//207 1628//207 1587//207
f 1636//208 1631//208 1589//208
f 1638//209 1636//209 1590//209
f 1598//210 1640//210 1638//210
f 1581//211 1617//211 2709//211
f 1643//212 1640//212 1598//212
f 1621//213 1617//213 1581//213
f 1625//215 1621//215 1583//215
f 1628//216 1625//216 1585//216
f 1617//218 1662//218 2710//218
f 1643//219 1683//219 1678//219
f 1664//220 1662//220 1617//220
f 1667//222 1664//222 1621//222
f 1628//223 1669//223 1667//223
f 1631//224 1672//224 1669//224
f 1673//225 1672//225 1631//225
f 1676//226 1673//226 1636//226
f 1678//217 1676//217 1638//217
f 1714//228 1710//228 1669//228
f 1717//229 1714//229 1672//229
f 1722//230 1717//230 1673//230
f 1678//231 1724//231 1722//231
f 1662//232 1700//232 2711//232
f 1726//233 1724//233 1678//233
f 1703//234 1700//234 1662//234
f 1704//236 1703//236 1664//236
f 1669//227 1710//227 1704//227
f 1762//238 1759//238 1722//238
f 1700//239 1745//239 2708//239
f 1767//240 1762//240 1724//240
f 1747//410 1745//410 1700//410
f 1704//243 1751//243 1747//243
f 1710//244 1753//244 1751//244
f 1755//245 1753//245 1710//245
f 1717//246 1756//246 1755//246
f 1759//237 1756//237 1717//237
f 1753//248 1791//248 1789//248
f 1797//249 1791//249 1753//249
f 1799//250 1797//250 1755//250
f 1759//251 1804//251 1799//251
f 1807//252 1804//252 1759//252
f 1745//253 1784//253 2712//253
f 1809//254 1807//254 1762//254
f 1786//255 1784//255 1745//255
f 1789//247 1786//247 1747//247
f 1842//257 1839//257 1799//257
f 1845//258 1842//258 1804//258
f 1784//259 1824//259 2706//259
f 1809//260 1848//260 1845//260
f 1829//261 1824//261 1784//261
f 1834//263 1829//263 1786//263
f 1836//264 1834//264 1789//264
f 1838//265 1836//265 1791//265
f 1839//266 1838//266 1797//266
f 1873//268 1872//268 1829//268
f 1836//269 1876//269 1873//269
f 1877//270 1876//270 1836//270
f 1839//271 1879//271 1877//271
f 1881//272 1879//272 1839//272
f 1884//273 1881//273 1842//273
f 1824//274 1869//274 2707//274
f 1848//275 1886//275 1884//275
f 1872//276 1869//276 1824//276
f 1881//278 1909//278 1907//278
f 1911//279 1909//279 1881//279
f 1869//280 1897//280 2705//280
f 1913//281 1911//281 1884//281
f 1900//282 1897//282 1869//282
f 1901//284 1900//284 1872//284
f 1876//285 1903//285 1901//285
f 1905//286 1903//286 1876//286
f 1907//277 1905//277 1877//277
f 1930//289 1928//289 1900//289
f 1903//290 1932//290 1930//290
f 1933//291 1932//291 1903//291
f 1935//292 1933//292 1905//292
f 1938//293 1935//293 1907//293
f 1911//294 1940//294 1938//294
f 1897//295 1925//295 2721//295
f 1913//296 1941//296 1940//296
f 1928//287 1925//287 1897//287
f 1935//297 1964//297 1962//297
f 1966//298 1964//298 1935//298
f 1967//299 1966//299 1938//299
f 1925//300 1953//300 2722//300
f 1970//301 1967//301 1940//301
f 1956//302 1953//302 1925//302
f 1958//304 1956//304 1928//304
f 1932//305 1959//305 1958//305
f 1962//306 1959//306 1932//306
f 1956//308 1984//308 1982//308
f 1986//310 1984//310 1956//310
f 1988//412 1986//412 1958//412
f 1990//312 1988//312 1959//312
f 1991//313 1990//313 1962//313
f 1993//314 1991//314 1964//314
f 1967//315 1995//315 1993//315
f 1953//316 1982//316 2697//316
f 1997//307 1995//307 1967//307
f 2019//318 2018//318 1990//318
f 2022//319 2019//319 1991//319
f 2024//320 2022//320 1993//320
f 1982//321 2010//321 2695//321
f 2026//322 2024//322 1995//322
f 1984//323 2011//323 2010//323
f 2013//325 2011//325 1984//325
f 1988//326 2015//326 2013//326
f 2018//317 2015//317 1988//317
f 2026//329 2054//329 2051//329
f 2040//330 2037//330 2010//330
f 2042//332 2040//332 2011//332
f 2044//333 2042//333 2013//333
f 2046//334 2044//334 2015//334
f 2019//335 2048//335 2046//335
f 2050//336 2048//336 2019//336
f 2051//327 2050//327 2022//327
f 2010//414 2037//414 2693//414
f 2074//338 2071//338 2044//338
f 2048//339 2075//339 2074//339
f 2078//340 2075//340 2048//340
f 2051//341 2079//341 2078//341
f 2037//342 2065//342 2692//342
f 2081//343 2079//343 2051//343
f 2040//3961 2067//3961 2065//3961
f 2070//346 2067//346 2040//346
f 2044//337 2071//337 2070//337
f 2079//347 2108//347 2105//347
f 2065//348 2093//348 2688//348
f 2109//349 2108//349 2079//349
f 2067//350 2096//350 2093//350
f 2098//352 2096//352 2067//352
f 2071//353 2099//353 2098//353
f 2101//354 2099//354 2071//354
f 2075//355 2104//355 2101//355
f 2105//356 2104//356 2075//356
f 2099//357 2128//357 2126//357
f 2130//358 2128//358 2099//358
f 2104//359 2131//359 2130//359
f 2134//360 2131//360 2104//360
f 2136//361 2134//361 2105//361
f 2093//362 2122//362 2689//362
f 2109//363 2138//363 2136//363
f 2096//364 2123//364 2122//364
f 2126//366 2123//366 2096//366
f 2164//416 2162//416 2134//416
f 2122//369 2149//369 2686//369
f 2138//370 2166//370 2164//370
f 2123//371 2151//371 2149//371
f 2154//373 2151//373 2123//373
f 2128//374 2156//374 2154//374
f 2158//375 2156//375 2128//375
f 2131//376 2160//376 2158//376
f 2162//367 2160//367 2131//367
f 2156//378 2184//378 2182//378
f 2186//379 2184//379 2156//379
f 2188//380 2186//380 2158//380
f 2190//381 2188//381 2160//381
f 2192//382 2190//382 2162//382
f 2149//417 2177//417 2687//417
f 2194//384 2192//384 2164//384
f 2151//385 2180//385 2177//385
f 2182//377 2180//377 2151//377
f 2218//387 2216//387 2188//387
f 2220//388 2218//388 2190//388
f 2177//389 2205//389 2690//389
f 2222//390 2220//390 2192//390
f 2180//391 2207//391 2205//391
f 2209//393 2207//393 2180//393
f 2184//394 2211//394 2209//394
f 2186//395 2213//395 2211//395
f 2216//396 2213//396 2186//396
f 2209//398 2228//398 103//398
f 2211//427 117//427 2228//427
f 2213//400 124//400 117//400
f 2216//401 135//401 124//401
f 2218//402 140//402 135//402
f 2220//403 2230//403 140//403
f 2691//404 2690//404 2205//404
f 2205//404 73//404 2691//404
f 2222//405 2232//405 2230//405
f 2207//406 103//406 73//406
f 91//7 210//7 204//7
f 211//8 210//8 91//8
f 111//9 216//9 211//9
f 226//10 216//10 111//10
f 229//11 226//11 115//11
f 57//12 188//12 2750//12
f 1870//13 243//13 229//13
f 199//14 188//14 57//14
f 1867//16 204//16 199//16
f 302//17 297//17 216//17
f 306//18 302//18 226//18
f 2750//19 188//19 270//19
f 243//20 308//20 306//20
f 275//21 270//21 188//21
f 279//23 275//23 199//23
f 284//24 279//24 204//24
f 292//25 284//25 210//25
f 216//26 297//26 292//26
f 345//28 344//28 275//28
f 349//29 345//29 279//29
f 292//30 352//30 349//30
f 355//31 352//31 292//31
f 356//32 355//32 297//32
f 366//33 356//33 302//33
f 2769//34 270//34 335//34
f 367//35 366//35 306//35
f 344//36 335//36 270//36
f 423//37 415//37 352//37
f 424//38 423//38 355//38
f 430//39 424//39 356//39
f 335//40 395//40 2759//40
f 367//41 433//41 430//41
f 398//42 395//42 335//42
f 403//44 398//44 344//44
f 349//45 406//45 403//45
f 415//46 406//46 349//46
f 433//47 492//47 485//47
f 468//48 459//48 395//48
f 471//50 468//50 398//50
f 406//51 472//51 471//51
f 476//52 472//52 406//52
f 423//53 479//53 476//53
f 424//54 481//54 479//54
f 485//55 481//55 424//55
f 2759//56 395//56 459//56
f 537//57 533//57 472//57
f 479//58 543//58 537//58
f 481//59 551//59 543//59
f 485//60 554//60 551//60
f 459//61 519//61 2767//61
f 557//62 554//62 485//62
f 522//63 519//63 459//63
f 471//65 524//65 522//65
f 472//66 533//66 524//66
f 519//67 581//67 2761//67
f 557//68 616//68 611//68
f 587//3956 581//3956 519//3956
f 592//71 587//71 522//71
f 596//72 592//72 524//72
f 601//73 596//73 533//73
f 604//74 601//74 537//74
f 606//75 604//75 543//75
f 554//76 611//76 606//76
f 601//77 663//77 656//77
f 667//78 663//78 601//78
f 673//79 667//79 604//79
f 611//80 676//80 673//80
f 581//81 643//81 2765//81
f 616//82 681//82 676//82
f 647//83 643//83 581//83
f 651//85 647//85 587//85
f 656//86 651//86 592//86
f 676//87 735//87 730//87
f 643//88 705//88 2763//88
f 738//89 735//89 676//89
f 711//90 705//90 643//90
f 717//92 711//92 647//92
f 656//93 721//93 717//93
f 663//94 724//94 721//94
f 667//95 728//95 724//95
f 730//96 728//96 667//96
f 776//97 773//97 717//97
f 782//98 776//98 721//98
f 790//408 782//408 724//408
f 730//100 798//100 790//100
f 735//101 804//101 798//101
f 705//102 769//102 2762//102
f 738//103 807//103 804//103
f 772//104 769//104 705//104
f 773//106 772//106 711//106
f 859//107 854//107 798//107
f 769//108 829//108 2764//108
f 861//109 859//109 804//109
f 832//110 829//110 769//110
f 838//112 832//112 772//112
f 776//113 845//113 838//113
f 782//114 849//114 845//114
f 790//3957 852//3957 849//3957
f 854//116 852//116 790//116
f 893//117 892//117 838//117
f 897//118 893//118 845//118
f 852//119 900//119 897//119
f 903//120 900//120 852//120
f 859//121 907//121 903//121
f 829//122 888//122 2766//122
f 861//123 913//123 907//123
f 832//124 889//124 888//124
f 892//126 889//126 832//126
f 945//127 943//127 900//127
f 907//128 947//128 945//128
f 888//129 928//129 2760//129
f 913//130 949//130 947//130
f 889//131 931//131 928//131
f 892//133 936//133 931//133
f 940//134 936//134 892//134
f 941//135 940//135 893//135
f 943//136 941//136 897//136
f 975//138 973//138 931//138
f 977//139 975//139 936//139
f 941//140 980//140 977//140
f 943//141 984//141 980//141
f 945//142 988//142 984//142
f 947//143 990//143 988//143
f 928//144 970//144 2768//144
f 994//145 990//145 947//145
f 973//419 970//419 928//419
f 1026//147 1023//147 980//147
f 1029//148 1026//148 984//148
f 990//149 1030//149 1029//149
f 1007//150 2756//150 2768//150
f 994//151 1032//151 1030//151
f 1011//152 1007//152 970//152
f 975//154 1018//154 1011//154
f 1020//155 1018//155 975//155
f 980//156 1023//156 1020//156
f 1056//157 1054//157 1007//157
f 1058//159 1056//159 1011//159
f 1020//160 1059//160 1058//160
f 1023//161 1061//161 1059//161
f 1026//162 1064//162 1061//162
f 1068//163 1064//163 1026//163
f 1030//164 1073//164 1068//164
f 1007//165 1054//165 2758//165
f 1075//166 1073//166 1030//166
f 1110//167 1108//167 1061//167
f 1111//168 1110//168 1064//168
f 1114//409 1111//409 1068//409
f 1090//170 2754//170 2758//170
f 1075//171 1115//171 1114//171
f 1056//172 1096//172 1090//172
f 1099//174 1096//174 1056//174
f 1059//175 1102//175 1099//175
f 1108//176 1102//176 1059//176
f 1115//177 1158//177 1156//177
f 1138//178 1135//178 1090//178
f 1140//180 1138//180 1096//180
f 1102//181 1142//181 1140//181
f 1145//182 1142//182 1102//182
f 1110//183 1148//183 1145//183
f 1152//184 1148//184 1110//184
f 1114//185 1156//185 1152//185
f 1090//186 1135//186 2753//186
f 1145//187 1187//187 1185//187
f 1193//188 1187//188 1145//188
f 1195//189 1193//189 1148//189
f 1156//190 1197//190 1195//190
f 1173//191 2749//191 2753//191
f 1199//192 1197//192 1156//192
f 1175//193 1173//193 1135//193
f 1181//195 1175//195 1138//195
f 1142//196 1185//196 1181//196
f 1173//197 1220//197 2751//197
f 1240//198 1237//198 1197//198
f 1175//199 1221//199 1220//199
f 1224//201 1221//201 1175//201
f 1226//202 1224//202 1181//202
f 1187//203 1228//203 1226//203
f 1193//204 1229//204 1228//204
f 1231//205 1229//205 1193//205
f 1197//206 1237//206 1231//206
f 1228//207 1271//207 1267//207
f 1275//208 1271//208 1228//208
f 1278//209 1275//209 1229//209
f 1280//210 1278//210 1231//210
f 1220//211 1257//211 2747//211
f 1240//212 1282//212 1280//212
f 1221//213 1258//213 1257//213
f 1263//215 1258//215 1221//215
f 1267//216 1263//216 1224//216
f 1317//217 1315//217 1278//217
f 1257//218 1302//218 2744//218
f 1323//219 1317//219 1280//219
f 1303//220 1302//220 1257//220
f 1306//222 1303//222 1258//222
f 1308//223 1306//223 1263//223
f 1271//224 1311//224 1308//224
f 1313//225 1311//225 1271//225
f 1278//425 1315//425 1313//425
f 1308//227 1350//227 1345//227
f 1354//228 1350//228 1308//228
f 1356//229 1354//229 1311//229
f 1360//230 1356//230 1313//230
f 1317//231 1363//231 1360//231
f 1302//232 1339//232 2743//232
f 1323//233 1365//233 1363//233
f 1342//234 1339//234 1302//234
f 1345//236 1342//236 1303//236
f 1398//237 1396//237 1356//237
f 1402//238 1398//238 1360//238
f 1339//239 1382//239 2742//239
f 1403//240 1402//240 1363//240
f 1386//410 1382//410 1339//410
f 1389//243 1386//243 1342//243
f 1350//244 1391//244 1389//244
f 1393//245 1391//245 1350//245
f 1356//246 1396//246 1393//246
f 1428//247 1424//247 1386//247
f 1432//248 1428//248 1389//248
f 1434//249 1432//249 1391//249
f 1396//250 1440//250 1434//250
f 1398//251 1443//251 1440//251
f 1445//252 1443//252 1398//252
f 1382//253 1422//253 2741//253
f 1448//254 1445//254 1402//254
f 1386//255 1424//255 1422//255
f 1480//257 1479//257 1440//257
f 1445//258 1482//258 1480//258
f 1422//259 1465//259 2740//259
f 1448//260 1486//260 1482//260
f 1470//261 1465//261 1422//261
f 1471//263 1470//263 1424//263
f 1432//264 1474//264 1471//264
f 1476//265 1474//265 1432//265
f 1440//266 1479//266 1476//266
f 1513//268 1511//268 1470//268
f 1474//269 1515//269 1513//269
f 1517//270 1515//270 1474//270
f 1479//271 1518//271 1517//271
f 1480//272 1520//272 1518//272
f 1482//426 1523//426 1520//426
f 1465//274 1507//274 2739//274
f 1486//275 1524//275 1523//275
f 1511//3958 1507//3958 1465//3958
f 1546//277 1545//277 1517//277
f 1548//278 1546//278 1518//278
f 1551//279 1548//279 1520//279
f 1507//3959 1537//3959 2735//3959
f 1524//281 1553//281 1551//281
f 1539//282 1537//282 1507//282
f 1540//284 1539//284 1511//284
f 1543//285 1540//285 1513//285
f 1545//286 1543//286 1515//286
f 1567//287 1564//287 1537//287
f 1540//289 1569//289 1567//289
f 1543//290 1571//290 1569//290
f 1545//291 1572//291 1571//291
f 1546//292 1574//292 1572//292
f 1576//293 1574//293 1546//293
f 1578//294 1576//294 1548//294
f 1537//295 1564//295 2732//295
f 1553//296 1580//296 1578//296
f 1602//297 1601//297 1572//297
f 1605//298 1602//298 1574//298
f 1578//299 1607//299 1605//299
f 1593//300 2728//300 2732//300
f 1580//301 1609//301 1607//301
f 1567//302 1595//302 1593//302
f 1569//304 1596//304 1595//304
f 1571//3960 1599//3960 1596//3960
f 1572//306 1601//306 1599//306
f 1637//307 1634//307 1607//307
f 1595//308 1622//308 1620//308
f 1624//310 1622//310 1595//310
f 1626//412 1624//412 1596//412
f 1601//312 1629//312 1626//312
f 1630//313 1629//313 1601//313
f 1605//314 1632//314 1630//314
f 1607//315 1634//315 1632//315
f 1593//316 1620//316 2729//316
f 1657//317 1655//317 1626//317
f 1630//318 1658//318 1657//318
f 1661//319 1658//319 1630//319
f 1663//320 1661//320 1632//320
f 1620//321 1649//321 2731//321
f 1637//322 1665//322 1663//322
f 1622//323 1650//323 1649//323
f 1653//325 1650//325 1622//325
f 1626//326 1655//326 1653//326
f 1691//327 1688//327 1661//327
f 1649//414 1677//414 2730//414
f 1693//329 1691//329 1663//329
f 1679//330 1677//330 1649//330
f 1681//332 1679//332 1650//332
f 1682//333 1681//333 1653//333
f 1685//334 1682//334 1655//334
f 1658//335 1686//335 1685//335
f 1688//336 1686//336 1658//336
f 1711//337 1709//337 1681//337
f 1712//338 1711//338 1682//338
f 1715//339 1712//339 1685//339
f 1716//340 1715//340 1686//340
f 1719//341 1716//341 1688//341
f 1677//342 1705//342 2734//342
f 1720//343 1719//343 1691//343
f 1706//3961 1705//3961 1677//3961
f 1709//346 1706//346 1679//346
f 1719//347 1746//347 1744//347
f 2734//348 1705//348 1733//348
f 1720//349 1748//349 1746//349
f 1706//350 1734//350 1733//350
f 1736//352 1734//352 1706//352
f 1711//353 1739//353 1736//353
f 1741//354 1739//354 1711//354
f 1742//355 1741//355 1712//355
f 1716//356 1744//356 1742//356
f 1766//357 1764//357 1736//357
f 1741//358 1768//358 1766//358
f 1742//359 1770//359 1768//359
f 1744//360 1772//360 1770//360
f 1746//361 1774//361 1772//361
f 1761//362 2736//362 2733//362
f 1776//363 1774//363 1746//363
f 1734//364 1763//364 1761//364
f 1764//366 1763//366 1734//366
f 1801//367 1798//367 1770//367
f 1774//368 1803//368 1801//368
f 1761//369 1788//369 2738//369
f 1776//370 1805//370 1803//370
f 1790//371 1788//371 1761//371
f 1793//373 1790//373 1763//373
f 1766//374 1795//374 1793//374
f 1796//375 1795//375 1766//375
f 1770//376 1798//376 1796//376
f 1821//377 1819//377 1790//377
f 1795//378 1822//378 1821//378
f 1796//379 1825//379 1822//379
f 1827//380 1825//380 1796//380
f 1828//381 1827//381 1798//381
f 1830//382 1828//382 1801//382
f 2745//417 2737//417 1817//417
f 2737//383 2738//383 1788//383
f 1832//384 1830//384 1803//384
f 1790//385 1819//385 1817//385
f 1828//387 1856//387 1855//387
f 1830//388 1859//388 1856//388
f 2746//389 2745//389 1817//389
f 1817//389 1844//389 2746//389
f 1861//390 1859//390 1830//390
f 1819//391 1847//391 1844//391
f 1849//393 1847//393 1819//393
f 1822//394 1850//394 1849//394
f 1853//395 1850//395 1822//395
f 1855//396 1853//396 1825//396
f 1849//398 1867//398 78//398
f 1850//427 91//427 1867//427
f 1853//400 102//400 91//400
f 1855//401 111//401 102//401
f 1856//402 115//402 111//402
f 1859//403 1868//403 115//403
f 57//404 2752//404 2748//404
f 1861//405 1870//405 1868//405
f 1847//406 78//406 57//406
f 70//7 159//7 151//7
f 164//8 159//8 70//8
f 170//9 164//9 79//9
f 178//10 170//10 84//10
f 1508//11 184//11 178//11
f 2780//12 2778//12 61//12
f 61//12 138//12 2780//12
f 1509//13 193//13 184//13
f 64//14 147//14 138//14
f 1505//16 151//16 147//16
f 247//17 245//17 170//17
f 254//18 247//18 178//18
f 138//19 220//19 2809//19
f 193//20 257//20 254//20
f 224//21 220//21 138//21
f 232//23 224//23 147//23
f 236//24 232//24 151//24
f 238//25 236//25 159//25
f 245//26 238//26 164//26
f 280//28 277//28 224//28
f 283//29 280//29 232//29
f 288//30 283//30 236//30
f 245//31 289//31 288//31
f 293//32 289//32 245//32
f 295//33 293//33 247//33
f 220//34 274//34 2795//34
f 300//35 295//35 254//35
f 277//36 274//36 220//36
f 332//37 329//37 288//37
f 334//38 332//38 289//38
f 339//39 334//39 293//39
f 274//40 318//40 2794//40
f 300//41 341//41 339//41
f 319//42 318//42 274//42
f 323//44 319//44 277//44
f 283//45 325//45 323//45
f 329//46 325//46 283//46
f 384//47 379//47 339//47
f 362//48 358//48 318//48
f 364//50 362//50 319//50
f 325//51 368//51 364//51
f 370//52 368//52 325//52
f 373//53 370//53 329//53
f 334//54 377//54 373//54
f 379//55 377//55 334//55
f 318//56 358//56 2797//56
f 414//57 411//57 368//57
f 373//58 416//58 414//58
f 419//59 416//59 373//59
f 422//60 419//60 377//60
f 358//61 401//61 2799//61
f 384//62 425//62 422//62
f 404//63 401//63 358//63
f 407//65 404//65 362//65
f 368//66 411//66 407//66
f 401//67 442//67 2801//67
f 466//68 464//68 422//68
f 447//69 442//69 401//69
f 448//71 447//71 404//71
f 452//72 448//72 407//72
f 456//73 452//73 411//73
f 457//74 456//74 414//74
f 461//75 457//75 416//75
f 464//76 461//76 419//76
f 456//77 498//77 493//77
f 501//78 498//78 456//78
f 502//79 501//79 457//79
f 464//80 505//80 502//80
f 442//81 484//81 2806//81
f 508//82 505//82 464//82
f 488//83 484//83 442//83
f 490//85 488//85 447//85
f 493//86 490//86 448//86
f 505//87 547//87 544//87
f 484//88 526//88 2804//88
f 550//89 547//89 505//89
f 531//90 526//90 484//90
f 490//92 532//92 531//92
f 535//93 532//93 490//93
f 539//94 535//94 493//94
f 541//95 539//95 498//95
f 544//96 541//96 501//96
f 579//97 574//97 532//97
f 539//98 580//98 579//98
f 583//408 580//408 539//408
f 544//100 586//100 583//100
f 590//101 586//101 544//101
f 526//102 569//102 2802//102
f 593//103 590//103 547//103
f 572//104 569//104 526//104
f 532//106 574//106 572//106
f 590//107 632//107 629//107
f 569//108 610//108 2803//108
f 634//109 632//109 590//109
f 613//110 610//110 569//110
f 617//112 613//112 572//112
f 579//113 619//113 617//113
f 623//114 619//114 579//114
f 625//115 623//115 580//115
f 629//116 625//116 583//116
f 619//117 662//117 659//117
f 664//118 662//118 619//118
f 669//119 664//119 623//119
f 671//120 669//120 625//120
f 632//121 675//121 671//121
f 652//122 2805//122 2803//122
f 634//123 678//123 675//123
f 613//124 655//124 652//124
f 617//126 659//126 655//126
f 712//127 709//127 669//127
f 675//128 715//128 712//128
f 696//129 2800//129 2805//129
f 678//130 718//130 715//130
f 699//131 696//131 652//131
f 659//133 700//133 699//133
f 703//134 700//134 659//134
f 664//135 708//135 703//135
f 669//136 709//136 708//136
f 700//138 743//138 741//138
f 747//139 743//139 700//139
f 750//140 747//140 703//140
f 751//141 750//141 708//141
f 754//142 751//142 709//142
f 715//143 757//143 754//143
f 696//144 736//144 2808//144
f 761//145 757//145 715//145
f 741//146 736//146 696//146
f 751//147 794//147 792//147
f 796//148 794//148 751//148
f 757//149 801//149 796//149
f 736//150 779//150 2796//150
f 802//151 801//151 757//151
f 781//152 779//152 736//152
f 743//154 786//154 781//154
f 747//155 788//155 786//155
f 792//156 788//156 747//156
f 823//157 820//157 779//157
f 828//159 823//159 781//159
f 831//160 828//160 786//160
f 834//161 831//161 788//161
f 794//162 836//162 834//162
f 840//163 836//163 794//163
f 801//164 843//164 840//164
f 779//165 820//165 2798//165
f 844//166 843//166 801//166
f 878//167 876//167 834//167
f 879//168 878//168 836//168
f 882//409 879//409 840//409
f 820//170 862//170 2807//170
f 883//171 882//171 843//171
f 865//172 862//172 820//172
f 828//174 868//174 865//174
f 873//175 868//175 828//175
f 834//176 876//176 873//176
f 911//177 909//177 882//177
f 898//178 896//178 862//178
f 899//180 898//180 865//180
f 902//181 899//181 868//181
f 876//182 904//182 902//182
f 906//183 904//183 876//183
f 879//184 908//184 906//184
f 882//185 909//185 908//185
f 862//186 896//186 2791//186
f 904//187 932//187 929//187
f 933//188 932//188 904//188
f 935//189 933//189 906//189
f 909//190 938//190 935//190
f 896//191 924//191 2793//191
f 939//192 938//192 909//192
f 898//193 925//193 924//193
f 927//195 925//195 898//195
f 902//196 929//196 927//196
f 924//197 952//197 2811//197
f 968//198 966//198 938//198
f 953//199 952//199 924//199
f 927//201 955//201 953//201
f 957//202 955//202 927//202
f 932//203 959//203 957//203
f 962//204 959//204 932//204
f 935//205 964//205 962//205
f 938//206 966//206 964//206
f 959//3964 987//3964 986//3964
f 989//208 987//208 959//208
f 964//209 991//209 989//209
f 966//210 993//210 991//210
f 952//211 979//211 2810//211
f 968//212 996//212 993//212
f 981//213 979//213 952//213
f 955//215 983//215 981//215
f 957//216 986//216 983//216
f 993//217 1022//217 1019//217
f 979//218 1008//218 2790//218
f 996//219 1024//219 1022//219
f 1009//220 1008//220 979//220
f 1012//222 1009//222 981//222
f 1013//223 1012//223 983//223
f 1015//224 1013//224 986//224
f 1017//225 1015//225 987//225
f 1019//226 1017//226 989//226
f 1013//227 1042//227 1040//227
f 1015//228 1044//228 1042//228
f 1045//229 1044//229 1015//229
f 1048//230 1045//230 1017//230
f 1049//231 1048//231 1019//231
f 1008//232 1036//232 2789//232
f 1051//233 1049//233 1022//233
f 1037//234 1036//234 1008//234
f 1040//236 1037//236 1009//236
f 1076//237 1074//237 1045//237
f 1078//238 1076//238 1048//238
f 1036//239 1063//239 2788//239
f 1051//240 1080//240 1078//240
f 1037//410 1065//410 1063//410
f 1067//243 1065//243 1037//243
f 1069//244 1067//244 1040//244
f 1072//245 1069//245 1042//245
f 1074//246 1072//246 1044//246
f 1095//247 1093//247 1065//247
f 1069//248 1097//248 1095//248
f 1100//249 1097//249 1069//249
f 1074//250 1101//250 1100//250
f 1104//251 1101//251 1074//251
f 1078//252 1106//252 1104//252
f 1063//253 1092//253 2786//253
f 1107//254 1106//254 1078//254
f 1065//255 1093//255 1092//255
f 1131//257 1129//257 1101//257
f 1106//258 1133//258 1131//258
f 1092//259 1119//259 2787//259
f 1136//260 1133//260 1106//260
f 1121//261 1119//261 1092//261
f 1123//263 1121//263 1093//263
f 1097//264 1125//264 1123//264
f 1128//265 1125//265 1097//265
f 1129//266 1128//266 1100//266
f 1151//268 1150//268 1121//268
f 1125//269 1153//269 1151//269
f 1155//270 1153//270 1125//270
f 1157//271 1155//271 1128//271
f 1159//272 1157//272 1129//272
f 1161//273 1159//273 1131//273
f 1119//274 1147//274 2785//274
f 1136//275 1163//275 1161//275
f 1150//276 1147//276 1119//276
f 1157//277 1186//277 1183//277
f 1159//278 1188//278 1186//278
f 1189//279 1188//279 1159//279
f 1147//3959 1176//3959 2783//3959
f 1192//281 1189//281 1161//281
f 1178//282 1176//282 1147//282
f 1180//284 1178//284 1150//284
f 1182//285 1180//285 1151//285
f 1155//286 1183//286 1182//286
f 1178//287 1205//287 1203//287
f 1180//289 1207//289 1205//289
f 1209//290 1207//290 1180//290
f 1183//291 1212//291 1209//291
f 1213//292 1212//292 1183//292
f 1216//293 1213//293 1186//293
f 1189//294 1217//294 1216//294
f 1176//295 1203//295 2784//295
f 1219//296 1217//296 1189//296
f 1242//297 1239//297 1212//297
f 1244//298 1242//298 1213//298
f 1246//299 1244//299 1216//299
f 1203//300 1232//300 2782//300
f 1248//301 1246//301 1217//301
f 1234//302 1232//302 1203//302
f 1236//304 1234//304 1205//304
f 1209//305 1238//305 1236//305
f 1212//306 1239//306 1238//306
f 1276//307 1273//307 1246//307
f 1261//308 1259//308 1232//308
f 1264//310 1261//310 1234//310
f 1266//412 1264//412 1236//412
f 1239//312 1268//312 1266//312
f 1269//313 1268//313 1239//313
f 1272//314 1269//314 1242//314
f 1273//315 1272//315 1244//315
f 1232//316 1259//316 2781//316
f 1295//317 1293//317 1266//317
f 1297//318 1295//318 1268//318
f 1299//319 1297//319 1269//319
f 1301//320 1299//320 1272//320
f 1259//321 1287//321 2779//321
f 1304//322 1301//322 1273//322
f 1289//323 1287//323 1259//323
f 1292//325 1289//325 1261//325
f 1293//326 1292//326 1264//326
f 1301//327 1329//327 1327//327
f 1287//414 1316//414 2777//414
f 1304//329 1331//329 1329//329
f 1318//330 1316//330 1287//330
f 1320//332 1318//332 1289//332
f 1322//333 1320//333 1292//333
f 1324//334 1322//334 1293//334
f 1325//335 1324//335 1295//335
f 1327//336 1325//336 1297//336
f 1322//337 1349//337 1348//337
f 1352//338 1349//338 1322//338
f 1353//339 1352//339 1324//339
f 1355//340 1353//340 1325//340
f 1357//341 1355//341 1327//341
f 1316//342 1343//342 2776//342
f 1359//343 1357//343 1329//343
f 1346//3961 1343//3961 1316//3961
f 1348//346 1346//346 1318//346
f 1385//347 1383//347 1355//347
f 1343//348 1371//348 2772//348
f 1387//349 1385//349 1357//349
f 1346//350 1373//350 1371//350
f 1375//352 1373//352 1346//352
f 1349//353 1377//353 1375//353
f 1379//354 1377//354 1349//354
f 1353//355 1381//355 1379//355
f 1383//356 1381//356 1353//356
f 1406//357 1404//357 1375//357
f 1407//358 1406//358 1377//358
f 1381//359 1409//359 1407//359
f 1411//360 1409//360 1381//360
f 1385//361 1413//361 1411//361
f 1399//362 2773//362 2772//362
f 1415//363 1413//363 1385//363
f 1373//364 1401//364 1399//364
f 1404//366 1401//366 1373//366
f 1439//367 1437//367 1409//367
f 1413//416 1442//416 1439//416
f 1399//369 1427//369 2770//369
f 1444//370 1442//370 1413//370
f 1401//371 1429//371 1427//371
f 1431//373 1429//373 1401//373
f 1433//374 1431//374 1404//374
f 1436//375 1433//375 1406//375
f 1409//376 1437//376 1436//376
f 1460//377 1457//377 1429//377
f 1462//378 1460//378 1431//378
f 1464//379 1462//379 1433//379
f 1466//380 1464//380 1436//380
f 1468//381 1466//381 1437//381
f 1442//382 1469//382 1468//382
f 1455//417 2771//417 2770//417
f 1444//384 1472//384 1469//384
f 1429//385 1457//385 1455//385
f 1495//387 1493//387 1466//387
f 1498//388 1495//388 1468//388
f 1455//389 1484//389 2774//389
f 1500//390 1498//390 1469//390
f 1457//391 1485//391 1484//391
f 1487//393 1485//393 1457//393
f 1490//394 1487//394 1460//394
f 1491//395 1490//395 1462//395
f 1493//396 1491//396 1464//396
f 1487//398 1505//398 64//398
f 70//399 1505//399 1487//399
f 1491//400 79//400 70//400
f 1493//401 84//401 79//401
f 1495//402 95//402 84//402
f 1498//403 1508//403 95//403
f 2778//404 2775//404 61//404
f 2775//404 2774//404 1484//404
f 1500//405 1509//405 1508//405
f 1485//406 64//406 61//406
f 2813//3 2816//3 17//3
f 17//3 34//3 2813//3
f 34//4 53//4 2812//4
f 43//1 2815//1 2812//1
f 17//2 2816//2 2815//2
f 17//6 43//6 53//6
f 21//428 28//428 2835//428
f 28//429 31//429 2836//429
f 31//430 41//430 2842//430
f 41//431 48//431 2849//431
f 48//432 52//432 2848//432
f 58//468 2851//468 2848//468
f 67//434 2858//434 2851//434
f 74//435 2855//435 2858//435
f 82//436 2854//436 2855//436
f 88//437 2844//437 2854//437
f 92//438 2830//438 2844//438
f 99//439 2827//439 2830//439
f 106//440 2826//440 2827//440
f 114//441 2824//441 2826//441
f 120//470 2823//470 2824//470
f 125//443 2822//443 2823//443
f 133//444 2817//444 2822//444
f 142//445 2820//445 2817//445
f 149//446 2819//446 2820//446
f 153//447 2821//447 2819//447
f 161//448 2818//448 2821//448
f 169//449 2825//449 2818//449
f 173//450 2828//450 2825//450
f 182//451 2829//451 2828//451
f 190//452 2843//452 2829//452
f 190//453 196//453 2852//453
f 196//454 201//454 2853//454
f 201//455 205//455 2857//455
f 205//456 208//456 2856//456
f 208//457 214//457 2850//457
f 2845//471 2850//471 214//471
f 214//471 218//471 2845//471
f 218//459 223//459 2847//459
f 2839//460 2847//460 223//460
f 223//460 228//460 2839//460
f 228//461 230//461 2841//461
f 230//462 235//462 2831//462
f 235//463 239//463 2833//463
f 239//464 246//464 2832//464
f 246//465 249//465 2838//465
f 249//466 253//466 2834//466
f 253//467 21//467 2837//467
f 88//6 82//6 74//6
f 74//6 67//6 88//6
f 67//6 58//6 88//6
f 58//6 52//6 48//6
f 48//6 41//6 31//6
f 31//6 28//6 21//6
f 21//6 253//6 31//6
f 253//6 249//6 31//6
f 249//6 246//6 239//6
f 239//6 235//6 230//6
f 230//6 228//6 214//6
f 228//6 223//6 214//6
f 223//6 218//6 214//6
f 214//6 208//6 205//6
f 205//6 201//6 214//6
f 201//6 196//6 214//6
f 196//6 190//6 182//6
f 182//6 173//6 196//6
f 173//6 169//6 196//6
f 169//6 161//6 142//6
f 161//6 153//6 142//6
f 153//6 149//6 142//6
f 142//6 133//6 114//6
f 133//6 125//6 114//6
f 125//6 120//6 114//6
f 114//6 106//6 99//6
f 99//6 92//6 114//6
f 92//6 88//6 114//6
f 58//6 48//6 31//6
f 249//6 239//6 230//6
f 88//6 58//6 31//6
f 31//6 249//6 230//6
f 230//6 214//6 196//6
f 196//6 169//6 142//6
f 142//6 114//6 230//6
f 114//6 88//6 230//6
f 88//6 31//6 230//6
f 19//428 23//428 2880//428
f 23//429 27//429 2885//429
f 27//430 33//430 2881//430
f 33//431 38//431 2883//431
f 38//432 40//432 2896//432
f 44//433 2889//433 2896//433
f 49//434 2887//434 2889//434
f 55//435 2894//435 2887//435
f 60//436 2892//436 2894//436
f 62//437 2891//437 2892//437
f 68//3965 2893//3965 2891//3965
f 72//439 2890//439 2893//439
f 76//440 2888//440 2890//440
f 80//441 2886//441 2888//441
f 85//442 2895//442 2886//442
f 89//443 2882//443 2895//443
f 94//444 2884//444 2882//444
f 100//445 2878//445 2884//445
f 105//446 2879//446 2878//446
f 109//447 2898//447 2879//447
f 112//448 2872//448 2898//448
f 118//449 2870//449 2872//449
f 121//450 2874//450 2870//450
f 127//451 2868//451 2874//451
f 132//452 2876//452 2868//452
f 132//453 136//453 2866//453
f 136//454 139//454 2864//454
f 139//455 143//455 2861//455
f 143//456 148//456 2859//456
f 148//457 154//457 2860//457
f 154//471 157//471 2862//471
f 157//459 163//459 2863//459
f 163//460 167//460 2867//460
f 167//461 172//461 2865//461
f 172//462 175//462 2877//462
f 175//463 180//463 2869//463
f 180//464 185//464 2875//464
f 185//465 189//465 2873//465
f 189//466 194//466 2871//466
f 194//467 19//467 2897//467
f 85//6 80//6 76//6
f 76//6 72//6 68//6
f 68//6 62//6 60//6
f 60//6 55//6 49//6
f 49//6 44//6 40//6
f 40//6 38//6 33//6
f 33//6 27//6 23//6
f 23//6 19//6 194//6
f 194//6 189//6 185//6
f 185//6 180//6 175//6
f 175//6 172//6 167//6
f 167//6 163//6 175//6
f 163//6 157//6 175//6
f 157//6 154//6 148//6
f 148//6 143//6 157//6
f 143//6 139//6 157//6
f 139//6 136//6 121//6
f 136//6 132//6 121//6
f 132//6 127//6 121//6
f 121//6 118//6 112//6
f 112//6 109//6 121//6
f 109//6 105//6 121//6
f 105//6 100//6 94//6
f 94//6 89//6 85//6
f 85//6 76//6 49//6
f 76//6 68//6 49//6
f 68//6 60//6 49//6
f 49//6 40//6 33//6
f 33//6 23//6 194//6
f 194//6 185//6 157//6
f 185//6 175//6 157//6
f 105//6 94//6 121//6
f 94//6 85//6 121//6
f 49//6 33//6 194//6
f 157//6 139//6 121//6
f 85//6 49//6 121//6
f 49//6 194//6 121//6
f 2915//3966 20//3966 18//3966
f 18//3967 24//3967 2918//3967
f 29//3968 26//3968 2913//3968
f 2913//3969 26//3969 20//3969
f 29//476 2914//476 2916//476
f 37//3970 32//3970 2916//3970
f 2916//3971 2919//3971 37//3971
f 42//3972 35//3972 2919//3972
f 45//3973 42//3973 2920//3973
f 45//480 2921//480 2931//480
f 2923//3974 54//3974 50//3974
f 50//3975 56//3975 2930//3975
f 24//3976 59//3976 2933//3976
f 59//3977 63//3977 2935//3977
f 63//3978 66//3978 2937//3978
f 2937//486 66//486 69//486
f 69//3979 71//3979 2938//3979
f 71//3979 2922//3979 2938//3979
f 71//3980 75//3980 2924//3980
f 77//3981 2925//3981 2924//3981
f 2925//3982 77//3982 54//3982
f 47//491 2931//491 2932//491
f 81//491 2932//491 2934//491
f 83//491 2934//491 2936//491
f 86//491 2936//491 2949//491
f 90//491 2949//491 2950//491
f 96//3983 93//3983 2950//3983
f 98//3984 96//3984 2960//3984
f 101//3985 98//3985 2961//3985
f 56//3986 104//3986 2953//3986
f 104//3987 108//3987 2955//3987
f 108//3988 110//3988 2957//3988
f 110//3977 113//3977 2963//3977
f 113//3989 116//3989 2964//3989
f 116//3990 119//3990 2965//3990
f 119//3991 122//3991 2966//3991
f 2966//3992 122//3992 126//3992
f 126//3993 128//3993 2967//3993
f 131//501 101//501 2962//501
f 134//502 131//502 2952//502
f 137//503 134//503 2954//503
f 137//505 2956//505 2982//505
f 141//505 2982//505 3021//505
f 144//505 3021//505 3022//505
f 150//494 146//494 3022//494
f 152//3994 150//3994 3023//3994
f 2903//508 158//508 155//508
f 2900//3995 2899//3995 155//3995
f 155//3996 162//3996 2900//3996
f 168//3997 165//3997 2909//3997
f 165//3998 171//3998 2904//3998
f 2904//3999 171//3999 158//3999
f 128//4000 174//4000 2984//4000
f 174//4001 177//4001 2985//4001
f 177//4002 179//4002 2986//4002
f 183//516 3025//516 2986//516
f 3025//517 183//517 187//517
f 187//4003 186//4003 2973//4003
f 186//4003 2972//4003 2973//4003
f 2972//4004 186//4004 192//4004
f 192//4005 168//4005 2970//4005
f 2970//4006 2971//4006 192//4006
f 195//4007 152//4007 3024//4007
f 197//4008 195//4008 2974//4008
f 200//4009 197//4009 3015//4009
f 200//4010 2989//4010 2991//4010
f 3037//4011 209//4011 206//4011
f 206//4012 212//4012 3033//4012
f 215//4013 3036//4013 3033//4013
f 219//4014 3035//4014 3036//4014
f 225//4015 221//4015 3031//4015
f 227//4016 3032//4016 3031//4016
f 3032//4017 227//4017 209//4017
f 162//530 231//530 3028//530
f 231//4018 233//4018 3029//4018
f 3029//4019 233//4019 225//4019
f 237//4020 3038//4020 3035//4020
f 237//4021 240//4021 3039//4021
f 3039//4022 240//4022 3041//4022
f 240//4023 244//4023 3041//4023
f 244//535 242//535 3040//535
f 3040//4024 242//4024 248//4024
f 248//4025 252//4025 3042//4025
f 252//4026 255//4026 3044//4026
f 255//4027 258//4027 3043//4027
f 3043//540 258//540 261//540
f 263//4028 3152//4028 3142//4028
f 263//4029 266//4029 3155//4029
f 3173//4030 273//4030 269//4030
f 269//4031 276//4031 3184//4031
f 276//4032 278//4032 3183//4032
f 278//546 282//546 3149//546
f 285//4033 3145//4033 3149//4033
f 3158//4034 290//4034 287//4034
f 287//4035 294//4035 3172//4035
f 3173//4036 3172//4036 296//4036
f 3172//4015 294//4015 296//4015
f 299//4037 3159//4037 3155//4037
f 3159//4038 299//4038 290//4038
f 3145//4039 285//4039 303//4039
f 303//554 305//554 3148//554
f 3148//4040 305//4040 309//4040
f 309//4041 312//4041 3147//4041
f 315//4042 317//4042 3162//4042
f 321//558 315//558 3163//558
f 321//4043 3174//4043 3178//4043
f 324//4044 3178//4044 3179//4044
f 330//4045 333//4045 3141//4045
f 336//4046 330//4046 3154//4046
f 336//4047 3157//4047 3162//4047
f 327//4048 3179//4048 3182//4048
f 3057//4049 342//4049 3048//4049
f 342//4050 343//4050 3048//4050
f 343//4051 348//4051 3045//4051
f 348//4052 3046//4052 3045//4052
f 342//4053 3057//4053 3141//4053
f 3046//4054 348//4054 3047//4054
f 348//4054 351//4054 3047//4054
f 351//4055 353//4055 3054//4055
f 353//4056 3052//4056 3054//4056
f 3052//4057 353//4057 3053//4057
f 353//4057 359//4057 3053//4057
f 359//4058 357//4058 3051//4058
f 357//4058 3049//4058 3051//4058
f 3049//4059 357//4059 3050//4059
f 357//4059 365//4059 3050//4059
f 365//4060 363//4060 3055//4060
f 363//4060 3056//4060 3055//4060
f 3056//4061 363//4061 369//4061
f 369//4062 371//4062 3069//4062
f 3069//4063 371//4063 376//4063
f 376//1750 374//1750 3059//1750
f 3070//4064 3059//4064 380//4064
f 3059//4065 374//4065 380//4065
f 312//4066 387//4066 3150//4066
f 389//4067 338//4067 3182//4067
f 393//4068 3151//4068 3150//4068
f 3151//4069 393//4069 396//4069
f 399//4070 389//4070 3180//4070
f 3186//4071 396//4071 402//4071
f 405//4072 399//4072 3175//4072
f 402//4073 408//4073 3181//4073
f 413//4074 405//4074 3168//4074
f 413//4075 3164//4075 3167//4075
f 3181//4076 408//4076 421//4076
f 421//4077 420//4077 3176//4077
f 3171//4078 3176//4078 426//4078
f 3176//4078 420//4078 426//4078
f 426//587 427//587 3171//587
f 417//4079 3167//4079 3156//4079
f 427//4080 434//4080 3166//4080
f 3143//4081 441//4081 437//4081
f 437//4082 431//4082 3156//4082
f 434//4083 444//4083 3160//4083
f 446//4084 441//4084 3143//4084
f 444//4085 449//4085 3153//4085
f 2928//4086 455//4086 453//4086
f 458//595 2943//595 2941//595
f 465//4087 462//4087 2927//4087
f 2927//4088 462//4088 455//4088
f 465//476 2926//476 2958//476
f 467//4089 2958//4089 2939//4089
f 474//4090 470//4090 2939//4090
f 477//4091 474//4091 2940//4091
f 477//4092 2942//4092 2944//4092
f 483//602 2945//602 2943//602
f 486//602 2947//602 2945//602
f 489//602 2959//602 2947//602
f 491//602 2948//602 2959//602
f 494//602 2951//602 2948//602
f 497//603 2978//603 2951//603
f 500//4093 2979//4093 2978//4093
f 504//619 2981//619 2979//619
f 480//4094 2944//4094 2946//4094
f 506//4095 2946//4095 3016//4095
f 509//4096 3016//4096 3017//4096
f 2969//609 515//609 518//609
f 518//4097 512//4097 2968//4097
f 512//4097 3017//4097 2968//4097
f 515//4098 2969//4098 2977//4098
f 525//4099 521//4099 2977//4099
f 528//4100 525//4100 2975//4100
f 530//4101 528//4101 2976//4101
f 530//4102 2980//4102 3007//4102
f 536//615 3018//615 2981//615
f 540//616 3019//616 3018//616
f 542//617 3020//617 3019//617
f 546//618 2983//618 3020//618
f 546//618 548//618 3011//618
f 552//4103 3012//4103 3011//4103
f 555//4104 3013//4104 3012//4104
f 555//4105 558//4105 3014//4105
f 534//4106 3007//4106 3008//4106
f 560//4107 3008//4107 3009//4107
f 564//4108 3009//4108 3010//4108
f 567//4095 3010//4095 3000//4095
f 570//4096 3000//4096 3001//4096
f 573//4109 3001//4109 3002//4109
f 575//4110 3002//4110 3003//4110
f 584//4111 578//4111 3003//4111
f 3003//4112 3004//4112 584//4112
f 591//4113 588//4113 2988//4113
f 203//4114 2991//4114 2988//4114
f 3014//4115 558//4115 594//4115
f 2987//4116 594//4116 597//4116
f 597//632 591//632 2990//632
f 582//4117 3004//4117 3005//4117
f 600//4118 3005//4118 2996//4118
f 603//635 2996//635 2997//635
f 605//636 2997//636 2998//636
f 2992//637 612//637 614//637
f 614//4119 609//4119 2999//4119
f 609//4119 2998//4119 2999//4119
f 621//640 612//640 2993//640
f 621//4120 2995//4120 2912//4120
f 624//4121 2912//4121 2911//4121
f 630//4122 627//4122 2911//4122
f 633//4123 630//4123 2910//4123
f 636//4124 633//4124 2908//4124
f 644//648 3064//648 3062//648
f 638//4125 3061//4125 3070//4125
f 3065//4126 644//4126 3063//4126
f 644//4127 648//4127 3063//4127
f 648//650 649//650 3067//650
f 654//4128 657//4128 3076//4128
f 654//4129 3085//4129 3067//4129
f 3076//4130 657//4130 3072//4130
f 657//4130 660//4130 3072//4130
f 660//4131 661//4131 3071//4131
f 661//4131 3073//4131 3071//4131
f 3073//4132 661//4132 3074//4132
f 661//4133 668//4133 3074//4133
f 668//654 665//654 3077//654
f 3077//4134 665//4134 3078//4134
f 665//4134 674//4134 3078//4134
f 674//4135 672//4135 3088//4135
f 672//4135 3089//4135 3088//4135
f 3089//656 672//656 677//656
f 677//4136 680//4136 3092//4136
f 680//4136 3105//4136 3092//4136
f 680//4137 684//4137 3094//4137
f 3094//4138 684//4138 686//4138
f 3100//4139 686//4139 689//4139
f 689//4140 692//4140 3137//4140
f 3137//4141 692//4141 695//4141
f 3138//4142 695//4142 698//4142
f 698//4143 701//4143 3114//4143
f 701//4144 704//4144 3111//4144
f 704//4145 707//4145 3115//4145
f 446//4146 3097//4146 3096//4146
f 449//4147 714//4147 3108//4147
f 710//4148 3096//4148 3106//4148
f 719//669 3107//669 3108//669
f 716//4149 3106//4149 3101//4149
f 726//4150 3102//4150 3107//4150
f 3139//4151 732//4151 729//4151
f 3140//4152 729//4152 723//4152
f 734//4153 3132//4153 3102//4153
f 3129//4154 737//4154 732//4154
f 740//4155 744//4155 3130//4155
f 734//4156 740//4156 3131//4156
f 3129//4157 3110//4157 746//4157
f 3110//4158 749//4158 746//4158
f 744//4159 752//4159 3125//4159
f 3116//4160 3115//4160 755//4160
f 3115//4161 707//4161 755//4161
f 3116//4162 758//4162 749//4162
f 762//4163 3124//4163 3125//4163
f 764//4164 767//4164 3122//4164
f 762//4165 764//4165 3123//4165
f 636//4166 2907//4166 2905//4166
f 771//4167 2905//4167 2906//4167
f 777//4168 774//4168 2906//4168
f 3027//4169 780//4169 2901//4169
f 780//4170 777//4170 2901//4170
f 783//4171 780//4171 3027//4171
f 785//4172 783//4172 3068//4172
f 789//4173 785//4173 3060//4173
f 789//4174 3066//4174 3083//4174
f 795//693 791//693 3083//693
f 797//4175 795//4175 3075//4175
f 803//4176 3091//4176 3090//4176
f 806//696 800//696 3090//696
f 809//4177 806//4177 3095//4177
f 809//4178 3093//4178 3104//4178
f 815//4179 819//4179 3081//4179
f 815//4180 3086//4180 3087//4180
f 821//4181 3087//4181 3091//4181
f 824//4182 797//4182 3082//4182
f 824//4183 3080//4183 3079//4183
f 3081//4184 819//4184 830//4184
f 830//4185 827//4185 3079//4185
f 833//705 812//705 3104//705
f 837//4186 833//4186 3098//4186
f 839//4187 837//4187 3103//4187
f 839//4188 3099//4188 3136//4188
f 848//711 842//711 3134//711
f 851//4189 848//4189 3113//4189
f 851//4190 3133//4190 3126//4190
f 855//4191 3126//4191 3127//4191
f 857//715 3127//715 3128//715
f 864//4192 860//4192 3128//4192
f 866//4193 3121//4193 3122//4193
f 869//4194 872//4194 3118//4194
f 869//4195 3120//4195 3121//4195
f 875//4196 864//4196 3119//4196
f 875//4197 3117//4197 3118//4197
f 380//6 374//6 376//6
f 371//6 369//6 654//6
f 369//6 363//6 657//6
f 380//6 376//6 383//6
f 376//6 371//6 648//6
f 648//6 371//6 649//6
f 638//6 383//6 648//6
f 644//6 640//6 648//6
f 640//6 638//6 648//6
f 657//6 654//6 369//6
f 654//6 649//6 371//6
f 661//6 660//6 657//6
f 665//6 668//6 800//6
f 668//6 661//6 800//6
f 648//6 383//6 376//6
f 363//6 365//6 657//6
f 661//6 657//6 365//6
f 661//6 365//6 357//6
f 661//6 357//6 248//6
f 248//6 357//6 255//6
f 357//6 359//6 258//6
f 255//6 357//6 258//6
f 353//6 351//6 263//6
f 351//6 348//6 263//6
f 359//6 353//6 258//6
f 343//6 342//6 266//6
f 342//6 333//6 299//6
f 266//6 342//6 299//6
f 330//6 336//6 287//6
f 336//6 317//6 294//6
f 287//6 336//6 294//6
f 317//6 315//6 273//6
f 680//6 677//6 812//6
f 677//6 672//6 812//6
f 405//6 410//6 408//6
f 408//6 402//6 405//6
f 402//6 396//6 399//6
f 396//6 393//6 389//6
f 393//6 387//6 389//6
f 387//6 312//6 338//6
f 312//6 309//6 327//6
f 338//6 312//6 327//6
f 309//6 305//6 327//6
f 305//6 303//6 324//6
f 327//6 305//6 324//6
f 303//6 285//6 324//6
f 285//6 282//6 324//6
f 282//6 278//6 321//6
f 278//6 276//6 321//6
f 276//6 269//6 315//6
f 269//6 273//6 315//6
f 273//6 296//6 317//6
f 402//6 399//6 405//6
f 389//6 399//6 396//6
f 389//6 387//6 338//6
f 282//6 321//6 324//6
f 321//6 276//6 315//6
f 296//6 294//6 317//6
f 287//6 290//6 330//6
f 290//6 299//6 333//6
f 330//6 290//6 333//6
f 266//6 263//6 348//6
f 263//6 261//6 353//6
f 343//6 266//6 348//6
f 261//6 258//6 353//6
f 255//6 252//6 248//6
f 248//6 242//6 815//6
f 815//6 661//6 248//6
f 242//6 244//6 237//6
f 244//6 240//6 237//6
f 237//6 219//6 242//6
f 219//6 215//6 221//6
f 215//6 212//6 221//6
f 212//6 206//6 221//6
f 206//6 209//6 227//6
f 221//6 206//6 227//6
f 221//6 225//6 233//6
f 231//6 162//6 155//6
f 221//6 233//6 231//6
f 242//6 219//6 231//6
f 661//6 815//6 803//6
f 231//6 219//6 221//6
f 231//6 155//6 771//6
f 155//6 158//6 633//6
f 661//6 803//6 800//6
f 158//6 171//6 630//6
f 242//6 819//6 815//6
f 242//6 231//6 819//6
f 674//6 665//6 809//6
f 231//6 771//6 819//6
f 203//6 165//6 168//6
f 168//6 192//6 203//6
f 165//6 203//6 624//6
f 171//6 165//6 624//6
f 203//6 186//6 200//6
f 672//6 674//6 809//6
f 186//6 203//6 192//6
f 200//6 186//6 187//6
f 187//6 183//6 200//6
f 197//6 183//6 179//6
f 179//6 177//6 195//6
f 177//6 174//6 195//6
f 174//6 128//6 152//6
f 195//6 174//6 152//6
f 128//6 126//6 152//6
f 183//6 197//6 200//6
f 179//6 195//6 197//6
f 624//6 203//6 588//6
f 126//6 122//6 150//6
f 684//6 680//6 833//6
f 692//6 689//6 842//6
f 689//6 686//6 839//6
f 695//6 692//6 848//6
f 689//6 839//6 842//6
f 686//6 684//6 837//6
f 665//6 800//6 806//6
f 122//6 119//6 150//6
f 152//6 126//6 150//6
f 665//6 806//6 809//6
f 119//6 116//6 146//6
f 116//6 113//6 144//6
f 113//6 110//6 141//6
f 110//6 108//6 137//6
f 108//6 104//6 134//6
f 104//6 56//6 131//6
f 134//6 104//6 131//6
f 56//6 50//6 101//6
f 50//6 54//6 98//6
f 101//6 50//6 98//6
f 54//6 77//6 96//6
f 110//6 137//6 141//6
f 137//6 108//6 134//6
f 150//6 119//6 146//6
f 77//6 75//6 96//6
f 71//6 69//6 90//6
f 69//6 66//6 86//6
f 63//6 59//6 83//6
f 59//6 24//6 81//6
f 81//6 24//6 47//6
f 24//6 18//6 47//6
f 18//6 20//6 45//6
f 47//6 18//6 45//6
f 20//6 26//6 42//6
f 26//6 29//6 37//6
f 29//6 32//6 37//6
f 37//6 35//6 42//6
f 42//6 45//6 20//6
f 81//6 83//6 59//6
f 83//6 86//6 63//6
f 63//6 86//6 66//6
f 90//6 93//6 71//6
f 93//6 96//6 75//6
f 71//6 93//6 75//6
f 86//6 90//6 69//6
f 96//6 98//6 54//6
f 101//6 131//6 56//6
f 37//6 42//6 26//6
f 141//6 144//6 113//6
f 729//6 732//6 744//6
f 732//6 737//6 744//6
f 737//6 746//6 752//6
f 744//6 737//6 752//6
f 421//6 417//6 420//6
f 417//6 431//6 420//6
f 427//6 426//6 431//6
f 426//6 420//6 431//6
f 431//6 437//6 434//6
f 434//6 427//6 431//6
f 449//6 444//6 446//6
f 444//6 434//6 437//6
f 441//6 444//6 437//6
f 719//6 714//6 710//6
f 714//6 449//6 710//6
f 710//6 449//6 446//6
f 734//6 726//6 723//6
f 726//6 719//6 716//6
f 744//6 740//6 729//6
f 740//6 734//6 729//6
f 764//6 762//6 758//6
f 762//6 752//6 749//6
f 749//6 752//6 746//6
f 726//6 716//6 723//6
f 444//6 441//6 446//6
f 866//6 767//6 707//6
f 767//6 764//6 758//6
f 872//6 869//6 704//6
f 869//6 866//6 704//6
f 864//6 875//6 701//6
f 875//6 872//6 701//6
f 857//6 860//6 698//6
f 860//6 864//6 701//6
f 698//6 860//6 701//6
f 851//6 855//6 695//6
f 855//6 857//6 698//6
f 695//6 855//6 698//6
f 846//6 848//6 692//6
f 848//6 851//6 695//6
f 842//6 846//6 692//6
f 767//6 758//6 755//6
f 719//6 710//6 716//6
f 866//6 707//6 704//6
f 762//6 749//6 758//6
f 833//6 837//6 684//6
f 837//6 839//6 686//6
f 812//6 833//6 680//6
f 734//6 723//6 729//6
f 815//6 821//6 803//6
f 830//6 819//6 824//6
f 824//6 827//6 830//6
f 795//6 797//6 780//6
f 797//6 824//6 819//6
f 789//6 791//6 780//6
f 791//6 795//6 780//6
f 789//6 780//6 783//6
f 783//6 785//6 789//6
f 777//6 780//6 774//6
f 771//6 774//6 780//6
f 633//6 636//6 771//6
f 627//6 630//6 171//6
f 630//6 633//6 158//6
f 618//6 621//6 588//6
f 621//6 624//6 588//6
f 633//6 771//6 155//6
f 612//6 618//6 588//6
f 780//6 797//6 771//6
f 797//6 819//6 771//6
f 624//6 627//6 171//6
f 612//6 588//6 591//6
f 609//6 597//6 605//6
f 609//6 614//6 591//6
f 594//6 603//6 605//6
f 597//6 609//6 591//6
f 603//6 594//6 600//6
f 558//6 584//6 582//6
f 584//6 558//6 555//6
f 584//6 555//6 578//6
f 582//6 600//6 558//6
f 578//6 555//6 575//6
f 552//6 575//6 555//6
f 575//6 552//6 573//6
f 573//6 552//6 548//6
f 614//6 612//6 591//6
f 573//6 548//6 570//6
f 570//6 546//6 567//6
f 564//6 567//6 542//6
f 564//6 542//6 540//6
f 534//6 560//6 536//6
f 560//6 564//6 540//6
f 528//6 530//6 500//6
f 530//6 534//6 504//6
f 525//6 528//6 497//6
f 534//6 536//6 504//6
f 560//6 540//6 536//6
f 546//6 570//6 548//6
f 521//6 525//6 497//6
f 530//6 504//6 500//6
f 542//6 567//6 546//6
f 515//6 521//6 494//6
f 518//6 515//6 491//6
f 480//6 506//6 483//6
f 506//6 509//6 486//6
f 474//6 477//6 453//6
f 477//6 480//6 458//6
f 453//6 477//6 458//6
f 467//6 470//6 465//6
f 470//6 474//6 455//6
f 455//6 474//6 453//6
f 462//6 465//6 470//6
f 455//6 462//6 470//6
f 483//6 458//6 480//6
f 486//6 483//6 506//6
f 509//6 512//6 489//6
f 509//6 489//6 486//6
f 512//6 518//6 489//6
f 494//6 491//6 515//6
f 491//6 489//6 518//6
f 500//6 497//6 528//6
f 497//6 494//6 521//6
f 558//6 600//6 594//6
f 605//6 597//6 594//6
f 809//6 812//6 672//6
f 767//6 755//6 707//6
f 872//6 704//6 701//6
f 421//6 408//6 417//6
f 408//6 410//6 413//6
f 3198//722 3199//722 3190//722
f 3385//723 3205//723 3206//723
f 3192//4198 3202//4198 3203//4198
f 3199//726 3200//726 3191//726
f 3196//728 3197//728 3189//728
f 3203//729 3204//729 3194//729
f 3191//730 3200//730 3201//730
f 3197//731 3198//731 3383//731
f 3204//732 3205//732 3385//732
f 3384//4199 3201//4199 3202//4199
f 3203//734 3214//734 3215//734
f 3200//735 3211//735 3212//735
f 3197//736 3208//736 3209//736
f 3204//4200 3215//4200 3216//4200
f 3201//738 3212//738 3213//738
f 3209//739 3210//739 3199//739
f 3216//4201 3217//4201 3206//4201
f 3213//4202 3214//4202 3203//4202
f 3210//743 3211//743 3200//743
f 3196//745 3207//745 3208//745
f 3224//4203 3225//4203 3214//4203
f 3210//748 3221//748 3222//748
f 3218//4204 3219//4204 3208//4204
f 3214//4205 3225//4205 3226//4205
f 3222//4206 3223//4206 3212//4206
f 3219//4207 3220//4207 3209//4207
f 3215//754 3226//754 3227//754
f 3223//755 3224//755 3213//755
f 3220//756 3221//756 3210//756
f 3227//757 3228//757 3217//757
f 3237//758 3238//758 3227//758
f 3223//4208 3234//4208 3235//4208
f 3231//760 3232//760 3221//760
f 3227//761 3238//761 3239//761
f 3224//763 3235//763 3236//763
f 3232//764 3233//764 3222//764
f 3229//766 3230//766 3219//766
f 3225//767 3236//767 3237//767
f 3233//768 3234//768 3223//768
f 3230//769 3231//769 3220//769
f 3240//770 3241//770 3230//770
f 3236//771 3247//771 3248//771
f 3233//772 3244//772 3245//772
f 3241//773 3242//773 3231//773
f 3237//4209 3248//4209 3249//4209
f 3234//775 3245//775 3246//775
f 3242//776 3243//776 3232//776
f 3249//777 3250//777 3239//777
f 3235//779 3246//779 3247//779
f 3232//780 3243//780 3244//780
f 3249//782 3260//782 3261//782
f 3257//784 3258//784 3247//784
f 3254//785 3255//785 3244//785
f 3251//4210 3252//4210 3241//4210
f 3247//788 3258//788 3259//788
f 3255//789 3256//789 3245//789
f 3252//790 3253//790 3242//790
f 3248//791 3259//791 3260//791
f 3256//4211 3257//4211 3246//4211
f 3242//793 3253//793 3254//793
f 3263//4212 3264//4212 3253//4212
f 3259//795 3270//795 3271//795
f 3267//796 3268//796 3257//796
f 3264//797 3265//797 3254//797
f 3271//4213 3272//4213 3261//4213
f 3257//800 3268//800 3269//800
f 3265//801 3266//801 3255//801
f 3262//4214 3263//4214 3252//4214
f 3258//4215 3269//4215 3270//4215
f 3255//805 3266//805 3267//805
f 3273//807 3274//807 3263//807
f 3280//808 3281//808 3270//808
f 3277//809 3278//809 3267//809
f 3274//810 3275//810 3264//810
f 3281//811 3282//811 3271//811
f 3267//812 3278//812 3279//812
f 3264//813 3275//813 3276//813
f 3282//814 3283//814 3272//814
f 3268//816 3279//816 3280//816
f 3276//817 3277//817 3266//817
f 3275//818 3286//818 3287//818
f 3282//819 3293//819 3294//819
f 3290//821 3291//821 3280//821
f 3276//822 3287//822 3288//822
f 3284//824 3285//824 3274//824
f 3280//825 3291//825 3292//825
f 3277//826 3288//826 3289//826
f 3285//827 3286//827 3275//827
f 3281//828 3292//828 3293//828
f 3289//4216 3290//4216 3279//4216
f 3296//830 3297//830 3286//830
f 3303//831 3304//831 3293//831
f 3289//832 3300//832 3301//832
f 3286//833 3297//833 3298//833
f 3293//834 3304//834 3305//834
f 3290//836 3301//836 3302//836
f 3298//837 3299//837 3288//837
f 3295//839 3296//839 3285//839
f 3291//840 3302//840 3303//840
f 3288//841 3299//841 3300//841
f 3309//842 3310//842 3299//842
f 3306//4217 3307//4217 3296//4217
f 3302//845 3313//845 3314//845
f 3310//846 3311//846 3300//846
f 3307//847 3308//847 3297//847
f 3314//4218 3315//4218 3304//4218
f 3311//849 3312//849 3301//849
f 3308//850 3309//850 3298//850
f 3315//851 3316//851 3305//851
f 3312//853 3313//853 3302//853
f 3308//854 3319//854 3320//854
f 3315//855 3326//855 3327//855
f 3323//857 3324//857 3313//857
f 3309//858 3320//858 3321//858
f 3317//4219 3318//4219 3307//4219
f 3313//861 3324//861 3325//861
f 3310//862 3321//862 3322//862
f 3318//863 3319//863 3308//863
f 3314//864 3325//864 3326//864
f 3322//4220 3323//4220 3312//4220
f 3321//866 3332//866 3333//866
f 3329//867 3330//867 3319//867
f 3336//868 3337//868 3326//868
f 3322//869 3333//869 3334//869
f 3319//870 3330//870 3331//870
f 3326//871 3337//871 3338//871
f 3323//873 3334//873 3335//873
f 3331//874 3332//874 3321//874
f 3328//876 3329//876 3318//876
f 3324//877 3335//877 3336//877
f 3331//878 3342//878 3343//878
f 3328//880 3339//880 3340//880
f 3335//881 3346//881 3347//881
f 3343//882 3344//882 3333//882
f 3329//883 3340//883 3341//883
f 3336//4221 3347//4221 3348//4221
f 3344//885 3345//885 3334//885
f 3330//886 3341//886 3342//886
f 3348//887 3349//887 3338//887
f 3345//889 3346//889 3335//889
f 3344//4222 3355//4222 3356//4222
f 3352//891 3353//891 3342//891
f 3348//892 3359//892 3360//892
f 3356//894 3357//894 3346//894
f 3353//895 3354//895 3343//895
f 3350//897 3351//897 3340//897
f 3357//898 3358//898 3347//898
f 3354//899 3355//899 3344//899
f 3351//900 3352//900 3341//900
f 3358//901 3359//901 3348//901
f 3354//902 3365//902 3366//902
f 3351//903 3362//903 3363//903
f 3369//904 3370//904 3359//904
f 3355//4223 3366//4223 3367//4223
f 3363//906 3364//906 3353//906
f 3359//907 3370//907 3371//907
f 3367//909 3368//909 3357//909
f 3353//910 3364//910 3365//910
f 3361//4224 3362//4224 3351//4224
f 3357//913 3368//913 3369//913
f 3378//914 3379//914 3368//914
f 3375//915 3376//915 3365//915
f 3361//917 3372//917 3373//917
f 3379//918 3380//918 3369//918
f 3376//919 3377//919 3366//919
f 3373//920 3374//920 3363//920
f 3369//921 3380//921 3381//921
f 3377//922 3378//922 3367//922
f 3374//923 3375//923 3364//923
f 3370//924 3381//924 3382//924
f 3377//926 3384//926 3192//926
f 3374//927 3383//927 3190//927
f 3385//928 3386//928 3382//928
f 3378//4225 3192//4225 3193//4225
f 3375//931 3190//931 3191//931
f 3188//933 3189//933 3373//933
f 3379//934 3193//934 3194//934
f 3376//935 3191//935 3384//935
f 3373//936 3189//936 3383//936
f 3194//937 3385//937 3381//937
f 3398//938 3399//938 3390//938
f 3585//939 3405//939 3406//939
f 3402//941 3403//941 3393//941
f 3390//942 3399//942 3400//942
f 3388//944 3396//944 3397//944
f 3393//945 3403//945 3404//945
f 3391//946 3400//946 3401//946
f 3397//947 3398//947 3583//947
f 3404//948 3405//948 3585//948
f 3401//949 3402//949 3392//949
f 3414//950 3415//950 3404//950
f 3411//951 3412//951 3401//951
f 3408//952 3409//952 3398//952
f 3415//953 3416//953 3405//953
f 3401//954 3412//954 3413//954
f 3398//4226 3409//4226 3410//4226
f 3405//956 3416//956 3417//956
f 3413//958 3414//958 3403//958
f 3410//959 3411//959 3400//959
f 3396//961 3407//961 3408//961
f 3424//963 3425//963 3414//963
f 3410//964 3421//964 3422//964
f 3418//4227 3419//4227 3408//4227
f 3425//967 3426//967 3415//967
f 3411//968 3422//968 3423//968
f 3419//4228 3420//4228 3409//4228
f 3426//970 3427//970 3416//970
f 3423//4229 3424//4229 3413//4229
f 3420//972 3421//972 3410//972
f 3416//973 3427//973 3428//973
f 3426//974 3437//974 3438//974
f 3423//4230 3434//4230 3435//4230
f 3431//976 3432//976 3421//976
f 3427//4231 3438//4231 3439//4231
f 3435//979 3436//979 3425//979
f 3432//980 3433//980 3422//980
f 3418//982 3429//982 3430//982
f 3436//4232 3437//4232 3426//4232
f 3433//984 3434//984 3423//984
f 3419//985 3430//985 3431//985
f 3440//986 3441//986 3430//986
f 3436//987 3447//987 3448//987
f 3444//988 3445//988 3434//988
f 3441//989 3442//989 3431//989
f 3448//990 3449//990 3438//990
f 3445//991 3446//991 3435//991
f 3431//992 3442//992 3443//992
f 3438//993 3449//993 3450//993
f 3435//995 3446//995 3447//995
f 3432//996 3443//996 3444//996
f 3449//998 3460//998 3461//998
f 3457//1000 3458//1000 3447//1000
f 3454//1001 3455//1001 3444//1001
f 3451//1003 3452//1003 3441//1003
f 3458//4233 3459//4233 3448//4233
f 3455//1005 3456//1005 3445//1005
f 3441//1006 3452//1006 3453//1006
f 3459//1007 3460//1007 3449//1007
f 3445//4234 3456//4234 3457//4234
f 3442//1009 3453//1009 3454//1009
f 3463//1010 3464//1010 3453//1010
f 3459//1011 3470//1011 3471//1011
f 3467//4235 3468//4235 3457//4235
f 3464//1013 3465//1013 3454//1013
f 3460//1014 3471//1014 3472//1014
f 3457//1016 3468//1016 3469//1016
f 3465//1017 3466//1017 3455//1017
f 3462//4236 3463//4236 3452//4236
f 3469//1020 3470//1020 3459//1020
f 3466//1021 3467//1021 3456//1021
f 3462//4237 3473//4237 3474//4237
f 3480//1024 3481//1024 3470//1024
f 3466//1025 3477//1025 3478//1025
f 3474//1026 3475//1026 3464//1026
f 3470//1027 3481//1027 3482//1027
f 3478//1028 3479//1028 3468//1028
f 3475//1029 3476//1029 3465//1029
f 3482//1030 3483//1030 3472//1030
f 3468//1032 3479//1032 3480//1032
f 3465//1033 3476//1033 3477//1033
f 3475//1034 3486//1034 3487//1034
f 3482//1035 3493//1035 3494//1035
f 3490//1037 3491//1037 3480//1037
f 3476//1038 3487//1038 3488//1038
f 3484//1040 3485//1040 3474//1040
f 3491//1041 3492//1041 3481//1041
f 3488//1042 3489//1042 3478//1042
f 3474//1043 3485//1043 3486//1043
f 3492//1044 3493//1044 3482//1044
f 3478//1045 3489//1045 3490//1045
f 3485//1046 3496//1046 3497//1046
f 3503//1047 3504//1047 3493//1047
f 3500//1048 3501//1048 3490//1048
f 3486//1049 3497//1049 3498//1049
f 3504//4238 3505//4238 3494//4238
f 3501//4239 3502//4239 3491//4239
f 3498//1053 3499//1053 3488//1053
f 3495//1055 3496//1055 3485//1055
f 3491//1056 3502//1056 3503//1056
f 3499//1057 3500//1057 3489//1057
f 3498//1058 3509//1058 3510//1058
f 3495//1060 3506//1060 3507//1060
f 3502//4240 3513//4240 3514//4240
f 3510//1062 3511//1062 3500//1062
f 3507//1063 3508//1063 3497//1063
f 3503//1064 3514//1064 3515//1064
f 3500//1065 3511//1065 3512//1065
f 3508//1066 3509//1066 3498//1066
f 3515//1067 3516//1067 3505//1067
f 3501//1069 3512//1069 3513//1069
f 3519//1070 3520//1070 3509//1070
f 3526//1071 3527//1071 3516//1071
f 3512//1073 3523//1073 3524//1073
f 3520//1074 3521//1074 3510//1074
f 3506//1076 3517//1076 3518//1076
f 3524//1077 3525//1077 3514//1077
f 3510//1078 3521//1078 3522//1078
f 3518//4241 3519//4241 3508//4241
f 3514//1080 3525//1080 3526//1080
f 3511//4242 3522//4242 3523//4242
f 3532//4243 3533//4243 3522//4243
f 3529//1083 3530//1083 3519//1083
f 3536//1084 3537//1084 3526//1084
f 3533//1085 3534//1085 3523//1085
f 3519//1086 3530//1086 3531//1086
f 3526//1087 3537//1087 3538//1087
f 3534//1089 3535//1089 3524//1089
f 3520//1090 3531//1090 3532//1090
f 3528//1092 3529//1092 3518//1092
f 3524//4244 3535//4244 3536//4244
f 3542//1094 3543//1094 3532//1094
f 3528//1096 3539//1096 3540//1096
f 3535//1097 3546//1097 3547//1097
f 3543//1098 3544//1098 3533//1098
f 3529//1099 3540//1099 3541//1099
f 3536//1100 3547//1100 3548//1100
f 3533//1101 3544//1101 3545//1101
f 3530//1102 3541//1102 3542//1102
f 3548//1103 3549//1103 3538//1103
f 3534//1105 3545//1105 3546//1105
f 3555//4245 3556//4245 3545//4245
f 3541//1107 3552//1107 3553//1107
f 3548//1108 3559//1108 3560//1108
f 3545//1110 3556//1110 3557//1110
f 3553//1111 3554//1111 3543//1111
f 3539//1113 3550//1113 3551//1113
f 3546//1114 3557//1114 3558//1114
f 3554//1115 3555//1115 3544//1115
f 3551//1116 3552//1116 3541//1116
f 3547//1117 3558//1117 3559//1117
f 3554//1118 3565//1118 3566//1118
f 3562//4246 3563//4246 3552//4246
f 3558//1120 3569//1120 3570//1120
f 3566//4247 3567//4247 3556//4247
f 3563//1122 3564//1122 3553//1122
f 3570//1123 3571//1123 3560//1123
f 3556//1125 3567//1125 3568//1125
f 3553//1126 3564//1126 3565//1126
f 3550//4248 3561//4248 3562//4248
f 3568//1129 3569//1129 3558//1129
f 3578//1130 3579//1130 3568//1130
f 3564//1131 3575//1131 3576//1131
f 3561//1133 3572//1133 3573//1133
f 3579//1134 3580//1134 3569//1134
f 3565//1135 3576//1135 3577//1135
f 3573//1136 3574//1136 3563//1136
f 3569//1137 3580//1137 3581//1137
f 3566//1138 3577//1138 3578//1138
f 3563//1139 3574//1139 3575//1139
f 3570//1140 3581//1140 3582//1140
f 3584//1142 3392//1142 3578//1142
f 3583//1143 3390//1143 3575//1143
f 3581//4249 3585//4249 3586//4249
f 3392//1146 3393//1146 3579//1146
f 3390//1147 3391//1147 3576//1147
f 3572//1149 3388//1149 3389//1149
f 3393//1150 3394//1150 3580//1150
f 3391//1151 3584//1151 3577//1151
f 3389//1152 3583//1152 3574//1152
f 3580//1153 3394//1153 3585//1153
f 3598//1154 3599//1154 3590//1154
f 3605//1155 3606//1155 3786//1155
f 3592//1157 3602//1157 3603//1157
f 3599//1158 3600//1158 3591//1158
f 3588//1160 3596//1160 3597//1160
f 3593//1161 3603//1161 3604//1161
f 3591//1162 3600//1162 3601//1162
f 3597//1163 3598//1163 3783//1163
f 3594//4250 3604//4250 3605//4250
f 3784//1165 3601//1165 3602//1165
f 3614//1166 3615//1166 3604//1166
f 3611//1167 3612//1167 3601//1167
f 3608//1168 3609//1168 3598//1168
f 3604//1169 3615//1169 3616//1169
f 3601//1170 3612//1170 3613//1170
f 3598//1171 3609//1171 3610//1171
f 3605//4251 3616//4251 3617//4251
f 3602//1174 3613//1174 3614//1174
f 3610//1175 3611//1175 3600//1175
f 3607//1177 3608//1177 3597//1177
f 3624//1179 3625//1179 3614//1179
f 3621//1180 3622//1180 3611//1180
f 3618//1182 3619//1182 3608//1182
f 3625//1183 3626//1183 3615//1183
f 3622//1184 3623//1184 3612//1184
f 3608//4252 3619//4252 3620//4252
f 3626//1186 3627//1186 3616//1186
f 3623//4253 3624//4253 3613//4253
f 3620//1188 3621//1188 3610//1188
f 3627//1189 3628//1189 3617//1189
f 3637//1190 3638//1190 3627//1190
f 3623//4254 3634//4254 3635//4254
f 3620//1192 3631//1192 3632//1192
f 3627//1193 3638//1193 3639//1193
f 3635//1195 3636//1195 3625//1195
f 3632//1196 3633//1196 3622//1196
f 3629//4255 3630//4255 3619//4255
f 3636//1199 3637//1199 3626//1199
f 3633//1200 3634//1200 3623//1200
f 3630//1201 3631//1201 3620//1201
f 3629//1202 3640//1202 3641//1202
f 3636//1203 3647//1203 3648//1203
f 3644//1204 3645//1204 3634//1204
f 3641//1205 3642//1205 3631//1205
f 3637//4256 3648//4256 3649//4256
f 3634//1207 3645//1207 3646//1207
f 3631//1208 3642//1208 3643//1208
f 3649//1209 3650//1209 3639//1209
f 3635//1211 3646//1211 3647//1211
f 3643//1212 3644//1212 3633//1212
f 3660//4257 3661//4257 3650//4257
f 3657//1216 3658//1216 3647//1216
f 3643//1217 3654//1217 3655//1217
f 3651//4258 3652//4258 3641//4258
f 3647//1220 3658//1220 3659//1220
f 3655//1221 3656//1221 3645//1221
f 3641//1222 3652//1222 3653//1222
f 3648//1223 3659//1223 3660//1223
f 3656//4259 3657//4259 3646//4259
f 3642//4260 3653//4260 3654//4260
f 3663//4261 3664//4261 3653//4261
f 3670//1227 3671//1227 3660//1227
f 3656//4262 3667//4262 3668//4262
f 3664//1229 3665//1229 3654//1229
f 3671//1230 3672//1230 3661//1230
f 3657//1232 3668//1232 3669//1232
f 3665//1233 3666//1233 3655//1233
f 3662//4263 3663//4263 3652//4263
f 3669//1236 3670//1236 3659//1236
f 3655//1237 3666//1237 3667//1237
f 3673//1239 3674//1239 3663//1239
f 3669//1240 3680//1240 3681//1240
f 3677//1241 3678//1241 3667//1241
f 3674//1242 3675//1242 3664//1242
f 3681//1243 3682//1243 3671//1243
f 3678//1244 3679//1244 3668//1244
f 3675//1245 3676//1245 3665//1245
f 3682//4264 3683//4264 3672//4264
f 3679//1248 3680//1248 3669//1248
f 3676//1249 3677//1249 3666//1249
f 3686//1250 3687//1250 3676//1250
f 3693//1251 3694//1251 3683//1251
f 3690//1253 3691//1253 3680//1253
f 3687//1254 3688//1254 3677//1254
f 3673//1256 3684//1256 3685//1256
f 3691//1257 3692//1257 3681//1257
f 3688//1258 3689//1258 3678//1258
f 3685//1259 3686//1259 3675//1259
f 3692//1260 3693//1260 3682//1260
f 3678//1261 3689//1261 3690//1261
f 3696//1262 3697//1262 3686//1262
f 3692//1263 3703//1263 3704//1263
f 3689//1264 3700//1264 3701//1264
f 3697//1265 3698//1265 3687//1265
f 3704//4265 3705//4265 3694//4265
f 3701//1268 3702//1268 3691//1268
f 3698//1269 3699//1269 3688//1269
f 3695//1271 3696//1271 3685//1271
f 3702//1272 3703//1272 3692//1272
f 3699//1273 3700//1273 3689//1273
f 3698//4266 3709//4266 3710//4266
f 3706//1276 3707//1276 3696//1276
f 3702//1277 3713//1277 3714//1277
f 3699//1278 3710//1278 3711//1278
f 3707//1279 3708//1279 3697//1279
f 3703//4267 3714//4267 3715//4267
f 3700//1281 3711//1281 3712//1281
f 3697//1282 3708//1282 3709//1282
f 3704//1283 3715//1283 3716//1283
f 3712//1285 3713//1285 3702//1285
f 3719//1286 3720//1286 3709//1286
f 3726//1287 3727//1287 3716//1287
f 3723//1289 3724//1289 3713//1289
f 3720//1290 3721//1290 3710//1290
f 3706//1292 3717//1292 3718//1292
f 3724//4268 3725//4268 3714//4268
f 3721//1294 3722//1294 3711//1294
f 3718//1295 3719//1295 3708//1295
f 3725//1296 3726//1296 3715//1296
f 3722//4269 3723//4269 3712//4269
f 3732//4270 3733//4270 3722//4270
f 3729//1299 3730//1299 3719//1299
f 3725//1300 3736//1300 3737//1300
f 3733//4271 3734//4271 3723//4271
f 3730//1302 3731//1302 3720//1302
f 3737//4272 3738//4272 3727//4272
f 3723//1305 3734//1305 3735//1305
f 3731//1306 3732//1306 3721//1306
f 3728//1308 3729//1308 3718//1308
f 3724//1309 3735//1309 3736//1309
f 3731//1310 3742//1310 3743//1310
f 3739//1312 3740//1312 3729//1312
f 3746//1313 3747//1313 3736//1313
f 3743//1314 3744//1314 3733//1314
f 3740//1315 3741//1315 3730//1315
f 3736//4273 3747//4273 3748//4273
f 3744//1317 3745//1317 3734//1317
f 3741//1318 3742//1318 3731//1318
f 3737//1319 3748//1319 3749//1319
f 3745//1321 3746//1321 3735//1321
f 3744//4274 3755//4274 3756//4274
f 3741//1323 3752//1323 3753//1323
f 3748//1324 3759//1324 3760//1324
f 3745//1326 3756//1326 3757//1326
f 3742//1327 3753//1327 3754//1327
f 3739//1329 3750//1329 3751//1329
f 3746//1330 3757//1330 3758//1330
f 3743//4275 3754//4275 3755//4275
f 3751//1332 3752//1332 3741//1332
f 3758//1333 3759//1333 3748//1333
f 3765//1334 3766//1334 3755//1334
f 3762//4276 3763//4276 3752//4276
f 3769//1336 3770//1336 3759//1336
f 3766//4277 3767//4277 3756//4277
f 3752//4278 3763//4278 3764//4278
f 3759//1339 3770//1339 3771//1339
f 3756//1341 3767//1341 3768//1341
f 3764//1342 3765//1342 3754//1342
f 3761//1344 3762//1344 3751//1344
f 3768//1345 3769//1345 3758//1345
f 3767//1346 3778//1346 3779//1346
f 3775//1347 3776//1347 3765//1347
f 3772//1349 3773//1349 3762//1349
f 3779//1350 3780//1350 3769//1350
f 3776//1351 3777//1351 3766//1351
f 3773//1352 3774//1352 3763//1352
f 3769//1353 3780//1353 3781//1353
f 3766//1354 3777//1354 3778//1354
f 3774//1355 3775//1355 3764//1355
f 3770//1356 3781//1356 3782//1356
f 3777//1358 3784//1358 3592//1358
f 3783//1359 3590//1359 3775//1359
f 3785//4279 3786//4279 3782//4279
f 3592//4280 3593//4280 3779//4280
f 3775//1363 3590//1363 3591//1363
f 3772//1365 3588//1365 3589//1365
f 3779//1366 3593//1366 3594//1366
f 3776//1367 3591//1367 3784//1367
f 3773//1368 3589//1368 3783//1368
f 3594//1369 3785//1369 3781//1369
f 3983//1370 3798//1370 3799//1370
f 3985//1371 3805//1371 3806//1371
f 3802//1373 3803//1373 3793//1373
f 3790//1374 3799//1374 3800//1374
f 3796//1376 3797//1376 3789//1376
f 3793//1377 3803//1377 3804//1377
f 3791//1378 3800//1378 3801//1378
f 3797//1379 3798//1379 3983//1379
f 3804//1380 3805//1380 3985//1380
f 3801//1381 3802//1381 3792//1381
f 3803//1382 3814//1382 3815//1382
f 3811//4281 3812//4281 3801//4281
f 3808//1384 3809//1384 3798//1384
f 3815//1385 3816//1385 3805//1385
f 3812//1386 3813//1386 3802//1386
f 3809//1387 3810//1387 3799//1387
f 3805//1388 3816//1388 3817//1388
f 3813//1390 3814//1390 3803//1390
f 3810//1391 3811//1391 3800//1391
f 3807//1393 3808//1393 3797//1393
f 3813//1395 3824//1395 3825//1395
f 3821//1396 3822//1396 3811//1396
f 3807//4282 3818//4282 3819//4282
f 3825//1399 3826//1399 3815//1399
f 3822//1400 3823//1400 3812//1400
f 3808//1401 3819//1401 3820//1401
f 3826//1402 3827//1402 3816//1402
f 3823//1403 3824//1403 3813//1403
f 3820//1404 3821//1404 3810//1404
f 3816//1405 3827//1405 3828//1405
f 3826//1406 3837//1406 3838//1406
f 3834//4283 3835//4283 3824//4283
f 3820//4284 3831//4284 3832//4284
f 3827//1409 3838//1409 3839//1409
f 3835//1411 3836//1411 3825//1411
f 3821//1412 3832//1412 3833//1412
f 3829//1414 3830//1414 3819//1414
f 3825//1415 3836//1415 3837//1415
f 3833//1416 3834//1416 3823//1416
f 3830//1417 3831//1417 3820//1417
f 3840//1418 3841//1418 3830//1418
f 3836//1419 3847//1419 3848//1419
f 3833//1420 3844//1420 3845//1420
f 3841//1421 3842//1421 3831//1421
f 3837//1422 3848//1422 3849//1422
f 3845//1423 3846//1423 3835//1423
f 3842//1424 3843//1424 3832//1424
f 3849//1425 3850//1425 3839//1425
f 3835//1427 3846//1427 3847//1427
f 3843//1428 3844//1428 3833//1428
f 3860//1430 3861//1430 3850//1430
f 3857//1432 3858//1432 3847//1432
f 3854//1433 3855//1433 3844//1433
f 3851//1435 3852//1435 3841//1435
f 3847//1436 3858//1436 3859//1436
f 3855//1437 3856//1437 3845//1437
f 3852//1438 3853//1438 3842//1438
f 3859//1439 3860//1439 3849//1439
f 3845//1440 3856//1440 3857//1440
f 3853//4285 3854//4285 3843//4285
f 3863//1442 3864//1442 3853//1442
f 3859//1443 3870//1443 3871//1443
f 3867//4286 3868//4286 3857//4286
f 3864//1445 3865//1445 3854//1445
f 3871//1446 3872//1446 3861//1446
f 3868//1448 3869//1448 3858//1448
f 3854//1449 3865//1449 3866//1449
f 3851//1451 3862//1451 3863//1451
f 3858//1452 3869//1452 3870//1452
f 3855//4287 3866//4287 3867//4287
f 3873//1455 3874//1455 3863//1455
f 3880//1456 3881//1456 3870//1456
f 3866//4288 3877//4288 3878//4288
f 3874//1458 3875//1458 3864//1458
f 3881//1459 3882//1459 3871//1459
f 3867//1460 3878//1460 3879//1460
f 3875//1461 3876//1461 3865//1461
f 3871//1462 3882//1462 3883//1462
f 3879//1464 3880//1464 3869//1464
f 3865//1465 3876//1465 3877//1465
f 3886//1466 3887//1466 3876//1466
f 3893//1467 3894//1467 3883//1467
f 3879//1469 3890//1469 3891//1469
f 3876//1470 3887//1470 3888//1470
f 3884//1472 3885//1472 3874//1472
f 3880//1473 3891//1473 3892//1473
f 3888//1474 3889//1474 3878//1474
f 3874//1475 3885//1475 3886//1475
f 3881//1476 3892//1476 3893//1476
f 3878//1477 3889//1477 3890//1477
f 3896//1478 3897//1478 3886//1478
f 3903//1479 3904//1479 3893//1479
f 3900//1480 3901//1480 3890//1480
f 3886//1481 3897//1481 3898//1481
f 3893//1482 3904//1482 3905//1482
f 3890//4289 3901//4289 3902//4289
f 3898//1485 3899//1485 3888//1485
f 3895//1487 3896//1487 3885//1487
f 3902//1488 3903//1488 3892//1488
f 3899//1489 3900//1489 3889//1489
f 3898//1490 3909//1490 3910//1490
f 3895//1492 3906//1492 3907//1492
f 3902//1493 3913//1493 3914//1493
f 3899//1494 3910//1494 3911//1494
f 3896//1495 3907//1495 3908//1495
f 3914//1496 3915//1496 3904//1496
f 3900//1497 3911//1497 3912//1497
f 3908//1498 3909//1498 3898//1498
f 3904//1499 3915//1499 3916//1499
f 3901//1501 3912//1501 3913//1501
f 3908//4290 3919//4290 3920//4290
f 3926//1503 3927//1503 3916//1503
f 3923//1505 3924//1505 3913//1505
f 3909//1506 3920//1506 3921//1506
f 3917//4291 3918//4291 3907//4291
f 3924//4292 3925//4292 3914//4292
f 3910//1510 3921//1510 3922//1510
f 3918//1511 3919//1511 3908//1511
f 3925//1512 3926//1512 3915//1512
f 3922//4293 3923//4293 3912//4293
f 3932//1514 3933//1514 3922//1514
f 3918//1515 3929//1515 3930//1515
f 3925//1516 3936//1516 3937//1516
f 3933//1517 3934//1517 3923//1517
f 3930//1518 3931//1518 3920//1518
f 3926//1519 3937//1519 3938//1519
f 3934//1521 3935//1521 3924//1521
f 3931//1522 3932//1522 3921//1522
f 3928//4294 3929//4294 3918//4294
f 3935//1525 3936//1525 3925//1525
f 3942//1526 3943//1526 3932//1526
f 3928//1528 3939//1528 3940//1528
f 3935//1529 3946//1529 3947//1529
f 3943//1530 3944//1530 3933//1530
f 3940//1531 3941//1531 3930//1531
f 3947//1532 3948//1532 3937//1532
f 3944//1533 3945//1533 3934//1533
f 3941//1534 3942//1534 3931//1534
f 3948//1535 3949//1535 3938//1535
f 3945//1537 3946//1537 3935//1537
f 3955//1538 3956//1538 3945//1538
f 3952//1539 3953//1539 3942//1539
f 3948//1540 3959//1540 3960//1540
f 3956//1542 3957//1542 3946//1542
f 3942//1543 3953//1543 3954//1543
f 3939//4295 3950//4295 3951//4295
f 3957//1546 3958//1546 3947//1546
f 3943//1547 3954//1547 3955//1547
f 3940//1548 3951//1548 3952//1548
f 3958//1549 3959//1549 3948//1549
f 3954//1550 3965//1550 3966//1550
f 3962//4296 3963//4296 3952//4296
f 3969//1552 3970//1552 3959//1552
f 3966//4297 3967//4297 3956//4297
f 3952//1554 3963//1554 3964//1554
f 3959//1555 3970//1555 3971//1555
f 3956//4298 3967//4298 3968//4298
f 3964//1558 3965//1558 3954//1558
f 3950//1560 3961//1560 3962//1560
f 3968//1561 3969//1561 3958//1561
f 3967//1562 3978//1562 3979//1562
f 3975//1563 3976//1563 3965//1563
f 3961//1565 3972//1565 3973//1565
f 3979//1566 3980//1566 3969//1566
f 3976//1567 3977//1567 3966//1567
f 3962//1568 3973//1568 3974//1568
f 3969//1569 3980//1569 3981//1569
f 3977//1570 3978//1570 3967//1570
f 3974//1571 3975//1571 3964//1571
f 3981//1572 3982//1572 3971//1572
f 3984//1574 3792//1574 3978//1574
f 3983//1575 3790//1575 3975//1575
f 3985//1576 3986//1576 3982//1576
f 3792//4299 3793//4299 3979//4299
f 3790//1579 3791//1579 3976//1579
f 3788//1581 3789//1581 3973//1581
f 3979//1582 3793//1582 3794//1582
f 3791//1583 3984//1583 3977//1583
f 3789//1584 3983//1584 3974//1584
f 3980//1585 3794//1585 3985//1585
f 3998//1586 3999//1586 3990//1586
f 4005//1587 4006//1587 4186//1587
f 4002//4300 4003//4300 3993//4300
f 3990//1590 3999//1590 4000//1590
f 3996//1592 3997//1592 3989//1592
f 3993//1593 4003//1593 4004//1593
f 3991//1594 4000//1594 4001//1594
f 3997//1595 3998//1595 4183//1595
f 4004//1596 4005//1596 4185//1596
f 4184//1597 4001//1597 4002//1597
f 4003//1598 4014//1598 4015//1598
f 4000//1599 4011//1599 4012//1599
f 4008//1600 4009//1600 3998//1600
f 4015//1601 4016//1601 4005//1601
f 4012//1602 4013//1602 4002//1602
f 3998//1603 4009//1603 4010//1603
f 4005//1604 4016//1604 4017//1604
f 4002//1606 4013//1606 4014//1606
f 3999//1607 4010//1607 4011//1607
f 3996//1609 4007//1609 4008//1609
f 4024//1611 4025//1611 4014//1611
f 4010//4301 4021//4301 4022//4301
f 4018//1614 4019//1614 4008//1614
f 4025//1615 4026//1615 4015//1615
f 4022//4302 4023//4302 4012//4302
f 4008//4303 4019//4303 4020//4303
f 4015//1618 4026//1618 4027//1618
f 4023//4304 4024//4304 4013//4304
f 4020//4305 4021//4305 4010//4305
f 4027//1621 4028//1621 4017//1621
f 4037//1622 4038//1622 4027//1622
f 4023//4306 4034//4306 4035//4306
f 4031//1624 4032//1624 4021//1624
f 4027//1625 4038//1625 4039//1625
f 4024//1627 4035//1627 4036//1627
f 4021//1628 4032//1628 4033//1628
f 4018//1630 4029//1630 4030//1630
f 4036//1631 4037//1631 4026//1631
f 4033//1632 4034//1632 4023//1632
f 4030//1633 4031//1633 4020//1633
f 4040//1634 4041//1634 4030//1634
f 4036//1635 4047//1635 4048//1635
f 4033//1636 4044//1636 4045//1636
f 4030//1637 4041//1637 4042//1637
f 4048//4307 4049//4307 4038//4307
f 4045//1639 4046//1639 4035//1639
f 4031//1640 4042//1640 4043//1640
f 4038//4308 4049//4308 4050//4308
f 4046//1643 4047//1643 4036//1643
f 4032//1644 4043//1644 4044//1644
f 4049//4309 4060//4309 4061//4309
f 4057//1648 4058//1648 4047//1648
f 4054//1649 4055//1649 4044//1649
f 4051//1651 4052//1651 4041//1651
f 4047//1652 4058//1652 4059//1652
f 4044//1653 4055//1653 4056//1653
f 4052//1654 4053//1654 4042//1654
f 4048//1655 4059//1655 4060//1655
f 4045//4310 4056//4310 4057//4310
f 4053//1657 4054//1657 4043//1657
f 4063//4311 4064//4311 4053//4311
f 4070//1659 4071//1659 4060//1659
f 4067//1660 4068//1660 4057//1660
f 4064//1661 4065//1661 4054//1661
f 4060//1662 4071//1662 4072//1662
f 4068//1664 4069//1664 4058//1664
f 4065//4312 4066//4312 4055//4312
f 4051//1667 4062//1667 4063//1667
f 4058//1668 4069//1668 4070//1668
f 4066//1669 4067//1669 4056//1669
f 4073//1671 4074//1671 4063//1671
f 4080//1672 4081//1672 4070//1672
f 4066//1673 4077//1673 4078//1673
f 4074//1674 4075//1674 4064//1674
f 4081//1675 4082//1675 4071//1675
f 4067//1676 4078//1676 4079//1676
f 4075//1677 4076//1677 4065//1677
f 4082//1678 4083//1678 4072//1678
f 4079//1680 4080//1680 4069//1680
f 4065//1681 4076//1681 4077//1681
f 4086//1682 4087//1682 4076//1682
f 4093//1683 4094//1683 4083//1683
f 4090//1685 4091//1685 4080//1685
f 4087//1686 4088//1686 4077//1686
f 4084//1688 4085//1688 4074//1688
f 4080//1689 4091//1689 4092//1689
f 4077//1690 4088//1690 4089//1690
f 4085//1691 4086//1691 4075//1691
f 4081//1692 4092//1692 4093//1692
f 4078//1693 4089//1693 4090//1693
f 4096//1694 4097//1694 4086//1694
f 4103//4313 4104//4313 4093//4313
f 4100//1696 4101//1696 4090//1696
f 4097//1697 4098//1697 4087//1697
f 4093//1698 4104//1698 4105//1698
f 4101//1700 4102//1700 4091//1700
f 4098//1701 4099//1701 4088//1701
f 4095//1703 4096//1703 4085//1703
f 4091//1704 4102//1704 4103//1704
f 4099//1705 4100//1705 4089//1705
f 4098//1706 4109//1706 4110//1706
f 4106//1708 4107//1708 4096//1708
f 4113//1709 4114//1709 4103//1709
f 4099//1710 4110//1710 4111//1710
f 4107//1711 4108//1711 4097//1711
f 4114//1712 4115//1712 4104//1712
f 4100//1713 4111//1713 4112//1713
f 4108//1714 4109//1714 4098//1714
f 4115//1715 4116//1715 4105//1715
f 4112//1717 4113//1717 4102//1717
f 4108//1718 4119//1718 4120//1718
f 4126//1719 4127//1719 4116//1719
f 4112//1721 4123//1721 4124//1721
f 4109//1722 4120//1722 4121//1722
f 4106//1724 4117//1724 4118//1724
f 4113//1725 4124//1725 4125//1725
f 4121//4314 4122//4314 4111//4314
f 4118//4315 4119//4315 4108//4315
f 4125//1728 4126//1728 4115//1728
f 4111//1729 4122//1729 4123//1729
f 4121//1730 4132//1730 4133//1730
f 4118//1731 4129//1731 4130//1731
f 4125//1732 4136//1732 4137//1732
f 4133//4316 4134//4316 4123//4316
f 4130//1734 4131//1734 4120//1734
f 4137//4317 4138//4317 4127//4317
f 4134//1737 4135//1737 4124//1737
f 4131//1738 4132//1738 4121//1738
f 4117//1740 4128//1740 4129//1740
f 4135//1741 4136//1741 4125//1741
f 4142//1742 4143//1742 4132//1742
f 4139//1744 4140//1744 4129//1744
f 4135//1745 4146//1745 4147//1745
f 4143//1746 4144//1746 4133//1746
f 4140//1747 4141//1747 4130//1747
f 4147//1748 4148//1748 4137//1748
f 4144//1749 4145//1749 4134//1749
f 4141//1750 4142//1750 4131//1750
f 4137//1751 4148//1751 4149//1751
f 4145//1753 4146//1753 4135//1753
f 4155//4318 4156//4318 4145//4318
f 4152//1755 4153//1755 4142//1755
f 4148//4319 4159//4319 4160//4319
f 4145//1758 4156//1758 4157//1758
f 4153//4320 4154//4320 4143//4320
f 4139//1761 4150//1761 4151//1761
f 4157//1762 4158//1762 4147//1762
f 4154//1763 4155//1763 4144//1763
f 4151//1764 4152//1764 4141//1764
f 4147//1765 4158//1765 4159//1765
f 4165//1766 4166//1766 4155//1766
f 4162//4321 4163//4321 4152//4321
f 4169//1768 4170//1768 4159//1768
f 4155//4322 4166//4322 4167//4322
f 4163//1770 4164//1770 4153//1770
f 4170//1771 4171//1771 4160//1771
f 4167//1773 4168//1773 4157//1773
f 4153//1774 4164//1774 4165//1774
f 4161//1776 4162//1776 4151//1776
f 4157//1777 4168//1777 4169//1777
f 4178//1778 4179//1778 4168//1778
f 4175//1779 4176//1779 4165//1779
f 4172//1781 4173//1781 4162//1781
f 4179//1782 4180//1782 4169//1782
f 4176//1783 4177//1783 4166//1783
f 4173//1784 4174//1784 4163//1784
f 4169//1785 4180//1785 4181//1785
f 4166//1786 4177//1786 4178//1786
f 4163//1787 4174//1787 4175//1787
f 4170//1788 4181//1788 4182//1788
f 4184//1790 3992//1790 4178//1790
f 4183//1791 3990//1791 4175//1791
f 4181//1792 4185//1792 4186//1792
f 4178//1794 3992//1794 3993//1794
f 3990//1795 3991//1795 4176//1795
f 3988//1797 3989//1797 4173//1797
f 3993//1798 3994//1798 4180//1798
f 4176//1799 3991//1799 4184//1799
f 3989//1800 4183//1800 4174//1800
f 4180//1801 3994//1801 4185//1801
f 4198//1802 4199//1802 4190//1802
f 4205//1803 4206//1803 4386//1803
f 4202//1805 4203//1805 4193//1805
f 4190//1806 4199//1806 4200//1806
f 4188//1808 4196//1808 4197//1808
f 4193//1809 4203//1809 4204//1809
f 4191//1810 4200//1810 4201//1810
f 4197//1811 4198//1811 4383//1811
f 4204//1812 4205//1812 4385//1812
f 4201//1813 4202//1813 4192//1813
f 4214//1814 4215//1814 4204//1814
f 4200//1815 4211//1815 4212//1815
f 4208//1816 4209//1816 4198//1816
f 4204//1817 4215//1817 4216//1817
f 4201//1818 4212//1818 4213//1818
f 4209//4323 4210//4323 4199//4323
f 4216//1820 4217//1820 4206//1820
f 4213//1822 4214//1822 4203//1822
f 4210//1823 4211//1823 4200//1823
f 4207//1825 4208//1825 4197//1825
f 4224//1827 4225//1827 4214//1827
f 4210//1828 4221//1828 4222//1828
f 4218//4324 4219//4324 4208//4324
f 4225//1831 4226//1831 4215//1831
f 4222//1832 4223//1832 4212//1832
f 4219//4325 4220//4325 4209//4325
f 4215//1834 4226//1834 4227//1834
f 4223//1835 4224//1835 4213//1835
f 4220//1836 4221//1836 4210//1836
f 4227//1837 4228//1837 4217//1837
f 4226//1838 4237//1838 4238//1838
f 4223//4326 4234//4326 4235//4326
f 4220//1840 4231//1840 4232//1840
f 4238//1841 4239//1841 4228//1841
f 4235//1843 4236//1843 4225//1843
f 4221//1844 4232//1844 4233//1844
f 4218//1846 4229//1846 4230//1846
f 4225//1847 4236//1847 4237//1847
f 4222//1848 4233//1848 4234//1848
f 4230//4327 4231//4327 4220//4327
f 4240//1850 4241//1850 4230//1850
f 4236//1851 4247//1851 4248//1851
f 4244//1852 4245//1852 4234//1852
f 4241//1853 4242//1853 4231//1853
f 4237//1854 4248//1854 4249//1854
f 4245//1855 4246//1855 4235//1855
f 4242//1856 4243//1856 4232//1856
f 4249//1857 4250//1857 4239//1857
f 4246//1859 4247//1859 4236//1859
f 4232//1860 4243//1860 4244//1860
f 4249//1862 4260//1862 4261//1862
f 4257//1864 4258//1864 4247//1864
f 4254//1865 4255//1865 4244//1865
f 4251//1867 4252//1867 4241//1867
f 4247//1868 4258//1868 4259//1868
f 4244//1869 4255//1869 4256//1869
f 4252//1870 4253//1870 4242//1870
f 4259//1871 4260//1871 4249//1871
f 4245//1872 4256//1872 4257//1872
f 4253//1873 4254//1873 4243//1873
f 4263//1874 4264//1874 4253//1874
f 4270//1875 4271//1875 4260//1875
f 4267//4328 4268//4328 4257//4328
f 4264//1877 4265//1877 4254//1877
f 4260//1878 4271//1878 4272//1878
f 4257//1880 4268//1880 4269//1880
f 4265//1881 4266//1881 4255//1881
f 4251//4329 4262//4329 4263//4329
f 4269//1884 4270//1884 4259//1884
f 4255//1885 4266//1885 4267//1885
f 4262//1887 4273//1887 4274//1887
f 4280//1888 4281//1888 4270//1888
f 4277//1889 4278//1889 4267//1889
f 4274//1890 4275//1890 4264//1890
f 4281//1891 4282//1891 4271//1891
f 4278//1892 4279//1892 4268//1892
f 4275//1893 4276//1893 4265//1893
f 4282//1894 4283//1894 4272//1894
f 4268//1896 4279//1896 4280//1896
f 4276//1897 4277//1897 4266//1897
f 4286//1898 4287//1898 4276//1898
f 4293//1899 4294//1899 4283//1899
f 4290//1901 4291//1901 4280//1901
f 4276//1902 4287//1902 4288//1902
f 4273//1904 4284//1904 4285//1904
f 4280//1905 4291//1905 4292//1905
f 4288//1906 4289//1906 4278//1906
f 4285//1907 4286//1907 4275//1907
f 4292//1908 4293//1908 4282//1908
f 4289//1909 4290//1909 4279//1909
f 4285//1910 4296//1910 4297//1910
f 4303//4330 4304//4330 4293//4330
f 4300//1912 4301//1912 4290//1912
f 4286//1913 4297//1913 4298//1913
f 4304//1914 4305//1914 4294//1914
f 4301//4331 4302//4331 4291//4331
f 4298//1917 4299//1917 4288//1917
f 4284//1919 4295//1919 4296//1919
f 4291//1920 4302//1920 4303//1920
f 4299//1921 4300//1921 4289//1921
f 4309//1922 4310//1922 4299//1922
f 4295//1924 4306//1924 4307//1924
f 4302//1925 4313//1925 4314//1925
f 4310//1926 4311//1926 4300//1926
f 4307//1927 4308//1927 4297//1927
f 4303//1928 4314//1928 4315//1928
f 4300//1929 4311//1929 4312//1929
f 4297//1930 4308//1930 4309//1930
f 4304//1931 4315//1931 4316//1931
f 4301//1933 4312//1933 4313//1933
f 4319//1934 4320//1934 4309//1934
f 4315//1935 4326//1935 4327//1935
f 4312//1937 4323//1937 4324//1937
f 4320//1938 4321//1938 4310//1938
f 4306//4332 4317//4332 4318//4332
f 4324//1941 4325//1941 4314//1941
f 4310//1942 4321//1942 4322//1942
f 4318//1943 4319//1943 4308//1943
f 4314//1944 4325//1944 4326//1944
f 4311//4333 4322//4333 4323//4333
f 4332//1946 4333//1946 4322//1946
f 4329//1947 4330//1947 4319//1947
f 4325//1948 4336//1948 4337//1948
f 4322//4334 4333//4334 4334//4334
f 4330//1950 4331//1950 4320//1950
f 4326//1951 4337//1951 4338//1951
f 4334//1953 4335//1953 4324//1953
f 4320//1954 4331//1954 4332//1954
f 4328//1956 4329//1956 4318//1956
f 4335//4335 4336//4335 4325//4335
f 4342//1958 4343//1958 4332//1958
f 4328//1960 4339//1960 4340//1960
f 4335//1961 4346//1961 4347//1961
f 4332//1962 4343//1962 4344//1962
f 4340//1963 4341//1963 4330//1963
f 4347//1964 4348//1964 4337//1964
f 4333//1965 4344//1965 4345//1965
f 4330//1966 4341//1966 4342//1966
f 4337//1967 4348//1967 4349//1967
f 4345//1969 4346//1969 4335//1969
f 4355//1970 4356//1970 4345//1970
f 4352//1971 4353//1971 4342//1971
f 4359//1972 4360//1972 4349//1972
f 4356//1974 4357//1974 4346//1974
f 4353//1975 4354//1975 4343//1975
f 4339//1977 4350//1977 4351//1977
f 4346//1978 4357//1978 4358//1978
f 4354//1979 4355//1979 4344//1979
f 4351//1980 4352//1980 4341//1980
f 4358//1981 4359//1981 4348//1981
f 4365//1982 4366//1982 4355//1982
f 4362//1983 4363//1983 4352//1983
f 4369//1984 4370//1984 4359//1984
f 4366//4336 4367//4336 4356//4336
f 4352//1986 4363//1986 4364//1986
f 4370//1987 4371//1987 4360//1987
f 4356//4337 4367//4337 4368//4337
f 4364//1990 4365//1990 4354//1990
f 4361//1992 4362//1992 4351//1992
f 4357//1993 4368//1993 4369//1993
f 4378//1994 4379//1994 4368//1994
f 4375//1995 4376//1995 4365//1995
f 4372//1997 4373//1997 4362//1997
f 4379//1998 4380//1998 4369//1998
f 4365//1999 4376//1999 4377//1999
f 4373//2000 4374//2000 4363//2000
f 4369//2001 4380//2001 4381//2001
f 4377//2002 4378//2002 4367//2002
f 4374//2003 4375//2003 4364//2003
f 4370//2004 4381//2004 4382//2004
f 4384//2006 4192//2006 4378//2006
f 4383//2007 4190//2007 4375//2007
f 4385//2008 4386//2008 4382//2008
f 4378//2010 4192//2010 4193//2010
f 4190//2011 4191//2011 4376//2011
f 4372//2013 4188//2013 4189//2013
f 4379//2014 4193//2014 4194//2014
f 4376//2015 4191//2015 4384//2015
f 4189//2016 4383//2016 4374//2016
f 4194//2017 4385//2017 4381//2017
f 4583//2018 4398//2018 4399//2018
f 4585//2019 4405//2019 4406//2019
f 4402//2021 4403//2021 4393//2021
f 4399//2022 4400//2022 4391//2022
f 4396//2024 4397//2024 4389//2024
f 4393//2025 4403//2025 4404//2025
f 4391//2026 4400//2026 4401//2026
f 4397//2027 4398//2027 4583//2027
f 4404//2028 4405//2028 4585//2028
f 4584//2029 4401//2029 4402//2029
f 4414//2030 4415//2030 4404//2030
f 4400//2031 4411//2031 4412//2031
f 4397//2032 4408//2032 4409//2032
f 4415//2033 4416//2033 4405//2033
f 4401//2034 4412//2034 4413//2034
f 4409//2035 4410//2035 4399//2035
f 4405//4338 4416//4338 4417//4338
f 4402//2038 4413//2038 4414//2038
f 4399//2039 4410//2039 4411//2039
f 4396//2041 4407//2041 4408//2041
f 4424//2043 4425//2043 4414//2043
f 4421//2044 4422//2044 4411//2044
f 4418//4339 4419//4339 4408//4339
f 4425//2047 4426//2047 4415//2047
f 4422//2048 4423//2048 4412//2048
f 4408//4340 4419//4340 4420//4340
f 4415//4341 4426//4341 4427//4341
f 4423//4342 4424//4342 4413//4342
f 4409//2052 4420//2052 4421//2052
f 4427//2053 4428//2053 4417//2053
f 4426//2054 4437//2054 4438//2054
f 4423//4343 4434//4343 4435//4343
f 4431//2056 4432//2056 4421//2056
f 4427//2057 4438//2057 4439//2057
f 4424//2059 4435//2059 4436//2059
f 4421//2060 4432//2060 4433//2060
f 4429//2062 4430//2062 4419//2062
f 4425//2063 4436//2063 4437//2063
f 4422//2064 4433//2064 4434//2064
f 4430//2065 4431//2065 4420//2065
f 4440//2066 4441//2066 4430//2066
f 4447//2067 4448//2067 4437//2067
f 4444//2068 4445//2068 4434//2068
f 4441//2069 4442//2069 4431//2069
f 4448//2070 4449//2070 4438//2070
f 4434//2071 4445//2071 4446//2071
f 4431//2072 4442//2072 4443//2072
f 4449//2073 4450//2073 4439//2073
f 4435//2075 4446//2075 4447//2075
f 4443//2076 4444//2076 4433//2076
f 4460//2078 4461//2078 4450//2078
f 4457//2080 4458//2080 4447//2080
f 4454//2081 4455//2081 4444//2081
f 4440//2083 4451//2083 4452//2083
f 4447//2084 4458//2084 4459//2084
f 4444//2085 4455//2085 4456//2085
f 4452//2086 4453//2086 4442//2086
f 4459//2087 4460//2087 4449//2087
f 4445//2088 4456//2088 4457//2088
f 4442//2089 4453//2089 4454//2089
f 4463//2090 4464//2090 4453//2090
f 4470//4344 4471//4344 4460//4344
f 4467//2092 4468//2092 4457//2092
f 4464//2093 4465//2093 4454//2093
f 4460//2094 4471//2094 4472//2094
f 4468//4345 4469//4345 4458//4345
f 4465//2097 4466//2097 4455//2097
f 4462//2099 4463//2099 4452//2099
f 4458//2100 4469//2100 4470//2100
f 4466//2101 4467//2101 4456//2101
f 4473//2103 4474//2103 4463//2103
f 4469//2104 4480//2104 4481//2104
f 4466//2105 4477//2105 4478//2105
f 4474//2106 4475//2106 4464//2106
f 4481//2107 4482//2107 4471//2107
f 4467//2108 4478//2108 4479//2108
f 4464//2109 4475//2109 4476//2109
f 4482//4346 4483//4346 4472//4346
f 4468//2112 4479//2112 4480//2112
f 4465//2113 4476//2113 4477//2113
f 4486//2114 4487//2114 4476//2114
f 4482//2115 4493//2115 4494//2115
f 4490//2117 4491//2117 4480//2117
f 4487//2118 4488//2118 4477//2118
f 4484//2120 4485//2120 4474//2120
f 4480//2121 4491//2121 4492//2121
f 4488//2122 4489//2122 4478//2122
f 4474//2123 4485//2123 4486//2123
f 4492//2124 4493//2124 4482//2124
f 4489//2125 4490//2125 4479//2125
f 4485//2126 4496//2126 4497//2126
f 4492//2127 4503//2127 4504//2127
f 4500//2128 4501//2128 4490//2128
f 4497//2129 4498//2129 4487//2129
f 4504//2130 4505//2130 4494//2130
f 4490//2132 4501//2132 4502//2132
f 4498//2133 4499//2133 4488//2133
f 4484//2135 4495//2135 4496//2135
f 4502//2136 4503//2136 4492//2136
f 4488//2137 4499//2137 4500//2137
f 4498//2138 4509//2138 4510//2138
f 4506//4347 4507//4347 4496//4347
f 4513//2141 4514//2141 4503//2141
f 4510//2142 4511//2142 4500//2142
f 4507//2143 4508//2143 4497//2143
f 4514//2144 4515//2144 4504//2144
f 4511//2145 4512//2145 4501//2145
f 4497//2146 4508//2146 4509//2146
f 4515//4348 4516//4348 4505//4348
f 4512//2149 4513//2149 4502//2149
f 4519//4349 4520//4349 4509//4349
f 4515//4350 4526//4350 4527//4350
f 4512//2153 4523//2153 4524//2153
f 4520//2154 4521//2154 4510//2154
f 4517//4351 4518//4351 4507//4351
f 4524//2157 4525//2157 4514//2157
f 4521//2158 4522//2158 4511//2158
f 4518//2159 4519//2159 4508//2159
f 4525//4352 4526//4352 4515//4352
f 4511//2161 4522//2161 4523//2161
f 4521//2162 4532//2162 4533//2162
f 4529//2163 4530//2163 4519//2163
f 4536//2164 4537//2164 4526//2164
f 4522//2165 4533//2165 4534//2165
f 4519//2166 4530//2166 4531//2166
f 4526//4353 4537//4353 4538//4353
f 4534//2169 4535//2169 4524//2169
f 4520//2170 4531//2170 4532//2170
f 4517//2172 4528//2172 4529//2172
f 4535//4354 4536//4354 4525//4354
f 4531//2174 4542//2174 4543//2174
f 4539//2176 4540//2176 4529//2176
f 4546//2177 4547//2177 4536//2177
f 4543//2178 4544//2178 4533//2178
f 4529//2179 4540//2179 4541//2179
f 4547//2180 4548//2180 4537//2180
f 4544//2181 4545//2181 4534//2181
f 4530//2182 4541//2182 4542//2182
f 4548//2183 4549//2183 4538//2183
f 4545//4355 4546//4355 4535//4355
f 4544//4356 4555//4356 4556//4356
f 4541//2187 4552//2187 4553//2187
f 4559//2188 4560//2188 4549//2188
f 4545//2190 4556//2190 4557//2190
f 4542//2191 4553//2191 4554//2191
f 4550//2193 4551//2193 4540//2193
f 4546//2194 4557//2194 4558//2194
f 4543//2195 4554//2195 4555//2195
f 4551//2196 4552//2196 4541//2196
f 4547//2197 4558//2197 4559//2197
f 4565//2198 4566//2198 4555//2198
f 4551//4357 4562//4357 4563//4357
f 4569//4358 4570//4358 4559//4358
f 4566//2201 4567//2201 4556//2201
f 4563//2202 4564//2202 4553//2202
f 4559//4359 4570//4359 4571//4359
f 4556//2205 4567//2205 4568//2205
f 4553//2206 4564//2206 4565//2206
f 4550//2208 4561//2208 4562//2208
f 4557//2209 4568//2209 4569//2209
f 4578//2210 4579//2210 4568//2210
f 4564//2211 4575//2211 4576//2211
f 4561//4360 4572//4360 4573//4360
f 4579//2214 4580//2214 4569//2214
f 4565//2215 4576//2215 4577//2215
f 4573//2216 4574//2216 4563//2216
f 4580//4361 4581//4361 4570//4361
f 4566//2218 4577//2218 4578//2218
f 4574//2219 4575//2219 4564//2219
f 4581//4362 4582//4362 4571//4362
f 4584//2222 4392//2222 4578//2222
f 4574//2223 4583//2223 4390//2223
f 4581//2224 4585//2224 4586//2224
f 4578//4363 4392//4363 4393//4363
f 4575//2227 4390//2227 4391//2227
f 4572//2229 4388//2229 4389//2229
f 4579//2230 4393//2230 4394//2230
f 4391//2231 4584//2231 4577//2231
f 4573//2232 4389//2232 4583//2232
f 4580//2233 4394//2233 4585//2233
f 4598//2234 4599//2234 4590//2234
f 4785//2235 4605//2235 4606//2235
f 4602//2237 4603//2237 4593//2237
f 4599//2238 4600//2238 4591//2238
f 4588//2240 4596//2240 4597//2240
f 4593//2241 4603//2241 4604//2241
f 4591//2242 4600//2242 4601//2242
f 4589//827 4597//827 4598//827
f 4594//2243 4604//2243 4605//2243
f 4784//2244 4601//2244 4602//2244
f 4603//2245 4614//2245 4615//2245
f 4611//2246 4612//2246 4601//2246
f 4608//2247 4609//2247 4598//2247
f 4604//2248 4615//2248 4616//2248
f 4612//2249 4613//2249 4602//2249
f 4609//2250 4610//2250 4599//2250
f 4605//2251 4616//2251 4617//2251
f 4602//2253 4613//2253 4614//2253
f 4610//2254 4611//2254 4600//2254
f 4607//2256 4608//2256 4597//2256
f 4613//2258 4624//2258 4625//2258
f 4621//2259 4622//2259 4611//2259
f 4607//2261 4618//2261 4619//2261
f 4625//2262 4626//2262 4615//2262
f 4622//2263 4623//2263 4612//2263
f 4608//4364 4619//4364 4620//4364
f 4615//2265 4626//2265 4627//2265
f 4612//2266 4623//2266 4624//2266
f 4609//2267 4620//2267 4621//2267
f 4616//2268 4627//2268 4628//2268
f 4637//2269 4638//2269 4627//2269
f 4623//4365 4634//4365 4635//4365
f 4631//2271 4632//2271 4621//2271
f 4627//2272 4638//2272 4639//2272
f 4624//2274 4635//2274 4636//2274
f 4632//2275 4633//2275 4622//2275
f 4629//2277 4630//2277 4619//2277
f 4636//2278 4637//2278 4626//2278
f 4633//2279 4634//2279 4623//2279
f 4619//2280 4630//2280 4631//2280
f 4629//2281 4640//2281 4641//2281
f 4647//2282 4648//2282 4637//2282
f 4644//2283 4645//2283 4634//2283
f 4630//2284 4641//2284 4642//2284
f 4648//2285 4649//2285 4638//2285
f 4645//2286 4646//2286 4635//2286
f 4642//2287 4643//2287 4632//2287
f 4649//2288 4650//2288 4639//2288
f 4646//2290 4647//2290 4636//2290
f 4643//2291 4644//2291 4633//2291
f 4660//2293 4661//2293 4650//2293
f 4646//2295 4657//2295 4658//2295
f 4643//2296 4654//2296 4655//2296
f 4651//2298 4652//2298 4641//2298
f 4658//2299 4659//2299 4648//2299
f 4655//2300 4656//2300 4645//2300
f 4641//2301 4652//2301 4653//2301
f 4648//2302 4659//2302 4660//2302
f 4656//4366 4657//4366 4646//4366
f 4642//2304 4653//2304 4654//2304
f 4663//4367 4664//4367 4653//4367
f 4670//2306 4671//2306 4660//2306
f 4656//4368 4667//4368 4668//4368
f 4664//2308 4665//2308 4654//2308
f 4660//2309 4671//2309 4672//2309
f 4668//2311 4669//2311 4658//2311
f 4665//2312 4666//2312 4655//2312
f 4662//2314 4663//2314 4652//2314
f 4658//2315 4669//2315 4670//2315
f 4666//2316 4667//2316 4656//2316
f 4673//2318 4674//2318 4663//2318
f 4680//2319 4681//2319 4670//2319
f 4666//2320 4677//2320 4678//2320
f 4674//2321 4675//2321 4664//2321
f 4681//2322 4682//2322 4671//2322
f 4667//2323 4678//2323 4679//2323
f 4664//2324 4675//2324 4676//2324
f 4671//2325 4682//2325 4683//2325
f 4679//2327 4680//2327 4669//2327
f 4665//2328 4676//2328 4677//2328
f 4675//4369 4686//4369 4687//4369
f 4693//2330 4694//2330 4683//2330
f 4690//2332 4691//2332 4680//2332
f 4676//2333 4687//2333 4688//2333
f 4673//2335 4684//2335 4685//2335
f 4680//2336 4691//2336 4692//2336
f 4688//2337 4689//2337 4678//2337
f 4685//731 4686//731 4675//731
f 4681//2338 4692//2338 4693//2338
f 4678//2339 4689//2339 4690//2339
f 4696//2340 4697//2340 4686//2340
f 4692//2341 4703//2341 4704//2341
f 4689//2342 4700//2342 4701//2342
f 4697//2343 4698//2343 4687//2343
f 4693//2344 4704//2344 4705//2344
f 4701//4370 4702//4370 4691//4370
f 4698//2347 4699//2347 4688//2347
f 4695//2349 4696//2349 4685//2349
f 4691//2350 4702//2350 4703//2350
f 4699//2351 4700//2351 4689//2351
f 4709//2352 4710//2352 4699//2352
f 4695//2354 4706//2354 4707//2354
f 4713//2355 4714//2355 4703//2355
f 4710//2356 4711//2356 4700//2356
f 4696//2357 4707//2357 4708//2357
f 4714//2358 4715//2358 4704//2358
f 4711//2359 4712//2359 4701//2359
f 4708//2360 4709//2360 4698//2360
f 4704//2361 4715//2361 4716//2361
f 4712//2363 4713//2363 4702//2363
f 4719//2364 4720//2364 4709//2364
f 4726//2365 4727//2365 4716//2365
f 4712//2367 4723//2367 4724//2367
f 4720//2368 4721//2368 4710//2368
f 4706//2370 4717//2370 4718//2370
f 4724//2371 4725//2371 4714//2371
f 4710//2372 4721//2372 4722//2372
f 4718//4371 4719//4371 4708//4371
f 4725//2374 4726//2374 4715//2374
f 4711//4372 4722//4372 4723//4372
f 4732//2376 4733//2376 4722//2376
f 4729//2377 4730//2377 4719//2377
f 4736//2378 4737//2378 4726//2378
f 4733//4373 4734//4373 4723//4373
f 4730//2380 4731//2380 4720//2380
f 4726//2381 4737//2381 4738//2381
f 4734//2383 4735//2383 4724//2383
f 4731//2384 4732//2384 4721//2384
f 4728//2386 4729//2386 4718//2386
f 4735//2387 4736//2387 4725//2387
f 4742//2388 4743//2388 4732//2388
f 4739//2390 4740//2390 4729//2390
f 4735//2391 4746//2391 4747//2391
f 4743//2392 4744//2392 4733//2392
f 4729//2393 4740//2393 4741//2393
f 4747//2394 4748//2394 4737//2394
f 4744//2395 4745//2395 4734//2395
f 4730//2396 4741//2396 4742//2396
f 4748//2397 4749//2397 4738//2397
f 4745//2399 4746//2399 4735//2399
f 4744//4374 4755//4374 4756//4374
f 4752//2401 4753//2401 4742//2401
f 4748//4375 4759//4375 4760//4375
f 4756//2404 4757//2404 4746//2404
f 4753//2405 4754//2405 4743//2405
f 4750//2407 4751//2407 4740//2407
f 4746//2408 4757//2408 4758//2408
f 4743//2409 4754//2409 4755//2409
f 4751//2410 4752//2410 4741//2410
f 4758//2411 4759//2411 4748//2411
f 4765//2412 4766//2412 4755//2412
f 4762//4376 4763//4376 4752//4376
f 4769//2414 4770//2414 4759//2414
f 4755//2415 4766//2415 4767//2415
f 4752//4377 4763//4377 4764//4377
f 4770//2417 4771//2417 4760//2417
f 4767//2419 4768//2419 4757//2419
f 4764//2420 4765//2420 4754//2420
f 4750//2422 4761//2422 4762//2422
f 4757//2423 4768//2423 4769//2423
f 4778//2424 4779//2424 4768//2424
f 4775//2425 4776//2425 4765//2425
f 4772//2427 4773//2427 4762//2427
f 4768//2428 4779//2428 4780//2428
f 4776//2429 4777//2429 4766//2429
f 4773//2430 4774//2430 4763//2430
f 4769//2431 4780//2431 4781//2431
f 4766//2432 4777//2432 4778//2432
f 4763//2433 4774//2433 4775//2433
f 4770//2434 4781//2434 4782//2434
f 4777//2436 4784//2436 4592//2436
f 4783//2437 4590//2437 4775//2437
f 4785//2438 4786//2438 4782//2438
f 4592//2440 4593//2440 4779//2440
f 4590//2441 4591//2441 4776//2441
f 4772//2443 4588//2443 4589//2443
f 4779//2444 4593//2444 4594//2444
f 4591//2445 4784//2445 4777//2445
f 4773//2446 4589//2446 4783//2446
f 4594//2447 4785//2447 4781//2447
f 4983//2448 4798//2448 4799//2448
f 4805//2449 4806//2449 4986//2449
f 4802//2451 4803//2451 4793//2451
f 4790//2452 4799//2452 4800//2452
f 4796//2454 4797//2454 4789//2454
f 4803//2455 4804//2455 4794//2455
f 4791//2456 4800//2456 4801//2456
f 4797//2457 4798//2457 4983//2457
f 4804//2458 4805//2458 4985//2458
f 4801//2459 4802//2459 4792//2459
f 4814//2460 4815//2460 4804//2460
f 4811//2461 4812//2461 4801//2461
f 4808//2462 4809//2462 4798//2462
f 4815//2463 4816//2463 4805//2463
f 4801//2464 4812//2464 4813//2464
f 4798//2465 4809//2465 4810//2465
f 4805//2466 4816//2466 4817//2466
f 4813//2468 4814//2468 4803//2468
f 4810//2469 4811//2469 4800//2469
f 4796//4378 4807//4378 4808//4378
f 4824//2473 4825//2473 4814//2473
f 4821//2474 4822//2474 4811//2474
f 4807//4379 4818//4379 4819//4379
f 4814//2477 4825//2477 4826//2477
f 4811//2478 4822//2478 4823//2478
f 4819//2479 4820//2479 4809//2479
f 4826//2480 4827//2480 4816//2480
f 4823//2481 4824//2481 4813//2481
f 4820//2482 4821//2482 4810//2482
f 4816//2483 4827//2483 4828//2483
f 4837//2484 4838//2484 4827//2484
f 4834//4380 4835//4380 4824//4380
f 4820//2486 4831//2486 4832//2486
f 4838//2487 4839//2487 4828//2487
f 4824//2489 4835//2489 4836//2489
f 4821//2490 4832//2490 4833//2490
f 4818//2492 4829//2492 4830//2492
f 4836//2493 4837//2493 4826//2493
f 4822//2494 4833//2494 4834//2494
f 4830//2495 4831//2495 4820//2495
f 4829//2496 4840//2496 4841//2496
f 4836//2497 4847//2497 4848//2497
f 4833//2498 4844//2498 4845//2498
f 4830//2499 4841//2499 4842//2499
f 4837//2500 4848//2500 4849//2500
f 4845//2501 4846//2501 4835//2501
f 4842//2502 4843//2502 4832//2502
f 4838//2503 4849//2503 4850//2503
f 4835//2505 4846//2505 4847//2505
f 4832//2506 4843//2506 4844//2506
f 4849//2508 4860//2508 4861//2508
f 4857//2510 4858//2510 4847//2510
f 4854//2511 4855//2511 4844//2511
f 4840//2513 4851//2513 4852//2513
f 4847//2514 4858//2514 4859//2514
f 4855//4381 4856//4381 4845//4381
f 4841//2516 4852//2516 4853//2516
f 4848//2517 4859//2517 4860//2517
f 4845//4382 4856//4382 4857//4382
f 4853//2519 4854//2519 4843//2519
f 4863//2520 4864//2520 4853//2520
f 4859//2521 4870//2521 4871//2521
f 4856//2522 4867//2522 4868//2522
f 4853//2523 4864//2523 4865//2523
f 4871//2524 4872//2524 4861//2524
f 4868//2526 4869//2526 4858//2526
f 4865//2527 4866//2527 4855//2527
f 4851//2529 4862//2529 4863//2529
f 4869//2530 4870//2530 4859//2530
f 4855//2531 4866//2531 4867//2531
f 4873//4383 4874//4383 4863//4383
f 4869//2534 4880//2534 4881//2534
f 4866//2535 4877//2535 4878//2535
f 4863//2536 4874//2536 4875//2536
f 4870//2537 4881//2537 4882//2537
f 4867//2538 4878//2538 4879//2538
f 4875//2539 4876//2539 4865//2539
f 4882//2540 4883//2540 4872//2540
f 4868//2542 4879//2542 4880//2542
f 4876//2543 4877//2543 4866//2543
f 4886//2544 4887//2544 4876//2544
f 4882//2545 4893//2545 4894//2545
f 4890//4384 4891//4384 4880//4384
f 4887//2548 4888//2548 4877//2548
f 4873//2550 4884//2550 4885//2550
f 4880//2551 4891//2551 4892//2551
f 4888//2552 4889//2552 4878//2552
f 4874//2553 4885//2553 4886//2553
f 4892//2554 4893//2554 4882//2554
f 4878//2555 4889//2555 4890//2555
f 4896//2556 4897//2556 4886//2556
f 4903//2557 4904//2557 4893//2557
f 4900//2558 4901//2558 4890//2558
f 4897//2559 4898//2559 4887//2559
f 4904//2560 4905//2560 4894//2560
f 4901//4385 4902//4385 4891//4385
f 4898//2563 4899//2563 4888//2563
f 4895//2565 4896//2565 4885//2565
f 4891//2566 4902//2566 4903//2566
f 4899//2567 4900//2567 4889//2567
f 4909//2568 4910//2568 4899//2568
f 4895//2570 4906//2570 4907//2570
f 4902//2571 4913//2571 4914//2571
f 4910//2572 4911//2572 4900//2572
f 4896//2573 4907//2573 4908//2573
f 4903//2574 4914//2574 4915//2574
f 4911//2575 4912//2575 4901//2575
f 4908//2576 4909//2576 4898//2576
f 4904//2577 4915//2577 4916//2577
f 4901//2579 4912//2579 4913//2579
f 4919//2580 4920//2580 4909//2580
f 4915//2581 4926//2581 4927//2581
f 4912//2583 4923//2583 4924//2583
f 4920//2584 4921//2584 4910//2584
f 4906//4386 4917//4386 4918//4386
f 4913//2587 4924//2587 4925//2587
f 4921//2588 4922//2588 4911//2588
f 4918//4387 4919//4387 4908//4387
f 4925//2590 4926//2590 4915//2590
f 4922//2591 4923//2591 4912//2591
f 4921//2592 4932//2592 4933//2592
f 4929//2593 4930//2593 4919//2593
f 4936//2594 4937//2594 4926//2594
f 4933//2595 4934//2595 4923//2595
f 4919//2596 4930//2596 4931//2596
f 4937//2597 4938//2597 4927//2597
f 4934//2599 4935//2599 4924//2599
f 4931//2600 4932//2600 4921//2600
f 4928//2602 4929//2602 4918//2602
f 4924//2603 4935//2603 4936//2603
f 4942//2604 4943//2604 4932//2604
f 4939//2606 4940//2606 4929//2606
f 4935//2607 4946//2607 4947//2607
f 4932//2608 4943//2608 4944//2608
f 4929//2609 4940//2609 4941//2609
f 4947//2610 4948//2610 4937//2610
f 4944//2611 4945//2611 4934//2611
f 4930//2612 4941//2612 4942//2612
f 4948//2613 4949//2613 4938//2613
f 4945//2615 4946//2615 4935//2615
f 4944//4388 4955//4388 4956//4388
f 4952//2617 4953//2617 4942//2617
f 4948//2618 4959//2618 4960//2618
f 4956//2620 4957//2620 4946//2620
f 4942//2621 4953//2621 4954//2621
f 4939//2623 4950//2623 4951//2623
f 4946//2624 4957//2624 4958//2624
f 4943//2625 4954//2625 4955//2625
f 4951//2626 4952//2626 4941//2626
f 4947//2627 4958//2627 4959//2627
f 4965//2628 4966//2628 4955//2628
f 4962//2629 4963//2629 4952//2629
f 4958//2630 4969//2630 4970//2630
f 4966//4389 4967//4389 4956//4389
f 4963//2632 4964//2632 4953//2632
f 4970//2633 4971//2633 4960//2633
f 4956//2635 4967//2635 4968//2635
f 4953//2636 4964//2636 4965//2636
f 4950//4390 4961//4390 4962//4390
f 4968//2639 4969//2639 4958//2639
f 4967//2640 4978//2640 4979//2640
f 4975//2641 4976//2641 4965//2641
f 4961//2643 4972//2643 4973//2643
f 4968//2644 4979//2644 4980//2644
f 4965//2645 4976//2645 4977//2645
f 4973//2646 4974//2646 4963//2646
f 4969//2647 4980//2647 4981//2647
f 4977//2648 4978//2648 4967//2648
f 4974//2649 4975//2649 4964//2649
f 4970//2650 4981//2650 4982//2650
f 4977//2652 4984//2652 4792//2652
f 4983//2653 4790//2653 4975//2653
f 4981//2654 4985//2654 4986//2654
f 4978//2656 4792//2656 4793//2656
f 4790//2657 4791//2657 4976//2657
f 4972//2659 4788//2659 4789//2659
f 4979//2660 4793//2660 4794//2660
f 4791//2661 4984//2661 4977//2661
f 4789//2662 4983//2662 4974//2662
f 4794//2663 4985//2663 4981//2663
f 4998//2664 4999//2664 4990//2664
f 5005//2665 5006//2665 5186//2665
f 4992//4391 5002//4391 5003//4391
f 4999//2668 5000//2668 4991//2668
f 4988//2670 4996//2670 4997//2670
f 5003//2671 5004//2671 4994//2671
f 4991//2672 5000//2672 5001//2672
f 4989//2673 4997//2673 4998//2673
f 4994//2674 5004//2674 5005//2674
f 5001//2675 5002//2675 4992//2675
f 5003//2676 5014//2676 5015//2676
f 5000//2677 5011//2677 5012//2677
f 5008//2678 5009//2678 4998//2678
f 5015//2679 5016//2679 5005//2679
f 5012//2680 5013//2680 5002//2680
f 5009//2681 5010//2681 4999//2681
f 5016//2682 5017//2682 5006//2682
f 5013//2684 5014//2684 5003//2684
f 4999//4392 5010//4392 5011//4392
f 5007//2687 5008//2687 4997//2687
f 5013//2689 5024//2689 5025//2689
f 5021//4393 5022//4393 5011//4393
f 5018//2692 5019//2692 5008//2692
f 5014//2693 5025//2693 5026//2693
f 5022//4394 5023//4394 5012//4394
f 5008//4395 5019//4395 5020//4395
f 5015//4396 5026//4396 5027//4396
f 5023//4397 5024//4397 5013//4397
f 5020//4398 5021//4398 5010//4398
f 5016//2699 5027//2699 5028//2699
f 5037//2700 5038//2700 5027//2700
f 5023//2701 5034//2701 5035//2701
f 5020//2702 5031//2702 5032//2702
f 5027//2703 5038//2703 5039//2703
f 5024//2705 5035//2705 5036//2705
f 5021//2706 5032//2706 5033//2706
f 5029//4399 5030//4399 5019//4399
f 5025//2709 5036//2709 5037//2709
f 5033//2710 5034//2710 5023//2710
f 5030//2711 5031//2711 5020//2711
f 5040//2712 5041//2712 5030//2712
f 5047//2713 5048//2713 5037//2713
f 5044//2714 5045//2714 5034//2714
f 5041//2715 5042//2715 5031//2715
f 5037//2716 5048//2716 5049//2716
f 5034//2717 5045//2717 5046//2717
f 5031//2718 5042//2718 5043//2718
f 5049//2719 5050//2719 5039//2719
f 5035//2721 5046//2721 5047//2721
f 5043//2722 5044//2722 5033//2722
f 5049//2724 5060//2724 5061//2724
f 5057//2726 5058//2726 5047//2726
f 5043//2727 5054//2727 5055//2727
f 5040//2729 5051//2729 5052//2729
f 5058//2730 5059//2730 5048//2730
f 5044//2731 5055//2731 5056//2731
f 5052//2732 5053//2732 5042//2732
f 5048//2733 5059//2733 5060//2733
f 5045//2734 5056//2734 5057//2734
f 5053//2735 5054//2735 5043//2735
f 5063//2736 5064//2736 5053//2736
f 5070//4400 5071//4400 5060//4400
f 5067//2738 5068//2738 5057//2738
f 5064//4401 5065//4401 5054//4401
f 5060//2740 5071//2740 5072//2740
f 5068//2742 5069//2742 5058//2742
f 5065//4402 5066//4402 5055//4402
f 5062//4403 5063//4403 5052//4403
f 5069//2746 5070//2746 5059//2746
f 5055//2747 5066//2747 5067//2747
f 5062//2749 5073//2749 5074//2749
f 5069//2750 5080//2750 5081//2750
f 5077//2751 5078//2751 5067//2751
f 5063//2752 5074//2752 5075//2752
f 5070//2753 5081//2753 5082//2753
f 5067//4404 5078//4404 5079//4404
f 5064//2755 5075//2755 5076//2755
f 5082//2756 5083//2756 5072//2756
f 5079//2758 5080//2758 5069//2758
f 5065//2759 5076//2759 5077//2759
f 5086//2760 5087//2760 5076//2760
f 5093//2761 5094//2761 5083//2761
f 5079//2763 5090//2763 5091//2763
f 5076//2764 5087//2764 5088//2764
f 5073//2766 5084//2766 5085//2766
f 5080//2767 5091//2767 5092//2767
f 5088//2768 5089//2768 5078//2768
f 5085//2769 5086//2769 5075//2769
f 5081//2770 5092//2770 5093//2770
f 5078//2771 5089//2771 5090//2771
f 5096//2772 5097//2772 5086//2772
f 5092//4405 5103//4405 5104//4405
f 5100//2774 5101//2774 5090//2774
f 5097//2775 5098//2775 5087//2775
f 5093//2776 5104//2776 5105//2776
f 5090//2778 5101//2778 5102//2778
f 5087//2779 5098//2779 5099//2779
f 5095//2781 5096//2781 5085//2781
f 5102//2782 5103//2782 5092//2782
f 5088//2783 5099//2783 5100//2783
f 5109//2784 5110//2784 5099//2784
f 5106//4406 5107//4406 5096//4406
f 5102//2787 5113//2787 5114//2787
f 5099//2788 5110//2788 5111//2788
f 5096//2789 5107//2789 5108//2789
f 5103//4407 5114//4407 5115//4407
f 5111//2791 5112//2791 5101//2791
f 5097//2792 5108//2792 5109//2792
f 5104//2793 5115//2793 5116//2793
f 5112//2795 5113//2795 5102//2795
f 5108//2796 5119//2796 5120//2796
f 5126//2797 5127//2797 5116//2797
f 5123//2799 5124//2799 5113//2799
f 5109//2800 5120//2800 5121//2800
f 5106//2802 5117//2802 5118//2802
f 5124//2803 5125//2803 5114//2803
f 5110//2804 5121//2804 5122//2804
f 5118//4408 5119//4408 5108//4408
f 5125//4409 5126//4409 5115//4409
f 5122//2807 5123//2807 5112//2807
f 5132//2808 5133//2808 5122//2808
f 5129//2809 5130//2809 5119//2809
f 5136//2810 5137//2810 5126//2810
f 5133//4410 5134//4410 5123//4410
f 5130//2812 5131//2812 5120//2812
f 5137//4411 5138//4411 5127//4411
f 5123//2815 5134//2815 5135//2815
f 5131//2816 5132//2816 5121//2816
f 5117//4412 5128//4412 5129//4412
f 5124//2819 5135//2819 5136//2819
f 5131//2820 5142//2820 5143//2820
f 5139//2822 5140//2822 5129//2822
f 5146//2823 5147//2823 5136//2823
f 5132//2824 5143//2824 5144//2824
f 5129//2825 5140//2825 5141//2825
f 5147//4413 5148//4413 5137//4413
f 5144//2827 5145//2827 5134//2827
f 5141//2828 5142//2828 5131//2828
f 5137//2829 5148//2829 5149//2829
f 5145//2831 5146//2831 5135//2831
f 5144//4414 5155//4414 5156//4414
f 5152//2833 5153//2833 5142//2833
f 5159//4415 5160//4415 5149//4415
f 5145//2836 5156//2836 5157//2836
f 5142//2837 5153//2837 5154//2837
f 5150//4416 5151//4416 5140//4416
f 5146//2840 5157//2840 5158//2840
f 5143//2841 5154//2841 5155//2841
f 5140//2842 5151//2842 5152//2842
f 5158//2843 5159//2843 5148//2843
f 5165//2844 5166//2844 5155//2844
f 5162//4417 5163//4417 5152//4417
f 5158//2846 5169//2846 5170//2846
f 5155//2847 5166//2847 5167//2847
f 5163//2848 5164//2848 5153//2848
f 5170//2849 5171//2849 5160//2849
f 5167//2851 5168//2851 5157//2851
f 5164//2852 5165//2852 5154//2852
f 5150//4418 5161//4418 5162//4418
f 5157//2855 5168//2855 5169//2855
f 5178//2856 5179//2856 5168//2856
f 5164//2857 5175//2857 5176//2857
f 5172//4419 5173//4419 5162//4419
f 5179//2860 5180//2860 5169//2860
f 5176//2861 5177//2861 5166//2861
f 5173//2862 5174//2862 5163//2862
f 5180//4420 5181//4420 5170//4420
f 5177//2864 5178//2864 5167//2864
f 5174//2865 5175//2865 5164//2865
f 5170//2866 5181//2866 5182//2866
f 5177//2868 5184//2868 4992//2868
f 5174//2869 5183//2869 4990//2869
f 5185//2870 5186//2870 5182//2870
f 5178//4421 4992//4421 4993//4421
f 4990//2873 4991//2873 5176//2873
f 5172//2875 4988//2875 4989//2875
f 5179//2876 4993//2876 4994//2876
f 5176//2877 4991//2877 5184//2877
f 4989//2878 5183//2878 5174//2878
f 5180//2879 4994//2879 5185//2879
f 5198//2880 5199//2880 5190//2880
f 5205//2881 5206//2881 5386//2881
f 5202//4422 5203//4422 5193//4422
f 5199//2884 5200//2884 5191//2884
f 5196//2886 5197//2886 5189//2886
f 5193//2887 5203//2887 5204//2887
f 5191//2888 5200//2888 5201//2888
f 5197//2889 5198//2889 5383//2889
f 5194//2890 5204//2890 5205//2890
f 5201//2891 5202//2891 5192//2891
f 5203//2892 5214//2892 5215//2892
f 5211//4423 5212//4423 5201//4423
f 5197//2894 5208//2894 5209//2894
f 5204//2895 5215//2895 5216//2895
f 5212//2896 5213//2896 5202//2896
f 5209//2897 5210//2897 5199//2897
f 5205//2898 5216//2898 5217//2898
f 5202//2900 5213//2900 5214//2900
f 5199//2901 5210//2901 5211//2901
f 5207//2903 5208//2903 5197//2903
f 5213//2905 5224//2905 5225//2905
f 5210//2906 5221//2906 5222//2906
f 5218//2908 5219//2908 5208//2908
f 5225//2909 5226//2909 5215//2909
f 5222//2910 5223//2910 5212//2910
f 5219//4424 5220//4424 5209//4424
f 5215//2912 5226//2912 5227//2912
f 5212//4425 5223//4425 5224//4425
f 5209//4426 5220//4426 5221//4426
f 5227//2915 5228//2915 5217//2915
f 5237//2916 5238//2916 5227//2916
f 5223//2917 5234//2917 5235//2917
f 5231//2918 5232//2918 5221//2918
f 5238//2919 5239//2919 5228//2919
f 5224//2921 5235//2921 5236//2921
f 5232//2922 5233//2922 5222//2922
f 5229//2924 5230//2924 5219//2924
f 5225//2925 5236//2925 5237//2925
f 5222//4427 5233//4427 5234//4427
f 5219//2927 5230//2927 5231//2927
f 5229//2928 5240//2928 5241//2928
f 5247//2929 5248//2929 5237//2929
f 5233//2930 5244//2930 5245//2930
f 5241//2931 5242//2931 5231//2931
f 5248//2932 5249//2932 5238//2932
f 5234//2933 5245//2933 5246//2933
f 5242//2934 5243//2934 5232//2934
f 5249//2935 5250//2935 5239//2935
f 5246//2937 5247//2937 5236//2937
f 5232//2938 5243//2938 5244//2938
f 5249//2940 5260//2940 5261//2940
f 5257//2942 5258//2942 5247//2942
f 5254//2943 5255//2943 5244//2943
f 5240//2945 5251//2945 5252//2945
f 5247//2946 5258//2946 5259//2946
f 5244//2947 5255//2947 5256//2947
f 5252//2948 5253//2948 5242//2948
f 5248//2949 5259//2949 5260//2949
f 5256//4428 5257//4428 5246//4428
f 5253//2951 5254//2951 5243//2951
f 5252//4429 5263//4429 5264//4429
f 5259//2953 5270//2953 5271//2953
f 5267//4430 5268//4430 5257//4430
f 5264//2955 5265//2955 5254//2955
f 5271//2956 5272//2956 5261//2956
f 5268//2958 5269//2958 5258//2958
f 5254//2959 5265//2959 5266//2959
f 5262//4431 5263//4431 5252//4431
f 5258//2962 5269//2962 5270//2962
f 5266//2963 5267//2963 5256//2963
f 5262//2965 5273//2965 5274//2965
f 5280//2966 5281//2966 5270//2966
f 5277//4432 5278//4432 5267//4432
f 5274//2968 5275//2968 5264//2968
f 5270//2969 5281//2969 5282//2969
f 5267//2970 5278//2970 5279//2970
f 5264//2971 5275//2971 5276//2971
f 5282//2972 5283//2972 5272//2972
f 5279//2974 5280//2974 5269//2974
f 5276//2975 5277//2975 5266//2975
f 5286//2976 5287//2976 5276//2976
f 5282//2977 5293//2977 5294//2977
f 5279//2979 5290//2979 5291//2979
f 5276//2980 5287//2980 5288//2980
f 5273//2982 5284//2982 5285//2982
f 5291//2983 5292//2983 5281//2983
f 5288//2984 5289//2984 5278//2984
f 5285//2985 5286//2985 5275//2985
f 5281//2986 5292//2986 5293//2986
f 5278//2987 5289//2987 5290//2987
f 5296//2988 5297//2988 5286//2988
f 5292//2989 5303//2989 5304//2989
f 5289//2990 5300//2990 5301//2990
f 5297//2991 5298//2991 5287//2991
f 5304//2992 5305//2992 5294//2992
f 5290//4433 5301//4433 5302//4433
f 5298//2995 5299//2995 5288//2995
f 5295//2997 5296//2997 5285//2997
f 5302//2998 5303//2998 5292//2998
f 5299//2999 5300//2999 5289//2999
f 5309//3000 5310//3000 5299//3000
f 5306//3002 5307//3002 5296//3002
f 5313//3003 5314//3003 5303//3003
f 5299//3004 5310//3004 5311//3004
f 5307//3005 5308//3005 5297//3005
f 5303//3006 5314//3006 5315//3006
f 5311//3007 5312//3007 5301//3007
f 5297//3008 5308//3008 5309//3008
f 5315//3009 5316//3009 5305//3009
f 5312//3011 5313//3011 5302//3011
f 5319//3012 5320//3012 5309//3012
f 5326//3013 5327//3013 5316//3013
f 5312//3015 5323//3015 5324//3015
f 5320//3016 5321//3016 5310//3016
f 5317//4434 5318//4434 5307//4434
f 5313//3019 5324//3019 5325//3019
f 5321//4435 5322//4435 5311//4435
f 5318//4436 5319//4436 5308//4436
f 5325//3022 5326//3022 5315//3022
f 5311//3023 5322//3023 5323//3023
f 5321//4437 5332//4437 5333//4437
f 5329//3025 5330//3025 5319//3025
f 5336//3026 5337//3026 5326//3026
f 5333//4438 5334//4438 5323//4438
f 5330//3028 5331//3028 5320//3028
f 5326//3029 5337//3029 5338//3029
f 5334//3031 5335//3031 5324//3031
f 5320//3032 5331//3032 5332//3032
f 5328//3034 5329//3034 5318//3034
f 5335//3035 5336//3035 5325//3035
f 5342//3036 5343//3036 5332//3036
f 5339//3038 5340//3038 5329//3038
f 5335//3039 5346//3039 5347//3039
f 5343//3040 5344//3040 5333//3040
f 5340//3041 5341//3041 5330//3041
f 5347//3042 5348//3042 5337//3042
f 5344//3043 5345//3043 5334//3043
f 5330//3044 5341//3044 5342//3044
f 5337//3045 5348//3045 5349//3045
f 5345//3047 5346//3047 5335//3047
f 5344//4439 5355//4439 5356//4439
f 5352//3049 5353//3049 5342//3049
f 5348//3050 5359//3050 5360//3050
f 5356//3052 5357//3052 5346//3052
f 5353//3053 5354//3053 5343//3053
f 5339//3055 5350//3055 5351//3055
f 5346//3056 5357//3056 5358//3056
f 5354//4440 5355//4440 5344//4440
f 5351//3058 5352//3058 5341//3058
f 5358//3059 5359//3059 5348//3059
f 5365//3060 5366//3060 5355//3060
f 5362//3061 5363//3061 5352//3061
f 5369//3062 5370//3062 5359//3062
f 5355//3063 5366//3063 5367//3063
f 5363//3064 5364//3064 5353//3064
f 5359//3065 5370//3065 5371//3065
f 5367//3067 5368//3067 5357//3067
f 5353//3068 5364//3068 5365//3068
f 5361//4441 5362//4441 5351//4441
f 5357//3071 5368//3071 5369//3071
f 5378//3072 5379//3072 5368//3072
f 5375//3073 5376//3073 5365//3073
f 5361//3075 5372//3075 5373//3075
f 5368//3076 5379//3076 5380//3076
f 5376//3077 5377//3077 5366//3077
f 5362//3078 5373//3078 5374//3078
f 5380//3079 5381//3079 5370//3079
f 5366//3080 5377//3080 5378//3080
f 5363//3081 5374//3081 5375//3081
f 5381//3082 5382//3082 5371//3082
f 5384//3084 5192//3084 5378//3084
f 5383//3085 5190//3085 5375//3085
f 5385//3086 5386//3086 5382//3086
f 5192//4442 5193//4442 5379//4442
f 5190//3089 5191//3089 5376//3089
f 5372//3091 5188//3091 5189//3091
f 5379//3092 5193//3092 5194//3092
f 5191//3093 5384//3093 5377//3093
f 5189//3094 5383//3094 5374//3094
f 5380//3095 5194//3095 5385//3095
f 5398//3096 5399//3096 5390//3096
f 5585//4443 5405//4443 5406//4443
f 5402//4444 5403//4444 5393//4444
f 5399//3100 5400//3100 5391//3100
f 5388//3102 5396//3102 5397//3102
f 5393//3103 5403//3103 5404//3103
f 5391//3104 5400//3104 5401//3104
f 5397//3105 5398//3105 5583//3105
f 5404//3106 5405//3106 5585//3106
f 5401//3107 5402//3107 5392//3107
f 5403//3108 5414//3108 5415//3108
f 5411//3109 5412//3109 5401//3109
f 5397//3110 5408//3110 5409//3110
f 5404//3111 5415//3111 5416//3111
f 5401//4445 5412//4445 5413//4445
f 5409//3113 5410//3113 5399//3113
f 5405//4446 5416//4446 5417//4446
f 5402//3116 5413//3116 5414//3116
f 5399//3117 5410//3117 5411//3117
f 5396//3119 5407//3119 5408//3119
f 5424//3121 5425//3121 5414//3121
f 5421//3122 5422//3122 5411//3122
f 5418//4447 5419//4447 5408//4447
f 5414//3125 5425//3125 5426//3125
f 5422//3126 5423//3126 5412//3126
f 5419//3127 5420//3127 5409//3127
f 5426//3128 5427//3128 5416//3128
f 5412//4448 5423//4448 5424//4448
f 5409//3130 5420//3130 5421//3130
f 5427//3131 5428//3131 5417//3131
f 5437//3132 5438//3132 5427//3132
f 5434//4449 5435//4449 5424//4449
f 5431//3134 5432//3134 5421//3134
f 5438//4450 5439//4450 5428//4450
f 5424//3137 5435//3137 5436//3137
f 5432//3138 5433//3138 5422//3138
f 5429//3140 5430//3140 5419//3140
f 5425//3141 5436//3141 5437//3141
f 5433//3142 5434//3142 5423//3142
f 5430//3143 5431//3143 5420//3143
f 5440//3144 5441//3144 5430//3144
f 5436//3145 5447//3145 5448//3145
f 5433//3146 5444//3146 5445//3146
f 5441//3147 5442//3147 5431//3147
f 5437//3148 5448//3148 5449//3148
f 5445//3149 5446//3149 5435//3149
f 5431//3150 5442//3150 5443//3150
f 5438//3151 5449//3151 5450//3151
f 5446//3153 5447//3153 5436//3153
f 5432//3154 5443//3154 5444//3154
f 5460//3156 5461//3156 5450//3156
f 5446//3158 5457//3158 5458//3158
f 5454//3159 5455//3159 5444//3159
f 5440//3161 5451//3161 5452//3161
f 5458//3162 5459//3162 5448//3162
f 5444//3163 5455//3163 5456//3163
f 5441//3164 5452//3164 5453//3164
f 5459//4451 5460//4451 5449//4451
f 5445//4452 5456//4452 5457//4452
f 5453//3167 5454//3167 5443//3167
f 5463//3168 5464//3168 5453//3168
f 5459//3169 5470//3169 5471//3169
f 5456//3170 5467//3170 5468//3170
f 5464//3171 5465//3171 5454//3171
f 5460//3172 5471//3172 5472//3172
f 5468//3174 5469//3174 5458//3174
f 5465//3175 5466//3175 5455//3175
f 5451//4453 5462//4453 5463//4453
f 5458//3178 5469//3178 5470//3178
f 5455//3179 5466//3179 5467//3179
f 5473//3181 5474//3181 5463//3181
f 5469//3182 5480//3182 5481//3182
f 5477//3183 5478//3183 5467//3183
f 5463//3184 5474//3184 5475//3184
f 5481//4454 5482//4454 5471//4454
f 5478//4455 5479//4455 5468//4455
f 5475//3187 5476//3187 5465//3187
f 5482//3188 5483//3188 5472//3188
f 5479//3190 5480//3190 5469//3190
f 5476//3191 5477//3191 5466//3191
f 5486//3192 5487//3192 5476//3192
f 5493//4456 5494//4456 5483//4456
f 5490//3195 5491//3195 5480//3195
f 5476//3196 5487//3196 5488//3196
f 5484//3198 5485//3198 5474//3198
f 5491//3199 5492//3199 5481//3199
f 5488//3200 5489//3200 5478//3200
f 5474//3201 5485//3201 5486//3201
f 5492//3202 5493//3202 5482//3202
f 5478//3203 5489//3203 5490//3203
f 5485//3204 5496//3204 5497//3204
f 5503//3205 5504//3205 5493//3205
f 5489//4457 5500//4457 5501//4457
f 5486//3207 5497//3207 5498//3207
f 5504//3208 5505//3208 5494//3208
f 5490//3210 5501//3210 5502//3210
f 5487//3211 5498//3211 5499//3211
f 5495//3213 5496//3213 5485//3213
f 5502//3214 5503//3214 5492//3214
f 5488//3215 5499//3215 5500//3215
f 5509//3216 5510//3216 5499//3216
f 5506//3218 5507//3218 5496//3218
f 5502//3219 5513//3219 5514//3219
f 5499//3220 5510//3220 5511//3220
f 5507//3221 5508//3221 5497//3221
f 5503//4458 5514//4458 5515//4458
f 5500//3223 5511//3223 5512//3223
f 5508//3224 5509//3224 5498//3224
f 5515//3225 5516//3225 5505//3225
f 5501//3227 5512//3227 5513//3227
f 5508//3228 5519//3228 5520//3228
f 5526//3229 5527//3229 5516//3229
f 5523//4459 5524//4459 5513//4459
f 5509//3232 5520//3232 5521//3232
f 5506//3234 5517//3234 5518//3234
f 5513//3235 5524//3235 5525//3235
f 5510//3236 5521//3236 5522//3236
f 5518//4460 5519//4460 5508//4460
f 5514//3238 5525//3238 5526//3238
f 5511//3239 5522//3239 5523//3239
f 5532//4461 5533//4461 5522//4461
f 5529//4462 5530//4462 5519//4462
f 5525//3242 5536//3242 5537//3242
f 5522//4463 5533//4463 5534//4463
f 5530//3244 5531//3244 5520//3244
f 5526//3245 5537//3245 5538//3245
f 5534//3247 5535//3247 5524//3247
f 5520//3248 5531//3248 5532//3248
f 5517//3250 5528//3250 5529//3250
f 5524//3251 5535//3251 5536//3251
f 5531//3252 5542//3252 5543//3252
f 5539//3254 5540//3254 5529//3254
f 5535//3255 5546//3255 5547//3255
f 5543//3256 5544//3256 5533//3256
f 5529//3257 5540//3257 5541//3257
f 5547//3258 5548//3258 5537//3258
f 5544//3259 5545//3259 5534//3259
f 5530//3260 5541//3260 5542//3260
f 5537//3261 5548//3261 5549//3261
f 5534//3263 5545//3263 5546//3263
f 5555//3264 5556//3264 5545//3264
f 5552//3265 5553//3265 5542//3265
f 5559//3266 5560//3266 5549//3266
f 5545//3268 5556//3268 5557//3268
f 5553//3269 5554//3269 5543//3269
f 5550//3271 5551//3271 5540//3271
f 5557//3272 5558//3272 5547//3272
f 5554//4464 5555//4464 5544//4464
f 5551//4465 5552//4465 5541//4465
f 5558//3275 5559//3275 5548//3275
f 5554//3276 5565//3276 5566//3276
f 5562//4466 5563//4466 5552//4466
f 5569//4467 5570//4467 5559//4467
f 5566//4468 5567//4468 5556//4468
f 5563//3280 5564//3280 5553//3280
f 5570//4469 5571//4469 5560//4469
f 5567//3283 5568//3283 5557//3283
f 5553//3284 5564//3284 5565//3284
f 5550//3286 5561//3286 5562//3286
f 5557//3287 5568//3287 5569//3287
f 5567//3288 5578//3288 5579//3288
f 5575//3289 5576//3289 5565//3289
f 5572//3291 5573//3291 5562//3291
f 5568//3292 5579//3292 5580//3292
f 5576//3293 5577//3293 5566//3293
f 5573//3294 5574//3294 5563//3294
f 5580//4470 5581//4470 5570//4470
f 5577//3296 5578//3296 5567//3296
f 5563//3297 5574//3297 5575//3297
f 5570//3298 5581//3298 5582//3298
f 5577//3300 5584//3300 5392//3300
f 5583//3301 5390//3301 5575//3301
f 5581//3302 5585//3302 5586//3302
f 5392//4471 5393//4471 5579//4471
f 5390//4472 5391//4472 5576//4472
f 5572//3307 5388//3307 5389//3307
f 5579//3308 5393//3308 5394//3308
f 5576//3309 5391//3309 5584//3309
f 5573//3310 5389//3310 5583//3310
f 5580//3311 5394//3311 5585//3311
f 5598//3201 5599//3201 5590//3201
f 5785//3312 5605//3312 5606//3312
f 5602//3314 5603//3314 5593//3314
f 5590//3315 5599//3315 5600//3315
f 5596//3317 5597//3317 5589//3317
f 5603//3318 5604//3318 5594//3318
f 5600//3319 5601//3319 5784//3319
f 5589//3192 5597//3192 5598//3192
f 5604//3320 5605//3320 5785//3320
f 5601//3321 5602//3321 5592//3321
f 5603//3322 5614//3322 5615//3322
f 5600//3323 5611//3323 5612//3323
f 5608//3324 5609//3324 5598//3324
f 5615//3325 5616//3325 5605//3325
f 5612//3326 5613//3326 5602//3326
f 5609//3327 5610//3327 5599//3327
f 5605//3328 5616//3328 5617//3328
f 5613//3330 5614//3330 5603//3330
f 5610//3331 5611//3331 5600//3331
f 5607//4473 5608//4473 5597//4473
f 5624//3335 5625//3335 5614//3335
f 5621//3336 5622//3336 5611//3336
f 5618//4474 5619//4474 5608//4474
f 5614//3339 5625//3339 5626//3339
f 5622//3340 5623//3340 5612//3340
f 5608//3341 5619//3341 5620//3341
f 5626//3342 5627//3342 5616//3342
f 5623//3343 5624//3343 5613//3343
f 5609//3344 5620//3344 5621//3344
f 5627//3345 5628//3345 5617//3345
f 5637//3346 5638//3346 5627//3346
f 5634//4475 5635//4475 5624//4475
f 5631//3348 5632//3348 5621//3348
f 5627//3349 5638//3349 5639//3349
f 5624//3351 5635//3351 5636//3351
f 5632//3352 5633//3352 5622//3352
f 5629//3354 5630//3354 5619//3354
f 5625//3355 5636//3355 5637//3355
f 5633//3356 5634//3356 5623//3356
f 5619//3357 5630//3357 5631//3357
f 5640//3358 5641//3358 5630//3358
f 5647//3359 5648//3359 5637//3359
f 5633//3360 5644//3360 5645//3360
f 5641//3361 5642//3361 5631//3361
f 5648//3362 5649//3362 5638//3362
f 5645//3363 5646//3363 5635//3363
f 5631//3364 5642//3364 5643//3364
f 5638//3365 5649//3365 5650//3365
f 5646//3367 5647//3367 5636//3367
f 5643//3368 5644//3368 5633//3368
f 5660//3370 5661//3370 5650//3370
f 5657//3372 5658//3372 5647//3372
f 5643//3373 5654//3373 5655//3373
f 5651//3375 5652//3375 5641//3375
f 5647//3376 5658//3376 5659//3376
f 5655//3377 5656//3377 5645//3377
f 5652//3378 5653//3378 5642//3378
f 5648//3379 5659//3379 5660//3379
f 5656//4476 5657//4476 5646//4476
f 5642//3381 5653//3381 5654//3381
f 5663//4477 5664//4477 5653//4477
f 5659//3383 5670//3383 5671//3383
f 5656//4478 5667//4478 5668//4478
f 5664//3385 5665//3385 5654//3385
f 5671//3386 5672//3386 5661//3386
f 5668//3388 5669//3388 5658//3388
f 5665//3389 5666//3389 5655//3389
f 5651//4479 5662//4479 5663//4479
f 5658//3392 5669//3392 5670//3392
f 5655//3393 5666//3393 5667//3393
f 5662//3395 5673//3395 5674//3395
f 5669//3396 5680//3396 5681//3396
f 5666//3397 5677//3397 5678//3397
f 5674//3398 5675//3398 5664//3398
f 5670//3399 5681//3399 5682//3399
f 5667//3400 5678//3400 5679//3400
f 5664//3401 5675//3401 5676//3401
f 5671//3402 5682//3402 5683//3402
f 5679//3404 5680//3404 5669//3404
f 5676//3405 5677//3405 5666//3405
f 5675//3105 5686//3105 5687//3105
f 5693//3406 5694//3406 5683//3406
f 5690//3408 5691//3408 5680//3408
f 5676//3409 5687//3409 5688//3409
f 5684//3411 5685//3411 5674//3411
f 5691//3412 5692//3412 5681//3412
f 5677//3413 5688//3413 5689//3413
f 5685//3096 5686//3096 5675//3096
f 5692//3414 5693//3414 5682//3414
f 5689//3415 5690//3415 5679//3415
f 5696//3416 5697//3416 5686//3416
f 5692//3417 5703//3417 5704//3417
f 5700//3418 5701//3418 5690//3418
f 5697//3419 5698//3419 5687//3419
f 5704//3420 5705//3420 5694//3420
f 5690//3422 5701//3422 5702//3422
f 5687//3423 5698//3423 5699//3423
f 5695//3425 5696//3425 5685//3425
f 5691//3426 5702//3426 5703//3426
f 5699//3427 5700//3427 5689//3427
f 5709//3428 5710//3428 5699//3428
f 5706//3430 5707//3430 5696//3430
f 5713//3431 5714//3431 5703//3431
f 5699//3432 5710//3432 5711//3432
f 5707//3433 5708//3433 5697//3433
f 5714//3434 5715//3434 5704//3434
f 5711//3435 5712//3435 5701//3435
f 5708//3436 5709//3436 5698//3436
f 5704//3437 5715//3437 5716//3437
f 5701//3439 5712//3439 5713//3439
f 5708//3440 5719//3440 5720//3440
f 5726//3441 5727//3441 5716//3441
f 5712//3443 5723//3443 5724//3443
f 5709//3444 5720//3444 5721//3444
f 5706//4480 5717//4480 5718//4480
f 5713//3447 5724//3447 5725//3447
f 5710//3448 5721//3448 5722//3448
f 5718//4481 5719//4481 5708//4481
f 5714//3450 5725//3450 5726//3450
f 5722//4482 5723//4482 5712//4482
f 5721//3452 5732//3452 5733//3452
f 5729//4483 5730//4483 5719//4483
f 5736//3454 5737//3454 5726//3454
f 5733//4484 5734//4484 5723//4484
f 5730//3456 5731//3456 5720//3456
f 5726//3457 5737//3457 5738//3457
f 5734//3459 5735//3459 5724//3459
f 5720//3460 5731//3460 5732//3460
f 5728//3462 5729//3462 5718//3462
f 5735//3463 5736//3463 5725//3463
f 5731//3464 5742//3464 5743//3464
f 5739//3466 5740//3466 5729//3466
f 5735//3467 5746//3467 5747//3467
f 5743//3468 5744//3468 5733//3468
f 5740//3469 5741//3469 5730//3469
f 5747//3470 5748//3470 5737//3470
f 5744//3471 5745//3471 5734//3471
f 5730//3472 5741//3472 5742//3472
f 5737//3473 5748//3473 5749//3473
f 5734//3475 5745//3475 5746//3475
f 5755//4485 5756//4485 5745//4485
f 5741//3477 5752//3477 5753//3477
f 5748//4486 5759//4486 5760//4486
f 5756//3480 5757//3480 5746//3480
f 5742//3481 5753//3481 5754//3481
f 5739//3483 5750//3483 5751//3483
f 5746//3484 5757//3484 5758//3484
f 5743//3485 5754//3485 5755//3485
f 5751//3486 5752//3486 5741//3486
f 5747//3487 5758//3487 5759//3487
f 5754//3488 5765//3488 5766//3488
f 5762//4487 5763//4487 5752//4487
f 5758//3490 5769//3490 5770//3490
f 5755//3491 5766//3491 5767//3491
f 5752//3492 5763//3492 5764//3492
f 5770//3493 5771//3493 5760//3493
f 5767//3495 5768//3495 5757//3495
f 5764//3496 5765//3496 5754//3496
f 5750//4488 5761//4488 5762//4488
f 5768//3499 5769//3499 5758//3499
f 5778//3500 5779//3500 5768//3500
f 5775//3501 5776//3501 5765//3501
f 5761//3503 5772//3503 5773//3503
f 5779//3504 5780//3504 5769//3504
f 5776//3505 5777//3505 5766//3505
f 5773//3506 5774//3506 5763//3506
f 5780//3507 5781//3507 5770//3507
f 5777//3508 5778//3508 5767//3508
f 5774//3509 5775//3509 5764//3509
f 5781//3510 5782//3510 5771//3510
f 5777//3512 5784//3512 5592//3512
f 5783//3513 5590//3513 5775//3513
f 5785//3514 5786//3514 5782//3514
f 5592//3516 5593//3516 5779//3516
f 5590//3517 5591//3517 5776//3517
f 5588//3519 5589//3519 5773//3519
f 5779//3520 5593//3520 5594//3520
f 5776//3521 5591//3521 5784//3521
f 5773//3522 5589//3522 5783//3522
f 5594//3523 5785//3523 5781//3523
f 5798//3524 5799//3524 5790//3524
f 5985//3525 5805//3525 5806//3525
f 5802//3527 5803//3527 5793//3527
f 5790//3528 5799//3528 5800//3528
f 5796//3530 5797//3530 5789//3530
f 5793//3531 5803//3531 5804//3531
f 5800//3532 5801//3532 5984//3532
f 5797//3533 5798//3533 5983//3533
f 5794//4489 5804//4489 5805//4489
f 5801//3535 5802//3535 5792//3535
f 5803//3536 5814//3536 5815//3536
f 5800//3537 5811//3537 5812//3537
f 5797//3538 5808//3538 5809//3538
f 5804//4490 5815//4490 5816//4490
f 5801//3540 5812//3540 5813//3540
f 5809//3541 5810//3541 5799//3541
f 5816//3542 5817//3542 5806//3542
f 5802//3544 5813//3544 5814//3544
f 5810//3545 5811//3545 5800//3545
f 5807//3547 5808//3547 5797//3547
f 5824//3549 5825//3549 5814//3549
f 5821//3550 5822//3550 5811//3550
f 5818//4491 5819//4491 5808//4491
f 5814//3553 5825//3553 5826//3553
f 5822//3554 5823//3554 5812//3554
f 5808//3555 5819//3555 5820//3555
f 5815//3556 5826//3556 5827//3556
f 5823//3557 5824//3557 5813//3557
f 5820//3558 5821//3558 5810//3558
f 5827//3559 5828//3559 5817//3559
f 5837//3560 5838//3560 5827//3560
f 5834//4492 5835//4492 5824//4492
f 5831//3562 5832//3562 5821//3562
f 5827//3563 5838//3563 5839//3563
f 5835//3565 5836//3565 5825//3565
f 5832//3566 5833//3566 5822//3566
f 5829//3568 5830//3568 5819//3568
f 5836//3569 5837//3569 5826//3569
f 5833//3570 5834//3570 5823//3570
f 5830//3571 5831//3571 5820//3571
f 5829//3572 5840//3572 5841//3572
f 5836//3573 5847//3573 5848//3573
f 5833//3574 5844//3574 5845//3574
f 5830//3575 5841//3575 5842//3575
f 5837//3576 5848//3576 5849//3576
f 5834//3577 5845//3577 5846//3577
f 5831//3578 5842//3578 5843//3578
f 5849//3579 5850//3579 5839//3579
f 5835//3581 5846//3581 5847//3581
f 5832//3582 5843//3582 5844//3582
f 5849//4493 5860//4493 5861//4493
f 5857//3586 5858//3586 5847//3586
f 5843//3587 5854//3587 5855//3587
f 5840//3589 5851//3589 5852//3589
f 5858//3590 5859//3590 5848//3590
f 5855//3591 5856//3591 5845//3591
f 5852//3592 5853//3592 5842//3592
f 5848//3593 5859//3593 5860//3593
f 5856//4494 5857//4494 5846//4494
f 5853//3595 5854//3595 5843//3595
f 5863//4495 5864//4495 5853//4495
f 5870//4496 5871//4496 5860//4496
f 5856//3598 5867//3598 5868//3598
f 5864//3599 5865//3599 5854//3599
f 5871//4497 5872//4497 5861//4497
f 5857//3602 5868//3602 5869//3602
f 5865//3603 5866//3603 5855//3603
f 5862//4498 5863//4498 5852//4498
f 5858//3606 5869//3606 5870//3606
f 5866//3607 5867//3607 5856//3607
f 5862//3609 5873//3609 5874//3609
f 5869//3610 5880//3610 5881//3610
f 5877//3611 5878//3611 5867//3611
f 5874//3612 5875//3612 5864//3612
f 5870//3613 5881//3613 5882//3613
f 5878//3614 5879//3614 5868//3614
f 5864//3615 5875//3615 5876//3615
f 5871//3616 5882//3616 5883//3616
f 5868//4499 5879//4499 5880//4499
f 5876//3619 5877//3619 5866//3619
f 5886//3620 5887//3620 5876//3620
f 5882//4500 5893//4500 5894//4500
f 5890//3623 5891//3623 5880//3623
f 5876//3624 5887//3624 5888//3624
f 5873//3626 5884//3626 5885//3626
f 5891//3627 5892//3627 5881//3627
f 5888//3628 5889//3628 5878//3628
f 5885//3629 5886//3629 5875//3629
f 5892//3630 5893//3630 5882//3630
f 5878//3631 5889//3631 5890//3631
f 5896//3632 5897//3632 5886//3632
f 5892//3633 5903//3633 5904//3633
f 5900//3634 5901//3634 5890//3634
f 5897//3635 5898//3635 5887//3635
f 5904//3636 5905//3636 5894//3636
f 5901//3638 5902//3638 5891//3638
f 5898//3639 5899//3639 5888//3639
f 5884//3641 5895//3641 5896//3641
f 5891//3642 5902//3642 5903//3642
f 5899//3643 5900//3643 5889//3643
f 5898//3644 5909//3644 5910//3644
f 5906//3646 5907//3646 5896//3646
f 5902//3647 5913//3647 5914//3647
f 5899//3648 5910//3648 5911//3648
f 5907//3649 5908//3649 5897//3649
f 5903//3650 5914//3650 5915//3650
f 5911//3651 5912//3651 5901//3651
f 5908//3652 5909//3652 5898//3652
f 5904//3653 5915//3653 5916//3653
f 5912//3655 5913//3655 5902//3655
f 5908//3656 5919//3656 5920//3656
f 5926//3657 5927//3657 5916//3657
f 5923//3659 5924//3659 5913//3659
f 5920//3660 5921//3660 5910//3660
f 5906//3662 5917//3662 5918//3662
f 5924//3663 5925//3663 5914//3663
f 5921//4501 5922//4501 5911//4501
f 5907//4502 5918//4502 5919//4502
f 5914//3666 5925//3666 5926//3666
f 5922//3667 5923//3667 5912//3667
f 5932//3668 5933//3668 5922//3668
f 5918//3669 5929//3669 5930//3669
f 5936//4503 5937//4503 5926//4503
f 5922//4504 5933//4504 5934//4504
f 5930//3672 5931//3672 5920//3672
f 5926//3673 5937//3673 5938//3673
f 5923//3675 5934//3675 5935//3675
f 5931//3676 5932//3676 5921//3676
f 5917//3678 5928//3678 5929//3678
f 5924//3679 5935//3679 5936//3679
f 5942//3680 5943//3680 5932//3680
f 5939//3682 5940//3682 5929//3682
f 5946//3683 5947//3683 5936//3683
f 5943//3684 5944//3684 5933//3684
f 5940//3685 5941//3685 5930//3685
f 5947//3686 5948//3686 5937//3686
f 5933//3687 5944//3687 5945//3687
f 5941//3688 5942//3688 5931//3688
f 5937//3689 5948//3689 5949//3689
f 5934//3691 5945//3691 5946//3691
f 5944//3692 5955//3692 5956//3692
f 5952//3693 5953//3693 5942//3693
f 5948//3694 5959//3694 5960//3694
f 5956//3696 5957//3696 5946//3696
f 5953//3697 5954//3697 5943//3697
f 5950//3699 5951//3699 5940//3699
f 5946//3700 5957//3700 5958//3700
f 5954//3701 5955//3701 5944//3701
f 5940//3702 5951//3702 5952//3702
f 5958//4505 5959//4505 5948//4505
f 5965//3704 5966//3704 5955//3704
f 5962//4506 5963//4506 5952//4506
f 5969//3706 5970//3706 5959//3706
f 5955//4507 5966//4507 5967//4507
f 5963//3708 5964//3708 5953//3708
f 5959//3709 5970//3709 5971//3709
f 5967//3711 5968//3711 5957//3711
f 5953//3712 5964//3712 5965//3712
f 5961//3714 5962//3714 5951//3714
f 5957//3715 5968//3715 5969//3715
f 5967//4508 5978//4508 5979//4508
f 5964//3717 5975//3717 5976//3717
f 5972//3719 5973//3719 5962//3719
f 5968//3720 5979//3720 5980//3720
f 5965//3721 5976//3721 5977//3721
f 5973//3722 5974//3722 5963//3722
f 5980//3723 5981//3723 5970//3723
f 5966//3724 5977//3724 5978//3724
f 5974//3725 5975//3725 5964//3725
f 5981//3726 5982//3726 5971//3726
f 5977//3728 5984//3728 5792//3728
f 5983//3729 5790//3729 5975//3729
f 5985//3730 5986//3730 5982//3730
f 5792//4509 5793//4509 5979//4509
f 5790//3733 5791//3733 5976//3733
f 5972//3735 5788//3735 5789//3735
f 5793//3736 5794//3736 5980//3736
f 5791//3737 5984//3737 5977//3737
f 5789//3738 5983//3738 5974//3738
f 5794//3739 5985//3739 5981//3739
f 5998//3740 5999//3740 5990//3740
f 6185//3741 6005//3741 6006//3741
f 6002//3743 6003//3743 5993//3743
f 5999//3744 6000//3744 5991//3744
f 5988//3746 5996//3746 5997//3746
f 5993//3747 6003//3747 6004//3747
f 6000//3748 6001//3748 6184//3748
f 5997//3749 5998//3749 6183//3749
f 6004//3750 6005//3750 6185//3750
f 6184//3751 6001//3751 6002//3751
f 6014//3752 6015//3752 6004//3752
f 6000//3753 6011//3753 6012//3753
f 5997//3754 6008//3754 6009//3754
f 6004//3755 6015//3755 6016//3755
f 6001//3756 6012//3756 6013//3756
f 5998//3757 6009//3757 6010//3757
f 6016//3758 6017//3758 6006//3758
f 6013//3760 6014//3760 6003//3760
f 6010//3761 6011//3761 6000//3761
f 5996//4510 6007//4510 6008//4510
f 6013//3765 6024//3765 6025//3765
f 6021//3766 6022//3766 6011//3766
f 6018//3768 6019//3768 6008//3768
f 6025//3769 6026//3769 6015//3769
f 6022//3770 6023//3770 6012//3770
f 6008//3771 6019//3771 6020//3771
f 6026//3772 6027//3772 6016//3772
f 6023//3773 6024//3773 6013//3773
f 6009//3774 6020//3774 6021//3774
f 6027//3775 6028//3775 6017//3775
f 6037//3776 6038//3776 6027//3776
f 6034//4511 6035//4511 6024//4511
f 6031//3778 6032//3778 6021//3778
f 6027//3779 6038//3779 6039//3779
f 6035//3781 6036//3781 6025//3781
f 6021//3782 6032//3782 6033//3782
f 6029//3784 6030//3784 6019//3784
f 6025//3785 6036//3785 6037//3785
f 6022//3786 6033//3786 6034//3786
f 6030//3787 6031//3787 6020//3787
f 6029//3788 6040//3788 6041//3788
f 6047//3789 6048//3789 6037//3789
f 6033//3790 6044//3790 6045//3790
f 6041//3791 6042//3791 6031//3791
f 6048//3792 6049//3792 6038//3792
f 6045//3793 6046//3793 6035//3793
f 6042//3794 6043//3794 6032//3794
f 6049//3795 6050//3795 6039//3795
f 6046//3797 6047//3797 6036//3797
f 6043//3798 6044//3798 6033//3798
f 6060//4512 6061//4512 6050//4512
f 6046//3802 6057//3802 6058//3802
f 6054//3803 6055//3803 6044//3803
f 6040//3805 6051//3805 6052//3805
f 6047//3806 6058//3806 6059//3806
f 6055//3807 6056//3807 6045//3807
f 6041//3808 6052//3808 6053//3808
f 6059//3809 6060//3809 6049//3809
f 6056//4513 6057//4513 6046//4513
f 6053//3811 6054//3811 6043//3811
f 6052//3812 6063//3812 6064//3812
f 6070//3813 6071//3813 6060//3813
f 6067//3814 6068//3814 6057//3814
f 6053//3815 6064//3815 6065//3815
f 6060//3816 6071//3816 6072//3816
f 6068//3818 6069//3818 6058//3818
f 6054//3819 6065//3819 6066//3819
f 6051//3821 6062//3821 6063//3821
f 6058//3822 6069//3822 6070//3822
f 6066//3823 6067//3823 6056//3823
f 6073//4514 6074//4514 6063//4514
f 6069//3826 6080//3826 6081//3826
f 6077//3827 6078//3827 6067//3827
f 6074//3828 6075//3828 6064//3828
f 6081//3829 6082//3829 6071//3829
f 6078//3830 6079//3830 6068//3830
f 6075//3831 6076//3831 6065//3831
f 6071//3832 6082//3832 6083//3832
f 6079//3834 6080//3834 6069//3834
f 6076//3835 6077//3835 6066//3835
f 6086//3836 6087//3836 6076//3836
f 6082//3837 6093//3837 6094//3837
f 6090//4515 6091//4515 6080//4515
f 6087//3840 6088//3840 6077//3840
f 6084//3842 6085//3842 6074//3842
f 6080//3843 6091//3843 6092//3843
f 6077//3844 6088//3844 6089//3844
f 6074//3845 6085//3845 6086//3845
f 6081//3846 6092//3846 6093//3846
f 6078//3847 6089//3847 6090//3847
f 6096//3848 6097//3848 6086//3848
f 6092//3849 6103//3849 6104//3849
f 6089//3850 6100//3850 6101//3850
f 6097//3851 6098//3851 6087//3851
f 6104//3852 6105//3852 6094//3852
f 6101//4516 6102//4516 6091//4516
f 6098//3855 6099//3855 6088//3855
f 6095//3857 6096//3857 6085//3857
f 6091//3858 6102//3858 6103//3858
f 6088//3859 6099//3859 6100//3859
f 6098//3860 6109//3860 6110//3860
f 6095//4517 6106//4517 6107//4517
f 6113//3863 6114//3863 6103//3863
f 6110//3864 6111//3864 6100//3864
f 6107//3865 6108//3865 6097//3865
f 6114//3866 6115//3866 6104//3866
f 6111//3867 6112//3867 6101//3867
f 6108//3868 6109//3868 6098//3868
f 6104//3869 6115//3869 6116//3869
f 6112//3871 6113//3871 6102//3871
f 6119//3872 6120//3872 6109//3872
f 6115//3873 6126//3873 6127//3873
f 6112//3875 6123//3875 6124//3875
f 6120//3876 6121//3876 6110//3876
f 6117//3878 6118//3878 6107//3878
f 6113//3879 6124//3879 6125//3879
f 6110//3880 6121//3880 6122//3880
f 6107//4518 6118//4518 6119//4518
f 6114//3882 6125//3882 6126//3882
f 6111//4519 6122//4519 6123//4519
f 6132//3884 6133//3884 6122//3884
f 6129//3885 6130//3885 6119//3885
f 6125//3886 6136//3886 6137//3886
f 6122//3887 6133//3887 6134//3887
f 6130//3888 6131//3888 6120//3888
f 6126//3889 6137//3889 6138//3889
f 6123//3891 6134//3891 6135//3891
f 6131//3892 6132//3892 6121//3892
f 6117//3894 6128//3894 6129//3894
f 6135//3895 6136//3895 6125//3895
f 6142//3896 6143//3896 6132//3896
f 6139//3898 6140//3898 6129//3898
f 6135//3899 6146//3899 6147//3899
f 6143//3900 6144//3900 6133//3900
f 6140//3901 6141//3901 6130//3901
f 6147//3902 6148//3902 6137//3902
f 6144//3903 6145//3903 6134//3903
f 6141//3904 6142//3904 6131//3904
f 6148//3905 6149//3905 6138//3905
f 6145//3907 6146//3907 6135//3907
f 6155//3908 6156//3908 6145//3908
f 6152//3909 6153//3909 6142//3909
f 6159//4520 6160//4520 6149//4520
f 6156//3912 6157//3912 6146//3912
f 6142//3913 6153//3913 6154//3913
f 6139//3915 6150//3915 6151//3915
f 6157//3916 6158//3916 6147//3916
f 6143//3917 6154//3917 6155//3917
f 6151//3918 6152//3918 6141//3918
f 6158//3919 6159//3919 6148//3919
f 6165//3920 6166//3920 6155//3920
f 6162//4521 6163//4521 6152//4521
f 6169//3922 6170//3922 6159//3922
f 6166//4522 6167//4522 6156//4522
f 6163//4523 6164//4523 6153//4523
f 6159//3925 6170//3925 6171//3925
f 6167//3927 6168//3927 6157//3927
f 6164//3928 6165//3928 6154//3928
f 6150//4524 6161//4524 6162//4524
f 6157//3931 6168//3931 6169//3931
f 6167//3932 6178//3932 6179//3932
f 6164//3933 6175//3933 6176//3933
f 6161//3935 6172//3935 6173//3935
f 6168//3936 6179//3936 6180//3936
f 6176//3937 6177//3937 6166//3937
f 6173//3938 6174//3938 6163//3938
f 6180//3939 6181//3939 6170//3939
f 6166//3940 6177//3940 6178//3940
f 6174//3941 6175//3941 6164//3941
f 6181//3942 6182//3942 6171//3942
f 6184//3944 5992//3944 6178//3944
f 6183//3945 5990//3945 6175//3945
f 6181//3946 6185//3946 6186//3946
f 5992//3948 5993//3948 6179//3948
f 5990//3949 5991//3949 6176//3949
f 5988//3951 5989//3951 6173//3951
f 6179//3952 5993//3952 5994//3952
f 5991//3953 6184//3953 6177//3953
f 5989//3954 6183//3954 6174//3954
f 5994//3955 6185//3955 6181//3955
