# Blender 5.1.2
# www.blender.org
o GBexp
v -5.450000 -3.820000 -1.700000 0.2934 0.2934 0.3035
v -5.000000 -3.370000 -1.450000 0.2934 0.2934 0.3035
v -5.450000 -3.820000 0.550000 0.2934 0.2934 0.3035
v -5.450000 3.820000 -1.700000 0.2934 0.2934 0.3035
v -5.000000 3.370000 -1.450000 0.2934 0.2934 0.3035
v -5.450000 3.820000 0.550000 0.2934 0.2934 0.3035
v 5.450000 -3.820000 -1.700000 0.2934 0.2934 0.3035
v 5.000000 -3.370000 -1.450000 0.2934 0.2934 0.3035
v 5.450000 -3.820000 0.550000 0.2934 0.2934 0.3035
v 5.450000 3.820000 -1.700000 0.2934 0.2934 0.3035
v 5.000000 3.370000 -1.450000 0.2934 0.2934 0.3035
v 5.450000 3.820000 0.550000 0.2934 0.2934 0.3035
v -5.000000 -3.370000 0.550000 0.2934 0.2934 0.3035
v -5.000000 3.370000 0.550000 0.2934 0.2934 0.3035
v 5.000000 -3.370000 0.550000 0.2934 0.2934 0.3035
v 5.000000 3.370000 0.550000 0.2934 0.2934 0.3035
v 0.510000 -3.135000 -0.550000 0.2934 0.2934 0.3035
v 1.903160 1.032532 -0.420000 0.2934 0.2934 0.3035
v 4.100000 1.060000 -0.320000 0.2934 0.2934 0.3035
v 1.915111 1.054861 -0.420000 0.2934 0.2934 0.3035
v 1.300000 2.460000 -0.320000 0.2934 0.2934 0.3035
v -4.980000 -3.350000 -1.400000 0.2934 0.2934 0.3035
v 4.171960 1.054337 -0.320000 0.2934 0.2934 0.3035
v 1.892039 1.014126 -0.420000 0.2934 0.2934 0.3035
v -4.980000 -3.350000 0.000000 0.2934 0.2934 0.3035
v 1.371960 2.454337 -0.320000 0.2934 0.2934 0.3035
v 1.928671 1.076370 -0.420000 0.2934 0.2934 0.3035
v 4.242148 1.037486 -0.320000 0.2934 0.2934 0.3035
v 1.947382 1.110620 -0.420000 0.2934 0.2934 0.3035
v -4.980000 3.350000 -1.400000 0.2934 0.2934 0.3035
v 1.442148 2.437486 -0.320000 0.2934 0.2934 0.3035
v 1.958854 1.129817 -0.420000 0.2934 0.2934 0.3035
v 4.308836 1.009863 -0.320000 0.2934 0.2934 0.3035
v 0.510000 -0.865000 -0.550000 0.2934 0.2934 0.3035
v 1.977607 1.162477 -0.420000 0.2934 0.2934 0.3035
v 4.370381 0.972148 -0.320000 0.2934 0.2934 0.3035
v -4.980000 3.350000 0.000000 0.2934 0.2934 0.3035
v 2.010624 1.215046 -0.420000 0.2934 0.2934 0.3035
v 1.508836 2.409863 -0.320000 0.2934 0.2934 0.3035
v 4.980000 -3.350000 -1.400000 0.2934 0.2934 0.3035
v 2.045633 1.266221 -0.420000 0.2934 0.2934 0.3035
v 4.425269 0.925269 -0.320000 0.2934 0.2934 0.3035
v 4.550000 -3.135000 -0.550000 0.2934 0.2934 0.3035
v 2.083683 1.315265 -0.420000 0.2934 0.2934 0.3035
v 4.980000 -3.350000 0.000000 0.2934 0.2934 0.3035
v 4.472148 0.870381 -0.320000 0.2934 0.2934 0.3035
v 2.099406 1.332470 -0.420000 0.2934 0.2934 0.3035
v 1.570381 2.372148 -0.320000 0.2934 0.2934 0.3035
v 2.125271 1.358990 -0.420000 0.2934 0.2934 0.3035
v 4.509863 0.808836 -0.320000 0.2934 0.2934 0.3035
v 4.980000 3.350000 -1.400000 0.2934 0.2934 0.3035
v 1.625269 2.325269 -0.320000 0.2934 0.2934 0.3035
v 2.143112 1.377946 -0.420000 0.2934 0.2934 0.3035
v 4.537486 0.742148 -0.320000 0.2934 0.2934 0.3035
v 4.550000 -0.865000 -0.550000 0.2934 0.2934 0.3035
v 2.153341 1.386973 -0.420000 0.2934 0.2934 0.3035
v 4.980000 3.350000 0.000000 0.2934 0.2934 0.3035
v 1.672148 2.270381 -0.320000 0.2934 0.2934 0.3035
v 4.554337 0.671960 -0.320000 0.2934 0.2934 0.3035
v 1.473844 0.202643 -0.420000 0.2934 0.2934 0.3035
v -1.330000 -1.050957 -0.079227 0.2934 0.2934 0.3035
v 1.483593 0.221693 -0.420000 0.2934 0.2934 0.3035
v 4.560000 0.600000 -0.320000 0.2934 0.2934 0.3035
v -3.700000 -1.050957 -0.079227 0.2934 0.2934 0.3035
v -1.330000 -1.083560 -0.215025 0.2934 0.2934 0.3035
v 1.463722 0.185577 -0.420000 0.2934 0.2934 0.3035
v 4.554337 0.528040 -0.320000 0.2934 0.2934 0.3035
v 1.709863 2.208836 -0.320000 0.2934 0.2934 0.3035
v 1.497104 0.243321 -0.420000 0.2934 0.2934 0.3035
v -1.330000 -1.209975 -0.463129 0.2934 0.2934 0.3035
v 1.515477 0.277795 -0.420000 0.2934 0.2934 0.3035
v 1.737486 2.142148 -0.320000 0.2934 0.2934 0.3035
v 4.537486 0.457852 -0.320000 0.2934 0.2934 0.3035
v -1.330000 0.879043 -0.079227 0.2934 0.2934 0.3035
v 1.385876 -0.011447 -0.420000 0.2934 0.2934 0.3035
v -1.330000 -1.300675 -0.569325 0.2934 0.2934 0.3035
v 4.509863 0.391164 -0.320000 0.2934 0.2934 0.3035
v 1.378656 -0.036495 -0.420000 0.2934 0.2934 0.3035
v -3.700000 -1.083560 -0.215025 0.2934 0.2934 0.3035
v 1.754337 2.071960 -0.320000 0.2934 0.2934 0.3035
v 1.372058 -0.050214 -0.420000 0.2934 0.2934 0.3035
v 4.472148 0.329619 -0.320000 0.2934 0.2934 0.3035
v -1.330000 -1.406871 -0.660025 0.2934 0.2934 0.3035
v 1.395191 0.010737 -0.420000 0.2934 0.2934 0.3035
v 1.408460 0.047237 -0.420000 0.2934 0.2934 0.3035
v 4.425269 0.274731 -0.320000 0.2934 0.2934 0.3035
v -1.330000 0.846440 -0.215025 0.2934 0.2934 0.3035
v 1.760000 2.000000 -0.320000 0.2934 0.2934 0.3035
v 1.419893 0.069129 -0.420000 0.2934 0.2934 0.3035
v 4.370381 0.227852 -0.320000 0.2934 0.2934 0.3035
v 1.434646 0.104590 -0.420000 0.2934 0.2934 0.3035
v -3.700000 -1.209975 -0.463129 0.2934 0.2934 0.3035
v 1.754337 1.928040 -0.320000 0.2934 0.2934 0.3035
v 4.308836 0.190137 -0.320000 0.2934 0.2934 0.3035
v 1.445977 0.128419 -0.420000 0.2934 0.2934 0.3035
v -1.330000 -1.525948 -0.732996 0.2934 0.2934 0.3035
v 1.457631 0.155536 -0.420000 0.2934 0.2934 0.3035
v -3.700000 -1.300675 -0.569325 0.2934 0.2934 0.3035
v 4.242148 0.162514 -0.320000 0.2934 0.2934 0.3035
v 1.737486 1.857852 -0.320000 0.2934 0.2934 0.3035
v 1.465494 0.172264 -0.420000 0.2934 0.2934 0.3035
v -1.330000 -1.930000 -0.830000 0.2934 0.2934 0.3035
v 4.171960 0.145663 -0.320000 0.2934 0.2934 0.3035
v -3.700000 0.879043 -0.079227 0.2934 0.2934 0.3035
v 1.373453 -0.116398 -0.420000 0.2934 0.2934 0.3035
v 1.372492 -0.084911 -0.420000 0.2934 0.2934 0.3035
v 1.709863 1.791164 -0.320000 0.2934 0.2934 0.3035
v -3.700000 -1.406871 -0.660025 0.2934 0.2934 0.3035
v 4.100000 0.140000 -0.320000 0.2934 0.2934 0.3035
v -3.700000 0.846440 -0.215025 0.2934 0.2934 0.3035
v 1.371512 -0.137070 -0.420000 0.2934 0.2934 0.3035
v 4.028040 0.145663 -0.320000 0.2934 0.2934 0.3035
v 1.672148 1.729619 -0.320000 0.2934 0.2934 0.3035
v 1.375079 -0.063714 -0.420000 0.2934 0.2934 0.3035
v -3.700000 -1.525948 -0.732996 0.2934 0.2934 0.3035
v 3.957852 0.162514 -0.320000 0.2934 0.2934 0.3035
v -1.330000 0.720025 -0.463129 0.2934 0.2934 0.3035
v 1.384243 -0.146283 -0.420000 0.2934 0.2934 0.3035
v 1.406507 -0.167527 -0.420000 0.2934 0.2934 0.3035
v 1.625269 1.674731 -0.320000 0.2934 0.2934 0.3035
v 3.891164 0.190137 -0.320000 0.2934 0.2934 0.3035
v -3.700000 -1.930000 -0.830000 0.2934 0.2934 0.3035
v 1.426993 -0.173158 -0.420000 0.2934 0.2934 0.3035
v -1.330000 0.629325 -0.569325 0.2934 0.2934 0.3035
v -1.330000 2.809042 -0.079227 0.2934 0.2934 0.3035
v 1.444760 -0.174893 -0.420000 0.2934 0.2934 0.3035
v 3.829619 0.227852 -0.320000 0.2934 0.2934 0.3035
v 1.473751 -0.147733 -0.420000 0.2934 0.2934 0.3035
v 1.570381 1.627852 -0.320000 0.2934 0.2934 0.3035
v 1.458315 -0.163823 -0.420000 0.2934 0.2934 0.3035
v 3.774731 0.274731 -0.320000 0.2934 0.2934 0.3035
v -3.700000 2.809042 -0.079227 0.2934 0.2934 0.3035
v 1.508836 1.590137 -0.320000 0.2934 0.2934 0.3035
v 1.516422 -0.104047 -0.420000 0.2934 0.2934 0.3035
v -1.330000 0.523129 -0.660025 0.2934 0.2934 0.3035
v 3.727852 0.329619 -0.320000 0.2934 0.2934 0.3035
v 1.500907 -0.120346 -0.420000 0.2934 0.2934 0.3035
v -1.330000 0.404052 -0.732996 0.2934 0.2934 0.3035
v 3.690137 0.391164 -0.320000 0.2934 0.2934 0.3035
v -1.192487 -1.061780 -0.079227 0.2934 0.2934 0.3035
v 1.557735 -0.057286 -0.420000 0.2934 0.2934 0.3035
v 1.442148 1.562514 -0.320000 0.2934 0.2934 0.3035
v 1.541709 -0.075961 -0.420000 0.2934 0.2934 0.3035
v 3.662514 0.457852 -0.320000 0.2934 0.2934 0.3035
v -1.197588 -1.093981 -0.215025 0.2934 0.2934 0.3035
v 1.371960 1.545663 -0.320000 0.2934 0.2934 0.3035
v 1.596057 -0.008431 -0.420000 0.2934 0.2934 0.3035
v 1.581238 -0.027952 -0.420000 0.2934 0.2934 0.3035
v -3.700000 0.720025 -0.463129 0.2934 0.2934 0.3035
v 3.645663 0.528040 -0.320000 0.2934 0.2934 0.3035
v -1.330000 0.000000 -0.830000 0.2934 0.2934 0.3035
v 1.631726 0.042281 -0.420000 0.2934 0.2934 0.3035
v -1.205948 -1.146767 -0.344052 0.2934 0.2934 0.3035
v 3.640000 0.600000 -0.320000 0.2934 0.2934 0.3035
v 1.665696 0.094183 -0.420000 0.2934 0.2934 0.3035
v 1.300000 1.540000 -0.320000 0.2934 0.2934 0.3035
v 1.652072 0.073826 -0.420000 0.2934 0.2934 0.3035
v 3.645663 0.671960 -0.320000 0.2934 0.2934 0.3035
v -1.330000 2.776440 -0.215025 0.2934 0.2934 0.3035
v -1.217363 -1.218840 -0.463129 0.2934 0.2934 0.3035
v 1.698557 0.146861 -0.420000 0.2934 0.2934 0.3035
v 3.662514 0.742148 -0.320000 0.2934 0.2934 0.3035
v 1.685290 0.126254 -0.420000 0.2934 0.2934 0.3035
v 1.228040 1.545663 -0.320000 0.2934 0.2934 0.3035
v -3.700000 0.629325 -0.569325 0.2934 0.2934 0.3035
v 3.690137 0.808836 -0.320000 0.2934 0.2934 0.3035
v 1.669056 0.590969 -0.420000 0.2934 0.2934 0.3035
v -1.231552 -1.308423 -0.569325 0.2934 0.2934 0.3035
v 1.680433 0.613680 -0.420000 0.2934 0.2934 0.3035
v 1.157852 1.562514 -0.320000 0.2934 0.2934 0.3035
v -3.700000 0.523129 -0.660025 0.2934 0.2934 0.3035
v 3.727852 0.870381 -0.320000 0.2934 0.2934 0.3035
v 1.659050 0.573824 -0.420000 0.2934 0.2934 0.3035
v -1.248165 -1.413312 -0.660025 0.2934 0.2934 0.3035
v 3.774731 0.925269 -0.320000 0.2934 0.2934 0.3035
v 1.091164 1.590137 -0.320000 0.2934 0.2934 0.3035
v 1.692965 0.633929 -0.420000 0.2934 0.2934 0.3035
v 1.711434 0.668878 -0.420000 0.2934 0.2934 0.3035
v -1.266792 -1.530923 -0.732996 0.2934 0.2934 0.3035
v 3.829619 0.972148 -0.320000 0.2934 0.2934 0.3035
v 1.029619 1.627852 -0.320000 0.2934 0.2934 0.3035
v -3.700000 2.776440 -0.215025 0.2934 0.2934 0.3035
v 1.741714 0.722146 -0.420000 0.2934 0.2934 0.3035
v -3.562487 -1.061780 -0.079227 0.2934 0.2934 0.3035
v 3.891164 1.009863 -0.320000 0.2934 0.2934 0.3035
v 1.544609 0.330345 -0.420000 0.2934 0.2934 0.3035
v 0.974731 1.674731 -0.320000 0.2934 0.2934 0.3035
v -1.286977 -1.658361 -0.786440 0.2934 0.2934 0.3035
v 1.556731 0.351754 -0.420000 0.2934 0.2934 0.3035
v 3.957852 1.037486 -0.320000 0.2934 0.2934 0.3035
v 1.574809 0.384887 -0.420000 0.2934 0.2934 0.3035
v -1.308220 -1.792487 -0.819043 0.2934 0.2934 0.3035
v 4.028040 1.054337 -0.320000 0.2934 0.2934 0.3035
v 1.586883 0.406329 -0.420000 0.2934 0.2934 0.3035
v 0.927852 1.729619 -0.320000 0.2934 0.2934 0.3035
v -3.700000 0.404052 -0.732996 0.2934 0.2934 0.3035
v 1.603823 0.440259 -0.420000 0.2934 0.2934 0.3035
v -1.330000 2.650025 -0.463129 0.2934 0.2934 0.3035
v -3.567588 -1.093981 -0.215025 0.2934 0.2934 0.3035
v 1.615789 0.461777 -0.420000 0.2934 0.2934 0.3035
v 0.890137 1.791164 -0.320000 0.2934 0.2934 0.3035
v -3.700000 0.000000 -0.830000 0.2934 0.2934 0.3035
v 1.631399 0.496638 -0.420000 0.2934 0.2934 0.3035
v -3.575948 -1.146767 -0.344052 0.2934 0.2934 0.3035
v 0.862514 1.857852 -0.320000 0.2934 0.2934 0.3035
v -3.587363 -1.218840 -0.463129 0.2934 0.2934 0.3035
v 1.642059 0.519284 -0.420000 0.2934 0.2934 0.3035
v -3.700000 2.650025 -0.463129 0.2934 0.2934 0.3035
v 1.652909 0.544058 -0.420000 0.2934 0.2934 0.3035
v 0.845663 1.928040 -0.320000 0.2934 0.2934 0.3035
v -1.330000 2.559325 -0.569325 0.2934 0.2934 0.3035
v -3.601552 -1.308423 -0.569325 0.2934 0.2934 0.3035
v 1.660864 0.561073 -0.420000 0.2934 0.2934 0.3035
v 0.840000 2.000000 -0.320000 0.2934 0.2934 0.3035
v -1.330000 2.453129 -0.660025 0.2934 0.2934 0.3035
v 1.731526 0.199464 -0.420000 0.2934 0.2934 0.3035
v -3.618165 -1.413312 -0.660025 0.2934 0.2934 0.3035
v 0.845663 2.071960 -0.320000 0.2934 0.2934 0.3035
v 1.765266 0.251527 -0.420000 0.2934 0.2934 0.3035
v -3.636792 -1.530923 -0.732996 0.2934 0.2934 0.3035
v 1.799313 0.303375 -0.420000 0.2934 0.2934 0.3035
v -1.058361 -1.093981 -0.079227 0.2934 0.2934 0.3035
v 0.862514 2.142148 -0.320000 0.2934 0.2934 0.3035
v 1.832749 0.355651 -0.420000 0.2934 0.2934 0.3035
v -1.068436 -1.124987 -0.215025 0.2934 0.2934 0.3035
v 0.890137 2.208836 -0.320000 0.2934 0.2934 0.3035
v 1.864699 0.407342 -0.420000 0.2934 0.2934 0.3035
v -3.700000 2.559325 -0.569325 0.2934 0.2934 0.3035
v -3.656977 -1.658361 -0.786440 0.2934 0.2934 0.3035
v 0.927852 2.270381 -0.320000 0.2934 0.2934 0.3035
v 1.898621 0.460903 -0.420000 0.2934 0.2934 0.3035
v 1.885306 0.441070 -0.420000 0.2934 0.2934 0.3035
v -1.084951 -1.175816 -0.344052 0.2934 0.2934 0.3035
v -1.192487 0.868220 -0.079227 0.2934 0.2934 0.3035
v 0.974731 2.325269 -0.320000 0.2934 0.2934 0.3035
v -1.107500 -1.245215 -0.463129 0.2934 0.2934 0.3035
v 1.931798 0.513361 -0.420000 0.2934 0.2934 0.3035
v 1.917341 0.491061 -0.420000 0.2934 0.2934 0.3035
v -1.135528 -1.331476 -0.569325 0.2934 0.2934 0.3035
v 1.029619 2.372148 -0.320000 0.2934 0.2934 0.3035
v -1.330000 2.334052 -0.732996 0.2934 0.2934 0.3035
v 1.949382 0.541197 -0.420000 0.2934 0.2934 0.3035
v -3.678220 -1.792487 -0.819043 0.2934 0.2934 0.3035
v 1.091164 2.409863 -0.320000 0.2934 0.2934 0.3035
v 1.965358 0.565550 -0.420000 0.2934 0.2934 0.3035
v -1.168344 -1.432475 -0.660025 0.2934 0.2934 0.3035
v -1.197588 0.836019 -0.215025 0.2934 0.2934 0.3035
v 1.773060 0.775886 -0.420000 0.2934 0.2934 0.3035
v 1.157852 2.437486 -0.320000 0.2934 0.2934 0.3035
v -1.205141 -1.545724 -0.732996 0.2934 0.2934 0.3035
v -1.245013 -1.668436 -0.786440 0.2934 0.2934 0.3035
v 1.785613 0.796993 -0.420000 0.2934 0.2934 0.3035
v 1.228040 2.454337 -0.320000 0.2934 0.2934 0.3035
v 1.803726 0.830101 -0.420000 0.2934 0.2934 0.3035
v -3.700000 2.453129 -0.660025 0.2934 0.2934 0.3035
v -1.205948 0.783233 -0.344052 0.2934 0.2934 0.3035
v -1.286977 -1.797588 -0.819043 0.2934 0.2934 0.3035
v 1.816228 0.851244 -0.420000 0.2934 0.2934 0.3035
v -1.330000 1.930000 -0.830000 0.2934 0.2934 0.3035
v 1.833418 0.884999 -0.420000 0.2934 0.2934 0.3035
v -3.700000 2.334052 -0.732996 0.2934 0.2934 0.3035
v -1.217363 0.711160 -0.463129 0.2934 0.2934 0.3035
v 1.845865 0.906180 -0.420000 0.2934 0.2934 0.3035
v -1.231552 0.621577 -0.569325 0.2934 0.2934 0.3035
v -3.700000 1.930000 -0.830000 0.2934 0.2934 0.3035
v 1.862813 0.940104 -0.420000 0.2934 0.2934 0.3035
v -3.562487 2.798220 -0.079227 0.2934 0.2934 0.3035
v -1.248165 0.516688 -0.660025 0.2934 0.2934 0.3035
v 1.885170 0.984921 -0.420000 0.2934 0.2934 0.3035
v -3.567588 2.766019 -0.215025 0.2934 0.2934 0.3035
v -3.428361 -1.093981 -0.079227 0.2934 0.2934 0.3035
v 1.893715 1.001376 -0.420000 0.2934 0.2934 0.3035
v -1.266792 0.399077 -0.732996 0.2934 0.2934 0.3035
v -0.930923 -1.146767 -0.079227 0.2934 0.2934 0.3035
v 2.055244 0.729674 -0.420000 0.2934 0.2934 0.3035
v -3.438436 -1.124987 -0.215025 0.2934 0.2934 0.3035
v -3.454951 -1.175816 -0.344052 0.2934 0.2934 0.3035
v 2.027750 0.681371 -0.420000 0.2934 0.2934 0.3035
v -0.945724 -1.175816 -0.215025 0.2934 0.2934 0.3035
v -3.562487 0.868220 -0.079227 0.2934 0.2934 0.3035
v 2.087911 0.782489 -0.420000 0.2934 0.2934 0.3035
v -0.969987 -1.223435 -0.344052 0.2934 0.2934 0.3035
v 2.074624 0.761896 -0.420000 0.2934 0.2934 0.3035
v -1.286977 0.271639 -0.786440 0.2934 0.2934 0.3035
v -1.003115 -1.288453 -0.463129 0.2934 0.2934 0.3035
v -3.477500 -1.245215 -0.463129 0.2934 0.2934 0.3035
v 2.121903 0.834376 -0.420000 0.2934 0.2934 0.3035
v -1.044292 -1.369267 -0.569325 0.2934 0.2934 0.3035
v -1.308220 0.137513 -0.819043 0.2934 0.2934 0.3035
v 2.108262 0.814030 -0.420000 0.2934 0.2934 0.3035
v -1.092505 -1.463889 -0.660025 0.2934 0.2934 0.3035
v -3.505528 -1.331476 -0.569325 0.2934 0.2934 0.3035
v -1.146564 -1.569987 -0.732996 0.2934 0.2934 0.3035
v 2.158006 0.884784 -0.420000 0.2934 0.2934 0.3035
v -3.575948 2.713233 -0.344052 0.2934 0.2934 0.3035
v 2.197028 0.933148 -0.420000 0.2934 0.2934 0.3035
v -1.205141 -1.684951 -0.786440 0.2934 0.2934 0.3035
v -1.266792 -1.805948 -0.819043 0.2934 0.2934 0.3035
v 2.182070 0.913725 -0.420000 0.2934 0.2934 0.3035
v -3.538344 -1.432475 -0.660025 0.2934 0.2934 0.3035
v -3.587363 2.641160 -0.463129 0.2934 0.2934 0.3035
v 2.228888 0.964752 -0.420000 0.2934 0.2934 0.3035
v -3.575141 -1.545724 -0.732996 0.2934 0.2934 0.3035
v -3.567588 0.836019 -0.215025 0.2934 0.2934 0.3035
v 2.212170 0.949146 -0.420000 0.2934 0.2934 0.3035
v -3.615013 -1.668436 -0.786440 0.2934 0.2934 0.3035
v -3.656977 -1.797588 -0.819043 0.2934 0.2934 0.3035
v -3.575948 0.783233 -0.344052 0.2934 0.2934 0.3035
v 1.998651 0.617926 -0.420000 0.2934 0.2934 0.3035
v -3.601552 2.551577 -0.569325 0.2934 0.2934 0.3035
v 1.981026 0.590851 -0.420000 0.2934 0.2934 0.3035
v -3.587363 0.711160 -0.463129 0.2934 0.2934 0.3035
v -3.618165 2.446688 -0.660025 0.2934 0.2934 0.3035
v 2.020247 0.652231 -0.420000 0.2934 0.2934 0.3035
v -3.636792 2.329077 -0.732996 0.2934 0.2934 0.3035
v 2.007367 0.632368 -0.420000 0.2934 0.2934 0.3035
v -0.813312 -1.218840 -0.079227 0.2934 0.2934 0.3035
v -3.601552 0.621577 -0.569325 0.2934 0.2934 0.3035
v -0.832475 -1.245215 -0.215025 0.2934 0.2934 0.3035
v 2.018832 0.665844 -0.420000 0.2934 0.2934 0.3035
v -3.618165 0.516688 -0.660025 0.2934 0.2934 0.3035
v -3.656977 2.201639 -0.786440 0.2934 0.2934 0.3035
v 2.243633 0.969695 -0.420000 0.2934 0.2934 0.3035
v -0.863889 -1.288453 -0.344052 0.2934 0.2934 0.3035
v -3.636792 0.399077 -0.732996 0.2934 0.2934 0.3035
v -0.906780 -1.347487 -0.463129 0.2934 0.2934 0.3035
v 2.255329 0.979603 -0.420000 0.2934 0.2934 0.3035
v -1.058361 0.836019 -0.079227 0.2934 0.2934 0.3035
v -0.960092 -1.420865 -0.569325 0.2934 0.2934 0.3035
v 2.182976 1.400709 -0.420000 0.2934 0.2934 0.3035
v -1.068436 0.805013 -0.215025 0.2934 0.2934 0.3035
v 2.162601 1.393601 -0.420000 0.2934 0.2934 0.3035
v -1.022513 -1.506780 -0.660025 0.2934 0.2934 0.3035
v -1.092505 -1.603115 -0.732996 0.2934 0.2934 0.3035
v -3.678220 2.067513 -0.819043 0.2934 0.2934 0.3035
v 2.203542 1.416846 -0.420000 0.2934 0.2934 0.3035
v 2.233216 1.438639 -0.420000 0.2934 0.2934 0.3035
v -3.300923 -1.146767 -0.079227 0.2934 0.2934 0.3035
v -1.168344 -1.707500 -0.786440 0.2934 0.2934 0.3035
v -1.084951 0.754184 -0.344052 0.2934 0.2934 0.3035
v 2.255882 1.459089 -0.420000 0.2934 0.2934 0.3035
v -1.248165 -1.817363 -0.819043 0.2934 0.2934 0.3035
v 2.282402 1.478873 -0.420000 0.2934 0.2934 0.3035
v -3.315724 -1.175816 -0.215025 0.2934 0.2934 0.3035
v -3.339988 -1.223435 -0.344052 0.2934 0.2934 0.3035
v -1.192487 2.798220 -0.079227 0.2934 0.2934 0.3035
v 2.300797 1.496018 -0.420000 0.2934 0.2934 0.3035
v -3.373116 -1.288453 -0.463129 0.2934 0.2934 0.3035
v -3.656977 0.271639 -0.786440 0.2934 0.2934 0.3035
v 2.311447 1.504138 -0.420000 0.2934 0.2934 0.3035
v -3.414292 -1.369267 -0.569325 0.2934 0.2934 0.3035
v -1.107500 0.684785 -0.463129 0.2934 0.2934 0.3035
v 2.339194 1.519131 -0.420000 0.2934 0.2934 0.3035
v -3.462504 -1.463889 -0.660025 0.2934 0.2934 0.3035
v 2.319316 1.510969 -0.420000 0.2934 0.2934 0.3035
v -1.135528 0.598524 -0.569325 0.2934 0.2934 0.3035
v -3.516564 -1.569987 -0.732996 0.2934 0.2934 0.3035
v -3.678220 0.137513 -0.819043 0.2934 0.2934 0.3035
v 2.301971 1.011422 -0.420000 0.2934 0.2934 0.3035
v -0.708423 -1.308423 -0.079227 0.2934 0.2934 0.3035
v -1.168344 0.497525 -0.660025 0.2934 0.2934 0.3035
v 2.280765 0.995059 -0.420000 0.2934 0.2934 0.3035
v -0.731476 -1.331476 -0.215025 0.2934 0.2934 0.3035
v -3.575141 -1.684951 -0.786440 0.2934 0.2934 0.3035
v -0.769267 -1.369267 -0.344052 0.2934 0.2934 0.3035
v 2.347445 1.029597 -0.420000 0.2934 0.2934 0.3035
v -3.428361 2.766019 -0.079227 0.2934 0.2934 0.3035
v 2.328028 1.022051 -0.420000 0.2934 0.2934 0.3035
v -0.820865 -1.420865 -0.463129 0.2934 0.2934 0.3035
v -0.885000 -1.485000 -0.569325 0.2934 0.2934 0.3035
v -3.636792 -1.805948 -0.819043 0.2934 0.2934 0.3035
v 2.391057 1.036903 -0.420000 0.2934 0.2934 0.3035
v -0.960092 -1.560092 -0.660025 0.2934 0.2934 0.3035
v -1.197588 2.766019 -0.215025 0.2934 0.2934 0.3035
v 2.436148 1.045564 -0.420000 0.2934 0.2934 0.3035
v -1.044292 -1.644292 -0.732996 0.2934 0.2934 0.3035
v 2.416290 1.040242 -0.420000 0.2934 0.2934 0.3035
v -1.205141 0.384276 -0.732996 0.2934 0.2934 0.3035
v -3.438436 2.735013 -0.215025 0.2934 0.2934 0.3035
v -1.135528 -1.735528 -0.786440 0.2934 0.2934 0.3035
v 2.455204 1.042244 -0.420000 0.2934 0.2934 0.3035
v -1.245013 0.261564 -0.786440 0.2934 0.2934 0.3035
v -1.231552 -1.831552 -0.819043 0.2934 0.2934 0.3035
v 2.480783 1.040972 -0.420000 0.2934 0.2934 0.3035
v -1.286977 0.132412 -0.819043 0.2934 0.2934 0.3035
v -1.205948 2.713233 -0.344052 0.2934 0.2934 0.3035
v 2.776505 2.391374 -0.420000 0.2934 0.2934 0.3035
v -3.454951 2.684184 -0.344052 0.2934 0.2934 0.3035
v 2.783770 2.415946 -0.420000 0.2934 0.2934 0.3035
v -1.217363 2.641160 -0.463129 0.2934 0.2934 0.3035
v -3.477500 2.614784 -0.463129 0.2934 0.2934 0.3035
v -3.505528 2.528524 -0.569325 0.2934 0.2934 0.3035
v 2.769683 2.377531 -0.420000 0.2934 0.2934 0.3035
v -3.183312 -1.218840 -0.079227 0.2934 0.2934 0.3035
v 2.749599 2.252119 -0.420000 0.2934 0.2934 0.3035
v -1.231552 2.551577 -0.569325 0.2934 0.2934 0.3035
v -1.248165 2.446688 -0.660025 0.2934 0.2934 0.3035
v 2.755591 2.282990 -0.420000 0.2934 0.2934 0.3035
v -3.202475 -1.245215 -0.215025 0.2934 0.2934 0.3035
v -0.618840 -1.413312 -0.079227 0.2934 0.2934 0.3035
v -3.538344 2.427525 -0.660025 0.2934 0.2934 0.3035
v 2.744004 2.238302 -0.420000 0.2934 0.2934 0.3035
v -3.233889 -1.288453 -0.344052 0.2934 0.2934 0.3035
v 2.763259 2.308647 -0.420000 0.2934 0.2934 0.3035
v -0.645215 -1.432475 -0.215025 0.2934 0.2934 0.3035
v -0.688453 -1.463889 -0.344052 0.2934 0.2934 0.3035
v 2.769881 2.342981 -0.420000 0.2934 0.2934 0.3035
v -1.266792 2.329077 -0.732996 0.2934 0.2934 0.3035
v -3.276780 -1.347487 -0.463129 0.2934 0.2934 0.3035
v 2.773513 2.363314 -0.420000 0.2934 0.2934 0.3035
v -0.747487 -1.506780 -0.463129 0.2934 0.2934 0.3035
v -3.330092 -1.420865 -0.569325 0.2934 0.2934 0.3035
v 2.862880 2.623264 -0.420000 0.2934 0.2934 0.3035
v -0.820865 -1.560092 -0.569325 0.2934 0.2934 0.3035
v -0.906780 -1.622513 -0.660025 0.2934 0.2934 0.3035
v 2.876819 2.652106 -0.420000 0.2934 0.2934 0.3035
v -3.428361 0.836019 -0.079227 0.2934 0.2934 0.3035
v -1.003115 -1.692504 -0.732996 0.2934 0.2934 0.3035
v 2.852877 2.605727 -0.420000 0.2934 0.2934 0.3035
v -3.392513 -1.506780 -0.660025 0.2934 0.2934 0.3035
v -3.575141 2.314276 -0.732996 0.2934 0.2934 0.3035
v -1.107500 -1.768344 -0.786440 0.2934 0.2934 0.3035
v 2.887940 2.670032 -0.420000 0.2934 0.2934 0.3035
v -3.462504 -1.603115 -0.732996 0.2934 0.2934 0.3035
v 2.906922 2.705134 -0.420000 0.2934 0.2934 0.3035
v -1.217363 -1.848165 -0.819043 0.2934 0.2934 0.3035
v -0.930923 0.783233 -0.079227 0.2934 0.2934 0.3035
v 2.940753 2.758715 -0.420000 0.2934 0.2934 0.3035
v -3.438436 0.805013 -0.215025 0.2934 0.2934 0.3035
v -3.538344 -1.707500 -0.786440 0.2934 0.2934 0.3035
v 2.977491 2.808680 -0.420000 0.2934 0.2934 0.3035
v -3.618165 -1.817363 -0.819043 0.2934 0.2934 0.3035
v -0.945724 0.754184 -0.215025 0.2934 0.2934 0.3035
v 2.991462 2.825301 -0.420000 0.2934 0.2934 0.3035
v -3.454951 0.754184 -0.344052 0.2934 0.2934 0.3035
v 3.016889 2.854474 -0.420000 0.2934 0.2934 0.3035
v -1.286977 2.201639 -0.786440 0.2934 0.2934 0.3035
v -0.969987 0.706565 -0.344052 0.2934 0.2934 0.3035
v -1.003115 0.641547 -0.463129 0.2934 0.2934 0.3035
v -3.477500 0.684785 -0.463129 0.2934 0.2934 0.3035
v 2.792987 2.437951 -0.420000 0.2934 0.2934 0.3035
v 2.805845 2.474739 -0.420000 0.2934 0.2934 0.3035
v -3.615013 2.191564 -0.786440 0.2934 0.2934 0.3035
v -0.546767 -1.530923 -0.079227 0.2934 0.2934 0.3035
v -0.575816 -1.545724 -0.215025 0.2934 0.2934 0.3035
v -1.044292 0.560733 -0.569325 0.2934 0.2934 0.3035
v 2.817237 2.496659 -0.420000 0.2934 0.2934 0.3035
v 2.830698 2.533025 -0.420000 0.2934 0.2934 0.3035
v -0.623435 -1.569987 -0.344052 0.2934 0.2934 0.3035
v -1.092505 0.466111 -0.660025 0.2934 0.2934 0.3035
v -0.688453 -1.603115 -0.463129 0.2934 0.2934 0.3035
v 2.842310 2.552622 -0.420000 0.2934 0.2934 0.3035
v -1.308220 2.067513 -0.819043 0.2934 0.2934 0.3035
v 2.850576 2.575426 -0.420000 0.2934 0.2934 0.3035
v -3.505528 0.598524 -0.569325 0.2934 0.2934 0.3035
v -0.769267 -1.644292 -0.569325 0.2934 0.2934 0.3035
v -0.863889 -1.692504 -0.660025 0.2934 0.2934 0.3035
v -1.146564 0.360013 -0.732996 0.2934 0.2934 0.3035
v 2.858916 2.593864 -0.420000 0.2934 0.2934 0.3035
v -0.969987 -1.746564 -0.732996 0.2934 0.2934 0.3035
v -3.078423 -1.308423 -0.079227 0.2934 0.2934 0.3035
v 3.033956 2.873891 -0.420000 0.2934 0.2934 0.3035
v -1.084951 -1.805141 -0.786440 0.2934 0.2934 0.3035
v 3.051333 2.890539 -0.420000 0.2934 0.2934 0.3035
v -3.656977 2.062412 -0.819043 0.2934 0.2934 0.3035
v -3.101476 -1.331476 -0.215025 0.2934 0.2934 0.3035
v 3.079790 2.904401 -0.420000 0.2934 0.2934 0.3035
v -1.205948 -1.866792 -0.819043 0.2934 0.2934 0.3035
v 3.063097 2.899821 -0.420000 0.2934 0.2934 0.3035
v -3.139267 -1.369267 -0.344052 0.2934 0.2934 0.3035
v -1.205141 0.245049 -0.786440 0.2934 0.2934 0.3035
v -3.190865 -1.420865 -0.463129 0.2934 0.2934 0.3035
v 3.098426 2.920034 -0.420000 0.2934 0.2934 0.3035
v -3.538344 0.497525 -0.660025 0.2934 0.2934 0.3035
v 3.121359 2.935006 -0.420000 0.2934 0.2934 0.3035
v -3.255000 -1.485000 -0.569325 0.2934 0.2934 0.3035
v -1.266792 0.124052 -0.819043 0.2934 0.2934 0.3035
v -3.330092 -1.560092 -0.660025 0.2934 0.2934 0.3035
v 3.136955 2.946057 -0.420000 0.2934 0.2934 0.3035
v -3.300923 2.713233 -0.079227 0.2934 0.2934 0.3035
v 3.169910 2.964468 -0.420000 0.2934 0.2934 0.3035
v -3.414292 -1.644292 -0.732996 0.2934 0.2934 0.3035
v -3.575141 0.384276 -0.732996 0.2934 0.2934 0.3035
v -3.615013 0.261564 -0.786440 0.2934 0.2934 0.3035
v 3.203959 2.978471 -0.420000 0.2934 0.2934 0.3035
v -0.493981 -1.658361 -0.079227 0.2934 0.2934 0.3035
v 3.189572 2.973596 -0.420000 0.2934 0.2934 0.3035
v -0.524987 -1.668435 -0.215025 0.2934 0.2934 0.3035
v -3.505528 -1.735528 -0.786440 0.2934 0.2934 0.3035
v -3.315724 2.684184 -0.215025 0.2934 0.2934 0.3035
v -0.575816 -1.684951 -0.344052 0.2934 0.2934 0.3035
v 3.250838 2.994322 -0.420000 0.2934 0.2934 0.3035
v -0.645215 -1.707500 -0.463129 0.2934 0.2934 0.3035
v 3.272213 3.006047 -0.420000 0.2934 0.2934 0.3035
v -3.601552 -1.831552 -0.819043 0.2934 0.2934 0.3035
v 3.288888 3.011334 -0.420000 0.2934 0.2934 0.3035
v -0.731476 -1.735528 -0.569325 0.2934 0.2934 0.3035
v -3.656977 0.132412 -0.819043 0.2934 0.2934 0.3035
v -3.339988 2.636564 -0.344052 0.2934 0.2934 0.3035
v 2.380702 1.561419 -0.420000 0.2934 0.2934 0.3035
v -0.832475 -1.768344 -0.660025 0.2934 0.2934 0.3035
v -3.373116 2.571547 -0.463129 0.2934 0.2934 0.3035
v 2.395425 1.581006 -0.420000 0.2934 0.2934 0.3035
v -0.945724 -1.805141 -0.732996 0.2934 0.2934 0.3035
v -3.414292 2.490733 -0.569325 0.2934 0.2934 0.3035
v 2.418862 1.610387 -0.420000 0.2934 0.2934 0.3035
v -1.068436 -1.845013 -0.786440 0.2934 0.2934 0.3035
v -3.462504 2.396111 -0.660025 0.2934 0.2934 0.3035
v -1.197588 -1.886977 -0.819043 0.2934 0.2934 0.3035
v 2.453356 1.661922 -0.420000 0.2934 0.2934 0.3035
v -3.516564 2.290013 -0.732996 0.2934 0.2934 0.3035
v 2.466751 1.682439 -0.420000 0.2934 0.2934 0.3035
v -3.575141 2.175049 -0.786440 0.2934 0.2934 0.3035
v 2.486370 1.714493 -0.420000 0.2934 0.2934 0.3035
v -0.813312 0.711160 -0.079227 0.2934 0.2934 0.3035
v -0.832475 0.684785 -0.215025 0.2934 0.2934 0.3035
v -3.636792 2.054052 -0.819043 0.2934 0.2934 0.3035
v 2.521327 1.765704 -0.420000 0.2934 0.2934 0.3035
v -2.988840 -1.413312 -0.079227 0.2934 0.2934 0.3035
v -3.183312 2.641160 -0.079227 0.2934 0.2934 0.3035
v -3.015215 -1.432475 -0.215025 0.2934 0.2934 0.3035
v 2.535982 1.785340 -0.420000 0.2934 0.2934 0.3035
v -0.863889 0.641547 -0.344052 0.2934 0.2934 0.3035
v 2.559274 1.814822 -0.420000 0.2934 0.2934 0.3035
v -3.058453 -1.463889 -0.344052 0.2934 0.2934 0.3035
v -3.202475 2.614785 -0.215025 0.2934 0.2934 0.3035
v -0.461780 -1.792488 -0.079227 0.2934 0.2934 0.3035
v 2.574317 1.834185 -0.420000 0.2934 0.2934 0.3035
v 2.598682 1.862916 -0.420000 0.2934 0.2934 0.3035
v -0.906780 0.582513 -0.463129 0.2934 0.2934 0.3035
v -0.493981 -1.797588 -0.215025 0.2934 0.2934 0.3035
v -0.546767 -1.805948 -0.344052 0.2934 0.2934 0.3035
v 2.613755 1.882258 -0.420000 0.2934 0.2934 0.3035
v -3.117487 -1.506780 -0.463129 0.2934 0.2934 0.3035
v 2.638103 1.911001 -0.420000 0.2934 0.2934 0.3035
v -3.190865 -1.560092 -0.569325 0.2934 0.2934 0.3035
v -0.618840 -1.817363 -0.463129 0.2934 0.2934 0.3035
v -1.058361 2.766019 -0.079227 0.2934 0.2934 0.3035
v -0.708423 -1.831552 -0.569325 0.2934 0.2934 0.3035
v 2.725472 2.111340 -0.420000 0.2934 0.2934 0.3035
v 2.733181 2.146116 -0.420000 0.2934 0.2934 0.3035
v -0.813312 -1.848165 -0.660025 0.2934 0.2934 0.3035
v -3.276780 -1.622513 -0.660025 0.2934 0.2934 0.3035
v -0.930923 -1.866792 -0.732996 0.2934 0.2934 0.3035
v -0.960092 0.509135 -0.569325 0.2934 0.2934 0.3035
v 2.719819 2.097311 -0.420000 0.2934 0.2934 0.3035
v -3.373116 -1.692504 -0.732996 0.2934 0.2934 0.3035
v 2.738579 2.171593 -0.420000 0.2934 0.2934 0.3035
v -1.058361 -1.886977 -0.786440 0.2934 0.2934 0.3035
v -1.192487 -1.908220 -0.819043 0.2934 0.2934 0.3035
v 2.744063 2.204164 -0.420000 0.2934 0.2934 0.3035
v -3.233889 2.571547 -0.344052 0.2934 0.2934 0.3035
v -3.477500 -1.768344 -0.786440 0.2934 0.2934 0.3035
v 2.746511 2.226275 -0.420000 0.2934 0.2934 0.3035
v -1.022513 0.423220 -0.660025 0.2934 0.2934 0.3035
v -3.300923 0.783233 -0.079227 0.2934 0.2934 0.3035
v -3.587363 -1.848165 -0.819043 0.2934 0.2934 0.3035
v 2.674834 1.960969 -0.420000 0.2934 0.2934 0.3035
v -1.092505 0.326885 -0.732996 0.2934 0.2934 0.3035
v -1.168344 0.222500 -0.786440 0.2934 0.2934 0.3035
v 2.687017 1.982336 -0.420000 0.2934 0.2934 0.3035
v -1.068436 2.735013 -0.215025 0.2934 0.2934 0.3035
v 2.703407 2.016651 -0.420000 0.2934 0.2934 0.3035
v -3.276780 2.512512 -0.463129 0.2934 0.2934 0.3035
v -1.248165 0.112637 -0.819043 0.2934 0.2934 0.3035
v -3.315724 0.754184 -0.215025 0.2934 0.2934 0.3035
v 2.717221 2.065547 -0.420000 0.2934 0.2934 0.3035
v -3.339988 0.706565 -0.344052 0.2934 0.2934 0.3035
v -0.450957 -1.930000 -0.079227 0.2934 0.2934 0.3035
v 2.721508 2.086611 -0.420000 0.2934 0.2934 0.3035
v -1.084951 2.684184 -0.344052 0.2934 0.2934 0.3035
v -0.483559 -1.930000 -0.215025 0.2934 0.2934 0.3035
v 3.332482 3.013612 -0.420000 0.2934 0.2934 0.3035
v 3.305461 3.014527 -0.420000 0.2934 0.2934 0.3035
v -3.373116 0.641547 -0.463129 0.2934 0.2934 0.3035
v -0.537004 -1.930000 -0.344052 0.2934 0.2934 0.3035
v -0.609975 -1.930000 -0.463129 0.2934 0.2934 0.3035
v -3.330092 2.439135 -0.569325 0.2934 0.2934 0.3035
v 3.357150 3.023966 -0.420000 0.2934 0.2934 0.3035
v 3.374620 3.027060 -0.420000 0.2934 0.2934 0.3035
v -1.107500 2.614784 -0.463129 0.2934 0.2934 0.3035
v -0.700675 -1.930000 -0.569325 0.2934 0.2934 0.3035
v -0.806871 -1.930000 -0.660025 0.2934 0.2934 0.3035
v 3.416298 3.025588 -0.420000 0.2934 0.2934 0.3035
v -2.916767 -1.530923 -0.079227 0.2934 0.2934 0.3035
v 3.393354 3.028453 -0.420000 0.2934 0.2934 0.3035
v -3.414292 0.560733 -0.569325 0.2934 0.2934 0.3035
v -0.925948 -1.930000 -0.732996 0.2934 0.2934 0.3035
v -2.945816 -1.545724 -0.215025 0.2934 0.2934 0.3035
v -1.054975 -1.930000 -0.786440 0.2934 0.2934 0.3035
v 3.463475 3.023022 -0.420000 0.2934 0.2934 0.3035
v -2.993435 -1.569987 -0.344052 0.2934 0.2934 0.3035
v 3.439650 3.026885 -0.420000 0.2934 0.2934 0.3035
v -1.190773 -1.930000 -0.819043 0.2934 0.2934 0.3035
v -3.462504 0.466111 -0.660025 0.2934 0.2934 0.3035
v 3.483002 3.027715 -0.420000 0.2934 0.2934 0.3035
v -3.392513 2.353220 -0.660025 0.2934 0.2934 0.3035
v 3.500733 3.025579 -0.420000 0.2934 0.2934 0.3035
v -3.058453 -1.603115 -0.463129 0.2934 0.2934 0.3035
v -3.516564 0.360013 -0.732996 0.2934 0.2934 0.3035
v -3.139267 -1.644292 -0.569325 0.2934 0.2934 0.3035
v -0.708423 0.621577 -0.079227 0.2934 0.2934 0.3035
v 3.558625 3.012665 -0.420000 0.2934 0.2934 0.3035
v -3.233889 -1.692504 -0.660025 0.2934 0.2934 0.3035
v 3.533943 3.020392 -0.420000 0.2934 0.2934 0.3035
v -1.135528 2.528524 -0.569325 0.2934 0.2934 0.3035
v -3.339988 -1.746564 -0.732996 0.2934 0.2934 0.3035
v -0.731476 0.598524 -0.215025 0.2934 0.2934 0.3035
v 3.603323 3.001121 -0.420000 0.2934 0.2934 0.3035
v 3.581221 3.008486 -0.420000 0.2934 0.2934 0.3035
v -3.454951 -1.805141 -0.786440 0.2934 0.2934 0.3035
v -0.461780 -2.067513 -0.079227 0.2934 0.2934 0.3035
v -0.493981 -2.062413 -0.215025 0.2934 0.2934 0.3035
v 3.619498 3.004979 -0.420000 0.2934 0.2934 0.3035
v -3.575948 -1.866792 -0.819043 0.2934 0.2934 0.3035
v 3.636115 3.000540 -0.420000 0.2934 0.2934 0.3035
v -3.575141 0.245049 -0.786440 0.2934 0.2934 0.3035
v -0.546767 -2.054052 -0.344052 0.2934 0.2934 0.3035
v -0.618840 -2.042637 -0.463129 0.2934 0.2934 0.3035
v 3.686017 2.981209 -0.420000 0.2934 0.2934 0.3035
v -3.462504 2.256885 -0.732996 0.2934 0.2934 0.3035
v -0.708423 -2.028448 -0.569325 0.2934 0.2934 0.3035
v 3.665651 2.990148 -0.420000 0.2934 0.2934 0.3035
v -0.769267 0.560733 -0.344052 0.2934 0.2934 0.3035
v -0.813312 -2.011835 -0.660025 0.2934 0.2934 0.3035
v 3.744213 2.952256 -0.420000 0.2934 0.2934 0.3035
v -0.820865 0.509135 -0.463129 0.2934 0.2934 0.3035
v -0.930923 -1.993208 -0.732996 0.2934 0.2934 0.3035
v 3.722905 2.964790 -0.420000 0.2934 0.2934 0.3035
v -3.636792 0.124052 -0.819043 0.2934 0.2934 0.3035
v -0.885000 0.445000 -0.569325 0.2934 0.2934 0.3035
v -1.058361 -1.973023 -0.786440 0.2934 0.2934 0.3035
v 3.797935 2.922060 -0.420000 0.2934 0.2934 0.3035
v 3.779290 2.933313 -0.420000 0.2934 0.2934 0.3035
v -1.168344 2.427525 -0.660025 0.2934 0.2934 0.3035
v -1.192487 -1.951780 -0.819043 0.2934 0.2934 0.3035
v -0.960092 0.369908 -0.660025 0.2934 0.2934 0.3035
v -3.538344 2.152500 -0.786440 0.2934 0.2934 0.3035
v 1.750884 -0.370645 -0.420000 0.2934 0.2934 0.3035
v 1.758976 -0.347452 -0.420000 0.2934 0.2934 0.3035
v -1.044292 0.285708 -0.732996 0.2934 0.2934 0.3035
v -1.205141 2.314276 -0.732996 0.2934 0.2934 0.3035
v -1.135528 0.194472 -0.786440 0.2934 0.2934 0.3035
v 1.743371 -0.383983 -0.420000 0.2934 0.2934 0.3035
v -2.863981 -1.658361 -0.079227 0.2934 0.2934 0.3035
v -3.618165 2.042637 -0.819043 0.2934 0.2934 0.3035
v -2.894987 -1.668435 -0.215025 0.2934 0.2934 0.3035
v 1.769204 -0.326837 -0.420000 0.2934 0.2934 0.3035
v -1.231552 0.098448 -0.819043 0.2934 0.2934 0.3035
v 1.785433 -0.292410 -0.420000 0.2934 0.2934 0.3035
v -2.945816 -1.684951 -0.344052 0.2934 0.2934 0.3035
v -0.493981 -2.201639 -0.079227 0.2934 0.2934 0.3035
v 1.797501 -0.270963 -0.420000 0.2934 0.2934 0.3035
v -3.015215 -1.707500 -0.463129 0.2934 0.2934 0.3035
v -1.245013 2.191564 -0.786440 0.2934 0.2934 0.3035
v 1.815244 -0.237596 -0.420000 0.2934 0.2934 0.3035
v -0.524987 -2.191565 -0.215025 0.2934 0.2934 0.3035
v -0.575816 -2.175049 -0.344052 0.2934 0.2934 0.3035
v -3.101476 -1.735528 -0.569325 0.2934 0.2934 0.3035
v 1.828519 -0.216995 -0.420000 0.2934 0.2934 0.3035
v -3.078423 2.551577 -0.079227 0.2934 0.2934 0.3035
v 1.848048 -0.184877 -0.420000 0.2934 0.2934 0.3035
v -0.645215 -2.152500 -0.463129 0.2934 0.2934 0.3035
v -0.731476 -2.124472 -0.569325 0.2934 0.2934 0.3035
v -3.202475 -1.768344 -0.660025 0.2934 0.2934 0.3035
v 1.883502 -0.134015 -0.420000 0.2934 0.2934 0.3035
v -0.832475 -2.091656 -0.660025 0.2934 0.2934 0.3035
v -1.286977 2.062412 -0.819043 0.2934 0.2934 0.3035
v 1.897971 -0.114249 -0.420000 0.2934 0.2934 0.3035
v 1.920655 -0.084341 -0.420000 0.2934 0.2934 0.3035
v -0.945724 -2.054859 -0.732996 0.2934 0.2934 0.3035
v -3.315724 -1.805141 -0.732996 0.2934 0.2934 0.3035
v -3.101476 2.528524 -0.215025 0.2934 0.2934 0.3035
v -1.068436 -2.014987 -0.786440 0.2934 0.2934 0.3035
v 1.935482 -0.064826 -0.420000 0.2934 0.2934 0.3035
v 1.958918 -0.035445 -0.420000 0.2934 0.2934 0.3035
v -3.438436 -1.845013 -0.786440 0.2934 0.2934 0.3035
v -1.197588 -1.973023 -0.819043 0.2934 0.2934 0.3035
v -3.139267 2.490733 -0.344052 0.2934 0.2934 0.3035
v -3.190865 2.439135 -0.463129 0.2934 0.2934 0.3035
v 1.752556 -0.394808 -0.420000 0.2934 0.2934 0.3035
v -3.567588 -1.886977 -0.819043 0.2934 0.2934 0.3035
v 1.763372 -0.417408 -0.420000 0.2934 0.2934 0.3035
v -3.255000 2.375000 -0.569325 0.2934 0.2934 0.3035
v -3.330092 2.299908 -0.660025 0.2934 0.2934 0.3035
v -3.183312 0.711160 -0.079227 0.2934 0.2934 0.3035
v 1.776750 -0.426401 -0.420000 0.2934 0.2934 0.3035
v -3.414292 2.215708 -0.732996 0.2934 0.2934 0.3035
v 1.803966 -0.439877 -0.420000 0.2934 0.2934 0.3035
v -3.202475 0.684785 -0.215025 0.2934 0.2934 0.3035
v -3.505528 2.124472 -0.786440 0.2934 0.2934 0.3035
v 1.852644 -0.421117 -0.420000 0.2934 0.2934 0.3035
v -0.618840 0.516688 -0.079227 0.2934 0.2934 0.3035
v 1.833736 -0.430059 -0.420000 0.2934 0.2934 0.3035
v -0.546767 -2.329077 -0.079227 0.2934 0.2934 0.3035
v -3.233889 0.641547 -0.344052 0.2934 0.2934 0.3035
v -0.645215 0.497525 -0.215025 0.2934 0.2934 0.3035
v -0.575816 -2.314276 -0.215025 0.2934 0.2934 0.3035
v 1.872293 -0.416322 -0.420000 0.2934 0.2934 0.3035
v -0.688453 0.466111 -0.344052 0.2934 0.2934 0.3035
v -0.623435 -2.290013 -0.344052 0.2934 0.2934 0.3035
v 1.885397 -0.409657 -0.420000 0.2934 0.2934 0.3035
v -0.688453 -2.256885 -0.463129 0.2934 0.2934 0.3035
v 1.917100 -0.383414 -0.420000 0.2934 0.2934 0.3035
v -3.601552 2.028448 -0.819043 0.2934 0.2934 0.3035
v 1.899902 -0.399088 -0.420000 0.2934 0.2934 0.3035
v -0.769267 -2.215708 -0.569325 0.2934 0.2934 0.3035
v -2.831780 -1.792488 -0.079227 0.2934 0.2934 0.3035
v -0.863889 -2.167496 -0.660025 0.2934 0.2934 0.3035
v -2.863981 -1.797588 -0.215025 0.2934 0.2934 0.3035
v 1.964521 -0.342121 -0.420000 0.2934 0.2934 0.3035
v -3.276780 0.582513 -0.463129 0.2934 0.2934 0.3035
v 1.947007 -0.358338 -0.420000 0.2934 0.2934 0.3035
v -0.969987 -2.113436 -0.732996 0.2934 0.2934 0.3035
v -1.084951 -2.054859 -0.786440 0.2934 0.2934 0.3035
v 2.009459 -0.297898 -0.420000 0.2934 0.2934 0.3035
v -0.747487 0.423220 -0.463129 0.2934 0.2934 0.3035
v -1.205948 -1.993208 -0.819043 0.2934 0.2934 0.3035
v 1.992798 -0.316129 -0.420000 0.2934 0.2934 0.3035
v -2.916767 -1.805948 -0.344052 0.2934 0.2934 0.3035
v -0.820865 0.369908 -0.569325 0.2934 0.2934 0.3035
v -2.988840 -1.817363 -0.463129 0.2934 0.2934 0.3035
v 2.049470 -0.258874 -0.420000 0.2934 0.2934 0.3035
v -3.078423 -1.831552 -0.569325 0.2934 0.2934 0.3035
v 2.031595 -0.277069 -0.420000 0.2934 0.2934 0.3035
v -2.988840 2.446688 -0.079227 0.2934 0.2934 0.3035
v -3.183312 -1.848165 -0.660025 0.2934 0.2934 0.3035
v 2.068138 -0.250400 -0.420000 0.2934 0.2934 0.3035
v -3.330092 0.509135 -0.569325 0.2934 0.2934 0.3035
v -3.300923 -1.866792 -0.732996 0.2934 0.2934 0.3035
v 2.075617 -0.242876 -0.420000 0.2934 0.2934 0.3035
v -0.906780 0.307487 -0.660025 0.2934 0.2934 0.3035
v -1.003115 0.237496 -0.732996 0.2934 0.2934 0.3035
v 2.102758 -0.211852 -0.420000 0.2934 0.2934 0.3035
v -3.428361 -1.886977 -0.786440 0.2934 0.2934 0.3035
v -0.618840 -2.446688 -0.079227 0.2934 0.2934 0.3035
v 2.085769 -0.231950 -0.420000 0.2934 0.2934 0.3035
v -3.015215 2.427525 -0.215025 0.2934 0.2934 0.3035
v -0.645215 -2.427525 -0.215025 0.2934 0.2934 0.3035
v -3.562487 -1.908220 -0.819043 0.2934 0.2934 0.3035
v 2.144573 -0.162702 -0.420000 0.2934 0.2934 0.3035
v -0.688453 -2.396111 -0.344052 0.2934 0.2934 0.3035
v 2.122957 -0.189376 -0.420000 0.2934 0.2934 0.3035
v -1.107500 0.161656 -0.786440 0.2934 0.2934 0.3035
v -3.392513 0.423220 -0.660025 0.2934 0.2934 0.3035
v 1.997072 0.013527 -0.420000 0.2934 0.2934 0.3035
v -0.747487 -2.353220 -0.463129 0.2934 0.2934 0.3035
v -0.820865 -2.299908 -0.569325 0.2934 0.2934 0.3035
v -1.217363 0.081835 -0.819043 0.2934 0.2934 0.3035
v 2.034456 0.063038 -0.420000 0.2934 0.2934 0.3035
v -0.930923 2.713233 -0.079227 0.2934 0.2934 0.3035
v -0.906780 -2.237488 -0.660025 0.2934 0.2934 0.3035
v 2.071532 0.112765 -0.420000 0.2934 0.2934 0.3035
v -3.462504 0.326885 -0.732996 0.2934 0.2934 0.3035
v -1.003115 -2.167495 -0.732996 0.2934 0.2934 0.3035
v 2.109219 0.162065 -0.420000 0.2934 0.2934 0.3035
v -3.538344 0.222500 -0.786440 0.2934 0.2934 0.3035
v 2.146866 0.209767 -0.420000 0.2934 0.2934 0.3035
v -1.107500 -2.091656 -0.786440 0.2934 0.2934 0.3035
v -1.217363 -2.011835 -0.819043 0.2934 0.2934 0.3035
v 2.163451 0.232201 -0.420000 0.2934 0.2934 0.3035
v -3.058453 2.396111 -0.344052 0.2934 0.2934 0.3035
v 2.185594 0.259962 -0.420000 0.2934 0.2934 0.3035
v -3.117487 2.353220 -0.463129 0.2934 0.2934 0.3035
v -3.618165 0.112637 -0.819043 0.2934 0.2934 0.3035
v -0.945724 2.684184 -0.215025 0.2934 0.2934 0.3035
v -0.969987 2.636564 -0.344052 0.2934 0.2934 0.3035
v 2.203187 0.283185 -0.420000 0.2934 0.2934 0.3035
v 2.223542 0.309079 -0.420000 0.2934 0.2934 0.3035
v -2.820957 -1.930000 -0.079227 0.2934 0.2934 0.3035
v -3.190865 2.299908 -0.569325 0.2934 0.2934 0.3035
v -2.853559 -1.930000 -0.215025 0.2934 0.2934 0.3035
v -2.907004 -1.930000 -0.344052 0.2934 0.2934 0.3035
v 2.242908 0.334937 -0.420000 0.2934 0.2934 0.3035
v 2.261105 0.358465 -0.420000 0.2934 0.2934 0.3035
v -3.276780 2.237487 -0.660025 0.2934 0.2934 0.3035
v -1.003115 2.571547 -0.463129 0.2934 0.2934 0.3035
v -2.979975 -1.930000 -0.463129 0.2934 0.2934 0.3035
v -0.708423 -2.551577 -0.079227 0.2934 0.2934 0.3035
v 2.183990 -0.117354 -0.420000 0.2934 0.2934 0.3035
v -0.731476 -2.528524 -0.215025 0.2934 0.2934 0.3035
v -3.373116 2.167495 -0.732996 0.2934 0.2934 0.3035
v 2.224913 -0.070321 -0.420000 0.2934 0.2934 0.3035
v -0.769267 -2.490733 -0.344052 0.2934 0.2934 0.3035
v 2.208941 -0.089034 -0.420000 0.2934 0.2934 0.3035
v -3.070675 -1.930000 -0.569325 0.2934 0.2934 0.3035
v -3.176871 -1.930000 -0.660025 0.2934 0.2934 0.3035
v -0.820865 -2.439135 -0.463129 0.2934 0.2934 0.3035
v 2.267022 -0.024118 -0.420000 0.2934 0.2934 0.3035
v -0.546767 0.399077 -0.079227 0.2934 0.2934 0.3035
v 2.251002 -0.042798 -0.420000 0.2934 0.2934 0.3035
v -0.885000 -2.375000 -0.569325 0.2934 0.2934 0.3035
v -3.295949 -1.930000 -0.732996 0.2934 0.2934 0.3035
v -0.960092 -2.299908 -0.660025 0.2934 0.2934 0.3035
v 2.310570 0.021077 -0.420000 0.2934 0.2934 0.3035
v -1.044292 -2.215708 -0.732996 0.2934 0.2934 0.3035
v 2.294442 0.002474 -0.420000 0.2934 0.2934 0.3035
v -1.044292 2.490733 -0.569325 0.2934 0.2934 0.3035
v -0.575816 0.384276 -0.215025 0.2934 0.2934 0.3035
v 2.347773 0.057509 -0.420000 0.2934 0.2934 0.3035
v -1.135528 -2.124472 -0.786440 0.2934 0.2934 0.3035
v -3.424975 -1.930000 -0.786440 0.2934 0.2934 0.3035
v 2.330408 0.040002 -0.420000 0.2934 0.2934 0.3035
v -1.231552 -2.028448 -0.819043 0.2934 0.2934 0.3035
v -3.560773 -1.930000 -0.819043 0.2934 0.2934 0.3035
v 2.365290 0.065089 -0.420000 0.2934 0.2934 0.3035
v -3.477500 2.091656 -0.786440 0.2934 0.2934 0.3035
v -0.623435 0.360013 -0.344052 0.2934 0.2934 0.3035
v 2.373644 0.073460 -0.420000 0.2934 0.2934 0.3035
v -1.092505 2.396111 -0.660025 0.2934 0.2934 0.3035
v -0.688453 0.326885 -0.463129 0.2934 0.2934 0.3035
v -1.146564 2.290013 -0.732996 0.2934 0.2934 0.3035
v 2.403783 0.107185 -0.420000 0.2934 0.2934 0.3035
v -0.769267 0.285708 -0.569325 0.2934 0.2934 0.3035
v 2.386317 0.086865 -0.420000 0.2934 0.2934 0.3035
v -0.863889 0.237496 -0.660025 0.2934 0.2934 0.3035
v -3.078423 0.621577 -0.079227 0.2934 0.2934 0.3035
v -3.587363 2.011835 -0.819043 0.2934 0.2934 0.3035
v 2.445050 0.155198 -0.420000 0.2934 0.2934 0.3035
v 2.425477 0.131156 -0.420000 0.2934 0.2934 0.3035
v -0.813312 -2.641160 -0.079227 0.2934 0.2934 0.3035
v -0.969987 0.183436 -0.732996 0.2934 0.2934 0.3035
v -1.084951 0.124859 -0.786440 0.2934 0.2934 0.3035
v -0.832475 -2.614785 -0.215025 0.2934 0.2934 0.3035
v 2.484748 0.201869 -0.420000 0.2934 0.2934 0.3035
v -1.205141 2.175049 -0.786440 0.2934 0.2934 0.3035
v -0.863889 -2.571548 -0.344052 0.2934 0.2934 0.3035
v 2.284058 0.388781 -0.420000 0.2934 0.2934 0.3035
v -2.831780 -2.067513 -0.079227 0.2934 0.2934 0.3035
v 2.298935 0.407664 -0.420000 0.2934 0.2934 0.3035
v -0.906780 -2.512513 -0.463129 0.2934 0.2934 0.3035
v -3.101476 0.598524 -0.215025 0.2934 0.2934 0.3035
v -0.960092 -2.439135 -0.569325 0.2934 0.2934 0.3035
v 2.316072 0.430128 -0.420000 0.2934 0.2934 0.3035
v -2.863981 -2.062413 -0.215025 0.2934 0.2934 0.3035
v 2.323786 0.439691 -0.420000 0.2934 0.2934 0.3035
v -1.022513 -2.353220 -0.660025 0.2934 0.2934 0.3035
v -1.092505 -2.256885 -0.732996 0.2934 0.2934 0.3035
v 2.348602 0.456708 -0.420000 0.2934 0.2934 0.3035
v -2.916767 -2.054052 -0.344052 0.2934 0.2934 0.3035
v 2.329442 0.446400 -0.420000 0.2934 0.2934 0.3035
v -1.168344 -2.152500 -0.786440 0.2934 0.2934 0.3035
v -1.205948 0.063208 -0.819043 0.2934 0.2934 0.3035
v -2.916767 2.329077 -0.079227 0.2934 0.2934 0.3035
v -1.248165 -2.042637 -0.819043 0.2934 0.2934 0.3035
v 2.384588 0.499065 -0.420000 0.2934 0.2934 0.3035
v -2.988840 -2.042637 -0.463129 0.2934 0.2934 0.3035
v -3.139267 0.560733 -0.344052 0.2934 0.2934 0.3035
v 2.399396 0.518594 -0.420000 0.2934 0.2934 0.3035
v -3.078423 -2.028448 -0.569325 0.2934 0.2934 0.3035
v 2.423045 0.547825 -0.420000 0.2934 0.2934 0.3035
v -2.945816 2.314276 -0.215025 0.2934 0.2934 0.3035
v -3.183312 -2.011835 -0.660025 0.2934 0.2934 0.3035
v 2.437499 0.567602 -0.420000 0.2934 0.2934 0.3035
v -3.190865 0.509135 -0.463129 0.2934 0.2934 0.3035
v -3.300923 -1.993208 -0.732996 0.2934 0.2934 0.3035
v 2.460177 0.597514 -0.420000 0.2934 0.2934 0.3035
v -3.255000 0.445000 -0.569325 0.2934 0.2934 0.3035
v -3.428361 -1.973023 -0.786440 0.2934 0.2934 0.3035
v -3.562487 -1.951780 -0.819043 0.2934 0.2934 0.3035
v 2.495197 0.648680 -0.420000 0.2934 0.2934 0.3035
v -1.266792 2.054052 -0.819043 0.2934 0.2934 0.3035
v 2.508333 0.669379 -0.420000 0.2934 0.2934 0.3035
v -0.930923 -2.713233 -0.079227 0.2934 0.2934 0.3035
v -0.945724 -2.684184 -0.215025 0.2934 0.2934 0.3035
v 2.527299 0.701891 -0.420000 0.2934 0.2934 0.3035
v -3.330092 0.369908 -0.660025 0.2934 0.2934 0.3035
v -0.969987 -2.636565 -0.344052 0.2934 0.2934 0.3035
v 2.535914 0.722277 -0.420000 0.2934 0.2934 0.3035
v -2.993435 2.290013 -0.344052 0.2934 0.2934 0.3035
v 2.546099 0.742638 -0.420000 0.2934 0.2934 0.3035
v -3.414292 0.285708 -0.732996 0.2934 0.2934 0.3035
v -1.003115 -2.571547 -0.463129 0.2934 0.2934 0.3035
v -3.058453 2.256885 -0.463129 0.2934 0.2934 0.3035
v 2.551011 0.772564 -0.420000 0.2934 0.2934 0.3035
v -1.044292 -2.490733 -0.569325 0.2934 0.2934 0.3035
v 2.553042 0.761441 -0.420000 0.2934 0.2934 0.3035
v -0.493981 0.271639 -0.079227 0.2934 0.2934 0.3035
v -1.092505 -2.396111 -0.660025 0.2934 0.2934 0.3035
v -1.146564 -2.290013 -0.732996 0.2934 0.2934 0.3035
v -3.505528 0.194472 -0.786440 0.2934 0.2934 0.3035
v 2.524526 0.249704 -0.420000 0.2934 0.2934 0.3035
v -0.524987 0.261564 -0.215025 0.2934 0.2934 0.3035
v -1.205141 -2.175049 -0.786440 0.2934 0.2934 0.3035
v 2.564983 0.297063 -0.420000 0.2934 0.2934 0.3035
v 2.549443 0.278048 -0.420000 0.2934 0.2934 0.3035
v -3.139267 2.215708 -0.569325 0.2934 0.2934 0.3035
v -1.266792 -2.054052 -0.819043 0.2934 0.2934 0.3035
v -0.575816 0.245049 -0.344052 0.2934 0.2934 0.3035
v -3.601552 0.098448 -0.819043 0.2934 0.2934 0.3035
v 2.606415 0.343740 -0.420000 0.2934 0.2934 0.3035
v 2.590823 0.324762 -0.420000 0.2934 0.2934 0.3035
v -3.233889 2.167495 -0.660025 0.2934 0.2934 0.3035
v -2.863981 -2.201639 -0.079227 0.2934 0.2934 0.3035
v -2.894987 -2.191565 -0.215025 0.2934 0.2934 0.3035
v -0.645215 0.222500 -0.463129 0.2934 0.2934 0.3035
v 2.648144 0.390210 -0.420000 0.2934 0.2934 0.3035
v -2.945816 -2.175049 -0.344052 0.2934 0.2934 0.3035
v 2.632497 0.371269 -0.420000 0.2934 0.2934 0.3035
v -0.731476 0.194472 -0.569325 0.2934 0.2934 0.3035
v -3.339988 2.113436 -0.732996 0.2934 0.2934 0.3035
v 2.682611 0.426547 -0.420000 0.2934 0.2934 0.3035
v -3.015215 -2.152500 -0.463129 0.2934 0.2934 0.3035
v -0.832475 0.161656 -0.660025 0.2934 0.2934 0.3035
v 2.530694 1.005814 -0.420000 0.2934 0.2934 0.3035
v -1.058361 -2.766019 -0.079227 0.2934 0.2934 0.3035
v -1.068436 -2.735013 -0.215025 0.2934 0.2934 0.3035
v 2.555258 0.936514 -0.420000 0.2934 0.2934 0.3035
v -3.101476 -2.124472 -0.569325 0.2934 0.2934 0.3035
v 2.549776 0.961384 -0.420000 0.2934 0.2934 0.3035
v -3.454951 2.054859 -0.786440 0.2934 0.2934 0.3035
v -1.084951 -2.684184 -0.344052 0.2934 0.2934 0.3035
v -3.202475 -2.091656 -0.660025 0.2934 0.2934 0.3035
v 2.558435 0.919704 -0.420000 0.2934 0.2934 0.3035
v -1.107500 -2.614785 -0.463129 0.2934 0.2934 0.3035
v -3.315724 -2.054859 -0.732996 0.2934 0.2934 0.3035
v 2.539702 0.985292 -0.420000 0.2934 0.2934 0.3035
v -1.135528 -2.528524 -0.569325 0.2934 0.2934 0.3035
v -0.945724 0.124859 -0.732996 0.2934 0.2934 0.3035
v -1.168344 -2.427525 -0.660025 0.2934 0.2934 0.3035
v 2.557342 0.789108 -0.420000 0.2934 0.2934 0.3035
v -1.205141 -2.314276 -0.732996 0.2934 0.2934 0.3035
v 2.564959 0.827275 -0.420000 0.2934 0.2934 0.3035
v -3.438436 -2.014987 -0.786440 0.2934 0.2934 0.3035
v -1.245013 -2.191565 -0.786440 0.2934 0.2934 0.3035
v 2.565445 0.849015 -0.420000 0.2934 0.2934 0.3035
v -3.575948 1.993208 -0.819043 0.2934 0.2934 0.3035
v 2.566485 0.876223 -0.420000 0.2934 0.2934 0.3035
v -3.567588 -1.973023 -0.819043 0.2934 0.2934 0.3035
v -1.286977 -2.062413 -0.819043 0.2934 0.2934 0.3035
v -1.068436 0.084987 -0.786440 0.2934 0.2934 0.3035
v 2.989942 0.908800 -0.420000 0.2934 0.2934 0.3035
v -2.863981 2.201639 -0.079227 0.2934 0.2934 0.3035
v 2.981027 0.881299 -0.420000 0.2934 0.2934 0.3035
v -1.197588 0.043023 -0.819043 0.2934 0.2934 0.3035
v -2.894987 2.191565 -0.215025 0.2934 0.2934 0.3035
v -2.945816 2.175049 -0.344052 0.2934 0.2934 0.3035
v -3.015215 2.152500 -0.463129 0.2934 0.2934 0.3035
v 2.971469 0.848600 -0.420000 0.2934 0.2934 0.3035
v -0.813312 2.641160 -0.079227 0.2934 0.2934 0.3035
v -0.832475 2.614785 -0.215025 0.2934 0.2934 0.3035
v 3.010915 0.968763 -0.420000 0.2934 0.2934 0.3035
v 3.001916 0.948654 -0.420000 0.2934 0.2934 0.3035
v -3.101476 2.124472 -0.569325 0.2934 0.2934 0.3035
v -2.988840 0.516688 -0.079227 0.2934 0.2934 0.3035
v -1.192488 -2.798220 -0.079227 0.2934 0.2934 0.3035
v -3.202475 2.091656 -0.660025 0.2934 0.2934 0.3035
v 3.024720 1.004699 -0.420000 0.2934 0.2934 0.3035
v -2.916767 -2.329077 -0.079227 0.2934 0.2934 0.3035
v 3.017114 0.988638 -0.420000 0.2934 0.2934 0.3035
v -1.197588 -2.766020 -0.215025 0.2934 0.2934 0.3035
v -1.205948 -2.713233 -0.344052 0.2934 0.2934 0.3035
v -0.863889 2.571547 -0.344052 0.2934 0.2934 0.3035
v 3.022633 1.018445 -0.420000 0.2934 0.2934 0.3035
v -1.217363 -2.641160 -0.463129 0.2934 0.2934 0.3035
v 3.029319 1.035900 -0.420000 0.2934 0.2934 0.3035
v -2.945816 -2.314276 -0.215025 0.2934 0.2934 0.3035
v -3.015215 0.497525 -0.215025 0.2934 0.2934 0.3035
v -1.231552 -2.551577 -0.569325 0.2934 0.2934 0.3035
v 2.700094 0.434701 -0.420000 0.2934 0.2934 0.3035
v -1.248165 -2.446688 -0.660025 0.2934 0.2934 0.3035
v -2.993435 -2.290013 -0.344052 0.2934 0.2934 0.3035
v 2.707705 0.442991 -0.420000 0.2934 0.2934 0.3035
v -1.266793 -2.329077 -0.732996 0.2934 0.2934 0.3035
v -3.315724 2.054859 -0.732996 0.2934 0.2934 0.3035
v 2.738093 0.478603 -0.420000 0.2934 0.2934 0.3035
v 2.719997 0.456717 -0.420000 0.2934 0.2934 0.3035
v -1.286977 -2.201639 -0.786440 0.2934 0.2934 0.3035
v -3.058453 0.466111 -0.344052 0.2934 0.2934 0.3035
v -1.308220 -2.067513 -0.819043 0.2934 0.2934 0.3035
v -3.058453 -2.256885 -0.463129 0.2934 0.2934 0.3035
v 2.779452 0.527999 -0.420000 0.2934 0.2934 0.3035
v -0.461780 0.137512 -0.079227 0.2934 0.2934 0.3035
v 2.758481 0.501768 -0.420000 0.2934 0.2934 0.3035
v -3.139267 -2.215708 -0.569325 0.2934 0.2934 0.3035
v -3.233889 -2.167496 -0.660025 0.2934 0.2934 0.3035
v 2.817843 0.574137 -0.420000 0.2934 0.2934 0.3035
v -0.493981 0.132412 -0.215025 0.2934 0.2934 0.3035
v -3.117487 0.423220 -0.463129 0.2934 0.2934 0.3035
v 2.804555 0.557773 -0.420000 0.2934 0.2934 0.3035
v -3.339987 -2.113436 -0.732996 0.2934 0.2934 0.3035
v -0.546767 0.124052 -0.344052 0.2934 0.2934 0.3035
v -3.454951 -2.054859 -0.786440 0.2934 0.2934 0.3035
v 2.855951 0.623142 -0.420000 0.2934 0.2934 0.3035
v -0.906780 2.512512 -0.463129 0.2934 0.2934 0.3035
v -3.575948 -1.993208 -0.819043 0.2934 0.2934 0.3035
v 2.892065 0.673542 -0.420000 0.2934 0.2934 0.3035
v -3.190865 0.369908 -0.569325 0.2934 0.2934 0.3035
v 2.925138 0.726072 -0.420000 0.2934 0.2934 0.3035
v -1.330000 -2.809042 -0.079227 0.2934 0.2934 0.3035
v -1.330000 -2.776441 -0.215025 0.2934 0.2934 0.3035
v -0.618840 0.112637 -0.463129 0.2934 0.2934 0.3035
v 2.952003 0.780108 -0.420000 0.2934 0.2934 0.3035
v -0.960092 2.439135 -0.569325 0.2934 0.2934 0.3035
v 2.941631 0.760316 -0.420000 0.2934 0.2934 0.3035
v -1.330000 -2.722996 -0.344052 0.2934 0.2934 0.3035
v -0.708423 0.098448 -0.569325 0.2934 0.2934 0.3035
v 2.968697 0.816055 -0.420000 0.2934 0.2934 0.3035
v -1.330000 -2.650025 -0.463129 0.2934 0.2934 0.3035
v -0.813312 0.081835 -0.660025 0.2934 0.2934 0.3035
v 2.960486 0.801724 -0.420000 0.2934 0.2934 0.3035
v -1.330000 -2.559325 -0.569325 0.2934 0.2934 0.3035
v -1.330000 -2.453129 -0.660025 0.2934 0.2934 0.3035
v -3.438436 2.014987 -0.786440 0.2934 0.2934 0.3035
v 2.966259 0.829932 -0.420000 0.2934 0.2934 0.3035
v -1.330000 -2.334052 -0.732996 0.2934 0.2934 0.3035
v -0.930923 0.063208 -0.732996 0.2934 0.2934 0.3035
v 3.054860 1.089368 -0.420000 0.2934 0.2934 0.3035
v -3.276780 0.307487 -0.660025 0.2934 0.2934 0.3035
v -1.330000 -2.205025 -0.786440 0.2934 0.2934 0.3035
v 3.087823 1.141975 -0.420000 0.2934 0.2934 0.3035
v 3.074453 1.121441 -0.420000 0.2934 0.2934 0.3035
v -1.058361 0.043023 -0.786440 0.2934 0.2934 0.3035
v -1.330000 -2.069227 -0.819043 0.2934 0.2934 0.3035
v -3.373116 0.237496 -0.732996 0.2934 0.2934 0.3035
v 3.124453 1.192015 -0.420000 0.2934 0.2934 0.3035
v -2.988840 -2.446688 -0.079227 0.2934 0.2934 0.3035
v -1.192487 0.021780 -0.819043 0.2934 0.2934 0.3035
v -3.015215 -2.427525 -0.215025 0.2934 0.2934 0.3035
v 3.162563 1.241018 -0.420000 0.2934 0.2934 0.3035
v 3.147864 1.221414 -0.420000 0.2934 0.2934 0.3035
v -1.022513 2.353220 -0.660025 0.2934 0.2934 0.3035
v -3.567588 1.973023 -0.819043 0.2934 0.2934 0.3035
v -3.058453 -2.396111 -0.344052 0.2934 0.2934 0.3035
v 3.198729 1.291382 -0.420000 0.2934 0.2934 0.3035
v -3.117487 -2.353220 -0.463129 0.2934 0.2934 0.3035
v -3.477500 0.161656 -0.786440 0.2934 0.2934 0.3035
v 3.231906 1.343840 -0.420000 0.2934 0.2934 0.3035
v -2.831780 2.067513 -0.079227 0.2934 0.2934 0.3035
v 3.218467 1.323353 -0.420000 0.2934 0.2934 0.3035
v -3.190865 -2.299908 -0.569325 0.2934 0.2934 0.3035
v -1.467513 -2.798220 -0.079227 0.2934 0.2934 0.3035
v -1.462413 -2.766020 -0.215025 0.2934 0.2934 0.3035
v 3.263621 1.397321 -0.420000 0.2934 0.2934 0.3035
v -3.276780 -2.237488 -0.660025 0.2934 0.2934 0.3035
v 3.250571 1.376562 -0.420000 0.2934 0.2934 0.3035
v -3.587363 0.081835 -0.819043 0.2934 0.2934 0.3035
v -1.454052 -2.713233 -0.344052 0.2934 0.2934 0.3035
v -1.442637 -2.641160 -0.463129 0.2934 0.2934 0.3035
v -3.373116 -2.167495 -0.732996 0.2934 0.2934 0.3035
v 3.295323 1.450811 -0.420000 0.2934 0.2934 0.3035
v 3.282302 1.430031 -0.420000 0.2934 0.2934 0.3035
v -1.092505 2.256885 -0.732996 0.2934 0.2934 0.3035
v -1.428448 -2.551577 -0.569325 0.2934 0.2934 0.3035
v -3.477500 -2.091656 -0.786440 0.2934 0.2934 0.3035
v -1.411836 -2.446688 -0.660025 0.2934 0.2934 0.3035
v 3.329715 1.502417 -0.420000 0.2934 0.2934 0.3035
v -2.863981 2.062413 -0.215025 0.2934 0.2934 0.3035
v -1.393208 -2.329077 -0.732996 0.2934 0.2934 0.3035
v 3.372267 1.548310 -0.420000 0.2934 0.2934 0.3035
v -3.587363 -2.011835 -0.819043 0.2934 0.2934 0.3035
v 3.356355 1.529554 -0.420000 0.2934 0.2934 0.3035
v -1.373024 -2.201639 -0.786440 0.2934 0.2934 0.3035
v -1.351780 -2.067513 -0.819043 0.2934 0.2934 0.3035
v 3.413489 1.578014 -0.420000 0.2934 0.2934 0.3035
v -1.168344 2.152500 -0.786440 0.2934 0.2934 0.3035
v -1.248165 2.042637 -0.819043 0.2934 0.2934 0.3035
v 3.427713 1.582287 -0.420000 0.2934 0.2934 0.3035
v -2.916767 2.054052 -0.344052 0.2934 0.2934 0.3035
v -2.988840 2.042637 -0.463129 0.2934 0.2934 0.3035
v 3.442449 1.591320 -0.420000 0.2934 0.2934 0.3035
v -0.450957 -0.000000 -0.079227 0.2934 0.2934 0.3035
v -3.078423 2.028448 -0.569325 0.2934 0.2934 0.3035
v -3.183312 2.011835 -0.660025 0.2934 0.2934 0.3035
v 3.483741 1.620568 -0.420000 0.2934 0.2934 0.3035
v -0.483559 -0.000000 -0.215025 0.2934 0.2934 0.3035
v 3.466604 1.606707 -0.420000 0.2934 0.2934 0.3035
v -0.537004 -0.000000 -0.344052 0.2934 0.2934 0.3035
v -3.300923 1.993208 -0.732996 0.2934 0.2934 0.3035
v -0.609975 -0.000000 -0.463129 0.2934 0.2934 0.3035
v 3.534567 1.650647 -0.420000 0.2934 0.2934 0.3035
v -1.601639 -2.766019 -0.079227 0.2934 0.2934 0.3035
v 3.512762 1.637026 -0.420000 0.2934 0.2934 0.3035
v -3.428361 1.973023 -0.786440 0.2934 0.2934 0.3035
v -3.078423 -2.551577 -0.079227 0.2934 0.2934 0.3035
v 3.848722 2.886498 -0.420000 0.2934 0.2934 0.3035
v -1.591565 -2.735013 -0.215025 0.2934 0.2934 0.3035
v -1.575050 -2.684184 -0.344052 0.2934 0.2934 0.3035
v -0.700675 -0.000000 -0.569325 0.2934 0.2934 0.3035
v 3.895471 2.846344 -0.420000 0.2934 0.2934 0.3035
v -3.101476 -2.528524 -0.215025 0.2934 0.2934 0.3035
v 3.876689 2.861641 -0.420000 0.2934 0.2934 0.3035
v -1.552500 -2.614785 -0.463129 0.2934 0.2934 0.3035
v -1.524472 -2.528524 -0.569325 0.2934 0.2934 0.3035
v -3.562487 1.951780 -0.819043 0.2934 0.2934 0.3035
v 3.942591 2.801555 -0.420000 0.2934 0.2934 0.3035
v -3.139267 -2.490733 -0.344052 0.2934 0.2934 0.3035
v 3.923491 2.817322 -0.420000 0.2934 0.2934 0.3035
v -1.491656 -2.427525 -0.660025 0.2934 0.2934 0.3035
v -1.454859 -2.314276 -0.732996 0.2934 0.2934 0.3035
v -3.190865 -2.439135 -0.463129 0.2934 0.2934 0.3035
v 3.977816 2.761279 -0.420000 0.2934 0.2934 0.3035
v 3.977525 2.747898 -0.420000 0.2934 0.2934 0.3035
v -0.806871 -0.000000 -0.660025 0.2934 0.2934 0.3035
v -1.414988 -2.191565 -0.786440 0.2934 0.2934 0.3035
v -3.255000 -2.375000 -0.569325 0.2934 0.2934 0.3035
v 3.989572 2.730662 -0.420000 0.2934 0.2934 0.3035
v -1.373024 -2.062413 -0.819043 0.2934 0.2934 0.3035
v -2.916767 0.399077 -0.079227 0.2934 0.2934 0.3035
v -3.330092 -2.299908 -0.660025 0.2934 0.2934 0.3035
v 3.966959 2.771872 -0.420000 0.2934 0.2934 0.3035
v -2.820957 1.930000 -0.079227 0.2934 0.2934 0.3035
v -0.925948 -0.000000 -0.732996 0.2934 0.2934 0.3035
v 4.002058 2.709447 -0.420000 0.2934 0.2934 0.3035
v 4.015708 2.692604 -0.420000 0.2934 0.2934 0.3035
v -3.414292 -2.215708 -0.732996 0.2934 0.2934 0.3035
v -2.945816 0.384276 -0.215025 0.2934 0.2934 0.3035
v -3.505528 -2.124472 -0.786440 0.2934 0.2934 0.3035
v 4.047647 2.642626 -0.420000 0.2934 0.2934 0.3035
v -3.601552 -2.028448 -0.819043 0.2934 0.2934 0.3035
v -1.054975 -0.000000 -0.786440 0.2934 0.2934 0.3035
v 4.047552 2.627346 -0.420000 0.2934 0.2934 0.3035
v -2.853559 1.930000 -0.215025 0.2934 0.2934 0.3035
v -1.190773 -0.000000 -0.819043 0.2934 0.2934 0.3035
v 4.057989 2.606746 -0.420000 0.2934 0.2934 0.3035
v -1.729077 -2.713233 -0.079227 0.2934 0.2934 0.3035
v -1.714276 -2.684184 -0.215025 0.2934 0.2934 0.3035
v 4.034708 2.658154 -0.420000 0.2934 0.2934 0.3035
v -2.993435 0.360013 -0.344052 0.2934 0.2934 0.3035
v -3.058453 0.326885 -0.463129 0.2934 0.2934 0.3035
v 4.066115 2.579867 -0.420000 0.2934 0.2934 0.3035
v -1.690013 -2.636565 -0.344052 0.2934 0.2934 0.3035
v -1.656885 -2.571547 -0.463129 0.2934 0.2934 0.3035
v 4.076534 2.563285 -0.420000 0.2934 0.2934 0.3035
v -2.907004 1.930000 -0.344052 0.2934 0.2934 0.3035
v -2.979975 1.930000 -0.463129 0.2934 0.2934 0.3035
v -1.615708 -2.490733 -0.569325 0.2934 0.2934 0.3035
v 4.092172 2.524624 -0.420000 0.2934 0.2934 0.3035
v 4.089389 2.506385 -0.420000 0.2934 0.2934 0.3035
v -1.567496 -2.396111 -0.660025 0.2934 0.2934 0.3035
v -3.139267 0.285708 -0.569325 0.2934 0.2934 0.3035
v -0.708423 2.551577 -0.079227 0.2934 0.2934 0.3035
v 4.093947 2.480428 -0.420000 0.2934 0.2934 0.3035
v -1.513436 -2.290013 -0.732996 0.2934 0.2934 0.3035
v -1.454859 -2.175049 -0.786440 0.2934 0.2934 0.3035
v 4.083432 2.538821 -0.420000 0.2934 0.2934 0.3035
v -3.233889 0.237496 -0.660025 0.2934 0.2934 0.3035
v -1.393208 -2.054052 -0.819043 0.2934 0.2934 0.3035
v 3.551087 1.654562 -0.420000 0.2934 0.2934 0.3035
v -3.070675 1.930000 -0.569325 0.2934 0.2934 0.3035
v -3.339988 0.183436 -0.732996 0.2934 0.2934 0.3035
v -3.183312 -2.641160 -0.079227 0.2934 0.2934 0.3035
v 3.566665 1.662268 -0.420000 0.2934 0.2934 0.3035
v -3.202475 -2.614785 -0.215025 0.2934 0.2934 0.3035
v -0.731476 2.528524 -0.215025 0.2934 0.2934 0.3035
v 3.604697 1.688450 -0.420000 0.2934 0.2934 0.3035
v -0.461780 -0.137513 -0.079227 0.2934 0.2934 0.3035
v 3.587727 1.674916 -0.420000 0.2934 0.2934 0.3035
v -3.233889 -2.571548 -0.344052 0.2934 0.2934 0.3035
v -3.454951 0.124859 -0.786440 0.2934 0.2934 0.3035
v -3.276780 -2.512513 -0.463129 0.2934 0.2934 0.3035
v 3.656194 1.722378 -0.420000 0.2934 0.2934 0.3035
v 3.635942 1.707161 -0.420000 0.2934 0.2934 0.3035
v -3.330092 -2.439135 -0.569325 0.2934 0.2934 0.3035
v -0.493981 -0.132413 -0.215025 0.2934 0.2934 0.3035
v -1.846689 -2.641160 -0.079227 0.2934 0.2934 0.3035
v -3.392513 -2.353220 -0.660025 0.2934 0.2934 0.3035
v 3.676729 1.727061 -0.420000 0.2934 0.2934 0.3035
v -1.827526 -2.614785 -0.215025 0.2934 0.2934 0.3035
v 3.688715 1.734017 -0.420000 0.2934 0.2934 0.3035
v -3.176871 1.930000 -0.660025 0.2934 0.2934 0.3035
v -1.796112 -2.571547 -0.344052 0.2934 0.2934 0.3035
v -3.575948 0.063208 -0.819043 0.2934 0.2934 0.3035
v 3.719995 1.760394 -0.420000 0.2934 0.2934 0.3035
v 3.702540 1.744237 -0.420000 0.2934 0.2934 0.3035
v -3.462504 -2.256885 -0.732996 0.2934 0.2934 0.3035
v -1.753220 -2.512513 -0.463129 0.2934 0.2934 0.3035
v -1.699908 -2.439135 -0.569325 0.2934 0.2934 0.3035
v 3.767692 1.801247 -0.420000 0.2934 0.2934 0.3035
v -0.546767 -0.124052 -0.344052 0.2934 0.2934 0.3035
v 3.750141 1.785038 -0.420000 0.2934 0.2934 0.3035
v -1.637488 -2.353220 -0.660025 0.2934 0.2934 0.3035
v -3.538344 -2.152500 -0.786440 0.2934 0.2934 0.3035
v -1.567496 -2.256885 -0.732996 0.2934 0.2934 0.3035
v 3.814003 1.844507 -0.420000 0.2934 0.2934 0.3035
v -0.618840 -0.112637 -0.463129 0.2934 0.2934 0.3035
v 3.797260 1.826334 -0.420000 0.2934 0.2934 0.3035
v -1.491656 -2.152500 -0.786440 0.2934 0.2934 0.3035
v -3.618165 -2.042637 -0.819043 0.2934 0.2934 0.3035
v -0.769267 2.490733 -0.344052 0.2934 0.2934 0.3035
v 3.847086 1.877774 -0.420000 0.2934 0.2934 0.3035
v -1.411836 -2.042637 -0.819043 0.2934 0.2934 0.3035
v -0.708423 -0.098448 -0.569325 0.2934 0.2934 0.3035
v 3.831547 1.859189 -0.420000 0.2934 0.2934 0.3035
v -3.295949 1.930000 -0.732996 0.2934 0.2934 0.3035
v -0.813312 -0.081835 -0.660025 0.2934 0.2934 0.3035
v -0.820865 2.439135 -0.463129 0.2934 0.2934 0.3035
v 3.864793 1.880567 -0.420000 0.2934 0.2934 0.3035
v -0.930923 -0.063208 -0.732996 0.2934 0.2934 0.3035
v 3.874697 1.890244 -0.420000 0.2934 0.2934 0.3035
v -3.424975 1.930000 -0.786440 0.2934 0.2934 0.3035
v -1.058361 -0.043023 -0.786440 0.2934 0.2934 0.3035
v -0.885000 2.375000 -0.569325 0.2934 0.2934 0.3035
v 3.910089 1.928603 -0.420000 0.2934 0.2934 0.3035
v 3.892212 1.908251 -0.420000 0.2934 0.2934 0.3035
v -1.192487 -0.021780 -0.819043 0.2934 0.2934 0.3035
v -3.560773 1.930000 -0.819043 0.2934 0.2934 0.3035
v -3.300923 -2.713233 -0.079227 0.2934 0.2934 0.3035
v -1.951577 -2.551577 -0.079227 0.2934 0.2934 0.3035
v 3.949615 1.975006 -0.420000 0.2934 0.2934 0.3035
v 3.933283 1.954729 -0.420000 0.2934 0.2934 0.3035
v -0.960092 2.299908 -0.660025 0.2934 0.2934 0.3035
v -1.928524 -2.528524 -0.215025 0.2934 0.2934 0.3035
v -1.890733 -2.490733 -0.344052 0.2934 0.2934 0.3035
v -3.315724 -2.684184 -0.215025 0.2934 0.2934 0.3035
v 3.988408 2.025140 -0.420000 0.2934 0.2934 0.3035
v -1.839135 -2.439135 -0.463129 0.2934 0.2934 0.3035
v -2.831780 1.792487 -0.079227 0.2934 0.2934 0.3035
v 4.022787 2.076755 -0.420000 0.2934 0.2934 0.3035
v -1.775000 -2.375000 -0.569325 0.2934 0.2934 0.3035
v -3.339987 -2.636565 -0.344052 0.2934 0.2934 0.3035
v 4.052345 2.129439 -0.420000 0.2934 0.2934 0.3035
v 4.041031 2.109772 -0.420000 0.2934 0.2934 0.3035
v -2.863981 1.797587 -0.215025 0.2934 0.2934 0.3035
v -1.699908 -2.299908 -0.660025 0.2934 0.2934 0.3035
v -3.373116 -2.571547 -0.463129 0.2934 0.2934 0.3035
v 4.103744 2.397110 -0.420000 0.2934 0.2934 0.3035
v -1.615708 -2.215708 -0.732996 0.2934 0.2934 0.3035
v -1.524472 -2.124472 -0.786440 0.2934 0.2934 0.3035
v 4.104883 2.347637 -0.420000 0.2934 0.2934 0.3035
v -3.414292 -2.490733 -0.569325 0.2934 0.2934 0.3035
v -1.428448 -2.028448 -0.819043 0.2934 0.2934 0.3035
v -1.044292 2.215708 -0.732996 0.2934 0.2934 0.3035
v 4.106716 2.438684 -0.420000 0.2934 0.2934 0.3035
v -2.863981 0.271639 -0.079227 0.2934 0.2934 0.3035
v 4.102615 2.423959 -0.420000 0.2934 0.2934 0.3035
v -3.462505 -2.396111 -0.660025 0.2934 0.2934 0.3035
v -3.516564 -2.290013 -0.732996 0.2934 0.2934 0.3035
v -1.135528 2.124472 -0.786440 0.2934 0.2934 0.3035
v 4.098044 2.454826 -0.420000 0.2934 0.2934 0.3035
v -2.894987 0.261564 -0.215025 0.2934 0.2934 0.3035
v -3.575141 -2.175049 -0.786440 0.2934 0.2934 0.3035
v 4.092290 2.255153 -0.420000 0.2934 0.2934 0.3035
v -3.636792 -2.054052 -0.819043 0.2934 0.2934 0.3035
v 4.084134 2.232984 -0.420000 0.2934 0.2934 0.3035
v -2.916767 1.805948 -0.344052 0.2934 0.2934 0.3035
v -2.945816 0.245049 -0.344052 0.2934 0.2934 0.3035
v 4.077748 2.205623 -0.420000 0.2934 0.2934 0.3035
v -1.231552 2.028448 -0.819043 0.2934 0.2934 0.3035
v -2.041161 -2.446688 -0.079227 0.2934 0.2934 0.3035
v 4.103369 2.310853 -0.420000 0.2934 0.2934 0.3035
v -0.493981 -0.271639 -0.079227 0.2934 0.2934 0.3035
v -2.014785 -2.427525 -0.215025 0.2934 0.2934 0.3035
v 4.098319 2.292418 -0.420000 0.2934 0.2934 0.3035
v -3.015215 0.222500 -0.463129 0.2934 0.2934 0.3035
v -1.971548 -2.396111 -0.344052 0.2934 0.2934 0.3035
v -0.524987 -0.261565 -0.215025 0.2934 0.2934 0.3035
v 4.103030 2.326039 -0.420000 0.2934 0.2934 0.3035
v -1.912513 -2.353220 -0.463129 0.2934 0.2934 0.3035
v -2.988840 1.817363 -0.463129 0.2934 0.2934 0.3035
v 4.074455 2.174141 -0.420000 0.2934 0.2934 0.3035
v -1.839135 -2.299908 -0.569325 0.2934 0.2934 0.3035
v 4.065351 2.158965 -0.420000 0.2934 0.2934 0.3035
v -0.575816 -0.245049 -0.344052 0.2934 0.2934 0.3035
v -1.753221 -2.237487 -0.660025 0.2934 0.2934 0.3035
v -3.101476 0.194472 -0.569325 0.2934 0.2934 0.3035
v 4.071447 2.186546 -0.420000 0.2934 0.2934 0.3035
v -0.645215 -0.222500 -0.463129 0.2934 0.2934 0.3035
v -1.656885 -2.167495 -0.732996 0.2934 0.2934 0.3035
v -3.078423 1.831552 -0.569325 0.2934 0.2934 0.3035
v -1.552500 -2.091656 -0.786440 0.2934 0.2934 0.3035
v -1.442637 -2.011835 -0.819043 0.2934 0.2934 0.3035
v -0.731476 -0.194472 -0.569325 0.2934 0.2934 0.3035
v -3.428361 -2.766019 -0.079227 0.2934 0.2934 0.3035
v -3.202475 0.161656 -0.660025 0.2934 0.2934 0.3035
v -3.438436 -2.735013 -0.215025 0.2934 0.2934 0.3035
v -0.832475 -0.161656 -0.660025 0.2934 0.2934 0.3035
v -3.454951 -2.684184 -0.344052 0.2934 0.2934 0.3035
v -3.183312 1.848164 -0.660025 0.2934 0.2934 0.3035
v -3.477500 -2.614785 -0.463129 0.2934 0.2934 0.3035
v -3.300923 1.866792 -0.732996 0.2934 0.2934 0.3035
v -3.505528 -2.528524 -0.569325 0.2934 0.2934 0.3035
v -3.538344 -2.427525 -0.660025 0.2934 0.2934 0.3035
v -2.113233 -2.329077 -0.079227 0.2934 0.2934 0.3035
v -0.945724 -0.124859 -0.732996 0.2934 0.2934 0.3035
v -3.575141 -2.314276 -0.732996 0.2934 0.2934 0.3035
v -2.084185 -2.314276 -0.215025 0.2934 0.2934 0.3035
v -1.068436 -0.084987 -0.786440 0.2934 0.2934 0.3035
v -2.036565 -2.290013 -0.344052 0.2934 0.2934 0.3035
v -1.971547 -2.256885 -0.463129 0.2934 0.2934 0.3035
v -3.315724 0.124859 -0.732996 0.2934 0.2934 0.3035
v -1.890733 -2.215708 -0.569325 0.2934 0.2934 0.3035
v -3.615013 -2.191565 -0.786440 0.2934 0.2934 0.3035
v -1.796112 -2.167495 -0.660025 0.2934 0.2934 0.3035
v -1.197588 -0.043023 -0.819043 0.2934 0.2934 0.3035
v -1.690013 -2.113436 -0.732996 0.2934 0.2934 0.3035
v -3.656977 -2.062413 -0.819043 0.2934 0.2934 0.3035
v -3.428361 1.886976 -0.786440 0.2934 0.2934 0.3035
v -1.575049 -2.054859 -0.786440 0.2934 0.2934 0.3035
v -3.438436 0.084987 -0.786440 0.2934 0.2934 0.3035
v -1.454052 -1.993208 -0.819043 0.2934 0.2934 0.3035
v -3.562487 1.908220 -0.819043 0.2934 0.2934 0.3035
v -3.567588 0.043023 -0.819043 0.2934 0.2934 0.3035
v -2.863981 1.658361 -0.079227 0.2934 0.2934 0.3035
v -2.894987 1.668435 -0.215025 0.2934 0.2934 0.3035
v -2.945816 1.684951 -0.344052 0.2934 0.2934 0.3035
v -3.015215 1.707500 -0.463129 0.2934 0.2934 0.3035
v -3.101476 1.735528 -0.569325 0.2934 0.2934 0.3035
v -3.202475 1.768344 -0.660025 0.2934 0.2934 0.3035
v -3.562488 -2.798220 -0.079227 0.2934 0.2934 0.3035
v -0.618840 2.446688 -0.079227 0.2934 0.2934 0.3035
v -0.546767 -0.399077 -0.079227 0.2934 0.2934 0.3035
v -2.166019 -2.201639 -0.079227 0.2934 0.2934 0.3035
v -2.135013 -2.191564 -0.215025 0.2934 0.2934 0.3035
v -3.567588 -2.766020 -0.215025 0.2934 0.2934 0.3035
v -3.575948 -2.713233 -0.344052 0.2934 0.2934 0.3035
v -2.084184 -2.175049 -0.344052 0.2934 0.2934 0.3035
v -3.315724 1.805141 -0.732996 0.2934 0.2934 0.3035
v -2.014785 -2.152500 -0.463129 0.2934 0.2934 0.3035
v -0.575816 -0.384276 -0.215025 0.2934 0.2934 0.3035
v -1.928524 -2.124472 -0.569325 0.2934 0.2934 0.3035
v -1.827525 -2.091655 -0.660025 0.2934 0.2934 0.3035
v -3.587363 -2.641160 -0.463129 0.2934 0.2934 0.3035
v -1.714276 -2.054859 -0.732996 0.2934 0.2934 0.3035
v -3.601552 -2.551577 -0.569325 0.2934 0.2934 0.3035
v -1.591565 -2.014987 -0.786440 0.2934 0.2934 0.3035
v -0.645215 2.427525 -0.215025 0.2934 0.2934 0.3035
v -3.438436 1.845012 -0.786440 0.2934 0.2934 0.3035
v -1.462413 -1.973023 -0.819043 0.2934 0.2934 0.3035
v -3.618165 -2.446688 -0.660025 0.2934 0.2934 0.3035
v -0.623435 -0.360013 -0.344052 0.2934 0.2934 0.3035
v -3.636792 -2.329077 -0.732996 0.2934 0.2934 0.3035
v -0.688453 -0.326885 -0.463129 0.2934 0.2934 0.3035
v -3.656977 -2.201639 -0.786440 0.2934 0.2934 0.3035
v -0.688453 2.396111 -0.344052 0.2934 0.2934 0.3035
v -3.678220 -2.067513 -0.819043 0.2934 0.2934 0.3035
v -2.831780 0.137512 -0.079227 0.2934 0.2934 0.3035
v -0.769267 -0.285708 -0.569325 0.2934 0.2934 0.3035
v -0.863889 -0.237496 -0.660025 0.2934 0.2934 0.3035
v -2.863981 0.132412 -0.215025 0.2934 0.2934 0.3035
v -2.198220 -2.067512 -0.079227 0.2934 0.2934 0.3035
v -3.567588 1.886976 -0.819043 0.2934 0.2934 0.3035
v -2.166020 -2.062412 -0.215025 0.2934 0.2934 0.3035
v -2.113233 -2.054052 -0.344052 0.2934 0.2934 0.3035
v -0.969987 -0.183436 -0.732996 0.2934 0.2934 0.3035
v -2.041161 -2.042637 -0.463129 0.2934 0.2934 0.3035
v -1.084951 -0.124859 -0.786440 0.2934 0.2934 0.3035
v -1.951578 -2.028448 -0.569325 0.2934 0.2934 0.3035
v -2.916767 0.124052 -0.344052 0.2934 0.2934 0.3035
v -1.846689 -2.011835 -0.660025 0.2934 0.2934 0.3035
v -1.205948 -0.063208 -0.819043 0.2934 0.2934 0.3035
v -1.729077 -1.993207 -0.732996 0.2934 0.2934 0.3035
v -0.747487 2.353220 -0.463129 0.2934 0.2934 0.3035
v -1.601639 -1.973023 -0.786440 0.2934 0.2934 0.3035
v -3.700000 -2.809042 -0.079227 0.2934 0.2934 0.3035
v -1.467513 -1.951780 -0.819043 0.2934 0.2934 0.3035
v -2.916767 1.530923 -0.079227 0.2934 0.2934 0.3035
v -2.988840 0.112637 -0.463129 0.2934 0.2934 0.3035
v -3.700000 -2.776441 -0.215025 0.2934 0.2934 0.3035
v -3.700000 -2.722996 -0.344052 0.2934 0.2934 0.3035
v -3.078423 0.098448 -0.569325 0.2934 0.2934 0.3035
v -0.820865 2.299908 -0.569325 0.2934 0.2934 0.3035
v -3.700000 -2.650025 -0.463129 0.2934 0.2934 0.3035
v -3.700000 -2.559325 -0.569325 0.2934 0.2934 0.3035
v -2.945816 1.545724 -0.215025 0.2934 0.2934 0.3035
v -3.183312 0.081835 -0.660025 0.2934 0.2934 0.3035
v -3.700000 -2.453129 -0.660025 0.2934 0.2934 0.3035
v -3.700000 -2.334052 -0.732996 0.2934 0.2934 0.3035
v -2.209043 -1.930000 -0.079227 0.2934 0.2934 0.3035
v -2.176441 -1.930000 -0.215025 0.2934 0.2934 0.3035
v -3.300923 0.063208 -0.732996 0.2934 0.2934 0.3035
v -2.122996 -1.930000 -0.344052 0.2934 0.2934 0.3035
v -3.700000 -2.205025 -0.786440 0.2934 0.2934 0.3035
v -2.050025 -1.930000 -0.463129 0.2934 0.2934 0.3035
v -0.906780 2.237487 -0.660025 0.2934 0.2934 0.3035
v -3.700000 -2.069227 -0.819043 0.2934 0.2934 0.3035
v -1.959326 -1.930000 -0.569325 0.2934 0.2934 0.3035
v -1.853129 -1.930000 -0.660025 0.2934 0.2934 0.3035
v -3.428361 0.043023 -0.786440 0.2934 0.2934 0.3035
v -1.003115 2.167495 -0.732996 0.2934 0.2934 0.3035
v -1.734052 -1.930000 -0.732996 0.2934 0.2934 0.3035
v -1.605025 -1.930000 -0.786440 0.2934 0.2934 0.3035
v -0.618840 -0.516688 -0.079227 0.2934 0.2934 0.3035
v -1.469227 -1.930000 -0.819043 0.2934 0.2934 0.3035
v -2.993435 1.569987 -0.344052 0.2934 0.2934 0.3035
v -0.645215 -0.497525 -0.215025 0.2934 0.2934 0.3035
v -3.562487 0.021780 -0.819043 0.2934 0.2934 0.3035
v -0.688453 -0.466111 -0.344052 0.2934 0.2934 0.3035
v -3.058453 1.603115 -0.463129 0.2934 0.2934 0.3035
v -1.107500 2.091656 -0.786440 0.2934 0.2934 0.3035
v -0.747487 -0.423220 -0.463129 0.2934 0.2934 0.3035
v -3.139267 1.644292 -0.569325 0.2934 0.2934 0.3035
v -3.837513 -2.798220 -0.079227 0.2934 0.2934 0.3035
v -0.820865 -0.369908 -0.569325 0.2934 0.2934 0.3035
v -3.832413 -2.766020 -0.215025 0.2934 0.2934 0.3035
v -1.217363 2.011835 -0.819043 0.2934 0.2934 0.3035
v -2.198220 -1.792487 -0.079227 0.2934 0.2934 0.3035
v -3.824052 -2.713233 -0.344052 0.2934 0.2934 0.3035
v -2.166020 -1.797587 -0.215025 0.2934 0.2934 0.3035
v -0.906780 -0.307488 -0.660025 0.2934 0.2934 0.3035
v -2.113233 -1.805948 -0.344052 0.2934 0.2934 0.3035
v -3.812637 -2.641160 -0.463129 0.2934 0.2934 0.3035
v -2.041161 -1.817363 -0.463129 0.2934 0.2934 0.3035
v -1.003115 -0.237496 -0.732996 0.2934 0.2934 0.3035
v -1.951578 -1.831552 -0.569325 0.2934 0.2934 0.3035
v -1.846689 -1.848164 -0.660025 0.2934 0.2934 0.3035
v -3.233889 1.692504 -0.660025 0.2934 0.2934 0.3035
v -1.729077 -1.866792 -0.732996 0.2934 0.2934 0.3035
v -3.798448 -2.551577 -0.569325 0.2934 0.2934 0.3035
v -1.107500 -0.161656 -0.786440 0.2934 0.2934 0.3035
v -1.601639 -1.886976 -0.786440 0.2934 0.2934 0.3035
v -1.467513 -1.908220 -0.819043 0.2934 0.2934 0.3035
v -3.781836 -2.446688 -0.660025 0.2934 0.2934 0.3035
v -3.339987 1.746564 -0.732996 0.2934 0.2934 0.3035
v -3.763208 -2.329077 -0.732996 0.2934 0.2934 0.3035
v -3.743023 -2.201639 -0.786440 0.2934 0.2934 0.3035
v -3.454951 1.805141 -0.786440 0.2934 0.2934 0.3035
v -1.217363 -0.081835 -0.819043 0.2934 0.2934 0.3035
v -3.721780 -2.067513 -0.819043 0.2934 0.2934 0.3035
v -3.575948 1.866792 -0.819043 0.2934 0.2934 0.3035
v -2.988840 1.413312 -0.079227 0.2934 0.2934 0.3035
v -3.015215 1.432474 -0.215025 0.2934 0.2934 0.3035
v -2.820957 -0.000000 -0.079227 0.2934 0.2934 0.3035
v -3.058453 1.463888 -0.344052 0.2934 0.2934 0.3035
v -2.166019 -1.658360 -0.079227 0.2934 0.2934 0.3035
v -3.117487 1.506780 -0.463129 0.2934 0.2934 0.3035
v -2.135013 -1.668435 -0.215025 0.2934 0.2934 0.3035
v -2.084184 -1.684950 -0.344052 0.2934 0.2934 0.3035
v -2.853559 -0.000000 -0.215025 0.2934 0.2934 0.3035
v -2.907004 -0.000000 -0.344052 0.2934 0.2934 0.3035
v -2.014785 -1.707500 -0.463129 0.2934 0.2934 0.3035
v -3.190865 1.560092 -0.569325 0.2934 0.2934 0.3035
v -1.928524 -1.735527 -0.569325 0.2934 0.2934 0.3035
v -1.827525 -1.768344 -0.660025 0.2934 0.2934 0.3035
v -2.979975 -0.000000 -0.463129 0.2934 0.2934 0.3035
v -1.714276 -1.805141 -0.732996 0.2934 0.2934 0.3035
v -3.971639 -2.766019 -0.079227 0.2934 0.2934 0.3035
v -0.708423 -0.621577 -0.079227 0.2934 0.2934 0.3035
v -1.591565 -1.845012 -0.786440 0.2934 0.2934 0.3035
v -1.462413 -1.886976 -0.819043 0.2934 0.2934 0.3035
v -3.961565 -2.735013 -0.215025 0.2934 0.2934 0.3035
v -3.276780 1.622512 -0.660025 0.2934 0.2934 0.3035
v -3.945050 -2.684184 -0.344052 0.2934 0.2934 0.3035
v -3.070675 -0.000000 -0.569325 0.2934 0.2934 0.3035
v -0.731476 -0.598524 -0.215025 0.2934 0.2934 0.3035
v -3.922500 -2.614785 -0.463129 0.2934 0.2934 0.3035
v -0.546767 2.329077 -0.079227 0.2934 0.2934 0.3035
v -3.894472 -2.528524 -0.569325 0.2934 0.2934 0.3035
v -0.769267 -0.560733 -0.344052 0.2934 0.2934 0.3035
v -3.861656 -2.427525 -0.660025 0.2934 0.2934 0.3035
v -0.820865 -0.509135 -0.463129 0.2934 0.2934 0.3035
v -2.113233 -1.530923 -0.079227 0.2934 0.2934 0.3035
v -3.824859 -2.314276 -0.732996 0.2934 0.2934 0.3035
v -3.176871 -0.000000 -0.660025 0.2934 0.2934 0.3035
v -2.084184 -1.545724 -0.215025 0.2934 0.2934 0.3035
v -2.036565 -1.569987 -0.344052 0.2934 0.2934 0.3035
v -3.784987 -2.191565 -0.786440 0.2934 0.2934 0.3035
v -3.743024 -2.062413 -0.819043 0.2934 0.2934 0.3035
v -1.971547 -1.603115 -0.463129 0.2934 0.2934 0.3035
v -1.890733 -1.644292 -0.569325 0.2934 0.2934 0.3035
v -3.373116 1.692504 -0.732996 0.2934 0.2934 0.3035
v -1.796111 -1.692504 -0.660025 0.2934 0.2934 0.3035
v -0.885000 -0.445000 -0.569325 0.2934 0.2934 0.3035
v -0.960092 -0.369908 -0.660025 0.2934 0.2934 0.3035
v -1.690013 -1.746564 -0.732996 0.2934 0.2934 0.3035
v -3.295949 -0.000000 -0.732996 0.2934 0.2934 0.3035
v -1.575049 -1.805141 -0.786440 0.2934 0.2934 0.3035
v -1.454052 -1.866792 -0.819043 0.2934 0.2934 0.3035
v -0.575816 2.314276 -0.215025 0.2934 0.2934 0.3035
v -1.044292 -0.285708 -0.732996 0.2934 0.2934 0.3035
v -1.135528 -0.194472 -0.786440 0.2934 0.2934 0.3035
v -3.424975 -0.000000 -0.786440 0.2934 0.2934 0.3035
v -3.477500 1.768344 -0.786440 0.2934 0.2934 0.3035
v -1.231552 -0.098448 -0.819043 0.2934 0.2934 0.3035
v -3.560773 -0.000000 -0.819043 0.2934 0.2934 0.3035
v -4.099077 -2.713233 -0.079227 0.2934 0.2934 0.3035
v -0.623435 2.290013 -0.344052 0.2934 0.2934 0.3035
v -3.587363 1.848165 -0.819043 0.2934 0.2934 0.3035
v -4.084276 -2.684184 -0.215025 0.2934 0.2934 0.3035
v -2.041160 -1.413311 -0.079227 0.2934 0.2934 0.3035
v -4.060013 -2.636565 -0.344052 0.2934 0.2934 0.3035
v -3.078423 1.308423 -0.079227 0.2934 0.2934 0.3035
v -2.014785 -1.432474 -0.215025 0.2934 0.2934 0.3035
v -0.688453 2.256885 -0.463129 0.2934 0.2934 0.3035
v -1.971547 -1.463888 -0.344052 0.2934 0.2934 0.3035
v -1.912513 -1.506779 -0.463129 0.2934 0.2934 0.3035
v -4.026885 -2.571547 -0.463129 0.2934 0.2934 0.3035
v -1.839135 -1.560091 -0.569325 0.2934 0.2934 0.3035
v -3.985708 -2.490733 -0.569325 0.2934 0.2934 0.3035
v -1.753220 -1.622512 -0.660025 0.2934 0.2934 0.3035
v -3.101476 1.331476 -0.215025 0.2934 0.2934 0.3035
v -1.656885 -1.692504 -0.732996 0.2934 0.2934 0.3035
v -3.937496 -2.396111 -0.660025 0.2934 0.2934 0.3035
v -1.552500 -1.768344 -0.786440 0.2934 0.2934 0.3035
v -0.769267 2.215708 -0.569325 0.2934 0.2934 0.3035
v -1.442637 -1.848164 -0.819043 0.2934 0.2934 0.3035
v -3.139267 1.369267 -0.344052 0.2934 0.2934 0.3035
v -3.883436 -2.290013 -0.732996 0.2934 0.2934 0.3035
v -3.824859 -2.175049 -0.786440 0.2934 0.2934 0.3035
v -0.863889 2.167495 -0.660025 0.2934 0.2934 0.3035
v -3.763208 -2.054052 -0.819043 0.2934 0.2934 0.3035
v -0.969987 2.113436 -0.732996 0.2934 0.2934 0.3035
v -0.813312 -0.711160 -0.079227 0.2934 0.2934 0.3035
v -3.190865 1.420865 -0.463129 0.2934 0.2934 0.3035
v -0.832475 -0.684785 -0.215025 0.2934 0.2934 0.3035
v -3.255000 1.485000 -0.569325 0.2934 0.2934 0.3035
v -0.863889 -0.641547 -0.344052 0.2934 0.2934 0.3035
v -1.951577 -1.308423 -0.079227 0.2934 0.2934 0.3035
v -2.831780 -0.137513 -0.079227 0.2934 0.2934 0.3035
v -1.928524 -1.331475 -0.215025 0.2934 0.2934 0.3035
v -1.084951 2.054859 -0.786440 0.2934 0.2934 0.3035
v -0.906780 -0.582513 -0.463129 0.2934 0.2934 0.3035
v -1.890733 -1.369267 -0.344052 0.2934 0.2934 0.3035
v -1.839135 -1.420865 -0.463129 0.2934 0.2934 0.3035
v -1.205948 1.993208 -0.819043 0.2934 0.2934 0.3035
v -1.775000 -1.484999 -0.569325 0.2934 0.2934 0.3035
v -0.960092 -0.509135 -0.569325 0.2934 0.2934 0.3035
v -4.216689 -2.641160 -0.079227 0.2934 0.2934 0.3035
v -1.699908 -1.560092 -0.660025 0.2934 0.2934 0.3035
v -2.863981 -0.132413 -0.215025 0.2934 0.2934 0.3035
v -1.615708 -1.644292 -0.732996 0.2934 0.2934 0.3035
v -1.524472 -1.735528 -0.786440 0.2934 0.2934 0.3035
v -1.022513 -0.423220 -0.660025 0.2934 0.2934 0.3035
v -1.428448 -1.831552 -0.819043 0.2934 0.2934 0.3035
v -4.197526 -2.614785 -0.215025 0.2934 0.2934 0.3035
v -4.166111 -2.571547 -0.344052 0.2934 0.2934 0.3035
v -1.092505 -0.326885 -0.732996 0.2934 0.2934 0.3035
v -4.123220 -2.512513 -0.463129 0.2934 0.2934 0.3035
v -2.916767 -0.124052 -0.344052 0.2934 0.2934 0.3035
v -4.069908 -2.439135 -0.569325 0.2934 0.2934 0.3035
v -3.330092 1.560092 -0.660025 0.2934 0.2934 0.3035
v -1.168344 -0.222500 -0.786440 0.2934 0.2934 0.3035
v -4.007488 -2.353220 -0.660025 0.2934 0.2934 0.3035
v -1.248165 -0.112637 -0.819043 0.2934 0.2934 0.3035
v -3.937496 -2.256885 -0.732996 0.2934 0.2934 0.3035
v -2.988840 -0.112637 -0.463129 0.2934 0.2934 0.3035
v -1.846688 -1.218839 -0.079227 0.2934 0.2934 0.3035
v -1.827525 -1.245214 -0.215025 0.2934 0.2934 0.3035
v -3.861656 -2.152500 -0.786440 0.2934 0.2934 0.3035
v -1.796111 -1.288452 -0.344052 0.2934 0.2934 0.3035
v -3.414292 1.644292 -0.732996 0.2934 0.2934 0.3035
v -3.781836 -2.042637 -0.819043 0.2934 0.2934 0.3035
v -1.753220 -1.347487 -0.463129 0.2934 0.2934 0.3035
v -3.078423 -0.098448 -0.569325 0.2934 0.2934 0.3035
v -1.699908 -1.420865 -0.569325 0.2934 0.2934 0.3035
v -1.637487 -1.506779 -0.660025 0.2934 0.2934 0.3035
v -3.505528 1.735528 -0.786440 0.2934 0.2934 0.3035
v -3.183312 -0.081835 -0.660025 0.2934 0.2934 0.3035
v -1.567496 -1.603115 -0.732996 0.2934 0.2934 0.3035
v -3.601552 1.831552 -0.819043 0.2934 0.2934 0.3035
v -1.491656 -1.707500 -0.786440 0.2934 0.2934 0.3035
v -1.411835 -1.817363 -0.819043 0.2934 0.2934 0.3035
v -3.300923 -0.063208 -0.732996 0.2934 0.2934 0.3035
v -3.183312 1.218840 -0.079227 0.2934 0.2934 0.3035
v -3.428361 -0.043023 -0.786440 0.2934 0.2934 0.3035
v -3.202475 1.245215 -0.215025 0.2934 0.2934 0.3035
v -3.562487 -0.021780 -0.819043 0.2934 0.2934 0.3035
v -0.930923 -0.783233 -0.079227 0.2934 0.2934 0.3035
v -3.233889 1.288453 -0.344052 0.2934 0.2934 0.3035
v -4.321577 -2.551577 -0.079227 0.2934 0.2934 0.3035
v -4.298524 -2.528524 -0.215025 0.2934 0.2934 0.3035
v -0.945724 -0.754184 -0.215025 0.2934 0.2934 0.3035
v -4.260733 -2.490733 -0.344052 0.2934 0.2934 0.3035
v -3.276780 1.347487 -0.463129 0.2934 0.2934 0.3035
v -1.729077 -1.146767 -0.079227 0.2934 0.2934 0.3035
v -4.209135 -2.439135 -0.463129 0.2934 0.2934 0.3035
v -1.714276 -1.175815 -0.215025 0.2934 0.2934 0.3035
v -3.330092 1.420865 -0.569325 0.2934 0.2934 0.3035
v -1.690013 -1.223435 -0.344052 0.2934 0.2934 0.3035
v -1.656885 -1.288452 -0.463129 0.2934 0.2934 0.3035
v -4.145000 -2.375000 -0.569325 0.2934 0.2934 0.3035
v -0.969987 -0.706565 -0.344052 0.2934 0.2934 0.3035
v -1.615708 -1.369267 -0.569325 0.2934 0.2934 0.3035
v -1.567495 -1.463888 -0.660025 0.2934 0.2934 0.3035
v -4.069908 -2.299908 -0.660025 0.2934 0.2934 0.3035
v -1.513436 -1.569987 -0.732996 0.2934 0.2934 0.3035
v -1.003115 -0.641547 -0.463129 0.2934 0.2934 0.3035
v -3.392513 1.506780 -0.660025 0.2934 0.2934 0.3035
v -1.454859 -1.684951 -0.786440 0.2934 0.2934 0.3035
v -1.393208 -1.805948 -0.819043 0.2934 0.2934 0.3035
v -3.985708 -2.215708 -0.732996 0.2934 0.2934 0.3035
v -3.894472 -2.124472 -0.786440 0.2934 0.2934 0.3035
v -3.462504 1.603115 -0.732996 0.2934 0.2934 0.3035
v -3.798448 -2.028448 -0.819043 0.2934 0.2934 0.3035
v -1.044292 -0.560733 -0.569325 0.2934 0.2934 0.3035
v -3.538344 1.707500 -0.786440 0.2934 0.2934 0.3035
v -1.092505 -0.466111 -0.660025 0.2934 0.2934 0.3035
v -0.493981 2.201639 -0.079227 0.2934 0.2934 0.3035
v -1.146564 -0.360013 -0.732996 0.2934 0.2934 0.3035
v -0.524987 2.191565 -0.215025 0.2934 0.2934 0.3035
v -1.205141 -0.245049 -0.786440 0.2934 0.2934 0.3035
v -3.618165 1.817363 -0.819043 0.2934 0.2934 0.3035
v -1.601639 -1.093981 -0.079227 0.2934 0.2934 0.3035
v -1.266792 -0.124052 -0.819043 0.2934 0.2934 0.3035
v -1.591564 -1.124987 -0.215025 0.2934 0.2934 0.3035
v -1.575049 -1.175815 -0.344052 0.2934 0.2934 0.3035
v -0.575816 2.175049 -0.344052 0.2934 0.2934 0.3035
v -1.552500 -1.245215 -0.463129 0.2934 0.2934 0.3035
v -3.300923 1.146767 -0.079227 0.2934 0.2934 0.3035
v -3.315724 1.175816 -0.215025 0.2934 0.2934 0.3035
v -1.524472 -1.331475 -0.569325 0.2934 0.2934 0.3035
v -4.411160 -2.446688 -0.079227 0.2934 0.2934 0.3035
v -1.491656 -1.432474 -0.660025 0.2934 0.2934 0.3035
v -1.454859 -1.545724 -0.732996 0.2934 0.2934 0.3035
v -2.863981 -0.271639 -0.079227 0.2934 0.2934 0.3035
v -4.384785 -2.427525 -0.215025 0.2934 0.2934 0.3035
v -1.414987 -1.668435 -0.786440 0.2934 0.2934 0.3035
v -0.645215 2.152500 -0.463129 0.2934 0.2934 0.3035
v -1.373023 -1.797587 -0.819043 0.2934 0.2934 0.3035
v -4.341547 -2.396111 -0.344052 0.2934 0.2934 0.3035
v -2.894987 -0.261565 -0.215025 0.2934 0.2934 0.3035
v -4.282513 -2.353220 -0.463129 0.2934 0.2934 0.3035
v -4.209135 -2.299908 -0.569325 0.2934 0.2934 0.3035
v -3.339987 1.223435 -0.344052 0.2934 0.2934 0.3035
v -2.945816 -0.245049 -0.344052 0.2934 0.2934 0.3035
v -4.123220 -2.237487 -0.660025 0.2934 0.2934 0.3035
v -4.026885 -2.167495 -0.732996 0.2934 0.2934 0.3035
v -3.015215 -0.222500 -0.463129 0.2934 0.2934 0.3035
v -0.731476 2.124472 -0.569325 0.2934 0.2934 0.3035
v -3.922500 -2.091656 -0.786440 0.2934 0.2934 0.3035
v -1.467512 -1.061780 -0.079227 0.2934 0.2934 0.3035
v -3.373116 1.288453 -0.463129 0.2934 0.2934 0.3035
v -1.462412 -1.093980 -0.215025 0.2934 0.2934 0.3035
v -3.812637 -2.011835 -0.819043 0.2934 0.2934 0.3035
v -1.454052 -1.146767 -0.344052 0.2934 0.2934 0.3035
v -1.058361 -0.836019 -0.079227 0.2934 0.2934 0.3035
v -1.442637 -1.218839 -0.463129 0.2934 0.2934 0.3035
v -1.428448 -1.308422 -0.569325 0.2934 0.2934 0.3035
v -3.101476 -0.194472 -0.569325 0.2934 0.2934 0.3035
v -1.411835 -1.413311 -0.660025 0.2934 0.2934 0.3035
v -1.068436 -0.805013 -0.215025 0.2934 0.2934 0.3035
v -1.393208 -1.530923 -0.732996 0.2934 0.2934 0.3035
v -0.832475 2.091656 -0.660025 0.2934 0.2934 0.3035
v -1.084951 -0.754184 -0.344052 0.2934 0.2934 0.3035
v -1.373023 -1.658361 -0.786440 0.2934 0.2934 0.3035
v -1.351780 -1.792487 -0.819043 0.2934 0.2934 0.3035
v -1.107500 -0.684785 -0.463129 0.2934 0.2934 0.3035
v -3.202475 -0.161656 -0.660025 0.2934 0.2934 0.3035
v -1.135528 -0.598524 -0.569325 0.2934 0.2934 0.3035
v -0.945724 2.054859 -0.732996 0.2934 0.2934 0.3035
v -1.168344 -0.497525 -0.660025 0.2934 0.2934 0.3035
v -1.330000 -1.137003 -0.344052 0.2934 0.2934 0.3035
v -4.483233 -2.329077 -0.079227 0.2934 0.2934 0.3035
v -3.315724 -0.124859 -0.732996 0.2934 0.2934 0.3035
v -1.330000 -1.654975 -0.786440 0.2934 0.2934 0.3035
v -1.330000 -1.790773 -0.819043 0.2934 0.2934 0.3035
v -3.438436 -0.084987 -0.786440 0.2934 0.2934 0.3035
v -4.454185 -2.314276 -0.215025 0.2934 0.2934 0.3035
v -4.406565 -2.290013 -0.344052 0.2934 0.2934 0.3035
v -1.205141 -0.384276 -0.732996 0.2934 0.2934 0.3035
v -4.341547 -2.256885 -0.463129 0.2934 0.2934 0.3035
v -3.414292 1.369267 -0.569325 0.2934 0.2934 0.3035
v -4.260733 -2.215708 -0.569325 0.2934 0.2934 0.3035
v -1.245013 -0.261564 -0.786440 0.2934 0.2934 0.3035
v -1.286977 -0.132413 -0.819043 0.2934 0.2934 0.3035
v -4.166111 -2.167495 -0.660025 0.2934 0.2934 0.3035
v -1.068436 2.014987 -0.786440 0.2934 0.2934 0.3035
v -4.060013 -2.113436 -0.732996 0.2934 0.2934 0.3035
v -3.567588 -0.043023 -0.819043 0.2934 0.2934 0.3035
v -3.945049 -2.054859 -0.786440 0.2934 0.2934 0.3035
v -3.824052 -1.993208 -0.819043 0.2934 0.2934 0.3035
v -3.462505 1.463889 -0.660025 0.2934 0.2934 0.3035
v -1.197588 1.973023 -0.819043 0.2934 0.2934 0.3035
v -3.516564 1.569987 -0.732996 0.2934 0.2934 0.3035
v -3.575141 1.684951 -0.786440 0.2934 0.2934 0.3035
v -3.636792 1.805948 -0.819043 0.2934 0.2934 0.3035
v -3.428361 1.093981 -0.079227 0.2934 0.2934 0.3035
v -3.438436 1.124987 -0.215025 0.2934 0.2934 0.3035
v -3.454951 1.175816 -0.344052 0.2934 0.2934 0.3035
v -3.477500 1.245215 -0.463129 0.2934 0.2934 0.3035
v -3.505528 1.331476 -0.569325 0.2934 0.2934 0.3035
v -1.192488 -0.868220 -0.079227 0.2934 0.2934 0.3035
v -4.536019 -2.201639 -0.079227 0.2934 0.2934 0.3035
v -1.197588 -0.836020 -0.215025 0.2934 0.2934 0.3035
v -3.538344 1.432475 -0.660025 0.2934 0.2934 0.3035
v -4.505013 -2.191564 -0.215025 0.2934 0.2934 0.3035
v -4.454185 -2.175049 -0.344052 0.2934 0.2934 0.3035
v -1.205948 -0.783233 -0.344052 0.2934 0.2934 0.3035
v -2.916767 -0.399077 -0.079227 0.2934 0.2934 0.3035
v -4.384785 -2.152500 -0.463129 0.2934 0.2934 0.3035
v -3.575141 1.545724 -0.732996 0.2934 0.2934 0.3035
v -4.298524 -2.124472 -0.569325 0.2934 0.2934 0.3035
v -4.197526 -2.091655 -0.660025 0.2934 0.2934 0.3035
v -1.217363 -0.711161 -0.463129 0.2934 0.2934 0.3035
v -4.084276 -2.054859 -0.732996 0.2934 0.2934 0.3035
v -2.945816 -0.384276 -0.215025 0.2934 0.2934 0.3035
v -1.231552 -0.621577 -0.569325 0.2934 0.2934 0.3035
v -3.961565 -2.014987 -0.786440 0.2934 0.2934 0.3035
v -3.832413 -1.973023 -0.819043 0.2934 0.2934 0.3035
v -1.248165 -0.516688 -0.660025 0.2934 0.2934 0.3035
v -2.993435 -0.360013 -0.344052 0.2934 0.2934 0.3035
v -3.615013 1.668435 -0.786440 0.2934 0.2934 0.3035
v -1.266793 -0.399077 -0.732996 0.2934 0.2934 0.3035
v -3.058453 -0.326885 -0.463129 0.2934 0.2934 0.3035
v -1.286977 -0.271639 -0.786440 0.2934 0.2934 0.3035
v -0.461780 2.067513 -0.079227 0.2934 0.2934 0.3035
v -1.308220 -0.137513 -0.819043 0.2934 0.2934 0.3035
v -3.139267 -0.285708 -0.569325 0.2934 0.2934 0.3035
v -3.656977 1.797587 -0.819043 0.2934 0.2934 0.3035
v -3.233889 -0.237496 -0.660025 0.2934 0.2934 0.3035
v -4.568220 -2.067512 -0.079227 0.2934 0.2934 0.3035
v -0.493981 2.062413 -0.215025 0.2934 0.2934 0.3035
v -3.339987 -0.183436 -0.732996 0.2934 0.2934 0.3035
v -4.536020 -2.062412 -0.215025 0.2934 0.2934 0.3035
v -3.562488 1.061780 -0.079227 0.2934 0.2934 0.3035
v -4.483233 -2.054052 -0.344052 0.2934 0.2934 0.3035
v -3.454951 -0.124859 -0.786440 0.2934 0.2934 0.3035
v -4.411161 -2.042637 -0.463129 0.2934 0.2934 0.3035
v -0.546767 2.054052 -0.344052 0.2934 0.2934 0.3035
v -4.321578 -2.028448 -0.569325 0.2934 0.2934 0.3035
v -4.216689 -2.011835 -0.660025 0.2934 0.2934 0.3035
v -3.575948 -0.063208 -0.819043 0.2934 0.2934 0.3035
v -4.099077 -1.993207 -0.732996 0.2934 0.2934 0.3035
v -3.567588 1.093980 -0.215025 0.2934 0.2934 0.3035
v -1.330000 -0.879043 -0.079227 0.2934 0.2934 0.3035
v -3.971639 -1.973023 -0.786440 0.2934 0.2934 0.3035
v -0.618840 2.042637 -0.463129 0.2934 0.2934 0.3035
v -3.837513 -1.951780 -0.819043 0.2934 0.2934 0.3035
v -3.575948 1.146767 -0.344052 0.2934 0.2934 0.3035
v -1.330000 -0.846441 -0.215025 0.2934 0.2934 0.3035
v -0.708423 2.028448 -0.569325 0.2934 0.2934 0.3035
v -1.330000 -0.792996 -0.344052 0.2934 0.2934 0.3035
v -1.330000 -0.720025 -0.463129 0.2934 0.2934 0.3035
v -3.587363 1.218839 -0.463129 0.2934 0.2934 0.3035
v -1.330000 -0.629325 -0.569325 0.2934 0.2934 0.3035
v -3.601552 1.308423 -0.569325 0.2934 0.2934 0.3035
v -1.330000 -0.523129 -0.660025 0.2934 0.2934 0.3035
v -0.813312 2.011835 -0.660025 0.2934 0.2934 0.3035
v -4.579043 -1.930000 -0.079227 0.2934 0.2934 0.3035
v -1.330000 -0.404052 -0.732996 0.2934 0.2934 0.3035
v -0.930923 1.993208 -0.732996 0.2934 0.2934 0.3035
v -4.546441 -1.930000 -0.215025 0.2934 0.2934 0.3035
v -3.618165 1.413311 -0.660025 0.2934 0.2934 0.3035
v -4.492996 -1.930000 -0.344052 0.2934 0.2934 0.3035
v -4.420025 -1.930000 -0.463129 0.2934 0.2934 0.3035
v -1.330000 -0.275025 -0.786440 0.2934 0.2934 0.3035
v -1.058361 1.973023 -0.786440 0.2934 0.2934 0.3035
v -4.329326 -1.930000 -0.569325 0.2934 0.2934 0.3035
v -4.223129 -1.930000 -0.660025 0.2934 0.2934 0.3035
v -1.330000 -0.139227 -0.819043 0.2934 0.2934 0.3035
v -4.104052 -1.930000 -0.732996 0.2934 0.2934 0.3035
v -3.636792 1.530923 -0.732996 0.2934 0.2934 0.3035
v -3.975025 -1.930000 -0.786440 0.2934 0.2934 0.3035
v -2.988840 -0.516688 -0.079227 0.2934 0.2934 0.3035
v -3.656977 1.658361 -0.786440 0.2934 0.2934 0.3035
v -3.839227 -1.930000 -0.819043 0.2934 0.2934 0.3035
v -1.192487 1.951780 -0.819043 0.2934 0.2934 0.3035
v -3.015215 -0.497525 -0.215025 0.2934 0.2934 0.3035
v -3.058453 -0.466111 -0.344052 0.2934 0.2934 0.3035
v -3.678220 1.792487 -0.819043 0.2934 0.2934 0.3035
v -3.117487 -0.423220 -0.463129 0.2934 0.2934 0.3035
v -3.700000 1.050957 -0.079227 0.2934 0.2934 0.3035
v -3.190865 -0.369908 -0.569325 0.2934 0.2934 0.3035
v -3.700000 1.083559 -0.215025 0.2934 0.2934 0.3035
v -1.467513 -0.868220 -0.079227 0.2934 0.2934 0.3035
v -3.276780 -0.307488 -0.660025 0.2934 0.2934 0.3035
v -1.462413 -0.836020 -0.215025 0.2934 0.2934 0.3035
v -4.568220 -1.792487 -0.079227 0.2934 0.2934 0.3035
v -1.454052 -0.783233 -0.344052 0.2934 0.2934 0.3035
v -4.536020 -1.797587 -0.215025 0.2934 0.2934 0.3035
v -4.483233 -1.805948 -0.344052 0.2934 0.2934 0.3035
v -3.700000 1.137004 -0.344052 0.2934 0.2934 0.3035
v -4.411161 -1.817363 -0.463129 0.2934 0.2934 0.3035
v -3.700000 1.209975 -0.463129 0.2934 0.2934 0.3035
v -4.321578 -1.831552 -0.569325 0.2934 0.2934 0.3035
v -1.442637 -0.711161 -0.463129 0.2934 0.2934 0.3035
v -4.216689 -1.848164 -0.660025 0.2934 0.2934 0.3035
v -3.373116 -0.237496 -0.732996 0.2934 0.2934 0.3035
v -1.428448 -0.621577 -0.569325 0.2934 0.2934 0.3035
v -4.099077 -1.866792 -0.732996 0.2934 0.2934 0.3035
v -3.700000 1.300675 -0.569325 0.2934 0.2934 0.3035
v -3.971639 -1.886976 -0.786440 0.2934 0.2934 0.3035
v -3.837513 -1.908220 -0.819043 0.2934 0.2934 0.3035
v -1.411836 -0.516688 -0.660025 0.2934 0.2934 0.3035
v -3.477500 -0.161656 -0.786440 0.2934 0.2934 0.3035
v -1.393208 -0.399077 -0.732996 0.2934 0.2934 0.3035
v -3.587363 -0.081835 -0.819043 0.2934 0.2934 0.3035
v -1.373024 -0.271639 -0.786440 0.2934 0.2934 0.3035
v -3.700000 1.406871 -0.660025 0.2934 0.2934 0.3035
v -1.351780 -0.137513 -0.819043 0.2934 0.2934 0.3035
v -3.700000 1.525948 -0.732996 0.2934 0.2934 0.3035
v -3.700000 1.654975 -0.786440 0.2934 0.2934 0.3035
v -3.700000 1.790773 -0.819043 0.2934 0.2934 0.3035
v -3.837513 1.061780 -0.079227 0.2934 0.2934 0.3035
v -0.450957 1.930000 -0.079227 0.2934 0.2934 0.3035
v -4.536019 -1.658360 -0.079227 0.2934 0.2934 0.3035
v -3.832413 1.093980 -0.215025 0.2934 0.2934 0.3035
v -4.505013 -1.668435 -0.215025 0.2934 0.2934 0.3035
v -4.454185 -1.684950 -0.344052 0.2934 0.2934 0.3035
v -0.483559 1.930000 -0.215025 0.2934 0.2934 0.3035
v -4.384785 -1.707500 -0.463129 0.2934 0.2934 0.3035
v -0.537004 1.930000 -0.344052 0.2934 0.2934 0.3035
v -3.824052 1.146767 -0.344052 0.2934 0.2934 0.3035
v -4.298524 -1.735527 -0.569325 0.2934 0.2934 0.3035
v -4.197526 -1.768344 -0.660025 0.2934 0.2934 0.3035
v -3.812637 1.218839 -0.463129 0.2934 0.2934 0.3035
v -1.601639 -0.836019 -0.079227 0.2934 0.2934 0.3035
v -4.084276 -1.805141 -0.732996 0.2934 0.2934 0.3035
v -3.961565 -1.845012 -0.786440 0.2934 0.2934 0.3035
v -3.078423 -0.621577 -0.079227 0.2934 0.2934 0.3035
v -1.591565 -0.805013 -0.215025 0.2934 0.2934 0.3035
v -3.832412 -1.886976 -0.819043 0.2934 0.2934 0.3035
v -0.609975 1.930000 -0.463129 0.2934 0.2934 0.3035
v -1.575050 -0.754184 -0.344052 0.2934 0.2934 0.3035
v -3.101476 -0.598524 -0.215025 0.2934 0.2934 0.3035
v -3.798448 1.308423 -0.569325 0.2934 0.2934 0.3035
v -1.552500 -0.684785 -0.463129 0.2934 0.2934 0.3035
v -3.139267 -0.560733 -0.344052 0.2934 0.2934 0.3035
v -1.524472 -0.598524 -0.569325 0.2934 0.2934 0.3035
v -0.700675 1.930000 -0.569325 0.2934 0.2934 0.3035
v -1.491656 -0.497525 -0.660025 0.2934 0.2934 0.3035
v -3.190865 -0.509135 -0.463129 0.2934 0.2934 0.3035
v -4.483232 -1.530923 -0.079227 0.2934 0.2934 0.3035
v -1.454859 -0.384276 -0.732996 0.2934 0.2934 0.3035
v -3.781836 1.413311 -0.660025 0.2934 0.2934 0.3035
v -4.454185 -1.545724 -0.215025 0.2934 0.2934 0.3035
v -1.414988 -0.261564 -0.786440 0.2934 0.2934 0.3035
v -4.406565 -1.569987 -0.344052 0.2934 0.2934 0.3035
v -3.255000 -0.445000 -0.569325 0.2934 0.2934 0.3035
v -4.341547 -1.603115 -0.463129 0.2934 0.2934 0.3035
v -1.373024 -0.132413 -0.819043 0.2934 0.2934 0.3035
v -4.260733 -1.644292 -0.569325 0.2934 0.2934 0.3035
v -0.806871 1.930000 -0.660025 0.2934 0.2934 0.3035
v -4.166111 -1.692504 -0.660025 0.2934 0.2934 0.3035
v -4.060013 -1.746564 -0.732996 0.2934 0.2934 0.3035
v -3.330092 -0.369908 -0.660025 0.2934 0.2934 0.3035
v -0.925948 1.930000 -0.732996 0.2934 0.2934 0.3035
v -3.945049 -1.805141 -0.786440 0.2934 0.2934 0.3035
v -3.824052 -1.866792 -0.819043 0.2934 0.2934 0.3035
v -3.414292 -0.285708 -0.732996 0.2934 0.2934 0.3035
v -3.763208 1.530923 -0.732996 0.2934 0.2934 0.3035
v -3.743023 1.658361 -0.786440 0.2934 0.2934 0.3035
v -3.505528 -0.194472 -0.786440 0.2934 0.2934 0.3035
v -3.601552 -0.098448 -0.819043 0.2934 0.2934 0.3035
v -1.054975 1.930000 -0.786440 0.2934 0.2934 0.3035
v -1.190773 1.930000 -0.819043 0.2934 0.2934 0.3035
v -3.721780 1.792487 -0.819043 0.2934 0.2934 0.3035
v -1.729077 -0.783233 -0.079227 0.2934 0.2934 0.3035
v -3.971639 1.093981 -0.079227 0.2934 0.2934 0.3035
v -1.714276 -0.754184 -0.215025 0.2934 0.2934 0.3035
v -3.961565 1.124987 -0.215025 0.2934 0.2934 0.3035
v -4.411160 -1.413311 -0.079227 0.2934 0.2934 0.3035
v -1.690013 -0.706565 -0.344052 0.2934 0.2934 0.3035
v -4.384785 -1.432474 -0.215025 0.2934 0.2934 0.3035
v -1.656885 -0.641547 -0.463129 0.2934 0.2934 0.3035
v -4.341547 -1.463888 -0.344052 0.2934 0.2934 0.3035
v -3.945050 1.175816 -0.344052 0.2934 0.2934 0.3035
v -4.282513 -1.506779 -0.463129 0.2934 0.2934 0.3035
v -3.922500 1.245215 -0.463129 0.2934 0.2934 0.3035
v -4.209135 -1.560091 -0.569325 0.2934 0.2934 0.3035
v -1.615708 -0.560733 -0.569325 0.2934 0.2934 0.3035
v -4.123220 -1.622512 -0.660025 0.2934 0.2934 0.3035
v -3.894472 1.331476 -0.569325 0.2934 0.2934 0.3035
v -4.026885 -1.692504 -0.732996 0.2934 0.2934 0.3035
v -1.567496 -0.466111 -0.660025 0.2934 0.2934 0.3035
v -3.922500 -1.768344 -0.786440 0.2934 0.2934 0.3035
v -3.861656 1.432475 -0.660025 0.2934 0.2934 0.3035
v -3.812637 -1.848164 -0.819043 0.2934 0.2934 0.3035
v -1.513436 -0.360013 -0.732996 0.2934 0.2934 0.3035
v -1.454859 -0.245049 -0.786440 0.2934 0.2934 0.3035
v -3.824859 1.545724 -0.732996 0.2934 0.2934 0.3035
v -3.784987 1.668435 -0.786440 0.2934 0.2934 0.3035
v -1.393208 -0.124052 -0.819043 0.2934 0.2934 0.3035
v -3.743024 1.797587 -0.819043 0.2934 0.2934 0.3035
v -3.183312 -0.711160 -0.079227 0.2934 0.2934 0.3035
v -3.202475 -0.684785 -0.215025 0.2934 0.2934 0.3035
v -4.099077 1.146767 -0.079227 0.2934 0.2934 0.3035
v -3.233889 -0.641547 -0.344052 0.2934 0.2934 0.3035
v -4.321577 -1.308423 -0.079227 0.2934 0.2934 0.3035
v -4.084276 1.175816 -0.215025 0.2934 0.2934 0.3035
v -0.461780 1.792487 -0.079227 0.2934 0.2934 0.3035
v -4.298524 -1.331475 -0.215025 0.2934 0.2934 0.3035
v -4.260733 -1.369267 -0.344052 0.2934 0.2934 0.3035
v -3.276780 -0.582513 -0.463129 0.2934 0.2934 0.3035
v -0.493981 1.797587 -0.215025 0.2934 0.2934 0.3035
v -4.209135 -1.420865 -0.463129 0.2934 0.2934 0.3035
v -4.145000 -1.484999 -0.569325 0.2934 0.2934 0.3035
v -3.330092 -0.509135 -0.569325 0.2934 0.2934 0.3035
v -3.392513 -0.423220 -0.660025 0.2934 0.2934 0.3035
v -4.069908 -1.560092 -0.660025 0.2934 0.2934 0.3035
v -3.985708 -1.644292 -0.732996 0.2934 0.2934 0.3035
v -1.846689 -0.711160 -0.079227 0.2934 0.2934 0.3035
v -3.894472 -1.735528 -0.786440 0.2934 0.2934 0.3035
v -1.827526 -0.684785 -0.215025 0.2934 0.2934 0.3035
v -4.060013 1.223435 -0.344052 0.2934 0.2934 0.3035
v -3.798448 -1.831552 -0.819043 0.2934 0.2934 0.3035
v -1.796112 -0.641547 -0.344052 0.2934 0.2934 0.3035
v -0.546767 1.805948 -0.344052 0.2934 0.2934 0.3035
v -1.753220 -0.582513 -0.463129 0.2934 0.2934 0.3035
v -3.462504 -0.326885 -0.732996 0.2934 0.2934 0.3035
v -1.699908 -0.509135 -0.569325 0.2934 0.2934 0.3035
v -3.538344 -0.222500 -0.786440 0.2934 0.2934 0.3035
v -4.026885 1.288453 -0.463129 0.2934 0.2934 0.3035
v -1.637488 -0.423220 -0.660025 0.2934 0.2934 0.3035
v -3.618165 -0.112637 -0.819043 0.2934 0.2934 0.3035
v -1.567496 -0.326885 -0.732996 0.2934 0.2934 0.3035
v -1.491656 -0.222500 -0.786440 0.2934 0.2934 0.3035
v -4.216688 -1.218839 -0.079227 0.2934 0.2934 0.3035
v -0.618840 1.817363 -0.463129 0.2934 0.2934 0.3035
v -4.197526 -1.245214 -0.215025 0.2934 0.2934 0.3035
v -4.166111 -1.288452 -0.344052 0.2934 0.2934 0.3035
v -3.985708 1.369267 -0.569325 0.2934 0.2934 0.3035
v -4.123220 -1.347487 -0.463129 0.2934 0.2934 0.3035
v -1.411836 -0.112637 -0.819043 0.2934 0.2934 0.3035
v -4.069908 -1.420865 -0.569325 0.2934 0.2934 0.3035
v -3.937496 1.463889 -0.660025 0.2934 0.2934 0.3035
v -0.708423 1.831552 -0.569325 0.2934 0.2934 0.3035
v -4.007487 -1.506779 -0.660025 0.2934 0.2934 0.3035
v -3.883436 1.569987 -0.732996 0.2934 0.2934 0.3035
v -3.937496 -1.603115 -0.732996 0.2934 0.2934 0.3035
v -0.813312 1.848164 -0.660025 0.2934 0.2934 0.3035
v -3.861656 -1.707500 -0.786440 0.2934 0.2934 0.3035
v -3.781836 -1.817363 -0.819043 0.2934 0.2934 0.3035
v -0.930923 1.866792 -0.732996 0.2934 0.2934 0.3035
v -3.824859 1.684951 -0.786440 0.2934 0.2934 0.3035
v -3.763208 1.805948 -0.819043 0.2934 0.2934 0.3035
v -1.058361 1.886976 -0.786440 0.2934 0.2934 0.3035
v -1.192487 1.908220 -0.819043 0.2934 0.2934 0.3035
v -3.300923 -0.783233 -0.079227 0.2934 0.2934 0.3035
v -1.951577 -0.621577 -0.079227 0.2934 0.2934 0.3035
v -4.216689 1.218840 -0.079227 0.2934 0.2934 0.3035
v -1.928524 -0.598524 -0.215025 0.2934 0.2934 0.3035
v -4.197526 1.245215 -0.215025 0.2934 0.2934 0.3035
v -1.890733 -0.560733 -0.344052 0.2934 0.2934 0.3035
v -4.099077 -1.146767 -0.079227 0.2934 0.2934 0.3035
v -3.315724 -0.754184 -0.215025 0.2934 0.2934 0.3035
v -4.084276 -1.175815 -0.215025 0.2934 0.2934 0.3035
v -1.839135 -0.509135 -0.463129 0.2934 0.2934 0.3035
v -3.339987 -0.706565 -0.344052 0.2934 0.2934 0.3035
v -4.060013 -1.223435 -0.344052 0.2934 0.2934 0.3035
v -1.775000 -0.445000 -0.569325 0.2934 0.2934 0.3035
v -4.026885 -1.288452 -0.463129 0.2934 0.2934 0.3035
v -4.166111 1.288453 -0.344052 0.2934 0.2934 0.3035
v -3.985708 -1.369267 -0.569325 0.2934 0.2934 0.3035
v -4.123220 1.347487 -0.463129 0.2934 0.2934 0.3035
v -3.937495 -1.463888 -0.660025 0.2934 0.2934 0.3035
v -3.883436 -1.569987 -0.732996 0.2934 0.2934 0.3035
v -1.699908 -0.369908 -0.660025 0.2934 0.2934 0.3035
v -3.373116 -0.641547 -0.463129 0.2934 0.2934 0.3035
v -3.824859 -1.684951 -0.786440 0.2934 0.2934 0.3035
v -3.763208 -1.805948 -0.819043 0.2934 0.2934 0.3035
v -1.615708 -0.285708 -0.732996 0.2934 0.2934 0.3035
v -3.414292 -0.560733 -0.569325 0.2934 0.2934 0.3035
v -1.524472 -0.194472 -0.786440 0.2934 0.2934 0.3035
v -1.428448 -0.098448 -0.819043 0.2934 0.2934 0.3035
v -4.069908 1.420865 -0.569325 0.2934 0.2934 0.3035
v -3.462505 -0.466111 -0.660025 0.2934 0.2934 0.3035
v -4.007488 1.506780 -0.660025 0.2934 0.2934 0.3035
v -3.516564 -0.360013 -0.732996 0.2934 0.2934 0.3035
v -3.937496 1.603115 -0.732996 0.2934 0.2934 0.3035
v -3.575141 -0.245049 -0.786440 0.2934 0.2934 0.3035
v -3.861656 1.707500 -0.786440 0.2934 0.2934 0.3035
v -3.636792 -0.124052 -0.819043 0.2934 0.2934 0.3035
v -3.971639 -1.093981 -0.079227 0.2934 0.2934 0.3035
v -3.781836 1.817363 -0.819043 0.2934 0.2934 0.3035
v -3.961564 -1.124987 -0.215025 0.2934 0.2934 0.3035
v -4.321577 1.308423 -0.079227 0.2934 0.2934 0.3035
v -3.945049 -1.175815 -0.344052 0.2934 0.2934 0.3035
v -3.922500 -1.245215 -0.463129 0.2934 0.2934 0.3035
v -4.298524 1.331476 -0.215025 0.2934 0.2934 0.3035
v -2.041161 -0.516688 -0.079227 0.2934 0.2934 0.3035
v -3.894472 -1.331475 -0.569325 0.2934 0.2934 0.3035
v -3.861656 -1.432474 -0.660025 0.2934 0.2934 0.3035
v -0.493981 1.658361 -0.079227 0.2934 0.2934 0.3035
v -3.824859 -1.545724 -0.732996 0.2934 0.2934 0.3035
v -4.260733 1.369267 -0.344052 0.2934 0.2934 0.3035
v -2.014785 -0.497525 -0.215025 0.2934 0.2934 0.3035
v -3.784987 -1.668435 -0.786440 0.2934 0.2934 0.3035
v -1.971548 -0.466111 -0.344052 0.2934 0.2934 0.3035
v -3.743023 -1.797587 -0.819043 0.2934 0.2934 0.3035
v -0.524987 1.668435 -0.215025 0.2934 0.2934 0.3035
v -4.209135 1.420865 -0.463129 0.2934 0.2934 0.3035
v -1.912513 -0.423220 -0.463129 0.2934 0.2934 0.3035
v -0.575816 1.684951 -0.344052 0.2934 0.2934 0.3035
v -1.839135 -0.369908 -0.569325 0.2934 0.2934 0.3035
v -4.145000 1.485000 -0.569325 0.2934 0.2934 0.3035
v -1.753221 -0.307487 -0.660025 0.2934 0.2934 0.3035
v -0.645215 1.707500 -0.463129 0.2934 0.2934 0.3035
v -1.656885 -0.237496 -0.732996 0.2934 0.2934 0.3035
v -4.069908 1.560092 -0.660025 0.2934 0.2934 0.3035
v -3.837512 -1.061780 -0.079227 0.2934 0.2934 0.3035
v -1.552500 -0.161656 -0.786440 0.2934 0.2934 0.3035
v -0.731476 1.735528 -0.569325 0.2934 0.2934 0.3035
v -3.832412 -1.093980 -0.215025 0.2934 0.2934 0.3035
v -1.442637 -0.081835 -0.819043 0.2934 0.2934 0.3035
v -3.824052 -1.146767 -0.344052 0.2934 0.2934 0.3035
v -3.812637 -1.218839 -0.463129 0.2934 0.2934 0.3035
v -3.428361 -0.836019 -0.079227 0.2934 0.2934 0.3035
v -3.798448 -1.308422 -0.569325 0.2934 0.2934 0.3035
v -3.438436 -0.805013 -0.215025 0.2934 0.2934 0.3035
v -3.781835 -1.413311 -0.660025 0.2934 0.2934 0.3035
v -3.985708 1.644292 -0.732996 0.2934 0.2934 0.3035
v -3.763208 -1.530923 -0.732996 0.2934 0.2934 0.3035
v -3.454951 -0.754184 -0.344052 0.2934 0.2934 0.3035
v -0.832475 1.768344 -0.660025 0.2934 0.2934 0.3035
v -3.743023 -1.658361 -0.786440 0.2934 0.2934 0.3035
v -3.477500 -0.684785 -0.463129 0.2934 0.2934 0.3035
v -3.721780 -1.792487 -0.819043 0.2934 0.2934 0.3035
v -3.894472 1.735528 -0.786440 0.2934 0.2934 0.3035
v -0.945724 1.805141 -0.732996 0.2934 0.2934 0.3035
v -3.505528 -0.598524 -0.569325 0.2934 0.2934 0.3035
v -3.798448 1.831552 -0.819043 0.2934 0.2934 0.3035
v -3.538344 -0.497525 -0.660025 0.2934 0.2934 0.3035
v -3.700000 -1.137003 -0.344052 0.2934 0.2934 0.3035
v -2.113233 -0.399077 -0.079227 0.2934 0.2934 0.3035
v -3.700000 -1.654975 -0.786440 0.2934 0.2934 0.3035
v -2.084185 -0.384276 -0.215025 0.2934 0.2934 0.3035
v -3.700000 -1.790773 -0.819043 0.2934 0.2934 0.3035
v -3.575141 -0.384276 -0.732996 0.2934 0.2934 0.3035
v -2.036565 -0.360013 -0.344052 0.2934 0.2934 0.3035
v -1.068436 1.845012 -0.786440 0.2934 0.2934 0.3035
v -1.971547 -0.326885 -0.463129 0.2934 0.2934 0.3035
v -3.615013 -0.261564 -0.786440 0.2934 0.2934 0.3035
v -1.890733 -0.285708 -0.569325 0.2934 0.2934 0.3035
v -4.411160 1.413312 -0.079227 0.2934 0.2934 0.3035
v -1.796112 -0.237496 -0.660025 0.2934 0.2934 0.3035
v -3.656977 -0.132413 -0.819043 0.2934 0.2934 0.3035
v -4.384785 1.432475 -0.215025 0.2934 0.2934 0.3035
v -1.690013 -0.183436 -0.732996 0.2934 0.2934 0.3035
v -1.575049 -0.124859 -0.786440 0.2934 0.2934 0.3035
v -1.197588 1.886976 -0.819043 0.2934 0.2934 0.3035
v -4.341547 1.463889 -0.344052 0.2934 0.2934 0.3035
v -1.454052 -0.063208 -0.819043 0.2934 0.2934 0.3035
v -4.282513 1.506780 -0.463129 0.2934 0.2934 0.3035
v -4.209135 1.560092 -0.569325 0.2934 0.2934 0.3035
v -4.123220 1.622512 -0.660025 0.2934 0.2934 0.3035
v -4.026885 1.692504 -0.732996 0.2934 0.2934 0.3035
v -3.922500 1.768344 -0.786440 0.2934 0.2934 0.3035
v -3.812637 1.848165 -0.819043 0.2934 0.2934 0.3035
v -4.483233 1.530923 -0.079227 0.2934 0.2934 0.3035
v -4.454185 1.545724 -0.215025 0.2934 0.2934 0.3035
v -4.406565 1.569987 -0.344052 0.2934 0.2934 0.3035
v -3.562488 -0.868220 -0.079227 0.2934 0.2934 0.3035
v -0.546767 1.530923 -0.079227 0.2934 0.2934 0.3035
v -2.166019 -0.271639 -0.079227 0.2934 0.2934 0.3035
v -3.567588 -0.836020 -0.215025 0.2934 0.2934 0.3035
v -2.135013 -0.261564 -0.215025 0.2934 0.2934 0.3035
v -3.575948 -0.783233 -0.344052 0.2934 0.2934 0.3035
v -2.084184 -0.245049 -0.344052 0.2934 0.2934 0.3035
v -4.341547 1.603115 -0.463129 0.2934 0.2934 0.3035
v -2.014785 -0.222500 -0.463129 0.2934 0.2934 0.3035
v -3.587363 -0.711161 -0.463129 0.2934 0.2934 0.3035
v -1.928524 -0.194472 -0.569325 0.2934 0.2934 0.3035
v -0.575816 1.545724 -0.215025 0.2934 0.2934 0.3035
v -1.827525 -0.161656 -0.660025 0.2934 0.2934 0.3035
v -3.601552 -0.621577 -0.569325 0.2934 0.2934 0.3035
v -1.714276 -0.124859 -0.732996 0.2934 0.2934 0.3035
v -4.260733 1.644292 -0.569325 0.2934 0.2934 0.3035
v -1.591565 -0.084987 -0.786440 0.2934 0.2934 0.3035
v -1.462413 -0.043023 -0.819043 0.2934 0.2934 0.3035
v -0.623435 1.569987 -0.344052 0.2934 0.2934 0.3035
v -3.618165 -0.516688 -0.660025 0.2934 0.2934 0.3035
v -3.636792 -0.399077 -0.732996 0.2934 0.2934 0.3035
v -4.166111 1.692504 -0.660025 0.2934 0.2934 0.3035
v -0.688453 1.603115 -0.463129 0.2934 0.2934 0.3035
v -3.656977 -0.271639 -0.786440 0.2934 0.2934 0.3035
v -3.678220 -0.137513 -0.819043 0.2934 0.2934 0.3035
v -4.060013 1.746564 -0.732996 0.2934 0.2934 0.3035
v -0.769267 1.644292 -0.569325 0.2934 0.2934 0.3035
v -3.945049 1.805141 -0.786440 0.2934 0.2934 0.3035
v -0.863889 1.692504 -0.660025 0.2934 0.2934 0.3035
v -3.824052 1.866792 -0.819043 0.2934 0.2934 0.3035
v -2.198220 -0.137512 -0.079227 0.2934 0.2934 0.3035
v -4.536019 1.658361 -0.079227 0.2934 0.2934 0.3035
v -2.166020 -0.132412 -0.215025 0.2934 0.2934 0.3035
v -0.969987 1.746564 -0.732996 0.2934 0.2934 0.3035
v -2.113233 -0.124052 -0.344052 0.2934 0.2934 0.3035
v -2.041161 -0.112637 -0.463129 0.2934 0.2934 0.3035
v -4.505013 1.668436 -0.215025 0.2934 0.2934 0.3035
v -1.084951 1.805141 -0.786440 0.2934 0.2934 0.3035
v -1.951578 -0.098448 -0.569325 0.2934 0.2934 0.3035
v -4.454185 1.684951 -0.344052 0.2934 0.2934 0.3035
v -1.846689 -0.081835 -0.660025 0.2934 0.2934 0.3035
v -1.205948 1.866792 -0.819043 0.2934 0.2934 0.3035
v -1.729077 -0.063208 -0.732996 0.2934 0.2934 0.3035
v -1.601639 -0.043023 -0.786440 0.2934 0.2934 0.3035
v -4.384785 1.707500 -0.463129 0.2934 0.2934 0.3035
v -3.700000 -0.879043 -0.079227 0.2934 0.2934 0.3035
v -1.467513 -0.021780 -0.819043 0.2934 0.2934 0.3035
v -4.298524 1.735528 -0.569325 0.2934 0.2934 0.3035
v -3.700000 -0.846441 -0.215025 0.2934 0.2934 0.3035
v -3.700000 -0.792996 -0.344052 0.2934 0.2934 0.3035
v -4.197526 1.768344 -0.660025 0.2934 0.2934 0.3035
v -3.700000 -0.720025 -0.463129 0.2934 0.2934 0.3035
v -4.084276 1.805141 -0.732996 0.2934 0.2934 0.3035
v -3.961565 1.845013 -0.786440 0.2934 0.2934 0.3035
v -3.700000 -0.629325 -0.569325 0.2934 0.2934 0.3035
v -3.832413 1.886977 -0.819043 0.2934 0.2934 0.3035
v -3.700000 -0.523129 -0.660025 0.2934 0.2934 0.3035
v -2.209043 0.000000 -0.079227 0.2934 0.2934 0.3035
v -4.568220 1.792488 -0.079227 0.2934 0.2934 0.3035
v -3.700000 -0.404052 -0.732996 0.2934 0.2934 0.3035
v -2.176441 0.000000 -0.215025 0.2934 0.2934 0.3035
v -2.122996 0.000000 -0.344052 0.2934 0.2934 0.3035
v -4.536020 1.797588 -0.215025 0.2934 0.2934 0.3035
v -2.050025 0.000000 -0.463129 0.2934 0.2934 0.3035
v -3.700000 -0.275025 -0.786440 0.2934 0.2934 0.3035
v -1.959326 0.000000 -0.569325 0.2934 0.2934 0.3035
v -3.700000 -0.139227 -0.819043 0.2934 0.2934 0.3035
v -4.483233 1.805948 -0.344052 0.2934 0.2934 0.3035
v -1.853129 0.000000 -0.660025 0.2934 0.2934 0.3035
v -4.411161 1.817363 -0.463129 0.2934 0.2934 0.3035
v -1.734052 0.000000 -0.732996 0.2934 0.2934 0.3035
v -4.321578 1.831552 -0.569325 0.2934 0.2934 0.3035
v -1.605025 0.000000 -0.786440 0.2934 0.2934 0.3035
v -0.618840 1.413312 -0.079227 0.2934 0.2934 0.3035
v -1.469227 0.000000 -0.819043 0.2934 0.2934 0.3035
v -0.645215 1.432474 -0.215025 0.2934 0.2934 0.3035
v -4.216689 1.848165 -0.660025 0.2934 0.2934 0.3035
v -0.688453 1.463888 -0.344052 0.2934 0.2934 0.3035
v -4.099077 1.866792 -0.732996 0.2934 0.2934 0.3035
v -3.971639 1.886977 -0.786440 0.2934 0.2934 0.3035
v -0.747487 1.506780 -0.463129 0.2934 0.2934 0.3035
v -0.820865 1.560092 -0.569325 0.2934 0.2934 0.3035
v -3.837513 1.908220 -0.819043 0.2934 0.2934 0.3035
v -3.837513 -0.868220 -0.079227 0.2934 0.2934 0.3035
v -0.906780 1.622512 -0.660025 0.2934 0.2934 0.3035
v -2.198220 0.137513 -0.079227 0.2934 0.2934 0.3035
v -3.832413 -0.836020 -0.215025 0.2934 0.2934 0.3035
v -2.166020 0.132413 -0.215025 0.2934 0.2934 0.3035
v -3.824052 -0.783233 -0.344052 0.2934 0.2934 0.3035
v -2.113233 0.124052 -0.344052 0.2934 0.2934 0.3035
v -4.579043 1.930000 -0.079227 0.2934 0.2934 0.3035
v -2.041161 0.112637 -0.463129 0.2934 0.2934 0.3035
v -1.003115 1.692504 -0.732996 0.2934 0.2934 0.3035
v -1.951578 0.098448 -0.569325 0.2934 0.2934 0.3035
v -3.812637 -0.711161 -0.463129 0.2934 0.2934 0.3035
v -1.846689 0.081836 -0.660025 0.2934 0.2934 0.3035
v -3.798448 -0.621577 -0.569325 0.2934 0.2934 0.3035
v -4.546441 1.930000 -0.215025 0.2934 0.2934 0.3035
v -1.729077 0.063208 -0.732996 0.2934 0.2934 0.3035
v -1.601639 0.043024 -0.786440 0.2934 0.2934 0.3035
v -3.781836 -0.516688 -0.660025 0.2934 0.2934 0.3035
v -1.107500 1.768344 -0.786440 0.2934 0.2934 0.3035
v -1.467513 0.021780 -0.819043 0.2934 0.2934 0.3035
v -3.763208 -0.399077 -0.732996 0.2934 0.2934 0.3035
v -4.492996 1.930000 -0.344052 0.2934 0.2934 0.3035
v -1.217363 1.848165 -0.819043 0.2934 0.2934 0.3035
v -3.743023 -0.271639 -0.786440 0.2934 0.2934 0.3035
v -3.721780 -0.137513 -0.819043 0.2934 0.2934 0.3035
v -4.420025 1.930000 -0.463129 0.2934 0.2934 0.3035
v -4.329326 1.930000 -0.569325 0.2934 0.2934 0.3035
v -4.223129 1.930000 -0.660025 0.2934 0.2934 0.3035
v -4.104052 1.930000 -0.732996 0.2934 0.2934 0.3035
v -3.975025 1.930000 -0.786440 0.2934 0.2934 0.3035
v -2.166019 0.271639 -0.079227 0.2934 0.2934 0.3035
v -3.839227 1.930000 -0.819043 0.2934 0.2934 0.3035
v -2.135013 0.261565 -0.215025 0.2934 0.2934 0.3035
v -4.568220 2.067513 -0.079227 0.2934 0.2934 0.3035
v -4.536020 2.062413 -0.215025 0.2934 0.2934 0.3035
v -2.084184 0.245050 -0.344052 0.2934 0.2934 0.3035
v -2.014785 0.222500 -0.463129 0.2934 0.2934 0.3035
v -4.483233 2.054052 -0.344052 0.2934 0.2934 0.3035
v -4.411161 2.042637 -0.463129 0.2934 0.2934 0.3035
v -1.928524 0.194473 -0.569325 0.2934 0.2934 0.3035
v -4.321578 2.028448 -0.569325 0.2934 0.2934 0.3035
v -1.827525 0.161656 -0.660025 0.2934 0.2934 0.3035
v -1.714276 0.124859 -0.732996 0.2934 0.2934 0.3035
v -4.216689 2.011836 -0.660025 0.2934 0.2934 0.3035
v -3.971639 -0.836019 -0.079227 0.2934 0.2934 0.3035
v -1.591565 0.084988 -0.786440 0.2934 0.2934 0.3035
v -0.708423 1.308423 -0.079227 0.2934 0.2934 0.3035
v -1.462413 0.043024 -0.819043 0.2934 0.2934 0.3035
v -3.961565 -0.805013 -0.215025 0.2934 0.2934 0.3035
v -4.099077 1.993208 -0.732996 0.2934 0.2934 0.3035
v -3.945050 -0.754184 -0.344052 0.2934 0.2934 0.3035
v -0.731476 1.331476 -0.215025 0.2934 0.2934 0.3035
v -3.922500 -0.684785 -0.463129 0.2934 0.2934 0.3035
v -3.971639 1.973023 -0.786440 0.2934 0.2934 0.3035
v -3.894472 -0.598524 -0.569325 0.2934 0.2934 0.3035
v -0.769267 1.369267 -0.344052 0.2934 0.2934 0.3035
v -3.861656 -0.497525 -0.660025 0.2934 0.2934 0.3035
v -3.824859 -0.384276 -0.732996 0.2934 0.2934 0.3035
v -3.837513 1.951780 -0.819043 0.2934 0.2934 0.3035
v -2.113233 0.399077 -0.079227 0.2934 0.2934 0.3035
v -3.784987 -0.261564 -0.786440 0.2934 0.2934 0.3035
v -2.084184 0.384276 -0.215025 0.2934 0.2934 0.3035
v -0.820865 1.420865 -0.463129 0.2934 0.2934 0.3035
v -2.036565 0.360013 -0.344052 0.2934 0.2934 0.3035
v -3.743024 -0.132413 -0.819043 0.2934 0.2934 0.3035
v -1.971547 0.326885 -0.463129 0.2934 0.2934 0.3035
v -0.885000 1.485000 -0.569325 0.2934 0.2934 0.3035
v -1.890733 0.285708 -0.569325 0.2934 0.2934 0.3035
v -1.796111 0.237496 -0.660025 0.2934 0.2934 0.3035
v -4.536019 2.201639 -0.079227 0.2934 0.2934 0.3035
v -0.960092 1.560092 -0.660025 0.2934 0.2934 0.3035
v -1.690013 0.183436 -0.732996 0.2934 0.2934 0.3035
v -1.575049 0.124859 -0.786440 0.2934 0.2934 0.3035
v -4.505013 2.191565 -0.215025 0.2934 0.2934 0.3035
v -1.454052 0.063208 -0.819043 0.2934 0.2934 0.3035
v -1.044292 1.644292 -0.732996 0.2934 0.2934 0.3035
v -4.454185 2.175050 -0.344052 0.2934 0.2934 0.3035
v -1.135528 1.735528 -0.786440 0.2934 0.2934 0.3035
v -4.384785 2.152500 -0.463129 0.2934 0.2934 0.3035
v -4.298524 2.124473 -0.569325 0.2934 0.2934 0.3035
v -1.231552 1.831552 -0.819043 0.2934 0.2934 0.3035
v -4.197526 2.091656 -0.660025 0.2934 0.2934 0.3035
v -4.099077 -0.783233 -0.079227 0.2934 0.2934 0.3035
v -4.084276 2.054859 -0.732996 0.2934 0.2934 0.3035
v -4.084276 -0.754184 -0.215025 0.2934 0.2934 0.3035
v -3.961565 2.014987 -0.786440 0.2934 0.2934 0.3035
v -4.060013 -0.706565 -0.344052 0.2934 0.2934 0.3035
v -2.041160 0.516689 -0.079227 0.2934 0.2934 0.3035
v -2.014785 0.497526 -0.215025 0.2934 0.2934 0.3035
v -3.832412 1.973023 -0.819043 0.2934 0.2934 0.3035
v -4.483232 2.329077 -0.079227 0.2934 0.2934 0.3035
v -1.971547 0.466112 -0.344052 0.2934 0.2934 0.3035
v -4.026885 -0.641547 -0.463129 0.2934 0.2934 0.3035
v -1.912513 0.423221 -0.463129 0.2934 0.2934 0.3035
v -1.839135 0.369909 -0.569325 0.2934 0.2934 0.3035
v -3.985708 -0.560733 -0.569325 0.2934 0.2934 0.3035
v -1.753220 0.307488 -0.660025 0.2934 0.2934 0.3035
v -4.454185 2.314276 -0.215025 0.2934 0.2934 0.3035
v -4.406565 2.290013 -0.344052 0.2934 0.2934 0.3035
v -1.656885 0.237496 -0.732996 0.2934 0.2934 0.3035
v -1.552500 0.161656 -0.786440 0.2934 0.2934 0.3035
v -3.937496 -0.466111 -0.660025 0.2934 0.2934 0.3035
v -1.442637 0.081836 -0.819043 0.2934 0.2934 0.3035
v -4.341547 2.256885 -0.463129 0.2934 0.2934 0.3035
v -3.883436 -0.360013 -0.732996 0.2934 0.2934 0.3035
v -4.260733 2.215708 -0.569325 0.2934 0.2934 0.3035
v -3.824859 -0.245049 -0.786440 0.2934 0.2934 0.3035
v -4.166111 2.167496 -0.660025 0.2934 0.2934 0.3035
v -3.763208 -0.124052 -0.819043 0.2934 0.2934 0.3035
v -0.813312 1.218840 -0.079227 0.2934 0.2934 0.3035
v -4.060013 2.113436 -0.732996 0.2934 0.2934 0.3035
v -0.832475 1.245215 -0.215025 0.2934 0.2934 0.3035
v -3.945049 2.054859 -0.786440 0.2934 0.2934 0.3035
v -3.824052 1.993208 -0.819043 0.2934 0.2934 0.3035
v -1.951577 0.621577 -0.079227 0.2934 0.2934 0.3035
v -0.863889 1.288453 -0.344052 0.2934 0.2934 0.3035
v -1.928524 0.598524 -0.215025 0.2934 0.2934 0.3035
v -4.411160 2.446689 -0.079227 0.2934 0.2934 0.3035
v -0.906780 1.347487 -0.463129 0.2934 0.2934 0.3035
v -1.890733 0.560733 -0.344052 0.2934 0.2934 0.3035
v -1.839135 0.509135 -0.463129 0.2934 0.2934 0.3035
v -4.384785 2.427526 -0.215025 0.2934 0.2934 0.3035
v -0.960092 1.420865 -0.569325 0.2934 0.2934 0.3035
v -1.775000 0.445001 -0.569325 0.2934 0.2934 0.3035
v -1.699908 0.369908 -0.660025 0.2934 0.2934 0.3035
v -4.341547 2.396112 -0.344052 0.2934 0.2934 0.3035
v -4.216689 -0.711160 -0.079227 0.2934 0.2934 0.3035
v -1.615708 0.285708 -0.732996 0.2934 0.2934 0.3035
v -1.524472 0.194472 -0.786440 0.2934 0.2934 0.3035
v -4.197526 -0.684785 -0.215025 0.2934 0.2934 0.3035
v -1.022513 1.506780 -0.660025 0.2934 0.2934 0.3035
v -1.428448 0.098448 -0.819043 0.2934 0.2934 0.3035
v -4.166111 -0.641547 -0.344052 0.2934 0.2934 0.3035
v -1.092505 1.603115 -0.732996 0.2934 0.2934 0.3035
v -4.123220 -0.582513 -0.463129 0.2934 0.2934 0.3035
v -4.282513 2.353220 -0.463129 0.2934 0.2934 0.3035
v -4.209135 2.299909 -0.569325 0.2934 0.2934 0.3035
v -4.069908 -0.509135 -0.569325 0.2934 0.2934 0.3035
v -4.007488 -0.423220 -0.660025 0.2934 0.2934 0.3035
v -1.168344 1.707500 -0.786440 0.2934 0.2934 0.3035
v -3.937496 -0.326885 -0.732996 0.2934 0.2934 0.3035
v -4.123220 2.237488 -0.660025 0.2934 0.2934 0.3035
v -1.248165 1.817363 -0.819043 0.2934 0.2934 0.3035
v -1.846688 0.711161 -0.079227 0.2934 0.2934 0.3035
v -3.861656 -0.222500 -0.786440 0.2934 0.2934 0.3035
v -1.827525 0.684785 -0.215025 0.2934 0.2934 0.3035
v -3.781836 -0.112637 -0.819043 0.2934 0.2934 0.3035
v -1.796111 0.641548 -0.344052 0.2934 0.2934 0.3035
v -4.026885 2.167496 -0.732996 0.2934 0.2934 0.3035
v -1.753220 0.582513 -0.463129 0.2934 0.2934 0.3035
v -1.699908 0.509135 -0.569325 0.2934 0.2934 0.3035
v -3.922500 2.091656 -0.786440 0.2934 0.2934 0.3035
v -3.812637 2.011835 -0.819043 0.2934 0.2934 0.3035
v -1.637487 0.423221 -0.660025 0.2934 0.2934 0.3035
v -1.567496 0.326885 -0.732996 0.2934 0.2934 0.3035
v -4.321577 2.551577 -0.079227 0.2934 0.2934 0.3035
v -1.491656 0.222500 -0.786440 0.2934 0.2934 0.3035
v -4.298524 2.528524 -0.215025 0.2934 0.2934 0.3035
v -1.411835 0.112637 -0.819043 0.2934 0.2934 0.3035
v -4.260733 2.490733 -0.344052 0.2934 0.2934 0.3035
v -4.209135 2.439135 -0.463129 0.2934 0.2934 0.3035
v -4.145000 2.375000 -0.569325 0.2934 0.2934 0.3035
v -4.069908 2.299908 -0.660025 0.2934 0.2934 0.3035
v -3.985708 2.215708 -0.732996 0.2934 0.2934 0.3035
v -3.894472 2.124472 -0.786440 0.2934 0.2934 0.3035
v -0.930923 1.146767 -0.079227 0.2934 0.2934 0.3035
v -4.321577 -0.621577 -0.079227 0.2934 0.2934 0.3035
v -3.798448 2.028448 -0.819043 0.2934 0.2934 0.3035
v -4.298524 -0.598524 -0.215025 0.2934 0.2934 0.3035
v -0.945724 1.175816 -0.215025 0.2934 0.2934 0.3035
v -4.260733 -0.560733 -0.344052 0.2934 0.2934 0.3035
v -1.729077 0.783233 -0.079227 0.2934 0.2934 0.3035
v -1.714276 0.754185 -0.215025 0.2934 0.2934 0.3035
v -0.969987 1.223435 -0.344052 0.2934 0.2934 0.3035
v -4.209135 -0.509135 -0.463129 0.2934 0.2934 0.3035
v -1.690013 0.706565 -0.344052 0.2934 0.2934 0.3035
v -4.216688 2.641160 -0.079227 0.2934 0.2934 0.3035
v -1.656885 0.641548 -0.463129 0.2934 0.2934 0.3035
v -4.145000 -0.445000 -0.569325 0.2934 0.2934 0.3035
v -1.615708 0.560733 -0.569325 0.2934 0.2934 0.3035
v -4.069908 -0.369908 -0.660025 0.2934 0.2934 0.3035
v -1.567495 0.466112 -0.660025 0.2934 0.2934 0.3035
v -1.003115 1.288453 -0.463129 0.2934 0.2934 0.3035
v -1.513436 0.360013 -0.732996 0.2934 0.2934 0.3035
v -3.985708 -0.285708 -0.732996 0.2934 0.2934 0.3035
v -1.454859 0.245049 -0.786440 0.2934 0.2934 0.3035
v -1.393208 0.124052 -0.819043 0.2934 0.2934 0.3035
v -4.197526 2.614785 -0.215025 0.2934 0.2934 0.3035
v -4.166111 2.571548 -0.344052 0.2934 0.2934 0.3035
v -3.894472 -0.194472 -0.786440 0.2934 0.2934 0.3035
v -3.798448 -0.098448 -0.819043 0.2934 0.2934 0.3035
v -1.044292 1.369267 -0.569325 0.2934 0.2934 0.3035
v -4.123220 2.512513 -0.463129 0.2934 0.2934 0.3035
v -1.092505 1.463889 -0.660025 0.2934 0.2934 0.3035
v -4.069908 2.439135 -0.569325 0.2934 0.2934 0.3035
v -1.146564 1.569987 -0.732996 0.2934 0.2934 0.3035
v -4.007487 2.353220 -0.660025 0.2934 0.2934 0.3035
v -1.205141 1.684951 -0.786440 0.2934 0.2934 0.3035
v -1.601639 0.836019 -0.079227 0.2934 0.2934 0.3035
v -1.266792 1.805948 -0.819043 0.2934 0.2934 0.3035
v -3.937496 2.256885 -0.732996 0.2934 0.2934 0.3035
v -1.591564 0.805013 -0.215025 0.2934 0.2934 0.3035
v -3.861656 2.152500 -0.786440 0.2934 0.2934 0.3035
v -1.575049 0.754185 -0.344052 0.2934 0.2934 0.3035
v -3.781836 2.042637 -0.819043 0.2934 0.2934 0.3035
v -1.552500 0.684785 -0.463129 0.2934 0.2934 0.3035
v -1.524472 0.598525 -0.569325 0.2934 0.2934 0.3035
v -4.411160 -0.516688 -0.079227 0.2934 0.2934 0.3035
v -1.491656 0.497525 -0.660025 0.2934 0.2934 0.3035
v -4.099077 2.713233 -0.079227 0.2934 0.2934 0.3035
v -1.454859 0.384276 -0.732996 0.2934 0.2934 0.3035
v -4.384785 -0.497525 -0.215025 0.2934 0.2934 0.3035
v -1.414987 0.261565 -0.786440 0.2934 0.2934 0.3035
v -4.084276 2.684185 -0.215025 0.2934 0.2934 0.3035
v -1.373023 0.132413 -0.819043 0.2934 0.2934 0.3035
v -4.341547 -0.466111 -0.344052 0.2934 0.2934 0.3035
v -4.060013 2.636565 -0.344052 0.2934 0.2934 0.3035
v -4.282513 -0.423220 -0.463129 0.2934 0.2934 0.3035
v -4.026885 2.571548 -0.463129 0.2934 0.2934 0.3035
v -4.209135 -0.369908 -0.569325 0.2934 0.2934 0.3035
v -3.985708 2.490733 -0.569325 0.2934 0.2934 0.3035
v -3.937495 2.396111 -0.660025 0.2934 0.2934 0.3035
v -4.123220 -0.307487 -0.660025 0.2934 0.2934 0.3035
v -3.883436 2.290013 -0.732996 0.2934 0.2934 0.3035
v -4.026885 -0.237496 -0.732996 0.2934 0.2934 0.3035
v -3.824859 2.175049 -0.786440 0.2934 0.2934 0.3035
v -1.467512 0.868220 -0.079227 0.2934 0.2934 0.3035
v -3.922500 -0.161656 -0.786440 0.2934 0.2934 0.3035
v -1.462412 0.836020 -0.215025 0.2934 0.2934 0.3035
v -3.763208 2.054052 -0.819043 0.2934 0.2934 0.3035
v -3.812637 -0.081835 -0.819043 0.2934 0.2934 0.3035
v -1.454052 0.783233 -0.344052 0.2934 0.2934 0.3035
v -1.442637 0.711161 -0.463129 0.2934 0.2934 0.3035
v -1.058361 1.093981 -0.079227 0.2934 0.2934 0.3035
v -1.428448 0.621578 -0.569325 0.2934 0.2934 0.3035
v -3.971639 2.766019 -0.079227 0.2934 0.2934 0.3035
v -1.068436 1.124987 -0.215025 0.2934 0.2934 0.3035
v -1.411835 0.516689 -0.660025 0.2934 0.2934 0.3035
v -1.393208 0.399077 -0.732996 0.2934 0.2934 0.3035
v -1.084951 1.175816 -0.344052 0.2934 0.2934 0.3035
v -3.961564 2.735013 -0.215025 0.2934 0.2934 0.3035
v -1.373023 0.271639 -0.786440 0.2934 0.2934 0.3035
v -1.351780 0.137513 -0.819043 0.2934 0.2934 0.3035
v -1.107500 1.245215 -0.463129 0.2934 0.2934 0.3035
v -3.945049 2.684185 -0.344052 0.2934 0.2934 0.3035
v -1.135528 1.331476 -0.569325 0.2934 0.2934 0.3035
v -3.922500 2.614785 -0.463129 0.2934 0.2934 0.3035
v -1.168344 1.432475 -0.660025 0.2934 0.2934 0.3035
v -1.330000 0.792996 -0.344052 0.2934 0.2934 0.3035
v -3.894472 2.528524 -0.569325 0.2934 0.2934 0.3035
v -1.330000 0.275025 -0.786440 0.2934 0.2934 0.3035
v -4.483233 -0.399077 -0.079227 0.2934 0.2934 0.3035
v -4.454185 -0.384276 -0.215025 0.2934 0.2934 0.3035
v -1.330000 0.139227 -0.819043 0.2934 0.2934 0.3035
v -1.205141 1.545724 -0.732996 0.2934 0.2934 0.3035
v -4.406565 -0.360013 -0.344052 0.2934 0.2934 0.3035
v -3.861656 2.427526 -0.660025 0.2934 0.2934 0.3035
v -1.245013 1.668435 -0.786440 0.2934 0.2934 0.3035
v -4.341547 -0.326885 -0.463129 0.2934 0.2934 0.3035
v -4.260733 -0.285708 -0.569325 0.2934 0.2934 0.3035
v -3.824859 2.314276 -0.732996 0.2934 0.2934 0.3035
v -4.166111 -0.237496 -0.660025 0.2934 0.2934 0.3035
v -1.286977 1.797587 -0.819043 0.2934 0.2934 0.3035
v -3.784987 2.191565 -0.786440 0.2934 0.2934 0.3035
v -4.060013 -0.183436 -0.732996 0.2934 0.2934 0.3035
v -3.945049 -0.124859 -0.786440 0.2934 0.2934 0.3035
v -3.743023 2.062413 -0.819043 0.2934 0.2934 0.3035
v -3.824052 -0.063208 -0.819043 0.2934 0.2934 0.3035
v -3.837512 2.798220 -0.079227 0.2934 0.2934 0.3035
v -3.832412 2.766020 -0.215025 0.2934 0.2934 0.3035
v -3.824052 2.713233 -0.344052 0.2934 0.2934 0.3035
v -3.812637 2.641161 -0.463129 0.2934 0.2934 0.3035
v -3.798448 2.551578 -0.569325 0.2934 0.2934 0.3035
v -3.781835 2.446689 -0.660025 0.2934 0.2934 0.3035
v -3.763208 2.329077 -0.732996 0.2934 0.2934 0.3035
v -3.743023 2.201639 -0.786440 0.2934 0.2934 0.3035
v -3.721780 2.067513 -0.819043 0.2934 0.2934 0.3035
v -1.192488 1.061780 -0.079227 0.2934 0.2934 0.3035
v -3.700000 2.722996 -0.344052 0.2934 0.2934 0.3035
v -1.197588 1.093980 -0.215025 0.2934 0.2934 0.3035
v -4.536019 -0.271639 -0.079227 0.2934 0.2934 0.3035
v -3.700000 2.205025 -0.786440 0.2934 0.2934 0.3035
v -4.505013 -0.261564 -0.215025 0.2934 0.2934 0.3035
v -1.205948 1.146767 -0.344052 0.2934 0.2934 0.3035
v -4.454185 -0.245049 -0.344052 0.2934 0.2934 0.3035
v -3.700000 2.069227 -0.819043 0.2934 0.2934 0.3035
v -4.384785 -0.222500 -0.463129 0.2934 0.2934 0.3035
v -4.298524 -0.194472 -0.569325 0.2934 0.2934 0.3035
v -1.217363 1.218839 -0.463129 0.2934 0.2934 0.3035
v -4.585279 1.930000 0.000000 0.2934 0.2934 0.3035
v -4.197526 -0.161656 -0.660025 0.2934 0.2934 0.3035
v -1.231552 1.308423 -0.569325 0.2934 0.2934 0.3035
v -4.084276 -0.124859 -0.732996 0.2934 0.2934 0.3035
v -4.541950 1.656434 0.000000 0.2934 0.2934 0.3035
v -3.961565 -0.084987 -0.786440 0.2934 0.2934 0.3035
v -1.248165 1.413311 -0.660025 0.2934 0.2934 0.3035
v -3.832413 -0.043023 -0.819043 0.2934 0.2934 0.3035
v -4.574379 1.791512 0.000000 0.2934 0.2934 0.3035
v -4.574379 2.068488 0.000000 0.2934 0.2934 0.3035
v -1.266793 1.530923 -0.732996 0.2934 0.2934 0.3035
v -1.286977 1.658361 -0.786440 0.2934 0.2934 0.3035
v -4.416205 1.409647 0.000000 0.2934 0.2934 0.3035
v -4.488789 1.528092 0.000000 0.2934 0.2934 0.3035
v -1.308220 1.792487 -0.819043 0.2934 0.2934 0.3035
v -4.488789 2.331908 0.000000 0.2934 0.2934 0.3035
v -4.541950 2.203566 0.000000 0.2934 0.2934 0.3035
v -4.416205 2.450354 0.000000 0.2934 0.2934 0.3035
v -4.325986 2.555986 0.000000 0.2934 0.2934 0.3035
v -4.568220 -0.137512 -0.079227 0.2934 0.2934 0.3035
v -4.220354 1.213795 0.000000 0.2934 0.2934 0.3035
v -4.536020 -0.132412 -0.215025 0.2934 0.2934 0.3035
v -4.220354 2.646205 0.000000 0.2934 0.2934 0.3035
v -4.483233 -0.124052 -0.344052 0.2934 0.2934 0.3035
v -3.915764 1.074174 0.000000 0.2934 0.2934 0.3035
v -4.411161 -0.112637 -0.463129 0.2934 0.2934 0.3035
v -3.838488 1.055621 0.000000 0.2934 0.2934 0.3035
v -4.321578 -0.098448 -0.569325 0.2934 0.2934 0.3035
v -3.838488 2.804379 0.000000 0.2934 0.2934 0.3035
v -4.216689 -0.081835 -0.660025 0.2934 0.2934 0.3035
v -3.973566 1.088050 0.000000 0.2934 0.2934 0.3035
v -4.099077 -0.063208 -0.732996 0.2934 0.2934 0.3035
v -3.971639 -0.043023 -0.786440 0.2934 0.2934 0.3035
v -1.330000 1.050957 -0.079227 0.2934 0.2934 0.3035
v -3.973566 2.771950 0.000000 0.2934 0.2934 0.3035
v -3.837513 -0.021780 -0.819043 0.2934 0.2934 0.3035
v -4.101908 1.141212 0.000000 0.2934 0.2934 0.3035
v -1.330000 1.083559 -0.215025 0.2934 0.2934 0.3035
v -4.101908 2.718789 0.000000 0.2934 0.2934 0.3035
v -1.330000 1.137004 -0.344052 0.2934 0.2934 0.3035
v -1.330000 1.209975 -0.463129 0.2934 0.2934 0.3035
v -4.325986 1.304014 0.000000 0.2934 0.2934 0.3035
v -1.330000 1.300675 -0.569325 0.2934 0.2934 0.3035
v -3.561512 1.055621 0.000000 0.2934 0.2934 0.3035
v -3.561512 2.804379 0.000000 0.2934 0.2934 0.3035
v -1.330000 1.406871 -0.660025 0.2934 0.2934 0.3035
v -4.579043 0.000000 -0.079227 0.2934 0.2934 0.3035
v -3.298092 1.141211 0.000000 0.2934 0.2934 0.3035
v -4.546441 0.000000 -0.215025 0.2934 0.2934 0.3035
v -1.330000 1.525948 -0.732996 0.2934 0.2934 0.3035
v -4.492996 0.000000 -0.344052 0.2934 0.2934 0.3035
v -1.330000 1.654975 -0.786440 0.2934 0.2934 0.3035
v -4.420025 0.000000 -0.463129 0.2934 0.2934 0.3035
v -3.179647 2.646205 0.000000 0.2934 0.2934 0.3035
v -4.329326 0.000000 -0.569325 0.2934 0.2934 0.3035
v -1.330000 1.790773 -0.819043 0.2934 0.2934 0.3035
v -4.223129 0.000000 -0.660025 0.2934 0.2934 0.3035
v -3.179647 1.213795 0.000000 0.2934 0.2934 0.3035
v -3.298092 2.718788 0.000000 0.2934 0.2934 0.3035
v -4.104052 0.000000 -0.732996 0.2934 0.2934 0.3035
v -3.975025 0.000000 -0.786440 0.2934 0.2934 0.3035
v -3.426434 1.088050 0.000000 0.2934 0.2934 0.3035
v -3.426434 2.771949 0.000000 0.2934 0.2934 0.3035
v -3.839227 0.000000 -0.819043 0.2934 0.2934 0.3035
v -2.911211 1.528092 0.000000 0.2934 0.2934 0.3035
v -2.983795 1.409647 0.000000 0.2934 0.2934 0.3035
v -2.983795 2.450353 0.000000 0.2934 0.2934 0.3035
v -2.858051 2.203566 0.000000 0.2934 0.2934 0.3035
v -2.814722 1.930000 0.000000 0.2934 0.2934 0.3035
v -2.825621 1.791512 0.000000 0.2934 0.2934 0.3035
v -2.825621 2.068488 0.000000 0.2934 0.2934 0.3035
v -2.858051 1.656434 0.000000 0.2934 0.2934 0.3035
v -1.467513 1.061780 -0.079227 0.2934 0.2934 0.3035
v -2.911211 2.331908 0.000000 0.2934 0.2934 0.3035
v -4.568220 0.137513 -0.079227 0.2934 0.2934 0.3035
v -1.462413 1.093980 -0.215025 0.2934 0.2934 0.3035
v -3.074014 2.555986 0.000000 0.2934 0.2934 0.3035
v -4.536020 0.132413 -0.215025 0.2934 0.2934 0.3035
v -4.483233 0.124052 -0.344052 0.2934 0.2934 0.3035
v -1.454052 1.146767 -0.344052 0.2934 0.2934 0.3035
v -3.074014 1.304014 0.000000 0.2934 0.2934 0.3035
v -4.411161 0.112637 -0.463129 0.2934 0.2934 0.3035
v -4.321578 0.098448 -0.569325 0.2934 0.2934 0.3035
v -1.442637 1.218839 -0.463129 0.2934 0.2934 0.3035
v -3.700000 1.044722 0.000000 0.2934 0.2934 0.3035
v -4.216689 0.081836 -0.660025 0.2934 0.2934 0.3035
v -4.099077 0.063208 -0.732996 0.2934 0.2934 0.3035
v -1.428448 1.308423 -0.569325 0.2934 0.2934 0.3035
v -3.971639 0.043024 -0.786440 0.2934 0.2934 0.3035
v -3.700000 2.815278 0.000000 0.2934 0.2934 0.3035
v -1.411836 1.413311 -0.660025 0.2934 0.2934 0.3035
v -3.837513 0.021780 -0.819043 0.2934 0.2934 0.3035
v -1.393208 1.530923 -0.732996 0.2934 0.2934 0.3035
v -1.373024 1.658361 -0.786440 0.2934 0.2934 0.3035
v -1.351780 1.792487 -0.819043 0.2934 0.2934 0.3035
v -1.601639 1.093981 -0.079227 0.2934 0.2934 0.3035
v -1.591565 1.124987 -0.215025 0.2934 0.2934 0.3035
v -1.575050 1.175816 -0.344052 0.2934 0.2934 0.3035
v -1.552500 1.245215 -0.463129 0.2934 0.2934 0.3035
v -1.524472 1.331476 -0.569325 0.2934 0.2934 0.3035
v -1.491656 1.432475 -0.660025 0.2934 0.2934 0.3035
v -1.454859 1.545724 -0.732996 0.2934 0.2934 0.3035
v -4.536019 0.271639 -0.079227 0.2934 0.2934 0.3035
v -1.414988 1.668435 -0.786440 0.2934 0.2934 0.3035
v -4.505013 0.261565 -0.215025 0.2934 0.2934 0.3035
v -1.373024 1.797587 -0.819043 0.2934 0.2934 0.3035
v -4.454185 0.245050 -0.344052 0.2934 0.2934 0.3035
v -1.729077 1.146767 -0.079227 0.2934 0.2934 0.3035
v -1.714276 1.175816 -0.215025 0.2934 0.2934 0.3035
v -4.384785 0.222500 -0.463129 0.2934 0.2934 0.3035
v -4.298524 0.194473 -0.569325 0.2934 0.2934 0.3035
v -1.690013 1.223435 -0.344052 0.2934 0.2934 0.3035
v -1.656885 1.288453 -0.463129 0.2934 0.2934 0.3035
v -4.197526 0.161656 -0.660025 0.2934 0.2934 0.3035
v -1.615708 1.369267 -0.569325 0.2934 0.2934 0.3035
v -4.084276 0.124859 -0.732996 0.2934 0.2934 0.3035
v -1.567496 1.463889 -0.660025 0.2934 0.2934 0.3035
v -3.961565 0.084988 -0.786440 0.2934 0.2934 0.3035
v -1.513436 1.569987 -0.732996 0.2934 0.2934 0.3035
v -3.832412 0.043024 -0.819043 0.2934 0.2934 0.3035
v -1.454859 1.684951 -0.786440 0.2934 0.2934 0.3035
v -1.393208 1.805948 -0.819043 0.2934 0.2934 0.3035
v -1.846689 1.218840 -0.079227 0.2934 0.2934 0.3035
v -1.827526 1.245215 -0.215025 0.2934 0.2934 0.3035
v -1.796112 1.288453 -0.344052 0.2934 0.2934 0.3035
v -1.753220 1.347487 -0.463129 0.2934 0.2934 0.3035
v -1.699908 1.420865 -0.569325 0.2934 0.2934 0.3035
v -1.637488 1.506780 -0.660025 0.2934 0.2934 0.3035
v -1.567496 1.603115 -0.732996 0.2934 0.2934 0.3035
v -1.491656 1.707500 -0.786440 0.2934 0.2934 0.3035
v -4.483232 0.399077 -0.079227 0.2934 0.2934 0.3035
v -1.411836 1.817363 -0.819043 0.2934 0.2934 0.3035
v -4.454185 0.384276 -0.215025 0.2934 0.2934 0.3035
v -1.951577 1.308423 -0.079227 0.2934 0.2934 0.3035
v -1.928524 1.331476 -0.215025 0.2934 0.2934 0.3035
v -4.406565 0.360013 -0.344052 0.2934 0.2934 0.3035
v -1.890733 1.369267 -0.344052 0.2934 0.2934 0.3035
v -4.341547 0.326885 -0.463129 0.2934 0.2934 0.3035
v -4.260733 0.285708 -0.569325 0.2934 0.2934 0.3035
v -1.839135 1.420865 -0.463129 0.2934 0.2934 0.3035
v -1.775000 1.485000 -0.569325 0.2934 0.2934 0.3035
v -4.166111 0.237496 -0.660025 0.2934 0.2934 0.3035
v -4.060013 0.183436 -0.732996 0.2934 0.2934 0.3035
v -1.699908 1.560092 -0.660025 0.2934 0.2934 0.3035
v -3.945049 0.124859 -0.786440 0.2934 0.2934 0.3035
v -1.615708 1.644292 -0.732996 0.2934 0.2934 0.3035
v -3.824052 0.063208 -0.819043 0.2934 0.2934 0.3035
v -1.524472 1.735528 -0.786440 0.2934 0.2934 0.3035
v -1.428448 1.831552 -0.819043 0.2934 0.2934 0.3035
v -2.041161 1.413312 -0.079227 0.2934 0.2934 0.3035
v -2.014785 1.432475 -0.215025 0.2934 0.2934 0.3035
v -1.971548 1.463889 -0.344052 0.2934 0.2934 0.3035
v -1.912513 1.506780 -0.463129 0.2934 0.2934 0.3035
v -1.839135 1.560092 -0.569325 0.2934 0.2934 0.3035
v -1.753221 1.622512 -0.660025 0.2934 0.2934 0.3035
v -1.656885 1.692504 -0.732996 0.2934 0.2934 0.3035
v -1.552500 1.768344 -0.786440 0.2934 0.2934 0.3035
v -1.442637 1.848165 -0.819043 0.2934 0.2934 0.3035
v -2.113233 1.530923 -0.079227 0.2934 0.2934 0.3035
v -4.411160 0.516689 -0.079227 0.2934 0.2934 0.3035
v -2.084185 1.545724 -0.215025 0.2934 0.2934 0.3035
v -4.384785 0.497526 -0.215025 0.2934 0.2934 0.3035
v -2.036565 1.569987 -0.344052 0.2934 0.2934 0.3035
v -4.341547 0.466112 -0.344052 0.2934 0.2934 0.3035
v -4.282513 0.423221 -0.463129 0.2934 0.2934 0.3035
v -1.971547 1.603115 -0.463129 0.2934 0.2934 0.3035
v -1.890733 1.644292 -0.569325 0.2934 0.2934 0.3035
v -4.209135 0.369909 -0.569325 0.2934 0.2934 0.3035
v -1.796112 1.692504 -0.660025 0.2934 0.2934 0.3035
v -4.123220 0.307488 -0.660025 0.2934 0.2934 0.3035
v -1.690013 1.746564 -0.732996 0.2934 0.2934 0.3035
v -4.026885 0.237496 -0.732996 0.2934 0.2934 0.3035
v -1.575049 1.805141 -0.786440 0.2934 0.2934 0.3035
v -3.922500 0.161656 -0.786440 0.2934 0.2934 0.3035
v -1.454052 1.866792 -0.819043 0.2934 0.2934 0.3035
v -3.812637 0.081836 -0.819043 0.2934 0.2934 0.3035
v -2.166019 1.658361 -0.079227 0.2934 0.2934 0.3035
v -2.135013 1.668436 -0.215025 0.2934 0.2934 0.3035
v -2.084184 1.684951 -0.344052 0.2934 0.2934 0.3035
v -2.014785 1.707500 -0.463129 0.2934 0.2934 0.3035
v -1.928524 1.735528 -0.569325 0.2934 0.2934 0.3035
v -1.827525 1.768344 -0.660025 0.2934 0.2934 0.3035
v -1.714276 1.805141 -0.732996 0.2934 0.2934 0.3035
v -1.591565 1.845013 -0.786440 0.2934 0.2934 0.3035
v -1.462413 1.886977 -0.819043 0.2934 0.2934 0.3035
v -2.198220 1.792488 -0.079227 0.2934 0.2934 0.3035
v -2.166020 1.797588 -0.215025 0.2934 0.2934 0.3035
v -4.321577 0.621577 -0.079227 0.2934 0.2934 0.3035
v -2.113233 1.805948 -0.344052 0.2934 0.2934 0.3035
v -4.298524 0.598524 -0.215025 0.2934 0.2934 0.3035
v -2.041161 1.817363 -0.463129 0.2934 0.2934 0.3035
v -4.260733 0.560733 -0.344052 0.2934 0.2934 0.3035
v -1.951578 1.831552 -0.569325 0.2934 0.2934 0.3035
v -4.209135 0.509135 -0.463129 0.2934 0.2934 0.3035
v -1.846689 1.848165 -0.660025 0.2934 0.2934 0.3035
v -4.145000 0.445001 -0.569325 0.2934 0.2934 0.3035
v -1.729077 1.866792 -0.732996 0.2934 0.2934 0.3035
v -4.069908 0.369908 -0.660025 0.2934 0.2934 0.3035
v -1.601639 1.886977 -0.786440 0.2934 0.2934 0.3035
v -3.985708 0.285708 -0.732996 0.2934 0.2934 0.3035
v -3.894472 0.194472 -0.786440 0.2934 0.2934 0.3035
v -1.467513 1.908220 -0.819043 0.2934 0.2934 0.3035
v -3.798448 0.098448 -0.819043 0.2934 0.2934 0.3035
v -2.209043 1.930000 -0.079227 0.2934 0.2934 0.3035
v -2.176441 1.930000 -0.215025 0.2934 0.2934 0.3035
v -2.122996 1.930000 -0.344052 0.2934 0.2934 0.3035
v -2.050025 1.930000 -0.463129 0.2934 0.2934 0.3035
v -1.959326 1.930000 -0.569325 0.2934 0.2934 0.3035
v -1.853129 1.930000 -0.660025 0.2934 0.2934 0.3035
v -1.734052 1.930000 -0.732996 0.2934 0.2934 0.3035
v -1.605025 1.930000 -0.786440 0.2934 0.2934 0.3035
v -1.469227 1.930000 -0.819043 0.2934 0.2934 0.3035
v -2.198220 2.067513 -0.079227 0.2934 0.2934 0.3035
v -2.166020 2.062413 -0.215025 0.2934 0.2934 0.3035
v -4.216688 0.711161 -0.079227 0.2934 0.2934 0.3035
v -2.113233 2.054052 -0.344052 0.2934 0.2934 0.3035
v -2.041161 2.042637 -0.463129 0.2934 0.2934 0.3035
v -4.197526 0.684785 -0.215025 0.2934 0.2934 0.3035
v -1.951578 2.028448 -0.569325 0.2934 0.2934 0.3035
v -4.166111 0.641548 -0.344052 0.2934 0.2934 0.3035
v -4.123220 0.582513 -0.463129 0.2934 0.2934 0.3035
v -1.846689 2.011836 -0.660025 0.2934 0.2934 0.3035
v -4.069908 0.509135 -0.569325 0.2934 0.2934 0.3035
v -1.729077 1.993208 -0.732996 0.2934 0.2934 0.3035
v -4.007487 0.423221 -0.660025 0.2934 0.2934 0.3035
v -1.601639 1.973023 -0.786440 0.2934 0.2934 0.3035
v -3.937496 0.326885 -0.732996 0.2934 0.2934 0.3035
v -1.467513 1.951780 -0.819043 0.2934 0.2934 0.3035
v -2.166019 2.201639 -0.079227 0.2934 0.2934 0.3035
v -3.861656 0.222500 -0.786440 0.2934 0.2934 0.3035
v -2.135013 2.191565 -0.215025 0.2934 0.2934 0.3035
v -3.781836 0.112637 -0.819043 0.2934 0.2934 0.3035
v -2.084184 2.175050 -0.344052 0.2934 0.2934 0.3035
v -2.014785 2.152500 -0.463129 0.2934 0.2934 0.3035
v -1.928524 2.124473 -0.569325 0.2934 0.2934 0.3035
v -1.827525 2.091656 -0.660025 0.2934 0.2934 0.3035
v -1.714276 2.054859 -0.732996 0.2934 0.2934 0.3035
v -1.591565 2.014987 -0.786440 0.2934 0.2934 0.3035
v -1.462413 1.973023 -0.819043 0.2934 0.2934 0.3035
v -2.113233 2.329077 -0.079227 0.2934 0.2934 0.3035
v -2.084184 2.314276 -0.215025 0.2934 0.2934 0.3035
v -2.036565 2.290013 -0.344052 0.2934 0.2934 0.3035
v -1.971547 2.256885 -0.463129 0.2934 0.2934 0.3035
v -4.099077 0.783233 -0.079227 0.2934 0.2934 0.3035
v -1.890733 2.215708 -0.569325 0.2934 0.2934 0.3035
v -4.084276 0.754185 -0.215025 0.2934 0.2934 0.3035
v -1.796111 2.167496 -0.660025 0.2934 0.2934 0.3035
v -4.060013 0.706565 -0.344052 0.2934 0.2934 0.3035
v -4.026885 0.641548 -0.463129 0.2934 0.2934 0.3035
v -1.690013 2.113436 -0.732996 0.2934 0.2934 0.3035
v -3.985708 0.560733 -0.569325 0.2934 0.2934 0.3035
v -1.575049 2.054859 -0.786440 0.2934 0.2934 0.3035
v -3.937495 0.466112 -0.660025 0.2934 0.2934 0.3035
v -1.454052 1.993208 -0.819043 0.2934 0.2934 0.3035
v -2.041160 2.446689 -0.079227 0.2934 0.2934 0.3035
v -3.883436 0.360013 -0.732996 0.2934 0.2934 0.3035
v -3.824859 0.245049 -0.786440 0.2934 0.2934 0.3035
v -2.014785 2.427526 -0.215025 0.2934 0.2934 0.3035
v -1.971547 2.396112 -0.344052 0.2934 0.2934 0.3035
v -3.763208 0.124052 -0.819043 0.2934 0.2934 0.3035
v -1.912513 2.353220 -0.463129 0.2934 0.2934 0.3035
v -1.839135 2.299909 -0.569325 0.2934 0.2934 0.3035
v -1.753220 2.237488 -0.660025 0.2934 0.2934 0.3035
v -1.656885 2.167496 -0.732996 0.2934 0.2934 0.3035
v -1.552500 2.091656 -0.786440 0.2934 0.2934 0.3035
v -1.442637 2.011835 -0.819043 0.2934 0.2934 0.3035
v -1.951577 2.551577 -0.079227 0.2934 0.2934 0.3035
v -1.928524 2.528524 -0.215025 0.2934 0.2934 0.3035
v -1.890733 2.490733 -0.344052 0.2934 0.2934 0.3035
v -1.839135 2.439135 -0.463129 0.2934 0.2934 0.3035
v -3.971639 0.836019 -0.079227 0.2934 0.2934 0.3035
v -1.775000 2.375000 -0.569325 0.2934 0.2934 0.3035
v -1.699908 2.299908 -0.660025 0.2934 0.2934 0.3035
v -3.961564 0.805013 -0.215025 0.2934 0.2934 0.3035
v -3.945049 0.754185 -0.344052 0.2934 0.2934 0.3035
v -1.615708 2.215708 -0.732996 0.2934 0.2934 0.3035
v -3.922500 0.684785 -0.463129 0.2934 0.2934 0.3035
v -1.524472 2.124472 -0.786440 0.2934 0.2934 0.3035
v -3.894472 0.598525 -0.569325 0.2934 0.2934 0.3035
v -1.428448 2.028448 -0.819043 0.2934 0.2934 0.3035
v -3.861656 0.497525 -0.660025 0.2934 0.2934 0.3035
v -1.846688 2.641160 -0.079227 0.2934 0.2934 0.3035
v -3.824859 0.384276 -0.732996 0.2934 0.2934 0.3035
v -1.827525 2.614785 -0.215025 0.2934 0.2934 0.3035
v -3.784987 0.261565 -0.786440 0.2934 0.2934 0.3035
v -1.796111 2.571548 -0.344052 0.2934 0.2934 0.3035
v -3.743023 0.132413 -0.819043 0.2934 0.2934 0.3035
v -1.753220 2.512513 -0.463129 0.2934 0.2934 0.3035
v -1.699908 2.439135 -0.569325 0.2934 0.2934 0.3035
v -1.637487 2.353220 -0.660025 0.2934 0.2934 0.3035
v -1.567496 2.256885 -0.732996 0.2934 0.2934 0.3035
v -1.491656 2.152500 -0.786440 0.2934 0.2934 0.3035
v -1.411835 2.042637 -0.819043 0.2934 0.2934 0.3035
v -1.729077 2.713233 -0.079227 0.2934 0.2934 0.3035
v -1.714276 2.684185 -0.215025 0.2934 0.2934 0.3035
v -1.690013 2.636565 -0.344052 0.2934 0.2934 0.3035
v -1.656885 2.571548 -0.463129 0.2934 0.2934 0.3035
v -1.615708 2.490733 -0.569325 0.2934 0.2934 0.3035
v -3.837512 0.868220 -0.079227 0.2934 0.2934 0.3035
v -1.567495 2.396111 -0.660025 0.2934 0.2934 0.3035
v -3.832412 0.836020 -0.215025 0.2934 0.2934 0.3035
v -1.513436 2.290013 -0.732996 0.2934 0.2934 0.3035
v -3.824052 0.783233 -0.344052 0.2934 0.2934 0.3035
v -1.454859 2.175049 -0.786440 0.2934 0.2934 0.3035
v -3.812637 0.711161 -0.463129 0.2934 0.2934 0.3035
v -1.393208 2.054052 -0.819043 0.2934 0.2934 0.3035
v -1.601639 2.766019 -0.079227 0.2934 0.2934 0.3035
v -3.798448 0.621578 -0.569325 0.2934 0.2934 0.3035
v -1.591564 2.735013 -0.215025 0.2934 0.2934 0.3035
v -3.781835 0.516689 -0.660025 0.2934 0.2934 0.3035
v -3.763208 0.399077 -0.732996 0.2934 0.2934 0.3035
v -1.575049 2.684185 -0.344052 0.2934 0.2934 0.3035
v -3.743023 0.271639 -0.786440 0.2934 0.2934 0.3035
v -1.552500 2.614785 -0.463129 0.2934 0.2934 0.3035
v -3.721780 0.137513 -0.819043 0.2934 0.2934 0.3035
v -1.524472 2.528524 -0.569325 0.2934 0.2934 0.3035
v -1.491656 2.427526 -0.660025 0.2934 0.2934 0.3035
v -1.454859 2.314276 -0.732996 0.2934 0.2934 0.3035
v -1.414987 2.191565 -0.786440 0.2934 0.2934 0.3035
v -1.373023 2.062413 -0.819043 0.2934 0.2934 0.3035
v -1.467512 2.798220 -0.079227 0.2934 0.2934 0.3035
v -3.700000 0.792996 -0.344052 0.2934 0.2934 0.3035
v -1.462412 2.766020 -0.215025 0.2934 0.2934 0.3035
v -3.700000 0.275025 -0.786440 0.2934 0.2934 0.3035
v -1.454052 2.713233 -0.344052 0.2934 0.2934 0.3035
v -3.700000 0.139227 -0.819043 0.2934 0.2934 0.3035
v -1.442637 2.641161 -0.463129 0.2934 0.2934 0.3035
v -1.428448 2.551578 -0.569325 0.2934 0.2934 0.3035
v -1.411835 2.446689 -0.660025 0.2934 0.2934 0.3035
v -1.393208 2.329077 -0.732996 0.2934 0.2934 0.3035
v -1.373023 2.201639 -0.786440 0.2934 0.2934 0.3035
v -1.351780 2.067513 -0.819043 0.2934 0.2934 0.3035
v -1.330000 2.722996 -0.344052 0.2934 0.2934 0.3035
v -1.330000 2.205025 -0.786440 0.2934 0.2934 0.3035
v -1.330000 2.069227 -0.819043 0.2934 0.2934 0.3035
v -2.046205 1.409647 0.000000 0.2934 0.2934 0.3035
v -1.850354 1.213795 0.000000 0.2934 0.2934 0.3035
v -1.955986 1.304014 0.000000 0.2934 0.2934 0.3035
v -1.603566 1.088050 0.000000 0.2934 0.2934 0.3035
v -1.330000 1.044722 0.000000 0.2934 0.2934 0.3035
v -1.468488 1.055621 0.000000 0.2934 0.2934 0.3035
v -1.191512 1.055621 0.000000 0.2934 0.2934 0.3035
v -1.731908 1.141212 0.000000 0.2934 0.2934 0.3035
v -1.056434 1.088050 0.000000 0.2934 0.2934 0.3035
v -0.704014 1.304014 0.000000 0.2934 0.2934 0.3035
v -0.809647 1.213795 0.000000 0.2934 0.2934 0.3035
v -0.928092 1.141211 0.000000 0.2934 0.2934 0.3035
v -0.541212 1.528092 0.000000 0.2934 0.2934 0.3035
v -0.455621 1.791512 0.000000 0.2934 0.2934 0.3035
v -0.613795 1.409647 0.000000 0.2934 0.2934 0.3035
v -0.488051 1.656434 0.000000 0.2934 0.2934 0.3035
v -2.118789 1.528092 0.000000 0.2934 0.2934 0.3035
v -0.444722 1.930000 0.000000 0.2934 0.2934 0.3035
v -1.330000 2.815278 0.000000 0.2934 0.2934 0.3035
v -1.468488 2.804379 0.000000 0.2934 0.2934 0.3035
v -2.171950 1.656434 0.000000 0.2934 0.2934 0.3035
v -0.455621 2.068488 0.000000 0.2934 0.2934 0.3035
v -2.204379 1.791512 0.000000 0.2934 0.2934 0.3035
v -1.731908 2.718789 0.000000 0.2934 0.2934 0.3035
v -1.603566 2.771950 0.000000 0.2934 0.2934 0.3035
v -1.056434 2.771949 0.000000 0.2934 0.2934 0.3035
v -1.191512 2.804379 0.000000 0.2934 0.2934 0.3035
v -1.850353 2.646205 0.000000 0.2934 0.2934 0.3035
v -0.928092 2.718788 0.000000 0.2934 0.2934 0.3035
v -0.488051 2.203566 0.000000 0.2934 0.2934 0.3035
v -2.215278 1.930000 0.000000 0.2934 0.2934 0.3035
v -0.541212 2.331908 0.000000 0.2934 0.2934 0.3035
v -2.206559 2.040792 0.000000 0.2934 0.2934 0.3035
v -2.046205 2.450354 0.000000 0.2934 0.2934 0.3035
v -1.955986 2.555986 0.000000 0.2934 0.2934 0.3035
v -0.809647 2.646205 0.000000 0.2934 0.2934 0.3035
v -2.118788 2.331908 0.000000 0.2934 0.2934 0.3035
v -0.704014 2.555986 0.000000 0.2934 0.2934 0.3035
v -2.204379 2.068488 0.000000 0.2934 0.2934 0.3035
v -2.171950 2.203566 0.000000 0.2934 0.2934 0.3035
v -0.613795 2.450353 0.000000 0.2934 0.2934 0.3035
v -4.324951 -0.626871 0.000000 0.2934 0.2934 0.3035
v -3.971506 0.842444 0.000000 0.2934 0.2934 0.3035
v -4.220354 -0.716205 0.000000 0.2934 0.2934 0.3035
v -3.838488 0.874379 0.000000 0.2934 0.2934 0.3035
v -3.973566 -0.841949 0.000000 0.2934 0.2934 0.3035
v -4.101908 -0.788788 0.000000 0.2934 0.2934 0.3035
v -3.838488 -0.874379 0.000000 0.2934 0.2934 0.3035
v -3.700000 0.885278 0.000000 0.2934 0.2934 0.3035
v -3.700000 -0.885278 0.000000 0.2934 0.2934 0.3035
v -3.561512 -0.874379 0.000000 0.2934 0.2934 0.3035
v -3.561512 0.874379 0.000000 0.2934 0.2934 0.3035
v -3.298092 -0.788788 0.000000 0.2934 0.2934 0.3035
v -3.426434 -0.841949 0.000000 0.2934 0.2934 0.3035
v -3.426434 0.841949 0.000000 0.2934 0.2934 0.3035
v -3.298092 0.788788 0.000000 0.2934 0.2934 0.3035
v -3.179647 0.716205 0.000000 0.2934 0.2934 0.3035
v -2.983795 -0.520353 0.000000 0.2934 0.2934 0.3035
v -2.983795 0.520353 0.000000 0.2934 0.2934 0.3035
v -3.074014 -0.625986 0.000000 0.2934 0.2934 0.3035
v -3.074014 0.625986 0.000000 0.2934 0.2934 0.3035
v -2.858051 -0.273566 0.000000 0.2934 0.2934 0.3035
v -2.814722 -0.000000 0.000000 0.2934 0.2934 0.3035
v -2.825621 -0.138488 0.000000 0.2934 0.2934 0.3035
v -2.825621 0.138488 0.000000 0.2934 0.2934 0.3035
v -2.911211 -0.401908 0.000000 0.2934 0.2934 0.3035
v -2.858051 0.273566 0.000000 0.2934 0.2934 0.3035
v -2.911211 0.401908 0.000000 0.2934 0.2934 0.3035
v -3.179647 -0.716205 0.000000 0.2934 0.2934 0.3035
v -4.325986 -0.625986 0.000000 0.2934 0.2934 0.3035
v -3.973566 0.841950 0.000000 0.2934 0.2934 0.3035
v -4.416205 -0.520353 0.000000 0.2934 0.2934 0.3035
v -4.101908 0.788789 0.000000 0.2934 0.2934 0.3035
v -4.488789 -0.401908 0.000000 0.2934 0.2934 0.3035
v -4.220354 0.716205 0.000000 0.2934 0.2934 0.3035
v -4.541950 -0.273566 0.000000 0.2934 0.2934 0.3035
v -4.325986 0.625986 0.000000 0.2934 0.2934 0.3035
v -4.416205 0.520354 0.000000 0.2934 0.2934 0.3035
v -4.574379 -0.138488 0.000000 0.2934 0.2934 0.3035
v -4.488789 0.401908 0.000000 0.2934 0.2934 0.3035
v -4.541950 0.273566 0.000000 0.2934 0.2934 0.3035
v -4.585279 0.000000 0.000000 0.2934 0.2934 0.3035
v -4.574379 0.138488 0.000000 0.2934 0.2934 0.3035
v -1.731908 0.788789 0.000000 0.2934 0.2934 0.3035
v -1.603566 0.841950 0.000000 0.2934 0.2934 0.3035
v -1.955986 0.625986 0.000000 0.2934 0.2934 0.3035
v -1.850353 0.716205 0.000000 0.2934 0.2934 0.3035
v -1.468488 0.874379 0.000000 0.2934 0.2934 0.3035
v -1.426836 0.877657 0.000000 0.2934 0.2934 0.3035
v -2.046205 0.520354 0.000000 0.2934 0.2934 0.3035
v -2.118788 0.401908 0.000000 0.2934 0.2934 0.3035
v -1.330000 0.885278 0.000000 0.2934 0.2934 0.3035
v -2.171950 0.273566 0.000000 0.2934 0.2934 0.3035
v -1.268724 0.880455 0.000000 0.2934 0.2934 0.3035
v -2.204379 0.138488 0.000000 0.2934 0.2934 0.3035
v -1.191512 -0.874379 0.000000 0.2934 0.2934 0.3035
v -0.928092 -0.788788 0.000000 0.2934 0.2934 0.3035
v -1.056434 -0.841949 0.000000 0.2934 0.2934 0.3035
v -0.704014 -0.625986 0.000000 0.2934 0.2934 0.3035
v -0.541212 -0.401908 0.000000 0.2934 0.2934 0.3035
v -0.809647 -0.716205 0.000000 0.2934 0.2934 0.3035
v -0.613795 -0.520353 0.000000 0.2934 0.2934 0.3035
v -2.171950 -0.273566 0.000000 0.2934 0.2934 0.3035
v -2.046205 -0.520353 0.000000 0.2934 0.2934 0.3035
v -2.118789 -0.401908 0.000000 0.2934 0.2934 0.3035
v -1.850354 -0.716205 0.000000 0.2934 0.2934 0.3035
v -1.468488 -0.874379 0.000000 0.2934 0.2934 0.3035
v -1.603566 -0.841949 0.000000 0.2934 0.2934 0.3035
v -1.731908 -0.788788 0.000000 0.2934 0.2934 0.3035
v -1.955986 -0.625986 0.000000 0.2934 0.2934 0.3035
v -0.541212 0.401908 0.000000 0.2934 0.2934 0.3035
v -0.613795 0.520353 0.000000 0.2934 0.2934 0.3035
v -0.444722 -0.000000 0.000000 0.2934 0.2934 0.3035
v -0.455621 0.138488 0.000000 0.2934 0.2934 0.3035
v -0.488051 -0.273566 0.000000 0.2934 0.2934 0.3035
v -0.455621 -0.138488 0.000000 0.2934 0.2934 0.3035
v -0.488051 0.273566 0.000000 0.2934 0.2934 0.3035
v -1.330000 -0.885278 0.000000 0.2934 0.2934 0.3035
v -2.204379 -0.138488 0.000000 0.2934 0.2934 0.3035
v -2.215278 0.000000 0.000000 0.2934 0.2934 0.3035
v -1.191512 0.874379 0.000000 0.2934 0.2934 0.3035
v -0.928092 0.788788 0.000000 0.2934 0.2934 0.3035
v -1.056434 0.841949 0.000000 0.2934 0.2934 0.3035
v -0.704014 0.625986 0.000000 0.2934 0.2934 0.3035
v -0.809647 0.716205 0.000000 0.2934 0.2934 0.3035
v -4.585279 -1.930000 0.000000 0.2934 0.2934 0.3035
v -4.574379 -1.791512 0.000000 0.2934 0.2934 0.3035
v -4.488789 -1.528092 0.000000 0.2934 0.2934 0.3035
v -4.541950 -1.656434 0.000000 0.2934 0.2934 0.3035
v -4.574379 -2.068488 0.000000 0.2934 0.2934 0.3035
v -4.325986 -1.304014 0.000000 0.2934 0.2934 0.3035
v -4.416205 -1.409646 0.000000 0.2934 0.2934 0.3035
v -4.541950 -2.203566 0.000000 0.2934 0.2934 0.3035
v -4.220354 -1.213795 0.000000 0.2934 0.2934 0.3035
v -4.092009 -1.137111 0.000000 0.2934 0.2934 0.3035
v -4.101908 -1.141211 0.000000 0.2934 0.2934 0.3035
v -4.488789 -2.331908 0.000000 0.2934 0.2934 0.3035
v -4.416205 -2.450353 0.000000 0.2934 0.2934 0.3035
v -4.325986 -2.555986 0.000000 0.2934 0.2934 0.3035
v -4.220354 -2.646205 0.000000 0.2934 0.2934 0.3035
v -4.101908 -2.718788 0.000000 0.2934 0.2934 0.3035
v -3.973566 -2.771950 0.000000 0.2934 0.2934 0.3035
v -3.973566 -1.088050 0.000000 0.2934 0.2934 0.3035
v -3.896290 -1.069498 0.000000 0.2934 0.2934 0.3035
v -3.838488 -2.804379 0.000000 0.2934 0.2934 0.3035
v -3.838488 -1.055621 0.000000 0.2934 0.2934 0.3035
v -3.561512 -2.804379 0.000000 0.2934 0.2934 0.3035
v -3.561512 -1.055621 0.000000 0.2934 0.2934 0.3035
v -3.700000 -2.815278 0.000000 0.2934 0.2934 0.3035
v -3.700000 -1.044722 0.000000 0.2934 0.2934 0.3035
v -3.426434 -2.771950 0.000000 0.2934 0.2934 0.3035
v -3.298092 -2.718788 0.000000 0.2934 0.2934 0.3035
v -3.298092 -1.141212 0.000000 0.2934 0.2934 0.3035
v -3.074014 -2.555986 0.000000 0.2934 0.2934 0.3035
v -3.074014 -1.304014 0.000000 0.2934 0.2934 0.3035
v -3.179647 -2.646205 0.000000 0.2934 0.2934 0.3035
v -3.179647 -1.213795 0.000000 0.2934 0.2934 0.3035
v -2.911211 -2.331908 0.000000 0.2934 0.2934 0.3035
v -2.911211 -1.528092 0.000000 0.2934 0.2934 0.3035
v -2.814722 -1.930000 0.000000 0.2934 0.2934 0.3035
v -2.825621 -1.791512 0.000000 0.2934 0.2934 0.3035
v -2.825621 -2.068488 0.000000 0.2934 0.2934 0.3035
v -2.858051 -1.656434 0.000000 0.2934 0.2934 0.3035
v -2.858051 -2.203566 0.000000 0.2934 0.2934 0.3035
v -2.983795 -1.409647 0.000000 0.2934 0.2934 0.3035
v -2.983795 -2.450353 0.000000 0.2934 0.2934 0.3035
v -3.426434 -1.088051 0.000000 0.2934 0.2934 0.3035
v -1.731908 -1.141211 0.000000 0.2934 0.2934 0.3035
v -1.603566 -1.088050 0.000000 0.2934 0.2934 0.3035
v -1.955986 -1.304014 0.000000 0.2934 0.2934 0.3035
v -1.850353 -1.213795 0.000000 0.2934 0.2934 0.3035
v -1.468488 -1.055621 0.000000 0.2934 0.2934 0.3035
v -1.426836 -1.052343 0.000000 0.2934 0.2934 0.3035
v -2.046205 -1.409646 0.000000 0.2934 0.2934 0.3035
v -2.118788 -1.528092 0.000000 0.2934 0.2934 0.3035
v -1.330000 -1.044722 0.000000 0.2934 0.2934 0.3035
v -2.171950 -1.656434 0.000000 0.2934 0.2934 0.3035
v -1.268724 -1.049545 0.000000 0.2934 0.2934 0.3035
v -2.204379 -1.791512 0.000000 0.2934 0.2934 0.3035
v -2.215278 -1.930000 0.000000 0.2934 0.2934 0.3035
v -2.171950 -2.203566 0.000000 0.2934 0.2934 0.3035
v -2.204379 -2.068488 0.000000 0.2934 0.2934 0.3035
v -2.118789 -2.331908 0.000000 0.2934 0.2934 0.3035
v -1.955986 -2.555986 0.000000 0.2934 0.2934 0.3035
v -2.046205 -2.450353 0.000000 0.2934 0.2934 0.3035
v -1.850354 -2.646205 0.000000 0.2934 0.2934 0.3035
v -1.731908 -2.718788 0.000000 0.2934 0.2934 0.3035
v -1.603566 -2.771950 0.000000 0.2934 0.2934 0.3035
v -1.056434 -2.771950 0.000000 0.2934 0.2934 0.3035
v -1.191512 -1.055621 0.000000 0.2934 0.2934 0.3035
v -1.191512 -2.804379 0.000000 0.2934 0.2934 0.3035
v -0.809647 -1.213795 0.000000 0.2934 0.2934 0.3035
v -0.928092 -1.141212 0.000000 0.2934 0.2934 0.3035
v -0.704014 -2.555986 0.000000 0.2934 0.2934 0.3035
v -0.704014 -1.304014 0.000000 0.2934 0.2934 0.3035
v -0.809647 -2.646205 0.000000 0.2934 0.2934 0.3035
v -0.613795 -1.409647 0.000000 0.2934 0.2934 0.3035
v -0.541212 -2.331908 0.000000 0.2934 0.2934 0.3035
v -0.541212 -1.528092 0.000000 0.2934 0.2934 0.3035
v -0.444722 -1.930000 0.000000 0.2934 0.2934 0.3035
v -0.455621 -2.068488 0.000000 0.2934 0.2934 0.3035
v -0.455621 -1.791512 0.000000 0.2934 0.2934 0.3035
v -0.488051 -2.203566 0.000000 0.2934 0.2934 0.3035
v -0.488051 -1.656434 0.000000 0.2934 0.2934 0.3035
v -0.928092 -2.718788 0.000000 0.2934 0.2934 0.3035
v -0.613795 -2.450353 0.000000 0.2934 0.2934 0.3035
v -1.056434 -1.088051 0.000000 0.2934 0.2934 0.3035
v -1.468488 -2.804379 0.000000 0.2934 0.2934 0.3035
v -1.330000 -2.815278 0.000000 0.2934 0.2934 0.3035
v 4.550000 -0.865000 0.000000 0.2934 0.2934 0.3035
v 0.510000 -2.179912 0.000000 0.2934 0.2934 0.3035
v 0.510000 -0.865000 0.000000 0.2934 0.2934 0.3035
v 4.550000 -3.135000 0.000000 0.2934 0.2934 0.3035
v 0.510000 -3.135000 0.000000 0.2934 0.2934 0.3035
v 1.508836 1.590137 0.000000 0.2934 0.2934 0.3035
v 1.228040 1.545663 0.000000 0.2934 0.2934 0.3035
v 1.371960 1.545663 0.000000 0.2934 0.2934 0.3035
v 1.442148 1.562514 0.000000 0.2934 0.2934 0.3035
v 1.300000 1.540000 0.000000 0.2934 0.2934 0.3035
v 1.570381 1.627852 0.000000 0.2934 0.2934 0.3035
v 1.625269 1.674731 0.000000 0.2934 0.2934 0.3035
v 1.672148 1.729619 0.000000 0.2934 0.2934 0.3035
v 1.157852 1.562514 0.000000 0.2934 0.2934 0.3035
v 1.709863 1.791164 0.000000 0.2934 0.2934 0.3035
v 1.737486 1.857852 0.000000 0.2934 0.2934 0.3035
v 1.091164 1.590137 0.000000 0.2934 0.2934 0.3035
v 1.029619 1.627852 0.000000 0.2934 0.2934 0.3035
v 1.754337 1.928040 0.000000 0.2934 0.2934 0.3035
v 0.974731 2.325269 0.000000 0.2934 0.2934 0.3035
v 1.091164 2.409863 0.000000 0.2934 0.2934 0.3035
v 1.029619 2.372148 0.000000 0.2934 0.2934 0.3035
v 1.228040 2.454337 0.000000 0.2934 0.2934 0.3035
v 1.371960 2.454337 0.000000 0.2934 0.2934 0.3035
v 1.442148 2.437486 0.000000 0.2934 0.2934 0.3035
v 1.300000 2.460000 0.000000 0.2934 0.2934 0.3035
v 1.157852 2.437486 0.000000 0.2934 0.2934 0.3035
v 0.875344 2.173123 0.000000 0.2934 0.2934 0.3035
v 0.890137 2.208836 0.000000 0.2934 0.2934 0.3035
v 0.927852 2.270381 0.000000 0.2934 0.2934 0.3035
v 1.508836 2.409863 0.000000 0.2934 0.2934 0.3035
v 0.974731 1.674731 0.000000 0.2934 0.2934 0.3035
v 1.760000 2.000000 0.000000 0.2934 0.2934 0.3035
v 0.845466 2.069451 0.000000 0.2934 0.2934 0.3035
v 0.845663 2.071960 0.000000 0.2934 0.2934 0.3035
v 0.862514 2.142148 0.000000 0.2934 0.2934 0.3035
v 1.625269 2.325269 0.000000 0.2934 0.2934 0.3035
v 1.570381 2.372148 0.000000 0.2934 0.2934 0.3035
v 0.840000 2.000000 0.000000 0.2934 0.2934 0.3035
v 1.672148 2.270381 0.000000 0.2934 0.2934 0.3035
v 0.927852 1.729619 0.000000 0.2934 0.2934 0.3035
v 0.890137 1.791164 0.000000 0.2934 0.2934 0.3035
v 1.754337 2.071960 0.000000 0.2934 0.2934 0.3035
v 1.737486 2.142148 0.000000 0.2934 0.2934 0.3035
v 0.845663 1.928040 0.000000 0.2934 0.2934 0.3035
v 0.862514 1.857852 0.000000 0.2934 0.2934 0.3035
v 1.709863 2.208836 0.000000 0.2934 0.2934 0.3035
v 3.645663 0.528040 0.000000 0.2934 0.2934 0.3035
v 3.640000 0.600000 0.000000 0.2934 0.2934 0.3035
v 3.662514 0.457852 0.000000 0.2934 0.2934 0.3035
v 3.645663 0.671960 0.000000 0.2934 0.2934 0.3035
v 3.662514 0.742148 0.000000 0.2934 0.2934 0.3035
v 3.690137 0.391164 0.000000 0.2934 0.2934 0.3035
v 3.727852 0.870381 0.000000 0.2934 0.2934 0.3035
v 3.727852 0.329619 0.000000 0.2934 0.2934 0.3035
v 3.690137 0.808836 0.000000 0.2934 0.2934 0.3035
v 3.829619 0.227852 0.000000 0.2934 0.2934 0.3035
v 3.829619 0.972148 0.000000 0.2934 0.2934 0.3035
v 3.957852 0.162514 0.000000 0.2934 0.2934 0.3035
v 4.028040 1.054337 0.000000 0.2934 0.2934 0.3035
v 4.028040 0.145663 0.000000 0.2934 0.2934 0.3035
v 3.957852 1.037486 0.000000 0.2934 0.2934 0.3035
v 3.891164 0.190137 0.000000 0.2934 0.2934 0.3035
v 3.891164 1.009863 0.000000 0.2934 0.2934 0.3035
v 3.774731 0.274731 0.000000 0.2934 0.2934 0.3035
v 3.774731 0.925269 0.000000 0.2934 0.2934 0.3035
v 4.242148 0.162514 0.000000 0.2934 0.2934 0.3035
v 4.171960 0.145663 0.000000 0.2934 0.2934 0.3035
v 4.171960 1.054337 0.000000 0.2934 0.2934 0.3035
v 4.308836 1.009863 0.000000 0.2934 0.2934 0.3035
v 4.370381 0.227852 0.000000 0.2934 0.2934 0.3035
v 4.370381 0.972148 0.000000 0.2934 0.2934 0.3035
v 4.308836 0.190137 0.000000 0.2934 0.2934 0.3035
v 4.242148 1.037486 0.000000 0.2934 0.2934 0.3035
v 4.472148 0.329619 0.000000 0.2934 0.2934 0.3035
v 4.509863 0.808836 0.000000 0.2934 0.2934 0.3035
v 4.509863 0.391164 0.000000 0.2934 0.2934 0.3035
v 4.472148 0.870381 0.000000 0.2934 0.2934 0.3035
v 4.537486 0.457852 0.000000 0.2934 0.2934 0.3035
v 4.560000 0.600000 0.000000 0.2934 0.2934 0.3035
v 4.554337 0.671960 0.000000 0.2934 0.2934 0.3035
v 4.554337 0.528040 0.000000 0.2934 0.2934 0.3035
v 4.537486 0.742148 0.000000 0.2934 0.2934 0.3035
v 4.425269 0.274731 0.000000 0.2934 0.2934 0.3035
v 4.425269 0.925269 0.000000 0.2934 0.2934 0.3035
v 4.100000 1.060000 0.000000 0.2934 0.2934 0.3035
v 4.100000 0.140000 0.000000 0.2934 0.2934 0.3035
v 2.306460 1.500035 0.000000 0.2934 0.2934 0.3035
v 2.311259 1.503694 0.000000 0.2934 0.2934 0.3035
v 2.314805 1.506772 0.000000 0.2934 0.2934 0.3035
v 2.339967 1.517104 0.000000 0.2934 0.2934 0.3035
v 3.069490 1.116968 0.000000 0.2934 0.2934 0.3035
v 3.081692 1.135709 0.000000 0.2934 0.2934 0.3035
v 2.350939 1.528289 0.000000 0.2934 0.2934 0.3035
v 2.263517 1.463667 0.000000 0.2934 0.2934 0.3035
v 2.283175 1.478332 0.000000 0.2934 0.2934 0.3035
v 3.053298 1.090462 0.000000 0.2934 0.2934 0.3035
v 3.023903 1.007425 0.000000 0.2934 0.2934 0.3035
v 2.234826 1.437780 0.000000 0.2934 0.2934 0.3035
v 3.027150 1.035933 0.000000 0.2934 0.2934 0.3035
v 3.025664 1.032054 0.000000 0.2934 0.2934 0.3035
v 3.022677 1.000801 0.000000 0.2934 0.2934 0.3035
v 3.024367 1.004370 0.000000 0.2934 0.2934 0.3035
v 3.010142 0.969304 0.000000 0.2934 0.2934 0.3035
v 3.011520 0.973721 0.000000 0.2934 0.2934 0.3035
v 2.209642 1.419286 0.000000 0.2934 0.2934 0.3035
v 2.998751 0.943850 0.000000 0.2934 0.2934 0.3035
v 2.988588 0.910024 0.000000 0.2934 0.2934 0.3035
v 1.372515 -0.049933 0.000000 0.2934 0.2934 0.3035
v 1.372535 -0.136843 0.000000 0.2934 0.2934 0.3035
v 1.374195 -0.084585 0.000000 0.2934 0.2934 0.3035
v 1.374409 -0.091583 0.000000 0.2934 0.2934 0.3035
v 1.374770 -0.079875 0.000000 0.2934 0.2934 0.3035
v 1.372966 -0.132249 0.000000 0.2934 0.2934 0.3035
v 1.375364 -0.138890 0.000000 0.2934 0.2934 0.3035
v 1.373187 -0.052933 0.000000 0.2934 0.2934 0.3035
v 1.373982 -0.046884 0.000000 0.2934 0.2934 0.3035
v 1.385245 -0.017378 0.000000 0.2934 0.2934 0.3035
v 1.432992 0.095572 0.000000 0.2934 0.2934 0.3035
v 1.436271 0.103452 0.000000 0.2934 0.2934 0.3035
v 1.412147 0.051299 0.000000 0.2934 0.2934 0.3035
v 1.409606 0.046435 0.000000 0.2934 0.2934 0.3035
v 1.402231 -0.161464 0.000000 0.2934 0.2934 0.3035
v 1.407178 -0.166185 0.000000 0.2934 0.2934 0.3035
v 1.428558 -0.172061 0.000000 0.2934 0.2934 0.3035
v 1.406658 0.038324 0.000000 0.2934 0.2934 0.3035
v 1.388919 -0.006882 0.000000 0.2934 0.2934 0.3035
v 1.386850 -0.011812 0.000000 0.2934 0.2934 0.3035
v 1.460093 0.155671 0.000000 0.2934 0.2934 0.3035
v 1.461841 0.159388 0.000000 0.2934 0.2934 0.3035
v 1.464640 0.183170 0.000000 0.2934 0.2934 0.3035
v 1.464246 0.186129 0.000000 0.2934 0.2934 0.3035
v 1.466495 0.189921 0.000000 0.2934 0.2934 0.3035
v 1.457504 0.149645 0.000000 0.2934 0.2934 0.3035
v 1.438789 0.108747 0.000000 0.2934 0.2934 0.3035
v 1.484042 0.221378 0.000000 0.2934 0.2934 0.3035
v 1.481876 0.217145 0.000000 0.2934 0.2934 0.3035
v 1.487045 0.226184 0.000000 0.2934 0.2934 0.3035
v 1.512510 0.270081 0.000000 0.2934 0.2934 0.3035
v 1.516593 0.277742 0.000000 0.2934 0.2934 0.3035
v 1.444788 -0.174452 0.000000 0.2934 0.2934 0.3035
v 1.450686 -0.169636 0.000000 0.2934 0.2934 0.3035
v 1.437058 -0.173698 0.000000 0.2934 0.2934 0.3035
v 1.457129 -0.163601 0.000000 0.2934 0.2934 0.3035
v 1.473238 -0.146809 0.000000 0.2934 0.2934 0.3035
v 1.515477 -0.103385 0.000000 0.2934 0.2934 0.3035
v 1.539936 -0.076024 0.000000 0.2934 0.2934 0.3035
v 1.659732 0.574533 0.000000 0.2934 0.2934 0.3035
v 1.660135 0.571699 0.000000 0.2934 0.2934 0.3035
v 1.661956 0.578343 0.000000 0.2934 0.2934 0.3035
v 1.683739 0.617815 0.000000 0.2934 0.2934 0.3035
v 1.680954 0.613316 0.000000 0.2934 0.2934 0.3035
v 1.678425 0.608269 0.000000 0.2934 0.2934 0.3035
v 1.708331 0.660734 0.000000 0.2934 0.2934 0.3035
v 1.712435 0.668500 0.000000 0.2934 0.2934 0.3035
v 1.742623 0.721510 0.000000 0.2934 0.2934 0.3035
v 1.730598 0.200114 0.000000 0.2934 0.2934 0.3035
v 1.545491 0.329728 0.000000 0.2934 0.2934 0.3035
v 1.764353 0.252166 0.000000 0.2934 0.2934 0.3035
v 1.657269 0.548214 0.000000 0.2934 0.2934 0.3035
v 1.655502 0.544433 0.000000 0.2934 0.2934 0.3035
v 1.653091 0.538927 0.000000 0.2934 0.2934 0.3035
v 1.633107 0.495442 0.000000 0.2934 0.2934 0.3035
v 1.629638 0.487695 0.000000 0.2934 0.2934 0.3035
v 1.607718 0.444175 0.000000 0.2934 0.2934 0.3035
v 1.605059 0.439393 0.000000 0.2934 0.2934 0.3035
v 1.601294 0.431854 0.000000 0.2934 0.2934 0.3035
v 1.578459 0.388975 0.000000 0.2934 0.2934 0.3035
v 1.575776 0.384210 0.000000 0.2934 0.2934 0.3035
v 1.556661 -0.056534 0.000000 0.2934 0.2934 0.3035
v 1.579378 -0.027953 0.000000 0.2934 0.2934 0.3035
v 1.594843 -0.007581 0.000000 0.2934 0.2934 0.3035
v 1.630506 0.043135 0.000000 0.2934 0.2934 0.3035
v 1.647321 0.069205 0.000000 0.2934 0.2934 0.3035
v 1.664567 0.094973 0.000000 0.2934 0.2934 0.3035
v 1.680760 0.121479 0.000000 0.2934 0.2934 0.3035
v 1.697554 0.147564 0.000000 0.2934 0.2934 0.3035
v 1.786379 -0.293073 0.000000 0.2934 0.2934 0.3035
v 1.816318 -0.238348 0.000000 0.2934 0.2934 0.3035
v 1.837664 0.888670 0.000000 0.2934 0.2934 0.3035
v 1.834898 0.883963 0.000000 0.2934 0.2934 0.3035
v 1.831077 0.876462 0.000000 0.2934 0.2934 0.3035
v 1.887931 0.985379 0.000000 0.2934 0.2934 0.3035
v 1.892795 1.014970 0.000000 0.2934 0.2934 0.3035
v 1.864660 0.938811 0.000000 0.2934 0.2934 0.3035
v 1.860893 0.931273 0.000000 0.2934 0.2934 0.3035
v 1.915578 1.054534 0.000000 0.2934 0.2934 0.3035
v 1.912922 1.049572 0.000000 0.2934 0.2934 0.3035
v 1.918591 1.059314 0.000000 0.2934 0.2934 0.3035
v 1.895266 1.019060 0.000000 0.2934 0.2934 0.3035
v 1.893167 1.012137 0.000000 0.2934 0.2934 0.3035
v 1.889830 0.989036 0.000000 0.2934 0.2934 0.3035
v 2.025120 0.681327 0.000000 0.2934 0.2934 0.3035
v 2.019742 0.651616 0.000000 0.2934 0.2934 0.3035
v 2.019428 0.654641 0.000000 0.2934 0.2934 0.3035
v 2.023138 0.677877 0.000000 0.2934 0.2934 0.3035
v 2.003438 0.626473 0.000000 0.2934 0.2934 0.3035
v 2.053315 0.731026 0.000000 0.2934 0.2934 0.3035
v 2.035369 0.062399 0.000000 0.2934 0.2934 0.3035
v 2.072467 0.112111 0.000000 0.2934 0.2934 0.3035
v 1.798379 0.304029 0.000000 0.2934 0.2934 0.3035
v 1.998390 0.618108 0.000000 0.2934 0.2934 0.3035
v 1.774006 0.775223 0.000000 0.2934 0.2934 0.3035
v 1.776796 0.779914 0.000000 0.2934 0.2934 0.3035
v 1.800841 0.821946 0.000000 0.2934 0.2934 0.3035
v 1.804866 0.829303 0.000000 0.2934 0.2934 0.3035
v 1.807644 0.834002 0.000000 0.2934 0.2934 0.3035
v 2.069331 0.757655 0.000000 0.2934 0.2934 0.3035
v 2.086150 0.783722 0.000000 0.2934 0.2934 0.3035
v 1.849261 -0.185727 0.000000 0.2934 0.2934 0.3035
v 1.884722 -0.134869 0.000000 0.2934 0.2934 0.3035
v 1.903037 -0.109849 0.000000 0.2934 0.2934 0.3035
v 1.921784 -0.085132 0.000000 0.2934 0.2934 0.3035
v 1.940552 -0.060430 0.000000 0.2934 0.2934 0.3035
v 1.959921 -0.036148 0.000000 0.2934 0.2934 0.3035
v 1.998000 0.012877 0.000000 0.2934 0.2934 0.3035
v 1.831839 0.356289 0.000000 0.2934 0.2934 0.3035
v 1.863648 0.407646 0.000000 0.2934 0.2934 0.3035
v 1.881123 0.436249 0.000000 0.2934 0.2934 0.3035
v 1.897978 0.461353 0.000000 0.2934 0.2934 0.3035
v 1.912969 0.485504 0.000000 0.2934 0.2934 0.3035
v 1.931268 0.513731 0.000000 0.2934 0.2934 0.3035
v 1.964938 0.565844 0.000000 0.2934 0.2934 0.3035
v 1.976080 0.583836 0.000000 0.2934 0.2934 0.3035
v 1.944319 1.102952 0.000000 0.2934 0.2934 0.3035
v 1.948477 1.110563 0.000000 0.2934 0.2934 0.3035
v 1.978496 1.161854 0.000000 0.2934 0.2934 0.3035
v 2.011555 1.214394 0.000000 0.2934 0.2934 0.3035
v 2.046551 1.265577 0.000000 0.2934 0.2934 0.3035
v 2.084536 1.314669 0.000000 0.2934 0.2934 0.3035
v 2.153201 1.386557 0.000000 0.2934 0.2934 0.3035
v 2.144141 -0.161671 0.000000 0.2934 0.2934 0.3035
v 2.183609 1.398858 0.000000 0.2934 0.2934 0.3035
v 2.239710 -0.053014 0.000000 0.2934 0.2934 0.3035
v 2.223946 -0.069644 0.000000 0.2934 0.2934 0.3035
v 2.125518 1.358061 0.000000 0.2934 0.2934 0.3035
v 2.148102 1.382056 0.000000 0.2934 0.2934 0.3035
v 2.157817 1.389860 0.000000 0.2934 0.2934 0.3035
v 2.250069 0.975913 0.000000 0.2934 0.2934 0.3035
v 2.255774 0.980745 0.000000 0.2934 0.2934 0.3035
v 2.244193 0.972613 0.000000 0.2934 0.2934 0.3035
v 2.268179 0.988283 0.000000 0.2934 0.2934 0.3035
v 2.308862 0.022273 0.000000 0.2934 0.2934 0.3035
v 2.292031 0.002858 0.000000 0.2934 0.2934 0.3035
v 2.265786 -0.023253 0.000000 0.2934 0.2934 0.3035
v 2.249068 -0.042747 0.000000 0.2934 0.2934 0.3035
v 2.282354 -0.007185 0.000000 0.2934 0.2934 0.3035
v 2.300674 1.012430 0.000000 0.2934 0.2934 0.3035
v 2.278544 0.995354 0.000000 0.2934 0.2934 0.3035
v 2.323380 0.439006 0.000000 0.2934 0.2934 0.3035
v 2.325207 0.441173 0.000000 0.2934 0.2934 0.3035
v 2.371268 0.071530 0.000000 0.2934 0.2934 0.3035
v 2.374077 0.074344 0.000000 0.2934 0.2934 0.3035
v 2.365519 0.067985 0.000000 0.2934 0.2934 0.3035
v 2.378337 0.078850 0.000000 0.2934 0.2934 0.3035
v 2.347239 0.060073 0.000000 0.2934 0.2934 0.3035
v 2.329116 0.041804 0.000000 0.2934 0.2934 0.3035
v 2.385035 0.086344 0.000000 0.2934 0.2934 0.3035
v 2.349460 0.454221 0.000000 0.2934 0.2934 0.3035
v 2.386518 0.497714 0.000000 0.2934 0.2934 0.3035
v 2.322582 1.021366 0.000000 0.2934 0.2934 0.3035
v 2.347159 1.030918 0.000000 0.2934 0.2934 0.3035
v 2.320889 0.435917 0.000000 0.2934 0.2934 0.3035
v 2.110130 0.161427 0.000000 0.2934 0.2934 0.3035
v 2.147511 0.208883 0.000000 0.2934 0.2934 0.3035
v 2.168505 0.237281 0.000000 0.2934 0.2934 0.3035
v 2.186237 0.259512 0.000000 0.2934 0.2934 0.3035
v 2.403262 0.107550 0.000000 0.2934 0.2934 0.3035
v 2.208506 0.288908 0.000000 0.2934 0.2934 0.3035
v 2.195129 0.934478 0.000000 0.2934 0.2934 0.3035
v 2.179519 0.914208 0.000000 0.2934 0.2934 0.3035
v 2.207643 0.947700 0.000000 0.2934 0.2934 0.3035
v 2.228805 0.967454 0.000000 0.2934 0.2934 0.3035
v 2.104438 1.336447 0.000000 0.2934 0.2934 0.3035
v 2.390743 1.038244 0.000000 0.2934 0.2934 0.3035
v 2.424807 0.546592 0.000000 0.2934 0.2934 0.3035
v 2.405989 1.040261 0.000000 0.2934 0.2934 0.3035
v 2.416010 1.042186 0.000000 0.2934 0.2934 0.3035
v 2.436734 1.047740 0.000000 0.2934 0.2934 0.3035
v 2.466540 1.043255 0.000000 0.2934 0.2934 0.3035
v 2.456621 1.044275 0.000000 0.2934 0.2934 0.3035
v 2.481848 1.042494 0.000000 0.2934 0.2934 0.3035
v 2.529198 0.700561 0.000000 0.2934 0.2934 0.3035
v 2.524983 0.693336 0.000000 0.2934 0.2934 0.3035
v 2.552383 0.770900 0.000000 0.2934 0.2934 0.3035
v 2.551932 0.773372 0.000000 0.2934 0.2934 0.3035
v 2.550209 0.747663 0.000000 0.2934 0.2934 0.3035
v 2.551250 0.961700 0.000000 0.2934 0.2934 0.3035
v 2.552468 0.956174 0.000000 0.2934 0.2934 0.3035
v 2.553339 0.777048 0.000000 0.2934 0.2934 0.3035
v 2.548666 0.743485 0.000000 0.2934 0.2934 0.3035
v 2.540103 0.726366 0.000000 0.2934 0.2934 0.3035
v 2.531521 1.007436 0.000000 0.2934 0.2934 0.3035
v 2.604936 0.344776 0.000000 0.2934 0.2934 0.3035
v 2.588664 0.324970 0.000000 0.2934 0.2934 0.3035
v 2.620695 0.361410 0.000000 0.2934 0.2934 0.3035
v 2.700342 0.437807 0.000000 0.2934 0.2934 0.3035
v 2.705919 0.441462 0.000000 0.2934 0.2934 0.3035
v 2.708240 0.443990 0.000000 0.2934 0.2934 0.3035
v 2.682097 0.429298 0.000000 0.2934 0.2934 0.3035
v 2.711988 0.448176 0.000000 0.2934 0.2934 0.3035
v 2.718741 0.456090 0.000000 0.2934 0.2934 0.3035
v 2.629968 0.371736 0.000000 0.2934 0.2934 0.3035
v 2.646297 0.391503 0.000000 0.2934 0.2934 0.3035
v 2.951045 0.780023 0.000000 0.2934 0.2934 0.3035
v 2.957959 0.797640 0.000000 0.2934 0.2934 0.3035
v 2.967811 0.818865 0.000000 0.2934 0.2934 0.3035
v 2.968353 0.815781 0.000000 0.2934 0.2934 0.3035
v 2.971637 0.855829 0.000000 0.2934 0.2934 0.3035
v 2.969513 0.848562 0.000000 0.2934 0.2934 0.3035
v 2.968356 0.844414 0.000000 0.2934 0.2934 0.3035
v 2.816954 0.574760 0.000000 0.2934 0.2934 0.3035
v 2.855019 0.623794 0.000000 0.2934 0.2934 0.3035
v 2.891147 0.674185 0.000000 0.2934 0.2934 0.3035
v 2.924286 0.726669 0.000000 0.2934 0.2934 0.3035
v 2.937916 0.754969 0.000000 0.2934 0.2934 0.3035
v 2.579457 0.314597 0.000000 0.2934 0.2934 0.3035
v 2.737626 0.478930 0.000000 0.2934 0.2934 0.3035
v 2.747947 0.490657 0.000000 0.2934 0.2934 0.3035
v 2.757138 0.501634 0.000000 0.2934 0.2934 0.3035
v 2.779023 0.529007 0.000000 0.2934 0.2934 0.3035
v 2.566349 0.826401 0.000000 0.2934 0.2934 0.3035
v 2.566964 0.853920 0.000000 0.2934 0.2934 0.3035
v 2.567825 0.876407 0.000000 0.2934 0.2934 0.3035
v 2.423927 0.130920 0.000000 0.2934 0.2934 0.3035
v 2.414757 0.120250 0.000000 0.2934 0.2934 0.3035
v 2.444353 0.156010 0.000000 0.2934 0.2934 0.3035
v 2.483839 0.202505 0.000000 0.2934 0.2934 0.3035
v 2.523580 0.250366 0.000000 0.2934 0.2934 0.3035
v 2.538635 0.267493 0.000000 0.2934 0.2934 0.3035
v 2.547626 0.278017 0.000000 0.2934 0.2934 0.3035
v 2.563844 0.297861 0.000000 0.2934 0.2934 0.3035
v 2.443102 0.571626 0.000000 0.2934 0.2934 0.3035
v 2.461844 0.596346 0.000000 0.2934 0.2934 0.3035
v 2.496896 0.647491 0.000000 0.2934 0.2934 0.3035
v 2.499815 0.652090 0.000000 0.2934 0.2934 0.3035
v 2.564656 0.817920 0.000000 0.2934 0.2934 0.3035
v 2.559803 0.919868 0.000000 0.2934 0.2934 0.3035
v 2.183108 -0.116737 0.000000 0.2934 0.2934 0.3035
v 2.224071 0.308708 0.000000 0.2934 0.2934 0.3035
v 2.248585 0.341441 0.000000 0.2934 0.2934 0.3035
v 2.261525 0.358171 0.000000 0.2934 0.2934 0.3035
v 2.290580 0.396545 0.000000 0.2934 0.2934 0.3035
v 2.299196 0.407482 0.000000 0.2934 0.2934 0.3035
v 2.405262 0.522434 0.000000 0.2934 0.2934 0.3035
v 2.102969 0.809789 0.000000 0.2934 0.2934 0.3035
v 2.120235 0.835543 0.000000 0.2934 0.2934 0.3035
v 2.156307 0.885973 0.000000 0.2934 0.2934 0.3035
v 2.170847 0.903461 0.000000 0.2934 0.2934 0.3035
v 1.758221 -0.352773 0.000000 0.2934 0.2934 0.3035
v 1.760019 -0.347619 0.000000 0.2934 0.2934 0.3035
v 2.048755 -0.256515 0.000000 0.2934 0.2934 0.3035
v 2.068237 -0.247671 0.000000 0.2934 0.2934 0.3035
v 2.121583 -0.189508 0.000000 0.2934 0.2934 0.3035
v 2.112291 -0.200430 0.000000 0.2934 0.2934 0.3035
v 2.075956 -0.242195 0.000000 0.2934 0.2934 0.3035
v 2.074047 -0.244116 0.000000 0.2934 0.2934 0.3035
v 2.078548 -0.239406 0.000000 0.2934 0.2934 0.3035
v 2.084579 -0.232512 0.000000 0.2934 0.2934 0.3035
v 2.102309 -0.211537 0.000000 0.2934 0.2934 0.3035
v 1.745816 -0.386211 0.000000 0.2934 0.2934 0.3035
v 1.743775 -0.383806 0.000000 0.2934 0.2934 0.3035
v 1.745444 -0.380842 0.000000 0.2934 0.2934 0.3035
v 2.007833 -0.296760 0.000000 0.2934 0.2934 0.3035
v 2.021208 -0.284175 0.000000 0.2934 0.2934 0.3035
v 2.030100 -0.275503 0.000000 0.2934 0.2934 0.3035
v 1.764403 -0.416318 0.000000 0.2934 0.2934 0.3035
v 1.762000 -0.411296 0.000000 0.2934 0.2934 0.3035
v 1.934559 -0.367418 0.000000 0.2934 0.2934 0.3035
v 1.990446 -0.315786 0.000000 0.2934 0.2934 0.3035
v 1.963374 -0.341318 0.000000 0.2934 0.2934 0.3035
v 1.945097 -0.358242 0.000000 0.2934 0.2934 0.3035
v 1.980460 -0.325613 0.000000 0.2934 0.2934 0.3035
v 1.787385 -0.430696 0.000000 0.2934 0.2934 0.3035
v 1.778365 -0.425703 0.000000 0.2934 0.2934 0.3035
v 1.852367 -0.419405 0.000000 0.2934 0.2934 0.3035
v 1.832635 -0.428737 0.000000 0.2934 0.2934 0.3035
v 1.803829 -0.438838 0.000000 0.2934 0.2934 0.3035
v 1.821817 -0.432906 0.000000 0.2934 0.2934 0.3035
v 1.885505 -0.409132 0.000000 0.2934 0.2934 0.3035
v 1.891431 -0.404814 0.000000 0.2934 0.2934 0.3035
v 1.898476 -0.398982 0.000000 0.2934 0.2934 0.3035
v 1.916424 -0.382624 0.000000 0.2934 0.2934 0.3035
v 1.877239 -0.413336 0.000000 0.2934 0.2934 0.3035
v 3.086415 1.142962 0.000000 0.2934 0.2934 0.3035
v 2.382264 1.560325 0.000000 0.2934 0.2934 0.3035
v 2.400901 1.585119 0.000000 0.2934 0.2934 0.3035
v 2.420271 1.609401 0.000000 0.2934 0.2934 0.3035
v 2.454830 1.660890 0.000000 0.2934 0.2934 0.3035
v 2.483640 1.706229 0.000000 0.2934 0.2934 0.3035
v 2.599973 1.862011 0.000000 0.2934 0.2934 0.3035
v 2.488000 1.713352 0.000000 0.2934 0.2934 0.3035
v 2.522995 1.764537 0.000000 0.2934 0.2934 0.3035
v 2.541545 1.789391 0.000000 0.2934 0.2934 0.3035
v 2.560795 1.813757 0.000000 0.2934 0.2934 0.3035
v 2.579837 1.838267 0.000000 0.2934 0.2934 0.3035
v 2.675833 1.960270 0.000000 0.2934 0.2934 0.3035
v 2.678540 1.965018 0.000000 0.2934 0.2934 0.3035
v 2.639176 1.910250 0.000000 0.2934 0.2934 0.3035
v 2.701157 2.008050 0.000000 0.2934 0.2934 0.3035
v 2.704799 2.015676 0.000000 0.2934 0.2934 0.3035
v 2.719115 2.066402 0.000000 0.2934 0.2934 0.3035
v 2.720068 2.071083 0.000000 0.2934 0.2934 0.3035
v 2.720612 2.097806 0.000000 0.2934 0.2934 0.3035
v 2.619053 1.886496 0.000000 0.2934 0.2934 0.3035
v 2.745898 2.241721 0.000000 0.2934 0.2934 0.3035
v 2.746307 2.209687 0.000000 0.2934 0.2934 0.3035
v 2.755460 2.275323 0.000000 0.2934 0.2934 0.3035
v 2.744654 2.238650 0.000000 0.2934 0.2934 0.3035
v 2.745763 2.204774 0.000000 0.2934 0.2934 0.3035
v 2.745212 2.235978 0.000000 0.2934 0.2934 0.3035
v 2.744544 2.197536 0.000000 0.2934 0.2934 0.3035
v 2.735503 2.150709 0.000000 0.2934 0.2934 0.3035
v 2.732590 2.137320 0.000000 0.2934 0.2934 0.3035
v 2.721868 2.100923 0.000000 0.2934 0.2934 0.3035
v 2.720987 2.095428 0.000000 0.2934 0.2934 0.3035
v 2.734303 2.145048 0.000000 0.2934 0.2934 0.3035
v 2.756792 2.282183 0.000000 0.2934 0.2934 0.3035
v 2.758496 2.287885 0.000000 0.2934 0.2934 0.3035
v 3.230385 1.344905 0.000000 0.2934 0.2934 0.3035
v 3.294250 1.451561 0.000000 0.2934 0.2934 0.3035
v 3.262329 1.398225 0.000000 0.2934 0.2934 0.3035
v 3.370874 1.549285 0.000000 0.2934 0.2934 0.3035
v 3.354269 1.529712 0.000000 0.2934 0.2934 0.3035
v 3.428489 1.584547 0.000000 0.2934 0.2934 0.3035
v 3.434925 1.587504 0.000000 0.2934 0.2934 0.3035
v 3.442642 1.592234 0.000000 0.2934 0.2934 0.3035
v 3.344813 1.519513 0.000000 0.2934 0.2934 0.3035
v 3.413645 1.580087 0.000000 0.2934 0.2934 0.3035
v 3.455293 1.600293 0.000000 0.2934 0.2934 0.3035
v 3.464469 1.606793 0.000000 0.2934 0.2934 0.3035
v 3.482353 1.621258 0.000000 0.2934 0.2934 0.3035
v 3.551799 1.656539 0.000000 0.2934 0.2934 0.3035
v 3.558932 1.659121 0.000000 0.2934 0.2934 0.3035
v 3.566770 1.662998 0.000000 0.2934 0.2934 0.3035
v 3.500508 1.631553 0.000000 0.2934 0.2934 0.3035
v 3.511803 1.638238 0.000000 0.2934 0.2934 0.3035
v 3.534559 1.652453 0.000000 0.2934 0.2934 0.3035
v 3.622944 1.700931 0.000000 0.2934 0.2934 0.3035
v 3.634388 1.708470 0.000000 0.2934 0.2934 0.3035
v 3.655523 1.724351 0.000000 0.2934 0.2934 0.3035
v 3.603529 1.689304 0.000000 0.2934 0.2934 0.3035
v 3.585819 1.675181 0.000000 0.2934 0.2934 0.3035
v 3.577368 1.669362 0.000000 0.2934 0.2934 0.3035
v 3.328716 1.503116 0.000000 0.2934 0.2934 0.3035
v 3.122978 1.193047 0.000000 0.2934 0.2934 0.3035
v 3.145593 1.221700 0.000000 0.2934 0.2934 0.3035
v 3.160933 1.242160 0.000000 0.2934 0.2934 0.3035
v 3.197061 1.292550 0.000000 0.2934 0.2934 0.3035
v 3.213374 1.318972 0.000000 0.2934 0.2934 0.3035
v 3.245810 1.371948 0.000000 0.2934 0.2934 0.3035
v 3.277769 1.425258 0.000000 0.2934 0.2934 0.3035
v 3.688833 1.734526 0.000000 0.2934 0.2934 0.3035
v 3.694200 1.738493 0.000000 0.2934 0.2934 0.3035
v 3.681516 1.730279 0.000000 0.2934 0.2934 0.3035
v 3.748170 1.785176 0.000000 0.2934 0.2934 0.3035
v 3.737571 1.776097 0.000000 0.2934 0.2934 0.3035
v 3.701151 1.744354 0.000000 0.2934 0.2934 0.3035
v 3.719367 1.761216 0.000000 0.2934 0.2934 0.3035
v 3.784352 1.817249 0.000000 0.2934 0.2934 0.3035
v 3.794643 1.826863 0.000000 0.2934 0.2934 0.3035
v 3.812117 1.845828 0.000000 0.2934 0.2934 0.3035
v 3.822717 1.854699 0.000000 0.2934 0.2934 0.3035
v 3.830069 1.862092 0.000000 0.2934 0.2934 0.3035
v 3.846286 1.881488 0.000000 0.2934 0.2934 0.3035
v 3.868699 1.885023 0.000000 0.2934 0.2934 0.3035
v 3.875238 1.891412 0.000000 0.2934 0.2934 0.3035
v 3.882910 1.899300 0.000000 0.2934 0.2934 0.3035
v 3.766486 1.802091 0.000000 0.2934 0.2934 0.3035
v 3.894214 2.844860 0.000000 0.2934 0.2934 0.3035
v 3.890040 2.848259 0.000000 0.2934 0.2934 0.3035
v 3.900440 2.838411 0.000000 0.2934 0.2934 0.3035
v 3.942197 2.800244 0.000000 0.2934 0.2934 0.3035
v 3.937953 2.803748 0.000000 0.2934 0.2934 0.3035
v 3.947612 2.793648 0.000000 0.2934 0.2934 0.3035
v 3.974241 2.763958 0.000000 0.2934 0.2934 0.3035
v 3.976589 2.758631 0.000000 0.2934 0.2934 0.3035
v 3.976653 2.761604 0.000000 0.2934 0.2934 0.3035
v 3.983832 2.733869 0.000000 0.2934 0.2934 0.3035
v 3.986509 2.730038 0.000000 0.2934 0.2934 0.3035
v 4.014384 2.690713 0.000000 0.2934 0.2934 0.3035
v 3.997105 2.712033 0.000000 0.2934 0.2934 0.3035
v 3.987465 2.025800 0.000000 0.2934 0.2934 0.3035
v 3.948450 1.975394 0.000000 0.2934 0.2934 0.3035
v 3.931406 1.954233 0.000000 0.2934 0.2934 0.3035
v 3.922622 1.943922 0.000000 0.2934 0.2934 0.3035
v 3.909431 1.929064 0.000000 0.2934 0.2934 0.3035
v 3.890775 1.907824 0.000000 0.2934 0.2934 0.3035
v 4.052868 2.610345 0.000000 0.2934 0.2934 0.3035
v 4.055188 2.605767 0.000000 0.2934 0.2934 0.3035
v 4.046299 2.639454 0.000000 0.2934 0.2934 0.3035
v 4.046320 2.642849 0.000000 0.2934 0.2934 0.3035
v 4.021880 2.077390 0.000000 0.2934 0.2934 0.3035
v 4.036957 2.104677 0.000000 0.2934 0.2934 0.3035
v 4.029942 2.662504 0.000000 0.2934 0.2934 0.3035
v 4.062171 2.154302 0.000000 0.2934 0.2934 0.3035
v 4.062186 2.582620 0.000000 0.2934 0.2934 0.3035
v 4.076585 2.211272 0.000000 0.2934 0.2934 0.3035
v 4.075166 2.205191 0.000000 0.2934 0.2934 0.3035
v 4.073696 2.173512 0.000000 0.2934 0.2934 0.3035
v 4.073027 2.176268 0.000000 0.2934 0.2934 0.3035
v 4.073766 2.200952 0.000000 0.2934 0.2934 0.3035
v 4.075375 2.561629 0.000000 0.2934 0.2934 0.3035
v 4.051279 2.129572 0.000000 0.2934 0.2934 0.3035
v 4.091035 2.485887 0.000000 0.2934 0.2934 0.3035
v 4.091200 2.520524 0.000000 0.2934 0.2934 0.3035
v 4.076908 2.556193 0.000000 0.2934 0.2934 0.3035
v 4.089876 2.527732 0.000000 0.2934 0.2934 0.3035
v 4.095821 2.286967 0.000000 0.2934 0.2934 0.3035
v 4.090838 2.256169 0.000000 0.2934 0.2934 0.3035
v 4.089026 2.251243 0.000000 0.2934 0.2934 0.3035
v 4.092958 2.474430 0.000000 0.2934 0.2934 0.3035
v 4.092048 2.480119 0.000000 0.2934 0.2934 0.3035
v 4.091818 2.524577 0.000000 0.2934 0.2934 0.3035
v 4.106399 2.438607 0.000000 0.2934 0.2934 0.3035
v 4.103315 2.347375 0.000000 0.2934 0.2934 0.3035
v 4.104472 2.442194 0.000000 0.2934 0.2934 0.3035
v 4.102213 2.310302 0.000000 0.2934 0.2934 0.3035
v 4.102138 2.313677 0.000000 0.2934 0.2934 0.3035
v 4.102904 2.342575 0.000000 0.2934 0.2934 0.3035
v 4.102137 2.397864 0.000000 0.2934 0.2934 0.3035
v 4.101208 2.419968 0.000000 0.2934 0.2934 0.3035
v 2.770496 2.335393 0.000000 0.2934 0.2934 0.3035
v 2.770971 2.374656 0.000000 0.2934 0.2934 0.3035
v 2.771968 2.343023 0.000000 0.2934 0.2934 0.3035
v 2.772775 2.347542 0.000000 0.2934 0.2934 0.3035
v 3.252096 2.993070 0.000000 0.2934 0.2934 0.3035
v 3.298637 3.012881 0.000000 0.2934 0.2934 0.3035
v 3.288924 3.011009 0.000000 0.2934 0.2934 0.3035
v 3.279153 3.007911 0.000000 0.2934 0.2934 0.3035
v 3.374696 3.026711 0.000000 0.2934 0.2934 0.3035
v 3.364066 3.024829 0.000000 0.2934 0.2934 0.3035
v 3.415138 3.023932 0.000000 0.2934 0.2934 0.3035
v 3.386096 3.027559 0.000000 0.2934 0.2934 0.3035
v 3.332841 3.011722 0.000000 0.2934 0.2934 0.3035
v 3.122810 2.933990 0.000000 0.2934 0.2934 0.3035
v 3.103858 2.921616 0.000000 0.2934 0.2934 0.3035
v 3.142552 2.947978 0.000000 0.2934 0.2934 0.3035
v 3.186038 2.970737 0.000000 0.2934 0.2934 0.3035
v 3.169788 2.963194 0.000000 0.2934 0.2934 0.3035
v 3.463511 3.020054 0.000000 0.2934 0.2934 0.3035
v 3.433353 3.024944 0.000000 0.2934 0.2934 0.3035
v 3.526059 3.020557 0.000000 0.2934 0.2934 0.3035
v 3.501397 3.024408 0.000000 0.2934 0.2934 0.3035
v 3.488230 3.025995 0.000000 0.2934 0.2934 0.3035
v 3.204248 2.976908 0.000000 0.2934 0.2934 0.3035
v 2.771636 2.380892 0.000000 0.2934 0.2934 0.3035
v 2.783143 2.410177 0.000000 0.2934 0.2934 0.3035
v 2.770120 2.377815 0.000000 0.2934 0.2934 0.3035
v 2.784757 2.415637 0.000000 0.2934 0.2934 0.3035
v 2.786805 2.420527 0.000000 0.2934 0.2934 0.3035
v 2.807051 2.473895 0.000000 0.2934 0.2934 0.3035
v 2.804193 2.465719 0.000000 0.2934 0.2934 0.3035
v 2.809582 2.478766 0.000000 0.2934 0.2934 0.3035
v 3.853654 2.879142 0.000000 0.2934 0.2934 0.3035
v 3.847439 2.884666 0.000000 0.2934 0.2934 0.3035
v 2.829604 2.523615 0.000000 0.2934 0.2934 0.3035
v 2.832596 2.531696 0.000000 0.2934 0.2934 0.3035
v 2.835176 2.536051 0.000000 0.2934 0.2934 0.3035
v 2.853789 2.606635 0.000000 0.2934 0.2934 0.3035
v 2.852496 2.570852 0.000000 0.2934 0.2934 0.3035
v 2.854333 2.575919 0.000000 0.2934 0.2934 0.3035
v 2.855131 2.603999 0.000000 0.2934 0.2934 0.3035
v 2.856186 2.580017 0.000000 0.2934 0.2934 0.3035
v 3.796652 2.920228 0.000000 0.2934 0.2934 0.3035
v 2.856012 2.610532 0.000000 0.2934 0.2934 0.3035
v 2.874379 2.645236 0.000000 0.2934 0.2934 0.3035
v 2.877476 2.651646 0.000000 0.2934 0.2934 0.3035
v 3.773052 2.934473 0.000000 0.2934 0.2934 0.3035
v 2.879948 2.655629 0.000000 0.2934 0.2934 0.3035
v 2.907690 2.704176 0.000000 0.2934 0.2934 0.3035
v 2.903472 2.696375 0.000000 0.2934 0.2934 0.3035
v 3.743248 2.950567 0.000000 0.2934 0.2934 0.3035
v 2.941698 2.758054 0.000000 0.2934 0.2934 0.3035
v 3.716277 2.966433 0.000000 0.2934 0.2934 0.3035
v 3.659142 2.991704 0.000000 0.2934 0.2934 0.3035
v 3.684922 2.980389 0.000000 0.2934 0.2934 0.3035
v 3.059138 2.896030 0.000000 0.2934 0.2934 0.3035
v 3.051001 2.889610 0.000000 0.2934 0.2934 0.3035
v 3.557302 3.010775 0.000000 0.2934 0.2934 0.3035
v 3.080268 2.901827 0.000000 0.2934 0.2934 0.3035
v 2.978398 2.808044 0.000000 0.2934 0.2934 0.3035
v 2.996083 2.829084 0.000000 0.2934 0.2934 0.3035
v 3.636818 2.999559 0.000000 0.2934 0.2934 0.3035
v 3.017379 2.853518 0.000000 0.2934 0.2934 0.3035
v 3.624259 3.002913 0.000000 0.2934 0.2934 0.3035
v 3.603785 2.998031 0.000000 0.2934 0.2934 0.3035
v 3.038983 2.878096 0.000000 0.2934 0.2934 0.3035
v 3.575807 3.007353 0.000000 0.2934 0.2934 0.3035
v 0.646886 -2.834858 -0.328194 0.9162 0.9162 0.9212
v 0.766806 -2.839226 -0.368194 0.9162 0.9162 0.9212
v 1.246488 -2.856694 -0.388196 0.9162 0.9162 0.9212
v 3.644898 -2.944034 -0.413204 0.9162 0.9162 0.9212
v 3.844766 -2.951313 -0.418205 0.9162 0.9162 0.9212
v 4.064620 -2.959319 -0.438206 0.9162 0.9162 0.9212
v 4.144567 -2.962230 -0.528206 0.9162 0.9162 0.9212
v 4.204527 -2.964414 -0.533206 0.9162 0.9162 0.9212
v 4.144567 -2.962230 -0.328206 0.9162 0.9162 0.9212
v 0.767304 -2.825554 -0.365782 0.9162 0.9162 0.9212
v 1.247235 -2.836186 -0.384577 0.9162 0.9162 0.9212
v 2.646494 -2.882008 -0.398678 0.9162 0.9162 0.9212
v 3.645956 -2.914982 -0.408078 0.9162 0.9162 0.9212
v 3.845886 -2.920551 -0.412777 0.9162 0.9162 0.9212
v 3.965757 -2.926286 -0.409019 0.9162 0.9162 0.9212
v 4.065989 -2.921722 -0.431572 0.9162 0.9162 0.9212
v 4.147056 -2.893872 -0.516145 0.9162 0.9162 0.9212
v 4.207078 -2.894346 -0.520843 0.9162 0.9162 0.9212
v 4.226692 -2.905328 -0.492653 0.9162 0.9162 0.9212
v 4.185909 -2.926089 -0.431573 0.9162 0.9162 0.9212
v 0.767742 -2.813531 -0.358836 0.9162 0.9162 0.9212
v 1.247892 -2.818152 -0.374158 0.9162 0.9162 0.9212
v 2.647315 -2.859465 -0.385654 0.9162 0.9162 0.9212
v 3.646887 -2.889434 -0.393318 0.9162 0.9162 0.9212
v 3.846871 -2.893500 -0.397149 0.9162 0.9162 0.9212
v 3.966698 -2.900437 -0.394085 0.9162 0.9162 0.9212
v 4.067193 -2.888659 -0.412471 0.9162 0.9162 0.9212
v 4.149245 -2.833758 -0.481415 0.9162 0.9162 0.9212
v 4.209322 -2.832730 -0.485246 0.9162 0.9162 0.9212
v 4.228607 -2.852728 -0.462264 0.9162 0.9162 0.9212
v 4.187114 -2.893026 -0.412471 0.9162 0.9162 0.9212
v 0.768067 -2.804607 -0.348194 0.9162 0.9162 0.9212
v 1.248379 -2.804767 -0.358196 0.9162 0.9162 0.9212
v 2.647924 -2.842734 -0.365701 0.9162 0.9162 0.9212
v 3.647577 -2.870471 -0.370704 0.9162 0.9162 0.9212
v 3.847602 -2.873422 -0.373205 0.9162 0.9162 0.9212
v 3.967397 -2.881251 -0.371206 0.9162 0.9162 0.9212
v 4.068087 -2.864119 -0.383206 0.9162 0.9162 0.9212
v 4.150870 -2.789140 -0.428206 0.9162 0.9162 0.9212
v 4.210988 -2.786996 -0.430706 0.9162 0.9162 0.9212
v 4.230029 -2.813688 -0.415707 0.9162 0.9162 0.9212
v 4.188007 -2.868486 -0.383206 0.9162 0.9162 0.9212
v 0.768240 -2.799859 -0.335140 0.9162 0.9162 0.9212
v 1.248639 -2.797644 -0.338615 0.9162 0.9162 0.9212
v 2.648249 -2.833831 -0.341224 0.9162 0.9162 0.9212
v 3.647945 -2.860381 -0.342965 0.9162 0.9162 0.9212
v 3.847991 -2.862739 -0.343833 0.9162 0.9162 0.9212
v 3.967769 -2.871042 -0.343139 0.9162 0.9162 0.9212
v 4.068563 -2.851062 -0.347307 0.9162 0.9162 0.9212
v 4.151735 -2.765399 -0.362936 0.9162 0.9162 0.9212
v 4.211874 -2.762662 -0.363804 0.9162 0.9162 0.9212
v 4.230786 -2.792915 -0.358595 0.9162 0.9162 0.9212
v 4.188483 -2.855429 -0.347308 0.9162 0.9162 0.9212
v 0.768240 -2.799859 -0.321248 0.9162 0.9162 0.9212
v 1.248639 -2.797644 -0.317777 0.9162 0.9162 0.9212
v 2.648249 -2.833831 -0.315177 0.9162 0.9162 0.9212
v 3.647945 -2.860381 -0.313444 0.9162 0.9162 0.9212
v 3.847991 -2.862739 -0.312577 0.9162 0.9162 0.9212
v 3.967769 -2.871042 -0.313272 0.9162 0.9162 0.9212
v 4.068563 -2.851062 -0.309105 0.9162 0.9162 0.9212
v 4.151735 -2.765399 -0.293477 0.9162 0.9162 0.9212
v 4.211874 -2.762662 -0.292609 0.9162 0.9162 0.9212
v 4.230786 -2.792915 -0.297818 0.9162 0.9162 0.9212
v 4.188483 -2.855429 -0.309105 0.9162 0.9162 0.9212
v 0.768067 -2.804607 -0.308194 0.9162 0.9162 0.9212
v 1.248379 -2.804767 -0.298196 0.9162 0.9162 0.9212
v 2.647925 -2.842734 -0.290701 0.9162 0.9162 0.9212
v 3.647578 -2.870471 -0.285704 0.9162 0.9162 0.9212
v 3.847603 -2.873422 -0.283205 0.9162 0.9162 0.9212
v 3.967397 -2.881251 -0.285206 0.9162 0.9162 0.9212
v 4.068088 -2.864119 -0.273206 0.9162 0.9162 0.9212
v 4.150871 -2.789140 -0.228206 0.9162 0.9162 0.9212
v 4.210989 -2.786996 -0.225706 0.9162 0.9162 0.9212
v 4.230030 -2.813688 -0.240707 0.9162 0.9162 0.9212
v 4.188008 -2.868486 -0.273206 0.9162 0.9162 0.9212
v 0.767742 -2.813531 -0.297552 0.9162 0.9162 0.9212
v 1.247892 -2.818152 -0.282233 0.9162 0.9162 0.9212
v 2.647316 -2.859465 -0.270747 0.9162 0.9162 0.9212
v 3.646887 -2.889434 -0.263091 0.9162 0.9162 0.9212
v 3.846872 -2.893500 -0.259261 0.9162 0.9162 0.9212
v 3.966699 -2.900437 -0.262326 0.9162 0.9162 0.9212
v 4.067194 -2.888659 -0.243941 0.9162 0.9162 0.9212
v 4.149246 -2.833758 -0.174997 0.9162 0.9162 0.9212
v 4.209323 -2.832730 -0.171167 0.9162 0.9162 0.9212
v 4.228608 -2.852728 -0.194149 0.9162 0.9162 0.9212
v 4.187114 -2.893026 -0.243941 0.9162 0.9162 0.9212
v 0.767304 -2.825554 -0.290606 0.9162 0.9162 0.9212
v 1.247235 -2.836186 -0.271814 0.9162 0.9162 0.9212
v 2.646495 -2.882008 -0.257724 0.9162 0.9162 0.9212
v 3.645957 -2.914982 -0.248331 0.9162 0.9162 0.9212
v 3.845887 -2.920551 -0.243633 0.9162 0.9162 0.9212
v 3.965757 -2.926286 -0.247392 0.9162 0.9162 0.9212
v 4.065990 -2.921722 -0.224840 0.9162 0.9162 0.9212
v 4.147058 -2.893872 -0.140268 0.9162 0.9162 0.9212
v 4.207080 -2.894346 -0.135569 0.9162 0.9162 0.9212
v 4.226693 -2.905328 -0.163760 0.9162 0.9162 0.9212
v 4.185910 -2.926089 -0.224840 0.9162 0.9162 0.9212
v 0.766806 -2.839226 -0.288194 0.9162 0.9162 0.9212
v 1.246488 -2.856694 -0.268196 0.9162 0.9162 0.9212
v 2.645561 -2.907642 -0.253201 0.9162 0.9162 0.9212
v 3.644899 -2.944034 -0.243204 0.9162 0.9162 0.9212
v 3.844766 -2.951313 -0.238205 0.9162 0.9162 0.9212
v 3.964687 -2.955680 -0.242206 0.9162 0.9162 0.9212
v 4.064621 -2.959319 -0.218206 0.9162 0.9162 0.9212
v 4.144568 -2.962230 -0.128206 0.9162 0.9162 0.9212
v 4.204528 -2.964414 -0.123206 0.9162 0.9162 0.9212
v 4.224515 -2.965142 -0.153207 0.9162 0.9162 0.9212
v 4.184541 -2.963686 -0.218206 0.9162 0.9162 0.9212
v 0.766308 -2.852897 -0.290606 0.9162 0.9162 0.9212
v 1.245742 -2.877201 -0.271814 0.9162 0.9162 0.9212
v 2.644628 -2.933277 -0.257724 0.9162 0.9162 0.9212
v 3.643841 -2.973087 -0.248331 0.9162 0.9162 0.9212
v 3.843646 -2.982074 -0.243633 0.9162 0.9162 0.9212
v 3.963616 -2.985074 -0.247392 0.9162 0.9162 0.9212
v 4.063251 -2.996916 -0.224840 0.9162 0.9162 0.9212
v 4.142078 -3.030589 -0.140268 0.9162 0.9162 0.9212
v 4.201977 -3.034482 -0.135569 0.9162 0.9162 0.9212
v 4.222337 -3.024956 -0.163760 0.9162 0.9162 0.9212
v 4.183172 -3.001283 -0.224840 0.9162 0.9162 0.9212
v 0.765871 -2.864920 -0.297552 0.9162 0.9162 0.9212
v 1.245085 -2.895235 -0.282233 0.9162 0.9162 0.9212
v 2.643807 -2.955820 -0.270747 0.9162 0.9162 0.9212
v 3.642910 -2.998635 -0.263091 0.9162 0.9162 0.9212
v 3.842661 -3.009125 -0.259261 0.9162 0.9162 0.9212
v 3.962675 -3.010923 -0.262326 0.9162 0.9162 0.9212
v 4.062047 -3.029979 -0.243941 0.9162 0.9162 0.9212
v 4.139889 -3.090703 -0.174997 0.9162 0.9162 0.9212
v 4.199733 -3.096098 -0.171167 0.9162 0.9162 0.9212
v 4.220421 -3.077555 -0.194149 0.9162 0.9162 0.9212
v 4.181968 -3.034346 -0.243941 0.9162 0.9162 0.9212
v 0.765545 -2.873844 -0.308194 0.9162 0.9162 0.9212
v 1.244597 -2.908621 -0.298196 0.9162 0.9162 0.9212
v 2.643197 -2.972551 -0.290701 0.9162 0.9162 0.9212
v 3.642220 -3.017598 -0.285704 0.9162 0.9162 0.9212
v 3.841930 -3.029203 -0.283205 0.9162 0.9162 0.9212
v 3.961976 -3.030109 -0.285206 0.9162 0.9162 0.9212
v 4.061154 -3.054519 -0.273206 0.9162 0.9162 0.9212
v 4.138264 -3.135321 -0.228206 0.9162 0.9162 0.9212
v 4.198067 -3.141831 -0.225706 0.9162 0.9162 0.9212
v 4.218999 -3.116596 -0.240707 0.9162 0.9162 0.9212
v 4.181074 -3.058886 -0.273206 0.9162 0.9162 0.9212
v 0.765373 -2.878592 -0.321248 0.9162 0.9162 0.9212
v 1.244338 -2.915743 -0.317777 0.9162 0.9162 0.9212
v 2.642873 -2.981454 -0.315177 0.9162 0.9162 0.9212
v 3.641852 -3.027688 -0.313444 0.9162 0.9162 0.9212
v 3.841541 -3.039887 -0.312577 0.9162 0.9162 0.9212
v 3.961604 -3.040317 -0.313272 0.9162 0.9162 0.9212
v 4.060678 -3.067576 -0.309105 0.9162 0.9162 0.9212
v 4.137400 -3.159061 -0.293477 0.9162 0.9162 0.9212
v 4.197181 -3.166166 -0.292609 0.9162 0.9162 0.9212
v 4.218243 -3.137369 -0.297818 0.9162 0.9162 0.9212
v 4.180598 -3.071943 -0.309105 0.9162 0.9162 0.9212
v 0.765373 -2.878592 -0.335140 0.9162 0.9162 0.9212
v 1.244338 -2.915743 -0.338615 0.9162 0.9162 0.9212
v 2.642873 -2.981454 -0.341224 0.9162 0.9162 0.9212
v 3.641852 -3.027688 -0.342965 0.9162 0.9162 0.9212
v 3.841540 -3.039887 -0.343833 0.9162 0.9162 0.9212
v 3.961604 -3.040317 -0.343139 0.9162 0.9162 0.9212
v 4.060678 -3.067576 -0.347307 0.9162 0.9162 0.9212
v 4.137399 -3.159061 -0.362936 0.9162 0.9162 0.9212
v 4.197180 -3.166166 -0.363804 0.9162 0.9162 0.9212
v 4.218242 -3.137369 -0.358595 0.9162 0.9162 0.9212
v 4.180598 -3.071943 -0.347308 0.9162 0.9162 0.9212
v 0.765545 -2.873844 -0.348194 0.9162 0.9162 0.9212
v 1.244597 -2.908621 -0.358196 0.9162 0.9162 0.9212
v 2.643197 -2.972551 -0.365701 0.9162 0.9162 0.9212
v 3.642220 -3.017598 -0.370704 0.9162 0.9162 0.9212
v 3.841929 -3.029203 -0.373205 0.9162 0.9162 0.9212
v 3.961976 -3.030109 -0.371206 0.9162 0.9162 0.9212
v 4.061153 -3.054519 -0.383206 0.9162 0.9162 0.9212
v 4.138264 -3.135321 -0.428206 0.9162 0.9162 0.9212
v 4.198066 -3.141831 -0.430706 0.9162 0.9162 0.9212
v 4.218998 -3.116596 -0.415706 0.9162 0.9162 0.9212
v 4.181074 -3.058886 -0.383206 0.9162 0.9162 0.9212
v 0.765870 -2.864920 -0.358836 0.9162 0.9162 0.9212
v 1.245085 -2.895235 -0.374158 0.9162 0.9162 0.9212
v 2.643806 -2.955820 -0.385654 0.9162 0.9162 0.9212
v 3.642910 -2.998635 -0.393318 0.9162 0.9162 0.9212
v 3.842660 -3.009125 -0.397149 0.9162 0.9162 0.9212
v 3.962675 -3.010923 -0.394085 0.9162 0.9162 0.9212
v 4.062047 -3.029979 -0.412471 0.9162 0.9162 0.9212
v 4.139888 -3.090703 -0.481415 0.9162 0.9162 0.9212
v 4.199731 -3.096098 -0.485246 0.9162 0.9162 0.9212
v 4.220420 -3.077555 -0.462264 0.9162 0.9162 0.9212
v 4.181967 -3.034346 -0.412471 0.9162 0.9162 0.9212
v 0.766308 -2.852897 -0.365782 0.9162 0.9162 0.9212
v 1.245741 -2.877201 -0.384577 0.9162 0.9162 0.9212
v 2.644627 -2.933277 -0.398678 0.9162 0.9162 0.9212
v 3.643840 -2.973087 -0.408078 0.9162 0.9162 0.9212
v 3.843646 -2.982074 -0.412777 0.9162 0.9162 0.9212
v 3.963616 -2.985074 -0.409019 0.9162 0.9162 0.9212
v 4.063251 -2.996916 -0.431572 0.9162 0.9162 0.9212
v 4.142077 -3.030589 -0.516145 0.9162 0.9162 0.9212
v 4.201975 -3.034482 -0.520843 0.9162 0.9162 0.9212
v 4.222335 -3.024956 -0.492653 0.9162 0.9162 0.9212
v 4.183171 -3.001283 -0.431573 0.9162 0.9162 0.9212
v 2.645561 -2.907642 -0.403201 0.9162 0.9162 0.9212
v 3.964686 -2.955680 -0.414206 0.9162 0.9162 0.9212
v 4.224514 -2.965142 -0.503206 0.9162 0.9162 0.9212
v 4.184540 -2.963686 -0.438206 0.9162 0.9162 0.9212
v 4.361679 -2.753803 -0.347394 0.9162 0.9162 0.9212
v 4.241921 -2.746174 -0.307394 0.9162 0.9162 0.9212
v 3.762892 -2.715657 -0.287396 0.9162 0.9162 0.9212
v 1.367747 -2.563072 -0.262404 0.9162 0.9162 0.9212
v 1.168152 -2.550356 -0.257405 0.9162 0.9162 0.9212
v 0.948597 -2.536369 -0.237406 0.9162 0.9162 0.9212
v 0.868759 -2.531283 -0.147406 0.9162 0.9162 0.9212
v 0.808880 -2.527469 -0.142406 0.9162 0.9162 0.9212
v 0.868759 -2.531283 -0.347406 0.9162 0.9162 0.9212
v 4.242791 -2.732521 -0.309806 0.9162 0.9162 0.9212
v 3.764197 -2.695177 -0.291014 0.9162 0.9162 0.9212
v 2.367355 -2.601049 -0.276924 0.9162 0.9162 0.9212
v 1.369596 -2.534059 -0.267531 0.9162 0.9162 0.9212
v 1.170109 -2.519637 -0.262833 0.9162 0.9162 0.9212
v 1.050265 -2.513373 -0.266592 0.9162 0.9162 0.9212
v 0.950989 -2.498823 -0.244040 0.9162 0.9162 0.9212
v 0.873108 -2.463017 -0.159468 0.9162 0.9162 0.9212
v 0.813338 -2.457496 -0.154769 0.9162 0.9162 0.9212
v 0.792726 -2.466465 -0.182960 0.9162 0.9162 0.9212
v 0.831232 -2.491194 -0.244040 0.9162 0.9162 0.9212
v 4.243556 -2.720514 -0.316752 0.9162 0.9162 0.9212
v 3.765344 -2.677168 -0.301433 0.9162 0.9162 0.9212
v 2.368790 -2.578537 -0.289947 0.9162 0.9162 0.9212
v 1.371221 -2.508545 -0.282291 0.9162 0.9162 0.9212
v 1.171830 -2.492623 -0.278461 0.9162 0.9162 0.9212
v 1.051910 -2.487559 -0.281526 0.9162 0.9162 0.9212
v 0.953092 -2.465806 -0.263141 0.9162 0.9162 0.9212
v 0.876932 -2.402986 -0.194197 0.9162 0.9162 0.9212
v 0.817258 -2.395964 -0.190367 0.9162 0.9162 0.9212
v 0.796072 -2.413937 -0.213349 0.9162 0.9162 0.9212
v 0.833335 -2.458177 -0.263141 0.9162 0.9162 0.9212
v 4.244123 -2.711603 -0.327394 0.9162 0.9162 0.9212
v 3.766196 -2.663800 -0.317396 0.9162 0.9162 0.9212
v 2.369854 -2.561828 -0.309901 0.9162 0.9162 0.9212
v 1.372428 -2.489609 -0.304904 0.9162 0.9162 0.9212
v 1.173108 -2.472572 -0.302405 0.9162 0.9162 0.9212
v 1.053130 -2.468400 -0.304406 0.9162 0.9162 0.9212
v 0.954654 -2.441299 -0.292406 0.9162 0.9162 0.9212
v 0.879771 -2.358428 -0.247406 0.9162 0.9162 0.9212
v 0.820168 -2.350293 -0.244906 0.9162 0.9162 0.9212
v 0.798556 -2.374949 -0.259907 0.9162 0.9162 0.9212
v 0.834897 -2.433670 -0.292406 0.9162 0.9162 0.9212
v 4.244426 -2.706861 -0.340448 0.9162 0.9162 0.9212
v 3.766649 -2.656688 -0.336977 0.9162 0.9162 0.9212
v 2.370420 -2.552938 -0.334377 0.9162 0.9162 0.9212
v 1.373070 -2.479532 -0.332644 0.9162 0.9162 0.9212
v 1.173787 -2.461903 -0.331777 0.9162 0.9162 0.9212
v 1.053780 -2.458205 -0.332472 0.9162 0.9162 0.9212
v 0.955485 -2.428260 -0.328305 0.9162 0.9162 0.9212
v 0.881281 -2.334720 -0.312677 0.9162 0.9162 0.9212
v 0.821716 -2.325991 -0.311809 0.9162 0.9162 0.9212
v 0.799878 -2.354204 -0.317018 0.9162 0.9162 0.9212
v 0.835727 -2.420630 -0.328305 0.9162 0.9162 0.9212
v 4.244426 -2.706861 -0.354340 0.9162 0.9162 0.9212
v 3.766649 -2.656688 -0.357815 0.9162 0.9162 0.9212
v 2.370421 -2.552938 -0.360424 0.9162 0.9162 0.9212
v 1.373070 -2.479532 -0.362164 0.9162 0.9162 0.9212
v 1.173787 -2.461903 -0.363033 0.9162 0.9162 0.9212
v 1.053780 -2.458205 -0.362339 0.9162 0.9162 0.9212
v 0.955485 -2.428260 -0.366507 0.9162 0.9162 0.9212
v 0.881282 -2.334720 -0.382136 0.9162 0.9162 0.9212
v 0.821716 -2.325992 -0.383004 0.9162 0.9162 0.9212
v 0.799878 -2.354204 -0.377795 0.9162 0.9162 0.9212
v 0.835728 -2.420630 -0.366508 0.9162 0.9162 0.9212
v 4.244124 -2.711603 -0.367394 0.9162 0.9162 0.9212
v 3.766196 -2.663800 -0.377396 0.9162 0.9162 0.9212
v 2.369854 -2.561828 -0.384901 0.9162 0.9162 0.9212
v 1.372428 -2.489609 -0.389904 0.9162 0.9162 0.9212
v 1.173108 -2.472572 -0.392405 0.9162 0.9162 0.9212
v 1.053131 -2.468400 -0.390406 0.9162 0.9162 0.9212
v 0.954654 -2.441299 -0.402406 0.9162 0.9162 0.9212
v 0.879772 -2.358429 -0.447406 0.9162 0.9162 0.9212
v 0.820168 -2.350293 -0.449906 0.9162 0.9162 0.9212
v 0.798557 -2.374949 -0.434906 0.9162 0.9162 0.9212
v 0.834897 -2.433670 -0.402406 0.9162 0.9162 0.9212
v 4.243556 -2.720514 -0.378036 0.9162 0.9162 0.9212
v 3.765345 -2.677168 -0.393358 0.9162 0.9162 0.9212
v 2.368790 -2.578537 -0.404854 0.9162 0.9162 0.9212
v 1.371222 -2.508545 -0.412518 0.9162 0.9162 0.9212
v 1.171831 -2.492623 -0.416349 0.9162 0.9162 0.9212
v 1.051910 -2.487559 -0.413285 0.9162 0.9162 0.9212
v 0.953093 -2.465806 -0.431671 0.9162 0.9162 0.9212
v 0.876933 -2.402986 -0.500615 0.9162 0.9162 0.9212
v 0.817259 -2.395964 -0.504446 0.9162 0.9162 0.9212
v 0.796073 -2.413937 -0.481464 0.9162 0.9162 0.9212
v 0.833336 -2.458177 -0.431671 0.9162 0.9162 0.9212
v 4.242791 -2.732521 -0.384982 0.9162 0.9162 0.9212
v 3.764197 -2.695177 -0.403777 0.9162 0.9162 0.9212
v 2.367356 -2.601049 -0.417878 0.9162 0.9162 0.9212
v 1.369596 -2.534059 -0.427278 0.9162 0.9162 0.9212
v 1.170110 -2.519637 -0.431977 0.9162 0.9162 0.9212
v 1.050266 -2.513373 -0.428219 0.9162 0.9162 0.9212
v 0.950990 -2.498823 -0.450772 0.9162 0.9162 0.9212
v 0.873109 -2.463018 -0.535345 0.9162 0.9162 0.9212
v 0.813339 -2.457496 -0.540043 0.9162 0.9162 0.9212
v 0.792727 -2.466465 -0.511853 0.9162 0.9162 0.9212
v 0.831233 -2.491194 -0.450773 0.9162 0.9162 0.9212
v 4.241921 -2.746174 -0.387394 0.9162 0.9162 0.9212
v 3.762893 -2.715657 -0.407396 0.9162 0.9162 0.9212
v 2.365725 -2.626649 -0.422401 0.9162 0.9162 0.9212
v 1.367748 -2.563072 -0.432404 0.9162 0.9162 0.9212
v 1.168153 -2.550356 -0.437405 0.9162 0.9162 0.9212
v 1.048396 -2.542727 -0.433406 0.9162 0.9162 0.9212
v 0.948598 -2.536370 -0.457406 0.9162 0.9162 0.9212
v 0.868760 -2.531283 -0.547406 0.9162 0.9162 0.9212
v 0.808882 -2.527469 -0.552406 0.9162 0.9162 0.9212
v 0.788922 -2.526197 -0.522406 0.9162 0.9162 0.9212
v 0.828841 -2.528740 -0.457406 0.9162 0.9162 0.9212
v 4.241052 -2.759827 -0.384982 0.9162 0.9162 0.9212
v 3.761588 -2.736136 -0.403777 0.9162 0.9162 0.9212
v 2.364094 -2.652249 -0.417878 0.9162 0.9162 0.9212
v 1.365900 -2.592085 -0.427278 0.9162 0.9162 0.9212
v 1.166196 -2.581076 -0.431977 0.9162 0.9162 0.9212
v 1.046525 -2.572081 -0.428219 0.9162 0.9162 0.9212
v 0.946206 -2.573915 -0.450772 0.9162 0.9162 0.9212
v 0.864411 -2.599549 -0.535345 0.9162 0.9162 0.9212
v 0.804424 -2.597441 -0.540043 0.9162 0.9162 0.9212
v 0.785117 -2.585930 -0.511853 0.9162 0.9162 0.9212
v 0.826449 -2.566286 -0.450773 0.9162 0.9162 0.9212
v 4.240287 -2.771833 -0.378036 0.9162 0.9162 0.9212
v 3.760441 -2.754146 -0.393358 0.9162 0.9162 0.9212
v 2.362660 -2.674761 -0.404854 0.9162 0.9162 0.9212
v 1.364274 -2.617598 -0.412518 0.9162 0.9162 0.9212
v 1.164475 -2.608090 -0.416349 0.9162 0.9162 0.9212
v 1.044881 -2.597895 -0.413285 0.9162 0.9162 0.9212
v 0.944102 -2.606933 -0.431671 0.9162 0.9162 0.9212
v 0.860587 -2.659581 -0.500615 0.9162 0.9162 0.9212
v 0.800504 -2.658974 -0.504446 0.9162 0.9162 0.9212
v 0.781770 -2.638457 -0.481464 0.9162 0.9162 0.9212
v 0.824345 -2.599304 -0.431671 0.9162 0.9162 0.9212
v 4.239719 -2.780745 -0.367394 0.9162 0.9162 0.9212
v 3.759589 -2.767513 -0.377396 0.9162 0.9162 0.9212
v 2.361595 -2.691469 -0.384901 0.9162 0.9162 0.9212
v 1.363068 -2.636535 -0.389904 0.9162 0.9162 0.9212
v 1.163197 -2.628141 -0.392405 0.9162 0.9162 0.9212
v 1.043660 -2.617055 -0.390406 0.9162 0.9162 0.9212
v 0.942541 -2.631439 -0.402406 0.9162 0.9162 0.9212
v 0.857748 -2.704138 -0.447406 0.9162 0.9162 0.9212
v 0.797594 -2.704645 -0.449906 0.9162 0.9162 0.9212
v 0.779286 -2.677445 -0.434906 0.9162 0.9162 0.9212
v 0.822784 -2.623810 -0.402406 0.9162 0.9162 0.9212
v 4.239417 -2.785486 -0.354340 0.9162 0.9162 0.9212
v 3.759136 -2.774626 -0.357815 0.9162 0.9162 0.9212
v 2.361029 -2.700360 -0.360424 0.9162 0.9162 0.9212
v 1.362426 -2.646611 -0.362164 0.9162 0.9162 0.9212
v 1.162517 -2.638810 -0.363033 0.9162 0.9162 0.9212
v 1.043011 -2.627249 -0.362339 0.9162 0.9162 0.9212
v 0.941710 -2.644479 -0.366507 0.9162 0.9162 0.9212
v 0.856237 -2.727846 -0.382136 0.9162 0.9162 0.9212
v 0.796046 -2.728946 -0.383004 0.9162 0.9162 0.9212
v 0.777964 -2.698190 -0.377795 0.9162 0.9162 0.9212
v 0.821953 -2.636850 -0.366508 0.9162 0.9162 0.9212
v 4.239417 -2.785486 -0.340448 0.9162 0.9162 0.9212
v 3.759136 -2.774626 -0.336977 0.9162 0.9162 0.9212
v 2.361029 -2.700360 -0.334377 0.9162 0.9162 0.9212
v 1.362426 -2.646611 -0.332644 0.9162 0.9162 0.9212
v 1.162517 -2.638810 -0.331777 0.9162 0.9162 0.9212
v 1.043011 -2.627249 -0.332472 0.9162 0.9162 0.9212
v 0.941710 -2.644479 -0.328305 0.9162 0.9162 0.9212
v 0.856237 -2.727846 -0.312676 0.9162 0.9162 0.9212
v 0.796045 -2.728946 -0.311808 0.9162 0.9162 0.9212
v 0.777964 -2.698190 -0.317018 0.9162 0.9162 0.9212
v 0.821953 -2.636850 -0.328305 0.9162 0.9162 0.9212
v 4.239719 -2.780745 -0.327394 0.9162 0.9162 0.9212
v 3.759589 -2.767513 -0.317396 0.9162 0.9162 0.9212
v 2.361595 -2.691469 -0.309901 0.9162 0.9162 0.9212
v 1.363068 -2.636535 -0.304904 0.9162 0.9162 0.9212
v 1.163197 -2.628141 -0.302405 0.9162 0.9162 0.9212
v 1.043660 -2.617055 -0.304406 0.9162 0.9162 0.9212
v 0.942541 -2.631439 -0.292406 0.9162 0.9162 0.9212
v 0.857747 -2.704138 -0.247406 0.9162 0.9162 0.9212
v 0.797593 -2.704645 -0.244906 0.9162 0.9162 0.9212
v 0.779286 -2.677445 -0.259907 0.9162 0.9162 0.9212
v 0.822783 -2.623810 -0.292406 0.9162 0.9162 0.9212
v 4.240287 -2.771833 -0.316752 0.9162 0.9162 0.9212
v 3.760440 -2.754146 -0.301433 0.9162 0.9162 0.9212
v 2.362659 -2.674760 -0.289947 0.9162 0.9162 0.9212
v 1.364274 -2.617598 -0.282291 0.9162 0.9162 0.9212
v 1.164474 -2.608090 -0.278461 0.9162 0.9162 0.9212
v 1.044881 -2.597895 -0.281526 0.9162 0.9162 0.9212
v 0.944102 -2.606933 -0.263141 0.9162 0.9162 0.9212
v 0.860586 -2.659581 -0.194197 0.9162 0.9162 0.9212
v 0.800503 -2.658973 -0.190367 0.9162 0.9162 0.9212
v 0.781769 -2.638457 -0.213349 0.9162 0.9162 0.9212
v 0.824345 -2.599304 -0.263141 0.9162 0.9162 0.9212
v 4.241052 -2.759827 -0.309806 0.9162 0.9162 0.9212
v 3.761588 -2.736136 -0.291014 0.9162 0.9162 0.9212
v 2.364094 -2.652249 -0.276924 0.9162 0.9162 0.9212
v 1.365899 -2.592085 -0.267531 0.9162 0.9162 0.9212
v 1.166195 -2.581076 -0.262833 0.9162 0.9162 0.9212
v 1.046525 -2.572081 -0.266592 0.9162 0.9162 0.9212
v 0.946205 -2.573915 -0.244040 0.9162 0.9162 0.9212
v 0.864410 -2.599549 -0.159468 0.9162 0.9162 0.9212
v 0.804422 -2.597441 -0.154769 0.9162 0.9162 0.9212
v 0.785115 -2.585930 -0.182960 0.9162 0.9162 0.9212
v 0.826448 -2.566286 -0.244040 0.9162 0.9162 0.9212
v 2.365725 -2.626649 -0.272401 0.9162 0.9162 0.9212
v 1.048395 -2.542727 -0.261406 0.9162 0.9162 0.9212
v 0.788921 -2.526197 -0.172407 0.9162 0.9162 0.9212
v 0.828840 -2.528740 -0.237406 0.9162 0.9162 0.9212
v 0.662722 -2.572442 -0.340594 0.9162 0.9162 0.9212
v 0.782097 -2.560211 -0.380594 0.9162 0.9162 0.9212
v 1.259597 -2.511288 -0.400596 0.9162 0.9162 0.9212
v 3.647098 -2.266674 -0.425604 0.9162 0.9162 0.9212
v 3.846057 -2.246289 -0.430605 0.9162 0.9162 0.9212
v 4.064911 -2.223866 -0.450606 0.9162 0.9162 0.9212
v 4.144494 -2.215712 -0.540606 0.9162 0.9162 0.9212
v 4.204182 -2.209597 -0.545606 0.9162 0.9162 0.9212
v 4.144495 -2.215712 -0.340606 0.9162 0.9162 0.9212
v 0.780702 -2.546602 -0.378182 0.9162 0.9162 0.9212
v 1.257505 -2.490874 -0.396977 0.9162 0.9162 0.9212
v 2.649692 -2.343078 -0.411078 0.9162 0.9162 0.9212
v 3.644135 -2.237753 -0.420478 0.9162 0.9162 0.9212
v 3.842919 -2.215668 -0.425177 0.9162 0.9162 0.9212
v 3.962434 -2.204798 -0.421419 0.9162 0.9162 0.9212
v 4.061077 -2.186440 -0.443972 0.9162 0.9162 0.9212
v 4.137522 -2.147665 -0.528545 0.9162 0.9162 0.9212
v 4.197035 -2.139848 -0.533243 0.9162 0.9162 0.9212
v 4.217977 -2.148017 -0.505053 0.9162 0.9162 0.9212
v 4.180451 -2.174209 -0.443973 0.9162 0.9162 0.9212
v 0.779476 -2.534633 -0.371236 0.9162 0.9162 0.9212
v 1.255666 -2.472922 -0.386558 0.9162 0.9162 0.9212
v 2.647393 -2.320638 -0.398054 0.9162 0.9162 0.9212
v 3.641530 -2.212321 -0.405718 0.9162 0.9162 0.9212
v 3.840161 -2.188740 -0.409549 0.9162 0.9162 0.9212
v 3.959798 -2.179067 -0.406485 0.9162 0.9162 0.9212
v 4.057704 -2.153528 -0.424871 0.9162 0.9162 0.9212
v 4.131392 -2.087824 -0.493815 0.9162 0.9162 0.9212
v 4.190751 -2.078512 -0.497646 0.9162 0.9162 0.9212
v 4.212613 -2.095656 -0.474664 0.9162 0.9162 0.9212
v 4.177080 -2.141297 -0.424871 0.9162 0.9162 0.9212
v 0.778566 -2.525750 -0.360594 0.9162 0.9162 0.9212
v 1.254301 -2.459597 -0.370596 0.9162 0.9162 0.9212
v 2.645686 -2.303983 -0.378101 0.9162 0.9162 0.9212
v 3.639596 -2.193445 -0.383104 0.9162 0.9162 0.9212
v 3.838113 -2.168753 -0.385605 0.9162 0.9162 0.9212
v 3.957841 -2.159968 -0.383606 0.9162 0.9162 0.9212
v 4.055202 -2.129099 -0.395606 0.9162 0.9162 0.9212
v 4.126841 -2.043409 -0.440606 0.9162 0.9162 0.9212
v 4.186087 -2.032986 -0.443106 0.9162 0.9162 0.9212
v 4.208631 -2.056793 -0.428106 0.9162 0.9162 0.9212
v 4.174577 -2.116869 -0.395606 0.9162 0.9162 0.9212
v 0.778082 -2.521024 -0.347540 0.9162 0.9162 0.9212
v 1.253575 -2.452507 -0.351015 0.9162 0.9162 0.9212
v 2.644778 -2.295120 -0.353624 0.9162 0.9162 0.9212
v 3.638567 -2.183401 -0.355365 0.9162 0.9162 0.9212
v 3.837023 -2.158118 -0.356233 0.9162 0.9162 0.9212
v 3.956800 -2.149806 -0.355539 0.9162 0.9162 0.9212
v 4.053870 -2.116101 -0.359707 0.9162 0.9162 0.9212
v 4.124420 -2.019776 -0.375336 0.9162 0.9162 0.9212
v 4.183606 -2.008763 -0.376204 0.9162 0.9162 0.9212
v 4.206512 -2.036115 -0.370995 0.9162 0.9162 0.9212
v 4.173245 -2.103871 -0.359708 0.9162 0.9162 0.9212
v 0.778082 -2.521024 -0.333648 0.9162 0.9162 0.9212
v 1.253575 -2.452507 -0.330177 0.9162 0.9162 0.9212
v 2.644778 -2.295120 -0.327577 0.9162 0.9162 0.9212
v 3.638567 -2.183401 -0.325844 0.9162 0.9162 0.9212
v 3.837023 -2.158118 -0.324977 0.9162 0.9162 0.9212
v 3.956800 -2.149806 -0.325672 0.9162 0.9162 0.9212
v 4.053870 -2.116101 -0.321505 0.9162 0.9162 0.9212
v 4.124420 -2.019776 -0.305877 0.9162 0.9162 0.9212
v 4.183606 -2.008763 -0.305009 0.9162 0.9162 0.9212
v 4.206513 -2.036115 -0.310218 0.9162 0.9162 0.9212
v 4.173245 -2.103871 -0.321505 0.9162 0.9162 0.9212
v 0.778566 -2.525750 -0.320594 0.9162 0.9162 0.9212
v 1.254301 -2.459597 -0.310596 0.9162 0.9162 0.9212
v 2.645686 -2.303983 -0.303101 0.9162 0.9162 0.9212
v 3.639596 -2.193445 -0.298104 0.9162 0.9162 0.9212
v 3.838113 -2.168753 -0.295605 0.9162 0.9162 0.9212
v 3.957841 -2.159968 -0.297606 0.9162 0.9162 0.9212
v 4.055202 -2.129099 -0.285606 0.9162 0.9162 0.9212
v 4.126842 -2.043409 -0.240606 0.9162 0.9162 0.9212
v 4.186088 -2.032986 -0.238106 0.9162 0.9162 0.9212
v 4.208632 -2.056793 -0.253107 0.9162 0.9162 0.9212
v 4.174577 -2.116869 -0.285606 0.9162 0.9162 0.9212
v 0.779476 -2.534633 -0.309952 0.9162 0.9162 0.9212
v 1.255666 -2.472922 -0.294633 0.9162 0.9162 0.9212
v 2.647393 -2.320638 -0.283147 0.9162 0.9162 0.9212
v 3.641530 -2.212321 -0.275491 0.9162 0.9162 0.9212
v 3.840161 -2.188740 -0.271661 0.9162 0.9162 0.9212
v 3.959798 -2.179066 -0.274726 0.9162 0.9162 0.9212
v 4.057705 -2.153528 -0.256341 0.9162 0.9162 0.9212
v 4.131392 -2.087824 -0.187397 0.9162 0.9162 0.9212
v 4.190753 -2.078512 -0.183567 0.9162 0.9162 0.9212
v 4.212614 -2.095656 -0.206549 0.9162 0.9162 0.9212
v 4.177080 -2.141297 -0.256341 0.9162 0.9162 0.9212
v 0.780702 -2.546602 -0.303006 0.9162 0.9162 0.9212
v 1.257506 -2.490874 -0.284214 0.9162 0.9162 0.9212
v 2.649692 -2.343078 -0.270124 0.9162 0.9162 0.9212
v 3.644136 -2.237753 -0.260731 0.9162 0.9162 0.9212
v 3.842920 -2.215667 -0.256033 0.9162 0.9162 0.9212
v 3.962435 -2.204798 -0.259792 0.9162 0.9162 0.9212
v 4.061077 -2.186440 -0.237240 0.9162 0.9162 0.9212
v 4.137524 -2.147665 -0.152668 0.9162 0.9162 0.9212
v 4.197037 -2.139848 -0.147969 0.9162 0.9162 0.9212
v 4.217978 -2.148017 -0.176160 0.9162 0.9162 0.9212
v 4.180452 -2.174209 -0.237240 0.9162 0.9162 0.9212
v 0.782097 -2.560211 -0.300594 0.9162 0.9162 0.9212
v 1.259597 -2.511288 -0.280596 0.9162 0.9162 0.9212
v 2.652307 -2.368596 -0.265601 0.9162 0.9162 0.9212
v 3.647099 -2.266674 -0.255604 0.9162 0.9162 0.9212
v 3.846057 -2.246289 -0.250605 0.9162 0.9162 0.9212
v 3.965433 -2.234058 -0.254606 0.9162 0.9162 0.9212
v 4.064912 -2.223866 -0.230606 0.9162 0.9162 0.9212
v 4.144495 -2.215712 -0.140606 0.9162 0.9162 0.9212
v 4.204183 -2.209597 -0.135606 0.9162 0.9162 0.9212
v 4.224079 -2.207558 -0.165607 0.9162 0.9162 0.9212
v 4.184287 -2.211635 -0.230606 0.9162 0.9162 0.9212
v 0.783491 -2.573821 -0.303006 0.9162 0.9162 0.9212
v 1.261689 -2.531703 -0.284214 0.9162 0.9162 0.9212
v 2.654921 -2.394114 -0.270124 0.9162 0.9162 0.9212
v 3.650062 -2.295594 -0.260731 0.9162 0.9162 0.9212
v 3.849195 -2.276911 -0.256033 0.9162 0.9162 0.9212
v 3.968431 -2.263319 -0.259792 0.9162 0.9162 0.9212
v 4.068747 -2.261292 -0.237240 0.9162 0.9162 0.9212
v 4.151467 -2.283760 -0.152668 0.9162 0.9162 0.9212
v 4.211329 -2.279346 -0.147969 0.9162 0.9162 0.9212
v 4.230179 -2.267100 -0.176160 0.9162 0.9162 0.9212
v 4.188121 -2.249062 -0.237240 0.9162 0.9162 0.9212
v 0.784717 -2.585788 -0.309952 0.9162 0.9162 0.9212
v 1.263528 -2.549654 -0.294633 0.9162 0.9162 0.9212
v 2.657220 -2.416554 -0.283147 0.9162 0.9162 0.9212
v 3.652668 -2.321026 -0.275491 0.9162 0.9162 0.9212
v 3.851954 -2.303839 -0.271661 0.9162 0.9162 0.9212
v 3.971067 -2.289050 -0.274726 0.9162 0.9162 0.9212
v 4.072118 -2.294204 -0.256341 0.9162 0.9162 0.9212
v 4.157598 -2.343600 -0.187397 0.9162 0.9162 0.9212
v 4.217613 -2.340682 -0.183567 0.9162 0.9162 0.9212
v 4.235544 -2.319460 -0.206549 0.9162 0.9162 0.9212
v 4.191494 -2.281974 -0.256341 0.9162 0.9162 0.9212
v 0.785627 -2.594672 -0.320594 0.9162 0.9162 0.9212
v 1.264893 -2.562979 -0.310596 0.9162 0.9162 0.9212
v 2.658926 -2.433210 -0.303101 0.9162 0.9162 0.9212
v 3.654602 -2.339902 -0.298104 0.9162 0.9162 0.9212
v 3.854002 -2.323825 -0.295605 0.9162 0.9162 0.9212
v 3.973023 -2.308149 -0.297606 0.9162 0.9162 0.9212
v 4.074621 -2.318633 -0.285606 0.9162 0.9162 0.9212
v 4.162149 -2.388015 -0.240606 0.9162 0.9162 0.9212
v 4.222278 -2.386208 -0.238106 0.9162 0.9162 0.9212
v 4.239525 -2.358324 -0.253107 0.9162 0.9162 0.9212
v 4.193996 -2.306402 -0.285606 0.9162 0.9162 0.9212
v 0.786112 -2.599398 -0.333648 0.9162 0.9162 0.9212
v 1.265620 -2.570069 -0.330177 0.9162 0.9162 0.9212
v 2.659834 -2.442072 -0.327577 0.9162 0.9162 0.9212
v 3.655631 -2.349946 -0.325844 0.9162 0.9162 0.9212
v 3.855091 -2.334460 -0.324977 0.9162 0.9162 0.9212
v 3.974064 -2.318311 -0.325672 0.9162 0.9162 0.9212
v 4.075953 -2.331631 -0.321505 0.9162 0.9162 0.9212
v 4.164570 -2.411648 -0.305877 0.9162 0.9162 0.9212
v 4.224759 -2.410431 -0.305009 0.9162 0.9162 0.9212
v 4.241644 -2.379002 -0.310218 0.9162 0.9162 0.9212
v 4.195328 -2.319400 -0.321505 0.9162 0.9162 0.9212
v 0.786112 -2.599398 -0.347540 0.9162 0.9162 0.9212
v 1.265620 -2.570069 -0.351015 0.9162 0.9162 0.9212
v 2.659834 -2.442072 -0.353624 0.9162 0.9162 0.9212
v 3.655631 -2.349946 -0.355365 0.9162 0.9162 0.9212
v 3.855091 -2.334460 -0.356234 0.9162 0.9162 0.9212
v 3.974064 -2.318311 -0.355539 0.9162 0.9162 0.9212
v 4.075953 -2.331631 -0.359707 0.9162 0.9162 0.9212
v 4.164570 -2.411648 -0.375336 0.9162 0.9162 0.9212
v 4.224759 -2.410431 -0.376204 0.9162 0.9162 0.9212
v 4.241643 -2.379002 -0.370995 0.9162 0.9162 0.9212
v 4.195328 -2.319400 -0.359708 0.9162 0.9162 0.9212
v 0.785627 -2.594672 -0.360594 0.9162 0.9162 0.9212
v 1.264893 -2.562979 -0.370596 0.9162 0.9162 0.9212
v 2.658926 -2.433210 -0.378101 0.9162 0.9162 0.9212
v 3.654601 -2.339902 -0.383104 0.9162 0.9162 0.9212
v 3.854001 -2.323826 -0.385605 0.9162 0.9162 0.9212
v 3.973023 -2.308149 -0.383606 0.9162 0.9162 0.9212
v 4.074621 -2.318633 -0.395606 0.9162 0.9162 0.9212
v 4.162148 -2.388016 -0.440606 0.9162 0.9162 0.9212
v 4.222277 -2.386208 -0.443106 0.9162 0.9162 0.9212
v 4.239525 -2.358324 -0.428106 0.9162 0.9162 0.9212
v 4.193995 -2.306402 -0.395606 0.9162 0.9162 0.9212
v 0.784717 -2.585789 -0.371236 0.9162 0.9162 0.9212
v 1.263528 -2.549654 -0.386558 0.9162 0.9162 0.9212
v 2.657220 -2.416554 -0.398054 0.9162 0.9162 0.9212
v 3.652667 -2.321026 -0.405718 0.9162 0.9162 0.9212
v 3.851953 -2.303839 -0.409549 0.9162 0.9162 0.9212
v 3.971066 -2.289050 -0.406485 0.9162 0.9162 0.9212
v 4.072118 -2.294204 -0.424871 0.9162 0.9162 0.9212
v 4.157598 -2.343600 -0.493815 0.9162 0.9162 0.9212
v 4.217612 -2.340682 -0.497646 0.9162 0.9162 0.9212
v 4.235543 -2.319460 -0.474664 0.9162 0.9162 0.9212
v 4.191493 -2.281974 -0.424871 0.9162 0.9162 0.9212
v 0.783491 -2.573821 -0.378182 0.9162 0.9162 0.9212
v 1.261688 -2.531703 -0.396977 0.9162 0.9162 0.9212
v 2.654921 -2.394114 -0.411078 0.9162 0.9162 0.9212
v 3.650062 -2.295594 -0.420478 0.9162 0.9162 0.9212
v 3.849194 -2.276911 -0.425177 0.9162 0.9162 0.9212
v 3.968430 -2.263319 -0.421419 0.9162 0.9162 0.9212
v 4.068746 -2.261292 -0.443972 0.9162 0.9162 0.9212
v 4.151466 -2.283760 -0.528545 0.9162 0.9162 0.9212
v 4.211328 -2.279346 -0.533243 0.9162 0.9162 0.9212
v 4.230178 -2.267100 -0.505053 0.9162 0.9162 0.9212
v 4.188121 -2.249062 -0.443973 0.9162 0.9162 0.9212
v 2.652306 -2.368596 -0.415601 0.9162 0.9162 0.9212
v 3.965432 -2.234058 -0.426606 0.9162 0.9162 0.9212
v 4.224078 -2.207559 -0.515606 0.9162 0.9162 0.9212
v 4.184286 -2.211635 -0.450606 0.9162 0.9162 0.9212
v 4.441054 -2.142763 -0.330894 0.9162 0.9162 0.9212
v 4.321057 -2.141907 -0.290894 0.9162 0.9162 0.9212
v 3.841069 -2.138485 -0.270896 0.9162 0.9162 0.9212
v 1.441130 -2.121373 -0.245904 0.9162 0.9162 0.9212
v 1.241135 -2.119947 -0.240905 0.9162 0.9162 0.9212
v 1.021141 -2.118378 -0.220906 0.9162 0.9162 0.9212
v 0.941143 -2.117808 -0.130906 0.9162 0.9162 0.9212
v 0.881144 -2.117380 -0.125906 0.9162 0.9162 0.9212
v 0.941143 -2.117808 -0.330906 0.9162 0.9162 0.9212
v 4.321155 -2.128227 -0.293306 0.9162 0.9162 0.9212
v 3.841216 -2.117964 -0.274514 0.9162 0.9162 0.9212
v 2.441288 -2.102852 -0.260424 0.9162 0.9162 0.9212
v 1.441338 -2.092302 -0.251031 0.9162 0.9162 0.9212
v 1.241355 -2.089166 -0.246333 0.9162 0.9162 0.9212
v 1.121348 -2.089678 -0.250092 0.9162 0.9162 0.9212
v 1.021409 -2.080757 -0.227540 0.9162 0.9162 0.9212
v 0.941630 -2.049406 -0.142968 0.9162 0.9162 0.9212
v 0.881644 -2.047268 -0.138269 0.9162 0.9162 0.9212
v 0.861572 -2.057385 -0.166460 0.9162 0.9162 0.9212
v 0.901412 -2.079901 -0.227540 0.9162 0.9162 0.9212
v 4.321240 -2.116196 -0.300252 0.9162 0.9162 0.9212
v 3.841344 -2.099918 -0.284933 0.9162 0.9162 0.9212
v 2.441449 -2.080295 -0.273447 0.9162 0.9162 0.9212
v 1.441520 -2.066737 -0.265791 0.9162 0.9162 0.9212
v 1.241548 -2.062098 -0.261961 0.9162 0.9162 0.9212
v 1.121533 -2.063813 -0.265026 0.9162 0.9162 0.9212
v 1.021645 -2.047673 -0.246641 0.9162 0.9162 0.9212
v 0.942059 -1.989254 -0.177697 0.9162 0.9162 0.9212
v 0.882084 -1.985612 -0.173867 0.9162 0.9162 0.9212
v 0.861947 -2.004753 -0.196849 0.9162 0.9162 0.9212
v 0.901648 -2.046818 -0.246641 0.9162 0.9162 0.9212
v 4.321304 -2.107267 -0.310894 0.9162 0.9162 0.9212
v 3.841440 -2.086524 -0.300896 0.9162 0.9162 0.9212
v 2.441568 -2.063553 -0.293401 0.9162 0.9162 0.9212
v 1.441655 -2.047763 -0.288404 0.9162 0.9162 0.9212
v 1.241691 -2.042006 -0.285905 0.9162 0.9162 0.9212
v 1.121670 -2.044615 -0.287906 0.9162 0.9162 0.9212
v 1.021820 -2.023118 -0.275906 0.9162 0.9162 0.9212
v 0.942378 -1.944607 -0.230906 0.9162 0.9162 0.9212
v 0.882410 -1.939849 -0.228406 0.9162 0.9162 0.9212
v 0.862226 -1.965687 -0.243406 0.9162 0.9162 0.9212
v 0.901823 -2.022262 -0.275906 0.9162 0.9162 0.9212
v 4.321338 -2.102516 -0.323948 0.9162 0.9162 0.9212
v 3.841491 -2.079398 -0.320477 0.9162 0.9162 0.9212
v 2.441632 -2.054644 -0.317877 0.9162 0.9162 0.9212
v 1.441727 -2.037666 -0.316144 0.9162 0.9162 0.9212
v 1.241768 -2.031317 -0.315277 0.9162 0.9162 0.9212
v 1.121743 -2.034400 -0.315972 0.9162 0.9162 0.9212
v 1.021914 -2.010052 -0.311805 0.9162 0.9162 0.9212
v 0.942547 -1.920851 -0.296177 0.9162 0.9162 0.9212
v 0.882584 -1.915500 -0.295309 0.9162 0.9162 0.9212
v 0.862374 -1.944901 -0.300518 0.9162 0.9162 0.9212
v 0.901917 -2.009197 -0.311805 0.9162 0.9162 0.9212
v 4.321338 -2.102516 -0.337840 0.9162 0.9162 0.9212
v 3.841491 -2.079398 -0.341315 0.9162 0.9162 0.9212
v 2.441632 -2.054644 -0.343924 0.9162 0.9162 0.9212
v 1.441728 -2.037666 -0.345664 0.9162 0.9162 0.9212
v 1.241768 -2.031317 -0.346533 0.9162 0.9162 0.9212
v 1.121743 -2.034400 -0.345839 0.9162 0.9162 0.9212
v 1.021914 -2.010052 -0.350007 0.9162 0.9162 0.9212
v 0.942548 -1.920851 -0.365636 0.9162 0.9162 0.9212
v 0.882584 -1.915500 -0.366504 0.9162 0.9162 0.9212
v 0.862374 -1.944901 -0.361295 0.9162 0.9162 0.9212
v 0.901917 -2.009197 -0.350008 0.9162 0.9162 0.9212
v 4.321304 -2.107267 -0.350894 0.9162 0.9162 0.9212
v 3.841440 -2.086524 -0.360896 0.9162 0.9162 0.9212
v 2.441568 -2.063553 -0.368401 0.9162 0.9162 0.9212
v 1.441656 -2.047763 -0.373404 0.9162 0.9162 0.9212
v 1.241691 -2.042006 -0.375905 0.9162 0.9162 0.9212
v 1.121670 -2.044615 -0.373906 0.9162 0.9162 0.9212
v 1.021821 -2.023118 -0.385906 0.9162 0.9162 0.9212
v 0.942379 -1.944607 -0.430906 0.9162 0.9162 0.9212
v 0.882411 -1.939849 -0.433406 0.9162 0.9162 0.9212
v 0.862226 -1.965687 -0.418406 0.9162 0.9162 0.9212
v 0.901824 -2.022262 -0.385906 0.9162 0.9162 0.9212
v 4.321241 -2.116196 -0.361536 0.9162 0.9162 0.9212
v 3.841345 -2.099918 -0.376858 0.9162 0.9162 0.9212
v 2.441449 -2.080295 -0.388354 0.9162 0.9162 0.9212
v 1.441520 -2.066737 -0.396018 0.9162 0.9162 0.9212
v 1.241548 -2.062098 -0.399849 0.9162 0.9162 0.9212
v 1.121533 -2.063813 -0.396785 0.9162 0.9162 0.9212
v 1.021646 -2.047673 -0.415171 0.9162 0.9162 0.9212
v 0.942060 -1.989254 -0.484115 0.9162 0.9162 0.9212
v 0.882085 -1.985612 -0.487946 0.9162 0.9162 0.9212
v 0.861948 -2.004753 -0.464964 0.9162 0.9162 0.9212
v 0.901649 -2.046818 -0.415171 0.9162 0.9162 0.9212
v 4.321155 -2.128227 -0.368482 0.9162 0.9162 0.9212
v 3.841216 -2.117964 -0.387277 0.9162 0.9162 0.9212
v 2.441288 -2.102852 -0.401378 0.9162 0.9162 0.9212
v 1.441338 -2.092302 -0.410778 0.9162 0.9162 0.9212
v 1.241355 -2.089166 -0.415477 0.9162 0.9162 0.9212
v 1.121349 -2.089678 -0.411719 0.9162 0.9162 0.9212
v 1.021410 -2.080757 -0.434272 0.9162 0.9162 0.9212
v 0.941632 -2.049406 -0.518845 0.9162 0.9162 0.9212
v 0.881645 -2.047268 -0.523543 0.9162 0.9162 0.9212
v 0.861573 -2.057385 -0.495353 0.9162 0.9162 0.9212
v 0.901413 -2.079901 -0.434273 0.9162 0.9162 0.9212
v 4.321057 -2.141907 -0.370894 0.9162 0.9162 0.9212
v 3.841070 -2.138485 -0.390896 0.9162 0.9162 0.9212
v 2.441105 -2.128503 -0.405901 0.9162 0.9162 0.9212
v 1.441131 -2.121373 -0.415904 0.9162 0.9162 0.9212
v 1.241136 -2.119947 -0.420905 0.9162 0.9162 0.9212
v 1.121139 -2.119091 -0.416906 0.9162 0.9162 0.9212
v 1.021142 -2.118378 -0.440906 0.9162 0.9162 0.9212
v 0.941144 -2.117808 -0.530906 0.9162 0.9162 0.9212
v 0.881146 -2.117380 -0.535906 0.9162 0.9162 0.9212
v 0.861146 -2.117238 -0.505906 0.9162 0.9162 0.9212
v 0.901145 -2.117523 -0.440906 0.9162 0.9162 0.9212
v 4.320960 -2.155588 -0.368482 0.9162 0.9162 0.9212
v 3.840924 -2.159005 -0.387277 0.9162 0.9162 0.9212
v 2.440922 -2.154154 -0.401378 0.9162 0.9162 0.9212
v 1.440924 -2.150444 -0.410778 0.9162 0.9162 0.9212
v 1.240916 -2.150728 -0.415477 0.9162 0.9162 0.9212
v 1.120929 -2.148504 -0.411719 0.9162 0.9162 0.9212
v 1.020873 -2.156000 -0.434272 0.9162 0.9162 0.9212
v 0.940656 -2.186210 -0.518845 0.9162 0.9162 0.9212
v 0.880646 -2.187492 -0.523543 0.9162 0.9162 0.9212
v 0.860719 -2.177089 -0.495353 0.9162 0.9162 0.9212
v 0.900877 -2.155144 -0.434273 0.9162 0.9162 0.9212
v 4.320874 -2.167618 -0.361536 0.9162 0.9162 0.9212
v 3.840795 -2.177051 -0.376858 0.9162 0.9162 0.9212
v 2.440762 -2.176711 -0.388354 0.9162 0.9162 0.9212
v 1.440741 -2.176008 -0.396018 0.9162 0.9162 0.9212
v 1.240723 -2.177796 -0.399849 0.9162 0.9162 0.9212
v 1.120745 -2.174370 -0.396785 0.9162 0.9162 0.9212
v 1.020637 -2.189083 -0.415171 0.9162 0.9162 0.9212
v 0.940227 -2.246362 -0.484115 0.9162 0.9162 0.9212
v 0.880206 -2.249148 -0.487946 0.9162 0.9162 0.9212
v 0.860344 -2.229722 -0.464964 0.9162 0.9162 0.9212
v 0.900641 -2.188228 -0.415171 0.9162 0.9162 0.9212
v 4.320810 -2.176547 -0.350894 0.9162 0.9162 0.9212
v 3.840699 -2.190445 -0.360896 0.9162 0.9162 0.9212
v 2.440642 -2.193453 -0.368401 0.9162 0.9162 0.9212
v 1.440606 -2.194983 -0.373404 0.9162 0.9162 0.9212
v 1.240580 -2.197887 -0.375905 0.9162 0.9162 0.9212
v 1.120608 -2.193568 -0.373906 0.9162 0.9162 0.9212
v 1.020462 -2.213639 -0.385906 0.9162 0.9162 0.9212
v 0.939909 -2.291008 -0.430906 0.9162 0.9162 0.9212
v 0.879879 -2.294911 -0.433406 0.9162 0.9162 0.9212
v 0.860065 -2.268788 -0.418406 0.9162 0.9162 0.9212
v 0.900465 -2.212783 -0.385906 0.9162 0.9162 0.9212
v 4.320776 -2.181298 -0.337840 0.9162 0.9162 0.9212
v 3.840648 -2.197572 -0.341315 0.9162 0.9162 0.9212
v 2.440579 -2.202362 -0.343924 0.9162 0.9162 0.9212
v 1.440534 -2.205079 -0.345665 0.9162 0.9162 0.9212
v 1.240504 -2.208577 -0.346533 0.9162 0.9162 0.9212
v 1.120535 -2.203783 -0.345839 0.9162 0.9162 0.9212
v 1.020369 -2.226704 -0.350007 0.9162 0.9162 0.9212
v 0.939739 -2.314764 -0.365636 0.9162 0.9162 0.9212
v 0.879706 -2.319261 -0.366504 0.9162 0.9162 0.9212
v 0.859917 -2.289574 -0.361295 0.9162 0.9162 0.9212
v 0.900372 -2.225849 -0.350008 0.9162 0.9162 0.9212
v 4.320776 -2.181298 -0.323948 0.9162 0.9162 0.9212
v 3.840648 -2.197572 -0.320477 0.9162 0.9162 0.9212
v 2.440578 -2.202362 -0.317877 0.9162 0.9162 0.9212
v 1.440534 -2.205079 -0.316144 0.9162 0.9162 0.9212
v 1.240504 -2.208577 -0.315277 0.9162 0.9162 0.9212
v 1.120535 -2.203783 -0.315972 0.9162 0.9162 0.9212
v 1.020369 -2.226704 -0.311805 0.9162 0.9162 0.9212
v 0.939739 -2.314764 -0.296176 0.9162 0.9162 0.9212
v 0.879705 -2.319261 -0.295309 0.9162 0.9162 0.9212
v 0.859916 -2.289574 -0.300518 0.9162 0.9162 0.9212
v 0.900372 -2.225849 -0.311805 0.9162 0.9162 0.9212
v 4.320810 -2.176547 -0.310894 0.9162 0.9162 0.9212
v 3.840699 -2.190445 -0.300896 0.9162 0.9162 0.9212
v 2.440642 -2.193453 -0.293401 0.9162 0.9162 0.9212
v 1.440606 -2.194983 -0.288404 0.9162 0.9162 0.9212
v 1.240580 -2.197887 -0.285905 0.9162 0.9162 0.9212
v 1.120608 -2.193568 -0.287906 0.9162 0.9162 0.9212
v 1.020462 -2.213639 -0.275906 0.9162 0.9162 0.9212
v 0.939908 -2.291009 -0.230906 0.9162 0.9162 0.9212
v 0.879879 -2.294911 -0.228406 0.9162 0.9162 0.9212
v 0.860065 -2.268788 -0.243407 0.9162 0.9162 0.9212
v 0.900465 -2.212783 -0.275906 0.9162 0.9162 0.9212
v 4.320874 -2.167618 -0.300252 0.9162 0.9162 0.9212
v 3.840795 -2.177051 -0.284933 0.9162 0.9162 0.9212
v 2.440761 -2.176711 -0.273447 0.9162 0.9162 0.9212
v 1.440741 -2.176008 -0.265791 0.9162 0.9162 0.9212
v 1.240723 -2.177796 -0.261961 0.9162 0.9162 0.9212
v 1.120744 -2.174370 -0.265026 0.9162 0.9162 0.9212
v 1.020637 -2.189083 -0.246641 0.9162 0.9162 0.9212
v 0.940226 -2.246362 -0.177697 0.9162 0.9162 0.9212
v 0.880205 -2.249148 -0.173867 0.9162 0.9162 0.9212
v 0.860343 -2.229722 -0.196849 0.9162 0.9162 0.9212
v 0.900640 -2.188228 -0.246641 0.9162 0.9162 0.9212
v 4.320960 -2.155588 -0.293306 0.9162 0.9162 0.9212
v 3.840923 -2.159005 -0.274514 0.9162 0.9162 0.9212
v 2.440922 -2.154154 -0.260424 0.9162 0.9162 0.9212
v 1.440923 -2.150444 -0.251031 0.9162 0.9162 0.9212
v 1.240916 -2.150728 -0.246333 0.9162 0.9162 0.9212
v 1.120929 -2.148504 -0.250092 0.9162 0.9162 0.9212
v 1.020873 -2.156000 -0.227540 0.9162 0.9162 0.9212
v 0.940655 -2.186210 -0.142968 0.9162 0.9162 0.9212
v 0.880644 -2.187493 -0.138269 0.9162 0.9162 0.9212
v 0.860718 -2.177090 -0.166460 0.9162 0.9162 0.9212
v 0.900876 -2.155144 -0.227540 0.9162 0.9162 0.9212
v 2.441105 -2.128503 -0.255901 0.9162 0.9162 0.9212
v 1.121138 -2.119091 -0.244906 0.9162 0.9162 0.9212
v 0.861145 -2.117238 -0.155907 0.9162 0.9162 0.9212
v 0.901144 -2.117523 -0.220906 0.9162 0.9162 0.9212
v 0.788840 -1.835115 -0.315294 0.9162 0.9162 0.9212
v 0.908817 -1.837454 -0.355294 0.9162 0.9162 0.9212
v 1.388726 -1.846808 -0.375296 0.9162 0.9162 0.9212
v 3.788270 -1.893581 -0.400304 0.9162 0.9162 0.9212
v 3.988232 -1.897479 -0.405305 0.9162 0.9162 0.9212
v 4.208190 -1.901767 -0.425306 0.9162 0.9162 0.9212
v 4.288175 -1.903326 -0.515306 0.9162 0.9162 0.9212
v 4.348163 -1.904495 -0.520306 0.9162 0.9162 0.9212
v 4.288176 -1.903326 -0.315306 0.9162 0.9162 0.9212
v 0.909084 -1.823776 -0.352882 0.9162 0.9162 0.9212
v 1.389126 -1.826291 -0.371677 0.9162 0.9162 0.9212
v 2.788960 -1.848446 -0.385778 0.9162 0.9162 0.9212
v 3.788836 -1.864515 -0.395178 0.9162 0.9162 0.9212
v 3.988832 -1.866703 -0.399877 0.9162 0.9162 0.9212
v 4.108782 -1.870410 -0.396119 0.9162 0.9162 0.9212
v 4.208923 -1.864152 -0.418672 0.9162 0.9162 0.9212
v 4.289508 -1.834935 -0.503245 0.9162 0.9162 0.9212
v 4.349530 -1.834394 -0.507943 0.9162 0.9162 0.9212
v 4.369326 -1.845043 -0.479753 0.9162 0.9162 0.9212
v 4.328900 -1.866490 -0.418673 0.9162 0.9162 0.9212
v 0.909318 -1.811747 -0.345936 0.9162 0.9162 0.9212
v 1.389478 -1.808248 -0.361258 0.9162 0.9162 0.9212
v 2.789400 -1.825893 -0.372754 0.9162 0.9162 0.9212
v 3.789335 -1.838955 -0.380418 0.9162 0.9162 0.9212
v 3.989360 -1.839639 -0.384249 0.9162 0.9162 0.9212
v 4.109286 -1.844549 -0.381185 0.9162 0.9162 0.9212
v 4.209568 -1.831074 -0.399571 0.9162 0.9162 0.9212
v 4.290680 -1.774793 -0.468515 0.9162 0.9162 0.9212
v 4.350731 -1.772749 -0.472346 0.9162 0.9162 0.9212
v 4.370352 -1.792418 -0.449364 0.9162 0.9162 0.9212
v 4.329545 -1.833412 -0.399571 0.9162 0.9162 0.9212
v 0.909492 -1.802819 -0.335294 0.9162 0.9162 0.9212
v 1.389739 -1.794857 -0.345296 0.9162 0.9162 0.9212
v 2.789726 -1.809153 -0.352801 0.9162 0.9162 0.9212
v 3.789705 -1.819983 -0.357804 0.9162 0.9162 0.9212
v 3.989751 -1.819552 -0.360305 0.9162 0.9162 0.9212
v 4.109661 -1.825354 -0.358306 0.9162 0.9162 0.9212
v 4.210047 -1.806522 -0.370306 0.9162 0.9162 0.9212
v 4.291551 -1.730154 -0.415306 0.9162 0.9162 0.9212
v 4.351624 -1.726994 -0.417806 0.9162 0.9162 0.9212
v 4.371113 -1.753359 -0.402806 0.9162 0.9162 0.9212
v 4.330024 -1.808861 -0.370306 0.9162 0.9162 0.9212
v 0.909585 -1.798069 -0.322240 0.9162 0.9162 0.9212
v 1.389878 -1.787731 -0.325715 0.9162 0.9162 0.9212
v 2.789900 -1.800246 -0.328324 0.9162 0.9162 0.9212
v 3.789902 -1.809889 -0.330064 0.9162 0.9162 0.9212
v 3.989960 -1.808863 -0.330933 0.9162 0.9162 0.9212
v 4.109860 -1.815140 -0.330239 0.9162 0.9162 0.9212
v 4.210301 -1.793458 -0.334407 0.9162 0.9162 0.9212
v 4.292014 -1.706402 -0.350036 0.9162 0.9162 0.9212
v 4.352098 -1.702648 -0.350904 0.9162 0.9162 0.9212
v 4.371519 -1.732576 -0.345695 0.9162 0.9162 0.9212
v 4.330279 -1.795797 -0.334408 0.9162 0.9162 0.9212
v 0.909585 -1.798069 -0.308348 0.9162 0.9162 0.9212
v 1.389878 -1.787731 -0.304877 0.9162 0.9162 0.9212
v 2.789900 -1.800246 -0.302277 0.9162 0.9162 0.9212
v 3.789902 -1.809889 -0.300544 0.9162 0.9162 0.9212
v 3.989960 -1.808863 -0.299677 0.9162 0.9162 0.9212
v 4.109860 -1.815140 -0.300372 0.9162 0.9162 0.9212
v 4.210302 -1.793458 -0.296205 0.9162 0.9162 0.9212
v 4.292014 -1.706402 -0.280577 0.9162 0.9162 0.9212
v 4.352098 -1.702648 -0.279709 0.9162 0.9162 0.9212
v 4.371519 -1.732576 -0.284918 0.9162 0.9162 0.9212
v 4.330279 -1.795797 -0.296205 0.9162 0.9162 0.9212
v 0.909492 -1.802819 -0.295294 0.9162 0.9162 0.9212
v 1.389739 -1.794857 -0.285296 0.9162 0.9162 0.9212
v 2.789726 -1.809153 -0.277801 0.9162 0.9162 0.9212
v 3.789705 -1.819983 -0.272804 0.9162 0.9162 0.9212
v 3.989752 -1.819552 -0.270305 0.9162 0.9162 0.9212
v 4.109661 -1.825354 -0.272306 0.9162 0.9162 0.9212
v 4.210047 -1.806522 -0.260306 0.9162 0.9162 0.9212
v 4.291551 -1.730154 -0.215306 0.9162 0.9162 0.9212
v 4.351624 -1.726994 -0.212806 0.9162 0.9162 0.9212
v 4.371114 -1.753359 -0.227806 0.9162 0.9162 0.9212
v 4.330025 -1.808861 -0.260306 0.9162 0.9162 0.9212
v 0.909318 -1.811747 -0.284652 0.9162 0.9162 0.9212
v 1.389478 -1.808248 -0.269333 0.9162 0.9162 0.9212
v 2.789400 -1.825893 -0.257847 0.9162 0.9162 0.9212
v 3.789335 -1.838955 -0.250191 0.9162 0.9162 0.9212
v 3.989360 -1.839639 -0.246361 0.9162 0.9162 0.9212
v 4.109287 -1.844549 -0.249426 0.9162 0.9162 0.9212
v 4.209569 -1.831074 -0.231041 0.9162 0.9162 0.9212
v 4.290681 -1.774793 -0.162097 0.9162 0.9162 0.9212
v 4.350732 -1.772749 -0.158267 0.9162 0.9162 0.9212
v 4.370353 -1.792418 -0.181249 0.9162 0.9162 0.9212
v 4.329546 -1.833412 -0.231041 0.9162 0.9162 0.9212
v 0.909084 -1.823776 -0.277706 0.9162 0.9162 0.9212
v 1.389126 -1.826291 -0.258914 0.9162 0.9162 0.9212
v 2.788960 -1.848446 -0.244824 0.9162 0.9162 0.9212
v 3.788837 -1.864515 -0.235431 0.9162 0.9162 0.9212
v 3.988832 -1.866703 -0.230733 0.9162 0.9162 0.9212
v 4.108783 -1.870410 -0.234492 0.9162 0.9162 0.9212
v 4.208924 -1.864152 -0.211940 0.9162 0.9162 0.9212
v 4.289509 -1.834935 -0.127368 0.9162 0.9162 0.9212
v 4.349531 -1.834394 -0.122669 0.9162 0.9162 0.9212
v 4.369327 -1.845043 -0.150860 0.9162 0.9162 0.9212
v 4.328901 -1.866490 -0.211940 0.9162 0.9162 0.9212
v 0.908817 -1.837454 -0.275294 0.9162 0.9162 0.9212
v 1.388726 -1.846808 -0.255296 0.9162 0.9162 0.9212
v 2.788460 -1.874093 -0.240301 0.9162 0.9162 0.9212
v 3.788270 -1.893581 -0.230304 0.9162 0.9162 0.9212
v 3.988233 -1.897479 -0.225305 0.9162 0.9162 0.9212
v 4.108210 -1.899818 -0.229306 0.9162 0.9162 0.9212
v 4.208191 -1.901767 -0.205306 0.9162 0.9162 0.9212
v 4.288176 -1.903326 -0.115306 0.9162 0.9162 0.9212
v 4.348165 -1.904495 -0.110306 0.9162 0.9162 0.9212
v 4.368161 -1.904885 -0.140307 0.9162 0.9162 0.9212
v 4.328168 -1.904105 -0.205306 0.9162 0.9162 0.9212
v 0.908551 -1.851132 -0.277706 0.9162 0.9162 0.9212
v 1.388326 -1.867326 -0.258914 0.9162 0.9162 0.9212
v 2.787961 -1.899739 -0.244824 0.9162 0.9162 0.9212
v 3.787704 -1.922648 -0.235431 0.9162 0.9162 0.9212
v 3.987633 -1.928255 -0.230733 0.9162 0.9162 0.9212
v 4.107636 -1.929226 -0.234492 0.9162 0.9162 0.9212
v 4.207458 -1.939382 -0.211940 0.9162 0.9162 0.9212
v 4.286843 -1.971717 -0.127368 0.9162 0.9162 0.9212
v 4.346798 -1.974596 -0.122669 0.9162 0.9162 0.9212
v 4.366994 -1.964727 -0.150860 0.9162 0.9162 0.9212
v 4.327435 -1.941720 -0.211940 0.9162 0.9162 0.9212
v 0.908316 -1.863160 -0.284652 0.9162 0.9162 0.9212
v 1.387975 -1.885368 -0.269333 0.9162 0.9162 0.9212
v 2.787521 -1.922293 -0.257847 0.9162 0.9162 0.9212
v 3.787206 -1.948208 -0.250191 0.9162 0.9162 0.9212
v 3.987105 -1.955319 -0.246361 0.9162 0.9162 0.9212
v 4.107132 -1.955087 -0.249426 0.9162 0.9162 0.9212
v 4.206813 -1.972460 -0.231041 0.9162 0.9162 0.9212
v 4.285670 -2.031859 -0.162097 0.9162 0.9162 0.9212
v 4.345596 -2.036242 -0.158267 0.9162 0.9162 0.9212
v 4.365968 -2.017351 -0.181249 0.9162 0.9162 0.9212
v 4.326790 -1.974799 -0.231041 0.9162 0.9162 0.9212
v 0.908142 -1.872088 -0.295294 0.9162 0.9162 0.9212
v 1.387714 -1.898760 -0.285296 0.9162 0.9162 0.9212
v 2.787194 -1.939032 -0.277801 0.9162 0.9162 0.9212
v 3.786836 -1.967180 -0.272804 0.9162 0.9162 0.9212
v 3.986713 -1.975407 -0.270305 0.9162 0.9162 0.9212
v 4.106758 -1.974282 -0.272306 0.9162 0.9162 0.9212
v 4.206334 -1.997011 -0.260306 0.9162 0.9162 0.9212
v 4.284800 -2.076498 -0.215306 0.9162 0.9162 0.9212
v 4.344704 -2.081997 -0.212806 0.9162 0.9162 0.9212
v 4.365207 -2.056411 -0.227806 0.9162 0.9162 0.9212
v 4.326311 -1.999350 -0.260306 0.9162 0.9162 0.9212
v 0.908049 -1.876839 -0.308348 0.9162 0.9162 0.9212
v 1.387575 -1.905886 -0.304877 0.9162 0.9162 0.9212
v 2.787021 -1.947939 -0.302277 0.9162 0.9162 0.9212
v 3.786639 -1.977274 -0.300544 0.9162 0.9162 0.9212
v 3.986505 -1.986095 -0.299677 0.9162 0.9162 0.9212
v 4.106559 -1.984495 -0.300372 0.9162 0.9162 0.9212
v 4.206079 -2.010075 -0.296205 0.9162 0.9162 0.9212
v 4.284337 -2.100250 -0.280577 0.9162 0.9162 0.9212
v 4.344230 -2.106342 -0.279708 0.9162 0.9162 0.9212
v 4.364801 -2.077193 -0.284918 0.9162 0.9162 0.9212
v 4.326056 -2.012414 -0.296205 0.9162 0.9162 0.9212
v 0.908049 -1.876839 -0.322240 0.9162 0.9162 0.9212
v 1.387575 -1.905886 -0.325715 0.9162 0.9162 0.9212
v 2.787021 -1.947939 -0.328324 0.9162 0.9162 0.9212
v 3.786639 -1.977274 -0.330064 0.9162 0.9162 0.9212
v 3.986505 -1.986095 -0.330933 0.9162 0.9162 0.9212
v 4.106559 -1.984495 -0.330239 0.9162 0.9162 0.9212
v 4.206079 -2.010075 -0.334407 0.9162 0.9162 0.9212
v 4.284337 -2.100250 -0.350036 0.9162 0.9162 0.9212
v 4.344229 -2.106342 -0.350904 0.9162 0.9162 0.9212
v 4.364801 -2.077193 -0.345695 0.9162 0.9162 0.9212
v 4.326056 -2.012414 -0.334408 0.9162 0.9162 0.9212
v 0.908142 -1.872088 -0.335294 0.9162 0.9162 0.9212
v 1.387713 -1.898760 -0.345296 0.9162 0.9162 0.9212
v 2.787194 -1.939032 -0.352801 0.9162 0.9162 0.9212
v 3.786835 -1.967180 -0.357804 0.9162 0.9162 0.9212
v 3.986713 -1.975407 -0.360305 0.9162 0.9162 0.9212
v 4.106758 -1.974282 -0.358306 0.9162 0.9162 0.9212
v 4.206334 -1.997011 -0.370306 0.9162 0.9162 0.9212
v 4.284800 -2.076498 -0.415306 0.9162 0.9162 0.9212
v 4.344704 -2.081997 -0.417806 0.9162 0.9162 0.9212
v 4.365206 -2.056411 -0.402806 0.9162 0.9162 0.9212
v 4.326311 -1.999350 -0.370306 0.9162 0.9162 0.9212
v 0.908316 -1.863160 -0.345936 0.9162 0.9162 0.9212
v 1.387974 -1.885368 -0.361258 0.9162 0.9162 0.9212
v 2.787520 -1.922293 -0.372754 0.9162 0.9162 0.9212
v 3.787205 -1.948208 -0.380418 0.9162 0.9162 0.9212
v 3.987105 -1.955319 -0.384249 0.9162 0.9162 0.9212
v 4.107132 -1.955087 -0.381185 0.9162 0.9162 0.9212
v 4.206812 -1.972460 -0.399571 0.9162 0.9162 0.9212
v 4.285669 -2.031859 -0.468515 0.9162 0.9162 0.9212
v 4.345595 -2.036242 -0.472346 0.9162 0.9162 0.9212
v 4.365967 -2.017351 -0.449364 0.9162 0.9162 0.9212
v 4.326789 -1.974799 -0.399571 0.9162 0.9162 0.9212
v 0.908550 -1.851132 -0.352882 0.9162 0.9162 0.9212
v 1.388326 -1.867326 -0.371677 0.9162 0.9162 0.9212
v 2.787960 -1.899739 -0.385778 0.9162 0.9162 0.9212
v 3.787704 -1.922648 -0.395178 0.9162 0.9162 0.9212
v 3.987632 -1.928255 -0.399877 0.9162 0.9162 0.9212
v 4.107636 -1.929226 -0.396119 0.9162 0.9162 0.9212
v 4.207457 -1.939382 -0.418672 0.9162 0.9162 0.9212
v 4.286841 -1.971717 -0.503245 0.9162 0.9162 0.9212
v 4.346797 -1.974596 -0.507943 0.9162 0.9162 0.9212
v 4.366993 -1.964727 -0.479753 0.9162 0.9162 0.9212
v 4.327434 -1.941720 -0.418673 0.9162 0.9162 0.9212
v 2.788460 -1.874093 -0.390301 0.9162 0.9162 0.9212
v 4.108209 -1.899818 -0.401306 0.9162 0.9162 0.9212
v 4.368159 -1.904885 -0.490306 0.9162 0.9162 0.9212
v 4.328167 -1.904105 -0.425306 0.9162 0.9162 0.9212
v 4.378397 -1.501307 -0.347394 0.9162 0.9162 0.9212
v 4.258618 -1.508593 -0.307394 0.9162 0.9162 0.9212
v 3.779504 -1.537740 -0.287396 0.9162 0.9162 0.9212
v 1.383932 -1.683474 -0.262404 0.9162 0.9162 0.9212
v 1.184301 -1.695619 -0.257405 0.9162 0.9162 0.9212
v 0.964707 -1.708978 -0.237406 0.9162 0.9162 0.9212
v 0.884855 -1.713836 -0.147406 0.9162 0.9162 0.9212
v 0.824966 -1.717479 -0.142406 0.9162 0.9162 0.9212
v 0.884856 -1.713836 -0.347406 0.9162 0.9162 0.9212
v 4.257788 -1.494938 -0.309806 0.9162 0.9162 0.9212
v 3.778258 -1.517257 -0.291014 0.9162 0.9162 0.9212
v 2.380530 -1.597148 -0.276924 0.9162 0.9162 0.9212
v 1.382167 -1.654456 -0.267531 0.9162 0.9162 0.9212
v 1.182432 -1.664894 -0.262833 0.9162 0.9162 0.9212
v 1.062737 -1.673546 -0.266592 0.9162 0.9162 0.9212
v 0.962423 -1.671425 -0.244040 0.9162 0.9162 0.9212
v 0.880701 -1.645558 -0.159468 0.9162 0.9162 0.9212
v 0.820708 -1.647494 -0.154769 0.9162 0.9162 0.9212
v 0.801368 -1.658950 -0.182960 0.9162 0.9162 0.9212
v 0.842644 -1.678712 -0.244040 0.9162 0.9162 0.9212
v 4.257057 -1.482929 -0.316752 0.9162 0.9162 0.9212
v 3.777162 -1.499244 -0.301433 0.9162 0.9162 0.9212
v 2.379160 -1.574632 -0.289947 0.9162 0.9162 0.9212
v 1.380615 -1.628938 -0.282291 0.9162 0.9162 0.9212
v 1.180789 -1.637875 -0.278461 0.9162 0.9162 0.9212
v 1.061167 -1.647728 -0.281526 0.9162 0.9162 0.9212
v 0.960414 -1.638402 -0.263141 0.9162 0.9162 0.9212
v 0.877049 -1.585515 -0.194197 0.9162 0.9162 0.9212
v 0.816964 -1.585951 -0.190367 0.9162 0.9162 0.9212
v 0.798172 -1.606413 -0.213349 0.9162 0.9162 0.9212
v 0.840636 -1.645688 -0.263141 0.9162 0.9162 0.9212
v 4.256515 -1.474016 -0.327394 0.9162 0.9162 0.9212
v 3.776349 -1.485874 -0.317396 0.9162 0.9162 0.9212
v 2.378143 -1.557920 -0.309901 0.9162 0.9162 0.9212
v 1.379463 -1.609998 -0.304904 0.9162 0.9162 0.9212
v 1.179569 -1.617821 -0.302405 0.9162 0.9162 0.9212
v 1.060001 -1.628565 -0.304406 0.9162 0.9162 0.9212
v 0.958923 -1.613891 -0.292406 0.9162 0.9162 0.9212
v 0.874338 -1.540950 -0.247406 0.9162 0.9162 0.9212
v 0.814186 -1.540272 -0.244906 0.9162 0.9162 0.9212
v 0.795800 -1.567419 -0.259907 0.9162 0.9162 0.9212
v 0.839145 -1.621178 -0.292406 0.9162 0.9162 0.9212
v 4.256227 -1.469274 -0.340448 0.9162 0.9162 0.9212
v 3.775916 -1.478761 -0.336977 0.9162 0.9162 0.9212
v 2.377603 -1.549027 -0.334377 0.9162 0.9162 0.9212
v 1.378850 -1.599920 -0.332644 0.9162 0.9162 0.9212
v 1.178920 -1.607150 -0.331777 0.9162 0.9162 0.9212
v 1.059381 -1.618368 -0.332472 0.9162 0.9162 0.9212
v 0.958130 -1.600849 -0.328305 0.9162 0.9162 0.9212
v 0.872895 -1.517238 -0.312677 0.9162 0.9162 0.9212
v 0.812707 -1.515966 -0.311809 0.9162 0.9162 0.9212
v 0.794538 -1.546670 -0.317018 0.9162 0.9162 0.9212
v 0.838351 -1.608136 -0.328305 0.9162 0.9162 0.9212
v 4.256227 -1.469274 -0.354340 0.9162 0.9162 0.9212
v 3.775916 -1.478761 -0.357815 0.9162 0.9162 0.9212
v 2.377603 -1.549027 -0.360424 0.9162 0.9162 0.9212
v 1.378850 -1.599920 -0.362164 0.9162 0.9162 0.9212
v 1.178920 -1.607150 -0.363033 0.9162 0.9162 0.9212
v 1.059381 -1.618368 -0.362339 0.9162 0.9162 0.9212
v 0.958130 -1.600849 -0.366507 0.9162 0.9162 0.9212
v 0.872896 -1.517238 -0.382136 0.9162 0.9162 0.9212
v 0.812707 -1.515966 -0.383004 0.9162 0.9162 0.9212
v 0.794538 -1.546670 -0.377795 0.9162 0.9162 0.9212
v 0.838351 -1.608136 -0.366508 0.9162 0.9162 0.9212
v 4.256515 -1.474016 -0.367394 0.9162 0.9162 0.9212
v 3.776349 -1.485874 -0.377396 0.9162 0.9162 0.9212
v 2.378144 -1.557920 -0.384901 0.9162 0.9162 0.9212
v 1.379463 -1.609998 -0.389904 0.9162 0.9162 0.9212
v 1.179569 -1.617821 -0.392405 0.9162 0.9162 0.9212
v 1.060001 -1.628565 -0.390406 0.9162 0.9162 0.9212
v 0.958923 -1.613891 -0.402406 0.9162 0.9162 0.9212
v 0.874338 -1.540950 -0.447406 0.9162 0.9162 0.9212
v 0.814186 -1.540271 -0.449906 0.9162 0.9162 0.9212
v 0.795801 -1.567419 -0.434906 0.9162 0.9162 0.9212
v 0.839145 -1.621178 -0.402406 0.9162 0.9162 0.9212
v 4.257057 -1.482929 -0.378036 0.9162 0.9162 0.9212
v 3.777162 -1.499244 -0.393358 0.9162 0.9162 0.9212
v 2.379160 -1.574632 -0.404854 0.9162 0.9162 0.9212
v 1.380615 -1.628938 -0.412518 0.9162 0.9162 0.9212
v 1.180789 -1.637875 -0.416349 0.9162 0.9162 0.9212
v 1.061167 -1.647728 -0.413285 0.9162 0.9162 0.9212
v 0.960415 -1.638402 -0.431671 0.9162 0.9162 0.9212
v 0.877050 -1.585515 -0.500615 0.9162 0.9162 0.9212
v 0.816965 -1.585951 -0.504446 0.9162 0.9162 0.9212
v 0.798173 -1.606413 -0.481464 0.9162 0.9162 0.9212
v 0.840636 -1.645688 -0.431671 0.9162 0.9162 0.9212
v 4.257788 -1.494938 -0.384982 0.9162 0.9162 0.9212
v 3.778258 -1.517257 -0.403777 0.9162 0.9162 0.9212
v 2.380530 -1.597148 -0.417878 0.9162 0.9162 0.9212
v 1.382168 -1.654456 -0.427278 0.9162 0.9162 0.9212
v 1.182433 -1.664894 -0.431977 0.9162 0.9162 0.9212
v 1.062738 -1.673546 -0.428219 0.9162 0.9162 0.9212
v 0.962424 -1.671425 -0.450772 0.9162 0.9162 0.9212
v 0.880702 -1.645558 -0.535345 0.9162 0.9162 0.9212
v 0.820709 -1.647494 -0.540043 0.9162 0.9162 0.9212
v 0.801369 -1.658950 -0.511853 0.9162 0.9162 0.9212
v 0.842645 -1.678712 -0.450773 0.9162 0.9162 0.9212
v 4.258618 -1.508593 -0.387394 0.9162 0.9162 0.9212
v 3.779504 -1.537740 -0.407396 0.9162 0.9162 0.9212
v 2.382088 -1.622752 -0.422401 0.9162 0.9162 0.9212
v 1.383933 -1.683474 -0.432404 0.9162 0.9162 0.9212
v 1.184302 -1.695619 -0.437405 0.9162 0.9162 0.9212
v 1.064524 -1.702906 -0.433406 0.9162 0.9162 0.9212
v 0.964708 -1.708978 -0.457406 0.9162 0.9162 0.9212
v 0.884856 -1.713836 -0.547406 0.9162 0.9162 0.9212
v 0.824967 -1.717479 -0.552406 0.9162 0.9162 0.9212
v 0.805004 -1.718693 -0.522406 0.9162 0.9162 0.9212
v 0.844930 -1.716265 -0.457406 0.9162 0.9162 0.9212
v 4.259449 -1.522249 -0.384982 0.9162 0.9162 0.9212
v 3.780750 -1.558223 -0.403777 0.9162 0.9162 0.9212
v 2.383646 -1.648356 -0.417878 0.9162 0.9162 0.9212
v 1.385698 -1.712492 -0.427278 0.9162 0.9162 0.9212
v 1.186171 -1.726344 -0.431977 0.9162 0.9162 0.9212
v 1.066310 -1.732265 -0.428219 0.9162 0.9162 0.9212
v 0.966993 -1.746531 -0.450772 0.9162 0.9162 0.9212
v 0.889010 -1.782114 -0.535345 0.9162 0.9162 0.9212
v 0.829224 -1.787464 -0.540043 0.9162 0.9162 0.9212
v 0.808638 -1.778437 -0.511853 0.9162 0.9162 0.9212
v 0.847214 -1.753817 -0.450773 0.9162 0.9162 0.9212
v 4.260180 -1.534257 -0.378036 0.9162 0.9162 0.9212
v 3.781846 -1.576236 -0.393358 0.9162 0.9162 0.9212
v 2.385015 -1.670872 -0.404854 0.9162 0.9162 0.9212
v 1.387251 -1.738011 -0.412518 0.9162 0.9162 0.9212
v 1.187815 -1.753363 -0.416349 0.9162 0.9162 0.9212
v 1.067880 -1.758083 -0.413285 0.9162 0.9162 0.9212
v 0.969002 -1.779554 -0.431671 0.9162 0.9162 0.9212
v 0.892662 -1.842156 -0.500615 0.9162 0.9162 0.9212
v 0.832968 -1.849007 -0.504446 0.9162 0.9162 0.9212
v 0.811834 -1.830974 -0.481464 0.9162 0.9162 0.9212
v 0.849223 -1.786841 -0.431671 0.9162 0.9162 0.9212
v 4.260722 -1.543170 -0.367394 0.9162 0.9162 0.9212
v 3.782660 -1.589606 -0.377396 0.9162 0.9162 0.9212
v 2.386032 -1.687584 -0.384901 0.9162 0.9162 0.9212
v 1.388403 -1.756951 -0.389904 0.9162 0.9162 0.9212
v 1.189035 -1.773417 -0.392405 0.9162 0.9162 0.9212
v 1.069046 -1.777246 -0.390406 0.9162 0.9162 0.9212
v 0.970493 -1.804065 -0.402406 0.9162 0.9162 0.9212
v 0.895373 -1.886721 -0.447406 0.9162 0.9162 0.9212
v 0.835747 -1.894687 -0.449906 0.9162 0.9162 0.9212
v 0.814206 -1.869968 -0.434906 0.9162 0.9162 0.9212
v 0.850714 -1.811352 -0.402406 0.9162 0.9162 0.9212
v 4.261010 -1.547913 -0.354340 0.9162 0.9162 0.9212
v 3.783092 -1.596720 -0.357815 0.9162 0.9162 0.9212
v 2.386573 -1.696476 -0.360424 0.9162 0.9162 0.9212
v 1.389016 -1.767029 -0.362164 0.9162 0.9162 0.9212
v 1.189684 -1.784088 -0.363033 0.9162 0.9162 0.9212
v 1.069666 -1.787443 -0.362339 0.9162 0.9162 0.9212
v 0.971286 -1.817107 -0.366507 0.9162 0.9162 0.9212
v 0.896816 -1.910434 -0.382136 0.9162 0.9162 0.9212
v 0.837225 -1.918992 -0.383004 0.9162 0.9162 0.9212
v 0.815468 -1.890717 -0.377795 0.9162 0.9162 0.9212
v 0.851507 -1.824394 -0.366508 0.9162 0.9162 0.9212
v 4.261010 -1.547913 -0.340448 0.9162 0.9162 0.9212
v 3.783092 -1.596720 -0.336977 0.9162 0.9162 0.9212
v 2.386573 -1.696476 -0.334377 0.9162 0.9162 0.9212
v 1.389016 -1.767029 -0.332644 0.9162 0.9162 0.9212
v 1.189684 -1.784088 -0.331777 0.9162 0.9162 0.9212
v 1.069666 -1.787443 -0.332472 0.9162 0.9162 0.9212
v 0.971286 -1.817107 -0.328305 0.9162 0.9162 0.9212
v 0.896815 -1.910434 -0.312676 0.9162 0.9162 0.9212
v 0.837225 -1.918992 -0.311808 0.9162 0.9162 0.9212
v 0.815468 -1.890717 -0.317018 0.9162 0.9162 0.9212
v 0.851507 -1.824394 -0.328305 0.9162 0.9162 0.9212
v 4.260722 -1.543170 -0.327394 0.9162 0.9162 0.9212
v 3.782659 -1.589606 -0.317396 0.9162 0.9162 0.9212
v 2.386031 -1.687584 -0.309901 0.9162 0.9162 0.9212
v 1.388403 -1.756951 -0.304904 0.9162 0.9162 0.9212
v 1.189035 -1.773417 -0.302405 0.9162 0.9162 0.9212
v 1.069046 -1.777246 -0.304406 0.9162 0.9162 0.9212
v 0.970492 -1.804065 -0.292406 0.9162 0.9162 0.9212
v 0.895373 -1.886721 -0.247406 0.9162 0.9162 0.9212
v 0.835746 -1.894687 -0.244906 0.9162 0.9162 0.9212
v 0.814206 -1.869968 -0.259907 0.9162 0.9162 0.9212
v 0.850714 -1.811352 -0.292406 0.9162 0.9162 0.9212
v 4.260180 -1.534257 -0.316752 0.9162 0.9162 0.9212
v 3.781846 -1.576236 -0.301433 0.9162 0.9162 0.9212
v 2.385015 -1.670872 -0.289947 0.9162 0.9162 0.9212
v 1.387250 -1.738011 -0.282291 0.9162 0.9162 0.9212
v 1.187814 -1.753363 -0.278461 0.9162 0.9162 0.9212
v 1.067880 -1.758083 -0.281526 0.9162 0.9162 0.9212
v 0.969001 -1.779554 -0.263141 0.9162 0.9162 0.9212
v 0.892661 -1.842156 -0.194197 0.9162 0.9162 0.9212
v 0.832967 -1.849007 -0.190367 0.9162 0.9162 0.9212
v 0.811833 -1.830974 -0.213349 0.9162 0.9162 0.9212
v 0.849223 -1.786841 -0.263141 0.9162 0.9162 0.9212
v 4.259449 -1.522249 -0.309806 0.9162 0.9162 0.9212
v 3.780750 -1.558223 -0.291014 0.9162 0.9162 0.9212
v 2.383645 -1.648356 -0.276924 0.9162 0.9162 0.9212
v 1.385698 -1.712492 -0.267531 0.9162 0.9162 0.9212
v 1.186171 -1.726344 -0.262833 0.9162 0.9162 0.9212
v 1.066309 -1.732265 -0.266592 0.9162 0.9162 0.9212
v 0.966992 -1.746531 -0.244040 0.9162 0.9162 0.9212
v 0.889009 -1.782114 -0.159468 0.9162 0.9162 0.9212
v 0.829223 -1.787464 -0.154769 0.9162 0.9162 0.9212
v 0.808637 -1.778437 -0.182960 0.9162 0.9162 0.9212
v 0.847214 -1.753817 -0.244040 0.9162 0.9162 0.9212
v 2.382087 -1.622752 -0.272401 0.9162 0.9162 0.9212
v 1.064523 -1.702906 -0.261406 0.9162 0.9162 0.9212
v 0.805003 -1.718693 -0.172407 0.9162 0.9162 0.9212
v 0.844929 -1.716265 -0.237406 0.9162 0.9162 0.9212
v 0.673645 -1.495623 -0.348794 0.9162 0.9162 0.9212
v 0.793300 -1.486531 -0.388794 0.9162 0.9162 0.9212
v 1.271920 -1.450163 -0.408796 0.9162 0.9162 0.9212
v 3.665021 -1.268322 -0.433804 0.9162 0.9162 0.9212
v 3.864447 -1.253168 -0.438805 0.9162 0.9162 0.9212
v 4.083814 -1.236499 -0.458806 0.9162 0.9162 0.9212
v 4.163584 -1.230438 -0.548806 0.9162 0.9162 0.9212
v 4.223412 -1.225892 -0.553806 0.9162 0.9162 0.9212
v 4.163585 -1.230438 -0.348806 0.9162 0.9162 0.9212
v 0.792264 -1.472890 -0.386382 0.9162 0.9162 0.9212
v 1.270365 -1.429701 -0.405177 0.9162 0.9162 0.9212
v 2.665952 -1.318511 -0.419278 0.9162 0.9162 0.9212
v 3.662819 -1.239333 -0.428678 0.9162 0.9162 0.9212
v 3.862114 -1.222475 -0.433377 0.9162 0.9162 0.9212
v 3.981873 -1.214747 -0.429619 0.9162 0.9162 0.9212
v 4.080964 -1.198985 -0.452172 0.9162 0.9162 0.9212
v 4.158401 -1.162230 -0.536745 0.9162 0.9162 0.9212
v 4.218099 -1.155979 -0.541443 0.9162 0.9162 0.9212
v 4.238819 -1.164695 -0.513253 0.9162 0.9162 0.9212
v 4.200619 -1.189893 -0.452173 0.9162 0.9162 0.9212
v 0.791352 -1.460894 -0.379436 0.9162 0.9162 0.9212
v 1.268998 -1.411707 -0.394758 0.9162 0.9162 0.9212
v 2.664243 -1.296018 -0.406254 0.9162 0.9162 0.9212
v 3.660882 -1.213842 -0.413918 0.9162 0.9162 0.9212
v 3.860064 -1.195483 -0.417749 0.9162 0.9162 0.9212
v 3.979913 -1.188955 -0.414685 0.9162 0.9162 0.9212
v 4.078457 -1.165996 -0.433071 0.9162 0.9162 0.9212
v 4.153843 -1.102250 -0.502015 0.9162 0.9162 0.9212
v 4.213428 -1.094499 -0.505846 0.9162 0.9162 0.9212
v 4.234831 -1.112212 -0.482864 0.9162 0.9162 0.9212
v 4.198112 -1.156904 -0.433071 0.9162 0.9162 0.9212
v 0.790676 -1.451990 -0.368794 0.9162 0.9162 0.9212
v 1.267983 -1.398351 -0.378796 0.9162 0.9162 0.9212
v 2.662975 -1.279324 -0.386301 0.9162 0.9162 0.9212
v 3.659444 -1.194921 -0.391304 0.9162 0.9162 0.9212
v 3.858541 -1.175450 -0.393805 0.9162 0.9162 0.9212
v 3.978459 -1.169812 -0.391806 0.9162 0.9162 0.9212
v 4.076597 -1.141510 -0.403806 0.9162 0.9162 0.9212
v 4.150461 -1.057731 -0.448806 0.9162 0.9162 0.9212
v 4.209960 -1.048867 -0.451306 0.9162 0.9162 0.9212
v 4.231872 -1.073258 -0.436306 0.9162 0.9162 0.9212
v 4.196251 -1.132418 -0.403806 0.9162 0.9162 0.9212
v 0.790316 -1.447252 -0.355740 0.9162 0.9162 0.9212
v 1.267444 -1.391245 -0.359215 0.9162 0.9162 0.9212
v 2.662300 -1.270441 -0.361824 0.9162 0.9162 0.9212
v 3.658679 -1.184854 -0.363564 0.9162 0.9162 0.9212
v 3.857731 -1.164790 -0.364433 0.9162 0.9162 0.9212
v 3.977685 -1.159626 -0.363739 0.9162 0.9162 0.9212
v 4.075607 -1.128482 -0.367907 0.9162 0.9162 0.9212
v 4.148661 -1.034043 -0.383536 0.9162 0.9162 0.9212
v 4.208116 -1.024587 -0.384404 0.9162 0.9162 0.9212
v 4.230297 -1.052531 -0.379195 0.9162 0.9162 0.9212
v 4.195262 -1.119390 -0.367908 0.9162 0.9162 0.9212
v 0.790316 -1.447252 -0.341848 0.9162 0.9162 0.9212
v 1.267444 -1.391245 -0.338377 0.9162 0.9162 0.9212
v 2.662300 -1.270441 -0.335777 0.9162 0.9162 0.9212
v 3.658679 -1.184854 -0.334044 0.9162 0.9162 0.9212
v 3.857732 -1.164790 -0.333177 0.9162 0.9162 0.9212
v 3.977685 -1.159626 -0.333872 0.9162 0.9162 0.9212
v 4.075607 -1.128482 -0.329705 0.9162 0.9162 0.9212
v 4.148662 -1.034042 -0.314077 0.9162 0.9162 0.9212
v 4.208116 -1.024587 -0.313209 0.9162 0.9162 0.9212
v 4.230297 -1.052531 -0.318418 0.9162 0.9162 0.9212
v 4.195262 -1.119390 -0.329705 0.9162 0.9162 0.9212
v 0.790676 -1.451990 -0.328794 0.9162 0.9162 0.9212
v 1.267984 -1.398351 -0.318796 0.9162 0.9162 0.9212
v 2.662975 -1.279324 -0.311301 0.9162 0.9162 0.9212
v 3.659445 -1.194921 -0.306304 0.9162 0.9162 0.9212
v 3.858542 -1.175450 -0.303805 0.9162 0.9162 0.9212
v 3.978459 -1.169812 -0.305806 0.9162 0.9162 0.9212
v 4.076597 -1.141510 -0.293806 0.9162 0.9162 0.9212
v 4.150462 -1.057731 -0.248806 0.9162 0.9162 0.9212
v 4.209961 -1.048867 -0.246306 0.9162 0.9162 0.9212
v 4.231872 -1.073258 -0.261306 0.9162 0.9162 0.9212
v 4.196252 -1.132418 -0.293806 0.9162 0.9162 0.9212
v 0.791352 -1.460894 -0.318152 0.9162 0.9162 0.9212
v 1.268999 -1.411707 -0.302833 0.9162 0.9162 0.9212
v 2.664244 -1.296018 -0.291347 0.9162 0.9162 0.9212
v 3.660882 -1.213842 -0.283691 0.9162 0.9162 0.9212
v 3.860064 -1.195483 -0.279861 0.9162 0.9162 0.9212
v 3.979914 -1.188955 -0.282926 0.9162 0.9162 0.9212
v 4.078458 -1.165996 -0.264541 0.9162 0.9162 0.9212
v 4.153845 -1.102250 -0.195597 0.9162 0.9162 0.9212
v 4.213428 -1.094499 -0.191767 0.9162 0.9162 0.9212
v 4.234832 -1.112212 -0.214749 0.9162 0.9162 0.9212
v 4.198112 -1.156904 -0.264541 0.9162 0.9162 0.9212
v 0.792264 -1.472890 -0.311206 0.9162 0.9162 0.9212
v 1.270366 -1.429701 -0.292414 0.9162 0.9162 0.9212
v 2.665953 -1.318511 -0.278324 0.9162 0.9162 0.9212
v 3.662819 -1.239333 -0.268931 0.9162 0.9162 0.9212
v 3.862115 -1.222475 -0.264233 0.9162 0.9162 0.9212
v 3.981874 -1.214747 -0.267992 0.9162 0.9162 0.9212
v 4.080965 -1.198985 -0.245440 0.9162 0.9162 0.9212
v 4.158402 -1.162230 -0.160868 0.9162 0.9162 0.9212
v 4.218101 -1.155979 -0.156169 0.9162 0.9162 0.9212
v 4.238820 -1.164695 -0.184360 0.9162 0.9162 0.9212
v 4.200619 -1.189893 -0.245440 0.9162 0.9162 0.9212
v 0.793301 -1.486531 -0.308794 0.9162 0.9162 0.9212
v 1.271921 -1.450163 -0.288796 0.9162 0.9162 0.9212
v 2.667897 -1.344089 -0.273801 0.9162 0.9162 0.9212
v 3.665022 -1.268322 -0.263804 0.9162 0.9162 0.9212
v 3.864447 -1.253168 -0.258805 0.9162 0.9162 0.9212
v 3.984102 -1.244076 -0.262806 0.9162 0.9162 0.9212
v 4.083815 -1.236499 -0.238806 0.9162 0.9162 0.9212
v 4.163585 -1.230438 -0.148806 0.9162 0.9162 0.9212
v 4.223413 -1.225892 -0.143806 0.9162 0.9162 0.9212
v 4.243355 -1.224376 -0.173807 0.9162 0.9162 0.9212
v 4.203470 -1.227407 -0.238806 0.9162 0.9162 0.9212
v 0.794337 -1.500173 -0.311206 0.9162 0.9162 0.9212
v 1.273476 -1.470625 -0.292414 0.9162 0.9162 0.9212
v 2.669840 -1.369667 -0.278324 0.9162 0.9162 0.9212
v 3.667225 -1.297310 -0.268931 0.9162 0.9162 0.9212
v 3.866780 -1.283861 -0.264233 0.9162 0.9162 0.9212
v 3.986331 -1.273405 -0.267992 0.9162 0.9162 0.9212
v 4.086666 -1.274013 -0.245440 0.9162 0.9162 0.9212
v 4.168768 -1.298645 -0.160868 0.9162 0.9162 0.9212
v 4.228725 -1.295804 -0.156169 0.9162 0.9162 0.9212
v 4.247890 -1.284058 -0.184360 0.9162 0.9162 0.9212
v 4.206320 -1.264921 -0.245440 0.9162 0.9162 0.9212
v 0.795249 -1.512169 -0.318152 0.9162 0.9162 0.9212
v 1.274843 -1.488619 -0.302833 0.9162 0.9162 0.9212
v 2.671549 -1.392159 -0.291347 0.9162 0.9162 0.9212
v 3.669162 -1.322801 -0.283691 0.9162 0.9162 0.9212
v 3.868830 -1.310853 -0.279861 0.9162 0.9162 0.9212
v 3.988291 -1.299197 -0.282926 0.9162 0.9162 0.9212
v 4.089172 -1.307003 -0.264541 0.9162 0.9162 0.9212
v 4.173326 -1.358626 -0.195597 0.9162 0.9162 0.9212
v 4.233397 -1.357285 -0.191767 0.9162 0.9162 0.9212
v 4.251878 -1.336541 -0.214749 0.9162 0.9162 0.9212
v 4.208827 -1.297911 -0.264541 0.9162 0.9162 0.9212
v 0.795925 -1.521073 -0.328794 0.9162 0.9162 0.9212
v 1.275858 -1.501975 -0.318796 0.9162 0.9162 0.9212
v 2.672818 -1.408854 -0.311301 0.9162 0.9162 0.9212
v 3.670599 -1.341722 -0.306304 0.9162 0.9162 0.9212
v 3.870353 -1.330886 -0.303805 0.9162 0.9162 0.9212
v 3.989745 -1.318340 -0.305806 0.9162 0.9162 0.9212
v 4.091033 -1.331488 -0.293806 0.9162 0.9162 0.9212
v 4.176708 -1.403145 -0.248806 0.9162 0.9162 0.9212
v 4.236864 -1.402917 -0.246306 0.9162 0.9162 0.9212
v 4.254838 -1.375495 -0.261307 0.9162 0.9162 0.9212
v 4.210688 -1.322396 -0.293806 0.9162 0.9162 0.9212
v 0.796285 -1.525810 -0.341848 0.9162 0.9162 0.9212
v 1.276398 -1.509082 -0.338377 0.9162 0.9162 0.9212
v 2.673493 -1.417737 -0.335777 0.9162 0.9162 0.9212
v 3.671364 -1.351790 -0.334044 0.9162 0.9162 0.9212
v 3.871162 -1.341546 -0.333177 0.9162 0.9162 0.9212
v 3.990519 -1.328526 -0.333872 0.9162 0.9162 0.9212
v 4.092022 -1.344517 -0.329705 0.9162 0.9162 0.9212
v 4.178508 -1.426833 -0.314077 0.9162 0.9162 0.9212
v 4.238708 -1.427197 -0.313209 0.9162 0.9162 0.9212
v 4.256413 -1.396222 -0.318418 0.9162 0.9162 0.9212
v 4.211678 -1.335425 -0.329705 0.9162 0.9162 0.9212
v 0.796285 -1.525810 -0.355740 0.9162 0.9162 0.9212
v 1.276397 -1.509082 -0.359215 0.9162 0.9162 0.9212
v 2.673492 -1.417737 -0.361824 0.9162 0.9162 0.9212
v 3.671364 -1.351790 -0.363565 0.9162 0.9162 0.9212
v 3.871162 -1.341546 -0.364433 0.9162 0.9162 0.9212
v 3.990519 -1.328526 -0.363739 0.9162 0.9162 0.9212
v 4.092022 -1.344517 -0.367907 0.9162 0.9162 0.9212
v 4.178508 -1.426833 -0.383536 0.9162 0.9162 0.9212
v 4.238708 -1.427197 -0.384404 0.9162 0.9162 0.9212
v 4.256413 -1.396222 -0.379195 0.9162 0.9162 0.9212
v 4.211677 -1.335425 -0.367908 0.9162 0.9162 0.9212
v 0.795925 -1.521073 -0.368794 0.9162 0.9162 0.9212
v 1.275857 -1.501975 -0.378796 0.9162 0.9162 0.9212
v 2.672817 -1.408854 -0.386301 0.9162 0.9162 0.9212
v 3.670599 -1.341722 -0.391304 0.9162 0.9162 0.9212
v 3.870352 -1.330886 -0.393805 0.9162 0.9162 0.9212
v 3.989745 -1.318340 -0.391806 0.9162 0.9162 0.9212
v 4.091032 -1.331488 -0.403806 0.9162 0.9162 0.9212
v 4.176707 -1.403145 -0.448806 0.9162 0.9162 0.9212
v 4.236863 -1.402917 -0.451306 0.9162 0.9162 0.9212
v 4.254837 -1.375495 -0.436306 0.9162 0.9162 0.9212
v 4.210687 -1.322396 -0.403806 0.9162 0.9162 0.9212
v 0.795248 -1.512169 -0.379436 0.9162 0.9162 0.9212
v 1.274843 -1.488620 -0.394758 0.9162 0.9162 0.9212
v 2.671549 -1.392159 -0.406254 0.9162 0.9162 0.9212
v 3.669161 -1.322801 -0.413918 0.9162 0.9162 0.9212
v 3.868830 -1.310853 -0.417749 0.9162 0.9162 0.9212
v 3.988290 -1.299197 -0.414685 0.9162 0.9162 0.9212
v 4.089171 -1.307003 -0.433071 0.9162 0.9162 0.9212
v 4.173325 -1.358626 -0.502015 0.9162 0.9162 0.9212
v 4.233396 -1.357285 -0.505846 0.9162 0.9162 0.9212
v 4.251877 -1.336541 -0.482864 0.9162 0.9162 0.9212
v 4.208827 -1.297911 -0.433071 0.9162 0.9162 0.9212
v 0.794337 -1.500173 -0.386382 0.9162 0.9162 0.9212
v 1.273475 -1.470625 -0.405177 0.9162 0.9162 0.9212
v 2.669840 -1.369667 -0.419278 0.9162 0.9162 0.9212
v 3.667224 -1.297310 -0.428678 0.9162 0.9162 0.9212
v 3.866779 -1.283862 -0.433377 0.9162 0.9162 0.9212
v 3.986330 -1.273405 -0.429619 0.9162 0.9162 0.9212
v 4.086665 -1.274013 -0.452172 0.9162 0.9162 0.9212
v 4.168767 -1.298645 -0.536745 0.9162 0.9162 0.9212
v 4.228724 -1.295805 -0.541443 0.9162 0.9162 0.9212
v 4.247889 -1.284058 -0.513253 0.9162 0.9162 0.9212
v 4.206320 -1.264921 -0.452173 0.9162 0.9162 0.9212
v 2.667896 -1.344089 -0.423801 0.9162 0.9162 0.9212
v 3.984102 -1.244076 -0.434806 0.9162 0.9162 0.9212
v 4.243354 -1.224377 -0.523806 0.9162 0.9162 0.9212
v 4.203469 -1.227407 -0.458806 0.9162 0.9162 0.9212
v 4.392346 -0.948140 -0.314794 0.9162 0.9162 0.9212
v 4.272779 -0.958321 -0.274794 0.9162 0.9162 0.9212
v 3.794509 -0.999043 -0.254796 0.9162 0.9162 0.9212
v 1.403162 -1.202654 -0.229804 0.9162 0.9162 0.9212
v 1.203883 -1.219621 -0.224805 0.9162 0.9162 0.9212
v 0.984676 -1.238286 -0.204806 0.9162 0.9162 0.9212
v 0.904964 -1.245073 -0.114806 0.9162 0.9162 0.9212
v 0.845181 -1.250163 -0.109806 0.9162 0.9162 0.9212
v 0.904965 -1.245073 -0.314806 0.9162 0.9162 0.9212
v 4.271618 -0.944689 -0.277206 0.9162 0.9162 0.9212
v 3.792768 -0.978596 -0.258414 0.9162 0.9162 0.9212
v 2.397381 -1.092257 -0.244324 0.9162 0.9162 0.9212
v 1.400696 -1.173687 -0.234931 0.9162 0.9162 0.9212
v 1.201272 -1.188951 -0.230233 0.9162 0.9162 0.9212
v 1.081820 -1.200494 -0.233992 0.9162 0.9162 0.9212
v 0.981484 -1.200799 -0.211440 0.9162 0.9162 0.9212
v 0.899161 -1.176915 -0.126868 0.9162 0.9162 0.9212
v 0.839232 -1.180302 -0.122169 0.9162 0.9162 0.9212
v 0.820175 -1.192222 -0.150360 0.9162 0.9162 0.9212
v 0.861917 -1.210980 -0.211440 0.9162 0.9162 0.9212
v 4.270597 -0.932702 -0.284152 0.9162 0.9162 0.9212
v 3.791237 -0.960615 -0.268833 0.9162 0.9162 0.9212
v 2.395467 -1.069781 -0.257347 0.9162 0.9162 0.9212
v 1.398527 -1.148214 -0.249691 0.9162 0.9162 0.9212
v 1.198975 -1.161979 -0.245861 0.9162 0.9162 0.9212
v 1.079626 -1.174722 -0.248926 0.9162 0.9162 0.9212
v 0.978678 -1.167834 -0.230541 0.9162 0.9162 0.9212
v 0.894058 -1.116979 -0.161597 0.9162 0.9162 0.9212
v 0.834001 -1.118867 -0.157767 0.9162 0.9162 0.9212
v 0.815710 -1.139778 -0.180749 0.9162 0.9162 0.9212
v 0.859110 -1.178015 -0.230541 0.9162 0.9162 0.9212
v 4.269840 -0.923805 -0.294794 0.9162 0.9162 0.9212
v 3.790101 -0.947269 -0.284796 0.9162 0.9162 0.9212
v 2.394047 -1.053098 -0.277301 0.9162 0.9162 0.9212
v 1.396917 -1.129307 -0.272304 0.9162 0.9162 0.9212
v 1.197271 -1.141960 -0.269805 0.9162 0.9162 0.9212
v 1.077997 -1.155592 -0.271806 0.9162 0.9162 0.9212
v 0.976594 -1.143366 -0.259806 0.9162 0.9162 0.9212
v 0.890270 -1.072492 -0.214806 0.9162 0.9162 0.9212
v 0.830119 -1.073268 -0.212306 0.9162 0.9162 0.9212
v 0.812395 -1.100852 -0.227306 0.9162 0.9162 0.9212
v 0.857027 -1.153547 -0.259806 0.9162 0.9162 0.9212
v 4.269437 -0.919070 -0.307848 0.9162 0.9162 0.9212
v 3.789497 -0.940167 -0.304377 0.9162 0.9162 0.9212
v 2.393291 -1.044222 -0.301777 0.9162 0.9162 0.9212
v 1.396060 -1.119247 -0.300044 0.9162 0.9162 0.9212
v 1.196364 -1.131308 -0.299177 0.9162 0.9162 0.9212
v 1.077131 -1.145414 -0.299872 0.9162 0.9162 0.9212
v 0.975486 -1.130347 -0.295705 0.9162 0.9162 0.9212
v 0.888255 -1.048821 -0.280077 0.9162 0.9162 0.9212
v 0.828054 -1.049005 -0.279209 0.9162 0.9162 0.9212
v 0.810632 -1.080140 -0.284418 0.9162 0.9162 0.9212
v 0.855919 -1.140528 -0.295705 0.9162 0.9162 0.9212
v 4.269437 -0.919070 -0.321740 0.9162 0.9162 0.9212
v 3.789497 -0.940167 -0.325215 0.9162 0.9162 0.9212
v 2.393291 -1.044222 -0.327824 0.9162 0.9162 0.9212
v 1.396061 -1.119247 -0.329564 0.9162 0.9162 0.9212
v 1.196364 -1.131308 -0.330433 0.9162 0.9162 0.9212
v 1.077131 -1.145414 -0.329739 0.9162 0.9162 0.9212
v 0.975486 -1.130347 -0.333907 0.9162 0.9162 0.9212
v 0.888255 -1.048821 -0.349536 0.9162 0.9162 0.9212
v 0.828054 -1.049005 -0.350404 0.9162 0.9162 0.9212
v 0.810632 -1.080140 -0.345195 0.9162 0.9162 0.9212
v 0.855919 -1.140528 -0.333908 0.9162 0.9162 0.9212
v 4.269840 -0.923805 -0.334794 0.9162 0.9162 0.9212
v 3.790102 -0.947269 -0.344796 0.9162 0.9162 0.9212
v 2.394047 -1.053098 -0.352301 0.9162 0.9162 0.9212
v 1.396917 -1.129307 -0.357304 0.9162 0.9162 0.9212
v 1.197271 -1.141960 -0.359805 0.9162 0.9162 0.9212
v 1.077998 -1.155592 -0.357806 0.9162 0.9162 0.9212
v 0.976595 -1.143366 -0.369806 0.9162 0.9162 0.9212
v 0.890271 -1.072492 -0.414806 0.9162 0.9162 0.9212
v 0.830120 -1.073268 -0.417306 0.9162 0.9162 0.9212
v 0.812396 -1.100852 -0.402306 0.9162 0.9162 0.9212
v 0.857027 -1.153547 -0.369806 0.9162 0.9162 0.9212
v 4.270598 -0.932702 -0.345436 0.9162 0.9162 0.9212
v 3.791238 -0.960615 -0.360758 0.9162 0.9162 0.9212
v 2.395467 -1.069781 -0.372254 0.9162 0.9162 0.9212
v 1.398527 -1.148214 -0.379918 0.9162 0.9162 0.9212
v 1.198976 -1.161979 -0.383749 0.9162 0.9162 0.9212
v 1.079626 -1.174722 -0.380685 0.9162 0.9162 0.9212
v 0.978678 -1.167834 -0.399071 0.9162 0.9162 0.9212
v 0.894059 -1.116979 -0.468015 0.9162 0.9162 0.9212
v 0.834003 -1.118867 -0.471846 0.9162 0.9162 0.9212
v 0.815711 -1.139778 -0.448864 0.9162 0.9162 0.9212
v 0.859111 -1.178015 -0.399071 0.9162 0.9162 0.9212
v 4.271619 -0.944689 -0.352382 0.9162 0.9162 0.9212
v 3.792769 -0.978596 -0.371177 0.9162 0.9162 0.9212
v 2.397381 -1.092257 -0.385278 0.9162 0.9162 0.9212
v 1.400696 -1.173687 -0.394678 0.9162 0.9162 0.9212
v 1.201272 -1.188951 -0.399377 0.9162 0.9162 0.9212
v 1.081821 -1.200494 -0.395619 0.9162 0.9162 0.9212
v 0.981485 -1.200799 -0.418172 0.9162 0.9162 0.9212
v 0.899162 -1.176915 -0.502745 0.9162 0.9162 0.9212
v 0.839234 -1.180302 -0.507443 0.9162 0.9162 0.9212
v 0.820176 -1.192222 -0.479253 0.9162 0.9162 0.9212
v 0.861918 -1.210980 -0.418173 0.9162 0.9162 0.9212
v 4.272779 -0.958321 -0.354794 0.9162 0.9162 0.9212
v 3.794510 -0.999043 -0.374796 0.9162 0.9162 0.9212
v 2.399557 -1.117816 -0.389801 0.9162 0.9162 0.9212
v 1.403163 -1.202654 -0.399804 0.9162 0.9162 0.9212
v 1.203884 -1.219621 -0.404805 0.9162 0.9162 0.9212
v 1.084316 -1.229802 -0.400806 0.9162 0.9162 0.9212
v 0.984677 -1.238286 -0.424806 0.9162 0.9162 0.9212
v 0.904966 -1.245073 -0.514806 0.9162 0.9162 0.9212
v 0.845182 -1.250163 -0.519806 0.9162 0.9162 0.9212
v 0.825254 -1.251860 -0.489806 0.9162 0.9162 0.9212
v 0.865109 -1.248466 -0.424806 0.9162 0.9162 0.9212
v 4.273940 -0.971952 -0.352382 0.9162 0.9162 0.9212
v 3.796251 -1.019490 -0.371177 0.9162 0.9162 0.9212
v 2.401733 -1.143375 -0.385278 0.9162 0.9162 0.9212
v 1.405629 -1.231621 -0.394678 0.9162 0.9162 0.9212
v 1.206495 -1.250292 -0.399377 0.9162 0.9162 0.9212
v 1.086812 -1.259110 -0.395619 0.9162 0.9162 0.9212
v 0.987869 -1.275772 -0.418172 0.9162 0.9162 0.9212
v 0.910769 -1.313230 -0.502745 0.9162 0.9162 0.9212
v 0.851130 -1.320024 -0.507443 0.9162 0.9162 0.9212
v 0.830332 -1.311498 -0.479253 0.9162 0.9162 0.9212
v 0.868301 -1.285953 -0.418173 0.9162 0.9162 0.9212
v 4.274961 -0.983940 -0.345436 0.9162 0.9162 0.9212
v 3.797782 -1.037471 -0.360758 0.9162 0.9162 0.9212
v 2.403647 -1.165851 -0.372254 0.9162 0.9162 0.9212
v 1.407798 -1.257094 -0.379918 0.9162 0.9162 0.9212
v 1.208791 -1.277264 -0.383749 0.9162 0.9162 0.9212
v 1.089006 -1.284882 -0.380685 0.9162 0.9162 0.9212
v 0.990675 -1.308738 -0.399071 0.9162 0.9162 0.9212
v 0.915872 -1.373167 -0.468015 0.9162 0.9162 0.9212
v 0.856361 -1.381459 -0.471846 0.9162 0.9162 0.9212
v 0.834797 -1.363942 -0.448864 0.9162 0.9162 0.9212
v 0.871108 -1.318918 -0.399071 0.9162 0.9162 0.9212
v 4.275718 -0.992837 -0.334794 0.9162 0.9162 0.9212
v 3.798918 -1.050817 -0.344796 0.9162 0.9162 0.9212
v 2.405067 -1.182534 -0.352301 0.9162 0.9162 0.9212
v 1.409407 -1.276001 -0.357304 0.9162 0.9162 0.9212
v 1.210496 -1.297283 -0.359805 0.9162 0.9162 0.9212
v 1.090635 -1.304012 -0.357805 0.9162 0.9162 0.9212
v 0.992759 -1.333205 -0.369806 0.9162 0.9162 0.9212
v 0.919660 -1.417653 -0.414806 0.9162 0.9162 0.9212
v 0.860243 -1.427058 -0.417306 0.9162 0.9162 0.9212
v 0.838111 -1.402868 -0.402306 0.9162 0.9162 0.9212
v 0.873191 -1.343386 -0.369806 0.9162 0.9162 0.9212
v 4.276121 -0.997571 -0.321740 0.9162 0.9162 0.9212
v 3.799523 -1.057918 -0.325215 0.9162 0.9162 0.9212
v 2.405823 -1.191410 -0.327824 0.9162 0.9162 0.9212
v 1.410264 -1.286061 -0.329564 0.9162 0.9162 0.9212
v 1.211403 -1.307935 -0.330433 0.9162 0.9162 0.9212
v 1.091501 -1.314190 -0.329739 0.9162 0.9162 0.9212
v 0.993867 -1.346224 -0.333907 0.9162 0.9162 0.9212
v 0.921675 -1.441324 -0.349536 0.9162 0.9162 0.9212
v 0.862309 -1.451321 -0.350404 0.9162 0.9162 0.9212
v 0.839875 -1.423580 -0.345195 0.9162 0.9162 0.9212
v 0.874300 -1.356405 -0.333908 0.9162 0.9162 0.9212
v 4.276121 -0.997571 -0.307848 0.9162 0.9162 0.9212
v 3.799522 -1.057918 -0.304377 0.9162 0.9162 0.9212
v 2.405823 -1.191410 -0.301777 0.9162 0.9162 0.9212
v 1.410264 -1.286061 -0.300044 0.9162 0.9162 0.9212
v 1.211403 -1.307935 -0.299177 0.9162 0.9162 0.9212
v 1.091501 -1.314190 -0.299872 0.9162 0.9162 0.9212
v 0.993867 -1.346224 -0.295705 0.9162 0.9162 0.9212
v 0.921675 -1.441324 -0.280076 0.9162 0.9162 0.9212
v 0.862309 -1.451321 -0.279208 0.9162 0.9162 0.9212
v 0.839874 -1.423580 -0.284418 0.9162 0.9162 0.9212
v 0.874299 -1.356405 -0.295705 0.9162 0.9162 0.9212
v 4.275718 -0.992837 -0.294794 0.9162 0.9162 0.9212
v 3.798918 -1.050817 -0.284796 0.9162 0.9162 0.9212
v 2.405067 -1.182534 -0.277301 0.9162 0.9162 0.9212
v 1.409407 -1.276001 -0.272304 0.9162 0.9162 0.9212
v 1.210496 -1.297283 -0.269805 0.9162 0.9162 0.9212
v 1.090634 -1.304012 -0.271806 0.9162 0.9162 0.9212
v 0.992758 -1.333205 -0.259806 0.9162 0.9162 0.9212
v 0.919659 -1.417653 -0.214806 0.9162 0.9162 0.9212
v 0.860243 -1.427058 -0.212306 0.9162 0.9162 0.9212
v 0.838111 -1.402868 -0.227306 0.9162 0.9162 0.9212
v 0.873191 -1.343386 -0.259806 0.9162 0.9162 0.9212
v 4.274961 -0.983940 -0.284152 0.9162 0.9162 0.9212
v 3.797781 -1.037471 -0.268833 0.9162 0.9162 0.9212
v 2.403647 -1.165851 -0.257347 0.9162 0.9162 0.9212
v 1.407797 -1.257094 -0.249691 0.9162 0.9162 0.9212
v 1.208791 -1.277264 -0.245861 0.9162 0.9162 0.9212
v 1.089006 -1.284882 -0.248926 0.9162 0.9162 0.9212
v 0.990675 -1.308738 -0.230541 0.9162 0.9162 0.9212
v 0.915871 -1.373167 -0.161597 0.9162 0.9162 0.9212
v 0.856360 -1.381459 -0.157767 0.9162 0.9162 0.9212
v 0.834796 -1.363942 -0.180749 0.9162 0.9162 0.9212
v 0.871107 -1.318918 -0.230541 0.9162 0.9162 0.9212
v 4.273940 -0.971952 -0.277206 0.9162 0.9162 0.9212
v 3.796250 -1.019490 -0.258414 0.9162 0.9162 0.9212
v 2.401733 -1.143375 -0.244324 0.9162 0.9162 0.9212
v 1.405628 -1.231621 -0.234931 0.9162 0.9162 0.9212
v 1.206494 -1.250292 -0.230233 0.9162 0.9162 0.9212
v 1.086811 -1.259110 -0.233992 0.9162 0.9162 0.9212
v 0.987868 -1.275772 -0.211440 0.9162 0.9162 0.9212
v 0.910768 -1.313230 -0.126868 0.9162 0.9162 0.9212
v 0.851129 -1.320025 -0.122169 0.9162 0.9162 0.9212
v 0.830331 -1.311498 -0.150360 0.9162 0.9162 0.9212
v 0.868301 -1.285953 -0.211440 0.9162 0.9162 0.9212
v 2.399557 -1.117816 -0.239801 0.9162 0.9162 0.9212
v 1.084316 -1.229802 -0.228806 0.9162 0.9162 0.9212
v 0.825253 -1.251860 -0.139807 0.9162 0.9162 0.9212
v 0.865109 -1.248466 -0.204806 0.9162 0.9162 0.9212
v 4.272856 -2.711871 -0.129994 0.9162 0.9162 0.9212
v 4.152919 -2.715768 -0.089994 0.9162 0.9162 0.9212
v 3.673172 -2.731356 -0.069996 0.9162 0.9162 0.9212
v 1.274438 -2.809294 -0.045004 0.9162 0.9162 0.9212
v 1.074543 -2.815789 -0.040005 0.9162 0.9162 0.9212
v 0.854659 -2.822933 -0.020006 0.9162 0.9162 0.9212
v 0.774701 -2.825531 0.069994 0.9162 0.9162 0.9212
v 0.714733 -2.827479 0.074994 0.9162 0.9162 0.9212
v 0.774702 -2.825531 -0.130006 0.9162 0.9162 0.9212
v 4.152474 -2.702094 -0.092406 0.9162 0.9162 0.9212
v 3.672506 -2.710845 -0.073614 0.9162 0.9162 0.9212
v 2.273077 -2.751182 -0.059524 0.9162 0.9162 0.9212
v 1.273494 -2.780237 -0.050131 0.9162 0.9162 0.9212
v 1.073544 -2.785023 -0.045433 0.9162 0.9162 0.9212
v 0.953651 -2.790287 -0.049192 0.9162 0.9162 0.9212
v 0.853437 -2.785331 -0.026640 0.9162 0.9162 0.9212
v 0.772480 -2.757163 0.057932 0.9162 0.9162 0.9212
v 0.712456 -2.757402 0.062631 0.9162 0.9162 0.9212
v 0.692800 -2.768307 0.034440 0.9162 0.9162 0.9212
v 0.733501 -2.789228 -0.026640 0.9162 0.9162 0.9212
v 4.152084 -2.690070 -0.099352 0.9162 0.9162 0.9212
v 3.671920 -2.692809 -0.084033 0.9162 0.9162 0.9212
v 2.272345 -2.728636 -0.072547 0.9162 0.9162 0.9212
v 1.272664 -2.754686 -0.064891 0.9162 0.9162 0.9212
v 1.072665 -2.757968 -0.061061 0.9162 0.9162 0.9212
v 0.952811 -2.764435 -0.064126 0.9162 0.9162 0.9212
v 0.852363 -2.752264 -0.045741 0.9162 0.9162 0.9212
v 0.770526 -2.697041 0.023203 0.9162 0.9162 0.9212
v 0.710454 -2.695777 0.027033 0.9162 0.9162 0.9212
v 0.691091 -2.715700 0.004051 0.9162 0.9162 0.9212
v 0.732427 -2.756161 -0.045741 0.9162 0.9162 0.9212
v 4.151794 -2.681145 -0.109994 0.9162 0.9162 0.9212
v 3.671485 -2.679421 -0.099996 0.9162 0.9162 0.9212
v 2.271801 -2.711902 -0.092501 0.9162 0.9162 0.9212
v 1.272048 -2.735721 -0.087504 0.9162 0.9162 0.9212
v 1.072012 -2.737888 -0.085005 0.9162 0.9162 0.9212
v 0.952188 -2.745247 -0.087006 0.9162 0.9162 0.9212
v 0.851566 -2.727720 -0.075006 0.9162 0.9162 0.9212
v 0.769077 -2.652417 -0.030006 0.9162 0.9162 0.9212
v 0.708968 -2.650038 -0.027506 0.9162 0.9162 0.9212
v 0.689822 -2.676654 -0.042506 0.9162 0.9162 0.9212
v 0.731629 -2.731617 -0.075006 0.9162 0.9162 0.9212
v 4.151640 -2.676396 -0.123048 0.9162 0.9162 0.9212
v 3.671253 -2.672298 -0.119577 0.9162 0.9162 0.9212
v 2.271512 -2.702998 -0.116977 0.9162 0.9162 0.9212
v 1.271720 -2.725629 -0.115244 0.9162 0.9162 0.9212
v 1.071665 -2.727203 -0.114377 0.9162 0.9162 0.9212
v 0.951856 -2.735037 -0.115072 0.9162 0.9162 0.9212
v 0.851142 -2.714661 -0.110905 0.9162 0.9162 0.9212
v 0.768306 -2.628673 -0.095277 0.9162 0.9162 0.9212
v 0.708177 -2.625700 -0.094409 0.9162 0.9162 0.9212
v 0.689147 -2.655879 -0.099618 0.9162 0.9162 0.9212
v 0.731205 -2.718558 -0.110905 0.9162 0.9162 0.9212
v 4.151640 -2.676396 -0.136940 0.9162 0.9162 0.9212
v 3.671253 -2.672298 -0.140415 0.9162 0.9162 0.9212
v 2.271512 -2.702998 -0.143024 0.9162 0.9162 0.9212
v 1.271720 -2.725629 -0.144764 0.9162 0.9162 0.9212
v 1.071665 -2.727203 -0.145633 0.9162 0.9162 0.9212
v 0.951857 -2.735037 -0.144939 0.9162 0.9162 0.9212
v 0.851142 -2.714661 -0.149107 0.9162 0.9162 0.9212
v 0.768306 -2.628673 -0.164736 0.9162 0.9162 0.9212
v 0.708178 -2.625700 -0.165604 0.9162 0.9162 0.9212
v 0.689148 -2.655879 -0.160395 0.9162 0.9162 0.9212
v 0.731205 -2.718558 -0.149108 0.9162 0.9162 0.9212
v 4.151794 -2.681145 -0.149994 0.9162 0.9162 0.9212
v 3.671485 -2.679421 -0.159996 0.9162 0.9162 0.9212
v 2.271801 -2.711902 -0.167501 0.9162 0.9162 0.9212
v 1.272048 -2.735721 -0.172504 0.9162 0.9162 0.9212
v 1.072013 -2.737888 -0.175005 0.9162 0.9162 0.9212
v 0.952188 -2.745247 -0.173006 0.9162 0.9162 0.9212
v 0.851566 -2.727720 -0.185006 0.9162 0.9162 0.9212
v 0.769078 -2.652417 -0.230006 0.9162 0.9162 0.9212
v 0.708969 -2.650038 -0.232506 0.9162 0.9162 0.9212
v 0.689823 -2.676654 -0.217506 0.9162 0.9162 0.9212
v 0.731630 -2.731617 -0.185006 0.9162 0.9162 0.9212
v 4.152084 -2.690070 -0.160636 0.9162 0.9162 0.9212
v 3.671920 -2.692809 -0.175958 0.9162 0.9162 0.9212
v 2.272345 -2.728636 -0.187454 0.9162 0.9162 0.9212
v 1.272664 -2.754686 -0.195118 0.9162 0.9162 0.9212
v 1.072665 -2.757968 -0.198949 0.9162 0.9162 0.9212
v 0.952812 -2.764435 -0.195885 0.9162 0.9162 0.9212
v 0.852364 -2.752264 -0.214271 0.9162 0.9162 0.9212
v 0.770528 -2.697041 -0.283215 0.9162 0.9162 0.9212
v 0.710455 -2.695777 -0.287046 0.9162 0.9162 0.9212
v 0.691092 -2.715700 -0.264064 0.9162 0.9162 0.9212
v 0.732427 -2.756161 -0.214271 0.9162 0.9162 0.9212
v 4.152475 -2.702094 -0.167582 0.9162 0.9162 0.9212
v 3.672506 -2.710845 -0.186377 0.9162 0.9162 0.9212
v 2.273078 -2.751182 -0.200478 0.9162 0.9162 0.9212
v 1.273494 -2.780237 -0.209878 0.9162 0.9162 0.9212
v 1.073544 -2.785023 -0.214577 0.9162 0.9162 0.9212
v 0.953652 -2.790287 -0.210819 0.9162 0.9162 0.9212
v 0.853438 -2.785331 -0.233372 0.9162 0.9162 0.9212
v 0.772481 -2.757163 -0.317945 0.9162 0.9162 0.9212
v 0.712457 -2.757402 -0.322643 0.9162 0.9162 0.9212
v 0.692801 -2.768307 -0.294453 0.9162 0.9162 0.9212
v 0.733502 -2.789228 -0.233373 0.9162 0.9162 0.9212
v 4.152919 -2.715768 -0.169994 0.9162 0.9162 0.9212
v 3.673172 -2.731356 -0.189996 0.9162 0.9162 0.9212
v 2.273911 -2.776820 -0.205001 0.9162 0.9162 0.9212
v 1.274439 -2.809294 -0.215004 0.9162 0.9162 0.9212
v 1.074544 -2.815789 -0.220005 0.9162 0.9162 0.9212
v 0.954607 -2.819686 -0.216006 0.9162 0.9162 0.9212
v 0.854660 -2.822933 -0.240006 0.9162 0.9162 0.9212
v 0.774703 -2.825531 -0.330006 0.9162 0.9162 0.9212
v 0.714734 -2.827479 -0.335006 0.9162 0.9162 0.9212
v 0.694745 -2.828129 -0.305006 0.9162 0.9162 0.9212
v 0.734723 -2.826830 -0.240006 0.9162 0.9162 0.9212
v 4.153363 -2.729441 -0.167582 0.9162 0.9162 0.9212
v 3.673839 -2.751866 -0.186377 0.9162 0.9162 0.9212
v 2.274744 -2.802458 -0.200478 0.9162 0.9162 0.9212
v 1.275383 -2.838350 -0.209878 0.9162 0.9162 0.9212
v 1.075544 -2.846554 -0.214577 0.9162 0.9162 0.9212
v 0.955562 -2.849084 -0.210819 0.9162 0.9162 0.9212
v 0.855882 -2.860535 -0.233372 0.9162 0.9162 0.9212
v 0.776924 -2.893899 -0.317945 0.9162 0.9162 0.9212
v 0.717011 -2.897557 -0.322643 0.9162 0.9162 0.9212
v 0.696688 -2.887951 -0.294453 0.9162 0.9162 0.9212
v 0.735945 -2.864432 -0.233372 0.9162 0.9162 0.9212
v 4.153754 -2.741466 -0.160636 0.9162 0.9162 0.9212
v 3.674425 -2.769902 -0.175958 0.9162 0.9162 0.9212
v 2.275476 -2.825003 -0.187454 0.9162 0.9162 0.9212
v 1.276213 -2.863902 -0.195118 0.9162 0.9162 0.9212
v 1.076422 -2.873609 -0.198949 0.9162 0.9162 0.9212
v 0.956402 -2.874936 -0.195885 0.9162 0.9162 0.9212
v 0.856956 -2.893602 -0.214271 0.9162 0.9162 0.9212
v 0.778877 -2.954021 -0.283215 0.9162 0.9162 0.9212
v 0.719013 -2.959181 -0.287046 0.9162 0.9162 0.9212
v 0.698398 -2.940557 -0.264064 0.9162 0.9162 0.9212
v 0.737019 -2.897499 -0.214271 0.9162 0.9162 0.9212
v 4.154044 -2.750391 -0.149994 0.9162 0.9162 0.9212
v 3.674860 -2.783290 -0.159996 0.9162 0.9162 0.9212
v 2.276020 -2.841737 -0.167501 0.9162 0.9162 0.9212
v 1.276829 -2.882867 -0.172504 0.9162 0.9162 0.9212
v 1.077075 -2.893690 -0.175005 0.9162 0.9162 0.9212
v 0.957026 -2.894125 -0.173006 0.9162 0.9162 0.9212
v 0.857753 -2.918146 -0.185006 0.9162 0.9162 0.9212
v 0.780327 -2.998645 -0.230006 0.9162 0.9162 0.9212
v 0.720499 -3.004921 -0.232506 0.9162 0.9162 0.9212
v 0.699666 -2.979604 -0.217506 0.9162 0.9162 0.9212
v 0.737817 -2.922043 -0.185006 0.9162 0.9162 0.9212
v 4.154198 -2.755139 -0.136940 0.9162 0.9162 0.9212
v 3.675091 -2.790413 -0.140415 0.9162 0.9162 0.9212
v 2.276309 -2.850641 -0.143024 0.9162 0.9162 0.9212
v 1.277157 -2.892958 -0.144764 0.9162 0.9162 0.9212
v 1.077422 -2.904375 -0.145633 0.9162 0.9162 0.9212
v 0.957357 -2.904335 -0.144939 0.9162 0.9162 0.9212
v 0.858178 -2.931205 -0.149107 0.9162 0.9162 0.9212
v 0.781098 -3.022389 -0.164736 0.9162 0.9162 0.9212
v 0.721290 -3.029258 -0.165604 0.9162 0.9162 0.9212
v 0.700341 -3.000379 -0.160395 0.9162 0.9162 0.9212
v 0.738241 -2.935102 -0.149108 0.9162 0.9162 0.9212
v 4.154198 -2.755139 -0.123048 0.9162 0.9162 0.9212
v 3.675091 -2.790413 -0.119577 0.9162 0.9162 0.9212
v 2.276309 -2.850641 -0.116977 0.9162 0.9162 0.9212
v 1.277156 -2.892958 -0.115244 0.9162 0.9162 0.9212
v 1.077422 -2.904375 -0.114377 0.9162 0.9162 0.9212
v 0.957357 -2.904335 -0.115072 0.9162 0.9162 0.9212
v 0.858177 -2.931205 -0.110905 0.9162 0.9162 0.9212
v 0.781098 -3.022389 -0.095276 0.9162 0.9162 0.9212
v 0.721289 -3.029258 -0.094408 0.9162 0.9162 0.9212
v 0.700341 -3.000379 -0.099618 0.9162 0.9162 0.9212
v 0.738241 -2.935102 -0.110905 0.9162 0.9162 0.9212
v 4.154044 -2.750391 -0.109994 0.9162 0.9162 0.9212
v 3.674860 -2.783290 -0.099996 0.9162 0.9162 0.9212
v 2.276020 -2.841737 -0.092501 0.9162 0.9162 0.9212
v 1.276829 -2.882867 -0.087504 0.9162 0.9162 0.9212
v 1.077075 -2.893690 -0.085005 0.9162 0.9162 0.9212
v 0.957025 -2.894125 -0.087006 0.9162 0.9162 0.9212
v 0.857753 -2.918146 -0.075006 0.9162 0.9162 0.9212
v 0.780326 -2.998645 -0.030006 0.9162 0.9162 0.9212
v 0.720498 -3.004921 -0.027506 0.9162 0.9162 0.9212
v 0.699665 -2.979604 -0.042506 0.9162 0.9162 0.9212
v 0.737816 -2.922043 -0.075006 0.9162 0.9162 0.9212
v 4.153754 -2.741466 -0.099352 0.9162 0.9162 0.9212
v 3.674425 -2.769902 -0.084033 0.9162 0.9162 0.9212
v 2.275476 -2.825003 -0.072547 0.9162 0.9162 0.9212
v 1.276212 -2.863902 -0.064891 0.9162 0.9162 0.9212
v 1.076422 -2.873609 -0.061061 0.9162 0.9162 0.9212
v 0.956402 -2.874936 -0.064126 0.9162 0.9162 0.9212
v 0.856955 -2.893602 -0.045741 0.9162 0.9162 0.9212
v 0.778876 -2.954021 0.023203 0.9162 0.9162 0.9212
v 0.719012 -2.959181 0.027033 0.9162 0.9162 0.9212
v 0.698397 -2.940557 0.004051 0.9162 0.9162 0.9212
v 0.737019 -2.897499 -0.045741 0.9162 0.9162 0.9212
v 4.153363 -2.729441 -0.092406 0.9162 0.9162 0.9212
v 3.673839 -2.751866 -0.073614 0.9162 0.9162 0.9212
v 2.274743 -2.802458 -0.059524 0.9162 0.9162 0.9212
v 1.275382 -2.838350 -0.050131 0.9162 0.9162 0.9212
v 1.075543 -2.846554 -0.045433 0.9162 0.9162 0.9212
v 0.955562 -2.849084 -0.049192 0.9162 0.9162 0.9212
v 0.855881 -2.860535 -0.026640 0.9162 0.9162 0.9212
v 0.776923 -2.893899 0.057932 0.9162 0.9162 0.9212
v 0.717010 -2.897557 0.062631 0.9162 0.9162 0.9212
v 0.696687 -2.887951 0.034440 0.9162 0.9162 0.9212
v 0.735944 -2.864432 -0.026640 0.9162 0.9162 0.9212
v 2.273910 -2.776819 -0.055001 0.9162 0.9162 0.9212
v 0.954607 -2.819686 -0.044006 0.9162 0.9162 0.9212
v 0.694744 -2.828129 0.044993 0.9162 0.9162 0.9212
v 0.734723 -2.826830 -0.020006 0.9162 0.9162 0.9212
v 0.908473 -2.430353 -0.165094 0.9162 0.9162 0.9212
v 1.028354 -2.435693 -0.205094 0.9162 0.9162 0.9212
v 1.507879 -2.457051 -0.225096 0.9162 0.9162 0.9212
v 3.905501 -2.563839 -0.250104 0.9162 0.9162 0.9212
v 4.105303 -2.572738 -0.255105 0.9162 0.9162 0.9212
v 4.325086 -2.582527 -0.275106 0.9162 0.9162 0.9212
v 4.405006 -2.586087 -0.365106 0.9162 0.9162 0.9212
v 4.464946 -2.588757 -0.370106 0.9162 0.9162 0.9212
v 4.405006 -2.586087 -0.165106 0.9162 0.9162 0.9212
v 1.028963 -2.422026 -0.202682 0.9162 0.9162 0.9212
v 1.508792 -2.436550 -0.221477 0.9162 0.9162 0.9212
v 2.907633 -2.493718 -0.235578 0.9162 0.9162 0.9212
v 3.906795 -2.534796 -0.244978 0.9162 0.9162 0.9212
v 4.106673 -2.541987 -0.249677 0.9162 0.9162 0.9212
v 4.226493 -2.548693 -0.245919 0.9162 0.9162 0.9212
v 4.326759 -2.544942 -0.268472 0.9162 0.9162 0.9212
v 4.408050 -2.517751 -0.353045 0.9162 0.9162 0.9212
v 4.468066 -2.518712 -0.357743 0.9162 0.9162 0.9212
v 4.487590 -2.529852 -0.329553 0.9162 0.9162 0.9212
v 4.446640 -2.550282 -0.268472 0.9162 0.9162 0.9212
v 1.029498 -2.410007 -0.195736 0.9162 0.9162 0.9212
v 1.509595 -2.418521 -0.211058 0.9162 0.9162 0.9212
v 2.908637 -2.471183 -0.222554 0.9162 0.9162 0.9212
v 3.907933 -2.509256 -0.230218 0.9162 0.9162 0.9212
v 4.107878 -2.514945 -0.234049 0.9162 0.9162 0.9212
v 4.227644 -2.522853 -0.230985 0.9162 0.9162 0.9212
v 4.328232 -2.511891 -0.249371 0.9162 0.9162 0.9212
v 4.410726 -2.457657 -0.318315 0.9162 0.9162 0.9212
v 4.470810 -2.457116 -0.322145 0.9162 0.9162 0.9212
v 4.489932 -2.477270 -0.299164 0.9162 0.9162 0.9212
v 4.448112 -2.517230 -0.249371 0.9162 0.9162 0.9212
v 1.029895 -2.401086 -0.185094 0.9162 0.9162 0.9212
v 1.510191 -2.405140 -0.195096 0.9162 0.9162 0.9212
v 2.909382 -2.454456 -0.202601 0.9162 0.9162 0.9212
v 3.908777 -2.490300 -0.207604 0.9162 0.9162 0.9212
v 4.108772 -2.494873 -0.210105 0.9162 0.9162 0.9212
v 4.228498 -2.503673 -0.208106 0.9162 0.9162 0.9212
v 4.329325 -2.487359 -0.220106 0.9162 0.9162 0.9212
v 4.412713 -2.413053 -0.265106 0.9162 0.9162 0.9212
v 4.472846 -2.411397 -0.267606 0.9162 0.9162 0.9212
v 4.491671 -2.438242 -0.252606 0.9162 0.9162 0.9212
v 4.449205 -2.492698 -0.220106 0.9162 0.9162 0.9212
v 1.030107 -2.396339 -0.172040 0.9162 0.9162 0.9212
v 1.510508 -2.398021 -0.175515 0.9162 0.9162 0.9212
v 2.909779 -2.445557 -0.178124 0.9162 0.9162 0.9212
v 3.909226 -2.480214 -0.179864 0.9162 0.9162 0.9212
v 4.109247 -2.484194 -0.180733 0.9162 0.9162 0.9212
v 4.228953 -2.493468 -0.180039 0.9162 0.9162 0.9212
v 4.329906 -2.474306 -0.184207 0.9162 0.9162 0.9212
v 4.413770 -2.389320 -0.199836 0.9162 0.9162 0.9212
v 4.473930 -2.387071 -0.200704 0.9162 0.9162 0.9212
v 4.492596 -2.417476 -0.195495 0.9162 0.9162 0.9212
v 4.449787 -2.479645 -0.184208 0.9162 0.9162 0.9212
v 1.030107 -2.396339 -0.158148 0.9162 0.9162 0.9212
v 1.510508 -2.398021 -0.154677 0.9162 0.9162 0.9212
v 2.909779 -2.445557 -0.152077 0.9162 0.9162 0.9212
v 3.909226 -2.480214 -0.150344 0.9162 0.9162 0.9212
v 4.109248 -2.484194 -0.149477 0.9162 0.9162 0.9212
v 4.228953 -2.493468 -0.150172 0.9162 0.9162 0.9212
v 4.329906 -2.474306 -0.146005 0.9162 0.9162 0.9212
v 4.413771 -2.389320 -0.130377 0.9162 0.9162 0.9212
v 4.473930 -2.387071 -0.129508 0.9162 0.9162 0.9212
v 4.492596 -2.417476 -0.134718 0.9162 0.9162 0.9212
v 4.449787 -2.479645 -0.146005 0.9162 0.9162 0.9212
v 1.029895 -2.401086 -0.145094 0.9162 0.9162 0.9212
v 1.510191 -2.405140 -0.135096 0.9162 0.9162 0.9212
v 2.909382 -2.454456 -0.127601 0.9162 0.9162 0.9212
v 3.908777 -2.490300 -0.122604 0.9162 0.9162 0.9212
v 4.108772 -2.494873 -0.120105 0.9162 0.9162 0.9212
v 4.228499 -2.503673 -0.122106 0.9162 0.9162 0.9212
v 4.329325 -2.487359 -0.110106 0.9162 0.9162 0.9212
v 4.412714 -2.413054 -0.065106 0.9162 0.9162 0.9212
v 4.472847 -2.411397 -0.062606 0.9162 0.9162 0.9212
v 4.491671 -2.438242 -0.077606 0.9162 0.9162 0.9212
v 4.449206 -2.492698 -0.110106 0.9162 0.9162 0.9212
v 1.029498 -2.410007 -0.134452 0.9162 0.9162 0.9212
v 1.509595 -2.418522 -0.119133 0.9162 0.9162 0.9212
v 2.908638 -2.471183 -0.107647 0.9162 0.9162 0.9212
v 3.907933 -2.509257 -0.099991 0.9162 0.9162 0.9212
v 4.107878 -2.514945 -0.096161 0.9162 0.9162 0.9212
v 4.227645 -2.522853 -0.099226 0.9162 0.9162 0.9212
v 4.328232 -2.511891 -0.080841 0.9162 0.9162 0.9212
v 4.410728 -2.457657 -0.011897 0.9162 0.9162 0.9212
v 4.470811 -2.457116 -0.008067 0.9162 0.9162 0.9212
v 4.489933 -2.477270 -0.031049 0.9162 0.9162 0.9212
v 4.448113 -2.517230 -0.080841 0.9162 0.9162 0.9212
v 1.028963 -2.422026 -0.127506 0.9162 0.9162 0.9212
v 1.508792 -2.436550 -0.108714 0.9162 0.9162 0.9212
v 2.907634 -2.493718 -0.094624 0.9162 0.9162 0.9212
v 3.906796 -2.534796 -0.085231 0.9162 0.9162 0.9212
v 4.106674 -2.541987 -0.080533 0.9162 0.9162 0.9212
v 4.226494 -2.548693 -0.084292 0.9162 0.9162 0.9212
v 4.326760 -2.544942 -0.061740 0.9162 0.9162 0.9212
v 4.408051 -2.517751 0.022832 0.9162 0.9162 0.9212
v 4.468068 -2.518712 0.027531 0.9162 0.9162 0.9212
v 4.487591 -2.529852 -0.000660 0.9162 0.9162 0.9212
v 4.446641 -2.550282 -0.061740 0.9162 0.9162 0.9212
v 1.028354 -2.435693 -0.125094 0.9162 0.9162 0.9212
v 1.507879 -2.457051 -0.105096 0.9162 0.9162 0.9212
v 2.906492 -2.519344 -0.090101 0.9162 0.9162 0.9212
v 3.905502 -2.563839 -0.080104 0.9162 0.9162 0.9212
v 4.105304 -2.572738 -0.075105 0.9162 0.9162 0.9212
v 4.225185 -2.578078 -0.079106 0.9162 0.9162 0.9212
v 4.325086 -2.582527 -0.055106 0.9162 0.9162 0.9212
v 4.405007 -2.586087 0.034894 0.9162 0.9162 0.9212
v 4.464948 -2.588757 0.039894 0.9162 0.9162 0.9212
v 4.484928 -2.589647 0.009893 0.9162 0.9162 0.9212
v 4.444967 -2.587867 -0.055106 0.9162 0.9162 0.9212
v 1.027745 -2.449360 -0.127506 0.9162 0.9162 0.9212
v 1.506966 -2.477551 -0.108714 0.9162 0.9162 0.9212
v 2.905351 -2.544970 -0.094624 0.9162 0.9162 0.9212
v 3.904208 -2.592882 -0.085231 0.9162 0.9162 0.9212
v 4.103934 -2.603490 -0.080533 0.9162 0.9162 0.9212
v 4.223876 -2.607462 -0.084292 0.9162 0.9162 0.9212
v 4.323412 -2.620112 -0.061740 0.9162 0.9162 0.9212
v 4.401964 -2.654423 0.022832 0.9162 0.9162 0.9212
v 4.461828 -2.658802 0.027531 0.9162 0.9162 0.9212
v 4.482265 -2.649441 -0.000660 0.9162 0.9162 0.9212
v 4.443293 -2.625452 -0.061740 0.9162 0.9162 0.9212
v 1.027210 -2.461379 -0.134452 0.9162 0.9162 0.9212
v 1.506163 -2.495580 -0.119133 0.9162 0.9162 0.9212
v 2.904347 -2.567505 -0.107647 0.9162 0.9162 0.9212
v 3.903071 -2.618422 -0.099991 0.9162 0.9162 0.9212
v 4.102730 -2.630532 -0.096161 0.9162 0.9162 0.9212
v 4.222725 -2.633303 -0.099226 0.9162 0.9162 0.9212
v 4.321940 -2.653164 -0.080841 0.9162 0.9162 0.9212
v 4.399287 -2.714517 -0.011897 0.9162 0.9162 0.9212
v 4.459085 -2.720398 -0.008067 0.9162 0.9162 0.9212
v 4.479923 -2.702023 -0.031049 0.9162 0.9162 0.9212
v 4.441821 -2.658503 -0.080841 0.9162 0.9162 0.9212
v 1.026813 -2.470299 -0.145094 0.9162 0.9162 0.9212
v 1.505567 -2.508961 -0.135096 0.9162 0.9162 0.9212
v 2.903602 -2.584232 -0.127601 0.9162 0.9162 0.9212
v 3.902226 -2.637379 -0.122604 0.9162 0.9162 0.9212
v 4.101836 -2.650604 -0.120105 0.9162 0.9162 0.9212
v 4.221871 -2.652482 -0.122106 0.9162 0.9162 0.9212
v 4.320848 -2.677696 -0.110106 0.9162 0.9162 0.9212
v 4.397300 -2.759120 -0.065106 0.9162 0.9162 0.9212
v 4.457048 -2.766116 -0.062606 0.9162 0.9162 0.9212
v 4.478184 -2.741051 -0.077607 0.9162 0.9162 0.9212
v 4.440728 -2.683035 -0.110106 0.9162 0.9162 0.9212
v 1.026601 -2.475046 -0.158148 0.9162 0.9162 0.9212
v 1.505250 -2.516081 -0.154677 0.9162 0.9162 0.9212
v 2.903206 -2.593132 -0.152077 0.9162 0.9162 0.9212
v 3.901777 -2.647465 -0.150344 0.9162 0.9162 0.9212
v 4.101360 -2.661283 -0.149477 0.9162 0.9162 0.9212
v 4.221416 -2.662687 -0.150172 0.9162 0.9162 0.9212
v 4.320266 -2.690749 -0.146005 0.9162 0.9162 0.9212
v 4.396243 -2.782853 -0.130377 0.9162 0.9162 0.9212
v 4.455964 -2.790442 -0.129509 0.9162 0.9162 0.9212
v 4.477259 -2.761817 -0.134718 0.9162 0.9162 0.9212
v 4.440147 -2.696088 -0.146005 0.9162 0.9162 0.9212
v 1.026601 -2.475046 -0.172040 0.9162 0.9162 0.9212
v 1.505250 -2.516081 -0.175515 0.9162 0.9162 0.9212
v 2.903206 -2.593132 -0.178124 0.9162 0.9162 0.9212
v 3.901777 -2.647465 -0.179865 0.9162 0.9162 0.9212
v 4.101360 -2.661283 -0.180733 0.9162 0.9162 0.9212
v 4.221416 -2.662687 -0.180039 0.9162 0.9162 0.9212
v 4.320266 -2.690749 -0.184207 0.9162 0.9162 0.9212
v 4.396243 -2.782853 -0.199836 0.9162 0.9162 0.9212
v 4.455964 -2.790442 -0.200704 0.9162 0.9162 0.9212
v 4.477259 -2.761817 -0.195495 0.9162 0.9162 0.9212
v 4.440146 -2.696088 -0.184208 0.9162 0.9162 0.9212
v 1.026813 -2.470299 -0.185094 0.9162 0.9162 0.9212
v 1.505567 -2.508961 -0.195096 0.9162 0.9162 0.9212
v 2.903602 -2.584232 -0.202601 0.9162 0.9162 0.9212
v 3.902226 -2.637378 -0.207604 0.9162 0.9162 0.9212
v 4.101835 -2.650604 -0.210105 0.9162 0.9162 0.9212
v 4.221870 -2.652482 -0.208106 0.9162 0.9162 0.9212
v 4.320847 -2.677696 -0.220106 0.9162 0.9162 0.9212
v 4.397299 -2.759120 -0.265106 0.9162 0.9162 0.9212
v 4.457047 -2.766116 -0.267606 0.9162 0.9162 0.9212
v 4.478184 -2.741051 -0.252606 0.9162 0.9162 0.9212
v 4.440728 -2.683035 -0.220106 0.9162 0.9162 0.9212
v 1.027210 -2.461379 -0.195736 0.9162 0.9162 0.9212
v 1.506163 -2.495580 -0.211058 0.9162 0.9162 0.9212
v 2.904347 -2.567505 -0.222554 0.9162 0.9162 0.9212
v 3.903070 -2.618422 -0.230218 0.9162 0.9162 0.9212
v 4.102729 -2.630532 -0.234049 0.9162 0.9162 0.9212
v 4.222725 -2.633303 -0.230985 0.9162 0.9162 0.9212
v 4.321939 -2.653164 -0.249371 0.9162 0.9162 0.9212
v 4.399286 -2.714517 -0.318315 0.9162 0.9162 0.9212
v 4.459084 -2.720397 -0.322146 0.9162 0.9162 0.9212
v 4.479921 -2.702023 -0.299164 0.9162 0.9162 0.9212
v 4.441821 -2.658503 -0.249371 0.9162 0.9162 0.9212
v 1.027745 -2.449360 -0.202682 0.9162 0.9162 0.9212
v 1.506966 -2.477551 -0.221477 0.9162 0.9162 0.9212
v 2.905350 -2.544970 -0.235578 0.9162 0.9162 0.9212
v 3.904208 -2.592882 -0.244978 0.9162 0.9162 0.9212
v 4.103934 -2.603490 -0.249677 0.9162 0.9162 0.9212
v 4.223876 -2.607462 -0.245919 0.9162 0.9162 0.9212
v 4.323411 -2.620112 -0.268472 0.9162 0.9162 0.9212
v 4.401962 -2.654423 -0.353045 0.9162 0.9162 0.9212
v 4.461827 -2.658801 -0.357743 0.9162 0.9162 0.9212
v 4.482264 -2.649441 -0.329553 0.9162 0.9162 0.9212
v 4.443293 -2.625452 -0.268472 0.9162 0.9162 0.9212
v 2.906492 -2.519344 -0.240101 0.9162 0.9162 0.9212
v 4.225184 -2.578078 -0.251106 0.9162 0.9162 0.9212
v 4.484927 -2.589647 -0.340106 0.9162 0.9162 0.9212
v 4.444966 -2.587867 -0.275106 0.9162 0.9162 0.9212
v 4.524774 -2.250280 -0.148194 0.9162 0.9162 0.9212
v 4.404776 -2.250932 -0.108194 0.9162 0.9162 0.9212
v 3.924782 -2.253538 -0.088196 0.9162 0.9162 0.9212
v 1.524817 -2.266570 -0.063204 0.9162 0.9162 0.9212
v 1.324820 -2.267656 -0.058205 0.9162 0.9162 0.9212
v 1.104824 -2.268851 -0.038206 0.9162 0.9162 0.9212
v 1.024825 -2.269285 0.051794 0.9162 0.9162 0.9212
v 0.964826 -2.269611 0.056794 0.9162 0.9162 0.9212
v 1.024825 -2.269285 -0.148206 0.9162 0.9162 0.9212
v 4.404701 -2.237251 -0.110606 0.9162 0.9162 0.9212
v 3.924671 -2.233017 -0.091814 0.9162 0.9162 0.9212
v 2.524664 -2.235489 -0.077724 0.9162 0.9162 0.9212
v 1.524660 -2.237499 -0.068331 0.9162 0.9162 0.9212
v 1.324653 -2.236875 -0.063633 0.9162 0.9162 0.9212
v 1.204663 -2.238894 -0.067392 0.9162 0.9162 0.9212
v 1.104619 -2.231229 -0.044840 0.9162 0.9162 0.9212
v 1.024453 -2.200882 0.039732 0.9162 0.9162 0.9212
v 0.964445 -2.199498 0.044431 0.9162 0.9162 0.9212
v 0.944501 -2.209867 0.016240 0.9162 0.9162 0.9212
v 0.984621 -2.231881 -0.044840 0.9162 0.9162 0.9212
v 4.404636 -2.225221 -0.117552 0.9162 0.9162 0.9212
v 3.924573 -2.214972 -0.102233 0.9162 0.9162 0.9212
v 2.524541 -2.212932 -0.090747 0.9162 0.9162 0.9212
v 1.524521 -2.211934 -0.083091 0.9162 0.9162 0.9212
v 1.324506 -2.209806 -0.079261 0.9162 0.9162 0.9212
v 1.204522 -2.213029 -0.082326 0.9162 0.9162 0.9212
v 1.104440 -2.198145 -0.063941 0.9162 0.9162 0.9212
v 1.024127 -2.140730 0.005003 0.9162 0.9162 0.9212
v 0.964110 -2.137841 0.008833 0.9162 0.9162 0.9212
v 0.944215 -2.157233 -0.014149 0.9162 0.9162 0.9212
v 0.984442 -2.198797 -0.063941 0.9162 0.9162 0.9212
v 4.404587 -2.216291 -0.128194 0.9162 0.9162 0.9212
v 3.924500 -2.201578 -0.118196 0.9162 0.9162 0.9212
v 2.524450 -2.196189 -0.110701 0.9162 0.9162 0.9212
v 1.524418 -2.192959 -0.105704 0.9162 0.9162 0.9212
v 1.324397 -2.189715 -0.103205 0.9162 0.9162 0.9212
v 1.204418 -2.193831 -0.105206 0.9162 0.9162 0.9212
v 1.104306 -2.173589 -0.093206 0.9162 0.9162 0.9212
v 1.023884 -2.096083 -0.048206 0.9162 0.9162 0.9212
v 0.963862 -2.092078 -0.045706 0.9162 0.9162 0.9212
v 0.944003 -2.118167 -0.060706 0.9162 0.9162 0.9212
v 0.984308 -2.174241 -0.093206 0.9162 0.9162 0.9212
v 4.404562 -2.211540 -0.141248 0.9162 0.9162 0.9212
v 3.924462 -2.194451 -0.137777 0.9162 0.9162 0.9212
v 2.524402 -2.187281 -0.135177 0.9162 0.9162 0.9212
v 1.524363 -2.182863 -0.133444 0.9162 0.9162 0.9212
v 1.324339 -2.179025 -0.132577 0.9162 0.9162 0.9212
v 1.204363 -2.183616 -0.133272 0.9162 0.9162 0.9212
v 1.104236 -2.160524 -0.129105 0.9162 0.9162 0.9212
v 1.023756 -2.072327 -0.113477 0.9162 0.9162 0.9212
v 0.963730 -2.067729 -0.112609 0.9162 0.9162 0.9212
v 0.943891 -2.097381 -0.117818 0.9162 0.9162 0.9212
v 0.984238 -2.161175 -0.129105 0.9162 0.9162 0.9212
v 4.404562 -2.211540 -0.155140 0.9162 0.9162 0.9212
v 3.924462 -2.194451 -0.158615 0.9162 0.9162 0.9212
v 2.524402 -2.187281 -0.161224 0.9162 0.9162 0.9212
v 1.524363 -2.182863 -0.162964 0.9162 0.9162 0.9212
v 1.324340 -2.179025 -0.163833 0.9162 0.9162 0.9212
v 1.204363 -2.183616 -0.163139 0.9162 0.9162 0.9212
v 1.104236 -2.160524 -0.167307 0.9162 0.9162 0.9212
v 1.023756 -2.072327 -0.182936 0.9162 0.9162 0.9212
v 0.963730 -2.067729 -0.183804 0.9162 0.9162 0.9212
v 0.943891 -2.097381 -0.178595 0.9162 0.9162 0.9212
v 0.984238 -2.161175 -0.167308 0.9162 0.9162 0.9212
v 4.404588 -2.216291 -0.168194 0.9162 0.9162 0.9212
v 3.924500 -2.201578 -0.178196 0.9162 0.9162 0.9212
v 2.524451 -2.196189 -0.185701 0.9162 0.9162 0.9212
v 1.524418 -2.192959 -0.190704 0.9162 0.9162 0.9212
v 1.324398 -2.189715 -0.193205 0.9162 0.9162 0.9212
v 1.204418 -2.193831 -0.191206 0.9162 0.9162 0.9212
v 1.104307 -2.173589 -0.203206 0.9162 0.9162 0.9212
v 1.023885 -2.096083 -0.248206 0.9162 0.9162 0.9212
v 0.963863 -2.092078 -0.250706 0.9162 0.9162 0.9212
v 0.944004 -2.118167 -0.235706 0.9162 0.9162 0.9212
v 0.984309 -2.174241 -0.203206 0.9162 0.9162 0.9212
v 4.404636 -2.225221 -0.178836 0.9162 0.9162 0.9212
v 3.924573 -2.214972 -0.194158 0.9162 0.9162 0.9212
v 2.524542 -2.212932 -0.205654 0.9162 0.9162 0.9212
v 1.524521 -2.211934 -0.213318 0.9162 0.9162 0.9212
v 1.324507 -2.209806 -0.217149 0.9162 0.9162 0.9212
v 1.204523 -2.213029 -0.214085 0.9162 0.9162 0.9212
v 1.104440 -2.198145 -0.232471 0.9162 0.9162 0.9212
v 1.024128 -2.140730 -0.301415 0.9162 0.9162 0.9212
v 0.964111 -2.137841 -0.305246 0.9162 0.9162 0.9212
v 0.944216 -2.157233 -0.282264 0.9162 0.9162 0.9212
v 0.984442 -2.198797 -0.232471 0.9162 0.9162 0.9212
v 4.404701 -2.237251 -0.185782 0.9162 0.9162 0.9212
v 3.924671 -2.233017 -0.204577 0.9162 0.9162 0.9212
v 2.524664 -2.235489 -0.218678 0.9162 0.9162 0.9212
v 1.524660 -2.237499 -0.228078 0.9162 0.9162 0.9212
v 1.324654 -2.236875 -0.232777 0.9162 0.9162 0.9212
v 1.204663 -2.238894 -0.229019 0.9162 0.9162 0.9212
v 1.104620 -2.231229 -0.251572 0.9162 0.9162 0.9212
v 1.024454 -2.200882 -0.336145 0.9162 0.9162 0.9212
v 0.964446 -2.199498 -0.340843 0.9162 0.9162 0.9212
v 0.944502 -2.209867 -0.312653 0.9162 0.9162 0.9212
v 0.984622 -2.231881 -0.251573 0.9162 0.9162 0.9212
v 4.404776 -2.250932 -0.188194 0.9162 0.9162 0.9212
v 3.924783 -2.253538 -0.208196 0.9162 0.9162 0.9212
v 2.524803 -2.261140 -0.223201 0.9162 0.9162 0.9212
v 1.524818 -2.266570 -0.233204 0.9162 0.9162 0.9212
v 1.324821 -2.267656 -0.238205 0.9162 0.9162 0.9212
v 1.204823 -2.268308 -0.234206 0.9162 0.9162 0.9212
v 1.104824 -2.268851 -0.258206 0.9162 0.9162 0.9212
v 1.024826 -2.269285 -0.348206 0.9162 0.9162 0.9212
v 0.964827 -2.269611 -0.353206 0.9162 0.9162 0.9212
v 0.944827 -2.269720 -0.323206 0.9162 0.9162 0.9212
v 0.984826 -2.269502 -0.258206 0.9162 0.9162 0.9212
v 4.404850 -2.264612 -0.185782 0.9162 0.9162 0.9212
v 3.924894 -2.274059 -0.204577 0.9162 0.9162 0.9212
v 2.524943 -2.286791 -0.218678 0.9162 0.9162 0.9212
v 1.524976 -2.295642 -0.228078 0.9162 0.9162 0.9212
v 1.324988 -2.298438 -0.232777 0.9162 0.9162 0.9212
v 1.204983 -2.297721 -0.229019 0.9162 0.9162 0.9212
v 1.105029 -2.306473 -0.251572 0.9162 0.9162 0.9212
v 1.025197 -2.337688 -0.336145 0.9162 0.9162 0.9212
v 0.965208 -2.339724 -0.340843 0.9162 0.9162 0.9212
v 0.945152 -2.329572 -0.312653 0.9162 0.9162 0.9212
v 0.985031 -2.307124 -0.251573 0.9162 0.9162 0.9212
v 4.404915 -2.276643 -0.178836 0.9162 0.9162 0.9212
v 3.924992 -2.292105 -0.194158 0.9162 0.9162 0.9212
v 2.525065 -2.309349 -0.205654 0.9162 0.9162 0.9212
v 1.525115 -2.321206 -0.213318 0.9162 0.9162 0.9212
v 1.325135 -2.325506 -0.217149 0.9162 0.9162 0.9212
v 1.205123 -2.323587 -0.214085 0.9162 0.9162 0.9212
v 1.105208 -2.339556 -0.232471 0.9162 0.9162 0.9212
v 1.025524 -2.397841 -0.301415 0.9162 0.9162 0.9212
v 0.965542 -2.401381 -0.305246 0.9162 0.9162 0.9212
v 0.945438 -2.382206 -0.282264 0.9162 0.9162 0.9212
v 0.985210 -2.340208 -0.232471 0.9162 0.9162 0.9212
v 4.404963 -2.285573 -0.168194 0.9162 0.9162 0.9212
v 3.925065 -2.305499 -0.178196 0.9162 0.9162 0.9212
v 2.525156 -2.326091 -0.185701 0.9162 0.9162 0.9212
v 1.525218 -2.340181 -0.190704 0.9162 0.9162 0.9212
v 1.325244 -2.345598 -0.193205 0.9162 0.9162 0.9212
v 1.205227 -2.342785 -0.191206 0.9162 0.9162 0.9212
v 1.105341 -2.364112 -0.203206 0.9162 0.9162 0.9212
v 1.025766 -2.442488 -0.248206 0.9162 0.9162 0.9212
v 0.965791 -2.447144 -0.250706 0.9162 0.9162 0.9212
v 0.945650 -2.421272 -0.235706 0.9162 0.9162 0.9212
v 0.985343 -2.364764 -0.203206 0.9162 0.9162 0.9212
v 4.404989 -2.290324 -0.155140 0.9162 0.9162 0.9212
v 3.925103 -2.312626 -0.158615 0.9162 0.9162 0.9212
v 2.525204 -2.335000 -0.161224 0.9162 0.9162 0.9212
v 1.525272 -2.350278 -0.162964 0.9162 0.9162 0.9212
v 1.325302 -2.356288 -0.163833 0.9162 0.9162 0.9212
v 1.205283 -2.353000 -0.163139 0.9162 0.9162 0.9212
v 1.105412 -2.377178 -0.167307 0.9162 0.9162 0.9212
v 1.025895 -2.466244 -0.182936 0.9162 0.9162 0.9212
v 0.965923 -2.471494 -0.183804 0.9162 0.9162 0.9212
v 0.945762 -2.442058 -0.178595 0.9162 0.9162 0.9212
v 0.985414 -2.377830 -0.167308 0.9162 0.9162 0.9212
v 4.404989 -2.290324 -0.141248 0.9162 0.9162 0.9212
v 3.925103 -2.312626 -0.137777 0.9162 0.9162 0.9212
v 2.525204 -2.335000 -0.135177 0.9162 0.9162 0.9212
v 1.525272 -2.350278 -0.133444 0.9162 0.9162 0.9212
v 1.325302 -2.356288 -0.132577 0.9162 0.9162 0.9212
v 1.205282 -2.353000 -0.133272 0.9162 0.9162 0.9212
v 1.105412 -2.377178 -0.129105 0.9162 0.9162 0.9212
v 1.025895 -2.466244 -0.113476 0.9162 0.9162 0.9212
v 0.965922 -2.471494 -0.112608 0.9162 0.9162 0.9212
v 0.945762 -2.442058 -0.117818 0.9162 0.9162 0.9212
v 0.985414 -2.377830 -0.129105 0.9162 0.9162 0.9212
v 4.404963 -2.285573 -0.128194 0.9162 0.9162 0.9212
v 3.925065 -2.305499 -0.118196 0.9162 0.9162 0.9212
v 2.525156 -2.326091 -0.110701 0.9162 0.9162 0.9212
v 1.525217 -2.340181 -0.105704 0.9162 0.9162 0.9212
v 1.325244 -2.345598 -0.103205 0.9162 0.9162 0.9212
v 1.205227 -2.342785 -0.105206 0.9162 0.9162 0.9212
v 1.105341 -2.364112 -0.093206 0.9162 0.9162 0.9212
v 1.025765 -2.442488 -0.048206 0.9162 0.9162 0.9212
v 0.965790 -2.447144 -0.045706 0.9162 0.9162 0.9212
v 0.945649 -2.421272 -0.060707 0.9162 0.9162 0.9212
v 0.985343 -2.364764 -0.093206 0.9162 0.9162 0.9212
v 4.404915 -2.276643 -0.117552 0.9162 0.9162 0.9212
v 3.924992 -2.292105 -0.102233 0.9162 0.9162 0.9212
v 2.525065 -2.309349 -0.090747 0.9162 0.9162 0.9212
v 1.525114 -2.321206 -0.083091 0.9162 0.9162 0.9212
v 1.325135 -2.325506 -0.079261 0.9162 0.9162 0.9212
v 1.205123 -2.323587 -0.082326 0.9162 0.9162 0.9212
v 1.105208 -2.339556 -0.063941 0.9162 0.9162 0.9212
v 1.025523 -2.397841 0.005003 0.9162 0.9162 0.9212
v 0.965541 -2.401381 0.008833 0.9162 0.9162 0.9212
v 0.945437 -2.382206 -0.014149 0.9162 0.9162 0.9212
v 0.985209 -2.340208 -0.063941 0.9162 0.9162 0.9212
v 4.404850 -2.264612 -0.110606 0.9162 0.9162 0.9212
v 3.924894 -2.274059 -0.091814 0.9162 0.9162 0.9212
v 2.524942 -2.286791 -0.077724 0.9162 0.9162 0.9212
v 1.524975 -2.295642 -0.068331 0.9162 0.9162 0.9212
v 1.324988 -2.298438 -0.063633 0.9162 0.9162 0.9212
v 1.204982 -2.297721 -0.067392 0.9162 0.9162 0.9212
v 1.105028 -2.306473 -0.044840 0.9162 0.9162 0.9212
v 1.025196 -2.337688 0.039732 0.9162 0.9162 0.9212
v 0.965206 -2.339724 0.044431 0.9162 0.9162 0.9212
v 0.945151 -2.329572 0.016240 0.9162 0.9162 0.9212
v 0.985030 -2.307124 -0.044840 0.9162 0.9162 0.9212
v 2.524803 -2.261140 -0.073201 0.9162 0.9162 0.9212
v 1.204822 -2.268308 -0.062206 0.9162 0.9162 0.9212
v 0.944826 -2.269720 0.026793 0.9162 0.9162 0.9212
v 0.984825 -2.269502 -0.038206 0.9162 0.9162 0.9212
v 0.744515 -1.931406 -0.150694 0.9162 0.9162 0.9212
v 0.864427 -1.936005 -0.190694 0.9162 0.9162 0.9212
v 1.344074 -1.954399 -0.210696 0.9162 0.9162 0.9212
v 3.742311 -2.046368 -0.235704 0.9162 0.9162 0.9212
v 3.942164 -2.054032 -0.240705 0.9162 0.9162 0.9212
v 4.162003 -2.062463 -0.260706 0.9162 0.9162 0.9212
v 4.241943 -2.065528 -0.350706 0.9162 0.9162 0.9212
v 4.301899 -2.067827 -0.355706 0.9162 0.9162 0.9212
v 4.241944 -2.065528 -0.150706 0.9162 0.9162 0.9212
v 0.864951 -1.922334 -0.188282 0.9162 0.9162 0.9212
v 1.344860 -1.933892 -0.207077 0.9162 0.9162 0.9212
v 2.744029 -1.982415 -0.221178 0.9162 0.9162 0.9212
v 3.743425 -2.017318 -0.230578 0.9162 0.9162 0.9212
v 3.943344 -2.023273 -0.235277 0.9162 0.9162 0.9212
v 4.063203 -2.029238 -0.231519 0.9162 0.9162 0.9212
v 4.163445 -2.024868 -0.254072 0.9162 0.9162 0.9212
v 4.244565 -1.997175 -0.338645 0.9162 0.9162 0.9212
v 4.304586 -1.997765 -0.343343 0.9162 0.9162 0.9212
v 4.324178 -2.008784 -0.315153 0.9162 0.9162 0.9212
v 4.283356 -2.029466 -0.254073 0.9162 0.9162 0.9212
v 0.865412 -1.910312 -0.181336 0.9162 0.9162 0.9212
v 1.345552 -1.915860 -0.196658 0.9162 0.9162 0.9212
v 2.744893 -1.959874 -0.208154 0.9162 0.9162 0.9212
v 3.744405 -1.991771 -0.215818 0.9162 0.9162 0.9212
v 3.944381 -1.996224 -0.219649 0.9162 0.9162 0.9212
v 4.064194 -2.003392 -0.216585 0.9162 0.9162 0.9212
v 4.164712 -1.991808 -0.234971 0.9162 0.9162 0.9212
v 4.246870 -1.937065 -0.303915 0.9162 0.9162 0.9212
v 4.306949 -1.936153 -0.307746 0.9162 0.9162 0.9212
v 4.326195 -1.956189 -0.284764 0.9162 0.9162 0.9212
v 4.284624 -1.996406 -0.234971 0.9162 0.9162 0.9212
v 0.865754 -1.901389 -0.170694 0.9162 0.9162 0.9212
v 1.346065 -1.902475 -0.180696 0.9162 0.9162 0.9212
v 2.745535 -1.943143 -0.188201 0.9162 0.9162 0.9212
v 3.745132 -1.972810 -0.193204 0.9162 0.9162 0.9212
v 3.945151 -1.976147 -0.195705 0.9162 0.9162 0.9212
v 4.064930 -1.984207 -0.193706 0.9162 0.9162 0.9212
v 4.165653 -1.967270 -0.205706 0.9162 0.9162 0.9212
v 4.248581 -1.892450 -0.250706 0.9162 0.9162 0.9212
v 4.308703 -1.890423 -0.253206 0.9162 0.9162 0.9212
v 4.327693 -1.917151 -0.238207 0.9162 0.9162 0.9212
v 4.285565 -1.971868 -0.205706 0.9162 0.9162 0.9212
v 0.865936 -1.896641 -0.157640 0.9162 0.9162 0.9212
v 1.346338 -1.895353 -0.161115 0.9162 0.9162 0.9212
v 2.745876 -1.934241 -0.163724 0.9162 0.9162 0.9212
v 3.745519 -1.962721 -0.165464 0.9162 0.9162 0.9212
v 3.945561 -1.965464 -0.166333 0.9162 0.9162 0.9212
v 4.065322 -1.973999 -0.165639 0.9162 0.9162 0.9212
v 4.166154 -1.954213 -0.169807 0.9162 0.9162 0.9212
v 4.249492 -1.868711 -0.185436 0.9162 0.9162 0.9212
v 4.309636 -1.866090 -0.186304 0.9162 0.9162 0.9212
v 4.328489 -1.896379 -0.181095 0.9162 0.9162 0.9212
v 4.286066 -1.958812 -0.169808 0.9162 0.9162 0.9212
v 0.865936 -1.896641 -0.143748 0.9162 0.9162 0.9212
v 1.346339 -1.895353 -0.140277 0.9162 0.9162 0.9212
v 2.745876 -1.934241 -0.137677 0.9162 0.9162 0.9212
v 3.745519 -1.962721 -0.135944 0.9162 0.9162 0.9212
v 3.945561 -1.965464 -0.135077 0.9162 0.9162 0.9212
v 4.065322 -1.973999 -0.135772 0.9162 0.9162 0.9212
v 4.166154 -1.954213 -0.131605 0.9162 0.9162 0.9212
v 4.249492 -1.868711 -0.115977 0.9162 0.9162 0.9212
v 4.309637 -1.866090 -0.115109 0.9162 0.9162 0.9212
v 4.328489 -1.896379 -0.120318 0.9162 0.9162 0.9212
v 4.286066 -1.958812 -0.131605 0.9162 0.9162 0.9212
v 0.865754 -1.901389 -0.130694 0.9162 0.9162 0.9212
v 1.346065 -1.902475 -0.120696 0.9162 0.9162 0.9212
v 2.745535 -1.943143 -0.113201 0.9162 0.9162 0.9212
v 3.745132 -1.972810 -0.108204 0.9162 0.9162 0.9212
v 3.945151 -1.976147 -0.105705 0.9162 0.9162 0.9212
v 4.064930 -1.984207 -0.107706 0.9162 0.9162 0.9212
v 4.165654 -1.967270 -0.095706 0.9162 0.9162 0.9212
v 4.248582 -1.892450 -0.050706 0.9162 0.9162 0.9212
v 4.308703 -1.890423 -0.048206 0.9162 0.9162 0.9212
v 4.327693 -1.917151 -0.063207 0.9162 0.9162 0.9212
v 4.285565 -1.971868 -0.095706 0.9162 0.9162 0.9212
v 0.865412 -1.910312 -0.120052 0.9162 0.9162 0.9212
v 1.345552 -1.915860 -0.104733 0.9162 0.9162 0.9212
v 2.744894 -1.959874 -0.093247 0.9162 0.9162 0.9212
v 3.744405 -1.991771 -0.085591 0.9162 0.9162 0.9212
v 3.944382 -1.996224 -0.081761 0.9162 0.9162 0.9212
v 4.064195 -2.003392 -0.084826 0.9162 0.9162 0.9212
v 4.164713 -1.991808 -0.066441 0.9162 0.9162 0.9212
v 4.246871 -1.937065 0.002503 0.9162 0.9162 0.9212
v 4.306950 -1.936153 0.006333 0.9162 0.9162 0.9212
v 4.326196 -1.956189 -0.016649 0.9162 0.9162 0.9212
v 4.284625 -1.996406 -0.066441 0.9162 0.9162 0.9212
v 0.864951 -1.922334 -0.113106 0.9162 0.9162 0.9212
v 1.344861 -1.933892 -0.094314 0.9162 0.9162 0.9212
v 2.744029 -1.982415 -0.080224 0.9162 0.9162 0.9212
v 3.743426 -2.017318 -0.070831 0.9162 0.9162 0.9212
v 3.943344 -2.023273 -0.066133 0.9162 0.9162 0.9212
v 4.063204 -2.029238 -0.069892 0.9162 0.9162 0.9212
v 4.163445 -2.024868 -0.047340 0.9162 0.9162 0.9212
v 4.244566 -1.997175 0.037232 0.9162 0.9162 0.9212
v 4.304587 -1.997765 0.041931 0.9162 0.9162 0.9212
v 4.324180 -2.008784 0.013740 0.9162 0.9162 0.9212
v 4.283357 -2.029467 -0.047340 0.9162 0.9162 0.9212
v 0.864427 -1.936005 -0.110694 0.9162 0.9162 0.9212
v 1.344074 -1.954399 -0.090696 0.9162 0.9162 0.9212
v 2.743046 -2.008047 -0.075701 0.9162 0.9162 0.9212
v 3.742312 -2.046368 -0.065704 0.9162 0.9162 0.9212
v 3.942165 -2.054032 -0.060705 0.9162 0.9162 0.9212
v 4.062077 -2.058630 -0.064706 0.9162 0.9162 0.9212
v 4.162004 -2.062463 -0.040706 0.9162 0.9162 0.9212
v 4.241945 -2.065528 0.049294 0.9162 0.9162 0.9212
v 4.301901 -2.067827 0.054294 0.9162 0.9162 0.9212
v 4.321886 -2.068594 0.024293 0.9162 0.9162 0.9212
v 4.281915 -2.067061 -0.040706 0.9162 0.9162 0.9212
v 0.863903 -1.949675 -0.113106 0.9162 0.9162 0.9212
v 1.343288 -1.974905 -0.094314 0.9162 0.9162 0.9212
v 2.742063 -2.033680 -0.080224 0.9162 0.9162 0.9212
v 3.741198 -2.075418 -0.070831 0.9162 0.9162 0.9212
v 3.940985 -2.084791 -0.066133 0.9162 0.9162 0.9212
v 4.060949 -2.088023 -0.069892 0.9162 0.9162 0.9212
v 4.160562 -2.100057 -0.047340 0.9162 0.9162 0.9212
v 4.239324 -2.133882 0.037232 0.9162 0.9162 0.9212
v 4.299214 -2.137890 0.041931 0.9162 0.9162 0.9212
v 4.319592 -2.128403 0.013740 0.9162 0.9162 0.9212
v 4.280473 -2.104656 -0.047340 0.9162 0.9162 0.9212
v 0.863442 -1.961697 -0.120052 0.9162 0.9162 0.9212
v 1.342596 -1.992937 -0.104733 0.9162 0.9162 0.9212
v 2.741199 -2.056221 -0.093247 0.9162 0.9162 0.9212
v 3.740218 -2.100965 -0.085591 0.9162 0.9162 0.9212
v 3.939948 -2.111840 -0.081761 0.9162 0.9162 0.9212
v 4.059958 -2.113870 -0.084826 0.9162 0.9162 0.9212
v 4.159294 -2.133117 -0.066441 0.9162 0.9162 0.9212
v 4.237018 -2.193991 0.002503 0.9162 0.9162 0.9212
v 4.296851 -2.199502 0.006333 0.9162 0.9162 0.9212
v 4.317575 -2.180999 -0.016649 0.9162 0.9162 0.9212
v 4.279205 -2.137716 -0.066441 0.9162 0.9162 0.9212
v 0.863099 -1.970620 -0.130694 0.9162 0.9162 0.9212
v 1.342083 -2.006322 -0.120696 0.9162 0.9162 0.9212
v 2.740557 -2.072952 -0.113201 0.9162 0.9162 0.9212
v 3.739491 -2.119926 -0.108204 0.9162 0.9162 0.9212
v 3.939178 -2.131917 -0.105705 0.9162 0.9162 0.9212
v 4.059222 -2.133054 -0.107706 0.9162 0.9162 0.9212
v 4.158353 -2.157655 -0.095706 0.9162 0.9162 0.9212
v 4.235307 -2.238606 -0.050706 0.9162 0.9162 0.9212
v 4.295097 -2.245232 -0.048206 0.9162 0.9162 0.9212
v 4.316078 -2.220037 -0.063207 0.9162 0.9162 0.9212
v 4.278264 -2.162254 -0.095706 0.9162 0.9162 0.9212
v 0.862917 -1.975368 -0.143748 0.9162 0.9162 0.9212
v 1.341810 -2.013443 -0.140277 0.9162 0.9162 0.9212
v 2.740216 -2.081854 -0.137677 0.9162 0.9162 0.9212
v 3.739104 -2.130015 -0.135944 0.9162 0.9162 0.9212
v 3.938768 -2.142600 -0.135077 0.9162 0.9162 0.9212
v 4.058831 -2.143262 -0.135772 0.9162 0.9162 0.9212
v 4.157852 -2.170712 -0.131605 0.9162 0.9162 0.9212
v 4.234396 -2.262345 -0.115977 0.9162 0.9162 0.9212
v 4.294164 -2.269565 -0.115109 0.9162 0.9162 0.9212
v 4.315281 -2.240809 -0.120318 0.9162 0.9162 0.9212
v 4.277763 -2.175310 -0.131605 0.9162 0.9162 0.9212
v 0.862917 -1.975368 -0.157640 0.9162 0.9162 0.9212
v 1.341810 -2.013443 -0.161115 0.9162 0.9162 0.9212
v 2.740215 -2.081854 -0.163724 0.9162 0.9162 0.9212
v 3.739104 -2.130015 -0.165465 0.9162 0.9162 0.9212
v 3.938768 -2.142600 -0.166333 0.9162 0.9162 0.9212
v 4.058831 -2.143262 -0.165639 0.9162 0.9162 0.9212
v 4.157852 -2.170712 -0.169807 0.9162 0.9162 0.9212
v 4.234396 -2.262345 -0.185436 0.9162 0.9162 0.9212
v 4.294163 -2.269565 -0.186304 0.9162 0.9162 0.9212
v 4.315281 -2.240809 -0.181095 0.9162 0.9162 0.9212
v 4.277763 -2.175310 -0.169808 0.9162 0.9162 0.9212
v 0.863099 -1.970620 -0.170694 0.9162 0.9162 0.9212
v 1.342083 -2.006322 -0.180696 0.9162 0.9162 0.9212
v 2.740557 -2.072952 -0.188201 0.9162 0.9162 0.9212
v 3.739491 -2.119926 -0.193204 0.9162 0.9162 0.9212
v 3.939178 -2.131917 -0.195705 0.9162 0.9162 0.9212
v 4.059222 -2.133054 -0.193706 0.9162 0.9162 0.9212
v 4.158352 -2.157655 -0.205706 0.9162 0.9162 0.9212
v 4.235306 -2.238606 -0.250706 0.9162 0.9162 0.9212
v 4.295096 -2.245232 -0.253206 0.9162 0.9162 0.9212
v 4.316077 -2.220037 -0.238206 0.9162 0.9162 0.9212
v 4.278264 -2.162254 -0.205706 0.9162 0.9162 0.9212
v 0.863441 -1.961697 -0.181336 0.9162 0.9162 0.9212
v 1.342596 -1.992937 -0.196658 0.9162 0.9162 0.9212
v 2.741198 -2.056221 -0.208154 0.9162 0.9162 0.9212
v 3.740217 -2.100965 -0.215818 0.9162 0.9162 0.9212
v 3.939947 -2.111840 -0.219649 0.9162 0.9162 0.9212
v 4.059958 -2.113870 -0.216585 0.9162 0.9162 0.9212
v 4.159293 -2.133117 -0.234971 0.9162 0.9162 0.9212
v 4.237017 -2.193991 -0.303915 0.9162 0.9162 0.9212
v 4.296850 -2.199502 -0.307746 0.9162 0.9162 0.9212
v 4.317574 -2.180999 -0.284764 0.9162 0.9162 0.9212
v 4.279205 -2.137716 -0.234971 0.9162 0.9162 0.9212
v 0.863902 -1.949675 -0.188282 0.9162 0.9162 0.9212
v 1.343288 -1.974905 -0.207077 0.9162 0.9162 0.9212
v 2.742063 -2.033680 -0.221178 0.9162 0.9162 0.9212
v 3.741197 -2.075418 -0.230578 0.9162 0.9162 0.9212
v 3.940984 -2.084791 -0.235277 0.9162 0.9162 0.9212
v 4.060949 -2.088023 -0.231519 0.9162 0.9162 0.9212
v 4.160561 -2.100057 -0.254072 0.9162 0.9162 0.9212
v 4.239322 -2.133882 -0.338645 0.9162 0.9162 0.9212
v 4.299212 -2.137890 -0.343343 0.9162 0.9162 0.9212
v 4.319591 -2.128403 -0.315153 0.9162 0.9162 0.9212
v 4.280473 -2.104656 -0.254073 0.9162 0.9162 0.9212
v 2.743046 -2.008047 -0.225701 0.9162 0.9162 0.9212
v 4.062076 -2.058630 -0.236706 0.9162 0.9162 0.9212
v 4.321885 -2.068594 -0.325706 0.9162 0.9162 0.9212
v 4.281914 -2.067061 -0.260706 0.9162 0.9162 0.9212
v 4.351476 -1.598220 -0.124794 0.9162 0.9162 0.9212
v 4.231853 -1.607724 -0.084794 0.9162 0.9162 0.9212
v 3.753361 -1.645744 -0.064796 0.9162 0.9162 0.9212
v 1.360901 -1.835840 -0.039804 0.9162 0.9162 0.9212
v 1.161530 -1.851682 -0.034805 0.9162 0.9162 0.9212
v 0.942221 -1.869107 -0.014806 0.9162 0.9162 0.9212
v 0.862472 -1.875444 0.075194 0.9162 0.9162 0.9212
v 0.802660 -1.880196 0.080194 0.9162 0.9162 0.9212
v 0.862473 -1.875444 -0.124806 0.9162 0.9162 0.9212
v 4.230769 -1.594087 -0.087206 0.9162 0.9162 0.9212
v 3.751736 -1.625287 -0.068414 0.9162 0.9162 0.9212
v 2.355728 -1.731063 -0.054324 0.9162 0.9162 0.9212
v 1.358599 -1.806860 -0.044931 0.9162 0.9162 0.9212
v 1.159091 -1.820997 -0.040233 0.9162 0.9162 0.9212
v 1.039577 -1.831865 -0.043992 0.9162 0.9162 0.9212
v 0.939241 -1.831603 -0.021440 0.9162 0.9162 0.9212
v 0.857054 -1.807255 0.063132 0.9162 0.9162 0.9212
v 0.797107 -1.810302 0.067831 0.9162 0.9162 0.9212
v 0.777982 -1.822115 0.039640 0.9162 0.9162 0.9212
v 0.819618 -1.841108 -0.021440 0.9162 0.9162 0.9212
v 4.229816 -1.582094 -0.094152 0.9162 0.9162 0.9212
v 3.750306 -1.607298 -0.078833 0.9162 0.9162 0.9212
v 2.353941 -1.708576 -0.067347 0.9162 0.9162 0.9212
v 1.356574 -1.781375 -0.059691 0.9162 0.9162 0.9212
v 1.156947 -1.794013 -0.055861 0.9162 0.9162 0.9212
v 1.037528 -1.806081 -0.058926 0.9162 0.9162 0.9212
v 0.936620 -1.798623 -0.040541 0.9162 0.9162 0.9212
v 0.852289 -1.747290 0.028403 0.9162 0.9162 0.9212
v 0.792223 -1.748839 0.032233 0.9162 0.9162 0.9212
v 0.773814 -1.769646 0.009251 0.9162 0.9162 0.9212
v 0.816997 -1.808128 -0.040541 0.9162 0.9162 0.9212
v 4.229109 -1.573192 -0.104794 0.9162 0.9162 0.9212
v 3.749245 -1.593946 -0.094796 0.9162 0.9162 0.9212
v 2.352615 -1.691886 -0.087301 0.9162 0.9162 0.9212
v 1.355071 -1.762460 -0.082304 0.9162 0.9162 0.9212
v 1.155356 -1.773984 -0.079805 0.9162 0.9162 0.9212
v 1.036008 -1.786942 -0.081806 0.9162 0.9162 0.9212
v 0.934675 -1.774144 -0.069806 0.9162 0.9162 0.9212
v 0.848753 -1.702783 -0.024806 0.9162 0.9162 0.9212
v 0.788599 -1.703219 -0.022306 0.9162 0.9162 0.9212
v 0.770719 -1.730702 -0.037306 0.9162 0.9162 0.9212
v 0.815053 -1.783649 -0.069806 0.9162 0.9162 0.9212
v 4.228733 -1.568456 -0.117848 0.9162 0.9162 0.9212
v 3.748681 -1.586841 -0.114377 0.9162 0.9162 0.9212
v 2.351909 -1.683005 -0.111777 0.9162 0.9162 0.9212
v 1.354271 -1.752395 -0.110044 0.9162 0.9162 0.9212
v 1.154510 -1.763328 -0.109177 0.9162 0.9162 0.9212
v 1.035199 -1.776759 -0.109872 0.9162 0.9162 0.9212
v 0.933641 -1.761119 -0.105705 0.9162 0.9162 0.9212
v 0.846872 -1.679101 -0.090077 0.9162 0.9162 0.9212
v 0.786670 -1.678945 -0.089209 0.9162 0.9162 0.9212
v 0.769073 -1.709981 -0.094418 0.9162 0.9162 0.9212
v 0.814018 -1.770624 -0.105705 0.9162 0.9162 0.9212
v 4.228733 -1.568456 -0.131740 0.9162 0.9162 0.9212
v 3.748681 -1.586841 -0.135215 0.9162 0.9162 0.9212
v 2.351910 -1.683005 -0.137824 0.9162 0.9162 0.9212
v 1.354271 -1.752395 -0.139564 0.9162 0.9162 0.9212
v 1.154510 -1.763328 -0.140433 0.9162 0.9162 0.9212
v 1.035199 -1.776759 -0.139739 0.9162 0.9162 0.9212
v 0.933641 -1.761119 -0.143907 0.9162 0.9162 0.9212
v 0.846872 -1.679101 -0.159536 0.9162 0.9162 0.9212
v 0.786670 -1.678945 -0.160404 0.9162 0.9162 0.9212
v 0.769073 -1.709981 -0.155195 0.9162 0.9162 0.9212
v 0.814018 -1.770624 -0.143908 0.9162 0.9162 0.9212
v 4.229109 -1.573192 -0.144794 0.9162 0.9162 0.9212
v 3.749246 -1.593946 -0.154796 0.9162 0.9162 0.9212
v 2.352615 -1.691886 -0.162301 0.9162 0.9162 0.9212
v 1.355071 -1.762460 -0.167304 0.9162 0.9162 0.9212
v 1.155357 -1.773984 -0.169805 0.9162 0.9162 0.9212
v 1.036008 -1.786942 -0.167806 0.9162 0.9162 0.9212
v 0.934676 -1.774144 -0.179806 0.9162 0.9162 0.9212
v 0.848754 -1.702783 -0.224806 0.9162 0.9162 0.9212
v 0.788599 -1.703219 -0.227306 0.9162 0.9162 0.9212
v 0.770720 -1.730702 -0.212306 0.9162 0.9162 0.9212
v 0.815053 -1.783649 -0.179806 0.9162 0.9162 0.9212
v 4.229816 -1.582094 -0.155436 0.9162 0.9162 0.9212
v 3.750307 -1.607298 -0.170758 0.9162 0.9162 0.9212
v 2.353941 -1.708576 -0.182254 0.9162 0.9162 0.9212
v 1.356574 -1.781375 -0.189918 0.9162 0.9162 0.9212
v 1.156948 -1.794013 -0.193749 0.9162 0.9162 0.9212
v 1.037529 -1.806081 -0.190685 0.9162 0.9162 0.9212
v 0.936621 -1.798623 -0.209071 0.9162 0.9162 0.9212
v 0.852290 -1.747290 -0.278015 0.9162 0.9162 0.9212
v 0.792224 -1.748839 -0.281846 0.9162 0.9162 0.9212
v 0.773815 -1.769646 -0.258864 0.9162 0.9162 0.9212
v 0.816998 -1.808128 -0.209071 0.9162 0.9162 0.9212
v 4.230770 -1.594087 -0.162382 0.9162 0.9162 0.9212
v 3.751736 -1.625287 -0.181177 0.9162 0.9162 0.9212
v 2.355728 -1.731063 -0.195278 0.9162 0.9162 0.9212
v 1.358599 -1.806860 -0.204678 0.9162 0.9162 0.9212
v 1.159092 -1.820997 -0.209377 0.9162 0.9162 0.9212
v 1.039578 -1.831865 -0.205619 0.9162 0.9162 0.9212
v 0.939242 -1.831603 -0.228172 0.9162 0.9162 0.9212
v 0.857055 -1.807255 -0.312745 0.9162 0.9162 0.9212
v 0.797108 -1.810302 -0.317443 0.9162 0.9162 0.9212
v 0.777984 -1.822115 -0.289253 0.9162 0.9162 0.9212
v 0.819619 -1.841108 -0.228173 0.9162 0.9162 0.9212
v 4.231853 -1.607724 -0.164794 0.9162 0.9162 0.9212
v 3.753361 -1.645744 -0.184796 0.9162 0.9162 0.9212
v 2.357760 -1.756634 -0.199801 0.9162 0.9162 0.9212
v 1.360902 -1.835840 -0.209804 0.9162 0.9162 0.9212
v 1.161530 -1.851682 -0.214805 0.9162 0.9162 0.9212
v 1.041907 -1.861187 -0.210806 0.9162 0.9162 0.9212
v 0.942221 -1.869107 -0.234806 0.9162 0.9162 0.9212
v 0.862473 -1.875444 -0.324806 0.9162 0.9162 0.9212
v 0.802662 -1.880196 -0.329806 0.9162 0.9162 0.9212
v 0.782724 -1.881780 -0.299806 0.9162 0.9162 0.9212
v 0.822599 -1.878612 -0.234806 0.9162 0.9162 0.9212
v 4.232937 -1.621362 -0.162382 0.9162 0.9162 0.9212
v 3.754987 -1.666201 -0.181177 0.9162 0.9162 0.9212
v 2.359792 -1.782204 -0.195278 0.9162 0.9162 0.9212
v 1.363205 -1.864821 -0.204678 0.9162 0.9162 0.9212
v 1.163968 -1.882367 -0.209377 0.9162 0.9162 0.9212
v 1.044237 -1.890508 -0.205619 0.9162 0.9162 0.9212
v 0.945201 -1.906611 -0.228172 0.9162 0.9162 0.9212
v 0.867891 -1.943633 -0.312745 0.9162 0.9162 0.9212
v 0.808215 -1.950090 -0.317443 0.9162 0.9162 0.9212
v 0.787465 -1.941446 -0.289253 0.9162 0.9162 0.9212
v 0.825579 -1.916116 -0.228172 0.9162 0.9162 0.9212
v 4.233890 -1.633355 -0.155436 0.9162 0.9162 0.9212
v 3.756416 -1.684190 -0.170758 0.9162 0.9162 0.9212
v 2.361578 -1.804691 -0.182254 0.9162 0.9162 0.9212
v 1.365229 -1.890306 -0.189918 0.9162 0.9162 0.9212
v 1.166112 -1.909351 -0.193749 0.9162 0.9162 0.9212
v 1.046286 -1.916293 -0.190685 0.9162 0.9162 0.9212
v 0.947822 -1.939592 -0.209071 0.9162 0.9162 0.9212
v 0.872656 -2.003597 -0.278015 0.9162 0.9162 0.9212
v 0.813099 -2.011554 -0.281846 0.9162 0.9162 0.9212
v 0.791634 -1.993915 -0.258864 0.9162 0.9162 0.9212
v 0.828199 -1.949097 -0.209071 0.9162 0.9162 0.9212
v 4.234597 -1.642257 -0.144794 0.9162 0.9162 0.9212
v 3.757477 -1.697542 -0.154796 0.9162 0.9162 0.9212
v 2.362905 -1.821381 -0.162301 0.9162 0.9162 0.9212
v 1.366732 -1.909221 -0.167304 0.9162 0.9162 0.9212
v 1.167704 -1.929379 -0.169805 0.9162 0.9162 0.9212
v 1.047806 -1.935431 -0.167806 0.9162 0.9162 0.9212
v 0.949767 -1.964071 -0.179806 0.9162 0.9162 0.9212
v 0.876192 -2.048105 -0.224806 0.9162 0.9162 0.9212
v 0.816723 -2.057174 -0.227306 0.9162 0.9162 0.9212
v 0.794728 -2.032859 -0.212306 0.9162 0.9162 0.9212
v 0.830144 -1.973576 -0.179806 0.9162 0.9162 0.9212
v 4.234973 -1.646993 -0.131740 0.9162 0.9162 0.9212
v 3.758041 -1.704647 -0.135215 0.9162 0.9162 0.9212
v 2.363610 -1.830262 -0.137824 0.9162 0.9162 0.9212
v 1.367532 -1.919286 -0.139564 0.9162 0.9162 0.9212
v 1.168550 -1.940036 -0.140433 0.9162 0.9162 0.9212
v 1.048615 -1.945614 -0.139739 0.9162 0.9162 0.9212
v 0.950801 -1.977096 -0.143907 0.9162 0.9162 0.9212
v 0.878073 -2.071787 -0.159536 0.9162 0.9162 0.9212
v 0.818652 -2.081448 -0.160404 0.9162 0.9162 0.9212
v 0.796375 -2.053580 -0.155195 0.9162 0.9162 0.9212
v 0.831179 -1.986601 -0.143908 0.9162 0.9162 0.9212
v 4.234973 -1.646993 -0.117848 0.9162 0.9162 0.9212
v 3.758041 -1.704647 -0.114377 0.9162 0.9162 0.9212
v 2.363610 -1.830262 -0.111777 0.9162 0.9162 0.9212
v 1.367532 -1.919286 -0.110044 0.9162 0.9162 0.9212
v 1.168550 -1.940036 -0.109177 0.9162 0.9162 0.9212
v 1.048615 -1.945614 -0.109872 0.9162 0.9162 0.9212
v 0.950801 -1.977096 -0.105705 0.9162 0.9162 0.9212
v 0.878073 -2.071787 -0.090076 0.9162 0.9162 0.9212
v 0.818652 -2.081448 -0.089208 0.9162 0.9162 0.9212
v 0.796374 -2.053580 -0.094418 0.9162 0.9162 0.9212
v 0.831179 -1.986601 -0.105705 0.9162 0.9162 0.9212
v 4.234597 -1.642257 -0.104794 0.9162 0.9162 0.9212
v 3.757477 -1.697542 -0.094796 0.9162 0.9162 0.9212
v 2.362904 -1.821381 -0.087301 0.9162 0.9162 0.9212
v 1.366732 -1.909221 -0.082304 0.9162 0.9162 0.9212
v 1.167703 -1.929379 -0.079805 0.9162 0.9162 0.9212
v 1.047806 -1.935431 -0.081806 0.9162 0.9162 0.9212
v 0.949766 -1.964071 -0.069806 0.9162 0.9162 0.9212
v 0.876191 -2.048105 -0.024806 0.9162 0.9162 0.9212
v 0.816723 -2.057174 -0.022306 0.9162 0.9162 0.9212
v 0.794728 -2.032859 -0.037306 0.9162 0.9162 0.9212
v 0.830143 -1.973576 -0.069806 0.9162 0.9162 0.9212
v 4.233890 -1.633355 -0.094152 0.9162 0.9162 0.9212
v 3.756416 -1.684190 -0.078833 0.9162 0.9162 0.9212
v 2.361578 -1.804691 -0.067347 0.9162 0.9162 0.9212
v 1.365229 -1.890306 -0.059691 0.9162 0.9162 0.9212
v 1.166112 -1.909351 -0.055861 0.9162 0.9162 0.9212
v 1.046285 -1.916293 -0.058926 0.9162 0.9162 0.9212
v 0.947821 -1.939592 -0.040541 0.9162 0.9162 0.9212
v 0.872655 -2.003597 0.028403 0.9162 0.9162 0.9212
v 0.813098 -2.011554 0.032233 0.9162 0.9162 0.9212
v 0.791633 -1.993915 0.009251 0.9162 0.9162 0.9212
v 0.828198 -1.949097 -0.040541 0.9162 0.9162 0.9212
v 4.232937 -1.621362 -0.087206 0.9162 0.9162 0.9212
v 3.754986 -1.666201 -0.068414 0.9162 0.9162 0.9212
v 2.359791 -1.782204 -0.054324 0.9162 0.9162 0.9212
v 1.363204 -1.864821 -0.044931 0.9162 0.9162 0.9212
v 1.163968 -1.882367 -0.040233 0.9162 0.9162 0.9212
v 1.044237 -1.890508 -0.043992 0.9162 0.9162 0.9212
v 0.945201 -1.906611 -0.021440 0.9162 0.9162 0.9212
v 0.867890 -1.943633 0.063132 0.9162 0.9162 0.9212
v 0.808214 -1.950090 0.067831 0.9162 0.9162 0.9212
v 0.787464 -1.941446 0.039640 0.9162 0.9162 0.9212
v 0.825578 -1.916116 -0.021440 0.9162 0.9162 0.9212
v 2.357759 -1.756634 -0.049801 0.9162 0.9162 0.9212
v 1.041907 -1.861187 -0.038806 0.9162 0.9162 0.9212
v 0.782723 -1.881780 0.050193 0.9162 0.9162 0.9212
v 0.822598 -1.878612 -0.014806 0.9162 0.9162 0.9212
v 0.900930 -1.611519 -0.120494 0.9162 0.9162 0.9212
v 1.020653 -1.603373 -0.160494 0.9162 0.9162 0.9212
v 1.499545 -1.570786 -0.180496 0.9162 0.9162 0.9212
v 3.894008 -1.407856 -0.205504 0.9162 0.9162 0.9212
v 4.093547 -1.394278 -0.210505 0.9162 0.9162 0.9212
v 4.313039 -1.379343 -0.230506 0.9162 0.9162 0.9212
v 4.392854 -1.373912 -0.320506 0.9162 0.9162 0.9212
v 4.452716 -1.369839 -0.325506 0.9162 0.9162 0.9212
v 4.392855 -1.373912 -0.120506 0.9162 0.9162 0.9212
v 1.019724 -1.589723 -0.158082 0.9162 0.9162 0.9212
v 1.498152 -1.550313 -0.176877 0.9162 0.9162 0.9212
v 2.894574 -1.450151 -0.190978 0.9162 0.9162 0.9212
v 3.892035 -1.378851 -0.200378 0.9162 0.9162 0.9212
v 4.091457 -1.363567 -0.205077 0.9162 0.9162 0.9212
v 4.211273 -1.356786 -0.201319 0.9162 0.9162 0.9212
v 4.310485 -1.341808 -0.223872 0.9162 0.9162 0.9212
v 4.388210 -1.305666 -0.308445 0.9162 0.9162 0.9212
v 4.447956 -1.299886 -0.313143 0.9162 0.9162 0.9212
v 4.468606 -1.308766 -0.284953 0.9162 0.9162 0.9212
v 4.430208 -1.333661 -0.223873 0.9162 0.9162 0.9212
v 1.018907 -1.577720 -0.151136 0.9162 0.9162 0.9212
v 1.496927 -1.532308 -0.166458 0.9162 0.9162 0.9212
v 2.893043 -1.427646 -0.177954 0.9162 0.9162 0.9212
v 3.890299 -1.353345 -0.185618 0.9162 0.9162 0.9212
v 4.089620 -1.336561 -0.189449 0.9162 0.9162 0.9212
v 4.209517 -1.330980 -0.186385 0.9162 0.9162 0.9212
v 4.308239 -1.308800 -0.204771 0.9162 0.9162 0.9212
v 4.384127 -1.245651 -0.273715 0.9162 0.9162 0.9212
v 4.443770 -1.238371 -0.277546 0.9162 0.9162 0.9212
v 4.465034 -1.256253 -0.254564 0.9162 0.9162 0.9212
v 4.427962 -1.300653 -0.204771 0.9162 0.9162 0.9212
v 1.018301 -1.568811 -0.140494 0.9162 0.9162 0.9212
v 1.496018 -1.518945 -0.150496 0.9162 0.9162 0.9212
v 2.891906 -1.410941 -0.158001 0.9162 0.9162 0.9212
v 3.889011 -1.334414 -0.163004 0.9162 0.9162 0.9212
v 4.088256 -1.316516 -0.165505 0.9162 0.9162 0.9212
v 4.208214 -1.311825 -0.163506 0.9162 0.9162 0.9212
v 4.306572 -1.284300 -0.175506 0.9162 0.9162 0.9212
v 4.381096 -1.201107 -0.220506 0.9162 0.9162 0.9212
v 4.440663 -1.192713 -0.223006 0.9162 0.9162 0.9212
v 4.462381 -1.217276 -0.208006 0.9162 0.9162 0.9212
v 4.426295 -1.276153 -0.175506 0.9162 0.9162 0.9212
v 1.017979 -1.564071 -0.127440 0.9162 0.9162 0.9212
v 1.495534 -1.511834 -0.130915 0.9162 0.9162 0.9212
v 2.891301 -1.402053 -0.133524 0.9162 0.9162 0.9212
v 3.888326 -1.324340 -0.135264 0.9162 0.9162 0.9212
v 4.087530 -1.305850 -0.136133 0.9162 0.9162 0.9212
v 4.207520 -1.301634 -0.135439 0.9162 0.9162 0.9212
v 4.305686 -1.271264 -0.139607 0.9162 0.9162 0.9212
v 4.379484 -1.177405 -0.155236 0.9162 0.9162 0.9212
v 4.439011 -1.168419 -0.156104 0.9162 0.9162 0.9212
v 4.460970 -1.196537 -0.150895 0.9162 0.9162 0.9212
v 4.425408 -1.263118 -0.139608 0.9162 0.9162 0.9212
v 1.017979 -1.564071 -0.113548 0.9162 0.9162 0.9212
v 1.495534 -1.511834 -0.110077 0.9162 0.9162 0.9212
v 2.891301 -1.402053 -0.107477 0.9162 0.9162 0.9212
v 3.888326 -1.324340 -0.105744 0.9162 0.9162 0.9212
v 4.087530 -1.305850 -0.104877 0.9162 0.9162 0.9212
v 4.207520 -1.301634 -0.105572 0.9162 0.9162 0.9212
v 4.305686 -1.271264 -0.101405 0.9162 0.9162 0.9212
v 4.379484 -1.177405 -0.085777 0.9162 0.9162 0.9212
v 4.439011 -1.168419 -0.084908 0.9162 0.9162 0.9212
v 4.460970 -1.196537 -0.090118 0.9162 0.9162 0.9212
v 4.425408 -1.263118 -0.101405 0.9162 0.9162 0.9212
v 1.018301 -1.568811 -0.100494 0.9162 0.9162 0.9212
v 1.496018 -1.518945 -0.090496 0.9162 0.9162 0.9212
v 2.891906 -1.410941 -0.083001 0.9162 0.9162 0.9212
v 3.889011 -1.334414 -0.078004 0.9162 0.9162 0.9212
v 4.088256 -1.316516 -0.075505 0.9162 0.9162 0.9212
v 4.208214 -1.311825 -0.077506 0.9162 0.9162 0.9212
v 4.306573 -1.284300 -0.065506 0.9162 0.9162 0.9212
v 4.381097 -1.201106 -0.020506 0.9162 0.9162 0.9212
v 4.440664 -1.192713 -0.018006 0.9162 0.9162 0.9212
v 4.462382 -1.217276 -0.033006 0.9162 0.9162 0.9212
v 4.426296 -1.276153 -0.065506 0.9162 0.9162 0.9212
v 1.018908 -1.577720 -0.089852 0.9162 0.9162 0.9212
v 1.496927 -1.532308 -0.074533 0.9162 0.9162 0.9212
v 2.893043 -1.427646 -0.063047 0.9162 0.9162 0.9212
v 3.890300 -1.353345 -0.055391 0.9162 0.9162 0.9212
v 4.089620 -1.336561 -0.051561 0.9162 0.9162 0.9212
v 4.209517 -1.330980 -0.054626 0.9162 0.9162 0.9212
v 4.308240 -1.308800 -0.036241 0.9162 0.9162 0.9212
v 4.384128 -1.245651 0.032703 0.9162 0.9162 0.9212
v 4.443771 -1.238371 0.036533 0.9162 0.9162 0.9212
v 4.465034 -1.256253 0.013551 0.9162 0.9162 0.9212
v 4.427963 -1.300653 -0.036241 0.9162 0.9162 0.9212
v 1.019724 -1.589723 -0.082906 0.9162 0.9162 0.9212
v 1.498152 -1.550313 -0.064114 0.9162 0.9162 0.9212
v 2.894574 -1.450151 -0.050024 0.9162 0.9162 0.9212
v 3.892035 -1.378851 -0.040631 0.9162 0.9162 0.9212
v 4.091458 -1.363567 -0.035933 0.9162 0.9162 0.9212
v 4.211274 -1.356786 -0.039692 0.9162 0.9162 0.9212
v 4.310486 -1.341808 -0.017140 0.9162 0.9162 0.9212
v 4.388212 -1.305666 0.067432 0.9162 0.9162 0.9212
v 4.447957 -1.299886 0.072131 0.9162 0.9162 0.9212
v 4.468607 -1.308766 0.043940 0.9162 0.9162 0.9212
v 4.430209 -1.333661 -0.017140 0.9162 0.9162 0.9212
v 1.020653 -1.603373 -0.080494 0.9162 0.9162 0.9212
v 1.499546 -1.570786 -0.060496 0.9162 0.9162 0.9212
v 2.896316 -1.475744 -0.045501 0.9162 0.9162 0.9212
v 3.894009 -1.407856 -0.035504 0.9162 0.9162 0.9212
v 4.093547 -1.394278 -0.030505 0.9162 0.9162 0.9212
v 4.213271 -1.386132 -0.034506 0.9162 0.9162 0.9212
v 4.313040 -1.379343 -0.010506 0.9162 0.9162 0.9212
v 4.392856 -1.373912 0.079494 0.9162 0.9162 0.9212
v 4.452717 -1.369839 0.084494 0.9162 0.9162 0.9212
v 4.472671 -1.368481 0.054493 0.9162 0.9162 0.9212
v 4.432763 -1.371196 -0.010506 0.9162 0.9162 0.9212
v 1.021582 -1.617022 -0.082906 0.9162 0.9162 0.9212
v 1.500939 -1.591260 -0.064114 0.9162 0.9162 0.9212
v 2.898057 -1.501336 -0.050024 0.9162 0.9162 0.9212
v 3.895982 -1.436860 -0.040631 0.9162 0.9162 0.9212
v 4.095637 -1.424989 -0.035933 0.9162 0.9162 0.9212
v 4.215267 -1.415478 -0.039692 0.9162 0.9162 0.9212
v 4.315594 -1.416878 -0.017140 0.9162 0.9162 0.9212
v 4.397500 -1.442158 0.067432 0.9162 0.9162 0.9212
v 4.457477 -1.439791 0.072131 0.9162 0.9162 0.9212
v 4.476734 -1.428196 0.043940 0.9162 0.9162 0.9212
v 4.435317 -1.408732 -0.017140 0.9162 0.9162 0.9212
v 1.022398 -1.629025 -0.089852 0.9162 0.9162 0.9212
v 1.502164 -1.609265 -0.074533 0.9162 0.9162 0.9212
v 2.899589 -1.523841 -0.063047 0.9162 0.9162 0.9212
v 3.897718 -1.462367 -0.055391 0.9162 0.9162 0.9212
v 4.097475 -1.451996 -0.051561 0.9162 0.9162 0.9212
v 4.217023 -1.441284 -0.054626 0.9162 0.9162 0.9212
v 4.317840 -1.449886 -0.036241 0.9162 0.9162 0.9212
v 4.401583 -1.502173 0.032703 0.9162 0.9162 0.9212
v 4.461663 -1.501306 0.036533 0.9162 0.9162 0.9212
v 4.480308 -1.480709 0.013551 0.9162 0.9162 0.9212
v 4.437563 -1.441740 -0.036241 0.9162 0.9162 0.9212
v 1.023005 -1.637934 -0.100494 0.9162 0.9162 0.9212
v 1.503073 -1.622628 -0.090496 0.9162 0.9162 0.9212
v 2.900725 -1.540546 -0.083001 0.9162 0.9162 0.9212
v 3.899006 -1.481298 -0.078004 0.9162 0.9162 0.9212
v 4.098839 -1.472041 -0.075505 0.9162 0.9162 0.9212
v 4.218327 -1.460438 -0.077506 0.9162 0.9162 0.9212
v 4.319507 -1.474386 -0.065506 0.9162 0.9162 0.9212
v 4.404614 -1.546717 -0.020506 0.9162 0.9162 0.9212
v 4.464769 -1.546964 -0.018006 0.9162 0.9162 0.9212
v 4.482959 -1.519686 -0.033007 0.9162 0.9162 0.9212
v 4.439230 -1.466239 -0.065506 0.9162 0.9162 0.9212
v 1.023327 -1.642674 -0.113548 0.9162 0.9162 0.9212
v 1.503557 -1.629739 -0.110077 0.9162 0.9162 0.9212
v 2.901330 -1.549434 -0.107477 0.9162 0.9162 0.9212
v 3.899691 -1.491371 -0.105744 0.9162 0.9162 0.9212
v 4.099564 -1.482707 -0.104877 0.9162 0.9162 0.9212
v 4.219020 -1.470630 -0.105572 0.9162 0.9162 0.9212
v 4.320394 -1.487422 -0.101405 0.9162 0.9162 0.9212
v 4.406226 -1.570419 -0.085777 0.9162 0.9162 0.9212
v 4.466422 -1.571259 -0.084909 0.9162 0.9162 0.9212
v 4.484370 -1.540425 -0.090118 0.9162 0.9162 0.9212
v 4.440117 -1.479275 -0.101405 0.9162 0.9162 0.9212
v 1.023327 -1.642674 -0.127440 0.9162 0.9162 0.9212
v 1.503557 -1.629739 -0.130915 0.9162 0.9162 0.9212
v 2.901330 -1.549434 -0.133524 0.9162 0.9162 0.9212
v 3.899691 -1.491371 -0.135265 0.9162 0.9162 0.9212
v 4.099564 -1.482707 -0.136133 0.9162 0.9162 0.9212
v 4.219020 -1.470630 -0.135439 0.9162 0.9162 0.9212
v 4.320394 -1.487422 -0.139607 0.9162 0.9162 0.9212
v 4.406226 -1.570419 -0.155236 0.9162 0.9162 0.9212
v 4.466422 -1.571259 -0.156104 0.9162 0.9162 0.9212
v 4.484370 -1.540425 -0.150895 0.9162 0.9162 0.9212
v 4.440117 -1.479275 -0.139608 0.9162 0.9162 0.9212
v 1.023005 -1.637934 -0.140494 0.9162 0.9162 0.9212
v 1.503073 -1.622628 -0.150496 0.9162 0.9162 0.9212
v 2.900725 -1.540546 -0.158001 0.9162 0.9162 0.9212
v 3.899006 -1.481298 -0.163004 0.9162 0.9162 0.9212
v 4.098838 -1.472041 -0.165505 0.9162 0.9162 0.9212
v 4.218326 -1.460438 -0.163506 0.9162 0.9162 0.9212
v 4.319507 -1.474386 -0.175506 0.9162 0.9162 0.9212
v 4.404613 -1.546717 -0.220506 0.9162 0.9162 0.9212
v 4.464768 -1.546964 -0.223006 0.9162 0.9162 0.9212
v 4.482959 -1.519686 -0.208006 0.9162 0.9162 0.9212
v 4.439229 -1.466239 -0.175506 0.9162 0.9162 0.9212
v 1.022398 -1.629025 -0.151136 0.9162 0.9162 0.9212
v 1.502164 -1.609265 -0.166458 0.9162 0.9162 0.9212
v 2.899588 -1.523841 -0.177954 0.9162 0.9162 0.9212
v 3.897717 -1.462367 -0.185618 0.9162 0.9162 0.9212
v 4.097474 -1.451996 -0.189449 0.9162 0.9162 0.9212
v 4.217023 -1.441284 -0.186385 0.9162 0.9162 0.9212
v 4.317840 -1.449886 -0.204771 0.9162 0.9162 0.9212
v 4.401582 -1.502173 -0.273715 0.9162 0.9162 0.9212
v 4.461661 -1.501306 -0.277546 0.9162 0.9162 0.9212
v 4.480307 -1.480709 -0.254564 0.9162 0.9162 0.9212
v 4.437562 -1.441740 -0.204771 0.9162 0.9162 0.9212
v 1.021582 -1.617022 -0.158082 0.9162 0.9162 0.9212
v 1.500938 -1.591260 -0.176877 0.9162 0.9162 0.9212
v 2.898057 -1.501336 -0.190978 0.9162 0.9162 0.9212
v 3.895982 -1.436860 -0.200378 0.9162 0.9162 0.9212
v 4.095636 -1.424989 -0.205077 0.9162 0.9162 0.9212
v 4.215267 -1.415478 -0.201319 0.9162 0.9162 0.9212
v 4.315593 -1.416878 -0.223872 0.9162 0.9162 0.9212
v 4.397498 -1.442158 -0.308445 0.9162 0.9162 0.9212
v 4.457476 -1.439791 -0.313143 0.9162 0.9162 0.9212
v 4.476733 -1.428196 -0.284953 0.9162 0.9162 0.9212
v 4.435316 -1.408732 -0.223873 0.9162 0.9162 0.9212
v 2.896315 -1.475744 -0.195501 0.9162 0.9162 0.9212
v 4.213270 -1.386132 -0.206506 0.9162 0.9162 0.9212
v 4.472670 -1.368481 -0.295506 0.9162 0.9162 0.9212
v 4.432762 -1.371197 -0.230506 0.9162 0.9162 0.9212
v 4.471797 -1.072951 -0.121794 0.9162 0.9162 0.9212
v 4.352260 -1.083479 -0.081794 0.9162 0.9162 0.9212
v 3.874111 -1.125593 -0.061796 0.9162 0.9162 0.9212
v 1.483366 -1.336162 -0.036804 0.9162 0.9162 0.9212
v 1.284137 -1.353709 -0.031805 0.9162 0.9162 0.9212
v 1.064985 -1.373011 -0.011806 0.9162 0.9162 0.9212
v 0.985294 -1.380030 0.078194 0.9162 0.9162 0.9212
v 0.925525 -1.385295 0.083194 0.9162 0.9162 0.9212
v 0.985294 -1.380030 -0.121806 0.9162 0.9162 0.9212
v 4.351059 -1.069851 -0.084206 0.9162 0.9162 0.9212
v 3.872310 -1.105151 -0.065414 0.9162 0.9162 0.9212
v 2.477259 -1.222872 -0.051324 0.9162 0.9162 0.9212
v 1.480815 -1.307202 -0.041931 0.9162 0.9162 0.9212
v 1.281436 -1.323046 -0.037233 0.9162 0.9162 0.9212
v 1.162019 -1.334937 -0.040992 0.9162 0.9162 0.9212
v 1.061684 -1.335534 -0.018440 0.9162 0.9162 0.9212
v 0.979292 -1.311890 0.066132 0.9162 0.9162 0.9212
v 0.919373 -1.315451 0.070831 0.9162 0.9162 0.9212
v 0.900351 -1.327427 0.042640 0.9162 0.9162 0.9212
v 0.942147 -1.346063 -0.018440 0.9162 0.9162 0.9212
v 4.350004 -1.057867 -0.091152 0.9162 0.9162 0.9212
v 3.870727 -1.087174 -0.075833 0.9162 0.9162 0.9212
v 2.475280 -1.200402 -0.064347 0.9162 0.9162 0.9212
v 1.478572 -1.281736 -0.056691 0.9162 0.9162 0.9212
v 1.279061 -1.296081 -0.052861 0.9162 0.9162 0.9212
v 1.159750 -1.309171 -0.055926 0.9162 0.9162 0.9212
v 1.058782 -1.302577 -0.037541 0.9162 0.9162 0.9212
v 0.974014 -1.251969 0.031403 0.9162 0.9162 0.9212
v 0.913964 -1.254031 0.035233 0.9162 0.9162 0.9212
v 0.895733 -1.274995 0.012251 0.9162 0.9162 0.9212
v 0.939245 -1.313106 -0.037541 0.9162 0.9162 0.9212
v 4.349220 -1.048972 -0.101794 0.9162 0.9162 0.9212
v 3.869552 -1.073832 -0.091796 0.9162 0.9162 0.9212
v 2.473811 -1.183723 -0.084301 0.9162 0.9162 0.9212
v 1.476907 -1.262834 -0.079304 0.9162 0.9162 0.9212
v 1.277299 -1.276067 -0.076805 0.9162 0.9162 0.9212
v 1.158065 -1.290047 -0.078806 0.9162 0.9162 0.9212
v 1.056627 -1.278116 -0.066806 0.9162 0.9162 0.9212
v 0.970097 -1.207493 -0.021806 0.9162 0.9162 0.9212
v 0.909949 -1.208444 -0.019306 0.9162 0.9162 0.9212
v 0.892306 -1.236079 -0.034306 0.9162 0.9162 0.9212
v 0.937090 -1.288644 -0.066806 0.9162 0.9162 0.9212
v 4.348804 -1.044239 -0.114848 0.9162 0.9162 0.9212
v 3.868927 -1.066732 -0.111377 0.9162 0.9162 0.9212
v 2.473029 -1.174849 -0.108777 0.9162 0.9162 0.9212
v 1.476022 -1.252776 -0.107044 0.9162 0.9162 0.9212
v 1.276361 -1.265418 -0.106177 0.9162 0.9162 0.9212
v 1.157169 -1.279871 -0.106872 0.9162 0.9162 0.9212
v 1.055481 -1.265100 -0.102705 0.9162 0.9162 0.9212
v 0.968013 -1.183828 -0.087077 0.9162 0.9162 0.9212
v 0.907813 -1.184188 -0.086209 0.9162 0.9162 0.9212
v 0.890482 -1.215373 -0.091418 0.9162 0.9162 0.9212
v 0.935944 -1.275629 -0.102705 0.9162 0.9162 0.9212
v 4.348804 -1.044239 -0.128740 0.9162 0.9162 0.9212
v 3.868927 -1.066732 -0.132215 0.9162 0.9162 0.9212
v 2.473029 -1.174849 -0.134824 0.9162 0.9162 0.9212
v 1.476022 -1.252776 -0.136564 0.9162 0.9162 0.9212
v 1.276361 -1.265418 -0.137433 0.9162 0.9162 0.9212
v 1.157169 -1.279871 -0.136739 0.9162 0.9162 0.9212
v 1.055481 -1.265100 -0.140907 0.9162 0.9162 0.9212
v 0.968014 -1.183828 -0.156536 0.9162 0.9162 0.9212
v 0.907813 -1.184188 -0.157404 0.9162 0.9162 0.9212
v 0.890482 -1.215373 -0.152195 0.9162 0.9162 0.9212
v 0.935944 -1.275629 -0.140908 0.9162 0.9162 0.9212
v 4.349221 -1.048972 -0.141794 0.9162 0.9162 0.9212
v 3.869552 -1.073832 -0.151796 0.9162 0.9162 0.9212
v 2.473811 -1.183723 -0.159301 0.9162 0.9162 0.9212
v 1.476908 -1.262834 -0.164304 0.9162 0.9162 0.9212
v 1.277299 -1.276067 -0.166805 0.9162 0.9162 0.9212
v 1.158066 -1.290047 -0.164806 0.9162 0.9162 0.9212
v 1.056628 -1.278116 -0.176806 0.9162 0.9162 0.9212
v 0.970098 -1.207493 -0.221806 0.9162 0.9162 0.9212
v 0.909950 -1.208444 -0.224306 0.9162 0.9162 0.9212
v 0.892306 -1.236079 -0.209306 0.9162 0.9162 0.9212
v 0.937091 -1.288644 -0.176806 0.9162 0.9162 0.9212
v 4.350004 -1.057867 -0.152436 0.9162 0.9162 0.9212
v 3.870727 -1.087174 -0.167758 0.9162 0.9162 0.9212
v 2.475280 -1.200402 -0.179254 0.9162 0.9162 0.9212
v 1.478573 -1.281736 -0.186918 0.9162 0.9162 0.9212
v 1.279062 -1.296081 -0.190749 0.9162 0.9162 0.9212
v 1.159750 -1.309171 -0.187685 0.9162 0.9162 0.9212
v 1.058782 -1.302577 -0.206071 0.9162 0.9162 0.9212
v 0.974015 -1.251969 -0.275015 0.9162 0.9162 0.9212
v 0.913965 -1.254031 -0.278846 0.9162 0.9162 0.9212
v 0.895734 -1.274995 -0.255864 0.9162 0.9162 0.9212
v 0.939245 -1.313106 -0.206071 0.9162 0.9162 0.9212
v 4.351060 -1.069851 -0.159382 0.9162 0.9162 0.9212
v 3.872311 -1.105151 -0.178177 0.9162 0.9162 0.9212
v 2.477259 -1.222872 -0.192278 0.9162 0.9162 0.9212
v 1.480816 -1.307202 -0.201678 0.9162 0.9162 0.9212
v 1.281437 -1.323046 -0.206377 0.9162 0.9162 0.9212
v 1.162020 -1.334937 -0.202619 0.9162 0.9162 0.9212
v 1.061685 -1.335534 -0.225172 0.9162 0.9162 0.9212
v 0.979293 -1.311890 -0.309745 0.9162 0.9162 0.9212
v 0.919375 -1.315451 -0.314443 0.9162 0.9162 0.9212
v 0.900352 -1.327427 -0.286253 0.9162 0.9162 0.9212
v 0.942148 -1.346063 -0.225173 0.9162 0.9162 0.9212
v 4.352260 -1.083479 -0.161794 0.9162 0.9162 0.9212
v 3.874111 -1.125593 -0.181796 0.9162 0.9162 0.9212
v 2.479510 -1.248425 -0.196801 0.9162 0.9162 0.9212
v 1.483366 -1.336162 -0.206804 0.9162 0.9162 0.9212
v 1.284138 -1.353709 -0.211805 0.9162 0.9162 0.9212
v 1.164600 -1.364238 -0.207806 0.9162 0.9162 0.9212
v 1.064986 -1.373011 -0.231806 0.9162 0.9162 0.9212
v 0.985295 -1.380030 -0.321806 0.9162 0.9162 0.9212
v 0.925526 -1.385295 -0.326806 0.9162 0.9162 0.9212
v 0.905603 -1.387049 -0.296806 0.9162 0.9162 0.9212
v 0.945449 -1.383540 -0.231806 0.9162 0.9162 0.9212
v 4.353460 -1.097107 -0.159382 0.9162 0.9162 0.9212
v 3.875912 -1.146035 -0.178177 0.9162 0.9162 0.9212
v 2.481761 -1.273977 -0.192278 0.9162 0.9162 0.9212
v 1.485917 -1.365121 -0.201678 0.9162 0.9162 0.9212
v 1.286838 -1.384372 -0.206377 0.9162 0.9162 0.9212
v 1.167181 -1.393538 -0.202619 0.9162 0.9162 0.9212
v 1.068287 -1.410488 -0.225172 0.9162 0.9162 0.9212
v 0.991297 -1.448171 -0.309745 0.9162 0.9162 0.9212
v 0.931678 -1.455138 -0.314443 0.9162 0.9162 0.9212
v 0.910855 -1.446672 -0.286253 0.9162 0.9162 0.9212
v 0.948750 -1.421017 -0.225173 0.9162 0.9162 0.9212
v 4.354516 -1.109092 -0.152436 0.9162 0.9162 0.9212
v 3.877495 -1.164011 -0.167758 0.9162 0.9162 0.9212
v 2.483740 -1.296448 -0.179254 0.9162 0.9162 0.9212
v 1.488160 -1.390588 -0.186918 0.9162 0.9162 0.9212
v 1.289213 -1.411337 -0.190749 0.9162 0.9162 0.9212
v 1.169450 -1.419304 -0.187685 0.9162 0.9162 0.9212
v 1.071190 -1.443445 -0.206071 0.9162 0.9162 0.9212
v 0.996574 -1.508092 -0.275015 0.9162 0.9162 0.9212
v 0.937087 -1.516558 -0.278846 0.9162 0.9162 0.9212
v 0.915473 -1.499103 -0.255864 0.9162 0.9162 0.9212
v 0.951652 -1.453974 -0.206071 0.9162 0.9162 0.9212
v 4.355299 -1.117987 -0.141794 0.9162 0.9162 0.9212
v 3.878670 -1.177354 -0.151796 0.9162 0.9162 0.9212
v 2.485209 -1.313126 -0.159301 0.9162 0.9162 0.9212
v 1.489825 -1.409490 -0.164304 0.9162 0.9162 0.9212
v 1.290976 -1.431351 -0.166805 0.9162 0.9162 0.9212
v 1.171135 -1.438429 -0.164806 0.9162 0.9162 0.9212
v 1.073344 -1.467907 -0.176806 0.9162 0.9162 0.9212
v 1.000491 -1.552567 -0.221806 0.9162 0.9162 0.9212
v 0.941103 -1.562145 -0.224306 0.9162 0.9162 0.9212
v 0.918900 -1.538019 -0.209306 0.9162 0.9162 0.9212
v 0.953807 -1.478435 -0.176806 0.9162 0.9162 0.9212
v 4.355716 -1.122720 -0.128740 0.9162 0.9162 0.9212
v 3.879295 -1.184453 -0.132215 0.9162 0.9162 0.9212
v 2.485990 -1.322001 -0.134824 0.9162 0.9162 0.9212
v 1.490710 -1.419548 -0.136564 0.9162 0.9162 0.9212
v 1.291914 -1.442000 -0.137433 0.9162 0.9162 0.9212
v 1.172031 -1.448605 -0.136739 0.9162 0.9162 0.9212
v 1.074490 -1.480922 -0.140907 0.9162 0.9162 0.9212
v 1.002575 -1.576232 -0.156536 0.9162 0.9162 0.9212
v 0.943239 -1.586402 -0.157404 0.9162 0.9162 0.9212
v 0.920724 -1.558726 -0.152195 0.9162 0.9162 0.9212
v 0.954953 -1.491451 -0.140908 0.9162 0.9162 0.9212
v 4.355716 -1.122720 -0.114848 0.9162 0.9162 0.9212
v 3.879295 -1.184453 -0.111377 0.9162 0.9162 0.9212
v 2.485990 -1.322001 -0.108777 0.9162 0.9162 0.9212
v 1.490710 -1.419548 -0.107044 0.9162 0.9162 0.9212
v 1.291914 -1.442000 -0.106177 0.9162 0.9162 0.9212
v 1.172031 -1.448605 -0.106872 0.9162 0.9162 0.9212
v 1.074490 -1.480922 -0.102705 0.9162 0.9162 0.9212
v 1.002575 -1.576232 -0.087076 0.9162 0.9162 0.9212
v 0.943238 -1.586402 -0.086208 0.9162 0.9162 0.9212
v 0.920723 -1.558726 -0.091418 0.9162 0.9162 0.9212
v 0.954953 -1.491451 -0.102705 0.9162 0.9162 0.9212
v 4.355299 -1.117987 -0.101794 0.9162 0.9162 0.9212
v 3.878670 -1.177354 -0.091796 0.9162 0.9162 0.9212
v 2.485208 -1.313126 -0.084301 0.9162 0.9162 0.9212
v 1.489824 -1.409490 -0.079304 0.9162 0.9162 0.9212
v 1.290976 -1.431351 -0.076805 0.9162 0.9162 0.9212
v 1.171134 -1.438429 -0.078806 0.9162 0.9162 0.9212
v 1.073344 -1.467907 -0.066806 0.9162 0.9162 0.9212
v 1.000490 -1.552567 -0.021806 0.9162 0.9162 0.9212
v 0.941102 -1.562145 -0.019306 0.9162 0.9162 0.9212
v 0.918899 -1.538019 -0.034307 0.9162 0.9162 0.9212
v 0.953806 -1.478435 -0.066806 0.9162 0.9162 0.9212
v 4.354516 -1.109092 -0.091152 0.9162 0.9162 0.9212
v 3.877495 -1.164011 -0.075833 0.9162 0.9162 0.9212
v 2.483739 -1.296448 -0.064347 0.9162 0.9162 0.9212
v 1.488159 -1.390588 -0.056691 0.9162 0.9162 0.9212
v 1.289213 -1.411337 -0.052861 0.9162 0.9162 0.9212
v 1.169450 -1.419304 -0.055926 0.9162 0.9162 0.9212
v 1.071189 -1.443445 -0.037541 0.9162 0.9162 0.9212
v 0.996573 -1.508092 0.031403 0.9162 0.9162 0.9212
v 0.937086 -1.516558 0.035233 0.9162 0.9162 0.9212
v 0.915472 -1.499103 0.012251 0.9162 0.9162 0.9212
v 0.951652 -1.453974 -0.037541 0.9162 0.9162 0.9212
v 4.353460 -1.097107 -0.084206 0.9162 0.9162 0.9212
v 3.875911 -1.146035 -0.065414 0.9162 0.9162 0.9212
v 2.481760 -1.273977 -0.051324 0.9162 0.9162 0.9212
v 1.485916 -1.365121 -0.041931 0.9162 0.9162 0.9212
v 1.286838 -1.384372 -0.037233 0.9162 0.9162 0.9212
v 1.167181 -1.393538 -0.040992 0.9162 0.9162 0.9212
v 1.068286 -1.410489 -0.018440 0.9162 0.9162 0.9212
v 0.991295 -1.448171 0.066132 0.9162 0.9162 0.9212
v 0.931677 -1.455138 0.070831 0.9162 0.9162 0.9212
v 0.910854 -1.446672 0.042640 0.9162 0.9162 0.9212
v 0.948749 -1.421017 -0.018440 0.9162 0.9162 0.9212
v 2.479509 -1.248425 -0.046801 0.9162 0.9162 0.9212
v 1.164600 -1.364238 -0.035806 0.9162 0.9162 0.9212
v 0.905602 -1.387049 0.053193 0.9162 0.9162 0.9212
v 0.945448 -1.383540 -0.011806 0.9162 0.9162 0.9212
vn -1.0000 -0.0000 -0.0000
vn -0.0000 1.0000 -0.0000
vn 1.0000 -0.0000 -0.0000
vn -0.0000 -1.0000 -0.0000
vn -0.0000 -0.0000 -1.0000
vn -0.0000 -0.0000 1.0000
vn -0.0670 -0.8507 0.5213
vn -0.0597 -0.7590 0.6483
vn -0.0510 -0.6486 0.7594
vn -0.0411 -0.5221 0.8519
vn -0.0301 -0.3825 0.9235
vn -0.0782 -0.9939 0.0782
vn -0.0184 -0.2334 0.9722
vn -0.0763 -0.9695 0.2328
vn -0.0062 -0.0785 0.9969
vn -0.0725 -0.9214 0.3817
vn -0.1222 -0.5092 0.8519
vn -0.0896 -0.3731 0.9235
vn -0.2327 -0.9694 0.0782
vn -0.0547 -0.2277 0.9722
vn -0.2270 -0.9457 0.2328
vn -0.0184 -0.0765 0.9969
vn -0.2158 -0.8988 0.3817
vn -0.1992 -0.8298 0.5213
vn -0.1777 -0.7404 0.6483
vn -0.1519 -0.6326 0.7594
vn -0.0301 -0.0727 0.9969
vn -0.3537 -0.8539 0.3817
vn -0.3266 -0.7884 0.5213
vn -0.2914 -0.7034 0.6483
vn -0.2490 -0.6011 0.7594
vn -0.2004 -0.4838 0.8519
vn -0.1468 -0.3545 0.9235
vn -0.3815 -0.9210 0.0782
vn -0.0896 -0.2163 0.9722
vn -0.3722 -0.8985 0.2328
vn -0.3399 -0.5547 0.7594
vn -0.2736 -0.4465 0.8519
vn -0.2005 -0.3272 0.9235
vn -0.5209 -0.8500 0.0782
vn -0.1223 -0.1996 0.9722
vn -0.5081 -0.8292 0.2328
vn -0.0411 -0.0671 0.9969
vn -0.4829 -0.7881 0.3817
vn -0.4459 -0.7276 0.5213
vn -0.3978 -0.6492 0.6483
vn -0.1521 -0.1780 0.9722
vn -0.6316 -0.7395 0.2328
vn -0.0511 -0.0598 0.9969
vn -0.6003 -0.7028 0.3817
vn -0.5542 -0.6489 0.5213
vn -0.4945 -0.5790 0.6483
vn -0.4225 -0.4947 0.7594
vn -0.3401 -0.3982 0.8519
vn -0.2492 -0.2918 0.9235
vn -0.6475 -0.7581 0.0782
vn -0.5790 -0.4945 0.6483
vn -0.4947 -0.4225 0.7594
vn -0.3982 -0.3401 0.8519
vn -0.2918 -0.2492 0.9235
vn -0.7581 -0.6475 0.0782
vn -0.1780 -0.1521 0.9722
vn -0.7395 -0.6316 0.2328
vn -0.0598 -0.0511 0.9969
vn -0.7028 -0.6003 0.3817
vn -0.6489 -0.5542 0.5213
vn -0.8500 -0.5209 0.0782
vn -0.1996 -0.1223 0.9722
vn -0.8292 -0.5081 0.2328
vn -0.0671 -0.0411 0.9969
vn -0.7881 -0.4829 0.3817
vn -0.7276 -0.4459 0.5213
vn -0.6492 -0.3978 0.6483
vn -0.5547 -0.3399 0.7594
vn -0.4465 -0.2736 0.8519
vn -0.3272 -0.2005 0.9235
vn -0.7034 -0.2914 0.6483
vn -0.6011 -0.2490 0.7594
vn -0.4838 -0.2004 0.8519
vn -0.3545 -0.1468 0.9235
vn -0.9210 -0.3815 0.0782
vn -0.2163 -0.0896 0.9722
vn -0.8985 -0.3722 0.2328
vn -0.0727 -0.0301 0.9969
vn -0.8539 -0.3537 0.3817
vn -0.7884 -0.3266 0.5213
vn -0.3731 -0.0896 0.9235
vn -0.9694 -0.2327 0.0782
vn -0.2277 -0.0547 0.9722
vn -0.9457 -0.2270 0.2328
vn -0.0765 -0.0184 0.9969
vn -0.8988 -0.2158 0.3817
vn -0.8298 -0.1992 0.5213
vn -0.7404 -0.1777 0.6483
vn -0.6326 -0.1519 0.7594
vn -0.5092 -0.1222 0.8519
vn -0.8507 -0.0670 0.5213
vn -0.7590 -0.0597 0.6483
vn -0.6486 -0.0511 0.7594
vn -0.5221 -0.0411 0.8519
vn -0.3825 -0.0301 0.9235
vn -0.9939 -0.0782 0.0782
vn -0.2334 -0.0184 0.9722
vn -0.9695 -0.0763 0.2328
vn -0.0785 -0.0062 0.9969
vn -0.9214 -0.0725 0.3817
vn -0.3825 0.0301 0.9235
vn -0.9939 0.0782 0.0782
vn -0.2334 0.0184 0.9722
vn -0.9695 0.0763 0.2328
vn -0.0785 0.0062 0.9969
vn -0.9214 0.0725 0.3817
vn -0.8507 0.0670 0.5213
vn -0.7590 0.0597 0.6483
vn -0.6486 0.0510 0.7594
vn -0.5221 0.0411 0.8519
vn -0.8298 0.1992 0.5213
vn -0.7404 0.1777 0.6483
vn -0.6326 0.1519 0.7594
vn -0.5092 0.1222 0.8519
vn -0.3731 0.0896 0.9235
vn -0.9694 0.2327 0.0782
vn -0.2277 0.0547 0.9722
vn -0.9457 0.2270 0.2328
vn -0.0765 0.0184 0.9969
vn -0.8988 0.2158 0.3817
vn -0.4838 0.2004 0.8519
vn -0.3545 0.1468 0.9235
vn -0.9210 0.3815 0.0782
vn -0.2163 0.0896 0.9722
vn -0.8985 0.3722 0.2328
vn -0.0727 0.0301 0.9969
vn -0.8539 0.3537 0.3817
vn -0.7884 0.3266 0.5213
vn -0.7034 0.2914 0.6483
vn -0.6011 0.2490 0.7594
vn -0.0671 0.0411 0.9969
vn -0.7881 0.4829 0.3817
vn -0.7276 0.4459 0.5213
vn -0.6492 0.3978 0.6483
vn -0.5547 0.3399 0.7594
vn -0.4465 0.2736 0.8519
vn -0.3272 0.2005 0.9235
vn -0.8500 0.5209 0.0782
vn -0.1996 0.1223 0.9722
vn -0.8292 0.5081 0.2328
vn -0.4947 0.4225 0.7594
vn -0.3982 0.3401 0.8519
vn -0.2918 0.2492 0.9235
vn -0.7581 0.6475 0.0782
vn -0.1780 0.1521 0.9722
vn -0.7395 0.6316 0.2328
vn -0.0598 0.0511 0.9969
vn -0.7028 0.6003 0.3817
vn -0.6489 0.5542 0.5213
vn -0.5790 0.4945 0.6483
vn -0.6316 0.7395 0.2328
vn -0.0511 0.0598 0.9969
vn -0.6003 0.7028 0.3817
vn -0.5542 0.6489 0.5213
vn -0.4945 0.5790 0.6483
vn -0.4225 0.4947 0.7594
vn -0.3401 0.3982 0.8519
vn -0.2492 0.2918 0.9235
vn -0.6475 0.7581 0.0782
vn -0.1521 0.1780 0.9722
vn -0.3399 0.5547 0.7594
vn -0.2736 0.4465 0.8519
vn -0.2005 0.3271 0.9235
vn -0.5209 0.8500 0.0782
vn -0.1223 0.1996 0.9722
vn -0.5081 0.8292 0.2328
vn -0.0411 0.0671 0.9969
vn -0.4829 0.7881 0.3817
vn -0.4459 0.7276 0.5213
vn -0.3978 0.6492 0.6483
vn -0.0896 0.2163 0.9722
vn -0.3722 0.8985 0.2328
vn -0.0301 0.0727 0.9969
vn -0.3537 0.8539 0.3817
vn -0.3266 0.7884 0.5213
vn -0.2914 0.7034 0.6483
vn -0.2490 0.6011 0.7594
vn -0.2004 0.4838 0.8519
vn -0.1468 0.3545 0.9235
vn -0.3815 0.9210 0.0782
vn -0.1777 0.7404 0.6483
vn -0.1519 0.6326 0.7594
vn -0.1222 0.5092 0.8519
vn -0.0896 0.3731 0.9235
vn -0.2327 0.9694 0.0782
vn -0.0547 0.2277 0.9722
vn -0.2270 0.9457 0.2328
vn -0.0184 0.0765 0.9969
vn -0.2158 0.8988 0.3817
vn -0.1992 0.8298 0.5213
vn -0.0782 0.9939 0.0782
vn -0.0184 0.2334 0.9722
vn -0.0763 0.9695 0.2328
vn -0.0062 0.0785 0.9969
vn -0.0725 0.9214 0.3817
vn -0.0670 0.8507 0.5213
vn -0.0597 0.7590 0.6483
vn -0.0510 0.6486 0.7594
vn -0.0411 0.5221 0.8519
vn -0.0301 0.3825 0.9235
vn 0.0597 0.7590 0.6483
vn 0.0510 0.6486 0.7594
vn 0.0411 0.5221 0.8519
vn 0.0301 0.3825 0.9235
vn 0.0782 0.9939 0.0782
vn 0.0184 0.2334 0.9722
vn 0.0763 0.9695 0.2328
vn 0.0062 0.0785 0.9969
vn 0.0725 0.9214 0.3817
vn 0.0670 0.8507 0.5213
vn 0.0896 0.3731 0.9235
vn 0.2327 0.9694 0.0782
vn 0.0547 0.2277 0.9722
vn 0.2270 0.9457 0.2328
vn 0.0184 0.0765 0.9969
vn 0.2158 0.8988 0.3817
vn 0.1992 0.8298 0.5213
vn 0.1777 0.7404 0.6483
vn 0.1519 0.6326 0.7594
vn 0.1222 0.5092 0.8519
vn 0.3266 0.7884 0.5213
vn 0.2914 0.7034 0.6483
vn 0.2490 0.6011 0.7594
vn 0.2004 0.4838 0.8519
vn 0.1468 0.3545 0.9235
vn 0.3815 0.9210 0.0782
vn 0.0896 0.2163 0.9722
vn 0.3722 0.8985 0.2328
vn 0.0301 0.0727 0.9969
vn 0.3537 0.8539 0.3817
vn 0.2736 0.4465 0.8519
vn 0.2005 0.3272 0.9235
vn 0.5209 0.8500 0.0782
vn 0.1223 0.1996 0.9722
vn 0.5082 0.8292 0.2328
vn 0.0411 0.0671 0.9969
vn 0.4829 0.7881 0.3817
vn 0.4459 0.7276 0.5213
vn 0.3978 0.6492 0.6483
vn 0.3399 0.5547 0.7594
vn 0.6003 0.7028 0.3817
vn 0.5542 0.6489 0.5213
vn 0.4945 0.5790 0.6483
vn 0.4225 0.4947 0.7594
vn 0.3401 0.3982 0.8519
vn 0.2492 0.2918 0.9235
vn 0.6475 0.7581 0.0782
vn 0.1521 0.1780 0.9722
vn 0.6316 0.7395 0.2328
vn 0.0511 0.0598 0.9969
vn 0.3982 0.3401 0.8519
vn 0.2918 0.2492 0.9235
vn 0.7581 0.6475 0.0782
vn 0.1780 0.1521 0.9722
vn 0.7395 0.6316 0.2328
vn 0.0598 0.0511 0.9969
vn 0.7028 0.6003 0.3817
vn 0.6489 0.5542 0.5213
vn 0.5790 0.4945 0.6483
vn 0.4947 0.4225 0.7594
vn 0.0671 0.0411 0.9969
vn 0.7881 0.4829 0.3817
vn 0.7276 0.4459 0.5213
vn 0.6492 0.3978 0.6483
vn 0.5547 0.3399 0.7594
vn 0.4465 0.2736 0.8519
vn 0.3272 0.2005 0.9235
vn 0.8500 0.5209 0.0782
vn 0.1996 0.1223 0.9722
vn 0.8292 0.5081 0.2328
vn 0.6011 0.2490 0.7594
vn 0.4838 0.2004 0.8519
vn 0.3545 0.1468 0.9235
vn 0.9210 0.3815 0.0782
vn 0.2163 0.0896 0.9722
vn 0.8985 0.3722 0.2328
vn 0.0727 0.0301 0.9969
vn 0.8539 0.3537 0.3817
vn 0.7884 0.3266 0.5213
vn 0.7034 0.2914 0.6483
vn 0.9457 0.2270 0.2328
vn 0.0765 0.0184 0.9969
vn 0.8988 0.2158 0.3817
vn 0.8298 0.1992 0.5213
vn 0.7404 0.1777 0.6483
vn 0.6326 0.1519 0.7594
vn 0.5092 0.1222 0.8519
vn 0.3731 0.0896 0.9235
vn 0.9694 0.2327 0.0782
vn 0.2277 0.0547 0.9722
vn 0.6486 0.0510 0.7594
vn 0.5221 0.0411 0.8519
vn 0.3825 0.0301 0.9235
vn 0.9939 0.0782 0.0782
vn 0.2334 0.0184 0.9722
vn 0.9695 0.0763 0.2328
vn 0.0785 0.0062 0.9969
vn 0.9214 0.0725 0.3817
vn 0.8507 0.0670 0.5213
vn 0.7590 0.0597 0.6483
vn 0.2334 -0.0184 0.9722
vn 0.9695 -0.0763 0.2328
vn 0.0785 -0.0062 0.9969
vn 0.9214 -0.0725 0.3817
vn 0.8507 -0.0669 0.5213
vn 0.7590 -0.0597 0.6483
vn 0.6486 -0.0510 0.7594
vn 0.5221 -0.0411 0.8519
vn 0.3825 -0.0301 0.9235
vn 0.9939 -0.0782 0.0782
vn 0.7404 -0.1777 0.6483
vn 0.6326 -0.1519 0.7594
vn 0.5092 -0.1222 0.8519
vn 0.3731 -0.0896 0.9235
vn 0.9694 -0.2327 0.0782
vn 0.2277 -0.0547 0.9722
vn 0.9457 -0.2270 0.2328
vn 0.0765 -0.0184 0.9969
vn 0.8988 -0.2158 0.3817
vn 0.8298 -0.1992 0.5213
vn 0.3545 -0.1468 0.9235
vn 0.9211 -0.3815 0.0782
vn 0.2163 -0.0896 0.9722
vn 0.8985 -0.3722 0.2328
vn 0.0727 -0.0301 0.9969
vn 0.8539 -0.3537 0.3817
vn 0.7884 -0.3266 0.5213
vn 0.7034 -0.2914 0.6483
vn 0.6011 -0.2490 0.7594
vn 0.4838 -0.2004 0.8519
vn 0.7276 -0.4459 0.5213
vn 0.6492 -0.3978 0.6483
vn 0.5547 -0.3399 0.7594
vn 0.4465 -0.2736 0.8519
vn 0.3272 -0.2005 0.9235
vn 0.8500 -0.5209 0.0782
vn 0.1996 -0.1223 0.9722
vn 0.8292 -0.5082 0.2328
vn 0.0671 -0.0411 0.9969
vn 0.7881 -0.4829 0.3817
vn 0.2918 -0.2492 0.9235
vn 0.7581 -0.6475 0.0782
vn 0.1780 -0.1521 0.9722
vn 0.7395 -0.6316 0.2328
vn 0.0598 -0.0511 0.9969
vn 0.7028 -0.6003 0.3817
vn 0.6489 -0.5542 0.5213
vn 0.5790 -0.4945 0.6483
vn 0.4947 -0.4225 0.7594
vn 0.3982 -0.3401 0.8519
vn 0.5542 -0.6489 0.5213
vn 0.4945 -0.5790 0.6483
vn 0.4225 -0.4947 0.7594
vn 0.3401 -0.3982 0.8519
vn 0.2492 -0.2918 0.9235
vn 0.6475 -0.7581 0.0782
vn 0.1521 -0.1780 0.9722
vn 0.6316 -0.7395 0.2328
vn 0.0511 -0.0598 0.9969
vn 0.6003 -0.7028 0.3817
vn 0.2736 -0.4465 0.8519
vn 0.2005 -0.3271 0.9235
vn 0.5209 -0.8500 0.0782
vn 0.1223 -0.1996 0.9722
vn 0.5081 -0.8292 0.2328
vn 0.0411 -0.0671 0.9969
vn 0.4829 -0.7881 0.3817
vn 0.4459 -0.7276 0.5213
vn 0.3978 -0.6492 0.6483
vn 0.3399 -0.5547 0.7594
vn 0.3537 -0.8539 0.3817
vn 0.3266 -0.7884 0.5213
vn 0.2914 -0.7034 0.6483
vn 0.2490 -0.6011 0.7594
vn 0.2004 -0.4838 0.8519
vn 0.1468 -0.3545 0.9235
vn 0.3815 -0.9211 0.0782
vn 0.0896 -0.2163 0.9722
vn 0.3722 -0.8985 0.2328
vn 0.0301 -0.0727 0.9969
vn 0.1222 -0.5092 0.8519
vn 0.0896 -0.3731 0.9235
vn 0.2327 -0.9694 0.0782
vn 0.0547 -0.2277 0.9722
vn 0.2270 -0.9457 0.2328
vn 0.0184 -0.0765 0.9969
vn 0.2158 -0.8988 0.3817
vn 0.1992 -0.8298 0.5213
vn 0.1777 -0.7404 0.6483
vn 0.1519 -0.6326 0.7594
vn 0.0062 -0.0785 0.9969
vn 0.0725 -0.9214 0.3817
vn 0.0670 -0.8507 0.5213
vn 0.0597 -0.7590 0.6483
vn 0.0510 -0.6486 0.7594
vn 0.0411 -0.5221 0.8519
vn 0.0301 -0.3825 0.9235
vn 0.0782 -0.9939 0.0782
vn 0.0184 -0.2334 0.9722
vn 0.0763 -0.9695 0.2328
vn -0.1223 -0.5092 0.8519
vn -0.6486 -0.0510 0.7594
vn -0.2005 0.3272 0.9235
vn 0.5081 0.8292 0.2328
vn 0.5092 0.1223 0.8519
vn 0.8507 -0.0670 0.5213
vn 0.5092 -0.1223 0.8519
vn 0.9210 -0.3815 0.0782
vn 0.1780 -0.1520 0.9722
vn 0.2005 -0.3272 0.9235
vn 0.3815 -0.9210 0.0782
vn -0.2005 -0.3271 0.9235
vn -0.8292 0.5082 0.2328
vn 0.2005 0.3271 0.9235
vn 0.6476 0.7580 0.0782
vn -0.3271 0.2005 0.9235
vn -0.1223 0.5092 0.8519
vn 0.5082 -0.8292 0.2328
vn 0.1223 0.5092 0.8519
vn 0.3271 0.2005 0.9235
vn 0.0669 -0.8507 0.5213
vn -0.0785 -0.9969 -0.0000
vn -0.2334 -0.9724 -0.0000
vn -0.3827 -0.9239 -0.0000
vn -0.5225 -0.8526 -0.0000
vn -0.6494 -0.7604 -0.0000
vn -0.7604 -0.6494 -0.0000
vn -0.8526 -0.5225 -0.0000
vn -0.9239 -0.3827 -0.0000
vn -0.9724 -0.2334 -0.0000
vn -0.9969 -0.0785 -0.0000
vn -0.9969 0.0785 -0.0000
vn -0.9724 0.2334 -0.0000
vn -0.9239 0.3827 -0.0000
vn -0.8526 0.5225 -0.0000
vn -0.7604 0.6495 -0.0000
vn -0.6494 0.7604 -0.0000
vn -0.5225 0.8526 -0.0000
vn -0.3827 0.9239 -0.0000
vn -0.2334 0.9724 -0.0000
vn -0.0785 0.9969 -0.0000
vn 0.0785 0.9969 -0.0000
vn 0.2334 0.9724 -0.0000
vn 0.3827 0.9239 -0.0000
vn 0.5225 0.8526 -0.0000
vn 0.6494 0.7604 -0.0000
vn 0.7604 0.6494 -0.0000
vn 0.8526 0.5225 -0.0000
vn 0.9239 0.3827 -0.0000
vn 0.9724 0.2334 -0.0000
vn 0.9969 0.0785 -0.0000
vn 0.9969 -0.0784 -0.0000
vn 0.9724 -0.2334 -0.0000
vn 0.9239 -0.3827 -0.0000
vn 0.8526 -0.5225 -0.0000
vn 0.7604 -0.6494 -0.0000
vn 0.6494 -0.7604 -0.0000
vn 0.5225 -0.8526 -0.0000
vn 0.3827 -0.9239 -0.0000
vn 0.2334 -0.9724 -0.0000
vn 0.0785 -0.9969 -0.0000
vn -0.7604 -0.6495 -0.0000
vn -0.9969 -0.0784 -0.0000
vn -0.7604 0.6494 -0.0000
vn 0.9969 -0.0785 -0.0000
vn 0.8655 -0.5008 0.0002
vn 0.8614 -0.5079 0.0001
vn 0.8630 -0.5051 -0.0018
vn 0.8464 -0.5326 -0.0026
vn 0.8255 -0.5644 -0.0027
vn 0.7901 -0.6130 -0.0027
vn 0.7382 -0.6746 -0.0025
vn 0.7282 -0.6854 -0.0019
vn 0.8707 -0.4919 0.0003
vn 0.8650 -0.5018 0.0002
vn 0.9342 -0.3566 0.0016
vn 0.9309 -0.3653 -0.0014
vn 0.9047 -0.4260 -0.0014
vn 0.9093 -0.4161 -0.0039
vn 0.9931 -0.1169 0.0051
vn 0.9994 -0.0355 -0.0002
vn 0.9983 0.0587 0.0030
vn 0.6433 0.7656 0.0001
vn 0.0972 0.9953 -0.0011
vn 0.2650 0.9642 -0.0035
vn 0.1891 0.9820 0.0007
vn -0.7216 0.6923 -0.0024
vn -0.7243 0.6895 -0.0027
vn -0.7589 0.6512 -0.0031
vn -0.7965 0.6046 -0.0035
vn -0.8179 0.5753 -0.0035
vn -0.8310 0.5562 -0.0033
vn -0.8408 0.5413 -0.0029
vn 0.8761 -0.4822 0.0003
vn 0.8677 -0.4972 -0.0000
vn 0.8694 -0.4942 -0.0025
vn 0.8746 -0.4848 -0.0024
vn 0.8740 -0.4859 -0.0021
vn 0.8826 -0.4701 -0.0017
vn 0.8931 -0.4498 -0.0017
vn 0.9086 -0.4176 -0.0043
vn 0.9926 -0.1211 0.0048
vn -0.8465 0.5323 -0.0027
vn -0.8390 0.5441 -0.0027
vn -0.8361 0.5485 -0.0027
vn -0.8422 0.5392 -0.0026
vn -0.8506 0.5258 -0.0025
vn -0.8302 0.5574 -0.0019
vn -0.8391 0.5440 -0.0015
vn -0.8399 0.5427 -0.0007
vn 0.8634 -0.5045 -0.0026
vn 0.8680 -0.4966 -0.0020
vn 0.8755 -0.4832 -0.0019
vn 0.8780 -0.4787 -0.0028
vn 0.8948 -0.4464 -0.0053
vn 0.9897 -0.1430 0.0050
vn -0.8691 0.4947 -0.0056
vn -0.8403 0.5421 -0.0051
vn -0.8306 0.5569 -0.0048
vn -0.8130 0.5823 -0.0049
vn -0.7923 0.6101 -0.0055
vn -0.6824 0.7310 -0.0048
vn -0.8381 0.5456 -0.0008
vn -0.8390 0.5441 -0.0002
vn -0.9875 0.1577 0.0056
vn -0.6463 0.7631 -0.0014
vn -0.3178 0.9481 -0.0062
vn -0.4897 0.8719 0.0015
vn 0.3294 -0.9442 -0.0047
vn 0.5919 -0.8060 -0.0039
vn 0.5979 -0.8015 -0.0021
vn 0.6063 -0.7953 -0.0006
vn 0.3798 -0.9250 -0.0052
vn -0.6109 0.7917 -0.0038
vn -0.3623 0.9321 -0.0032
vn -0.1652 0.9862 -0.0033
vn -0.1886 0.9820 -0.0047
vn 0.1023 0.9947 -0.0052
vn 0.9307 -0.3657 0.0017
vn 0.9618 -0.2737 0.0017
vn 0.9695 -0.2449 -0.0011
vn 0.9978 0.0664 0.0042
vn 0.8839 -0.4678 0.0003
vn 0.8660 -0.5000 -0.0007
vn 0.8456 -0.5338 -0.0028
vn 0.8061 -0.5918 -0.0026
vn 0.7655 -0.6434 -0.0026
vn 0.9333 -0.3591 -0.0012
vn 0.9131 -0.4076 -0.0007
vn 0.8953 -0.4456 -0.0024
vn 0.9990 0.0439 0.0079
vn 0.7511 -0.6602 -0.0024
vn 0.2646 -0.9644 -0.0062
vn 0.5467 -0.8373 -0.0039
vn 0.4877 -0.8730 -0.0025
vn 0.3209 -0.9471 -0.0037
vn 0.3200 -0.9474 -0.0038
vn 0.3022 -0.9532 -0.0008
vn 0.7150 -0.6991 -0.0045
vn 0.7994 -0.6008 -0.0045
vn 0.8303 -0.5573 -0.0041
vn 0.8440 -0.5363 -0.0036
vn 0.8255 -0.5644 -0.0047
vn 0.8014 -0.5981 -0.0048
vn 0.7897 -0.6135 -0.0044
vn 0.7888 -0.6147 -0.0037
vn 0.9592 -0.2826 0.0012
vn 0.9819 -0.1896 -0.0022
vn 0.9991 0.0416 0.0021
vn 0.8057 -0.5923 -0.0031
vn 0.8852 -0.4652 -0.0013
vn 0.9623 -0.2719 -0.0038
vn 0.9993 -0.0377 0.0020
vn -0.0339 -0.9994 -0.0045
vn 0.1744 -0.9847 -0.0008
vn -0.1239 -0.9923 -0.0043
vn -0.1600 -0.9871 -0.0070
vn -0.1196 -0.9928 -0.0026
vn -0.2988 -0.9543 -0.0052
vn -0.3161 -0.9487 -0.0066
vn -0.2580 -0.9661 -0.0018
vn -0.4019 -0.9157 -0.0028
vn -0.5070 -0.8619 -0.0046
vn -0.5167 -0.8561 -0.0053
vn 0.9101 -0.4143 0.0017
vn 0.9004 -0.4351 -0.0018
vn 0.8773 -0.4800 -0.0020
vn 0.8476 -0.5306 -0.0024
vn 0.8203 -0.5719 -0.0035
vn 0.8069 -0.5907 -0.0035
vn 0.7963 -0.6050 -0.0033
vn 0.8403 0.5421 0.0024
vn 0.4843 0.8749 -0.0033
vn -0.3596 0.9331 -0.0039
vn -0.2371 0.9715 -0.0041
vn -0.6736 0.7391 -0.0025
vn -0.6794 0.7337 -0.0033
vn -0.7382 0.6746 -0.0047
vn -0.6982 0.7159 -0.0052
vn -0.5219 0.8530 -0.0054
vn -0.7637 0.6456 -0.0013
vn -0.7769 0.6296 -0.0023
vn 0.7888 -0.6146 -0.0029
vn 0.7980 -0.6026 -0.0027
vn 0.8017 -0.5977 -0.0027
vn 0.7944 -0.6073 -0.0027
vn 0.7856 -0.6188 -0.0026
vn 0.8041 -0.5945 -0.0025
vn 0.7971 -0.6038 -0.0019
vn 0.8004 -0.5995 -0.0015
vn -0.7555 0.6551 -0.0025
vn -0.7606 0.6492 -0.0028
vn -0.7591 0.6510 -0.0036
vn -0.7556 0.6550 -0.0049
vn -0.7099 0.7042 -0.0052
vn -0.5249 0.8512 -0.0056
vn -0.7583 0.6519 -0.0015
vn -0.7755 0.6313 -0.0025
vn -0.7622 0.6473 -0.0026
vn 0.7973 -0.6036 -0.0012
vn 0.7951 -0.6065 -0.0008
vn 0.4738 -0.8806 -0.0062
vn 0.7612 -0.6485 -0.0054
vn 0.7968 -0.6042 -0.0056
vn 0.8074 -0.5900 -0.0051
vn 0.8249 -0.5653 -0.0048
vn 0.8536 -0.5209 -0.0041
vn 0.9211 -0.3893 -0.0054
vn 0.9956 -0.0932 0.0037
vn -0.7689 0.6394 -0.0027
vn -0.7743 0.6328 -0.0033
vn -0.7727 0.6348 -0.0043
vn -0.7709 0.6369 -0.0054
vn -0.7260 0.6877 -0.0054
vn 0.5759 0.8175 -0.0043
vn 0.9765 0.2153 -0.0036
vn 0.9157 0.4019 -0.0034
vn 0.9637 -0.2668 0.0015
vn 0.9997 -0.0224 -0.0034
vn 0.9834 0.1815 -0.0032
vn -0.9544 0.2985 -0.0032
vn -0.9128 0.4085 -0.0022
vn -0.9246 0.3809 0.0012
vn -0.9974 0.0713 0.0049
vn -0.5481 0.8364 -0.0059
vn -0.7707 0.6372 -0.0014
vn -0.7811 0.6244 -0.0023
vn -0.7763 0.6304 -0.0026
vn -0.7894 0.6139 -0.0027
vn -0.8129 0.5825 -0.0027
vn -0.8455 0.5339 -0.0025
vn -0.8857 0.4642 -0.0019
vn -0.8677 0.4971 -0.0004
vn -0.9998 0.0213 0.0043
vn -0.9023 0.4310 -0.0045
vn -0.8380 0.5457 -0.0041
vn -0.8069 0.5907 -0.0043
vn -0.8001 0.5999 -0.0047
vn -0.8123 0.5833 -0.0048
vn -0.8362 0.5485 -0.0044
vn -0.8466 0.5322 -0.0037
vn -0.8474 0.5310 -0.0031
vn -0.8313 0.5558 -0.0029
vn -0.7625 0.6469 -0.0040
vn -0.5844 0.8115 -0.0038
vn -0.5226 0.8526 -0.0016
vn -0.2877 0.9577 -0.0046
vn -0.4175 0.9087 0.0008
vn -0.6289 0.7775 -0.0034
vn -0.5093 0.8606 -0.0036
vn -0.5736 -0.8191 -0.0053
vn -0.6471 -0.7624 -0.0037
vn -0.6787 -0.7344 -0.0004
vn -0.9598 -0.2807 0.0050
vn -0.7444 -0.6677 0.0003
vn -0.7769 -0.6296 -0.0053
vn -0.9755 -0.2201 0.0034
vn -0.7683 -0.6401 -0.0021
vn -0.8467 -0.5320 -0.0044
vn -1.0000 0.0048 0.0042
vn -0.9100 -0.4146 0.0030
vn -0.4434 0.8963 -0.0014
vn -0.2306 0.9730 -0.0042
vn -0.3404 0.9403 0.0008
vn -0.6235 0.7818 -0.0033
vn -0.5502 0.8350 -0.0046
vn -0.2224 0.9750 -0.0049
vn -0.6793 0.7339 -0.0025
vn -0.6785 0.7346 -0.0034
vn -0.7354 0.6776 -0.0054
vn -0.7090 0.7051 -0.0074
vn -0.1558 0.9877 -0.0090
vn -0.7513 0.6599 -0.0019
vn -0.7788 0.6273 -0.0027
vn -0.7909 0.6120 -0.0027
vn -0.8319 0.5549 -0.0026
vn -0.8668 0.4987 -0.0024
vn -0.9997 -0.0233 -0.0038
vn -0.9633 0.2683 -0.0007
vn -0.9417 -0.3364 0.0043
vn -0.9548 0.2972 -0.0018
vn -0.9645 0.2642 -0.0023
vn -0.9996 0.0265 -0.0013
vn -0.8575 0.5144 -0.0008
vn -0.9995 0.0299 0.0045
vn 0.9353 -0.0943 0.3411
vn -0.0347 0.1749 -0.9840
vn -0.0754 0.1759 -0.9815
vn 0.0391 0.1722 -0.9843
vn -0.0042 0.1739 -0.9848
vn 0.8311 0.0671 -0.5521
vn -0.2237 0.1772 -0.9584
vn -0.0035 0.1739 -0.9848
vn 0.8441 -0.1228 0.5219
vn -0.3057 0.1762 -0.9357
vn -0.7376 0.1433 -0.6598
vn -0.0183 0.1744 -0.9845
vn -0.2122 0.4946 -0.8428
vn 0.0084 0.5000 -0.8660
vn 0.8378 -0.2956 0.4589
vn -0.2944 0.4861 -0.8228
vn -0.7297 0.3618 -0.5803
vn -0.0064 0.5004 -0.8658
vn 0.9312 -0.2072 0.3000
vn -0.0228 0.5007 -0.8653
vn -0.0636 0.5010 -0.8631
vn 0.0510 0.4982 -0.8656
vn 0.0076 0.5000 -0.8660
vn 0.8378 0.2500 -0.4855
vn -0.0540 0.7660 -0.6406
vn 0.0606 0.7639 -0.6424
vn 0.0173 0.7659 -0.6427
vn 0.8432 0.3990 -0.3603
vn -0.2027 0.7534 -0.6256
vn 0.0180 0.7659 -0.6428
vn 0.8327 -0.4365 0.3406
vn -0.2852 0.7387 -0.6107
vn -0.7232 0.5400 -0.4307
vn 0.0033 0.7662 -0.6426
vn 0.9278 -0.2993 0.2226
vn -0.0131 0.7664 -0.6423
vn -0.2792 0.9036 -0.3249
vn -0.7189 0.6562 -0.2292
vn 0.0096 0.9397 -0.3419
vn 0.9256 -0.3594 0.1185
vn -0.0068 0.9398 -0.3417
vn -0.0477 0.9389 -0.3409
vn 0.0670 0.9374 -0.3418
vn 0.0237 0.9394 -0.3420
vn 0.8467 0.4963 -0.1917
vn -0.1966 0.9223 -0.3328
vn 0.0244 0.9394 -0.3420
vn 0.8294 -0.5285 0.1812
vn 0.8480 0.5301 -0.0000
vn -0.1944 0.9809 -0.0000
vn 0.0265 0.9996 -0.0000
vn 0.8282 -0.5604 -0.0000
vn -0.2771 0.9608 -0.0000
vn -0.7175 0.6966 -0.0000
vn 0.0118 0.9999 -0.0000
vn 0.9249 -0.3803 -0.0000
vn -0.0046 1.0000 -0.0000
vn -0.0455 0.9990 -0.0000
vn 0.0692 0.9976 -0.0000
vn 0.0258 0.9997 -0.0000
vn -0.0068 0.9398 0.3418
vn -0.0477 0.9389 0.3409
vn 0.0670 0.9374 0.3418
vn 0.0237 0.9394 0.3420
vn 0.8467 0.4963 0.1917
vn -0.1966 0.9223 0.3329
vn 0.0244 0.9394 0.3420
vn 0.8294 -0.5285 -0.1812
vn -0.2792 0.9036 0.3249
vn -0.7189 0.6562 0.2292
vn 0.0096 0.9397 0.3419
vn 0.9256 -0.3594 -0.1185
vn 0.8327 -0.4365 -0.3406
vn -0.2852 0.7387 0.6107
vn -0.7232 0.5399 0.4307
vn 0.0033 0.7662 0.6426
vn 0.9278 -0.2993 -0.2227
vn -0.0131 0.7664 0.6422
vn -0.0539 0.7659 0.6406
vn 0.0607 0.7639 0.6424
vn 0.0173 0.7659 0.6428
vn 0.8432 0.3990 0.3603
vn -0.2027 0.7534 0.6256
vn 0.0180 0.7659 0.6428
vn 0.0077 0.5000 0.8660
vn 0.8378 0.2500 0.4855
vn -0.2122 0.4946 0.8428
vn 0.0084 0.5000 0.8660
vn 0.8378 -0.2956 -0.4589
vn -0.2944 0.4861 0.8228
vn -0.7296 0.3618 0.5803
vn -0.0064 0.5004 0.8658
vn 0.9312 -0.2072 -0.3000
vn -0.0228 0.5007 0.8653
vn -0.0636 0.5010 0.8631
vn 0.0510 0.4982 0.8656
vn 0.9353 -0.0942 -0.3411
vn -0.0347 0.1749 0.9840
vn -0.0754 0.1759 0.9815
vn 0.0391 0.1722 0.9843
vn -0.0042 0.1739 0.9848
vn 0.8311 0.0671 0.5521
vn -0.2237 0.1773 0.9584
vn -0.0035 0.1739 0.9848
vn 0.8441 -0.1228 -0.5219
vn -0.3057 0.1762 0.9357
vn -0.7376 0.1433 0.6599
vn -0.0183 0.1744 0.9845
vn -0.0162 -0.1732 0.9848
vn 0.8508 0.0611 -0.5219
vn -0.3177 -0.1535 0.9357
vn -0.7461 -0.0893 0.6599
vn -0.0309 -0.1726 0.9845
vn 0.9397 0.0260 -0.3411
vn -0.0473 -0.1719 0.9840
vn -0.0880 -0.1700 0.9815
vn 0.0265 -0.1746 0.9843
vn -0.0169 -0.1731 0.9848
vn 0.8240 -0.1274 0.5521
vn -0.2360 -0.1605 0.9584
vn -0.0287 -0.4993 0.8660
vn 0.8173 -0.3102 0.4855
vn -0.2476 -0.4779 0.8428
vn -0.0280 -0.4993 0.8660
vn 0.8571 0.2339 -0.4589
vn -0.3290 -0.4634 0.8228
vn -0.7540 -0.3078 0.5803
vn -0.0428 -0.4986 0.8658
vn 0.9438 0.1389 -0.3000
vn -0.0592 -0.4978 0.8653
vn -0.0999 -0.4950 0.8631
vn 0.0146 -0.5006 0.8656
vn -0.0525 -0.7644 0.6426
vn 0.9471 0.2310 -0.2227
vn -0.0688 -0.7634 0.6423
vn -0.1095 -0.7600 0.6406
vn 0.0049 -0.7663 0.6424
vn -0.0384 -0.7651 0.6428
vn 0.8119 -0.4593 0.3603
vn -0.2570 -0.7366 0.6255
vn -0.0377 -0.7651 0.6428
vn 0.8623 0.3748 -0.3406
vn -0.3382 -0.7160 0.6107
vn -0.7605 -0.4859 0.4307
vn -0.0440 -0.9387 0.3420
vn 0.8656 0.4668 -0.1812
vn -0.3442 -0.8809 0.3250
vn -0.7648 -0.6022 0.2292
vn -0.0588 -0.9379 0.3419
vn 0.9493 0.2911 -0.1185
vn -0.0751 -0.9368 0.3417
vn -0.1158 -0.9329 0.3409
vn -0.0014 -0.9398 0.3418
vn -0.0447 -0.9386 0.3420
vn 0.8084 -0.5566 0.1917
vn -0.2631 -0.9055 0.3329
vn -0.0036 -1.0000 -0.0000
vn -0.0469 -0.9989 -0.0000
vn 0.8071 -0.5904 -0.0000
vn -0.2653 -0.9642 -0.0000
vn -0.0462 -0.9989 -0.0000
vn 0.8668 0.4987 -0.0000
vn -0.3463 -0.9381 -0.0000
vn -0.7662 -0.6426 -0.0000
vn -0.0610 -0.9981 -0.0000
vn 0.9501 0.3120 -0.0000
vn -0.0773 -0.9970 -0.0000
vn -0.1180 -0.9930 -0.0000
vn -0.0588 -0.9379 -0.3419
vn 0.9493 0.2911 0.1185
vn -0.0751 -0.9368 -0.3417
vn -0.1158 -0.9329 -0.3409
vn -0.0014 -0.9398 -0.3418
vn -0.0447 -0.9386 -0.3420
vn 0.8084 -0.5566 -0.1917
vn -0.2631 -0.9055 -0.3328
vn -0.0440 -0.9387 -0.3420
vn 0.8656 0.4668 0.1812
vn -0.3442 -0.8809 -0.3250
vn -0.7648 -0.6022 -0.2292
vn -0.2570 -0.7366 -0.6256
vn -0.0377 -0.7651 -0.6428
vn 0.8623 0.3748 0.3406
vn -0.3382 -0.7160 -0.6107
vn -0.7605 -0.4859 -0.4307
vn -0.0525 -0.7644 -0.6426
vn 0.9471 0.2311 0.2226
vn -0.0688 -0.7634 -0.6423
vn -0.1095 -0.7600 -0.6406
vn 0.0049 -0.7663 -0.6424
vn -0.0384 -0.7651 -0.6428
vn 0.8119 -0.4593 -0.3603
vn 0.0146 -0.5006 -0.8656
vn -0.0287 -0.4993 -0.8660
vn 0.8173 -0.3102 -0.4855
vn -0.2476 -0.4779 -0.8428
vn -0.0280 -0.4993 -0.8660
vn 0.8571 0.2339 0.4589
vn -0.3290 -0.4634 -0.8228
vn -0.7540 -0.3078 -0.5803
vn -0.0428 -0.4986 -0.8658
vn 0.9438 0.1389 0.3000
vn -0.0592 -0.4978 -0.8653
vn -0.0999 -0.4950 -0.8631
vn -0.7461 -0.0893 -0.6599
vn -0.0309 -0.1726 -0.9845
vn 0.9397 0.0260 0.3411
vn -0.0473 -0.1719 -0.9840
vn -0.0880 -0.1700 -0.9815
vn 0.0265 -0.1746 -0.9843
vn -0.0169 -0.1731 -0.9848
vn 0.8240 -0.1274 -0.5521
vn -0.2360 -0.1605 -0.9584
vn -0.0162 -0.1732 -0.9848
vn 0.8508 0.0611 0.5219
vn -0.3177 -0.1535 -0.9357
vn -0.9400 -0.0004 -0.3411
vn 0.0519 0.1705 0.9840
vn 0.0926 0.1675 0.9815
vn -0.0217 0.1753 0.9843
vn 0.0216 0.1726 0.9848
vn -0.8202 0.1498 0.5521
vn 0.2403 0.1540 0.9584
vn 0.0209 0.1727 0.9848
vn -0.8522 -0.0379 -0.5219
vn 0.3217 0.1448 0.9357
vn 0.7482 0.0689 0.6599
vn 0.0356 0.1717 0.9845
vn 0.2605 0.4710 0.8428
vn 0.0416 0.4983 0.8660
vn -0.8632 -0.2105 -0.4589
vn 0.3415 0.4543 0.8228
vn 0.7621 0.2871 0.5803
vn 0.0563 0.4973 0.8658
vn -0.9472 -0.1132 -0.3000
vn 0.0727 0.4960 0.8653
vn 0.1133 0.4921 0.8631
vn -0.0010 0.5008 0.8656
vn 0.0423 0.4983 0.8660
vn -0.8086 0.3324 0.4855
vn 0.1302 0.7567 0.6406
vn 0.0159 0.7662 0.6424
vn 0.0592 0.7638 0.6427
vn -0.7991 0.4812 0.3603
vn 0.2769 0.7294 0.6256
vn 0.0585 0.7638 0.6428
vn -0.8721 -0.3512 -0.3406
vn 0.3575 0.7065 0.6107
vn 0.7735 0.4650 0.4307
vn 0.0732 0.7627 0.6426
vn -0.9531 -0.2052 -0.2227
vn 0.0896 0.7613 0.6422
vn 0.3680 0.8712 0.3250
vn 0.7809 0.5812 0.2292
vn 0.0843 0.9359 0.3419
vn -0.9569 -0.2652 -0.1185
vn 0.1006 0.9344 0.3417
vn 0.1412 0.9295 0.3409
vn 0.0270 0.9394 0.3418
vn 0.0703 0.9371 0.3420
vn -0.7929 0.5784 0.1917
vn 0.2877 0.8980 0.3329
vn 0.0696 0.9371 0.3420
vn -0.8780 -0.4430 -0.1812
vn -0.7908 0.6121 -0.0000
vn 0.2914 0.9566 -0.0000
vn 0.0734 0.9973 -0.0000
vn -0.8800 -0.4749 -0.0000
vn 0.3717 0.9284 -0.0000
vn 0.7834 0.6215 -0.0000
vn 0.0881 0.9961 -0.0000
vn -0.9582 -0.2860 -0.0000
vn 0.1044 0.9945 -0.0000
vn 0.1450 0.9894 -0.0000
vn 0.0308 0.9995 -0.0000
vn 0.0741 0.9973 -0.0000
vn 0.1006 0.9344 -0.3417
vn 0.1412 0.9294 -0.3409
vn 0.0270 0.9394 -0.3418
vn 0.0703 0.9371 -0.3420
vn -0.7929 0.5784 -0.1917
vn 0.2877 0.8980 -0.3328
vn 0.0696 0.9371 -0.3420
vn -0.8780 -0.4430 0.1812
vn 0.3680 0.8712 -0.3249
vn 0.7809 0.5812 -0.2292
vn 0.0843 0.9359 -0.3419
vn -0.9569 -0.2652 0.1185
vn -0.8721 -0.3512 0.3406
vn 0.3575 0.7065 -0.6107
vn 0.7735 0.4650 -0.4307
vn 0.0733 0.7627 -0.6426
vn -0.9531 -0.2052 0.2227
vn 0.0896 0.7613 -0.6422
vn 0.1302 0.7567 -0.6406
vn 0.0159 0.7662 -0.6424
vn 0.0592 0.7638 -0.6428
vn -0.7991 0.4812 -0.3603
vn 0.2770 0.7294 -0.6255
vn 0.0585 0.7638 -0.6428
vn 0.0423 0.4983 -0.8660
vn -0.8086 0.3324 -0.4855
vn 0.2605 0.4710 -0.8428
vn 0.0416 0.4983 -0.8660
vn -0.8632 -0.2105 0.4589
vn 0.3415 0.4543 -0.8228
vn 0.7621 0.2871 -0.5803
vn 0.0563 0.4973 -0.8658
vn -0.9472 -0.1132 0.3000
vn 0.0727 0.4960 -0.8653
vn 0.1133 0.4921 -0.8631
vn -0.0010 0.5008 -0.8656
vn -0.9400 -0.0004 0.3411
vn 0.0520 0.1705 -0.9840
vn 0.0926 0.1675 -0.9815
vn -0.0217 0.1753 -0.9843
vn 0.0216 0.1726 -0.9848
vn -0.8202 0.1498 -0.5521
vn 0.2403 0.1540 -0.9584
vn 0.0209 0.1727 -0.9848
vn -0.8522 -0.0379 0.5219
vn 0.3218 0.1448 -0.9357
vn 0.7482 0.0689 -0.6598
vn 0.0356 0.1717 -0.9845
vn -0.0012 -0.1739 -0.9848
vn -0.8405 0.1457 0.5219
vn 0.3008 -0.1845 -0.9357
vn 0.7334 -0.1633 -0.6599
vn 0.0135 -0.1748 -0.9845
vn -0.9324 0.1197 0.3411
vn 0.0299 -0.1758 -0.9840
vn 0.0706 -0.1779 -0.9815
vn -0.0438 -0.1711 -0.9843
vn -0.0005 -0.1740 -0.9848
vn -0.8326 -0.0445 -0.5521
vn 0.2188 -0.1833 -0.9584
vn -0.0213 -0.4996 -0.8660
vn -0.8442 -0.2271 -0.4855
vn 0.1986 -0.5002 -0.8428
vn -0.0220 -0.4996 -0.8660
vn -0.8295 0.3183 0.4589
vn 0.2811 -0.4939 -0.8228
vn 0.7195 -0.3815 -0.5803
vn -0.0072 -0.5004 -0.8658
vn -0.9252 0.2325 0.3000
vn 0.0092 -0.5012 -0.8653
vn 0.0499 -0.5025 -0.8631
vn -0.0645 -0.4966 -0.8656
vn -0.0241 -0.7658 -0.6426
vn -0.9193 0.3245 0.2227
vn -0.0077 -0.7665 -0.6422
vn 0.0331 -0.7671 -0.6406
vn -0.0814 -0.7620 -0.6424
vn -0.0382 -0.7651 -0.6428
vn -0.8537 -0.3759 -0.3603
vn 0.1822 -0.7586 -0.6256
vn -0.0389 -0.7651 -0.6428
vn -0.8205 0.4590 0.3406
vn 0.2650 -0.7462 -0.6107
vn 0.7082 -0.5594 -0.4307
vn -0.0499 -0.9384 -0.3420
vn -0.8147 0.5509 0.1812
vn 0.2545 -0.9108 -0.3249
vn 0.7008 -0.6755 -0.2292
vn -0.0352 -0.9391 -0.3419
vn -0.9155 0.3845 0.1185
vn -0.0188 -0.9396 -0.3417
vn 0.0221 -0.9399 -0.3409
vn -0.0925 -0.9352 -0.3419
vn -0.0492 -0.9384 -0.3420
vn -0.8599 -0.4731 -0.1917
vn 0.1714 -0.9273 -0.3328
vn -0.0963 -0.9954 -0.0000
vn -0.0530 -0.9986 -0.0000
vn -0.8621 -0.5068 -0.0000
vn 0.1677 -0.9858 -0.0000
vn -0.0537 -0.9986 -0.0000
vn -0.8126 0.5828 -0.0000
vn 0.2509 -0.9680 -0.0000
vn 0.6982 -0.7159 -0.0000
vn -0.0390 -0.9992 -0.0000
vn -0.9142 0.4053 -0.0000
vn -0.0226 -0.9997 -0.0000
vn 0.0183 -0.9998 -0.0000
vn -0.0352 -0.9391 0.3419
vn -0.9155 0.3845 -0.1185
vn -0.0188 -0.9396 0.3417
vn 0.0221 -0.9399 0.3409
vn -0.0925 -0.9352 0.3418
vn -0.0492 -0.9384 0.3420
vn -0.8599 -0.4731 0.1917
vn 0.1714 -0.9273 0.3328
vn -0.0499 -0.9384 0.3420
vn -0.8147 0.5509 -0.1812
vn 0.2545 -0.9108 0.3250
vn 0.7008 -0.6755 0.2292
vn 0.1822 -0.7586 0.6255
vn -0.0389 -0.7651 0.6428
vn -0.8205 0.4590 -0.3406
vn 0.2650 -0.7462 0.6107
vn 0.7082 -0.5594 0.4307
vn -0.0241 -0.7658 0.6426
vn -0.9193 0.3245 -0.2227
vn -0.0077 -0.7665 0.6422
vn 0.0331 -0.7671 0.6406
vn -0.0814 -0.7620 0.6424
vn -0.0382 -0.7651 0.6427
vn -0.8537 -0.3759 0.3603
vn -0.0645 -0.4966 0.8656
vn -0.0213 -0.4996 0.8660
vn -0.8442 -0.2271 0.4855
vn 0.1986 -0.5002 0.8428
vn -0.0220 -0.4996 0.8660
vn -0.8295 0.3183 -0.4589
vn 0.2811 -0.4939 0.8228
vn 0.7195 -0.3815 0.5803
vn -0.0072 -0.5004 0.8658
vn -0.9252 0.2325 -0.3000
vn 0.0092 -0.5012 0.8653
vn 0.0499 -0.5025 0.8631
vn 0.7334 -0.1633 0.6599
vn 0.0135 -0.1748 0.9845
vn -0.9324 0.1197 -0.3411
vn 0.0299 -0.1758 0.9840
vn 0.0706 -0.1779 0.9815
vn -0.0438 -0.1711 0.9843
vn -0.0005 -0.1740 0.9848
vn -0.8326 -0.0445 0.5521
vn 0.2188 -0.1833 0.9584
vn -0.0012 -0.1739 0.9848
vn -0.8405 0.1458 -0.5219
vn 0.3008 -0.1845 0.9357
vn 0.9393 0.0358 0.3411
vn -0.0585 0.1684 -0.9840
vn -0.0990 0.1638 -0.9815
vn 0.0149 0.1760 -0.9843
vn -0.0282 0.1717 -0.9848
vn 0.8139 0.1812 -0.5521
vn -0.2460 0.1447 -0.9584
vn -0.0275 0.1717 -0.9848
vn 0.8530 -0.0051 0.5219
vn -0.3271 0.1323 -0.9357
vn -0.7503 0.0401 -0.6598
vn -0.0422 0.1702 -0.9845
vn -0.2784 0.4606 -0.8428
vn -0.0608 0.4964 -0.8660
vn 0.8706 -0.1772 0.4589
vn -0.3587 0.4408 -0.8228
vn -0.7726 0.2576 -0.5803
vn -0.0754 0.4947 -0.8658
vn 0.9509 -0.0767 0.3000
vn -0.0917 0.4928 -0.8653
vn -0.1322 0.4874 -0.8631
vn -0.0183 0.5005 -0.8656
vn -0.0615 0.4963 -0.8660
vn 0.7952 0.3632 -0.4855
vn -0.1592 0.7512 -0.6406
vn -0.0454 0.7650 -0.6424
vn -0.0886 0.7609 -0.6428
vn 0.7800 0.5116 -0.3603
vn -0.3048 0.7182 -0.6256
vn -0.0879 0.7610 -0.6428
vn 0.8850 -0.3174 0.3406
vn -0.3845 0.6923 -0.6107
vn -0.7908 0.4349 -0.4307
vn -0.1025 0.7593 -0.6426
vn 0.9603 -0.1683 0.2227
vn -0.1188 0.7572 -0.6422
vn -0.4013 0.8564 -0.3249
vn -0.8026 0.5507 -0.2292
vn -0.1202 0.9320 -0.3419
vn 0.9664 -0.2282 0.1185
vn -0.1365 0.9298 -0.3417
vn -0.1768 0.9233 -0.3409
vn -0.0631 0.9376 -0.3418
vn -0.1063 0.9337 -0.3420
vn 0.7701 0.6084 -0.1917
vn -0.3220 0.8863 -0.3328
vn -0.1056 0.9337 -0.3420
vn 0.8944 -0.4089 0.1812
vn 0.7667 0.6421 -0.0000
vn -0.3280 0.9447 -0.0000
vn -0.1117 0.9937 -0.0000
vn 0.8976 -0.4407 -0.0000
vn -0.4071 0.9134 -0.0000
vn -0.8068 0.5909 -0.0000
vn -0.1264 0.9920 -0.0000
vn 0.9685 -0.2490 -0.0000
vn -0.1426 0.9898 -0.0000
vn -0.1829 0.9831 -0.0000
vn -0.0692 0.9976 -0.0000
vn -0.1124 0.9937 -0.0000
vn -0.1365 0.9298 0.3418
vn -0.1768 0.9233 0.3409
vn -0.0631 0.9376 0.3418
vn -0.1063 0.9337 0.3420
vn 0.7701 0.6084 0.1917
vn -0.3220 0.8863 0.3329
vn -0.1056 0.9338 0.3420
vn 0.8944 -0.4089 -0.1812
vn -0.4013 0.8564 0.3249
vn -0.8026 0.5507 0.2292
vn -0.1202 0.9320 0.3419
vn 0.9664 -0.2282 -0.1185
vn 0.8850 -0.3174 -0.3406
vn -0.3844 0.6922 0.6107
vn -0.7908 0.4349 0.4307
vn -0.1025 0.7593 0.6426
vn 0.9602 -0.1684 -0.2227
vn -0.1188 0.7572 0.6422
vn -0.1592 0.7512 0.6406
vn -0.0454 0.7650 0.6424
vn -0.0886 0.7609 0.6427
vn 0.7800 0.5116 0.3603
vn -0.3048 0.7182 0.6255
vn -0.0879 0.7610 0.6428
vn -0.0615 0.4963 0.8660
vn 0.7952 0.3632 0.4855
vn -0.2784 0.4606 0.8428
vn -0.0608 0.4964 0.8660
vn 0.8706 -0.1772 -0.4589
vn -0.3587 0.4408 0.8228
vn -0.7726 0.2576 0.5803
vn -0.0754 0.4947 0.8658
vn 0.9509 -0.0767 -0.3000
vn -0.0917 0.4928 0.8653
vn -0.1322 0.4874 0.8631
vn -0.0183 0.5005 0.8656
vn 0.9393 0.0358 -0.3411
vn -0.0585 0.1684 0.9840
vn -0.0990 0.1638 0.9815
vn 0.0150 0.1760 0.9843
vn -0.0282 0.1717 0.9848
vn 0.8139 0.1812 0.5521
vn -0.2460 0.1447 0.9584
vn -0.0275 0.1717 0.9848
vn 0.8530 -0.0051 -0.5219
vn -0.3271 0.1323 0.9357
vn -0.7503 0.0401 0.6599
vn -0.0422 0.1702 0.9845
vn 0.0079 -0.1737 0.9848
vn 0.8342 0.1780 -0.5219
vn -0.2935 -0.1959 0.9357
vn -0.7266 -0.1914 0.6599
vn -0.0068 -0.1752 0.9845
vn 0.9271 0.1554 -0.3411
vn -0.0231 -0.1768 0.9840
vn -0.0637 -0.1805 0.9815
vn 0.0503 -0.1693 0.9843
vn 0.0072 -0.1738 0.9848
vn 0.8337 -0.0124 0.5521
vn -0.2116 -0.1916 0.9584
vn 0.0405 -0.4984 0.8660
vn 0.8524 -0.1945 0.4855
vn -0.1792 -0.5075 0.8428
vn 0.0412 -0.4984 0.8660
vn 0.8166 0.3500 -0.4589
vn -0.2618 -0.5044 0.8228
vn -0.7043 -0.4089 0.5803
vn 0.0265 -0.4997 0.8658
vn 0.9156 0.2679 -0.3000
vn 0.0101 -0.5012 0.8653
vn -0.0306 -0.5041 0.8631
vn 0.0836 -0.4938 0.8656
vn 0.0536 -0.7643 0.6426
vn 0.9062 0.3596 -0.2227
vn 0.0372 -0.7656 0.6423
vn -0.0035 -0.7678 0.6406
vn 0.1107 -0.7583 0.6424
vn 0.0676 -0.7631 0.6428
vn 0.8676 -0.3428 0.3603
vn -0.1528 -0.7651 0.6256
vn 0.0683 -0.7630 0.6428
vn 0.8023 0.4903 -0.3406
vn -0.2361 -0.7558 0.6107
vn -0.6862 -0.5863 0.4307
vn 0.0860 -0.9358 0.3420
vn 0.7929 0.5818 -0.1813
vn -0.2193 -0.9200 0.3250
vn -0.6743 -0.7020 0.2292
vn 0.0713 -0.9370 0.3419
vn 0.9000 0.4194 -0.1185
vn 0.0549 -0.9382 0.3417
vn 0.0141 -0.9400 0.3409
vn 0.1284 -0.9310 0.3418
vn 0.0853 -0.9358 0.3420
vn 0.8775 -0.4396 0.1917
vn -0.1356 -0.9332 0.3329
vn 0.1345 -0.9909 -0.0000
vn 0.0914 -0.9958 -0.0000
vn 0.8809 -0.4733 -0.0000
vn -0.1296 -0.9916 -0.0000
vn 0.0921 -0.9957 -0.0000
vn 0.7896 0.6136 -0.0000
vn -0.2134 -0.9770 -0.0000
vn -0.6702 -0.7422 -0.0000
vn 0.0774 -0.9970 -0.0000
vn 0.8979 0.4402 -0.0000
vn 0.0611 -0.9981 -0.0000
vn 0.0202 -0.9998 -0.0000
vn 0.0713 -0.9370 -0.3419
vn 0.9000 0.4194 0.1185
vn 0.0549 -0.9382 -0.3417
vn 0.0141 -0.9400 -0.3409
vn 0.1284 -0.9309 -0.3419
vn 0.0853 -0.9358 -0.3420
vn 0.8775 -0.4396 -0.1917
vn -0.1356 -0.9332 -0.3328
vn 0.0860 -0.9358 -0.3420
vn 0.7929 0.5818 0.1812
vn -0.2193 -0.9200 -0.3250
vn -0.6743 -0.7020 -0.2292
vn -0.1528 -0.7651 -0.6255
vn 0.0683 -0.7630 -0.6427
vn 0.8023 0.4903 0.3406
vn -0.2361 -0.7558 -0.6107
vn -0.6862 -0.5863 -0.4307
vn 0.0536 -0.7643 -0.6426
vn 0.9062 0.3596 0.2227
vn 0.0372 -0.7656 -0.6423
vn -0.0036 -0.7678 -0.6406
vn 0.1107 -0.7583 -0.6424
vn 0.0676 -0.7631 -0.6428
vn 0.8676 -0.3428 -0.3603
vn 0.0836 -0.4938 -0.8656
vn 0.0405 -0.4984 -0.8660
vn 0.8524 -0.1944 -0.4855
vn -0.1792 -0.5075 -0.8428
vn 0.0412 -0.4984 -0.8660
vn 0.8166 0.3500 0.4589
vn -0.2619 -0.5044 -0.8228
vn -0.7043 -0.4089 -0.5803
vn 0.0265 -0.4998 -0.8658
vn 0.9156 0.2679 0.3000
vn 0.0101 -0.5012 -0.8653
vn -0.0306 -0.5041 -0.8631
vn -0.7266 -0.1914 -0.6598
vn -0.0068 -0.1752 -0.9845
vn 0.9271 0.1555 0.3411
vn -0.0231 -0.1768 -0.9840
vn -0.0637 -0.1805 -0.9815
vn 0.0503 -0.1693 -0.9843
vn 0.0072 -0.1738 -0.9848
vn 0.8337 -0.0124 -0.5521
vn -0.2116 -0.1916 -0.9584
vn 0.0079 -0.1737 -0.9848
vn 0.8343 0.1780 0.5219
vn -0.2935 -0.1959 -0.9357
vn -0.9385 -0.0535 -0.3411
vn 0.0422 0.1732 0.9840
vn 0.0830 0.1725 0.9815
vn -0.0316 0.1738 0.9843
vn 0.0118 0.1736 0.9848
vn -0.8274 0.1032 0.5521
vn 0.2312 0.1673 0.9584
vn 0.0111 0.1736 0.9848
vn -0.8487 -0.0860 -0.5219
vn 0.3131 0.1628 0.9357
vn 0.7431 0.1111 0.6599
vn 0.0258 0.1734 0.9845
vn 0.2335 0.4849 0.8428
vn 0.0134 0.4999 0.8660
vn -0.8499 -0.2589 -0.4589
vn 0.3153 0.4728 0.8228
vn 0.7447 0.3297 0.5803
vn 0.0282 0.4997 0.8658
vn -0.9393 -0.1665 -0.3000
vn 0.0446 0.4993 0.8653
vn 0.0853 0.4977 0.8631
vn -0.0292 0.4999 0.8656
vn 0.0141 0.4999 0.8660
vn -0.8261 0.2862 0.4855
vn 0.0872 0.7629 0.6406
vn -0.0274 0.7658 0.6424
vn 0.0160 0.7659 0.6428
vn -0.8250 0.4353 0.3603
vn 0.2353 0.7438 0.6256
vn 0.0153 0.7659 0.6428
vn -0.8509 -0.3999 -0.3406
vn 0.3171 0.7256 0.6107
vn 0.7460 0.5080 0.4307
vn 0.0301 0.7656 0.6426
vn -0.9400 -0.2587 -0.2227
vn 0.0465 0.7651 0.6422
vn 0.3183 0.8906 0.3249
vn 0.7468 0.6243 0.2292
vn 0.0313 0.9392 0.3419
vn -0.9404 -0.3188 -0.1185
vn 0.0477 0.9386 0.3417
vn 0.0885 0.9359 0.3409
vn -0.0261 0.9394 0.3418
vn 0.0172 0.9395 0.3420
vn -0.8243 0.5327 0.1917
vn 0.2365 0.9128 0.3328
vn 0.0165 0.9396 0.3420
vn -0.8516 -0.4919 -0.1813
vn -0.8241 0.5665 -0.0000
vn 0.2369 0.9715 -0.0000
vn 0.0170 0.9999 -0.0000
vn -0.8518 -0.5239 -0.0000
vn 0.3187 0.9479 -0.0000
vn 0.7471 0.6647 -0.0000
vn 0.0317 0.9995 -0.0000
vn -0.9405 -0.3397 -0.0000
vn 0.0481 0.9988 -0.0000
vn 0.0889 0.9960 -0.0000
vn -0.0257 0.9997 -0.0000
vn 0.0177 0.9998 -0.0000
vn 0.0477 0.9386 -0.3417
vn 0.0885 0.9359 -0.3409
vn -0.0261 0.9394 -0.3418
vn 0.0173 0.9395 -0.3420
vn -0.8243 0.5327 -0.1917
vn 0.2365 0.9128 -0.3328
vn 0.0165 0.9395 -0.3420
vn -0.8516 -0.4919 0.1812
vn 0.3183 0.8906 -0.3249
vn 0.7468 0.6243 -0.2292
vn 0.0313 0.9392 -0.3419
vn -0.9404 -0.3188 0.1185
vn -0.8509 -0.3999 0.3406
vn 0.3171 0.7256 -0.6107
vn 0.7460 0.5080 -0.4307
vn 0.0301 0.7656 -0.6426
vn -0.9400 -0.2587 0.2226
vn 0.0465 0.7651 -0.6422
vn 0.0872 0.7629 -0.6406
vn -0.0273 0.7658 -0.6425
vn 0.0160 0.7659 -0.6428
vn -0.8250 0.4353 -0.3603
vn 0.2353 0.7438 -0.6256
vn 0.0153 0.7659 -0.6428
vn 0.0141 0.4999 -0.8660
vn -0.8261 0.2862 -0.4855
vn 0.2335 0.4849 -0.8428
vn 0.0134 0.4999 -0.8660
vn -0.8499 -0.2589 0.4589
vn 0.3153 0.4728 -0.8228
vn 0.7447 0.3297 -0.5803
vn 0.0282 0.4997 -0.8658
vn -0.9393 -0.1665 0.3000
vn 0.0446 0.4993 -0.8653
vn 0.0853 0.4977 -0.8631
vn -0.0292 0.5000 -0.8656
vn -0.9385 -0.0535 0.3411
vn 0.0422 0.1732 -0.9840
vn 0.0830 0.1725 -0.9815
vn -0.0316 0.1738 -0.9843
vn 0.0118 0.1736 -0.9848
vn -0.8274 0.1032 -0.5521
vn 0.2312 0.1673 -0.9584
vn 0.0111 0.1736 -0.9848
vn -0.8487 -0.0860 0.5219
vn 0.3131 0.1628 -0.9357
vn 0.7431 0.1111 -0.6598
vn 0.0259 0.1734 -0.9845
vn 0.0086 -0.1737 -0.9848
vn -0.8474 0.0981 0.5219
vn 0.3107 -0.1672 -0.9357
vn 0.7415 -0.1216 -0.6598
vn 0.0234 -0.1738 -0.9845
vn -0.9376 0.0668 0.3411
vn 0.0398 -0.1738 -0.9840
vn 0.0806 -0.1736 -0.9815
vn -0.0340 -0.1733 -0.9843
vn 0.0093 -0.1737 -0.9848
vn -0.8288 -0.0914 -0.5521
vn 0.2288 -0.1706 -0.9584
vn 0.0070 -0.5000 -0.8660
vn -0.8301 -0.2744 -0.4855
vn 0.2265 -0.4882 -0.8428
vn 0.0063 -0.5000 -0.8660
vn -0.8461 0.2710 0.4589
vn 0.3085 -0.4773 -0.8228
vn 0.7399 -0.3403 -0.5803
vn 0.0211 -0.5000 -0.8658
vn -0.9368 0.1799 0.3000
vn 0.0374 -0.4999 -0.8653
vn 0.0782 -0.4989 -0.8631
vn -0.0364 -0.4995 -0.8656
vn 0.0192 -0.7660 -0.6426
vn -0.9362 0.2720 0.2227
vn 0.0355 -0.7657 -0.6423
vn 0.0763 -0.7640 -0.6406
vn -0.0383 -0.7654 -0.6424
vn 0.0051 -0.7661 -0.6428
vn -0.8311 -0.4235 -0.3603
vn 0.2247 -0.7471 -0.6255
vn 0.0044 -0.7661 -0.6427
vn -0.8451 0.4120 0.3406
vn 0.3067 -0.7300 -0.6107
vn 0.7387 -0.5186 -0.4307
vn 0.0031 -0.9397 -0.3420
vn -0.8445 0.5040 0.1812
vn 0.3055 -0.8950 -0.3250
vn 0.7378 -0.6349 -0.2292
vn 0.0179 -0.9396 -0.3419
vn -0.9357 0.3322 0.1185
vn 0.0343 -0.9392 -0.3417
vn 0.0751 -0.9371 -0.3409
vn -0.0395 -0.9389 -0.3418
vn 0.0039 -0.9397 -0.3420
vn -0.8318 -0.5209 -0.1917
vn 0.2235 -0.9161 -0.3328
vn -0.0399 -0.9992 -0.0000
vn 0.0034 -1.0000 -0.0000
vn -0.8321 -0.5547 -0.0000
vn 0.2231 -0.9748 -0.0000
vn 0.0027 -1.0000 -0.0000
vn -0.8442 0.5360 -0.0000
vn 0.3051 -0.9523 -0.0000
vn 0.7375 -0.6753 -0.0000
vn 0.0175 -0.9998 -0.0000
vn -0.9356 0.3531 -0.0000
vn 0.0339 -0.9994 -0.0000
vn 0.0747 -0.9972 -0.0000
vn 0.0179 -0.9396 0.3419
vn -0.9357 0.3322 -0.1185
vn 0.0343 -0.9392 0.3418
vn 0.0751 -0.9371 0.3409
vn -0.0395 -0.9389 0.3418
vn 0.0038 -0.9397 0.3420
vn -0.8318 -0.5209 0.1917
vn 0.2235 -0.9161 0.3328
vn 0.0031 -0.9397 0.3420
vn -0.8445 0.5040 -0.1812
vn 0.3055 -0.8950 0.3250
vn 0.7378 -0.6349 0.2292
vn 0.2247 -0.7471 0.6256
vn 0.0044 -0.7661 0.6428
vn -0.8451 0.4120 -0.3406
vn 0.3067 -0.7300 0.6107
vn 0.7387 -0.5186 0.4307
vn 0.0191 -0.7660 0.6426
vn -0.9362 0.2720 -0.2227
vn 0.0355 -0.7657 0.6422
vn 0.0763 -0.7640 0.6406
vn -0.0383 -0.7654 0.6424
vn 0.0051 -0.7661 0.6427
vn -0.8311 -0.4235 0.3603
vn -0.0364 -0.4995 0.8656
vn 0.0070 -0.5000 0.8660
vn -0.8301 -0.2744 0.4855
vn 0.2265 -0.4882 0.8428
vn 0.0063 -0.5000 0.8660
vn -0.8461 0.2710 -0.4589
vn 0.3085 -0.4773 0.8228
vn 0.7399 -0.3403 0.5803
vn 0.0210 -0.5000 0.8658
vn -0.9368 0.1799 -0.3000
vn 0.0374 -0.4999 0.8653
vn 0.0782 -0.4989 0.8631
vn 0.7415 -0.1216 0.6598
vn 0.0234 -0.1738 0.9845
vn -0.9376 0.0668 -0.3411
vn 0.0398 -0.1738 0.9840
vn 0.0806 -0.1736 0.9815
vn -0.0340 -0.1733 0.9843
vn 0.0093 -0.1737 0.9848
vn -0.8288 -0.0914 0.5521
vn 0.2288 -0.1706 0.9584
vn 0.0086 -0.1737 0.9848
vn -0.8474 0.0981 -0.5219
vn 0.3107 -0.1672 0.9357
vn 0.9367 -0.0784 0.3411
vn -0.0376 0.1743 -0.9840
vn -0.0784 0.1746 -0.9815
vn 0.0362 0.1729 -0.9843
vn -0.0072 0.1738 -0.9848
vn 0.8298 0.0812 -0.5521
vn -0.2267 0.1734 -0.9584
vn -0.0065 0.1738 -0.9848
vn 0.8461 -0.1085 0.5219
vn -0.3086 0.1710 -0.9357
vn -0.7399 0.1308 -0.6598
vn -0.0212 0.1740 -0.9845
vn -0.2205 0.4910 -0.8428
vn -0.0001 0.5001 -0.8660
vn 0.8427 -0.2814 0.4589
vn -0.3026 0.4810 -0.8228
vn -0.7357 0.3494 -0.5803
vn -0.0149 0.5002 -0.8658
vn 0.9345 -0.1915 0.3000
vn -0.0313 0.5003 -0.8653
vn -0.0721 0.4998 -0.8631
vn 0.0425 0.4990 -0.8656
vn -0.0008 0.5001 -0.8660
vn 0.8334 0.2641 -0.4855
vn -0.0669 0.7649 -0.6406
vn 0.0477 0.7648 -0.6424
vn 0.0044 0.7661 -0.6427
vn 0.8363 0.4132 -0.3603
vn -0.2154 0.7499 -0.6255
vn 0.0051 0.7661 -0.6427
vn 0.8400 -0.4224 0.3406
vn -0.2977 0.7338 -0.6107
vn -0.7322 0.5276 -0.4307
vn -0.0097 0.7661 -0.6426
vn 0.9327 -0.2836 0.2227
vn -0.0261 0.7661 -0.6422
vn -0.2944 0.8987 -0.3250
vn -0.7299 0.6440 -0.2292
vn -0.0063 0.9397 -0.3419
vn 0.9316 -0.3437 0.1185
vn -0.0227 0.9395 -0.3417
vn -0.0635 0.9380 -0.3409
vn 0.0511 0.9384 -0.3418
vn 0.0078 0.9397 -0.3420
vn 0.8382 0.5105 -0.1917
vn -0.2122 0.9188 -0.3328
vn 0.0085 0.9397 -0.3420
vn 0.8382 -0.5144 0.1812
vn 0.8389 0.5443 -0.0000
vn -0.2110 0.9775 -0.0000
vn 0.0096 1.0000 -0.0000
vn 0.8376 -0.5463 -0.0000
vn -0.2933 0.9560 -0.0000
vn -0.7291 0.6844 -0.0000
vn -0.0051 1.0000 -0.0000
vn 0.9312 -0.3646 -0.0000
vn -0.0215 0.9998 -0.0000
vn -0.0624 0.9981 -0.0000
vn 0.0523 0.9986 -0.0000
vn 0.0089 1.0000 -0.0000
vn -0.0227 0.9395 0.3417
vn -0.0635 0.9380 0.3409
vn 0.0511 0.9384 0.3418
vn 0.0078 0.9397 0.3420
vn 0.8382 0.5105 0.1917
vn -0.2121 0.9188 0.3329
vn 0.0085 0.9397 0.3420
vn 0.8382 -0.5144 -0.1813
vn -0.2944 0.8987 0.3250
vn -0.7299 0.6440 0.2292
vn -0.0063 0.9397 0.3419
vn 0.9316 -0.3437 -0.1185
vn 0.8400 -0.4224 -0.3406
vn -0.2976 0.7338 0.6107
vn -0.7322 0.5276 0.4307
vn -0.0097 0.7662 0.6426
vn 0.9327 -0.2836 -0.2227
vn -0.0261 0.7661 0.6422
vn -0.0669 0.7649 0.6406
vn 0.0477 0.7648 0.6424
vn 0.0044 0.7661 0.6428
vn 0.8363 0.4132 0.3603
vn -0.2154 0.7498 0.6256
vn 0.0051 0.7661 0.6428
vn -0.0008 0.5001 0.8660
vn 0.8334 0.2641 0.4855
vn -0.2205 0.4910 0.8428
vn -0.0001 0.5001 0.8660
vn 0.8427 -0.2814 -0.4589
vn -0.3026 0.4810 0.8228
vn -0.7357 0.3494 0.5803
vn -0.0149 0.5002 0.8658
vn 0.9345 -0.1914 -0.3000
vn -0.0313 0.5003 0.8653
vn -0.0721 0.4998 0.8631
vn 0.0425 0.4990 0.8656
vn 0.9367 -0.0784 -0.3411
vn -0.0376 0.1743 0.9840
vn -0.0784 0.1746 0.9815
vn 0.0362 0.1729 0.9843
vn -0.0072 0.1738 0.9848
vn 0.8298 0.0812 0.5521
vn -0.2267 0.1734 0.9584
vn -0.0065 0.1738 0.9848
vn 0.8461 -0.1085 -0.5219
vn -0.3086 0.1710 0.9357
vn -0.7399 0.1308 0.6599
vn -0.0212 0.1740 0.9845
vn -0.0132 -0.1734 0.9848
vn 0.8497 0.0755 -0.5219
vn -0.3150 -0.1589 0.9357
vn -0.7445 -0.1019 0.6599
vn -0.0280 -0.1731 0.9845
vn 0.9391 0.0419 -0.3411
vn -0.0444 -0.1727 0.9840
vn -0.0851 -0.1714 0.9815
vn 0.0294 -0.1742 0.9843
vn -0.0139 -0.1734 0.9848
vn 0.8260 -0.1135 0.5521
vn -0.2333 -0.1645 0.9584
vn -0.0203 -0.4997 0.8660
vn 0.8225 -0.2964 0.4855
vn -0.2395 -0.4820 0.8428
vn -0.0196 -0.4997 0.8660
vn 0.8530 0.2484 -0.4589
vn -0.3211 -0.4689 0.8228
vn -0.7487 -0.3205 0.5803
vn -0.0343 -0.4993 0.8658
vn 0.9413 0.1549 -0.3000
vn -0.0507 -0.4987 0.8653
vn -0.0915 -0.4966 0.8631
vn 0.0231 -0.5003 0.8656
vn -0.0395 -0.7652 0.6426
vn 0.9431 0.2470 -0.2227
vn -0.0559 -0.7645 0.6422
vn -0.0967 -0.7617 0.6406
vn 0.0179 -0.7661 0.6425
vn -0.0255 -0.7657 0.6427
vn 0.8196 -0.4455 0.3603
vn -0.2445 -0.7409 0.6256
vn -0.0248 -0.7657 0.6428
vn 0.8558 0.3893 -0.3406
vn -0.3260 -0.7216 0.6107
vn -0.7522 -0.4987 0.4307
vn -0.0282 -0.9393 0.3420
vn 0.8576 0.4813 -0.1813
vn -0.3292 -0.8866 0.3250
vn -0.7545 -0.6150 0.2292
vn -0.0429 -0.9387 0.3419
vn 0.9443 0.3072 -0.1185
vn -0.0593 -0.9379 0.3417
vn -0.1000 -0.9348 0.3409
vn 0.0145 -0.9396 0.3418
vn -0.0289 -0.9393 0.3420
vn 0.8177 -0.5428 0.1917
vn -0.2478 -0.9098 0.3329
vn 0.0133 -0.9999 -0.0000
vn -0.0300 -0.9995 -0.0000
vn 0.8170 -0.5766 -0.0000
vn -0.2489 -0.9685 -0.0000
vn -0.0293 -0.9996 -0.0000
vn 0.8582 0.5133 -0.0000
vn -0.3304 -0.9439 -0.0000
vn -0.7552 -0.6554 -0.0000
vn -0.0441 -0.9990 -0.0000
vn 0.9447 0.3280 -0.0000
vn -0.0605 -0.9982 -0.0000
vn -0.1012 -0.9949 -0.0000
vn -0.0429 -0.9388 -0.3419
vn 0.9443 0.3072 0.1185
vn -0.0593 -0.9379 -0.3417
vn -0.1000 -0.9348 -0.3409
vn 0.0145 -0.9396 -0.3418
vn -0.0289 -0.9393 -0.3420
vn 0.8177 -0.5428 -0.1917
vn -0.2478 -0.9098 -0.3329
vn -0.0282 -0.9393 -0.3420
vn 0.8576 0.4814 0.1812
vn -0.3292 -0.8866 -0.3250
vn -0.7545 -0.6150 -0.2292
vn -0.2445 -0.7409 -0.6256
vn -0.0248 -0.7657 -0.6428
vn 0.8558 0.3893 0.3406
vn -0.3260 -0.7216 -0.6107
vn -0.7522 -0.4987 -0.4307
vn -0.0395 -0.7652 -0.6426
vn 0.9431 0.2470 0.2226
vn -0.0559 -0.7645 -0.6422
vn -0.0967 -0.7617 -0.6406
vn 0.0179 -0.7661 -0.6424
vn -0.0255 -0.7656 -0.6428
vn 0.8196 -0.4455 -0.3603
vn 0.0231 -0.5003 -0.8656
vn -0.0203 -0.4997 -0.8660
vn 0.8225 -0.2964 -0.4855
vn -0.2395 -0.4820 -0.8428
vn -0.0196 -0.4997 -0.8660
vn 0.8531 0.2484 0.4589
vn -0.3211 -0.4689 -0.8228
vn -0.7487 -0.3205 -0.5803
vn -0.0344 -0.4993 -0.8658
vn 0.9413 0.1549 0.3000
vn -0.0507 -0.4987 -0.8653
vn -0.0915 -0.4966 -0.8631
vn -0.7445 -0.1019 -0.6598
vn -0.0280 -0.1731 -0.9845
vn 0.9391 0.0419 0.3411
vn -0.0444 -0.1727 -0.9840
vn -0.0852 -0.1714 -0.9815
vn 0.0294 -0.1742 -0.9843
vn -0.0139 -0.1734 -0.9848
vn 0.8260 -0.1135 -0.5521
vn -0.2333 -0.1645 -0.9584
vn -0.0132 -0.1734 -0.9848
vn 0.8497 0.0755 0.5219
vn -0.3151 -0.1589 -0.9357
vn -0.9327 -0.1170 -0.3411
vn 0.0304 0.1757 0.9840
vn 0.0711 0.1777 0.9815
vn -0.0433 0.1712 0.9843
vn -0.0000 0.1740 0.9848
vn -0.8325 0.0469 0.5521
vn 0.2193 0.1826 0.9584
vn -0.0007 0.1739 0.9848
vn -0.8409 -0.1433 -0.5219
vn 0.3013 0.1836 0.9357
vn 0.7339 0.1612 0.6599
vn 0.0140 0.1748 0.9845
vn 0.2000 0.4997 0.8428
vn -0.0205 0.4997 0.8660
vn -0.8304 -0.3160 -0.4589
vn 0.2825 0.4931 0.8228
vn 0.7206 0.3795 0.5803
vn -0.0058 0.5004 0.8658
vn -0.9258 -0.2298 -0.3000
vn 0.0106 0.5011 0.8653
vn 0.0514 0.5024 0.8631
vn -0.0631 0.4968 0.8656
vn -0.0198 0.4997 0.8660
vn -0.8436 0.2295 0.4855
vn 0.0353 0.7670 0.6406
vn -0.0792 0.7622 0.6424
vn -0.0360 0.7652 0.6427
vn -0.8526 0.3784 0.3603
vn 0.1843 0.7581 0.6256
vn -0.0367 0.7652 0.6428
vn -0.8218 -0.4567 -0.3406
vn 0.2671 0.7454 0.6107
vn 0.7098 0.5574 0.4307
vn -0.0219 0.7659 0.6426
vn -0.9202 -0.3218 -0.2227
vn -0.0056 0.7665 0.6423
vn 0.2571 0.9101 0.3250
vn 0.7027 0.6735 0.2292
vn -0.0325 0.9392 0.3419
vn -0.9166 -0.3819 -0.1185
vn -0.0161 0.9397 0.3417
vn 0.0248 0.9398 0.3409
vn -0.0898 0.9355 0.3418
vn -0.0465 0.9386 0.3420
vn -0.8586 0.4755 0.1917
vn 0.1741 0.9268 0.3328
vn -0.0472 0.9385 0.3420
vn -0.8162 -0.5485 -0.1812
vn -0.8606 0.5093 -0.0000
vn 0.1705 0.9854 -0.0000
vn -0.0509 0.9987 -0.0000
vn -0.8143 -0.5804 -0.0000
vn 0.2536 0.9673 -0.0000
vn 0.7003 0.7139 -0.0000
vn -0.0361 0.9993 -0.0000
vn -0.9153 -0.4027 -0.0000
vn -0.0197 0.9998 -0.0000
vn 0.0211 0.9998 -0.0000
vn -0.0934 0.9956 -0.0000
vn -0.0502 0.9987 -0.0000
vn -0.0161 0.9397 -0.3417
vn 0.0248 0.9398 -0.3409
vn -0.0898 0.9355 -0.3418
vn -0.0465 0.9385 -0.3420
vn -0.8586 0.4755 -0.1917
vn 0.1741 0.9268 -0.3329
vn -0.0472 0.9385 -0.3420
vn -0.8162 -0.5485 0.1812
vn 0.2571 0.9101 -0.3250
vn 0.7027 0.6735 -0.2292
vn -0.0325 0.9392 -0.3419
vn -0.9166 -0.3819 0.1185
vn -0.8218 -0.4567 0.3406
vn 0.2671 0.7454 -0.6107
vn 0.7098 0.5574 -0.4307
vn -0.0219 0.7659 -0.6426
vn -0.9202 -0.3218 0.2227
vn -0.0056 0.7665 -0.6422
vn 0.0353 0.7670 -0.6406
vn -0.0792 0.7622 -0.6424
vn -0.0360 0.7652 -0.6428
vn -0.8526 0.3784 -0.3603
vn 0.1843 0.7581 -0.6255
vn -0.0367 0.7652 -0.6428
vn -0.0198 0.4997 -0.8660
vn -0.8436 0.2295 -0.4855
vn 0.2000 0.4997 -0.8428
vn -0.0205 0.4996 -0.8660
vn -0.8304 -0.3160 0.4589
vn 0.2825 0.4931 -0.8228
vn 0.7206 0.3795 -0.5803
vn -0.0058 0.5004 -0.8658
vn -0.9258 -0.2298 0.3000
vn 0.0106 0.5011 -0.8653
vn 0.0514 0.5024 -0.8631
vn -0.0631 0.4968 -0.8656
vn -0.9327 -0.1170 0.3411
vn 0.0304 0.1757 -0.9840
vn 0.0711 0.1777 -0.9815
vn -0.0433 0.1712 -0.9843
vn -0.0000 0.1740 -0.9848
vn -0.8325 0.0469 -0.5521
vn 0.2193 0.1826 -0.9584
vn -0.0007 0.1739 -0.9848
vn -0.8409 -0.1433 0.5219
vn 0.3013 0.1836 -0.9357
vn 0.7339 0.1612 -0.6598
vn 0.0140 0.1748 -0.9845
vn 0.0204 -0.1727 -0.9848
vn -0.8521 0.0404 0.5219
vn 0.3213 -0.1457 -0.9357
vn 0.7480 -0.0711 -0.6599
vn 0.0351 -0.1718 -0.9845
vn -0.9400 0.0031 0.3411
vn 0.0515 -0.1707 -0.9840
vn 0.0922 -0.1678 -0.9815
vn -0.0222 -0.1752 -0.9843
vn 0.0211 -0.1727 -0.9848
vn -0.8207 -0.1475 -0.5521
vn 0.2399 -0.1547 -0.9584
vn 0.0409 -0.4984 -0.8660
vn -0.8095 -0.3301 -0.4855
vn 0.2591 -0.4717 -0.8428
vn 0.0402 -0.4985 -0.8660
vn -0.8626 0.2130 0.4589
vn 0.3402 -0.4552 -0.8228
vn 0.7613 -0.2893 -0.5803
vn 0.0549 -0.4974 -0.8658
vn -0.9469 0.1159 0.3000
vn 0.0713 -0.4962 -0.8653
vn 0.1119 -0.4924 -0.8631
vn -0.0024 -0.5008 -0.8656
vn 0.0711 -0.7629 -0.6426
vn -0.9525 0.2079 0.2226
vn 0.0874 -0.7615 -0.6422
vn 0.1280 -0.7571 -0.6406
vn 0.0137 -0.7662 -0.6424
vn 0.0570 -0.7639 -0.6428
vn -0.8005 -0.4789 -0.3603
vn 0.2749 -0.7302 -0.6255
vn 0.0563 -0.7640 -0.6428
vn -0.8711 0.3537 0.3406
vn 0.3555 -0.7075 -0.6107
vn 0.7721 -0.4672 -0.4307
vn 0.0669 -0.9373 -0.3420
vn -0.8767 0.4456 0.1812
vn 0.3655 -0.8722 -0.3249
vn 0.7792 -0.5834 -0.2292
vn 0.0816 -0.9362 -0.3419
vn -0.9561 0.2679 0.1185
vn 0.0979 -0.9347 -0.3417
vn 0.1385 -0.9298 -0.3409
vn 0.0243 -0.9394 -0.3418
vn 0.0676 -0.9373 -0.3420
vn -0.7946 -0.5761 -0.1917
vn 0.2851 -0.8988 -0.3329
vn 0.0279 -0.9996 -0.0000
vn 0.0713 -0.9975 -0.0000
vn -0.7925 -0.6098 -0.0000
vn 0.2887 -0.9574 -0.0000
vn 0.0705 -0.9975 -0.0000
vn -0.8787 0.4775 -0.0000
vn 0.3690 -0.9294 -0.0000
vn 0.7816 -0.6237 -0.0000
vn 0.0853 -0.9964 -0.0000
vn -0.9574 0.2888 -0.0000
vn 0.1016 -0.9948 -0.0000
vn 0.1422 -0.9898 -0.0000
vn 0.0816 -0.9362 0.3419
vn -0.9561 0.2679 -0.1185
vn 0.0979 -0.9347 0.3417
vn 0.1385 -0.9298 0.3409
vn 0.0243 -0.9394 0.3418
vn 0.0676 -0.9373 0.3420
vn -0.7946 -0.5761 0.1917
vn 0.2851 -0.8988 0.3329
vn 0.0669 -0.9373 0.3420
vn -0.8767 0.4456 -0.1812
vn 0.3655 -0.8722 0.3250
vn 0.7792 -0.5834 0.2292
vn 0.2749 -0.7302 0.6255
vn 0.0563 -0.7640 0.6428
vn -0.8711 0.3537 -0.3406
vn 0.3555 -0.7075 0.6107
vn 0.7721 -0.4672 0.4307
vn 0.0711 -0.7629 0.6426
vn -0.9525 0.2079 -0.2227
vn 0.0874 -0.7615 0.6422
vn 0.1280 -0.7571 0.6406
vn 0.0137 -0.7662 0.6424
vn 0.0570 -0.7639 0.6428
vn -0.8005 -0.4789 0.3603
vn -0.0024 -0.5008 0.8656
vn 0.0409 -0.4984 0.8660
vn -0.8096 -0.3301 0.4855
vn 0.2591 -0.4717 0.8428
vn 0.0402 -0.4985 0.8660
vn -0.8626 0.2130 -0.4589
vn 0.3402 -0.4552 0.8228
vn 0.7613 -0.2893 0.5803
vn 0.0549 -0.4974 0.8658
vn -0.9469 0.1159 -0.3000
vn 0.0713 -0.4962 0.8653
vn 0.1119 -0.4924 0.8631
vn 0.7480 -0.0711 0.6599
vn 0.0351 -0.1718 0.9845
vn -0.9400 0.0031 -0.3411
vn 0.0515 -0.1707 0.9840
vn 0.0921 -0.1678 0.9815
vn -0.0222 -0.1752 0.9843
vn 0.0211 -0.1727 0.9848
vn -0.8207 -0.1474 0.5521
vn 0.2399 -0.1547 0.9584
vn 0.0204 -0.1727 0.9848
vn -0.8521 0.0404 -0.5219
vn 0.3213 -0.1457 0.9357
vn 0.9400 0.0111 0.3411
vn -0.0540 0.1699 -0.9840
vn -0.0947 0.1664 -0.9815
vn 0.0196 0.1755 -0.9843
vn -0.0237 0.1723 -0.9848
vn 0.8183 0.1598 -0.5521
vn -0.2422 0.1511 -0.9584
vn -0.0230 0.1724 -0.9848
vn 0.8526 -0.0275 0.5219
vn -0.3235 0.1409 -0.9357
vn -0.7490 0.0598 -0.6598
vn -0.0377 0.1712 -0.9845
vn -0.2662 0.4678 -0.8428
vn -0.0477 0.4978 -0.8660
vn 0.8657 -0.2000 0.4589
vn -0.3470 0.4501 -0.8228
vn -0.7656 0.2778 -0.5803
vn -0.0624 0.4965 -0.8658
vn 0.9485 -0.1016 0.3000
vn -0.0787 0.4950 -0.8653
vn -0.1193 0.4907 -0.8631
vn -0.0052 0.5008 -0.8656
vn -0.0484 0.4977 -0.8660
vn 0.8045 0.3422 -0.4855
vn -0.1394 0.7551 -0.6406
vn -0.0253 0.7659 -0.6424
vn -0.0686 0.7630 -0.6427
vn 0.7932 0.4910 -0.3603
vn -0.2858 0.7259 -0.6256
vn -0.0679 0.7631 -0.6428
vn 0.8764 -0.3405 0.3406
vn -0.3661 0.7021 -0.6107
vn -0.7791 0.4556 -0.4307
vn -0.0826 0.7617 -0.6426
vn 0.9555 -0.1935 0.2227
vn -0.0989 0.7601 -0.6423
vn -0.3786 0.8666 -0.3250
vn -0.7879 0.5716 -0.2292
vn -0.0957 0.9348 -0.3419
vn 0.9601 -0.2535 0.1185
vn -0.1120 0.9331 -0.3417
vn -0.1525 0.9277 -0.3409
vn -0.0384 0.9390 -0.3418
vn -0.0817 0.9361 -0.3420
vn 0.7858 0.5880 -0.1917
vn -0.2986 0.8944 -0.3328
vn -0.0810 0.9362 -0.3420
vn 0.8833 -0.4323 0.1812
vn 0.7832 0.6217 -0.0000
vn -0.3031 0.9530 -0.0000
vn -0.0856 0.9963 -0.0000
vn 0.8858 -0.4641 -0.0000
vn -0.3830 0.9238 -0.0000
vn -0.7910 0.6119 -0.0000
vn -0.1003 0.9950 -0.0000
vn 0.9616 -0.2743 -0.0000
vn -0.1166 0.9932 -0.0000
vn -0.1571 0.9876 -0.0000
vn -0.0430 0.9991 -0.0000
vn -0.0863 0.9963 -0.0000
vn -0.1120 0.9331 0.3417
vn -0.1525 0.9277 0.3409
vn -0.0384 0.9390 0.3418
vn -0.0817 0.9361 0.3420
vn 0.7858 0.5880 0.1917
vn -0.2986 0.8944 0.3328
vn -0.0810 0.9362 0.3420
vn 0.8833 -0.4323 -0.1812
vn -0.3786 0.8666 0.3250
vn -0.7879 0.5716 0.2292
vn -0.0957 0.9348 0.3419
vn 0.9601 -0.2535 -0.1185
vn 0.8764 -0.3405 -0.3406
vn -0.3661 0.7021 0.6107
vn -0.7791 0.4556 0.4307
vn -0.0826 0.7617 0.6426
vn 0.9555 -0.1935 -0.2227
vn -0.0989 0.7601 0.6423
vn -0.1394 0.7551 0.6406
vn -0.0253 0.7659 0.6424
vn -0.0686 0.7630 0.6427
vn 0.7932 0.4909 0.3603
vn -0.2858 0.7259 0.6256
vn -0.0679 0.7631 0.6428
vn -0.0484 0.4977 0.8660
vn 0.8045 0.3422 0.4855
vn -0.2662 0.4678 0.8428
vn -0.0477 0.4978 0.8660
vn 0.8657 -0.2000 -0.4589
vn -0.3470 0.4501 0.8228
vn -0.7656 0.2778 0.5803
vn -0.0624 0.4965 0.8658
vn 0.9485 -0.1016 -0.3000
vn -0.0787 0.4950 0.8653
vn -0.1193 0.4907 0.8631
vn -0.0051 0.5008 0.8656
vn 0.9400 0.0111 -0.3411
vn -0.0540 0.1699 0.9840
vn -0.0947 0.1664 0.9815
vn 0.0196 0.1755 0.9843
vn -0.0237 0.1723 0.9848
vn 0.8183 0.1598 0.5521
vn -0.2422 0.1511 0.9584
vn -0.0230 0.1724 0.9848
vn 0.8526 -0.0275 -0.5219
vn -0.3235 0.1409 0.9357
vn -0.7490 0.0598 0.6599
vn -0.0377 0.1712 0.9845
vn 0.0033 -0.1739 0.9848
vn 0.8386 0.1560 -0.5219
vn -0.2985 -0.1881 0.9357
vn -0.7314 -0.1723 0.6599
vn -0.0114 -0.1750 0.9845
vn 0.9308 0.1311 -0.3411
vn -0.0277 -0.1761 0.9840
vn -0.0684 -0.1788 0.9815
vn 0.0459 -0.1706 0.9843
vn 0.0026 -0.1739 0.9848
vn 0.8331 -0.0343 0.5521
vn -0.2165 -0.1859 0.9584
vn 0.0274 -0.4993 0.8660
vn 0.8470 -0.2167 0.4855
vn -0.1925 -0.5026 0.8428
vn 0.0281 -0.4993 0.8660
vn 0.8255 0.3285 -0.4589
vn -0.2750 -0.4973 0.8228
vn -0.7148 -0.3903 0.5803
vn 0.0133 -0.5003 0.8658
vn 0.9223 0.2438 -0.3000
vn -0.0030 -0.5012 0.8653
vn -0.0438 -0.5031 0.8631
vn 0.0706 -0.4958 0.8656
vn 0.0335 -0.7655 0.6426
vn 0.9153 0.3357 -0.2227
vn 0.0171 -0.7663 0.6422
vn -0.0237 -0.7675 0.6406
vn 0.0907 -0.7609 0.6424
vn 0.0475 -0.7646 0.6428
vn 0.8583 -0.3654 0.3603
vn -0.1729 -0.7608 0.6256
vn 0.0482 -0.7645 0.6428
vn 0.8149 0.4690 -0.3406
vn -0.2558 -0.7494 0.6107
vn -0.7013 -0.5680 0.4307
vn 0.0614 -0.9377 0.3420
vn 0.8079 0.5608 -0.1812
vn -0.2434 -0.9139 0.3250
vn -0.6925 -0.6841 0.2292
vn 0.0466 -0.9386 0.3419
vn 0.9107 0.3956 -0.1185
vn 0.0303 -0.9393 0.3417
vn -0.0106 -0.9400 0.3409
vn 0.1039 -0.9340 0.3418
vn 0.0607 -0.9377 0.3420
vn 0.8656 -0.4625 0.1917
vn -0.1601 -0.9293 0.3328
vn 0.1084 -0.9941 -0.0000
vn 0.0652 -0.9979 -0.0000
vn 0.8682 -0.4962 -0.0000
vn -0.1556 -0.9878 -0.0000
vn 0.0659 -0.9978 -0.0000
vn 0.8055 0.5927 -0.0000
vn -0.2390 -0.9710 -0.0000
vn -0.6894 -0.7244 -0.0000
vn 0.0512 -0.9987 -0.0000
vn 0.9091 0.4165 -0.0000
vn 0.0348 -0.9994 -0.0000
vn -0.0060 -1.0000 -0.0000
vn 0.0466 -0.9386 -0.3419
vn 0.9107 0.3956 0.1185
vn 0.0303 -0.9393 -0.3417
vn -0.0106 -0.9400 -0.3409
vn 0.1039 -0.9340 -0.3418
vn 0.0607 -0.9377 -0.3420
vn 0.8656 -0.4625 -0.1917
vn -0.1601 -0.9293 -0.3329
vn 0.0614 -0.9377 -0.3420
vn 0.8079 0.5608 0.1812
vn -0.2434 -0.9139 -0.3250
vn -0.6925 -0.6841 -0.2292
vn -0.1729 -0.7608 -0.6256
vn 0.0482 -0.7646 -0.6428
vn 0.8148 0.4690 0.3406
vn -0.2559 -0.7494 -0.6107
vn -0.7013 -0.5680 -0.4307
vn 0.0335 -0.7655 -0.6426
vn 0.9153 0.3356 0.2227
vn 0.0171 -0.7663 -0.6422
vn -0.0237 -0.7675 -0.6406
vn 0.0907 -0.7609 -0.6424
vn 0.0475 -0.7646 -0.6428
vn 0.8583 -0.3655 -0.3603
vn 0.0706 -0.4958 -0.8656
vn 0.0274 -0.4993 -0.8660
vn 0.8470 -0.2167 -0.4855
vn -0.1925 -0.5026 -0.8428
vn 0.0281 -0.4993 -0.8660
vn 0.8255 0.3284 0.4589
vn -0.2750 -0.4973 -0.8228
vn -0.7148 -0.3903 -0.5803
vn 0.0133 -0.5003 -0.8658
vn 0.9223 0.2438 0.3000
vn -0.0030 -0.5012 -0.8653
vn -0.0438 -0.5031 -0.8631
vn -0.7314 -0.1723 -0.6598
vn -0.0114 -0.1750 -0.9845
vn 0.9308 0.1310 0.3411
vn -0.0277 -0.1761 -0.9840
vn -0.0684 -0.1788 -0.9815
vn 0.0459 -0.1706 -0.9843
vn 0.0026 -0.1739 -0.9848
vn 0.8331 -0.0343 -0.5521
vn -0.2166 -0.1859 -0.9584
vn 0.0033 -0.1739 -0.9848
vn 0.8386 0.1560 0.5219
vn -0.2985 -0.1881 -0.9357
vn -0.9296 -0.1395 -0.3411
vn 0.0261 0.1764 0.9840
vn 0.0668 0.1794 0.9815
vn -0.0474 0.1701 0.9843
vn -0.8334 0.0267 0.5521
vn 0.2148 0.1879 0.9584
vn -0.0049 0.1738 0.9848
vn -0.8372 -0.1636 -0.5219
vn 0.2968 0.1908 0.9357
vn 0.7298 0.1789 0.6599
vn 0.0098 0.1751 0.9845
vn 0.1879 0.5044 0.8428
vn -0.0326 0.4990 0.8660
vn -0.8225 -0.3360 -0.4589
vn 0.2705 0.4998 0.8228
vn 0.7112 0.3968 0.5803
vn -0.0179 0.5001 0.8658
vn -0.9200 -0.2522 -0.3000
vn -0.0015 0.5013 0.8653
vn 0.0392 0.5035 0.8631
vn -0.0751 0.4951 0.8656
vn -0.0319 0.4991 0.8660
vn -0.8489 0.2090 0.4855
vn 0.0167 0.7677 0.6406
vn -0.0976 0.7601 0.6424
vn -0.0545 0.7641 0.6428
vn -0.8615 0.3576 0.3603
vn 0.1659 0.7623 0.6256
vn -0.0552 0.7641 0.6428
vn -0.8105 -0.4764 -0.3406
vn 0.2490 0.7517 0.6107
vn 0.6961 0.5744 0.4307
vn -0.0404 0.7651 0.6426
vn -0.9122 -0.3440 -0.2227
vn -0.0241 0.7661 0.6422
vn 0.2350 0.9161 0.3250
vn 0.6862 0.6903 0.2292
vn -0.0552 0.9381 0.3419
vn -0.9071 -0.4039 -0.1185
vn -0.0388 0.9390 0.3417
vn 0.0020 0.9401 0.3409
vn -0.1124 0.9330 0.3418
vn -0.0692 0.9371 0.3420
vn -0.8698 0.4546 0.1917
vn 0.1516 0.9307 0.3329
vn -0.0699 0.9371 0.3420
vn -0.8027 -0.5681 -0.1812
vn -0.8727 0.4883 -0.0000
vn 0.1466 0.9892 -0.0000
vn -0.0750 0.9972 -0.0000
vn -0.8000 -0.6000 -0.0000
vn 0.2302 0.9732 -0.0000
vn 0.6828 0.7306 -0.0000
vn -0.0603 0.9982 -0.0000
vn -0.9053 -0.4247 -0.0000
vn -0.0439 0.9990 -0.0000
vn -0.0031 1.0000 -0.0000
vn -0.1175 0.9931 -0.0000
vn -0.0743 0.9972 -0.0000
vn -0.0388 0.9390 -0.3417
vn 0.0020 0.9401 -0.3409
vn -0.1124 0.9330 -0.3418
vn -0.0692 0.9371 -0.3420
vn -0.8698 0.4546 -0.1917
vn 0.1516 0.9307 -0.3328
vn -0.0699 0.9371 -0.3420
vn -0.8027 -0.5681 0.1812
vn 0.2350 0.9161 -0.3250
vn 0.6862 0.6903 -0.2292
vn -0.0552 0.9381 -0.3419
vn -0.9071 -0.4039 0.1185
vn -0.8105 -0.4764 0.3406
vn 0.2490 0.7517 -0.6107
vn 0.6961 0.5744 -0.4307
vn -0.0404 0.7651 -0.6426
vn -0.9122 -0.3440 0.2226
vn -0.0241 0.7661 -0.6422
vn 0.0167 0.7677 -0.6406
vn -0.0976 0.7601 -0.6424
vn -0.0545 0.7641 -0.6427
vn -0.8615 0.3576 -0.3603
vn 0.1659 0.7623 -0.6255
vn -0.0552 0.7641 -0.6428
vn -0.0319 0.4991 -0.8660
vn -0.8489 0.2090 -0.4855
vn 0.1879 0.5044 -0.8428
vn -0.0326 0.4990 -0.8660
vn -0.8225 -0.3360 0.4589
vn 0.2705 0.4998 -0.8228
vn 0.7112 0.3968 -0.5803
vn -0.0179 0.5001 -0.8658
vn -0.9200 -0.2522 0.3000
vn -0.0015 0.5013 -0.8653
vn 0.0392 0.5035 -0.8631
vn -0.0751 0.4951 -0.8656
vn -0.9296 -0.1395 0.3411
vn 0.0261 0.1764 -0.9840
vn 0.0668 0.1794 -0.9815
vn -0.0474 0.1701 -0.9843
vn -0.8334 0.0267 -0.5521
vn 0.2149 0.1879 -0.9584
vn -0.0049 0.1738 -0.9848
vn -0.8372 -0.1636 0.5219
vn 0.2968 0.1909 -0.9357
vn 0.7298 0.1789 -0.6598
vn 0.0098 0.1751 -0.9845
vn 0.0245 -0.1722 -0.9848
vn -0.8528 0.0197 0.5219
vn 0.3248 -0.1379 -0.9357
vn 0.7495 -0.0529 -0.6598
vn 0.0393 -0.1709 -0.9845
vn -0.9398 -0.0197 0.3411
vn 0.0556 -0.1694 -0.9840
vn 0.0962 -0.1655 -0.9815
vn -0.0180 -0.1757 -0.9843
vn 0.0252 -0.1721 -0.9848
vn -0.8169 -0.1672 -0.5521
vn 0.2435 -0.1489 -0.9584
vn 0.0529 -0.4973 -0.8660
vn -0.8013 -0.3495 -0.4855
vn 0.2705 -0.4653 -0.8428
vn 0.0522 -0.4973 -0.8660
vn -0.8675 0.1921 0.4589
vn 0.3511 -0.4469 -0.8228
vn 0.7681 -0.2708 -0.5803
vn 0.0669 -0.4960 -0.8658
vn -0.9494 0.0930 0.3000
vn 0.0832 -0.4943 -0.8653
vn 0.1238 -0.4896 -0.8631
vn 0.0097 -0.5007 -0.8656
vn 0.0895 -0.7610 -0.6426
vn -0.9572 0.1848 0.2227
vn 0.1058 -0.7592 -0.6422
vn 0.1463 -0.7538 -0.6406
vn 0.0323 -0.7657 -0.6424
vn 0.0755 -0.7624 -0.6427
vn -0.7887 -0.4981 -0.3603
vn 0.2924 -0.7233 -0.6255
vn 0.0748 -0.7624 -0.6428
vn -0.8794 0.3325 0.3406
vn 0.3725 -0.6988 -0.6107
vn 0.7832 -0.4484 -0.4307
vn 0.0895 -0.9354 -0.3420
vn -0.8872 0.4242 0.1812
vn 0.3865 -0.8631 -0.3250
vn 0.7931 -0.5644 -0.2292
vn 0.1042 -0.9339 -0.3419
vn -0.9623 0.2447 0.1185
vn 0.1205 -0.9320 -0.3417
vn 0.1610 -0.9262 -0.3409
vn 0.0470 -0.9386 -0.3418
vn 0.0902 -0.9354 -0.3420
vn -0.7804 -0.5951 -0.1917
vn 0.3068 -0.8917 -0.3328
vn 0.0521 -0.9986 -0.0000
vn 0.0953 -0.9954 -0.0000
vn -0.7776 -0.6288 -0.0000
vn 0.3117 -0.9502 -0.0000
vn 0.0946 -0.9955 -0.0000
vn -0.8899 0.4561 -0.0000
vn 0.3914 -0.9202 -0.0000
vn 0.7965 -0.6046 -0.0000
vn 0.1093 -0.9940 -0.0000
vn -0.9641 0.2656 -0.0000
vn 0.1256 -0.9921 -0.0000
vn 0.1661 -0.9861 -0.0000
vn 0.1042 -0.9339 0.3419
vn -0.9623 0.2447 -0.1185
vn 0.1205 -0.9320 0.3417
vn 0.1610 -0.9262 0.3409
vn 0.0470 -0.9386 0.3418
vn 0.0902 -0.9354 0.3420
vn -0.7804 -0.5951 0.1917
vn 0.3068 -0.8917 0.3329
vn 0.0895 -0.9354 0.3420
vn -0.8872 0.4242 -0.1813
vn 0.3865 -0.8631 0.3250
vn 0.7931 -0.5644 0.2292
vn 0.2924 -0.7233 0.6256
vn 0.0748 -0.7624 0.6427
vn -0.8794 0.3325 -0.3406
vn 0.3725 -0.6988 0.6107
vn 0.7832 -0.4484 0.4307
vn 0.0895 -0.7610 0.6426
vn -0.9572 0.1848 -0.2227
vn 0.1058 -0.7592 0.6422
vn 0.1463 -0.7538 0.6406
vn 0.0323 -0.7657 0.6424
vn 0.0755 -0.7624 0.6427
vn -0.7887 -0.4981 0.3603
vn 0.0097 -0.5007 0.8656
vn 0.0529 -0.4973 0.8660
vn -0.8013 -0.3495 0.4855
vn 0.2705 -0.4653 0.8428
vn 0.0522 -0.4973 0.8660
vn -0.8675 0.1921 -0.4589
vn 0.3511 -0.4469 0.8228
vn 0.7681 -0.2708 0.5803
vn 0.0669 -0.4960 0.8658
vn -0.9494 0.0930 -0.3000
vn 0.0832 -0.4943 0.8653
vn 0.1238 -0.4896 0.8631
vn 0.7495 -0.0530 0.6599
vn 0.0392 -0.1709 0.9845
vn -0.9398 -0.0197 -0.3411
vn 0.0556 -0.1694 0.9840
vn 0.0962 -0.1655 0.9815
vn -0.0180 -0.1757 0.9843
vn 0.0252 -0.1721 0.9848
vn -0.8169 -0.1672 0.5521
vn 0.2435 -0.1489 0.9584
vn 0.0245 -0.1722 0.9848
vn -0.8528 0.0197 -0.5219
vn 0.3248 -0.1379 0.9357
vn -0.9356 -0.0906 -0.3411
vn 0.0353 0.1747 0.9840
vn 0.0761 0.1756 0.9815
vn -0.0384 0.1724 0.9843
vn 0.0049 0.1739 0.9848
vn -0.8308 0.0704 0.5521
vn 0.2244 0.1764 0.9584
vn 0.0042 0.1739 0.9848
vn -0.8446 -0.1195 -0.5219
vn 0.3064 0.1750 0.9357
vn 0.7382 0.1404 0.6599
vn 0.0190 0.1743 0.9845
vn 0.2141 0.4938 0.8428
vn -0.0064 0.5000 0.8660
vn -0.8390 -0.2924 -0.4589
vn 0.2963 0.4849 0.8228
vn 0.7311 0.3589 0.5803
vn 0.0084 0.5004 0.8658
vn -0.9320 -0.2036 -0.3000
vn 0.0248 0.5007 0.8653
vn 0.0656 0.5007 0.8631
vn -0.0490 0.4984 0.8656
vn -0.0057 0.5001 0.8660
vn -0.8368 0.2533 0.4855
vn 0.0570 0.7657 0.6406
vn -0.0577 0.7642 0.6424
vn -0.0143 0.7659 0.6428
vn -0.8416 0.4023 0.3603
vn 0.2057 0.7526 0.6256
vn -0.0150 0.7659 0.6428
vn -0.8344 -0.4333 -0.3406
vn 0.2881 0.7376 0.6107
vn 0.7253 0.5371 0.4307
vn -0.0003 0.7662 0.6426
vn -0.9290 -0.2957 -0.2227
vn 0.0161 0.7663 0.6422
vn 0.2827 0.9025 0.3249
vn 0.7215 0.6534 0.2292
vn -0.0059 0.9397 0.3419
vn -0.9270 -0.3558 -0.1185
vn 0.0105 0.9397 0.3417
vn 0.0513 0.9387 0.3409
vn -0.0633 0.9376 0.3418
vn -0.0200 0.9395 0.3420
vn -0.8448 0.4996 0.1917
vn 0.2002 0.9215 0.3329
vn -0.0207 0.9395 0.3420
vn -0.8314 -0.5252 -0.1812
vn -0.8459 0.5334 -0.0000
vn 0.1983 0.9801 -0.0000
vn -0.0226 0.9997 -0.0000
vn -0.8304 -0.5572 -0.0000
vn 0.2809 0.9597 -0.0000
vn 0.7202 0.6938 -0.0000
vn -0.0079 1.0000 -0.0000
vn -0.9263 -0.3767 -0.0000
vn 0.0085 1.0000 -0.0000
vn 0.0494 0.9988 -0.0000
vn -0.0652 0.9979 -0.0000
vn -0.0219 0.9998 -0.0000
vn 0.0105 0.9397 -0.3417
vn 0.0513 0.9387 -0.3409
vn -0.0633 0.9376 -0.3418
vn -0.0200 0.9395 -0.3420
vn -0.8448 0.4996 -0.1917
vn 0.2002 0.9215 -0.3328
vn -0.0207 0.9395 -0.3420
vn -0.8314 -0.5252 0.1812
vn 0.2827 0.9025 -0.3249
vn 0.7215 0.6534 -0.2292
vn -0.0059 0.9397 -0.3419
vn -0.9270 -0.3558 0.1185
vn -0.8344 -0.4333 0.3406
vn 0.2881 0.7376 -0.6107
vn 0.7253 0.5371 -0.4307
vn -0.0003 0.7662 -0.6426
vn -0.9290 -0.2957 0.2227
vn 0.0161 0.7663 -0.6422
vn 0.0570 0.7657 -0.6406
vn -0.0577 0.7642 -0.6424
vn -0.0143 0.7659 -0.6428
vn -0.8416 0.4023 -0.3603
vn 0.2057 0.7526 -0.6256
vn -0.0150 0.7659 -0.6428
vn -0.0057 0.5001 -0.8660
vn -0.8368 0.2533 -0.4855
vn 0.2141 0.4938 -0.8428
vn -0.0064 0.5000 -0.8660
vn -0.8390 -0.2924 0.4589
vn 0.2963 0.4849 -0.8228
vn 0.7311 0.3589 -0.5803
vn 0.0084 0.5004 -0.8658
vn -0.9320 -0.2036 0.3000
vn 0.0248 0.5006 -0.8653
vn 0.0656 0.5007 -0.8631
vn -0.0490 0.4984 -0.8656
vn -0.9356 -0.0906 0.3411
vn 0.0353 0.1747 -0.9840
vn 0.0761 0.1756 -0.9815
vn -0.0384 0.1724 -0.9843
vn 0.0049 0.1739 -0.9848
vn -0.8308 0.0704 -0.5521
vn 0.2244 0.1764 -0.9584
vn 0.0042 0.1739 -0.9848
vn -0.8446 -0.1195 0.5219
vn 0.3064 0.1750 -0.9357
vn 0.7382 0.1404 -0.6599
vn 0.0190 0.1743 -0.9845
vn 0.0155 -0.1732 -0.9848
vn -0.8506 0.0644 0.5219
vn 0.3171 -0.1548 -0.9357
vn 0.7457 -0.0922 -0.6599
vn 0.0302 -0.1727 -0.9845
vn -0.9396 0.0297 0.3411
vn 0.0466 -0.1721 -0.9840
vn 0.0874 -0.1703 -0.9815
vn -0.0272 -0.1745 -0.9843
vn 0.0162 -0.1732 -0.9848
vn -0.8245 -0.1242 -0.5521
vn 0.2354 -0.1614 -0.9584
vn 0.0268 -0.4994 -0.8660
vn -0.8186 -0.3070 -0.4855
vn 0.2457 -0.4789 -0.8428
vn 0.0261 -0.4994 -0.8660
vn -0.8562 0.2373 0.4589
vn 0.3272 -0.4647 -0.8228
vn 0.7528 -0.3107 -0.5803
vn 0.0408 -0.4988 -0.8658
vn -0.9432 0.1426 0.3000
vn 0.0572 -0.4980 -0.8653
vn 0.0979 -0.4954 -0.8631
vn -0.0166 -0.5005 -0.8656
vn 0.0495 -0.7646 -0.6426
vn -0.9462 0.2347 0.2227
vn 0.0658 -0.7637 -0.6422
vn 0.1065 -0.7604 -0.6406
vn -0.0079 -0.7663 -0.6424
vn 0.0354 -0.7653 -0.6427
vn -0.8137 -0.4561 -0.3603
vn 0.2541 -0.7376 -0.6256
vn 0.0347 -0.7653 -0.6428
vn -0.8608 0.3782 0.3406
vn 0.3354 -0.7173 -0.6107
vn 0.7586 -0.4889 -0.4307
vn 0.0404 -0.9388 -0.3420
vn -0.8638 0.4702 0.1812
vn 0.3407 -0.8822 -0.3250
vn 0.7624 -0.6052 -0.2292
vn 0.0551 -0.9381 -0.3419
vn -0.9482 0.2949 0.1185
vn 0.0715 -0.9371 -0.3417
vn 0.1122 -0.9334 -0.3409
vn -0.0023 -0.9398 -0.3418
vn 0.0411 -0.9388 -0.3420
vn -0.8106 -0.5534 -0.1917
vn 0.2596 -0.9065 -0.3328
vn -0.0003 -1.0000 -0.0000
vn 0.0430 -0.9991 -0.0000
vn -0.8095 -0.5872 -0.0000
vn 0.2615 -0.9652 -0.0000
vn 0.0423 -0.9991 -0.0000
vn -0.8648 0.5021 -0.0000
vn 0.3426 -0.9395 -0.0000
vn 0.7637 -0.6456 -0.0000
vn 0.0571 -0.9984 -0.0000
vn -0.9488 0.3157 -0.0000
vn 0.0734 -0.9973 -0.0000
vn 0.1141 -0.9935 -0.0000
vn 0.0551 -0.9381 0.3419
vn -0.9482 0.2949 -0.1185
vn 0.0715 -0.9371 0.3417
vn 0.1122 -0.9334 0.3409
vn -0.0023 -0.9398 0.3418
vn 0.0411 -0.9388 0.3420
vn -0.8106 -0.5534 0.1917
vn 0.2596 -0.9065 0.3328
vn 0.0404 -0.9388 0.3420
vn -0.8638 0.4702 -0.1812
vn 0.3407 -0.8822 0.3250
vn 0.7624 -0.6052 0.2292
vn 0.2541 -0.7376 0.6256
vn 0.0347 -0.7653 0.6428
vn -0.8608 0.3782 -0.3406
vn 0.3354 -0.7173 0.6108
vn 0.7586 -0.4889 0.4307
vn 0.0495 -0.7646 0.6426
vn -0.9462 0.2347 -0.2227
vn 0.0658 -0.7637 0.6422
vn 0.1065 -0.7604 0.6406
vn -0.0079 -0.7663 0.6424
vn 0.0354 -0.7653 0.6427
vn -0.8137 -0.4561 0.3603
vn -0.0166 -0.5005 0.8656
vn 0.0268 -0.4994 0.8660
vn -0.8186 -0.3070 0.4855
vn 0.2457 -0.4789 0.8428
vn 0.0261 -0.4994 0.8660
vn -0.8562 0.2373 -0.4589
vn 0.3272 -0.4647 0.8228
vn 0.7528 -0.3107 0.5803
vn 0.0408 -0.4988 0.8658
vn -0.9432 0.1426 -0.3000
vn 0.0572 -0.4980 0.8653
vn 0.0979 -0.4954 0.8631
vn 0.7457 -0.0922 0.6599
vn 0.0302 -0.1727 0.9845
vn -0.9395 0.0297 -0.3411
vn 0.0466 -0.1721 0.9840
vn 0.0874 -0.1703 0.9815
vn -0.0272 -0.1745 0.9843
vn 0.0162 -0.1732 0.9848
vn -0.8245 -0.1242 0.5521
vn 0.2354 -0.1614 0.9584
vn 0.0155 -0.1732 0.9848
vn -0.8506 0.0644 -0.5219
vn 0.3171 -0.1548 0.9357
vn 0.9345 -0.1018 0.3411
vn -0.0332 0.1752 -0.9840
vn -0.0740 0.1765 -0.9815
vn 0.0405 0.1719 -0.9843
vn -0.0028 0.1739 -0.9848
vn 0.8316 0.0604 -0.5521
vn -0.2223 0.1791 -0.9584
vn -0.0021 0.1739 -0.9848
vn 0.8431 -0.1297 0.5219
vn -0.3042 0.1787 -0.9357
vn -0.7364 0.1493 -0.6599
vn -0.0169 0.1745 -0.9845
vn -0.2081 0.4963 -0.8428
vn 0.0124 0.4999 -0.8660
vn 0.8354 -0.3024 0.4589
vn -0.2905 0.4885 -0.8228
vn -0.7267 0.3677 -0.5803
vn -0.0024 0.5005 -0.8658
vn 0.9295 -0.2148 0.3000
vn -0.0187 0.5009 -0.8653
vn -0.0595 0.5015 -0.8631
vn 0.0550 0.4978 -0.8656
vn 0.0117 0.4999 -0.8660
vn 0.8397 0.2432 -0.4855
vn -0.0477 0.7664 -0.6406
vn 0.0668 0.7634 -0.6425
vn 0.0235 0.7657 -0.6427
vn 0.8464 0.3921 -0.3603
vn -0.1966 0.7550 -0.6256
vn 0.0242 0.7657 -0.6428
vn 0.8291 -0.4433 0.3406
vn -0.2792 0.7410 -0.6107
vn -0.7188 0.5458 -0.4307
vn 0.0095 0.7661 -0.6426
vn 0.9254 -0.3068 0.2227
vn -0.0069 0.7665 -0.6422
vn -0.2719 0.9058 -0.3250
vn -0.7136 0.6620 -0.2292
vn 0.0172 0.9396 -0.3419
vn 0.9227 -0.3669 0.1185
vn 0.0008 0.9398 -0.3418
vn -0.0400 0.9393 -0.3409
vn 0.0746 0.9368 -0.3418
vn 0.0313 0.9392 -0.3420
vn 0.8507 0.4894 -0.1917
vn -0.1891 0.9238 -0.3328
vn 0.0320 0.9392 -0.3420
vn 0.8250 -0.5352 0.1812
vn 0.8522 0.5232 -0.0000
vn -0.1865 0.9825 -0.0000
vn 0.0347 0.9994 -0.0000
vn 0.8236 -0.5671 -0.0000
vn -0.2693 0.9631 -0.0000
vn -0.7118 0.7024 -0.0000
vn 0.0199 0.9998 -0.0000
vn 0.9217 -0.3878 -0.0000
vn 0.0035 1.0000 -0.0000
vn -0.0374 0.9993 -0.0000
vn 0.0772 0.9970 -0.0000
vn 0.0340 0.9994 -0.0000
vn 0.0008 0.9398 0.3417
vn -0.0400 0.9393 0.3409
vn 0.0746 0.9368 0.3418
vn 0.0313 0.9392 0.3420
vn 0.8507 0.4894 0.1917
vn -0.1891 0.9238 0.3328
vn 0.0320 0.9392 0.3420
vn 0.8250 -0.5352 -0.1812
vn -0.2719 0.9058 0.3250
vn -0.7136 0.6620 0.2292
vn 0.0172 0.9396 0.3419
vn 0.9227 -0.3669 -0.1185
vn 0.8291 -0.4433 -0.3406
vn -0.2792 0.7410 0.6107
vn -0.7188 0.5458 0.4307
vn 0.0095 0.7661 0.6426
vn 0.9254 -0.3068 -0.2227
vn -0.0069 0.7665 0.6423
vn -0.0477 0.7664 0.6406
vn 0.0668 0.7634 0.6424
vn 0.0235 0.7657 0.6428
vn 0.8464 0.3922 0.3603
vn -0.1966 0.7550 0.6256
vn 0.0242 0.7657 0.6428
vn 0.0117 0.5000 0.8660
vn 0.8398 0.2432 0.4855
vn -0.2081 0.4964 0.8428
vn 0.0124 0.4999 0.8660
vn 0.8354 -0.3024 -0.4589
vn -0.2904 0.4885 0.8228
vn -0.7267 0.3677 0.5803
vn -0.0023 0.5004 0.8658
vn 0.9295 -0.2147 -0.3000
vn -0.0187 0.5009 0.8653
vn -0.0595 0.5015 0.8631
vn 0.0550 0.4978 0.8656
vn 0.9345 -0.1018 -0.3411
vn -0.0332 0.1752 0.9840
vn -0.0740 0.1765 0.9815
vn 0.0405 0.1719 0.9843
vn -0.0028 0.1739 0.9848
vn 0.8316 0.0604 0.5521
vn -0.2223 0.1791 0.9584
vn -0.0021 0.1739 0.9848
vn 0.8431 -0.1297 -0.5219
vn -0.3042 0.1787 0.9357
vn -0.7364 0.1493 0.6599
vn -0.0169 0.1745 0.9845
vn -0.0176 -0.1730 0.9848
vn 0.8513 0.0542 -0.5219
vn -0.3189 -0.1509 0.9357
vn -0.7468 -0.0832 0.6599
vn -0.0323 -0.1723 0.9845
vn 0.9398 0.0183 -0.3411
vn -0.0487 -0.1715 0.9840
vn -0.0894 -0.1693 0.9815
vn 0.0251 -0.1748 0.9843
vn -0.0183 -0.1730 0.9848
vn 0.8229 -0.1341 0.5521
vn -0.2373 -0.1586 0.9584
vn -0.0328 -0.4990 0.8660
vn 0.8148 -0.3168 0.4855
vn -0.2514 -0.4759 0.8428
vn -0.0321 -0.4990 0.8660
vn 0.8590 0.2270 -0.4589
vn -0.3327 -0.4607 0.8228
vn -0.7565 -0.3017 0.5803
vn -0.0468 -0.4983 0.8658
vn 0.9449 0.1313 -0.3000
vn -0.0632 -0.4972 0.8653
vn -0.1039 -0.4942 0.8631
vn 0.0105 -0.5007 0.8656
vn -0.0587 -0.7640 0.6426
vn 0.9490 0.2233 -0.2227
vn -0.0750 -0.7628 0.6422
vn -0.1157 -0.7591 0.6406
vn -0.0013 -0.7663 0.6424
vn -0.0446 -0.7648 0.6428
vn 0.8082 -0.4659 0.3603
vn -0.2630 -0.7345 0.6256
vn -0.0439 -0.7648 0.6428
vn 0.8653 0.3678 -0.3406
vn -0.3440 -0.7132 0.6107
vn -0.7644 -0.4797 0.4307
vn -0.0516 -0.9383 0.3420
vn 0.8694 0.4597 -0.1812
vn -0.3513 -0.8781 0.3249
vn -0.7696 -0.5960 0.2292
vn -0.0664 -0.9374 0.3419
vn 0.9516 0.2834 -0.1185
vn -0.0827 -0.9362 0.3417
vn -0.1234 -0.9320 0.3409
vn -0.0090 -0.9397 0.3418
vn -0.0523 -0.9382 0.3420
vn 0.8038 -0.5631 0.1917
vn -0.2705 -0.9034 0.3328
vn -0.0117 -0.9999 -0.0000
vn -0.0550 -0.9985 -0.0000
vn 0.8023 -0.5969 -0.0000
vn -0.2731 -0.9620 -0.0000
vn -0.0543 -0.9985 -0.0000
vn 0.8708 0.4917 -0.0000
vn -0.3539 -0.9353 -0.0000
vn -0.7714 -0.6363 -0.0000
vn -0.0691 -0.9976 -0.0000
vn 0.9526 0.3043 -0.0000
vn -0.0854 -0.9963 -0.0000
vn -0.1261 -0.9920 -0.0000
vn -0.0664 -0.9374 -0.3419
vn 0.9516 0.2834 0.1185
vn -0.0827 -0.9361 -0.3417
vn -0.1234 -0.9320 -0.3409
vn -0.0090 -0.9397 -0.3418
vn -0.0524 -0.9382 -0.3420
vn 0.8038 -0.5631 -0.1917
vn -0.2705 -0.9034 -0.3329
vn -0.0516 -0.9383 -0.3420
vn 0.8694 0.4597 0.1812
vn -0.3513 -0.8781 -0.3249
vn -0.7696 -0.5960 -0.2292
vn -0.2630 -0.7345 -0.6256
vn -0.0439 -0.7648 -0.6428
vn 0.8653 0.3678 0.3406
vn -0.3440 -0.7132 -0.6107
vn -0.7644 -0.4797 -0.4307
vn -0.0587 -0.7640 -0.6426
vn 0.9490 0.2234 0.2226
vn -0.0750 -0.7628 -0.6423
vn -0.1157 -0.7591 -0.6406
vn -0.0013 -0.7663 -0.6424
vn -0.0446 -0.7648 -0.6428
vn 0.8082 -0.4658 -0.3603
vn 0.0105 -0.5007 -0.8656
vn -0.0328 -0.4990 -0.8660
vn 0.8148 -0.3168 -0.4855
vn -0.2514 -0.4759 -0.8428
vn -0.0321 -0.4990 -0.8660
vn 0.8590 0.2270 0.4589
vn -0.3327 -0.4607 -0.8228
vn -0.7565 -0.3017 -0.5803
vn -0.0468 -0.4983 -0.8658
vn 0.9449 0.1313 0.3000
vn -0.0632 -0.4972 -0.8653
vn -0.1039 -0.4942 -0.8631
vn -0.7468 -0.0832 -0.6598
vn -0.0323 -0.1723 -0.9845
vn 0.9398 0.0183 0.3411
vn -0.0487 -0.1715 -0.9840
vn -0.0894 -0.1693 -0.9815
vn 0.0251 -0.1748 -0.9843
vn -0.0183 -0.1730 -0.9848
vn 0.8229 -0.1341 -0.5521
vn -0.2373 -0.1586 -0.9584
vn -0.0176 -0.1730 -0.9848
vn 0.8513 0.0542 0.5219
vn -0.3189 -0.1509 -0.9357
vn -0.9377 -0.0652 -0.3411
vn 0.0401 0.1737 0.9840
vn 0.0808 0.1735 0.9815
vn -0.0338 0.1734 0.9843
vn 0.0096 0.1737 0.9848
vn -0.8286 0.0928 0.5521
vn 0.2291 0.1702 0.9584
vn 0.0089 0.1737 0.9848
vn -0.8475 -0.0966 -0.5219
vn 0.3110 0.1667 0.9357
vn 0.7417 0.1204 0.6598
vn 0.0237 0.1737 0.9845
vn 0.2274 0.4878 0.8428
vn 0.0071 0.5000 0.8660
vn -0.8466 -0.2696 -0.4589
vn 0.3093 0.4768 0.8228
vn 0.7405 0.3390 0.5803
vn 0.0219 0.5000 0.8658
vn -0.9371 -0.1783 -0.3000
vn 0.0383 0.4998 0.8653
vn 0.0791 0.4988 0.8631
vn -0.0355 0.4996 0.8656
vn 0.0078 0.5000 0.8660
vn -0.8296 0.2758 0.4855
vn 0.0776 0.7639 0.6406
vn -0.0370 0.7654 0.6424
vn 0.0064 0.7661 0.6427
vn -0.8304 0.4249 0.3603
vn 0.2260 0.7467 0.6255
vn 0.0057 0.7661 0.6427
vn -0.8458 -0.4105 -0.3406
vn 0.3079 0.7295 0.6107
vn 0.7395 0.5173 0.4307
vn 0.0205 0.7659 0.6426
vn -0.9366 -0.2704 -0.2227
vn 0.0368 0.7656 0.6422
vn 0.3070 0.8945 0.3250
vn 0.7389 0.6336 0.2292
vn 0.0195 0.9395 0.3419
vn -0.9363 -0.3306 -0.1185
vn 0.0359 0.9391 0.3417
vn 0.0767 0.9370 0.3409
vn -0.0379 0.9390 0.3418
vn 0.0054 0.9397 0.3420
vn -0.8309 0.5223 0.1917
vn 0.2250 0.9157 0.3329
vn 0.0047 0.9397 0.3420
vn -0.8453 -0.5026 -0.1812
vn -0.8311 0.5561 -0.0000
vn 0.2247 0.9744 -0.0000
vn 0.0044 1.0000 -0.0000
vn -0.8452 -0.5345 -0.0000
vn 0.3067 0.9518 -0.0000
vn 0.7387 0.6741 -0.0000
vn 0.0192 0.9998 -0.0000
vn -0.9362 -0.3515 -0.0000
vn 0.0356 0.9994 -0.0000
vn 0.0764 0.9971 -0.0000
vn -0.0382 0.9993 -0.0000
vn 0.0051 1.0000 -0.0000
vn 0.0359 0.9391 -0.3417
vn 0.0767 0.9370 -0.3409
vn -0.0379 0.9390 -0.3418
vn 0.0054 0.9397 -0.3420
vn -0.8309 0.5223 -0.1917
vn 0.2250 0.9157 -0.3329
vn 0.0047 0.9397 -0.3420
vn -0.8453 -0.5026 0.1812
vn 0.3070 0.8945 -0.3249
vn 0.7389 0.6336 -0.2292
vn 0.0195 0.9395 -0.3419
vn -0.9363 -0.3306 0.1185
vn -0.8458 -0.4105 0.3406
vn 0.3079 0.7295 -0.6107
vn 0.7395 0.5173 -0.4307
vn 0.0205 0.7659 -0.6426
vn -0.9366 -0.2704 0.2226
vn 0.0368 0.7656 -0.6423
vn 0.0776 0.7639 -0.6406
vn -0.0370 0.7654 -0.6424
vn 0.0064 0.7660 -0.6428
vn -0.8304 0.4249 -0.3603
vn 0.2260 0.7467 -0.6256
vn 0.0057 0.7661 -0.6428
vn 0.0078 0.5000 -0.8660
vn -0.8296 0.2758 -0.4855
vn 0.2274 0.4878 -0.8428
vn 0.0071 0.5000 -0.8660
vn -0.8466 -0.2696 0.4589
vn 0.3093 0.4767 -0.8228
vn 0.7405 0.3390 -0.5803
vn 0.0219 0.5000 -0.8658
vn -0.9371 -0.1783 0.3000
vn 0.0383 0.4998 -0.8653
vn 0.0791 0.4988 -0.8631
vn -0.0355 0.4996 -0.8656
vn -0.9378 -0.0652 0.3411
vn 0.0401 0.1737 -0.9840
vn 0.0809 0.1735 -0.9815
vn -0.0337 0.1734 -0.9843
vn 0.0096 0.1737 -0.9848
vn -0.8286 0.0928 -0.5521
vn 0.2291 0.1702 -0.9584
vn 0.0089 0.1737 -0.9848
vn -0.8475 -0.0966 0.5219
vn 0.3110 0.1667 -0.9357
vn 0.7417 0.1204 -0.6598
vn 0.0237 0.1737 -0.9845
vn 0.0108 -0.1736 -0.9848
vn -0.8485 0.0874 0.5219
vn 0.3128 -0.1633 -0.9357
vn 0.7430 -0.1123 -0.6598
vn 0.0256 -0.1735 -0.9845
vn -0.9384 0.0551 0.3411
vn 0.0419 -0.1733 -0.9840
vn 0.0827 -0.1726 -0.9815
vn -0.0319 -0.1737 -0.9843
vn 0.0115 -0.1736 -0.9848
vn -0.8276 -0.1018 -0.5521
vn 0.2309 -0.1677 -0.9584
vn 0.0133 -0.4999 -0.8660
vn -0.8266 -0.2848 -0.4855
vn 0.2327 -0.4853 -0.8428
vn 0.0126 -0.4999 -0.8660
vn -0.8495 0.2604 0.4589
vn 0.3145 -0.4734 -0.8228
vn 0.7441 -0.3310 -0.5803
vn 0.0273 -0.4997 -0.8658
vn -0.9390 0.1681 0.3000
vn 0.0437 -0.4993 -0.8653
vn 0.0845 -0.4979 -0.8631
vn -0.0301 -0.4999 -0.8656
vn 0.0288 -0.7657 -0.6426
vn -0.9395 0.2602 0.2226
vn 0.0452 -0.7652 -0.6423
vn 0.0859 -0.7630 -0.6406
vn -0.0286 -0.7658 -0.6425
vn 0.0147 -0.7659 -0.6427
vn -0.8258 -0.4339 -0.3603
vn 0.2341 -0.7442 -0.6255
vn 0.0140 -0.7659 -0.6428
vn -0.8502 0.4013 0.3406
vn 0.3158 -0.7261 -0.6107
vn 0.7451 -0.5092 -0.4307
vn 0.0150 -0.9396 -0.3420
vn -0.8507 0.4934 0.1812
vn 0.3167 -0.8911 -0.3250
vn 0.7457 -0.6256 -0.2292
vn 0.0297 -0.9393 -0.3419
vn -0.9398 0.3204 0.1185
vn 0.0461 -0.9387 -0.3417
vn 0.0869 -0.9361 -0.3409
vn -0.0277 -0.9393 -0.3419
vn 0.0157 -0.9396 -0.3420
vn -0.8252 -0.5313 -0.1917
vn 0.2350 -0.9132 -0.3329
vn -0.0274 -0.9996 -0.0000
vn 0.0160 -0.9999 -0.0000
vn -0.8250 -0.5651 -0.0000
vn 0.2353 -0.9719 -0.0000
vn 0.0153 -0.9999 -0.0000
vn -0.8509 0.5253 -0.0000
vn 0.3170 -0.9484 -0.0000
vn 0.7460 -0.6660 -0.0000
vn 0.0300 -0.9995 -0.0000
vn -0.9400 0.3413 -0.0000
vn 0.0464 -0.9989 -0.0000
vn 0.0872 -0.9962 -0.0000
vn 0.0297 -0.9393 0.3419
vn -0.9398 0.3204 -0.1185
vn 0.0461 -0.9387 0.3417
vn 0.0869 -0.9361 0.3409
vn -0.0277 -0.9394 0.3418
vn 0.0157 -0.9396 0.3420
vn -0.8252 -0.5313 0.1917
vn 0.2350 -0.9132 0.3328
vn 0.0149 -0.9396 0.3420
vn -0.8507 0.4934 -0.1812
vn 0.3167 -0.8911 0.3250
vn 0.7457 -0.6256 0.2292
vn 0.2341 -0.7442 0.6256
vn 0.0140 -0.7659 0.6428
vn -0.8502 0.4013 -0.3406
vn 0.3158 -0.7261 0.6107
vn 0.7451 -0.5092 0.4307
vn 0.0288 -0.7657 0.6426
vn -0.9395 0.2602 -0.2227
vn 0.0452 -0.7652 0.6423
vn 0.0859 -0.7630 0.6406
vn -0.0287 -0.7658 0.6424
vn 0.0147 -0.7659 0.6428
vn -0.8258 -0.4339 0.3603
vn -0.0301 -0.4999 0.8656
vn 0.0133 -0.4999 0.8660
vn -0.8266 -0.2848 0.4855
vn 0.2327 -0.4853 0.8428
vn 0.0126 -0.4999 0.8660
vn -0.8495 0.2604 -0.4589
vn 0.3145 -0.4733 0.8228
vn 0.7441 -0.3310 0.5803
vn 0.0273 -0.4997 0.8658
vn -0.9390 0.1681 -0.3000
vn 0.0437 -0.4993 0.8653
vn 0.0845 -0.4979 0.8631
vn 0.7429 -0.1123 0.6599
vn 0.0256 -0.1735 0.9845
vn -0.9384 0.0551 -0.3411
vn 0.0419 -0.1733 0.9840
vn 0.0827 -0.1726 0.9815
vn -0.0319 -0.1737 0.9843
vn 0.0115 -0.1736 0.9848
vn -0.8276 -0.1018 0.5521
vn 0.2309 -0.1677 0.9584
vn 0.0108 -0.1736 0.9848
vn -0.8485 0.0874 -0.5219
vn 0.3128 -0.1633 0.9357
vn 0.9351 -0.0960 0.3411
vn -0.0343 0.1749 -0.9840
vn -0.0751 0.1761 -0.9815
vn 0.0394 0.1722 -0.9843
vn -0.0039 0.1739 -0.9848
vn 0.8312 0.0655 -0.5521
vn -0.2234 0.1777 -0.9584
vn -0.0032 0.1739 -0.9848
vn 0.8439 -0.1244 0.5219
vn -0.3053 0.1768 -0.9357
vn -0.7373 0.1447 -0.6599
vn -0.0179 0.1744 -0.9845
vn -0.2112 0.4951 -0.8428
vn 0.0093 0.5000 -0.8660
vn 0.8373 -0.2973 0.4589
vn -0.2935 0.4867 -0.8228
vn -0.7290 0.3632 -0.5803
vn -0.0054 0.5004 -0.8658
vn 0.9308 -0.2090 0.3000
vn -0.0218 0.5008 -0.8653
vn -0.0626 0.5011 -0.8631
vn 0.0519 0.4981 -0.8656
vn 0.0086 0.5000 -0.8660
vn 0.8382 0.2484 -0.4855
vn -0.0525 0.7661 -0.6406
vn 0.0621 0.7638 -0.6424
vn 0.0188 0.7658 -0.6428
vn 0.8439 0.3974 -0.3603
vn -0.2013 0.7538 -0.6256
vn 0.0195 0.7658 -0.6428
vn 0.8319 -0.4381 0.3406
vn -0.2838 0.7392 -0.6107
vn -0.7221 0.5413 -0.4307
vn 0.0047 0.7662 -0.6426
vn 0.9272 -0.3011 0.2227
vn -0.0116 0.7664 -0.6422
vn -0.2775 0.9041 -0.3250
vn -0.7177 0.6576 -0.2292
vn 0.0114 0.9397 -0.3419
vn 0.9249 -0.3612 0.1185
vn -0.0050 0.9398 -0.3417
vn -0.0458 0.9390 -0.3409
vn 0.0688 0.9372 -0.3418
vn 0.0255 0.9394 -0.3420
vn 0.8477 0.4946 -0.1917
vn -0.1948 0.9226 -0.3329
vn 0.0262 0.9393 -0.3420
vn 0.8283 -0.5301 0.1812
vn 0.8490 0.5284 -0.0000
vn -0.1926 0.9813 -0.0000
vn 0.0285 0.9996 -0.0000
vn 0.8271 -0.5620 -0.0000
vn -0.2753 0.9614 -0.0000
vn -0.7161 0.6980 -0.0000
vn 0.0137 0.9999 -0.0000
vn 0.9241 -0.3821 -0.0000
vn -0.0027 1.0000 -0.0000
vn -0.0435 0.9991 -0.0000
vn 0.0711 0.9975 -0.0000
vn 0.0278 0.9996 -0.0000
vn -0.0050 0.9398 0.3417
vn -0.0458 0.9390 0.3409
vn 0.0688 0.9372 0.3418
vn 0.0255 0.9394 0.3420
vn 0.8477 0.4946 0.1917
vn -0.1948 0.9226 0.3328
vn 0.0262 0.9393 0.3420
vn 0.8283 -0.5301 -0.1812
vn -0.2774 0.9041 0.3250
vn -0.7177 0.6576 0.2292
vn 0.0114 0.9397 0.3419
vn 0.9249 -0.3612 -0.1185
vn 0.8319 -0.4381 -0.3406
vn -0.2838 0.7392 0.6107
vn -0.7221 0.5413 0.4307
vn 0.0048 0.7662 0.6426
vn 0.9272 -0.3011 -0.2227
vn -0.0116 0.7664 0.6423
vn -0.0525 0.7661 0.6406
vn 0.0621 0.7638 0.6424
vn 0.0188 0.7658 0.6428
vn 0.8440 0.3974 0.3603
vn -0.2013 0.7538 0.6256
vn 0.0195 0.7658 0.6428
vn 0.0086 0.5000 0.8660
vn 0.8382 0.2483 0.4855
vn -0.2112 0.4950 0.8428
vn 0.0093 0.5000 0.8660
vn 0.8373 -0.2973 -0.4589
vn -0.2935 0.4867 0.8228
vn -0.7289 0.3632 0.5803
vn -0.0054 0.5004 0.8658
vn 0.9308 -0.2090 -0.3000
vn -0.0218 0.5008 0.8653
vn -0.0626 0.5011 0.8631
vn 0.0519 0.4981 0.8656
vn 0.9351 -0.0961 -0.3411
vn -0.0343 0.1749 0.9840
vn -0.0751 0.1761 0.9815
vn 0.0394 0.1722 0.9843
vn -0.0039 0.1739 0.9848
vn 0.8312 0.0655 0.5521
vn -0.2234 0.1777 0.9584
vn -0.0032 0.1739 0.9848
vn 0.8439 -0.1244 -0.5219
vn -0.3053 0.1768 0.9357
vn -0.7373 0.1447 0.6599
vn -0.0179 0.1744 0.9845
vn -0.0165 -0.1731 0.9848
vn 0.8509 0.0595 -0.5219
vn -0.3180 -0.1529 0.9357
vn -0.7462 -0.0878 0.6599
vn -0.0312 -0.1725 0.9845
vn 0.9397 0.0242 -0.3411
vn -0.0476 -0.1718 0.9840
vn -0.0884 -0.1698 0.9815
vn 0.0261 -0.1747 0.9843
vn -0.0172 -0.1731 0.9848
vn 0.8238 -0.1290 0.5521
vn -0.2363 -0.1601 0.9584
vn -0.0297 -0.4992 0.8660
vn 0.8167 -0.3118 0.4855
vn -0.2485 -0.4774 0.8428
vn -0.0290 -0.4992 0.8660
vn 0.8576 0.2323 -0.4589
vn -0.3299 -0.4628 0.8228
vn -0.7546 -0.3063 0.5803
vn -0.0437 -0.4985 0.8658
vn 0.9440 0.1371 -0.3000
vn -0.0601 -0.4976 0.8653
vn -0.1008 -0.4948 0.8631
vn 0.0136 -0.5006 0.8656
vn -0.0539 -0.7643 0.6426
vn 0.9476 0.2292 -0.2227
vn -0.0703 -0.7633 0.6422
vn -0.1110 -0.7598 0.6406
vn 0.0034 -0.7663 0.6424
vn -0.0399 -0.7650 0.6428
vn 0.8110 -0.4609 0.3603
vn -0.2584 -0.7361 0.6256
vn -0.0392 -0.7651 0.6428
vn 0.8630 0.3731 -0.3406
vn -0.3396 -0.7153 0.6107
vn -0.7615 -0.4844 0.4307
vn -0.0458 -0.9386 0.3420
vn 0.8665 0.4651 -0.1812
vn -0.3459 -0.8802 0.3250
vn -0.7659 -0.6007 0.2292
vn -0.0606 -0.9378 0.3419
vn 0.9499 0.2893 -0.1185
vn -0.0769 -0.9366 0.3417
vn -0.1176 -0.9327 0.3409
vn -0.0032 -0.9397 0.3419
vn -0.0465 -0.9385 0.3420
vn 0.8073 -0.5581 0.1917
vn -0.2649 -0.9050 0.3329
vn -0.0055 -1.0000 -0.0000
vn -0.0489 -0.9988 -0.0000
vn 0.8060 -0.5919 -0.0000
vn -0.2671 -0.9637 -0.0000
vn -0.0482 -0.9988 -0.0000
vn 0.8677 0.4970 -0.0000
vn -0.3481 -0.9375 -0.0000
vn -0.7675 -0.6411 -0.0000
vn -0.0629 -0.9980 -0.0000
vn 0.9507 0.3102 -0.0000
vn -0.0793 -0.9969 -0.0000
vn -0.1199 -0.9928 -0.0000
vn -0.0606 -0.9378 -0.3419
vn 0.9499 0.2893 0.1185
vn -0.0769 -0.9366 -0.3417
vn -0.1176 -0.9327 -0.3409
vn -0.0032 -0.9397 -0.3419
vn -0.0466 -0.9386 -0.3420
vn 0.8073 -0.5581 -0.1917
vn -0.2649 -0.9050 -0.3328
vn -0.0458 -0.9386 -0.3420
vn 0.8665 0.4651 0.1812
vn -0.3459 -0.8802 -0.3250
vn -0.7659 -0.6007 -0.2292
vn -0.2584 -0.7361 -0.6255
vn -0.0392 -0.7651 -0.6428
vn 0.8630 0.3731 0.3406
vn -0.3396 -0.7154 -0.6107
vn -0.7615 -0.4844 -0.4307
vn -0.0539 -0.7643 -0.6426
vn 0.9476 0.2292 0.2226
vn -0.0703 -0.7633 -0.6422
vn -0.1110 -0.7598 -0.6406
vn 0.0034 -0.7663 -0.6424
vn -0.0399 -0.7650 -0.6427
vn 0.8110 -0.4608 -0.3603
vn 0.0136 -0.5006 -0.8656
vn -0.0297 -0.4992 -0.8660
vn 0.8167 -0.3118 -0.4855
vn -0.2485 -0.4774 -0.8428
vn -0.0290 -0.4992 -0.8660
vn 0.8576 0.2323 0.4589
vn -0.3299 -0.4628 -0.8228
vn -0.7546 -0.3063 -0.5803
vn -0.0438 -0.4985 -0.8658
vn 0.9440 0.1371 0.3000
vn -0.0601 -0.4976 -0.8653
vn -0.1008 -0.4948 -0.8631
vn -0.7462 -0.0878 -0.6599
vn -0.0312 -0.1725 -0.9845
vn 0.9397 0.0241 0.3411
vn -0.0476 -0.1718 -0.9840
vn -0.0884 -0.1698 -0.9815
vn 0.0261 -0.1747 -0.9843
vn -0.0172 -0.1731 -0.9848
vn 0.8238 -0.1290 -0.5521
vn -0.2363 -0.1601 -0.9584
vn -0.0165 -0.1731 -0.9848
vn 0.8510 0.0595 0.5219
vn -0.3180 -0.1529 -0.9357
vn -0.9304 -0.1343 -0.3411
vn 0.0271 0.1762 0.9840
vn 0.0678 0.1790 0.9815
vn -0.0465 0.1704 0.9843
vn -0.8332 0.0314 0.5521
vn 0.2159 0.1867 0.9584
vn -0.8381 -0.1589 -0.5219
vn 0.2978 0.1892 0.9357
vn 0.7308 0.1748 0.6599
vn 0.0108 0.1750 0.9845
vn 0.1907 0.5033 0.8428
vn -0.0298 0.4992 0.8660
vn -0.8244 -0.3313 -0.4589
vn 0.2733 0.4982 0.8228
vn 0.7135 0.3928 0.5803
vn -0.0151 0.5002 0.8658
vn -0.9214 -0.2470 -0.3000
vn 0.0013 0.5012 0.8653
vn 0.0421 0.5032 0.8631
vn -0.0723 0.4956 0.8656
vn -0.0291 0.4992 0.8660
vn -0.8477 0.2138 0.4855
vn 0.0211 0.7676 0.6406
vn -0.0934 0.7606 0.6424
vn -0.0502 0.7644 0.6428
vn -0.8595 0.3625 0.3603
vn 0.1702 0.7614 0.6256
vn -0.0509 0.7644 0.6428
vn -0.8132 -0.4718 -0.3406
vn 0.2533 0.7503 0.6107
vn 0.6993 0.5705 0.4307
vn -0.0361 0.7654 0.6426
vn -0.9141 -0.3388 -0.2227
vn -0.0198 0.7663 0.6422
vn 0.2402 0.9147 0.3250
vn 0.6901 0.6864 0.2292
vn -0.0499 0.9384 0.3419
vn -0.9094 -0.3988 -0.1185
vn -0.0335 0.9392 0.3417
vn 0.0074 0.9401 0.3409
vn -0.1071 0.9336 0.3418
vn -0.0639 0.9375 0.3420
vn -0.8672 0.4595 0.1917
vn 0.1569 0.9298 0.3329
vn -0.0646 0.9375 0.3420
vn -0.8059 -0.5636 -0.1812
vn -0.8699 0.4932 -0.0000
vn 0.1522 0.9883 -0.0000
vn -0.0694 0.9976 -0.0000
vn -0.8034 -0.5954 -0.0000
vn 0.2357 0.9718 -0.0000
vn 0.6869 0.7267 -0.0000
vn -0.0546 0.9985 -0.0000
vn -0.9077 -0.4196 -0.0000
vn -0.0383 0.9993 -0.0000
vn 0.0026 1.0000 -0.0000
vn -0.1119 0.9937 -0.0000
vn -0.0687 0.9976 -0.0000
vn -0.0335 0.9392 -0.3417
vn 0.0074 0.9401 -0.3409
vn -0.1071 0.9336 -0.3418
vn -0.0639 0.9375 -0.3420
vn -0.8672 0.4595 -0.1917
vn 0.1569 0.9298 -0.3329
vn -0.0646 0.9375 -0.3420
vn -0.8059 -0.5636 0.1812
vn 0.2402 0.9147 -0.3250
vn 0.6901 0.6864 -0.2292
vn -0.0499 0.9384 -0.3419
vn -0.9094 -0.3988 0.1185
vn -0.8132 -0.4718 0.3406
vn 0.2533 0.7503 -0.6107
vn 0.6993 0.5705 -0.4307
vn -0.0361 0.7654 -0.6426
vn -0.9141 -0.3388 0.2226
vn -0.0198 0.7662 -0.6423
vn 0.0211 0.7676 -0.6406
vn -0.0933 0.7606 -0.6424
vn -0.0502 0.7644 -0.6428
vn -0.8595 0.3625 -0.3603
vn 0.1702 0.7614 -0.6256
vn -0.0509 0.7644 -0.6428
vn -0.0291 0.4992 -0.8660
vn -0.8477 0.2138 -0.4855
vn 0.1908 0.5033 -0.8428
vn -0.0298 0.4992 -0.8660
vn -0.8244 -0.3313 0.4589
vn 0.2733 0.4983 -0.8228
vn 0.7135 0.3928 -0.5803
vn -0.0151 0.5002 -0.8658
vn -0.9214 -0.2470 0.3000
vn 0.0013 0.5013 -0.8653
vn 0.0421 0.5032 -0.8631
vn -0.0723 0.4956 -0.8656
vn -0.9304 -0.1343 0.3411
vn 0.0271 0.1762 -0.9840
vn 0.0678 0.1790 -0.9815
vn -0.0464 0.1704 -0.9843
vn -0.8332 0.0314 -0.5521
vn 0.2159 0.1867 -0.9584
vn -0.8381 -0.1589 0.5219
vn 0.2978 0.1892 -0.9357
vn 0.7308 0.1748 -0.6598
vn 0.0108 0.1750 -0.9845
vn 0.0236 -0.1723 -0.9848
vn -0.8527 0.0246 0.5219
vn 0.3240 -0.1398 -0.9357
vn 0.7492 -0.0572 -0.6598
vn 0.0383 -0.1711 -0.9845
vn -0.9399 -0.0143 0.3411
vn 0.0546 -0.1697 -0.9840
vn 0.0952 -0.1660 -0.9815
vn -0.0190 -0.1756 -0.9843
vn 0.0243 -0.1723 -0.9848
vn -0.8178 -0.1626 -0.5521
vn 0.2427 -0.1502 -0.9584
vn 0.0501 -0.4976 -0.8660
vn -0.8033 -0.3450 -0.4855
vn 0.2678 -0.4668 -0.8428
vn 0.0494 -0.4976 -0.8660
vn -0.8664 0.1970 0.4589
vn 0.3485 -0.4489 -0.8228
vn 0.7665 -0.2752 -0.5803
vn 0.0641 -0.4963 -0.8658
vn -0.9489 0.0983 0.3000
vn 0.0804 -0.4948 -0.8653
vn 0.1210 -0.4903 -0.8631
vn 0.0069 -0.5008 -0.8656
vn 0.0852 -0.7615 -0.6426
vn -0.9562 0.1902 0.2226
vn 0.1015 -0.7597 -0.6422
vn 0.1420 -0.7546 -0.6406
vn 0.0279 -0.7658 -0.6424
vn 0.0712 -0.7628 -0.6427
vn -0.7915 -0.4937 -0.3603
vn 0.2883 -0.7249 -0.6255
vn 0.0705 -0.7628 -0.6428
vn -0.8775 0.3375 0.3406
vn 0.3686 -0.7008 -0.6107
vn 0.7807 -0.4529 -0.4307
vn 0.0842 -0.9359 -0.3420
vn -0.8848 0.4292 0.1812
vn 0.3816 -0.8653 -0.3250
vn 0.7899 -0.5688 -0.2292
vn 0.0989 -0.9345 -0.3419
vn -0.9609 0.2502 0.1185
vn 0.1152 -0.9327 -0.3417
vn 0.1557 -0.9271 -0.3409
vn 0.0417 -0.9388 -0.3418
vn 0.0849 -0.9358 -0.3420
vn -0.7838 -0.5907 -0.1917
vn 0.3017 -0.8934 -0.3328
vn 0.0465 -0.9989 -0.0000
vn 0.0897 -0.9960 -0.0000
vn -0.7811 -0.6244 -0.0000
vn 0.3064 -0.9519 -0.0000
vn 0.0890 -0.9960 -0.0000
vn -0.8874 0.4611 -0.0000
vn 0.3862 -0.9224 -0.0000
vn 0.7931 -0.6091 -0.0000
vn 0.1037 -0.9946 -0.0000
vn -0.9626 0.2710 -0.0000
vn 0.1200 -0.9928 -0.0000
vn 0.1605 -0.9870 -0.0000
vn 0.0989 -0.9345 0.3419
vn -0.9609 0.2502 -0.1185
vn 0.1152 -0.9327 0.3417
vn 0.1557 -0.9271 0.3409
vn 0.0417 -0.9388 0.3418
vn 0.0849 -0.9359 0.3420
vn -0.7838 -0.5907 0.1917
vn 0.3017 -0.8934 0.3329
vn 0.0842 -0.9359 0.3420
vn -0.8848 0.4292 -0.1813
vn 0.3816 -0.8653 0.3250
vn 0.7899 -0.5688 0.2292
vn 0.2883 -0.7249 0.6256
vn 0.0705 -0.7628 0.6428
vn -0.8775 0.3375 -0.3406
vn 0.3686 -0.7008 0.6107
vn 0.7807 -0.4529 0.4307
vn 0.0852 -0.7615 0.6426
vn -0.9562 0.1902 -0.2227
vn 0.1015 -0.7597 0.6422
vn 0.1420 -0.7546 0.6406
vn 0.0279 -0.7658 0.6424
vn 0.0712 -0.7628 0.6428
vn -0.7915 -0.4937 0.3603
vn 0.0069 -0.5008 0.8656
vn 0.0501 -0.4976 0.8660
vn -0.8033 -0.3450 0.4855
vn 0.2678 -0.4668 0.8428
vn 0.0494 -0.4976 0.8660
vn -0.8664 0.1970 -0.4589
vn 0.3485 -0.4489 0.8228
vn 0.7665 -0.2752 0.5803
vn 0.0641 -0.4963 0.8658
vn -0.9489 0.0983 -0.3000
vn 0.0804 -0.4948 0.8653
vn 0.1210 -0.4903 0.8631
vn 0.7492 -0.0572 0.6599
vn 0.0383 -0.1711 0.9845
vn -0.9399 -0.0143 -0.3411
vn 0.0546 -0.1697 0.9840
vn 0.0952 -0.1660 0.9815
vn -0.0190 -0.1756 0.9843
vn 0.0243 -0.1723 0.9848
vn -0.8178 -0.1626 0.5521
vn 0.2427 -0.1502 0.9584
vn 0.0236 -0.1723 0.9848
vn -0.8527 0.0246 -0.5219
vn 0.3240 -0.1397 0.9357
vn 0.9400 0.0037 0.3411
vn -0.0527 0.1703 -0.9840
vn -0.0934 0.1671 -0.9815
vn 0.0209 0.1754 -0.9843
vn -0.0223 0.1725 -0.9848
vn 0.8196 0.1534 -0.5521
vn -0.2410 0.1530 -0.9584
vn -0.0216 0.1726 -0.9848
vn 0.8523 -0.0342 0.5219
vn -0.3224 0.1434 -0.9357
vn -0.7485 0.0657 -0.6598
vn -0.0363 0.1715 -0.9845
vn -0.2625 0.4699 -0.8428
vn -0.0438 0.4982 -0.8660
vn 0.8641 -0.2068 0.4589
vn -0.3434 0.4528 -0.8228
vn -0.7634 0.2838 -0.5803
vn -0.0585 0.4970 -0.8658
vn 0.9477 -0.1091 0.3000
vn -0.0748 0.4956 -0.8653
vn -0.1154 0.4916 -0.8631
vn -0.0012 0.5008 -0.8656
vn -0.0445 0.4981 -0.8660
vn 0.8072 0.3358 -0.4855
vn -0.1334 0.7562 -0.6406
vn -0.0192 0.7661 -0.6424
vn -0.0625 0.7635 -0.6428
vn 0.7970 0.4847 -0.3603
vn -0.2801 0.7282 -0.6256
vn -0.0618 0.7636 -0.6428
vn 0.8736 -0.3474 0.3406
vn -0.3606 0.7050 -0.6107
vn -0.7755 0.4617 -0.4307
vn -0.0765 0.7624 -0.6426
vn 0.9539 -0.2011 0.2227
vn -0.0929 0.7608 -0.6423
vn -0.3718 0.8696 -0.3249
vn -0.7834 0.5778 -0.2292
vn -0.0883 0.9356 -0.3419
vn 0.9580 -0.2611 0.1185
vn -0.1046 0.9340 -0.3417
vn -0.1452 0.9288 -0.3409
vn -0.0310 0.9392 -0.3418
vn -0.0743 0.9368 -0.3420
vn 0.7904 0.5818 -0.1917
vn -0.2916 0.8968 -0.3328
vn -0.0736 0.9368 -0.3420
vn 0.8799 -0.4392 0.1812
vn 0.7881 0.6155 -0.0000
vn -0.2956 0.9553 -0.0000
vn -0.0777 0.9970 -0.0000
vn 0.8821 -0.4711 -0.0000
vn -0.3757 0.9268 -0.0000
vn -0.7861 0.6181 -0.0000
vn -0.0924 0.9957 -0.0000
vn 0.9594 -0.2819 -0.0000
vn -0.1087 0.9941 -0.0000
vn -0.1493 0.9888 -0.0000
vn -0.0351 0.9994 -0.0000
vn -0.0784 0.9969 -0.0000
vn -0.1046 0.9340 0.3417
vn -0.1452 0.9288 0.3409
vn -0.0310 0.9392 0.3418
vn -0.0743 0.9368 0.3420
vn 0.7904 0.5818 0.1917
vn -0.2916 0.8968 0.3328
vn -0.0736 0.9368 0.3420
vn 0.8799 -0.4393 -0.1813
vn -0.3718 0.8696 0.3250
vn -0.7834 0.5778 0.2292
vn -0.0883 0.9356 0.3419
vn 0.9580 -0.2610 -0.1185
vn 0.8737 -0.3474 -0.3406
vn -0.3606 0.7050 0.6107
vn -0.7755 0.4617 0.4307
vn -0.0765 0.7624 0.6426
vn 0.9539 -0.2011 -0.2227
vn -0.0929 0.7609 0.6422
vn -0.1334 0.7562 0.6406
vn -0.0192 0.7661 0.6424
vn -0.0625 0.7635 0.6428
vn 0.7970 0.4846 0.3603
vn -0.2801 0.7282 0.6256
vn -0.0618 0.7636 0.6428
vn -0.0445 0.4981 0.8660
vn 0.8072 0.3359 0.4855
vn -0.2625 0.4699 0.8428
vn -0.0438 0.4982 0.8660
vn 0.8641 -0.2068 -0.4589
vn -0.3434 0.4528 0.8228
vn -0.7634 0.2839 0.5803
vn -0.0585 0.4970 0.8658
vn 0.9477 -0.1091 -0.3000
vn -0.0748 0.4956 0.8653
vn -0.1154 0.4916 0.8631
vn -0.0012 0.5008 0.8656
vn 0.9400 0.0037 -0.3411
vn -0.0527 0.1703 0.9840
vn -0.0933 0.1671 0.9815
vn 0.0210 0.1754 0.9843
vn -0.0223 0.1725 0.9848
vn 0.8196 0.1533 0.5521
vn -0.2410 0.1530 0.9584
vn -0.0216 0.1726 0.9848
vn 0.8523 -0.0343 -0.5219
vn -0.3224 0.1434 0.9357
vn -0.7485 0.0657 0.6599
vn -0.0363 0.1715 0.9845
vn 0.0020 -0.1739 0.9848
vn 0.8398 0.1494 -0.5219
vn -0.3000 -0.1858 0.9357
vn -0.7327 -0.1665 0.6599
vn -0.0128 -0.1749 0.9845
vn 0.9318 0.1237 -0.3411
vn -0.0291 -0.1759 0.9840
vn -0.0699 -0.1782 0.9815
vn 0.0445 -0.1709 0.9843
vn 0.0013 -0.1740 0.9848
vn 0.8328 -0.0409 0.5521
vn -0.2180 -0.1842 0.9584
vn 0.0234 -0.4995 0.8660
vn 0.8452 -0.2234 0.4855
vn -0.1964 -0.5011 0.8428
vn 0.0241 -0.4995 0.8660
vn 0.8281 0.3219 -0.4589
vn -0.2789 -0.4951 0.8228
vn -0.7179 -0.3846 0.5803
vn 0.0094 -0.5004 0.8658
vn 0.9242 0.2365 -0.3000
vn -0.0070 -0.5012 0.8653
vn -0.0478 -0.5027 0.8631
vn 0.0667 -0.4964 0.8656
vn 0.0274 -0.7657 0.6426
vn 0.9179 0.3284 -0.2227
vn 0.0111 -0.7664 0.6422
vn -0.0298 -0.7673 0.6406
vn 0.0847 -0.7616 0.6425
vn 0.0415 -0.7650 0.6427
vn 0.8553 -0.3722 0.3603
vn -0.1789 -0.7594 0.6256
vn 0.0422 -0.7649 0.6428
vn 0.8185 0.4626 -0.3406
vn -0.2618 -0.7473 0.6107
vn -0.7058 -0.5625 0.4307
vn 0.0540 -0.9381 0.3420
vn 0.8123 0.5544 -0.1812
vn -0.2506 -0.9119 0.3250
vn -0.6979 -0.6786 0.2292
vn 0.0392 -0.9389 0.3419
vn 0.9138 0.3884 -0.1185
vn 0.0228 -0.9395 0.3417
vn -0.0180 -0.9399 0.3409
vn 0.0965 -0.9348 0.3418
vn 0.0533 -0.9382 0.3420
vn 0.8619 -0.4693 0.1917
vn -0.1674 -0.9280 0.3329
vn 0.1006 -0.9949 -0.0000
vn 0.0574 -0.9984 -0.0000
vn 0.8642 -0.5031 -0.0000
vn -0.1634 -0.9866 -0.0000
vn 0.0581 -0.9983 -0.0000
vn 0.8101 0.5863 -0.0000
vn -0.2467 -0.9691 -0.0000
vn -0.6951 -0.7189 -0.0000
vn 0.0433 -0.9991 -0.0000
vn 0.9124 0.4093 -0.0000
vn 0.0269 -0.9996 -0.0000
vn -0.0139 -0.9999 -0.0000
vn 0.0392 -0.9389 -0.3419
vn 0.9138 0.3884 0.1185
vn 0.0228 -0.9395 -0.3417
vn -0.0180 -0.9399 -0.3409
vn 0.0965 -0.9348 -0.3418
vn 0.0533 -0.9382 -0.3420
vn 0.8619 -0.4693 -0.1917
vn -0.1674 -0.9280 -0.3328
vn 0.0540 -0.9381 -0.3420
vn 0.8123 0.5544 0.1812
vn -0.2506 -0.9119 -0.3250
vn -0.6979 -0.6786 -0.2292
vn -0.1789 -0.7594 -0.6255
vn 0.0422 -0.7649 -0.6428
vn 0.8185 0.4626 0.3406
vn -0.2618 -0.7473 -0.6107
vn -0.7058 -0.5625 -0.4307
vn 0.0274 -0.7657 -0.6426
vn 0.9179 0.3284 0.2227
vn 0.0111 -0.7664 -0.6422
vn -0.0298 -0.7673 -0.6406
vn 0.0847 -0.7616 -0.6424
vn 0.0415 -0.7649 -0.6428
vn 0.8553 -0.3722 -0.3603
vn 0.0667 -0.4964 -0.8656
vn 0.0234 -0.4995 -0.8660
vn 0.8452 -0.2234 -0.4855
vn -0.1965 -0.5011 -0.8428
vn 0.0241 -0.4995 -0.8660
vn 0.8281 0.3219 0.4589
vn -0.2789 -0.4951 -0.8228
vn -0.7179 -0.3846 -0.5803
vn 0.0094 -0.5004 -0.8658
vn 0.9242 0.2365 0.3000
vn -0.0070 -0.5012 -0.8653
vn -0.0478 -0.5027 -0.8631
vn -0.7327 -0.1665 -0.6598
vn -0.0128 -0.1749 -0.9845
vn 0.9318 0.1237 0.3411
vn -0.0291 -0.1759 -0.9840
vn -0.0699 -0.1782 -0.9815
vn 0.0445 -0.1709 -0.9843
vn 0.0013 -0.1740 -0.9848
vn 0.8328 -0.0409 -0.5521
vn -0.2180 -0.1842 -0.9584
vn 0.0020 -0.1739 -0.9848
vn 0.8398 0.1494 0.5219
vn -0.3000 -0.1858 -0.9357
vn -0.9292 -0.1422 -0.3411
vn 0.0256 0.1764 0.9840
vn 0.0663 0.1796 0.9815
vn -0.0479 0.1700 0.9843
vn -0.0047 0.1739 0.9848
vn -0.8334 0.0243 0.5521
vn 0.2143 0.1885 0.9584
vn -0.0054 0.1738 0.9848
vn -0.8367 -0.1661 -0.5219
vn 0.2962 0.1917 0.9357
vn 0.7293 0.1810 0.6599
vn 0.0093 0.1751 0.9845
vn 0.1864 0.5049 0.8428
vn -0.0341 0.4989 0.8660
vn -0.8215 -0.3383 -0.4589
vn 0.2690 0.5006 0.8228
vn 0.7101 0.3989 0.5803
vn -0.0193 0.5001 0.8658
vn -0.9193 -0.2548 -0.3000
vn -0.0030 0.5012 0.8653
vn 0.0378 0.5036 0.8631
vn -0.0765 0.4949 0.8656
vn -0.0334 0.4990 0.8660
vn -0.8495 0.2066 0.4855
vn 0.0145 0.7677 0.6406
vn -0.0999 0.7598 0.6424
vn -0.0567 0.7640 0.6428
vn -0.8626 0.3551 0.3603
vn 0.1637 0.7628 0.6256
vn -0.0574 0.7639 0.6428
vn -0.8092 -0.4788 -0.3406
vn 0.2468 0.7524 0.6107
vn 0.6944 0.5764 0.4307
vn -0.0427 0.7650 0.6426
vn -0.9112 -0.3466 -0.2227
vn -0.0263 0.7660 0.6422
vn 0.2324 0.9167 0.3250
vn 0.6842 0.6923 0.2292
vn -0.0579 0.9379 0.3419
vn -0.9059 -0.4065 -0.1185
vn -0.0415 0.9389 0.3417
vn -0.0007 0.9401 0.3409
vn -0.1151 0.9327 0.3418
vn -0.0719 0.9369 0.3420
vn -0.8711 0.4521 0.1917
vn 0.1489 0.9312 0.3329
vn -0.0726 0.9369 0.3420
vn -0.8011 -0.5705 -0.1812
vn -0.8741 0.4858 -0.0000
vn 0.1437 0.9896 -0.0000
vn -0.0779 0.9970 -0.0000
vn -0.7983 -0.6023 -0.0000
vn 0.2273 0.9738 -0.0000
vn 0.6807 0.7326 -0.0000
vn -0.0632 0.9980 -0.0000
vn -0.9041 -0.4274 -0.0000
vn -0.0468 0.9989 -0.0000
vn -0.0060 1.0000 -0.0000
vn -0.1204 0.9927 -0.0000
vn -0.0772 0.9970 -0.0000
vn -0.0415 0.9389 -0.3417
vn -0.0007 0.9401 -0.3409
vn -0.1151 0.9327 -0.3418
vn -0.0719 0.9369 -0.3420
vn -0.8711 0.4521 -0.1917
vn 0.1489 0.9311 -0.3329
vn -0.0726 0.9369 -0.3420
vn -0.8011 -0.5704 0.1812
vn 0.2324 0.9167 -0.3250
vn 0.6842 0.6923 -0.2292
vn -0.0579 0.9379 -0.3419
vn -0.9059 -0.4065 0.1185
vn -0.8092 -0.4788 0.3406
vn 0.2468 0.7524 -0.6107
vn 0.6944 0.5764 -0.4307
vn -0.0427 0.7650 -0.6426
vn -0.9112 -0.3466 0.2226
vn -0.0263 0.7660 -0.6422
vn 0.0145 0.7677 -0.6406
vn -0.0999 0.7598 -0.6424
vn -0.0567 0.7640 -0.6428
vn -0.8626 0.3551 -0.3603
vn 0.1637 0.7628 -0.6256
vn -0.0574 0.7639 -0.6428
vn -0.0334 0.4990 -0.8660
vn -0.8495 0.2066 -0.4855
vn 0.1864 0.5049 -0.8428
vn -0.0341 0.4989 -0.8660
vn -0.8215 -0.3383 0.4589
vn 0.2690 0.5006 -0.8228
vn 0.7101 0.3989 -0.5803
vn -0.0193 0.5001 -0.8658
vn -0.9193 -0.2548 0.3000
vn -0.0030 0.5012 -0.8653
vn 0.0378 0.5036 -0.8631
vn -0.0765 0.4949 -0.8656
vn -0.9292 -0.1422 0.3411
vn 0.0256 0.1764 -0.9840
vn 0.0663 0.1796 -0.9815
vn -0.0479 0.1700 -0.9843
vn -0.0047 0.1739 -0.9848
vn -0.8334 0.0243 -0.5521
vn 0.2143 0.1885 -0.9584
vn -0.0054 0.1738 -0.9848
vn -0.8367 -0.1661 0.5219
vn 0.2962 0.1917 -0.9357
vn 0.7293 0.1810 -0.6599
vn 0.0093 0.1751 -0.9845
vn 0.0250 -0.1721 -0.9848
vn -0.8529 0.0173 0.5219
vn 0.3252 -0.1370 -0.9357
vn 0.7497 -0.0508 -0.6598
vn 0.0398 -0.1708 -0.9845
vn -0.9398 -0.0224 0.3411
vn 0.0561 -0.1692 -0.9840
vn 0.0967 -0.1652 -0.9815
vn -0.0175 -0.1758 -0.9843
vn 0.0257 -0.1720 -0.9848
vn -0.8164 -0.1696 -0.5521
vn 0.2440 -0.1482 -0.9584
vn 0.0544 -0.4971 -0.8660
vn -0.8003 -0.3519 -0.4855
vn 0.2718 -0.4645 -0.8428
vn 0.0537 -0.4972 -0.8660
vn -0.8680 0.1895 0.4589
vn 0.3524 -0.4459 -0.8228
vn 0.7689 -0.2686 -0.5803
vn 0.0684 -0.4958 -0.8658
vn -0.9497 0.0902 0.3000
vn 0.0847 -0.4941 -0.8653
vn 0.1252 -0.4892 -0.8631
vn 0.0112 -0.5007 -0.8656
vn 0.0917 -0.7607 -0.6426
vn -0.9578 0.1820 0.2226
vn 0.1080 -0.7589 -0.6422
vn 0.1485 -0.7534 -0.6406
vn 0.0345 -0.7656 -0.6424
vn 0.0777 -0.7621 -0.6427
vn -0.7872 -0.5004 -0.3603
vn 0.2945 -0.7224 -0.6256
vn 0.0770 -0.7622 -0.6428
vn -0.8804 0.3300 0.3406
vn 0.3746 -0.6977 -0.6107
vn 0.7845 -0.4462 -0.4307
vn 0.0923 -0.9352 -0.3420
vn -0.8885 0.4216 0.1812
vn 0.3890 -0.8620 -0.3250
vn 0.7947 -0.5621 -0.2292
vn 0.1069 -0.9336 -0.3419
vn -0.9630 0.2419 0.1185
vn 0.1232 -0.9317 -0.3417
vn 0.1636 -0.9258 -0.3409
vn 0.0497 -0.9384 -0.3418
vn 0.0930 -0.9351 -0.3420
vn -0.7787 -0.5974 -0.1917
vn 0.3094 -0.8908 -0.3329
vn 0.0550 -0.9985 -0.0000
vn 0.0982 -0.9952 -0.0000
vn -0.7757 -0.6311 -0.0000
vn 0.3145 -0.9493 -0.0000
vn 0.0975 -0.9952 -0.0000
vn -0.8913 0.4535 -0.0000
vn 0.3941 -0.9191 -0.0000
vn 0.7983 -0.6023 -0.0000
vn 0.1122 -0.9937 -0.0000
vn -0.9649 0.2627 -0.0000
vn 0.1285 -0.9917 -0.0000
vn 0.1689 -0.9856 -0.0000
vn 0.1069 -0.9336 0.3419
vn -0.9630 0.2419 -0.1185
vn 0.1232 -0.9317 0.3417
vn 0.1636 -0.9258 0.3409
vn 0.0497 -0.9384 0.3418
vn 0.0930 -0.9351 0.3420
vn -0.7787 -0.5974 0.1917
vn 0.3094 -0.8908 0.3329
vn 0.0923 -0.9352 0.3420
vn -0.8885 0.4216 -0.1812
vn 0.3890 -0.8620 0.3250
vn 0.7947 -0.5621 0.2292
vn 0.2945 -0.7225 0.6256
vn 0.0770 -0.7622 0.6427
vn -0.8804 0.3300 -0.3406
vn 0.3745 -0.6977 0.6107
vn 0.7845 -0.4462 0.4307
vn 0.0917 -0.7607 0.6426
vn -0.9578 0.1820 -0.2227
vn 0.1080 -0.7589 0.6422
vn 0.1485 -0.7534 0.6406
vn 0.0345 -0.7656 0.6424
vn 0.0777 -0.7621 0.6428
vn -0.7872 -0.5004 0.3603
vn 0.0112 -0.5007 0.8656
vn 0.0544 -0.4971 0.8660
vn -0.8003 -0.3519 0.4855
vn 0.2718 -0.4645 0.8428
vn 0.0537 -0.4972 0.8660
vn -0.8680 0.1895 -0.4589
vn 0.3524 -0.4459 0.8228
vn 0.7689 -0.2686 0.5803
vn 0.0684 -0.4958 0.8658
vn -0.9497 0.0902 -0.3000
vn 0.0847 -0.4941 0.8653
vn 0.1252 -0.4892 0.8631
vn 0.7497 -0.0508 0.6599
vn 0.0397 -0.1708 0.9845
vn -0.9398 -0.0224 -0.3411
vn 0.0561 -0.1692 0.9840
vn 0.0967 -0.1652 0.9815
vn -0.0175 -0.1758 0.9843
vn 0.0257 -0.1720 0.9848
vn -0.8164 -0.1696 0.5521
vn 0.2440 -0.1482 0.9584
vn 0.0250 -0.1721 0.9848
vn -0.8528 0.0173 -0.5219
vn 0.3252 -0.1370 0.9357
vn -0.8292 -0.5082 0.2328
vn -0.6486 0.0511 0.7594
vn 0.8292 0.5082 0.2328
vn 0.9211 0.3815 0.0782
vn 0.8507 0.0669 0.5213
vn 0.8292 -0.5081 0.2328
vn 0.7591 -0.0597 0.6483
vn 0.2328 -0.9694 0.0782
vn 0.0597 0.7591 0.6483
vn -0.9969 0.0784 -0.0000
vn 0.8559 -0.5172 -0.0005
vn 0.8817 -0.4719 -0.0013
vn 0.8816 -0.4719 -0.0013
vn 0.8559 -0.5171 -0.0005
vn 0.8459 -0.5333 -0.0014
vn 0.8776 -0.4794 -0.0024
vn 0.8584 -0.5130 -0.0023
vn 0.8672 -0.4979 -0.0026
vn 0.8468 -0.5319 -0.0027
vn 0.8253 -0.5646 -0.0027
vn 0.7909 -0.6119 -0.0025
vn 0.7159 -0.6982 -0.0020
vn 0.6617 -0.7498 -0.0005
vn 0.6616 -0.7498 -0.0005
vn 0.8601 -0.5101 -0.0004
vn 0.8902 -0.4556 -0.0013
vn 0.8481 -0.5298 -0.0013
vn 0.8825 -0.4703 -0.0024
vn 0.9012 -0.4334 -0.0007
vn 0.9609 -0.2770 -0.0025
vn 0.9220 -0.3871 -0.0025
vn 0.9398 -0.3417 -0.0032
vn 0.8864 -0.4629 -0.0033
vn 0.9233 -0.3841 -0.0046
vn 0.9031 -0.4294 -0.0047
vn 0.9187 -0.3948 -0.0053
vn 0.9187 -0.3949 -0.0053
vn 0.9050 -0.4254 -0.0052
vn 0.9913 0.1319 -0.0014
vn 0.9912 0.1320 -0.0014
vn 0.9956 -0.0935 -0.0024
vn 0.9995 0.0305 -0.0041
vn 0.9926 -0.1212 -0.0039
vn 0.9759 0.2183 -0.0012
vn 0.9758 0.2184 -0.0012
vn 0.9926 -0.1211 -0.0039
vn 0.6903 0.7235 -0.0034
vn 0.5863 0.8101 -0.0019
vn -0.6325 0.7746 -0.0008
vn -0.6837 0.7298 -0.0023
vn -0.7101 0.7041 -0.0024
vn -0.7168 0.6973 -0.0033
vn -0.7432 0.6691 -0.0030
vn -0.7455 0.6665 -0.0027
vn -0.7804 0.6253 -0.0035
vn -0.7828 0.6222 -0.0031
vn -0.8180 0.5752 -0.0035
vn -0.8404 0.5420 -0.0035
vn -0.8533 0.5213 -0.0033
vn 0.8637 -0.5041 -0.0006
vn 0.8941 -0.4479 -0.0015
vn 0.8503 -0.5263 -0.0015
vn 0.8841 -0.4672 -0.0025
vn 0.8690 -0.4949 -0.0026
vn 0.8740 -0.4859 -0.0025
vn 0.8702 -0.4927 -0.0026
vn 0.8778 -0.4790 -0.0028
vn 0.8714 -0.4906 -0.0028
vn 0.8947 -0.4467 -0.0036
vn 0.8739 -0.4860 -0.0036
vn 0.8740 -0.4860 -0.0036
vn 0.9127 -0.4087 -0.0049
vn 0.9048 -0.4259 -0.0049
vn 0.9160 -0.4011 -0.0053
vn 0.9160 -0.4012 -0.0053
vn 0.9059 -0.4234 -0.0052
vn 0.9900 0.1408 -0.0018
vn 0.9900 0.1409 -0.0018
vn 0.9059 -0.4235 -0.0052
vn -0.8473 0.5311 -0.0029
vn -0.8392 0.5438 -0.0027
vn -0.8359 0.5489 -0.0027
vn -0.8424 0.5388 -0.0027
vn -0.8501 0.5266 -0.0026
vn -0.8533 0.5213 -0.0025
vn -0.8533 0.5214 -0.0025
vn -0.8496 0.5274 -0.0019
vn -0.8361 0.5485 -0.0012
vn -0.8454 0.5341 -0.0015
vn 0.8638 -0.5038 -0.0027
vn 0.8595 -0.5112 -0.0027
vn 0.8773 -0.4800 -0.0033
vn 0.8773 -0.4799 -0.0033
vn 0.8608 -0.5090 -0.0033
vn 0.8911 -0.4538 -0.0043
vn 0.8622 -0.5066 -0.0043
vn 0.8946 -0.4469 -0.0053
vn 0.8945 -0.4470 -0.0054
vn 0.8875 -0.4609 -0.0053
vn 0.9915 0.1303 -0.0020
vn 0.9915 0.1302 -0.0020
vn -0.8698 0.4934 -0.0054
vn -0.8569 0.5154 -0.0056
vn -0.8403 0.5422 -0.0051
vn -0.8133 0.5818 -0.0048
vn -0.7689 0.6393 -0.0049
vn -0.7923 0.6102 -0.0055
vn -0.7783 0.6279 -0.0054
vn -0.7263 0.6874 -0.0055
vn -0.8502 0.5265 -0.0012
vn -0.8562 0.5167 -0.0008
vn -0.8671 0.4981 -0.0054
vn -0.8671 0.4980 -0.0054
vn -0.9946 -0.1034 -0.0013
vn -0.9946 -0.1033 -0.0013
vn 0.5821 -0.8132 -0.0006
vn 0.5820 -0.8132 -0.0006
vn 0.6173 -0.7867 -0.0044
vn 0.6699 -0.7424 -0.0041
vn 0.6818 -0.7315 -0.0022
vn 0.6063 -0.7952 -0.0006
vn 0.6556 -0.7551 -0.0005
vn 0.6555 -0.7552 -0.0005
vn -0.5193 0.8546 -0.0018
vn -0.5636 0.8261 -0.0036
vn -0.3777 0.9259 -0.0034
vn -0.1658 0.9862 -0.0032
vn -0.1312 0.9914 -0.0033
vn -0.2588 0.9659 -0.0046
vn -0.2589 0.9659 -0.0046
vn 0.1716 0.9851 -0.0053
vn 0.0497 0.9988 -0.0037
vn 0.8970 -0.4421 -0.0006
vn 0.9590 -0.2835 -0.0025
vn 0.9589 -0.2836 -0.0025
vn 0.8970 -0.4420 -0.0006
vn 0.9269 -0.3754 -0.0011
vn 0.9817 -0.1906 -0.0032
vn 0.9269 -0.3753 -0.0011
vn 0.9581 -0.2864 -0.0033
vn 0.9819 -0.1893 -0.0049
vn 0.9819 -0.1894 -0.0049
vn 0.9844 -0.1759 -0.0049
vn 0.9656 0.2601 -0.0012
vn 0.9655 0.2602 -0.0012
vn 0.8686 -0.4955 -0.0008
vn 0.9004 -0.4351 -0.0019
vn 0.8497 -0.5272 -0.0019
vn 0.8498 -0.5272 -0.0019
vn 0.8796 -0.4757 -0.0027
vn 0.8796 -0.4756 -0.0027
vn 0.8456 -0.5339 -0.0027
vn 0.8057 -0.5924 -0.0027
vn 0.7538 -0.6571 -0.0024
vn 0.9224 -0.3863 -0.0025
vn 0.9440 -0.3300 -0.0034
vn 0.9440 -0.3299 -0.0034
vn 0.8873 -0.4612 -0.0035
vn 0.8873 -0.4611 -0.0035
vn 0.9378 -0.3471 -0.0053
vn 0.8603 -0.5098 -0.0055
vn 0.9401 -0.3408 -0.0080
vn 0.9111 -0.4121 -0.0077
vn 0.8912 0.4537 -0.0029
vn 0.6918 -0.7221 -0.0010
vn 0.6918 -0.7221 -0.0011
vn 0.6194 -0.7850 -0.0012
vn 0.6195 -0.7850 -0.0012
vn 0.6427 -0.7661 -0.0054
vn 0.5782 -0.8159 -0.0040
vn 0.4211 -0.9070 -0.0026
vn 0.3203 -0.9473 -0.0037
vn 0.4809 -0.8768 -0.0041
vn 0.7138 -0.7003 -0.0047
vn 0.7136 -0.7005 -0.0047
vn 0.7993 -0.6009 -0.0045
vn 0.7817 -0.6236 -0.0041
vn 0.8310 -0.5562 -0.0043
vn 0.8373 -0.5467 -0.0043
vn 0.8529 -0.5220 -0.0047
vn 0.8529 -0.5221 -0.0047
vn 0.8259 -0.5638 -0.0048
vn 0.7847 -0.6199 -0.0044
vn 0.7627 -0.6468 -0.0037
vn 0.7630 -0.6464 -0.0031
vn 0.9276 -0.3736 -0.0013
vn 0.9763 -0.2164 -0.0032
vn 0.9275 -0.3738 -0.0013
vn 0.9783 -0.2074 -0.0031
vn 0.9783 -0.2073 -0.0031
vn 0.9861 -0.1660 -0.0038
vn 0.9939 -0.1101 -0.0039
vn 0.9789 0.2041 -0.0017
vn 0.9789 0.2042 -0.0017
vn 0.8066 -0.5911 -0.0029
vn 0.8687 -0.4953 -0.0029
vn 0.9024 -0.4310 -0.0040
vn 0.9624 -0.2716 -0.0038
vn 0.9799 -0.1995 -0.0040
vn 0.9878 0.1560 -0.0020
vn 0.9878 0.1556 -0.0020
vn 0.1892 -0.9819 -0.0008
vn 0.3870 -0.9221 -0.0045
vn 0.0742 -0.9972 -0.0008
vn 0.0555 -0.9985 -0.0038
vn 0.2337 -0.9723 -0.0069
vn -0.1543 -0.9880 -0.0025
vn -0.1819 -0.9833 -0.0050
vn 0.2320 -0.9727 -0.0074
vn -0.3319 -0.9433 -0.0016
vn -0.4066 -0.9136 -0.0028
vn -0.4751 -0.8799 -0.0046
vn -0.4752 -0.8799 -0.0046
vn 0.8713 -0.4908 -0.0006
vn 0.9442 -0.3294 -0.0025
vn 0.8713 -0.4907 -0.0006
vn 0.8958 -0.4445 -0.0024
vn 0.9045 -0.4264 -0.0027
vn 0.8715 -0.4904 -0.0027
vn 0.8829 -0.4695 -0.0031
vn 0.8406 -0.5417 -0.0031
vn 0.8545 -0.5195 -0.0035
vn 0.8204 -0.5718 -0.0035
vn 0.7967 -0.6043 -0.0033
vn 0.7963 -0.6049 -0.0033
vn 0.7818 -0.6236 -0.0029
vn 0.9020 0.4317 -0.0033
vn 0.7625 0.6470 -0.0010
vn 0.5579 0.8299 -0.0035
vn 0.4437 0.8961 -0.0021
vn 0.4437 0.8962 -0.0021
vn -0.3132 0.9497 -0.0025
vn -0.4275 0.9040 -0.0040
vn -0.4533 0.8913 -0.0010
vn -0.5889 0.8082 -0.0009
vn -0.6377 0.7703 -0.0024
vn -0.6425 0.7663 -0.0025
vn -0.6567 0.7541 -0.0032
vn -0.6767 0.7362 -0.0033
vn -0.7014 0.7127 -0.0045
vn -0.6853 0.7283 -0.0046
vn -0.7133 0.7008 -0.0052
vn -0.4133 0.9106 -0.0058
vn -0.7092 0.7050 -0.0006
vn -0.7093 0.7050 -0.0006
vn -0.7326 0.6807 -0.0005
vn -0.7526 0.6585 -0.0013
vn -0.7438 0.6684 -0.0013
vn -0.7617 0.6480 -0.0023
vn 0.7897 -0.6134 -0.0027
vn 0.7982 -0.6023 -0.0027
vn 0.8014 -0.5981 -0.0027
vn 0.7947 -0.6069 -0.0026
vn 0.7850 -0.6195 -0.0025
vn 0.7818 -0.6236 -0.0019
vn 0.7862 -0.6180 -0.0015
vn 0.8004 -0.5994 -0.0015
vn 0.7910 -0.6118 -0.0012
vn -0.7547 0.6560 -0.0024
vn -0.7503 0.6611 -0.0025
vn -0.7555 0.6552 -0.0033
vn -0.7257 0.6880 -0.0028
vn -0.7258 0.6879 -0.0028
vn -0.7391 0.6736 -0.0035
vn -0.6962 0.7178 -0.0035
vn -0.6962 0.7179 -0.0035
vn -0.7201 0.6939 -0.0048
vn -0.6902 0.7236 -0.0052
vn -0.6941 0.7198 -0.0049
vn -0.3972 0.9177 -0.0061
vn -0.7078 0.7064 -0.0008
vn -0.7267 0.6870 -0.0007
vn -0.7583 0.6518 -0.0015
vn -0.7456 0.6663 -0.0015
vn -0.7414 0.6710 -0.0015
vn -0.7584 0.6518 -0.0024
vn -0.7617 0.6479 -0.0025
vn 0.7855 -0.6188 -0.0008
vn 0.7784 -0.6278 -0.0003
vn 0.7783 -0.6279 -0.0003
vn 0.7647 -0.6444 -0.0003
vn 0.7646 -0.6445 -0.0003
vn 0.7621 -0.6475 -0.0056
vn 0.7774 -0.6290 -0.0051
vn 0.7969 -0.6042 -0.0048
vn 0.8252 -0.5648 -0.0049
vn 0.8443 -0.5358 -0.0049
vn 0.8638 -0.5039 -0.0055
vn 0.8637 -0.5039 -0.0055
vn 0.9211 -0.3892 -0.0054
vn 0.8943 -0.4474 -0.0046
vn 0.9381 -0.3464 -0.0050
vn 0.9837 0.1795 -0.0025
vn 0.9837 0.1798 -0.0025
vn -0.7693 0.6388 -0.0026
vn -0.7511 0.6602 -0.0027
vn -0.7603 0.6495 -0.0032
vn -0.7312 0.6821 -0.0033
vn -0.7479 0.6638 -0.0042
vn -0.7259 0.6878 -0.0043
vn -0.7441 0.6681 -0.0052
vn -0.7255 0.6882 -0.0053
vn 0.5766 0.8170 -0.0044
vn 0.9802 0.1980 -0.0028
vn 0.9826 0.1857 -0.0033
vn 0.9766 0.2152 -0.0036
vn 0.9182 0.3961 -0.0030
vn 0.9215 0.3883 -0.0035
vn 0.9340 -0.3573 -0.0014
vn 0.9807 -0.1957 -0.0037
vn 0.9340 -0.3574 -0.0014
vn 0.9993 -0.0382 -0.0032
vn 0.9833 0.1821 -0.0033
vn -0.9513 0.3084 -0.0040
vn -0.9598 0.2806 -0.0044
vn -0.9577 0.2877 -0.0039
vn -0.9039 0.4278 -0.0004
vn -0.9038 0.4280 -0.0004
vn -0.9546 0.2977 -0.0021
vn -0.9546 0.2979 -0.0021
vn -0.9338 0.3578 -0.0049
vn -0.9338 0.3577 -0.0049
vn -0.9887 -0.1502 -0.0009
vn -0.9887 -0.1499 -0.0009
vn -0.4227 0.9063 -0.0065
vn -0.7366 0.6763 -0.0007
vn -0.7450 0.6671 -0.0006
vn -0.7607 0.6491 -0.0013
vn -0.7507 0.6607 -0.0013
vn -0.7667 0.6420 -0.0022
vn -0.7645 0.6446 -0.0023
vn -0.7698 0.6382 -0.0031
vn -0.7899 0.6132 -0.0026
vn -0.8127 0.5827 -0.0027
vn -0.8462 0.5328 -0.0027
vn -0.9009 0.4339 -0.0024
vn -0.9309 0.3653 -0.0020
vn -0.9632 0.2687 -0.0045
vn -0.9632 0.2688 -0.0045
vn -0.9849 -0.1730 -0.0009
vn -0.9017 0.4324 -0.0047
vn -0.8380 0.5456 -0.0041
vn -0.8534 0.5213 -0.0045
vn -0.8077 0.5896 -0.0041
vn -0.7823 0.6229 -0.0047
vn -0.7850 0.6195 -0.0043
vn -0.8127 0.5827 -0.0047
vn -0.8361 0.5485 -0.0044
vn -0.8509 0.5253 -0.0048
vn -0.8686 0.4955 -0.0044
vn -0.8683 0.4959 -0.0037
vn -0.8684 0.4959 -0.0037
vn -0.8321 0.5546 -0.0031
vn -0.7136 0.7005 -0.0029
vn -0.7333 0.6799 -0.0039
vn -0.5846 0.8113 -0.0038
vn -0.5373 0.8434 -0.0016
vn -0.5780 0.8160 -0.0031
vn -0.4933 0.8699 -0.0031
vn -0.5298 0.8481 -0.0037
vn -0.6643 -0.7475 -0.0053
vn -0.6643 -0.7474 -0.0053
vn -0.6315 -0.7753 -0.0046
vn -0.6316 -0.7753 -0.0046
vn -0.7194 -0.6946 -0.0046
vn -0.6366 -0.7712 -0.0030
vn -0.9998 0.0218 -0.0028
vn -0.9998 0.0217 -0.0028
vn -0.8196 -0.5729 -0.0068
vn -0.8196 -0.5728 -0.0068
vn -0.7729 -0.6345 -0.0027
vn -0.6984 -0.7158 -0.0014
vn -0.8618 -0.5072 -0.0070
vn -1.0000 0.0062 -0.0032
vn -0.8920 -0.4519 -0.0070
vn -0.8921 -0.4519 -0.0070
vn -0.8756 -0.4829 -0.0049
vn -0.7682 -0.6402 -0.0021
vn -0.9572 -0.2894 -0.0071
vn -0.9886 0.1508 -0.0008
vn -0.9886 0.1509 -0.0008
vn -0.9849 -0.1730 -0.0046
vn -0.9849 -0.1729 -0.0046
vn -0.9624 -0.2714 -0.0037
vn -0.9625 -0.2713 -0.0037
vn -0.8515 -0.5243 -0.0008
vn -0.8517 -0.5241 -0.0008
vn -0.5148 0.8573 -0.0014
vn -0.5670 0.8237 -0.0031
vn -0.5138 0.8579 -0.0032
vn -0.6007 0.7995 -0.0047
vn -0.5020 0.8649 -0.0009
vn -0.5019 0.8649 -0.0009
vn -0.5944 0.8042 -0.0008
vn -0.6446 0.7645 -0.0023
vn -0.6329 0.7742 -0.0025
vn -0.6505 0.7595 -0.0033
vn -0.6470 0.7625 -0.0034
vn -0.6826 0.7308 -0.0052
vn -0.6418 0.7669 -0.0053
vn -0.7672 0.6414 -0.0071
vn -0.7671 0.6414 -0.0071
vn -0.6989 0.7152 -0.0011
vn -0.1558 0.9878 -0.0090
vn -0.7168 0.6973 -0.0010
vn -0.7168 0.6972 -0.0010
vn -0.7350 0.6781 -0.0018
vn -0.7478 0.6639 -0.0019
vn -0.7612 0.6485 -0.0026
vn -0.7908 0.6121 -0.0028
vn -0.8323 0.5544 -0.0027
vn -0.8668 0.4986 -0.0024
vn -0.8753 0.4836 -0.0026
vn -0.9997 -0.0230 -0.0037
vn -0.9991 -0.0420 -0.0037
vn -0.9874 -0.1579 -0.0046
vn -0.9874 -0.1580 -0.0046
vn -0.8809 -0.4732 -0.0008
vn -0.8809 -0.4734 -0.0008
vn -0.9385 0.3452 -0.0041
vn -0.9385 0.3453 -0.0041
vn -0.9738 0.2273 -0.0058
vn -0.9738 0.2272 -0.0058
vn -0.9872 0.1597 -0.0038
vn -0.9963 0.0856 -0.0037
vn -0.9963 0.0855 -0.0037
vn -0.9997 -0.0223 -0.0028
vn -0.9997 -0.0224 -0.0028
vn -0.8575 0.5145 -0.0008
vn -0.9152 0.4031 -0.0025
vn -0.9151 0.4031 -0.0025
vn -0.9495 0.3137 -0.0055
vn -0.9495 0.3136 -0.0055
vn -0.9719 -0.2356 -0.0021
vn -0.9718 -0.2359 -0.0021
vn -0.2237 0.1773 -0.9584
vn -0.7376 0.1433 -0.6599
vn 0.8378 -0.2957 0.4589
vn -0.7296 0.3618 -0.5803
vn 0.8377 0.2500 -0.4855
vn -0.0540 0.7659 -0.6406
vn 0.0606 0.7639 -0.6425
vn 0.0173 0.7659 -0.6428
vn -0.7232 0.5399 -0.4307
vn -0.0131 0.7664 -0.6422
vn -0.1966 0.9223 -0.3329
vn 0.8479 0.5301 -0.0000
vn -0.0068 0.9398 0.3417
vn -0.1966 0.9223 0.3328
vn 0.8327 -0.4366 -0.3406
vn -0.0131 0.7664 0.6423
vn -0.0540 0.7659 0.6406
vn 0.0173 0.7659 0.6427
vn -0.2237 0.1772 0.9584
vn 0.8174 -0.3103 0.4855
vn -0.0591 -0.4978 0.8653
vn -0.0688 -0.7634 0.6422
vn -0.2570 -0.7366 0.6256
vn 0.8072 -0.5903 -0.0000
vn -0.2631 -0.9055 -0.3329
vn -0.2570 -0.7366 -0.6255
vn -0.0688 -0.7634 -0.6422
vn -0.7461 -0.0893 -0.6598
vn 0.0416 0.4984 0.8660
vn 0.0592 0.7638 0.6428
vn 0.2769 0.7294 0.6255
vn 0.0896 0.7612 0.6422
vn 0.1412 0.9294 0.3409
vn 0.2877 0.8980 0.3328
vn -0.8780 -0.4430 -0.1813
vn 0.1412 0.9295 -0.3409
vn 0.2877 0.8980 -0.3329
vn 0.0896 0.7612 -0.6423
vn 0.2769 0.7294 -0.6256
vn 0.0727 0.4959 -0.8653
vn -0.8405 0.1458 0.5219
vn 0.7334 -0.1633 -0.6598
vn 0.0500 -0.5025 -0.8631
vn -0.0382 -0.7651 -0.6427
vn 0.1822 -0.7586 -0.6255
vn 0.0221 -0.9398 -0.3409
vn -0.0925 -0.9352 -0.3418
vn 0.1714 -0.9273 0.3329
vn 0.1822 -0.7586 0.6256
vn -0.0077 -0.7664 0.6423
vn -0.0382 -0.7651 0.6428
vn -0.8405 0.1457 -0.5219
vn 0.8139 0.1813 -0.5521
vn 0.8706 -0.1771 0.4589
vn -0.0886 0.7609 -0.6427
vn -0.3048 0.7182 -0.6255
vn -0.1365 0.9298 -0.3418
vn -0.3220 0.8863 -0.3329
vn 0.7666 0.6421 -0.0000
vn -0.1365 0.9298 0.3417
vn -0.3220 0.8863 0.3328
vn -0.1056 0.9337 0.3420
vn 0.8944 -0.4089 -0.1813
vn -0.1188 0.7572 0.6423
vn -0.0886 0.7609 0.6428
vn -0.3048 0.7182 0.6256
vn 0.8706 -0.1771 -0.4589
vn 0.8343 0.1780 -0.5219
vn 0.8524 -0.1944 0.4855
vn 0.0265 -0.4998 0.8658
vn -0.0036 -0.7678 0.6406
vn -0.1528 -0.7651 0.6255
vn 0.7929 0.5818 -0.1812
vn 0.1284 -0.9309 0.3418
vn -0.1356 -0.9332 0.3328
vn 0.8809 -0.4732 -0.0000
vn 0.1284 -0.9310 -0.3418
vn -0.1356 -0.9332 -0.3329
vn -0.1528 -0.7651 -0.6256
vn 0.0683 -0.7630 -0.6428
vn 0.0676 -0.7631 -0.6427
vn -0.7266 -0.1914 -0.6599
vn 0.8342 0.1780 0.5219
vn -0.0292 0.5000 0.8656
vn 0.0465 0.7651 0.6423
vn 0.2365 0.9128 0.3329
vn 0.0165 0.9395 0.3420
vn 0.0165 0.9396 -0.3420
vn -0.0273 0.7658 -0.6424
vn 0.2353 0.7439 -0.6255
vn -0.0292 0.4999 -0.8656
vn 0.7415 -0.1216 -0.6599
vn 0.0355 -0.7657 -0.6422
vn 0.0764 -0.7640 -0.6406
vn 0.2247 -0.7471 -0.6256
vn 0.0044 -0.7660 -0.6428
vn 0.0343 -0.9392 -0.3418
vn 0.0343 -0.9392 0.3417
vn 0.2247 -0.7471 0.6255
vn 0.7387 -0.5185 0.4307
vn 0.0051 -0.7661 0.6428
vn 0.7415 -0.1216 0.6599
vn -0.7399 0.1308 -0.6599
vn 0.0477 0.7649 -0.6424
vn 0.0044 0.7661 -0.6428
vn -0.2154 0.7498 -0.6256
vn 0.0051 0.7661 -0.6428
vn -0.0097 0.7662 -0.6426
vn -0.2122 0.9188 -0.3329
vn 0.8389 0.5444 -0.0000
vn 0.8376 -0.5464 -0.0000
vn -0.2121 0.9188 0.3328
vn 0.8382 -0.5144 -0.1812
vn -0.0097 0.7661 0.6426
vn 0.0044 0.7661 0.6427
vn 0.8260 -0.1134 0.5521
vn 0.0179 -0.7661 0.6424
vn -0.0255 -0.7656 0.6428
vn 0.8576 0.4813 -0.1812
vn -0.2478 -0.9098 0.3328
vn -0.0429 -0.9387 -0.3419
vn -0.2478 -0.9098 -0.3328
vn 0.8576 0.4813 0.1812
vn -0.2445 -0.7409 -0.6255
vn -0.0255 -0.7657 -0.6428
vn -0.0205 0.4996 0.8660
vn -0.0360 0.7652 0.6428
vn -0.0056 0.7665 0.6422
vn -0.0465 0.9385 0.3420
vn 0.1741 0.9268 0.3329
vn -0.0056 0.7665 -0.6423
vn 0.1843 0.7581 -0.6256
vn 0.7480 -0.0711 -0.6598
vn -0.8207 -0.1474 -0.5521
vn 0.0874 -0.7615 -0.6423
vn 0.2749 -0.7302 -0.6256
vn 0.1385 -0.9299 -0.3409
vn 0.2851 -0.8988 -0.3328
vn 0.2749 -0.7302 0.6256
vn 0.7721 -0.4673 0.4307
vn 0.8657 -0.1999 0.4589
vn -0.0686 0.7630 -0.6428
vn 0.7932 0.4909 -0.3603
vn -0.2858 0.7259 -0.6255
vn -0.0989 0.7601 -0.6422
vn -0.2986 0.8944 -0.3329
vn -0.7791 0.4555 0.4307
vn 0.7932 0.4910 0.3603
vn 0.8657 -0.1999 -0.4589
vn 0.8255 0.3284 -0.4589
vn -0.0030 -0.5013 0.8653
vn 0.0171 -0.7663 0.6423
vn 0.8583 -0.3655 0.3603
vn 0.0482 -0.7646 0.6428
vn 0.8148 0.4690 -0.3406
vn 0.8079 0.5608 -0.1813
vn -0.0106 -0.9401 0.3409
vn -0.6894 -0.7243 -0.0000
vn -0.1601 -0.9293 -0.3328
vn 0.8149 0.4690 0.3406
vn 0.0475 -0.7646 -0.6427
vn 0.8583 -0.3654 -0.3603
vn 0.8469 -0.2167 -0.4855
vn 0.8255 0.3285 0.4589
vn -0.0030 -0.5013 -0.8653
vn -0.7314 -0.1722 -0.6598
vn -0.0545 0.7641 0.6427
vn 0.1516 0.9307 0.3328
vn 0.1516 0.9307 -0.3329
vn -0.0545 0.7641 -0.6428
vn 0.1659 0.7623 -0.6256
vn -0.0049 0.1739 -0.9848
vn 0.7495 -0.0530 -0.6598
vn 0.0755 -0.7623 -0.6428
vn 0.2924 -0.7233 -0.6256
vn 0.3068 -0.8917 -0.3329
vn 0.3068 -0.8917 0.3328
vn -0.8872 0.4242 -0.1812
vn 0.0748 -0.7624 0.6428
vn 0.0755 -0.7623 0.6428
vn 0.0248 0.5006 0.8653
vn 0.0161 0.7663 0.6423
vn 0.2002 0.9215 0.3328
vn -0.0633 0.9376 -0.3419
vn 0.2002 0.9215 -0.3329
vn 0.0248 0.5007 -0.8653
vn 0.7382 0.1404 -0.6598
vn 0.7457 -0.0922 -0.6598
vn 0.0658 -0.7637 -0.6423
vn 0.0354 -0.7653 -0.6428
vn 0.2596 -0.9065 0.3329
vn 0.2541 -0.7376 0.6255
vn 0.0658 -0.7637 0.6423
vn -0.7364 0.1493 -0.6598
vn -0.0024 0.5004 -0.8658
vn 0.0668 0.7634 -0.6424
vn 0.0235 0.7657 -0.6428
vn 0.8464 0.3922 -0.3603
vn -0.1966 0.7550 -0.6255
vn 0.0242 0.7657 -0.6427
vn 0.0095 0.7662 -0.6426
vn 0.0008 0.9398 -0.3417
vn 0.0095 0.7662 0.6426
vn -0.0069 0.7665 0.6422
vn 0.8464 0.3921 0.3603
vn 0.0242 0.7657 0.6427
vn -0.2081 0.4963 0.8428
vn 0.8230 -0.1341 0.5521
vn 0.8148 -0.3169 0.4855
vn -0.0632 -0.4973 0.8653
vn -0.0446 -0.7648 0.6427
vn 0.8082 -0.4658 0.3603
vn 0.8694 0.4598 -0.1812
vn -0.0827 -0.9361 0.3417
vn -0.2705 -0.9034 0.3329
vn 0.8024 -0.5968 -0.0000
vn -0.0827 -0.9362 -0.3417
vn -0.2705 -0.9034 -0.3328
vn 0.8694 0.4597 0.1813
vn -0.0750 -0.7628 -0.6422
vn -0.0446 -0.7648 -0.6427
vn 0.8148 -0.3169 -0.4855
vn -0.0632 -0.4973 -0.8653
vn -0.7468 -0.0832 -0.6599
vn 0.7417 0.1204 0.6599
vn -0.0355 0.4995 0.8656
vn 0.0064 0.7660 0.6428
vn 0.2260 0.7467 0.6256
vn 0.0057 0.7660 0.6428
vn -0.0379 0.9390 0.3419
vn 0.2250 0.9157 -0.3328
vn 0.0368 0.7656 -0.6422
vn 0.0064 0.7661 -0.6427
vn 0.2260 0.7468 -0.6255
vn -0.0355 0.4995 -0.8656
vn 0.7430 -0.1123 -0.6599
vn 0.0452 -0.7652 -0.6422
vn -0.0287 -0.7658 -0.6424
vn 0.0147 -0.7659 -0.6428
vn -0.0277 -0.9394 -0.3418
vn 0.2350 -0.9132 -0.3328
vn -0.0277 -0.9393 0.3419
vn 0.2350 -0.9132 0.3329
vn 0.0452 -0.7652 0.6422
vn 0.7430 -0.1123 0.6599
vn 0.8439 -0.1245 0.5219
vn -0.7373 0.1447 -0.6598
vn -0.2112 0.4950 -0.8428
vn 0.8373 -0.2972 0.4589
vn -0.2013 0.7538 -0.6255
vn -0.0116 0.7664 -0.6423
vn -0.1948 0.9226 -0.3328
vn 0.8283 -0.5301 0.1813
vn 0.8477 0.4947 0.1917
vn -0.1948 0.9226 0.3329
vn -0.0116 0.7664 0.6422
vn 0.8382 0.2484 0.4855
vn -0.2112 0.4951 0.8428
vn 0.8439 -0.1245 -0.5219
vn -0.2363 -0.1600 0.9584
vn 0.8168 -0.3118 0.4855
vn -0.0399 -0.7650 0.6427
vn -0.7615 -0.4845 0.4307
vn -0.0032 -0.9398 0.3418
vn -0.0466 -0.9386 0.3420
vn -0.2649 -0.9050 0.3328
vn -0.0032 -0.9398 -0.3418
vn -0.0466 -0.9385 -0.3420
vn -0.2584 -0.7361 -0.6256
vn 0.8630 0.3732 0.3406
vn -0.0399 -0.7650 -0.6428
vn 0.8110 -0.4609 -0.3603
vn 0.8168 -0.3118 -0.4855
vn -0.7462 -0.0878 -0.6598
vn -0.0313 -0.1725 -0.9845
vn 0.0013 0.5013 0.8653
vn -0.0198 0.7662 0.6423
vn 0.1569 0.9298 0.3328
vn 0.1569 0.9298 -0.3328
vn -0.0198 0.7662 -0.6422
vn -0.0502 0.7644 -0.6427
vn 0.1702 0.7614 -0.6255
vn 0.1015 -0.7598 -0.6422
vn 0.0712 -0.7628 -0.6428
vn 0.2883 -0.7249 -0.6256
vn 0.0849 -0.9359 -0.3420
vn 0.3017 -0.8934 -0.3329
vn 0.3017 -0.8934 0.3328
vn -0.8848 0.4292 -0.1812
vn 0.1015 -0.7597 0.6423
vn 0.0712 -0.7628 0.6427
vn 0.8196 0.1533 -0.5521
vn 0.8072 0.3359 -0.4855
vn -0.0929 0.7609 -0.6422
vn -0.2916 0.8968 -0.3329
vn -0.2916 0.8968 0.3329
vn 0.8799 -0.4392 -0.1812
vn 0.8736 -0.3475 -0.3406
vn -0.0929 0.7608 0.6423
vn -0.0625 0.7635 0.6427
vn 0.7970 0.4847 0.3603
vn -0.7634 0.2838 0.5803
vn 0.8523 -0.0342 -0.5219
vn 0.0847 -0.7616 0.6424
vn 0.0415 -0.7649 0.6428
vn 0.8620 -0.4693 0.1917
vn -0.1674 -0.9280 0.3328
vn 0.8620 -0.4693 -0.1917
vn -0.1789 -0.7594 -0.6256
vn 0.0415 -0.7650 -0.6427
vn -0.7179 -0.3847 -0.5803
vn -0.7327 -0.1665 -0.6599
vn -0.0030 0.5013 0.8653
vn 0.1489 0.9312 0.3328
vn 0.1489 0.9312 -0.3329
vn -0.8011 -0.5705 0.1812
vn -0.0030 0.5013 -0.8653
vn 0.7293 0.1810 -0.6598
vn 0.7497 -0.0508 -0.6599
vn 0.0847 -0.4940 -0.8653
vn 0.0777 -0.7621 -0.6428
vn 0.2945 -0.7224 -0.6255
vn -0.8885 0.4216 -0.1813
vn 0.2945 -0.7224 0.6256
vn 0.0770 -0.7622 0.6428
vn 0.1080 -0.7588 0.6423
vn 0.0777 -0.7621 0.6427
s 0
f 3//1 4//1 1//1
f 6//2 10//2 4//2
f 12//3 7//3 10//3
f 9//4 1//4 7//4
f 10//5 1//5 4//5
f 9//6 16//6 15//6
f 6//6 3//6 14//6
f 2//3 14//3 13//3
f 5//4 16//4 14//4
f 8//1 16//1 11//1
f 2//2 15//2 8//2
f 2//6 11//6 5//6
f 25//1 30//1 22//1
f 37//2 51//2 30//2
f 57//3 40//3 51//3
f 45//4 22//4 40//4
f 51//5 22//5 30//5
f 2884//6 2798//6 2886//6
f 2747//6 2972//6 2973//6
f 3304//6 3303//6 3291//6
f 3393//6 3377//6 3000//6
f 2827//6 2902//6 2905//6
f 2872//6 2775//6 2864//6
f 2738//6 2818//6 2821//6
f 2463//6 2762//6 2465//6
f 37//6 25//6 2811//6
f 208//7 295//7 2384//7
f 310//8 208//8 228//8
f 255//9 310//9 228//9
f 261//10 313//10 255//10
f 322//11 261//11 2387//11
f 132//12 2439//12 2484//12
f 2391//13 322//13 2387//13
f 182//14 267//14 132//14
f 265//15 335//15 2391//15
f 2384//16 270//16 182//16
f 315//17 401//17 313//17
f 322//18 421//18 315//18
f 2439//19 367//19 2457//19
f 335//20 443//20 322//20
f 270//21 367//21 267//21
f 265//22 465//22 335//22
f 295//23 379//23 270//23
f 301//24 388//24 295//24
f 310//25 391//25 301//25
f 313//26 392//26 310//26
f 265//27 517//27 465//27
f 499//28 379//28 388//28
f 502//29 388//29 391//29
f 392//30 502//30 391//30
f 508//31 392//31 401//31
f 421//32 508//32 401//32
f 513//33 421//33 443//33
f 2457//34 480//34 2453//34
f 517//35 443//35 465//35
f 490//36 367//36 379//36
f 508//37 578//37 505//37
f 511//38 597//38 508//38
f 513//39 621//39 511//39
f 2453//40 520//40 2448//40
f 646//41 513//41 517//41
f 490//42 520//42 480//42
f 265//43 646//43 517//43
f 499//44 526//44 490//44
f 564//45 499//45 502//45
f 578//46 502//46 505//46
f 705//47 638//47 646//47
f 673//48 520//48 526//48
f 265//49 705//49 646//49
f 679//50 526//50 552//50
f 680//51 552//51 564//51
f 684//52 564//52 578//52
f 685//53 578//53 597//53
f 688//54 597//54 621//54
f 691//55 621//55 638//55
f 520//56 2471//56 2448//56
f 771//57 680//57 684//57
f 776//58 684//58 685//58
f 688//59 776//59 685//59
f 807//60 688//60 691//60
f 726//61 2471//61 661//61
f 818//62 691//62 705//62
f 738//63 661//63 673//63
f 265//64 818//64 705//64
f 679//65 738//65 673//65
f 764//66 679//66 680//66
f 726//67 2468//67 2461//67
f 818//68 911//68 807//68
f 852//69 726//69 738//69
f 265//70 927//70 818//70
f 870//71 738//71 762//71
f 874//72 762//72 764//72
f 887//73 764//73 771//73
f 893//74 771//74 776//74
f 901//75 776//75 782//75
f 911//76 782//76 807//76
f 944//77 874//77 887//77
f 947//78 887//78 893//78
f 901//79 947//79 893//79
f 911//80 965//80 901//80
f 933//81 2468//81 844//81
f 927//82 1004//82 911//82
f 936//83 844//83 852//83
f 265//84 1023//84 927//84
f 870//85 936//85 852//85
f 874//86 937//86 870//86
f 1074//87 965//87 1004//87
f 1029//88 2462//88 933//88
f 1085//89 1004//89 1023//89
f 1048//90 933//90 936//90
f 265//91 1085//91 1023//91
f 937//92 1048//92 936//92
f 938//93 1059//93 937//93
f 944//94 1060//94 938//94
f 947//95 1063//95 944//95
f 965//96 1064//96 947//96
f 1126//97 1059//97 1060//97
f 1140//98 1060//98 1063//98
f 1161//99 1063//99 1064//99
f 1069//100 1161//100 1064//100
f 1074//101 1185//101 1069//101
f 1102//102 2465//102 1029//102
f 1085//103 1191//103 1074//103
f 1113//104 1029//104 1048//104
f 265//105 1197//105 1085//105
f 1059//106 1113//106 1048//106
f 1288//107 1185//107 1191//107
f 1102//108 2464//108 2463//108
f 1197//109 1288//109 1191//109
f 1214//110 1102//110 1113//110
f 265//111 1292//111 1197//111
f 1125//112 1214//112 1113//112
f 1126//113 1236//113 1125//113
f 1140//114 1250//114 1126//114
f 1161//115 1260//115 1140//115
f 1271//116 1161//116 1185//116
f 1250//117 1296//117 1236//117
f 1298//118 1250//118 1260//118
f 1299//119 1260//119 1269//119
f 1271//120 1299//120 1269//120
f 1288//121 1308//121 1271//121
f 1208//122 2466//122 2464//122
f 1292//123 1318//123 1288//123
f 1295//124 1208//124 1214//124
f 265//125 1332//125 1292//125
f 1236//126 1295//126 1214//126
f 1404//127 1299//127 1308//127
f 1407//128 1308//128 1318//128
f 1294//129 2459//129 2466//129
f 1332//130 1407//130 1318//130
f 1355//131 1294//131 1295//131
f 265//132 1410//132 1332//132
f 1375//133 1295//133 1296//133
f 1379//134 1296//134 1297//134
f 1298//135 1379//135 1297//135
f 1299//136 1382//136 1298//136
f 265//137 1468//137 1410//137
f 1414//138 1355//138 1375//138
f 1416//139 1375//139 1379//139
f 1422//140 1379//140 1382//140
f 1432//141 1382//141 1397//141
f 1404//142 1432//142 1397//142
f 1463//143 1404//143 1407//143
f 1347//144 2460//144 2459//144
f 1410//145 1463//145 1407//145
f 1412//146 1347//146 1355//146
f 1521//147 1422//147 1432//147
f 1451//148 1521//148 1432//148
f 1537//149 1451//149 1463//149
f 1472//150 2460//150 1411//150
f 1468//151 1537//151 1463//151
f 1481//152 1411//152 1412//152
f 265//153 1540//153 1468//153
f 1414//154 1481//154 1412//154
f 1494//155 1414//155 1416//155
f 1422//156 1494//156 1416//156
f 1546//157 1472//157 1481//157
f 265//158 1582//158 1540//158
f 1549//159 1481//159 1487//159
f 1494//160 1549//160 1487//160
f 1558//161 1494//161 1496//161
f 1568//162 1496//162 1521//162
f 1573//163 1521//163 1531//163
f 1537//164 1573//164 1531//164
f 1472//165 2452//165 2475//165
f 1582//166 1537//166 1540//166
f 1652//167 1558//167 1568//167
f 1654//168 1568//168 1573//168
f 1655//169 1573//169 1576//169
f 1589//170 2452//170 1544//170
f 1582//171 1655//171 1576//171
f 1546//172 1589//172 1544//172
f 265//173 1656//173 1582//173
f 1604//174 1546//174 1549//174
f 1554//175 1604//175 1549//175
f 1642//176 1554//176 1558//176
f 1689//177 1655//177 1656//177
f 1658//178 1589//178 1590//178
f 265//179 1689//179 1656//179
f 1659//180 1590//180 1604//180
f 1660//181 1604//181 1612//181
f 1661//182 1612//182 1642//182
f 1652//183 1661//183 1642//183
f 1671//184 1652//184 1654//184
f 1655//185 1671//185 1654//185
f 1589//186 2456//186 2442//186
f 1716//187 1660//187 1661//187
f 1665//188 1716//188 1661//188
f 1732//189 1665//189 1671//189
f 1735//190 1671//190 1682//190
f 1695//191 2456//191 1657//191
f 1740//192 1682//192 1689//192
f 1704//193 1657//193 1658//193
f 265//194 1740//194 1689//194
f 1659//195 1704//195 1658//195
f 1660//196 1709//196 1659//196
f 1742//197 2438//197 1695//197
f 1740//198 1772//198 1735//198
f 1744//199 1695//199 1704//199
f 265//200 1773//200 1740//200
f 1752//201 1704//201 1709//201
f 1754//202 1709//202 1714//202
f 1716//203 1754//203 1714//203
f 1769//204 1716//204 1723//204
f 1732//205 1769//205 1723//205
f 1772//206 1732//206 1735//206
f 1761//207 1786//207 1754//207
f 1769//208 1796//208 1761//208
f 1771//209 1805//209 1769//209
f 1822//210 1771//210 1772//210
f 1742//211 2421//211 2479//211
f 1773//212 1822//212 1772//212
f 1777//213 1742//213 1744//213
f 265//214 1827//214 1773//214
f 1752//215 1777//215 1744//215
f 1786//216 1752//216 1754//216
f 1852//217 1821//217 1822//217
f 1829//218 2425//218 2419//218
f 1827//219 1852//219 1822//219
f 1831//220 1774//220 1777//220
f 265//221 1854//221 1827//221
f 1837//222 1777//222 1783//222
f 1839//223 1783//223 1786//223
f 1796//224 1839//224 1786//224
f 1847//225 1796//225 1805//225
f 1851//226 1805//226 1821//226
f 1883//227 1837//227 1839//227
f 1843//228 1883//228 1839//228
f 1847//229 1892//229 1843//229
f 1899//230 1847//230 1851//230
f 1905//231 1851//231 1852//231
f 1829//232 2431//232 2425//232
f 1854//233 1905//233 1852//233
f 1860//234 1829//234 1831//234
f 265//235 1906//235 1854//235
f 1875//236 1831//236 1837//236
f 1940//237 1896//237 1899//237
f 1905//238 1940//238 1899//238
f 1911//239 2431//239 1857//239
f 1945//240 1905//240 1906//240
f 1913//241 1857//241 1860//241
f 265//242 1945//242 1906//242
f 1923//243 1860//243 1875//243
f 1883//244 1923//244 1875//244
f 1936//245 1883//245 1892//245
f 1896//246 1936//246 1892//246
f 1956//247 1913//247 1923//247
f 1925//248 1956//248 1923//248
f 1936//249 1962//249 1925//249
f 1938//250 1966//250 1936//250
f 1940//251 1970//251 1938//251
f 1942//252 1982//252 1940//252
f 1911//253 2436//253 2415//253
f 1945//254 1989//254 1942//254
f 1950//255 1911//255 1913//255
f 265//256 1992//256 1945//256
f 2017//257 1970//257 1982//257
f 1989//258 2017//258 1982//258
f 1947//259 2407//259 2436//259
f 1992//260 2018//260 1989//260
f 2008//261 1947//261 1950//261
f 265//262 2019//262 1992//262
f 1956//263 2008//263 1950//263
f 1962//264 2012//264 1956//264
f 2015//265 1962//265 1966//265
f 1970//266 2015//266 1966//266
f 265//267 2052//267 2019//267
f 2022//268 2008//268 2012//268
f 2014//269 2022//269 2012//269
f 2038//270 2014//270 2015//270
f 2016//271 2038//271 2015//271
f 2017//272 2044//272 2016//272
f 2050//273 2017//273 2018//273
f 2005//274 2408//274 2407//274
f 2052//275 2018//275 2019//275
f 2021//276 2005//276 2008//276
f 2073//277 2038//277 2044//277
f 2075//278 2044//278 2048//278
f 2076//279 2048//279 2050//279
f 2020//280 2399//280 2408//280
f 2052//281 2076//281 2050//281
f 2021//282 2054//282 2020//282
f 265//283 2078//283 2052//283
f 2062//284 2021//284 2022//284
f 2067//285 2022//285 2030//285
f 2070//286 2030//286 2038//286
f 2059//287 2081//287 2054//287
f 265//288 2105//288 2078//288
f 2090//289 2059//289 2062//289
f 2092//290 2062//290 2067//290
f 2094//291 2067//291 2070//291
f 2073//292 2094//292 2070//292
f 2101//293 2073//293 2075//293
f 2076//294 2101//294 2075//294
f 2054//295 2403//295 2399//295
f 2105//296 2076//296 2078//296
f 2133//297 2094//297 2099//297
f 2134//298 2099//298 2101//298
f 2135//299 2101//299 2102//299
f 2081//300 2395//300 2403//300
f 2105//301 2135//301 2102//301
f 2085//302 2113//302 2081//302
f 265//303 2137//303 2105//303
f 2127//304 2085//304 2090//304
f 2092//305 2127//305 2090//305
f 2132//306 2092//306 2094//306
f 2164//307 2135//307 2137//307
f 2140//308 2113//308 2120//308
f 265//309 2164//309 2137//309
f 2143//310 2120//310 2127//310
f 2144//311 2127//311 2131//311
f 2132//312 2144//312 2131//312
f 2133//313 2146//313 2132//313
f 2134//314 2149//314 2133//314
f 2135//315 2155//315 2134//315
f 2113//316 2404//316 2395//316
f 2185//317 2144//317 2146//317
f 2187//318 2146//318 2149//318
f 2189//319 2149//319 2155//319
f 2191//320 2155//320 2159//320
f 2139//321 2411//321 2404//321
f 2164//322 2191//322 2159//322
f 2140//323 2175//323 2139//323
f 265//324 2195//324 2164//324
f 2182//325 2140//325 2143//325
f 2184//326 2143//326 2144//326
f 2191//327 2216//327 2189//327
f 2175//328 2410//328 2411//328
f 2219//329 2191//329 2195//329
f 2203//330 2175//330 2179//330
f 265//331 2219//331 2195//331
f 2204//332 2179//332 2182//332
f 2184//333 2204//333 2182//333
f 2211//334 2184//334 2185//334
f 2187//335 2211//335 2185//335
f 2189//336 2213//336 2187//336
f 2209//337 2231//337 2204//337
f 2242//338 2209//338 2211//338
f 2247//339 2211//339 2213//339
f 2254//340 2213//340 2216//340
f 2257//341 2216//341 2218//341
f 2196//342 2412//342 2410//342
f 2219//343 2257//343 2218//343
f 2227//344 2196//344 2203//344
f 265//345 2258//345 2219//345
f 2204//346 2227//346 2203//346
f 2257//347 2269//347 2254//347
f 2412//348 2261//348 2413//348
f 2273//349 2257//349 2258//349
f 2227//350 2261//350 2223//350
f 265//351 2273//351 2258//351
f 2231//352 2263//352 2227//352
f 2241//353 2265//353 2231//353
f 2267//354 2241//354 2242//354
f 2247//355 2267//355 2242//355
f 2254//356 2268//356 2247//356
f 2266//357 2294//357 2265//357
f 2300//358 2266//358 2267//358
f 2268//359 2300//359 2267//359
f 2306//360 2268//360 2269//360
f 2308//361 2269//361 2270//361
f 2282//362 2413//362 2261//362
f 2310//363 2270//363 2273//363
f 2263//364 2282//364 2261//364
f 265//365 2310//365 2273//365
f 2294//366 2263//366 2265//366
f 2329//367 2302//367 2306//367
f 2331//368 2306//368 2308//368
f 2282//369 2433//369 2417//369
f 2310//370 2331//370 2308//370
f 2293//371 2315//371 2282//371
f 265//372 2335//372 2310//372
f 2322//373 2293//373 2294//373
f 2324//374 2294//374 2298//374
f 2326//375 2298//375 2300//375
f 2302//376 2326//376 2300//376
f 2350//377 2319//377 2322//377
f 2324//378 2350//378 2322//378
f 2355//379 2324//379 2326//379
f 2362//380 2326//380 2327//380
f 2366//381 2327//381 2329//381
f 2369//382 2329//382 2331//382
f 2341//383 2433//383 2315//383
f 2335//384 2369//384 2331//384
f 2319//385 2341//385 2315//385
f 265//386 2372//386 2335//386
f 2380//387 2362//387 2366//387
f 2381//388 2366//388 2369//388
f 2374//389 2429//389 2341//389
f 2382//390 2369//390 2372//390
f 2346//391 2374//391 2341//391
f 265//392 2382//392 2372//392
f 2376//393 2346//393 2350//393
f 2352//394 2376//394 2350//394
f 2378//395 2352//395 2355//395
f 2379//396 2355//396 2362//396
f 265//397 2391//397 2382//397
f 2376//398 182//398 2375//398
f 2377//399 2384//399 2376//399
f 2378//400 208//400 2377//400
f 2379//401 228//401 2378//401
f 2380//402 255//402 2379//402
f 2381//403 261//403 2380//403
f 132//404 2423//404 2374//404
f 2391//405 2381//405 2382//405
f 2375//406 132//406 2374//406
f 198//7 386//7 2727//7
f 396//8 198//8 211//8
f 397//9 211//9 215//9
f 241//10 397//10 215//10
f 2728//11 408//11 241//11
f 125//12 2756//12 2748//12
f 2729//13 437//13 2728//13
f 374//14 125//14 159//14
f 259//15 453//15 2729//15
f 2727//16 374//16 159//16
f 642//407 397//407 408//407
f 437//18 642//18 408//18
f 2756//19 538//19 2755//19
f 453//20 655//20 437//20
f 374//21 538//21 346//21
f 259//22 668//22 453//22
f 386//23 562//23 374//23
f 390//24 571//24 386//24
f 396//25 581//25 390//25
f 397//26 606//26 396//26
f 259//27 862//27 668//27
f 571//28 766//28 562//28
f 581//29 767//29 571//29
f 798//30 581//30 606//30
f 810//31 606//31 635//31
f 812//32 635//32 642//32
f 826//33 642//33 655//33
f 538//34 2758//34 2755//34
f 862//35 655//35 668//35
f 766//36 538//36 562//36
f 810//37 994//37 798//37
f 812//38 1022//38 810//38
f 826//39 1043//39 812//39
f 2758//40 940//40 2765//40
f 862//41 1056//41 826//41
f 941//42 751//42 766//42
f 259//43 1057//43 862//43
f 767//44 941//44 766//44
f 777//45 953//45 767//45
f 994//46 777//46 798//46
f 1239//47 1056//47 1057//47
f 1145//48 940//48 941//48
f 259//49 1239//49 1057//49
f 953//50 1145//50 941//50
f 1187//51 953//51 985//51
f 1193//52 985//52 994//52
f 1202//53 994//53 1022//53
f 1223//54 1022//54 1043//54
f 1056//55 1223//55 1043//55
f 940//56 2767//56 2765//56
f 1352//57 1187//57 1193//57
f 1365//58 1193//58 1202//58
f 1223//59 1365//59 1202//59
f 1380//60 1223//60 1229//60
f 1132//61 2770//61 2767//61
f 1239//62 1380//62 1229//62
f 1317//63 1132//63 1145//63
f 259//64 1386//64 1239//64
f 1325//65 1145//65 1180//65
f 1343//66 1180//66 1187//66
f 1301//67 2761//67 2770//67
f 1386//68 1501//68 1380//68
f 1459//69 1301//69 1317//69
f 259//70 1505//70 1386//70
f 1325//71 1459//71 1317//71
f 1474//72 1325//72 1343//72
f 1485//73 1343//73 1352//73
f 1490//74 1352//74 1365//74
f 1492//75 1365//75 1370//75
f 1501//76 1370//76 1380//76
f 1609//77 1474//77 1485//77
f 1623//78 1485//78 1490//78
f 1492//79 1623//79 1490//79
f 1647//80 1492//80 1501//80
f 1437//81 2759//81 2761//81
f 1505//82 1647//82 1501//82
f 1580//83 1437//83 1459//83
f 259//84 1653//84 1505//84
f 1467//85 1580//85 1459//85
f 1598//86 1467//86 1474//86
f 1647//87 1721//87 1630//87
f 1686//88 2759//88 1578//88
f 1737//89 1647//89 1653//89
f 1692//90 1578//90 1580//90
f 259//91 1737//91 1653//91
f 1587//92 1692//92 1580//92
f 1707//93 1587//93 1598//93
f 1711//94 1598//94 1609//94
f 1718//95 1609//95 1623//95
f 1630//96 1718//96 1623//96
f 1793//97 1699//97 1707//97
f 1711//98 1793//98 1707//98
f 1813//408 1711//408 1718//408
f 1721//100 1813//100 1718//100
f 1825//101 1721//101 1727//101
f 1775//102 2751//102 1686//102
f 1737//103 1825//103 1727//103
f 1780//104 1686//104 1692//104
f 259//105 1826//105 1737//105
f 1699//106 1780//106 1692//106
f 1825//107 1904//107 1817//107
f 1775//108 2743//108 2747//108
f 1826//109 1907//109 1825//109
f 1865//110 1775//110 1780//110
f 259//111 1908//111 1826//111
f 1782//112 1865//112 1780//112
f 1889//113 1782//113 1793//113
f 1800//114 1889//114 1793//114
f 1901//115 1800//115 1813//115
f 1904//116 1813//116 1817//116
f 1968//117 1878//117 1889//117
f 1973//118 1889//118 1897//118
f 1901//119 1973//119 1897//119
f 1990//120 1901//120 1904//120
f 2001//121 1904//121 1907//121
f 1861//122 2745//122 2743//122
f 2011//123 1907//123 1908//123
f 1961//124 1861//124 1865//124
f 259//125 2011//125 1908//125
f 1964//126 1865//126 1878//126
f 2056//127 1985//127 1990//127
f 2060//128 1990//128 2001//128
f 1954//129 2742//129 2745//129
f 2064//130 2001//130 2011//130
f 2034//131 1954//131 1961//131
f 259//132 2064//132 2011//132
f 2041//133 1961//133 1964//133
f 2045//134 1964//134 1968//134
f 2049//135 1968//135 1973//135
f 2051//136 1973//136 1985//136
f 259//137 2128//137 2064//137
f 2100//138 2034//138 2041//138
f 2103//139 2041//139 2045//139
f 2049//140 2103//140 2045//140
f 2051//141 2104//141 2049//141
f 2115//142 2051//142 2056//142
f 2060//143 2115//143 2056//143
f 2096//144 2742//144 2024//144
f 2064//145 2124//145 2060//145
f 2098//146 2024//146 2034//146
f 2107//147 2172//147 2104//147
f 2181//148 2107//148 2115//148
f 2183//149 2115//149 2124//149
f 2096//150 2739//150 2744//150
f 2186//151 2124//151 2128//151
f 2157//152 2096//152 2098//152
f 259//153 2186//153 2128//153
f 2100//154 2157//154 2098//154
f 2103//155 2161//155 2100//155
f 2172//156 2103//156 2104//156
f 2217//157 2152//157 2157//157
f 259//158 2248//158 2186//158
f 2221//159 2157//159 2161//159
f 2168//160 2221//160 2161//160
f 2228//161 2168//161 2172//161
f 2176//162 2228//162 2172//162
f 2239//163 2176//163 2181//163
f 2183//164 2239//164 2181//164
f 2152//165 2740//165 2739//165
f 2248//166 2183//166 2186//166
f 2299//167 2228//167 2236//167
f 2301//168 2236//168 2239//168
f 2303//409 2239//409 2245//409
f 2215//170 2741//170 2740//170
f 2305//171 2245//171 2248//171
f 2275//172 2215//172 2217//172
f 259//173 2305//173 2248//173
f 2279//174 2217//174 2221//174
f 2288//175 2221//175 2224//175
f 2297//176 2224//176 2228//176
f 2368//177 2303//177 2305//177
f 2275//178 2339//178 2271//178
f 259//179 2368//179 2305//179
f 2345//180 2275//180 2279//180
f 2349//181 2279//181 2288//181
f 2297//182 2349//182 2288//182
f 2353//183 2297//183 2299//183
f 2360//184 2299//184 2301//184
f 2363//185 2301//185 2303//185
f 2271//186 2738//186 2741//186
f 2397//187 2349//187 2351//187
f 2401//188 2351//188 2353//188
f 2360//189 2401//189 2353//189
f 2406//190 2360//190 2363//190
f 2339//191 2736//191 2738//191
f 2409//192 2363//192 2368//192
f 2342//193 2383//193 2339//193
f 259//194 2409//194 2368//194
f 2389//195 2342//195 2345//195
f 2349//196 2389//196 2345//196
f 2383//197 2734//197 2736//197
f 2450//198 2406//198 2409//198
f 2432//199 2383//199 2385//199
f 259//200 2450//200 2409//200
f 2434//201 2385//201 2389//201
f 2435//202 2389//202 2394//202
f 2397//203 2435//203 2394//203
f 2440//204 2397//204 2401//204
f 2444//205 2401//205 2405//205
f 2406//206 2444//206 2405//206
f 2437//207 2478//207 2435//207
f 2485//208 2437//208 2440//208
f 2487//209 2440//209 2444//209
f 2488//210 2444//210 2446//210
f 2428//211 2735//211 2734//211
f 2450//212 2488//212 2446//212
f 2470//213 2428//213 2432//213
f 259//214 2489//214 2450//214
f 2474//215 2432//215 2434//215
f 2435//216 2474//216 2434//216
f 2488//217 2496//217 2487//217
f 2467//218 2733//218 2735//218
f 2489//219 2498//219 2488//219
f 2491//220 2467//220 2470//220
f 259//221 2500//221 2489//221
f 2492//222 2470//222 2474//222
f 2493//223 2474//223 2478//223
f 2482//224 2493//224 2478//224
f 2495//225 2482//225 2485//225
f 2496//226 2485//226 2487//226
f 2507//227 2492//227 2493//227
f 2509//228 2493//228 2494//228
f 2511//229 2494//229 2495//229
f 2496//230 2511//230 2495//230
f 2515//231 2496//231 2498//231
f 2490//232 2737//232 2733//232
f 2516//233 2498//233 2500//233
f 2503//234 2490//234 2491//234
f 259//235 2516//235 2500//235
f 2492//236 2503//236 2491//236
f 2523//237 2511//237 2513//237
f 2515//238 2523//238 2513//238
f 2502//239 2731//239 2737//239
f 2526//240 2515//240 2516//240
f 2518//410 2502//410 2503//410
f 259//242 2526//242 2516//242
f 2519//243 2503//243 2506//243
f 2507//244 2519//244 2506//244
f 2521//245 2507//245 2509//245
f 2522//246 2509//246 2511//246
f 2531//247 2518//247 2519//247
f 2534//248 2519//248 2520//248
f 2535//249 2520//249 2521//249
f 2522//250 2535//250 2521//250
f 2540//251 2522//251 2523//251
f 2542//252 2523//252 2524//252
f 2528//253 2731//253 2517//253
f 2543//254 2524//254 2526//254
f 2529//255 2517//255 2518//255
f 259//256 2543//256 2526//256
f 2550//257 2538//257 2540//257
f 2542//258 2550//258 2540//258
f 2528//259 2730//259 2732//259
f 2543//260 2551//260 2542//260
f 2545//261 2528//261 2529//261
f 259//262 2552//262 2543//262
f 2546//263 2529//263 2531//263
f 2547//264 2531//264 2534//264
f 2548//265 2534//265 2535//265
f 2538//266 2548//266 2535//266
f 259//267 2569//267 2552//267
f 2557//268 2545//268 2546//268
f 2547//269 2557//269 2546//269
f 2561//270 2547//270 2548//270
f 2549//271 2561//271 2548//271
f 2550//272 2563//272 2549//272
f 2567//273 2550//273 2551//273
f 2544//274 2746//274 2730//274
f 2569//275 2551//275 2552//275
f 2555//276 2544//276 2545//276
f 2576//277 2561//277 2563//277
f 2565//278 2576//278 2563//278
f 2578//279 2565//279 2567//279
f 2553//280 2750//280 2746//280
f 2579//281 2567//281 2569//281
f 2555//282 2571//282 2553//282
f 259//283 2579//283 2569//283
f 2573//284 2555//284 2557//284
f 2560//285 2573//285 2557//285
f 2561//286 2574//286 2560//286
f 2581//287 2571//287 2572//287
f 259//288 2596//288 2579//288
f 2583//289 2572//289 2573//289
f 2574//290 2583//290 2573//290
f 2587//291 2574//291 2575//291
f 2589//292 2575//292 2576//292
f 2591//411 2576//411 2577//411
f 2593//294 2577//294 2578//294
f 2571//295 2752//295 2750//295
f 2579//296 2593//296 2578//296
f 2589//297 2602//297 2587//297
f 2591//298 2603//298 2589//298
f 2593//299 2604//299 2591//299
f 2580//300 2760//300 2752//300
f 2606//301 2593//301 2596//301
f 2599//302 2580//302 2581//302
f 259//303 2606//303 2596//303
f 2600//304 2581//304 2583//304
f 2585//305 2600//305 2583//305
f 2602//306 2585//306 2587//306
f 2606//307 2620//307 2605//307
f 2608//308 2598//308 2599//308
f 259//309 2622//309 2606//309
f 2610//310 2599//310 2600//310
f 2611//412 2600//412 2601//412
f 2602//312 2611//312 2601//312
f 2616//313 2602//313 2603//313
f 2618//314 2603//314 2604//314
f 2605//315 2618//315 2604//315
f 2607//316 2762//316 2598//316
f 2629//317 2611//317 2613//317
f 2630//318 2613//318 2616//318
f 2631//413 2616//413 2618//413
f 2632//320 2618//320 2620//320
f 2607//321 2769//321 2768//321
f 2633//322 2620//322 2622//322
f 2625//323 2607//323 2608//323
f 259//324 2633//324 2622//324
f 2610//325 2625//325 2608//325
f 2611//326 2627//326 2610//326
f 2632//327 2644//327 2631//327
f 2623//414 2766//414 2769//414
f 2648//329 2632//329 2633//329
f 2635//330 2623//330 2625//330
f 259//331 2648//331 2633//331
f 2636//332 2625//332 2627//332
f 2628//333 2636//333 2627//333
f 2639//334 2628//334 2629//334
f 2630//335 2639//335 2629//335
f 2631//336 2641//336 2630//336
f 2637//337 2653//337 2636//337
f 2656//338 2637//338 2639//338
f 2657//339 2639//339 2641//339
f 2658//340 2641//340 2644//340
f 2646//341 2658//341 2644//341
f 2634//342 2763//342 2766//342
f 2660//343 2646//343 2648//343
f 2635//344 2649//344 2634//344
f 259//345 2660//345 2648//345
f 2653//346 2635//346 2636//346
f 2659//347 2670//347 2658//347
f 2649//348 2764//348 2763//348
f 2674//415 2659//415 2660//415
f 2652//350 2661//350 2649//350
f 259//351 2674//351 2660//351
f 2663//352 2652//352 2653//352
f 2655//353 2663//353 2653//353
f 2656//354 2664//354 2655//354
f 2657//355 2666//355 2656//355
f 2670//356 2657//356 2658//356
f 2664//357 2680//357 2663//357
f 2683//358 2664//358 2666//358
f 2684//359 2666//359 2667//359
f 2685//360 2667//360 2670//360
f 2672//361 2685//361 2670//361
f 2661//362 2757//362 2764//362
f 2687//363 2672//363 2674//363
f 2662//364 2676//364 2661//364
f 259//365 2687//365 2674//365
f 2680//366 2662//366 2663//366
f 2696//367 2684//367 2685//367
f 2686//416 2696//416 2685//416
f 2676//369 2753//369 2757//369
f 2700//370 2686//370 2687//370
f 2678//371 2688//371 2676//371
f 259//372 2700//372 2687//372
f 2690//373 2678//373 2680//373
f 2682//374 2690//374 2680//374
f 2683//375 2691//375 2682//375
f 2684//376 2692//376 2683//376
f 2690//377 2703//377 2689//377
f 2708//378 2690//378 2691//378
f 2710//379 2691//379 2692//379
f 2711//380 2692//380 2694//380
f 2712//381 2694//381 2696//381
f 2698//382 2712//382 2696//382
f 2688//417 2754//417 2753//417
f 2714//384 2698//384 2700//384
f 2703//385 2688//385 2689//385
f 259//386 2714//386 2700//386
f 2724//387 2711//387 2712//387
f 2725//388 2712//388 2713//388
f 2701//389 2749//389 2754//389
f 2714//390 2725//390 2713//390
f 2703//391 2715//391 2701//391
f 259//392 2726//392 2714//392
f 2706//393 2717//393 2703//393
f 2708//394 2719//394 2706//394
f 2722//395 2708//395 2710//395
f 2723//396 2710//396 2711//396
f 259//397 2729//397 2726//397
f 2719//398 159//398 2717//398
f 2721//399 2727//399 2719//399
f 2722//400 198//400 2721//400
f 2723//401 211//401 2722//401
f 2724//402 215//402 2723//402
f 2725//403 241//403 2724//403
f 2715//404 2748//404 2749//404
f 2729//405 2725//405 2726//405
f 2717//406 125//406 2715//406
f 171//9 318//9 165//9
f 325//10 171//10 196//10
f 2718//11 325//11 196//11
f 104//12 2781//12 2778//12
f 2720//13 349//13 2718//13
f 304//14 104//14 110//14
f 202//15 358//15 2720//15
f 2716//16 304//16 110//16
f 312//7 2716//7 149//7
f 318//8 149//8 165//8
f 484//18 325//18 349//18
f 2781//19 417//19 2784//19
f 498//20 349//20 358//20
f 429//21 280//21 304//21
f 202//22 498//22 358//22
f 308//23 429//23 304//23
f 440//24 308//24 312//24
f 455//25 312//25 318//25
f 321//26 455//26 318//26
f 483//17 321//17 325//17
f 575//29 435//29 440//29
f 587//30 440//30 455//30
f 474//31 587//31 455//31
f 600//32 474//32 483//32
f 484//33 600//33 483//33
f 2784//34 556//34 2785//34
f 630//35 484//35 498//35
f 566//36 417//36 429//36
f 202//27 630//27 498//27
f 568//28 429//28 435//28
f 757//418 600//418 617//418
f 556//40 2786//40 2785//40
f 765//41 617//41 630//41
f 690//42 556//42 566//42
f 202//43 765//43 630//43
f 568//44 690//44 566//44
f 575//45 696//45 568//45
f 587//46 712//46 575//46
f 595//37 729//37 587//37
f 754//38 595//38 600//38
f 855//51 696//51 712//51
f 729//52 855//52 712//52
f 745//53 858//53 729//53
f 872//54 745//54 754//54
f 757//55 872//55 754//55
f 686//56 2790//56 2786//56
f 765//47 881//47 757//47
f 690//48 817//48 686//48
f 202//49 890//49 765//49
f 696//50 832//50 690//50
f 1015//59 867//59 872//59
f 1027//60 872//60 881//60
f 817//61 2788//61 2790//61
f 1037//62 881//62 890//62
f 958//63 817//63 832//63
f 202//64 1037//64 890//64
f 848//65 958//65 832//65
f 979//66 848//66 855//66
f 858//57 979//57 855//57
f 1009//58 858//58 867//58
f 202//70 1163//70 1037//70
f 1119//71 958//71 969//71
f 979//72 1119//72 969//72
f 988//73 1120//73 979//73
f 1137//74 988//74 1009//74
f 1141//75 1009//75 1015//75
f 1027//76 1141//76 1015//76
f 945//67 2797//67 2788//67
f 1037//68 1150//68 1027//68
f 1107//69 945//69 958//69
f 1265//78 1131//78 1137//78
f 1281//79 1137//79 1141//79
f 1290//80 1141//80 1150//80
f 1099//81 2796//81 2797//81
f 1163//82 1290//82 1150//82
f 1231//83 1099//83 1107//83
f 202//84 1293//84 1163//84
f 1237//85 1107//85 1119//85
f 1245//86 1119//86 1120//86
f 1256//77 1120//77 1131//77
f 1330//90 1225//90 1231//90
f 202//91 1377//91 1293//91
f 1339//92 1231//92 1237//92
f 1245//93 1339//93 1237//93
f 1351//94 1245//94 1256//94
f 1265//95 1351//95 1256//95
f 1361//96 1265//96 1281//96
f 1369//87 1281//87 1290//87
f 1225//88 2794//88 2796//88
f 1377//89 1290//89 1293//89
f 1444//99 1351//99 1356//99
f 1361//100 1444//100 1356//100
f 1369//101 1456//101 1361//101
f 1327//102 2792//102 2794//102
f 1465//103 1369//103 1377//103
f 1419//104 1327//104 1330//104
f 202//105 1465//105 1377//105
f 1420//106 1330//106 1339//106
f 1425//97 1339//97 1348//97
f 1434//98 1348//98 1351//98
f 1465//109 1545//109 1462//109
f 1510//110 1413//110 1419//110
f 202//111 1547//111 1465//111
f 1519//112 1419//112 1420//112
f 1425//113 1519//113 1420//113
f 1434//114 1526//114 1425//114
f 1538//115 1434//115 1444//115
f 1543//116 1444//116 1456//116
f 1545//107 1456//107 1462//107
f 1413//108 2793//108 2792//108
f 1619//118 1526//118 1534//118
f 1628//119 1534//119 1538//119
f 1543//120 1628//120 1538//120
f 1637//121 1543//121 1545//121
f 1499//122 2791//122 2793//122
f 1547//123 1637//123 1545//123
f 1601//124 1499//124 1510//124
f 202//125 1649//125 1547//125
f 1605//126 1510//126 1519//126
f 1608//117 1519//117 1526//117
f 1595//129 2795//129 2791//129
f 1702//130 1637//130 1649//130
f 1601//131 1669//131 1595//131
f 202//132 1702//132 1649//132
f 1605//133 1676//133 1601//133
f 1684//134 1605//134 1608//134
f 1688//135 1608//135 1619//135
f 1628//136 1688//136 1619//136
f 1693//127 1628//127 1634//127
f 1697//128 1634//128 1637//128
f 1743//140 1684//140 1688//140
f 1690//141 1743//141 1688//141
f 1758//142 1690//142 1693//142
f 1697//143 1758//143 1693//143
f 1734//144 2795//144 1669//144
f 1767//145 1697//145 1702//145
f 1676//419 1734//419 1669//419
f 202//137 1767//137 1702//137
f 1739//138 1676//138 1681//138
f 1684//139 1739//139 1681//139
f 1823//149 1758//149 1765//149
f 1790//150 2787//150 1734//150
f 1767//151 1823//151 1765//151
f 1795//152 1734//152 1738//152
f 202//153 1824//153 1767//153
f 1798//154 1738//154 1739//154
f 1802//155 1739//155 1741//155
f 1809//156 1741//156 1743//156
f 1816//147 1743//147 1746//147
f 1820//148 1746//148 1758//148
f 1864//160 1798//160 1802//160
f 1868//161 1802//161 1809//161
f 1816//162 1868//162 1809//162
f 1820//163 1869//163 1816//163
f 1882//164 1820//164 1823//164
f 1790//165 2798//165 2789//165
f 1885//166 1823//166 1824//166
f 1795//157 1855//157 1790//157
f 202//158 1885//158 1824//158
f 1858//159 1795//159 1798//159
f 1939//168 1869//168 1880//168
f 1941//169 1880//169 1882//169
f 1909//170 2798//170 1855//170
f 1943//171 1882//171 1885//171
f 1916//172 1855//172 1856//172
f 202//173 1943//173 1885//173
f 1919//174 1856//174 1858//174
f 1864//175 1919//175 1858//175
f 1933//176 1864//176 1868//176
f 1869//167 1933//167 1868//167
f 1984//180 1916//180 1919//180
f 1929//181 1984//181 1919//181
f 1991//182 1929//182 1933//182
f 1937//183 1991//183 1933//183
f 1999//184 1937//184 1939//184
f 1941//185 1999//185 1939//185
f 1978//186 2782//186 1909//186
f 1943//177 2003//177 1941//177
f 1980//178 1909//178 1916//178
f 202//179 2007//179 1943//179
f 2043//189 1993//189 1999//189
f 2046//190 1999//190 2003//190
f 2023//191 2783//191 1978//191
f 2007//192 2046//192 2003//192
f 2026//193 1978//193 1980//193
f 202//194 2047//194 2007//194
f 2028//195 1980//195 1984//195
f 2032//196 1984//196 1987//196
f 1991//187 2032//187 1987//187
f 2042//188 1991//188 1993//188
f 202//200 2089//200 2047//200
f 2028//201 2071//201 2026//201
f 2074//202 2028//202 2032//202
f 2036//203 2074//203 2032//203
f 2079//204 2036//204 2042//204
f 2082//205 2042//205 2043//205
f 2087//206 2043//206 2046//206
f 2023//197 2779//197 2780//197
f 2089//198 2046//198 2047//198
f 2071//199 2023//199 2026//199
f 2123//208 2077//208 2079//208
f 2126//209 2079//209 2082//209
f 2129//210 2082//210 2087//210
f 2068//211 2777//211 2779//211
f 2130//212 2087//212 2089//212
f 2109//213 2068//213 2071//213
f 202//214 2130//214 2089//214
f 2111//215 2071//215 2072//215
f 2074//216 2111//216 2072//216
f 2119//207 2074//207 2077//207
f 2154//220 2106//220 2109//220
f 202//221 2170//221 2130//221
f 2156//222 2109//222 2111//222
f 2158//223 2111//223 2117//223
f 2119//224 2158//224 2117//224
f 2162//225 2119//225 2123//225
f 2163//226 2123//226 2126//226
f 2166//217 2126//217 2129//217
f 2106//218 2775//218 2777//218
f 2170//219 2129//219 2130//219
f 2162//229 2201//229 2160//229
f 2163//230 2207//230 2162//230
f 2212//231 2163//231 2166//231
f 2150//232 2776//232 2775//232
f 2170//233 2212//233 2166//233
f 2190//234 2150//234 2154//234
f 202//235 2214//235 2170//235
f 2192//236 2154//236 2156//236
f 2158//227 2192//227 2156//227
f 2160//228 2198//228 2158//228
f 2252//240 2212//240 2214//240
f 2235//241 2188//241 2190//241
f 202//242 2252//242 2214//242
f 2238//243 2190//243 2192//243
f 2198//244 2238//244 2192//244
f 2243//245 2198//245 2201//245
f 2207//246 2243//246 2201//246
f 2210//237 2244//237 2207//237
f 2250//420 2210//420 2212//420
f 2188//239 2773//239 2776//239
f 2284//249 2240//249 2243//249
f 2244//250 2284//250 2243//250
f 2246//251 2286//251 2244//251
f 2250//252 2290//252 2246//252
f 2272//421 2799//421 2771//421
f 2296//254 2250//254 2252//254
f 2235//255 2272//255 2232//255
f 202//256 2296//256 2252//256
f 2276//247 2235//247 2238//247
f 2240//248 2276//248 2238//248
f 2295//258 2330//258 2290//258
f 2272//259 2801//259 2799//259
f 2296//260 2333//260 2295//260
f 2317//261 2272//261 2274//261
f 202//262 2336//262 2296//262
f 2321//263 2274//263 2276//263
f 2280//264 2321//264 2276//264
f 2325//265 2280//265 2284//265
f 2286//266 2325//266 2284//266
f 2330//257 2286//257 2290//257
f 2323//269 2361//269 2321//269
f 2365//270 2323//270 2325//270
f 2367//271 2325//271 2328//271
f 2330//272 2367//272 2328//272
f 2333//273 2370//273 2330//273
f 2313//274 2803//274 2801//274
f 2373//275 2333//275 2336//275
f 2358//276 2313//276 2317//276
f 202//267 2373//267 2336//267
f 2361//268 2317//268 2321//268
f 2400//279 2370//279 2371//279
f 2357//280 2805//280 2803//280
f 2373//281 2400//281 2371//281
f 2358//282 2386//282 2357//282
f 202//283 2402//283 2373//283
f 2390//284 2358//284 2361//284
f 2392//285 2361//285 2364//285
f 2393//286 2364//286 2365//286
f 2396//277 2365//277 2367//277
f 2398//278 2367//278 2370//278
f 2420//290 2390//290 2392//290
f 2422//291 2392//291 2393//291
f 2424//292 2393//292 2396//292
f 2426//293 2396//293 2398//293
f 2427//294 2398//294 2400//294
f 2386//295 2808//295 2805//295
f 2430//296 2400//296 2402//296
f 2388//287 2414//287 2386//287
f 202//288 2430//288 2402//288
f 2390//289 2416//289 2388//289
f 2454//298 2424//298 2426//298
f 2455//299 2426//299 2427//299
f 2414//300 2811//300 2808//300
f 2430//301 2455//301 2427//301
f 2443//302 2414//302 2416//302
f 202//303 2458//303 2430//303
f 2445//304 2416//304 2418//304
f 2420//305 2445//305 2418//305
f 2422//306 2447//306 2420//306
f 2451//297 2422//297 2424//297
f 2473//310 2443//310 2445//310
f 2476//311 2445//311 2447//311
f 2477//312 2447//312 2449//312
f 2451//313 2477//313 2449//313
f 2454//314 2480//314 2451//314
f 2455//315 2481//315 2454//315
f 2441//316 2812//316 2811//316
f 2486//307 2455//307 2458//307
f 2443//308 2469//308 2441//308
f 202//309 2486//309 2458//309
f 2510//319 2480//319 2481//319
f 2483//320 2510//320 2481//320
f 2469//321 2810//321 2812//321
f 2486//322 2512//322 2483//322
f 2499//323 2469//323 2472//323
f 202//324 2514//324 2486//324
f 2501//325 2472//325 2473//325
f 2476//326 2501//326 2473//326
f 2505//317 2476//317 2477//317
f 2508//318 2477//318 2480//318
f 202//331 2541//331 2514//331
f 2530//332 2499//332 2501//332
f 2532//333 2501//333 2504//333
f 2533//334 2504//334 2505//334
f 2508//335 2533//335 2505//335
f 2537//336 2508//336 2510//336
f 2539//327 2510//327 2512//327
f 2497//414 2809//414 2810//414
f 2514//329 2539//329 2512//329
f 2527//330 2497//330 2499//330
f 2564//339 2533//339 2536//339
f 2566//340 2536//340 2537//340
f 2568//341 2537//341 2539//341
f 2525//342 2807//342 2809//342
f 2570//343 2539//343 2541//343
f 2556//344 2525//344 2527//344
f 202//345 2570//345 2541//345
f 2530//346 2556//346 2527//346
f 2559//337 2530//337 2532//337
f 2533//338 2559//338 2532//338
f 2570//349 2595//349 2568//349
f 2556//350 2582//350 2554//350
f 202//351 2597//351 2570//351
f 2586//352 2556//352 2558//352
f 2559//353 2586//353 2558//353
f 2590//354 2559//354 2562//354
f 2592//355 2562//355 2564//355
f 2566//356 2592//356 2564//356
f 2568//347 2594//347 2566//347
f 2807//348 2582//348 2806//348
f 2617//358 2588//358 2590//358
f 2592//359 2617//359 2590//359
f 2621//360 2592//360 2594//360
f 2595//361 2621//361 2594//361
f 2582//362 2804//362 2806//362
f 2626//363 2595//363 2597//363
f 2584//364 2609//364 2582//364
f 202//365 2626//365 2597//365
f 2614//366 2584//366 2586//366
f 2615//357 2586//357 2588//357
f 2609//369 2802//369 2804//369
f 2654//370 2624//370 2626//370
f 2612//371 2638//371 2609//371
f 202//372 2654//372 2626//372
f 2642//373 2612//373 2614//373
f 2615//374 2642//374 2614//374
f 2645//375 2615//375 2617//375
f 2619//376 2645//376 2617//376
f 2650//367 2619//367 2621//367
f 2651//368 2621//368 2624//368
f 2645//379 2671//379 2643//379
f 2675//380 2645//380 2647//380
f 2677//381 2647//381 2650//381
f 2651//382 2677//382 2650//382
f 2638//383 2800//383 2802//383
f 2654//384 2679//384 2651//384
f 2640//385 2665//385 2638//385
f 202//386 2681//386 2654//386
f 2669//377 2640//377 2642//377
f 2671//378 2642//378 2643//378
f 2707//388 2677//388 2679//388
f 2693//389 2774//389 2772//389
f 2709//390 2679//390 2681//390
f 2668//391 2693//391 2665//391
f 202//392 2709//392 2681//392
f 2697//393 2668//393 2669//393
f 2671//394 2697//394 2669//394
f 2702//395 2671//395 2673//395
f 2704//396 2673//396 2675//396
f 2705//387 2675//387 2677//387
f 2699//399 2716//399 2697//399
f 2702//400 149//400 2699//400
f 2704//401 165//401 2702//401
f 2705//402 171//402 2704//402
f 2707//403 196//403 2705//403
f 2693//404 2778//404 2774//404
f 2709//405 2718//405 2707//405
f 2695//406 104//406 2693//406
f 202//397 2720//397 2709//397
f 2697//398 110//398 2695//398
f 117//7 256//7 2354//7
f 264//8 117//8 124//8
f 268//9 124//9 135//9
f 138//10 268//10 135//10
f 2356//11 273//11 138//11
f 234//12 2850//12 2823//12
f 2359//13 284//13 2356//13
f 247//14 74//14 87//14
f 151//15 289//15 2359//15
f 2354//16 247//16 87//16
f 378//17 268//17 273//17
f 382//18 273//18 284//18
f 234//19 2852//19 2850//19
f 289//20 382//20 284//20
f 331//21 234//21 247//21
f 151//22 385//22 289//22
f 256//23 331//23 247//23
f 352//24 256//24 262//24
f 356//25 262//25 264//25
f 361//26 264//26 268//26
f 151//27 477//27 385//27
f 438//28 331//28 340//28
f 352//29 438//29 340//29
f 446//30 352//30 356//30
f 450//31 356//31 361//31
f 458//32 361//32 378//32
f 471//33 378//33 382//33
f 328//34 2851//34 2852//34
f 385//35 471//35 382//35
f 433//36 328//36 331//36
f 450//37 545//37 446//37
f 559//38 450//38 458//38
f 471//39 559//39 458//39
f 427//40 2854//40 2851//40
f 565//41 471//41 477//41
f 516//42 427//42 433//42
f 151//43 565//43 477//43
f 523//44 433//44 438//44
f 530//45 438//45 439//45
f 545//46 439//46 446//46
f 649//47 560//47 565//47
f 608//48 515//48 516//48
f 151//49 649//49 565//49
f 624//50 516//50 523//50
f 627//51 523//51 530//51
f 631//52 530//52 545//52
f 637//53 545//53 555//53
f 641//54 555//54 559//54
f 560//55 641//55 559//55
f 515//56 2853//56 2854//56
f 721//57 627//57 631//57
f 732//58 631//58 637//58
f 733//59 637//59 641//59
f 643//60 733//60 641//60
f 602//61 2841//61 2853//61
f 749//62 643//62 649//62
f 697//63 602//63 608//63
f 151//64 749//64 649//64
f 700//65 608//65 624//65
f 627//66 700//66 624//66
f 693//67 2840//67 2841//67
f 843//68 744//68 749//68
f 799//69 693//69 697//69
f 151//70 843//70 749//70
f 808//71 697//71 700//71
f 811//72 700//72 717//72
f 814//73 717//73 721//73
f 732//74 814//74 721//74
f 822//75 732//75 733//75
f 823//76 733//76 744//76
f 900//77 811//77 814//77
f 904//78 814//78 816//78
f 822//79 904//79 816//79
f 823//80 919//80 822//80
f 790//81 2846//81 2840//81
f 935//82 823//82 843//82
f 883//83 790//83 799//83
f 151//84 935//84 843//84
f 889//85 799//85 808//85
f 896//86 808//86 811//86
f 1013//87 919//87 931//87
f 878//88 2843//88 2846//88
f 935//89 1013//89 931//89
f 978//90 878//90 883//90
f 151//91 1018//91 935//91
f 889//92 978//92 883//92
f 992//93 889//93 896//93
f 900//94 992//94 896//94
f 1000//95 900//95 904//95
f 1007//96 904//96 919//96
f 1070//97 982//97 992//97
f 1079//98 992//98 997//98
f 1094//408 997//408 1000//408
f 1103//100 1000//100 1007//100
f 1111//101 1007//101 1013//101
f 973//102 2842//102 2843//102
f 1114//103 1013//103 1018//103
f 1066//104 973//104 978//104
f 151//105 1114//105 1018//105
f 982//106 1066//106 978//106
f 1111//107 1189//107 1103//107
f 1062//108 2845//108 2842//108
f 1114//109 1192//109 1111//109
f 1155//110 1062//110 1066//110
f 151//111 1196//111 1114//111
f 1170//112 1066//112 1068//112
f 1176//113 1068//113 1070//113
f 1183//114 1070//114 1079//114
f 1186//115 1079//115 1094//115
f 1189//116 1094//116 1103//116
f 1258//117 1170//117 1176//117
f 1263//118 1176//118 1183//118
f 1267//119 1183//119 1186//119
f 1275//120 1186//120 1189//120
f 1278//121 1189//121 1192//121
f 1147//122 2844//122 2845//122
f 1285//123 1192//123 1196//123
f 1247//124 1147//124 1155//124
f 151//125 1285//125 1196//125
f 1254//126 1155//126 1170//126
f 1335//127 1267//127 1275//127
f 1337//128 1275//128 1278//128
f 1242//129 2829//129 2844//129
f 1285//130 1337//130 1278//130
f 1310//131 1242//131 1247//131
f 151//132 1341//132 1285//132
f 1321//133 1247//133 1254//133
f 1323//134 1254//134 1258//134
f 1328//135 1258//135 1263//135
f 1267//136 1328//136 1263//136
f 151//137 1408//137 1341//137
f 1378//138 1310//138 1321//138
f 1381//139 1321//139 1323//139
f 1384//140 1323//140 1328//140
f 1390//141 1328//141 1329//141
f 1394//142 1329//142 1335//142
f 1337//143 1394//143 1335//143
f 1302//144 2831//144 2829//144
f 1408//145 1337//145 1341//145
f 1310//146 1373//146 1302//146
f 1390//147 1453//147 1384//147
f 1460//148 1390//148 1394//148
f 1461//149 1394//149 1400//149
f 1373//150 2828//150 2831//150
f 1464//151 1400//151 1408//151
f 1435//152 1373//152 1376//152
f 151//153 1464//153 1408//153
f 1439//154 1376//154 1378//154
f 1381//155 1439//155 1378//155
f 1453//156 1381//156 1384//156
f 1435//157 1493//157 1428//157
f 151//158 1524//158 1464//158
f 1497//159 1435//159 1439//159
f 1502//160 1439//160 1441//160
f 1507//161 1441//161 1453//161
f 1454//162 1507//162 1453//162
f 1517//163 1454//163 1460//163
f 1522//164 1460//164 1461//164
f 1428//165 2830//165 2828//165
f 1464//166 1522//166 1461//166
f 1577//167 1507//167 1513//167
f 1579//168 1513//168 1517//168
f 1581//409 1517//409 1522//409
f 1493//170 2826//170 2830//170
f 1584//171 1522//171 1524//171
f 1552//172 1493//172 1495//172
f 151//173 1584//173 1524//173
f 1497//174 1552//174 1495//174
f 1502//175 1562//175 1497//175
f 1575//176 1502//176 1507//176
f 1584//177 1644//177 1581//177
f 1621//178 1548//178 1552//178
f 151//179 1645//179 1584//179
f 1624//180 1552//180 1562//180
f 1627//181 1562//181 1567//181
f 1575//182 1627//182 1567//182
f 1631//183 1575//183 1577//183
f 1640//184 1577//184 1579//184
f 1644//185 1579//185 1581//185
f 1548//186 2827//186 2826//186
f 1677//187 1627//187 1629//187
f 1680//188 1629//188 1631//188
f 1683//189 1631//189 1640//189
f 1685//190 1640//190 1644//190
f 1616//191 2825//191 2827//191
f 1687//192 1644//192 1645//192
f 1664//193 1616//193 1621//193
f 151//194 1687//194 1645//194
f 1668//195 1621//195 1624//195
f 1674//196 1624//196 1627//196
f 1705//197 2825//197 1662//197
f 1730//198 1685//198 1687//198
f 1710//199 1662//199 1664//199
f 151//200 1730//200 1687//200
f 1712//201 1664//201 1668//201
f 1674//202 1712//202 1668//202
f 1715//203 1674//203 1677//203
f 1680//204 1715//204 1677//204
f 1720//205 1680//205 1683//205
f 1685//206 1720//206 1683//206
f 1759//207 1713//207 1715//207
f 1764//208 1715//208 1717//208
f 1766//209 1717//209 1720//209
f 1726//210 1766//210 1720//210
f 1705//211 2836//211 2847//211
f 1770//212 1726//212 1730//212
f 1747//213 1705//213 1710//213
f 151//214 1770//214 1730//214
f 1749//215 1710//215 1712//215
f 1756//216 1712//216 1713//216
f 1807//217 1766//217 1768//217
f 1745//218 2837//218 2836//218
f 1770//219 1807//219 1768//219
f 1791//220 1745//220 1747//220
f 151//221 1811//221 1770//221
f 1794//222 1747//222 1749//222
f 1756//223 1794//223 1749//223
f 1759//224 1797//224 1756//224
f 1801//225 1759//225 1764//225
f 1804//226 1764//226 1766//226
f 1797//227 1833//227 1794//227
f 1841//228 1797//228 1799//228
f 1845//229 1799//229 1801//229
f 1849//230 1801//230 1804//230
f 1807//231 1849//231 1804//231
f 1787//232 2838//232 2837//232
f 1853//233 1807//233 1811//233
f 1830//234 1787//234 1791//234
f 151//235 1853//235 1811//235
f 1833//236 1791//236 1794//236
f 1886//237 1845//237 1849//237
f 1887//238 1849//238 1850//238
f 1828//239 2835//239 2838//239
f 1894//240 1850//240 1853//240
f 1874//410 1828//410 1830//410
f 151//242 1894//242 1853//242
f 1833//243 1874//243 1830//243
f 1835//244 1877//244 1833//244
f 1881//245 1835//245 1841//245
f 1845//246 1881//246 1841//246
f 1914//247 1874//247 1877//247
f 1879//248 1914//248 1877//248
f 1921//249 1879//249 1881//249
f 1928//250 1881//250 1884//250
f 1886//251 1928//251 1884//251
f 1934//252 1886//252 1887//252
f 1872//253 2839//253 2835//253
f 1935//254 1887//254 1894//254
f 1912//255 1872//255 1874//255
f 151//256 1935//256 1894//256
f 1969//257 1928//257 1932//257
f 1972//258 1932//258 1934//258
f 1910//259 2833//259 2839//259
f 1935//260 1972//260 1934//260
f 1957//261 1910//261 1912//261
f 151//262 1975//262 1935//262
f 1959//263 1912//263 1914//263
f 1963//264 1914//264 1918//264
f 1965//265 1918//265 1921//265
f 1967//266 1921//266 1928//266
f 151//267 2013//267 1975//267
f 2000//268 1957//268 1959//268
f 1963//269 2000//269 1959//269
f 2004//270 1963//270 1965//270
f 1967//271 2004//271 1965//271
f 2009//272 1967//272 1969//272
f 2010//273 1969//273 1972//273
f 1951//274 2834//274 2833//274
f 1975//275 2010//275 1972//275
f 1997//276 1951//276 1957//276
f 2035//277 2004//277 2006//277
f 2009//278 2035//278 2006//278
f 2039//279 2009//279 2010//279
f 1995//280 2832//280 2834//280
f 2040//281 2010//281 2013//281
f 2027//282 1995//282 1997//282
f 151//283 2040//283 2013//283
f 2029//284 1997//284 2000//284
f 2002//285 2029//285 2000//285
f 2033//286 2002//286 2004//286
f 2055//287 2025//287 2027//287
f 151//288 2069//288 2040//288
f 2057//289 2027//289 2029//289
f 2031//290 2057//290 2029//290
f 2061//291 2031//291 2033//291
f 2063//292 2033//292 2035//292
f 2065//411 2035//411 2037//411
f 2039//294 2065//294 2037//294
f 2025//295 2848//295 2832//295
f 2040//296 2066//296 2039//296
f 2063//297 2088//297 2061//297
f 2093//298 2063//298 2065//298
f 2095//299 2065//299 2066//299
f 2053//300 2849//300 2848//300
f 2097//301 2066//301 2069//301
f 2083//302 2053//302 2055//302
f 151//303 2097//303 2069//303
f 2084//304 2055//304 2057//304
f 2058//305 2084//305 2057//305
f 2088//306 2058//306 2061//306
f 2125//307 2095//307 2097//307
f 2083//308 2108//308 2080//308
f 151//309 2125//309 2097//309
f 2112//310 2083//310 2084//310
f 2114//412 2084//412 2086//412
f 2116//312 2086//312 2088//312
f 2118//313 2088//313 2091//313
f 2121//314 2091//314 2093//314
f 2095//315 2121//315 2093//315
f 2080//316 2824//316 2849//316
f 2145//317 2114//317 2116//317
f 2147//318 2116//318 2118//318
f 2148//413 2118//413 2121//413
f 2151//320 2121//320 2122//320
f 2108//321 2822//321 2824//321
f 2153//322 2122//322 2125//322
f 2110//323 2136//323 2108//323
f 151//324 2153//324 2125//324
f 2141//325 2110//325 2112//325
f 2114//326 2141//326 2112//326
f 2178//327 2148//327 2151//327
f 2136//414 2820//414 2822//414
f 2153//329 2178//329 2151//329
f 2167//330 2136//330 2138//330
f 151//331 2180//331 2153//331
f 2169//332 2138//332 2141//332
f 2171//333 2141//333 2142//333
f 2173//334 2142//334 2145//334
f 2147//335 2173//335 2145//335
f 2177//336 2147//336 2148//336
f 2171//337 2197//337 2169//337
f 2200//338 2171//338 2173//338
f 2174//339 2200//339 2173//339
f 2205//340 2174//340 2177//340
f 2178//341 2205//341 2177//341
f 2165//342 2819//342 2820//342
f 2208//343 2178//343 2180//343
f 2167//344 2193//344 2165//344
f 151//345 2208//345 2180//345
f 2197//346 2167//346 2169//346
f 2206//347 2233//347 2205//347
f 2193//348 2815//348 2819//348
f 2237//349 2206//349 2208//349
f 2194//350 2220//350 2193//350
f 151//351 2237//351 2208//351
f 2225//352 2194//352 2197//352
f 2199//353 2225//353 2197//353
f 2229//354 2199//354 2200//354
f 2202//355 2229//355 2200//355
f 2233//356 2202//356 2205//356
f 2226//357 2253//357 2225//357
f 2256//358 2226//358 2229//358
f 2230//359 2256//359 2229//359
f 2260//360 2230//360 2233//360
f 2262//361 2233//361 2234//361
f 2220//362 2816//362 2815//362
f 2237//363 2262//363 2234//363
f 2222//364 2249//364 2220//364
f 151//365 2264//365 2237//365
f 2253//366 2222//366 2225//366
f 2289//367 2259//367 2260//367
f 2291//416 2260//416 2262//416
f 2249//369 2813//369 2816//369
f 2264//370 2291//370 2262//370
f 2251//371 2277//371 2249//371
f 151//372 2292//372 2264//372
f 2281//373 2251//373 2253//373
f 2255//374 2281//374 2253//374
f 2285//375 2255//375 2256//375
f 2259//376 2285//376 2256//376
f 2309//377 2278//377 2281//377
f 2283//378 2309//378 2281//378
f 2312//379 2283//379 2285//379
f 2314//380 2285//380 2287//380
f 2316//381 2287//381 2289//381
f 2318//382 2289//382 2291//382
f 2277//417 2814//417 2813//417
f 2320//384 2291//384 2292//384
f 2278//385 2304//385 2277//385
f 151//386 2320//386 2292//386
f 2344//387 2314//387 2316//387
f 2347//388 2316//388 2318//388
f 2304//389 2817//389 2814//389
f 2348//390 2318//390 2320//390
f 2307//391 2332//391 2304//391
f 151//392 2348//392 2320//392
f 2337//393 2307//393 2309//393
f 2311//394 2337//394 2309//394
f 2312//395 2338//395 2311//395
f 2343//396 2312//396 2314//396
f 151//397 2359//397 2348//397
f 2337//398 87//398 2334//398
f 2338//399 2354//399 2337//399
f 2340//400 117//400 2338//400
f 2343//401 124//401 2340//401
f 2344//402 135//402 2343//402
f 2347//403 138//403 2344//403
f 74//404 2821//404 2818//404
f 2348//405 2356//405 2347//405
f 2334//406 74//406 2332//406
f 108//9 212//9 98//9
f 220//10 108//10 115//10
f 229//11 115//11 1996//11
f 64//12 2877//12 2879//12
f 1998//13 229//13 1996//13
f 199//14 64//14 79//14
f 122//15 243//15 1998//15
f 1994//16 199//16 79//16
f 92//7 204//7 1994//7
f 212//8 92//8 98//8
f 306//18 220//18 229//18
f 2877//19 271//19 2896//19
f 243//20 306//20 229//20
f 276//21 184//21 199//21
f 122//22 307//22 243//22
f 277//23 199//23 204//23
f 286//24 204//24 206//24
f 292//25 206//25 212//25
f 217//26 292//26 212//26
f 303//17 217//17 220//17
f 348//29 277//29 286//29
f 292//30 348//30 286//30
f 354//31 292//31 300//31
f 357//32 300//32 303//32
f 364//33 303//33 306//33
f 2896//34 338//34 2882//34
f 371//35 306//35 307//35
f 344//36 271//36 276//36
f 122//27 371//27 307//27
f 345//28 276//28 277//28
f 430//418 357//418 364//418
f 338//40 2886//40 2882//40
f 371//41 430//41 364//41
f 399//42 338//42 344//42
f 122//43 432//43 371//43
f 403//44 344//44 345//44
f 348//45 403//45 345//45
f 412//46 348//46 351//46
f 420//37 351//37 354//37
f 424//38 354//38 357//38
f 409//51 470//51 403//51
f 476//52 409//52 412//52
f 420//53 476//53 412//53
f 424//54 478//54 420//54
f 489//55 424//55 430//55
f 2886//56 461//56 2884//56
f 432//47 489//47 430//47
f 466//48 394//48 399//48
f 122//49 495//49 432//49
f 470//50 399//50 403//50
f 482//59 543//59 478//59
f 489//60 547//60 482//60
f 461//61 2894//61 2884//61
f 557//62 489//62 495//62
f 521//63 461//63 466//63
f 122//64 557//64 495//64
f 470//65 521//65 466//65
f 472//66 525//66 470//66
f 536//57 472//57 476//57
f 478//58 536//58 476//58
f 122//70 615//70 557//70
f 592//71 521//71 525//71
f 599//72 525//72 534//72
f 601//73 534//73 536//73
f 604//74 536//74 543//74
f 607//75 543//75 547//75
f 553//76 607//76 547//76
f 519//67 2888//67 2894//67
f 557//68 611//68 553//68
f 589//69 519//69 521//69
f 665//78 601//78 604//78
f 672//79 604//79 607//79
f 611//80 672//80 607//80
f 585//81 2892//81 2888//81
f 615//82 677//82 611//82
f 647//83 585//83 589//83
f 122//84 682//84 615//84
f 651//85 589//85 592//85
f 654//86 592//86 599//86
f 601//77 654//77 599//77
f 710//90 645//90 647//90
f 122//91 740//91 682//91
f 720//92 647//92 651//92
f 654//93 720//93 651//93
f 659//94 722//94 654//94
f 665//95 724//95 659//95
f 730//96 665//96 672//96
f 677//87 730//87 672//87
f 645//88 2890//88 2892//88
f 740//89 677//89 682//89
f 787//99 724//99 727//99
f 730//100 787//100 727//100
f 735//101 793//101 730//101
f 708//102 2889//102 2890//102
f 740//103 802//103 735//103
f 772//104 708//104 710//104
f 122//105 805//105 740//105
f 773//106 710//106 720//106
f 778//97 720//97 722//97
f 786//98 722//98 724//98
f 860//109 802//109 805//109
f 835//110 770//110 772//110
f 122//111 860//111 805//111
f 840//112 772//112 773//112
f 778//113 840//113 773//113
f 786//114 847//114 778//114
f 787//115 850//115 786//115
f 856//116 787//116 793//116
f 859//107 793//107 802//107
f 770//108 2891//108 2889//108
f 909//118 847//118 850//118
f 853//119 909//119 850//119
f 916//120 853//120 856//120
f 859//121 916//121 856//121
f 829//122 2893//122 2891//122
f 860//123 924//123 859//123
f 835//124 894//124 829//124
f 122//125 929//125 860//125
f 898//126 835//126 840//126
f 903//117 840//117 847//117
f 894//129 2887//129 2893//129
f 929//130 983//130 924//130
f 895//131 949//131 894//131
f 122//132 986//132 929//132
f 898//133 957//133 895//133
f 971//134 898//134 903//134
f 975//135 903//135 909//135
f 976//136 909//136 913//136
f 981//127 913//127 916//127
f 924//128 981//128 916//128
f 975//140 1026//140 971//140
f 976//141 1031//141 975//141
f 981//142 1035//142 976//142
f 983//422 1040//422 981//422
f 949//144 2895//144 2887//144
f 1051//145 983//145 986//145
f 1019//146 949//146 957//146
f 122//137 1051//137 986//137
f 1024//138 957//138 962//138
f 1026//139 962//139 971//139
f 1045//149 1106//149 1040//149
f 1075//150 2895//150 1017//150
f 1051//151 1108//151 1045//151
f 1081//152 1017//152 1019//152
f 122//153 1110//153 1051//153
f 1024//154 1081//154 1019//154
f 1091//155 1024//155 1026//155
f 1031//156 1091//156 1026//156
f 1100//147 1031//147 1035//147
f 1106//148 1035//148 1040//148
f 1091//160 1149//160 1087//160
f 1096//161 1151//161 1091//161
f 1100//162 1154//162 1096//162
f 1166//163 1100//163 1106//163
f 1108//164 1166//164 1106//164
f 1075//165 2885//165 2883//165
f 1179//166 1108//166 1110//166
f 1144//157 1075//157 1081//157
f 122//158 1179//158 1110//158
f 1149//159 1081//159 1087//159
f 1228//168 1157//168 1166//168
f 1232//169 1166//169 1173//169
f 1198//170 2885//170 1142//170
f 1179//171 1232//171 1173//171
f 1144//172 1198//172 1142//172
f 122//173 1234//173 1179//173
f 1211//174 1144//174 1149//174
f 1151//175 1211//175 1149//175
f 1221//176 1151//176 1154//176
f 1227//167 1154//167 1157//167
f 1268//180 1205//180 1211//180
f 1216//181 1268//181 1211//181
f 1272//182 1216//182 1221//182
f 1227//183 1272//183 1221//183
f 1276//184 1227//184 1228//184
f 1232//185 1276//185 1228//185
f 1198//186 2880//186 2881//186
f 1234//177 1283//177 1232//177
f 1266//178 1198//178 1205//178
f 122//179 1287//179 1234//179
f 1322//423 1273//423 1276//423
f 1283//190 1322//190 1276//190
f 1300//191 2880//191 1264//191
f 1326//192 1283//192 1287//192
f 1305//193 1264//193 1266//193
f 122//194 1326//194 1287//194
f 1306//195 1266//195 1268//195
f 1270//196 1306//196 1268//196
f 1272//187 1313//187 1270//187
f 1320//188 1272//188 1273//188
f 122//200 1366//200 1326//200
f 1350//201 1305//201 1306//201
f 1353//202 1306//202 1313//202
f 1315//203 1353//203 1313//203
f 1320//204 1354//204 1315//204
f 1358//205 1320//205 1322//205
f 1324//206 1358//206 1322//206
f 1300//197 2878//197 2876//197
f 1366//198 1324//198 1326//198
f 1305//199 1345//199 1300//199
f 1403//208 1354//208 1357//208
f 1405//209 1357//209 1358//209
f 1406//210 1358//210 1363//210
f 1345//211 2874//211 2878//211
f 1366//212 1406//212 1363//212
f 1349//213 1383//213 1345//213
f 122//214 1409//214 1366//214
f 1388//215 1349//215 1350//215
f 1392//216 1350//216 1353//216
f 1354//207 1392//207 1353//207
f 1431//220 1383//220 1385//220
f 122//221 1448//221 1409//221
f 1433//222 1385//222 1388//222
f 1436//223 1388//223 1392//223
f 1399//224 1436//224 1392//224
f 1440//225 1399//225 1403//225
f 1405//226 1440//226 1403//226
f 1447//217 1405//217 1406//217
f 1383//218 2871//218 2874//218
f 1448//219 1406//219 1409//219
f 1483//229 1438//229 1440//229
f 1488//230 1440//230 1443//230
f 1447//231 1488//231 1443//231
f 1427//232 2870//232 2871//232
f 1448//233 1489//233 1447//233
f 1469//234 1427//234 1431//234
f 122//235 1491//235 1448//235
f 1471//236 1431//236 1433//236
f 1436//227 1471//227 1433//227
f 1479//228 1436//228 1438//228
f 1532//240 1489//240 1491//240
f 1515//241 1466//241 1469//241
f 122//242 1532//242 1491//242
f 1516//243 1469//243 1471//243
f 1477//244 1516//244 1471//244
f 1520//245 1477//245 1479//245
f 1483//246 1520//246 1479//246
f 1525//237 1483//237 1488//237
f 1529//420 1488//420 1489//420
f 1466//239 2869//239 2870//239
f 1561//249 1518//249 1520//249
f 1523//250 1561//250 1520//250
f 1525//251 1565//251 1523//251
f 1572//252 1525//252 1529//252
f 1508//253 2868//253 2869//253
f 1574//254 1529//254 1532//254
f 1515//255 1550//255 1508//255
f 122//256 1574//256 1532//256
f 1553//247 1515//247 1516//247
f 1556//248 1516//248 1518//248
f 1572//258 1607//258 1571//258
f 1550//259 2867//259 2868//259
f 1574//260 1610//260 1572//260
f 1596//261 1550//261 1551//261
f 122//262 1614//262 1574//262
f 1600//263 1551//263 1553//263
f 1556//264 1600//264 1553//264
f 1603//265 1556//265 1561//265
f 1565//266 1603//266 1561//266
f 1607//257 1565//257 1571//257
f 1602//269 1639//269 1600//269
f 1643//270 1602//270 1603//270
f 1606//271 1643//271 1603//271
f 1607//272 1646//272 1606//272
f 1610//273 1648//273 1607//273
f 1592//274 2866//274 2867//274
f 1614//275 1650//275 1610//275
f 1638//276 1592//276 1596//276
f 122//267 1651//267 1614//267
f 1639//268 1596//268 1600//268
f 1678//279 1648//279 1650//279
f 1633//280 2862//280 2866//280
f 1651//281 1678//281 1650//281
f 1666//282 1633//282 1638//282
f 122//283 1679//283 1651//283
f 1667//284 1638//284 1639//284
f 1670//285 1639//285 1641//285
f 1672//286 1641//286 1643//286
f 1673//277 1643//277 1646//277
f 1675//278 1646//278 1648//278
f 1670//290 1696//290 1667//290
f 1672//291 1698//291 1670//291
f 1673//292 1700//292 1672//292
f 1703//293 1673//293 1675//293
f 1706//294 1675//294 1678//294
f 1663//295 2859//295 2862//295
f 1679//296 1706//296 1678//296
f 1694//287 1663//287 1666//287
f 122//288 1708//288 1679//288
f 1667//289 1694//289 1666//289
f 1731//298 1701//298 1703//298
f 1706//299 1731//299 1703//299
f 1719//300 2859//300 1691//300
f 1708//301 1733//301 1706//301
f 1694//302 1719//302 1691//302
f 122//303 1736//303 1708//303
f 1696//304 1722//304 1694//304
f 1698//305 1724//305 1696//305
f 1700//306 1725//306 1698//306
f 1729//297 1700//297 1701//297
f 1751//310 1722//310 1724//310
f 1753//311 1724//311 1725//311
f 1728//312 1753//312 1725//312
f 1757//313 1728//313 1729//313
f 1731//314 1757//314 1729//314
f 1733//315 1760//315 1731//315
f 1719//316 2856//316 2855//316
f 1763//307 1733//307 1736//307
f 1722//308 1748//308 1719//308
f 122//309 1763//309 1736//309
f 1788//319 1757//319 1760//319
f 1789//320 1760//320 1762//320
f 1748//321 2858//321 2856//321
f 1763//322 1789//322 1762//322
f 1750//323 1776//323 1748//323
f 122//324 1792//324 1763//324
f 1779//325 1750//325 1751//325
f 1753//326 1779//326 1751//326
f 1784//317 1753//317 1755//317
f 1757//318 1784//318 1755//318
f 122//331 1819//331 1792//331
f 1808//332 1778//332 1779//332
f 1810//333 1779//333 1781//333
f 1812//334 1781//334 1784//334
f 1785//335 1812//335 1784//335
f 1815//336 1785//336 1788//336
f 1818//327 1788//327 1789//327
f 1776//414 2857//414 2858//414
f 1819//329 1789//329 1792//329
f 1806//330 1776//330 1778//330
f 1842//339 1812//339 1814//339
f 1844//340 1814//340 1815//340
f 1846//341 1815//341 1818//341
f 1803//342 2861//342 2857//342
f 1848//343 1818//343 1819//343
f 1834//344 1803//344 1806//344
f 122//345 1848//345 1819//345
f 1836//346 1806//346 1808//346
f 1838//337 1808//337 1810//337
f 1840//338 1810//338 1812//338
f 1848//349 1873//349 1846//349
f 1834//350 1859//350 1832//350
f 122//351 1876//351 1848//351
f 1863//352 1834//352 1836//352
f 1838//353 1863//353 1836//353
f 1867//354 1838//354 1840//354
f 1870//355 1840//355 1842//355
f 1844//356 1870//356 1842//356
f 1846//347 1871//347 1844//347
f 2861//348 1859//348 2860//348
f 1867//358 1893//358 1866//358
f 1870//359 1895//359 1867//359
f 1871//360 1898//360 1870//360
f 1873//361 1900//361 1871//361
f 1888//362 2860//362 1859//362
f 1903//363 1873//363 1876//363
f 1862//364 1888//364 1859//364
f 122//365 1903//365 1876//365
f 1891//366 1862//366 1863//366
f 1893//357 1863//357 1866//357
f 1888//369 2865//369 2863//369
f 1903//370 1930//370 1902//370
f 1917//424 1888//424 1890//424
f 122//372 1931//372 1903//372
f 1920//373 1890//373 1891//373
f 1893//374 1920//374 1891//374
f 1924//375 1893//375 1895//375
f 1898//376 1924//376 1895//376
f 1927//367 1898//367 1900//367
f 1902//416 1927//416 1900//416
f 1924//379 1949//379 1922//379
f 1953//380 1924//380 1926//380
f 1955//381 1926//381 1927//381
f 1958//382 1927//382 1930//382
f 1944//417 2864//417 1915//417
f 1960//384 1930//384 1931//384
f 1917//385 1944//385 1915//385
f 122//386 1960//386 1931//386
f 1948//377 1917//377 1920//377
f 1922//378 1948//378 1920//378
f 1958//388 1983//388 1955//388
f 1971//389 2875//389 2873//389
f 1988//390 1958//390 1960//390
f 1946//391 1971//391 1944//391
f 122//392 1988//392 1960//392
f 1976//393 1946//393 1948//393
f 1949//394 1976//394 1948//394
f 1979//395 1949//395 1952//395
f 1981//396 1952//396 1953//396
f 1955//387 1981//387 1953//387
f 1977//399 1994//399 1976//399
f 1979//400 92//400 1977//400
f 1981//401 98//401 1979//401
f 1983//402 108//402 1981//402
f 1986//403 115//403 1983//403
f 64//404 2875//404 1971//404
f 1988//405 1996//405 1986//405
f 1974//406 64//406 1971//406
f 122//397 1998//397 1988//397
f 1976//398 79//398 1974//398
f 70//7 153//7 1632//7
f 168//8 70//8 76//8
f 174//9 76//9 83//9
f 179//10 83//10 96//10
f 1635//11 179//11 96//11
f 140//12 2919//12 2907//12
f 1636//13 188//13 1635//13
f 65//14 140//14 61//14
f 102//15 192//15 1636//15
f 1632//16 145//16 65//16
f 250//17 174//17 179//17
f 251//18 179//18 188//18
f 140//19 2936//19 2919//19
f 192//20 251//20 188//20
f 225//21 140//21 145//21
f 102//22 257//22 192//22
f 233//23 145//23 153//23
f 236//24 153//24 160//24
f 239//25 160//25 168//25
f 246//26 168//26 174//26
f 102//27 298//27 257//27
f 282//28 225//28 233//28
f 285//29 233//29 236//29
f 288//30 236//30 239//30
f 246//31 288//31 239//31
f 293//32 246//32 250//32
f 297//33 250//33 251//33
f 222//34 2922//34 2936//34
f 298//35 251//35 257//35
f 279//36 222//36 225//36
f 333//37 288//37 291//37
f 334//38 291//38 293//38
f 339//39 293//39 297//39
f 274//40 2921//40 2922//40
f 298//41 339//41 297//41
f 319//42 274//42 279//42
f 102//43 342//43 298//43
f 324//44 279//44 282//44
f 285//45 324//45 282//45
f 329//46 285//46 288//46
f 383//47 339//47 342//47
f 363//48 317//48 319//48
f 102//49 383//49 342//49
f 365//50 319//50 324//50
f 326//51 365//51 324//51
f 370//52 326//52 329//52
f 373//53 329//53 333//53
f 334//54 373//54 333//54
f 380//55 334//55 339//55
f 317//56 2924//56 2921//56
f 414//57 369//57 370//57
f 373//58 414//58 370//58
f 418//59 373//59 376//59
f 422//60 376//60 380//60
f 360//61 2926//61 2924//61
f 383//62 422//62 380//62
f 405//63 360//63 363//63
f 102//64 426//64 383//64
f 406//65 363//65 365//65
f 369//66 406//66 365//66
f 400//67 2928//67 2926//67
f 468//68 422//68 426//68
f 445//69 400//69 405//69
f 102//70 468//70 426//70
f 449//71 405//71 406//71
f 451//72 406//72 411//72
f 456//73 411//73 414//73
f 457//74 414//74 415//74
f 460//75 415//75 418//75
f 463//76 418//76 422//76
f 456//77 493//77 451//77
f 501//78 456//78 457//78
f 504//79 457//79 460//79
f 463//80 504//80 460//80
f 444//81 2933//81 2928//81
f 509//82 463//82 468//82
f 488//83 444//83 445//83
f 102//84 509//84 468//84
f 491//85 445//85 449//85
f 493//86 449//86 451//86
f 507//87 544//87 504//87
f 486//88 2931//88 2933//88
f 550//89 507//89 509//89
f 531//90 486//90 488//90
f 102//91 550//91 509//91
f 491//92 531//92 488//92
f 537//93 491//93 493//93
f 539//94 493//94 497//94
f 542//95 497//95 501//95
f 544//96 501//96 504//96
f 577//97 532//97 537//97
f 539//98 577//98 537//98
f 583//408 539//408 542//408
f 544//100 583//100 542//100
f 590//101 544//101 549//101
f 527//102 2929//102 2931//102
f 594//103 549//103 550//103
f 572//104 527//104 531//104
f 102//105 594//105 550//105
f 532//106 572//106 531//106
f 590//107 628//107 588//107
f 569//108 2930//108 2929//108
f 636//109 590//109 594//109
f 613//110 569//110 572//110
f 102//111 636//111 594//111
f 618//112 572//112 576//112
f 577//113 618//113 576//113
f 622//114 577//114 582//114
f 625//115 582//115 583//115
f 628//116 583//116 588//116
f 619//117 658//117 618//117
f 664//118 619//118 622//118
f 667//119 622//119 625//119
f 671//120 625//120 628//120
f 632//121 671//121 628//121
f 652//122 2930//122 612//122
f 636//123 674//123 632//123
f 613//124 652//124 612//124
f 102//125 678//125 636//125
f 618//126 657//126 613//126
f 714//127 667//127 671//127
f 674//128 714//128 671//128
f 695//129 2932//129 652//129
f 678//130 715//130 674//130
f 698//131 652//131 657//131
f 102//132 718//132 678//132
f 658//133 698//133 657//133
f 703//134 658//134 663//134
f 664//135 703//135 663//135
f 667//136 707//136 664//136
f 102//137 760//137 718//137
f 701//138 739//138 698//138
f 747//139 701//139 703//139
f 748//140 703//140 707//140
f 752//141 707//141 709//141
f 755//142 709//142 714//142
f 715//143 755//143 714//143
f 695//144 2935//144 2927//144
f 760//145 715//145 718//145
f 739//146 695//146 698//146
f 752//147 792//147 748//147
f 796//148 752//148 755//148
f 759//149 796//149 755//149
f 736//150 2923//150 2935//150
f 804//151 759//151 760//151
f 781//152 736//152 739//152
f 102//153 804//153 760//153
f 742//154 781//154 739//154
f 747//155 784//155 742//155
f 792//156 747//156 748//156
f 824//157 779//157 781//157
f 102//158 845//158 804//158
f 827//159 781//159 784//159
f 831//160 784//160 788//160
f 833//161 788//161 792//161
f 794//162 833//162 792//162
f 838//163 794//163 796//163
f 801//164 838//164 796//164
f 779//165 2925//165 2923//165
f 845//166 801//166 804//166
f 879//167 833//167 837//167
f 880//168 837//168 838//168
f 884//409 838//409 842//409
f 821//170 2934//170 2925//170
f 888//171 842//171 845//171
f 865//172 821//172 824//172
f 102//173 888//173 845//173
f 827//174 865//174 824//174
f 873//175 827//175 831//175
f 833//176 873//176 831//176
f 930//177 884//177 888//177
f 907//178 864//178 865//178
f 102//179 930//179 888//179
f 912//180 865//180 868//180
f 915//181 868//181 873//181
f 876//182 915//182 873//182
f 920//183 876//183 879//183
f 880//184 920//184 879//184
f 884//185 922//185 880//185
f 864//186 2918//186 2934//186
f 918//187 955//187 915//187
f 961//188 918//188 920//188
f 964//423 920//423 922//423
f 925//190 964//190 922//190
f 906//191 2920//191 2918//191
f 970//192 925//192 930//192
f 907//193 946//193 906//193
f 102//194 970//194 930//194
f 952//195 907//195 912//195
f 915//196 952//196 912//196
f 946//197 2938//197 2920//197
f 1014//198 968//198 970//198
f 991//199 946//199 951//199
f 102//200 1014//200 970//200
f 952//201 991//201 951//201
f 999//202 952//202 955//202
f 959//203 999//203 955//203
f 1003//204 959//204 961//204
f 964//205 1003//205 961//205
f 968//206 1006//206 964//206
f 1002//207 1039//207 999//207
f 1046//208 1002//208 1003//208
f 1006//209 1046//209 1003//209
f 1010//210 1049//210 1006//210
f 990//211 2937//211 2938//211
f 1014//212 1053//212 1010//212
f 1033//213 990//213 991//213
f 102//214 1054//214 1014//214
f 996//215 1033//215 991//215
f 999//216 1038//216 996//216
f 1053//217 1090//217 1049//217
f 1032//218 2917//218 2937//218
f 1054//219 1095//219 1053//219
f 1077//220 1032//220 1033//220
f 102//221 1098//221 1054//221
f 1078//222 1033//222 1038//222
f 1083//223 1038//223 1039//223
f 1084//224 1039//224 1044//224
f 1089//225 1044//225 1046//225
f 1090//425 1046//425 1049//425
f 1083//227 1122//227 1078//227
f 1084//228 1123//228 1083//228
f 1130//229 1084//229 1089//229
f 1134//230 1089//230 1090//230
f 1135//231 1090//231 1095//231
f 1072//232 2916//232 2917//232
f 1138//233 1095//233 1098//233
f 1117//234 1072//234 1077//234
f 102//235 1138//235 1098//235
f 1122//236 1077//236 1078//236
f 1174//237 1130//237 1134//237
f 1178//238 1134//238 1135//238
f 1116//239 2915//239 2916//239
f 1138//240 1178//240 1135//240
f 1117//410 1156//410 1116//410
f 102//242 1182//242 1138//242
f 1162//243 1117//243 1122//243
f 1167//244 1122//244 1123//244
f 1168//245 1123//245 1127//245
f 1172//246 1127//246 1130//246
f 1204//247 1159//247 1162//247
f 1167//248 1204//248 1162//248
f 1210//249 1167//249 1168//249
f 1172//250 1210//250 1168//250
f 1218//251 1172//251 1174//251
f 1178//252 1218//252 1174//252
f 1156//253 2913//253 2915//253
f 1222//254 1178//254 1182//254
f 1159//255 1199//255 1156//255
f 102//256 1222//256 1182//256
f 1259//257 1215//257 1218//257
f 1219//258 1259//258 1218//258
f 1199//259 2914//259 2913//259
f 1262//260 1219//260 1222//260
f 1243//261 1199//261 1203//261
f 102//262 1262//262 1222//262
f 1246//263 1203//263 1204//263
f 1207//264 1246//264 1204//264
f 1252//265 1207//265 1210//265
f 1255//266 1210//266 1215//266
f 102//267 1291//267 1262//267
f 1279//268 1243//268 1246//268
f 1249//269 1279//269 1246//269
f 1282//270 1249//270 1252//270
f 1284//271 1252//271 1255//271
f 1286//272 1255//272 1259//272
f 1289//426 1259//426 1261//426
f 1240//274 2912//274 2914//274
f 1262//275 1289//275 1261//275
f 1277//276 1240//276 1243//276
f 1284//277 1311//277 1282//277
f 1286//278 1312//278 1284//278
f 1316//279 1286//279 1289//279
f 1274//280 2910//280 2912//280
f 1319//281 1289//281 1291//281
f 1304//282 1274//282 1277//282
f 102//283 1319//283 1291//283
f 1307//284 1277//284 1279//284
f 1309//285 1279//285 1280//285
f 1282//286 1309//286 1280//286
f 1304//287 1331//287 1303//287
f 102//288 1346//288 1319//288
f 1307//289 1333//289 1304//289
f 1336//290 1307//290 1309//290
f 1311//291 1336//291 1309//291
f 1340//292 1311//292 1312//292
f 1342//411 1312//411 1314//411
f 1316//294 1342//294 1314//294
f 1303//295 2911//295 2910//295
f 1346//296 1316//296 1319//296
f 1368//297 1338//297 1340//297
f 1371//298 1340//298 1342//298
f 1372//299 1342//299 1344//299
f 1331//300 2909//300 2911//300
f 1374//301 1344//301 1346//301
f 1360//302 1331//302 1333//302
f 102//303 1374//303 1346//303
f 1362//304 1333//304 1334//304
f 1336//305 1362//305 1334//305
f 1338//306 1364//306 1336//306
f 1402//307 1372//307 1374//307
f 1389//308 1359//308 1360//308
f 102//309 1402//309 1374//309
f 1391//310 1360//310 1362//310
f 1393//412 1362//412 1364//412
f 1367//312 1393//312 1364//312
f 1396//313 1367//313 1368//313
f 1398//314 1368//314 1371//314
f 1401//315 1371//315 1372//315
f 1359//316 2908//316 2909//316
f 1423//317 1393//317 1395//317
f 1424//318 1395//318 1396//318
f 1426//413 1396//413 1398//413
f 1429//320 1398//320 1401//320
f 1387//321 2906//321 2908//321
f 1430//322 1401//322 1402//322
f 1417//323 1387//323 1389//323
f 102//324 1430//324 1402//324
f 1418//325 1389//325 1391//325
f 1421//326 1391//326 1393//326
f 1429//327 1455//327 1426//327
f 1415//414 2904//414 2906//414
f 1430//329 1457//329 1429//329
f 1445//330 1415//330 1417//330
f 102//331 1458//331 1430//331
f 1446//332 1417//332 1418//332
f 1449//333 1418//333 1421//333
f 1450//334 1421//334 1423//334
f 1452//335 1423//335 1424//335
f 1455//336 1424//336 1426//336
f 1449//337 1475//337 1446//337
f 1478//338 1449//338 1450//338
f 1480//339 1450//339 1452//339
f 1482//340 1452//340 1455//340
f 1484//341 1455//341 1457//341
f 1442//342 2903//342 2904//342
f 1486//343 1457//343 1458//343
f 1473//344 1442//344 1445//344
f 102//345 1486//345 1458//345
f 1475//346 1445//346 1446//346
f 1512//347 1482//347 1484//347
f 1470//348 2899//348 2903//348
f 1514//349 1484//349 1486//349
f 1473//350 1498//350 1470//350
f 102//351 1514//351 1486//351
f 1503//352 1473//352 1475//352
f 1476//353 1503//353 1475//353
f 1506//354 1476//354 1478//354
f 1480//355 1506//355 1478//355
f 1511//356 1480//356 1482//356
f 1533//357 1503//357 1504//357
f 1535//358 1504//358 1506//358
f 1509//359 1535//359 1506//359
f 1539//360 1509//360 1511//360
f 1512//361 1539//361 1511//361
f 1527//362 2899//362 1498//362
f 1542//363 1512//363 1514//363
f 1500//364 1527//364 1498//364
f 102//365 1542//365 1514//365
f 1530//366 1500//366 1503//366
f 1566//367 1536//367 1539//367
f 1541//416 1566//416 1539//416
f 1527//369 2897//369 2900//369
f 1570//370 1541//370 1542//370
f 1528//371 1555//371 1527//371
f 102//372 1570//372 1542//372
f 1559//373 1528//373 1530//373
f 1560//374 1530//374 1533//374
f 1563//375 1533//375 1535//375
f 1536//376 1563//376 1535//376
f 1586//377 1557//377 1559//377
f 1588//378 1559//378 1560//378
f 1591//379 1560//379 1563//379
f 1593//380 1563//380 1564//380
f 1594//381 1564//381 1566//381
f 1569//382 1594//382 1566//382
f 1583//417 2897//417 1555//417
f 1570//384 1597//384 1569//384
f 1557//385 1583//385 1555//385
f 102//386 1599//386 1570//386
f 1622//387 1593//387 1594//387
f 1625//388 1594//388 1597//388
f 1583//389 2901//389 2898//389
f 1626//390 1597//390 1599//390
f 1585//391 1611//391 1583//391
f 102//392 1626//392 1599//392
f 1615//393 1585//393 1586//393
f 1617//394 1586//394 1588//394
f 1618//395 1588//395 1591//395
f 1620//396 1591//396 1593//396
f 102//397 1636//397 1626//397
f 1615//398 65//398 1613//398
f 70//427 1615//427 1617//427
f 1618//400 70//400 1617//400
f 1620//401 76//401 1618//401
f 1622//402 83//402 1620//402
f 1625//403 96//403 1622//403
f 61//404 2902//404 1611//404
f 1626//405 1635//405 1625//405
f 1613//406 61//406 1611//406
f 34//3 2941//3 2940//3
f 34//4 2939//4 2941//4
f 43//1 2939//1 55//1
f 17//2 2942//2 43//2
f 17//6 55//6 34//6
f 21//428 2962//428 2964//428
f 26//429 2963//429 2962//429
f 31//430 2969//430 2963//430
f 39//431 2976//431 2969//431
f 48//432 2975//432 2976//432
f 58//433 2975//433 52//433
f 68//434 2978//434 58//434
f 72//435 2985//435 68//435
f 80//436 2982//436 72//436
f 88//437 2981//437 80//437
f 93//438 2971//438 88//438
f 100//439 2957//439 93//439
f 107//440 2954//440 100//440
f 113//441 2953//441 107//441
f 120//442 2951//442 113//442
f 129//443 2950//443 120//443
f 133//444 2949//444 129//444
f 142//445 2944//445 133//445
f 146//446 2947//446 142//446
f 156//447 2946//447 146//447
f 164//448 2948//448 156//448
f 170//449 2945//449 164//449
f 176//450 2952//450 170//450
f 181//451 2955//451 176//451
f 187//452 2956//452 181//452
f 187//453 2979//453 2970//453
f 195//454 2980//454 2979//454
f 201//455 2984//455 2980//455
f 205//456 2983//456 2984//456
f 210//457 2977//457 2983//457
f 218//458 2973//458 2972//458
f 218//459 2974//459 2973//459
f 226//460 2967//460 2966//460
f 226//461 2968//461 2967//461
f 230//462 2958//462 2968//462
f 235//463 2960//463 2958//463
f 240//464 2959//464 2960//464
f 244//465 2965//465 2959//465
f 249//466 2961//466 2965//466
f 253//467 2964//467 2961//467
f 230//6 195//6 142//6
f 19//428 3007//428 3024//428
f 23//429 3012//429 3007//429
f 28//430 3008//430 3012//430
f 33//431 3010//431 3008//431
f 36//432 3023//432 3010//432
f 46//468 3023//468 42//468
f 50//434 3016//434 46//434
f 54//435 3014//435 50//435
f 59//436 3021//436 54//436
f 63//469 3019//469 59//469
f 67//438 3018//438 63//438
f 73//439 3020//439 67//439
f 77//440 3017//440 73//440
f 82//441 3015//441 77//441
f 86//470 3013//470 82//470
f 90//443 3022//443 86//443
f 94//444 3009//444 90//444
f 99//445 3011//445 94//445
f 103//446 3005//446 99//446
f 109//447 3006//447 103//447
f 112//448 3025//448 109//448
f 116//449 2999//449 112//449
f 121//450 2997//450 116//450
f 127//451 3001//451 121//451
f 131//452 2995//452 127//452
f 131//453 2993//453 3003//453
f 136//454 2991//454 2993//454
f 139//455 2988//455 2991//455
f 144//456 2986//456 2988//456
f 150//457 2987//457 2986//457
f 154//471 2989//471 2987//471
f 158//459 2990//459 2989//459
f 162//460 2994//460 2990//460
f 166//461 2992//461 2994//461
f 172//462 3004//462 2992//462
f 175//463 2996//463 3004//463
f 180//464 3002//464 2996//464
f 185//465 3000//465 3002//465
f 190//466 2998//466 3000//466
f 193//467 3024//467 2998//467
f 193//6 158//6 121//6
f 3126//472 3128//472 18//472
f 3163//473 3127//473 27//473
f 32//474 3165//474 3164//474
f 35//475 3166//475 3165//475
f 38//476 3167//476 3166//476
f 44//477 3167//477 41//477
f 3212//478 3168//478 47//478
f 3175//479 3174//479 53//479
f 3075//480 3071//480 60//480
f 3077//481 3076//481 69//481
f 3056//482 3055//482 78//482
f 3064//483 3065//483 84//483
f 3057//484 3059//484 89//484
f 3072//485 3073//485 95//485
f 3069//486 3068//486 101//486
f 3050//487 3052//487 105//487
f 3054//488 3051//488 114//488
f 3053//489 3061//489 118//489
f 119//5 126//5 123//5
f 126//490 3081//490 3079//490
f 3062//491 3063//491 119//491
f 126//492 3063//492 3081//492
f 3082//493 3083//493 130//493
f 3084//494 134//494 137//494
f 3108//495 141//495 143//495
f 3110//496 147//496 148//496
f 147//497 3111//497 152//497
f 3112//498 3113//498 157//498
f 3114//499 3115//499 163//499
f 3091//500 3088//500 167//500
f 3092//501 3089//501 177//501
f 183//502 3093//502 178//502
f 186//503 3078//503 71//503
f 189//504 3107//504 3096//504
f 3105//505 3106//505 194//505
f 3102//506 3103//506 200//506
f 3100//507 3101//507 207//507
f 3087//508 3098//508 213//508
f 216//509 3115//509 3095//509
f 219//510 3095//510 3097//510
f 221//511 3097//511 3139//511
f 224//512 3139//512 3155//512
f 224//513 3156//513 227//513
f 3157//514 3158//514 232//514
f 3159//515 3160//515 238//515
f 242//516 3160//516 3161//516
f 183//517 3141//517 3094//517
f 3143//518 3142//518 252//518
f 3120//519 3145//519 258//519
f 3124//520 3118//520 263//520
f 269//521 3123//521 266//521
f 3129//522 3130//522 272//522
f 278//523 3136//523 275//523
f 3146//524 3147//524 283//524
f 3284//525 3285//525 290//525
f 287//526 3286//526 294//526
f 3209//527 3208//527 299//527
f 3210//528 3211//528 305//528
f 3162//529 3140//529 311//529
f 3135//530 3132//530 316//530
f 3133//531 3134//531 320//531
f 302//5 327//5 323//5
f 327//532 3177//532 3178//532
f 302//533 3211//533 3179//533
f 327//534 3179//534 3177//534
f 332//535 3171//535 3176//535
f 337//536 3037//536 3044//536
f 343//537 3034//537 3033//537
f 350//538 3027//538 3026//538
f 355//539 3029//539 3028//539
f 3187//540 3186//540 362//540
f 3199//541 3200//541 368//541
f 366//542 3213//542 372//542
f 377//543 3215//543 3216//543
f 381//544 3219//544 3218//544
f 3486//545 3485//545 387//545
f 3346//546 3344//546 395//546
f 3461//547 3357//547 404//547
f 3462//548 3464//548 410//548
f 3505//549 3504//549 413//549
f 3510//550 3508//550 423//550
f 425//551 3512//551 3509//551
f 3512//552 431//552 3520//552
f 3521//553 3520//553 434//553
f 3491//554 3489//554 441//554
f 3495//555 3492//555 447//555
f 3499//556 3497//556 452//556
f 3501//557 3502//557 459//557
f 3526//558 3523//558 462//558
f 469//559 3519//559 3516//559
f 475//560 3474//560 3475//560
f 481//561 3478//561 3476//561
f 487//562 3484//562 3477//562
f 3484//563 492//563 3465//563
f 496//564 3467//564 3468//564
f 500//565 3324//565 3032//565
f 3325//566 3324//566 503//566
f 506//567 3327//567 3326//567
f 3328//568 3327//568 512//568
f 514//569 3331//569 3330//569
f 3332//570 3331//570 522//570
f 3334//571 3333//571 528//571
f 3343//572 3329//572 533//572
f 3352//573 3353//573 540//573
f 3350//574 3351//574 548//574
f 3349//575 3345//575 554//575
f 558//576 3337//576 535//576
f 3338//577 3336//577 561//577
f 567//578 3339//578 563//578
f 3354//579 3341//579 570//579
f 3466//580 574//580 3473//580
f 580//581 3469//581 3470//581
f 3472//582 586//582 3471//582
f 593//583 3479//583 3480//583
f 598//584 3482//584 3483//584
f 3481//585 605//585 3518//585
f 3527//586 610//586 3525//586
f 616//587 3522//587 3524//587
f 3514//588 623//588 3515//588
f 3513//589 629//589 3511//589
f 3507//590 634//590 3503//590
f 3288//591 3301//591 639//591
f 648//592 3116//592 3289//592
f 653//593 3117//593 3116//593
f 660//594 3148//594 3117//594
f 662//595 3149//595 3148//595
f 3150//596 3149//596 669//596
f 3152//597 3151//597 675//597
f 3299//598 3306//598 681//598
f 687//599 3313//599 3312//599
f 694//600 3317//600 3315//600
f 699//601 3314//601 3322//601
f 3320//602 3321//602 706//602
f 3310//603 3309//603 713//603
f 3308//604 3302//604 719//604
f 725//605 3303//605 3304//605
f 728//606 3291//606 3295//606
f 3297//607 3298//607 737//607
f 3292//608 3170//608 743//608
f 746//609 3153//609 676//609
f 750//610 3154//610 746//610
f 753//611 3137//611 750//611
f 756//612 3138//612 753//612
f 756//613 3203//613 3202//613
f 3204//614 3203//614 761//614
f 3207//615 3205//615 768//615
f 3279//616 3278//616 774//616
f 780//617 3170//617 3277//617
f 3173//618 783//618 785//618
f 3184//619 3183//619 791//619
f 3182//620 3181//620 797//620
f 3195//621 800//621 803//621
f 806//622 3192//622 3190//622
f 3196//623 3206//623 815//623
f 3263//624 3265//624 820//624
f 825//625 3265//625 3266//625
f 3281//626 3280//626 828//626
f 3201//627 3282//627 834//627
f 841//628 3197//628 3189//628
f 839//629 3198//629 3197//629
f 3283//630 3198//630 849//630
f 3271//631 3214//631 854//631
f 857//632 3273//632 3272//632
f 3222//633 3274//633 863//633
f 3230//634 3221//634 869//634
f 3223//635 3225//635 877//635
f 825//636 3267//636 882//636
f 3269//637 3270//637 886//637
f 3233//638 3232//638 892//638
f 3241//639 3242//639 899//639
f 902//640 3242//640 3238//640
f 384//641 3231//641 905//641
f 910//642 3226//642 3227//642
f 917//643 905//643 3231//643
f 3275//644 3228//644 921//644
f 3261//645 3260//645 926//645
f 928//646 3276//646 3262//646
f 3247//647 3046//647 934//647
f 3045//648 3042//648 943//648
f 3043//649 3040//649 950//649
f 3036//650 3039//650 954//650
f 960//651 3235//651 3236//651
f 3240//652 3256//652 967//652
f 3258//653 3259//653 974//653
f 3250//654 977//654 980//654
f 977//655 3251//655 984//655
f 984//656 3252//656 987//656
f 989//657 3252//657 3253//657
f 3254//658 3243//658 995//658
f 3244//659 3246//659 1001//659
f 3245//660 3249//660 1005//660
f 956//661 3035//661 1008//661
f 3030//662 3031//662 1012//662
f 1011//663 3384//663 1016//663
f 3386//664 1020//664 1021//664
f 1020//665 3387//665 1025//665
f 3388//666 3358//666 1030//666
f 3389//667 3360//667 1036//667
f 3390//668 3359//668 1042//668
f 1047//669 3359//669 3383//669
f 3362//670 3361//670 1052//670
f 1055//671 3361//671 3367//671
f 1055//5 1061//5 1058//5
f 1061//672 3364//672 3365//672
f 3367//673 3363//673 1055//673
f 1061//674 3363//674 3364//674
f 3369//675 3370//675 1067//675
f 1073//676 3374//676 3375//676
f 633//677 3494//677 3503//677
f 3409//678 3493//678 1082//678
f 3412//679 3410//679 1088//679
f 3417//680 3415//680 1093//680
f 3414//681 3413//681 1101//681
f 3419//682 3420//682 1104//682
f 3427//683 3429//683 1112//683
f 3430//684 3433//684 1118//684
f 3441//685 3435//685 1121//685
f 3443//686 3444//686 1129//686
f 3446//687 3445//687 1136//687
f 1071//5 1143//5 1139//5
f 1143//688 3372//688 3373//688
f 1071//689 3376//689 3371//689
f 1143//690 3371//690 3372//690
f 3381//691 3380//691 1148//691
f 1153//692 3377//692 3378//692
f 1158//693 3379//693 3393//693
f 3396//694 3397//694 1165//694
f 3394//695 3407//695 1171//695
f 3399//696 3400//696 1177//696
f 1184//697 3401//697 3402//697
f 1188//698 3403//698 3404//698
f 3426//699 3425//699 1195//699
f 3423//700 3422//700 1201//700
f 1200//701 3421//701 1206//701
f 1209//702 3421//702 3431//702
f 3432//703 3442//703 1213//703
f 1217//704 3454//704 3459//704
f 3460//705 3453//705 1226//705
f 3455//706 3450//706 1230//706
f 3436//707 3449//707 1235//707
f 3447//708 3456//708 1244//708
f 3457//709 3458//709 1248//709
f 3434//710 3438//710 1253//710
f 3439//711 3440//711 1257//711
f 540//6 570//6 1065//6
f 3727//712 3547//712 3536//712
f 3537//713 3530//713 3529//713
f 3544//714 3535//714 3534//714
f 3532//715 3542//715 3725//715
f 3538//716 3724//716 3530//716
f 3545//717 3726//717 3535//717
f 3725//718 3543//718 3533//718
f 3539//719 3531//719 3724//719
f 3726//720 3547//720 3727//720
f 3528//721 3537//721 3529//721
f 3533//722 3544//722 3534//722
f 3540//723 3532//723 3531//723
f 3542//724 3554//724 3543//724
f 3550//725 3540//725 3539//725
f 3557//726 3547//726 3546//726
f 3528//727 3548//727 3537//727
f 3554//728 3544//728 3543//728
f 3551//729 3541//729 3540//729
f 3547//730 3558//730 3536//730
f 3537//731 3549//731 3538//731
f 3544//732 3556//732 3545//732
f 3541//733 3553//733 3542//733
f 3538//734 3550//734 3539//734
f 3545//735 3557//735 3546//735
f 3555//736 3567//736 3556//736
f 3563//737 3553//737 3552//737
f 3560//738 3550//738 3549//738
f 3556//739 3568//739 3557//739
f 3564//740 3554//740 3553//740
f 3561//741 3551//741 3550//741
f 3568//742 3558//742 3557//742
f 3528//743 3559//743 3548//743
f 3565//744 3555//744 3554//744
f 3551//745 3563//745 3552//745
f 3558//746 3569//746 3536//746
f 3559//747 3549//747 3548//747
f 3528//748 3570//748 3559//748
f 3565//749 3577//749 3566//749
f 3573//750 3563//750 3562//750
f 3569//751 3580//751 3536//751
f 3570//752 3560//752 3559//752
f 3566//753 3578//753 3567//753
f 3574//754 3564//754 3563//754
f 3571//755 3561//755 3560//755
f 3578//756 3568//756 3567//756
f 3564//757 3576//757 3565//757
f 3572//758 3562//758 3561//758
f 3568//759 3580//759 3569//759
f 3578//760 3590//760 3579//760
f 3575//761 3587//761 3576//761
f 3583//762 3573//762 3572//762
f 3590//763 3580//763 3579//763
f 3528//764 3581//764 3570//764
f 3576//765 3588//765 3577//765
f 3573//766 3585//766 3574//766
f 3580//767 3591//767 3536//767
f 3581//768 3571//768 3570//768
f 3577//769 3589//769 3578//769
f 3574//770 3586//770 3575//770
f 3582//771 3572//771 3571//771
f 3592//772 3582//772 3581//772
f 3588//773 3600//773 3589//773
f 3596//774 3586//774 3585//774
f 3593//775 3583//775 3582//775
f 3589//776 3601//776 3590//776
f 3597//777 3587//777 3586//777
f 3583//778 3595//778 3584//778
f 3590//779 3602//779 3591//779
f 3528//780 3592//780 3581//780
f 3598//781 3588//781 3587//781
f 3595//782 3585//782 3584//782
f 3591//783 3602//783 3536//783
f 3612//784 3602//784 3601//784
f 3528//785 3603//785 3592//785
f 3598//786 3610//786 3599//786
f 3606//787 3596//787 3595//787
f 3602//788 3613//788 3536//788
f 3603//789 3593//789 3592//789
f 3599//790 3611//790 3600//790
f 3596//791 3608//791 3597//791
f 3604//792 3594//792 3593//792
f 3600//793 3612//793 3601//793
f 3608//794 3598//794 3597//794
f 3605//795 3595//795 3594//795
f 3615//796 3605//796 3604//796
f 3622//797 3612//797 3611//797
f 3608//798 3620//798 3609//798
f 3605//799 3617//799 3606//799
f 3623//800 3613//800 3612//800
f 3528//801 3614//801 3603//801
f 3609//802 3621//802 3610//802
f 3617//803 3607//803 3606//803
f 3613//804 3624//804 3536//804
f 3614//805 3604//805 3603//805
f 3621//806 3611//806 3610//806
f 3618//807 3608//807 3607//807
f 3624//808 3635//808 3536//808
f 3625//809 3615//809 3614//809
f 3621//810 3633//810 3622//810
f 3618//811 3630//811 3619//811
f 3626//812 3616//812 3615//812
f 3622//813 3634//813 3623//813
f 3630//814 3620//814 3619//814
f 3616//815 3628//815 3617//815
f 3623//816 3635//816 3624//816
f 3528//817 3625//817 3614//817
f 3631//818 3621//818 3620//818
f 3617//819 3629//819 3618//819
f 3627//820 3639//820 3628//820
f 3634//821 3646//821 3635//821
f 3528//822 3636//822 3625//822
f 3631//823 3643//823 3632//823
f 3639//824 3629//824 3628//824
f 3635//825 3646//825 3536//825
f 3636//826 3626//826 3625//826
f 3632//827 3644//827 3633//827
f 3629//828 3641//828 3630//828
f 3637//829 3627//829 3626//829
f 3644//830 3634//830 3633//830
f 3630//831 3642//831 3631//831
f 3648//832 3638//832 3637//832
f 3655//833 3645//833 3644//833
f 3652//834 3642//834 3641//834
f 3649//835 3639//835 3638//835
f 3656//836 3646//836 3645//836
f 3528//837 3647//837 3636//837
f 3653//838 3643//838 3642//838
f 3650//839 3640//839 3639//839
f 3646//840 3657//840 3536//840
f 3647//841 3637//841 3636//841
f 3643//842 3655//842 3644//842
f 3651//843 3641//843 3640//843
f 3650//844 3662//844 3651//844
f 3657//845 3668//845 3536//845
f 3658//846 3648//846 3647//846
f 3654//847 3666//847 3655//847
f 3651//848 3663//848 3652//848
f 3659//849 3649//849 3648//849
f 3655//850 3667//850 3656//850
f 3663//851 3653//851 3652//851
f 3649//852 3661//852 3650//852
f 3656//853 3668//853 3657//853
f 3528//854 3658//854 3647//854
f 3664//855 3654//855 3653//855
f 3660//856 3672//856 3661//856
f 3667//857 3679//857 3668//857
f 3528//858 3669//858 3658//858
f 3664//859 3676//859 3665//859
f 3672//860 3662//860 3661//860
f 3668//861 3679//861 3536//861
f 3669//862 3659//862 3658//862
f 3665//863 3677//863 3666//863
f 3662//864 3674//864 3663//864
f 3670//865 3660//865 3659//865
f 3677//866 3667//866 3666//866
f 3663//867 3675//867 3664//867
f 3684//868 3674//868 3673//868
f 3670//869 3682//869 3671//869
f 3677//870 3689//870 3678//870
f 3685//871 3675//871 3674//871
f 3671//872 3683//872 3672//872
f 3689//873 3679//873 3678//873
f 3528//874 3680//874 3669//874
f 3686//875 3676//875 3675//875
f 3672//876 3684//876 3673//876
f 3679//877 3690//877 3536//877
f 3669//878 3681//878 3670//878
f 3676//879 3688//879 3677//879
f 3694//880 3684//880 3683//880
f 3690//881 3701//881 3536//881
f 3691//882 3681//882 3680//882
f 3698//883 3688//883 3687//883
f 3695//884 3685//884 3684//884
f 3692//885 3682//885 3681//885
f 3699//886 3689//886 3688//886
f 3685//887 3697//887 3686//887
f 3693//888 3683//888 3682//888
f 3689//889 3701//889 3690//889
f 3528//890 3691//890 3680//890
f 3697//891 3687//891 3686//891
f 3696//892 3708//892 3697//892
f 3704//893 3694//893 3693//893
f 3700//894 3712//894 3701//894
f 3528//895 3702//895 3691//895
f 3708//896 3698//896 3697//896
f 3694//897 3706//897 3695//897
f 3701//898 3712//898 3536//898
f 3702//899 3692//899 3691//899
f 3698//900 3710//900 3699//900
f 3695//901 3707//901 3696//901
f 3692//902 3704//902 3693//902
f 3710//903 3700//903 3699//903
f 3717//904 3707//904 3706//904
f 3714//905 3704//905 3703//905
f 3710//906 3722//906 3711//906
f 3718//907 3708//907 3707//907
f 3715//908 3705//908 3704//908
f 3711//909 3723//909 3712//909
f 3528//910 3713//910 3702//910
f 3719//911 3709//911 3708//911
f 3716//912 3706//912 3705//912
f 3712//913 3723//913 3536//913
f 3702//914 3714//914 3703//914
f 3720//915 3710//915 3709//915
f 3719//916 3534//916 3720//916
f 3716//917 3532//917 3717//917
f 3723//918 3727//918 3536//918
f 3529//919 3714//919 3713//919
f 3720//920 3535//920 3721//920
f 3717//921 3725//921 3718//921
f 3714//922 3724//922 3715//922
f 3535//923 3722//923 3721//923
f 3718//924 3533//924 3719//924
f 3715//925 3531//925 3716//925
f 3726//926 3723//926 3722//926
f 3528//927 3529//927 3713//927
f 3927//928 3747//928 3736//928
f 3729//929 3738//929 3730//929
f 3734//930 3745//930 3735//930
f 3732//931 3742//931 3925//931
f 3738//932 3924//932 3730//932
f 3745//933 3926//933 3735//933
f 3742//934 3733//934 3925//934
f 3739//935 3731//935 3924//935
f 3926//936 3747//936 3927//936
f 3728//937 3737//937 3729//937
f 3743//938 3734//938 3733//938
f 3731//939 3741//939 3732//939
f 3742//940 3754//940 3743//940
f 3739//941 3751//941 3740//941
f 3746//942 3758//942 3747//942
f 3728//943 3748//943 3737//943
f 3754//944 3744//944 3743//944
f 3751//945 3741//945 3740//945
f 3747//946 3758//946 3736//946
f 3737//947 3749//947 3738//947
f 3755//948 3745//948 3744//948
f 3752//949 3742//949 3741//949
f 3749//950 3739//950 3738//950
f 3756//951 3746//951 3745//951
f 3766//952 3756//952 3755//952
f 3752//953 3764//953 3753//953
f 3760//954 3750//954 3749//954
f 3767//955 3757//955 3756//955
f 3764//956 3754//956 3753//956
f 3761//957 3751//957 3750//957
f 3757//958 3769//958 3758//958
f 3728//959 3759//959 3748//959
f 3765//960 3755//960 3754//960
f 3751//961 3763//961 3752//961
f 3758//962 3769//962 3736//962
f 3759//963 3749//963 3748//963
f 3728//964 3770//964 3759//964
f 3776//965 3766//965 3765//965
f 3773//966 3763//966 3762//966
f 3769//967 3780//967 3736//967
f 3759//968 3771//968 3760//968
f 3777//969 3767//969 3766//969
f 3774//970 3764//970 3763//970
f 3760//971 3772//971 3761//971
f 3767//972 3779//972 3768//972
f 3764//973 3776//973 3765//973
f 3772//974 3762//974 3761//974
f 3768//975 3780//975 3769//975
f 3789//976 3779//976 3778//976
f 3786//977 3776//977 3775//977
f 3772//978 3784//978 3773//978
f 3779//979 3791//979 3780//979
f 3728//980 3781//980 3770//980
f 3776//981 3788//981 3777//981
f 3773//982 3785//982 3774//982
f 3780//983 3791//983 3736//983
f 3781//984 3771//984 3770//984
f 3777//985 3789//985 3778//985
f 3785//986 3775//986 3774//986
f 3782//987 3772//987 3771//987
f 3792//988 3782//988 3781//988
f 3799//989 3789//989 3788//989
f 3796//990 3786//990 3785//990
f 3782//991 3794//991 3783//991
f 3800//992 3790//992 3789//992
f 3786//993 3798//993 3787//993
f 3783//994 3795//994 3784//994
f 3790//995 3802//995 3791//995
f 3728//996 3792//996 3781//996
f 3798//997 3788//997 3787//997
f 3795//998 3785//998 3784//998
f 3791//999 3802//999 3736//999
f 3801//1000 3813//1000 3802//1000
f 3728//1001 3803//1001 3792//1001
f 3798//1002 3810//1002 3799//1002
f 3806//1003 3796//1003 3795//1003
f 3802//1004 3813//1004 3736//1004
f 3803//1005 3793//1005 3792//1005
f 3810//1006 3800//1006 3799//1006
f 3807//1007 3797//1007 3796//1007
f 3804//1008 3794//1008 3793//1008
f 3800//1009 3812//1009 3801//1009
f 3808//1010 3798//1010 3797//1010
f 3805//1011 3795//1011 3794//1011
f 3815//1012 3805//1012 3804//1012
f 3811//1013 3823//1013 3812//1013
f 3819//1014 3809//1014 3808//1014
f 3816//1015 3806//1015 3805//1015
f 3823//1016 3813//1016 3812//1016
f 3728//1017 3814//1017 3803//1017
f 3809//1018 3821//1018 3810//1018
f 3806//1019 3818//1019 3807//1019
f 3813//1020 3824//1020 3736//1020
f 3803//1021 3815//1021 3804//1021
f 3821//1022 3811//1022 3810//1022
f 3807//1023 3819//1023 3808//1023
f 3824//1024 3835//1024 3736//1024
f 3825//1025 3815//1025 3814//1025
f 3832//1026 3822//1026 3821//1026
f 3829//1027 3819//1027 3818//1027
f 3815//1028 3827//1028 3816//1028
f 3833//1029 3823//1029 3822//1029
f 3819//1030 3831//1030 3820//1030
f 3816//1031 3828//1031 3817//1031
f 3823//1032 3835//1032 3824//1032
f 3728//1033 3825//1033 3814//1033
f 3831//1034 3821//1034 3820//1034
f 3817//1035 3829//1035 3818//1035
f 3827//1036 3839//1036 3828//1036
f 3845//1037 3835//1037 3834//1037
f 3728//1038 3836//1038 3825//1038
f 3842//1039 3832//1039 3831//1039
f 3839//1040 3829//1040 3828//1040
f 3835//1041 3846//1041 3736//1041
f 3836//1042 3826//1042 3825//1042
f 3832//1043 3844//1043 3833//1043
f 3840//1044 3830//1044 3829//1044
f 3826//1045 3838//1045 3827//1045
f 3844//1046 3834//1046 3833//1046
f 3841//1047 3831//1047 3830//1047
f 3848//1048 3838//1048 3837//1048
f 3844//1049 3856//1049 3845//1049
f 3841//1050 3853//1050 3842//1050
f 3849//1051 3839//1051 3838//1051
f 3856//1052 3846//1052 3845//1052
f 3728//1053 3847//1053 3836//1053
f 3842//1054 3854//1054 3843//1054
f 3839//1055 3851//1055 3840//1055
f 3846//1056 3857//1056 3736//1056
f 3836//1057 3848//1057 3837//1057
f 3843//1058 3855//1058 3844//1058
f 3851//1059 3841//1059 3840//1059
f 3861//1060 3851//1060 3850//1060
f 3857//1061 3868//1061 3736//1061
f 3847//1062 3859//1062 3848//1062
f 3865//1063 3855//1063 3854//1063
f 3851//1064 3863//1064 3852//1064
f 3859//1065 3849//1065 3848//1065
f 3855//1066 3867//1066 3856//1066
f 3852//1067 3864//1067 3853//1067
f 3860//1068 3850//1068 3849//1068
f 3867//1069 3857//1069 3856//1069
f 3728//1070 3858//1070 3847//1070
f 3853//1071 3865//1071 3854//1071
f 3860//1072 3872//1072 3861//1072
f 3867//1073 3879//1073 3868//1073
f 3728//1074 3869//1074 3858//1074
f 3875//1075 3865//1075 3864//1075
f 3861//1076 3873//1076 3862//1076
f 3868//1077 3879//1077 3736//1077
f 3869//1078 3859//1078 3858//1078
f 3865//1079 3877//1079 3866//1079
f 3873//1080 3863//1080 3862//1080
f 3870//1081 3860//1081 3859//1081
f 3877//1082 3867//1082 3866//1082
f 3874//1083 3864//1083 3863//1083
f 3884//1084 3874//1084 3873//1084
f 3870//1085 3882//1085 3871//1085
f 3877//1086 3889//1086 3878//1086
f 3874//1087 3886//1087 3875//1087
f 3871//1088 3883//1088 3872//1088
f 3889//1089 3879//1089 3878//1089
f 3728//1090 3880//1090 3869//1090
f 3875//1091 3887//1091 3876//1091
f 3883//1092 3873//1092 3872//1092
f 3879//1093 3890//1093 3736//1093
f 3869//1094 3881//1094 3870//1094
f 3876//1095 3888//1095 3877//1095
f 3894//1096 3884//1096 3883//1096
f 3890//1097 3901//1097 3736//1097
f 3880//1098 3892//1098 3881//1098
f 3887//1099 3899//1099 3888//1099
f 3895//1100 3885//1100 3884//1100
f 3892//1101 3882//1101 3881//1101
f 3888//1102 3900//1102 3889//1102
f 3896//1103 3886//1103 3885//1103
f 3882//1104 3894//1104 3883//1104
f 3889//1105 3901//1105 3890//1105
f 3728//1106 3891//1106 3880//1106
f 3886//1107 3898//1107 3887//1107
f 3907//1108 3897//1108 3896//1108
f 3904//1109 3894//1109 3893//1109
f 3911//1110 3901//1110 3900//1110
f 3728//1111 3902//1111 3891//1111
f 3897//1112 3909//1112 3898//1112
f 3894//1113 3906//1113 3895//1113
f 3901//1114 3912//1114 3736//1114
f 3891//1115 3903//1115 3892//1115
f 3909//1116 3899//1116 3898//1116
f 3895//1117 3907//1117 3896//1117
f 3903//1118 3893//1118 3892//1118
f 3899//1119 3911//1119 3900//1119
f 3906//1120 3918//1120 3907//1120
f 3914//1121 3904//1121 3903//1121
f 3910//1122 3922//1122 3911//1122
f 3907//1123 3919//1123 3908//1123
f 3904//1124 3916//1124 3905//1124
f 3911//1125 3923//1125 3912//1125
f 3728//1126 3913//1126 3902//1126
f 3919//1127 3909//1127 3908//1127
f 3905//1128 3917//1128 3906//1128
f 3912//1129 3923//1129 3736//1129
f 3902//1130 3914//1130 3903//1130
f 3920//1131 3910//1131 3909//1131
f 3733//1132 3920//1132 3919//1132
f 3731//1133 3917//1133 3916//1133
f 3923//1134 3927//1134 3736//1134
f 3913//1135 3730//1135 3914//1135
f 3734//1136 3921//1136 3920//1136
f 3732//1137 3918//1137 3917//1137
f 3730//1138 3915//1138 3914//1138
f 3921//1139 3926//1139 3922//1139
f 3925//1140 3919//1140 3918//1140
f 3924//1141 3916//1141 3915//1141
f 3922//1142 3927//1142 3923//1142
f 3728//1143 3729//1143 3913//1143
f 4127//1144 3947//1144 3936//1144
f 3929//1145 3938//1145 3930//1145
f 3934//1146 3945//1146 3935//1146
f 3932//1147 3942//1147 4125//1147
f 3938//1148 4124//1148 3930//1148
f 3935//1149 3946//1149 4126//1149
f 4125//1150 3943//1150 3933//1150
f 3939//1151 3931//1151 4124//1151
f 3946//1152 4127//1152 4126//1152
f 3928//1153 3937//1153 3929//1153
f 3933//1154 3944//1154 3934//1154
f 3940//1155 3932//1155 3931//1155
f 3942//1156 3954//1156 3943//1156
f 3939//1157 3951//1157 3940//1157
f 3946//1158 3958//1158 3947//1158
f 3928//1159 3948//1159 3937//1159
f 3943//1160 3955//1160 3944//1160
f 3951//1161 3941//1161 3940//1161
f 3947//1162 3958//1162 3936//1162
f 3948//1163 3938//1163 3937//1163
f 3955//1164 3945//1164 3944//1164
f 3952//1165 3942//1165 3941//1165
f 3949//1166 3939//1166 3938//1166
f 3945//1167 3957//1167 3946//1167
f 3966//1168 3956//1168 3955//1168
f 3963//1169 3953//1169 3952//1169
f 3949//1170 3961//1170 3950//1170
f 3967//1171 3957//1171 3956//1171
f 3964//1172 3954//1172 3953//1172
f 3961//1173 3951//1173 3950//1173
f 3968//1174 3958//1174 3957//1174
f 3928//1175 3959//1175 3948//1175
f 3965//1176 3955//1176 3954//1176
f 3962//1177 3952//1177 3951//1177
f 3958//1178 3969//1178 3936//1178
f 3959//1179 3949//1179 3948//1179
f 3928//1180 3970//1180 3959//1180
f 3976//1181 3966//1181 3965//1181
f 3973//1182 3963//1182 3962//1182
f 3969//1183 3980//1183 3936//1183
f 3970//1184 3960//1184 3959//1184
f 3977//1185 3967//1185 3966//1185
f 3974//1186 3964//1186 3963//1186
f 3971//1187 3961//1187 3960//1187
f 3978//1188 3968//1188 3967//1188
f 3964//1189 3976//1189 3965//1189
f 3961//1190 3973//1190 3962//1190
f 3968//1191 3980//1191 3969//1191
f 3978//1192 3990//1192 3979//1192
f 3975//1193 3987//1193 3976//1193
f 3972//1194 3984//1194 3973//1194
f 3990//1195 3980//1195 3979//1195
f 3928//1196 3981//1196 3970//1196
f 3976//1197 3988//1197 3977//1197
f 3984//1198 3974//1198 3973//1198
f 3980//1199 3991//1199 3936//1199
f 3970//1200 3982//1200 3971//1200
f 3977//1201 3989//1201 3978//1201
f 3985//1202 3975//1202 3974//1202
f 3982//1203 3972//1203 3971//1203
f 3992//1204 3982//1204 3981//1204
f 3988//1205 4000//1205 3989//1205
f 3996//1206 3986//1206 3985//1206
f 3982//1207 3994//1207 3983//1207
f 3989//1208 4001//1208 3990//1208
f 3997//1209 3987//1209 3986//1209
f 3983//1210 3995//1210 3984//1210
f 4001//1211 3991//1211 3990//1211
f 3928//1212 3992//1212 3981//1212
f 3998//1213 3988//1213 3987//1213
f 3984//1214 3996//1214 3985//1214
f 3991//1215 4002//1215 3936//1215
f 4012//1216 4002//1216 4001//1216
f 3928//1217 4003//1217 3992//1217
f 3998//1218 4010//1218 3999//1218
f 4006//1219 3996//1219 3995//1219
f 4002//1220 4013//1220 3936//1220
f 4003//1221 3993//1221 3992//1221
f 4010//1222 4000//1222 3999//1222
f 3996//1223 4008//1223 3997//1223
f 4004//1224 3994//1224 3993//1224
f 4011//1225 4001//1225 4000//1225
f 3997//1226 4009//1226 3998//1226
f 4005//1227 3995//1227 3994//1227
f 4015//1228 4005//1228 4004//1228
f 4022//1229 4012//1229 4011//1229
f 4019//1230 4009//1230 4008//1230
f 4016//1231 4006//1231 4005//1231
f 4023//1232 4013//1232 4012//1232
f 3928//1233 4014//1233 4003//1233
f 4020//1234 4010//1234 4009//1234
f 4017//1235 4007//1235 4006//1235
f 4013//1236 4024//1236 3936//1236
f 4014//1237 4004//1237 4003//1237
f 4010//1238 4022//1238 4011//1238
f 4018//1239 4008//1239 4007//1239
f 4024//1240 4035//1240 3936//1240
f 4014//1241 4026//1241 4015//1241
f 4032//1242 4022//1242 4021//1242
f 4029//1243 4019//1243 4018//1243
f 4026//1244 4016//1244 4015//1244
f 4033//1245 4023//1245 4022//1245
f 4019//1246 4031//1246 4020//1246
f 4027//1247 4017//1247 4016//1247
f 4034//1248 4024//1248 4023//1248
f 3928//1249 4025//1249 4014//1249
f 4031//1250 4021//1250 4020//1250
f 4028//1251 4018//1251 4017//1251
f 4038//1252 4028//1252 4027//1252
f 4045//1253 4035//1253 4034//1253
f 3928//1254 4036//1254 4025//1254
f 4042//1255 4032//1255 4031//1255
f 4039//1256 4029//1256 4028//1256
f 4035//1257 4046//1257 3936//1257
f 4036//1258 4026//1258 4025//1258
f 4043//1259 4033//1259 4032//1259
f 4040//1260 4030//1260 4029//1260
f 4037//1261 4027//1261 4026//1261
f 4033//1262 4045//1262 4034//1262
f 4030//1263 4042//1263 4031//1263
f 4048//1264 4038//1264 4037//1264
f 4044//1265 4056//1265 4045//1265
f 4041//1266 4053//1266 4042//1266
f 4038//1267 4050//1267 4039//1267
f 4045//1268 4057//1268 4046//1268
f 3928//1269 4047//1269 4036//1269
f 4053//1270 4043//1270 4042//1270
f 4039//1271 4051//1271 4040//1271
f 4046//1272 4057//1272 3936//1272
f 4047//1273 4037//1273 4036//1273
f 4043//1274 4055//1274 4044//1274
f 4040//1275 4052//1275 4041//1275
f 4061//1276 4051//1276 4050//1276
f 4057//1277 4068//1277 3936//1277
f 4047//1278 4059//1278 4048//1278
f 4065//1279 4055//1279 4054//1279
f 4062//1280 4052//1280 4051//1280
f 4059//1281 4049//1281 4048//1281
f 4066//1282 4056//1282 4055//1282
f 4063//1283 4053//1283 4052//1283
f 4060//1284 4050//1284 4049//1284
f 4067//1285 4057//1285 4056//1285
f 3928//1286 4058//1286 4047//1286
f 4064//1287 4054//1287 4053//1287
f 4071//1288 4061//1288 4060//1288
f 4078//1289 4068//1289 4067//1289
f 3928//1290 4069//1290 4058//1290
f 4064//1291 4076//1291 4065//1291
f 4072//1292 4062//1292 4061//1292
f 4068//1293 4079//1293 3936//1293
f 4069//1294 4059//1294 4058//1294
f 4065//1295 4077//1295 4066//1295
f 4073//1296 4063//1296 4062//1296
f 4070//1297 4060//1297 4059//1297
f 4066//1298 4078//1298 4067//1298
f 4074//1299 4064//1299 4063//1299
f 4084//1300 4074//1300 4073//1300
f 4081//1301 4071//1301 4070//1301
f 4077//1302 4089//1302 4078//1302
f 4085//1303 4075//1303 4074//1303
f 4082//1304 4072//1304 4071//1304
f 4078//1305 4090//1305 4079//1305
f 3928//1306 4080//1306 4069//1306
f 4086//1307 4076//1307 4075//1307
f 4072//1308 4084//1308 4073//1308
f 4079//1309 4090//1309 3936//1309
f 4080//1310 4070//1310 4069//1310
f 4087//1311 4077//1311 4076//1311
f 4083//1312 4095//1312 4084//1312
f 4090//1313 4101//1313 3936//1313
f 4080//1314 4092//1314 4081//1314
f 4087//1315 4099//1315 4088//1315
f 4084//1316 4096//1316 4085//1316
f 4092//1317 4082//1317 4081//1317
f 4099//1318 4089//1318 4088//1318
f 4085//1319 4097//1319 4086//1319
f 4082//1320 4094//1320 4083//1320
f 4089//1321 4101//1321 4090//1321
f 3928//1322 4091//1322 4080//1322
f 4086//1323 4098//1323 4087//1323
f 4107//1324 4097//1324 4096//1324
f 4093//1325 4105//1325 4094//1325
f 4100//1326 4112//1326 4101//1326
f 3928//1327 4102//1327 4091//1327
f 4097//1328 4109//1328 4098//1328
f 4105//1329 4095//1329 4094//1329
f 4101//1330 4112//1330 3936//1330
f 4102//1331 4092//1331 4091//1331
f 4109//1332 4099//1332 4098//1332
f 4106//1333 4096//1333 4095//1333
f 4103//1334 4093//1334 4092//1334
f 4110//1335 4100//1335 4099//1335
f 4117//1336 4107//1336 4106//1336
f 4114//1337 4104//1337 4103//1337
f 4110//1338 4122//1338 4111//1338
f 4107//1339 4119//1339 4108//1339
f 4115//1340 4105//1340 4104//1340
f 4111//1341 4123//1341 4112//1341
f 3928//1342 4113//1342 4102//1342
f 4108//1343 4120//1343 4109//1343
f 4116//1344 4106//1344 4105//1344
f 4112//1345 4123//1345 3936//1345
f 4113//1346 4103//1346 4102//1346
f 4120//1347 4110//1347 4109//1347
f 3933//1348 4120//1348 4119//1348
f 4116//1349 3932//1349 4117//1349
f 4123//1350 4127//1350 3936//1350
f 4113//1351 3930//1351 4114//1351
f 4120//1352 3935//1352 4121//1352
f 4117//1353 4125//1353 4118//1353
f 4114//1354 4124//1354 4115//1354
f 3935//1355 4122//1355 4121//1355
f 4118//1356 3933//1356 4119//1356
f 4124//1357 4116//1357 4115//1357
f 4126//1358 4123//1358 4122//1358
f 3928//1359 3929//1359 4113//1359
f 4327//1360 4147//1360 4136//1360
f 4137//1361 4130//1361 4129//1361
f 4134//1362 4145//1362 4135//1362
f 4132//1363 4142//1363 4325//1363
f 4138//1364 4324//1364 4130//1364
f 4145//1365 4326//1365 4135//1365
f 4142//1366 4133//1366 4325//1366
f 4324//1367 4140//1367 4131//1367
f 4326//1368 4147//1368 4327//1368
f 4128//1369 4137//1369 4129//1369
f 4143//1370 4134//1370 4133//1370
f 4131//1371 4141//1371 4132//1371
f 4153//1372 4143//1372 4142//1372
f 4150//1373 4140//1373 4139//1373
f 4146//1374 4158//1374 4147//1374
f 4128//1375 4148//1375 4137//1375
f 4154//1376 4144//1376 4143//1376
f 4151//1377 4141//1377 4140//1377
f 4147//1378 4158//1378 4136//1378
f 4148//1379 4138//1379 4137//1379
f 4144//1380 4156//1380 4145//1380
f 4152//1381 4142//1381 4141//1381
f 4149//1382 4139//1382 4138//1382
f 4156//1383 4146//1383 4145//1383
f 4166//1384 4156//1384 4155//1384
f 4163//1385 4153//1385 4152//1385
f 4149//1386 4161//1386 4150//1386
f 4167//1387 4157//1387 4156//1387
f 4164//1388 4154//1388 4153//1388
f 4161//1389 4151//1389 4150//1389
f 4157//1390 4169//1390 4158//1390
f 4128//1391 4159//1391 4148//1391
f 4154//1392 4166//1392 4155//1392
f 4162//1393 4152//1393 4151//1393
f 4158//1394 4169//1394 4136//1394
f 4148//1395 4160//1395 4149//1395
f 4128//1396 4170//1396 4159//1396
f 4176//1397 4166//1397 4165//1397
f 4162//1398 4174//1398 4163//1398
f 4169//1399 4180//1399 4136//1399
f 4170//1400 4160//1400 4159//1400
f 4166//1401 4178//1401 4167//1401
f 4174//1402 4164//1402 4163//1402
f 4171//1403 4161//1403 4160//1403
f 4167//1404 4179//1404 4168//1404
f 4175//1405 4165//1405 4164//1405
f 4161//1406 4173//1406 4162//1406
f 4168//1407 4180//1407 4169//1407
f 4178//1408 4190//1408 4179//1408
f 4186//1409 4176//1409 4175//1409
f 4183//1410 4173//1410 4172//1410
f 4190//1411 4180//1411 4179//1411
f 4128//1412 4181//1412 4170//1412
f 4176//1413 4188//1413 4177//1413
f 4184//1414 4174//1414 4173//1414
f 4180//1415 4191//1415 4136//1415
f 4181//1416 4171//1416 4170//1416
f 4177//1417 4189//1417 4178//1417
f 4174//1418 4186//1418 4175//1418
f 4182//1419 4172//1419 4171//1419
f 4192//1420 4182//1420 4181//1420
f 4188//1421 4200//1421 4189//1421
f 4196//1422 4186//1422 4185//1422
f 4193//1423 4183//1423 4182//1423
f 4200//1424 4190//1424 4189//1424
f 4186//1425 4198//1425 4187//1425
f 4194//1426 4184//1426 4183//1426
f 4201//1427 4191//1427 4190//1427
f 4128//1428 4192//1428 4181//1428
f 4198//1429 4188//1429 4187//1429
f 4195//1430 4185//1430 4184//1430
f 4191//1431 4202//1431 4136//1431
f 4212//1432 4202//1432 4201//1432
f 4128//1433 4203//1433 4192//1433
f 4209//1434 4199//1434 4198//1434
f 4195//1435 4207//1435 4196//1435
f 4202//1436 4213//1436 4136//1436
f 4192//1437 4204//1437 4193//1437
f 4199//1438 4211//1438 4200//1438
f 4196//1439 4208//1439 4197//1439
f 4204//1440 4194//1440 4193//1440
f 4200//1441 4212//1441 4201//1441
f 4208//1442 4198//1442 4197//1442
f 4205//1443 4195//1443 4194//1443
f 4215//1444 4205//1444 4204//1444
f 4222//1445 4212//1445 4211//1445
f 4208//1446 4220//1446 4209//1446
f 4216//1447 4206//1447 4205//1447
f 4212//1448 4224//1448 4213//1448
f 4128//1449 4214//1449 4203//1449
f 4220//1450 4210//1450 4209//1450
f 4206//1451 4218//1451 4207//1451
f 4213//1452 4224//1452 4136//1452
f 4214//1453 4204//1453 4203//1453
f 4221//1454 4211//1454 4210//1454
f 4207//1455 4219//1455 4208//1455
f 4224//1456 4235//1456 4136//1456
f 4225//1457 4215//1457 4214//1457
f 4221//1458 4233//1458 4222//1458
f 4229//1459 4219//1459 4218//1459
f 4215//1460 4227//1460 4216//1460
f 4222//1461 4234//1461 4223//1461
f 4219//1462 4231//1462 4220//1462
f 4227//1463 4217//1463 4216//1463
f 4234//1464 4224//1464 4223//1464
f 4128//1465 4225//1465 4214//1465
f 4220//1466 4232//1466 4221//1466
f 4217//1467 4229//1467 4218//1467
f 4227//1468 4239//1468 4228//1468
f 4234//1469 4246//1469 4235//1469
f 4128//1470 4236//1470 4225//1470
f 4231//1471 4243//1471 4232//1471
f 4239//1472 4229//1472 4228//1472
f 4235//1473 4246//1473 4136//1473
f 4236//1474 4226//1474 4225//1474
f 4243//1475 4233//1475 4232//1475
f 4240//1476 4230//1476 4229//1476
f 4237//1477 4227//1477 4226//1477
f 4244//1478 4234//1478 4233//1478
f 4241//1479 4231//1479 4230//1479
f 4237//1480 4249//1480 4238//1480
f 4255//1481 4245//1481 4244//1481
f 4241//1482 4253//1482 4242//1482
f 4249//1483 4239//1483 4238//1483
f 4245//1484 4257//1484 4246//1484
f 4128//1485 4247//1485 4236//1485
f 4242//1486 4254//1486 4243//1486
f 4239//1487 4251//1487 4240//1487
f 4246//1488 4257//1488 4136//1488
f 4236//1489 4248//1489 4237//1489
f 4243//1490 4255//1490 4244//1490
f 4240//1491 4252//1491 4241//1491
f 4250//1492 4262//1492 4251//1492
f 4257//1493 4268//1493 4136//1493
f 4258//1494 4248//1494 4247//1494
f 4265//1495 4255//1495 4254//1495
f 4251//1496 4263//1496 4252//1496
f 4259//1497 4249//1497 4248//1497
f 4266//1498 4256//1498 4255//1498
f 4263//1499 4253//1499 4252//1499
f 4249//1500 4261//1500 4250//1500
f 4267//1501 4257//1501 4256//1501
f 4128//1502 4258//1502 4247//1502
f 4264//1503 4254//1503 4253//1503
f 4271//1504 4261//1504 4260//1504
f 4267//1505 4279//1505 4268//1505
f 4128//1506 4269//1506 4258//1506
f 4275//1507 4265//1507 4264//1507
f 4272//1508 4262//1508 4261//1508
f 4268//1509 4279//1509 4136//1509
f 4269//1510 4259//1510 4258//1510
f 4276//1511 4266//1511 4265//1511
f 4273//1512 4263//1512 4262//1512
f 4259//1513 4271//1513 4260//1513
f 4266//1514 4278//1514 4267//1514
f 4274//1515 4264//1515 4263//1515
f 4284//1516 4274//1516 4273//1516
f 4281//1517 4271//1517 4270//1517
f 4288//1518 4278//1518 4277//1518
f 4285//1519 4275//1519 4274//1519
f 4282//1520 4272//1520 4271//1520
f 4289//1521 4279//1521 4278//1521
f 4128//1522 4280//1522 4269//1522
f 4286//1523 4276//1523 4275//1523
f 4283//1524 4273//1524 4272//1524
f 4279//1525 4290//1525 4136//1525
f 4269//1526 4281//1526 4270//1526
f 4276//1527 4288//1527 4277//1527
f 4283//1528 4295//1528 4284//1528
f 4290//1529 4301//1529 4136//1529
f 4280//1530 4292//1530 4281//1530
f 4298//1531 4288//1531 4287//1531
f 4284//1532 4296//1532 4285//1532
f 4281//1533 4293//1533 4282//1533
f 4299//1534 4289//1534 4288//1534
f 4296//1535 4286//1535 4285//1535
f 4293//1536 4283//1536 4282//1536
f 4289//1537 4301//1537 4290//1537
f 4128//1538 4291//1538 4280//1538
f 4297//1539 4287//1539 4286//1539
f 4307//1540 4297//1540 4296//1540
f 4293//1541 4305//1541 4294//1541
f 4300//1542 4312//1542 4301//1542
f 4128//1543 4302//1543 4291//1543
f 4297//1544 4309//1544 4298//1544
f 4305//1545 4295//1545 4294//1545
f 4301//1546 4312//1546 4136//1546
f 4291//1547 4303//1547 4292//1547
f 4309//1548 4299//1548 4298//1548
f 4295//1549 4307//1549 4296//1549
f 4303//1550 4293//1550 4292//1550
f 4310//1551 4300//1551 4299//1551
f 4317//1552 4307//1552 4306//1552
f 4303//1553 4315//1553 4304//1553
f 4310//1554 4322//1554 4311//1554
f 4318//1555 4308//1555 4307//1555
f 4315//1556 4305//1556 4304//1556
f 4322//1557 4312//1557 4311//1557
f 4128//1558 4313//1558 4302//1558
f 4308//1559 4320//1559 4309//1559
f 4316//1560 4306//1560 4305//1560
f 4312//1561 4323//1561 4136//1561
f 4302//1562 4314//1562 4303//1562
f 4320//1563 4310//1563 4309//1563
f 4133//1564 4320//1564 4319//1564
f 4131//1565 4317//1565 4316//1565
f 4323//1566 4327//1566 4136//1566
f 4129//1567 4314//1567 4313//1567
f 4320//1568 4135//1568 4321//1568
f 4132//1569 4318//1569 4317//1569
f 4130//1570 4315//1570 4314//1570
f 4321//1571 4326//1571 4322//1571
f 4325//1572 4319//1572 4318//1572
f 4324//1573 4316//1573 4315//1573
f 4326//1574 4323//1574 4322//1574
f 4128//1575 4129//1575 4313//1575
f 4527//1576 4347//1576 4336//1576
f 4337//1577 4330//1577 4329//1577
f 4334//1578 4345//1578 4335//1578
f 4332//1579 4342//1579 4525//1579
f 4338//1580 4524//1580 4330//1580
f 4345//1581 4526//1581 4335//1581
f 4525//1582 4343//1582 4333//1582
f 4339//1583 4331//1583 4524//1583
f 4346//1584 4527//1584 4526//1584
f 4328//1585 4337//1585 4329//1585
f 4343//1586 4334//1586 4333//1586
f 4331//1587 4341//1587 4332//1587
f 4353//1588 4343//1588 4342//1588
f 4339//1589 4351//1589 4340//1589
f 4346//1590 4358//1590 4347//1590
f 4328//1591 4348//1591 4337//1591
f 4343//1592 4355//1592 4344//1592
f 4340//1593 4352//1593 4341//1593
f 4347//1594 4358//1594 4336//1594
f 4337//1595 4349//1595 4338//1595
f 4344//1596 4356//1596 4345//1596
f 4341//1597 4353//1597 4342//1597
f 4349//1598 4339//1598 4338//1598
f 4356//1599 4346//1599 4345//1599
f 4366//1600 4356//1600 4355//1600
f 4363//1601 4353//1601 4352//1601
f 4349//1602 4361//1602 4350//1602
f 4356//1603 4368//1603 4357//1603
f 4364//1604 4354//1604 4353//1604
f 4361//1605 4351//1605 4350//1605
f 4368//1606 4358//1606 4357//1606
f 4328//1607 4359//1607 4348//1607
f 4365//1608 4355//1608 4354//1608
f 4351//1609 4363//1609 4352//1609
f 4358//1610 4369//1610 4336//1610
f 4359//1611 4349//1611 4348//1611
f 4328//1612 4370//1612 4359//1612
f 4365//1613 4377//1613 4366//1613
f 4362//1614 4374//1614 4363//1614
f 4369//1615 4380//1615 4336//1615
f 4359//1616 4371//1616 4360//1616
f 4377//1617 4367//1617 4366//1617
f 4374//1618 4364//1618 4363//1618
f 4371//1619 4361//1619 4360//1619
f 4378//1620 4368//1620 4367//1620
f 4364//1621 4376//1621 4365//1621
f 4372//1622 4362//1622 4361//1622
f 4368//1623 4380//1623 4369//1623
f 4389//1624 4379//1624 4378//1624
f 4386//1625 4376//1625 4375//1625
f 4372//1626 4384//1626 4373//1626
f 4379//1627 4391//1627 4380//1627
f 4328//1628 4381//1628 4370//1628
f 4387//1629 4377//1629 4376//1629
f 4373//1630 4385//1630 4374//1630
f 4380//1631 4391//1631 4336//1631
f 4381//1632 4371//1632 4370//1632
f 4377//1633 4389//1633 4378//1633
f 4374//1634 4386//1634 4375//1634
f 4371//1635 4383//1635 4372//1635
f 4392//1636 4382//1636 4381//1636
f 4388//1637 4400//1637 4389//1637
f 4385//1638 4397//1638 4386//1638
f 4393//1639 4383//1639 4382//1639
f 4389//1640 4401//1640 4390//1640
f 4386//1641 4398//1641 4387//1641
f 4394//1642 4384//1642 4383//1642
f 4390//1643 4402//1643 4391//1643
f 4328//1644 4392//1644 4381//1644
f 4398//1645 4388//1645 4387//1645
f 4395//1646 4385//1646 4384//1646
f 4391//1647 4402//1647 4336//1647
f 4401//1648 4413//1648 4402//1648
f 4328//1649 4403//1649 4392//1649
f 4409//1650 4399//1650 4398//1650
f 4406//1651 4396//1651 4395//1651
f 4402//1652 4413//1652 4336//1652
f 4392//1653 4404//1653 4393//1653
f 4399//1654 4411//1654 4400//1654
f 4407//1655 4397//1655 4396//1655
f 4404//1656 4394//1656 4393//1656
f 4411//1657 4401//1657 4400//1657
f 4408//1658 4398//1658 4397//1658
f 4405//1659 4395//1659 4394//1659
f 4415//1660 4405//1660 4404//1660
f 4422//1661 4412//1661 4411//1661
f 4408//1662 4420//1662 4409//1662
f 4416//1663 4406//1663 4405//1663
f 4423//1664 4413//1664 4412//1664
f 4328//1665 4414//1665 4403//1665
f 4420//1666 4410//1666 4409//1666
f 4406//1667 4418//1667 4407//1667
f 4413//1668 4424//1668 4336//1668
f 4414//1669 4404//1669 4403//1669
f 4421//1670 4411//1670 4410//1670
f 4407//1671 4419//1671 4408//1671
f 4424//1672 4435//1672 4336//1672
f 4425//1673 4415//1673 4414//1673
f 4421//1674 4433//1674 4422//1674
f 4418//1675 4430//1675 4419//1675
f 4426//1676 4416//1676 4415//1676
f 4422//1677 4434//1677 4423//1677
f 4419//1678 4431//1678 4420//1678
f 4427//1679 4417//1679 4416//1679
f 4434//1680 4424//1680 4423//1680
f 4328//1681 4425//1681 4414//1681
f 4431//1682 4421//1682 4420//1682
f 4428//1683 4418//1683 4417//1683
f 4438//1684 4428//1684 4427//1684
f 4434//1685 4446//1685 4435//1685
f 4328//1686 4436//1686 4425//1686
f 4442//1687 4432//1687 4431//1687
f 4439//1688 4429//1688 4428//1688
f 4435//1689 4446//1689 4336//1689
f 4436//1690 4426//1690 4425//1690
f 4432//1691 4444//1691 4433//1691
f 4440//1692 4430//1692 4429//1692
f 4437//1693 4427//1693 4426//1693
f 4444//1694 4434//1694 4433//1694
f 4441//1695 4431//1695 4430//1695
f 4448//1696 4438//1696 4437//1696
f 4455//1697 4445//1697 4444//1697
f 4441//1698 4453//1698 4442//1698
f 4449//1699 4439//1699 4438//1699
f 4456//1700 4446//1700 4445//1700
f 4328//1701 4447//1701 4436//1701
f 4453//1702 4443//1702 4442//1702
f 4439//1703 4451//1703 4440//1703
f 4446//1704 4457//1704 4336//1704
f 4447//1705 4437//1705 4436//1705
f 4454//1706 4444//1706 4443//1706
f 4440//1707 4452//1707 4441//1707
f 4450//1708 4462//1708 4451//1708
f 4457//1709 4468//1709 4336//1709
f 4447//1710 4459//1710 4448//1710
f 4454//1711 4466//1711 4455//1711
f 4462//1712 4452//1712 4451//1712
f 4459//1713 4449//1713 4448//1713
f 4466//1714 4456//1714 4455//1714
f 4452//1715 4464//1715 4453//1715
f 4449//1716 4461//1716 4450//1716
f 4467//1717 4457//1717 4456//1717
f 4328//1718 4458//1718 4447//1718
f 4453//1719 4465//1719 4454//1719
f 4471//1720 4461//1720 4460//1720
f 4478//1721 4468//1721 4467//1721
f 4328//1722 4469//1722 4458//1722
f 4475//1723 4465//1723 4464//1723
f 4472//1724 4462//1724 4461//1724
f 4468//1725 4479//1725 4336//1725
f 4458//1726 4470//1726 4459//1726
f 4476//1727 4466//1727 4465//1727
f 4462//1728 4474//1728 4463//1728
f 4459//1729 4471//1729 4460//1729
f 4466//1730 4478//1730 4467//1730
f 4474//1731 4464//1731 4463//1731
f 4484//1732 4474//1732 4473//1732
f 4481//1733 4471//1733 4470//1733
f 4488//1734 4478//1734 4477//1734
f 4485//1735 4475//1735 4474//1735
f 4482//1736 4472//1736 4471//1736
f 4478//1737 4490//1737 4479//1737
f 4328//1738 4480//1738 4469//1738
f 4486//1739 4476//1739 4475//1739
f 4483//1740 4473//1740 4472//1740
f 4479//1741 4490//1741 4336//1741
f 4480//1742 4470//1742 4469//1742
f 4476//1743 4488//1743 4477//1743
f 4494//1744 4484//1744 4483//1744
f 4490//1745 4501//1745 4336//1745
f 4480//1746 4492//1746 4481//1746
f 4498//1747 4488//1747 4487//1747
f 4495//1748 4485//1748 4484//1748
f 4492//1749 4482//1749 4481//1749
f 4488//1750 4500//1750 4489//1750
f 4496//1751 4486//1751 4485//1751
f 4493//1752 4483//1752 4482//1752
f 4489//1753 4501//1753 4490//1753
f 4328//1754 4491//1754 4480//1754
f 4486//1755 4498//1755 4487//1755
f 4496//1756 4508//1756 4497//1756
f 4504//1757 4494//1757 4493//1757
f 4511//1758 4501//1758 4500//1758
f 4328//1759 4502//1759 4491//1759
f 4508//1760 4498//1760 4497//1760
f 4494//1761 4506//1761 4495//1761
f 4501//1762 4512//1762 4336//1762
f 4502//1763 4492//1763 4491//1763
f 4498//1764 4510//1764 4499//1764
f 4506//1765 4496//1765 4495//1765
f 4503//1766 4493//1766 4492//1766
f 4510//1767 4500//1767 4499//1767
f 4517//1768 4507//1768 4506//1768
f 4514//1769 4504//1769 4503//1769
f 4510//1770 4522//1770 4511//1770
f 4507//1771 4519//1771 4508//1771
f 4504//1772 4516//1772 4505//1772
f 4511//1773 4523//1773 4512//1773
f 4328//1774 4513//1774 4502//1774
f 4519//1775 4509//1775 4508//1775
f 4516//1776 4506//1776 4505//1776
f 4512//1777 4523//1777 4336//1777
f 4513//1778 4503//1778 4502//1778
f 4520//1779 4510//1779 4509//1779
f 4519//1780 4334//1780 4520//1780
f 4331//1781 4517//1781 4516//1781
f 4523//1782 4527//1782 4336//1782
f 4329//1783 4514//1783 4513//1783
f 4334//1784 4521//1784 4520//1784
f 4517//1785 4525//1785 4518//1785
f 4330//1786 4515//1786 4514//1786
f 4521//1787 4526//1787 4522//1787
f 4525//1788 4519//1788 4518//1788
f 4524//1789 4516//1789 4515//1789
f 4522//1790 4527//1790 4523//1790
f 4328//1791 4329//1791 4513//1791
f 4727//1792 4547//1792 4536//1792
f 4529//1793 4538//1793 4530//1793
f 4534//1794 4545//1794 4535//1794
f 4532//1795 4542//1795 4725//1795
f 4538//1796 4724//1796 4530//1796
f 4545//1797 4726//1797 4535//1797
f 4542//1798 4533//1798 4725//1798
f 4539//1799 4531//1799 4724//1799
f 4546//1800 4727//1800 4726//1800
f 4528//1801 4537//1801 4529//1801
f 4543//1802 4534//1802 4533//1802
f 4531//1803 4541//1803 4532//1803
f 4542//1804 4554//1804 4543//1804
f 4550//1805 4540//1805 4539//1805
f 4557//1806 4547//1806 4546//1806
f 4528//1807 4548//1807 4537//1807
f 4554//1808 4544//1808 4543//1808
f 4551//1809 4541//1809 4540//1809
f 4547//1810 4558//1810 4536//1810
f 4548//1811 4538//1811 4537//1811
f 4555//1812 4545//1812 4544//1812
f 4541//1813 4553//1813 4542//1813
f 4549//1814 4539//1814 4538//1814
f 4545//1815 4557//1815 4546//1815
f 4566//1816 4556//1816 4555//1816
f 4563//1817 4553//1817 4552//1817
f 4560//1818 4550//1818 4549//1818
f 4556//1819 4568//1819 4557//1819
f 4564//1820 4554//1820 4553//1820
f 4561//1821 4551//1821 4550//1821
f 4568//1822 4558//1822 4557//1822
f 4528//1823 4559//1823 4548//1823
f 4565//1824 4555//1824 4554//1824
f 4551//1825 4563//1825 4552//1825
f 4558//1826 4569//1826 4536//1826
f 4559//1827 4549//1827 4548//1827
f 4528//1828 4570//1828 4559//1828
f 4576//1829 4566//1829 4565//1829
f 4562//1830 4574//1830 4563//1830
f 4569//1831 4580//1831 4536//1831
f 4559//1832 4571//1832 4560//1832
f 4566//1833 4578//1833 4567//1833
f 4563//1834 4575//1834 4564//1834
f 4571//1835 4561//1835 4560//1835
f 4567//1836 4579//1836 4568//1836
f 4564//1837 4576//1837 4565//1837
f 4561//1838 4573//1838 4562//1838
f 4579//1839 4569//1839 4568//1839
f 4578//1840 4590//1840 4579//1840
f 4586//1841 4576//1841 4575//1841
f 4583//1842 4573//1842 4572//1842
f 4590//1843 4580//1843 4579//1843
f 4528//1844 4581//1844 4570//1844
f 4587//1845 4577//1845 4576//1845
f 4573//1846 4585//1846 4574//1846
f 4580//1847 4591//1847 4536//1847
f 4581//1848 4571//1848 4570//1848
f 4577//1849 4589//1849 4578//1849
f 4585//1850 4575//1850 4574//1850
f 4582//1851 4572//1851 4571//1851
f 4592//1852 4582//1852 4581//1852
f 4588//1853 4600//1853 4589//1853
f 4585//1854 4597//1854 4586//1854
f 4593//1855 4583//1855 4582//1855
f 4600//1856 4590//1856 4589//1856
f 4586//1857 4598//1857 4587//1857
f 4594//1858 4584//1858 4583//1858
f 4590//1859 4602//1859 4591//1859
f 4528//1860 4592//1860 4581//1860
f 4598//1861 4588//1861 4587//1861
f 4595//1862 4585//1862 4584//1862
f 4591//1863 4602//1863 4536//1863
f 4601//1864 4613//1864 4602//1864
f 4528//1865 4603//1865 4592//1865
f 4598//1866 4610//1866 4599//1866
f 4606//1867 4596//1867 4595//1867
f 4602//1868 4613//1868 4536//1868
f 4592//1869 4604//1869 4593//1869
f 4610//1870 4600//1870 4599//1870
f 4596//1871 4608//1871 4597//1871
f 4604//1872 4594//1872 4593//1872
f 4611//1873 4601//1873 4600//1873
f 4608//1874 4598//1874 4597//1874
f 4605//1875 4595//1875 4594//1875
f 4615//1876 4605//1876 4604//1876
f 4622//1877 4612//1877 4611//1877
f 4619//1878 4609//1878 4608//1878
f 4616//1879 4606//1879 4605//1879
f 4623//1880 4613//1880 4612//1880
f 4528//1881 4614//1881 4603//1881
f 4609//1882 4621//1882 4610//1882
f 4617//1883 4607//1883 4606//1883
f 4613//1884 4624//1884 4536//1884
f 4603//1885 4615//1885 4604//1885
f 4621//1886 4611//1886 4610//1886
f 4618//1887 4608//1887 4607//1887
f 4624//1888 4635//1888 4536//1888
f 4614//1889 4626//1889 4615//1889
f 4621//1890 4633//1890 4622//1890
f 4629//1891 4619//1891 4618//1891
f 4626//1892 4616//1892 4615//1892
f 4633//1893 4623//1893 4622//1893
f 4630//1894 4620//1894 4619//1894
f 4627//1895 4617//1895 4616//1895
f 4634//1896 4624//1896 4623//1896
f 4528//1897 4625//1897 4614//1897
f 4631//1898 4621//1898 4620//1898
f 4617//1899 4629//1899 4618//1899
f 4627//1900 4639//1900 4628//1900
f 4645//1901 4635//1901 4634//1901
f 4528//1902 4636//1902 4625//1902
f 4642//1903 4632//1903 4631//1903
f 4639//1904 4629//1904 4628//1904
f 4635//1905 4646//1905 4536//1905
f 4625//1906 4637//1906 4626//1906
f 4632//1907 4644//1907 4633//1907
f 4640//1908 4630//1908 4629//1908
f 4626//1909 4638//1909 4627//1909
f 4644//1910 4634//1910 4633//1910
f 4641//1911 4631//1911 4630//1911
f 4648//1912 4638//1912 4637//1912
f 4644//1913 4656//1913 4645//1913
f 4641//1914 4653//1914 4642//1914
f 4638//1915 4650//1915 4639//1915
f 4645//1916 4657//1916 4646//1916
f 4528//1917 4647//1917 4636//1917
f 4642//1918 4654//1918 4643//1918
f 4650//1919 4640//1919 4639//1919
f 4646//1920 4657//1920 4536//1920
f 4636//1921 4648//1921 4637//1921
f 4643//1922 4655//1922 4644//1922
f 4651//1923 4641//1923 4640//1923
f 4661//1924 4651//1924 4650//1924
f 4657//1925 4668//1925 4536//1925
f 4647//1926 4659//1926 4648//1926
f 4665//1927 4655//1927 4654//1927
f 4651//1928 4663//1928 4652//1928
f 4659//1929 4649//1929 4648//1929
f 4655//1930 4667//1930 4656//1930
f 4652//1931 4664//1931 4653//1931
f 4660//1932 4650//1932 4649//1932
f 4656//1933 4668//1933 4657//1933
f 4528//1934 4658//1934 4647//1934
f 4653//1935 4665//1935 4654//1935
f 4671//1936 4661//1936 4660//1936
f 4667//1937 4679//1937 4668//1937
f 4528//1938 4669//1938 4658//1938
f 4675//1939 4665//1939 4664//1939
f 4661//1940 4673//1940 4662//1940
f 4668//1941 4679//1941 4536//1941
f 4669//1942 4659//1942 4658//1942
f 4676//1943 4666//1943 4665//1943
f 4673//1944 4663//1944 4662//1944
f 4670//1945 4660//1945 4659//1945
f 4666//1946 4678//1946 4667//1946
f 4663//1947 4675//1947 4664//1947
f 4673//1948 4685//1948 4674//1948
f 4681//1949 4671//1949 4670//1949
f 4688//1950 4678//1950 4677//1950
f 4674//1951 4686//1951 4675//1951
f 4671//1952 4683//1952 4672//1952
f 4678//1953 4690//1953 4679//1953
f 4528//1954 4680//1954 4669//1954
f 4686//1955 4676//1955 4675//1955
f 4683//1956 4673//1956 4672//1956
f 4679//1957 4690//1957 4536//1957
f 4669//1958 4681//1958 4670//1958
f 4676//1959 4688//1959 4677//1959
f 4694//1960 4684//1960 4683//1960
f 4690//1961 4701//1961 4536//1961
f 4680//1962 4692//1962 4681//1962
f 4687//1963 4699//1963 4688//1963
f 4695//1964 4685//1964 4684//1964
f 4692//1965 4682//1965 4681//1965
f 4699//1966 4689//1966 4688//1966
f 4696//1967 4686//1967 4685//1967
f 4693//1968 4683//1968 4682//1968
f 4700//1969 4690//1969 4689//1969
f 4528//1970 4691//1970 4680//1970
f 4697//1971 4687//1971 4686//1971
f 4707//1972 4697//1972 4696//1972
f 4693//1973 4705//1973 4694//1973
f 4711//1974 4701//1974 4700//1974
f 4528//1975 4702//1975 4691//1975
f 4697//1976 4709//1976 4698//1976
f 4705//1977 4695//1977 4694//1977
f 4701//1978 4712//1978 4536//1978
f 4702//1979 4692//1979 4691//1979
f 4698//1980 4710//1980 4699//1980
f 4706//1981 4696//1981 4695//1981
f 4703//1982 4693//1982 4692//1982
f 4710//1983 4700//1983 4699//1983
f 4706//1984 4718//1984 4707//1984
f 4714//1985 4704//1985 4703//1985
f 4710//1986 4722//1986 4711//1986
f 4718//1987 4708//1987 4707//1987
f 4715//1988 4705//1988 4704//1988
f 4711//1989 4723//1989 4712//1989
f 4528//1990 4713//1990 4702//1990
f 4719//1991 4709//1991 4708//1991
f 4716//1992 4706//1992 4705//1992
f 4712//1993 4723//1993 4536//1993
f 4713//1994 4703//1994 4702//1994
f 4720//1995 4710//1995 4709//1995
f 4719//1996 4534//1996 4720//1996
f 4531//1997 4717//1997 4716//1997
f 4723//1998 4727//1998 4536//1998
f 4713//1999 4530//1999 4714//1999
f 4720//2000 4535//2000 4721//2000
f 4717//2001 4725//2001 4718//2001
f 4530//2002 4715//2002 4714//2002
f 4535//2003 4722//2003 4721//2003
f 4725//2004 4719//2004 4718//2004
f 4724//2005 4716//2005 4715//2005
f 4726//2006 4723//2006 4722//2006
f 4528//2007 4529//2007 4713//2007
f 4927//2008 4747//2008 4736//2008
f 4737//2009 4730//2009 4729//2009
f 4734//2010 4745//2010 4735//2010
f 4732//2011 4742//2011 4925//2011
f 4738//2012 4924//2012 4730//2012
f 4745//2013 4926//2013 4735//2013
f 4925//2014 4743//2014 4733//2014
f 4924//2015 4740//2015 4731//2015
f 4926//2016 4747//2016 4927//2016
f 4728//2017 4737//2017 4729//2017
f 4743//2018 4734//2018 4733//2018
f 4740//2019 4732//2019 4731//2019
f 4742//2020 4754//2020 4743//2020
f 4750//2021 4740//2021 4739//2021
f 4746//2022 4758//2022 4747//2022
f 4728//2023 4748//2023 4737//2023
f 4743//2024 4755//2024 4744//2024
f 4740//2025 4752//2025 4741//2025
f 4747//2026 4758//2026 4736//2026
f 4737//2027 4749//2027 4738//2027
f 4755//2028 4745//2028 4744//2028
f 4741//2029 4753//2029 4742//2029
f 4738//2030 4750//2030 4739//2030
f 4756//2031 4746//2031 4745//2031
f 4766//2032 4756//2032 4755//2032
f 4763//2033 4753//2033 4752//2033
f 4749//2034 4761//2034 4750//2034
f 4756//2035 4768//2035 4757//2035
f 4764//2036 4754//2036 4753//2036
f 4750//2037 4762//2037 4751//2037
f 4768//2038 4758//2038 4757//2038
f 4728//2039 4759//2039 4748//2039
f 4765//2040 4755//2040 4754//2040
f 4762//2041 4752//2041 4751//2041
f 4758//2042 4769//2042 4736//2042
f 4759//2043 4749//2043 4748//2043
f 4728//2044 4770//2044 4759//2044
f 4765//2045 4777//2045 4766//2045
f 4762//2046 4774//2046 4763//2046
f 4769//2047 4780//2047 4736//2047
f 4770//2048 4760//2048 4759//2048
f 4766//2049 4778//2049 4767//2049
f 4763//2050 4775//2050 4764//2050
f 4771//2051 4761//2051 4760//2051
f 4767//2052 4779//2052 4768//2052
f 4764//2053 4776//2053 4765//2053
f 4772//2054 4762//2054 4761//2054
f 4768//2055 4780//2055 4769//2055
f 4789//2056 4779//2056 4778//2056
f 4775//2057 4787//2057 4776//2057
f 4772//2058 4784//2058 4773//2058
f 4790//2059 4780//2059 4779//2059
f 4728//2060 4781//2060 4770//2060
f 4776//2061 4788//2061 4777//2061
f 4784//2062 4774//2062 4773//2062
f 4780//2063 4791//2063 4736//2063
f 4781//2064 4771//2064 4770//2064
f 4788//2065 4778//2065 4777//2065
f 4785//2066 4775//2066 4774//2066
f 4782//2067 4772//2067 4771//2067
f 4781//2068 4793//2068 4782//2068
f 4788//2069 4800//2069 4789//2069
f 4785//2070 4797//2070 4786//2070
f 4793//2071 4783//2071 4782//2071
f 4800//2072 4790//2072 4789//2072
f 4786//2073 4798//2073 4787//2073
f 4783//2074 4795//2074 4784//2074
f 4801//2075 4791//2075 4790//2075
f 4728//2076 4792//2076 4781//2076
f 4798//2077 4788//2077 4787//2077
f 4795//2078 4785//2078 4784//2078
f 4791//2079 4802//2079 4736//2079
f 4801//2080 4813//2080 4802//2080
f 4728//2081 4803//2081 4792//2081
f 4809//2082 4799//2082 4798//2082
f 4806//2083 4796//2083 4795//2083
f 4802//2084 4813//2084 4736//2084
f 4803//2085 4793//2085 4792//2085
f 4799//2086 4811//2086 4800//2086
f 4807//2087 4797//2087 4796//2087
f 4804//2088 4794//2088 4793//2088
f 4811//2089 4801//2089 4800//2089
f 4808//2090 4798//2090 4797//2090
f 4805//2091 4795//2091 4794//2091
f 4815//2092 4805//2092 4804//2092
f 4822//2093 4812//2093 4811//2093
f 4808//2094 4820//2094 4809//2094
f 4805//2095 4817//2095 4806//2095
f 4823//2096 4813//2096 4812//2096
f 4728//2097 4814//2097 4803//2097
f 4809//2098 4821//2098 4810//2098
f 4806//2099 4818//2099 4807//2099
f 4813//2100 4824//2100 4736//2100
f 4814//2101 4804//2101 4803//2101
f 4810//2102 4822//2102 4811//2102
f 4807//2103 4819//2103 4808//2103
f 4824//2104 4835//2104 4736//2104
f 4825//2105 4815//2105 4814//2105
f 4821//2106 4833//2106 4822//2106
f 4829//2107 4819//2107 4818//2107
f 4815//2108 4827//2108 4816//2108
f 4833//2109 4823//2109 4822//2109
f 4830//2110 4820//2110 4819//2110
f 4827//2111 4817//2111 4816//2111
f 4823//2112 4835//2112 4824//2112
f 4728//2113 4825//2113 4814//2113
f 4831//2114 4821//2114 4820//2114
f 4828//2115 4818//2115 4817//2115
f 4838//2116 4828//2116 4827//2116
f 4845//2117 4835//2117 4834//2117
f 4728//2118 4836//2118 4825//2118
f 4831//2119 4843//2119 4832//2119
f 4839//2120 4829//2120 4828//2120
f 4835//2121 4846//2121 4736//2121
f 4825//2122 4837//2122 4826//2122
f 4843//2123 4833//2123 4832//2123
f 4829//2124 4841//2124 4830//2124
f 4826//2125 4838//2125 4827//2125
f 4833//2126 4845//2126 4834//2126
f 4841//2127 4831//2127 4830//2127
f 4848//2128 4838//2128 4837//2128
f 4855//2129 4845//2129 4844//2129
f 4852//2130 4842//2130 4841//2130
f 4838//2131 4850//2131 4839//2131
f 4856//2132 4846//2132 4845//2132
f 4728//2133 4847//2133 4836//2133
f 4853//2134 4843//2134 4842//2134
f 4839//2135 4851//2135 4840//2135
f 4846//2136 4857//2136 4736//2136
f 4847//2137 4837//2137 4836//2137
f 4854//2138 4844//2138 4843//2138
f 4851//2139 4841//2139 4840//2139
f 4861//2140 4851//2140 4850//2140
f 4857//2141 4868//2141 4736//2141
f 4858//2142 4848//2142 4847//2142
f 4865//2143 4855//2143 4854//2143
f 4862//2144 4852//2144 4851//2144
f 4859//2145 4849//2145 4848//2145
f 4866//2146 4856//2146 4855//2146
f 4852//2147 4864//2147 4853//2147
f 4860//2148 4850//2148 4849//2148
f 4856//2149 4868//2149 4857//2149
f 4728//2150 4858//2150 4847//2150
f 4853//2151 4865//2151 4854//2151
f 4860//2152 4872//2152 4861//2152
f 4867//2153 4879//2153 4868//2153
f 4728//2154 4869//2154 4858//2154
f 4875//2155 4865//2155 4864//2155
f 4861//2156 4873//2156 4862//2156
f 4868//2157 4879//2157 4736//2157
f 4858//2158 4870//2158 4859//2158
f 4876//2159 4866//2159 4865//2159
f 4862//2160 4874//2160 4863//2160
f 4870//2161 4860//2161 4859//2161
f 4877//2162 4867//2162 4866//2162
f 4863//2163 4875//2163 4864//2163
f 4884//2164 4874//2164 4873//2164
f 4870//2165 4882//2165 4871//2165
f 4888//2166 4878//2166 4877//2166
f 4885//2167 4875//2167 4874//2167
f 4871//2168 4883//2168 4872//2168
f 4889//2169 4879//2169 4878//2169
f 4728//2170 4880//2170 4869//2170
f 4886//2171 4876//2171 4875//2171
f 4872//2172 4884//2172 4873//2172
f 4879//2173 4890//2173 4736//2173
f 4880//2174 4870//2174 4869//2174
f 4887//2175 4877//2175 4876//2175
f 4883//2176 4895//2176 4884//2176
f 4890//2177 4901//2177 4736//2177
f 4891//2178 4881//2178 4880//2178
f 4887//2179 4899//2179 4888//2179
f 4884//2180 4896//2180 4885//2180
f 4892//2181 4882//2181 4881//2181
f 4888//2182 4900//2182 4889//2182
f 4885//2183 4897//2183 4886//2183
f 4882//2184 4894//2184 4883//2184
f 4900//2185 4890//2185 4889//2185
f 4728//2186 4891//2186 4880//2186
f 4886//2187 4898//2187 4887//2187
f 4907//2188 4897//2188 4896//2188
f 4904//2189 4894//2189 4893//2189
f 4900//2190 4912//2190 4901//2190
f 4728//2191 4902//2191 4891//2191
f 4897//2192 4909//2192 4898//2192
f 4894//2193 4906//2193 4895//2193
f 4901//2194 4912//2194 4736//2194
f 4891//2195 4903//2195 4892//2195
f 4898//2196 4910//2196 4899//2196
f 4906//2197 4896//2197 4895//2197
f 4892//2198 4904//2198 4893//2198
f 4910//2199 4900//2199 4899//2199
f 4906//2200 4918//2200 4907//2200
f 4914//2201 4904//2201 4903//2201
f 4921//2202 4911//2202 4910//2202
f 4907//2203 4919//2203 4908//2203
f 4915//2204 4905//2204 4904//2204
f 4922//2205 4912//2205 4911//2205
f 4728//2206 4913//2206 4902//2206
f 4919//2207 4909//2207 4908//2207
f 4905//2208 4917//2208 4906//2208
f 4912//2209 4923//2209 4736//2209
f 4902//2210 4914//2210 4903//2210
f 4920//2211 4910//2211 4909//2211
f 4919//2212 4734//2212 4920//2212
f 4916//2213 4732//2213 4917//2213
f 4923//2214 4927//2214 4736//2214
f 4913//2215 4730//2215 4914//2215
f 4920//2216 4735//2216 4921//2216
f 4732//2217 4918//2217 4917//2217
f 4914//2218 4924//2218 4915//2218
f 4921//2219 4926//2219 4922//2219
f 4925//2220 4919//2220 4918//2220
f 4915//2221 4731//2221 4916//2221
f 4922//2222 4927//2222 4923//2222
f 4728//2223 4729//2223 4913//2223
f 5127//2224 4947//2224 4936//2224
f 4929//2225 4938//2225 4930//2225
f 4934//2226 4945//2226 4935//2226
f 4932//2227 4942//2227 5125//2227
f 4930//812 4939//812 5124//812
f 4935//2228 4946//2228 5126//2228
f 5125//2229 4943//2229 4933//2229
f 4939//2230 4931//2230 5124//2230
f 5126//2231 4947//2231 5127//2231
f 4928//2232 4937//2232 4929//2232
f 4943//2233 4934//2233 4933//2233
f 4940//2234 4932//2234 4931//2234
f 4953//2235 4943//2235 4942//2235
f 4950//2236 4940//2236 4939//2236
f 4946//2237 4958//2237 4947//2237
f 4928//2238 4948//2238 4937//2238
f 4943//2239 4955//2239 4944//2239
f 4951//2240 4941//2240 4940//2240
f 4947//2241 4958//2241 4936//2241
f 4948//2242 4938//2242 4937//2242
f 4944//2243 4956//2243 4945//2243
f 4952//2244 4942//2244 4941//2244
f 4949//2245 4939//2245 4938//2245
f 4945//2246 4957//2246 4946//2246
f 4966//2247 4956//2247 4955//2247
f 4963//2248 4953//2248 4952//2248
f 4949//2249 4961//2249 4950//2249
f 4956//2250 4968//2250 4957//2250
f 4953//2251 4965//2251 4954//2251
f 4950//2252 4962//2252 4951//2252
f 4957//2253 4969//2253 4958//2253
f 4928//2254 4959//2254 4948//2254
f 4954//2255 4966//2255 4955//2255
f 4962//2256 4952//2256 4951//2256
f 4958//2257 4969//2257 4936//2257
f 4948//2258 4960//2258 4949//2258
f 4928//2259 4970//2259 4959//2259
f 4965//2260 4977//2260 4966//2260
f 4973//2261 4963//2261 4962//2261
f 4969//2262 4980//2262 4936//2262
f 4970//2263 4960//2263 4959//2263
f 4977//2264 4967//2264 4966//2264
f 4974//2265 4964//2265 4963//2265
f 4960//2266 4972//2266 4961//2266
f 4978//2267 4968//2267 4967//2267
f 4964//2268 4976//2268 4965//2268
f 4972//2269 4962//2269 4961//2269
f 4968//2270 4980//2270 4969//2270
f 4989//2271 4979//2271 4978//2271
f 4986//2272 4976//2272 4975//2272
f 4983//2273 4973//2273 4972//2273
f 4990//2274 4980//2274 4979//2274
f 4928//2275 4981//2275 4970//2275
f 4987//2276 4977//2276 4976//2276
f 4984//2277 4974//2277 4973//2277
f 4980//2278 4991//2278 4936//2278
f 4970//2279 4982//2279 4971//2279
f 4988//2280 4978//2280 4977//2280
f 4985//2281 4975//2281 4974//2281
f 4971//2282 4983//2282 4972//2282
f 4992//2283 4982//2283 4981//2283
f 4999//2284 4989//2284 4988//2284
f 4996//2285 4986//2285 4985//2285
f 4982//2286 4994//2286 4983//2286
f 4989//2287 5001//2287 4990//2287
f 4997//2288 4987//2288 4986//2288
f 4983//2289 4995//2289 4984//2289
f 5001//2290 4991//2290 4990//2290
f 4928//2291 4992//2291 4981//2291
f 4987//2292 4999//2292 4988//2292
f 4984//2293 4996//2293 4985//2293
f 4991//2294 5002//2294 4936//2294
f 5001//2295 5013//2295 5002//2295
f 4928//2296 5003//2296 4992//2296
f 5009//2297 4999//2297 4998//2297
f 5006//2298 4996//2298 4995//2298
f 5002//2299 5013//2299 4936//2299
f 5003//2300 4993//2300 4992//2300
f 4999//2301 5011//2301 5000//2301
f 5007//2302 4997//2302 4996//2302
f 5004//2303 4994//2303 4993//2303
f 5011//2304 5001//2304 5000//2304
f 4997//2305 5009//2305 4998//2305
f 5005//2306 4995//2306 4994//2306
f 5015//2307 5005//2307 5004//2307
f 5022//2308 5012//2308 5011//2308
f 5008//2309 5020//2309 5009//2309
f 5005//2310 5017//2310 5006//2310
f 5012//2311 5024//2311 5013//2311
f 4928//2312 5014//2312 5003//2312
f 5020//2313 5010//2313 5009//2313
f 5006//2314 5018//2314 5007//2314
f 5013//2315 5024//2315 4936//2315
f 5014//2316 5004//2316 5003//2316
f 5021//2317 5011//2317 5010//2317
f 5007//2318 5019//2318 5008//2318
f 5024//2319 5035//2319 4936//2319
f 5014//2320 5026//2320 5015//2320
f 5021//2321 5033//2321 5022//2321
f 5029//2322 5019//2322 5018//2322
f 5026//716 5016//716 5015//716
f 5022//2323 5034//2323 5023//2323
f 5019//2324 5031//2324 5020//2324
f 5016//2325 5028//2325 5017//2325
f 5034//2326 5024//2326 5023//2326
f 4928//2327 5025//2327 5014//2327
f 5031//2328 5021//2328 5020//2328
f 5017//2329 5029//2329 5018//2329
f 5038//2330 5028//2330 5027//2330
f 5034//2331 5046//2331 5035//2331
f 4928//2332 5036//2332 5025//2332
f 5042//2333 5032//2333 5031//2333
f 5039//2334 5029//2334 5028//2334
f 5035//2335 5046//2335 4936//2335
f 5036//2336 5026//2336 5025//2336
f 5032//2337 5044//2337 5033//2337
f 5040//2338 5030//2338 5029//2338
f 5037//2339 5027//2339 5026//2339
f 5033//2340 5045//2340 5034//2340
f 5030//2341 5042//2341 5031//2341
f 5037//2342 5049//2342 5038//2342
f 5055//2343 5045//2343 5044//2343
f 5052//2344 5042//2344 5041//2344
f 5049//2345 5039//2345 5038//2345
f 5045//2346 5057//2346 5046//2346
f 4928//2347 5047//2347 5036//2347
f 5053//2348 5043//2348 5042//2348
f 5050//2349 5040//2349 5039//2349
f 5046//2350 5057//2350 4936//2350
f 5036//2351 5048//2351 5037//2351
f 5054//2352 5044//2352 5043//2352
f 5051//2353 5041//2353 5040//2353
f 5061//2354 5051//2354 5050//2354
f 5057//2355 5068//2355 4936//2355
f 5047//2356 5059//2356 5048//2356
f 5065//2357 5055//2357 5054//2357
f 5051//2358 5063//2358 5052//2358
f 5059//2359 5049//2359 5048//2359
f 5066//2360 5056//2360 5055//2360
f 5052//2361 5064//2361 5053//2361
f 5060//2362 5050//2362 5049//2362
f 5067//2363 5057//2363 5056//2363
f 4928//2364 5058//2364 5047//2364
f 5053//2365 5065//2365 5054//2365
f 5071//2366 5061//2366 5060//2366
f 5067//2367 5079//2367 5068//2367
f 4928//2368 5069//2368 5058//2368
f 5075//2369 5065//2369 5064//2369
f 5072//2370 5062//2370 5061//2370
f 5068//2371 5079//2371 4936//2371
f 5069//2372 5059//2372 5058//2372
f 5076//2373 5066//2373 5065//2373
f 5073//2374 5063//2374 5062//2374
f 5070//2375 5060//2375 5059//2375
f 5077//2376 5067//2376 5066//2376
f 5074//2377 5064//2377 5063//2377
f 5084//2378 5074//2378 5073//2378
f 5070//2379 5082//2379 5071//2379
f 5088//2380 5078//2380 5077//2380
f 5085//2381 5075//2381 5074//2381
f 5071//2382 5083//2382 5072//2382
f 5089//2383 5079//2383 5078//2383
f 4928//2384 5080//2384 5069//2384
f 5086//2385 5076//2385 5075//2385
f 5083//2386 5073//2386 5072//2386
f 5079//2387 5090//2387 4936//2387
f 5080//2388 5070//2388 5069//2388
f 5076//2389 5088//2389 5077//2389
f 5094//2390 5084//2390 5083//2390
f 5090//2391 5101//2391 4936//2391
f 5091//2392 5081//2392 5080//2392
f 5087//2393 5099//2393 5088//2393
f 5084//2394 5096//2394 5085//2394
f 5092//2395 5082//2395 5081//2395
f 5099//2396 5089//2396 5088//2396
f 5085//2397 5097//2397 5086//2397
f 5093//2398 5083//2398 5082//2398
f 5089//2399 5101//2399 5090//2399
f 4928//2400 5091//2400 5080//2400
f 5097//2401 5087//2401 5086//2401
f 5096//2402 5108//2402 5097//2402
f 5093//2403 5105//2403 5094//2403
f 5111//2404 5101//2404 5100//2404
f 4928//2405 5102//2405 5091//2405
f 5108//2406 5098//2406 5097//2406
f 5105//2407 5095//2407 5094//2407
f 5101//2408 5112//2408 4936//2408
f 5091//2409 5103//2409 5092//2409
f 5098//2410 5110//2410 5099//2410
f 5106//2411 5096//2411 5095//2411
f 5103//2412 5093//2412 5092//2412
f 5110//2413 5100//2413 5099//2413
f 5117//2414 5107//2414 5106//2414
f 5114//2415 5104//2415 5103//2415
f 5110//2416 5122//2416 5111//2416
f 5107//2417 5119//2417 5108//2417
f 5104//2418 5116//2418 5105//2418
f 5111//2419 5123//2419 5112//2419
f 4928//2420 5113//2420 5102//2420
f 5119//2421 5109//2421 5108//2421
f 5116//2422 5106//2422 5105//2422
f 5112//2423 5123//2423 4936//2423
f 5113//2424 5103//2424 5102//2424
f 5109//2425 5121//2425 5110//2425
f 4933//2426 5120//2426 5119//2426
f 4931//2427 5117//2427 5116//2427
f 5123//2428 5127//2428 4936//2428
f 5113//2429 4930//2429 5114//2429
f 5120//2430 4935//2430 5121//2430
f 4932//2431 5118//2431 5117//2431
f 5114//2432 5124//2432 5115//2432
f 4935//2433 5122//2433 5121//2433
f 5118//2434 4933//2434 5119//2434
f 5124//2435 5116//2435 5115//2435
f 5126//2436 5123//2436 5122//2436
f 4928//2437 4929//2437 5113//2437
f 5327//2438 5147//2438 5136//2438
f 5137//2439 5130//2439 5129//2439
f 5144//2440 5135//2440 5134//2440
f 5132//2441 5142//2441 5325//2441
f 5138//2442 5324//2442 5130//2442
f 5145//2443 5326//2443 5135//2443
f 5142//2444 5133//2444 5325//2444
f 5324//2445 5140//2445 5131//2445
f 5146//2446 5327//2446 5326//2446
f 5128//2447 5137//2447 5129//2447
f 5143//2448 5134//2448 5133//2448
f 5131//2449 5141//2449 5132//2449
f 5142//2450 5154//2450 5143//2450
f 5139//2451 5151//2451 5140//2451
f 5146//2452 5158//2452 5147//2452
f 5128//2453 5148//2453 5137//2453
f 5154//2454 5144//2454 5143//2454
f 5151//2455 5141//2455 5140//2455
f 5147//2456 5158//2456 5136//2456
f 5137//2457 5149//2457 5138//2457
f 5155//2458 5145//2458 5144//2458
f 5152//2459 5142//2459 5141//2459
f 5149//2460 5139//2460 5138//2460
f 5156//2461 5146//2461 5145//2461
f 5155//2462 5167//2462 5156//2462
f 5152//2463 5164//2463 5153//2463
f 5160//2464 5150//2464 5149//2464
f 5167//2465 5157//2465 5156//2465
f 5164//2466 5154//2466 5153//2466
f 5161//2467 5151//2467 5150//2467
f 5157//2468 5169//2468 5158//2468
f 5128//2469 5159//2469 5148//2469
f 5165//2470 5155//2470 5154//2470
f 5162//2471 5152//2471 5151//2471
f 5158//2472 5169//2472 5136//2472
f 5148//2473 5160//2473 5149//2473
f 5128//2474 5170//2474 5159//2474
f 5165//2475 5177//2475 5166//2475
f 5162//2476 5174//2476 5163//2476
f 5169//2477 5180//2477 5136//2477
f 5159//2478 5171//2478 5160//2478
f 5177//2479 5167//2479 5166//2479
f 5163//2480 5175//2480 5164//2480
f 5171//2481 5161//2481 5160//2481
f 5178//2482 5168//2482 5167//2482
f 5175//2483 5165//2483 5164//2483
f 5161//2484 5173//2484 5162//2484
f 5179//2485 5169//2485 5168//2485
f 5178//2486 5190//2486 5179//2486
f 5186//2487 5176//2487 5175//2487
f 5183//2488 5173//2488 5172//2488
f 5179//2489 5191//2489 5180//2489
f 5128//2490 5181//2490 5170//2490
f 5176//2491 5188//2491 5177//2491
f 5173//2492 5185//2492 5174//2492
f 5180//2493 5191//2493 5136//2493
f 5170//2494 5182//2494 5171//2494
f 5177//2495 5189//2495 5178//2495
f 5174//2496 5186//2496 5175//2496
f 5171//2497 5183//2497 5172//2497
f 5181//2498 5193//2498 5182//2498
f 5188//2499 5200//2499 5189//2499
f 5196//2500 5186//2500 5185//2500
f 5182//2501 5194//2501 5183//2501
f 5189//2502 5201//2502 5190//2502
f 5186//2503 5198//2503 5187//2503
f 5194//2504 5184//2504 5183//2504
f 5190//2505 5202//2505 5191//2505
f 5128//2506 5192//2506 5181//2506
f 5198//2507 5188//2507 5187//2507
f 5195//2508 5185//2508 5184//2508
f 5191//2509 5202//2509 5136//2509
f 5212//2510 5202//2510 5201//2510
f 5128//2511 5203//2511 5192//2511
f 5209//2512 5199//2512 5198//2512
f 5206//2513 5196//2513 5195//2513
f 5202//2514 5213//2514 5136//2514
f 5192//2515 5204//2515 5193//2515
f 5210//2516 5200//2516 5199//2516
f 5196//2517 5208//2517 5197//2517
f 5204//2518 5194//2518 5193//2518
f 5200//2519 5212//2519 5201//2519
f 5197//2520 5209//2520 5198//2520
f 5194//2521 5206//2521 5195//2521
f 5204//2522 5216//2522 5205//2522
f 5211//2523 5223//2523 5212//2523
f 5208//2524 5220//2524 5209//2524
f 5216//2525 5206//2525 5205//2525
f 5223//2526 5213//2526 5212//2526
f 5128//2527 5214//2527 5203//2527
f 5209//2528 5221//2528 5210//2528
f 5217//2529 5207//2529 5206//2529
f 5213//2530 5224//2530 5136//2530
f 5214//2531 5204//2531 5203//2531
f 5210//2532 5222//2532 5211//2532
f 5207//2533 5219//2533 5208//2533
f 5224//2534 5235//2534 5136//2534
f 5214//2535 5226//2535 5215//2535
f 5221//2536 5233//2536 5222//2536
f 5229//2537 5219//2537 5218//2537
f 5215//2538 5227//2538 5216//2538
f 5233//2539 5223//2539 5222//2539
f 5219//2540 5231//2540 5220//2540
f 5227//2541 5217//2541 5216//2541
f 5223//2542 5235//2542 5224//2542
f 5128//2543 5225//2543 5214//2543
f 5231//2544 5221//2544 5220//2544
f 5228//2545 5218//2545 5217//2545
f 5238//2546 5228//2546 5227//2546
f 5245//2547 5235//2547 5234//2547
f 5128//2548 5236//2548 5225//2548
f 5242//2549 5232//2549 5231//2549
f 5239//2550 5229//2550 5228//2550
f 5235//2551 5246//2551 5136//2551
f 5236//2552 5226//2552 5225//2552
f 5232//2553 5244//2553 5233//2553
f 5240//2554 5230//2554 5229//2554
f 5237//2555 5227//2555 5226//2555
f 5244//2556 5234//2556 5233//2556
f 5241//2557 5231//2557 5230//2557
f 5237//2558 5249//2558 5238//2558
f 5244//2559 5256//2559 5245//2559
f 5252//2560 5242//2560 5241//2560
f 5249//2561 5239//2561 5238//2561
f 5245//2562 5257//2562 5246//2562
f 5128//2563 5247//2563 5236//2563
f 5242//2564 5254//2564 5243//2564
f 5250//2565 5240//2565 5239//2565
f 5246//2566 5257//2566 5136//2566
f 5236//2567 5248//2567 5237//2567
f 5243//2568 5255//2568 5244//2568
f 5251//2569 5241//2569 5240//2569
f 5261//2570 5251//2570 5250//2570
f 5257//2571 5268//2571 5136//2571
f 5247//2572 5259//2572 5248//2572
f 5254//2573 5266//2573 5255//2573
f 5262//2574 5252//2574 5251//2574
f 5259//2575 5249//2575 5248//2575
f 5266//2576 5256//2576 5255//2576
f 5263//2577 5253//2577 5252//2577
f 5260//2578 5250//2578 5249//2578
f 5256//2579 5268//2579 5257//2579
f 5128//2580 5258//2580 5247//2580
f 5253//2581 5265//2581 5254//2581
f 5260//2582 5272//2582 5261//2582
f 5278//2583 5268//2583 5267//2583
f 5128//2584 5269//2584 5258//2584
f 5275//2585 5265//2585 5264//2585
f 5272//2586 5262//2586 5261//2586
f 5268//2587 5279//2587 5136//2587
f 5269//2588 5259//2588 5258//2588
f 5265//2589 5277//2589 5266//2589
f 5262//2590 5274//2590 5263//2590
f 5270//2591 5260//2591 5259//2591
f 5277//2592 5267//2592 5266//2592
f 5274//2593 5264//2593 5263//2593
f 5273//2594 5285//2594 5274//2594
f 5270//2595 5282//2595 5271//2595
f 5288//2596 5278//2596 5277//2596
f 5285//2597 5275//2597 5274//2597
f 5271//2598 5283//2598 5272//2598
f 5289//2599 5279//2599 5278//2599
f 5128//2600 5280//2600 5269//2600
f 5286//2601 5276//2601 5275//2601
f 5283//2602 5273//2602 5272//2602
f 5279//2603 5290//2603 5136//2603
f 5280//2604 5270//2604 5269//2604
f 5276//2605 5288//2605 5277//2605
f 5283//2606 5295//2606 5284//2606
f 5290//2607 5301//2607 5136//2607
f 5280//2608 5292//2608 5281//2608
f 5287//2609 5299//2609 5288//2609
f 5284//2610 5296//2610 5285//2610
f 5292//2611 5282//2611 5281//2611
f 5288//2612 5300//2612 5289//2612
f 5285//2613 5297//2613 5286//2613
f 5293//2614 5283//2614 5282//2614
f 5289//2615 5301//2615 5290//2615
f 5128//2616 5291//2616 5280//2616
f 5297//2617 5287//2617 5286//2617
f 5307//2618 5297//2618 5296//2618
f 5304//2619 5294//2619 5293//2619
f 5311//2620 5301//2620 5300//2620
f 5128//2621 5302//2621 5291//2621
f 5297//2622 5309//2622 5298//2622
f 5294//2623 5306//2623 5295//2623
f 5301//2624 5312//2624 5136//2624
f 5291//2625 5303//2625 5292//2625
f 5309//2626 5299//2626 5298//2626
f 5306//2627 5296//2627 5295//2627
f 5303//2628 5293//2628 5292//2628
f 5299//2629 5311//2629 5300//2629
f 5306//2630 5318//2630 5307//2630
f 5314//2631 5304//2631 5303//2631
f 5310//2632 5322//2632 5311//2632
f 5318//2633 5308//2633 5307//2633
f 5315//2634 5305//2634 5304//2634
f 5311//2635 5323//2635 5312//2635
f 5128//2636 5313//2636 5302//2636
f 5308//2637 5320//2637 5309//2637
f 5316//2638 5306//2638 5305//2638
f 5312//2639 5323//2639 5136//2639
f 5302//2640 5314//2640 5303//2640
f 5309//2641 5321//2641 5310//2641
f 5319//2642 5134//2642 5320//2642
f 5131//2643 5317//2643 5316//2643
f 5323//2644 5327//2644 5136//2644
f 5313//2645 5130//2645 5314//2645
f 5320//2646 5135//2646 5321//2646
f 5132//2647 5318//2647 5317//2647
f 5130//2648 5315//2648 5314//2648
f 5135//2649 5322//2649 5321//2649
f 5318//2650 5133//2650 5319//2650
f 5324//2651 5316//2651 5315//2651
f 5322//2652 5327//2652 5323//2652
f 5128//2653 5129//2653 5313//2653
f 5527//2654 5347//2654 5336//2654
f 5329//2655 5338//2655 5330//2655
f 5344//2656 5335//2656 5334//2656
f 5332//2657 5342//2657 5525//2657
f 5330//2658 5339//2658 5524//2658
f 5335//2659 5346//2659 5526//2659
f 5342//2660 5333//2660 5525//2660
f 5339//2661 5331//2661 5524//2661
f 5346//2662 5527//2662 5526//2662
f 5328//2663 5337//2663 5329//2663
f 5333//2664 5344//2664 5334//2664
f 5340//2665 5332//2665 5331//2665
f 5353//2666 5343//2666 5342//2666
f 5350//2667 5340//2667 5339//2667
f 5357//2668 5347//2668 5346//2668
f 5328//2669 5348//2669 5337//2669
f 5354//2670 5344//2670 5343//2670
f 5340//2671 5352//2671 5341//2671
f 5347//2672 5358//2672 5336//2672
f 5348//2673 5338//2673 5337//2673
f 5344//2674 5356//2674 5345//2674
f 5341//2675 5353//2675 5342//2675
f 5349//2676 5339//2676 5338//2676
f 5356//2677 5346//2677 5345//2677
f 5355//2678 5367//2678 5356//2678
f 5363//2679 5353//2679 5352//2679
f 5349//2680 5361//2680 5350//2680
f 5356//2681 5368//2681 5357//2681
f 5364//2682 5354//2682 5353//2682
f 5361//2683 5351//2683 5350//2683
f 5357//2684 5369//2684 5358//2684
f 5328//2685 5359//2685 5348//2685
f 5354//2686 5366//2686 5355//2686
f 5362//2687 5352//2687 5351//2687
f 5358//2688 5369//2688 5336//2688
f 5359//2689 5349//2689 5348//2689
f 5328//2690 5370//2690 5359//2690
f 5365//2691 5377//2691 5366//2691
f 5362//2692 5374//2692 5363//2692
f 5369//2693 5380//2693 5336//2693
f 5370//2694 5360//2694 5359//2694
f 5366//2695 5378//2695 5367//2695
f 5374//2696 5364//2696 5363//2696
f 5371//2697 5361//2697 5360//2697
f 5378//2698 5368//2698 5367//2698
f 5364//2699 5376//2699 5365//2699
f 5361//2700 5373//2700 5362//2700
f 5368//2701 5380//2701 5369//2701
f 5378//2702 5390//2702 5379//2702
f 5375//2703 5387//2703 5376//2703
f 5372//2704 5384//2704 5373//2704
f 5390//2705 5380//2705 5379//2705
f 5328//2706 5381//2706 5370//2706
f 5376//2707 5388//2707 5377//2707
f 5384//2708 5374//2708 5373//2708
f 5380//2709 5391//2709 5336//2709
f 5381//2710 5371//2710 5370//2710
f 5388//2711 5378//2711 5377//2711
f 5385//2712 5375//2712 5374//2712
f 5382//2713 5372//2713 5371//2713
f 5381//2714 5393//2714 5382//2714
f 5399//2715 5389//2715 5388//2715
f 5385//2716 5397//2716 5386//2716
f 5393//2717 5383//2717 5382//2717
f 5389//2718 5401//2718 5390//2718
f 5386//2719 5398//2719 5387//2719
f 5394//2720 5384//2720 5383//2720
f 5390//2721 5402//2721 5391//2721
f 5328//2722 5392//2722 5381//2722
f 5398//2723 5388//2723 5387//2723
f 5384//2724 5396//2724 5385//2724
f 5391//2725 5402//2725 5336//2725
f 5401//2726 5413//2726 5402//2726
f 5328//2727 5403//2727 5392//2727
f 5409//2728 5399//2728 5398//2728
f 5406//2729 5396//2729 5395//2729
f 5402//2730 5413//2730 5336//2730
f 5403//2731 5393//2731 5392//2731
f 5410//2732 5400//2732 5399//2732
f 5396//2733 5408//2733 5397//2733
f 5404//2734 5394//2734 5393//2734
f 5411//2735 5401//2735 5400//2735
f 5408//2736 5398//2736 5397//2736
f 5405//2737 5395//2737 5394//2737
f 5404//2738 5416//2738 5405//2738
f 5411//2739 5423//2739 5412//2739
f 5408//2740 5420//2740 5409//2740
f 5405//2741 5417//2741 5406//2741
f 5423//2742 5413//2742 5412//2742
f 5328//2743 5414//2743 5403//2743
f 5420//2744 5410//2744 5409//2744
f 5406//2745 5418//2745 5407//2745
f 5413//2746 5424//2746 5336//2746
f 5403//2747 5415//2747 5404//2747
f 5410//2748 5422//2748 5411//2748
f 5418//2749 5408//2749 5407//2749
f 5424//2750 5435//2750 5336//2750
f 5414//2751 5426//2751 5415//2751
f 5421//2752 5433//2752 5422//2752
f 5429//2753 5419//2753 5418//2753
f 5426//2754 5416//2754 5415//2754
f 5422//2755 5434//2755 5423//2755
f 5419//2756 5431//2756 5420//2756
f 5427//2757 5417//2757 5416//2757
f 5434//2758 5424//2758 5423//2758
f 5328//2759 5425//2759 5414//2759
f 5420//2760 5432//2760 5421//2760
f 5417//2761 5429//2761 5418//2761
f 5438//2762 5428//2762 5427//2762
f 5434//2763 5446//2763 5435//2763
f 5328//2764 5436//2764 5425//2764
f 5431//2765 5443//2765 5432//2765
f 5428//2766 5440//2766 5429//2766
f 5435//2767 5446//2767 5336//2767
f 5436//2768 5426//2768 5425//2768
f 5443//2769 5433//2769 5432//2769
f 5429//2770 5441//2770 5430//2770
f 5437//2771 5427//2771 5426//2771
f 5433//2772 5445//2772 5434//2772
f 5441//2773 5431//2773 5430//2773
f 5437//2774 5449//2774 5438//2774
f 5444//2775 5456//2775 5445//2775
f 5452//2776 5442//2776 5441//2776
f 5438//2777 5450//2777 5439//2777
f 5445//2778 5457//2778 5446//2778
f 5328//2779 5447//2779 5436//2779
f 5453//2780 5443//2780 5442//2780
f 5450//2781 5440//2781 5439//2781
f 5446//2782 5457//2782 5336//2782
f 5447//2783 5437//2783 5436//2783
f 5443//2784 5455//2784 5444//2784
f 5440//2785 5452//2785 5441//2785
f 5450//2786 5462//2786 5451//2786
f 5457//2787 5468//2787 5336//2787
f 5447//2788 5459//2788 5448//2788
f 5465//2789 5455//2789 5454//2789
f 5451//2790 5463//2790 5452//2790
f 5459//2791 5449//2791 5448//2791
f 5466//2792 5456//2792 5455//2792
f 5463//2793 5453//2793 5452//2793
f 5449//2794 5461//2794 5450//2794
f 5467//2795 5457//2795 5456//2795
f 5328//2796 5458//2796 5447//2796
f 5464//2797 5454//2797 5453//2797
f 5471//2798 5461//2798 5460//2798
f 5478//2799 5468//2799 5467//2799
f 5328//2800 5469//2800 5458//2800
f 5464//2801 5476//2801 5465//2801
f 5472//2802 5462//2802 5461//2802
f 5468//2803 5479//2803 5336//2803
f 5458//2804 5470//2804 5459//2804
f 5465//2805 5477//2805 5466//2805
f 5473//2806 5463//2806 5462//2806
f 5470//2807 5460//2807 5459//2807
f 5477//2808 5467//2808 5466//2808
f 5474//2809 5464//2809 5463//2809
f 5473//2810 5485//2810 5474//2810
f 5470//2811 5482//2811 5471//2811
f 5488//2812 5478//2812 5477//2812
f 5485//2813 5475//2813 5474//2813
f 5482//2814 5472//2814 5471//2814
f 5478//2815 5490//2815 5479//2815
f 5328//2816 5480//2816 5469//2816
f 5486//2817 5476//2817 5475//2817
f 5472//2818 5484//2818 5473//2818
f 5479//2819 5490//2819 5336//2819
f 5480//2820 5470//2820 5469//2820
f 5487//2821 5477//2821 5476//2821
f 5483//2822 5495//2822 5484//2822
f 5490//2823 5501//2823 5336//2823
f 5491//2824 5481//2824 5480//2824
f 5487//2825 5499//2825 5488//2825
f 5484//2826 5496//2826 5485//2826
f 5481//2827 5493//2827 5482//2827
f 5499//2828 5489//2828 5488//2828
f 5485//2829 5497//2829 5486//2829
f 5493//2830 5483//2830 5482//2830
f 5500//2831 5490//2831 5489//2831
f 5328//2832 5491//2832 5480//2832
f 5486//2833 5498//2833 5487//2833
f 5496//2834 5508//2834 5497//2834
f 5504//2835 5494//2835 5493//2835
f 5511//2836 5501//2836 5500//2836
f 5328//2837 5502//2837 5491//2837
f 5508//2838 5498//2838 5497//2838
f 5505//2839 5495//2839 5494//2839
f 5501//2840 5512//2840 5336//2840
f 5491//2841 5503//2841 5492//2841
f 5498//2842 5510//2842 5499//2842
f 5506//2843 5496//2843 5495//2843
f 5503//2844 5493//2844 5492//2844
f 5499//2845 5511//2845 5500//2845
f 5517//2846 5507//2846 5506//2846
f 5514//2847 5504//2847 5503//2847
f 5521//2848 5511//2848 5510//2848
f 5518//2849 5508//2849 5507//2849
f 5515//2850 5505//2850 5504//2850
f 5511//2851 5523//2851 5512//2851
f 5328//2852 5513//2852 5502//2852
f 5519//2853 5509//2853 5508//2853
f 5505//2854 5517//2854 5506//2854
f 5512//2855 5523//2855 5336//2855
f 5513//2856 5503//2856 5502//2856
f 5520//2857 5510//2857 5509//2857
f 5519//2858 5334//2858 5520//2858
f 5331//2859 5517//2859 5516//2859
f 5523//2860 5527//2860 5336//2860
f 5513//2861 5330//2861 5514//2861
f 5520//2862 5335//2862 5521//2862
f 5517//2863 5525//2863 5518//2863
f 5330//2864 5515//2864 5514//2864
f 5521//2865 5526//2865 5522//2865
f 5518//2866 5333//2866 5519//2866
f 5515//2867 5331//2867 5516//2867
f 5526//2868 5523//2868 5522//2868
f 5328//2869 5329//2869 5513//2869
f 5727//2870 5547//2870 5536//2870
f 5537//2871 5530//2871 5529//2871
f 5534//2872 5545//2872 5535//2872
f 5532//2873 5542//2873 5725//2873
f 5538//2874 5724//2874 5530//2874
f 5535//2875 5546//2875 5726//2875
f 5542//2876 5533//2876 5725//2876
f 5539//2877 5531//2877 5724//2877
f 5546//2878 5727//2878 5726//2878
f 5528//2879 5537//2879 5529//2879
f 5543//2880 5534//2880 5533//2880
f 5540//2881 5532//2881 5531//2881
f 5553//2882 5543//2882 5542//2882
f 5550//2883 5540//2883 5539//2883
f 5546//2884 5558//2884 5547//2884
f 5528//2885 5548//2885 5537//2885
f 5543//2886 5555//2886 5544//2886
f 5540//2887 5552//2887 5541//2887
f 5547//2888 5558//2888 5536//2888
f 5548//2889 5538//2889 5537//2889
f 5544//2890 5556//2890 5545//2890
f 5552//2891 5542//2891 5541//2891
f 5538//2892 5550//2892 5539//2892
f 5545//2893 5557//2893 5546//2893
f 5566//2894 5556//2894 5555//2894
f 5563//2895 5553//2895 5552//2895
f 5560//2896 5550//2896 5549//2896
f 5556//2897 5568//2897 5557//2897
f 5553//2898 5565//2898 5554//2898
f 5550//2899 5562//2899 5551//2899
f 5568//2900 5558//2900 5557//2900
f 5528//2901 5559//2901 5548//2901
f 5554//2902 5566//2902 5555//2902
f 5551//2903 5563//2903 5552//2903
f 5558//2904 5569//2904 5536//2904
f 5559//2905 5549//2905 5548//2905
f 5528//2906 5570//2906 5559//2906
f 5565//2907 5577//2907 5566//2907
f 5573//2908 5563//2908 5562//2908
f 5569//2909 5580//2909 5536//2909
f 5570//2910 5560//2910 5559//2910
f 5566//2911 5578//2911 5567//2911
f 5563//2912 5575//2912 5564//2912
f 5560//2913 5572//2913 5561//2913
f 5578//2914 5568//2914 5567//2914
f 5564//2915 5576//2915 5565//2915
f 5572//2916 5562//2916 5561//2916
f 5579//2917 5569//2917 5568//2917
f 5589//2918 5579//2918 5578//2918
f 5575//2919 5587//2919 5576//2919
f 5583//2920 5573//2920 5572//2920
f 5590//2921 5580//2921 5579//2921
f 5528//2922 5581//2922 5570//2922
f 5587//2923 5577//2923 5576//2923
f 5573//2924 5585//2924 5574//2924
f 5580//2925 5591//2925 5536//2925
f 5570//2926 5582//2926 5571//2926
f 5588//2927 5578//2927 5577//2927
f 5574//2928 5586//2928 5575//2928
f 5582//2929 5572//2929 5571//2929
f 5581//2930 5593//2930 5582//2930
f 5588//2931 5600//2931 5589//2931
f 5585//2932 5597//2932 5586//2932
f 5593//2933 5583//2933 5582//2933
f 5589//2934 5601//2934 5590//2934
f 5597//2935 5587//2935 5586//2935
f 5594//2936 5584//2936 5583//2936
f 5590//2937 5602//2937 5591//2937
f 5528//2938 5592//2938 5581//2938
f 5598//2939 5588//2939 5587//2939
f 5595//2940 5585//2940 5584//2940
f 5591//2941 5602//2941 5536//2941
f 5612//2942 5602//2942 5601//2942
f 5528//2943 5603//2943 5592//2943
f 5609//2944 5599//2944 5598//2944
f 5595//2945 5607//2945 5596//2945
f 5602//2946 5613//2946 5536//2946
f 5603//2947 5593//2947 5592//2947
f 5599//2948 5611//2948 5600//2948
f 5607//2949 5597//2949 5596//2949
f 5593//2950 5605//2950 5594//2950
f 5600//2951 5612//2951 5601//2951
f 5608//2952 5598//2952 5597//2952
f 5605//2953 5595//2953 5594//2953
f 5615//2954 5605//2954 5604//2954
f 5611//2955 5623//2955 5612//2955
f 5608//2956 5620//2956 5609//2956
f 5605//2957 5617//2957 5606//2957
f 5623//2958 5613//2958 5612//2958
f 5528//2959 5614//2959 5603//2959
f 5620//2960 5610//2960 5609//2960
f 5617//2961 5607//2961 5606//2961
f 5613//2962 5624//2962 5536//2962
f 5603//2963 5615//2963 5604//2963
f 5621//2964 5611//2964 5610//2964
f 5618//2965 5608//2965 5607//2965
f 5624//2966 5635//2966 5536//2966
f 5614//2967 5626//2967 5615//2967
f 5632//2968 5622//2968 5621//2968
f 5629//2969 5619//2969 5618//2969
f 5626//2970 5616//2970 5615//2970
f 5622//2971 5634//2971 5623//2971
f 5619//2972 5631//2972 5620//2972
f 5627//2973 5617//2973 5616//2973
f 5623//2974 5635//2974 5624//2974
f 5528//2975 5625//2975 5614//2975
f 5620//2976 5632//2976 5621//2976
f 5617//2977 5629//2977 5618//2977
f 5638//2978 5628//2978 5627//2978
f 5645//2979 5635//2979 5634//2979
f 5528//2980 5636//2980 5625//2980
f 5631//2981 5643//2981 5632//2981
f 5639//2982 5629//2982 5628//2982
f 5635//2983 5646//2983 5536//2983
f 5636//2984 5626//2984 5625//2984
f 5643//2985 5633//2985 5632//2985
f 5640//2986 5630//2986 5629//2986
f 5637//2987 5627//2987 5626//2987
f 5633//2988 5645//2988 5634//2988
f 5630//2989 5642//2989 5631//2989
f 5648//2990 5638//2990 5637//2990
f 5644//2991 5656//2991 5645//2991
f 5652//2992 5642//2992 5641//2992
f 5638//2993 5650//2993 5639//2993
f 5656//2994 5646//2994 5645//2994
f 5528//2995 5647//2995 5636//2995
f 5653//2996 5643//2996 5642//2996
f 5650//2997 5640//2997 5639//2997
f 5646//2998 5657//2998 5536//2998
f 5647//2999 5637//2999 5636//2999
f 5654//3000 5644//3000 5643//3000
f 5640//3001 5652//3001 5641//3001
f 5661//3002 5651//3002 5650//3002
f 5657//3003 5668//3003 5536//3003
f 5658//3004 5648//3004 5647//3004
f 5654//3005 5666//3005 5655//3005
f 5662//3006 5652//3006 5651//3006
f 5659//3007 5649//3007 5648//3007
f 5666//3008 5656//3008 5655//3008
f 5652//3009 5664//3009 5653//3009
f 5660//3010 5650//3010 5649//3010
f 5667//3011 5657//3011 5656//3011
f 5528//3012 5658//3012 5647//3012
f 5653//3013 5665//3013 5654//3013
f 5671//3014 5661//3014 5660//3014
f 5667//3015 5679//3015 5668//3015
f 5528//3016 5669//3016 5658//3016
f 5675//3017 5665//3017 5664//3017
f 5661//3018 5673//3018 5662//3018
f 5668//3019 5679//3019 5536//3019
f 5669//3020 5659//3020 5658//3020
f 5676//3021 5666//3021 5665//3021
f 5662//3022 5674//3022 5663//3022
f 5670//3023 5660//3023 5659//3023
f 5677//3024 5667//3024 5666//3024
f 5674//3025 5664//3025 5663//3025
f 5684//3026 5674//3026 5673//3026
f 5681//3027 5671//3027 5670//3027
f 5688//3028 5678//3028 5677//3028
f 5685//3029 5675//3029 5674//3029
f 5671//3030 5683//3030 5672//3030
f 5678//3031 5690//3031 5679//3031
f 5528//3032 5680//3032 5669//3032
f 5686//3033 5676//3033 5675//3033
f 5683//3034 5673//3034 5672//3034
f 5679//3035 5690//3035 5536//3035
f 5680//3036 5670//3036 5669//3036
f 5676//3037 5688//3037 5677//3037
f 5694//3038 5684//3038 5683//3038
f 5690//3039 5701//3039 5536//3039
f 5680//3040 5692//3040 5681//3040
f 5687//3041 5699//3041 5688//3041
f 5695//3042 5685//3042 5684//3042
f 5692//3043 5682//3043 5681//3043
f 5699//3044 5689//3044 5688//3044
f 5685//3045 5697//3045 5686//3045
f 5693//3046 5683//3046 5682//3046
f 5689//3047 5701//3047 5690//3047
f 5528//3048 5691//3048 5680//3048
f 5697//3049 5687//3049 5686//3049
f 5696//3050 5708//3050 5697//3050
f 5704//3051 5694//3051 5693//3051
f 5700//3052 5712//3052 5701//3052
f 5528//3053 5702//3053 5691//3053
f 5708//3054 5698//3054 5697//3054
f 5694//3055 5706//3055 5695//3055
f 5701//3056 5712//3056 5536//3056
f 5702//3057 5692//3057 5691//3057
f 5698//3058 5710//3058 5699//3058
f 5706//3059 5696//3059 5695//3059
f 5703//3060 5693//3060 5692//3060
f 5710//3061 5700//3061 5699//3061
f 5717//3062 5707//3062 5706//3062
f 5703//3063 5715//3063 5704//3063
f 5721//3064 5711//3064 5710//3064
f 5707//3065 5719//3065 5708//3065
f 5704//3066 5716//3066 5705//3066
f 5722//3067 5712//3067 5711//3067
f 5528//3068 5713//3068 5702//3068
f 5719//3069 5709//3069 5708//3069
f 5716//3070 5706//3070 5705//3070
f 5712//3071 5723//3071 5536//3071
f 5702//3072 5714//3072 5703//3072
f 5709//3073 5721//3073 5710//3073
f 5533//3074 5720//3074 5719//3074
f 5531//3075 5717//3075 5716//3075
f 5723//3076 5727//3076 5536//3076
f 5713//3077 5530//3077 5714//3077
f 5720//3078 5535//3078 5721//3078
f 5532//3079 5718//3079 5717//3079
f 5530//3080 5715//3080 5714//3080
f 5721//3081 5726//3081 5722//3081
f 5725//3082 5719//3082 5718//3082
f 5724//3083 5716//3083 5715//3083
f 5726//3084 5723//3084 5722//3084
f 5528//3085 5529//3085 5713//3085
f 5927//3086 5747//3086 5736//3086
f 5729//3087 5738//3087 5730//3087
f 5734//3088 5745//3088 5735//3088
f 5732//3089 5742//3089 5925//3089
f 5738//3090 5924//3090 5730//3090
f 5745//3091 5926//3091 5735//3091
f 5742//3092 5733//3092 5925//3092
f 5739//3093 5731//3093 5924//3093
f 5926//3094 5747//3094 5927//3094
f 5728//3095 5737//3095 5729//3095
f 5743//3096 5734//3096 5733//3096
f 5740//3097 5732//3097 5731//3097
f 5742//3098 5754//3098 5743//3098
f 5750//3099 5740//3099 5739//3099
f 5746//3100 5758//3100 5747//3100
f 5728//3101 5748//3101 5737//3101
f 5743//3102 5755//3102 5744//3102
f 5740//3103 5752//3103 5741//3103
f 5747//3104 5758//3104 5736//3104
f 5737//3105 5749//3105 5738//3105
f 5744//3106 5756//3106 5745//3106
f 5752//3107 5742//3107 5741//3107
f 5738//3108 5750//3108 5739//3108
f 5745//3109 5757//3109 5746//3109
f 5755//3110 5767//3110 5756//3110
f 5763//3111 5753//3111 5752//3111
f 5760//3112 5750//3112 5749//3112
f 5767//3113 5757//3113 5756//3113
f 5753//3114 5765//3114 5754//3114
f 5750//3115 5762//3115 5751//3115
f 5768//3116 5758//3116 5757//3116
f 5728//3117 5759//3117 5748//3117
f 5765//3118 5755//3118 5754//3118
f 5762//3119 5752//3119 5751//3119
f 5758//3120 5769//3120 5736//3120
f 5759//3121 5749//3121 5748//3121
f 5728//3122 5770//3122 5759//3122
f 5765//3123 5777//3123 5766//3123
f 5773//3124 5763//3124 5762//3124
f 5769//3125 5780//3125 5736//3125
f 5770//3126 5760//3126 5759//3126
f 5766//3127 5778//3127 5767//3127
f 5774//3128 5764//3128 5763//3128
f 5771//3129 5761//3129 5760//3129
f 5778//3130 5768//3130 5767//3130
f 5775//3131 5765//3131 5764//3131
f 5772//3132 5762//3132 5761//3132
f 5779//3133 5769//3133 5768//3133
f 5778//3134 5790//3134 5779//3134
f 5786//3135 5776//3135 5775//3135
f 5772//3136 5784//3136 5773//3136
f 5779//3137 5791//3137 5780//3137
f 5728//3138 5781//3138 5770//3138
f 5787//3139 5777//3139 5776//3139
f 5773//3140 5785//3140 5774//3140
f 5780//3141 5791//3141 5736//3141
f 5781//3142 5771//3142 5770//3142
f 5777//3143 5789//3143 5778//3143
f 5774//3144 5786//3144 5775//3144
f 5782//3145 5772//3145 5771//3145
f 5781//3146 5793//3146 5782//3146
f 5799//3147 5789//3147 5788//3147
f 5785//3148 5797//3148 5786//3148
f 5782//3149 5794//3149 5783//3149
f 5800//3150 5790//3150 5789//3150
f 5786//3151 5798//3151 5787//3151
f 5794//3152 5784//3152 5783//3152
f 5801//3153 5791//3153 5790//3153
f 5728//3154 5792//3154 5781//3154
f 5787//3155 5799//3155 5788//3155
f 5795//3156 5785//3156 5784//3156
f 5791//3157 5802//3157 5736//3157
f 5801//3158 5813//3158 5802//3158
f 5728//3159 5803//3159 5792//3159
f 5809//3160 5799//3160 5798//3160
f 5806//3161 5796//3161 5795//3161
f 5802//3162 5813//3162 5736//3162
f 5792//3163 5804//3163 5793//3163
f 5799//3164 5811//3164 5800//3164
f 5796//3165 5808//3165 5797//3165
f 5804//3166 5794//3166 5793//3166
f 5800//3167 5812//3167 5801//3167
f 5797//3168 5809//3168 5798//3168
f 5805//3169 5795//3169 5794//3169
f 5804//3170 5816//3170 5805//3170
f 5822//3171 5812//3171 5811//3171
f 5819//3172 5809//3172 5808//3172
f 5816//3173 5806//3173 5805//3173
f 5823//3174 5813//3174 5812//3174
f 5728//3175 5814//3175 5803//3175
f 5820//3176 5810//3176 5809//3176
f 5817//3177 5807//3177 5806//3177
f 5813//3178 5824//3178 5736//3178
f 5814//3179 5804//3179 5803//3179
f 5810//3180 5822//3180 5811//3180
f 5818//3181 5808//3181 5807//3181
f 5824//3182 5835//3182 5736//3182
f 5825//3183 5815//3183 5814//3183
f 5832//3184 5822//3184 5821//3184
f 5829//3185 5819//3185 5818//3185
f 5815//3186 5827//3186 5816//3186
f 5833//3187 5823//3187 5822//3187
f 5819//3188 5831//3188 5820//3188
f 5827//3189 5817//3189 5816//3189
f 5834//3190 5824//3190 5823//3190
f 5728//3191 5825//3191 5814//3191
f 5831//3192 5821//3192 5820//3192
f 5817//3193 5829//3193 5818//3193
f 5827//3194 5839//3194 5828//3194
f 5845//3195 5835//3195 5834//3195
f 5728//3196 5836//3196 5825//3196
f 5831//3197 5843//3197 5832//3197
f 5828//3198 5840//3198 5829//3198
f 5835//3199 5846//3199 5736//3199
f 5836//3200 5826//3200 5825//3200
f 5843//3201 5833//3201 5832//3201
f 5829//3202 5841//3202 5830//3202
f 5826//3203 5838//3203 5827//3203
f 5844//3204 5834//3204 5833//3204
f 5830//3205 5842//3205 5831//3205
f 5848//3206 5838//3206 5837//3206
f 5844//3207 5856//3207 5845//3207
f 5841//3208 5853//3208 5842//3208
f 5849//3209 5839//3209 5838//3209
f 5856//3210 5846//3210 5845//3210
f 5728//3211 5847//3211 5836//3211
f 5842//3212 5854//3212 5843//3212
f 5850//3213 5840//3213 5839//3213
f 5846//3214 5857//3214 5736//3214
f 5847//3215 5837//3215 5836//3215
f 5843//3216 5855//3216 5844//3216
f 5840//3217 5852//3217 5841//3217
f 5850//3218 5862//3218 5851//3218
f 5857//3219 5868//3219 5736//3219
f 5847//3220 5859//3220 5848//3220
f 5854//3221 5866//3221 5855//3221
f 5851//3222 5863//3222 5852//3222
f 5859//3223 5849//3223 5848//3223
f 5855//3224 5867//3224 5856//3224
f 5852//3225 5864//3225 5853//3225
f 5849//3226 5861//3226 5850//3226
f 5867//3227 5857//3227 5856//3227
f 5728//3228 5858//3228 5847//3228
f 5864//3229 5854//3229 5853//3229
f 5871//3230 5861//3230 5860//3230
f 5867//3231 5879//3231 5868//3231
f 5728//3232 5869//3232 5858//3232
f 5875//3233 5865//3233 5864//3233
f 5861//3234 5873//3234 5862//3234
f 5868//3235 5879//3235 5736//3235
f 5858//3236 5870//3236 5859//3236
f 5865//3237 5877//3237 5866//3237
f 5873//3238 5863//3238 5862//3238
f 5870//3239 5860//3239 5859//3239
f 5866//3240 5878//3240 5867//3240
f 5863//3241 5875//3241 5864//3241
f 5884//3242 5874//3242 5873//3242
f 5870//3243 5882//3243 5871//3243
f 5888//3244 5878//3244 5877//3244
f 5885//3245 5875//3245 5874//3245
f 5871//3246 5883//3246 5872//3246
f 5878//3247 5890//3247 5879//3247
f 5728//3248 5880//3248 5869//3248
f 5875//3249 5887//3249 5876//3249
f 5872//3250 5884//3250 5873//3250
f 5879//3251 5890//3251 5736//3251
f 5880//3252 5870//3252 5869//3252
f 5876//3253 5888//3253 5877//3253
f 5894//3254 5884//3254 5883//3254
f 5890//3255 5901//3255 5736//3255
f 5891//3256 5881//3256 5880//3256
f 5898//3257 5888//3257 5887//3257
f 5895//3258 5885//3258 5884//3258
f 5892//3259 5882//3259 5881//3259
f 5899//3260 5889//3260 5888//3260
f 5896//3261 5886//3261 5885//3261
f 5893//3262 5883//3262 5882//3262
f 5900//3263 5890//3263 5889//3263
f 5728//3264 5891//3264 5880//3264
f 5886//3265 5898//3265 5887//3265
f 5907//3266 5897//3266 5896//3266
f 5904//3267 5894//3267 5893//3267
f 5911//3268 5901//3268 5900//3268
f 5728//3269 5902//3269 5891//3269
f 5908//3270 5898//3270 5897//3270
f 5894//3271 5906//3271 5895//3271
f 5901//3272 5912//3272 5736//3272
f 5891//3273 5903//3273 5892//3273
f 5898//3274 5910//3274 5899//3274
f 5895//3275 5907//3275 5896//3275
f 5903//3276 5893//3276 5892//3276
f 5910//3277 5900//3277 5899//3277
f 5917//3278 5907//3278 5906//3278
f 5914//3279 5904//3279 5903//3279
f 5921//3280 5911//3280 5910//3280
f 5918//3281 5908//3281 5907//3281
f 5904//3282 5916//3282 5905//3282
f 5911//3283 5923//3283 5912//3283
f 5728//3284 5913//3284 5902//3284
f 5908//3285 5920//3285 5909//3285
f 5916//3286 5906//3286 5905//3286
f 5912//3287 5923//3287 5736//3287
f 5913//3288 5903//3288 5902//3288
f 5909//3289 5921//3289 5910//3289
f 5733//3290 5920//3290 5919//3290
f 5731//3291 5917//3291 5916//3291
f 5923//3292 5927//3292 5736//3292
f 5913//3293 5730//3293 5914//3293
f 5920//3294 5735//3294 5921//3294
f 5917//3295 5925//3295 5918//3295
f 5914//3296 5924//3296 5915//3296
f 5921//3297 5926//3297 5922//3297
f 5918//3298 5733//3298 5919//3298
f 5924//3299 5916//3299 5915//3299
f 5922//3300 5927//3300 5923//3300
f 5728//3301 5729//3301 5913//3301
f 6127//3302 5947//3302 5936//3302
f 5937//3303 5930//3303 5929//3303
f 5944//3304 5935//3304 5934//3304
f 5941//3305 6125//3305 5932//3305
f 5930//3189 5939//3189 6124//3189
f 5945//3306 6126//3306 5935//3306
f 5942//3307 5933//3307 6125//3307
f 5939//3186 5931//3186 6124//3186
f 6126//3308 5947//3308 6127//3308
f 5928//3309 5937//3309 5929//3309
f 5943//3310 5934//3310 5933//3310
f 5931//3311 5941//3311 5932//3311
f 5953//3312 5943//3312 5942//3312
f 5950//3313 5940//3313 5939//3313
f 5946//3314 5958//3314 5947//3314
f 5928//3315 5948//3315 5937//3315
f 5954//3316 5944//3316 5943//3316
f 5951//3317 5941//3317 5940//3317
f 5947//3318 5958//3318 5936//3318
f 5948//3319 5938//3319 5937//3319
f 5944//3320 5956//3320 5945//3320
f 5941//3321 5953//3321 5942//3321
f 5949//3322 5939//3322 5938//3322
f 5956//3323 5946//3323 5945//3323
f 5955//3324 5967//3324 5956//3324
f 5963//3325 5953//3325 5952//3325
f 5949//3326 5961//3326 5950//3326
f 5967//3327 5957//3327 5956//3327
f 5964//3328 5954//3328 5953//3328
f 5950//3329 5962//3329 5951//3329
f 5968//3330 5958//3330 5957//3330
f 5928//3331 5959//3331 5948//3331
f 5965//3332 5955//3332 5954//3332
f 5962//3333 5952//3333 5951//3333
f 5958//3334 5969//3334 5936//3334
f 5959//3335 5949//3335 5948//3335
f 5928//3336 5970//3336 5959//3336
f 5965//3337 5977//3337 5966//3337
f 5973//3338 5963//3338 5962//3338
f 5969//3339 5980//3339 5936//3339
f 5970//3340 5960//3340 5959//3340
f 5966//3341 5978//3341 5967//3341
f 5974//3342 5964//3342 5963//3342
f 5960//3343 5972//3343 5961//3343
f 5978//3344 5968//3344 5967//3344
f 5975//3345 5965//3345 5964//3345
f 5972//3346 5962//3346 5961//3346
f 5968//3347 5980//3347 5969//3347
f 5989//3348 5979//3348 5978//3348
f 5986//3349 5976//3349 5975//3349
f 5972//3350 5984//3350 5973//3350
f 5979//3351 5991//3351 5980//3351
f 5928//3352 5981//3352 5970//3352
f 5987//3353 5977//3353 5976//3353
f 5984//3354 5974//3354 5973//3354
f 5980//3355 5991//3355 5936//3355
f 5981//3356 5971//3356 5970//3356
f 5988//3357 5978//3357 5977//3357
f 5974//3358 5986//3358 5975//3358
f 5982//3359 5972//3359 5971//3359
f 5992//3360 5982//3360 5981//3360
f 5988//3361 6000//3361 5989//3361
f 5996//3362 5986//3362 5985//3362
f 5993//3363 5983//3363 5982//3363
f 5989//3364 6001//3364 5990//3364
f 5997//3365 5987//3365 5986//3365
f 5983//3366 5995//3366 5984//3366
f 6001//3367 5991//3367 5990//3367
f 5928//3368 5992//3368 5981//3368
f 5998//3369 5988//3369 5987//3369
f 5984//3370 5996//3370 5985//3370
f 5991//3371 6002//3371 5936//3371
f 6012//3372 6002//3372 6001//3372
f 5928//3373 6003//3373 5992//3373
f 6009//3374 5999//3374 5998//3374
f 6006//3375 5996//3375 5995//3375
f 6002//3376 6013//3376 5936//3376
f 5992//3377 6004//3377 5993//3377
f 5999//3378 6011//3378 6000//3378
f 5996//3379 6008//3379 5997//3379
f 6004//3380 5994//3380 5993//3380
f 6000//3381 6012//3381 6001//3381
f 5997//3382 6009//3382 5998//3382
f 6005//3383 5995//3383 5994//3383
f 6015//3384 6005//3384 6004//3384
f 6011//3385 6023//3385 6012//3385
f 6008//3386 6020//3386 6009//3386
f 6005//3387 6017//3387 6006//3387
f 6012//3388 6024//3388 6013//3388
f 5928//3389 6014//3389 6003//3389
f 6020//3390 6010//3390 6009//3390
f 6017//3391 6007//3391 6006//3391
f 6013//3392 6024//3392 5936//3392
f 6003//3393 6015//3393 6004//3393
f 6010//3394 6022//3394 6011//3394
f 6007//3395 6019//3395 6008//3395
f 6024//3396 6035//3396 5936//3396
f 6025//3397 6015//3397 6014//3397
f 6032//3398 6022//3398 6021//3398
f 6018//3399 6030//3399 6019//3399
f 6026//3093 6016//3093 6015//3093
f 6033//3400 6023//3400 6022//3400
f 6030//3401 6020//3401 6019//3401
f 6016//3090 6028//3090 6017//3090
f 6034//3402 6024//3402 6023//3402
f 5928//3403 6025//3403 6014//3403
f 6031//3404 6021//3404 6020//3404
f 6017//3405 6029//3405 6018//3405
f 6038//3406 6028//3406 6027//3406
f 6045//3407 6035//3407 6034//3407
f 5928//3408 6036//3408 6025//3408
f 6031//3409 6043//3409 6032//3409
f 6028//3410 6040//3410 6029//3410
f 6035//3411 6046//3411 5936//3411
f 6036//3412 6026//3412 6025//3412
f 6032//3413 6044//3413 6033//3413
f 6040//3414 6030//3414 6029//3414
f 6037//3415 6027//3415 6026//3415
f 6033//3416 6045//3416 6034//3416
f 6041//3417 6031//3417 6030//3417
f 6048//3418 6038//3418 6037//3418
f 6055//3419 6045//3419 6044//3419
f 6052//3420 6042//3420 6041//3420
f 6049//3421 6039//3421 6038//3421
f 6045//3422 6057//3422 6046//3422
f 5928//3423 6047//3423 6036//3423
f 6042//3424 6054//3424 6043//3424
f 6050//3425 6040//3425 6039//3425
f 6046//3426 6057//3426 5936//3426
f 6047//3427 6037//3427 6036//3427
f 6054//3428 6044//3428 6043//3428
f 6040//3429 6052//3429 6041//3429
f 6050//3430 6062//3430 6051//3430
f 6057//3431 6068//3431 5936//3431
f 6047//3432 6059//3432 6048//3432
f 6054//3433 6066//3433 6055//3433
f 6051//3434 6063//3434 6052//3434
f 6059//3435 6049//3435 6048//3435
f 6055//3436 6067//3436 6056//3436
f 6063//3437 6053//3437 6052//3437
f 6049//3438 6061//3438 6050//3438
f 6067//3439 6057//3439 6056//3439
f 5928//3440 6058//3440 6047//3440
f 6053//3441 6065//3441 6054//3441
f 6071//3442 6061//3442 6060//3442
f 6067//3443 6079//3443 6068//3443
f 5928//3444 6069//3444 6058//3444
f 6075//3445 6065//3445 6064//3445
f 6061//3446 6073//3446 6062//3446
f 6068//3447 6079//3447 5936//3447
f 6069//3448 6059//3448 6058//3448
f 6076//3449 6066//3449 6065//3449
f 6062//3450 6074//3450 6063//3450
f 6070//3451 6060//3451 6059//3451
f 6077//3452 6067//3452 6066//3452
f 6074//3453 6064//3453 6063//3453
f 6084//3454 6074//3454 6073//3454
f 6081//3455 6071//3455 6070//3455
f 6088//3456 6078//3456 6077//3456
f 6085//3457 6075//3457 6074//3457
f 6071//3458 6083//3458 6072//3458
f 6078//3459 6090//3459 6079//3459
f 5928//3460 6080//3460 6069//3460
f 6075//3461 6087//3461 6076//3461
f 6072//3462 6084//3462 6073//3462
f 6079//3463 6090//3463 5936//3463
f 6080//3464 6070//3464 6069//3464
f 6076//3465 6088//3465 6077//3465
f 6083//3466 6095//3466 6084//3466
f 6090//3467 6101//3467 5936//3467
f 6080//3468 6092//3468 6081//3468
f 6087//3469 6099//3469 6088//3469
f 6084//3470 6096//3470 6085//3470
f 6092//3471 6082//3471 6081//3471
f 6088//3472 6100//3472 6089//3472
f 6096//3473 6086//3473 6085//3473
f 6082//3474 6094//3474 6083//3474
f 6089//3475 6101//3475 6090//3475
f 5928//3476 6091//3476 6080//3476
f 6097//3477 6087//3477 6086//3477
f 6096//3478 6108//3478 6097//3478
f 6093//3479 6105//3479 6094//3479
f 6111//3480 6101//3480 6100//3480
f 5928//3481 6102//3481 6091//3481
f 6108//3482 6098//3482 6097//3482
f 6105//3483 6095//3483 6094//3483
f 6101//3484 6112//3484 5936//3484
f 6091//3485 6103//3485 6092//3485
f 6109//3486 6099//3486 6098//3486
f 6095//3487 6107//3487 6096//3487
f 6103//3488 6093//3488 6092//3488
f 6099//3489 6111//3489 6100//3489
f 6117//3490 6107//3490 6106//3490
f 6114//3491 6104//3491 6103//3491
f 6121//3492 6111//3492 6110//3492
f 6118//3493 6108//3493 6107//3493
f 6115//3494 6105//3494 6104//3494
f 6122//3495 6112//3495 6111//3495
f 5928//3496 6113//3496 6102//3496
f 6119//3497 6109//3497 6108//3497
f 6116//3498 6106//3498 6105//3498
f 6112//3499 6123//3499 5936//3499
f 6102//3500 6114//3500 6103//3500
f 6120//3501 6110//3501 6109//3501
f 5933//3502 6120//3502 6119//3502
f 5931//3503 6117//3503 6116//3503
f 6123//3504 6127//3504 5936//3504
f 5929//3505 6114//3505 6113//3505
f 6120//3506 5935//3506 6121//3506
f 6117//3507 6125//3507 6118//3507
f 6114//3508 6124//3508 6115//3508
f 5935//3509 6122//3509 6121//3509
f 6118//3510 5933//3510 6119//3510
f 6124//3511 6116//3511 6115//3511
f 6126//3512 6123//3512 6122//3512
f 5928//3513 5929//3513 6113//3513
f 6327//3514 6147//3514 6136//3514
f 6137//3515 6130//3515 6129//3515
f 6134//3516 6145//3516 6135//3516
f 6141//3517 6325//3517 6132//3517
f 6138//3518 6324//3518 6130//3518
f 6135//3519 6146//3519 6326//3519
f 6142//3520 6133//3520 6325//3520
f 6139//3521 6131//3521 6324//3521
f 6326//3522 6147//3522 6327//3522
f 6128//3523 6137//3523 6129//3523
f 6143//3524 6134//3524 6133//3524
f 6131//3525 6141//3525 6132//3525
f 6142//3526 6154//3526 6143//3526
f 6150//3527 6140//3527 6139//3527
f 6157//3528 6147//3528 6146//3528
f 6128//3529 6148//3529 6137//3529
f 6143//3530 6155//3530 6144//3530
f 6151//3531 6141//3531 6140//3531
f 6147//3532 6158//3532 6136//3532
f 6148//3533 6138//3533 6137//3533
f 6144//3534 6156//3534 6145//3534
f 6141//3535 6153//3535 6142//3535
f 6138//3536 6150//3536 6139//3536
f 6145//3537 6157//3537 6146//3537
f 6155//3538 6167//3538 6156//3538
f 6163//3539 6153//3539 6152//3539
f 6149//3540 6161//3540 6150//3540
f 6156//3541 6168//3541 6157//3541
f 6164//3542 6154//3542 6153//3542
f 6161//3543 6151//3543 6150//3543
f 6168//3544 6158//3544 6157//3544
f 6128//3545 6159//3545 6148//3545
f 6165//3546 6155//3546 6154//3546
f 6162//3547 6152//3547 6151//3547
f 6158//3548 6169//3548 6136//3548
f 6159//3549 6149//3549 6148//3549
f 6128//3550 6170//3550 6159//3550
f 6176//3551 6166//3551 6165//3551
f 6173//3552 6163//3552 6162//3552
f 6169//3553 6180//3553 6136//3553
f 6170//3554 6160//3554 6159//3554
f 6177//3555 6167//3555 6166//3555
f 6174//3556 6164//3556 6163//3556
f 6171//3557 6161//3557 6160//3557
f 6178//3558 6168//3558 6167//3558
f 6175//3559 6165//3559 6164//3559
f 6172//3560 6162//3560 6161//3560
f 6168//3561 6180//3561 6169//3561
f 6178//3562 6190//3562 6179//3562
f 6175//3563 6187//3563 6176//3563
f 6172//3564 6184//3564 6173//3564
f 6190//3565 6180//3565 6179//3565
f 6128//3566 6181//3566 6170//3566
f 6176//3567 6188//3567 6177//3567
f 6173//3568 6185//3568 6174//3568
f 6180//3569 6191//3569 6136//3569
f 6170//3570 6182//3570 6171//3570
f 6177//3571 6189//3571 6178//3571
f 6174//3572 6186//3572 6175//3572
f 6171//3573 6183//3573 6172//3573
f 6181//3574 6193//3574 6182//3574
f 6199//3575 6189//3575 6188//3575
f 6196//3576 6186//3576 6185//3576
f 6193//3577 6183//3577 6182//3577
f 6189//3578 6201//3578 6190//3578
f 6197//3579 6187//3579 6186//3579
f 6194//3580 6184//3580 6183//3580
f 6190//3581 6202//3581 6191//3581
f 6128//3582 6192//3582 6181//3582
f 6198//3583 6188//3583 6187//3583
f 6184//3584 6196//3584 6185//3584
f 6191//3585 6202//3585 6136//3585
f 6212//3586 6202//3586 6201//3586
f 6128//3587 6203//3587 6192//3587
f 6198//3588 6210//3588 6199//3588
f 6206//3589 6196//3589 6195//3589
f 6202//3590 6213//3590 6136//3590
f 6203//3591 6193//3591 6192//3591
f 6199//3592 6211//3592 6200//3592
f 6207//3593 6197//3593 6196//3593
f 6204//3594 6194//3594 6193//3594
f 6211//3595 6201//3595 6200//3595
f 6197//3596 6209//3596 6198//3596
f 6205//3597 6195//3597 6194//3597
f 6215//3598 6205//3598 6204//3598
f 6211//3599 6223//3599 6212//3599
f 6219//3600 6209//3600 6208//3600
f 6205//3601 6217//3601 6206//3601
f 6212//3602 6224//3602 6213//3602
f 6128//3603 6214//3603 6203//3603
f 6209//3604 6221//3604 6210//3604
f 6217//3605 6207//3605 6206//3605
f 6213//3606 6224//3606 6136//3606
f 6203//3607 6215//3607 6204//3607
f 6210//3608 6222//3608 6211//3608
f 6218//3609 6208//3609 6207//3609
f 6224//3610 6235//3610 6136//3610
f 6214//3611 6226//3611 6215//3611
f 6232//3612 6222//3612 6221//3612
f 6229//3613 6219//3613 6218//3613
f 6226//3614 6216//3614 6215//3614
f 6233//3615 6223//3615 6222//3615
f 6219//3616 6231//3616 6220//3616
f 6227//3617 6217//3617 6216//3617
f 6223//3618 6235//3618 6224//3618
f 6128//3619 6225//3619 6214//3619
f 6231//3620 6221//3620 6220//3620
f 6217//3621 6229//3621 6218//3621
f 6238//3622 6228//3622 6227//3622
f 6245//3623 6235//3623 6234//3623
f 6128//3624 6236//3624 6225//3624
f 6242//3625 6232//3625 6231//3625
f 6239//3626 6229//3626 6228//3626
f 6235//3627 6246//3627 6136//3627
f 6225//3628 6237//3628 6226//3628
f 6232//3629 6244//3629 6233//3629
f 6240//3630 6230//3630 6229//3630
f 6237//3631 6227//3631 6226//3631
f 6233//3632 6245//3632 6234//3632
f 6241//3633 6231//3633 6230//3633
f 6248//3634 6238//3634 6237//3634
f 6244//3635 6256//3635 6245//3635
f 6252//3636 6242//3636 6241//3636
f 6249//3637 6239//3637 6238//3637
f 6245//3638 6257//3638 6246//3638
f 6128//3639 6247//3639 6236//3639
f 6253//3640 6243//3640 6242//3640
f 6239//3641 6251//3641 6240//3641
f 6246//3642 6257//3642 6136//3642
f 6247//3643 6237//3643 6236//3643
f 6243//3644 6255//3644 6244//3644
f 6240//3645 6252//3645 6241//3645
f 6261//3646 6251//3646 6250//3646
f 6257//3647 6268//3647 6136//3647
f 6247//3648 6259//3648 6248//3648
f 6265//3649 6255//3649 6254//3649
f 6262//3650 6252//3650 6251//3650
f 6248//3651 6260//3651 6249//3651
f 6255//3652 6267//3652 6256//3652
f 6263//3653 6253//3653 6252//3653
f 6249//3654 6261//3654 6250//3654
f 6267//3655 6257//3655 6256//3655
f 6128//3656 6258//3656 6247//3656
f 6264//3657 6254//3657 6253//3657
f 6271//3658 6261//3658 6260//3658
f 6267//3659 6279//3659 6268//3659
f 6128//3660 6269//3660 6258//3660
f 6264//3661 6276//3661 6265//3661
f 6272//3662 6262//3662 6261//3662
f 6268//3663 6279//3663 6136//3663
f 6258//3664 6270//3664 6259//3664
f 6265//3665 6277//3665 6266//3665
f 6273//3666 6263//3666 6262//3666
f 6259//3667 6271//3667 6260//3667
f 6277//3668 6267//3668 6266//3668
f 6263//3669 6275//3669 6264//3669
f 6284//3670 6274//3670 6273//3670
f 6281//3671 6271//3671 6270//3671
f 6288//3672 6278//3672 6277//3672
f 6274//3673 6286//3673 6275//3673
f 6282//3674 6272//3674 6271//3674
f 6278//3675 6290//3675 6279//3675
f 6128//3676 6280//3676 6269//3676
f 6275//3677 6287//3677 6276//3677
f 6283//3678 6273//3678 6272//3678
f 6279//3679 6290//3679 6136//3679
f 6280//3680 6270//3680 6269//3680
f 6287//3681 6277//3681 6276//3681
f 6294//3682 6284//3682 6283//3682
f 6290//3683 6301//3683 6136//3683
f 6291//3684 6281//3684 6280//3684
f 6287//3685 6299//3685 6288//3685
f 6295//3686 6285//3686 6284//3686
f 6281//3687 6293//3687 6282//3687
f 6299//3688 6289//3688 6288//3688
f 6285//3689 6297//3689 6286//3689
f 6293//3690 6283//3690 6282//3690
f 6289//3691 6301//3691 6290//3691
f 6128//3692 6291//3692 6280//3692
f 6297//3693 6287//3693 6286//3693
f 6296//3694 6308//3694 6297//3694
f 6304//3695 6294//3695 6293//3695
f 6300//3696 6312//3696 6301//3696
f 6128//3697 6302//3697 6291//3697
f 6308//3698 6298//3698 6297//3698
f 6294//3699 6306//3699 6295//3699
f 6301//3700 6312//3700 6136//3700
f 6302//3701 6292//3701 6291//3701
f 6298//3702 6310//3702 6299//3702
f 6306//3703 6296//3703 6295//3703
f 6303//3704 6293//3704 6292//3704
f 6310//3705 6300//3705 6299//3705
f 6306//3706 6318//3706 6307//3706
f 6314//3707 6304//3707 6303//3707
f 6321//3708 6311//3708 6310//3708
f 6307//3709 6319//3709 6308//3709
f 6315//3710 6305//3710 6304//3710
f 6322//3711 6312//3711 6311//3711
f 6128//3712 6313//3712 6302//3712
f 6308//3713 6320//3713 6309//3713
f 6305//3714 6317//3714 6306//3714
f 6312//3715 6323//3715 6136//3715
f 6313//3716 6303//3716 6302//3716
f 6309//3717 6321//3717 6310//3717
f 6133//3718 6320//3718 6319//3718
f 6131//3719 6317//3719 6316//3719
f 6323//3720 6327//3720 6136//3720
f 6313//3721 6130//3721 6314//3721
f 6134//3722 6321//3722 6320//3722
f 6132//3723 6318//3723 6317//3723
f 6130//3724 6315//3724 6314//3724
f 6135//3725 6322//3725 6321//3725
f 6318//3726 6133//3726 6319//3726
f 6324//3727 6316//3727 6315//3727
f 6326//3728 6323//3728 6322//3728
f 6128//3729 6129//3729 6313//3729
f 6527//3730 6347//3730 6336//3730
f 6329//3731 6338//3731 6330//3731
f 6334//3732 6345//3732 6335//3732
f 6341//3733 6525//3733 6332//3733
f 6338//3734 6524//3734 6330//3734
f 6345//3735 6526//3735 6335//3735
f 6525//3736 6343//3736 6333//3736
f 6339//3737 6331//3737 6524//3737
f 6526//3738 6347//3738 6527//3738
f 6328//3739 6337//3739 6329//3739
f 6343//3740 6334//3740 6333//3740
f 6340//3741 6332//3741 6331//3741
f 6342//3742 6354//3742 6343//3742
f 6339//3743 6351//3743 6340//3743
f 6357//3744 6347//3744 6346//3744
f 6328//3745 6348//3745 6337//3745
f 6354//3746 6344//3746 6343//3746
f 6351//3747 6341//3747 6340//3747
f 6347//3748 6358//3748 6336//3748
f 6337//3749 6349//3749 6338//3749
f 6355//3750 6345//3750 6344//3750
f 6341//3751 6353//3751 6342//3751
f 6338//3752 6350//3752 6339//3752
f 6345//3753 6357//3753 6346//3753
f 6366//3754 6356//3754 6355//3754
f 6363//3755 6353//3755 6352//3755
f 6349//3756 6361//3756 6350//3756
f 6367//3757 6357//3757 6356//3757
f 6364//3758 6354//3758 6353//3758
f 6350//3759 6362//3759 6351//3759
f 6368//3760 6358//3760 6357//3760
f 6328//3761 6359//3761 6348//3761
f 6354//3762 6366//3762 6355//3762
f 6362//3763 6352//3763 6351//3763
f 6358//3764 6369//3764 6336//3764
f 6359//3765 6349//3765 6348//3765
f 6328//3766 6370//3766 6359//3766
f 6376//3767 6366//3767 6365//3767
f 6362//3768 6374//3768 6363//3768
f 6369//3769 6380//3769 6336//3769
f 6370//3770 6360//3770 6359//3770
f 6366//3771 6378//3771 6367//3771
f 6363//3772 6375//3772 6364//3772
f 6371//3773 6361//3773 6360//3773
f 6378//3774 6368//3774 6367//3774
f 6375//3775 6365//3775 6364//3775
f 6372//3776 6362//3776 6361//3776
f 6368//3777 6380//3777 6369//3777
f 6389//3778 6379//3778 6378//3778
f 6386//3779 6376//3779 6375//3779
f 6383//3780 6373//3780 6372//3780
f 6390//3781 6380//3781 6379//3781
f 6328//3782 6381//3782 6370//3782
f 6387//3783 6377//3783 6376//3783
f 6384//3784 6374//3784 6373//3784
f 6380//3785 6391//3785 6336//3785
f 6370//3786 6382//3786 6371//3786
f 6388//3787 6378//3787 6377//3787
f 6374//3788 6386//3788 6375//3788
f 6382//3789 6372//3789 6371//3789
f 6381//3790 6393//3790 6382//3790
f 6388//3791 6400//3791 6389//3791
f 6396//3792 6386//3792 6385//3792
f 6382//3793 6394//3793 6383//3793
f 6400//3794 6390//3794 6389//3794
f 6397//3795 6387//3795 6386//3795
f 6394//3796 6384//3796 6383//3796
f 6401//3797 6391//3797 6390//3797
f 6328//3798 6392//3798 6381//3798
f 6387//3799 6399//3799 6388//3799
f 6395//3800 6385//3800 6384//3800
f 6391//3801 6402//3801 6336//3801
f 6401//3802 6413//3802 6402//3802
f 6328//3803 6403//3803 6392//3803
f 6409//3804 6399//3804 6398//3804
f 6395//3805 6407//3805 6396//3805
f 6402//3806 6413//3806 6336//3806
f 6392//3807 6404//3807 6393//3807
f 6399//3808 6411//3808 6400//3808
f 6407//3809 6397//3809 6396//3809
f 6393//3810 6405//3810 6394//3810
f 6411//3811 6401//3811 6400//3811
f 6408//3812 6398//3812 6397//3812
f 6394//3813 6406//3813 6395//3813
f 6415//3814 6405//3814 6404//3814
f 6422//3815 6412//3815 6411//3815
f 6419//3816 6409//3816 6408//3816
f 6416//3817 6406//3817 6405//3817
f 6412//3818 6424//3818 6413//3818
f 6328//3819 6414//3819 6403//3819
f 6420//3820 6410//3820 6409//3820
f 6417//3821 6407//3821 6406//3821
f 6413//3822 6424//3822 6336//3822
f 6414//3823 6404//3823 6403//3823
f 6410//3824 6422//3824 6411//3824
f 6418//3825 6408//3825 6407//3825
f 6424//3826 6435//3826 6336//3826
f 6425//3827 6415//3827 6414//3827
f 6421//3828 6433//3828 6422//3828
f 6418//3829 6430//3829 6419//3829
f 6415//3830 6427//3830 6416//3830
f 6422//3831 6434//3831 6423//3831
f 6419//3832 6431//3832 6420//3832
f 6427//3833 6417//3833 6416//3833
f 6423//3834 6435//3834 6424//3834
f 6328//3835 6425//3835 6414//3835
f 6431//3836 6421//3836 6420//3836
f 6428//3837 6418//3837 6417//3837
f 6438//3838 6428//3838 6427//3838
f 6445//3839 6435//3839 6434//3839
f 6328//3840 6436//3840 6425//3840
f 6442//3841 6432//3841 6431//3841
f 6439//3842 6429//3842 6428//3842
f 6435//3843 6446//3843 6336//3843
f 6436//3844 6426//3844 6425//3844
f 6432//3845 6444//3845 6433//3845
f 6429//3846 6441//3846 6430//3846
f 6437//3847 6427//3847 6426//3847
f 6433//3848 6445//3848 6434//3848
f 6430//3849 6442//3849 6431//3849
f 6448//3850 6438//3850 6437//3850
f 6455//3851 6445//3851 6444//3851
f 6452//3852 6442//3852 6441//3852
f 6449//3853 6439//3853 6438//3853
f 6445//3854 6457//3854 6446//3854
f 6328//3855 6447//3855 6436//3855
f 6453//3856 6443//3856 6442//3856
f 6439//3857 6451//3857 6440//3857
f 6446//3858 6457//3858 6336//3858
f 6436//3859 6448//3859 6437//3859
f 6454//3860 6444//3860 6443//3860
f 6451//3861 6441//3861 6440//3861
f 6461//3862 6451//3862 6450//3862
f 6457//3863 6468//3863 6336//3863
f 6458//3864 6448//3864 6447//3864
f 6454//3865 6466//3865 6455//3865
f 6451//3866 6463//3866 6452//3866
f 6448//3867 6460//3867 6449//3867
f 6455//3868 6467//3868 6456//3868
f 6452//3869 6464//3869 6453//3869
f 6460//3870 6450//3870 6449//3870
f 6456//3871 6468//3871 6457//3871
f 6328//3872 6458//3872 6447//3872
f 6453//3873 6465//3873 6454//3873
f 6471//3874 6461//3874 6460//3874
f 6467//3875 6479//3875 6468//3875
f 6328//3876 6469//3876 6458//3876
f 6464//3877 6476//3877 6465//3877
f 6472//3878 6462//3878 6461//3878
f 6468//3879 6479//3879 6336//3879
f 6458//3880 6470//3880 6459//3880
f 6476//3881 6466//3881 6465//3881
f 6473//3882 6463//3882 6462//3882
f 6470//3883 6460//3883 6459//3883
f 6466//3884 6478//3884 6467//3884
f 6463//3885 6475//3885 6464//3885
f 6484//3886 6474//3886 6473//3886
f 6481//3887 6471//3887 6470//3887
f 6488//3888 6478//3888 6477//3888
f 6485//3889 6475//3889 6474//3889
f 6482//3890 6472//3890 6471//3890
f 6489//3891 6479//3891 6478//3891
f 6328//3892 6480//3892 6469//3892
f 6486//3893 6476//3893 6475//3893
f 6483//3894 6473//3894 6472//3894
f 6479//3895 6490//3895 6336//3895
f 6480//3896 6470//3896 6469//3896
f 6476//3897 6488//3897 6477//3897
f 6483//3898 6495//3898 6484//3898
f 6490//3899 6501//3899 6336//3899
f 6480//3900 6492//3900 6481//3900
f 6498//3901 6488//3901 6487//3901
f 6484//3902 6496//3902 6485//3902
f 6492//3903 6482//3903 6481//3903
f 6499//3904 6489//3904 6488//3904
f 6496//3905 6486//3905 6485//3905
f 6493//3906 6483//3906 6482//3906
f 6500//3907 6490//3907 6489//3907
f 6328//3908 6491//3908 6480//3908
f 6497//3909 6487//3909 6486//3909
f 6507//3910 6497//3910 6496//3910
f 6504//3911 6494//3911 6493//3911
f 6500//3912 6512//3912 6501//3912
f 6328//3913 6502//3913 6491//3913
f 6508//3914 6498//3914 6497//3914
f 6505//3915 6495//3915 6494//3915
f 6501//3916 6512//3916 6336//3916
f 6491//3917 6503//3917 6492//3917
f 6498//3918 6510//3918 6499//3918
f 6506//3919 6496//3919 6495//3919
f 6503//3920 6493//3920 6492//3920
f 6510//3921 6500//3921 6499//3921
f 6517//3922 6507//3922 6506//3922
f 6514//3923 6504//3923 6503//3923
f 6521//3924 6511//3924 6510//3924
f 6507//3925 6519//3925 6508//3925
f 6515//3926 6505//3926 6504//3926
f 6522//3927 6512//3927 6511//3927
f 6328//3928 6513//3928 6502//3928
f 6508//3929 6520//3929 6509//3929
f 6505//3930 6517//3930 6506//3930
f 6512//3931 6523//3931 6336//3931
f 6502//3932 6514//3932 6503//3932
f 6509//3933 6521//3933 6510//3933
f 6333//3934 6520//3934 6519//3934
f 6331//3935 6517//3935 6516//3935
f 6523//3936 6527//3936 6336//3936
f 6329//3937 6514//3937 6513//3937
f 6520//3938 6335//3938 6521//3938
f 6332//3939 6518//3939 6517//3939
f 6330//3940 6515//3940 6514//3940
f 6335//3941 6522//3941 6521//3941
f 6525//3942 6519//3942 6518//3942
f 6524//3943 6516//3943 6515//3943
f 6522//3944 6527//3944 6523//3944
f 6328//3945 6329//3945 6513//3945
f 3//1 6//1 4//1
f 6//2 12//2 10//2
f 12//3 9//3 7//3
f 9//4 3//4 1//4
f 10//5 7//5 1//5
f 9//6 12//6 16//6
f 14//6 16//6 12//6
f 3//6 9//6 15//6
f 3//6 15//6 13//6
f 14//6 12//6 6//6
f 3//6 13//6 14//6
f 2//3 5//3 14//3
f 5//4 11//4 16//4
f 8//1 15//1 16//1
f 2//2 13//2 15//2
f 2//6 8//6 11//6
f 25//1 37//1 30//1
f 37//2 57//2 51//2
f 57//3 45//3 40//3
f 45//4 25//4 22//4
f 51//5 40//5 22//5
f 2817//6 2818//6 2735//6
f 2818//6 2738//6 2736//6
f 2818//6 2736//6 2734//6
f 2814//6 2817//6 2735//6
f 2818//6 2734//6 2735//6
f 2813//6 2814//6 2733//6
f 2814//6 2735//6 2733//6
f 2816//6 2813//6 2737//6
f 2813//6 2733//6 2737//6
f 2815//6 2816//6 2731//6
f 2816//6 2737//6 2731//6
f 2819//6 2815//6 2732//6
f 2815//6 2731//6 2732//6
f 2820//6 2819//6 2788//6
f 2819//6 2732//6 2730//6
f 2822//6 2820//6 2797//6
f 2819//6 2730//6 2460//6
f 2819//6 2460//6 2788//6
f 2459//6 2730//6 2746//6
f 2824//6 2822//6 2796//6
f 2730//6 2459//6 2460//6
f 2459//6 2746//6 2466//6
f 2849//6 2824//6 2794//6
f 2788//6 2460//6 2475//6
f 2746//6 2750//6 2466//6
f 2750//6 2752//6 2464//6
f 2752//6 2760//6 2463//6
f 2752//6 2463//6 2464//6
f 2750//6 2464//6 2466//6
f 2848//6 2849//6 2792//6
f 2788//6 2475//6 2790//6
f 2832//6 2848//6 2793//6
f 2820//6 2788//6 2797//6
f 2834//6 2832//6 2791//6
f 2790//6 2475//6 2452//6
f 2822//6 2797//6 2796//6
f 2790//6 2452//6 2786//6
f 2452//6 2442//6 2786//6
f 2833//6 2834//6 2795//6
f 2824//6 2796//6 2794//6
f 2442//6 2456//6 2785//6
f 2839//6 2833//6 2903//6
f 2849//6 2794//6 2792//6
f 2902//6 2827//6 2825//6
f 2901//6 2902//6 2836//6
f 2902//6 2825//6 2847//6
f 2902//6 2847//6 2836//6
f 2898//6 2901//6 2836//6
f 2897//6 2898//6 2837//6
f 2898//6 2836//6 2837//6
f 2900//6 2897//6 2838//6
f 2897//6 2837//6 2838//6
f 2899//6 2900//6 2835//6
f 2900//6 2838//6 2835//6
f 2903//6 2899//6 2839//6
f 2899//6 2835//6 2839//6
f 2904//6 2903//6 2894//6
f 2787//6 2833//6 2795//6
f 2421//6 2419//6 2774//6
f 2419//6 2772//6 2774//6
f 2479//6 2421//6 2774//6
f 2479//6 2774//6 2778//6
f 2438//6 2479//6 2778//6
f 2438//6 2778//6 2781//6
f 2906//6 2904//6 2888//6
f 2833//6 2787//6 2903//6
f 2795//6 2834//6 2791//6
f 2908//6 2906//6 2892//6
f 2456//6 2438//6 2781//6
f 2456//6 2781//6 2784//6
f 2940//6 2930//6 2932//6
f 45//6 2942//6 2943//6
f 2943//6 2940//6 2927//6
f 2940//6 2932//6 2927//6
f 25//6 45//6 2943//6
f 2864//6 2776//6 2865//6
f 2776//6 2773//6 2865//6
f 2943//6 2927//6 2935//6
f 2943//6 2935//6 2923//6
f 2865//6 2773//6 2863//6
f 2773//6 2771//6 2863//6
f 2943//6 2923//6 2925//6
f 2943//6 2925//6 2934//6
f 2860//6 2863//6 2771//6
f 2861//6 2860//6 2771//6
f 2943//6 2934//6 2918//6
f 2943//6 2918//6 2920//6
f 2857//6 2861//6 2771//6
f 2858//6 2857//6 2771//6
f 25//6 2943//6 2938//6
f 2943//6 2920//6 2938//6
f 2858//6 2771//6 2856//6
f 2771//6 25//6 2856//6
f 25//6 2938//6 2937//6
f 25//6 2937//6 2876//6
f 2937//6 2917//6 2876//6
f 2855//6 2856//6 25//6
f 2859//6 2855//6 25//6
f 2917//6 2916//6 2880//6
f 2917//6 2880//6 2876//6
f 2916//6 2915//6 2881//6
f 2880//6 2916//6 2881//6
f 2862//6 2859//6 25//6
f 2866//6 2862//6 25//6
f 2915//6 2913//6 2885//6
f 2913//6 2914//6 2883//6
f 2867//6 2866//6 25//6
f 2868//6 2867//6 25//6
f 2881//6 2915//6 2885//6
f 2914//6 2912//6 2895//6
f 2869//6 2868//6 25//6
f 2870//6 2869//6 25//6
f 2456//6 2784//6 2785//6
f 2785//6 2786//6 2442//6
f 2871//6 2870//6 25//6
f 2874//6 2871//6 25//6
f 2878//6 2874//6 25//6
f 2876//6 2878//6 25//6
f 2848//6 2792//6 2793//6
f 2832//6 2793//6 2791//6
f 2909//6 2908//6 2890//6
f 2903//6 2787//6 2894//6
f 2911//6 2909//6 2889//6
f 2888//6 2904//6 2894//6
f 2892//6 2906//6 2888//6
f 2910//6 2911//6 2891//6
f 2908//6 2892//6 2890//6
f 2885//6 2913//6 2883//6
f 2883//6 2914//6 2895//6
f 2912//6 2910//6 2893//6
f 2787//6 2789//6 2894//6
f 2789//6 2798//6 2884//6
f 2894//6 2789//6 2884//6
f 2798//6 2782//6 2886//6
f 2887//6 2895//6 2912//6
f 2893//6 2887//6 2912//6
f 2782//6 2783//6 2882//6
f 2891//6 2893//6 2910//6
f 2889//6 2891//6 2911//6
f 2777//6 2775//6 2873//6
f 2777//6 2873//6 2875//6
f 2779//6 2777//6 2875//6
f 2779//6 2875//6 2879//6
f 2780//6 2779//6 2879//6
f 2780//6 2879//6 2877//6
f 2890//6 2889//6 2909//6
f 2783//6 2780//6 2877//6
f 2783//6 2877//6 2896//6
f 2783//6 2896//6 2882//6
f 2882//6 2886//6 2782//6
f 2974//6 2966//6 2747//6
f 2747//6 2743//6 2972//6
f 2973//6 2974//6 2747//6
f 3176//6 3171//6 3044//6
f 3044//6 3037//6 2953//6
f 3037//6 3033//6 2953//6
f 3033//6 3034//6 3026//6
f 3026//6 3027//6 3028//6
f 3028//6 3029//6 3032//6
f 3032//6 2954//6 3028//6
f 2954//6 2953//6 3033//6
f 3028//6 2954//6 3026//6
f 2953//6 2951//6 3175//6
f 3026//6 2954//6 3033//6
f 2951//6 2950//6 3168//6
f 3044//6 2953//6 3176//6
f 3176//6 2953//6 3169//6
f 2950//6 2949//6 3167//6
f 3169//6 2953//6 3175//6
f 3175//6 2951//6 3174//6
f 2949//6 2944//6 3165//6
f 3174//6 2951//6 3212//6
f 2944//6 2947//6 3125//6
f 3212//6 2951//6 3168//6
f 2947//6 2946//6 3122//6
f 3167//6 2949//6 3166//6
f 3168//6 2950//6 3167//6
f 2946//6 2948//6 3143//6
f 3166//6 2949//6 3165//6
f 2948//6 2945//6 3093//6
f 3165//6 2944//6 3164//6
f 3164//6 2944//6 3163//6
f 2945//6 2952//6 3086//6
f 3127//6 2944//6 3125//6
f 2944//6 3127//6 3163//6
f 3125//6 2947//6 3126//6
f 2947//6 3122//6 3128//6
f 2952//6 2955//6 3096//6
f 3122//6 2946//6 3124//6
f 3122//6 3124//6 3123//6
f 2946//6 3118//6 3124//6
f 3128//6 3126//6 2947//6
f 3118//6 2946//6 3119//6
f 3119//6 2946//6 3120//6
f 2955//6 2956//6 2846//6
f 3120//6 2946//6 3145//6
f 3130//6 3129//6 3121//6
f 3129//6 3122//6 3121//6
f 3121//6 3122//6 3123//6
f 2946//6 3143//6 3144//6
f 3143//6 2948//6 3142//6
f 2948//6 3094//6 3141//6
f 3145//6 2946//6 3144//6
f 3094//6 2948//6 3093//6
f 2956//6 2970//6 2840//6
f 3142//6 2948//6 3141//6
f 3093//6 2945//6 3092//6
f 2945//6 3089//6 3092//6
f 3089//6 2945//6 3090//6
f 3090//6 2945//6 3088//6
f 3088//6 2945//6 3086//6
f 2970//6 2979//6 2742//6
f 3086//6 2952//6 3104//6
f 3088//6 3091//6 3090//6
f 3104//6 2952//6 3105//6
f 2952//6 3107//6 3106//6
f 3107//6 2952//6 3096//6
f 3098//6 3087//6 3099//6
f 3087//6 3086//6 3099//6
f 3096//6 2955//6 3078//6
f 3099//6 3086//6 3100//6
f 3101//6 3100//6 3086//6
f 3101//6 3086//6 3102//6
f 3103//6 3102//6 3086//6
f 3106//6 3105//6 2952//6
f 3104//6 3103//6 3086//6
f 2979//6 2980//6 2745//6
f 3078//6 2955//6 3074//6
f 3070//6 2955//6 2846//6
f 3076//6 3077//6 3078//6
f 3071//6 3075//6 3074//6
f 3074//6 3076//6 3078//6
f 2955//6 3070//6 3074//6
f 2846//6 2956//6 2840//6
f 3070//6 3071//6 3074//6
f 2980//6 2984//6 2745//6
f 3068//6 3069//6 3067//6
f 3069//6 3070//6 3067//6
f 3070//6 2846//6 3060//6
f 2840//6 2970//6 2742//6
f 3067//6 3070//6 3072//6
f 3073//6 3072//6 3070//6
f 3073//6 3070//6 3058//6
f 3059//6 3057//6 3058//6
f 3058//6 3070//6 3060//6
f 3059//6 3058//6 3060//6
f 3065//6 3064//6 2843//6
f 3064//6 3060//6 2843//6
f 2843//6 3060//6 2846//6
f 3055//6 3056//6 3047//6
f 3056//6 3066//6 3047//6
f 3066//6 3065//6 2843//6
f 3051//6 3054//6 3049//6
f 3054//6 3047//6 3049//6
f 3047//6 3066//6 2843//6
f 3052//6 3050//6 3049//6
f 3049//6 3047//6 3048//6
f 3052//6 3049//6 3048//6
f 3061//6 3053//6 3048//6
f 3048//6 3047//6 2941//6
f 3062//6 3061//6 3048//6
f 2977//6 2972//6 2743//6
f 2977//6 2743//6 2983//6
f 2743//6 2745//6 2984//6
f 2983//6 2743//6 2984//6
f 2745//6 2742//6 2979//6
f 2742//6 2744//6 2841//6
f 2742//6 2841//6 2840//6
f 2744//6 2739//6 2841//6
f 3062//6 3048//6 2941//6
f 2740//6 2741//6 2851//6
f 2741//6 2823//6 2850//6
f 2739//6 2740//6 2853//6
f 2741//6 2850//6 2852//6
f 2741//6 2852//6 2851//6
f 2739//6 2853//6 2841//6
f 2740//6 2851//6 2854//6
f 2740//6 2854//6 2853//6
f 3047//6 2843//6 2842//6
f 3047//6 2842//6 2941//6
f 3063//6 3062//6 3305//6
f 3081//6 3063//6 3300//6
f 3062//6 2941//6 3305//6
f 2842//6 2845//6 2941//6
f 3079//6 3081//6 3300//6
f 3063//6 3305//6 3300//6
f 2845//6 2844//6 2941//6
f 2844//6 2829//6 2941//6
f 2829//6 2831//6 2941//6
f 2831//6 2828//6 2924//6
f 2941//6 2831//6 2926//6
f 2830//6 2826//6 2922//6
f 2826//6 2907//6 2919//6
f 2828//6 2830//6 2921//6
f 2831//6 2924//6 2926//6
f 2826//6 2919//6 2936//6
f 2826//6 2936//6 2922//6
f 2830//6 2922//6 2921//6
f 2828//6 2921//6 2924//6
f 2926//6 2928//6 2941//6
f 2929//6 2930//6 2940//6
f 2941//6 2939//6 3316//6
f 2939//6 3005//6 3006//6
f 2929//6 2940//6 2931//6
f 2940//6 2941//6 2933//6
f 2931//6 2940//6 2933//6
f 2939//6 3006//6 3025//6
f 2939//6 3025//6 2999//6
f 3084//6 3083//6 3116//6
f 3083//6 3082//6 3289//6
f 3152//6 3115//6 3114//6
f 2928//6 2933//6 2941//6
f 2939//6 2999//6 2997//6
f 2939//6 2997//6 3001//6
f 2939//6 3001//6 3172//6
f 3316//6 2939//6 3317//6
f 3001//6 2995//6 3190//6
f 2990//6 2994//6 3041//6
f 2994//6 3031//6 3030//6
f 3041//6 2994//6 3030//6
f 3030//6 3035//6 3041//6
f 3035//6 3038//6 3041//6
f 3038//6 3039//6 3036//6
f 3041//6 3038//6 3036//6
f 3041//6 3040//6 3042//6
f 3040//6 3043//6 3042//6
f 3042//6 3045//6 3046//6
f 2989//6 2990//6 3246//6
f 3041//6 3042//6 2990//6
f 3042//6 3046//6 2990//6
f 2990//6 3046//6 3246//6
f 2987//6 2989//6 3246//6
f 3246//6 3046//6 3247//6
f 3247//6 3248//6 3246//6
f 3248//6 3249//6 3245//6
f 3246//6 3248//6 3245//6
f 3246//6 3244//6 3243//6
f 3243//6 3254//6 2987//6
f 3254//6 3253//6 2987//6
f 2986//6 2987//6 3253//6
f 2987//6 3246//6 3243//6
f 2988//6 2986//6 3251//6
f 2991//6 2988//6 3250//6
f 2986//6 3253//6 3252//6
f 2986//6 3252//6 3251//6
f 2993//6 2991//6 3239//6
f 2988//6 3251//6 3250//6
f 3003//6 2993//6 3255//6
f 2991//6 3250//6 3259//6
f 3258//6 2991//6 3259//6
f 3113//6 3112//6 3150//6
f 3112//6 3111//6 3150//6
f 3155//6 3202//6 3203//6
f 3114//6 3113//6 3152//6
f 3203//6 3156//6 3155//6
f 3097//6 3095//6 3137//6
f 3095//6 3115//6 3154//6
f 3159//6 3205//6 3207//6
f 3139//6 3097//6 3138//6
f 3205//6 3159//6 3158//6
f 3160//6 3207//6 3278//6
f 3207//6 3160//6 3159//6
f 3156//6 3203//6 3204//6
f 3155//6 3139//6 3202//6
f 3158//6 3157//6 3204//6
f 3157//6 3156//6 3204//6
f 3160//6 3279//6 3161//6
f 3280//6 3161//6 3279//6
f 3140//6 3162//6 3281//6
f 3162//6 3161//6 3280//6
f 3140//6 3282//6 3135//6
f 3135//6 3282//6 3201//6
f 3279//6 3160//6 3278//6
f 3162//6 3280//6 3281//6
f 3132//6 3135//6 3201//6
f 3282//6 3140//6 3281//6
f 3132//6 3201//6 3188//6
f 3134//6 3133//6 3131//6
f 3133//6 3132//6 3131//6
f 3146//6 3136//6 3283//6
f 3136//6 3131//6 3132//6
f 3136//6 3132//6 3189//6
f 3198//6 3136//6 3189//6
f 3284//6 3147//6 3271//6
f 3147//6 3146//6 3283//6
f 3286//6 3273//6 3274//6
f 3286//6 3285//6 3273//6
f 3285//6 3284//6 3271//6
f 3209//6 3222//6 3179//6
f 3287//6 3286//6 3274//6
f 3222//6 3209//6 3274//6
f 3179//6 3222//6 3230//6
f 3136//6 3198//6 3283//6
f 3273//6 3285//6 3272//6
f 3274//6 3209//6 3287//6
f 3210//6 3208//6 3179//6
f 3208//6 3209//6 3179//6
f 3230//6 3177//6 3179//6
f 3177//6 3230//6 3224//6
f 3177//6 3224//6 3180//6
f 3179//6 3211//6 3210//6
f 3180//6 3178//6 3177//6
f 3187//6 3180//6 3224//6
f 3199//6 3186//6 3187//6
f 3213//6 3200//6 3261//6
f 3200//6 3199//6 3261//6
f 3215//6 3213//6 3276//6
f 3199//6 3187//6 3261//6
f 3261//6 3187//6 3275//6
f 3132//6 3188//6 3189//6
f 3272//6 3285//6 3271//6
f 3213//6 3261//6 3276//6
f 3219//6 3217//6 3216//6
f 3216//6 3215//6 3227//6
f 3158//6 3204//6 3205//6
f 3187//6 3224//6 3228//6
f 3218//6 3219//6 3226//6
f 3219//6 3216//6 3227//6
f 3231//6 3220//6 3218//6
f 3227//6 3226//6 3219//6
f 3226//6 3231//6 3218//6
f 3262//6 3276//6 3261//6
f 3276//6 3227//6 3215//6
f 3275//6 3260//6 3261//6
f 3111//6 3110//6 3149//6
f 3228//6 3275//6 3187//6
f 3225//6 3223//6 3224//6
f 3110//6 3109//6 3148//6
f 3202//6 3139//6 3138//6
f 3229//6 3225//6 3224//6
f 3109//6 3108//6 3117//6
f 3230//6 3229//6 3224//6
f 3222//6 3221//6 3230//6
f 3283//6 3214//6 3147//6
f 3214//6 3271//6 3147//6
f 3197//6 3198//6 3189//6
f 3138//6 3097//6 3137//6
f 3108//6 3085//6 3117//6
f 3085//6 3084//6 3116//6
f 3137//6 3095//6 3154//6
f 3115//6 3152//6 3153//6
f 3082//6 3080//6 3300//6
f 3154//6 3115//6 3153//6
f 3080//6 3079//6 3300//6
f 3151//6 3113//6 3150//6
f 3152//6 3113//6 3151//6
f 2995//6 3003//6 3263//6
f 2991//6 3258//6 3257//6
f 2991//6 3257//6 3256//6
f 3240//6 2991//6 3256//6
f 2991//6 3240//6 3239//6
f 3150//6 3111//6 3149//6
f 3149//6 3110//6 3148//6
f 3148//6 3109//6 3117//6
f 2993//6 3239//6 3237//6
f 2993//6 3237//6 3236//6
f 3117//6 3085//6 3116//6
f 2993//6 3236//6 3234//6
f 2993//6 3234//6 3233//6
f 2993//6 3233//6 3255//6
f 3236//6 3235//6 3241//6
f 3235//6 3238//6 3242//6
f 3235//6 3242//6 3241//6
f 3116//6 3083//6 3289//6
f 3289//6 3082//6 3288//6
f 3236//6 3241//6 3234//6
f 3234//6 3232//6 3233//6
f 3082//6 3300//6 3301//6
f 3255//6 3270//6 3269//6
f 3003//6 3255//6 3269//6
f 3301//6 3288//6 3082//6
f 3306//6 3299//6 3300//6
f 3003//6 3269//6 3268//6
f 3268//6 3267//6 3003//6
f 3267//6 3266//6 3003//6
f 3003//6 3266//6 3265//6
f 3305//6 3306//6 3300//6
f 3265//6 3263//6 3003//6
f 3264//6 3206//6 3196//6
f 2995//6 3263//6 3264//6
f 3313//6 3305//6 2941//6
f 3312//6 3313//6 2941//6
f 2995//6 3264//6 3196//6
f 2995//6 3196//6 3193//6
f 3316//6 3312//6 2941//6
f 3317//6 2939//6 3322//6
f 2995//6 3193//6 3191//6
f 2995//6 3191//6 3190//6
f 3322//6 2939//6 3318//6
f 3322//6 3314//6 3315//6
f 3315//6 3317//6 3322//6
f 3318//6 2939//6 3319//6
f 3190//6 3192//6 3182//6
f 3172//6 3190//6 3184//6
f 3192//6 3194//6 3195//6
f 3195//6 3181//6 3192//6
f 3181//6 3182//6 3192//6
f 3185//6 3183//6 3184//6
f 3182//6 3185//6 3190//6
f 3185//6 3184//6 3190//6
f 3172//6 3173//6 3277//6
f 3190//6 3172//6 3001//6
f 3319//6 2939//6 3320//6
f 3172//6 3277//6 2939//6
f 3277//6 3170//6 2939//6
f 3170//6 3292//6 2939//6
f 3320//6 2939//6 3307//6
f 3307//6 3321//6 3320//6
f 3307//6 2939//6 3310//6
f 3293//6 3298//6 3297//6
f 3292//6 3293//6 2939//6
f 3310//6 2939//6 3309//6
f 2939//6 3311//6 3309//6
f 3311//6 2939//6 3295//6
f 3293//6 3297//6 2939//6
f 3297//6 3296//6 2939//6
f 3295//6 2939//6 3294//6
f 3303//6 3302//6 3308//6
f 3308//6 3311//6 3295//6
f 3294//6 2939//6 3296//6
f 3303//6 3308//6 3295//6
f 3303//6 3295//6 3291//6
f 3291//6 3290//6 3304//6
f 3516//6 3519//6 3475//6
f 3475//6 3474//6 3476//6
f 3516//6 3475//6 3476//6
f 3484//6 3465//6 3468//6
f 3477//6 3484//6 3468//6
f 3466//6 3473//6 3470//6
f 3508//6 3510//6 3506//6
f 3510//6 3509//6 2976//6
f 3506//6 3510//6 2976//6
f 3504//6 3505//6 3506//6
f 3498//6 3504//6 3506//6
f 3502//6 3501//6 3500//6
f 3501//6 3498//6 3500//6
f 3497//6 3499//6 3498//6
f 3499//6 3500//6 3498//6
f 3492//6 3495//6 3496//6
f 3496//6 3497//6 3498//6
f 3492//6 3496//6 3490//6
f 3496//6 3498//6 3490//6
f 3489//6 3491//6 2978//6
f 3491//6 3490//6 2978//6
f 3490//6 3498//6 2975//6
f 2978//6 3490//6 2975//6
f 3485//6 3486//6 3488//6
f 3488//6 3489//6 2978//6
f 3485//6 3488//6 3487//6
f 3487//6 3488//6 2978//6
f 3464//6 3462//6 3463//6
f 3462//6 3487//6 3463//6
f 3357//6 3461//6 3487//6
f 3461//6 3463//6 3487//6
f 3344//6 3346//6 3347//6
f 3346//6 3356//6 3347//6
f 3356//6 3357//6 3487//6
f 3345//6 3349//6 3347//6
f 3350//6 3348//6 3347//6
f 3348//6 3345//6 3347//6
f 3355//6 3351//6 3342//6
f 3351//6 3350//6 3347//6
f 3353//6 3352//6 3342//6
f 3352//6 3355//6 3342//6
f 3341//6 3354//6 3342//6
f 3351//6 3347//6 3342//6
f 3347//6 3356//6 3487//6
f 3340//6 3341//6 3342//6
f 3339//6 3340//6 3338//6
f 3340//6 3342//6 3338//6
f 3336//6 3338//6 3342//6
f 3337//6 3335//6 3336//6
f 3334//6 3329//6 2981//6
f 3329//6 3343//6 2981//6
f 3343//6 3337//6 3342//6
f 3337//6 3336//6 3342//6
f 3342//6 3347//6 2982//6
f 2981//6 3342//6 2982//6
f 3332//6 3333//6 2981//6
f 3333//6 3334//6 2981//6
f 3342//6 2981//6 3343//6
f 3347//6 3487//6 2985//6
f 2982//6 3347//6 2985//6
f 3331//6 3332//6 2971//6
f 3327//6 3328//6 2957//6
f 3328//6 3330//6 2957//6
f 3330//6 3331//6 2971//6
f 3332//6 2981//6 2971//6
f 3325//6 3326//6 2957//6
f 3326//6 3327//6 2957//6
f 3032//6 3324//6 3325//6
f 2957//6 2954//6 3325//6
f 2954//6 3032//6 3325//6
f 2971//6 2957//6 3330//6
f 2985//6 3487//6 2978//6
f 3498//6 3506//6 2976//6
f 2975//6 3498//6 2976//6
f 3509//6 3512//6 2969//6
f 2976//6 3509//6 2969//6
f 3512//6 3520//6 2969//6
f 2969//6 3520//6 2963//6
f 3520//6 3521//6 2963//6
f 2963//6 3521//6 3523//6
f 2962//6 2963//6 3517//6
f 2963//6 3523//6 3526//6
f 2963//6 3526//6 3517//6
f 2964//6 2962//6 3516//6
f 2962//6 3517//6 3516//6
f 2961//6 2964//6 3478//6
f 2964//6 3516//6 3476//6
f 2965//6 2961//6 2758//6
f 2964//6 3476//6 3478//6
f 2961//6 3478//6 2755//6
f 2758//6 2961//6 2755//6
f 3478//6 3477//6 2755//6
f 3477//6 3468//6 2755//6
f 3468//6 3467//6 2756//6
f 3472//6 3471//6 3480//6
f 3480//6 3479//6 3483//6
f 3472//6 3480//6 3483//6
f 3481//6 3518//6 3527//6
f 3527//6 3525//6 3524//6
f 3481//6 3527//6 3524//6
f 3513//6 3511//6 57//6
f 3511//6 3507//6 57//6
f 2747//6 2966//6 2751//6
f 2966//6 2967//6 2759//6
f 2751//6 2966//6 2759//6
f 2967//6 2968//6 2761//6
f 2759//6 2967//6 2761//6
f 2968//6 2958//6 2770//6
f 2761//6 2968//6 2770//6
f 2958//6 2960//6 2770//6
f 2770//6 2960//6 2767//6
f 2960//6 2959//6 2767//6
f 2767//6 2959//6 2765//6
f 2959//6 2965//6 2765//6
f 2765//6 2965//6 2758//6
f 2755//6 3468//6 2756//6
f 3467//6 3466//6 2756//6
f 3466//6 3470//6 2756//6
f 2756//6 3470//6 3469//6
f 2748//6 2756//6 3469//6
f 2748//6 3469//6 57//6
f 3469//6 3472//6 57//6
f 3494//6 3493//6 57//6
f 3493//6 3409//6 57//6
f 3408//6 3410//6 3411//6
f 3410//6 3412//6 3411//6
f 3409//6 3408//6 57//6
f 3411//6 3413//6 3416//6
f 3413//6 3414//6 3416//6
f 3416//6 3415//6 3418//6
f 3415//6 3417//6 3418//6
f 3418//6 3420//6 3416//6
f 3420//6 3419//6 3416//6
f 3419//6 3433//6 3430//6
f 3430//6 3429//6 3428//6
f 3429//6 3427//6 3428//6
f 3428//6 3435//6 3441//6
f 3430//6 3428//6 3441//6
f 3416//6 3419//6 57//6
f 3419//6 3430//6 57//6
f 3441//6 3445//6 3446//6
f 3452//6 3444//6 3451//6
f 3444//6 3443//6 3451//6
f 3441//6 3446//6 3452//6
f 3430//6 3441//6 57//6
f 3441//6 3452//6 57//6
f 3451//6 3450//6 3455//6
f 3453//6 3460//6 3459//6
f 3451//6 3455//6 3453//6
f 3452//6 3451//6 3453//6
f 3453//6 3459//6 3454//6
f 3454//6 3458//6 3457//6
f 3456//6 3447//6 3448//6
f 3454//6 3457//6 3456//6
f 3453//6 3454//6 57//6
f 3454//6 3456//6 57//6
f 3448//6 3449//6 3438//6
f 3449//6 3436//6 3438//6
f 3436//6 3437//6 3438//6
f 3437//6 3440//6 3439//6
f 3438//6 3434//6 3442//6
f 3437//6 3439//6 3438//6
f 3442//6 3432//6 3008//6
f 3432//6 3431//6 3008//6
f 3456//6 3448//6 57//6
f 3448//6 3438//6 3023//6
f 57//6 3448//6 3023//6
f 2465//6 2762//6 2768//6
f 2462//6 2465//6 2768//6
f 2462//6 2768//6 2769//6
f 2468//6 2462//6 2769//6
f 2468//6 2769//6 2766//6
f 2461//6 2468//6 2763//6
f 2468//6 2766//6 2763//6
f 2471//6 2461//6 2763//6
f 2471//6 2763//6 2764//6
f 2448//6 2471//6 2764//6
f 2448//6 2764//6 2757//6
f 2453//6 2448//6 2757//6
f 2453//6 2757//6 2753//6
f 2457//6 2453//6 2753//6
f 2457//6 2753//6 2754//6
f 2439//6 2457//6 2754//6
f 2439//6 2754//6 2749//6
f 2484//6 2439//6 37//6
f 2439//6 2749//6 37//6
f 2749//6 2748//6 37//6
f 37//6 2748//6 57//6
f 37//6 2413//6 2417//6
f 2942//6 45//6 2939//6
f 45//6 57//6 3018//6
f 2939//6 45//6 3018//6
f 3011//6 3005//6 2939//6
f 2939//6 3018//6 3020//6
f 37//6 2417//6 2433//6
f 37//6 2433//6 2429//6
f 3009//6 3011//6 2939//6
f 3022//6 3009//6 2939//6
f 37//6 2429//6 2423//6
f 37//6 2423//6 2484//6
f 3013//6 3022//6 2939//6
f 3015//6 3013//6 2939//6
f 3017//6 3015//6 2939//6
f 3020//6 3017//6 2939//6
f 57//6 3472//6 3483//6
f 57//6 3483//6 3482//6
f 57//6 3482//6 3481//6
f 57//6 3481//6 3524//6
f 3019//6 3018//6 57//6
f 3021//6 3019//6 57//6
f 57//6 3524//6 3522//6
f 57//6 3522//6 3514//6
f 3014//6 3021//6 57//6
f 3016//6 3014//6 57//6
f 57//6 3514//6 3515//6
f 57//6 3515//6 3513//6
f 3023//6 3016//6 57//6
f 3010//6 3023//6 3438//6
f 57//6 3507//6 3503//6
f 3008//6 3010//6 3442//6
f 3442//6 3010//6 3438//6
f 3012//6 3008//6 3421//6
f 57//6 3503//6 3494//6
f 3007//6 3012//6 3424//6
f 3024//6 3007//6 3404//6
f 3008//6 3431//6 3421//6
f 57//6 3408//6 3411//6
f 57//6 3411//6 3416//6
f 2998//6 3024//6 3394//6
f 3000//6 2998//6 3391//6
f 3012//6 3421//6 3422//6
f 3002//6 3000//6 3382//6
f 3012//6 3422//6 3423//6
f 2996//6 3002//6 3368//6
f 3012//6 3423//6 3424//6
f 57//6 3452//6 3453//6
f 3004//6 2996//6 3360//6
f 3031//6 2994//6 3323//6
f 2994//6 2992//6 3385//6
f 3323//6 2994//6 3384//6
f 2992//6 3004//6 3387//6
f 3007//6 3424//6 3425//6
f 3384//6 2994//6 3385//6
f 3007//6 3425//6 3426//6
f 3406//6 3007//6 3426//6
f 3007//6 3406//6 3405//6
f 3386//6 3385//6 2992//6
f 3358//6 3388//6 3004//6
f 3388//6 3387//6 3004//6
f 3387//6 3386//6 2992//6
f 3007//6 3405//6 3404//6
f 3360//6 3389//6 3004//6
f 3389//6 3358//6 3004//6
f 3359//6 3390//6 2996//6
f 3390//6 3360//6 2996//6
f 3366//6 3383//6 3359//6
f 3367//6 3361//6 3363//6
f 3361//6 3362//6 3363//6
f 3362//6 3366//6 3364//6
f 3366//6 3359//6 3364//6
f 3364//6 3363//6 3362//6
f 3364//6 3359//6 2996//6
f 3024//6 3404//6 3399//6
f 3024//6 3399//6 3398//6
f 3365//6 3364//6 2996//6
f 3024//6 3398//6 3407//6
f 3024//6 3407//6 3394//6
f 3368//6 3365//6 2996//6
f 3374//6 3370//6 3369//6
f 3369//6 3368//6 3002//6
f 2998//6 3394//6 3395//6
f 3404//6 3403//6 3402//6
f 2998//6 3395//6 3396//6
f 3374//6 3369//6 3372//6
f 3371//6 3376//6 3375//6
f 3375//6 3374//6 3371//6
f 3374//6 3372//6 3371//6
f 2998//6 3396//6 3392//6
f 3404//6 3402//6 3401//6
f 3401//6 3400//6 3399//6
f 3404//6 3401//6 3399//6
f 2998//6 3392//6 3391//6
f 3373//6 3372//6 3002//6
f 3372//6 3369//6 3002//6
f 3382//6 3373//6 3002//6
f 3395//6 3397//6 3396//6
f 3000//6 3391//6 3393//6
f 3381//6 3382//6 3000//6
f 3377//6 3380//6 3381//6
f 3393//6 3379//6 3378//6
f 3378//6 3377//6 3393//6
f 3377//6 3381//6 3000//6
f 2905//6 2907//6 2827//6
f 2907//6 2826//6 2827//6
f 2872//6 2873//6 2775//6
f 2775//6 2776//6 2864//6
f 2821//6 2823//6 2738//6
f 2823//6 2741//6 2738//6
f 2463//6 2760//6 2762//6
f 2800//6 2772//6 2425//6
f 2772//6 2419//6 2425//6
f 2802//6 2800//6 2425//6
f 2802//6 2425//6 2431//6
f 2804//6 2802//6 2415//6
f 2802//6 2431//6 2415//6
f 2806//6 2804//6 2415//6
f 2806//6 2415//6 2436//6
f 2807//6 2806//6 2436//6
f 2807//6 2436//6 2407//6
f 2809//6 2807//6 2407//6
f 2809//6 2407//6 2408//6
f 2810//6 2809//6 2408//6
f 2810//6 2408//6 2399//6
f 2812//6 2810//6 2399//6
f 2812//6 2399//6 2403//6
f 2811//6 2812//6 37//6
f 2812//6 2403//6 37//6
f 2403//6 2395//6 37//6
f 2412//6 2413//6 37//6
f 25//6 2771//6 2799//6
f 25//6 2799//6 2801//6
f 2410//6 2412//6 37//6
f 2411//6 2410//6 37//6
f 25//6 2801//6 2803//6
f 25//6 2803//6 2805//6
f 2404//6 2411//6 37//6
f 2395//6 2404//6 37//6
f 25//6 2805//6 2808//6
f 25//6 2808//6 2811//6
f 208//7 301//7 295//7
f 310//8 301//8 208//8
f 255//9 313//9 310//9
f 261//10 315//10 313//10
f 322//11 315//11 261//11
f 132//12 267//12 2439//12
f 2391//13 335//13 322//13
f 182//14 270//14 267//14
f 2384//16 295//16 270//16
f 315//17 421//17 401//17
f 322//18 443//18 421//18
f 2439//19 267//19 367//19
f 335//20 465//20 443//20
f 270//21 379//21 367//21
f 295//23 388//23 379//23
f 301//24 391//24 388//24
f 310//25 392//25 391//25
f 313//26 401//26 392//26
f 499//28 490//28 379//28
f 502//29 499//29 388//29
f 392//30 505//30 502//30
f 508//31 505//31 392//31
f 421//32 511//32 508//32
f 513//33 511//33 421//33
f 2457//34 367//34 480//34
f 517//35 513//35 443//35
f 490//36 480//36 367//36
f 508//37 597//37 578//37
f 511//38 621//38 597//38
f 513//418 638//418 621//418
f 2453//40 480//40 520//40
f 646//41 638//41 513//41
f 490//42 526//42 520//42
f 499//44 552//44 526//44
f 564//45 552//45 499//45
f 578//46 564//46 502//46
f 705//47 691//47 638//47
f 673//48 661//48 520//48
f 679//50 673//50 526//50
f 680//51 679//51 552//51
f 684//52 680//52 564//52
f 685//53 684//53 578//53
f 688//54 685//54 597//54
f 691//55 688//55 621//55
f 520//56 661//56 2471//56
f 771//57 764//57 680//57
f 776//58 771//58 684//58
f 688//59 782//59 776//59
f 807//60 782//60 688//60
f 726//61 2461//61 2471//61
f 818//62 807//62 691//62
f 738//63 726//63 661//63
f 679//65 762//65 738//65
f 764//66 762//66 679//66
f 726//67 844//67 2468//67
f 818//68 927//68 911//68
f 852//3946 844//3946 726//3946
f 870//71 852//71 738//71
f 874//72 870//72 762//72
f 887//73 874//73 764//73
f 893//74 887//74 771//74
f 901//75 893//75 776//75
f 911//76 901//76 782//76
f 944//77 938//77 874//77
f 947//78 944//78 887//78
f 901//79 965//79 947//79
f 911//80 1004//80 965//80
f 933//81 2462//81 2468//81
f 927//82 1023//82 1004//82
f 936//83 933//83 844//83
f 870//85 937//85 936//85
f 874//86 938//86 937//86
f 1074//87 1069//87 965//87
f 1029//88 2465//88 2462//88
f 1085//89 1074//89 1004//89
f 1048//90 1029//90 933//90
f 937//92 1059//92 1048//92
f 938//93 1060//93 1059//93
f 944//94 1063//94 1060//94
f 947//95 1064//95 1063//95
f 965//96 1069//96 1064//96
f 1126//97 1125//97 1059//97
f 1140//98 1126//98 1060//98
f 1161//408 1140//408 1063//408
f 1069//100 1185//100 1161//100
f 1074//101 1191//101 1185//101
f 1102//102 2463//102 2465//102
f 1085//103 1197//103 1191//103
f 1113//104 1102//104 1029//104
f 1059//106 1125//106 1113//106
f 1288//107 1271//107 1185//107
f 1102//108 1208//108 2464//108
f 1197//109 1292//109 1288//109
f 1214//110 1208//110 1102//110
f 1125//112 1236//112 1214//112
f 1126//113 1250//113 1236//113
f 1140//114 1260//114 1250//114
f 1161//3947 1269//3947 1260//3947
f 1271//116 1269//116 1161//116
f 1250//117 1297//117 1296//117
f 1298//118 1297//118 1250//118
f 1299//119 1298//119 1260//119
f 1271//120 1308//120 1299//120
f 1288//121 1318//121 1308//121
f 1208//122 1294//122 2466//122
f 1292//123 1332//123 1318//123
f 1295//124 1294//124 1208//124
f 1236//126 1296//126 1295//126
f 1404//127 1397//127 1299//127
f 1407//128 1404//128 1308//128
f 1294//129 1347//129 2459//129
f 1332//130 1410//130 1407//130
f 1355//131 1347//131 1294//131
f 1375//133 1355//133 1295//133
f 1379//134 1375//134 1296//134
f 1298//135 1382//135 1379//135
f 1299//136 1397//136 1382//136
f 1414//138 1412//138 1355//138
f 1416//139 1414//139 1375//139
f 1422//140 1416//140 1379//140
f 1432//141 1422//141 1382//141
f 1404//142 1451//142 1432//142
f 1463//143 1451//143 1404//143
f 1347//144 1411//144 2460//144
f 1410//145 1468//145 1463//145
f 1412//419 1411//419 1347//419
f 1521//147 1496//147 1422//147
f 1451//148 1531//148 1521//148
f 1537//149 1531//149 1451//149
f 1472//150 2475//150 2460//150
f 1468//151 1540//151 1537//151
f 1481//152 1472//152 1411//152
f 1414//154 1487//154 1481//154
f 1494//155 1487//155 1414//155
f 1422//156 1496//156 1494//156
f 1546//157 1544//157 1472//157
f 1549//159 1546//159 1481//159
f 1494//160 1554//160 1549//160
f 1558//161 1554//161 1494//161
f 1568//162 1558//162 1496//162
f 1573//163 1568//163 1521//163
f 1537//164 1576//164 1573//164
f 1472//165 1544//165 2452//165
f 1582//166 1576//166 1537//166
f 1652//167 1642//167 1558//167
f 1654//168 1652//168 1568//168
f 1655//409 1654//409 1573//409
f 1589//170 2442//170 2452//170
f 1582//171 1656//171 1655//171
f 1546//172 1590//172 1589//172
f 1604//174 1590//174 1546//174
f 1554//175 1612//175 1604//175
f 1642//176 1612//176 1554//176
f 1689//177 1682//177 1655//177
f 1658//178 1657//178 1589//178
f 1659//180 1658//180 1590//180
f 1660//181 1659//181 1604//181
f 1661//182 1660//182 1612//182
f 1652//183 1665//183 1661//183
f 1671//184 1665//184 1652//184
f 1655//185 1682//185 1671//185
f 1589//186 1657//186 2456//186
f 1716//187 1714//187 1660//187
f 1665//188 1723//188 1716//188
f 1732//189 1723//189 1665//189
f 1735//190 1732//190 1671//190
f 1695//191 2438//191 2456//191
f 1740//192 1735//192 1682//192
f 1704//193 1695//193 1657//193
f 1659//195 1709//195 1704//195
f 1660//196 1714//196 1709//196
f 1742//197 2479//197 2438//197
f 1740//198 1773//198 1772//198
f 1744//199 1742//199 1695//199
f 1752//201 1744//201 1704//201
f 1754//202 1752//202 1709//202
f 1716//203 1761//203 1754//203
f 1769//204 1761//204 1716//204
f 1732//205 1771//205 1769//205
f 1772//206 1771//206 1732//206
f 1761//207 1796//207 1786//207
f 1769//208 1805//208 1796//208
f 1771//209 1821//209 1805//209
f 1822//210 1821//210 1771//210
f 1742//211 1774//211 2421//211
f 1773//212 1827//212 1822//212
f 1777//213 1774//213 1742//213
f 1752//215 1783//215 1777//215
f 1786//216 1783//216 1752//216
f 1852//217 1851//217 1821//217
f 2419//218 2421//218 1774//218
f 1774//218 1829//218 2419//218
f 1827//219 1854//219 1852//219
f 1831//220 1829//220 1774//220
f 1837//222 1831//222 1777//222
f 1839//223 1837//223 1783//223
f 1796//224 1843//224 1839//224
f 1847//225 1843//225 1796//225
f 1851//226 1847//226 1805//226
f 1883//227 1875//227 1837//227
f 1843//228 1892//228 1883//228
f 1847//229 1896//229 1892//229
f 1899//230 1896//230 1847//230
f 1905//231 1899//231 1851//231
f 1829//232 1857//232 2431//232
f 1854//233 1906//233 1905//233
f 1860//234 1857//234 1829//234
f 1875//236 1860//236 1831//236
f 1940//237 1938//237 1896//237
f 1905//420 1942//420 1940//420
f 1911//239 2415//239 2431//239
f 1945//240 1942//240 1905//240
f 1913//410 1911//410 1857//410
f 1923//243 1913//243 1860//243
f 1883//244 1925//244 1923//244
f 1936//245 1925//245 1883//245
f 1896//246 1938//246 1936//246
f 1956//247 1950//247 1913//247
f 1925//248 1962//248 1956//248
f 1936//249 1966//249 1962//249
f 1938//250 1970//250 1966//250
f 1940//251 1982//251 1970//251
f 1942//252 1989//252 1982//252
f 1911//253 1947//253 2436//253
f 1945//254 1992//254 1989//254
f 1950//255 1947//255 1911//255
f 2017//257 2016//257 1970//257
f 1989//258 2018//258 2017//258
f 1947//259 2005//259 2407//259
f 1992//260 2019//260 2018//260
f 2008//261 2005//261 1947//261
f 1956//263 2012//263 2008//263
f 1962//264 2014//264 2012//264
f 2015//265 2014//265 1962//265
f 1970//266 2016//266 2015//266
f 2022//268 2021//268 2008//268
f 2014//269 2030//269 2022//269
f 2038//270 2030//270 2014//270
f 2016//271 2044//271 2038//271
f 2017//272 2048//272 2044//272
f 2050//273 2048//273 2017//273
f 2005//274 2020//274 2408//274
f 2052//275 2050//275 2018//275
f 2021//3948 2020//3948 2005//3948
f 2073//277 2070//277 2038//277
f 2075//278 2073//278 2044//278
f 2076//279 2075//279 2048//279
f 2020//3949 2054//3949 2399//3949
f 2052//281 2078//281 2076//281
f 2021//282 2059//282 2054//282
f 2062//284 2059//284 2021//284
f 2067//285 2062//285 2022//285
f 2070//286 2067//286 2030//286
f 2059//287 2085//287 2081//287
f 2090//289 2085//289 2059//289
f 2092//290 2090//290 2062//290
f 2094//291 2092//291 2067//291
f 2073//292 2099//292 2094//292
f 2101//293 2099//293 2073//293
f 2076//294 2102//294 2101//294
f 2054//295 2081//295 2403//295
f 2105//296 2102//296 2076//296
f 2133//297 2132//297 2094//297
f 2134//298 2133//298 2099//298
f 2135//299 2134//299 2101//299
f 2081//300 2113//300 2395//300
f 2105//301 2137//301 2135//301
f 2085//302 2120//302 2113//302
f 2127//304 2120//304 2085//304
f 2092//3950 2131//3950 2127//3950
f 2132//306 2131//306 2092//306
f 2164//307 2159//307 2135//307
f 2140//308 2139//308 2113//308
f 2143//310 2140//310 2120//310
f 2144//412 2143//412 2127//412
f 2132//312 2146//312 2144//312
f 2133//313 2149//313 2146//313
f 2134//314 2155//314 2149//314
f 2135//315 2159//315 2155//315
f 2113//316 2139//316 2404//316
f 2185//317 2184//317 2144//317
f 2187//318 2185//318 2146//318
f 2189//319 2187//319 2149//319
f 2191//320 2189//320 2155//320
f 2139//321 2175//321 2411//321
f 2164//322 2195//322 2191//322
f 2140//323 2179//323 2175//323
f 2182//325 2179//325 2140//325
f 2184//326 2182//326 2143//326
f 2191//327 2218//327 2216//327
f 2175//414 2196//414 2410//414
f 2219//329 2218//329 2191//329
f 2203//330 2196//330 2175//330
f 2204//332 2203//332 2179//332
f 2184//333 2209//333 2204//333
f 2211//334 2209//334 2184//334
f 2187//335 2213//335 2211//335
f 2189//336 2216//336 2213//336
f 2209//337 2241//337 2231//337
f 2242//338 2241//338 2209//338
f 2247//339 2242//339 2211//339
f 2254//340 2247//340 2213//340
f 2257//341 2254//341 2216//341
f 2196//342 2223//342 2412//342
f 2219//343 2258//343 2257//343
f 2227//3951 2223//3951 2196//3951
f 2204//346 2231//346 2227//346
f 2257//347 2270//347 2269//347
f 2412//348 2223//348 2261//348
f 2273//349 2270//349 2257//349
f 2227//350 2263//350 2261//350
f 2231//352 2265//352 2263//352
f 2241//353 2266//353 2265//353
f 2267//354 2266//354 2241//354
f 2247//355 2268//355 2267//355
f 2254//356 2269//356 2268//356
f 2266//357 2298//357 2294//357
f 2300//358 2298//358 2266//358
f 2268//359 2302//359 2300//359
f 2306//360 2302//360 2268//360
f 2308//361 2306//361 2269//361
f 2282//362 2417//362 2413//362
f 2310//363 2308//363 2270//363
f 2263//364 2293//364 2282//364
f 2294//366 2293//366 2263//366
f 2329//367 2327//367 2302//367
f 2331//416 2329//416 2306//416
f 2282//369 2315//369 2433//369
f 2310//370 2335//370 2331//370
f 2293//371 2319//371 2315//371
f 2322//373 2319//373 2293//373
f 2324//374 2322//374 2294//374
f 2326//375 2324//375 2298//375
f 2302//376 2327//376 2326//376
f 2350//377 2346//377 2319//377
f 2324//378 2352//378 2350//378
f 2355//379 2352//379 2324//379
f 2362//380 2355//380 2326//380
f 2366//381 2362//381 2327//381
f 2369//382 2366//382 2329//382
f 2341//417 2429//417 2433//417
f 2335//384 2372//384 2369//384
f 2319//385 2346//385 2341//385
f 2380//387 2379//387 2362//387
f 2381//388 2380//388 2366//388
f 2374//389 2423//389 2429//389
f 2382//390 2381//390 2369//390
f 2346//391 2375//391 2374//391
f 2376//393 2375//393 2346//393
f 2352//394 2377//394 2376//394
f 2378//395 2377//395 2352//395
f 2379//396 2378//396 2355//396
f 2376//398 2384//398 182//398
f 2377//427 208//427 2384//427
f 2378//400 228//400 208//400
f 2379//401 255//401 228//401
f 2380//402 261//402 255//402
f 2381//403 2387//403 261//403
f 132//404 2484//404 2423//404
f 2391//405 2387//405 2381//405
f 2375//406 182//406 132//406
f 198//7 390//7 386//7
f 396//8 390//8 198//8
f 397//9 396//9 211//9
f 241//10 408//10 397//10
f 2728//11 437//11 408//11
f 125//12 346//12 2756//12
f 2729//13 453//13 437//13
f 374//14 346//14 125//14
f 2727//16 386//16 374//16
f 642//17 635//17 397//17
f 437//18 655//18 642//18
f 2756//19 346//19 538//19
f 453//20 668//20 655//20
f 374//21 562//21 538//21
f 386//23 571//23 562//23
f 390//24 581//24 571//24
f 396//25 606//25 581//25
f 397//26 635//26 606//26
f 571//28 767//28 766//28
f 581//29 777//29 767//29
f 798//30 777//30 581//30
f 810//31 798//31 606//31
f 812//32 810//32 635//32
f 826//33 812//33 642//33
f 538//34 751//34 2758//34
f 862//35 826//35 655//35
f 766//36 751//36 538//36
f 810//37 1022//37 994//37
f 812//38 1043//38 1022//38
f 826//39 1056//39 1043//39
f 2758//40 751//40 940//40
f 862//41 1057//41 1056//41
f 941//42 940//42 751//42
f 767//44 953//44 941//44
f 777//45 985//45 953//45
f 994//46 985//46 777//46
f 1239//47 1229//47 1056//47
f 1145//48 1132//48 940//48
f 953//50 1180//50 1145//50
f 1187//51 1180//51 953//51
f 1193//52 1187//52 985//52
f 1202//53 1193//53 994//53
f 1223//54 1202//54 1022//54
f 1056//55 1229//55 1223//55
f 940//56 1132//56 2767//56
f 1352//57 1343//57 1187//57
f 1365//58 1352//58 1193//58
f 1223//59 1370//59 1365//59
f 1380//60 1370//60 1223//60
f 1132//61 1301//61 2770//61
f 1239//62 1386//62 1380//62
f 1317//63 1301//63 1132//63
f 1325//65 1317//65 1145//65
f 1343//66 1325//66 1180//66
f 1301//67 1437//67 2761//67
f 1386//68 1505//68 1501//68
f 1459//69 1437//69 1301//69
f 1325//71 1467//71 1459//71
f 1474//72 1467//72 1325//72
f 1485//73 1474//73 1343//73
f 1490//74 1485//74 1352//74
f 1492//75 1490//75 1365//75
f 1501//76 1492//76 1370//76
f 1609//77 1598//77 1474//77
f 1623//78 1609//78 1485//78
f 1492//79 1630//79 1623//79
f 1647//80 1630//80 1492//80
f 1437//81 1578//81 2759//81
f 1505//82 1653//82 1647//82
f 1580//83 1578//83 1437//83
f 1467//85 1587//85 1580//85
f 1598//86 1587//86 1467//86
f 1647//87 1727//87 1721//87
f 1686//88 2751//88 2759//88
f 1737//89 1727//89 1647//89
f 1692//90 1686//90 1578//90
f 1587//92 1699//92 1692//92
f 1707//93 1699//93 1587//93
f 1711//94 1707//94 1598//94
f 1718//95 1711//95 1609//95
f 1630//96 1721//96 1718//96
f 1793//97 1782//97 1699//97
f 1711//98 1800//98 1793//98
f 1813//408 1800//408 1711//408
f 1721//100 1817//100 1813//100
f 1825//101 1817//101 1721//101
f 1775//102 2747//102 2751//102
f 1737//103 1826//103 1825//103
f 1780//104 1775//104 1686//104
f 1699//106 1782//106 1780//106
f 1825//107 1907//107 1904//107
f 1775//108 1861//108 2743//108
f 1826//109 1908//109 1907//109
f 1865//110 1861//110 1775//110
f 1782//112 1878//112 1865//112
f 1889//113 1878//113 1782//113
f 1800//114 1897//114 1889//114
f 1901//115 1897//115 1800//115
f 1904//116 1901//116 1813//116
f 1968//117 1964//117 1878//117
f 1973//118 1968//118 1889//118
f 1901//119 1985//119 1973//119
f 1990//120 1985//120 1901//120
f 2001//121 1990//121 1904//121
f 1861//122 1954//122 2745//122
f 2011//123 2001//123 1907//123
f 1961//124 1954//124 1861//124
f 1964//126 1961//126 1865//126
f 2056//127 2051//127 1985//127
f 2060//128 2056//128 1990//128
f 1954//129 2024//129 2742//129
f 2064//130 2060//130 2001//130
f 2034//131 2024//131 1954//131
f 2041//133 2034//133 1961//133
f 2045//134 2041//134 1964//134
f 2049//135 2045//135 1968//135
f 2051//136 2049//136 1973//136
f 2100//138 2098//138 2034//138
f 2103//139 2100//139 2041//139
f 2049//140 2104//140 2103//140
f 2051//141 2107//141 2104//141
f 2115//142 2107//142 2051//142
f 2060//143 2124//143 2115//143
f 2096//144 2744//144 2742//144
f 2064//145 2128//145 2124//145
f 2098//146 2096//146 2024//146
f 2107//147 2176//147 2172//147
f 2181//148 2176//148 2107//148
f 2183//149 2181//149 2115//149
f 2096//150 2152//150 2739//150
f 2186//151 2183//151 2124//151
f 2157//152 2152//152 2096//152
f 2100//154 2161//154 2157//154
f 2103//155 2168//155 2161//155
f 2172//156 2168//156 2103//156
f 2217//157 2215//157 2152//157
f 2221//159 2217//159 2157//159
f 2168//160 2224//160 2221//160
f 2228//161 2224//161 2168//161
f 2176//162 2236//162 2228//162
f 2239//163 2236//163 2176//163
f 2183//164 2245//164 2239//164
f 2152//165 2215//165 2740//165
f 2248//166 2245//166 2183//166
f 2299//167 2297//167 2228//167
f 2301//168 2299//168 2236//168
f 2303//409 2301//409 2239//409
f 2215//170 2271//170 2741//170
f 2305//171 2303//171 2245//171
f 2275//172 2271//172 2215//172
f 2279//174 2275//174 2217//174
f 2288//175 2279//175 2221//175
f 2297//176 2288//176 2224//176
f 2368//177 2363//177 2303//177
f 2275//178 2342//178 2339//178
f 2345//180 2342//180 2275//180
f 2349//181 2345//181 2279//181
f 2297//182 2351//182 2349//182
f 2353//183 2351//183 2297//183
f 2360//184 2353//184 2299//184
f 2363//185 2360//185 2301//185
f 2271//186 2339//186 2738//186
f 2397//187 2394//187 2349//187
f 2401//188 2397//188 2351//188
f 2360//189 2405//189 2401//189
f 2406//190 2405//190 2360//190
f 2339//191 2383//191 2736//191
f 2409//192 2406//192 2363//192
f 2342//193 2385//193 2383//193
f 2389//195 2385//195 2342//195
f 2349//196 2394//196 2389//196
f 2383//197 2428//197 2734//197
f 2450//198 2446//198 2406//198
f 2432//199 2428//199 2383//199
f 2434//201 2432//201 2385//201
f 2435//202 2434//202 2389//202
f 2397//203 2437//203 2435//203
f 2440//204 2437//204 2397//204
f 2444//205 2440//205 2401//205
f 2406//206 2446//206 2444//206
f 2437//207 2482//207 2478//207
f 2485//208 2482//208 2437//208
f 2487//209 2485//209 2440//209
f 2488//210 2487//210 2444//210
f 2428//211 2467//211 2735//211
f 2450//212 2489//212 2488//212
f 2470//213 2467//213 2428//213
f 2474//215 2470//215 2432//215
f 2435//216 2478//216 2474//216
f 2488//217 2498//217 2496//217
f 2467//218 2490//218 2733//218
f 2489//219 2500//219 2498//219
f 2491//220 2490//220 2467//220
f 2492//222 2491//222 2470//222
f 2493//223 2492//223 2474//223
f 2482//224 2494//224 2493//224
f 2495//225 2494//225 2482//225
f 2496//226 2495//226 2485//226
f 2507//227 2506//227 2492//227
f 2509//228 2507//228 2493//228
f 2511//229 2509//229 2494//229
f 2496//230 2513//230 2511//230
f 2515//231 2513//231 2496//231
f 2490//232 2502//232 2737//232
f 2516//233 2515//233 2498//233
f 2503//234 2502//234 2490//234
f 2492//236 2506//236 2503//236
f 2523//237 2522//237 2511//237
f 2515//238 2524//238 2523//238
f 2502//239 2517//239 2731//239
f 2526//240 2524//240 2515//240
f 2518//410 2517//410 2502//410
f 2519//243 2518//243 2503//243
f 2507//244 2520//244 2519//244
f 2521//245 2520//245 2507//245
f 2522//246 2521//246 2509//246
f 2531//247 2529//247 2518//247
f 2534//248 2531//248 2519//248
f 2535//249 2534//249 2520//249
f 2522//250 2538//250 2535//250
f 2540//251 2538//251 2522//251
f 2542//252 2540//252 2523//252
f 2528//253 2732//253 2731//253
f 2543//254 2542//254 2524//254
f 2529//255 2528//255 2517//255
f 2550//257 2549//257 2538//257
f 2542//258 2551//258 2550//258
f 2528//259 2544//259 2730//259
f 2543//260 2552//260 2551//260
f 2545//261 2544//261 2528//261
f 2546//263 2545//263 2529//263
f 2547//264 2546//264 2531//264
f 2548//265 2547//265 2534//265
f 2538//266 2549//266 2548//266
f 2557//268 2555//268 2545//268
f 2547//269 2560//269 2557//269
f 2561//270 2560//270 2547//270
f 2549//271 2563//271 2561//271
f 2550//272 2565//272 2563//272
f 2567//273 2565//273 2550//273
f 2544//274 2553//274 2746//274
f 2569//275 2567//275 2551//275
f 2555//276 2553//276 2544//276
f 2576//277 2575//277 2561//277
f 2565//278 2577//278 2576//278
f 2578//279 2577//279 2565//279
f 2553//280 2571//280 2750//280
f 2579//281 2578//281 2567//281
f 2555//282 2572//282 2571//282
f 2573//284 2572//284 2555//284
f 2560//285 2574//285 2573//285
f 2561//286 2575//286 2574//286
f 2581//287 2580//287 2571//287
f 2583//289 2581//289 2572//289
f 2574//290 2585//290 2583//290
f 2587//291 2585//291 2574//291
f 2589//292 2587//292 2575//292
f 2591//293 2589//293 2576//293
f 2593//294 2591//294 2577//294
f 2571//295 2580//295 2752//295
f 2579//296 2596//296 2593//296
f 2589//297 2603//297 2602//297
f 2591//298 2604//298 2603//298
f 2593//299 2605//299 2604//299
f 2580//300 2598//300 2760//300
f 2606//301 2605//301 2593//301
f 2599//302 2598//302 2580//302
f 2600//304 2599//304 2581//304
f 2585//305 2601//305 2600//305
f 2602//306 2601//306 2585//306
f 2606//307 2622//307 2620//307
f 2608//308 2607//308 2598//308
f 2610//310 2608//310 2599//310
f 2611//412 2610//412 2600//412
f 2602//3952 2613//3952 2611//3952
f 2616//313 2613//313 2602//313
f 2618//314 2616//314 2603//314
f 2605//315 2620//315 2618//315
f 2768//316 2762//316 2607//316
f 2762//316 2760//316 2598//316
f 2629//317 2628//317 2611//317
f 2630//318 2629//318 2613//318
f 2631//319 2630//319 2616//319
f 2632//320 2631//320 2618//320
f 2607//321 2623//321 2769//321
f 2633//322 2632//322 2620//322
f 2625//323 2623//323 2607//323
f 2610//325 2627//325 2625//325
f 2611//326 2628//326 2627//326
f 2632//327 2646//327 2644//327
f 2623//414 2634//414 2766//414
f 2648//329 2646//329 2632//329
f 2635//330 2634//330 2623//330
f 2636//332 2635//332 2625//332
f 2628//333 2637//333 2636//333
f 2639//334 2637//334 2628//334
f 2630//335 2641//335 2639//335
f 2631//336 2644//336 2641//336
f 2637//337 2655//337 2653//337
f 2656//338 2655//338 2637//338
f 2657//339 2656//339 2639//339
f 2658//340 2657//340 2641//340
f 2646//341 2659//341 2658//341
f 2634//342 2649//342 2763//342
f 2660//343 2659//343 2646//343
f 2635//3951 2652//3951 2649//3951
f 2653//346 2652//346 2635//346
f 2659//347 2672//347 2670//347
f 2649//348 2661//348 2764//348
f 2674//349 2672//349 2659//349
f 2652//350 2662//350 2661//350
f 2663//352 2662//352 2652//352
f 2655//353 2664//353 2663//353
f 2656//354 2666//354 2664//354
f 2657//355 2667//355 2666//355
f 2670//356 2667//356 2657//356
f 2664//357 2682//357 2680//357
f 2683//358 2682//358 2664//358
f 2684//359 2683//359 2666//359
f 2685//360 2684//360 2667//360
f 2672//361 2686//361 2685//361
f 2661//362 2676//362 2757//362
f 2687//363 2686//363 2672//363
f 2662//364 2678//364 2676//364
f 2680//366 2678//366 2662//366
f 2696//367 2694//367 2684//367
f 2686//416 2698//416 2696//416
f 2676//369 2688//369 2753//369
f 2700//370 2698//370 2686//370
f 2678//371 2689//371 2688//371
f 2690//373 2689//373 2678//373
f 2682//374 2691//374 2690//374
f 2683//375 2692//375 2691//375
f 2684//376 2694//376 2692//376
f 2690//377 2706//377 2703//377
f 2708//378 2706//378 2690//378
f 2710//379 2708//379 2691//379
f 2711//380 2710//380 2692//380
f 2712//381 2711//381 2694//381
f 2698//382 2713//382 2712//382
f 2688//417 2701//417 2754//417
f 2714//384 2713//384 2698//384
f 2703//385 2701//385 2688//385
f 2724//387 2723//387 2711//387
f 2725//388 2724//388 2712//388
f 2701//389 2715//389 2749//389
f 2714//390 2726//390 2725//390
f 2703//391 2717//391 2715//391
f 2706//393 2719//393 2717//393
f 2708//394 2721//394 2719//394
f 2722//395 2721//395 2708//395
f 2723//396 2722//396 2710//396
f 2719//398 2727//398 159//398
f 2721//427 198//427 2727//427
f 2722//400 211//400 198//400
f 2723//401 215//401 211//401
f 2724//402 241//402 215//402
f 2725//403 2728//403 241//403
f 2715//404 125//404 2748//404
f 2729//405 2728//405 2725//405
f 2717//406 159//406 125//406
f 171//9 321//9 318//9
f 325//10 321//10 171//10
f 2718//11 349//11 325//11
f 104//12 280//12 2781//12
f 2720//13 358//13 349//13
f 304//14 280//14 104//14
f 2716//16 308//16 304//16
f 312//7 308//7 2716//7
f 318//8 312//8 149//8
f 484//18 483//18 325//18
f 2781//19 280//19 417//19
f 498//20 484//20 349//20
f 429//21 417//21 280//21
f 308//23 435//23 429//23
f 440//24 435//24 308//24
f 455//25 440//25 312//25
f 321//26 474//26 455//26
f 483//17 474//17 321//17
f 575//29 568//29 435//29
f 587//30 575//30 440//30
f 474//31 595//31 587//31
f 600//32 595//32 474//32
f 484//33 617//33 600//33
f 2784//34 417//34 556//34
f 630//35 617//35 484//35
f 566//36 556//36 417//36
f 568//28 566//28 429//28
f 757//39 754//39 600//39
f 556//40 686//40 2786//40
f 765//41 757//41 617//41
f 690//42 686//42 556//42
f 568//44 696//44 690//44
f 575//45 712//45 696//45
f 587//46 729//46 712//46
f 595//37 745//37 729//37
f 754//38 745//38 595//38
f 855//51 848//51 696//51
f 729//52 858//52 855//52
f 745//53 867//53 858//53
f 872//54 867//54 745//54
f 757//55 881//55 872//55
f 686//56 817//56 2790//56
f 765//47 890//47 881//47
f 690//48 832//48 817//48
f 696//50 848//50 832//50
f 1015//59 1009//59 867//59
f 1027//60 1015//60 872//60
f 817//61 945//61 2788//61
f 1037//62 1027//62 881//62
f 958//63 945//63 817//63
f 848//65 969//65 958//65
f 979//66 969//66 848//66
f 858//57 988//57 979//57
f 1009//58 988//58 858//58
f 1119//71 1107//71 958//71
f 979//72 1120//72 1119//72
f 988//73 1131//73 1120//73
f 1137//74 1131//74 988//74
f 1141//75 1137//75 1009//75
f 1027//76 1150//76 1141//76
f 945//67 1099//67 2797//67
f 1037//68 1163//68 1150//68
f 1107//3946 1099//3946 945//3946
f 1265//78 1256//78 1131//78
f 1281//79 1265//79 1137//79
f 1290//80 1281//80 1141//80
f 1099//81 1225//81 2796//81
f 1163//82 1293//82 1290//82
f 1231//83 1225//83 1099//83
f 1237//85 1231//85 1107//85
f 1245//86 1237//86 1119//86
f 1256//77 1245//77 1120//77
f 1330//90 1327//90 1225//90
f 1339//92 1330//92 1231//92
f 1245//93 1348//93 1339//93
f 1351//94 1348//94 1245//94
f 1265//95 1356//95 1351//95
f 1361//96 1356//96 1265//96
f 1369//87 1361//87 1281//87
f 1225//88 1327//88 2794//88
f 1377//89 1369//89 1290//89
f 1444//408 1434//408 1351//408
f 1361//100 1456//100 1444//100
f 1369//101 1462//101 1456//101
f 1327//102 1413//102 2792//102
f 1465//103 1462//103 1369//103
f 1419//104 1413//104 1327//104
f 1420//106 1419//106 1330//106
f 1425//97 1420//97 1339//97
f 1434//98 1425//98 1348//98
f 1465//109 1547//109 1545//109
f 1510//110 1499//110 1413//110
f 1519//112 1510//112 1419//112
f 1425//113 1526//113 1519//113
f 1434//114 1534//114 1526//114
f 1538//115 1534//115 1434//115
f 1543//116 1538//116 1444//116
f 1545//107 1543//107 1456//107
f 1413//108 1499//108 2793//108
f 1619//118 1608//118 1526//118
f 1628//119 1619//119 1534//119
f 1543//120 1634//120 1628//120
f 1637//121 1634//121 1543//121
f 1499//122 1595//122 2791//122
f 1547//123 1649//123 1637//123
f 1601//124 1595//124 1499//124
f 1605//126 1601//126 1510//126
f 1608//117 1605//117 1519//117
f 1595//129 1669//129 2795//129
f 1702//130 1697//130 1637//130
f 1601//131 1676//131 1669//131
f 1605//133 1681//133 1676//133
f 1684//134 1681//134 1605//134
f 1688//135 1684//135 1608//135
f 1628//136 1690//136 1688//136
f 1693//127 1690//127 1628//127
f 1697//128 1693//128 1634//128
f 1743//140 1741//140 1684//140
f 1690//141 1746//141 1743//141
f 1758//142 1746//142 1690//142
f 1697//143 1765//143 1758//143
f 1734//144 2787//144 2795//144
f 1767//145 1765//145 1697//145
f 1676//146 1738//146 1734//146
f 1739//138 1738//138 1676//138
f 1684//139 1741//139 1739//139
f 1823//149 1820//149 1758//149
f 1790//150 2789//150 2787//150
f 1767//151 1824//151 1823//151
f 1795//152 1790//152 1734//152
f 1798//154 1795//154 1738//154
f 1802//155 1798//155 1739//155
f 1809//156 1802//156 1741//156
f 1816//147 1809//147 1743//147
f 1820//148 1816//148 1746//148
f 1864//160 1858//160 1798//160
f 1868//161 1864//161 1802//161
f 1816//162 1869//162 1868//162
f 1820//163 1880//163 1869//163
f 1882//164 1880//164 1820//164
f 1790//165 1855//165 2798//165
f 1885//166 1882//166 1823//166
f 1795//157 1856//157 1855//157
f 1858//159 1856//159 1795//159
f 1939//168 1937//168 1869//168
f 1941//409 1939//409 1880//409
f 1909//170 2782//170 2798//170
f 1943//171 1941//171 1882//171
f 1916//172 1909//172 1855//172
f 1919//174 1916//174 1856//174
f 1864//175 1929//175 1919//175
f 1933//176 1929//176 1864//176
f 1869//167 1937//167 1933//167
f 1984//180 1980//180 1916//180
f 1929//181 1987//181 1984//181
f 1991//182 1987//182 1929//182
f 1937//183 1993//183 1991//183
f 1999//184 1993//184 1937//184
f 1941//185 2003//185 1999//185
f 1978//186 2783//186 2782//186
f 1943//177 2007//177 2003//177
f 1980//178 1978//178 1909//178
f 2043//189 2042//189 1993//189
f 2046//190 2043//190 1999//190
f 2023//191 2780//191 2783//191
f 2007//192 2047//192 2046//192
f 2026//193 2023//193 1978//193
f 2028//195 2026//195 1980//195
f 2032//196 2028//196 1984//196
f 1991//187 2036//187 2032//187
f 2042//188 2036//188 1991//188
f 2028//201 2072//201 2071//201
f 2074//202 2072//202 2028//202
f 2036//203 2077//203 2074//203
f 2079//204 2077//204 2036//204
f 2082//205 2079//205 2042//205
f 2087//206 2082//206 2043//206
f 2023//197 2068//197 2779//197
f 2089//198 2087//198 2046//198
f 2071//199 2068//199 2023//199
f 2123//208 2119//208 2077//208
f 2126//209 2123//209 2079//209
f 2129//210 2126//210 2082//210
f 2068//211 2106//211 2777//211
f 2130//212 2129//212 2087//212
f 2109//213 2106//213 2068//213
f 2111//215 2109//215 2071//215
f 2074//216 2117//216 2111//216
f 2119//207 2117//207 2074//207
f 2154//220 2150//220 2106//220
f 2156//222 2154//222 2109//222
f 2158//223 2156//223 2111//223
f 2119//224 2160//224 2158//224
f 2162//225 2160//225 2119//225
f 2163//226 2162//226 2123//226
f 2166//217 2163//217 2126//217
f 2106//218 2150//218 2775//218
f 2170//219 2166//219 2129//219
f 2162//229 2207//229 2201//229
f 2163//230 2210//230 2207//230
f 2212//231 2210//231 2163//231
f 2150//232 2188//232 2776//232
f 2170//233 2214//233 2212//233
f 2190//234 2188//234 2150//234
f 2192//236 2190//236 2154//236
f 2158//227 2198//227 2192//227
f 2160//228 2201//228 2198//228
f 2252//240 2250//240 2212//240
f 2235//410 2232//410 2188//410
f 2238//243 2235//243 2190//243
f 2198//244 2240//244 2238//244
f 2243//245 2240//245 2198//245
f 2207//246 2244//246 2243//246
f 2210//237 2246//237 2244//237
f 2250//238 2246//238 2210//238
f 2188//239 2232//239 2773//239
f 2284//249 2280//249 2240//249
f 2244//250 2286//250 2284//250
f 2246//251 2290//251 2286//251
f 2250//252 2295//252 2290//252
f 2771//253 2773//253 2232//253
f 2232//253 2272//253 2771//253
f 2296//254 2295//254 2250//254
f 2235//255 2274//255 2272//255
f 2276//247 2274//247 2235//247
f 2240//248 2280//248 2276//248
f 2295//258 2333//258 2330//258
f 2272//259 2313//259 2801//259
f 2296//260 2336//260 2333//260
f 2317//261 2313//261 2272//261
f 2321//263 2317//263 2274//263
f 2280//264 2323//264 2321//264
f 2325//265 2323//265 2280//265
f 2286//266 2328//266 2325//266
f 2330//257 2328//257 2286//257
f 2323//269 2364//269 2361//269
f 2365//270 2364//270 2323//270
f 2367//271 2365//271 2325//271
f 2330//272 2370//272 2367//272
f 2333//273 2371//273 2370//273
f 2313//274 2357//274 2803//274
f 2373//275 2371//275 2333//275
f 2358//3948 2357//3948 2313//3948
f 2361//268 2358//268 2317//268
f 2400//279 2398//279 2370//279
f 2357//3949 2386//3949 2805//3949
f 2373//281 2402//281 2400//281
f 2358//282 2388//282 2386//282
f 2390//284 2388//284 2358//284
f 2392//285 2390//285 2361//285
f 2393//286 2392//286 2364//286
f 2396//277 2393//277 2365//277
f 2398//278 2396//278 2367//278
f 2420//290 2418//290 2390//290
f 2422//291 2420//291 2392//291
f 2424//292 2422//292 2393//292
f 2426//293 2424//293 2396//293
f 2427//294 2426//294 2398//294
f 2386//295 2414//295 2808//295
f 2430//296 2427//296 2400//296
f 2388//287 2416//287 2414//287
f 2390//289 2418//289 2416//289
f 2454//298 2451//298 2424//298
f 2455//299 2454//299 2426//299
f 2414//300 2441//300 2811//300
f 2430//301 2458//301 2455//301
f 2443//302 2441//302 2414//302
f 2445//304 2443//304 2416//304
f 2420//3950 2447//3950 2445//3950
f 2422//306 2449//306 2447//306
f 2451//297 2449//297 2422//297
f 2473//310 2472//310 2443//310
f 2476//412 2473//412 2445//412
f 2477//312 2476//312 2447//312
f 2451//313 2480//313 2477//313
f 2454//314 2481//314 2480//314
f 2455//315 2483//315 2481//315
f 2441//316 2469//316 2812//316
f 2486//307 2483//307 2455//307
f 2443//308 2472//308 2469//308
f 2510//319 2508//319 2480//319
f 2483//320 2512//320 2510//320
f 2469//321 2497//321 2810//321
f 2486//322 2514//322 2512//322
f 2499//323 2497//323 2469//323
f 2501//325 2499//325 2472//325
f 2476//326 2504//326 2501//326
f 2505//317 2504//317 2476//317
f 2508//318 2505//318 2477//318
f 2530//332 2527//332 2499//332
f 2532//333 2530//333 2501//333
f 2533//334 2532//334 2504//334
f 2508//335 2536//335 2533//335
f 2537//336 2536//336 2508//336
f 2539//327 2537//327 2510//327
f 2497//414 2525//414 2809//414
f 2514//329 2541//329 2539//329
f 2527//330 2525//330 2497//330
f 2564//339 2562//339 2533//339
f 2566//340 2564//340 2536//340
f 2568//341 2566//341 2537//341
f 2525//342 2554//342 2807//342
f 2570//343 2568//343 2539//343
f 2556//3951 2554//3951 2525//3951
f 2530//346 2558//346 2556//346
f 2559//337 2558//337 2530//337
f 2533//338 2562//338 2559//338
f 2570//349 2597//349 2595//349
f 2556//350 2584//350 2582//350
f 2586//352 2584//352 2556//352
f 2559//353 2588//353 2586//353
f 2590//354 2588//354 2559//354
f 2592//355 2590//355 2562//355
f 2566//356 2594//356 2592//356
f 2568//347 2595//347 2594//347
f 2807//348 2554//348 2582//348
f 2617//358 2615//358 2588//358
f 2592//359 2619//359 2617//359
f 2621//360 2619//360 2592//360
f 2595//361 2624//361 2621//361
f 2582//362 2609//362 2804//362
f 2626//363 2624//363 2595//363
f 2584//364 2612//364 2609//364
f 2614//366 2612//366 2584//366
f 2615//357 2614//357 2586//357
f 2609//369 2638//369 2802//369
f 2654//370 2651//370 2624//370
f 2612//371 2640//371 2638//371
f 2642//373 2640//373 2612//373
f 2615//374 2643//374 2642//374
f 2645//375 2643//375 2615//375
f 2619//376 2647//376 2645//376
f 2650//367 2647//367 2619//367
f 2651//416 2650//416 2621//416
f 2645//379 2673//379 2671//379
f 2675//380 2673//380 2645//380
f 2677//381 2675//381 2647//381
f 2651//382 2679//382 2677//382
f 2638//417 2665//417 2800//417
f 2654//384 2681//384 2679//384
f 2640//385 2668//385 2665//385
f 2669//377 2668//377 2640//377
f 2671//378 2669//378 2642//378
f 2707//388 2705//388 2677//388
f 2772//3953 2800//3953 2665//3953
f 2665//389 2693//389 2772//389
f 2709//390 2707//390 2679//390
f 2668//391 2695//391 2693//391
f 2697//393 2695//393 2668//393
f 2671//394 2699//394 2697//394
f 2702//395 2699//395 2671//395
f 2704//396 2702//396 2673//396
f 2705//387 2704//387 2675//387
f 2699//427 149//427 2716//427
f 2702//400 165//400 149//400
f 2704//401 171//401 165//401
f 2705//402 196//402 171//402
f 2707//403 2718//403 196//403
f 2693//404 104//404 2778//404
f 2709//405 2720//405 2718//405
f 2695//406 110//406 104//406
f 2697//398 2716//398 110//398
f 117//7 262//7 256//7
f 264//8 262//8 117//8
f 268//9 264//9 124//9
f 138//10 273//10 268//10
f 2356//11 284//11 273//11
f 2823//12 2821//12 74//12
f 74//12 234//12 2823//12
f 2359//13 289//13 284//13
f 247//14 234//14 74//14
f 2354//16 256//16 247//16
f 378//17 361//17 268//17
f 382//18 378//18 273//18
f 234//19 328//19 2852//19
f 289//20 385//20 382//20
f 331//21 328//21 234//21
f 256//23 340//23 331//23
f 352//24 340//24 256//24
f 356//25 352//25 262//25
f 361//26 356//26 264//26
f 438//28 433//28 331//28
f 352//29 439//29 438//29
f 446//30 439//30 352//30
f 450//31 446//31 356//31
f 458//32 450//32 361//32
f 471//33 458//33 378//33
f 328//34 427//34 2851//34
f 385//35 477//35 471//35
f 433//36 427//36 328//36
f 450//37 555//37 545//37
f 559//38 555//38 450//38
f 471//39 560//39 559//39
f 427//40 515//40 2854//40
f 565//41 560//41 471//41
f 516//42 515//42 427//42
f 523//44 516//44 433//44
f 530//45 523//45 438//45
f 545//46 530//46 439//46
f 649//47 643//47 560//47
f 608//48 602//48 515//48
f 624//50 608//50 516//50
f 627//51 624//51 523//51
f 631//52 627//52 530//52
f 637//53 631//53 545//53
f 641//54 637//54 555//54
f 560//55 643//55 641//55
f 515//56 602//56 2853//56
f 721//57 717//57 627//57
f 732//58 721//58 631//58
f 733//59 732//59 637//59
f 643//60 744//60 733//60
f 602//61 693//61 2841//61
f 749//62 744//62 643//62
f 697//63 693//63 602//63
f 700//65 697//65 608//65
f 627//66 717//66 700//66
f 693//67 790//67 2840//67
f 843//68 823//68 744//68
f 799//69 790//69 693//69
f 808//71 799//71 697//71
f 811//72 808//72 700//72
f 814//73 811//73 717//73
f 732//74 816//74 814//74
f 822//75 816//75 732//75
f 823//76 822//76 733//76
f 900//77 896//77 811//77
f 904//78 900//78 814//78
f 822//79 919//79 904//79
f 823//80 931//80 919//80
f 790//81 878//81 2846//81
f 935//82 931//82 823//82
f 883//83 878//83 790//83
f 889//85 883//85 799//85
f 896//86 889//86 808//86
f 1013//87 1007//87 919//87
f 878//88 973//88 2843//88
f 935//89 1018//89 1013//89
f 978//90 973//90 878//90
f 889//92 982//92 978//92
f 992//93 982//93 889//93
f 900//94 997//94 992//94
f 1000//95 997//95 900//95
f 1007//96 1000//96 904//96
f 1070//97 1068//97 982//97
f 1079//98 1070//98 992//98
f 1094//408 1079//408 997//408
f 1103//100 1094//100 1000//100
f 1111//101 1103//101 1007//101
f 973//102 1062//102 2842//102
f 1114//103 1111//103 1013//103
f 1066//104 1062//104 973//104
f 982//106 1068//106 1066//106
f 1111//107 1192//107 1189//107
f 1062//108 1147//108 2845//108
f 1114//109 1196//109 1192//109
f 1155//110 1147//110 1062//110
f 1170//112 1155//112 1066//112
f 1176//113 1170//113 1068//113
f 1183//114 1176//114 1070//114
f 1186//115 1183//115 1079//115
f 1189//116 1186//116 1094//116
f 1258//117 1254//117 1170//117
f 1263//118 1258//118 1176//118
f 1267//119 1263//119 1183//119
f 1275//120 1267//120 1186//120
f 1278//121 1275//121 1189//121
f 1147//122 1242//122 2844//122
f 1285//123 1278//123 1192//123
f 1247//124 1242//124 1147//124
f 1254//126 1247//126 1155//126
f 1335//127 1329//127 1267//127
f 1337//128 1335//128 1275//128
f 1242//129 1302//129 2829//129
f 1285//130 1341//130 1337//130
f 1310//131 1302//131 1242//131
f 1321//133 1310//133 1247//133
f 1323//134 1321//134 1254//134
f 1328//135 1323//135 1258//135
f 1267//136 1329//136 1328//136
f 1378//138 1376//138 1310//138
f 1381//139 1378//139 1321//139
f 1384//140 1381//140 1323//140
f 1390//141 1384//141 1328//141
f 1394//142 1390//142 1329//142
f 1337//143 1400//143 1394//143
f 1302//144 1373//144 2831//144
f 1408//145 1400//145 1337//145
f 1310//146 1376//146 1373//146
f 1390//147 1454//147 1453//147
f 1460//148 1454//148 1390//148
f 1461//149 1460//149 1394//149
f 1373//150 1428//150 2828//150
f 1464//151 1461//151 1400//151
f 1435//152 1428//152 1373//152
f 1439//154 1435//154 1376//154
f 1381//155 1441//155 1439//155
f 1453//156 1441//156 1381//156
f 1435//157 1495//157 1493//157
f 1497//159 1495//159 1435//159
f 1502//160 1497//160 1439//160
f 1507//161 1502//161 1441//161
f 1454//162 1513//162 1507//162
f 1517//163 1513//163 1454//163
f 1522//164 1517//164 1460//164
f 1428//165 1493//165 2830//165
f 1464//166 1524//166 1522//166
f 1577//167 1575//167 1507//167
f 1579//168 1577//168 1513//168
f 1581//409 1579//409 1517//409
f 1493//170 1548//170 2826//170
f 1584//171 1581//171 1522//171
f 1552//172 1548//172 1493//172
f 1497//174 1562//174 1552//174
f 1502//175 1567//175 1562//175
f 1575//176 1567//176 1502//176
f 1584//177 1645//177 1644//177
f 1621//178 1616//178 1548//178
f 1624//180 1621//180 1552//180
f 1627//181 1624//181 1562//181
f 1575//182 1629//182 1627//182
f 1631//183 1629//183 1575//183
f 1640//184 1631//184 1577//184
f 1644//185 1640//185 1579//185
f 1548//186 1616//186 2827//186
f 1677//187 1674//187 1627//187
f 1680//188 1677//188 1629//188
f 1683//189 1680//189 1631//189
f 1685//190 1683//190 1640//190
f 1616//191 1662//191 2825//191
f 1687//192 1685//192 1644//192
f 1664//193 1662//193 1616//193
f 1668//195 1664//195 1621//195
f 1674//196 1668//196 1624//196
f 1705//197 2847//197 2825//197
f 1730//198 1726//198 1685//198
f 1710//199 1705//199 1662//199
f 1712//201 1710//201 1664//201
f 1674//202 1713//202 1712//202
f 1715//203 1713//203 1674//203
f 1680//204 1717//204 1715//204
f 1720//205 1717//205 1680//205
f 1685//206 1726//206 1720//206
f 1759//207 1756//207 1713//207
f 1764//208 1759//208 1715//208
f 1766//209 1764//209 1717//209
f 1726//210 1768//210 1766//210
f 1705//211 1745//211 2836//211
f 1770//212 1768//212 1726//212
f 1747//213 1745//213 1705//213
f 1749//215 1747//215 1710//215
f 1756//216 1749//216 1712//216
f 1807//217 1804//217 1766//217
f 1745//218 1787//218 2837//218
f 1770//219 1811//219 1807//219
f 1791//220 1787//220 1745//220
f 1794//222 1791//222 1747//222
f 1756//223 1797//223 1794//223
f 1759//224 1799//224 1797//224
f 1801//225 1799//225 1759//225
f 1804//226 1801//226 1764//226
f 1797//227 1835//227 1833//227
f 1841//228 1835//228 1797//228
f 1845//229 1841//229 1799//229
f 1849//230 1845//230 1801//230
f 1807//231 1850//231 1849//231
f 1787//232 1828//232 2838//232
f 1853//233 1850//233 1807//233
f 1830//234 1828//234 1787//234
f 1833//236 1830//236 1791//236
f 1886//237 1884//237 1845//237
f 1887//238 1886//238 1849//238
f 1828//239 1872//239 2835//239
f 1894//240 1887//240 1850//240
f 1874//410 1872//410 1828//410
f 1833//243 1877//243 1874//243
f 1835//244 1879//244 1877//244
f 1881//245 1879//245 1835//245
f 1845//246 1884//246 1881//246
f 1914//247 1912//247 1874//247
f 1879//248 1918//248 1914//248
f 1921//249 1918//249 1879//249
f 1928//250 1921//250 1881//250
f 1886//251 1932//251 1928//251
f 1934//252 1932//252 1886//252
f 1872//253 1910//253 2839//253
f 1935//254 1934//254 1887//254
f 1912//255 1910//255 1872//255
f 1969//257 1967//257 1928//257
f 1972//258 1969//258 1932//258
f 1910//259 1951//259 2833//259
f 1935//260 1975//260 1972//260
f 1957//261 1951//261 1910//261
f 1959//263 1957//263 1912//263
f 1963//264 1959//264 1914//264
f 1965//265 1963//265 1918//265
f 1967//266 1965//266 1921//266
f 2000//268 1997//268 1957//268
f 1963//269 2002//269 2000//269
f 2004//270 2002//270 1963//270
f 1967//271 2006//271 2004//271
f 2009//272 2006//272 1967//272
f 2010//273 2009//273 1969//273
f 1951//274 1995//274 2834//274
f 1975//275 2013//275 2010//275
f 1997//276 1995//276 1951//276
f 2035//277 2033//277 2004//277
f 2009//278 2037//278 2035//278
f 2039//279 2037//279 2009//279
f 1995//280 2025//280 2832//280
f 2040//281 2039//281 2010//281
f 2027//282 2025//282 1995//282
f 2029//284 2027//284 1997//284
f 2002//285 2031//285 2029//285
f 2033//286 2031//286 2002//286
f 2055//287 2053//287 2025//287
f 2057//289 2055//289 2027//289
f 2031//290 2058//290 2057//290
f 2061//291 2058//291 2031//291
f 2063//292 2061//292 2033//292
f 2065//293 2063//293 2035//293
f 2039//294 2066//294 2065//294
f 2025//295 2053//295 2848//295
f 2040//296 2069//296 2066//296
f 2063//297 2091//297 2088//297
f 2093//298 2091//298 2063//298
f 2095//299 2093//299 2065//299
f 2053//300 2080//300 2849//300
f 2097//301 2095//301 2066//301
f 2083//302 2080//302 2053//302
f 2084//304 2083//304 2055//304
f 2058//305 2086//305 2084//305
f 2088//306 2086//306 2058//306
f 2125//307 2122//307 2095//307
f 2083//308 2110//308 2108//308
f 2112//310 2110//310 2083//310
f 2114//412 2112//412 2084//412
f 2116//312 2114//312 2086//312
f 2118//313 2116//313 2088//313
f 2121//314 2118//314 2091//314
f 2095//315 2122//315 2121//315
f 2080//316 2108//316 2824//316
f 2145//317 2142//317 2114//317
f 2147//318 2145//318 2116//318
f 2148//319 2147//319 2118//319
f 2151//320 2148//320 2121//320
f 2108//321 2136//321 2822//321
f 2153//322 2151//322 2122//322
f 2110//323 2138//323 2136//323
f 2141//325 2138//325 2110//325
f 2114//326 2142//326 2141//326
f 2178//327 2177//327 2148//327
f 2136//414 2165//414 2820//414
f 2153//329 2180//329 2178//329
f 2167//330 2165//330 2136//330
f 2169//332 2167//332 2138//332
f 2171//333 2169//333 2141//333
f 2173//334 2171//334 2142//334
f 2147//335 2174//335 2173//335
f 2177//336 2174//336 2147//336
f 2171//337 2199//337 2197//337
f 2200//338 2199//338 2171//338
f 2174//339 2202//339 2200//339
f 2205//340 2202//340 2174//340
f 2178//341 2206//341 2205//341
f 2165//342 2193//342 2819//342
f 2208//343 2206//343 2178//343
f 2167//3951 2194//3951 2193//3951
f 2197//346 2194//346 2167//346
f 2206//347 2234//347 2233//347
f 2193//348 2220//348 2815//348
f 2237//349 2234//349 2206//349
f 2194//350 2222//350 2220//350
f 2225//352 2222//352 2194//352
f 2199//353 2226//353 2225//353
f 2229//354 2226//354 2199//354
f 2202//355 2230//355 2229//355
f 2233//356 2230//356 2202//356
f 2226//357 2255//357 2253//357
f 2256//358 2255//358 2226//358
f 2230//359 2259//359 2256//359
f 2260//360 2259//360 2230//360
f 2262//361 2260//361 2233//361
f 2220//362 2249//362 2816//362
f 2237//363 2264//363 2262//363
f 2222//364 2251//364 2249//364
f 2253//366 2251//366 2222//366
f 2289//367 2287//367 2259//367
f 2291//416 2289//416 2260//416
f 2249//369 2277//369 2813//369
f 2264//370 2292//370 2291//370
f 2251//371 2278//371 2277//371
f 2281//373 2278//373 2251//373
f 2255//374 2283//374 2281//374
f 2285//375 2283//375 2255//375
f 2259//376 2287//376 2285//376
f 2309//377 2307//377 2278//377
f 2283//378 2311//378 2309//378
f 2312//379 2311//379 2283//379
f 2314//380 2312//380 2285//380
f 2316//381 2314//381 2287//381
f 2318//382 2316//382 2289//382
f 2277//417 2304//417 2814//417
f 2320//384 2318//384 2291//384
f 2278//385 2307//385 2304//385
f 2344//387 2343//387 2314//387
f 2347//388 2344//388 2316//388
f 2304//389 2332//389 2817//389
f 2348//390 2347//390 2318//390
f 2307//391 2334//391 2332//391
f 2337//393 2334//393 2307//393
f 2311//394 2338//394 2337//394
f 2312//395 2340//395 2338//395
f 2343//396 2340//396 2312//396
f 2337//398 2354//398 87//398
f 2338//427 117//427 2354//427
f 2340//400 124//400 117//400
f 2343//401 135//401 124//401
f 2344//402 138//402 135//402
f 2347//403 2356//403 138//403
f 2818//404 2817//404 2332//404
f 2332//404 74//404 2818//404
f 2348//405 2359//405 2356//405
f 2334//406 87//406 74//406
f 108//9 217//9 212//9
f 220//10 217//10 108//10
f 229//11 220//11 115//11
f 64//12 184//12 2877//12
f 1998//13 243//13 229//13
f 199//14 184//14 64//14
f 1994//16 204//16 199//16
f 92//7 206//7 204//7
f 212//8 206//8 92//8
f 306//18 303//18 220//18
f 2877//19 184//19 271//19
f 243//20 307//20 306//20
f 276//21 271//21 184//21
f 277//23 276//23 199//23
f 286//24 277//24 204//24
f 292//25 286//25 206//25
f 217//26 300//26 292//26
f 303//17 300//17 217//17
f 348//29 345//29 277//29
f 292//30 351//30 348//30
f 354//31 351//31 292//31
f 357//32 354//32 300//32
f 364//33 357//33 303//33
f 2896//34 271//34 338//34
f 371//35 364//35 306//35
f 344//36 338//36 271//36
f 345//28 344//28 276//28
f 430//39 424//39 357//39
f 338//40 394//40 2886//40
f 371//41 432//41 430//41
f 399//42 394//42 338//42
f 403//44 399//44 344//44
f 348//45 409//45 403//45
f 412//46 409//46 348//46
f 420//37 412//37 351//37
f 424//38 420//38 354//38
f 409//51 472//51 470//51
f 476//52 472//52 409//52
f 420//53 478//53 476//53
f 424//54 482//54 478//54
f 489//55 482//55 424//55
f 2886//56 394//56 461//56
f 432//47 495//47 489//47
f 466//48 461//48 394//48
f 470//50 466//50 399//50
f 482//59 547//59 543//59
f 489//60 553//60 547//60
f 461//61 519//61 2894//61
f 557//62 553//62 489//62
f 521//63 519//63 461//63
f 470//65 525//65 521//65
f 472//66 534//66 525//66
f 536//57 534//57 472//57
f 478//58 543//58 536//58
f 592//71 589//71 521//71
f 599//72 592//72 525//72
f 601//73 599//73 534//73
f 604//74 601//74 536//74
f 607//75 604//75 543//75
f 553//76 611//76 607//76
f 519//67 585//67 2888//67
f 557//68 615//68 611//68
f 589//3946 585//3946 519//3946
f 665//78 659//78 601//78
f 672//79 665//79 604//79
f 611//80 677//80 672//80
f 585//81 645//81 2892//81
f 615//82 682//82 677//82
f 647//83 645//83 585//83
f 651//85 647//85 589//85
f 654//86 651//86 592//86
f 601//77 659//77 654//77
f 710//90 708//90 645//90
f 720//92 710//92 647//92
f 654//93 722//93 720//93
f 659//94 724//94 722//94
f 665//95 727//95 724//95
f 730//96 727//96 665//96
f 677//87 735//87 730//87
f 645//88 708//88 2890//88
f 740//89 735//89 677//89
f 787//408 786//408 724//408
f 730//100 793//100 787//100
f 735//101 802//101 793//101
f 708//102 770//102 2889//102
f 740//103 805//103 802//103
f 772//104 770//104 708//104
f 773//106 772//106 710//106
f 778//97 773//97 720//97
f 786//98 778//98 722//98
f 860//109 859//109 802//109
f 835//110 829//110 770//110
f 840//112 835//112 772//112
f 778//113 847//113 840//113
f 786//114 850//114 847//114
f 787//3947 853//3947 850//3947
f 856//116 853//116 787//116
f 859//107 856//107 793//107
f 770//108 829//108 2891//108
f 909//118 903//118 847//118
f 853//119 913//119 909//119
f 916//120 913//120 853//120
f 859//121 924//121 916//121
f 829//122 894//122 2893//122
f 860//123 929//123 924//123
f 835//124 895//124 894//124
f 898//126 895//126 835//126
f 903//117 898//117 840//117
f 894//129 949//129 2887//129
f 929//130 986//130 983//130
f 895//131 957//131 949//131
f 898//133 962//133 957//133
f 971//134 962//134 898//134
f 975//135 971//135 903//135
f 976//136 975//136 909//136
f 981//127 976//127 913//127
f 924//128 983//128 981//128
f 975//140 1031//140 1026//140
f 976//141 1035//141 1031//141
f 981//142 1040//142 1035//142
f 983//143 1045//143 1040//143
f 949//144 1017//144 2895//144
f 1051//145 1045//145 983//145
f 1019//419 1017//419 949//419
f 1024//138 1019//138 957//138
f 1026//139 1024//139 962//139
f 1045//149 1108//149 1106//149
f 1075//150 2883//150 2895//150
f 1051//151 1110//151 1108//151
f 1081//152 1075//152 1017//152
f 1024//154 1087//154 1081//154
f 1091//155 1087//155 1024//155
f 1031//156 1096//156 1091//156
f 1100//147 1096//147 1031//147
f 1106//148 1100//148 1035//148
f 1091//160 1151//160 1149//160
f 1096//161 1154//161 1151//161
f 1100//162 1157//162 1154//162
f 1166//163 1157//163 1100//163
f 1108//164 1173//164 1166//164
f 1075//165 1142//165 2885//165
f 1179//166 1173//166 1108//166
f 1144//157 1142//157 1075//157
f 1149//159 1144//159 1081//159
f 1228//168 1227//168 1157//168
f 1232//409 1228//409 1166//409
f 1198//170 2881//170 2885//170
f 1179//171 1234//171 1232//171
f 1144//172 1205//172 1198//172
f 1211//174 1205//174 1144//174
f 1151//175 1216//175 1211//175
f 1221//176 1216//176 1151//176
f 1227//167 1221//167 1154//167
f 1268//180 1266//180 1205//180
f 1216//181 1270//181 1268//181
f 1272//182 1270//182 1216//182
f 1227//183 1273//183 1272//183
f 1276//184 1273//184 1227//184
f 1232//185 1283//185 1276//185
f 1198//186 1264//186 2880//186
f 1234//177 1287//177 1283//177
f 1266//178 1264//178 1198//178
f 1322//189 1320//189 1273//189
f 1283//190 1324//190 1322//190
f 1300//191 2876//191 2880//191
f 1326//192 1324//192 1283//192
f 1305//193 1300//193 1264//193
f 1306//195 1305//195 1266//195
f 1270//196 1313//196 1306//196
f 1272//187 1315//187 1313//187
f 1320//188 1315//188 1272//188
f 1350//201 1349//201 1305//201
f 1353//202 1350//202 1306//202
f 1315//203 1354//203 1353//203
f 1320//204 1357//204 1354//204
f 1358//205 1357//205 1320//205
f 1324//206 1363//206 1358//206
f 1300//197 1345//197 2878//197
f 1366//198 1363//198 1324//198
f 1305//199 1349//199 1345//199
f 1403//208 1399//208 1354//208
f 1405//209 1403//209 1357//209
f 1406//210 1405//210 1358//210
f 1345//211 1383//211 2874//211
f 1366//212 1409//212 1406//212
f 1349//213 1385//213 1383//213
f 1388//215 1385//215 1349//215
f 1392//216 1388//216 1350//216
f 1354//207 1399//207 1392//207
f 1431//220 1427//220 1383//220
f 1433//222 1431//222 1385//222
f 1436//223 1433//223 1388//223
f 1399//224 1438//224 1436//224
f 1440//225 1438//225 1399//225
f 1405//425 1443//425 1440//425
f 1447//217 1443//217 1405//217
f 1383//218 1427//218 2871//218
f 1448//219 1447//219 1406//219
f 1483//229 1479//229 1438//229
f 1488//230 1483//230 1440//230
f 1447//231 1489//231 1488//231
f 1427//232 1466//232 2870//232
f 1448//233 1491//233 1489//233
f 1469//234 1466//234 1427//234
f 1471//236 1469//236 1431//236
f 1436//227 1477//227 1471//227
f 1479//228 1477//228 1436//228
f 1532//240 1529//240 1489//240
f 1515//410 1508//410 1466//410
f 1516//243 1515//243 1469//243
f 1477//244 1518//244 1516//244
f 1520//245 1518//245 1477//245
f 1483//246 1523//246 1520//246
f 1525//237 1523//237 1483//237
f 1529//238 1525//238 1488//238
f 1466//239 1508//239 2869//239
f 1561//249 1556//249 1518//249
f 1523//250 1565//250 1561//250
f 1525//251 1571//251 1565//251
f 1572//252 1571//252 1525//252
f 1508//253 1550//253 2868//253
f 1574//254 1572//254 1529//254
f 1515//255 1551//255 1550//255
f 1553//247 1551//247 1515//247
f 1556//248 1553//248 1516//248
f 1572//258 1610//258 1607//258
f 1550//259 1592//259 2867//259
f 1574//260 1614//260 1610//260
f 1596//261 1592//261 1550//261
f 1600//263 1596//263 1551//263
f 1556//264 1602//264 1600//264
f 1603//265 1602//265 1556//265
f 1565//266 1606//266 1603//266
f 1607//257 1606//257 1565//257
f 1602//269 1641//269 1639//269
f 1643//270 1641//270 1602//270
f 1606//271 1646//271 1643//271
f 1607//272 1648//272 1646//272
f 1610//426 1650//426 1648//426
f 1592//274 1633//274 2866//274
f 1614//275 1651//275 1650//275
f 1638//3948 1633//3948 1592//3948
f 1639//268 1638//268 1596//268
f 1678//279 1675//279 1648//279
f 1633//3949 1663//3949 2862//3949
f 1651//281 1679//281 1678//281
f 1666//282 1663//282 1633//282
f 1667//284 1666//284 1638//284
f 1670//285 1667//285 1639//285
f 1672//286 1670//286 1641//286
f 1673//277 1672//277 1643//277
f 1675//278 1673//278 1646//278
f 1670//290 1698//290 1696//290
f 1672//291 1700//291 1698//291
f 1673//292 1701//292 1700//292
f 1703//293 1701//293 1673//293
f 1706//294 1703//294 1675//294
f 1663//295 1691//295 2859//295
f 1679//296 1708//296 1706//296
f 1694//287 1691//287 1663//287
f 1667//289 1696//289 1694//289
f 1731//298 1729//298 1701//298
f 1706//299 1733//299 1731//299
f 1719//300 2855//300 2859//300
f 1708//301 1736//301 1733//301
f 1694//302 1722//302 1719//302
f 1696//304 1724//304 1722//304
f 1698//3950 1725//3950 1724//3950
f 1700//306 1728//306 1725//306
f 1729//297 1728//297 1700//297
f 1751//310 1750//310 1722//310
f 1753//412 1751//412 1724//412
f 1728//312 1755//312 1753//312
f 1757//313 1755//313 1728//313
f 1731//314 1760//314 1757//314
f 1733//315 1762//315 1760//315
f 1719//316 1748//316 2856//316
f 1763//307 1762//307 1733//307
f 1722//308 1750//308 1748//308
f 1788//319 1785//319 1757//319
f 1789//320 1788//320 1760//320
f 1748//321 1776//321 2858//321
f 1763//322 1792//322 1789//322
f 1750//323 1778//323 1776//323
f 1779//325 1778//325 1750//325
f 1753//326 1781//326 1779//326
f 1784//317 1781//317 1753//317
f 1757//318 1785//318 1784//318
f 1808//332 1806//332 1778//332
f 1810//333 1808//333 1779//333
f 1812//334 1810//334 1781//334
f 1785//335 1814//335 1812//335
f 1815//336 1814//336 1785//336
f 1818//327 1815//327 1788//327
f 1776//414 1803//414 2857//414
f 1819//329 1818//329 1789//329
f 1806//330 1803//330 1776//330
f 1842//339 1840//339 1812//339
f 1844//340 1842//340 1814//340
f 1846//341 1844//341 1815//341
f 1803//342 1832//342 2861//342
f 1848//343 1846//343 1818//343
f 1834//3951 1832//3951 1803//3951
f 1836//346 1834//346 1806//346
f 1838//337 1836//337 1808//337
f 1840//338 1838//338 1810//338
f 1848//349 1876//349 1873//349
f 1834//350 1862//350 1859//350
f 1863//352 1862//352 1834//352
f 1838//353 1866//353 1863//353
f 1867//354 1866//354 1838//354
f 1870//355 1867//355 1840//355
f 1844//356 1871//356 1870//356
f 1846//347 1873//347 1871//347
f 2861//348 1832//348 1859//348
f 1867//358 1895//358 1893//358
f 1870//359 1898//359 1895//359
f 1871//360 1900//360 1898//360
f 1873//361 1902//361 1900//361
f 1888//362 2863//362 2860//362
f 1903//363 1902//363 1873//363
f 1862//364 1890//364 1888//364
f 1891//366 1890//366 1862//366
f 1893//357 1891//357 1863//357
f 1888//369 1915//369 2865//369
f 1903//370 1931//370 1930//370
f 1917//371 1915//371 1888//371
f 1920//373 1917//373 1890//373
f 1893//374 1922//374 1920//374
f 1924//375 1922//375 1893//375
f 1898//376 1926//376 1924//376
f 1927//367 1926//367 1898//367
f 1902//368 1930//368 1927//368
f 1924//379 1952//379 1949//379
f 1953//380 1952//380 1924//380
f 1955//381 1953//381 1926//381
f 1958//382 1955//382 1927//382
f 2872//417 2864//417 1944//417
f 2864//383 2865//383 1915//383
f 1960//384 1958//384 1930//384
f 1917//385 1946//385 1944//385
f 1948//377 1946//377 1917//377
f 1922//378 1949//378 1948//378
f 1958//388 1986//388 1983//388
f 2873//389 2872//389 1944//389
f 1944//389 1971//389 2873//389
f 1988//390 1986//390 1958//390
f 1946//391 1974//391 1971//391
f 1976//393 1974//393 1946//393
f 1949//394 1977//394 1976//394
f 1979//395 1977//395 1949//395
f 1981//396 1979//396 1952//396
f 1955//387 1983//387 1981//387
f 1977//427 92//427 1994//427
f 1979//400 98//400 92//400
f 1981//401 108//401 98//401
f 1983//402 115//402 108//402
f 1986//403 1996//403 115//403
f 64//404 2879//404 2875//404
f 1988//405 1998//405 1996//405
f 1974//406 79//406 64//406
f 1976//398 1994//398 79//398
f 70//7 160//7 153//7
f 168//8 160//8 70//8
f 174//9 168//9 76//9
f 179//10 174//10 83//10
f 1635//11 188//11 179//11
f 2907//12 2905//12 61//12
f 61//12 140//12 2907//12
f 1636//13 192//13 188//13
f 65//14 145//14 140//14
f 1632//16 153//16 145//16
f 250//17 246//17 174//17
f 251//18 250//18 179//18
f 140//19 222//19 2936//19
f 192//20 257//20 251//20
f 225//21 222//21 140//21
f 233//23 225//23 145//23
f 236//24 233//24 153//24
f 239//25 236//25 160//25
f 246//26 239//26 168//26
f 282//28 279//28 225//28
f 285//29 282//29 233//29
f 288//30 285//30 236//30
f 246//31 291//31 288//31
f 293//32 291//32 246//32
f 297//33 293//33 250//33
f 222//34 274//34 2922//34
f 298//35 297//35 251//35
f 279//36 274//36 222//36
f 333//37 329//37 288//37
f 334//38 333//38 291//38
f 339//39 334//39 293//39
f 274//40 317//40 2921//40
f 298//41 342//41 339//41
f 319//42 317//42 274//42
f 324//44 319//44 279//44
f 285//45 326//45 324//45
f 329//46 326//46 285//46
f 383//47 380//47 339//47
f 363//48 360//48 317//48
f 365//50 363//50 319//50
f 326//51 369//51 365//51
f 370//52 369//52 326//52
f 373//53 370//53 329//53
f 334//54 376//54 373//54
f 380//55 376//55 334//55
f 317//56 360//56 2924//56
f 414//57 411//57 369//57
f 373//58 415//58 414//58
f 418//59 415//59 373//59
f 422//60 418//60 376//60
f 360//61 400//61 2926//61
f 383//62 426//62 422//62
f 405//63 400//63 360//63
f 406//65 405//65 363//65
f 369//66 411//66 406//66
f 400//67 444//67 2928//67
f 468//68 463//68 422//68
f 445//69 444//69 400//69
f 449//71 445//71 405//71
f 451//72 449//72 406//72
f 456//73 451//73 411//73
f 457//74 456//74 414//74
f 460//75 457//75 415//75
f 463//76 460//76 418//76
f 456//77 497//77 493//77
f 501//78 497//78 456//78
f 504//79 501//79 457//79
f 463//80 507//80 504//80
f 444//81 486//81 2933//81
f 509//82 507//82 463//82
f 488//83 486//83 444//83
f 491//85 488//85 445//85
f 493//86 491//86 449//86
f 507//87 549//87 544//87
f 486//88 527//88 2931//88
f 550//89 549//89 507//89
f 531//90 527//90 486//90
f 491//92 532//92 531//92
f 537//93 532//93 491//93
f 539//94 537//94 493//94
f 542//95 539//95 497//95
f 544//96 542//96 501//96
f 577//97 576//97 532//97
f 539//98 582//98 577//98
f 583//408 582//408 539//408
f 544//100 588//100 583//100
f 590//101 588//101 544//101
f 527//102 569//102 2929//102
f 594//103 590//103 549//103
f 572//104 569//104 527//104
f 532//106 576//106 572//106
f 590//107 632//107 628//107
f 569//108 612//108 2930//108
f 636//109 632//109 590//109
f 613//110 612//110 569//110
f 618//112 613//112 572//112
f 577//113 619//113 618//113
f 622//114 619//114 577//114
f 625//115 622//115 582//115
f 628//116 625//116 583//116
f 619//117 663//117 658//117
f 664//118 663//118 619//118
f 667//119 664//119 622//119
f 671//120 667//120 625//120
f 632//121 674//121 671//121
f 652//122 2932//122 2930//122
f 636//123 678//123 674//123
f 613//124 657//124 652//124
f 618//126 658//126 657//126
f 714//127 709//127 667//127
f 674//128 715//128 714//128
f 695//129 2927//129 2932//129
f 678//130 718//130 715//130
f 698//131 695//131 652//131
f 658//133 701//133 698//133
f 703//134 701//134 658//134
f 664//135 707//135 703//135
f 667//136 709//136 707//136
f 701//138 742//138 739//138
f 747//139 742//139 701//139
f 748//140 747//140 703//140
f 752//141 748//141 707//141
f 755//142 752//142 709//142
f 715//143 759//143 755//143
f 695//144 736//144 2935//144
f 760//145 759//145 715//145
f 739//146 736//146 695//146
f 752//147 794//147 792//147
f 796//148 794//148 752//148
f 759//149 801//149 796//149
f 736//150 779//150 2923//150
f 804//151 801//151 759//151
f 781//152 779//152 736//152
f 742//154 784//154 781//154
f 747//155 788//155 784//155
f 792//156 788//156 747//156
f 824//157 821//157 779//157
f 827//159 824//159 781//159
f 831//160 827//160 784//160
f 833//161 831//161 788//161
f 794//162 837//162 833//162
f 838//163 837//163 794//163
f 801//164 842//164 838//164
f 779//165 821//165 2925//165
f 845//166 842//166 801//166
f 879//167 876//167 833//167
f 880//168 879//168 837//168
f 884//409 880//409 838//409
f 821//170 864//170 2934//170
f 888//171 884//171 842//171
f 865//172 864//172 821//172
f 827//174 868//174 865//174
f 873//175 868//175 827//175
f 833//176 876//176 873//176
f 930//177 925//177 884//177
f 907//178 906//178 864//178
f 912//180 907//180 865//180
f 915//181 912//181 868//181
f 876//182 918//182 915//182
f 920//183 918//183 876//183
f 880//184 922//184 920//184
f 884//185 925//185 922//185
f 864//186 906//186 2918//186
f 918//187 959//187 955//187
f 961//188 959//188 918//188
f 964//189 961//189 920//189
f 925//190 968//190 964//190
f 906//191 946//191 2920//191
f 970//192 968//192 925//192
f 907//193 951//193 946//193
f 952//195 951//195 907//195
f 915//196 955//196 952//196
f 946//197 990//197 2938//197
f 1014//198 1010//198 968//198
f 991//199 990//199 946//199
f 952//201 996//201 991//201
f 999//202 996//202 952//202
f 959//203 1002//203 999//203
f 1003//204 1002//204 959//204
f 964//205 1006//205 1003//205
f 968//206 1010//206 1006//206
f 1002//3954 1044//3954 1039//3954
f 1046//208 1044//208 1002//208
f 1006//209 1049//209 1046//209
f 1010//210 1053//210 1049//210
f 990//211 1032//211 2937//211
f 1014//212 1054//212 1053//212
f 1033//213 1032//213 990//213
f 996//215 1038//215 1033//215
f 999//216 1039//216 1038//216
f 1053//217 1095//217 1090//217
f 1032//218 1072//218 2917//218
f 1054//219 1098//219 1095//219
f 1077//220 1072//220 1032//220
f 1078//222 1077//222 1033//222
f 1083//223 1078//223 1038//223
f 1084//224 1083//224 1039//224
f 1089//225 1084//225 1044//225
f 1090//226 1089//226 1046//226
f 1083//227 1123//227 1122//227
f 1084//228 1127//228 1123//228
f 1130//229 1127//229 1084//229
f 1134//230 1130//230 1089//230
f 1135//231 1134//231 1090//231
f 1072//232 1116//232 2916//232
f 1138//233 1135//233 1095//233
f 1117//234 1116//234 1072//234
f 1122//236 1117//236 1077//236
f 1174//237 1172//237 1130//237
f 1178//238 1174//238 1134//238
f 1116//239 1156//239 2915//239
f 1138//240 1182//240 1178//240
f 1117//410 1159//410 1156//410
f 1162//243 1159//243 1117//243
f 1167//244 1162//244 1122//244
f 1168//245 1167//245 1123//245
f 1172//246 1168//246 1127//246
f 1204//247 1203//247 1159//247
f 1167//248 1207//248 1204//248
f 1210//249 1207//249 1167//249
f 1172//250 1215//250 1210//250
f 1218//251 1215//251 1172//251
f 1178//252 1219//252 1218//252
f 1156//253 1199//253 2913//253
f 1222//254 1219//254 1178//254
f 1159//255 1203//255 1199//255
f 1259//257 1255//257 1215//257
f 1219//258 1261//258 1259//258
f 1199//259 1240//259 2914//259
f 1262//260 1261//260 1219//260
f 1243//261 1240//261 1199//261
f 1246//263 1243//263 1203//263
f 1207//264 1249//264 1246//264
f 1252//265 1249//265 1207//265
f 1255//266 1252//266 1210//266
f 1279//268 1277//268 1243//268
f 1249//269 1280//269 1279//269
f 1282//270 1280//270 1249//270
f 1284//271 1282//271 1252//271
f 1286//272 1284//272 1255//272
f 1289//273 1286//273 1259//273
f 1240//274 1274//274 2912//274
f 1262//275 1291//275 1289//275
f 1277//276 1274//276 1240//276
f 1284//277 1312//277 1311//277
f 1286//278 1314//278 1312//278
f 1316//279 1314//279 1286//279
f 1274//3949 1303//3949 2910//3949
f 1319//281 1316//281 1289//281
f 1304//282 1303//282 1274//282
f 1307//284 1304//284 1277//284
f 1309//285 1307//285 1279//285
f 1282//286 1311//286 1309//286
f 1304//287 1333//287 1331//287
f 1307//289 1334//289 1333//289
f 1336//290 1334//290 1307//290
f 1311//291 1338//291 1336//291
f 1340//292 1338//292 1311//292
f 1342//293 1340//293 1312//293
f 1316//294 1344//294 1342//294
f 1303//295 1331//295 2911//295
f 1346//296 1344//296 1316//296
f 1368//297 1367//297 1338//297
f 1371//298 1368//298 1340//298
f 1372//299 1371//299 1342//299
f 1331//300 1359//300 2909//300
f 1374//301 1372//301 1344//301
f 1360//302 1359//302 1331//302
f 1362//304 1360//304 1333//304
f 1336//305 1364//305 1362//305
f 1338//306 1367//306 1364//306
f 1402//307 1401//307 1372//307
f 1389//308 1387//308 1359//308
f 1391//310 1389//310 1360//310
f 1393//412 1391//412 1362//412
f 1367//312 1395//312 1393//312
f 1396//313 1395//313 1367//313
f 1398//314 1396//314 1368//314
f 1401//315 1398//315 1371//315
f 1359//316 1387//316 2908//316
f 1423//317 1421//317 1393//317
f 1424//318 1423//318 1395//318
f 1426//319 1424//319 1396//319
f 1429//320 1426//320 1398//320
f 1387//321 1415//321 2906//321
f 1430//322 1429//322 1401//322
f 1417//323 1415//323 1387//323
f 1418//325 1417//325 1389//325
f 1421//326 1418//326 1391//326
f 1429//327 1457//327 1455//327
f 1415//414 1442//414 2904//414
f 1430//329 1458//329 1457//329
f 1445//330 1442//330 1415//330
f 1446//332 1445//332 1417//332
f 1449//333 1446//333 1418//333
f 1450//334 1449//334 1421//334
f 1452//335 1450//335 1423//335
f 1455//336 1452//336 1424//336
f 1449//337 1476//337 1475//337
f 1478//338 1476//338 1449//338
f 1480//339 1478//339 1450//339
f 1482//340 1480//340 1452//340
f 1484//341 1482//341 1455//341
f 1442//342 1470//342 2903//342
f 1486//343 1484//343 1457//343
f 1473//3951 1470//3951 1442//3951
f 1475//346 1473//346 1445//346
f 1512//347 1511//347 1482//347
f 1470//348 1498//348 2899//348
f 1514//349 1512//349 1484//349
f 1473//350 1500//350 1498//350
f 1503//352 1500//352 1473//352
f 1476//353 1504//353 1503//353
f 1506//354 1504//354 1476//354
f 1480//355 1509//355 1506//355
f 1511//356 1509//356 1480//356
f 1533//357 1530//357 1503//357
f 1535//358 1533//358 1504//358
f 1509//359 1536//359 1535//359
f 1539//360 1536//360 1509//360
f 1512//361 1541//361 1539//361
f 1527//362 2900//362 2899//362
f 1542//363 1541//363 1512//363
f 1500//364 1528//364 1527//364
f 1530//366 1528//366 1500//366
f 1566//367 1564//367 1536//367
f 1541//416 1569//416 1566//416
f 1527//369 1555//369 2897//369
f 1570//370 1569//370 1541//370
f 1528//371 1557//371 1555//371
f 1559//373 1557//373 1528//373
f 1560//374 1559//374 1530//374
f 1563//375 1560//375 1533//375
f 1536//376 1564//376 1563//376
f 1586//377 1585//377 1557//377
f 1588//378 1586//378 1559//378
f 1591//379 1588//379 1560//379
f 1593//380 1591//380 1563//380
f 1594//381 1593//381 1564//381
f 1569//382 1597//382 1594//382
f 1583//417 2898//417 2897//417
f 1570//384 1599//384 1597//384
f 1557//385 1585//385 1583//385
f 1622//387 1620//387 1593//387
f 1625//388 1622//388 1594//388
f 1583//389 1611//389 2901//389
f 1626//390 1625//390 1597//390
f 1585//391 1613//391 1611//391
f 1615//393 1613//393 1585//393
f 1617//394 1615//394 1586//394
f 1618//395 1617//395 1588//395
f 1620//396 1618//396 1591//396
f 1615//398 1632//398 65//398
f 70//399 1632//399 1615//399
f 1618//400 76//400 70//400
f 1620//401 83//401 76//401
f 1622//402 96//402 83//402
f 1625//403 1635//403 96//403
f 2905//404 2902//404 61//404
f 2902//404 2901//404 1611//404
f 1626//405 1636//405 1635//405
f 1613//406 65//406 61//406
f 2940//3 2943//3 17//3
f 17//3 34//3 2940//3
f 34//4 55//4 2939//4
f 43//1 2942//1 2939//1
f 17//2 2943//2 2942//2
f 17//6 43//6 55//6
f 21//428 26//428 2962//428
f 26//429 31//429 2963//429
f 31//430 39//430 2969//430
f 39//431 48//431 2976//431
f 48//432 52//432 2975//432
f 58//468 2978//468 2975//468
f 68//434 2985//434 2978//434
f 72//435 2982//435 2985//435
f 80//436 2981//436 2982//436
f 88//437 2971//437 2981//437
f 93//438 2957//438 2971//438
f 100//439 2954//439 2957//439
f 107//440 2953//440 2954//440
f 113//441 2951//441 2953//441
f 120//470 2950//470 2951//470
f 129//443 2949//443 2950//443
f 133//444 2944//444 2949//444
f 142//445 2947//445 2944//445
f 146//446 2946//446 2947//446
f 156//447 2948//447 2946//447
f 164//448 2945//448 2948//448
f 170//449 2952//449 2945//449
f 176//450 2955//450 2952//450
f 181//451 2956//451 2955//451
f 187//452 2970//452 2956//452
f 187//453 195//453 2979//453
f 195//454 201//454 2980//454
f 201//455 205//455 2984//455
f 205//456 210//456 2983//456
f 210//457 214//457 2977//457
f 2972//471 2977//471 214//471
f 214//471 218//471 2972//471
f 218//459 223//459 2974//459
f 2966//460 2974//460 223//460
f 223//460 226//460 2966//460
f 226//461 230//461 2968//461
f 230//462 235//462 2958//462
f 235//463 240//463 2960//463
f 240//464 244//464 2959//464
f 244//465 249//465 2965//465
f 249//466 253//466 2961//466
f 253//467 21//467 2964//467
f 88//6 80//6 72//6
f 72//6 68//6 88//6
f 68//6 58//6 88//6
f 58//6 52//6 48//6
f 48//6 39//6 31//6
f 31//6 26//6 21//6
f 21//6 253//6 31//6
f 253//6 249//6 31//6
f 249//6 244//6 240//6
f 240//6 235//6 230//6
f 230//6 226//6 214//6
f 226//6 223//6 214//6
f 223//6 218//6 214//6
f 214//6 210//6 205//6
f 205//6 201//6 214//6
f 201//6 195//6 214//6
f 195//6 187//6 181//6
f 181//6 176//6 195//6
f 176//6 170//6 195//6
f 170//6 164//6 142//6
f 164//6 156//6 142//6
f 156//6 146//6 142//6
f 142//6 133//6 113//6
f 133//6 129//6 113//6
f 129//6 120//6 113//6
f 113//6 107//6 100//6
f 100//6 93//6 113//6
f 93//6 88//6 113//6
f 58//6 48//6 31//6
f 249//6 240//6 230//6
f 88//6 58//6 31//6
f 31//6 249//6 230//6
f 230//6 214//6 195//6
f 195//6 170//6 142//6
f 142//6 113//6 230//6
f 113//6 88//6 230//6
f 88//6 31//6 230//6
f 19//428 23//428 3007//428
f 23//429 28//429 3012//429
f 28//430 33//430 3008//430
f 33//431 36//431 3010//431
f 36//432 42//432 3023//432
f 46//433 3016//433 3023//433
f 50//434 3014//434 3016//434
f 54//435 3021//435 3014//435
f 59//436 3019//436 3021//436
f 63//437 3018//437 3019//437
f 67//3955 3020//3955 3018//3955
f 73//439 3017//439 3020//439
f 77//440 3015//440 3017//440
f 82//441 3013//441 3015//441
f 86//442 3022//442 3013//442
f 90//443 3009//443 3022//443
f 94//444 3011//444 3009//444
f 99//445 3005//445 3011//445
f 103//446 3006//446 3005//446
f 109//447 3025//447 3006//447
f 112//448 2999//448 3025//448
f 116//449 2997//449 2999//449
f 121//450 3001//450 2997//450
f 127//451 2995//451 3001//451
f 131//452 3003//452 2995//452
f 131//453 136//453 2993//453
f 136//454 139//454 2991//454
f 139//455 144//455 2988//455
f 144//456 150//456 2986//456
f 150//457 154//457 2987//457
f 154//471 158//471 2989//471
f 158//459 162//459 2990//459
f 162//460 166//460 2994//460
f 166//461 172//461 2992//461
f 172//462 175//462 3004//462
f 175//463 180//463 2996//463
f 180//464 185//464 3002//464
f 185//465 190//465 3000//465
f 190//466 193//466 2998//466
f 193//467 19//467 3024//467
f 86//6 82//6 77//6
f 77//6 73//6 67//6
f 67//6 63//6 59//6
f 59//6 54//6 50//6
f 50//6 46//6 42//6
f 42//6 36//6 33//6
f 33//6 28//6 23//6
f 23//6 19//6 193//6
f 193//6 190//6 185//6
f 185//6 180//6 175//6
f 175//6 172//6 166//6
f 166//6 162//6 175//6
f 162//6 158//6 175//6
f 158//6 154//6 150//6
f 150//6 144//6 158//6
f 144//6 139//6 158//6
f 139//6 136//6 121//6
f 136//6 131//6 121//6
f 131//6 127//6 121//6
f 121//6 116//6 112//6
f 112//6 109//6 121//6
f 109//6 103//6 121//6
f 103//6 99//6 94//6
f 94//6 90//6 86//6
f 86//6 77//6 50//6
f 77//6 67//6 50//6
f 67//6 59//6 50//6
f 50//6 42//6 33//6
f 33//6 23//6 193//6
f 193//6 185//6 158//6
f 185//6 175//6 158//6
f 103//6 94//6 121//6
f 94//6 86//6 121//6
f 50//6 33//6 193//6
f 158//6 139//6 121//6
f 86//6 50//6 121//6
f 50//6 193//6 121//6
f 3128//3956 3122//3956 24//3956
f 18//3957 20//3957 3126//3957
f 20//3958 3125//3958 3126//3958
f 3128//3959 24//3959 18//3959
f 3125//3960 20//3960 3127//3960
f 20//3960 27//3960 3127//3960
f 27//3961 29//3961 3163//3961
f 29//3961 3164//3961 3163//3961
f 3164//3962 29//3962 32//3962
f 32//3963 35//3963 3165//3963
f 35//3964 38//3964 3166//3964
f 38//3965 41//3965 3167//3965
f 44//3966 3168//3966 3167//3966
f 3168//478 44//478 47//478
f 47//3967 49//3967 3212//3967
f 49//3967 3174//3967 3212//3967
f 3174//479 49//479 53//479
f 53//3968 56//3968 3175//3968
f 56//3969 3169//3969 3175//3969
f 3071//3970 3070//3970 66//3970
f 60//3971 62//3971 3075//3971
f 62//3971 3074//3971 3075//3971
f 3071//3970 66//3970 60//3970
f 3074//3972 62//3972 3076//3972
f 62//3972 69//3972 3076//3972
f 69//3973 71//3973 3077//3973
f 71//3973 3078//3973 3077//3973
f 3055//3974 3047//3974 81//3974
f 78//3975 75//3975 3056//3975
f 75//3975 3066//3975 3056//3975
f 3055//3974 81//3974 78//3974
f 3066//3976 75//3976 3065//3976
f 75//3976 84//3976 3065//3976
f 84//3977 85//3977 3064//3977
f 85//3977 3060//3977 3064//3977
f 3060//3978 85//3978 3059//3978
f 85//3978 89//3978 3059//3978
f 89//3979 91//3979 3057//3979
f 91//3979 3058//3979 3057//3979
f 3058//3980 91//3980 3073//3980
f 91//3980 95//3980 3073//3980
f 95//3981 97//3981 3072//3981
f 97//3982 3067//3982 3072//3982
f 3068//3983 3067//3983 97//3983
f 101//3984 66//3984 3069//3984
f 66//3985 3070//3985 3069//3985
f 3068//3983 97//3983 101//3983
f 3052//3986 3048//3986 111//3986
f 105//3987 106//3987 3050//3987
f 106//3987 3049//3987 3050//3987
f 3052//3986 111//3986 105//3986
f 3051//3988 3049//3988 106//3988
f 114//3989 81//3989 3054//3989
f 81//3990 3047//3990 3054//3990
f 3051//3991 106//3991 114//3991
f 3062//3992 119//3992 3061//3992
f 119//3992 118//3992 3061//3992
f 118//3993 111//3993 3053//3993
f 111//3993 3048//3993 3053//3993
f 126//492 119//492 3063//492
f 130//3994 126//3994 3080//3994
f 126//3994 3079//3994 3080//3994
f 3083//493 128//493 130//493
f 130//3995 3080//3995 3082//3995
f 137//3996 128//3996 3083//3996
f 3083//3997 3084//3997 137//3997
f 143//3998 134//3998 3085//3998
f 134//3999 3084//3999 3085//3999
f 3085//495 3108//495 143//495
f 148//4000 141//4000 3109//4000
f 141//4001 3108//4001 3109//4001
f 3109//496 3110//496 148//496
f 147//4002 3110//4002 3111//4002
f 3113//498 155//498 157//498
f 157//4003 152//4003 3112//4003
f 152//4003 3111//4003 3112//4003
f 3115//499 161//499 163//499
f 163//4004 155//4004 3114//4004
f 155//4004 3113//4004 3114//4004
f 3088//4005 3086//4005 173//4005
f 167//4006 169//4006 3091//4006
f 169//4006 3090//4006 3091//4006
f 3088//4005 173//4005 167//4005
f 3090//4007 169//4007 3089//4007
f 169//4007 177//4007 3089//4007
f 177//4008 178//4008 3092//4008
f 178//4008 3093//4008 3092//4008
f 183//4009 3094//4009 3093//4009
f 186//4010 3096//4010 3078//4010
f 3096//4011 186//4011 189//4011
f 189//4012 191//4012 3107//4012
f 3107//4013 191//4013 3106//4013
f 191//4013 194//4013 3106//4013
f 194//4014 197//4014 3105//4014
f 197//4014 3104//4014 3105//4014
f 3104//4015 197//4015 3103//4015
f 197//4016 200//4016 3103//4016
f 200//4017 203//4017 3102//4017
f 203//4017 3101//4017 3102//4017
f 3101//4018 203//4018 207//4018
f 207//4019 209//4019 3100//4019
f 209//4020 3099//4020 3100//4020
f 3098//4021 3099//4021 209//4021
f 213//4022 173//4022 3087//4022
f 173//4023 3086//4023 3087//4023
f 3098//4024 209//4024 213//4024
f 216//4025 161//4025 3115//4025
f 219//4026 216//4026 3095//4026
f 221//4027 219//4027 3097//4027
f 224//4028 221//4028 3139//4028
f 224//4029 3155//4029 3156//4029
f 3158//514 231//514 232//514
f 232//4030 227//4030 3157//4030
f 227//4031 3156//4031 3157//4031
f 3160//515 237//515 238//515
f 238//4032 231//4032 3159//4032
f 231//4032 3158//4032 3159//4032
f 3161//4033 245//4033 242//4033
f 242//4034 237//4034 3160//4034
f 183//4035 248//4035 3141//4035
f 3141//4036 248//4036 3142//4036
f 248//4036 252//4036 3142//4036
f 252//4037 254//4037 3143//4037
f 254//4038 3144//4038 3143//4038
f 3144//4039 254//4039 3145//4039
f 254//4039 258//4039 3145//4039
f 258//4040 260//4040 3120//4040
f 260//4040 3119//4040 3120//4040
f 3119//4041 260//4041 3118//4041
f 260//4041 263//4041 3118//4041
f 263//4042 266//4042 3124//4042
f 266//4042 3123//4042 3124//4042
f 269//4043 3121//4043 3123//4043
f 3130//4044 3121//4044 269//4044
f 272//4045 24//4045 3129//4045
f 24//4046 3122//4046 3129//4046
f 3130//4044 269//4044 272//4044
f 278//4047 3131//4047 3136//4047
f 3147//524 281//524 283//524
f 283//4048 275//4048 3146//4048
f 275//4048 3136//4048 3146//4048
f 3285//525 287//525 290//525
f 290//4049 281//4049 3284//4049
f 281//4049 3147//4049 3284//4049
f 287//4050 3285//4050 3286//4050
f 299//4051 294//4051 3287//4051
f 294//4051 3286//4051 3287//4051
f 3208//4052 296//4052 299//4052
f 299//4053 3287//4053 3209//4053
f 3211//528 302//528 305//528
f 305//4054 296//4054 3210//4054
f 296//4054 3208//4054 3210//4054
f 3140//529 309//529 311//529
f 311//4055 245//4055 3162//4055
f 245//4055 3161//4055 3162//4055
f 3132//530 314//530 316//530
f 316//4056 309//4056 3135//4056
f 309//4056 3140//4056 3135//4056
f 3131//4057 278//4057 3134//4057
f 278//4058 320//4058 3134//4058
f 320//4059 314//4059 3133//4059
f 314//4060 3132//4060 3133//4060
f 327//534 302//534 3179//534
f 3169//4061 56//4061 3176//4061
f 56//4062 332//4062 3176//4062
f 332//535 330//535 3171//535
f 3044//4063 3171//4063 336//4063
f 3171//4063 330//4063 336//4063
f 336//536 337//536 3044//536
f 3033//4064 3037//4064 341//4064
f 3037//4064 337//4064 341//4064
f 341//537 343//537 3033//537
f 3026//4065 3034//4065 347//4065
f 3034//4065 343//4065 347//4065
f 347//4066 350//4066 3026//4066
f 3027//4067 350//4067 3028//4067
f 350//4068 355//4068 3028//4068
f 355//539 353//539 3029//539
f 362//4069 327//4069 3180//4069
f 327//4069 3178//4069 3180//4069
f 3186//540 359//540 362//540
f 362//4070 3180//4070 3187//4070
f 3200//541 366//541 368//541
f 368//4071 359//4071 3199//4071
f 359//4071 3186//4071 3199//4071
f 366//4072 3200//4072 3213//4072
f 377//4073 372//4073 3215//4073
f 372//4073 3213//4073 3215//4073
f 3217//4074 375//4074 3216//4074
f 375//4075 377//4075 3216//4075
f 381//4076 375//4076 3217//4076
f 381//4076 3217//4076 3219//4076
f 3220//4077 384//4077 3218//4077
f 384//4077 381//4077 3218//4077
f 3485//4078 3487//4078 393//4078
f 387//4079 389//4079 3486//4079
f 389//4080 3488//4080 3486//4080
f 3485//4081 393//4081 387//4081
f 3344//4082 3347//4082 402//4082
f 395//4083 398//4083 3346//4083
f 398//4083 3356//4083 3346//4083
f 3344//4084 402//4084 395//4084
f 3356//4085 398//4085 3357//4085
f 398//4085 404//4085 3357//4085
f 404//4086 407//4086 3461//4086
f 407//4087 3463//4087 3461//4087
f 3464//4088 3463//4088 407//4088
f 410//4089 393//4089 3462//4089
f 393//4090 3487//4090 3462//4090
f 3464//4088 407//4088 410//4088
f 3504//4091 3498//4091 419//4091
f 413//4092 416//4092 3505//4092
f 416//4092 3506//4092 3505//4092
f 3504//4091 419//4091 413//4091
f 3506//4093 416//4093 3508//4093
f 416//4094 423//4094 3508//4094
f 423//4095 425//4095 3510//4095
f 425//4096 3509//4096 3510//4096
f 425//4097 428//4097 3512//4097
f 3512//4098 428//4098 431//4098
f 3520//553 431//553 434//553
f 434//4099 436//4099 3521//4099
f 436//4099 3523//4099 3521//4099
f 3488//4100 389//4100 3489//4100
f 389//4100 441//4100 3489//4100
f 441//4101 442//4101 3491//4101
f 442//4102 3490//4102 3491//4102
f 3490//4103 442//4103 3492//4103
f 442//4104 447//4104 3492//4104
f 447//4105 448//4105 3495//4105
f 448//4105 3496//4105 3495//4105
f 3496//4106 448//4106 3497//4106
f 448//4106 452//4106 3497//4106
f 452//4107 454//4107 3499//4107
f 454//4107 3500//4107 3499//4107
f 3502//4108 3500//4108 454//4108
f 459//4109 419//4109 3498//4109
f 3502//4108 454//4108 459//4108
f 3498//4109 3501//4109 459//4109
f 3523//558 436//558 462//558
f 462//4110 464//4110 3526//4110
f 464//4111 3517//4111 3526//4111
f 3517//4112 464//4112 3516//4112
f 464//4113 469//4113 3516//4113
f 469//559 467//559 3519//559
f 3475//4114 3519//4114 473//4114
f 3519//4114 467//4114 473//4114
f 473//560 475//560 3475//560
f 3476//4115 3474//4115 479//4115
f 3474//4115 475//4115 479//4115
f 479//561 481//561 3476//561
f 3478//4116 481//4116 3477//4116
f 481//4116 487//4116 3477//4116
f 487//562 485//562 3484//562
f 3484//4117 485//4117 492//4117
f 3468//4118 3465//4118 494//4118
f 3465//4118 492//4118 494//4118
f 494//564 496//564 3468//564
f 3029//4119 353//4119 3032//4119
f 353//4120 500//4120 3032//4120
f 3324//4121 500//4121 503//4121
f 503//4122 506//4122 3325//4122
f 506//4122 3326//4122 3325//4122
f 506//4123 510//4123 3327//4123
f 3327//4124 510//4124 512//4124
f 512//4125 514//4125 3328//4125
f 514//4126 3330//4126 3328//4126
f 514//4127 518//4127 3331//4127
f 3331//570 518//570 522//570
f 522//4128 524//4128 3332//4128
f 524//4128 3333//4128 3332//4128
f 3333//571 524//571 528//571
f 528//4129 529//4129 3334//4129
f 529//4129 3329//4129 3334//4129
f 3329//572 529//572 533//572
f 533//4130 535//4130 3343//4130
f 535//4130 3337//4130 3343//4130
f 3353//4131 3342//4131 546//4131
f 540//4132 541//4132 3352//4132
f 541//4132 3355//4132 3352//4132
f 3353//4133 546//4133 540//4133
f 3355//4134 541//4134 3351//4134
f 541//4135 548//4135 3351//4135
f 548//4136 551//4136 3350//4136
f 551//4136 3348//4136 3350//4136
f 3345//4137 3348//4137 551//4137
f 554//4138 402//4138 3347//4138
f 3345//4137 551//4137 554//4137
f 3347//4139 3349//4139 554//4139
f 558//4140 3335//4140 3337//4140
f 3335//4141 558//4141 3336//4141
f 558//4141 561//4141 3336//4141
f 561//4142 563//4142 3338//4142
f 563//4142 3339//4142 3338//4142
f 567//4143 3340//4143 3339//4143
f 3341//4144 3340//4144 567//4144
f 570//4145 546//4145 3342//4145
f 3341//4144 567//4144 570//4144
f 3342//4146 3354//4146 570//4146
f 3466//4147 3467//4147 496//4147
f 496//4147 574//4147 3466//4147
f 574//580 573//580 3473//580
f 3470//4148 3473//4148 579//4148
f 3473//4148 573//4148 579//4148
f 579//581 580//581 3470//581
f 3472//4149 3469//4149 580//4149
f 580//4149 586//4149 3472//4149
f 586//582 584//582 3471//582
f 3471//4150 584//4150 3480//4150
f 584//4150 593//4150 3480//4150
f 593//583 591//583 3479//583
f 3483//4151 3479//4151 596//4151
f 3479//4151 591//4151 596//4151
f 596//584 598//584 3483//584
f 3481//4152 3482//4152 598//4152
f 598//4152 605//4152 3481//4152
f 605//585 603//585 3518//585
f 3527//4153 3518//4153 603//4153
f 603//4153 610//4153 3527//4153
f 610//586 609//586 3525//586
f 3524//4154 3525//4154 614//4154
f 3525//4154 609//4154 614//4154
f 614//587 616//587 3524//587
f 3514//4155 3522//4155 616//4155
f 616//4155 623//4155 3514//4155
f 623//588 620//588 3515//588
f 3513//4156 3515//4156 620//4156
f 620//4156 629//4156 3513//4156
f 629//589 626//589 3511//589
f 3507//4157 3511//4157 626//4157
f 626//4158 634//4158 3507//4158
f 634//590 633//590 3503//590
f 3301//4159 3300//4159 644//4159
f 639//4160 640//4160 3288//4160
f 640//4160 3289//4160 3288//4160
f 3301//4161 644//4161 639//4161
f 3289//4162 640//4162 648//4162
f 648//4163 650//4163 3116//4163
f 3116//4164 650//4164 653//4164
f 653//4165 656//4165 3117//4165
f 3117//4166 656//4166 660//4166
f 660//4167 662//4167 3148//4167
f 662//4168 666//4168 3149//4168
f 3149//596 666//596 669//596
f 669//4169 670//4169 3150//4169
f 670//4169 3151//4169 3150//4169
f 3151//4170 670//4170 675//4170
f 675//4171 676//4171 3152//4171
f 676//4171 3153//4171 3152//4171
f 3306//4172 3305//4172 683//4172
f 681//4173 644//4173 3299//4173
f 644//4173 3300//4173 3299//4173
f 3306//4172 683//4172 681//4172
f 687//4174 683//4174 3305//4174
f 687//4174 3305//4174 3313//4174
f 3316//4175 689//4175 3312//4175
f 689//4176 687//4176 3312//4176
f 694//4177 689//4177 3317//4177
f 689//4177 3316//4177 3317//4177
f 3314//4178 692//4178 3315//4178
f 692//4178 694//4178 3315//4178
f 3318//4179 702//4179 3322//4179
f 702//4179 699//4179 3322//4179
f 699//601 692//601 3314//601
f 706//4180 702//4180 3319//4180
f 702//4180 3318//4180 3319//4180
f 3321//602 704//602 706//602
f 706//4181 3319//4181 3320//4181
f 713//4182 704//4182 3307//4182
f 704//4182 3321//4182 3307//4182
f 3309//603 711//603 713//603
f 713//4183 3307//4183 3310//4183
f 719//4184 711//4184 3311//4184
f 711//4184 3309//4184 3311//4184
f 3302//604 716//604 719//604
f 719//4185 3311//4185 3308//4185
f 725//4186 716//4186 3303//4186
f 716//4186 3302//4186 3303//4186
f 3290//4187 723//4187 3304//4187
f 723//4187 725//4187 3304//4187
f 728//4188 723//4188 3290//4188
f 728//4188 3290//4188 3291//4188
f 3294//4189 731//4189 3295//4189
f 731//4190 728//4190 3295//4190
f 737//4191 731//4191 3296//4191
f 731//4191 3294//4191 3296//4191
f 3298//607 734//607 737//607
f 737//4192 3296//4192 3297//4192
f 743//4193 734//4193 3293//4193
f 734//4193 3298//4193 3293//4193
f 3170//608 741//608 743//608
f 743//4194 3293//4194 3292//4194
f 746//4195 3154//4195 3153//4195
f 750//4196 3137//4196 3154//4196
f 753//4197 3138//4197 3137//4197
f 756//4198 3202//4198 3138//4198
f 756//4199 758//4199 3203//4199
f 3203//614 758//614 761//614
f 761//4200 763//4200 3204//4200
f 763//4200 3205//4200 3204//4200
f 3205//615 763//615 768//615
f 768//4201 769//4201 3207//4201
f 769//4201 3278//4201 3207//4201
f 3278//4202 769//4202 774//4202
f 774//4203 775//4203 3279//4203
f 775//4203 3280//4203 3279//4203
f 780//4204 741//4204 3170//4204
f 785//4205 780//4205 3277//4205
f 3277//4206 3173//4206 785//4206
f 791//4207 783//4207 3172//4207
f 783//4208 3173//4208 3172//4208
f 3183//619 789//619 791//619
f 791//4209 3172//4209 3184//4209
f 797//4210 789//4210 3185//4210
f 789//4211 3183//4211 3185//4211
f 3181//620 795//620 797//620
f 797//4212 3185//4212 3182//4212
f 803//4213 795//4213 3195//4213
f 795//4214 3181//4214 3195//4214
f 3195//621 3194//621 800//621
f 806//4215 800//4215 3194//4215
f 806//4215 3194//4215 3192//4215
f 3191//4216 809//4216 3190//4216
f 809//4216 806//4216 3190//4216
f 815//4217 809//4217 3193//4217
f 809//4217 3191//4217 3193//4217
f 3206//4218 813//4218 815//4218
f 815//4219 3193//4219 3196//4219
f 820//4220 813//4220 3264//4220
f 813//4220 3206//4220 3264//4220
f 3265//624 819//624 820//624
f 820//4221 3264//4221 3263//4221
f 825//4222 819//4222 3265//4222
f 3280//626 775//626 828//626
f 828//4223 830//4223 3281//4223
f 830//4223 3282//4223 3281//4223
f 3282//627 830//627 834//627
f 834//4224 836//4224 3201//4224
f 836//4225 3188//4225 3201//4225
f 3188//4226 836//4226 3189//4226
f 836//4227 841//4227 3189//4227
f 841//628 839//628 3197//628
f 839//4228 846//4228 3198//4228
f 3198//630 846//630 849//630
f 849//4229 851//4229 3283//4229
f 851//4229 3214//4229 3283//4229
f 3214//631 851//631 854//631
f 854//4230 857//4230 3271//4230
f 857//4230 3272//4230 3271//4230
f 857//4231 861//4231 3273//4231
f 3273//4232 861//4232 3274//4232
f 861//4232 863//4232 3274//4232
f 863//4233 866//4233 3222//4233
f 866//4234 3221//4234 3222//4234
f 3221//4235 866//4235 869//4235
f 869//4236 871//4236 3230//4236
f 871//4236 3229//4236 3230//4236
f 3225//4237 3229//4237 871//4237
f 877//4238 875//4238 3224//4238
f 3225//4237 871//4237 877//4237
f 3224//4239 3223//4239 877//4239
f 825//4240 3266//4240 3267//4240
f 886//4241 882//4241 3268//4241
f 882//4241 3267//4241 3268//4241
f 3270//637 885//637 886//637
f 886//4242 3268//4242 3269//4242
f 892//4243 885//4243 3255//4243
f 885//4243 3270//4243 3255//4243
f 3232//638 891//638 892//638
f 892//4244 3255//4244 3233//4244
f 899//4245 891//4245 3234//4245
f 891//4245 3232//4245 3234//4245
f 3242//639 897//639 899//639
f 899//4246 3234//4246 3241//4246
f 902//4247 897//4247 3242//4247
f 384//4248 3220//4248 3231//4248
f 3227//4249 3276//4249 908//4249
f 3276//4250 914//4250 908//4250
f 908//4251 910//4251 3227//4251
f 3231//4252 3226//4252 917//4252
f 3226//4253 910//4253 917//4253
f 3228//4254 3224//4254 875//4254
f 921//4255 923//4255 3275//4255
f 923//4255 3260//4255 3275//4255
f 3228//4256 875//4256 921//4256
f 3260//645 923//645 926//645
f 926//4257 928//4257 3261//4257
f 928//4257 3262//4257 3261//4257
f 928//4258 914//4258 3276//4258
f 3046//4259 932//4259 934//4259
f 934//4260 939//4260 3247//4260
f 939//4260 3248//4260 3247//4260
f 3042//648 942//648 943//648
f 943//4261 932//4261 3045//4261
f 932//4261 3046//4261 3045//4261
f 3041//4262 948//4262 3040//4262
f 948//4263 950//4263 3040//4263
f 950//4264 942//4264 3043//4264
f 942//4265 3042//4265 3043//4265
f 3038//4266 956//4266 3039//4266
f 956//4267 954//4267 3039//4267
f 954//4268 948//4268 3036//4268
f 948//4269 3041//4269 3036//4269
f 960//4270 902//4270 3238//4270
f 960//4270 3238//4270 3235//4270
f 3237//4271 963//4271 3236//4271
f 963//4271 960//4271 3236//4271
f 967//4272 963//4272 3239//4272
f 963//4272 3237//4272 3239//4272
f 3256//652 966//652 967//652
f 967//4273 3239//4273 3240//4273
f 974//4274 966//4274 3257//4274
f 966//4274 3256//4274 3257//4274
f 3259//653 972//653 974//653
f 974//4275 3257//4275 3258//4275
f 980//4276 972//4276 3259//4276
f 3259//4277 3250//4277 980//4277
f 977//4278 3250//4278 3251//4278
f 984//4279 3251//4279 3252//4279
f 989//4280 987//4280 3252//4280
f 3243//658 993//658 995//658
f 995//4281 989//4281 3254//4281
f 989//4281 3253//4281 3254//4281
f 3246//659 998//659 1001//659
f 1001//4282 993//4282 3244//4282
f 993//4282 3243//4282 3244//4282
f 3248//4283 939//4283 3249//4283
f 939//4284 1005//4284 3249//4284
f 1005//4285 998//4285 3245//4285
f 998//4285 3246//4285 3245//4285
f 956//4286 3038//4286 3035//4286
f 3323//4287 1011//4287 3031//4287
f 1011//4287 1012//4287 3031//4287
f 1012//4288 1008//4288 3030//4288
f 1008//4288 3035//4288 3030//4288
f 1011//4289 3323//4289 3384//4289
f 1021//4290 1016//4290 3385//4290
f 1016//4291 3384//4291 3385//4291
f 3385//664 3386//664 1021//664
f 1020//4292 3386//4292 3387//4292
f 3358//4293 1028//4293 1030//4293
f 1030//4294 1025//4294 3388//4294
f 1025//4294 3387//4294 3388//4294
f 3360//667 1034//667 1036//667
f 1036//4295 1028//4295 3389//4295
f 1028//4295 3358//4295 3389//4295
f 3359//668 1041//668 1042//668
f 1042//4296 1034//4296 3390//4296
f 1034//4297 3360//4297 3390//4297
f 1047//4298 1041//4298 3359//4298
f 1052//4299 1047//4299 3366//4299
f 1047//4299 3383//4299 3366//4299
f 3361//670 1050//670 1052//670
f 1052//4300 3366//4300 3362//4300
f 1055//4301 1050//4301 3361//4301
f 1061//674 1055//674 3363//674
f 1067//4302 1061//4302 3368//4302
f 1061//4302 3365//4302 3368//4302
f 3370//675 1065//675 1067//675
f 1067//4303 3368//4303 3369//4303
f 1073//4304 1065//4304 3374//4304
f 1065//4304 3370//4304 3374//4304
f 3376//4305 1071//4305 3375//4305
f 1071//4305 1073//4305 3375//4305
f 633//677 1076//677 3494//677
f 3494//4306 1076//4306 3493//4306
f 1076//4307 1082//4307 3493//4307
f 1082//4308 1080//4308 3409//4308
f 1080//4309 3408//4309 3409//4309
f 3408//4310 1080//4310 3410//4310
f 1080//4310 1088//4310 3410//4310
f 1088//4311 1086//4311 3412//4311
f 1086//4311 3411//4311 3412//4311
f 3416//4312 1092//4312 3415//4312
f 1092//4313 1093//4313 3415//4313
f 1093//4314 1097//4314 3417//4314
f 1097//4315 3418//4315 3417//4315
f 3411//4316 1086//4316 3413//4316
f 1086//4316 1101//4316 3413//4316
f 1101//4317 1092//4317 3414//4317
f 1092//4317 3416//4317 3414//4317
f 3418//4318 1097//4318 3420//4318
f 1097//4318 1104//4318 3420//4318
f 1104//682 1105//682 3419//682
f 3430//4319 1109//4319 3429//4319
f 1109//4319 1112//4319 3429//4319
f 1112//4320 1115//4320 3427//4320
f 1115//4321 3428//4321 3427//4321
f 3419//4322 1105//4322 3433//4322
f 1105//4322 1118//4322 3433//4322
f 1118//4323 1109//4323 3430//4323
f 3428//4324 1115//4324 3435//4324
f 1115//4324 1121//4324 3435//4324
f 1121//685 1124//685 3441//685
f 3452//4325 1128//4325 3444//4325
f 1128//4326 1129//4326 3444//4326
f 1129//4327 1133//4327 3443//4327
f 1133//4328 3451//4328 3443//4328
f 3441//4329 1124//4329 3445//4329
f 1124//4330 1136//4330 3445//4330
f 1136//4331 1128//4331 3446//4331
f 1128//4332 3452//4332 3446//4332
f 1143//690 1071//690 3371//690
f 1148//4333 1143//4333 3382//4333
f 1143//4333 3373//4333 3382//4333
f 3380//691 1146//691 1148//691
f 1148//4334 3382//4334 3381//4334
f 1153//4335 1146//4335 3377//4335
f 1146//4335 3380//4335 3377//4335
f 3379//4336 1152//4336 3378//4336
f 1152//4336 1153//4336 3378//4336
f 3391//4337 1160//4337 3393//4337
f 1160//4338 1158//4338 3393//4338
f 1158//693 1152//693 3379//693
f 1165//4339 1160//4339 3392//4339
f 1160//4339 3391//4339 3392//4339
f 3397//694 1164//694 1165//694
f 1165//4340 3392//4340 3396//4340
f 1171//4341 1164//4341 3395//4341
f 1164//4341 3397//4341 3395//4341
f 3407//695 1169//695 1171//695
f 1171//4342 3395//4342 3394//4342
f 1177//4343 1169//4343 3398//4343
f 1169//4343 3407//4343 3398//4343
f 3400//696 1175//696 1177//696
f 1177//4344 3398//4344 3399//4344
f 1184//4345 1175//4345 3401//4345
f 1175//4345 3400//4345 3401//4345
f 3403//4346 1181//4346 3402//4346
f 1181//4347 1184//4347 3402//4347
f 3405//4348 1190//4348 3404//4348
f 1190//4348 1188//4348 3404//4348
f 1188//4349 1181//4349 3403//4349
f 1195//4350 1190//4350 3406//4350
f 1190//4351 3405//4351 3406//4351
f 3425//699 1194//699 1195//699
f 1195//4352 3406//4352 3426//4352
f 1201//4353 1194//4353 3424//4353
f 1194//4353 3425//4353 3424//4353
f 3422//700 1200//700 1201//700
f 1201//4354 3424//4354 3423//4354
f 1200//4355 3422//4355 3421//4355
f 1209//4356 1206//4356 3421//4356
f 3442//4357 1212//4357 1213//4357
f 1213//4358 1209//4358 3432//4358
f 1209//4358 3431//4358 3432//4358
f 1217//4359 1220//4359 3454//4359
f 3453//705 1224//705 1226//705
f 1226//4360 1217//4360 3460//4360
f 1217//4360 3459//4360 3460//4360
f 3451//4361 1133//4361 3450//4361
f 1133//4362 1230//4362 3450//4362
f 1230//4363 1224//4363 3455//4363
f 1224//4364 3453//4364 3455//4364
f 3448//4365 1233//4365 3449//4365
f 1233//4366 1235//4366 3449//4366
f 1235//4367 1238//4367 3436//4367
f 1238//4368 3437//4368 3436//4368
f 3456//708 1241//708 1244//708
f 1244//4369 1233//4369 3447//4369
f 1233//4369 3448//4369 3447//4369
f 3454//4370 1220//4370 3458//4370
f 1220//4371 1248//4371 3458//4371
f 1248//4372 1241//4372 3457//4372
f 1241//4373 3456//4373 3457//4373
f 3438//4374 1251//4374 1253//4374
f 1253//4375 1212//4375 3434//4375
f 1212//4376 3442//4376 3434//4376
f 3437//4377 1238//4377 3440//4377
f 1238//4378 1257//4378 3440//4378
f 1257//4379 1251//4379 3438//4379
f 3438//4380 3439//4380 1257//4380
f 871//6 869//6 980//6
f 869//6 866//6 980//6
f 871//6 980//6 977//6
f 921//6 875//6 877//6
f 928//6 926//6 995//6
f 926//6 923//6 995//6
f 954//6 910//6 943//6
f 923//6 921//6 987//6
f 921//6 877//6 984//6
f 934//6 914//6 928//6
f 375//6 381//6 384//6
f 372//6 377//6 375//6
f 366//6 372//6 336//6
f 372//6 375//6 337//6
f 506//6 384//6 1011//6
f 327//6 362//6 41//6
f 362//6 359//6 41//6
f 302//6 327//6 38//6
f 49//6 368//6 366//6
f 294//6 299//6 27//6
f 299//6 296//6 27//6
f 29//6 296//6 32//6
f 857//6 854//6 897//6
f 854//6 851//6 897//6
f 899//6 851//6 891//6
f 851//6 849//6 891//6
f 849//6 846//6 891//6
f 839//6 841//6 836//6
f 839//6 836//6 834//6
f 830//6 828//6 825//6
f 828//6 775//6 825//6
f 839//6 834//6 882//6
f 834//6 830//6 882//6
f 820//6 769//6 768//6
f 775//6 774//6 819//6
f 774//6 769//6 819//6
f 815//6 763//6 800//6
f 768//6 763//6 813//6
f 803//6 758//6 795//6
f 763//6 761//6 800//6
f 761//6 758//6 800//6
f 795//6 756//6 797//6
f 758//6 756//6 795//6
f 756//6 753//6 789//6
f 789//6 753//6 791//6
f 753//6 750//6 783//6
f 758//6 803//6 800//6
f 769//6 820//6 819//6
f 763//6 815//6 813//6
f 846//6 839//6 885//6
f 753//6 783//6 791//6
f 783//6 750//6 785//6
f 750//6 746//6 780//6
f 741//6 676//6 743//6
f 768//6 813//6 820//6
f 676//6 741//6 746//6
f 676//6 675//6 743//6
f 675//6 670//6 734//6
f 737//6 670//6 723//6
f 756//6 789//6 797//6
f 723//6 670//6 669//6
f 670//6 737//6 734//6
f 723//6 666//6 725//6
f 669//6 666//6 723//6
f 666//6 662//6 716//6
f 662//6 660//6 719//6
f 713//6 656//6 653//6
f 660//6 656//6 711//6
f 713//6 653//6 704//6
f 653//6 650//6 704//6
f 650//6 648//6 702//6
f 648//6 640//6 692//6
f 640//6 639//6 694//6
f 694//6 639//6 687//6
f 639//6 644//6 681//6
f 681//6 683//6 687//6
f 687//6 689//6 694//6
f 692//6 699//6 702//6
f 694//6 692//6 640//6
f 639//6 681//6 687//6
f 650//6 702//6 706//6
f 656//6 713//6 711//6
f 666//6 716//6 725//6
f 716//6 662//6 719//6
f 702//6 648//6 692//6
f 706//6 704//6 650//6
f 711//6 719//6 660//6
f 723//6 728//6 731//6
f 731//6 737//6 723//6
f 734//6 743//6 675//6
f 780//6 785//6 750//6
f 741//6 780//6 746//6
f 851//6 899//6 897//6
f 861//6 857//6 902//6
f 800//6 806//6 809//6
f 809//6 815//6 800//6
f 819//6 825//6 775//6
f 825//6 882//6 830//6
f 882//6 886//6 839//6
f 886//6 885//6 839//6
f 885//6 892//6 846//6
f 892//6 891//6 846//6
f 902//6 960//6 963//6
f 902//6 963//6 967//6
f 966//6 974//6 863//6
f 974//6 972//6 866//6
f 902//6 967//6 861//6
f 967//6 966//6 861//6
f 974//6 866//6 863//6
f 972//6 980//6 866//6
f 977//6 984//6 877//6
f 984//6 987//6 921//6
f 987//6 989//6 923//6
f 989//6 995//6 923//6
f 995//6 993//6 1005//6
f 993//6 1001//6 1005//6
f 1001//6 998//6 1005//6
f 871//6 977//6 877//6
f 897//6 902//6 857//6
f 995//6 1005//6 928//6
f 1005//6 939//6 928//6
f 966//6 863//6 861//6
f 934//6 932//6 914//6
f 932//6 943//6 908//6
f 939//6 934//6 928//6
f 943//6 942//6 950//6
f 950//6 948//6 954//6
f 943//6 950//6 954//6
f 954//6 956//6 905//6
f 956//6 1008//6 905//6
f 1008//6 1012//6 905//6
f 1012//6 1011//6 905//6
f 914//6 932//6 908//6
f 1016//6 1021//6 512//6
f 1021//6 1020//6 512//6
f 1011//6 1016//6 510//6
f 908//6 943//6 910//6
f 1020//6 1025//6 514//6
f 510//6 1016//6 512//6
f 1030//6 1028//6 524//6
f 1028//6 1036//6 524//6
f 1030//6 522//6 518//6
f 1025//6 1030//6 518//6
f 917//6 954//6 905//6
f 910//6 954//6 917//6
f 522//6 1030//6 524//6
f 1036//6 1034//6 529//6
f 1034//6 1042//6 529//6
f 905//6 1011//6 384//6
f 1042//6 1041//6 535//6
f 512//6 1020//6 514//6
f 1047//6 1052//6 561//6
f 1052//6 1050//6 561//6
f 1041//6 1047//6 535//6
f 514//6 1025//6 518//6
f 1050//6 1055//6 563//6
f 1036//6 528//6 524//6
f 528//6 1036//6 529//6
f 1055//6 1061//6 1067//6
f 1065//6 1073//6 548//6
f 1073//6 1071//6 548//6
f 1065//6 548//6 541//6
f 1055//6 1067//6 1065//6
f 375//6 384//6 353//6
f 1011//6 510//6 506//6
f 1055//6 1065//6 570//6
f 384//6 506//6 503//6
f 535//6 1047//6 558//6
f 500//6 384//6 503//6
f 1071//6 1143//6 1148//6
f 1146//6 1153//6 1152//6
f 1071//6 1148//6 1146//6
f 359//6 368//6 47//6
f 384//6 500//6 353//6
f 1071//6 1146//6 404//6
f 558//6 1047//6 561//6
f 1152//6 1158//6 1160//6
f 1146//6 1152//6 404//6
f 1152//6 1160//6 1165//6
f 1164//6 1171//6 1152//6
f 1171//6 1169//6 1152//6
f 1152//6 1165//6 1164//6
f 1169//6 1177//6 1175//6
f 561//6 1050//6 563//6
f 1169//6 1175//6 447//6
f 1175//6 1184//6 1181//6
f 1181//6 1188//6 1190//6
f 1190//6 1195//6 1181//6
f 1195//6 1194//6 1181//6
f 1194//6 1201//6 1181//6
f 1201//6 1200//6 1181//6
f 1200//6 1206//6 1104//6
f 1206//6 1209//6 1257//6
f 1213//6 1212//6 1257//6
f 1212//6 1253//6 1257//6
f 1206//6 1257//6 1235//6
f 1209//6 1213//6 1257//6
f 1152//6 1169//6 447//6
f 1175//6 1181//6 452//6
f 563//6 1055//6 567//6
f 1253//6 1251//6 1257//6
f 1257//6 1238//6 1235//6
f 1235//6 1233//6 1244//6
f 1244//6 1241//6 1248//6
f 1248//6 1220//6 1217//6
f 1226//6 1224//6 1230//6
f 1248//6 1217//6 1244//6
f 1217//6 1226//6 1230//6
f 1235//6 1244//6 1217//6
f 1121//6 1206//6 1235//6
f 1121//6 1235//6 1133//6
f 1217//6 1230//6 1235//6
f 1230//6 1133//6 1235//6
f 1133//6 1129//6 1121//6
f 1129//6 1128//6 1136//6
f 1136//6 1124//6 1121//6
f 1121//6 1115//6 1112//6
f 1112//6 1109//6 1118//6
f 1118//6 1105//6 1104//6
f 1104//6 1097//6 1093//6
f 1093//6 1092//6 1101//6
f 1101//6 1086//6 1093//6
f 1086//6 1088//6 1093//6
f 1088//6 1080//6 1082//6
f 1082//6 1076//6 633//6
f 633//6 634//6 1082//6
f 634//6 626//6 1082//6
f 626//6 629//6 620//6
f 620//6 623//6 609//6
f 623//6 616//6 609//6
f 616//6 614//6 609//6
f 609//6 610//6 603//6
f 603//6 605//6 591//6
f 605//6 598//6 591//6
f 598//6 596//6 591//6
f 591//6 593//6 584//6
f 584//6 586//6 580//6
f 580//6 579//6 573//6
f 573//6 574//6 496//6
f 496//6 494//6 492//6
f 492//6 485//6 475//6
f 485//6 487//6 481//6
f 475//6 485//6 481//6
f 481//6 479//6 475//6
f 475//6 473//6 467//6
f 573//6 496//6 492//6
f 467//6 469//6 464//6
f 492//6 475//6 467//6
f 584//6 580//6 573//6
f 573//6 492//6 467//6
f 467//6 464//6 462//6
f 462//6 436//6 467//6
f 436//6 434//6 467//6
f 434//6 431//6 467//6
f 431//6 428//6 467//6
f 428//6 425//6 459//6
f 425//6 423//6 459//6
f 423//6 416//6 459//6
f 416//6 413//6 459//6
f 413//6 419//6 459//6
f 459//6 454//6 452//6
f 452//6 448//6 447//6
f 447//6 442//6 441//6
f 441//6 389//6 410//6
f 389//6 387//6 410//6
f 387//6 393//6 410//6
f 452//6 447//6 1175//6
f 447//6 441//6 410//6
f 447//6 410//6 407//6
f 459//6 452//6 1181//6
f 447//6 407//6 1152//6
f 428//6 459//6 609//6
f 467//6 428//6 573//6
f 584//6 573//6 591//6
f 591//6 573//6 609//6
f 407//6 404//6 1152//6
f 459//6 1181//6 1104//6
f 404//6 398//6 395//6
f 395//6 402//6 554//6
f 395//6 554//6 404//6
f 554//6 551//6 1071//6
f 404//6 554//6 1071//6
f 573//6 428//6 609//6
f 609//6 603//6 591//6
f 626//6 620//6 609//6
f 1088//6 1082//6 1093//6
f 1093//6 1082//6 609//6
f 1118//6 1104//6 1112//6
f 1104//6 1093//6 609//6
f 1121//6 1104//6 1206//6
f 1121//6 1112//6 1104//6
f 1129//6 1136//6 1121//6
f 1181//6 1200//6 1104//6
f 567//6 1055//6 570//6
f 609//6 1082//6 626//6
f 551//6 548//6 1071//6
f 609//6 459//6 1104//6
f 368//6 49//6 47//6
f 540//6 546//6 570//6
f 541//6 540//6 1065//6
f 320//6 278//6 252//6
f 278//6 275//6 254//6
f 320//6 252//6 248//6
f 316//6 314//6 320//6
f 311//6 309//6 183//6
f 309//6 316//6 320//6
f 183//6 309//6 248//6
f 242//6 245//6 178//6
f 245//6 311//6 183//6
f 242//6 178//6 237//6
f 238//6 237//6 177//6
f 167//6 231//6 169//6
f 232//6 231//6 213//6
f 231//6 238//6 169//6
f 232//6 209//6 227//6
f 224//6 227//6 203//6
f 197//6 221//6 200//6
f 219//6 221//6 194//6
f 221//6 224//6 200//6
f 219//6 189//6 216//6
f 163//6 161//6 69//6
f 161//6 216//6 71//6
f 163//6 69//6 62//6
f 189//6 219//6 191//6
f 221//6 197//6 194//6
f 191//6 219//6 194//6
f 209//6 232//6 213//6
f 231//6 167//6 213//6
f 224//6 203//6 200//6
f 248//6 309//6 320//6
f 207//6 227//6 209//6
f 161//6 71//6 69//6
f 227//6 207//6 203//6
f 275//6 283//6 260//6
f 157//6 155//6 101//6
f 155//6 163//6 62//6
f 101//6 155//6 60//6
f 60//6 155//6 62//6
f 157//6 101//6 97//6
f 147//6 152//6 95//6
f 152//6 157//6 97//6
f 147//6 91//6 89//6
f 141//6 148//6 89//6
f 148//6 147//6 89//6
f 134//6 143//6 75//6
f 143//6 141//6 84//6
f 134//6 75//6 78//6
f 128//6 137//6 106//6
f 137//6 134//6 78//6
f 114//6 137//6 78//6
f 126//6 130//6 123//6
f 130//6 128//6 118//6
f 119//6 123//6 130//6
f 105//6 111//6 118//6
f 118//6 119//6 130//6
f 137//6 114//6 106//6
f 118//6 128//6 105//6
f 91//6 147//6 95//6
f 141//6 89//6 85//6
f 106//6 105//6 128//6
f 78//6 81//6 114//6
f 283//6 281//6 263//6
f 84//6 75//6 143//6
f 85//6 84//6 141//6
f 97//6 95//6 152//6
f 60//6 66//6 101//6
f 186//6 71//6 216//6
f 189//6 186//6 216//6
f 238//6 177//6 169//6
f 281//6 290//6 266//6
f 177//6 237//6 178//6
f 178//6 245//6 183//6
f 290//6 287//6 269//6
f 167//6 173//6 213//6
f 275//6 260//6 258//6
f 258//6 254//6 275//6
f 254//6 252//6 278//6
f 263//6 260//6 283//6
f 281//6 266//6 263//6
f 272//6 269//6 287//6
f 269//6 266//6 290//6
f 272//6 287//6 294//6
f 18//6 24//6 272//6
f 27//6 20//6 294//6
f 20//6 18//6 272//6
f 294//6 20//6 272//6
f 29//6 27//6 296//6
f 38//6 35//6 302//6
f 35//6 32//6 305//6
f 44//6 41//6 359//6
f 41//6 38//6 327//6
f 47//6 44//6 359//6
f 56//6 53//6 330//6
f 53//6 49//6 330//6
f 330//6 332//6 56//6
f 337//6 336//6 372//6
f 336//6 330//6 366//6
f 343//6 341//6 375//6
f 341//6 337//6 375//6
f 350//6 347//6 353//6
f 347//6 343//6 353//6
f 353//6 355//6 350//6
f 353//6 343//6 375//6
f 330//6 49//6 366//6
f 35//6 305//6 302//6
f 32//6 296//6 305//6
f 1042//6 533//6 529//6
f 533//6 1042//6 535//6
f 3537//713 3538//713 3530//713
f 3544//714 3545//714 3535//714
f 3532//715 3541//715 3542//715
f 3538//716 3539//716 3724//716
f 3545//717 3546//717 3726//717
f 3725//4381 3542//4381 3543//4381
f 3539//719 3540//719 3531//719
f 3726//720 3546//720 3547//720
f 3533//4382 3543//4382 3544//4382
f 3540//723 3541//723 3532//723
f 3542//724 3553//724 3554//724
f 3550//725 3551//725 3540//725
f 3557//4383 3558//4383 3547//4383
f 3554//4384 3555//4384 3544//4384
f 3551//729 3552//729 3541//729
f 3537//731 3548//731 3549//731
f 3544//732 3555//732 3556//732
f 3541//733 3552//733 3553//733
f 3538//734 3549//734 3550//734
f 3545//4385 3556//4385 3557//4385
f 3555//4386 3566//4386 3567//4386
f 3563//4387 3564//4387 3553//4387
f 3560//4388 3561//4388 3550//4388
f 3556//739 3567//739 3568//739
f 3564//740 3565//740 3554//740
f 3561//741 3562//741 3551//741
f 3568//742 3569//742 3558//742
f 3565//4389 3566//4389 3555//4389
f 3551//745 3562//745 3563//745
f 3559//4390 3560//4390 3549//4390
f 3565//749 3576//749 3577//749
f 3573//750 3574//750 3563//750
f 3570//752 3571//752 3560//752
f 3566//753 3577//753 3578//753
f 3574//754 3575//754 3564//754
f 3571//755 3572//755 3561//755
f 3578//756 3579//756 3568//756
f 3564//4391 3575//4391 3576//4391
f 3572//758 3573//758 3562//758
f 3568//759 3579//759 3580//759
f 3578//4392 3589//4392 3590//4392
f 3575//761 3586//761 3587//761
f 3583//762 3584//762 3573//762
f 3590//763 3591//763 3580//763
f 3576//765 3587//765 3588//765
f 3573//766 3584//766 3585//766
f 3581//768 3582//768 3571//768
f 3577//769 3588//769 3589//769
f 3574//770 3585//770 3586//770
f 3582//771 3583//771 3572//771
f 3592//4393 3593//4393 3582//4393
f 3588//773 3599//773 3600//773
f 3596//774 3597//774 3586//774
f 3593//775 3594//775 3583//775
f 3589//776 3600//776 3601//776
f 3597//4394 3598//4394 3587//4394
f 3583//778 3594//778 3595//778
f 3590//779 3601//779 3602//779
f 3598//781 3599//781 3588//781
f 3595//782 3596//782 3585//782
f 3612//4395 3613//4395 3602//4395
f 3598//786 3609//786 3610//786
f 3606//787 3607//787 3596//787
f 3603//4396 3604//4396 3593//4396
f 3599//4397 3610//4397 3611//4397
f 3596//791 3607//791 3608//791
f 3604//4398 3605//4398 3594//4398
f 3600//793 3611//793 3612//793
f 3608//794 3609//794 3598//794
f 3605//795 3606//795 3595//795
f 3615//796 3616//796 3605//796
f 3622//797 3623//797 3612//797
f 3608//798 3619//798 3620//798
f 3605//799 3616//799 3617//799
f 3623//800 3624//800 3613//800
f 3609//802 3620//802 3621//802
f 3617//803 3618//803 3607//803
f 3614//805 3615//805 3604//805
f 3621//806 3622//806 3611//806
f 3618//807 3619//807 3608//807
f 3625//809 3626//809 3615//809
f 3621//810 3632//810 3633//810
f 3618//811 3629//811 3630//811
f 3626//812 3627//812 3616//812
f 3622//813 3633//813 3634//813
f 3630//4399 3631//4399 3620//4399
f 3616//815 3627//815 3628//815
f 3623//816 3634//816 3635//816
f 3631//818 3632//818 3621//818
f 3617//819 3628//819 3629//819
f 3627//820 3638//820 3639//820
f 3634//821 3645//821 3646//821
f 3631//823 3642//823 3643//823
f 3639//824 3640//824 3629//824
f 3636//826 3637//826 3626//826
f 3632//827 3643//827 3644//827
f 3629//828 3640//828 3641//828
f 3637//829 3638//829 3627//829
f 3644//830 3645//830 3634//830
f 3630//831 3641//831 3642//831
f 3648//832 3649//832 3638//832
f 3655//4400 3656//4400 3645//4400
f 3652//834 3653//834 3642//834
f 3649//835 3650//835 3639//835
f 3656//836 3657//836 3646//836
f 3653//838 3654//838 3643//838
f 3650//839 3651//839 3640//839
f 3647//4401 3648//4401 3637//4401
f 3643//842 3654//842 3655//842
f 3651//843 3652//843 3641//843
f 3650//844 3661//844 3662//844
f 3658//4402 3659//4402 3648//4402
f 3654//847 3665//847 3666//847
f 3651//848 3662//848 3663//848
f 3659//849 3660//849 3649//849
f 3655//850 3666//850 3667//850
f 3663//4403 3664//4403 3653//4403
f 3649//852 3660//852 3661//852
f 3656//853 3667//853 3668//853
f 3664//855 3665//855 3654//855
f 3660//856 3671//856 3672//856
f 3667//857 3678//857 3679//857
f 3664//859 3675//859 3676//859
f 3672//860 3673//860 3662//860
f 3669//862 3670//862 3659//862
f 3665//863 3676//863 3677//863
f 3662//864 3673//864 3674//864
f 3670//865 3671//865 3660//865
f 3677//866 3678//866 3667//866
f 3663//867 3674//867 3675//867
f 3684//868 3685//868 3674//868
f 3670//869 3681//869 3682//869
f 3677//4404 3688//4404 3689//4404
f 3685//871 3686//871 3675//871
f 3671//872 3682//872 3683//872
f 3689//873 3690//873 3679//873
f 3686//875 3687//875 3676//875
f 3672//876 3683//876 3684//876
f 3669//878 3680//878 3681//878
f 3676//879 3687//879 3688//879
f 3694//880 3695//880 3684//880
f 3691//882 3692//882 3681//882
f 3698//883 3699//883 3688//883
f 3695//884 3696//884 3685//884
f 3692//885 3693//885 3682//885
f 3699//886 3700//886 3689//886
f 3685//4405 3696//4405 3697//4405
f 3693//888 3694//888 3683//888
f 3689//889 3700//889 3701//889
f 3697//891 3698//891 3687//891
f 3696//4406 3707//4406 3708//4406
f 3704//893 3705//893 3694//893
f 3700//894 3711//894 3712//894
f 3708//896 3709//896 3698//896
f 3694//897 3705//897 3706//897
f 3702//4407 3703//4407 3692//4407
f 3698//900 3709//900 3710//900
f 3695//901 3706//901 3707//901
f 3692//902 3703//902 3704//902
f 3710//903 3711//903 3700//903
f 3717//904 3718//904 3707//904
f 3714//905 3715//905 3704//905
f 3710//906 3721//906 3722//906
f 3718//907 3719//907 3708//907
f 3715//908 3716//908 3705//908
f 3711//909 3722//909 3723//909
f 3719//911 3720//911 3709//911
f 3716//912 3717//912 3706//912
f 3702//914 3713//914 3714//914
f 3720//915 3721//915 3710//915
f 3719//4408 3533//4408 3534//4408
f 3716//917 3531//917 3532//917
f 3529//919 3530//919 3714//919
f 3720//920 3534//920 3535//920
f 3717//921 3532//921 3725//921
f 3714//922 3530//922 3724//922
f 3535//923 3726//923 3722//923
f 3718//924 3725//924 3533//924
f 3715//925 3724//925 3531//925
f 3726//926 3727//926 3723//926
f 3729//929 3737//929 3738//929
f 3734//930 3744//930 3745//930
f 3732//931 3741//931 3742//931
f 3738//932 3739//932 3924//932
f 3745//933 3746//933 3926//933
f 3742//934 3743//934 3733//934
f 3739//935 3740//935 3731//935
f 3926//936 3746//936 3747//936
f 3743//938 3744//938 3734//938
f 3731//939 3740//939 3741//939
f 3742//940 3753//940 3754//940
f 3739//4409 3750//4409 3751//4409
f 3746//942 3757//942 3758//942
f 3754//944 3755//944 3744//944
f 3751//945 3752//945 3741//945
f 3737//947 3748//947 3749//947
f 3755//948 3756//948 3745//948
f 3752//949 3753//949 3742//949
f 3749//950 3750//950 3739//950
f 3756//951 3757//951 3746//951
f 3766//952 3767//952 3756//952
f 3752//953 3763//953 3764//953
f 3760//4410 3761//4410 3750//4410
f 3767//955 3768//955 3757//955
f 3764//4411 3765//4411 3754//4411
f 3761//957 3762//957 3751//957
f 3757//958 3768//958 3769//958
f 3765//960 3766//960 3755//960
f 3751//961 3762//961 3763//961
f 3759//4412 3760//4412 3749//4412
f 3776//965 3777//965 3766//965
f 3773//966 3774//966 3763//966
f 3759//968 3770//968 3771//968
f 3777//4413 3778//4413 3767//4413
f 3774//970 3775//970 3764//970
f 3760//971 3771//971 3772//971
f 3767//972 3778//972 3779//972
f 3764//4414 3775//4414 3776//4414
f 3772//974 3773//974 3762//974
f 3768//4415 3779//4415 3780//4415
f 3789//976 3790//976 3779//976
f 3786//977 3787//977 3776//977
f 3772//978 3783//978 3784//978
f 3779//979 3790//979 3791//979
f 3776//981 3787//981 3788//981
f 3773//982 3784//982 3785//982
f 3781//984 3782//984 3771//984
f 3777//985 3788//985 3789//985
f 3785//986 3786//986 3775//986
f 3782//987 3783//987 3772//987
f 3792//988 3793//988 3782//988
f 3799//4416 3800//4416 3789//4416
f 3796//990 3797//990 3786//990
f 3782//991 3793//991 3794//991
f 3800//992 3801//992 3790//992
f 3786//4417 3797//4417 3798//4417
f 3783//994 3794//994 3795//994
f 3790//995 3801//995 3802//995
f 3798//997 3799//997 3788//997
f 3795//998 3796//998 3785//998
f 3801//1000 3812//1000 3813//1000
f 3798//1002 3809//1002 3810//1002
f 3806//1003 3807//1003 3796//1003
f 3803//4418 3804//4418 3793//4418
f 3810//1006 3811//1006 3800//1006
f 3807//1007 3808//1007 3797//1007
f 3804//1008 3805//1008 3794//1008
f 3800//1009 3811//1009 3812//1009
f 3808//4419 3809//4419 3798//4419
f 3805//1011 3806//1011 3795//1011
f 3815//1012 3816//1012 3805//1012
f 3811//1013 3822//1013 3823//1013
f 3819//1014 3820//1014 3809//1014
f 3816//1015 3817//1015 3806//1015
f 3823//1016 3824//1016 3813//1016
f 3809//1018 3820//1018 3821//1018
f 3806//1019 3817//1019 3818//1019
f 3803//4420 3814//4420 3815//4420
f 3821//1022 3822//1022 3811//1022
f 3807//1023 3818//1023 3819//1023
f 3825//1025 3826//1025 3815//1025
f 3832//1026 3833//1026 3822//1026
f 3829//1027 3830//1027 3819//1027
f 3815//1028 3826//1028 3827//1028
f 3833//1029 3834//1029 3823//1029
f 3819//1030 3830//1030 3831//1030
f 3816//1031 3827//1031 3828//1031
f 3823//1032 3834//1032 3835//1032
f 3831//1034 3832//1034 3821//1034
f 3817//1035 3828//1035 3829//1035
f 3827//1036 3838//1036 3839//1036
f 3845//4421 3846//4421 3835//4421
f 3842//4422 3843//4422 3832//4422
f 3839//1040 3840//1040 3829//1040
f 3836//1042 3837//1042 3826//1042
f 3832//1043 3843//1043 3844//1043
f 3840//1044 3841//1044 3830//1044
f 3826//1045 3837//1045 3838//1045
f 3844//1046 3845//1046 3834//1046
f 3841//1047 3842//1047 3831//1047
f 3848//1048 3849//1048 3838//1048
f 3844//1049 3855//1049 3856//1049
f 3841//1050 3852//1050 3853//1050
f 3849//1051 3850//1051 3839//1051
f 3856//1052 3857//1052 3846//1052
f 3842//1054 3853//1054 3854//1054
f 3839//1055 3850//1055 3851//1055
f 3836//1057 3847//1057 3848//1057
f 3843//4423 3854//4423 3855//4423
f 3851//1059 3852//1059 3841//1059
f 3861//1060 3862//1060 3851//1060
f 3847//1062 3858//1062 3859//1062
f 3865//1063 3866//1063 3855//1063
f 3851//1064 3862//1064 3863//1064
f 3859//4424 3860//4424 3849//4424
f 3855//1066 3866//1066 3867//1066
f 3852//4425 3863//4425 3864//4425
f 3860//1068 3861//1068 3850//1068
f 3867//1069 3868//1069 3857//1069
f 3853//1071 3864//1071 3865//1071
f 3860//1072 3871//1072 3872//1072
f 3867//1073 3878//1073 3879//1073
f 3875//1075 3876//1075 3865//1075
f 3861//1076 3872//1076 3873//1076
f 3869//1078 3870//1078 3859//1078
f 3865//4426 3876//4426 3877//4426
f 3873//4427 3874//4427 3863//4427
f 3870//1081 3871//1081 3860//1081
f 3877//1082 3878//1082 3867//1082
f 3874//1083 3875//1083 3864//1083
f 3884//1084 3885//1084 3874//1084
f 3870//1085 3881//1085 3882//1085
f 3877//1086 3888//1086 3889//1086
f 3874//1087 3885//1087 3886//1087
f 3871//1088 3882//1088 3883//1088
f 3889//1089 3890//1089 3879//1089
f 3875//1091 3886//1091 3887//1091
f 3883//1092 3884//1092 3873//1092
f 3869//1094 3880//1094 3881//1094
f 3876//1095 3887//1095 3888//1095
f 3894//1096 3895//1096 3884//1096
f 3880//1098 3891//1098 3892//1098
f 3887//1099 3898//1099 3899//1099
f 3895//1100 3896//1100 3885//1100
f 3892//1101 3893//1101 3882//1101
f 3888//1102 3899//1102 3900//1102
f 3896//4428 3897//4428 3886//4428
f 3882//1104 3893//1104 3894//1104
f 3889//1105 3900//1105 3901//1105
f 3886//1107 3897//1107 3898//1107
f 3907//4429 3908//4429 3897//4429
f 3904//1109 3905//1109 3894//1109
f 3911//1110 3912//1110 3901//1110
f 3897//1112 3908//1112 3909//1112
f 3894//1113 3905//1113 3906//1113
f 3891//4430 3902//4430 3903//4430
f 3909//1116 3910//1116 3899//1116
f 3895//1117 3906//1117 3907//1117
f 3903//4431 3904//4431 3893//4431
f 3899//1119 3910//1119 3911//1119
f 3906//1120 3917//1120 3918//1120
f 3914//1121 3915//1121 3904//1121
f 3910//1122 3921//1122 3922//1122
f 3907//1123 3918//1123 3919//1123
f 3904//1124 3915//1124 3916//1124
f 3911//1125 3922//1125 3923//1125
f 3919//1127 3920//1127 3909//1127
f 3905//1128 3916//1128 3917//1128
f 3902//1130 3913//1130 3914//1130
f 3920//1131 3921//1131 3910//1131
f 3733//1132 3734//1132 3920//1132
f 3731//1133 3732//1133 3917//1133
f 3913//1135 3729//1135 3730//1135
f 3734//1136 3735//1136 3921//1136
f 3732//1137 3925//1137 3918//1137
f 3730//1138 3924//1138 3915//1138
f 3921//1139 3735//1139 3926//1139
f 3925//1140 3733//1140 3919//1140
f 3924//1141 3731//1141 3916//1141
f 3922//4432 3926//4432 3927//4432
f 3929//1145 3937//1145 3938//1145
f 3934//1146 3944//1146 3945//1146
f 3932//1147 3941//1147 3942//1147
f 3938//1148 3939//1148 4124//1148
f 3935//4433 3945//4433 3946//4433
f 4125//1150 3942//1150 3943//1150
f 3939//1151 3940//1151 3931//1151
f 3946//1152 3947//1152 4127//1152
f 3933//1154 3943//1154 3944//1154
f 3940//1155 3941//1155 3932//1155
f 3942//1156 3953//1156 3954//1156
f 3939//1157 3950//1157 3951//1157
f 3946//4434 3957//4434 3958//4434
f 3943//1160 3954//1160 3955//1160
f 3951//1161 3952//1161 3941//1161
f 3948//1163 3949//1163 3938//1163
f 3955//1164 3956//1164 3945//1164
f 3952//1165 3953//1165 3942//1165
f 3949//1166 3950//1166 3939//1166
f 3945//1167 3956//1167 3957//1167
f 3966//1168 3967//1168 3956//1168
f 3963//1169 3964//1169 3953//1169
f 3949//4435 3960//4435 3961//4435
f 3967//1171 3968//1171 3957//1171
f 3964//4436 3965//4436 3954//4436
f 3961//1173 3962//1173 3951//1173
f 3968//1174 3969//1174 3958//1174
f 3965//1176 3966//1176 3955//1176
f 3962//1177 3963//1177 3952//1177
f 3959//1179 3960//1179 3949//1179
f 3976//1181 3977//1181 3966//1181
f 3973//1182 3974//1182 3963//1182
f 3970//4437 3971//4437 3960//4437
f 3977//1185 3978//1185 3967//1185
f 3974//1186 3975//1186 3964//1186
f 3971//1187 3972//1187 3961//1187
f 3978//1188 3979//1188 3968//1188
f 3964//4438 3975//4438 3976//4438
f 3961//1190 3972//1190 3973//1190
f 3968//1191 3979//1191 3980//1191
f 3978//4439 3989//4439 3990//4439
f 3975//1193 3986//1193 3987//1193
f 3972//1194 3983//1194 3984//1194
f 3990//1195 3991//1195 3980//1195
f 3976//1197 3987//1197 3988//1197
f 3984//1198 3985//1198 3974//1198
f 3970//1200 3981//1200 3982//1200
f 3977//1201 3988//1201 3989//1201
f 3985//1202 3986//1202 3975//1202
f 3982//1203 3983//1203 3972//1203
f 3992//4440 3993//4440 3982//4440
f 3988//1205 3999//1205 4000//1205
f 3996//1206 3997//1206 3986//1206
f 3982//1207 3993//1207 3994//1207
f 3989//1208 4000//1208 4001//1208
f 3997//4441 3998//4441 3987//4441
f 3983//4442 3994//4442 3995//4442
f 4001//4443 4002//4443 3991//4443
f 3998//1213 3999//1213 3988//1213
f 3984//1214 3995//1214 3996//1214
f 4012//1216 4013//1216 4002//1216
f 3998//1218 4009//1218 4010//1218
f 4006//1219 4007//1219 3996//1219
f 4003//4444 4004//4444 3993//4444
f 4010//1222 4011//1222 4000//1222
f 3996//1223 4007//1223 4008//1223
f 4004//4445 4005//4445 3994//4445
f 4011//1225 4012//1225 4001//1225
f 3997//4446 4008//4446 4009//4446
f 4005//1227 4006//1227 3995//1227
f 4015//1228 4016//1228 4005//1228
f 4022//1229 4023//1229 4012//1229
f 4019//1230 4020//1230 4009//1230
f 4016//1231 4017//1231 4006//1231
f 4023//4447 4024//4447 4013//4447
f 4020//1234 4021//1234 4010//1234
f 4017//1235 4018//1235 4007//1235
f 4014//1237 4015//1237 4004//1237
f 4010//1238 4021//1238 4022//1238
f 4018//1239 4019//1239 4008//1239
f 4014//1241 4025//1241 4026//1241
f 4032//1242 4033//1242 4022//1242
f 4029//1243 4030//1243 4019//1243
f 4026//1244 4027//1244 4016//1244
f 4033//1245 4034//1245 4023//1245
f 4019//1246 4030//1246 4031//1246
f 4027//1247 4028//1247 4017//1247
f 4034//1248 4035//1248 4024//1248
f 4031//1250 4032//1250 4021//1250
f 4028//1251 4029//1251 4018//1251
f 4038//1252 4039//1252 4028//1252
f 4045//4448 4046//4448 4035//4448
f 4042//1255 4043//1255 4032//1255
f 4039//1256 4040//1256 4029//1256
f 4036//1258 4037//1258 4026//1258
f 4043//1259 4044//1259 4033//1259
f 4040//1260 4041//1260 4030//1260
f 4037//1261 4038//1261 4027//1261
f 4033//1262 4044//1262 4045//1262
f 4030//1263 4041//1263 4042//1263
f 4048//1264 4049//1264 4038//1264
f 4044//4449 4055//4449 4056//4449
f 4041//1266 4052//1266 4053//1266
f 4038//1267 4049//1267 4050//1267
f 4045//1268 4056//1268 4057//1268
f 4053//1270 4054//1270 4043//1270
f 4039//4450 4050//4450 4051//4450
f 4047//1273 4048//1273 4037//1273
f 4043//1274 4054//1274 4055//1274
f 4040//1275 4051//1275 4052//1275
f 4061//1276 4062//1276 4051//1276
f 4047//1278 4058//1278 4059//1278
f 4065//4451 4066//4451 4055//4451
f 4062//1280 4063//1280 4052//1280
f 4059//1281 4060//1281 4049//1281
f 4066//1282 4067//1282 4056//1282
f 4063//4452 4064//4452 4053//4452
f 4060//1284 4061//1284 4050//1284
f 4067//1285 4068//1285 4057//1285
f 4064//1287 4065//1287 4054//1287
f 4071//1288 4072//1288 4061//1288
f 4078//4453 4079//4453 4068//4453
f 4064//1291 4075//1291 4076//1291
f 4072//1292 4073//1292 4062//1292
f 4069//1294 4070//1294 4059//1294
f 4065//1295 4076//1295 4077//1295
f 4073//4454 4074//4454 4063//4454
f 4070//1297 4071//1297 4060//1297
f 4066//1298 4077//1298 4078//1298
f 4074//4455 4075//4455 4064//4455
f 4084//1300 4085//1300 4074//1300
f 4081//1301 4082//1301 4071//1301
f 4077//4456 4088//4456 4089//4456
f 4085//1303 4086//1303 4075//1303
f 4082//1304 4083//1304 4072//1304
f 4078//1305 4089//1305 4090//1305
f 4086//1307 4087//1307 4076//1307
f 4072//1308 4083//1308 4084//1308
f 4080//1310 4081//1310 4070//1310
f 4087//1311 4088//1311 4077//1311
f 4083//1312 4094//1312 4095//1312
f 4080//1314 4091//1314 4092//1314
f 4087//1315 4098//1315 4099//1315
f 4084//4457 4095//4457 4096//4457
f 4092//1317 4093//1317 4082//1317
f 4099//1318 4100//1318 4089//1318
f 4085//4458 4096//4458 4097//4458
f 4082//1320 4093//1320 4094//1320
f 4089//1321 4100//1321 4101//1321
f 4086//1323 4097//1323 4098//1323
f 4107//4459 4108//4459 4097//4459
f 4093//4460 4104//4460 4105//4460
f 4100//1326 4111//1326 4112//1326
f 4097//1328 4108//1328 4109//1328
f 4105//1329 4106//1329 4095//1329
f 4102//1331 4103//1331 4092//1331
f 4109//1332 4110//1332 4099//1332
f 4106//1333 4107//1333 4096//1333
f 4103//4461 4104//4461 4093//4461
f 4110//1335 4111//1335 4100//1335
f 4117//1336 4118//1336 4107//1336
f 4114//1337 4115//1337 4104//1337
f 4110//1338 4121//1338 4122//1338
f 4107//1339 4118//1339 4119//1339
f 4115//1340 4116//1340 4105//1340
f 4111//1341 4122//1341 4123//1341
f 4108//1343 4119//1343 4120//1343
f 4116//1344 4117//1344 4106//1344
f 4113//1346 4114//1346 4103//1346
f 4120//1347 4121//1347 4110//1347
f 3933//4462 3934//4462 4120//4462
f 4116//1349 3931//1349 3932//1349
f 4113//1351 3929//1351 3930//1351
f 4120//1352 3934//1352 3935//1352
f 4117//1353 3932//1353 4125//1353
f 4114//1354 3930//1354 4124//1354
f 3935//1355 4126//1355 4122//1355
f 4118//1356 4125//1356 3933//1356
f 4124//1357 3931//1357 4116//1357
f 4126//4463 4127//4463 4123//4463
f 4137//1361 4138//1361 4130//1361
f 4134//1362 4144//1362 4145//1362
f 4132//1363 4141//1363 4142//1363
f 4138//1364 4139//1364 4324//1364
f 4145//1365 4146//1365 4326//1365
f 4142//1366 4143//1366 4133//1366
f 4324//1367 4139//1367 4140//1367
f 4326//1368 4146//1368 4147//1368
f 4143//1370 4144//1370 4134//1370
f 4131//1371 4140//1371 4141//1371
f 4153//1372 4154//1372 4143//1372
f 4150//1373 4151//1373 4140//1373
f 4146//1374 4157//1374 4158//1374
f 4154//1376 4155//1376 4144//1376
f 4151//1377 4152//1377 4141//1377
f 4148//1379 4149//1379 4138//1379
f 4144//1380 4155//1380 4156//1380
f 4152//4464 4153//4464 4142//4464
f 4149//1382 4150//1382 4139//1382
f 4156//1383 4157//1383 4146//1383
f 4166//1384 4167//1384 4156//1384
f 4163//1385 4164//1385 4153//1385
f 4149//1386 4160//1386 4161//1386
f 4167//1387 4168//1387 4157//1387
f 4164//1388 4165//1388 4154//1388
f 4161//1389 4162//1389 4151//1389
f 4157//1390 4168//1390 4169//1390
f 4154//1392 4165//1392 4166//1392
f 4162//1393 4163//1393 4152//1393
f 4148//4465 4159//4465 4160//4465
f 4176//1397 4177//1397 4166//1397
f 4162//1398 4173//1398 4174//1398
f 4170//1400 4171//1400 4160//1400
f 4166//1401 4177//1401 4178//1401
f 4174//1402 4175//1402 4164//1402
f 4171//1403 4172//1403 4161//1403
f 4167//1404 4178//1404 4179//1404
f 4175//4466 4176//4466 4165//4466
f 4161//4467 4172//4467 4173//4467
f 4168//1407 4179//1407 4180//1407
f 4178//1408 4189//1408 4190//1408
f 4186//1409 4187//1409 4176//1409
f 4183//1410 4184//1410 4173//1410
f 4190//1411 4191//1411 4180//1411
f 4176//1413 4187//1413 4188//1413
f 4184//1414 4185//1414 4174//1414
f 4181//1416 4182//1416 4171//1416
f 4177//1417 4188//1417 4189//1417
f 4174//1418 4185//1418 4186//1418
f 4182//1419 4183//1419 4172//1419
f 4192//1420 4193//1420 4182//1420
f 4188//1421 4199//1421 4200//1421
f 4196//1422 4197//1422 4186//1422
f 4193//1423 4194//1423 4183//1423
f 4200//1424 4201//1424 4190//1424
f 4186//1425 4197//1425 4198//1425
f 4194//4468 4195//4468 4184//4468
f 4201//1427 4202//1427 4191//1427
f 4198//1429 4199//1429 4188//1429
f 4195//1430 4196//1430 4185//1430
f 4212//1432 4213//1432 4202//1432
f 4209//1434 4210//1434 4199//1434
f 4195//1435 4206//1435 4207//1435
f 4192//1437 4203//1437 4204//1437
f 4199//1438 4210//1438 4211//1438
f 4196//4469 4207//4469 4208//4469
f 4204//1440 4205//1440 4194//1440
f 4200//1441 4211//1441 4212//1441
f 4208//4470 4209//4470 4198//4470
f 4205//1443 4206//1443 4195//1443
f 4215//1444 4216//1444 4205//1444
f 4222//1445 4223//1445 4212//1445
f 4208//1446 4219//1446 4220//1446
f 4216//1447 4217//1447 4206//1447
f 4212//1448 4223//1448 4224//1448
f 4220//1450 4221//1450 4210//1450
f 4206//1451 4217//1451 4218//1451
f 4214//1453 4215//1453 4204//1453
f 4221//1454 4222//1454 4211//1454
f 4207//4471 4218//4471 4219//4471
f 4225//1457 4226//1457 4215//1457
f 4221//1458 4232//1458 4233//1458
f 4229//1459 4230//1459 4219//1459
f 4215//1460 4226//1460 4227//1460
f 4222//1461 4233//1461 4234//1461
f 4219//1462 4230//1462 4231//1462
f 4227//1463 4228//1463 4217//1463
f 4234//1464 4235//1464 4224//1464
f 4220//1466 4231//1466 4232//1466
f 4217//1467 4228//1467 4229//1467
f 4227//1468 4238//1468 4239//1468
f 4234//1469 4245//1469 4246//1469
f 4231//4472 4242//4472 4243//4472
f 4239//1472 4240//1472 4229//1472
f 4236//1474 4237//1474 4226//1474
f 4243//1475 4244//1475 4233//1475
f 4240//1476 4241//1476 4230//1476
f 4237//1477 4238//1477 4227//1477
f 4244//1478 4245//1478 4234//1478
f 4241//1479 4242//1479 4231//1479
f 4237//1480 4248//1480 4249//1480
f 4255//1481 4256//1481 4245//1481
f 4241//1482 4252//1482 4253//1482
f 4249//1483 4250//1483 4239//1483
f 4245//1484 4256//1484 4257//1484
f 4242//1486 4253//1486 4254//1486
f 4239//1487 4250//1487 4251//1487
f 4236//1489 4247//1489 4248//1489
f 4243//1490 4254//1490 4255//1490
f 4240//1491 4251//1491 4252//1491
f 4250//1492 4261//1492 4262//1492
f 4258//4473 4259//4473 4248//4473
f 4265//4474 4266//4474 4255//4474
f 4251//1496 4262//1496 4263//1496
f 4259//1497 4260//1497 4249//1497
f 4266//1498 4267//1498 4256//1498
f 4263//4475 4264//4475 4253//4475
f 4249//4476 4260//4476 4261//4476
f 4267//1501 4268//1501 4257//1501
f 4264//1503 4265//1503 4254//1503
f 4271//1504 4272//1504 4261//1504
f 4267//1505 4278//1505 4279//1505
f 4275//1507 4276//1507 4265//1507
f 4272//1508 4273//1508 4262//1508
f 4269//4477 4270//4477 4259//4477
f 4276//1511 4277//1511 4266//1511
f 4273//1512 4274//1512 4263//1512
f 4259//1513 4270//1513 4271//1513
f 4266//1514 4277//1514 4278//1514
f 4274//1515 4275//1515 4264//1515
f 4284//1516 4285//1516 4274//1516
f 4281//1517 4282//1517 4271//1517
f 4288//1518 4289//1518 4278//1518
f 4285//1519 4286//1519 4275//1519
f 4282//1520 4283//1520 4272//1520
f 4289//1521 4290//1521 4279//1521
f 4286//1523 4287//1523 4276//1523
f 4283//1524 4284//1524 4273//1524
f 4269//1526 4280//1526 4281//1526
f 4276//1527 4287//1527 4288//1527
f 4283//1528 4294//1528 4295//1528
f 4280//4478 4291//4478 4292//4478
f 4298//1531 4299//1531 4288//1531
f 4284//1532 4295//1532 4296//1532
f 4281//1533 4292//1533 4293//1533
f 4299//1534 4300//1534 4289//1534
f 4296//1535 4297//1535 4286//1535
f 4293//1536 4294//1536 4283//1536
f 4289//1537 4300//1537 4301//1537
f 4297//1539 4298//1539 4287//1539
f 4307//4479 4308//4479 4297//4479
f 4293//1541 4304//1541 4305//1541
f 4300//1542 4311//1542 4312//1542
f 4297//4480 4308//4480 4309//4480
f 4305//1545 4306//1545 4295//1545
f 4291//1547 4302//1547 4303//1547
f 4309//1548 4310//1548 4299//1548
f 4295//1549 4306//1549 4307//1549
f 4303//4481 4304//4481 4293//4481
f 4310//1551 4311//1551 4300//1551
f 4317//1552 4318//1552 4307//1552
f 4303//1553 4314//1553 4315//1553
f 4310//1554 4321//1554 4322//1554
f 4318//1555 4319//1555 4308//1555
f 4315//1556 4316//1556 4305//1556
f 4322//1557 4323//1557 4312//1557
f 4308//1559 4319//1559 4320//1559
f 4316//1560 4317//1560 4306//1560
f 4302//1562 4313//1562 4314//1562
f 4320//1563 4321//1563 4310//1563
f 4133//4482 4134//4482 4320//4482
f 4131//1565 4132//1565 4317//1565
f 4129//1567 4130//1567 4314//1567
f 4320//1568 4134//1568 4135//1568
f 4132//1569 4325//1569 4318//1569
f 4130//1570 4324//1570 4315//1570
f 4321//1571 4135//1571 4326//1571
f 4325//1572 4133//1572 4319//1572
f 4324//1573 4131//1573 4316//1573
f 4326//1574 4327//1574 4323//1574
f 4337//1577 4338//1577 4330//1577
f 4334//1578 4344//1578 4345//1578
f 4332//1579 4341//1579 4342//1579
f 4338//1580 4339//1580 4524//1580
f 4345//1581 4346//1581 4526//1581
f 4525//1582 4342//1582 4343//1582
f 4339//1583 4340//1583 4331//1583
f 4346//1584 4347//1584 4527//1584
f 4343//4483 4344//4483 4334//4483
f 4331//1587 4340//1587 4341//1587
f 4353//1588 4354//1588 4343//1588
f 4339//1589 4350//1589 4351//1589
f 4346//1590 4357//1590 4358//1590
f 4343//1592 4354//1592 4355//1592
f 4340//1593 4351//1593 4352//1593
f 4337//1595 4348//1595 4349//1595
f 4344//1596 4355//1596 4356//1596
f 4341//1597 4352//1597 4353//1597
f 4349//1598 4350//1598 4339//1598
f 4356//1599 4357//1599 4346//1599
f 4366//1600 4367//1600 4356//1600
f 4363//4484 4364//4484 4353//4484
f 4349//4485 4360//4485 4361//4485
f 4356//1603 4367//1603 4368//1603
f 4364//4486 4365//4486 4354//4486
f 4361//4487 4362//4487 4351//4487
f 4368//1606 4369//1606 4358//1606
f 4365//1608 4366//1608 4355//1608
f 4351//4488 4362//4488 4363//4488
f 4359//1611 4360//1611 4349//1611
f 4365//1613 4376//1613 4377//1613
f 4362//1614 4373//1614 4374//1614
f 4359//1616 4370//1616 4371//1616
f 4377//1617 4378//1617 4367//1617
f 4374//1618 4375//1618 4364//1618
f 4371//1619 4372//1619 4361//1619
f 4378//1620 4379//1620 4368//1620
f 4364//4489 4375//4489 4376//4489
f 4372//1622 4373//1622 4362//1622
f 4368//1623 4379//1623 4380//1623
f 4389//4490 4390//4490 4379//4490
f 4386//1625 4387//1625 4376//1625
f 4372//1626 4383//1626 4384//1626
f 4379//4491 4390//4491 4391//4491
f 4387//1629 4388//1629 4377//1629
f 4373//1630 4384//1630 4385//1630
f 4381//1632 4382//1632 4371//1632
f 4377//1633 4388//1633 4389//1633
f 4374//1634 4385//1634 4386//1634
f 4371//1635 4382//1635 4383//1635
f 4392//1636 4393//1636 4382//1636
f 4388//1637 4399//1637 4400//1637
f 4385//1638 4396//1638 4397//1638
f 4393//1639 4394//1639 4383//1639
f 4389//1640 4400//1640 4401//1640
f 4386//4492 4397//4492 4398//4492
f 4394//1642 4395//1642 4384//1642
f 4390//4493 4401//4493 4402//4493
f 4398//1645 4399//1645 4388//1645
f 4395//1646 4396//1646 4385//1646
f 4401//1648 4412//1648 4413//1648
f 4409//1650 4410//1650 4399//1650
f 4406//4494 4407//4494 4396//4494
f 4392//1653 4403//1653 4404//1653
f 4399//1654 4410//1654 4411//1654
f 4407//1655 4408//1655 4397//1655
f 4404//4495 4405//4495 4394//4495
f 4411//1657 4412//1657 4401//1657
f 4408//1658 4409//1658 4398//1658
f 4405//1659 4406//1659 4395//1659
f 4415//1660 4416//1660 4405//1660
f 4422//1661 4423//1661 4412//1661
f 4408//1662 4419//1662 4420//1662
f 4416//1663 4417//1663 4406//1663
f 4423//1664 4424//1664 4413//1664
f 4420//1666 4421//1666 4410//1666
f 4406//1667 4417//1667 4418//1667
f 4414//1669 4415//1669 4404//1669
f 4421//1670 4422//1670 4411//1670
f 4407//1671 4418//1671 4419//1671
f 4425//1673 4426//1673 4415//1673
f 4421//1674 4432//1674 4433//1674
f 4418//1675 4429//1675 4430//1675
f 4426//1676 4427//1676 4416//1676
f 4422//1677 4433//1677 4434//1677
f 4419//1678 4430//1678 4431//1678
f 4427//1679 4428//1679 4417//1679
f 4434//1680 4435//1680 4424//1680
f 4431//1682 4432//1682 4421//1682
f 4428//1683 4429//1683 4418//1683
f 4438//1684 4439//1684 4428//1684
f 4434//1685 4445//1685 4446//1685
f 4442//1687 4443//1687 4432//1687
f 4439//1688 4440//1688 4429//1688
f 4436//1690 4437//1690 4426//1690
f 4432//1691 4443//1691 4444//1691
f 4440//1692 4441//1692 4430//1692
f 4437//1693 4438//1693 4427//1693
f 4444//4496 4445//4496 4434//4496
f 4441//1695 4442//1695 4431//1695
f 4448//1696 4449//1696 4438//1696
f 4455//1697 4456//1697 4445//1697
f 4441//1698 4452//1698 4453//1698
f 4449//1699 4450//1699 4439//1699
f 4456//1700 4457//1700 4446//1700
f 4453//1702 4454//1702 4443//1702
f 4439//1703 4450//1703 4451//1703
f 4447//1705 4448//1705 4437//1705
f 4454//1706 4455//1706 4444//1706
f 4440//1707 4451//1707 4452//1707
f 4450//1708 4461//1708 4462//1708
f 4447//1710 4458//1710 4459//1710
f 4454//1711 4465//1711 4466//1711
f 4462//4497 4463//4497 4452//4497
f 4459//4498 4460//4498 4449//4498
f 4466//1714 4467//1714 4456//1714
f 4452//1715 4463//1715 4464//1715
f 4449//1716 4460//1716 4461//1716
f 4467//1717 4468//1717 4457//1717
f 4453//1719 4464//1719 4465//1719
f 4471//1720 4472//1720 4461//1720
f 4478//4499 4479//4499 4468//4499
f 4475//1723 4476//1723 4465//1723
f 4472//1724 4473//1724 4462//1724
f 4458//1726 4469//1726 4470//1726
f 4476//1727 4477//1727 4466//1727
f 4462//1728 4473//1728 4474//1728
f 4459//1729 4470//1729 4471//1729
f 4466//1730 4477//1730 4478//1730
f 4474//4500 4475//4500 4464//4500
f 4484//1732 4485//1732 4474//1732
f 4481//1733 4482//1733 4471//1733
f 4488//1734 4489//1734 4478//1734
f 4485//1735 4486//1735 4475//1735
f 4482//1736 4483//1736 4472//1736
f 4478//1737 4489//1737 4490//1737
f 4486//1739 4487//1739 4476//1739
f 4483//1740 4484//1740 4473//1740
f 4480//1742 4481//1742 4470//1742
f 4476//1743 4487//1743 4488//1743
f 4494//4501 4495//4501 4484//4501
f 4480//1746 4491//1746 4492//1746
f 4498//1747 4499//1747 4488//1747
f 4495//1748 4496//1748 4485//1748
f 4492//1749 4493//1749 4482//1749
f 4488//1750 4499//1750 4500//1750
f 4496//4502 4497//4502 4486//4502
f 4493//1752 4494//1752 4483//1752
f 4489//4503 4500//4503 4501//4503
f 4486//1755 4497//1755 4498//1755
f 4496//4504 4507//4504 4508//4504
f 4504//1757 4505//1757 4494//1757
f 4511//1758 4512//1758 4501//1758
f 4508//1760 4509//1760 4498//1760
f 4494//1761 4505//1761 4506//1761
f 4502//1763 4503//1763 4492//1763
f 4498//1764 4509//1764 4510//1764
f 4506//1765 4507//1765 4496//1765
f 4503//4505 4504//4505 4493//4505
f 4510//1767 4511//1767 4500//1767
f 4517//1768 4518//1768 4507//1768
f 4514//1769 4515//1769 4504//1769
f 4510//1770 4521//1770 4522//1770
f 4507//1771 4518//1771 4519//1771
f 4504//1772 4515//1772 4516//1772
f 4511//1773 4522//1773 4523//1773
f 4519//1775 4520//1775 4509//1775
f 4516//1776 4517//1776 4506//1776
f 4513//1778 4514//1778 4503//1778
f 4520//1779 4521//1779 4510//1779
f 4519//1780 4333//1780 4334//1780
f 4331//1781 4332//1781 4517//1781
f 4329//1783 4330//1783 4514//1783
f 4334//1784 4335//1784 4521//1784
f 4517//1785 4332//1785 4525//1785
f 4330//1786 4524//1786 4515//1786
f 4521//1787 4335//1787 4526//1787
f 4525//1788 4333//1788 4519//1788
f 4524//1789 4331//1789 4516//1789
f 4522//1790 4526//1790 4527//1790
f 4529//1793 4537//1793 4538//1793
f 4534//1794 4544//1794 4545//1794
f 4532//1795 4541//1795 4542//1795
f 4538//1796 4539//1796 4724//1796
f 4545//1797 4546//1797 4726//1797
f 4542//1798 4543//1798 4533//1798
f 4539//1799 4540//1799 4531//1799
f 4546//1800 4547//1800 4727//1800
f 4543//1802 4544//1802 4534//1802
f 4531//1803 4540//1803 4541//1803
f 4542//1804 4553//1804 4554//1804
f 4550//4506 4551//4506 4540//4506
f 4557//1806 4558//1806 4547//1806
f 4554//1808 4555//1808 4544//1808
f 4551//1809 4552//1809 4541//1809
f 4548//1811 4549//1811 4538//1811
f 4555//1812 4556//1812 4545//1812
f 4541//1813 4552//1813 4553//1813
f 4549//1814 4550//1814 4539//1814
f 4545//1815 4556//1815 4557//1815
f 4566//1816 4567//1816 4556//1816
f 4563//1817 4564//1817 4553//1817
f 4560//4507 4561//4507 4550//4507
f 4556//1819 4567//1819 4568//1819
f 4564//1820 4565//1820 4554//1820
f 4561//1821 4562//1821 4551//1821
f 4568//1822 4569//1822 4558//1822
f 4565//1824 4566//1824 4555//1824
f 4551//1825 4562//1825 4563//1825
f 4559//4508 4560//4508 4549//4508
f 4576//1829 4577//1829 4566//1829
f 4562//1830 4573//1830 4574//1830
f 4559//1832 4570//1832 4571//1832
f 4566//1833 4577//1833 4578//1833
f 4563//1834 4574//1834 4575//1834
f 4571//4509 4572//4509 4561//4509
f 4567//1836 4578//1836 4579//1836
f 4564//4510 4575//4510 4576//4510
f 4561//1838 4572//1838 4573//1838
f 4579//1839 4580//1839 4569//1839
f 4578//1840 4589//1840 4590//1840
f 4586//1841 4587//1841 4576//1841
f 4583//1842 4584//1842 4573//1842
f 4590//1843 4591//1843 4580//1843
f 4587//1845 4588//1845 4577//1845
f 4573//1846 4584//1846 4585//1846
f 4581//1848 4582//1848 4571//1848
f 4577//1849 4588//1849 4589//1849
f 4585//1850 4586//1850 4575//1850
f 4582//1851 4583//1851 4572//1851
f 4592//1852 4593//1852 4582//1852
f 4588//1853 4599//1853 4600//1853
f 4585//1854 4596//1854 4597//1854
f 4593//1855 4594//1855 4583//1855
f 4600//1856 4601//1856 4590//1856
f 4586//1857 4597//1857 4598//1857
f 4594//1858 4595//1858 4584//1858
f 4590//1859 4601//1859 4602//1859
f 4598//1861 4599//1861 4588//1861
f 4595//1862 4596//1862 4585//1862
f 4601//1864 4612//1864 4613//1864
f 4598//1866 4609//1866 4610//1866
f 4606//1867 4607//1867 4596//1867
f 4592//4511 4603//4511 4604//4511
f 4610//1870 4611//1870 4600//1870
f 4596//1871 4607//1871 4608//1871
f 4604//1872 4605//1872 4594//1872
f 4611//1873 4612//1873 4601//1873
f 4608//4512 4609//4512 4598//4512
f 4605//1875 4606//1875 4595//1875
f 4615//1876 4616//1876 4605//1876
f 4622//1877 4623//1877 4612//1877
f 4619//1878 4620//1878 4609//1878
f 4616//1879 4617//1879 4606//1879
f 4623//1880 4624//1880 4613//1880
f 4609//1882 4620//1882 4621//1882
f 4617//1883 4618//1883 4607//1883
f 4603//1885 4614//1885 4615//1885
f 4621//1886 4622//1886 4611//1886
f 4618//1887 4619//1887 4608//1887
f 4614//1889 4625//1889 4626//1889
f 4621//1890 4632//1890 4633//1890
f 4629//1891 4630//1891 4619//1891
f 4626//1892 4627//1892 4616//1892
f 4633//1893 4634//1893 4623//1893
f 4630//1894 4631//1894 4620//1894
f 4627//1895 4628//1895 4617//1895
f 4634//1896 4635//1896 4624//1896
f 4631//1898 4632//1898 4621//1898
f 4617//1899 4628//1899 4629//1899
f 4627//1900 4638//1900 4639//1900
f 4645//1901 4646//1901 4635//1901
f 4642//4513 4643//4513 4632//4513
f 4639//1904 4640//1904 4629//1904
f 4625//1906 4636//1906 4637//1906
f 4632//1907 4643//1907 4644//1907
f 4640//1908 4641//1908 4630//1908
f 4626//1909 4637//1909 4638//1909
f 4644//4514 4645//4514 4634//4514
f 4641//1911 4642//1911 4631//1911
f 4648//1912 4649//1912 4638//1912
f 4644//1913 4655//1913 4656//1913
f 4641//1914 4652//1914 4653//1914
f 4638//1915 4649//1915 4650//1915
f 4645//1916 4656//1916 4657//1916
f 4642//1918 4653//1918 4654//1918
f 4650//1919 4651//1919 4640//1919
f 4636//1921 4647//1921 4648//1921
f 4643//1922 4654//1922 4655//1922
f 4651//1923 4652//1923 4641//1923
f 4661//1924 4662//1924 4651//1924
f 4647//4515 4658//4515 4659//4515
f 4665//1927 4666//1927 4655//1927
f 4651//1928 4662//1928 4663//1928
f 4659//1929 4660//1929 4649//1929
f 4655//1930 4666//1930 4667//1930
f 4652//4516 4663//4516 4664//4516
f 4660//1932 4661//1932 4650//1932
f 4656//1933 4667//1933 4668//1933
f 4653//1935 4664//1935 4665//1935
f 4671//1936 4672//1936 4661//1936
f 4667//1937 4678//1937 4679//1937
f 4675//1939 4676//1939 4665//1939
f 4661//1940 4672//1940 4673//1940
f 4669//1942 4670//1942 4659//1942
f 4676//4517 4677//4517 4666//4517
f 4673//1944 4674//1944 4663//1944
f 4670//1945 4671//1945 4660//1945
f 4666//1946 4677//1946 4678//1946
f 4663//4518 4674//4518 4675//4518
f 4673//1948 4684//1948 4685//1948
f 4681//1949 4682//1949 4671//1949
f 4688//1950 4689//1950 4678//1950
f 4674//1951 4685//1951 4686//1951
f 4671//1952 4682//1952 4683//1952
f 4678//1953 4689//1953 4690//1953
f 4686//1955 4687//1955 4676//1955
f 4683//1956 4684//1956 4673//1956
f 4669//1958 4680//1958 4681//1958
f 4676//1959 4687//1959 4688//1959
f 4694//1960 4695//1960 4684//1960
f 4680//1962 4691//1962 4692//1962
f 4687//1963 4698//1963 4699//1963
f 4695//1964 4696//1964 4685//1964
f 4692//1965 4693//1965 4682//1965
f 4699//1966 4700//1966 4689//1966
f 4696//1967 4697//1967 4686//1967
f 4693//1968 4694//1968 4683//1968
f 4700//1969 4701//1969 4690//1969
f 4697//1971 4698//1971 4687//1971
f 4707//4519 4708//4519 4697//4519
f 4693//1973 4704//1973 4705//1973
f 4711//1974 4712//1974 4701//1974
f 4697//4520 4708//4520 4709//4520
f 4705//1977 4706//1977 4695//1977
f 4702//1979 4703//1979 4692//1979
f 4698//1980 4709//1980 4710//1980
f 4706//1981 4707//1981 4696//1981
f 4703//1982 4704//1982 4693//1982
f 4710//1983 4711//1983 4700//1983
f 4706//1984 4717//1984 4718//1984
f 4714//1985 4715//1985 4704//1985
f 4710//1986 4721//1986 4722//1986
f 4718//1987 4719//1987 4708//1987
f 4715//1988 4716//1988 4705//1988
f 4711//1989 4722//1989 4723//1989
f 4719//1991 4720//1991 4709//1991
f 4716//1992 4717//1992 4706//1992
f 4713//1994 4714//1994 4703//1994
f 4720//1995 4721//1995 4710//1995
f 4719//1996 4533//1996 4534//1996
f 4531//1997 4532//1997 4717//1997
f 4713//1999 4529//1999 4530//1999
f 4720//2000 4534//2000 4535//2000
f 4717//2001 4532//2001 4725//2001
f 4530//2002 4724//2002 4715//2002
f 4535//2003 4726//2003 4722//2003
f 4725//2004 4533//2004 4719//2004
f 4724//2005 4531//2005 4716//2005
f 4726//2006 4727//2006 4723//2006
f 4737//2009 4738//2009 4730//2009
f 4734//2010 4744//2010 4745//2010
f 4732//2011 4741//2011 4742//2011
f 4738//2012 4739//2012 4924//2012
f 4745//2013 4746//2013 4926//2013
f 4925//2014 4742//2014 4743//2014
f 4924//2015 4739//2015 4740//2015
f 4926//2016 4746//2016 4747//2016
f 4743//2018 4744//2018 4734//2018
f 4740//2019 4741//2019 4732//2019
f 4742//2020 4753//2020 4754//2020
f 4750//2021 4751//2021 4740//2021
f 4746//4521 4757//4521 4758//4521
f 4743//2024 4754//2024 4755//2024
f 4740//2025 4751//2025 4752//2025
f 4737//2027 4748//2027 4749//2027
f 4755//2028 4756//2028 4745//2028
f 4741//2029 4752//2029 4753//2029
f 4738//2030 4749//2030 4750//2030
f 4756//2031 4757//2031 4746//2031
f 4766//2032 4767//2032 4756//2032
f 4763//2033 4764//2033 4753//2033
f 4749//4522 4760//4522 4761//4522
f 4756//4523 4767//4523 4768//4523
f 4764//4524 4765//4524 4754//4524
f 4750//2037 4761//2037 4762//2037
f 4768//2038 4769//2038 4758//2038
f 4765//2040 4766//2040 4755//2040
f 4762//2041 4763//2041 4752//2041
f 4759//4525 4760//4525 4749//4525
f 4765//2045 4776//2045 4777//2045
f 4762//2046 4773//2046 4774//2046
f 4770//2048 4771//2048 4760//2048
f 4766//2049 4777//2049 4778//2049
f 4763//2050 4774//2050 4775//2050
f 4771//2051 4772//2051 4761//2051
f 4767//2052 4778//2052 4779//2052
f 4764//4526 4775//4526 4776//4526
f 4772//2054 4773//2054 4762//2054
f 4768//2055 4779//2055 4780//2055
f 4789//2056 4790//2056 4779//2056
f 4775//2057 4786//2057 4787//2057
f 4772//2058 4783//2058 4784//2058
f 4790//2059 4791//2059 4780//2059
f 4776//2061 4787//2061 4788//2061
f 4784//2062 4785//2062 4774//2062
f 4781//2064 4782//2064 4771//2064
f 4788//2065 4789//2065 4778//2065
f 4785//2066 4786//2066 4775//2066
f 4782//2067 4783//2067 4772//2067
f 4781//2068 4792//2068 4793//2068
f 4788//2069 4799//2069 4800//2069
f 4785//2070 4796//2070 4797//2070
f 4793//2071 4794//2071 4783//2071
f 4800//2072 4801//2072 4790//2072
f 4786//2073 4797//2073 4798//2073
f 4783//2074 4794//2074 4795//2074
f 4801//2075 4802//2075 4791//2075
f 4798//2077 4799//2077 4788//2077
f 4795//2078 4796//2078 4785//2078
f 4801//2080 4812//2080 4813//2080
f 4809//4527 4810//4527 4799//4527
f 4806//2083 4807//2083 4796//2083
f 4803//2085 4804//2085 4793//2085
f 4799//2086 4810//2086 4811//2086
f 4807//2087 4808//2087 4797//2087
f 4804//2088 4805//2088 4794//2088
f 4811//4528 4812//4528 4801//4528
f 4808//2090 4809//2090 4798//2090
f 4805//2091 4806//2091 4795//2091
f 4815//2092 4816//2092 4805//2092
f 4822//2093 4823//2093 4812//2093
f 4808//2094 4819//2094 4820//2094
f 4805//2095 4816//2095 4817//2095
f 4823//4529 4824//4529 4813//4529
f 4809//2098 4820//2098 4821//2098
f 4806//2099 4817//2099 4818//2099
f 4814//2101 4815//2101 4804//2101
f 4810//2102 4821//2102 4822//2102
f 4807//2103 4818//2103 4819//2103
f 4825//2105 4826//2105 4815//2105
f 4821//2106 4832//2106 4833//2106
f 4829//2107 4830//2107 4819//2107
f 4815//2108 4826//2108 4827//2108
f 4833//2109 4834//2109 4823//2109
f 4830//2110 4831//2110 4820//2110
f 4827//2111 4828//2111 4817//2111
f 4823//2112 4834//2112 4835//2112
f 4831//2114 4832//2114 4821//2114
f 4828//2115 4829//2115 4818//2115
f 4838//2116 4839//2116 4828//2116
f 4845//2117 4846//2117 4835//2117
f 4831//2119 4842//2119 4843//2119
f 4839//2120 4840//2120 4829//2120
f 4825//2122 4836//2122 4837//2122
f 4843//2123 4844//2123 4833//2123
f 4829//2124 4840//2124 4841//2124
f 4826//2125 4837//2125 4838//2125
f 4833//2126 4844//2126 4845//2126
f 4841//2127 4842//2127 4831//2127
f 4848//2128 4849//2128 4838//2128
f 4855//2129 4856//2129 4845//2129
f 4852//2130 4853//2130 4842//2130
f 4838//2131 4849//2131 4850//2131
f 4856//4530 4857//4530 4846//4530
f 4853//2134 4854//2134 4843//2134
f 4839//2135 4850//2135 4851//2135
f 4847//4531 4848//4531 4837//4531
f 4854//2138 4855//2138 4844//2138
f 4851//2139 4852//2139 4841//2139
f 4861//2140 4862//2140 4851//2140
f 4858//4532 4859//4532 4848//4532
f 4865//2143 4866//2143 4855//2143
f 4862//2144 4863//2144 4852//2144
f 4859//2145 4860//2145 4849//2145
f 4866//4533 4867//4533 4856//4533
f 4852//2147 4863//2147 4864//2147
f 4860//4534 4861//4534 4850//4534
f 4856//4535 4867//4535 4868//4535
f 4853//2151 4864//2151 4865//2151
f 4860//2152 4871//2152 4872//2152
f 4867//4536 4878//4536 4879//4536
f 4875//2155 4876//2155 4865//2155
f 4861//2156 4872//2156 4873//2156
f 4858//2158 4869//2158 4870//2158
f 4876//4537 4877//4537 4866//4537
f 4862//2160 4873//2160 4874//2160
f 4870//2161 4871//2161 4860//2161
f 4877//2162 4878//2162 4867//2162
f 4863//2163 4874//2163 4875//2163
f 4884//2164 4885//2164 4874//2164
f 4870//2165 4881//2165 4882//2165
f 4888//2166 4889//2166 4878//2166
f 4885//2167 4886//2167 4875//2167
f 4871//2168 4882//2168 4883//2168
f 4889//2169 4890//2169 4879//2169
f 4886//4538 4887//4538 4876//4538
f 4872//2172 4883//2172 4884//2172
f 4880//2174 4881//2174 4870//2174
f 4887//2175 4888//2175 4877//2175
f 4883//2176 4894//2176 4895//2176
f 4891//2178 4892//2178 4881//2178
f 4887//2179 4898//2179 4899//2179
f 4884//2180 4895//2180 4896//2180
f 4892//2181 4893//2181 4882//2181
f 4888//2182 4899//2182 4900//2182
f 4885//4539 4896//4539 4897//4539
f 4882//2184 4893//2184 4894//2184
f 4900//2185 4901//2185 4890//2185
f 4886//2187 4897//2187 4898//2187
f 4907//2188 4908//2188 4897//2188
f 4904//2189 4905//2189 4894//2189
f 4900//4540 4911//4540 4912//4540
f 4897//2192 4908//2192 4909//2192
f 4894//2193 4905//2193 4906//2193
f 4891//2195 4902//2195 4903//2195
f 4898//2196 4909//2196 4910//2196
f 4906//2197 4907//2197 4896//2197
f 4892//4541 4903//4541 4904//4541
f 4910//4542 4911//4542 4900//4542
f 4906//2200 4917//2200 4918//2200
f 4914//2201 4915//2201 4904//2201
f 4921//4543 4922//4543 4911//4543
f 4907//2203 4918//2203 4919//2203
f 4915//2204 4916//2204 4905//2204
f 4922//4544 4923//4544 4912//4544
f 4919//2207 4920//2207 4909//2207
f 4905//2208 4916//2208 4917//2208
f 4902//4545 4913//4545 4914//4545
f 4920//2211 4921//2211 4910//2211
f 4919//4546 4733//4546 4734//4546
f 4916//2213 4731//2213 4732//2213
f 4913//2215 4729//2215 4730//2215
f 4920//2216 4734//2216 4735//2216
f 4732//2217 4925//2217 4918//2217
f 4914//2218 4730//2218 4924//2218
f 4921//2219 4735//2219 4926//2219
f 4925//2220 4733//2220 4919//2220
f 4915//2221 4924//2221 4731//2221
f 4922//2222 4926//2222 4927//2222
f 4929//2225 4937//2225 4938//2225
f 4934//2226 4944//2226 4945//2226
f 4932//2227 4941//2227 4942//2227
f 4930//812 4938//812 4939//812
f 4935//2228 4945//2228 4946//2228
f 5125//2229 4942//2229 4943//2229
f 4939//2230 4940//2230 4931//2230
f 5126//2231 4946//2231 4947//2231
f 4943//2233 4944//2233 4934//2233
f 4940//2234 4941//2234 4932//2234
f 4953//2235 4954//2235 4943//2235
f 4950//2236 4951//2236 4940//2236
f 4946//2237 4957//2237 4958//2237
f 4943//2239 4954//2239 4955//2239
f 4951//2240 4952//2240 4941//2240
f 4948//2242 4949//2242 4938//2242
f 4944//2243 4955//2243 4956//2243
f 4952//2244 4953//2244 4942//2244
f 4949//2245 4950//2245 4939//2245
f 4945//2246 4956//2246 4957//2246
f 4966//2247 4967//2247 4956//2247
f 4963//2248 4964//2248 4953//2248
f 4949//4547 4960//4547 4961//4547
f 4956//2250 4967//2250 4968//2250
f 4953//2251 4964//2251 4965//2251
f 4950//2252 4961//2252 4962//2252
f 4957//2253 4968//2253 4969//2253
f 4954//2255 4965//2255 4966//2255
f 4962//2256 4963//2256 4952//2256
f 4948//2258 4959//2258 4960//2258
f 4965//2260 4976//2260 4977//2260
f 4973//2261 4974//2261 4963//2261
f 4970//2263 4971//2263 4960//2263
f 4977//2264 4978//2264 4967//2264
f 4974//2265 4975//2265 4964//2265
f 4960//2266 4971//2266 4972//2266
f 4978//2267 4979//2267 4968//2267
f 4964//4548 4975//4548 4976//4548
f 4972//2269 4973//2269 4962//2269
f 4968//2270 4979//2270 4980//2270
f 4989//2271 4990//2271 4979//2271
f 4986//2272 4987//2272 4976//2272
f 4983//2273 4984//2273 4973//2273
f 4990//2274 4991//2274 4980//2274
f 4987//2276 4988//2276 4977//2276
f 4984//2277 4985//2277 4974//2277
f 4970//2279 4981//2279 4982//2279
f 4988//2280 4989//2280 4978//2280
f 4985//2281 4986//2281 4975//2281
f 4971//2282 4982//2282 4983//2282
f 4992//2283 4993//2283 4982//2283
f 4999//2284 5000//2284 4989//2284
f 4996//2285 4997//2285 4986//2285
f 4982//2286 4993//2286 4994//2286
f 4989//2287 5000//2287 5001//2287
f 4997//4549 4998//4549 4987//4549
f 4983//2289 4994//2289 4995//2289
f 5001//2290 5002//2290 4991//2290
f 4987//2292 4998//2292 4999//2292
f 4984//2293 4995//2293 4996//2293
f 5001//2295 5012//2295 5013//2295
f 5009//2297 5010//2297 4999//2297
f 5006//2298 5007//2298 4996//2298
f 5003//2300 5004//2300 4993//2300
f 4999//2301 5010//2301 5011//2301
f 5007//2302 5008//2302 4997//2302
f 5004//4550 5005//4550 4994//4550
f 5011//2304 5012//2304 5001//2304
f 4997//4551 5008//4551 5009//4551
f 5005//2306 5006//2306 4995//2306
f 5015//2307 5016//2307 5005//2307
f 5022//2308 5023//2308 5012//2308
f 5008//2309 5019//2309 5020//2309
f 5005//2310 5016//2310 5017//2310
f 5012//2311 5023//2311 5024//2311
f 5020//2313 5021//2313 5010//2313
f 5006//2314 5017//2314 5018//2314
f 5014//2316 5015//2316 5004//2316
f 5021//2317 5022//2317 5011//2317
f 5007//2318 5018//2318 5019//2318
f 5014//2320 5025//2320 5026//2320
f 5021//2321 5032//2321 5033//2321
f 5029//2322 5030//2322 5019//2322
f 5026//716 5027//716 5016//716
f 5022//2323 5033//2323 5034//2323
f 5019//2324 5030//2324 5031//2324
f 5016//4552 5027//4552 5028//4552
f 5034//2326 5035//2326 5024//2326
f 5031//2328 5032//2328 5021//2328
f 5017//2329 5028//2329 5029//2329
f 5038//2330 5039//2330 5028//2330
f 5034//2331 5045//2331 5046//2331
f 5042//4553 5043//4553 5032//4553
f 5039//2334 5040//2334 5029//2334
f 5036//2336 5037//2336 5026//2336
f 5032//2337 5043//2337 5044//2337
f 5040//2338 5041//2338 5030//2338
f 5037//2339 5038//2339 5027//2339
f 5033//2340 5044//2340 5045//2340
f 5030//2341 5041//2341 5042//2341
f 5037//2342 5048//2342 5049//2342
f 5055//2343 5056//2343 5045//2343
f 5052//2344 5053//2344 5042//2344
f 5049//2345 5050//2345 5039//2345
f 5045//2346 5056//2346 5057//2346
f 5053//2348 5054//2348 5043//2348
f 5050//2349 5051//2349 5040//2349
f 5036//2351 5047//2351 5048//2351
f 5054//2352 5055//2352 5044//2352
f 5051//2353 5052//2353 5041//2353
f 5061//2354 5062//2354 5051//2354
f 5047//2356 5058//2356 5059//2356
f 5065//2357 5066//2357 5055//2357
f 5051//2358 5062//2358 5063//2358
f 5059//4554 5060//4554 5049//4554
f 5066//2360 5067//2360 5056//2360
f 5052//4555 5063//4555 5064//4555
f 5060//2362 5061//2362 5050//2362
f 5067//2363 5068//2363 5057//2363
f 5053//2365 5064//2365 5065//2365
f 5071//2366 5072//2366 5061//2366
f 5067//2367 5078//2367 5079//2367
f 5075//2369 5076//2369 5065//2369
f 5072//2370 5073//2370 5062//2370
f 5069//2372 5070//2372 5059//2372
f 5076//2373 5077//2373 5066//2373
f 5073//2374 5074//2374 5063//2374
f 5070//2375 5071//2375 5060//2375
f 5077//2376 5078//2376 5067//2376
f 5074//4556 5075//4556 5064//4556
f 5084//2378 5085//2378 5074//2378
f 5070//2379 5081//2379 5082//2379
f 5088//2380 5089//2380 5078//2380
f 5085//2381 5086//2381 5075//2381
f 5071//2382 5082//2382 5083//2382
f 5089//2383 5090//2383 5079//2383
f 5086//2385 5087//2385 5076//2385
f 5083//2386 5084//2386 5073//2386
f 5080//2388 5081//2388 5070//2388
f 5076//2389 5087//2389 5088//2389
f 5094//2390 5095//2390 5084//2390
f 5091//2392 5092//2392 5081//2392
f 5087//2393 5098//2393 5099//2393
f 5084//2394 5095//2394 5096//2394
f 5092//2395 5093//2395 5082//2395
f 5099//2396 5100//2396 5089//2396
f 5085//4557 5096//4557 5097//4557
f 5093//2398 5094//2398 5083//2398
f 5089//4558 5100//4558 5101//4558
f 5097//2401 5098//2401 5087//2401
f 5096//2402 5107//2402 5108//2402
f 5093//4559 5104//4559 5105//4559
f 5111//2404 5112//2404 5101//2404
f 5108//2406 5109//2406 5098//2406
f 5105//2407 5106//2407 5095//2407
f 5091//2409 5102//2409 5103//2409
f 5098//2410 5109//2410 5110//2410
f 5106//2411 5107//2411 5096//2411
f 5103//4560 5104//4560 5093//4560
f 5110//2413 5111//2413 5100//2413
f 5117//2414 5118//2414 5107//2414
f 5114//2415 5115//2415 5104//2415
f 5110//2416 5121//2416 5122//2416
f 5107//2417 5118//2417 5119//2417
f 5104//2418 5115//2418 5116//2418
f 5111//2419 5122//2419 5123//2419
f 5119//2421 5120//2421 5109//2421
f 5116//2422 5117//2422 5106//2422
f 5113//2424 5114//2424 5103//2424
f 5109//2425 5120//2425 5121//2425
f 4933//2426 4934//2426 5120//2426
f 4931//2427 4932//2427 5117//2427
f 5113//2429 4929//2429 4930//2429
f 5120//2430 4934//2430 4935//2430
f 4932//2431 5125//2431 5118//2431
f 5114//2432 4930//2432 5124//2432
f 4935//2433 5126//2433 5122//2433
f 5118//2434 5125//2434 4933//2434
f 5124//2435 4931//2435 5116//2435
f 5126//2436 5127//2436 5123//2436
f 5137//2439 5138//2439 5130//2439
f 5144//2440 5145//2440 5135//2440
f 5132//2441 5141//2441 5142//2441
f 5138//2442 5139//2442 5324//2442
f 5145//2443 5146//2443 5326//2443
f 5142//2444 5143//2444 5133//2444
f 5324//2445 5139//2445 5140//2445
f 5146//2446 5147//2446 5327//2446
f 5143//2448 5144//2448 5134//2448
f 5131//2449 5140//2449 5141//2449
f 5142//2450 5153//2450 5154//2450
f 5139//2451 5150//2451 5151//2451
f 5146//2452 5157//2452 5158//2452
f 5154//2454 5155//2454 5144//2454
f 5151//2455 5152//2455 5141//2455
f 5137//4561 5148//4561 5149//4561
f 5155//2458 5156//2458 5145//2458
f 5152//2459 5153//2459 5142//2459
f 5149//2460 5150//2460 5139//2460
f 5156//2461 5157//2461 5146//2461
f 5155//2462 5166//2462 5167//2462
f 5152//2463 5163//2463 5164//2463
f 5160//2464 5161//2464 5150//2464
f 5167//2465 5168//2465 5157//2465
f 5164//2466 5165//2466 5154//2466
f 5161//2467 5162//2467 5151//2467
f 5157//2468 5168//2468 5169//2468
f 5165//2470 5166//2470 5155//2470
f 5162//2471 5163//2471 5152//2471
f 5148//4562 5159//4562 5160//4562
f 5165//2475 5176//2475 5177//2475
f 5162//2476 5173//2476 5174//2476
f 5159//2478 5170//2478 5171//2478
f 5177//2479 5178//2479 5167//2479
f 5163//2480 5174//2480 5175//2480
f 5171//2481 5172//2481 5161//2481
f 5178//2482 5179//2482 5168//2482
f 5175//4563 5176//4563 5165//4563
f 5161//2484 5172//2484 5173//2484
f 5179//2485 5180//2485 5169//2485
f 5178//2486 5189//2486 5190//2486
f 5186//2487 5187//2487 5176//2487
f 5183//2488 5184//2488 5173//2488
f 5179//2489 5190//2489 5191//2489
f 5176//2491 5187//2491 5188//2491
f 5173//2492 5184//2492 5185//2492
f 5170//2494 5181//2494 5182//2494
f 5177//2495 5188//2495 5189//2495
f 5174//2496 5185//2496 5186//2496
f 5171//2497 5182//2497 5183//2497
f 5181//2498 5192//2498 5193//2498
f 5188//2499 5199//2499 5200//2499
f 5196//4564 5197//4564 5186//4564
f 5182//2501 5193//2501 5194//2501
f 5189//2502 5200//2502 5201//2502
f 5186//4565 5197//4565 5198//4565
f 5194//2504 5195//2504 5184//2504
f 5190//2505 5201//2505 5202//2505
f 5198//2507 5199//2507 5188//2507
f 5195//2508 5196//2508 5185//2508
f 5212//2510 5213//2510 5202//2510
f 5209//2512 5210//2512 5199//2512
f 5206//2513 5207//2513 5196//2513
f 5192//2515 5203//2515 5204//2515
f 5210//2516 5211//2516 5200//2516
f 5196//2517 5207//2517 5208//2517
f 5204//2518 5205//2518 5194//2518
f 5200//2519 5211//2519 5212//2519
f 5197//2520 5208//2520 5209//2520
f 5194//2521 5205//2521 5206//2521
f 5204//2522 5215//2522 5216//2522
f 5211//2523 5222//2523 5223//2523
f 5208//2524 5219//2524 5220//2524
f 5216//2525 5217//2525 5206//2525
f 5223//2526 5224//2526 5213//2526
f 5209//2528 5220//2528 5221//2528
f 5217//2529 5218//2529 5207//2529
f 5214//4566 5215//4566 5204//4566
f 5210//2532 5221//2532 5222//2532
f 5207//2533 5218//2533 5219//2533
f 5214//2535 5225//2535 5226//2535
f 5221//2536 5232//2536 5233//2536
f 5229//2537 5230//2537 5219//2537
f 5215//2538 5226//2538 5227//2538
f 5233//2539 5234//2539 5223//2539
f 5219//2540 5230//2540 5231//2540
f 5227//2541 5228//2541 5217//2541
f 5223//2542 5234//2542 5235//2542
f 5231//4567 5232//4567 5221//4567
f 5228//2545 5229//2545 5218//2545
f 5238//2546 5239//2546 5228//2546
f 5245//2547 5246//2547 5235//2547
f 5242//4568 5243//4568 5232//4568
f 5239//2550 5240//2550 5229//2550
f 5236//2552 5237//2552 5226//2552
f 5232//2553 5243//2553 5244//2553
f 5240//2554 5241//2554 5230//2554
f 5237//2555 5238//2555 5227//2555
f 5244//2556 5245//2556 5234//2556
f 5241//2557 5242//2557 5231//2557
f 5237//2558 5248//2558 5249//2558
f 5244//2559 5255//2559 5256//2559
f 5252//2560 5253//2560 5242//2560
f 5249//2561 5250//2561 5239//2561
f 5245//2562 5256//2562 5257//2562
f 5242//2564 5253//2564 5254//2564
f 5250//2565 5251//2565 5240//2565
f 5236//2567 5247//2567 5248//2567
f 5243//2568 5254//2568 5255//2568
f 5251//2569 5252//2569 5241//2569
f 5261//2570 5262//2570 5251//2570
f 5247//4569 5258//4569 5259//4569
f 5254//2573 5265//2573 5266//2573
f 5262//2574 5263//2574 5252//2574
f 5259//4570 5260//4570 5249//4570
f 5266//2576 5267//2576 5256//2576
f 5263//2577 5264//2577 5253//2577
f 5260//2578 5261//2578 5250//2578
f 5256//2579 5267//2579 5268//2579
f 5253//2581 5264//2581 5265//2581
f 5260//2582 5271//2582 5272//2582
f 5278//2583 5279//2583 5268//2583
f 5275//2585 5276//2585 5265//2585
f 5272//2586 5273//2586 5262//2586
f 5269//2588 5270//2588 5259//2588
f 5265//2589 5276//2589 5277//2589
f 5262//2590 5273//2590 5274//2590
f 5270//2591 5271//2591 5260//2591
f 5277//2592 5278//2592 5267//2592
f 5274//2593 5275//2593 5264//2593
f 5273//2594 5284//2594 5285//2594
f 5270//2595 5281//2595 5282//2595
f 5288//2596 5289//2596 5278//2596
f 5285//2597 5286//2597 5275//2597
f 5271//2598 5282//2598 5283//2598
f 5289//2599 5290//2599 5279//2599
f 5286//2601 5287//2601 5276//2601
f 5283//2602 5284//2602 5273//2602
f 5280//2604 5281//2604 5270//2604
f 5276//2605 5287//2605 5288//2605
f 5283//2606 5294//2606 5295//2606
f 5280//2608 5291//2608 5292//2608
f 5287//2609 5298//2609 5299//2609
f 5284//2610 5295//2610 5296//2610
f 5292//2611 5293//2611 5282//2611
f 5288//2612 5299//2612 5300//2612
f 5285//4571 5296//4571 5297//4571
f 5293//2614 5294//2614 5283//2614
f 5289//2615 5300//2615 5301//2615
f 5297//2617 5298//2617 5287//2617
f 5307//4572 5308//4572 5297//4572
f 5304//2619 5305//2619 5294//2619
f 5311//2620 5312//2620 5301//2620
f 5297//2622 5308//2622 5309//2622
f 5294//2623 5305//2623 5306//2623
f 5291//4573 5302//4573 5303//4573
f 5309//2626 5310//2626 5299//2626
f 5306//2627 5307//2627 5296//2627
f 5303//2628 5304//2628 5293//2628
f 5299//2629 5310//2629 5311//2629
f 5306//2630 5317//2630 5318//2630
f 5314//2631 5315//2631 5304//2631
f 5310//2632 5321//2632 5322//2632
f 5318//2633 5319//2633 5308//2633
f 5315//2634 5316//2634 5305//2634
f 5311//2635 5322//2635 5323//2635
f 5308//2637 5319//2637 5320//2637
f 5316//2638 5317//2638 5306//2638
f 5302//2640 5313//2640 5314//2640
f 5309//2641 5320//2641 5321//2641
f 5319//2642 5133//2642 5134//2642
f 5131//2643 5132//2643 5317//2643
f 5313//2645 5129//2645 5130//2645
f 5320//2646 5134//2646 5135//2646
f 5132//2647 5325//2647 5318//2647
f 5130//2648 5324//2648 5315//2648
f 5135//2649 5326//2649 5322//2649
f 5318//2650 5325//2650 5133//2650
f 5324//2651 5131//2651 5316//2651
f 5322//2652 5326//2652 5327//2652
f 5329//2655 5337//2655 5338//2655
f 5344//2656 5345//2656 5335//2656
f 5332//2657 5341//2657 5342//2657
f 5330//2658 5338//2658 5339//2658
f 5335//2659 5345//2659 5346//2659
f 5342//2660 5343//2660 5333//2660
f 5339//2661 5340//2661 5331//2661
f 5346//2662 5347//2662 5527//2662
f 5333//4574 5343//4574 5344//4574
f 5340//2665 5341//2665 5332//2665
f 5353//2666 5354//2666 5343//2666
f 5350//2667 5351//2667 5340//2667
f 5357//2668 5358//2668 5347//2668
f 5354//2670 5355//2670 5344//2670
f 5340//4575 5351//4575 5352//4575
f 5348//2673 5349//2673 5338//2673
f 5344//2674 5355//2674 5356//2674
f 5341//2675 5352//2675 5353//2675
f 5349//2676 5350//2676 5339//2676
f 5356//2677 5357//2677 5346//2677
f 5355//2678 5366//2678 5367//2678
f 5363//4576 5364//4576 5353//4576
f 5349//4577 5360//4577 5361//4577
f 5356//4578 5367//4578 5368//4578
f 5364//4579 5365//4579 5354//4579
f 5361//4580 5362//4580 5351//4580
f 5357//2684 5368//2684 5369//2684
f 5354//2686 5365//2686 5366//2686
f 5362//4581 5363//4581 5352//4581
f 5359//2689 5360//2689 5349//2689
f 5365//2691 5376//2691 5377//2691
f 5362//2692 5373//2692 5374//2692
f 5370//4582 5371//4582 5360//4582
f 5366//2695 5377//2695 5378//2695
f 5374//2696 5375//2696 5364//2696
f 5371//2697 5372//2697 5361//2697
f 5378//2698 5379//2698 5368//2698
f 5364//2699 5375//2699 5376//2699
f 5361//2700 5372//2700 5373//2700
f 5368//2701 5379//2701 5380//2701
f 5378//2702 5389//2702 5390//2702
f 5375//2703 5386//2703 5387//2703
f 5372//2704 5383//2704 5384//2704
f 5390//2705 5391//2705 5380//2705
f 5376//2707 5387//2707 5388//2707
f 5384//2708 5385//2708 5374//2708
f 5381//2710 5382//2710 5371//2710
f 5388//2711 5389//2711 5378//2711
f 5385//2712 5386//2712 5375//2712
f 5382//2713 5383//2713 5372//2713
f 5381//2714 5392//2714 5393//2714
f 5399//2715 5400//2715 5389//2715
f 5385//2716 5396//2716 5397//2716
f 5393//2717 5394//2717 5383//2717
f 5389//2718 5400//2718 5401//2718
f 5386//2719 5397//2719 5398//2719
f 5394//2720 5395//2720 5384//2720
f 5390//2721 5401//2721 5402//2721
f 5398//2723 5399//2723 5388//2723
f 5384//2724 5395//2724 5396//2724
f 5401//2726 5412//2726 5413//2726
f 5409//2728 5410//2728 5399//2728
f 5406//4583 5407//4583 5396//4583
f 5403//4584 5404//4584 5393//4584
f 5410//2732 5411//2732 5400//2732
f 5396//2733 5407//2733 5408//2733
f 5404//2734 5405//2734 5394//2734
f 5411//4585 5412//4585 5401//4585
f 5408//2736 5409//2736 5398//2736
f 5405//4586 5406//4586 5395//4586
f 5404//2738 5415//2738 5416//2738
f 5411//2739 5422//2739 5423//2739
f 5408//4587 5419//4587 5420//4587
f 5405//2741 5416//2741 5417//2741
f 5423//2742 5424//2742 5413//2742
f 5420//2744 5421//2744 5410//2744
f 5406//2745 5417//2745 5418//2745
f 5403//2747 5414//2747 5415//2747
f 5410//2748 5421//2748 5422//2748
f 5418//2749 5419//2749 5408//2749
f 5414//2751 5425//2751 5426//2751
f 5421//2752 5432//2752 5433//2752
f 5429//2753 5430//2753 5419//2753
f 5426//2754 5427//2754 5416//2754
f 5422//2755 5433//2755 5434//2755
f 5419//2756 5430//2756 5431//2756
f 5427//2757 5428//2757 5417//2757
f 5434//2758 5435//2758 5424//2758
f 5420//2760 5431//2760 5432//2760
f 5417//2761 5428//2761 5429//2761
f 5438//2762 5439//2762 5428//2762
f 5434//2763 5445//2763 5446//2763
f 5431//2765 5442//2765 5443//2765
f 5428//2766 5439//2766 5440//2766
f 5436//2768 5437//2768 5426//2768
f 5443//2769 5444//2769 5433//2769
f 5429//2770 5440//2770 5441//2770
f 5437//2771 5438//2771 5427//2771
f 5433//4588 5444//4588 5445//4588
f 5441//2773 5442//2773 5431//2773
f 5437//2774 5448//2774 5449//2774
f 5444//4589 5455//4589 5456//4589
f 5452//2776 5453//2776 5442//2776
f 5438//2777 5449//2777 5450//2777
f 5445//2778 5456//2778 5457//2778
f 5453//2780 5454//2780 5443//2780
f 5450//2781 5451//2781 5440//2781
f 5447//4590 5448//4590 5437//4590
f 5443//2784 5454//2784 5455//2784
f 5440//2785 5451//2785 5452//2785
f 5450//2786 5461//2786 5462//2786
f 5447//2788 5458//2788 5459//2788
f 5465//2789 5466//2789 5455//2789
f 5451//2790 5462//2790 5463//2790
f 5459//4591 5460//4591 5449//4591
f 5466//4592 5467//4592 5456//4592
f 5463//2793 5464//2793 5453//2793
f 5449//2794 5460//2794 5461//2794
f 5467//2795 5468//2795 5457//2795
f 5464//2797 5465//2797 5454//2797
f 5471//2798 5472//2798 5461//2798
f 5478//4593 5479//4593 5468//4593
f 5464//2801 5475//2801 5476//2801
f 5472//2802 5473//2802 5462//2802
f 5458//4594 5469//4594 5470//4594
f 5465//2805 5476//2805 5477//2805
f 5473//2806 5474//2806 5463//2806
f 5470//2807 5471//2807 5460//2807
f 5477//2808 5478//2808 5467//2808
f 5474//4595 5475//4595 5464//4595
f 5473//2810 5484//2810 5485//2810
f 5470//2811 5481//2811 5482//2811
f 5488//4596 5489//4596 5478//4596
f 5485//2813 5486//2813 5475//2813
f 5482//2814 5483//2814 5472//2814
f 5478//2815 5489//2815 5490//2815
f 5486//2817 5487//2817 5476//2817
f 5472//2818 5483//2818 5484//2818
f 5480//2820 5481//2820 5470//2820
f 5487//2821 5488//2821 5477//2821
f 5483//2822 5494//2822 5495//2822
f 5491//4597 5492//4597 5481//4597
f 5487//2825 5498//2825 5499//2825
f 5484//2826 5495//2826 5496//2826
f 5481//2827 5492//2827 5493//2827
f 5499//2828 5500//2828 5489//2828
f 5485//4598 5496//4598 5497//4598
f 5493//2830 5494//2830 5483//2830
f 5500//4599 5501//4599 5490//4599
f 5486//2833 5497//2833 5498//2833
f 5496//2834 5507//2834 5508//2834
f 5504//2835 5505//2835 5494//2835
f 5511//2836 5512//2836 5501//2836
f 5508//2838 5509//2838 5498//2838
f 5505//2839 5506//2839 5495//2839
f 5491//4600 5502//4600 5503//4600
f 5498//2842 5509//2842 5510//2842
f 5506//2843 5507//2843 5496//2843
f 5503//4601 5504//4601 5493//4601
f 5499//2845 5510//2845 5511//2845
f 5517//2846 5518//2846 5507//2846
f 5514//2847 5515//2847 5504//2847
f 5521//4602 5522//4602 5511//4602
f 5518//2849 5519//2849 5508//2849
f 5515//2850 5516//2850 5505//2850
f 5511//2851 5522//2851 5523//2851
f 5519//2853 5520//2853 5509//2853
f 5505//2854 5516//2854 5517//2854
f 5513//4603 5514//4603 5503//4603
f 5520//2857 5521//2857 5510//2857
f 5519//4604 5333//4604 5334//4604
f 5331//2859 5332//2859 5517//2859
f 5513//2861 5329//2861 5330//2861
f 5520//2862 5334//2862 5335//2862
f 5517//2863 5332//2863 5525//2863
f 5330//2864 5524//2864 5515//2864
f 5521//2865 5335//2865 5526//2865
f 5518//2866 5525//2866 5333//2866
f 5515//2867 5524//2867 5331//2867
f 5526//2868 5527//2868 5523//2868
f 5537//2871 5538//2871 5530//2871
f 5534//2872 5544//2872 5545//2872
f 5532//2873 5541//2873 5542//2873
f 5538//2874 5539//2874 5724//2874
f 5535//2875 5545//2875 5546//2875
f 5542//2876 5543//2876 5533//2876
f 5539//2877 5540//2877 5531//2877
f 5546//2878 5547//2878 5727//2878
f 5543//4605 5544//4605 5534//4605
f 5540//2881 5541//2881 5532//2881
f 5553//2882 5554//2882 5543//2882
f 5550//2883 5551//2883 5540//2883
f 5546//2884 5557//2884 5558//2884
f 5543//2886 5554//2886 5555//2886
f 5540//2887 5551//2887 5552//2887
f 5548//2889 5549//2889 5538//2889
f 5544//2890 5555//2890 5556//2890
f 5552//4606 5553//4606 5542//4606
f 5538//2892 5549//2892 5550//2892
f 5545//2893 5556//2893 5557//2893
f 5566//2894 5567//2894 5556//2894
f 5563//2895 5564//2895 5553//2895
f 5560//4607 5561//4607 5550//4607
f 5556//2897 5567//2897 5568//2897
f 5553//4608 5564//4608 5565//4608
f 5550//4609 5561//4609 5562//4609
f 5568//2900 5569//2900 5558//2900
f 5554//2902 5565//2902 5566//2902
f 5551//2903 5562//2903 5563//2903
f 5559//2905 5560//2905 5549//2905
f 5565//2907 5576//2907 5577//2907
f 5573//2908 5574//2908 5563//2908
f 5570//2910 5571//2910 5560//2910
f 5566//2911 5577//2911 5578//2911
f 5563//4610 5574//4610 5575//4610
f 5560//2913 5571//2913 5572//2913
f 5578//2914 5579//2914 5568//2914
f 5564//2915 5575//2915 5576//2915
f 5572//2916 5573//2916 5562//2916
f 5579//2917 5580//2917 5569//2917
f 5589//2918 5590//2918 5579//2918
f 5575//2919 5586//2919 5587//2919
f 5583//2920 5584//2920 5573//2920
f 5590//2921 5591//2921 5580//2921
f 5587//2923 5588//2923 5577//2923
f 5573//2924 5584//2924 5585//2924
f 5570//2926 5581//2926 5582//2926
f 5588//2927 5589//2927 5578//2927
f 5574//2928 5585//2928 5586//2928
f 5582//2929 5583//2929 5572//2929
f 5581//2930 5592//2930 5593//2930
f 5588//2931 5599//2931 5600//2931
f 5585//2932 5596//2932 5597//2932
f 5593//2933 5594//2933 5583//2933
f 5589//2934 5600//2934 5601//2934
f 5597//4611 5598//4611 5587//4611
f 5594//2936 5595//2936 5584//2936
f 5590//2937 5601//2937 5602//2937
f 5598//2939 5599//2939 5588//2939
f 5595//2940 5596//2940 5585//2940
f 5612//2942 5613//2942 5602//2942
f 5609//2944 5610//2944 5599//2944
f 5595//2945 5606//2945 5607//2945
f 5603//4612 5604//4612 5593//4612
f 5599//2948 5610//2948 5611//2948
f 5607//2949 5608//2949 5597//2949
f 5593//4613 5604//4613 5605//4613
f 5600//2951 5611//2951 5612//2951
f 5608//4614 5609//4614 5598//4614
f 5605//2953 5606//2953 5595//2953
f 5615//2954 5616//2954 5605//2954
f 5611//2955 5622//2955 5623//2955
f 5608//2956 5619//2956 5620//2956
f 5605//2957 5616//2957 5617//2957
f 5623//2958 5624//2958 5613//2958
f 5620//2960 5621//2960 5610//2960
f 5617//2961 5618//2961 5607//2961
f 5603//2963 5614//2963 5615//2963
f 5621//2964 5622//2964 5611//2964
f 5618//4615 5619//4615 5608//4615
f 5614//2967 5625//2967 5626//2967
f 5632//2968 5633//2968 5622//2968
f 5629//2969 5630//2969 5619//2969
f 5626//2970 5627//2970 5616//2970
f 5622//2971 5633//2971 5634//2971
f 5619//2972 5630//2972 5631//2972
f 5627//2973 5628//2973 5617//2973
f 5623//2974 5634//2974 5635//2974
f 5620//2976 5631//2976 5632//2976
f 5617//2977 5628//2977 5629//2977
f 5638//2978 5639//2978 5628//2978
f 5645//2979 5646//2979 5635//2979
f 5631//4616 5642//4616 5643//4616
f 5639//2982 5640//2982 5629//2982
f 5636//2984 5637//2984 5626//2984
f 5643//2985 5644//2985 5633//2985
f 5640//2986 5641//2986 5630//2986
f 5637//2987 5638//2987 5627//2987
f 5633//2988 5644//2988 5645//2988
f 5630//2989 5641//2989 5642//2989
f 5648//2990 5649//2990 5638//2990
f 5644//2991 5655//2991 5656//2991
f 5652//2992 5653//2992 5642//2992
f 5638//2993 5649//2993 5650//2993
f 5656//2994 5657//2994 5646//2994
f 5653//2996 5654//2996 5643//2996
f 5650//2997 5651//2997 5640//2997
f 5647//2999 5648//2999 5637//2999
f 5654//3000 5655//3000 5644//3000
f 5640//3001 5651//3001 5652//3001
f 5661//3002 5662//3002 5651//3002
f 5658//4617 5659//4617 5648//4617
f 5654//3005 5665//3005 5666//3005
f 5662//4618 5663//4618 5652//4618
f 5659//4619 5660//4619 5649//4619
f 5666//3008 5667//3008 5656//3008
f 5652//3009 5663//3009 5664//3009
f 5660//3010 5661//3010 5650//3010
f 5667//3011 5668//3011 5657//3011
f 5653//3013 5664//3013 5665//3013
f 5671//3014 5672//3014 5661//3014
f 5667//3015 5678//3015 5679//3015
f 5675//3017 5676//3017 5665//3017
f 5661//3018 5672//3018 5673//3018
f 5669//3020 5670//3020 5659//3020
f 5676//3021 5677//3021 5666//3021
f 5662//4620 5673//4620 5674//4620
f 5670//3023 5671//3023 5660//3023
f 5677//3024 5678//3024 5667//3024
f 5674//4621 5675//4621 5664//4621
f 5684//3026 5685//3026 5674//3026
f 5681//3027 5682//3027 5671//3027
f 5688//3028 5689//3028 5678//3028
f 5685//3029 5686//3029 5675//3029
f 5671//3030 5682//3030 5683//3030
f 5678//3031 5689//3031 5690//3031
f 5686//3033 5687//3033 5676//3033
f 5683//3034 5684//3034 5673//3034
f 5680//3036 5681//3036 5670//3036
f 5676//3037 5687//3037 5688//3037
f 5694//3038 5695//3038 5684//3038
f 5680//3040 5691//3040 5692//3040
f 5687//3041 5698//3041 5699//3041
f 5695//4622 5696//4622 5685//4622
f 5692//3043 5693//3043 5682//3043
f 5699//3044 5700//3044 5689//3044
f 5685//4623 5696//4623 5697//4623
f 5693//3046 5694//3046 5683//3046
f 5689//3047 5700//3047 5701//3047
f 5697//3049 5698//3049 5687//3049
f 5696//3050 5707//3050 5708//3050
f 5704//3051 5705//3051 5694//3051
f 5700//3052 5711//3052 5712//3052
f 5708//3054 5709//3054 5698//3054
f 5694//3055 5705//3055 5706//3055
f 5702//4624 5703//4624 5692//4624
f 5698//3058 5709//3058 5710//3058
f 5706//3059 5707//3059 5696//3059
f 5703//3060 5704//3060 5693//3060
f 5710//3061 5711//3061 5700//3061
f 5717//3062 5718//3062 5707//3062
f 5703//3063 5714//3063 5715//3063
f 5721//3064 5722//3064 5711//3064
f 5707//3065 5718//3065 5719//3065
f 5704//3066 5715//3066 5716//3066
f 5722//3067 5723//3067 5712//3067
f 5719//3069 5720//3069 5709//3069
f 5716//3070 5717//3070 5706//3070
f 5702//3072 5713//3072 5714//3072
f 5709//3073 5720//3073 5721//3073
f 5533//4625 5534//4625 5720//4625
f 5531//3075 5532//3075 5717//3075
f 5713//3077 5529//3077 5530//3077
f 5720//3078 5534//3078 5535//3078
f 5532//3079 5725//3079 5718//3079
f 5530//3080 5724//3080 5715//3080
f 5721//3081 5535//3081 5726//3081
f 5725//3082 5533//3082 5719//3082
f 5724//3083 5531//3083 5716//3083
f 5726//3084 5727//3084 5723//3084
f 5729//3087 5737//3087 5738//3087
f 5734//3088 5744//3088 5745//3088
f 5732//3089 5741//3089 5742//3089
f 5738//3090 5739//3090 5924//3090
f 5745//3091 5746//3091 5926//3091
f 5742//3092 5743//3092 5733//3092
f 5739//3093 5740//3093 5731//3093
f 5926//4626 5746//4626 5747//4626
f 5743//4627 5744//4627 5734//4627
f 5740//3097 5741//3097 5732//3097
f 5742//4628 5753//4628 5754//4628
f 5750//3099 5751//3099 5740//3099
f 5746//4629 5757//4629 5758//4629
f 5743//3102 5754//3102 5755//3102
f 5740//3103 5751//3103 5752//3103
f 5737//3105 5748//3105 5749//3105
f 5744//3106 5755//3106 5756//3106
f 5752//3107 5753//3107 5742//3107
f 5738//3108 5749//3108 5750//3108
f 5745//3109 5756//3109 5757//3109
f 5755//3110 5766//3110 5767//3110
f 5763//3111 5764//3111 5753//3111
f 5760//3112 5761//3112 5750//3112
f 5767//3113 5768//3113 5757//3113
f 5753//4630 5764//4630 5765//4630
f 5750//3115 5761//3115 5762//3115
f 5768//3116 5769//3116 5758//3116
f 5765//3118 5766//3118 5755//3118
f 5762//3119 5763//3119 5752//3119
f 5759//4631 5760//4631 5749//4631
f 5765//3123 5776//3123 5777//3123
f 5773//3124 5774//3124 5763//3124
f 5770//3126 5771//3126 5760//3126
f 5766//3127 5777//3127 5778//3127
f 5774//3128 5775//3128 5764//3128
f 5771//3129 5772//3129 5761//3129
f 5778//3130 5779//3130 5768//3130
f 5775//4632 5776//4632 5765//4632
f 5772//3132 5773//3132 5762//3132
f 5779//4633 5780//4633 5769//4633
f 5778//3134 5789//3134 5790//3134
f 5786//3135 5787//3135 5776//3135
f 5772//3136 5783//3136 5784//3136
f 5779//3137 5790//3137 5791//3137
f 5787//3139 5788//3139 5777//3139
f 5773//3140 5784//3140 5785//3140
f 5781//3142 5782//3142 5771//3142
f 5777//3143 5788//3143 5789//3143
f 5774//3144 5785//3144 5786//3144
f 5782//3145 5783//3145 5772//3145
f 5781//3146 5792//3146 5793//3146
f 5799//3147 5800//3147 5789//3147
f 5785//3148 5796//3148 5797//3148
f 5782//3149 5793//3149 5794//3149
f 5800//4634 5801//4634 5790//4634
f 5786//4635 5797//4635 5798//4635
f 5794//3152 5795//3152 5784//3152
f 5801//3153 5802//3153 5791//3153
f 5787//3155 5798//3155 5799//3155
f 5795//3156 5796//3156 5785//3156
f 5801//3158 5812//3158 5813//3158
f 5809//3160 5810//3160 5799//3160
f 5806//3161 5807//3161 5796//3161
f 5792//4636 5803//4636 5804//4636
f 5799//3164 5810//3164 5811//3164
f 5796//3165 5807//3165 5808//3165
f 5804//3166 5805//3166 5794//3166
f 5800//3167 5811//3167 5812//3167
f 5797//3168 5808//3168 5809//3168
f 5805//3169 5806//3169 5795//3169
f 5804//3170 5815//3170 5816//3170
f 5822//4637 5823//4637 5812//4637
f 5819//4638 5820//4638 5809//4638
f 5816//3173 5817//3173 5806//3173
f 5823//3174 5824//3174 5813//3174
f 5820//3176 5821//3176 5810//3176
f 5817//3177 5818//3177 5807//3177
f 5814//3179 5815//3179 5804//3179
f 5810//3180 5821//3180 5822//3180
f 5818//3181 5819//3181 5808//3181
f 5825//3183 5826//3183 5815//3183
f 5832//3184 5833//3184 5822//3184
f 5829//3185 5830//3185 5819//3185
f 5815//3186 5826//3186 5827//3186
f 5833//3187 5834//3187 5823//3187
f 5819//3188 5830//3188 5831//3188
f 5827//3189 5828//3189 5817//3189
f 5834//4639 5835//4639 5824//4639
f 5831//3192 5832//3192 5821//3192
f 5817//3193 5828//3193 5829//3193
f 5827//3194 5838//3194 5839//3194
f 5845//3195 5846//3195 5835//3195
f 5831//3197 5842//3197 5843//3197
f 5828//3198 5839//3198 5840//3198
f 5836//3200 5837//3200 5826//3200
f 5843//3201 5844//3201 5833//3201
f 5829//3202 5840//3202 5841//3202
f 5826//3203 5837//3203 5838//3203
f 5844//3204 5845//3204 5834//3204
f 5830//4640 5841//4640 5842//4640
f 5848//3206 5849//3206 5838//3206
f 5844//4641 5855//4641 5856//4641
f 5841//3208 5852//3208 5853//3208
f 5849//3209 5850//3209 5839//3209
f 5856//3210 5857//3210 5846//3210
f 5842//3212 5853//3212 5854//3212
f 5850//3213 5851//3213 5840//3213
f 5847//3215 5848//3215 5837//3215
f 5843//3216 5854//3216 5855//3216
f 5840//3217 5851//3217 5852//3217
f 5850//3218 5861//3218 5862//3218
f 5847//3220 5858//3220 5859//3220
f 5854//3221 5865//3221 5866//3221
f 5851//3222 5862//3222 5863//3222
f 5859//4642 5860//4642 5849//4642
f 5855//3224 5866//3224 5867//3224
f 5852//3225 5863//3225 5864//3225
f 5849//3226 5860//3226 5861//3226
f 5867//3227 5868//3227 5857//3227
f 5864//4643 5865//4643 5854//4643
f 5871//3230 5872//3230 5861//3230
f 5867//3231 5878//3231 5879//3231
f 5875//3233 5876//3233 5865//3233
f 5861//3234 5872//3234 5873//3234
f 5858//3236 5869//3236 5870//3236
f 5865//3237 5876//3237 5877//3237
f 5873//4644 5874//4644 5863//4644
f 5870//4645 5871//4645 5860//4645
f 5866//3240 5877//3240 5878//3240
f 5863//4646 5874//4646 5875//4646
f 5884//3242 5885//3242 5874//3242
f 5870//3243 5881//3243 5882//3243
f 5888//3244 5889//3244 5878//3244
f 5885//3245 5886//3245 5875//3245
f 5871//3246 5882//3246 5883//3246
f 5878//3247 5889//3247 5890//3247
f 5875//3249 5886//3249 5887//3249
f 5872//3250 5883//3250 5884//3250
f 5880//3252 5881//3252 5870//3252
f 5876//3253 5887//3253 5888//3253
f 5894//3254 5895//3254 5884//3254
f 5891//3256 5892//3256 5881//3256
f 5898//3257 5899//3257 5888//3257
f 5895//4647 5896//4647 5885//4647
f 5892//4648 5893//4648 5882//4648
f 5899//3260 5900//3260 5889//3260
f 5896//3261 5897//3261 5886//3261
f 5893//3262 5894//3262 5883//3262
f 5900//3263 5901//3263 5890//3263
f 5886//3265 5897//3265 5898//3265
f 5907//4649 5908//4649 5897//4649
f 5904//3267 5905//3267 5894//3267
f 5911//4650 5912//4650 5901//4650
f 5908//3270 5909//3270 5898//3270
f 5894//3271 5905//3271 5906//3271
f 5891//3273 5902//3273 5903//3273
f 5898//3274 5909//3274 5910//3274
f 5895//3275 5906//3275 5907//3275
f 5903//4651 5904//4651 5893//4651
f 5910//4652 5911//4652 5900//4652
f 5917//3278 5918//3278 5907//3278
f 5914//3279 5915//3279 5904//3279
f 5921//4653 5922//4653 5911//4653
f 5918//3281 5919//3281 5908//3281
f 5904//3282 5915//3282 5916//3282
f 5911//3283 5922//3283 5923//3283
f 5908//3285 5919//3285 5920//3285
f 5916//3286 5917//3286 5906//3286
f 5913//3288 5914//3288 5903//3288
f 5909//3289 5920//3289 5921//3289
f 5733//4654 5734//4654 5920//4654
f 5731//4655 5732//4655 5917//4655
f 5913//3293 5729//3293 5730//3293
f 5920//3294 5734//3294 5735//3294
f 5917//3295 5732//3295 5925//3295
f 5914//3296 5730//3296 5924//3296
f 5921//3297 5735//3297 5926//3297
f 5918//3298 5925//3298 5733//3298
f 5924//3299 5731//3299 5916//3299
f 5922//3300 5926//3300 5927//3300
f 5937//3303 5938//3303 5930//3303
f 5944//3304 5945//3304 5935//3304
f 5941//3305 5942//3305 6125//3305
f 5930//3189 5938//3189 5939//3189
f 5945//3306 5946//3306 6126//3306
f 5942//3307 5943//3307 5933//3307
f 5939//3186 5940//3186 5931//3186
f 6126//3308 5946//3308 5947//3308
f 5943//3310 5944//3310 5934//3310
f 5931//3311 5940//3311 5941//3311
f 5953//3312 5954//3312 5943//3312
f 5950//3313 5951//3313 5940//3313
f 5946//3314 5957//3314 5958//3314
f 5954//3316 5955//3316 5944//3316
f 5951//3317 5952//3317 5941//3317
f 5948//4656 5949//4656 5938//4656
f 5944//3320 5955//3320 5956//3320
f 5941//3321 5952//3321 5953//3321
f 5949//3322 5950//3322 5939//3322
f 5956//3323 5957//3323 5946//3323
f 5955//3324 5966//3324 5967//3324
f 5963//3325 5964//3325 5953//3325
f 5949//3326 5960//3326 5961//3326
f 5967//3327 5968//3327 5957//3327
f 5964//3328 5965//3328 5954//3328
f 5950//3329 5961//3329 5962//3329
f 5968//3330 5969//3330 5958//3330
f 5965//3332 5966//3332 5955//3332
f 5962//3333 5963//3333 5952//3333
f 5959//4657 5960//4657 5949//4657
f 5965//3337 5976//3337 5977//3337
f 5973//3338 5974//3338 5963//3338
f 5970//3340 5971//3340 5960//3340
f 5966//3341 5977//3341 5978//3341
f 5974//3342 5975//3342 5964//3342
f 5960//3343 5971//3343 5972//3343
f 5978//3344 5979//3344 5968//3344
f 5975//4658 5976//4658 5965//4658
f 5972//3346 5973//3346 5962//3346
f 5968//3347 5979//3347 5980//3347
f 5989//3348 5990//3348 5979//3348
f 5986//3349 5987//3349 5976//3349
f 5972//3350 5983//3350 5984//3350
f 5979//3351 5990//3351 5991//3351
f 5987//3353 5988//3353 5977//3353
f 5984//3354 5985//3354 5974//3354
f 5981//3356 5982//3356 5971//3356
f 5988//3357 5989//3357 5978//3357
f 5974//3358 5985//3358 5986//3358
f 5982//3359 5983//3359 5972//3359
f 5992//3360 5993//3360 5982//3360
f 5988//3361 5999//3361 6000//3361
f 5996//3362 5997//3362 5986//3362
f 5993//3363 5994//3363 5983//3363
f 5989//3364 6000//3364 6001//3364
f 5997//4659 5998//4659 5987//4659
f 5983//3366 5994//3366 5995//3366
f 6001//3367 6002//3367 5991//3367
f 5998//3369 5999//3369 5988//3369
f 5984//3370 5995//3370 5996//3370
f 6012//3372 6013//3372 6002//3372
f 6009//3374 6010//3374 5999//3374
f 6006//3375 6007//3375 5996//3375
f 5992//4660 6003//4660 6004//4660
f 5999//3378 6010//3378 6011//3378
f 5996//3379 6007//3379 6008//3379
f 6004//4661 6005//4661 5994//4661
f 6000//3381 6011//3381 6012//3381
f 5997//4662 6008//4662 6009//4662
f 6005//3383 6006//3383 5995//3383
f 6015//3384 6016//3384 6005//3384
f 6011//3385 6022//3385 6023//3385
f 6008//3386 6019//3386 6020//3386
f 6005//3387 6016//3387 6017//3387
f 6012//3388 6023//3388 6024//3388
f 6020//3390 6021//3390 6010//3390
f 6017//3391 6018//3391 6007//3391
f 6003//3393 6014//3393 6015//3393
f 6010//3394 6021//3394 6022//3394
f 6007//3395 6018//3395 6019//3395
f 6025//3397 6026//3397 6015//3397
f 6032//3398 6033//3398 6022//3398
f 6018//3399 6029//3399 6030//3399
f 6026//3093 6027//3093 6016//3093
f 6033//3400 6034//3400 6023//3400
f 6030//3401 6031//3401 6020//3401
f 6016//3090 6027//3090 6028//3090
f 6034//3402 6035//3402 6024//3402
f 6031//3404 6032//3404 6021//3404
f 6017//3405 6028//3405 6029//3405
f 6038//3406 6039//3406 6028//3406
f 6045//3407 6046//3407 6035//3407
f 6031//3409 6042//3409 6043//3409
f 6028//3410 6039//3410 6040//3410
f 6036//3412 6037//3412 6026//3412
f 6032//3413 6043//3413 6044//3413
f 6040//3414 6041//3414 6030//3414
f 6037//3415 6038//3415 6027//3415
f 6033//3416 6044//3416 6045//3416
f 6041//3417 6042//3417 6031//3417
f 6048//3418 6049//3418 6038//3418
f 6055//3419 6056//3419 6045//3419
f 6052//3420 6053//3420 6042//3420
f 6049//3421 6050//3421 6039//3421
f 6045//3422 6056//3422 6057//3422
f 6042//3424 6053//3424 6054//3424
f 6050//3425 6051//3425 6040//3425
f 6047//3427 6048//3427 6037//3427
f 6054//3428 6055//3428 6044//3428
f 6040//3429 6051//3429 6052//3429
f 6050//3430 6061//3430 6062//3430
f 6047//4663 6058//4663 6059//4663
f 6054//3433 6065//3433 6066//3433
f 6051//3434 6062//3434 6063//3434
f 6059//4664 6060//4664 6049//4664
f 6055//3436 6066//3436 6067//3436
f 6063//4665 6064//4665 6053//4665
f 6049//3438 6060//3438 6061//3438
f 6067//3439 6068//3439 6057//3439
f 6053//3441 6064//3441 6065//3441
f 6071//3442 6072//3442 6061//3442
f 6067//3443 6078//3443 6079//3443
f 6075//3445 6076//3445 6065//3445
f 6061//3446 6072//3446 6073//3446
f 6069//3448 6070//3448 6059//3448
f 6076//3449 6077//3449 6066//3449
f 6062//3450 6073//3450 6074//3450
f 6070//4666 6071//4666 6060//4666
f 6077//3452 6078//3452 6067//3452
f 6074//4667 6075//4667 6064//4667
f 6084//3454 6085//3454 6074//3454
f 6081//3455 6082//3455 6071//3455
f 6088//3456 6089//3456 6078//3456
f 6085//3457 6086//3457 6075//3457
f 6071//3458 6082//3458 6083//3458
f 6078//3459 6089//3459 6090//3459
f 6075//3461 6086//3461 6087//3461
f 6072//3462 6083//3462 6084//3462
f 6080//3464 6081//3464 6070//3464
f 6076//3465 6087//3465 6088//3465
f 6083//3466 6094//3466 6095//3466
f 6080//3468 6091//3468 6092//3468
f 6087//3469 6098//3469 6099//3469
f 6084//3470 6095//3470 6096//3470
f 6092//3471 6093//3471 6082//3471
f 6088//3472 6099//3472 6100//3472
f 6096//4668 6097//4668 6086//4668
f 6082//3474 6093//3474 6094//3474
f 6089//4669 6100//4669 6101//4669
f 6097//3477 6098//3477 6087//3477
f 6096//3478 6107//3478 6108//3478
f 6093//3479 6104//3479 6105//3479
f 6111//3480 6112//3480 6101//3480
f 6108//3482 6109//3482 6098//3482
f 6105//3483 6106//3483 6095//3483
f 6091//4670 6102//4670 6103//4670
f 6109//3486 6110//3486 6099//3486
f 6095//3487 6106//3487 6107//3487
f 6103//4671 6104//4671 6093//4671
f 6099//3489 6110//3489 6111//3489
f 6117//3490 6118//3490 6107//3490
f 6114//3491 6115//3491 6104//3491
f 6121//3492 6122//3492 6111//3492
f 6118//3493 6119//3493 6108//3493
f 6115//3494 6116//3494 6105//3494
f 6122//3495 6123//3495 6112//3495
f 6119//3497 6120//3497 6109//3497
f 6116//3498 6117//3498 6106//3498
f 6102//3500 6113//3500 6114//3500
f 6120//3501 6121//3501 6110//3501
f 5933//3502 5934//3502 6120//3502
f 5931//3503 5932//3503 6117//3503
f 5929//3505 5930//3505 6114//3505
f 6120//3506 5934//3506 5935//3506
f 6117//3507 5932//3507 6125//3507
f 6114//3508 5930//3508 6124//3508
f 5935//3509 6126//3509 6122//3509
f 6118//3510 6125//3510 5933//3510
f 6124//3511 5931//3511 6116//3511
f 6126//3512 6127//3512 6123//3512
f 6137//3515 6138//3515 6130//3515
f 6134//3516 6144//3516 6145//3516
f 6141//3517 6142//3517 6325//3517
f 6138//3518 6139//3518 6324//3518
f 6135//4672 6145//4672 6146//4672
f 6142//3520 6143//3520 6133//3520
f 6139//3521 6140//3521 6131//3521
f 6326//3522 6146//3522 6147//3522
f 6143//3524 6144//3524 6134//3524
f 6131//3525 6140//3525 6141//3525
f 6142//3526 6153//3526 6154//3526
f 6150//3527 6151//3527 6140//3527
f 6157//3528 6158//3528 6147//3528
f 6143//3530 6154//3530 6155//3530
f 6151//3531 6152//3531 6141//3531
f 6148//3533 6149//3533 6138//3533
f 6144//3534 6155//3534 6156//3534
f 6141//3535 6152//3535 6153//3535
f 6138//3536 6149//3536 6150//3536
f 6145//4673 6156//4673 6157//4673
f 6155//3538 6166//3538 6167//3538
f 6163//3539 6164//3539 6153//3539
f 6149//3540 6160//3540 6161//3540
f 6156//3541 6167//3541 6168//3541
f 6164//3542 6165//3542 6154//3542
f 6161//3543 6162//3543 6151//3543
f 6168//3544 6169//3544 6158//3544
f 6165//3546 6166//3546 6155//3546
f 6162//3547 6163//3547 6152//3547
f 6159//4674 6160//4674 6149//4674
f 6176//3551 6177//3551 6166//3551
f 6173//3552 6174//3552 6163//3552
f 6170//3554 6171//3554 6160//3554
f 6177//3555 6178//3555 6167//3555
f 6174//3556 6175//3556 6164//3556
f 6171//3557 6172//3557 6161//3557
f 6178//3558 6179//3558 6168//3558
f 6175//4675 6176//4675 6165//4675
f 6172//3560 6173//3560 6162//3560
f 6168//3561 6179//3561 6180//3561
f 6178//3562 6189//3562 6190//3562
f 6175//3563 6186//3563 6187//3563
f 6172//3564 6183//3564 6184//3564
f 6190//3565 6191//3565 6180//3565
f 6176//3567 6187//3567 6188//3567
f 6173//3568 6184//3568 6185//3568
f 6170//3570 6181//3570 6182//3570
f 6177//3571 6188//3571 6189//3571
f 6174//3572 6185//3572 6186//3572
f 6171//3573 6182//3573 6183//3573
f 6181//3574 6192//3574 6193//3574
f 6199//3575 6200//3575 6189//3575
f 6196//3576 6197//3576 6186//3576
f 6193//3577 6194//3577 6183//3577
f 6189//3578 6200//3578 6201//3578
f 6197//4676 6198//4676 6187//4676
f 6194//3580 6195//3580 6184//3580
f 6190//4677 6201//4677 6202//4677
f 6198//3583 6199//3583 6188//3583
f 6184//3584 6195//3584 6196//3584
f 6212//4678 6213//4678 6202//4678
f 6198//3588 6209//3588 6210//3588
f 6206//3589 6207//3589 6196//3589
f 6203//4679 6204//4679 6193//4679
f 6199//3592 6210//3592 6211//3592
f 6207//3593 6208//3593 6197//3593
f 6204//4680 6205//4680 6194//4680
f 6211//4681 6212//4681 6201//4681
f 6197//3596 6208//3596 6209//3596
f 6205//3597 6206//3597 6195//3597
f 6215//3598 6216//3598 6205//3598
f 6211//3599 6222//3599 6223//3599
f 6219//3600 6220//3600 6209//3600
f 6205//3601 6216//3601 6217//3601
f 6212//3602 6223//3602 6224//3602
f 6209//4682 6220//4682 6221//4682
f 6217//3605 6218//3605 6207//3605
f 6203//3607 6214//3607 6215//3607
f 6210//3608 6221//3608 6222//3608
f 6218//3609 6219//3609 6208//3609
f 6214//3611 6225//3611 6226//3611
f 6232//3612 6233//3612 6222//3612
f 6229//3613 6230//3613 6219//3613
f 6226//3614 6227//3614 6216//3614
f 6233//3615 6234//3615 6223//3615
f 6219//3616 6230//3616 6231//3616
f 6227//3617 6228//3617 6217//3617
f 6223//4683 6234//4683 6235//4683
f 6231//3620 6232//3620 6221//3620
f 6217//3621 6228//3621 6229//3621
f 6238//3622 6239//3622 6228//3622
f 6245//3623 6246//3623 6235//3623
f 6242//3625 6243//3625 6232//3625
f 6239//3626 6240//3626 6229//3626
f 6225//3628 6236//3628 6237//3628
f 6232//3629 6243//3629 6244//3629
f 6240//3630 6241//3630 6230//3630
f 6237//3631 6238//3631 6227//3631
f 6233//3632 6244//3632 6245//3632
f 6241//3633 6242//3633 6231//3633
f 6248//3634 6249//3634 6238//3634
f 6244//3635 6255//3635 6256//3635
f 6252//3636 6253//3636 6242//3636
f 6249//3637 6250//3637 6239//3637
f 6245//3638 6256//3638 6257//3638
f 6253//3640 6254//3640 6243//3640
f 6239//3641 6250//3641 6251//3641
f 6247//3643 6248//3643 6237//3643
f 6243//3644 6254//3644 6255//3644
f 6240//3645 6251//3645 6252//3645
f 6261//3646 6262//3646 6251//3646
f 6247//3648 6258//3648 6259//3648
f 6265//3649 6266//3649 6255//3649
f 6262//4684 6263//4684 6252//4684
f 6248//4685 6259//4685 6260//4685
f 6255//3652 6266//3652 6267//3652
f 6263//3653 6264//3653 6253//3653
f 6249//3654 6260//3654 6261//3654
f 6267//3655 6268//3655 6257//3655
f 6264//3657 6265//3657 6254//3657
f 6271//3658 6272//3658 6261//3658
f 6267//3659 6278//3659 6279//3659
f 6264//3661 6275//3661 6276//3661
f 6272//3662 6273//3662 6262//3662
f 6258//3664 6269//3664 6270//3664
f 6265//3665 6276//3665 6277//3665
f 6273//3666 6274//3666 6263//3666
f 6259//3667 6270//3667 6271//3667
f 6277//4686 6278//4686 6267//4686
f 6263//4687 6274//4687 6275//4687
f 6284//3670 6285//3670 6274//3670
f 6281//3671 6282//3671 6271//3671
f 6288//3672 6289//3672 6278//3672
f 6274//3673 6285//3673 6286//3673
f 6282//3674 6283//3674 6272//3674
f 6278//3675 6289//3675 6290//3675
f 6275//3677 6286//3677 6287//3677
f 6283//3678 6284//3678 6273//3678
f 6280//3680 6281//3680 6270//3680
f 6287//3681 6288//3681 6277//3681
f 6294//3682 6295//3682 6284//3682
f 6291//3684 6292//3684 6281//3684
f 6287//3685 6298//3685 6299//3685
f 6295//3686 6296//3686 6285//3686
f 6281//3687 6292//3687 6293//3687
f 6299//4688 6300//4688 6289//4688
f 6285//3689 6296//3689 6297//3689
f 6293//3690 6294//3690 6283//3690
f 6289//3691 6300//3691 6301//3691
f 6297//3693 6298//3693 6287//3693
f 6296//4689 6307//4689 6308//4689
f 6304//3695 6305//3695 6294//3695
f 6300//3696 6311//3696 6312//3696
f 6308//3698 6309//3698 6298//3698
f 6294//3699 6305//3699 6306//3699
f 6302//3701 6303//3701 6292//3701
f 6298//3702 6309//3702 6310//3702
f 6306//3703 6307//3703 6296//3703
f 6303//4690 6304//4690 6293//4690
f 6310//3705 6311//3705 6300//3705
f 6306//3706 6317//3706 6318//3706
f 6314//3707 6315//3707 6304//3707
f 6321//3708 6322//3708 6311//3708
f 6307//3709 6318//3709 6319//3709
f 6315//3710 6316//3710 6305//3710
f 6322//3711 6323//3711 6312//3711
f 6308//4691 6319//4691 6320//4691
f 6305//3714 6316//3714 6317//3714
f 6313//3716 6314//3716 6303//3716
f 6309//3717 6320//3717 6321//3717
f 6133//4692 6134//4692 6320//4692
f 6131//3719 6132//3719 6317//3719
f 6313//3721 6129//3721 6130//3721
f 6134//3722 6135//3722 6321//3722
f 6132//3723 6325//3723 6318//3723
f 6130//3724 6324//3724 6315//3724
f 6135//3725 6326//3725 6322//3725
f 6318//3726 6325//3726 6133//3726
f 6324//3727 6131//3727 6316//3727
f 6326//3728 6327//3728 6323//3728
f 6329//3731 6337//3731 6338//3731
f 6334//3732 6344//3732 6345//3732
f 6341//3733 6342//3733 6525//3733
f 6338//3734 6339//3734 6524//3734
f 6345//3735 6346//3735 6526//3735
f 6525//3736 6342//3736 6343//3736
f 6339//3737 6340//3737 6331//3737
f 6526//3738 6346//3738 6347//3738
f 6343//3740 6344//3740 6334//3740
f 6340//3741 6341//3741 6332//3741
f 6342//3742 6353//3742 6354//3742
f 6339//3743 6350//3743 6351//3743
f 6357//3744 6358//3744 6347//3744
f 6354//3746 6355//3746 6344//3746
f 6351//3747 6352//3747 6341//3747
f 6337//4693 6348//4693 6349//4693
f 6355//3750 6356//3750 6345//3750
f 6341//3751 6352//3751 6353//3751
f 6338//3752 6349//3752 6350//3752
f 6345//3753 6356//3753 6357//3753
f 6366//3754 6367//3754 6356//3754
f 6363//3755 6364//3755 6353//3755
f 6349//3756 6360//3756 6361//3756
f 6367//3757 6368//3757 6357//3757
f 6364//3758 6365//3758 6354//3758
f 6350//3759 6361//3759 6362//3759
f 6368//3760 6369//3760 6358//3760
f 6354//3762 6365//3762 6366//3762
f 6362//3763 6363//3763 6352//3763
f 6359//3765 6360//3765 6349//3765
f 6376//3767 6377//3767 6366//3767
f 6362//3768 6373//3768 6374//3768
f 6370//3770 6371//3770 6360//3770
f 6366//3771 6377//3771 6378//3771
f 6363//3772 6374//3772 6375//3772
f 6371//3773 6372//3773 6361//3773
f 6378//3774 6379//3774 6368//3774
f 6375//4694 6376//4694 6365//4694
f 6372//3776 6373//3776 6362//3776
f 6368//3777 6379//3777 6380//3777
f 6389//3778 6390//3778 6379//3778
f 6386//3779 6387//3779 6376//3779
f 6383//3780 6384//3780 6373//3780
f 6390//3781 6391//3781 6380//3781
f 6387//3783 6388//3783 6377//3783
f 6384//3784 6385//3784 6374//3784
f 6370//3786 6381//3786 6382//3786
f 6388//3787 6389//3787 6378//3787
f 6374//3788 6385//3788 6386//3788
f 6382//3789 6383//3789 6372//3789
f 6381//3790 6392//3790 6393//3790
f 6388//3791 6399//3791 6400//3791
f 6396//3792 6397//3792 6386//3792
f 6382//3793 6393//3793 6394//3793
f 6400//3794 6401//3794 6390//3794
f 6397//4695 6398//4695 6387//4695
f 6394//3796 6395//3796 6384//3796
f 6401//4696 6402//4696 6391//4696
f 6387//3799 6398//3799 6399//3799
f 6395//3800 6396//3800 6385//3800
f 6401//3802 6412//3802 6413//3802
f 6409//3804 6410//3804 6399//3804
f 6395//3805 6406//3805 6407//3805
f 6392//3807 6403//3807 6404//3807
f 6399//3808 6410//3808 6411//3808
f 6407//3809 6408//3809 6397//3809
f 6393//3810 6404//3810 6405//3810
f 6411//3811 6412//3811 6401//3811
f 6408//3812 6409//3812 6398//3812
f 6394//3813 6405//3813 6406//3813
f 6415//3814 6416//3814 6405//3814
f 6422//3815 6423//3815 6412//3815
f 6419//3816 6420//3816 6409//3816
f 6416//3817 6417//3817 6406//3817
f 6412//3818 6423//3818 6424//3818
f 6420//3820 6421//3820 6410//3820
f 6417//3821 6418//3821 6407//3821
f 6414//4697 6415//4697 6404//4697
f 6410//3824 6421//3824 6422//3824
f 6418//3825 6419//3825 6408//3825
f 6425//3827 6426//3827 6415//3827
f 6421//3828 6432//3828 6433//3828
f 6418//3829 6429//3829 6430//3829
f 6415//3830 6426//3830 6427//3830
f 6422//3831 6433//3831 6434//3831
f 6419//3832 6430//3832 6431//3832
f 6427//3833 6428//3833 6417//3833
f 6423//3834 6434//3834 6435//3834
f 6431//4698 6432//4698 6421//4698
f 6428//3837 6429//3837 6418//3837
f 6438//3838 6439//3838 6428//3838
f 6445//3839 6446//3839 6435//3839
f 6442//4699 6443//4699 6432//4699
f 6439//3842 6440//3842 6429//3842
f 6436//3844 6437//3844 6426//3844
f 6432//3845 6443//3845 6444//3845
f 6429//3846 6440//3846 6441//3846
f 6437//3847 6438//3847 6427//3847
f 6433//3848 6444//3848 6445//3848
f 6430//3849 6441//3849 6442//3849
f 6448//3850 6449//3850 6438//3850
f 6455//3851 6456//3851 6445//3851
f 6452//3852 6453//3852 6442//3852
f 6449//3853 6450//3853 6439//3853
f 6445//3854 6456//3854 6457//3854
f 6453//3856 6454//3856 6443//3856
f 6439//3857 6450//3857 6451//3857
f 6436//4700 6447//4700 6448//4700
f 6454//3860 6455//3860 6444//3860
f 6451//3861 6452//3861 6441//3861
f 6461//3862 6462//3862 6451//3862
f 6458//3864 6459//3864 6448//3864
f 6454//3865 6465//3865 6466//3865
f 6451//3866 6462//3866 6463//3866
f 6448//4701 6459//4701 6460//4701
f 6455//3868 6466//3868 6467//3868
f 6452//4702 6463//4702 6464//4702
f 6460//3870 6461//3870 6450//3870
f 6456//3871 6467//3871 6468//3871
f 6453//3873 6464//3873 6465//3873
f 6471//3874 6472//3874 6461//3874
f 6467//3875 6478//3875 6479//3875
f 6464//3877 6475//3877 6476//3877
f 6472//3878 6473//3878 6462//3878
f 6458//3880 6469//3880 6470//3880
f 6476//3881 6477//3881 6466//3881
f 6473//3882 6474//3882 6463//3882
f 6470//3883 6471//3883 6460//3883
f 6466//3884 6477//3884 6478//3884
f 6463//3885 6474//3885 6475//3885
f 6484//3886 6485//3886 6474//3886
f 6481//3887 6482//3887 6471//3887
f 6488//3888 6489//3888 6478//3888
f 6485//3889 6486//3889 6475//3889
f 6482//3890 6483//3890 6472//3890
f 6489//3891 6490//3891 6479//3891
f 6486//3893 6487//3893 6476//3893
f 6483//3894 6484//3894 6473//3894
f 6480//3896 6481//3896 6470//3896
f 6476//3897 6487//3897 6488//3897
f 6483//3898 6494//3898 6495//3898
f 6480//3900 6491//3900 6492//3900
f 6498//3901 6499//3901 6488//3901
f 6484//3902 6495//3902 6496//3902
f 6492//3903 6493//3903 6482//3903
f 6499//3904 6500//3904 6489//3904
f 6496//3905 6497//3905 6486//3905
f 6493//3906 6494//3906 6483//3906
f 6500//4703 6501//4703 6490//4703
f 6497//3909 6498//3909 6487//3909
f 6507//4704 6508//4704 6497//4704
f 6504//4705 6505//4705 6494//4705
f 6500//3912 6511//3912 6512//3912
f 6508//3914 6509//3914 6498//3914
f 6505//3915 6506//3915 6495//3915
f 6491//4706 6502//4706 6503//4706
f 6498//3918 6509//3918 6510//3918
f 6506//3919 6507//3919 6496//3919
f 6503//4707 6504//4707 6493//4707
f 6510//3921 6511//3921 6500//3921
f 6517//3922 6518//3922 6507//3922
f 6514//3923 6515//3923 6504//3923
f 6521//3924 6522//3924 6511//3924
f 6507//3925 6518//3925 6519//3925
f 6515//3926 6516//3926 6505//3926
f 6522//3927 6523//3927 6512//3927
f 6508//3929 6519//3929 6520//3929
f 6505//3930 6516//3930 6517//3930
f 6502//3932 6513//3932 6514//3932
f 6509//3933 6520//3933 6521//3933
f 6333//3934 6334//3934 6520//3934
f 6331//3935 6332//3935 6517//3935
f 6329//3937 6330//3937 6514//3937
f 6520//3938 6334//3938 6335//3938
f 6332//3939 6525//3939 6518//3939
f 6330//3940 6524//3940 6515//3940
f 6335//3941 6526//3941 6522//3941
f 6525//3942 6333//3942 6519//3942
f 6524//3943 6331//3943 6516//3943
f 6522//3944 6526//3944 6527//3944
