# Blender 5.1.2
# www.blender.org
o GBexp
v -5.450000 -3.820000 -1.700000 1.0000 1.0000 1.0000
v -5.000000 -3.370000 -1.450000 1.0000 1.0000 1.0000
v -5.450000 -3.820000 0.550000 1.0000 1.0000 1.0000
v -5.450000 3.820000 -1.700000 1.0000 1.0000 1.0000
v -5.000000 3.370000 -1.450000 1.0000 1.0000 1.0000
v -5.450000 3.820000 0.550000 1.0000 1.0000 1.0000
v 5.450000 -3.820000 -1.700000 1.0000 1.0000 1.0000
v 5.000000 -3.370000 -1.450000 1.0000 1.0000 1.0000
v 5.450000 -3.820000 0.550000 1.0000 1.0000 1.0000
v 5.450000 3.820000 -1.700000 1.0000 1.0000 1.0000
v 5.000000 3.370000 -1.450000 1.0000 1.0000 1.0000
v 5.450000 3.820000 0.550000 1.0000 1.0000 1.0000
v -5.000000 -3.370000 0.550000 1.0000 1.0000 1.0000
v -5.000000 3.370000 0.550000 1.0000 1.0000 1.0000
v 5.000000 -3.370000 0.550000 1.0000 1.0000 1.0000
v 5.000000 3.370000 0.550000 1.0000 1.0000 1.0000
v 3.280000 1.190000 -0.270000 0.2934 0.2934 0.3035
v 0.510000 -3.135000 -0.550000 0.2934 0.2934 0.3035
v 1.260000 2.760000 -0.270000 0.2934 0.2934 0.3035
v 3.400084 1.182129 -0.270000 0.2934 0.2934 0.3035
v -4.980000 -3.350000 -1.400000 0.2934 0.2934 0.3035
v -4.980000 -3.350000 0.000000 0.2934 0.2934 0.3035
v 3.518114 1.158652 -0.270000 0.2934 0.2934 0.3035
v 1.380084 2.752129 -0.270000 0.2934 0.2934 0.3035
v -4.980000 3.350000 -1.400000 0.2934 0.2934 0.3035
v 0.510000 -0.865000 -0.550000 0.2934 0.2934 0.3035
v 3.632069 1.119969 -0.270000 0.2934 0.2934 0.3035
v 1.498114 2.728652 -0.270000 0.2934 0.2934 0.3035
v -4.980000 3.350000 0.000000 0.2934 0.2934 0.3035
v 3.740000 1.066743 -0.270000 0.2934 0.2934 0.3035
v 1.612069 2.689969 -0.270000 0.2934 0.2934 0.3035
v 4.980000 -3.350000 -1.400000 0.2934 0.2934 0.3035
v 3.840060 0.999885 -0.270000 0.2934 0.2934 0.3035
v 4.550000 -3.135000 -0.550000 0.2934 0.2934 0.3035
v 4.980000 -3.350000 0.000000 0.2934 0.2934 0.3035
v 3.930538 0.920538 -0.270000 0.2934 0.2934 0.3035
v 1.720000 2.636744 -0.270000 0.2934 0.2934 0.3035
v 4.980000 3.350000 -1.400000 0.2934 0.2934 0.3035
v 4.009885 0.830060 -0.270000 0.2934 0.2934 0.3035
v 4.550000 -0.865000 -0.550000 0.2934 0.2934 0.3035
v 4.076743 0.730000 -0.270000 0.2934 0.2934 0.3035
v 1.820060 2.569885 -0.270000 0.2934 0.2934 0.3035
v 4.980000 3.350000 0.000000 0.2934 0.2934 0.3035
v 4.129969 0.622069 -0.270000 0.2934 0.2934 0.3035
v -1.330000 -1.050957 -0.079227 0.2934 0.2934 0.3035
v 1.910538 2.490538 -0.270000 0.2934 0.2934 0.3035
v 4.168652 0.508114 -0.270000 0.2934 0.2934 0.3035
v -3.700000 -1.050957 -0.079227 0.2934 0.2934 0.3035
v -1.330000 -1.083560 -0.215025 0.2934 0.2934 0.3035
v 1.989885 2.400061 -0.270000 0.2934 0.2934 0.3035
v 4.192129 0.390084 -0.270000 0.2934 0.2934 0.3035
v -3.700000 -1.083560 -0.215025 0.2934 0.2934 0.3035
v 2.056743 2.300000 -0.270000 0.2934 0.2934 0.3035
v 4.200000 0.270000 -0.270000 0.2934 0.2934 0.3035
v -1.330000 -1.209975 -0.463129 0.2934 0.2934 0.3035
v -1.330000 0.879043 -0.079227 0.2934 0.2934 0.3035
v 4.192129 0.149916 -0.270000 0.2934 0.2934 0.3035
v 2.109969 2.192069 -0.270000 0.2934 0.2934 0.3035
v -1.330000 -1.300675 -0.569325 0.2934 0.2934 0.3035
v 4.168652 0.031886 -0.270000 0.2934 0.2934 0.3035
v -3.700000 0.879043 -0.079227 0.2934 0.2934 0.3035
v 2.148652 2.078114 -0.270000 0.2934 0.2934 0.3035
v 4.129969 -0.082069 -0.270000 0.2934 0.2934 0.3035
v -1.330000 -1.406871 -0.660025 0.2934 0.2934 0.3035
v -3.700000 -1.209975 -0.463129 0.2934 0.2934 0.3035
v 4.076743 -0.190000 -0.270000 0.2934 0.2934 0.3035
v -1.330000 -1.525948 -0.732996 0.2934 0.2934 0.3035
v 4.009885 -0.290060 -0.270000 0.2934 0.2934 0.3035
v 2.172129 1.960084 -0.270000 0.2934 0.2934 0.3035
v -1.330000 -1.930000 -0.830000 0.2934 0.2934 0.3035
v 3.930538 -0.380538 -0.270000 0.2934 0.2934 0.3035
v -3.700000 -1.300675 -0.569325 0.2934 0.2934 0.3035
v 2.180000 1.840000 -0.270000 0.2934 0.2934 0.3035
v -1.330000 0.846440 -0.215025 0.2934 0.2934 0.3035
v 3.840060 -0.459885 -0.270000 0.2934 0.2934 0.3035
v -3.700000 -1.406871 -0.660025 0.2934 0.2934 0.3035
v 3.740000 -0.526743 -0.270000 0.2934 0.2934 0.3035
v 2.172129 1.719916 -0.270000 0.2934 0.2934 0.3035
v -1.330000 2.809042 -0.079227 0.2934 0.2934 0.3035
v -3.700000 -1.525948 -0.732996 0.2934 0.2934 0.3035
v 3.632069 -0.579969 -0.270000 0.2934 0.2934 0.3035
v 2.148652 1.601887 -0.270000 0.2934 0.2934 0.3035
v -1.330000 0.720025 -0.463129 0.2934 0.2934 0.3035
v 3.518114 -0.618652 -0.270000 0.2934 0.2934 0.3035
v -3.700000 -1.930000 -0.830000 0.2934 0.2934 0.3035
v 2.109969 1.487931 -0.270000 0.2934 0.2934 0.3035
v 3.400084 -0.642129 -0.270000 0.2934 0.2934 0.3035
v -1.330000 0.629325 -0.569325 0.2934 0.2934 0.3035
v 3.280000 -0.650000 -0.270000 0.2934 0.2934 0.3035
v 2.056743 1.380000 -0.270000 0.2934 0.2934 0.3035
v -3.700000 0.846440 -0.215025 0.2934 0.2934 0.3035
v 3.159916 -0.642129 -0.270000 0.2934 0.2934 0.3035
v -1.330000 0.523129 -0.660025 0.2934 0.2934 0.3035
v 1.989885 1.279940 -0.270000 0.2934 0.2934 0.3035
v -3.700000 0.720025 -0.463129 0.2934 0.2934 0.3035
v 3.041886 -0.618652 -0.270000 0.2934 0.2934 0.3035
v -1.192487 -1.061780 -0.079227 0.2934 0.2934 0.3035
v -3.700000 2.809042 -0.079227 0.2934 0.2934 0.3035
v 2.927931 -0.579969 -0.270000 0.2934 0.2934 0.3035
v 1.910538 1.189462 -0.270000 0.2934 0.2934 0.3035
v 2.820000 -0.526743 -0.270000 0.2934 0.2934 0.3035
v -1.330000 0.404052 -0.732996 0.2934 0.2934 0.3035
v 1.820060 1.110115 -0.270000 0.2934 0.2934 0.3035
v 2.719939 -0.459885 -0.270000 0.2934 0.2934 0.3035
v -1.197588 -1.093981 -0.215025 0.2934 0.2934 0.3035
v -1.205948 -1.146767 -0.344052 0.2934 0.2934 0.3035
v 1.720000 1.043257 -0.270000 0.2934 0.2934 0.3035
v 2.629462 -0.380538 -0.270000 0.2934 0.2934 0.3035
v -1.330000 2.776440 -0.215025 0.2934 0.2934 0.3035
v -1.330000 0.000000 -0.830000 0.2934 0.2934 0.3035
v 2.550115 -0.290060 -0.270000 0.2934 0.2934 0.3035
v 1.612069 0.990031 -0.270000 0.2934 0.2934 0.3035
v -1.217363 -1.218840 -0.463129 0.2934 0.2934 0.3035
v 2.483257 -0.190000 -0.270000 0.2934 0.2934 0.3035
v -1.231552 -1.308423 -0.569325 0.2934 0.2934 0.3035
v 2.430031 -0.082069 -0.270000 0.2934 0.2934 0.3035
v 1.498114 0.951348 -0.270000 0.2934 0.2934 0.3035
v -3.700000 0.629325 -0.569325 0.2934 0.2934 0.3035
v -1.248165 -1.413312 -0.660025 0.2934 0.2934 0.3035
v 2.391348 0.031886 -0.270000 0.2934 0.2934 0.3035
v 1.380084 0.927871 -0.270000 0.2934 0.2934 0.3035
v -3.700000 2.776440 -0.215025 0.2934 0.2934 0.3035
v 2.367871 0.149916 -0.270000 0.2934 0.2934 0.3035
v -3.700000 0.523129 -0.660025 0.2934 0.2934 0.3035
v -1.266792 -1.530923 -0.732996 0.2934 0.2934 0.3035
v 2.360000 0.270000 -0.270000 0.2934 0.2934 0.3035
v 1.260000 0.920000 -0.270000 0.2934 0.2934 0.3035
v 2.367871 0.390084 -0.270000 0.2934 0.2934 0.3035
v -3.562487 -1.061780 -0.079227 0.2934 0.2934 0.3035
v -1.286977 -1.658361 -0.786440 0.2934 0.2934 0.3035
v 2.391348 0.508114 -0.270000 0.2934 0.2934 0.3035
v 1.139916 0.927871 -0.270000 0.2934 0.2934 0.3035
v -3.700000 0.404052 -0.732996 0.2934 0.2934 0.3035
v -1.308220 -1.792487 -0.819043 0.2934 0.2934 0.3035
v 2.430031 0.622069 -0.270000 0.2934 0.2934 0.3035
v 1.021886 0.951348 -0.270000 0.2934 0.2934 0.3035
v 2.483257 0.730000 -0.270000 0.2934 0.2934 0.3035
v -3.567588 -1.093981 -0.215025 0.2934 0.2934 0.3035
v -1.330000 2.650025 -0.463129 0.2934 0.2934 0.3035
v 2.550115 0.830060 -0.270000 0.2934 0.2934 0.3035
v 0.907931 0.990031 -0.270000 0.2934 0.2934 0.3035
v -3.575948 -1.146767 -0.344052 0.2934 0.2934 0.3035
v 2.629462 0.920538 -0.270000 0.2934 0.2934 0.3035
v -1.330000 2.559325 -0.569325 0.2934 0.2934 0.3035
v 0.800000 1.043257 -0.270000 0.2934 0.2934 0.3035
v -3.700000 0.000000 -0.830000 0.2934 0.2934 0.3035
v 2.719939 0.999885 -0.270000 0.2934 0.2934 0.3035
v -3.587363 -1.218840 -0.463129 0.2934 0.2934 0.3035
v 0.699939 1.110115 -0.270000 0.2934 0.2934 0.3035
v 2.820000 1.066743 -0.270000 0.2934 0.2934 0.3035
v -3.601552 -1.308423 -0.569325 0.2934 0.2934 0.3035
v 0.609462 1.189462 -0.270000 0.2934 0.2934 0.3035
v 2.927931 1.119969 -0.270000 0.2934 0.2934 0.3035
v -3.700000 2.650025 -0.463129 0.2934 0.2934 0.3035
v -3.618165 -1.413312 -0.660025 0.2934 0.2934 0.3035
v 3.041886 1.158652 -0.270000 0.2934 0.2934 0.3035
v 0.530115 1.279940 -0.270000 0.2934 0.2934 0.3035
v -1.330000 2.453129 -0.660025 0.2934 0.2934 0.3035
v 3.159916 1.182129 -0.270000 0.2934 0.2934 0.3035
v -1.058361 -1.093981 -0.079227 0.2934 0.2934 0.3035
v 0.463257 1.380000 -0.270000 0.2934 0.2934 0.3035
v -3.700000 2.559325 -0.569325 0.2934 0.2934 0.3035
v -3.636792 -1.530923 -0.732996 0.2934 0.2934 0.3035
v -1.068436 -1.124987 -0.215025 0.2934 0.2934 0.3035
v 0.410031 1.487931 -0.270000 0.2934 0.2934 0.3035
v -3.656977 -1.658361 -0.786440 0.2934 0.2934 0.3035
v 0.371348 1.601887 -0.270000 0.2934 0.2934 0.3035
v -1.084951 -1.175816 -0.344052 0.2934 0.2934 0.3035
v -1.192487 0.868220 -0.079227 0.2934 0.2934 0.3035
v -1.107500 -1.245215 -0.463129 0.2934 0.2934 0.3035
v 0.347871 1.719916 -0.270000 0.2934 0.2934 0.3035
v -1.330000 2.334052 -0.732996 0.2934 0.2934 0.3035
v -1.135528 -1.331476 -0.569325 0.2934 0.2934 0.3035
v 0.340000 1.840000 -0.270000 0.2934 0.2934 0.3035
v -3.678220 -1.792487 -0.819043 0.2934 0.2934 0.3035
v 0.347871 1.960084 -0.270000 0.2934 0.2934 0.3035
v -1.168344 -1.432475 -0.660025 0.2934 0.2934 0.3035
v -1.205141 -1.545724 -0.732996 0.2934 0.2934 0.3035
v 0.371348 2.078114 -0.270000 0.2934 0.2934 0.3035
v -3.700000 2.453129 -0.660025 0.2934 0.2934 0.3035
v -1.197588 0.836019 -0.215025 0.2934 0.2934 0.3035
v -1.245013 -1.668436 -0.786440 0.2934 0.2934 0.3035
v 0.410031 2.192069 -0.270000 0.2934 0.2934 0.3035
v -1.205948 0.783233 -0.344052 0.2934 0.2934 0.3035
v 0.463257 2.300000 -0.270000 0.2934 0.2934 0.3035
v -1.286977 -1.797588 -0.819043 0.2934 0.2934 0.3035
v -3.700000 2.334052 -0.732996 0.2934 0.2934 0.3035
v 0.530115 2.400061 -0.270000 0.2934 0.2934 0.3035
v -1.217363 0.711160 -0.463129 0.2934 0.2934 0.3035
v -1.330000 1.930000 -0.830000 0.2934 0.2934 0.3035
v 0.609462 2.490538 -0.270000 0.2934 0.2934 0.3035
v -3.700000 1.930000 -0.830000 0.2934 0.2934 0.3035
v -1.231552 0.621577 -0.569325 0.2934 0.2934 0.3035
v -3.562487 2.798220 -0.079227 0.2934 0.2934 0.3035
v 0.699939 2.569885 -0.270000 0.2934 0.2934 0.3035
v -1.248165 0.516688 -0.660025 0.2934 0.2934 0.3035
v -3.428361 -1.093981 -0.079227 0.2934 0.2934 0.3035
v 0.800000 2.636744 -0.270000 0.2934 0.2934 0.3035
v -1.266792 0.399077 -0.732996 0.2934 0.2934 0.3035
v -3.567588 2.766019 -0.215025 0.2934 0.2934 0.3035
v 0.907931 2.689969 -0.270000 0.2934 0.2934 0.3035
v -0.930923 -1.146767 -0.079227 0.2934 0.2934 0.3035
v 1.021886 2.728652 -0.270000 0.2934 0.2934 0.3035
v -3.438436 -1.124987 -0.215025 0.2934 0.2934 0.3035
v -1.286977 0.271639 -0.786440 0.2934 0.2934 0.3035
v 1.139916 2.752129 -0.270000 0.2934 0.2934 0.3035
v -0.945724 -1.175816 -0.215025 0.2934 0.2934 0.3035
v -3.454951 -1.175816 -0.344052 0.2934 0.2934 0.3035
v -0.969987 -1.223435 -0.344052 0.2934 0.2934 0.3035
v -1.003115 -1.288453 -0.463129 0.2934 0.2934 0.3035
v -3.477500 -1.245215 -0.463129 0.2934 0.2934 0.3035
v -1.044292 -1.369267 -0.569325 0.2934 0.2934 0.3035
v -3.562487 0.868220 -0.079227 0.2934 0.2934 0.3035
v -1.308220 0.137513 -0.819043 0.2934 0.2934 0.3035
v -1.092505 -1.463889 -0.660025 0.2934 0.2934 0.3035
v -1.146564 -1.569987 -0.732996 0.2934 0.2934 0.3035
v -3.505528 -1.331476 -0.569325 0.2934 0.2934 0.3035
v -3.575948 2.713233 -0.344052 0.2934 0.2934 0.3035
v -1.205141 -1.684951 -0.786440 0.2934 0.2934 0.3035
v -3.538344 -1.432475 -0.660025 0.2934 0.2934 0.3035
v -1.266792 -1.805948 -0.819043 0.2934 0.2934 0.3035
v -3.567588 0.836019 -0.215025 0.2934 0.2934 0.3035
v -3.575141 -1.545724 -0.732996 0.2934 0.2934 0.3035
v -3.587363 2.641160 -0.463129 0.2934 0.2934 0.3035
v -3.615013 -1.668436 -0.786440 0.2934 0.2934 0.3035
v -3.575948 0.783233 -0.344052 0.2934 0.2934 0.3035
v -3.656977 -1.797588 -0.819043 0.2934 0.2934 0.3035
v -3.601552 2.551577 -0.569325 0.2934 0.2934 0.3035
v -3.587363 0.711160 -0.463129 0.2934 0.2934 0.3035
v -3.618165 2.446688 -0.660025 0.2934 0.2934 0.3035
v -3.601552 0.621577 -0.569325 0.2934 0.2934 0.3035
v -3.636792 2.329077 -0.732996 0.2934 0.2934 0.3035
v -0.813312 -1.218840 -0.079227 0.2934 0.2934 0.3035
v -3.656977 2.201639 -0.786440 0.2934 0.2934 0.3035
v -0.832475 -1.245215 -0.215025 0.2934 0.2934 0.3035
v -0.863889 -1.288453 -0.344052 0.2934 0.2934 0.3035
v -3.618165 0.516688 -0.660025 0.2934 0.2934 0.3035
v -1.058361 0.836019 -0.079227 0.2934 0.2934 0.3035
v -0.906780 -1.347487 -0.463129 0.2934 0.2934 0.3035
v -0.960092 -1.420865 -0.569325 0.2934 0.2934 0.3035
v -3.636792 0.399077 -0.732996 0.2934 0.2934 0.3035
v -3.678220 2.067513 -0.819043 0.2934 0.2934 0.3035
v -1.022513 -1.506780 -0.660025 0.2934 0.2934 0.3035
v -3.300923 -1.146767 -0.079227 0.2934 0.2934 0.3035
v -1.092505 -1.603115 -0.732996 0.2934 0.2934 0.3035
v -1.068436 0.805013 -0.215025 0.2934 0.2934 0.3035
v -1.168344 -1.707500 -0.786440 0.2934 0.2934 0.3035
v -3.315724 -1.175816 -0.215025 0.2934 0.2934 0.3035
v -1.248165 -1.817363 -0.819043 0.2934 0.2934 0.3035
v -1.192487 2.798220 -0.079227 0.2934 0.2934 0.3035
v -3.339988 -1.223435 -0.344052 0.2934 0.2934 0.3035
v -1.084951 0.754184 -0.344052 0.2934 0.2934 0.3035
v -3.656977 0.271639 -0.786440 0.2934 0.2934 0.3035
v -3.373116 -1.288453 -0.463129 0.2934 0.2934 0.3035
v -3.414292 -1.369267 -0.569325 0.2934 0.2934 0.3035
v -1.107500 0.684785 -0.463129 0.2934 0.2934 0.3035
v -3.462504 -1.463889 -0.660025 0.2934 0.2934 0.3035
v -3.428361 2.766019 -0.079227 0.2934 0.2934 0.3035
v -1.135528 0.598524 -0.569325 0.2934 0.2934 0.3035
v -0.708423 -1.308423 -0.079227 0.2934 0.2934 0.3035
v -3.516564 -1.569987 -0.732996 0.2934 0.2934 0.3035
v -0.731476 -1.331476 -0.215025 0.2934 0.2934 0.3035
v -3.678220 0.137513 -0.819043 0.2934 0.2934 0.3035
v -0.769267 -1.369267 -0.344052 0.2934 0.2934 0.3035
v -3.575141 -1.684951 -0.786440 0.2934 0.2934 0.3035
v -0.820865 -1.420865 -0.463129 0.2934 0.2934 0.3035
v -1.168344 0.497525 -0.660025 0.2934 0.2934 0.3035
v -0.885000 -1.485000 -0.569325 0.2934 0.2934 0.3035
v -3.636792 -1.805948 -0.819043 0.2934 0.2934 0.3035
v -3.438436 2.735013 -0.215025 0.2934 0.2934 0.3035
v -0.960092 -1.560092 -0.660025 0.2934 0.2934 0.3035
v -1.205141 0.384276 -0.732996 0.2934 0.2934 0.3035
v -1.044292 -1.644292 -0.732996 0.2934 0.2934 0.3035
v -1.245013 0.261564 -0.786440 0.2934 0.2934 0.3035
v -1.135528 -1.735528 -0.786440 0.2934 0.2934 0.3035
v -1.197588 2.766019 -0.215025 0.2934 0.2934 0.3035
v -1.231552 -1.831552 -0.819043 0.2934 0.2934 0.3035
v -1.286977 0.132412 -0.819043 0.2934 0.2934 0.3035
v -1.205948 2.713233 -0.344052 0.2934 0.2934 0.3035
v -3.454951 2.684184 -0.344052 0.2934 0.2934 0.3035
v -1.217363 2.641160 -0.463129 0.2934 0.2934 0.3035
v -3.477500 2.614784 -0.463129 0.2934 0.2934 0.3035
v -3.505528 2.528524 -0.569325 0.2934 0.2934 0.3035
v -3.183312 -1.218840 -0.079227 0.2934 0.2934 0.3035
v -1.231552 2.551577 -0.569325 0.2934 0.2934 0.3035
v -1.248165 2.446688 -0.660025 0.2934 0.2934 0.3035
v -3.202475 -1.245215 -0.215025 0.2934 0.2934 0.3035
v -0.618840 -1.413312 -0.079227 0.2934 0.2934 0.3035
v -3.233889 -1.288453 -0.344052 0.2934 0.2934 0.3035
v -0.645215 -1.432475 -0.215025 0.2934 0.2934 0.3035
v -3.538344 2.427525 -0.660025 0.2934 0.2934 0.3035
v -0.688453 -1.463889 -0.344052 0.2934 0.2934 0.3035
v -3.276780 -1.347487 -0.463129 0.2934 0.2934 0.3035
v -0.747487 -1.506780 -0.463129 0.2934 0.2934 0.3035
v -3.575141 2.314276 -0.732996 0.2934 0.2934 0.3035
v -3.330092 -1.420865 -0.569325 0.2934 0.2934 0.3035
v -0.820865 -1.560092 -0.569325 0.2934 0.2934 0.3035
v -0.906780 -1.622513 -0.660025 0.2934 0.2934 0.3035
v -3.428361 0.836019 -0.079227 0.2934 0.2934 0.3035
v -1.003115 -1.692504 -0.732996 0.2934 0.2934 0.3035
v -3.392513 -1.506780 -0.660025 0.2934 0.2934 0.3035
v -1.107500 -1.768344 -0.786440 0.2934 0.2934 0.3035
v -3.438436 0.805013 -0.215025 0.2934 0.2934 0.3035
v -3.462504 -1.603115 -0.732996 0.2934 0.2934 0.3035
v -1.217363 -1.848165 -0.819043 0.2934 0.2934 0.3035
v -0.930923 0.783233 -0.079227 0.2934 0.2934 0.3035
v -1.266792 2.329077 -0.732996 0.2934 0.2934 0.3035
v -3.538344 -1.707500 -0.786440 0.2934 0.2934 0.3035
v -1.286977 2.201639 -0.786440 0.2934 0.2934 0.3035
v -3.618165 -1.817363 -0.819043 0.2934 0.2934 0.3035
v -0.945724 0.754184 -0.215025 0.2934 0.2934 0.3035
v -0.969987 0.706565 -0.344052 0.2934 0.2934 0.3035
v -3.454951 0.754184 -0.344052 0.2934 0.2934 0.3035
v -3.615013 2.191564 -0.786440 0.2934 0.2934 0.3035
v -1.003115 0.641547 -0.463129 0.2934 0.2934 0.3035
v -0.546767 -1.530923 -0.079227 0.2934 0.2934 0.3035
v -1.044292 0.560733 -0.569325 0.2934 0.2934 0.3035
v -3.477500 0.684785 -0.463129 0.2934 0.2934 0.3035
v -0.575816 -1.545724 -0.215025 0.2934 0.2934 0.3035
v -0.623435 -1.569987 -0.344052 0.2934 0.2934 0.3035
v -1.092505 0.466111 -0.660025 0.2934 0.2934 0.3035
v -0.688453 -1.603115 -0.463129 0.2934 0.2934 0.3035
v -3.505528 0.598524 -0.569325 0.2934 0.2934 0.3035
v -0.769267 -1.644292 -0.569325 0.2934 0.2934 0.3035
v -1.308220 2.067513 -0.819043 0.2934 0.2934 0.3035
v -1.146564 0.360013 -0.732996 0.2934 0.2934 0.3035
v -0.863889 -1.692504 -0.660025 0.2934 0.2934 0.3035
v -0.969987 -1.746564 -0.732996 0.2934 0.2934 0.3035
v -3.078423 -1.308423 -0.079227 0.2934 0.2934 0.3035
v -1.084951 -1.805141 -0.786440 0.2934 0.2934 0.3035
v -1.205141 0.245049 -0.786440 0.2934 0.2934 0.3035
v -1.205948 -1.866792 -0.819043 0.2934 0.2934 0.3035
v -3.101476 -1.331476 -0.215025 0.2934 0.2934 0.3035
v -3.538344 0.497525 -0.660025 0.2934 0.2934 0.3035
v -3.139267 -1.369267 -0.344052 0.2934 0.2934 0.3035
v -3.190865 -1.420865 -0.463129 0.2934 0.2934 0.3035
v -3.656977 2.062412 -0.819043 0.2934 0.2934 0.3035
v -3.255000 -1.485000 -0.569325 0.2934 0.2934 0.3035
v -1.266792 0.124052 -0.819043 0.2934 0.2934 0.3035
v -3.330092 -1.560092 -0.660025 0.2934 0.2934 0.3035
v -3.575141 0.384276 -0.732996 0.2934 0.2934 0.3035
v -3.414292 -1.644292 -0.732996 0.2934 0.2934 0.3035
v -3.300923 2.713233 -0.079227 0.2934 0.2934 0.3035
v -0.493981 -1.658361 -0.079227 0.2934 0.2934 0.3035
v -3.505528 -1.735528 -0.786440 0.2934 0.2934 0.3035
v -0.524987 -1.668435 -0.215025 0.2934 0.2934 0.3035
v -3.315724 2.684184 -0.215025 0.2934 0.2934 0.3035
v -0.575816 -1.684951 -0.344052 0.2934 0.2934 0.3035
v -3.615013 0.261564 -0.786440 0.2934 0.2934 0.3035
v -0.645215 -1.707500 -0.463129 0.2934 0.2934 0.3035
v -3.601552 -1.831552 -0.819043 0.2934 0.2934 0.3035
v -3.339988 2.636564 -0.344052 0.2934 0.2934 0.3035
v -0.731476 -1.735528 -0.569325 0.2934 0.2934 0.3035
v -3.656977 0.132412 -0.819043 0.2934 0.2934 0.3035
v -0.832475 -1.768344 -0.660025 0.2934 0.2934 0.3035
v -3.373116 2.571547 -0.463129 0.2934 0.2934 0.3035
v -0.945724 -1.805141 -0.732996 0.2934 0.2934 0.3035
v -3.414292 2.490733 -0.569325 0.2934 0.2934 0.3035
v -1.068436 -1.845013 -0.786440 0.2934 0.2934 0.3035
v -3.462504 2.396111 -0.660025 0.2934 0.2934 0.3035
v -1.197588 -1.886977 -0.819043 0.2934 0.2934 0.3035
v -3.516564 2.290013 -0.732996 0.2934 0.2934 0.3035
v -0.813312 0.711160 -0.079227 0.2934 0.2934 0.3035
v -3.575141 2.175049 -0.786440 0.2934 0.2934 0.3035
v -3.636792 2.054052 -0.819043 0.2934 0.2934 0.3035
v -0.832475 0.684785 -0.215025 0.2934 0.2934 0.3035
v -0.863889 0.641547 -0.344052 0.2934 0.2934 0.3035
v -2.988840 -1.413312 -0.079227 0.2934 0.2934 0.3035
v -3.015215 -1.432475 -0.215025 0.2934 0.2934 0.3035
v -3.183312 2.641160 -0.079227 0.2934 0.2934 0.3035
v -3.058453 -1.463889 -0.344052 0.2934 0.2934 0.3035
v -0.461780 -1.792488 -0.079227 0.2934 0.2934 0.3035
v -3.202475 2.614785 -0.215025 0.2934 0.2934 0.3035
v -0.906780 0.582513 -0.463129 0.2934 0.2934 0.3035
v -0.493981 -1.797588 -0.215025 0.2934 0.2934 0.3035
v -3.117487 -1.506780 -0.463129 0.2934 0.2934 0.3035
v -0.546767 -1.805948 -0.344052 0.2934 0.2934 0.3035
v -3.190865 -1.560092 -0.569325 0.2934 0.2934 0.3035
v -0.618840 -1.817363 -0.463129 0.2934 0.2934 0.3035
v -0.708423 -1.831552 -0.569325 0.2934 0.2934 0.3035
v -0.960092 0.509135 -0.569325 0.2934 0.2934 0.3035
v -1.058361 2.766019 -0.079227 0.2934 0.2934 0.3035
v -0.813312 -1.848165 -0.660025 0.2934 0.2934 0.3035
v -3.276780 -1.622513 -0.660025 0.2934 0.2934 0.3035
v -0.930923 -1.866792 -0.732996 0.2934 0.2934 0.3035
v -1.058361 -1.886977 -0.786440 0.2934 0.2934 0.3035
v -3.373116 -1.692504 -0.732996 0.2934 0.2934 0.3035
v -3.233889 2.571547 -0.344052 0.2934 0.2934 0.3035
v -1.192487 -1.908220 -0.819043 0.2934 0.2934 0.3035
v -3.477500 -1.768344 -0.786440 0.2934 0.2934 0.3035
v -1.022513 0.423220 -0.660025 0.2934 0.2934 0.3035
v -1.068436 2.735013 -0.215025 0.2934 0.2934 0.3035
v -3.587363 -1.848165 -0.819043 0.2934 0.2934 0.3035
v -1.092505 0.326885 -0.732996 0.2934 0.2934 0.3035
v -1.168344 0.222500 -0.786440 0.2934 0.2934 0.3035
v -3.300923 0.783233 -0.079227 0.2934 0.2934 0.3035
v -3.315724 0.754184 -0.215025 0.2934 0.2934 0.3035
v -1.248165 0.112637 -0.819043 0.2934 0.2934 0.3035
v -3.276780 2.512512 -0.463129 0.2934 0.2934 0.3035
v -0.450957 -1.930000 -0.079227 0.2934 0.2934 0.3035
v -3.339988 0.706565 -0.344052 0.2934 0.2934 0.3035
v -0.483559 -1.930000 -0.215025 0.2934 0.2934 0.3035
v -1.084951 2.684184 -0.344052 0.2934 0.2934 0.3035
v -0.537004 -1.930000 -0.344052 0.2934 0.2934 0.3035
v -3.330092 2.439135 -0.569325 0.2934 0.2934 0.3035
v -0.609975 -1.930000 -0.463129 0.2934 0.2934 0.3035
v -3.373116 0.641547 -0.463129 0.2934 0.2934 0.3035
v -1.107500 2.614784 -0.463129 0.2934 0.2934 0.3035
v -0.700675 -1.930000 -0.569325 0.2934 0.2934 0.3035
v -2.916767 -1.530923 -0.079227 0.2934 0.2934 0.3035
v -0.806871 -1.930000 -0.660025 0.2934 0.2934 0.3035
v -3.414292 0.560733 -0.569325 0.2934 0.2934 0.3035
v -0.925948 -1.930000 -0.732996 0.2934 0.2934 0.3035
v -1.054975 -1.930000 -0.786440 0.2934 0.2934 0.3035
v -2.945816 -1.545724 -0.215025 0.2934 0.2934 0.3035
v -1.190773 -1.930000 -0.819043 0.2934 0.2934 0.3035
v -3.392513 2.353220 -0.660025 0.2934 0.2934 0.3035
v -2.993435 -1.569987 -0.344052 0.2934 0.2934 0.3035
v -3.462504 0.466111 -0.660025 0.2934 0.2934 0.3035
v -3.058453 -1.603115 -0.463129 0.2934 0.2934 0.3035
v -1.135528 2.528524 -0.569325 0.2934 0.2934 0.3035
v -3.139267 -1.644292 -0.569325 0.2934 0.2934 0.3035
v -0.708423 0.621577 -0.079227 0.2934 0.2934 0.3035
v -3.233889 -1.692504 -0.660025 0.2934 0.2934 0.3035
v -3.516564 0.360013 -0.732996 0.2934 0.2934 0.3035
v -3.339988 -1.746564 -0.732996 0.2934 0.2934 0.3035
v -0.731476 0.598524 -0.215025 0.2934 0.2934 0.3035
v -0.461780 -2.067513 -0.079227 0.2934 0.2934 0.3035
v -3.454951 -1.805141 -0.786440 0.2934 0.2934 0.3035
v -3.462504 2.256885 -0.732996 0.2934 0.2934 0.3035
v -0.493981 -2.062413 -0.215025 0.2934 0.2934 0.3035
v -0.546767 -2.054052 -0.344052 0.2934 0.2934 0.3035
v -3.575948 -1.866792 -0.819043 0.2934 0.2934 0.3035
v -0.618840 -2.042637 -0.463129 0.2934 0.2934 0.3035
v -0.769267 0.560733 -0.344052 0.2934 0.2934 0.3035
v -3.575141 0.245049 -0.786440 0.2934 0.2934 0.3035
v -0.708423 -2.028448 -0.569325 0.2934 0.2934 0.3035
v -0.813312 -2.011835 -0.660025 0.2934 0.2934 0.3035
v -0.820865 0.509135 -0.463129 0.2934 0.2934 0.3035
v -3.636792 0.124052 -0.819043 0.2934 0.2934 0.3035
v -0.930923 -1.993208 -0.732996 0.2934 0.2934 0.3035
v -1.168344 2.427525 -0.660025 0.2934 0.2934 0.3035
v -1.058361 -1.973023 -0.786440 0.2934 0.2934 0.3035
v -0.885000 0.445000 -0.569325 0.2934 0.2934 0.3035
v -1.192487 -1.951780 -0.819043 0.2934 0.2934 0.3035
v -0.960092 0.369908 -0.660025 0.2934 0.2934 0.3035
v -3.538344 2.152500 -0.786440 0.2934 0.2934 0.3035
v -1.044292 0.285708 -0.732996 0.2934 0.2934 0.3035
v -1.205141 2.314276 -0.732996 0.2934 0.2934 0.3035
v -2.863981 -1.658361 -0.079227 0.2934 0.2934 0.3035
v -1.135528 0.194472 -0.786440 0.2934 0.2934 0.3035
v -2.894987 -1.668435 -0.215025 0.2934 0.2934 0.3035
v -3.618165 2.042637 -0.819043 0.2934 0.2934 0.3035
v -1.245013 2.191564 -0.786440 0.2934 0.2934 0.3035
v -2.945816 -1.684951 -0.344052 0.2934 0.2934 0.3035
v -3.015215 -1.707500 -0.463129 0.2934 0.2934 0.3035
v -0.493981 -2.201639 -0.079227 0.2934 0.2934 0.3035
v -0.524987 -2.191565 -0.215025 0.2934 0.2934 0.3035
v -1.231552 0.098448 -0.819043 0.2934 0.2934 0.3035
v -0.575816 -2.175049 -0.344052 0.2934 0.2934 0.3035
v -1.286977 2.062412 -0.819043 0.2934 0.2934 0.3035
v -0.645215 -2.152500 -0.463129 0.2934 0.2934 0.3035
v -3.101476 -1.735528 -0.569325 0.2934 0.2934 0.3035
v -0.731476 -2.124472 -0.569325 0.2934 0.2934 0.3035
v -3.202475 -1.768344 -0.660025 0.2934 0.2934 0.3035
v -3.078423 2.551577 -0.079227 0.2934 0.2934 0.3035
v -0.832475 -2.091656 -0.660025 0.2934 0.2934 0.3035
v -0.945724 -2.054859 -0.732996 0.2934 0.2934 0.3035
v -3.315724 -1.805141 -0.732996 0.2934 0.2934 0.3035
v -3.101476 2.528524 -0.215025 0.2934 0.2934 0.3035
v -1.068436 -2.014987 -0.786440 0.2934 0.2934 0.3035
v -3.438436 -1.845013 -0.786440 0.2934 0.2934 0.3035
v -1.197588 -1.973023 -0.819043 0.2934 0.2934 0.3035
v -3.139267 2.490733 -0.344052 0.2934 0.2934 0.3035
v -3.567588 -1.886977 -0.819043 0.2934 0.2934 0.3035
v -3.190865 2.439135 -0.463129 0.2934 0.2934 0.3035
v -3.255000 2.375000 -0.569325 0.2934 0.2934 0.3035
v -3.183312 0.711160 -0.079227 0.2934 0.2934 0.3035
v -3.330092 2.299908 -0.660025 0.2934 0.2934 0.3035
v -3.202475 0.684785 -0.215025 0.2934 0.2934 0.3035
v -3.414292 2.215708 -0.732996 0.2934 0.2934 0.3035
v -3.233889 0.641547 -0.344052 0.2934 0.2934 0.3035
v -0.618840 0.516688 -0.079227 0.2934 0.2934 0.3035
v -0.546767 -2.329077 -0.079227 0.2934 0.2934 0.3035
v -0.645215 0.497525 -0.215025 0.2934 0.2934 0.3035
v -0.575816 -2.314276 -0.215025 0.2934 0.2934 0.3035
v -3.505528 2.124472 -0.786440 0.2934 0.2934 0.3035
v -3.276780 0.582513 -0.463129 0.2934 0.2934 0.3035
v -0.623435 -2.290013 -0.344052 0.2934 0.2934 0.3035
v -0.688453 -2.256885 -0.463129 0.2934 0.2934 0.3035
v -0.688453 0.466111 -0.344052 0.2934 0.2934 0.3035
v -0.769267 -2.215708 -0.569325 0.2934 0.2934 0.3035
v -2.831780 -1.792488 -0.079227 0.2934 0.2934 0.3035
v -0.747487 0.423220 -0.463129 0.2934 0.2934 0.3035
v -0.863889 -2.167496 -0.660025 0.2934 0.2934 0.3035
v -0.969987 -2.113436 -0.732996 0.2934 0.2934 0.3035
v -2.863981 -1.797588 -0.215025 0.2934 0.2934 0.3035
v -1.084951 -2.054859 -0.786440 0.2934 0.2934 0.3035
v -2.916767 -1.805948 -0.344052 0.2934 0.2934 0.3035
v -3.601552 2.028448 -0.819043 0.2934 0.2934 0.3035
v -1.205948 -1.993208 -0.819043 0.2934 0.2934 0.3035
v -2.988840 -1.817363 -0.463129 0.2934 0.2934 0.3035
v -2.988840 2.446688 -0.079227 0.2934 0.2934 0.3035
v -3.078423 -1.831552 -0.569325 0.2934 0.2934 0.3035
v -0.820865 0.369908 -0.569325 0.2934 0.2934 0.3035
v -3.330092 0.509135 -0.569325 0.2934 0.2934 0.3035
v -3.183312 -1.848165 -0.660025 0.2934 0.2934 0.3035
v -0.906780 0.307487 -0.660025 0.2934 0.2934 0.3035
v -3.300923 -1.866792 -0.732996 0.2934 0.2934 0.3035
v -3.428361 -1.886977 -0.786440 0.2934 0.2934 0.3035
v -3.015215 2.427525 -0.215025 0.2934 0.2934 0.3035
v -0.618840 -2.446688 -0.079227 0.2934 0.2934 0.3035
v -1.003115 0.237496 -0.732996 0.2934 0.2934 0.3035
v -3.562487 -1.908220 -0.819043 0.2934 0.2934 0.3035
v -0.645215 -2.427525 -0.215025 0.2934 0.2934 0.3035
v -0.688453 -2.396111 -0.344052 0.2934 0.2934 0.3035
v -3.392513 0.423220 -0.660025 0.2934 0.2934 0.3035
v -0.747487 -2.353220 -0.463129 0.2934 0.2934 0.3035
v -1.107500 0.161656 -0.786440 0.2934 0.2934 0.3035
v -0.930923 2.713233 -0.079227 0.2934 0.2934 0.3035
v -0.820865 -2.299908 -0.569325 0.2934 0.2934 0.3035
v -1.217363 0.081835 -0.819043 0.2934 0.2934 0.3035
v -0.906780 -2.237488 -0.660025 0.2934 0.2934 0.3035
v -3.462504 0.326885 -0.732996 0.2934 0.2934 0.3035
v -1.003115 -2.167495 -0.732996 0.2934 0.2934 0.3035
v -3.058453 2.396111 -0.344052 0.2934 0.2934 0.3035
v -1.107500 -2.091656 -0.786440 0.2934 0.2934 0.3035
v -3.538344 0.222500 -0.786440 0.2934 0.2934 0.3035
v -1.217363 -2.011835 -0.819043 0.2934 0.2934 0.3035
v -0.945724 2.684184 -0.215025 0.2934 0.2934 0.3035
v -3.618165 0.112637 -0.819043 0.2934 0.2934 0.3035
v -3.117487 2.353220 -0.463129 0.2934 0.2934 0.3035
v -0.969987 2.636564 -0.344052 0.2934 0.2934 0.3035
v -2.820957 -1.930000 -0.079227 0.2934 0.2934 0.3035
v -3.190865 2.299908 -0.569325 0.2934 0.2934 0.3035
v -2.853559 -1.930000 -0.215025 0.2934 0.2934 0.3035
v -1.003115 2.571547 -0.463129 0.2934 0.2934 0.3035
v -2.907004 -1.930000 -0.344052 0.2934 0.2934 0.3035
v -3.276780 2.237487 -0.660025 0.2934 0.2934 0.3035
v -2.979975 -1.930000 -0.463129 0.2934 0.2934 0.3035
v -0.708423 -2.551577 -0.079227 0.2934 0.2934 0.3035
v -3.070675 -1.930000 -0.569325 0.2934 0.2934 0.3035
v -0.731476 -2.528524 -0.215025 0.2934 0.2934 0.3035
v -0.546767 0.399077 -0.079227 0.2934 0.2934 0.3035
v -0.769267 -2.490733 -0.344052 0.2934 0.2934 0.3035
v -1.044292 2.490733 -0.569325 0.2934 0.2934 0.3035
v -0.820865 -2.439135 -0.463129 0.2934 0.2934 0.3035
v -0.885000 -2.375000 -0.569325 0.2934 0.2934 0.3035
v -3.176871 -1.930000 -0.660025 0.2934 0.2934 0.3035
v -0.960092 -2.299908 -0.660025 0.2934 0.2934 0.3035
v -3.295949 -1.930000 -0.732996 0.2934 0.2934 0.3035
v -1.044292 -2.215708 -0.732996 0.2934 0.2934 0.3035
v -3.373116 2.167495 -0.732996 0.2934 0.2934 0.3035
v -1.135528 -2.124472 -0.786440 0.2934 0.2934 0.3035
v -0.575816 0.384276 -0.215025 0.2934 0.2934 0.3035
v -1.231552 -2.028448 -0.819043 0.2934 0.2934 0.3035
v -3.424975 -1.930000 -0.786440 0.2934 0.2934 0.3035
v -3.560773 -1.930000 -0.819043 0.2934 0.2934 0.3035
v -0.623435 0.360013 -0.344052 0.2934 0.2934 0.3035
v -1.092505 2.396111 -0.660025 0.2934 0.2934 0.3035
v -0.688453 0.326885 -0.463129 0.2934 0.2934 0.3035
v -3.477500 2.091656 -0.786440 0.2934 0.2934 0.3035
v -0.769267 0.285708 -0.569325 0.2934 0.2934 0.3035
v -1.146564 2.290013 -0.732996 0.2934 0.2934 0.3035
v -0.863889 0.237496 -0.660025 0.2934 0.2934 0.3035
v -3.078423 0.621577 -0.079227 0.2934 0.2934 0.3035
v -3.587363 2.011835 -0.819043 0.2934 0.2934 0.3035
v -0.969987 0.183436 -0.732996 0.2934 0.2934 0.3035
v -0.813312 -2.641160 -0.079227 0.2934 0.2934 0.3035
v -0.832475 -2.614785 -0.215025 0.2934 0.2934 0.3035
v -2.916767 2.329077 -0.079227 0.2934 0.2934 0.3035
v -0.863889 -2.571548 -0.344052 0.2934 0.2934 0.3035
v -1.084951 0.124859 -0.786440 0.2934 0.2934 0.3035
v -2.831780 -2.067513 -0.079227 0.2934 0.2934 0.3035
v -0.906780 -2.512513 -0.463129 0.2934 0.2934 0.3035
v -0.960092 -2.439135 -0.569325 0.2934 0.2934 0.3035
v -1.205948 0.063208 -0.819043 0.2934 0.2934 0.3035
v -2.863981 -2.062413 -0.215025 0.2934 0.2934 0.3035
v -1.022513 -2.353220 -0.660025 0.2934 0.2934 0.3035
v -1.092505 -2.256885 -0.732996 0.2934 0.2934 0.3035
v -3.101476 0.598524 -0.215025 0.2934 0.2934 0.3035
v -1.168344 -2.152500 -0.786440 0.2934 0.2934 0.3035
v -2.916767 -2.054052 -0.344052 0.2934 0.2934 0.3035
v -1.205141 2.175049 -0.786440 0.2934 0.2934 0.3035
v -1.248165 -2.042637 -0.819043 0.2934 0.2934 0.3035
v -2.988840 -2.042637 -0.463129 0.2934 0.2934 0.3035
v -3.139267 0.560733 -0.344052 0.2934 0.2934 0.3035
v -3.078423 -2.028448 -0.569325 0.2934 0.2934 0.3035
v -2.945816 2.314276 -0.215025 0.2934 0.2934 0.3035
v -3.183312 -2.011835 -0.660025 0.2934 0.2934 0.3035
v -3.300923 -1.993208 -0.732996 0.2934 0.2934 0.3035
v -3.190865 0.509135 -0.463129 0.2934 0.2934 0.3035
v -3.428361 -1.973023 -0.786440 0.2934 0.2934 0.3035
v -3.255000 0.445000 -0.569325 0.2934 0.2934 0.3035
v -1.266792 2.054052 -0.819043 0.2934 0.2934 0.3035
v -3.562487 -1.951780 -0.819043 0.2934 0.2934 0.3035
v -0.930923 -2.713233 -0.079227 0.2934 0.2934 0.3035
v -0.945724 -2.684184 -0.215025 0.2934 0.2934 0.3035
v -2.993435 2.290013 -0.344052 0.2934 0.2934 0.3035
v -0.969987 -2.636565 -0.344052 0.2934 0.2934 0.3035
v -3.330092 0.369908 -0.660025 0.2934 0.2934 0.3035
v -1.003115 -2.571547 -0.463129 0.2934 0.2934 0.3035
v -3.058453 2.256885 -0.463129 0.2934 0.2934 0.3035
v -1.044292 -2.490733 -0.569325 0.2934 0.2934 0.3035
v -3.414292 0.285708 -0.732996 0.2934 0.2934 0.3035
v -3.505528 0.194472 -0.786440 0.2934 0.2934 0.3035
v -1.092505 -2.396111 -0.660025 0.2934 0.2934 0.3035
v -0.493981 0.271639 -0.079227 0.2934 0.2934 0.3035
v -1.146564 -2.290013 -0.732996 0.2934 0.2934 0.3035
v -1.205141 -2.175049 -0.786440 0.2934 0.2934 0.3035
v -0.524987 0.261564 -0.215025 0.2934 0.2934 0.3035
v -3.139267 2.215708 -0.569325 0.2934 0.2934 0.3035
v -1.266792 -2.054052 -0.819043 0.2934 0.2934 0.3035
v -0.575816 0.245049 -0.344052 0.2934 0.2934 0.3035
v -3.233889 2.167495 -0.660025 0.2934 0.2934 0.3035
v -3.601552 0.098448 -0.819043 0.2934 0.2934 0.3035
v -2.863981 -2.201639 -0.079227 0.2934 0.2934 0.3035
v -0.645215 0.222500 -0.463129 0.2934 0.2934 0.3035
v -2.894987 -2.191565 -0.215025 0.2934 0.2934 0.3035
v -0.731476 0.194472 -0.569325 0.2934 0.2934 0.3035
v -2.945816 -2.175049 -0.344052 0.2934 0.2934 0.3035
v -3.015215 -2.152500 -0.463129 0.2934 0.2934 0.3035
v -3.339988 2.113436 -0.732996 0.2934 0.2934 0.3035
v -1.058361 -2.766019 -0.079227 0.2934 0.2934 0.3035
v -0.832475 0.161656 -0.660025 0.2934 0.2934 0.3035
v -3.101476 -2.124472 -0.569325 0.2934 0.2934 0.3035
v -1.068436 -2.735013 -0.215025 0.2934 0.2934 0.3035
v -3.454951 2.054859 -0.786440 0.2934 0.2934 0.3035
v -1.084951 -2.684184 -0.344052 0.2934 0.2934 0.3035
v -1.107500 -2.614785 -0.463129 0.2934 0.2934 0.3035
v -3.202475 -2.091656 -0.660025 0.2934 0.2934 0.3035
v -0.945724 0.124859 -0.732996 0.2934 0.2934 0.3035
v -1.135528 -2.528524 -0.569325 0.2934 0.2934 0.3035
v -3.315724 -2.054859 -0.732996 0.2934 0.2934 0.3035
v -1.168344 -2.427525 -0.660025 0.2934 0.2934 0.3035
v -3.575948 1.993208 -0.819043 0.2934 0.2934 0.3035
v -1.205141 -2.314276 -0.732996 0.2934 0.2934 0.3035
v -3.438436 -2.014987 -0.786440 0.2934 0.2934 0.3035
v -1.245013 -2.191565 -0.786440 0.2934 0.2934 0.3035
v -1.286977 -2.062413 -0.819043 0.2934 0.2934 0.3035
v -3.567588 -1.973023 -0.819043 0.2934 0.2934 0.3035
v -2.863981 2.201639 -0.079227 0.2934 0.2934 0.3035
v -1.068436 0.084987 -0.786440 0.2934 0.2934 0.3035
v -1.197588 0.043023 -0.819043 0.2934 0.2934 0.3035
v -2.894987 2.191565 -0.215025 0.2934 0.2934 0.3035
v -2.945816 2.175049 -0.344052 0.2934 0.2934 0.3035
v -0.813312 2.641160 -0.079227 0.2934 0.2934 0.3035
v -3.015215 2.152500 -0.463129 0.2934 0.2934 0.3035
v -0.832475 2.614785 -0.215025 0.2934 0.2934 0.3035
v -3.101476 2.124472 -0.569325 0.2934 0.2934 0.3035
v -0.863889 2.571547 -0.344052 0.2934 0.2934 0.3035
v -2.988840 0.516688 -0.079227 0.2934 0.2934 0.3035
v -1.192488 -2.798220 -0.079227 0.2934 0.2934 0.3035
v -1.197588 -2.766020 -0.215025 0.2934 0.2934 0.3035
v -3.015215 0.497525 -0.215025 0.2934 0.2934 0.3035
v -2.916767 -2.329077 -0.079227 0.2934 0.2934 0.3035
v -1.205948 -2.713233 -0.344052 0.2934 0.2934 0.3035
v -2.945816 -2.314276 -0.215025 0.2934 0.2934 0.3035
v -1.217363 -2.641160 -0.463129 0.2934 0.2934 0.3035
v -3.202475 2.091656 -0.660025 0.2934 0.2934 0.3035
v -1.231552 -2.551577 -0.569325 0.2934 0.2934 0.3035
v -1.248165 -2.446688 -0.660025 0.2934 0.2934 0.3035
v -2.993435 -2.290013 -0.344052 0.2934 0.2934 0.3035
v -1.266793 -2.329077 -0.732996 0.2934 0.2934 0.3035
v -3.058453 0.466111 -0.344052 0.2934 0.2934 0.3035
v -1.286977 -2.201639 -0.786440 0.2934 0.2934 0.3035
v -0.461780 0.137512 -0.079227 0.2934 0.2934 0.3035
v -1.308220 -2.067513 -0.819043 0.2934 0.2934 0.3035
v -3.058453 -2.256885 -0.463129 0.2934 0.2934 0.3035
v -3.139267 -2.215708 -0.569325 0.2934 0.2934 0.3035
v -0.906780 2.512512 -0.463129 0.2934 0.2934 0.3035
v -3.233889 -2.167496 -0.660025 0.2934 0.2934 0.3035
v -3.117487 0.423220 -0.463129 0.2934 0.2934 0.3035
v -0.493981 0.132412 -0.215025 0.2934 0.2934 0.3035
v -3.339987 -2.113436 -0.732996 0.2934 0.2934 0.3035
v -3.315724 2.054859 -0.732996 0.2934 0.2934 0.3035
v -3.454951 -2.054859 -0.786440 0.2934 0.2934 0.3035
v -3.575948 -1.993208 -0.819043 0.2934 0.2934 0.3035
v -0.546767 0.124052 -0.344052 0.2934 0.2934 0.3035
v -3.190865 0.369908 -0.569325 0.2934 0.2934 0.3035
v -1.330000 -2.809042 -0.079227 0.2934 0.2934 0.3035
v -1.330000 -2.776441 -0.215025 0.2934 0.2934 0.3035
v -0.618840 0.112637 -0.463129 0.2934 0.2934 0.3035
v -1.330000 -2.722996 -0.344052 0.2934 0.2934 0.3035
v -3.438436 2.014987 -0.786440 0.2934 0.2934 0.3035
v -1.330000 -2.650025 -0.463129 0.2934 0.2934 0.3035
v -0.708423 0.098448 -0.569325 0.2934 0.2934 0.3035
v -1.330000 -2.559325 -0.569325 0.2934 0.2934 0.3035
v -0.813312 0.081835 -0.660025 0.2934 0.2934 0.3035
v -1.330000 -2.453129 -0.660025 0.2934 0.2934 0.3035
v -0.960092 2.439135 -0.569325 0.2934 0.2934 0.3035
v -1.330000 -2.334052 -0.732996 0.2934 0.2934 0.3035
v -0.930923 0.063208 -0.732996 0.2934 0.2934 0.3035
v -1.330000 -2.205025 -0.786440 0.2934 0.2934 0.3035
v -3.276780 0.307487 -0.660025 0.2934 0.2934 0.3035
v -1.058361 0.043023 -0.786440 0.2934 0.2934 0.3035
v -1.330000 -2.069227 -0.819043 0.2934 0.2934 0.3035
v -3.373116 0.237496 -0.732996 0.2934 0.2934 0.3035
v -2.988840 -2.446688 -0.079227 0.2934 0.2934 0.3035
v -1.022513 2.353220 -0.660025 0.2934 0.2934 0.3035
v -3.015215 -2.427525 -0.215025 0.2934 0.2934 0.3035
v -1.192487 0.021780 -0.819043 0.2934 0.2934 0.3035
v -3.058453 -2.396111 -0.344052 0.2934 0.2934 0.3035
v -3.477500 0.161656 -0.786440 0.2934 0.2934 0.3035
v -3.567588 1.973023 -0.819043 0.2934 0.2934 0.3035
v -3.117487 -2.353220 -0.463129 0.2934 0.2934 0.3035
v -3.190865 -2.299908 -0.569325 0.2934 0.2934 0.3035
v -3.587363 0.081835 -0.819043 0.2934 0.2934 0.3035
v -1.467513 -2.798220 -0.079227 0.2934 0.2934 0.3035
v -1.462413 -2.766020 -0.215025 0.2934 0.2934 0.3035
v -2.831780 2.067513 -0.079227 0.2934 0.2934 0.3035
v -3.276780 -2.237488 -0.660025 0.2934 0.2934 0.3035
v -1.454052 -2.713233 -0.344052 0.2934 0.2934 0.3035
v -1.092505 2.256885 -0.732996 0.2934 0.2934 0.3035
v -1.442637 -2.641160 -0.463129 0.2934 0.2934 0.3035
v -3.373116 -2.167495 -0.732996 0.2934 0.2934 0.3035
v -1.428448 -2.551577 -0.569325 0.2934 0.2934 0.3035
v -2.863981 2.062413 -0.215025 0.2934 0.2934 0.3035
v -1.411836 -2.446688 -0.660025 0.2934 0.2934 0.3035
v -3.477500 -2.091656 -0.786440 0.2934 0.2934 0.3035
v -1.393208 -2.329077 -0.732996 0.2934 0.2934 0.3035
v -1.373024 -2.201639 -0.786440 0.2934 0.2934 0.3035
v -1.168344 2.152500 -0.786440 0.2934 0.2934 0.3035
v -3.587363 -2.011835 -0.819043 0.2934 0.2934 0.3035
v -1.351780 -2.067513 -0.819043 0.2934 0.2934 0.3035
v -1.248165 2.042637 -0.819043 0.2934 0.2934 0.3035
v -2.916767 2.054052 -0.344052 0.2934 0.2934 0.3035
v -2.988840 2.042637 -0.463129 0.2934 0.2934 0.3035
v -3.078423 2.028448 -0.569325 0.2934 0.2934 0.3035
v -0.450957 -0.000000 -0.079227 0.2934 0.2934 0.3035
v -0.483559 -0.000000 -0.215025 0.2934 0.2934 0.3035
v -3.183312 2.011835 -0.660025 0.2934 0.2934 0.3035
v -3.300923 1.993208 -0.732996 0.2934 0.2934 0.3035
v -0.537004 -0.000000 -0.344052 0.2934 0.2934 0.3035
v -0.609975 -0.000000 -0.463129 0.2934 0.2934 0.3035
v -1.601639 -2.766019 -0.079227 0.2934 0.2934 0.3035
v -3.078423 -2.551577 -0.079227 0.2934 0.2934 0.3035
v -1.591565 -2.735013 -0.215025 0.2934 0.2934 0.3035
v -3.428361 1.973023 -0.786440 0.2934 0.2934 0.3035
v -1.575050 -2.684184 -0.344052 0.2934 0.2934 0.3035
v -2.916767 0.399077 -0.079227 0.2934 0.2934 0.3035
v -3.101476 -2.528524 -0.215025 0.2934 0.2934 0.3035
v -1.552500 -2.614785 -0.463129 0.2934 0.2934 0.3035
v -1.524472 -2.528524 -0.569325 0.2934 0.2934 0.3035
v -0.700675 -0.000000 -0.569325 0.2934 0.2934 0.3035
v -1.491656 -2.427525 -0.660025 0.2934 0.2934 0.3035
v -3.139267 -2.490733 -0.344052 0.2934 0.2934 0.3035
v -0.806871 -0.000000 -0.660025 0.2934 0.2934 0.3035
v -1.454859 -2.314276 -0.732996 0.2934 0.2934 0.3035
v -1.414988 -2.191565 -0.786440 0.2934 0.2934 0.3035
v -3.190865 -2.439135 -0.463129 0.2934 0.2934 0.3035
v -1.373024 -2.062413 -0.819043 0.2934 0.2934 0.3035
v -3.255000 -2.375000 -0.569325 0.2934 0.2934 0.3035
v -3.562487 1.951780 -0.819043 0.2934 0.2934 0.3035
v -0.925948 -0.000000 -0.732996 0.2934 0.2934 0.3035
v -3.330092 -2.299908 -0.660025 0.2934 0.2934 0.3035
v -2.820957 1.930000 -0.079227 0.2934 0.2934 0.3035
v -3.414292 -2.215708 -0.732996 0.2934 0.2934 0.3035
v -1.054975 -0.000000 -0.786440 0.2934 0.2934 0.3035
v -3.505528 -2.124472 -0.786440 0.2934 0.2934 0.3035
v -2.945816 0.384276 -0.215025 0.2934 0.2934 0.3035
v -3.601552 -2.028448 -0.819043 0.2934 0.2934 0.3035
v -1.190773 -0.000000 -0.819043 0.2934 0.2934 0.3035
v -2.853559 1.930000 -0.215025 0.2934 0.2934 0.3035
v -1.729077 -2.713233 -0.079227 0.2934 0.2934 0.3035
v -2.993435 0.360013 -0.344052 0.2934 0.2934 0.3035
v -1.714276 -2.684184 -0.215025 0.2934 0.2934 0.3035
v -1.690013 -2.636565 -0.344052 0.2934 0.2934 0.3035
v -2.907004 1.930000 -0.344052 0.2934 0.2934 0.3035
v -1.656885 -2.571547 -0.463129 0.2934 0.2934 0.3035
v -3.058453 0.326885 -0.463129 0.2934 0.2934 0.3035
v -2.979975 1.930000 -0.463129 0.2934 0.2934 0.3035
v -1.615708 -2.490733 -0.569325 0.2934 0.2934 0.3035
v -1.567496 -2.396111 -0.660025 0.2934 0.2934 0.3035
v -3.139267 0.285708 -0.569325 0.2934 0.2934 0.3035
v -3.233889 0.237496 -0.660025 0.2934 0.2934 0.3035
v -1.513436 -2.290013 -0.732996 0.2934 0.2934 0.3035
v -1.454859 -2.175049 -0.786440 0.2934 0.2934 0.3035
v -3.070675 1.930000 -0.569325 0.2934 0.2934 0.3035
v -1.393208 -2.054052 -0.819043 0.2934 0.2934 0.3035
v -3.339988 0.183436 -0.732996 0.2934 0.2934 0.3035
v -0.708423 2.551577 -0.079227 0.2934 0.2934 0.3035
v -3.183312 -2.641160 -0.079227 0.2934 0.2934 0.3035
v -3.454951 0.124859 -0.786440 0.2934 0.2934 0.3035
v -3.202475 -2.614785 -0.215025 0.2934 0.2934 0.3035
v -3.176871 1.930000 -0.660025 0.2934 0.2934 0.3035
v -3.233889 -2.571548 -0.344052 0.2934 0.2934 0.3035
v -3.276780 -2.512513 -0.463129 0.2934 0.2934 0.3035
v -0.461780 -0.137513 -0.079227 0.2934 0.2934 0.3035
v -3.575948 0.063208 -0.819043 0.2934 0.2934 0.3035
v -3.330092 -2.439135 -0.569325 0.2934 0.2934 0.3035
v -1.846689 -2.641160 -0.079227 0.2934 0.2934 0.3035
v -3.392513 -2.353220 -0.660025 0.2934 0.2934 0.3035
v -0.493981 -0.132413 -0.215025 0.2934 0.2934 0.3035
v -1.827526 -2.614785 -0.215025 0.2934 0.2934 0.3035
v -3.462504 -2.256885 -0.732996 0.2934 0.2934 0.3035
v -1.796112 -2.571547 -0.344052 0.2934 0.2934 0.3035
v -0.731476 2.528524 -0.215025 0.2934 0.2934 0.3035
v -1.753220 -2.512513 -0.463129 0.2934 0.2934 0.3035
v -1.699908 -2.439135 -0.569325 0.2934 0.2934 0.3035
v -3.538344 -2.152500 -0.786440 0.2934 0.2934 0.3035
v -0.546767 -0.124052 -0.344052 0.2934 0.2934 0.3035
v -1.637488 -2.353220 -0.660025 0.2934 0.2934 0.3035
v -0.618840 -0.112637 -0.463129 0.2934 0.2934 0.3035
v -1.567496 -2.256885 -0.732996 0.2934 0.2934 0.3035
v -3.618165 -2.042637 -0.819043 0.2934 0.2934 0.3035
v -1.491656 -2.152500 -0.786440 0.2934 0.2934 0.3035
v -1.411836 -2.042637 -0.819043 0.2934 0.2934 0.3035
v -0.769267 2.490733 -0.344052 0.2934 0.2934 0.3035
v -3.295949 1.930000 -0.732996 0.2934 0.2934 0.3035
v -0.708423 -0.098448 -0.569325 0.2934 0.2934 0.3035
v -0.813312 -0.081835 -0.660025 0.2934 0.2934 0.3035
v -3.424975 1.930000 -0.786440 0.2934 0.2934 0.3035
v -0.930923 -0.063208 -0.732996 0.2934 0.2934 0.3035
v -0.820865 2.439135 -0.463129 0.2934 0.2934 0.3035
v -1.058361 -0.043023 -0.786440 0.2934 0.2934 0.3035
v -3.560773 1.930000 -0.819043 0.2934 0.2934 0.3035
v -1.192487 -0.021780 -0.819043 0.2934 0.2934 0.3035
v -0.885000 2.375000 -0.569325 0.2934 0.2934 0.3035
v -3.300923 -2.713233 -0.079227 0.2934 0.2934 0.3035
v -1.951577 -2.551577 -0.079227 0.2934 0.2934 0.3035
v -1.928524 -2.528524 -0.215025 0.2934 0.2934 0.3035
v -3.315724 -2.684184 -0.215025 0.2934 0.2934 0.3035
v -1.890733 -2.490733 -0.344052 0.2934 0.2934 0.3035
v -2.831780 1.792487 -0.079227 0.2934 0.2934 0.3035
v -0.960092 2.299908 -0.660025 0.2934 0.2934 0.3035
v -1.839135 -2.439135 -0.463129 0.2934 0.2934 0.3035
v -3.339987 -2.636565 -0.344052 0.2934 0.2934 0.3035
v -1.775000 -2.375000 -0.569325 0.2934 0.2934 0.3035
v -1.699908 -2.299908 -0.660025 0.2934 0.2934 0.3035
v -3.373116 -2.571547 -0.463129 0.2934 0.2934 0.3035
v -1.615708 -2.215708 -0.732996 0.2934 0.2934 0.3035
v -2.863981 1.797587 -0.215025 0.2934 0.2934 0.3035
v -1.044292 2.215708 -0.732996 0.2934 0.2934 0.3035
v -1.524472 -2.124472 -0.786440 0.2934 0.2934 0.3035
v -1.428448 -2.028448 -0.819043 0.2934 0.2934 0.3035
v -3.414292 -2.490733 -0.569325 0.2934 0.2934 0.3035
v -2.863981 0.271639 -0.079227 0.2934 0.2934 0.3035
v -3.462505 -2.396111 -0.660025 0.2934 0.2934 0.3035
v -1.135528 2.124472 -0.786440 0.2934 0.2934 0.3035
v -3.516564 -2.290013 -0.732996 0.2934 0.2934 0.3035
v -3.575141 -2.175049 -0.786440 0.2934 0.2934 0.3035
v -2.894987 0.261564 -0.215025 0.2934 0.2934 0.3035
v -3.636792 -2.054052 -0.819043 0.2934 0.2934 0.3035
v -2.916767 1.805948 -0.344052 0.2934 0.2934 0.3035
v -2.945816 0.245049 -0.344052 0.2934 0.2934 0.3035
v -1.231552 2.028448 -0.819043 0.2934 0.2934 0.3035
v -3.015215 0.222500 -0.463129 0.2934 0.2934 0.3035
v -2.041161 -2.446688 -0.079227 0.2934 0.2934 0.3035
v -2.014785 -2.427525 -0.215025 0.2934 0.2934 0.3035
v -0.493981 -0.271639 -0.079227 0.2934 0.2934 0.3035
v -1.971548 -2.396111 -0.344052 0.2934 0.2934 0.3035
v -2.988840 1.817363 -0.463129 0.2934 0.2934 0.3035
v -1.912513 -2.353220 -0.463129 0.2934 0.2934 0.3035
v -0.524987 -0.261565 -0.215025 0.2934 0.2934 0.3035
v -1.839135 -2.299908 -0.569325 0.2934 0.2934 0.3035
v -0.575816 -0.245049 -0.344052 0.2934 0.2934 0.3035
v -3.078423 1.831552 -0.569325 0.2934 0.2934 0.3035
v -1.753221 -2.237487 -0.660025 0.2934 0.2934 0.3035
v -3.101476 0.194472 -0.569325 0.2934 0.2934 0.3035
v -1.656885 -2.167495 -0.732996 0.2934 0.2934 0.3035
v -1.552500 -2.091656 -0.786440 0.2934 0.2934 0.3035
v -0.645215 -0.222500 -0.463129 0.2934 0.2934 0.3035
v -3.202475 0.161656 -0.660025 0.2934 0.2934 0.3035
v -1.442637 -2.011835 -0.819043 0.2934 0.2934 0.3035
v -3.428361 -2.766019 -0.079227 0.2934 0.2934 0.3035
v -0.731476 -0.194472 -0.569325 0.2934 0.2934 0.3035
v -3.438436 -2.735013 -0.215025 0.2934 0.2934 0.3035
v -3.454951 -2.684184 -0.344052 0.2934 0.2934 0.3035
v -3.183312 1.848164 -0.660025 0.2934 0.2934 0.3035
v -0.832475 -0.161656 -0.660025 0.2934 0.2934 0.3035
v -3.477500 -2.614785 -0.463129 0.2934 0.2934 0.3035
v -3.505528 -2.528524 -0.569325 0.2934 0.2934 0.3035
v -3.300923 1.866792 -0.732996 0.2934 0.2934 0.3035
v -3.538344 -2.427525 -0.660025 0.2934 0.2934 0.3035
v -2.113233 -2.329077 -0.079227 0.2934 0.2934 0.3035
v -0.945724 -0.124859 -0.732996 0.2934 0.2934 0.3035
v -3.315724 0.124859 -0.732996 0.2934 0.2934 0.3035
v -2.084185 -2.314276 -0.215025 0.2934 0.2934 0.3035
v -3.575141 -2.314276 -0.732996 0.2934 0.2934 0.3035
v -2.036565 -2.290013 -0.344052 0.2934 0.2934 0.3035
v -1.068436 -0.084987 -0.786440 0.2934 0.2934 0.3035
v -1.971547 -2.256885 -0.463129 0.2934 0.2934 0.3035
v -3.615013 -2.191565 -0.786440 0.2934 0.2934 0.3035
v -1.890733 -2.215708 -0.569325 0.2934 0.2934 0.3035
v -1.796112 -2.167495 -0.660025 0.2934 0.2934 0.3035
v -3.656977 -2.062413 -0.819043 0.2934 0.2934 0.3035
v -1.197588 -0.043023 -0.819043 0.2934 0.2934 0.3035
v -1.690013 -2.113436 -0.732996 0.2934 0.2934 0.3035
v -1.575049 -2.054859 -0.786440 0.2934 0.2934 0.3035
v -3.428361 1.886976 -0.786440 0.2934 0.2934 0.3035
v -1.454052 -1.993208 -0.819043 0.2934 0.2934 0.3035
v -3.438436 0.084987 -0.786440 0.2934 0.2934 0.3035
v -3.567588 0.043023 -0.819043 0.2934 0.2934 0.3035
v -3.562487 1.908220 -0.819043 0.2934 0.2934 0.3035
v -2.863981 1.658361 -0.079227 0.2934 0.2934 0.3035
v -2.894987 1.668435 -0.215025 0.2934 0.2934 0.3035
v -2.945816 1.684951 -0.344052 0.2934 0.2934 0.3035
v -3.015215 1.707500 -0.463129 0.2934 0.2934 0.3035
v -3.101476 1.735528 -0.569325 0.2934 0.2934 0.3035
v -0.618840 2.446688 -0.079227 0.2934 0.2934 0.3035
v -3.562488 -2.798220 -0.079227 0.2934 0.2934 0.3035
v -3.202475 1.768344 -0.660025 0.2934 0.2934 0.3035
v -3.567588 -2.766020 -0.215025 0.2934 0.2934 0.3035
v -2.166019 -2.201639 -0.079227 0.2934 0.2934 0.3035
v -0.546767 -0.399077 -0.079227 0.2934 0.2934 0.3035
v -2.135013 -2.191564 -0.215025 0.2934 0.2934 0.3035
v -2.084184 -2.175049 -0.344052 0.2934 0.2934 0.3035
v -3.575948 -2.713233 -0.344052 0.2934 0.2934 0.3035
v -3.315724 1.805141 -0.732996 0.2934 0.2934 0.3035
v -2.014785 -2.152500 -0.463129 0.2934 0.2934 0.3035
v -3.587363 -2.641160 -0.463129 0.2934 0.2934 0.3035
v -1.928524 -2.124472 -0.569325 0.2934 0.2934 0.3035
v -1.827525 -2.091655 -0.660025 0.2934 0.2934 0.3035
v -0.575816 -0.384276 -0.215025 0.2934 0.2934 0.3035
v -1.714276 -2.054859 -0.732996 0.2934 0.2934 0.3035
v -3.601552 -2.551577 -0.569325 0.2934 0.2934 0.3035
v -1.591565 -2.014987 -0.786440 0.2934 0.2934 0.3035
v -0.645215 2.427525 -0.215025 0.2934 0.2934 0.3035
v -1.462413 -1.973023 -0.819043 0.2934 0.2934 0.3035
v -3.618165 -2.446688 -0.660025 0.2934 0.2934 0.3035
v -3.438436 1.845012 -0.786440 0.2934 0.2934 0.3035
v -3.636792 -2.329077 -0.732996 0.2934 0.2934 0.3035
v -0.623435 -0.360013 -0.344052 0.2934 0.2934 0.3035
v -3.656977 -2.201639 -0.786440 0.2934 0.2934 0.3035
v -0.688453 -0.326885 -0.463129 0.2934 0.2934 0.3035
v -3.678220 -2.067513 -0.819043 0.2934 0.2934 0.3035
v -2.831780 0.137512 -0.079227 0.2934 0.2934 0.3035
v -0.688453 2.396111 -0.344052 0.2934 0.2934 0.3035
v -0.769267 -0.285708 -0.569325 0.2934 0.2934 0.3035
v -0.863889 -0.237496 -0.660025 0.2934 0.2934 0.3035
v -3.567588 1.886976 -0.819043 0.2934 0.2934 0.3035
v -2.198220 -2.067512 -0.079227 0.2934 0.2934 0.3035
v -2.166020 -2.062412 -0.215025 0.2934 0.2934 0.3035
v -0.969987 -0.183436 -0.732996 0.2934 0.2934 0.3035
v -2.863981 0.132412 -0.215025 0.2934 0.2934 0.3035
v -2.113233 -2.054052 -0.344052 0.2934 0.2934 0.3035
v -2.041161 -2.042637 -0.463129 0.2934 0.2934 0.3035
v -2.916767 0.124052 -0.344052 0.2934 0.2934 0.3035
v -1.951578 -2.028448 -0.569325 0.2934 0.2934 0.3035
v -1.084951 -0.124859 -0.786440 0.2934 0.2934 0.3035
v -0.747487 2.353220 -0.463129 0.2934 0.2934 0.3035
v -1.846689 -2.011835 -0.660025 0.2934 0.2934 0.3035
v -1.729077 -1.993207 -0.732996 0.2934 0.2934 0.3035
v -1.205948 -0.063208 -0.819043 0.2934 0.2934 0.3035
v -1.601639 -1.973023 -0.786440 0.2934 0.2934 0.3035
v -2.916767 1.530923 -0.079227 0.2934 0.2934 0.3035
v -3.700000 -2.809042 -0.079227 0.2934 0.2934 0.3035
v -1.467513 -1.951780 -0.819043 0.2934 0.2934 0.3035
v -2.988840 0.112637 -0.463129 0.2934 0.2934 0.3035
v -3.700000 -2.776441 -0.215025 0.2934 0.2934 0.3035
v -3.700000 -2.722996 -0.344052 0.2934 0.2934 0.3035
v -3.078423 0.098448 -0.569325 0.2934 0.2934 0.3035
v -3.700000 -2.650025 -0.463129 0.2934 0.2934 0.3035
v -0.820865 2.299908 -0.569325 0.2934 0.2934 0.3035
v -3.183312 0.081835 -0.660025 0.2934 0.2934 0.3035
v -3.700000 -2.559325 -0.569325 0.2934 0.2934 0.3035
v -3.700000 -2.453129 -0.660025 0.2934 0.2934 0.3035
v -2.945816 1.545724 -0.215025 0.2934 0.2934 0.3035
v -2.209043 -1.930000 -0.079227 0.2934 0.2934 0.3035
v -3.700000 -2.334052 -0.732996 0.2934 0.2934 0.3035
v -3.300923 0.063208 -0.732996 0.2934 0.2934 0.3035
v -2.176441 -1.930000 -0.215025 0.2934 0.2934 0.3035
v -2.122996 -1.930000 -0.344052 0.2934 0.2934 0.3035
v -3.700000 -2.205025 -0.786440 0.2934 0.2934 0.3035
v -0.906780 2.237487 -0.660025 0.2934 0.2934 0.3035
v -2.050025 -1.930000 -0.463129 0.2934 0.2934 0.3035
v -1.959326 -1.930000 -0.569325 0.2934 0.2934 0.3035
v -2.993435 1.569987 -0.344052 0.2934 0.2934 0.3035
v -1.853129 -1.930000 -0.660025 0.2934 0.2934 0.3035
v -3.700000 -2.069227 -0.819043 0.2934 0.2934 0.3035
v -3.428361 0.043023 -0.786440 0.2934 0.2934 0.3035
v -1.734052 -1.930000 -0.732996 0.2934 0.2934 0.3035
v -1.605025 -1.930000 -0.786440 0.2934 0.2934 0.3035
v -3.562487 0.021780 -0.819043 0.2934 0.2934 0.3035
v -1.469227 -1.930000 -0.819043 0.2934 0.2934 0.3035
v -0.618840 -0.516688 -0.079227 0.2934 0.2934 0.3035
v -1.003115 2.167495 -0.732996 0.2934 0.2934 0.3035
v -0.645215 -0.497525 -0.215025 0.2934 0.2934 0.3035
v -0.688453 -0.466111 -0.344052 0.2934 0.2934 0.3035
v -3.058453 1.603115 -0.463129 0.2934 0.2934 0.3035
v -1.107500 2.091656 -0.786440 0.2934 0.2934 0.3035
v -0.747487 -0.423220 -0.463129 0.2934 0.2934 0.3035
v -1.217363 2.011835 -0.819043 0.2934 0.2934 0.3035
v -0.820865 -0.369908 -0.569325 0.2934 0.2934 0.3035
v -3.837513 -2.798220 -0.079227 0.2934 0.2934 0.3035
v -3.139267 1.644292 -0.569325 0.2934 0.2934 0.3035
v -3.832413 -2.766020 -0.215025 0.2934 0.2934 0.3035
v -2.198220 -1.792487 -0.079227 0.2934 0.2934 0.3035
v -2.166020 -1.797587 -0.215025 0.2934 0.2934 0.3035
v -0.906780 -0.307488 -0.660025 0.2934 0.2934 0.3035
v -2.113233 -1.805948 -0.344052 0.2934 0.2934 0.3035
v -3.824052 -2.713233 -0.344052 0.2934 0.2934 0.3035
v -3.233889 1.692504 -0.660025 0.2934 0.2934 0.3035
v -2.041161 -1.817363 -0.463129 0.2934 0.2934 0.3035
v -1.951578 -1.831552 -0.569325 0.2934 0.2934 0.3035
v -3.812637 -2.641160 -0.463129 0.2934 0.2934 0.3035
v -1.003115 -0.237496 -0.732996 0.2934 0.2934 0.3035
v -1.846689 -1.848164 -0.660025 0.2934 0.2934 0.3035
v -1.729077 -1.866792 -0.732996 0.2934 0.2934 0.3035
v -3.798448 -2.551577 -0.569325 0.2934 0.2934 0.3035
v -1.601639 -1.886976 -0.786440 0.2934 0.2934 0.3035
v -3.339987 1.746564 -0.732996 0.2934 0.2934 0.3035
v -3.781836 -2.446688 -0.660025 0.2934 0.2934 0.3035
v -1.467513 -1.908220 -0.819043 0.2934 0.2934 0.3035
v -1.107500 -0.161656 -0.786440 0.2934 0.2934 0.3035
v -3.763208 -2.329077 -0.732996 0.2934 0.2934 0.3035
v -3.454951 1.805141 -0.786440 0.2934 0.2934 0.3035
v -3.743023 -2.201639 -0.786440 0.2934 0.2934 0.3035
v -1.217363 -0.081835 -0.819043 0.2934 0.2934 0.3035
v -3.721780 -2.067513 -0.819043 0.2934 0.2934 0.3035
v -3.575948 1.866792 -0.819043 0.2934 0.2934 0.3035
v -2.988840 1.413312 -0.079227 0.2934 0.2934 0.3035
v -3.015215 1.432474 -0.215025 0.2934 0.2934 0.3035
v -3.058453 1.463888 -0.344052 0.2934 0.2934 0.3035
v -2.166019 -1.658360 -0.079227 0.2934 0.2934 0.3035
v -2.820957 -0.000000 -0.079227 0.2934 0.2934 0.3035
v -2.135013 -1.668435 -0.215025 0.2934 0.2934 0.3035
v -3.117487 1.506780 -0.463129 0.2934 0.2934 0.3035
v -2.084184 -1.684950 -0.344052 0.2934 0.2934 0.3035
v -2.853559 -0.000000 -0.215025 0.2934 0.2934 0.3035
v -2.014785 -1.707500 -0.463129 0.2934 0.2934 0.3035
v -3.190865 1.560092 -0.569325 0.2934 0.2934 0.3035
v -1.928524 -1.735527 -0.569325 0.2934 0.2934 0.3035
v -2.907004 -0.000000 -0.344052 0.2934 0.2934 0.3035
v -1.827525 -1.768344 -0.660025 0.2934 0.2934 0.3035
v -3.276780 1.622512 -0.660025 0.2934 0.2934 0.3035
v -1.714276 -1.805141 -0.732996 0.2934 0.2934 0.3035
v -3.971639 -2.766019 -0.079227 0.2934 0.2934 0.3035
v -2.979975 -0.000000 -0.463129 0.2934 0.2934 0.3035
v -1.591565 -1.845012 -0.786440 0.2934 0.2934 0.3035
v -1.462413 -1.886976 -0.819043 0.2934 0.2934 0.3035
v -0.708423 -0.621577 -0.079227 0.2934 0.2934 0.3035
v -3.961565 -2.735013 -0.215025 0.2934 0.2934 0.3035
v -0.731476 -0.598524 -0.215025 0.2934 0.2934 0.3035
v -3.945050 -2.684184 -0.344052 0.2934 0.2934 0.3035
v -3.922500 -2.614785 -0.463129 0.2934 0.2934 0.3035
v -3.070675 -0.000000 -0.569325 0.2934 0.2934 0.3035
v -3.894472 -2.528524 -0.569325 0.2934 0.2934 0.3035
v -0.769267 -0.560733 -0.344052 0.2934 0.2934 0.3035
v -3.373116 1.692504 -0.732996 0.2934 0.2934 0.3035
v -3.861656 -2.427525 -0.660025 0.2934 0.2934 0.3035
v -0.820865 -0.509135 -0.463129 0.2934 0.2934 0.3035
v -2.113233 -1.530923 -0.079227 0.2934 0.2934 0.3035
v -3.824859 -2.314276 -0.732996 0.2934 0.2934 0.3035
v -2.084184 -1.545724 -0.215025 0.2934 0.2934 0.3035
v -3.784987 -2.191565 -0.786440 0.2934 0.2934 0.3035
v -0.546767 2.329077 -0.079227 0.2934 0.2934 0.3035
v -2.036565 -1.569987 -0.344052 0.2934 0.2934 0.3035
v -3.176871 -0.000000 -0.660025 0.2934 0.2934 0.3035
v -1.971547 -1.603115 -0.463129 0.2934 0.2934 0.3035
v -3.743024 -2.062413 -0.819043 0.2934 0.2934 0.3035
v -1.890733 -1.644292 -0.569325 0.2934 0.2934 0.3035
v -0.885000 -0.445000 -0.569325 0.2934 0.2934 0.3035
v -1.796111 -1.692504 -0.660025 0.2934 0.2934 0.3035
v -1.690013 -1.746564 -0.732996 0.2934 0.2934 0.3035
v -0.575816 2.314276 -0.215025 0.2934 0.2934 0.3035
v -1.575049 -1.805141 -0.786440 0.2934 0.2934 0.3035
v -0.960092 -0.369908 -0.660025 0.2934 0.2934 0.3035
v -1.454052 -1.866792 -0.819043 0.2934 0.2934 0.3035
v -1.044292 -0.285708 -0.732996 0.2934 0.2934 0.3035
v -3.295949 -0.000000 -0.732996 0.2934 0.2934 0.3035
v -3.424975 -0.000000 -0.786440 0.2934 0.2934 0.3035
v -1.135528 -0.194472 -0.786440 0.2934 0.2934 0.3035
v -1.231552 -0.098448 -0.819043 0.2934 0.2934 0.3035
v -3.477500 1.768344 -0.786440 0.2934 0.2934 0.3035
v -3.560773 -0.000000 -0.819043 0.2934 0.2934 0.3035
v -3.587363 1.848165 -0.819043 0.2934 0.2934 0.3035
v -4.099077 -2.713233 -0.079227 0.2934 0.2934 0.3035
v -4.084276 -2.684184 -0.215025 0.2934 0.2934 0.3035
v -0.623435 2.290013 -0.344052 0.2934 0.2934 0.3035
v -2.041160 -1.413311 -0.079227 0.2934 0.2934 0.3035
v -4.060013 -2.636565 -0.344052 0.2934 0.2934 0.3035
v -0.688453 2.256885 -0.463129 0.2934 0.2934 0.3035
v -2.014785 -1.432474 -0.215025 0.2934 0.2934 0.3035
v -1.971547 -1.463888 -0.344052 0.2934 0.2934 0.3035
v -4.026885 -2.571547 -0.463129 0.2934 0.2934 0.3035
v -3.078423 1.308423 -0.079227 0.2934 0.2934 0.3035
v -1.912513 -1.506779 -0.463129 0.2934 0.2934 0.3035
v -1.839135 -1.560091 -0.569325 0.2934 0.2934 0.3035
v -3.985708 -2.490733 -0.569325 0.2934 0.2934 0.3035
v -3.101476 1.331476 -0.215025 0.2934 0.2934 0.3035
v -1.753220 -1.622512 -0.660025 0.2934 0.2934 0.3035
v -1.656885 -1.692504 -0.732996 0.2934 0.2934 0.3035
v -3.937496 -2.396111 -0.660025 0.2934 0.2934 0.3035
v -0.769267 2.215708 -0.569325 0.2934 0.2934 0.3035
v -1.552500 -1.768344 -0.786440 0.2934 0.2934 0.3035
v -1.442637 -1.848164 -0.819043 0.2934 0.2934 0.3035
v -3.883436 -2.290013 -0.732996 0.2934 0.2934 0.3035
v -0.863889 2.167495 -0.660025 0.2934 0.2934 0.3035
v -3.139267 1.369267 -0.344052 0.2934 0.2934 0.3035
v -3.824859 -2.175049 -0.786440 0.2934 0.2934 0.3035
v -3.763208 -2.054052 -0.819043 0.2934 0.2934 0.3035
v -0.969987 2.113436 -0.732996 0.2934 0.2934 0.3035
v -0.813312 -0.711160 -0.079227 0.2934 0.2934 0.3035
v -3.190865 1.420865 -0.463129 0.2934 0.2934 0.3035
v -0.832475 -0.684785 -0.215025 0.2934 0.2934 0.3035
v -1.084951 2.054859 -0.786440 0.2934 0.2934 0.3035
v -0.863889 -0.641547 -0.344052 0.2934 0.2934 0.3035
v -3.255000 1.485000 -0.569325 0.2934 0.2934 0.3035
v -1.951577 -1.308423 -0.079227 0.2934 0.2934 0.3035
v -1.928524 -1.331475 -0.215025 0.2934 0.2934 0.3035
v -0.906780 -0.582513 -0.463129 0.2934 0.2934 0.3035
v -2.831780 -0.137513 -0.079227 0.2934 0.2934 0.3035
v -1.890733 -1.369267 -0.344052 0.2934 0.2934 0.3035
v -0.960092 -0.509135 -0.569325 0.2934 0.2934 0.3035
v -1.839135 -1.420865 -0.463129 0.2934 0.2934 0.3035
v -1.775000 -1.484999 -0.569325 0.2934 0.2934 0.3035
v -1.205948 1.993208 -0.819043 0.2934 0.2934 0.3035
v -1.022513 -0.423220 -0.660025 0.2934 0.2934 0.3035
v -1.699908 -1.560092 -0.660025 0.2934 0.2934 0.3035
v -4.216689 -2.641160 -0.079227 0.2934 0.2934 0.3035
v -1.615708 -1.644292 -0.732996 0.2934 0.2934 0.3035
v -4.197526 -2.614785 -0.215025 0.2934 0.2934 0.3035
v -1.524472 -1.735528 -0.786440 0.2934 0.2934 0.3035
v -1.428448 -1.831552 -0.819043 0.2934 0.2934 0.3035
v -2.863981 -0.132413 -0.215025 0.2934 0.2934 0.3035
v -2.916767 -0.124052 -0.344052 0.2934 0.2934 0.3035
v -4.166111 -2.571547 -0.344052 0.2934 0.2934 0.3035
v -4.123220 -2.512513 -0.463129 0.2934 0.2934 0.3035
v -1.092505 -0.326885 -0.732996 0.2934 0.2934 0.3035
v -4.069908 -2.439135 -0.569325 0.2934 0.2934 0.3035
v -3.330092 1.560092 -0.660025 0.2934 0.2934 0.3035
v -4.007488 -2.353220 -0.660025 0.2934 0.2934 0.3035
v -1.168344 -0.222500 -0.786440 0.2934 0.2934 0.3035
v -3.937496 -2.256885 -0.732996 0.2934 0.2934 0.3035
v -3.414292 1.644292 -0.732996 0.2934 0.2934 0.3035
v -1.846688 -1.218839 -0.079227 0.2934 0.2934 0.3035
v -3.861656 -2.152500 -0.786440 0.2934 0.2934 0.3035
v -1.248165 -0.112637 -0.819043 0.2934 0.2934 0.3035
v -1.827525 -1.245214 -0.215025 0.2934 0.2934 0.3035
v -1.796111 -1.288452 -0.344052 0.2934 0.2934 0.3035
v -2.988840 -0.112637 -0.463129 0.2934 0.2934 0.3035
v -3.781836 -2.042637 -0.819043 0.2934 0.2934 0.3035
v -1.753220 -1.347487 -0.463129 0.2934 0.2934 0.3035
v -1.699908 -1.420865 -0.569325 0.2934 0.2934 0.3035
v -3.078423 -0.098448 -0.569325 0.2934 0.2934 0.3035
v -1.637487 -1.506779 -0.660025 0.2934 0.2934 0.3035
v -3.505528 1.735528 -0.786440 0.2934 0.2934 0.3035
v -1.567496 -1.603115 -0.732996 0.2934 0.2934 0.3035
v -3.601552 1.831552 -0.819043 0.2934 0.2934 0.3035
v -3.183312 -0.081835 -0.660025 0.2934 0.2934 0.3035
v -1.491656 -1.707500 -0.786440 0.2934 0.2934 0.3035
v -1.411835 -1.817363 -0.819043 0.2934 0.2934 0.3035
v -3.183312 1.218840 -0.079227 0.2934 0.2934 0.3035
v -3.300923 -0.063208 -0.732996 0.2934 0.2934 0.3035
v -3.428361 -0.043023 -0.786440 0.2934 0.2934 0.3035
v -3.202475 1.245215 -0.215025 0.2934 0.2934 0.3035
v -3.562487 -0.021780 -0.819043 0.2934 0.2934 0.3035
v -0.930923 -0.783233 -0.079227 0.2934 0.2934 0.3035
v -3.233889 1.288453 -0.344052 0.2934 0.2934 0.3035
v -4.321577 -2.551577 -0.079227 0.2934 0.2934 0.3035
v -3.276780 1.347487 -0.463129 0.2934 0.2934 0.3035
v -4.298524 -2.528524 -0.215025 0.2934 0.2934 0.3035
v -0.945724 -0.754184 -0.215025 0.2934 0.2934 0.3035
v -4.260733 -2.490733 -0.344052 0.2934 0.2934 0.3035
v -1.729077 -1.146767 -0.079227 0.2934 0.2934 0.3035
v -4.209135 -2.439135 -0.463129 0.2934 0.2934 0.3035
v -1.714276 -1.175815 -0.215025 0.2934 0.2934 0.3035
v -1.690013 -1.223435 -0.344052 0.2934 0.2934 0.3035
v -3.330092 1.420865 -0.569325 0.2934 0.2934 0.3035
v -0.969987 -0.706565 -0.344052 0.2934 0.2934 0.3035
v -1.656885 -1.288452 -0.463129 0.2934 0.2934 0.3035
v -1.615708 -1.369267 -0.569325 0.2934 0.2934 0.3035
v -4.145000 -2.375000 -0.569325 0.2934 0.2934 0.3035
v -1.567495 -1.463888 -0.660025 0.2934 0.2934 0.3035
v -3.392513 1.506780 -0.660025 0.2934 0.2934 0.3035
v -4.069908 -2.299908 -0.660025 0.2934 0.2934 0.3035
v -1.513436 -1.569987 -0.732996 0.2934 0.2934 0.3035
v -3.985708 -2.215708 -0.732996 0.2934 0.2934 0.3035
v -1.454859 -1.684951 -0.786440 0.2934 0.2934 0.3035
v -1.003115 -0.641547 -0.463129 0.2934 0.2934 0.3035
v -1.393208 -1.805948 -0.819043 0.2934 0.2934 0.3035
v -3.894472 -2.124472 -0.786440 0.2934 0.2934 0.3035
v -3.462504 1.603115 -0.732996 0.2934 0.2934 0.3035
v -1.044292 -0.560733 -0.569325 0.2934 0.2934 0.3035
v -3.798448 -2.028448 -0.819043 0.2934 0.2934 0.3035
v -3.538344 1.707500 -0.786440 0.2934 0.2934 0.3035
v -1.092505 -0.466111 -0.660025 0.2934 0.2934 0.3035
v -0.493981 2.201639 -0.079227 0.2934 0.2934 0.3035
v -1.146564 -0.360013 -0.732996 0.2934 0.2934 0.3035
v -0.524987 2.191565 -0.215025 0.2934 0.2934 0.3035
v -1.205141 -0.245049 -0.786440 0.2934 0.2934 0.3035
v -1.601639 -1.093981 -0.079227 0.2934 0.2934 0.3035
v -3.618165 1.817363 -0.819043 0.2934 0.2934 0.3035
v -1.591564 -1.124987 -0.215025 0.2934 0.2934 0.3035
v -1.266792 -0.124052 -0.819043 0.2934 0.2934 0.3035
v -0.575816 2.175049 -0.344052 0.2934 0.2934 0.3035
v -1.575049 -1.175815 -0.344052 0.2934 0.2934 0.3035
v -3.300923 1.146767 -0.079227 0.2934 0.2934 0.3035
v -1.552500 -1.245215 -0.463129 0.2934 0.2934 0.3035
v -1.524472 -1.331475 -0.569325 0.2934 0.2934 0.3035
v -2.863981 -0.271639 -0.079227 0.2934 0.2934 0.3035
v -1.491656 -1.432474 -0.660025 0.2934 0.2934 0.3035
v -4.411160 -2.446688 -0.079227 0.2934 0.2934 0.3035
v -4.384785 -2.427525 -0.215025 0.2934 0.2934 0.3035
v -1.454859 -1.545724 -0.732996 0.2934 0.2934 0.3035
v -1.414987 -1.668435 -0.786440 0.2934 0.2934 0.3035
v -0.645215 2.152500 -0.463129 0.2934 0.2934 0.3035
v -1.373023 -1.797587 -0.819043 0.2934 0.2934 0.3035
v -2.894987 -0.261565 -0.215025 0.2934 0.2934 0.3035
v -4.341547 -2.396111 -0.344052 0.2934 0.2934 0.3035
v -3.315724 1.175816 -0.215025 0.2934 0.2934 0.3035
v -4.282513 -2.353220 -0.463129 0.2934 0.2934 0.3035
v -2.945816 -0.245049 -0.344052 0.2934 0.2934 0.3035
v -4.209135 -2.299908 -0.569325 0.2934 0.2934 0.3035
v -0.731476 2.124472 -0.569325 0.2934 0.2934 0.3035
v -4.123220 -2.237487 -0.660025 0.2934 0.2934 0.3035
v -4.026885 -2.167495 -0.732996 0.2934 0.2934 0.3035
v -3.339987 1.223435 -0.344052 0.2934 0.2934 0.3035
v -3.922500 -2.091656 -0.786440 0.2934 0.2934 0.3035
v -1.467512 -1.061780 -0.079227 0.2934 0.2934 0.3035
v -3.015215 -0.222500 -0.463129 0.2934 0.2934 0.3035
v -3.812637 -2.011835 -0.819043 0.2934 0.2934 0.3035
v -1.462412 -1.093980 -0.215025 0.2934 0.2934 0.3035
v -1.058361 -0.836019 -0.079227 0.2934 0.2934 0.3035
v -1.454052 -1.146767 -0.344052 0.2934 0.2934 0.3035
v -1.442637 -1.218839 -0.463129 0.2934 0.2934 0.3035
v -0.832475 2.091656 -0.660025 0.2934 0.2934 0.3035
v -1.428448 -1.308422 -0.569325 0.2934 0.2934 0.3035
v -3.101476 -0.194472 -0.569325 0.2934 0.2934 0.3035
v -1.068436 -0.805013 -0.215025 0.2934 0.2934 0.3035
v -1.411835 -1.413311 -0.660025 0.2934 0.2934 0.3035
v -1.393208 -1.530923 -0.732996 0.2934 0.2934 0.3035
v -1.084951 -0.754184 -0.344052 0.2934 0.2934 0.3035
v -1.373023 -1.658361 -0.786440 0.2934 0.2934 0.3035
v -3.202475 -0.161656 -0.660025 0.2934 0.2934 0.3035
v -1.351780 -1.792487 -0.819043 0.2934 0.2934 0.3035
v -3.373116 1.288453 -0.463129 0.2934 0.2934 0.3035
v -1.107500 -0.684785 -0.463129 0.2934 0.2934 0.3035
v -3.315724 -0.124859 -0.732996 0.2934 0.2934 0.3035
v -1.135528 -0.598524 -0.569325 0.2934 0.2934 0.3035
v -0.945724 2.054859 -0.732996 0.2934 0.2934 0.3035
v -4.483233 -2.329077 -0.079227 0.2934 0.2934 0.3035
v -1.330000 -1.137003 -0.344052 0.2934 0.2934 0.3035
v -1.330000 -1.654975 -0.786440 0.2934 0.2934 0.3035
v -1.168344 -0.497525 -0.660025 0.2934 0.2934 0.3035
v -1.330000 -1.790773 -0.819043 0.2934 0.2934 0.3035
v -4.454185 -2.314276 -0.215025 0.2934 0.2934 0.3035
v -3.438436 -0.084987 -0.786440 0.2934 0.2934 0.3035
v -4.406565 -2.290013 -0.344052 0.2934 0.2934 0.3035
v -1.205141 -0.384276 -0.732996 0.2934 0.2934 0.3035
v -3.414292 1.369267 -0.569325 0.2934 0.2934 0.3035
v -4.341547 -2.256885 -0.463129 0.2934 0.2934 0.3035
v -4.260733 -2.215708 -0.569325 0.2934 0.2934 0.3035
v -1.245013 -0.261564 -0.786440 0.2934 0.2934 0.3035
v -1.286977 -0.132413 -0.819043 0.2934 0.2934 0.3035
v -4.166111 -2.167495 -0.660025 0.2934 0.2934 0.3035
v -1.068436 2.014987 -0.786440 0.2934 0.2934 0.3035
v -4.060013 -2.113436 -0.732996 0.2934 0.2934 0.3035
v -3.945049 -2.054859 -0.786440 0.2934 0.2934 0.3035
v -3.567588 -0.043023 -0.819043 0.2934 0.2934 0.3035
v -3.824052 -1.993208 -0.819043 0.2934 0.2934 0.3035
v -3.462505 1.463889 -0.660025 0.2934 0.2934 0.3035
v -1.197588 1.973023 -0.819043 0.2934 0.2934 0.3035
v -3.516564 1.569987 -0.732996 0.2934 0.2934 0.3035
v -3.575141 1.684951 -0.786440 0.2934 0.2934 0.3035
v -3.636792 1.805948 -0.819043 0.2934 0.2934 0.3035
v -3.428361 1.093981 -0.079227 0.2934 0.2934 0.3035
v -3.438436 1.124987 -0.215025 0.2934 0.2934 0.3035
v -3.454951 1.175816 -0.344052 0.2934 0.2934 0.3035
v -3.477500 1.245215 -0.463129 0.2934 0.2934 0.3035
v -1.192488 -0.868220 -0.079227 0.2934 0.2934 0.3035
v -3.505528 1.331476 -0.569325 0.2934 0.2934 0.3035
v -4.536019 -2.201639 -0.079227 0.2934 0.2934 0.3035
v -2.916767 -0.399077 -0.079227 0.2934 0.2934 0.3035
v -4.505013 -2.191564 -0.215025 0.2934 0.2934 0.3035
v -1.197588 -0.836020 -0.215025 0.2934 0.2934 0.3035
v -1.205948 -0.783233 -0.344052 0.2934 0.2934 0.3035
v -4.454185 -2.175049 -0.344052 0.2934 0.2934 0.3035
v -4.384785 -2.152500 -0.463129 0.2934 0.2934 0.3035
v -3.538344 1.432475 -0.660025 0.2934 0.2934 0.3035
v -1.217363 -0.711161 -0.463129 0.2934 0.2934 0.3035
v -4.298524 -2.124472 -0.569325 0.2934 0.2934 0.3035
v -2.945816 -0.384276 -0.215025 0.2934 0.2934 0.3035
v -4.197526 -2.091655 -0.660025 0.2934 0.2934 0.3035
v -3.575141 1.545724 -0.732996 0.2934 0.2934 0.3035
v -4.084276 -2.054859 -0.732996 0.2934 0.2934 0.3035
v -1.231552 -0.621577 -0.569325 0.2934 0.2934 0.3035
v -3.961565 -2.014987 -0.786440 0.2934 0.2934 0.3035
v -3.832413 -1.973023 -0.819043 0.2934 0.2934 0.3035
v -1.248165 -0.516688 -0.660025 0.2934 0.2934 0.3035
v -3.615013 1.668435 -0.786440 0.2934 0.2934 0.3035
v -1.266793 -0.399077 -0.732996 0.2934 0.2934 0.3035
v -2.993435 -0.360013 -0.344052 0.2934 0.2934 0.3035
v -1.286977 -0.271639 -0.786440 0.2934 0.2934 0.3035
v -3.656977 1.797587 -0.819043 0.2934 0.2934 0.3035
v -3.058453 -0.326885 -0.463129 0.2934 0.2934 0.3035
v -1.308220 -0.137513 -0.819043 0.2934 0.2934 0.3035
v -0.461780 2.067513 -0.079227 0.2934 0.2934 0.3035
v -3.139267 -0.285708 -0.569325 0.2934 0.2934 0.3035
v -0.493981 2.062413 -0.215025 0.2934 0.2934 0.3035
v -4.568220 -2.067512 -0.079227 0.2934 0.2934 0.3035
v -3.233889 -0.237496 -0.660025 0.2934 0.2934 0.3035
v -3.562488 1.061780 -0.079227 0.2934 0.2934 0.3035
v -4.536020 -2.062412 -0.215025 0.2934 0.2934 0.3035
v -3.339987 -0.183436 -0.732996 0.2934 0.2934 0.3035
v -4.483233 -2.054052 -0.344052 0.2934 0.2934 0.3035
v -4.411161 -2.042637 -0.463129 0.2934 0.2934 0.3035
v -0.546767 2.054052 -0.344052 0.2934 0.2934 0.3035
v -4.321578 -2.028448 -0.569325 0.2934 0.2934 0.3035
v -3.454951 -0.124859 -0.786440 0.2934 0.2934 0.3035
v -3.575948 -0.063208 -0.819043 0.2934 0.2934 0.3035
v -4.216689 -2.011835 -0.660025 0.2934 0.2934 0.3035
v -4.099077 -1.993207 -0.732996 0.2934 0.2934 0.3035
v -3.567588 1.093980 -0.215025 0.2934 0.2934 0.3035
v -1.330000 -0.879043 -0.079227 0.2934 0.2934 0.3035
v -3.971639 -1.973023 -0.786440 0.2934 0.2934 0.3035
v -3.837513 -1.951780 -0.819043 0.2934 0.2934 0.3035
v -3.575948 1.146767 -0.344052 0.2934 0.2934 0.3035
v -1.330000 -0.846441 -0.215025 0.2934 0.2934 0.3035
v -0.618840 2.042637 -0.463129 0.2934 0.2934 0.3035
v -1.330000 -0.792996 -0.344052 0.2934 0.2934 0.3035
v -0.708423 2.028448 -0.569325 0.2934 0.2934 0.3035
v -1.330000 -0.720025 -0.463129 0.2934 0.2934 0.3035
v -3.587363 1.218839 -0.463129 0.2934 0.2934 0.3035
v -1.330000 -0.629325 -0.569325 0.2934 0.2934 0.3035
v -0.813312 2.011835 -0.660025 0.2934 0.2934 0.3035
v -1.330000 -0.523129 -0.660025 0.2934 0.2934 0.3035
v -3.601552 1.308423 -0.569325 0.2934 0.2934 0.3035
v -4.579043 -1.930000 -0.079227 0.2934 0.2934 0.3035
v -1.330000 -0.404052 -0.732996 0.2934 0.2934 0.3035
v -0.930923 1.993208 -0.732996 0.2934 0.2934 0.3035
v -4.546441 -1.930000 -0.215025 0.2934 0.2934 0.3035
v -4.492996 -1.930000 -0.344052 0.2934 0.2934 0.3035
v -1.330000 -0.275025 -0.786440 0.2934 0.2934 0.3035
v -4.420025 -1.930000 -0.463129 0.2934 0.2934 0.3035
v -3.618165 1.413311 -0.660025 0.2934 0.2934 0.3035
v -1.058361 1.973023 -0.786440 0.2934 0.2934 0.3035
v -4.329326 -1.930000 -0.569325 0.2934 0.2934 0.3035
v -1.330000 -0.139227 -0.819043 0.2934 0.2934 0.3035
v -4.223129 -1.930000 -0.660025 0.2934 0.2934 0.3035
v -3.636792 1.530923 -0.732996 0.2934 0.2934 0.3035
v -4.104052 -1.930000 -0.732996 0.2934 0.2934 0.3035
v -3.975025 -1.930000 -0.786440 0.2934 0.2934 0.3035
v -2.988840 -0.516688 -0.079227 0.2934 0.2934 0.3035
v -3.656977 1.658361 -0.786440 0.2934 0.2934 0.3035
v -3.839227 -1.930000 -0.819043 0.2934 0.2934 0.3035
v -3.015215 -0.497525 -0.215025 0.2934 0.2934 0.3035
v -1.192487 1.951780 -0.819043 0.2934 0.2934 0.3035
v -3.678220 1.792487 -0.819043 0.2934 0.2934 0.3035
v -3.058453 -0.466111 -0.344052 0.2934 0.2934 0.3035
v -3.700000 1.050957 -0.079227 0.2934 0.2934 0.3035
v -3.117487 -0.423220 -0.463129 0.2934 0.2934 0.3035
v -3.190865 -0.369908 -0.569325 0.2934 0.2934 0.3035
v -3.700000 1.083559 -0.215025 0.2934 0.2934 0.3035
v -1.467513 -0.868220 -0.079227 0.2934 0.2934 0.3035
v -1.462413 -0.836020 -0.215025 0.2934 0.2934 0.3035
v -4.568220 -1.792487 -0.079227 0.2934 0.2934 0.3035
v -3.276780 -0.307488 -0.660025 0.2934 0.2934 0.3035
v -1.454052 -0.783233 -0.344052 0.2934 0.2934 0.3035
v -4.536020 -1.797587 -0.215025 0.2934 0.2934 0.3035
v -3.700000 1.137004 -0.344052 0.2934 0.2934 0.3035
v -4.483233 -1.805948 -0.344052 0.2934 0.2934 0.3035
v -1.442637 -0.711161 -0.463129 0.2934 0.2934 0.3035
v -4.411161 -1.817363 -0.463129 0.2934 0.2934 0.3035
v -3.373116 -0.237496 -0.732996 0.2934 0.2934 0.3035
v -4.321578 -1.831552 -0.569325 0.2934 0.2934 0.3035
v -1.428448 -0.621577 -0.569325 0.2934 0.2934 0.3035
v -4.216689 -1.848164 -0.660025 0.2934 0.2934 0.3035
v -3.700000 1.209975 -0.463129 0.2934 0.2934 0.3035
v -4.099077 -1.866792 -0.732996 0.2934 0.2934 0.3035
v -3.700000 1.300675 -0.569325 0.2934 0.2934 0.3035
v -3.971639 -1.886976 -0.786440 0.2934 0.2934 0.3035
v -1.411836 -0.516688 -0.660025 0.2934 0.2934 0.3035
v -3.837513 -1.908220 -0.819043 0.2934 0.2934 0.3035
v -1.393208 -0.399077 -0.732996 0.2934 0.2934 0.3035
v -3.477500 -0.161656 -0.786440 0.2934 0.2934 0.3035
v -3.700000 1.406871 -0.660025 0.2934 0.2934 0.3035
v -1.373024 -0.271639 -0.786440 0.2934 0.2934 0.3035
v -3.587363 -0.081835 -0.819043 0.2934 0.2934 0.3035
v -1.351780 -0.137513 -0.819043 0.2934 0.2934 0.3035
v -3.700000 1.525948 -0.732996 0.2934 0.2934 0.3035
v -3.700000 1.654975 -0.786440 0.2934 0.2934 0.3035
v -3.700000 1.790773 -0.819043 0.2934 0.2934 0.3035
v -0.450957 1.930000 -0.079227 0.2934 0.2934 0.3035
v -4.536019 -1.658360 -0.079227 0.2934 0.2934 0.3035
v -3.837513 1.061780 -0.079227 0.2934 0.2934 0.3035
v -4.505013 -1.668435 -0.215025 0.2934 0.2934 0.3035
v -0.483559 1.930000 -0.215025 0.2934 0.2934 0.3035
v -3.832413 1.093980 -0.215025 0.2934 0.2934 0.3035
v -4.454185 -1.684950 -0.344052 0.2934 0.2934 0.3035
v -4.384785 -1.707500 -0.463129 0.2934 0.2934 0.3035
v -3.824052 1.146767 -0.344052 0.2934 0.2934 0.3035
v -4.298524 -1.735527 -0.569325 0.2934 0.2934 0.3035
v -0.537004 1.930000 -0.344052 0.2934 0.2934 0.3035
v -3.812637 1.218839 -0.463129 0.2934 0.2934 0.3035
v -4.197526 -1.768344 -0.660025 0.2934 0.2934 0.3035
v -3.078423 -0.621577 -0.079227 0.2934 0.2934 0.3035
v -4.084276 -1.805141 -0.732996 0.2934 0.2934 0.3035
v -3.961565 -1.845012 -0.786440 0.2934 0.2934 0.3035
v -1.601639 -0.836019 -0.079227 0.2934 0.2934 0.3035
v -3.832412 -1.886976 -0.819043 0.2934 0.2934 0.3035
v -0.609975 1.930000 -0.463129 0.2934 0.2934 0.3035
v -1.591565 -0.805013 -0.215025 0.2934 0.2934 0.3035
v -3.798448 1.308423 -0.569325 0.2934 0.2934 0.3035
v -1.575050 -0.754184 -0.344052 0.2934 0.2934 0.3035
v -1.552500 -0.684785 -0.463129 0.2934 0.2934 0.3035
v -3.101476 -0.598524 -0.215025 0.2934 0.2934 0.3035
v -1.524472 -0.598524 -0.569325 0.2934 0.2934 0.3035
v -3.139267 -0.560733 -0.344052 0.2934 0.2934 0.3035
v -1.491656 -0.497525 -0.660025 0.2934 0.2934 0.3035
v -0.700675 1.930000 -0.569325 0.2934 0.2934 0.3035
v -3.190865 -0.509135 -0.463129 0.2934 0.2934 0.3035
v -4.483232 -1.530923 -0.079227 0.2934 0.2934 0.3035
v -1.454859 -0.384276 -0.732996 0.2934 0.2934 0.3035
v -3.781836 1.413311 -0.660025 0.2934 0.2934 0.3035
v -4.454185 -1.545724 -0.215025 0.2934 0.2934 0.3035
v -1.414988 -0.261564 -0.786440 0.2934 0.2934 0.3035
v -4.406565 -1.569987 -0.344052 0.2934 0.2934 0.3035
v -4.341547 -1.603115 -0.463129 0.2934 0.2934 0.3035
v -3.255000 -0.445000 -0.569325 0.2934 0.2934 0.3035
v -4.260733 -1.644292 -0.569325 0.2934 0.2934 0.3035
v -1.373024 -0.132413 -0.819043 0.2934 0.2934 0.3035
v -4.166111 -1.692504 -0.660025 0.2934 0.2934 0.3035
v -0.806871 1.930000 -0.660025 0.2934 0.2934 0.3035
v -4.060013 -1.746564 -0.732996 0.2934 0.2934 0.3035
v -3.763208 1.530923 -0.732996 0.2934 0.2934 0.3035
v -3.945049 -1.805141 -0.786440 0.2934 0.2934 0.3035
v -3.330092 -0.369908 -0.660025 0.2934 0.2934 0.3035
v -3.824052 -1.866792 -0.819043 0.2934 0.2934 0.3035
v -0.925948 1.930000 -0.732996 0.2934 0.2934 0.3035
v -3.414292 -0.285708 -0.732996 0.2934 0.2934 0.3035
v -3.505528 -0.194472 -0.786440 0.2934 0.2934 0.3035
v -3.743023 1.658361 -0.786440 0.2934 0.2934 0.3035
v -3.601552 -0.098448 -0.819043 0.2934 0.2934 0.3035
v -1.054975 1.930000 -0.786440 0.2934 0.2934 0.3035
v -3.721780 1.792487 -0.819043 0.2934 0.2934 0.3035
v -1.190773 1.930000 -0.819043 0.2934 0.2934 0.3035
v -1.729077 -0.783233 -0.079227 0.2934 0.2934 0.3035
v -3.971639 1.093981 -0.079227 0.2934 0.2934 0.3035
v -1.714276 -0.754184 -0.215025 0.2934 0.2934 0.3035
v -3.961565 1.124987 -0.215025 0.2934 0.2934 0.3035
v -4.411160 -1.413311 -0.079227 0.2934 0.2934 0.3035
v -1.690013 -0.706565 -0.344052 0.2934 0.2934 0.3035
v -4.384785 -1.432474 -0.215025 0.2934 0.2934 0.3035
v -3.945050 1.175816 -0.344052 0.2934 0.2934 0.3035
v -4.341547 -1.463888 -0.344052 0.2934 0.2934 0.3035
v -1.656885 -0.641547 -0.463129 0.2934 0.2934 0.3035
v -4.282513 -1.506779 -0.463129 0.2934 0.2934 0.3035
v -3.922500 1.245215 -0.463129 0.2934 0.2934 0.3035
v -4.209135 -1.560091 -0.569325 0.2934 0.2934 0.3035
v -1.615708 -0.560733 -0.569325 0.2934 0.2934 0.3035
v -4.123220 -1.622512 -0.660025 0.2934 0.2934 0.3035
v -1.567496 -0.466111 -0.660025 0.2934 0.2934 0.3035
v -4.026885 -1.692504 -0.732996 0.2934 0.2934 0.3035
v -3.894472 1.331476 -0.569325 0.2934 0.2934 0.3035
v -3.922500 -1.768344 -0.786440 0.2934 0.2934 0.3035
v -1.513436 -0.360013 -0.732996 0.2934 0.2934 0.3035
v -3.812637 -1.848164 -0.819043 0.2934 0.2934 0.3035
v -3.861656 1.432475 -0.660025 0.2934 0.2934 0.3035
v -3.824859 1.545724 -0.732996 0.2934 0.2934 0.3035
v -1.454859 -0.245049 -0.786440 0.2934 0.2934 0.3035
v -3.784987 1.668435 -0.786440 0.2934 0.2934 0.3035
v -1.393208 -0.124052 -0.819043 0.2934 0.2934 0.3035
v -3.183312 -0.711160 -0.079227 0.2934 0.2934 0.3035
v -3.743024 1.797587 -0.819043 0.2934 0.2934 0.3035
v -3.202475 -0.684785 -0.215025 0.2934 0.2934 0.3035
v -4.099077 1.146767 -0.079227 0.2934 0.2934 0.3035
v -4.084276 1.175816 -0.215025 0.2934 0.2934 0.3035
v -4.321577 -1.308423 -0.079227 0.2934 0.2934 0.3035
v -3.233889 -0.641547 -0.344052 0.2934 0.2934 0.3035
v -4.298524 -1.331475 -0.215025 0.2934 0.2934 0.3035
v -3.276780 -0.582513 -0.463129 0.2934 0.2934 0.3035
v -4.260733 -1.369267 -0.344052 0.2934 0.2934 0.3035
v -0.461780 1.792487 -0.079227 0.2934 0.2934 0.3035
v -4.209135 -1.420865 -0.463129 0.2934 0.2934 0.3035
v -3.330092 -0.509135 -0.569325 0.2934 0.2934 0.3035
v -4.145000 -1.484999 -0.569325 0.2934 0.2934 0.3035
v -0.493981 1.797587 -0.215025 0.2934 0.2934 0.3035
v -3.392513 -0.423220 -0.660025 0.2934 0.2934 0.3035
v -4.069908 -1.560092 -0.660025 0.2934 0.2934 0.3035
v -3.985708 -1.644292 -0.732996 0.2934 0.2934 0.3035
v -1.846689 -0.711160 -0.079227 0.2934 0.2934 0.3035
v -4.060013 1.223435 -0.344052 0.2934 0.2934 0.3035
v -3.894472 -1.735528 -0.786440 0.2934 0.2934 0.3035
v -3.798448 -1.831552 -0.819043 0.2934 0.2934 0.3035
v -1.827526 -0.684785 -0.215025 0.2934 0.2934 0.3035
v -1.796112 -0.641547 -0.344052 0.2934 0.2934 0.3035
v -3.462504 -0.326885 -0.732996 0.2934 0.2934 0.3035
v -0.546767 1.805948 -0.344052 0.2934 0.2934 0.3035
v -1.753220 -0.582513 -0.463129 0.2934 0.2934 0.3035
v -1.699908 -0.509135 -0.569325 0.2934 0.2934 0.3035
v -3.538344 -0.222500 -0.786440 0.2934 0.2934 0.3035
v -4.026885 1.288453 -0.463129 0.2934 0.2934 0.3035
v -1.637488 -0.423220 -0.660025 0.2934 0.2934 0.3035
v -3.985708 1.369267 -0.569325 0.2934 0.2934 0.3035
v -1.567496 -0.326885 -0.732996 0.2934 0.2934 0.3035
v -4.216688 -1.218839 -0.079227 0.2934 0.2934 0.3035
v -1.491656 -0.222500 -0.786440 0.2934 0.2934 0.3035
v -4.197526 -1.245214 -0.215025 0.2934 0.2934 0.3035
v -3.618165 -0.112637 -0.819043 0.2934 0.2934 0.3035
v -4.166111 -1.288452 -0.344052 0.2934 0.2934 0.3035
v -0.618840 1.817363 -0.463129 0.2934 0.2934 0.3035
v -1.411836 -0.112637 -0.819043 0.2934 0.2934 0.3035
v -4.123220 -1.347487 -0.463129 0.2934 0.2934 0.3035
v -3.937496 1.463889 -0.660025 0.2934 0.2934 0.3035
v -4.069908 -1.420865 -0.569325 0.2934 0.2934 0.3035
v -4.007487 -1.506779 -0.660025 0.2934 0.2934 0.3035
v -0.708423 1.831552 -0.569325 0.2934 0.2934 0.3035
v -3.937496 -1.603115 -0.732996 0.2934 0.2934 0.3035
v -3.883436 1.569987 -0.732996 0.2934 0.2934 0.3035
v -3.861656 -1.707500 -0.786440 0.2934 0.2934 0.3035
v -0.813312 1.848164 -0.660025 0.2934 0.2934 0.3035
v -3.781836 -1.817363 -0.819043 0.2934 0.2934 0.3035
v -3.824859 1.684951 -0.786440 0.2934 0.2934 0.3035
v -0.930923 1.866792 -0.732996 0.2934 0.2934 0.3035
v -1.058361 1.886976 -0.786440 0.2934 0.2934 0.3035
v -3.763208 1.805948 -0.819043 0.2934 0.2934 0.3035
v -4.216689 1.218840 -0.079227 0.2934 0.2934 0.3035
v -3.300923 -0.783233 -0.079227 0.2934 0.2934 0.3035
v -1.192487 1.908220 -0.819043 0.2934 0.2934 0.3035
v -1.951577 -0.621577 -0.079227 0.2934 0.2934 0.3035
v -4.197526 1.245215 -0.215025 0.2934 0.2934 0.3035
v -1.928524 -0.598524 -0.215025 0.2934 0.2934 0.3035
v -3.315724 -0.754184 -0.215025 0.2934 0.2934 0.3035
v -4.099077 -1.146767 -0.079227 0.2934 0.2934 0.3035
v -1.890733 -0.560733 -0.344052 0.2934 0.2934 0.3035
v -3.339987 -0.706565 -0.344052 0.2934 0.2934 0.3035
v -4.084276 -1.175815 -0.215025 0.2934 0.2934 0.3035
v -1.839135 -0.509135 -0.463129 0.2934 0.2934 0.3035
v -4.060013 -1.223435 -0.344052 0.2934 0.2934 0.3035
v -4.166111 1.288453 -0.344052 0.2934 0.2934 0.3035
v -4.026885 -1.288452 -0.463129 0.2934 0.2934 0.3035
v -1.775000 -0.445000 -0.569325 0.2934 0.2934 0.3035
v -3.985708 -1.369267 -0.569325 0.2934 0.2934 0.3035
v -1.699908 -0.369908 -0.660025 0.2934 0.2934 0.3035
v -3.937495 -1.463888 -0.660025 0.2934 0.2934 0.3035
v -4.123220 1.347487 -0.463129 0.2934 0.2934 0.3035
v -3.883436 -1.569987 -0.732996 0.2934 0.2934 0.3035
v -1.615708 -0.285708 -0.732996 0.2934 0.2934 0.3035
v -3.824859 -1.684951 -0.786440 0.2934 0.2934 0.3035
v -3.763208 -1.805948 -0.819043 0.2934 0.2934 0.3035
v -3.373116 -0.641547 -0.463129 0.2934 0.2934 0.3035
v -1.524472 -0.194472 -0.786440 0.2934 0.2934 0.3035
v -4.069908 1.420865 -0.569325 0.2934 0.2934 0.3035
v -1.428448 -0.098448 -0.819043 0.2934 0.2934 0.3035
v -3.414292 -0.560733 -0.569325 0.2934 0.2934 0.3035
v -3.462505 -0.466111 -0.660025 0.2934 0.2934 0.3035
v -4.007488 1.506780 -0.660025 0.2934 0.2934 0.3035
v -3.516564 -0.360013 -0.732996 0.2934 0.2934 0.3035
v -3.937496 1.603115 -0.732996 0.2934 0.2934 0.3035
v -3.861656 1.707500 -0.786440 0.2934 0.2934 0.3035
v -3.575141 -0.245049 -0.786440 0.2934 0.2934 0.3035
v -3.781836 1.817363 -0.819043 0.2934 0.2934 0.3035
v -3.971639 -1.093981 -0.079227 0.2934 0.2934 0.3035
v -3.636792 -0.124052 -0.819043 0.2934 0.2934 0.3035
v -3.961564 -1.124987 -0.215025 0.2934 0.2934 0.3035
v -3.945049 -1.175815 -0.344052 0.2934 0.2934 0.3035
v -4.321577 1.308423 -0.079227 0.2934 0.2934 0.3035
v -4.298524 1.331476 -0.215025 0.2934 0.2934 0.3035
v -3.922500 -1.245215 -0.463129 0.2934 0.2934 0.3035
v -2.041161 -0.516688 -0.079227 0.2934 0.2934 0.3035
v -3.894472 -1.331475 -0.569325 0.2934 0.2934 0.3035
v -0.493981 1.658361 -0.079227 0.2934 0.2934 0.3035
v -3.861656 -1.432474 -0.660025 0.2934 0.2934 0.3035
v -3.824859 -1.545724 -0.732996 0.2934 0.2934 0.3035
v -4.260733 1.369267 -0.344052 0.2934 0.2934 0.3035
v -2.014785 -0.497525 -0.215025 0.2934 0.2934 0.3035
v -3.784987 -1.668435 -0.786440 0.2934 0.2934 0.3035
v -3.743023 -1.797587 -0.819043 0.2934 0.2934 0.3035
v -1.971548 -0.466111 -0.344052 0.2934 0.2934 0.3035
v -4.209135 1.420865 -0.463129 0.2934 0.2934 0.3035
v -1.912513 -0.423220 -0.463129 0.2934 0.2934 0.3035
v -0.524987 1.668435 -0.215025 0.2934 0.2934 0.3035
v -1.839135 -0.369908 -0.569325 0.2934 0.2934 0.3035
v -0.575816 1.684951 -0.344052 0.2934 0.2934 0.3035
v -4.145000 1.485000 -0.569325 0.2934 0.2934 0.3035
v -1.753221 -0.307487 -0.660025 0.2934 0.2934 0.3035
v -1.656885 -0.237496 -0.732996 0.2934 0.2934 0.3035
v -0.645215 1.707500 -0.463129 0.2934 0.2934 0.3035
v -4.069908 1.560092 -0.660025 0.2934 0.2934 0.3035
v -1.552500 -0.161656 -0.786440 0.2934 0.2934 0.3035
v -3.837512 -1.061780 -0.079227 0.2934 0.2934 0.3035
v -1.442637 -0.081835 -0.819043 0.2934 0.2934 0.3035
v -3.832412 -1.093980 -0.215025 0.2934 0.2934 0.3035
v -3.824052 -1.146767 -0.344052 0.2934 0.2934 0.3035
v -3.428361 -0.836019 -0.079227 0.2934 0.2934 0.3035
v -3.812637 -1.218839 -0.463129 0.2934 0.2934 0.3035
v -0.731476 1.735528 -0.569325 0.2934 0.2934 0.3035
v -3.798448 -1.308422 -0.569325 0.2934 0.2934 0.3035
v -3.438436 -0.805013 -0.215025 0.2934 0.2934 0.3035
v -3.781835 -1.413311 -0.660025 0.2934 0.2934 0.3035
v -3.985708 1.644292 -0.732996 0.2934 0.2934 0.3035
v -3.454951 -0.754184 -0.344052 0.2934 0.2934 0.3035
v -3.763208 -1.530923 -0.732996 0.2934 0.2934 0.3035
v -3.743023 -1.658361 -0.786440 0.2934 0.2934 0.3035
v -3.894472 1.735528 -0.786440 0.2934 0.2934 0.3035
v -3.721780 -1.792487 -0.819043 0.2934 0.2934 0.3035
v -3.477500 -0.684785 -0.463129 0.2934 0.2934 0.3035
v -0.832475 1.768344 -0.660025 0.2934 0.2934 0.3035
v -3.798448 1.831552 -0.819043 0.2934 0.2934 0.3035
v -3.505528 -0.598524 -0.569325 0.2934 0.2934 0.3035
v -3.538344 -0.497525 -0.660025 0.2934 0.2934 0.3035
v -3.700000 -1.137003 -0.344052 0.2934 0.2934 0.3035
v -0.945724 1.805141 -0.732996 0.2934 0.2934 0.3035
v -3.700000 -1.654975 -0.786440 0.2934 0.2934 0.3035
v -2.113233 -0.399077 -0.079227 0.2934 0.2934 0.3035
v -3.700000 -1.790773 -0.819043 0.2934 0.2934 0.3035
v -2.084185 -0.384276 -0.215025 0.2934 0.2934 0.3035
v -3.575141 -0.384276 -0.732996 0.2934 0.2934 0.3035
v -2.036565 -0.360013 -0.344052 0.2934 0.2934 0.3035
v -1.068436 1.845012 -0.786440 0.2934 0.2934 0.3035
v -1.971547 -0.326885 -0.463129 0.2934 0.2934 0.3035
v -4.411160 1.413312 -0.079227 0.2934 0.2934 0.3035
v -3.615013 -0.261564 -0.786440 0.2934 0.2934 0.3035
v -1.890733 -0.285708 -0.569325 0.2934 0.2934 0.3035
v -1.796112 -0.237496 -0.660025 0.2934 0.2934 0.3035
v -4.384785 1.432475 -0.215025 0.2934 0.2934 0.3035
v -1.690013 -0.183436 -0.732996 0.2934 0.2934 0.3035
v -3.656977 -0.132413 -0.819043 0.2934 0.2934 0.3035
v -1.575049 -0.124859 -0.786440 0.2934 0.2934 0.3035
v -1.197588 1.886976 -0.819043 0.2934 0.2934 0.3035
v -4.341547 1.463889 -0.344052 0.2934 0.2934 0.3035
v -1.454052 -0.063208 -0.819043 0.2934 0.2934 0.3035
v -4.282513 1.506780 -0.463129 0.2934 0.2934 0.3035
v -4.209135 1.560092 -0.569325 0.2934 0.2934 0.3035
v -4.123220 1.622512 -0.660025 0.2934 0.2934 0.3035
v -4.026885 1.692504 -0.732996 0.2934 0.2934 0.3035
v -3.922500 1.768344 -0.786440 0.2934 0.2934 0.3035
v -3.812637 1.848165 -0.819043 0.2934 0.2934 0.3035
v -4.483233 1.530923 -0.079227 0.2934 0.2934 0.3035
v -4.454185 1.545724 -0.215025 0.2934 0.2934 0.3035
v -4.406565 1.569987 -0.344052 0.2934 0.2934 0.3035
v -3.562488 -0.868220 -0.079227 0.2934 0.2934 0.3035
v -2.166019 -0.271639 -0.079227 0.2934 0.2934 0.3035
v -4.341547 1.603115 -0.463129 0.2934 0.2934 0.3035
v -2.135013 -0.261564 -0.215025 0.2934 0.2934 0.3035
v -3.567588 -0.836020 -0.215025 0.2934 0.2934 0.3035
v -0.546767 1.530923 -0.079227 0.2934 0.2934 0.3035
v -2.084184 -0.245049 -0.344052 0.2934 0.2934 0.3035
v -3.575948 -0.783233 -0.344052 0.2934 0.2934 0.3035
v -2.014785 -0.222500 -0.463129 0.2934 0.2934 0.3035
v -0.575816 1.545724 -0.215025 0.2934 0.2934 0.3035
v -1.928524 -0.194472 -0.569325 0.2934 0.2934 0.3035
v -1.827525 -0.161656 -0.660025 0.2934 0.2934 0.3035
v -3.587363 -0.711161 -0.463129 0.2934 0.2934 0.3035
v -1.714276 -0.124859 -0.732996 0.2934 0.2934 0.3035
v -4.260733 1.644292 -0.569325 0.2934 0.2934 0.3035
v -3.601552 -0.621577 -0.569325 0.2934 0.2934 0.3035
v -1.591565 -0.084987 -0.786440 0.2934 0.2934 0.3035
v -1.462413 -0.043023 -0.819043 0.2934 0.2934 0.3035
v -0.623435 1.569987 -0.344052 0.2934 0.2934 0.3035
v -3.618165 -0.516688 -0.660025 0.2934 0.2934 0.3035
v -4.166111 1.692504 -0.660025 0.2934 0.2934 0.3035
v -3.636792 -0.399077 -0.732996 0.2934 0.2934 0.3035
v -3.656977 -0.271639 -0.786440 0.2934 0.2934 0.3035
v -0.688453 1.603115 -0.463129 0.2934 0.2934 0.3035
v -4.060013 1.746564 -0.732996 0.2934 0.2934 0.3035
v -3.678220 -0.137513 -0.819043 0.2934 0.2934 0.3035
v -3.945049 1.805141 -0.786440 0.2934 0.2934 0.3035
v -0.769267 1.644292 -0.569325 0.2934 0.2934 0.3035
v -0.863889 1.692504 -0.660025 0.2934 0.2934 0.3035
v -3.824052 1.866792 -0.819043 0.2934 0.2934 0.3035
v -2.198220 -0.137512 -0.079227 0.2934 0.2934 0.3035
v -2.166020 -0.132412 -0.215025 0.2934 0.2934 0.3035
v -4.536019 1.658361 -0.079227 0.2934 0.2934 0.3035
v -2.113233 -0.124052 -0.344052 0.2934 0.2934 0.3035
v -0.969987 1.746564 -0.732996 0.2934 0.2934 0.3035
v -2.041161 -0.112637 -0.463129 0.2934 0.2934 0.3035
v -1.084951 1.805141 -0.786440 0.2934 0.2934 0.3035
v -4.505013 1.668436 -0.215025 0.2934 0.2934 0.3035
v -1.951578 -0.098448 -0.569325 0.2934 0.2934 0.3035
v -1.205948 1.866792 -0.819043 0.2934 0.2934 0.3035
v -1.846689 -0.081835 -0.660025 0.2934 0.2934 0.3035
v -1.729077 -0.063208 -0.732996 0.2934 0.2934 0.3035
v -4.454185 1.684951 -0.344052 0.2934 0.2934 0.3035
v -1.601639 -0.043023 -0.786440 0.2934 0.2934 0.3035
v -3.700000 -0.879043 -0.079227 0.2934 0.2934 0.3035
v -4.384785 1.707500 -0.463129 0.2934 0.2934 0.3035
v -1.467513 -0.021780 -0.819043 0.2934 0.2934 0.3035
v -4.298524 1.735528 -0.569325 0.2934 0.2934 0.3035
v -3.700000 -0.846441 -0.215025 0.2934 0.2934 0.3035
v -4.197526 1.768344 -0.660025 0.2934 0.2934 0.3035
v -3.700000 -0.792996 -0.344052 0.2934 0.2934 0.3035
v -4.084276 1.805141 -0.732996 0.2934 0.2934 0.3035
v -3.700000 -0.720025 -0.463129 0.2934 0.2934 0.3035
v -3.961565 1.845013 -0.786440 0.2934 0.2934 0.3035
v -3.700000 -0.629325 -0.569325 0.2934 0.2934 0.3035
v -3.832413 1.886977 -0.819043 0.2934 0.2934 0.3035
v -3.700000 -0.523129 -0.660025 0.2934 0.2934 0.3035
v -3.700000 -0.404052 -0.732996 0.2934 0.2934 0.3035
v -2.209043 0.000000 -0.079227 0.2934 0.2934 0.3035
v -4.568220 1.792488 -0.079227 0.2934 0.2934 0.3035
v -2.176441 0.000000 -0.215025 0.2934 0.2934 0.3035
v -2.122996 0.000000 -0.344052 0.2934 0.2934 0.3035
v -4.536020 1.797588 -0.215025 0.2934 0.2934 0.3035
v -2.050025 0.000000 -0.463129 0.2934 0.2934 0.3035
v -3.700000 -0.275025 -0.786440 0.2934 0.2934 0.3035
v -1.959326 0.000000 -0.569325 0.2934 0.2934 0.3035
v -4.483233 1.805948 -0.344052 0.2934 0.2934 0.3035
v -1.853129 0.000000 -0.660025 0.2934 0.2934 0.3035
v -3.700000 -0.139227 -0.819043 0.2934 0.2934 0.3035
v -4.411161 1.817363 -0.463129 0.2934 0.2934 0.3035
v -1.734052 0.000000 -0.732996 0.2934 0.2934 0.3035
v -4.321578 1.831552 -0.569325 0.2934 0.2934 0.3035
v -1.605025 0.000000 -0.786440 0.2934 0.2934 0.3035
v -0.618840 1.413312 -0.079227 0.2934 0.2934 0.3035
v -1.469227 0.000000 -0.819043 0.2934 0.2934 0.3035
v -4.216689 1.848165 -0.660025 0.2934 0.2934 0.3035
v -0.645215 1.432474 -0.215025 0.2934 0.2934 0.3035
v -4.099077 1.866792 -0.732996 0.2934 0.2934 0.3035
v -0.688453 1.463888 -0.344052 0.2934 0.2934 0.3035
v -0.747487 1.506780 -0.463129 0.2934 0.2934 0.3035
v -3.971639 1.886977 -0.786440 0.2934 0.2934 0.3035
v -0.820865 1.560092 -0.569325 0.2934 0.2934 0.3035
v -3.837513 -0.868220 -0.079227 0.2934 0.2934 0.3035
v -3.837513 1.908220 -0.819043 0.2934 0.2934 0.3035
v -0.906780 1.622512 -0.660025 0.2934 0.2934 0.3035
v -2.198220 0.137513 -0.079227 0.2934 0.2934 0.3035
v -3.832413 -0.836020 -0.215025 0.2934 0.2934 0.3035
v -4.579043 1.930000 -0.079227 0.2934 0.2934 0.3035
v -2.166020 0.132413 -0.215025 0.2934 0.2934 0.3035
v -3.824052 -0.783233 -0.344052 0.2934 0.2934 0.3035
v -2.113233 0.124052 -0.344052 0.2934 0.2934 0.3035
v -2.041161 0.112637 -0.463129 0.2934 0.2934 0.3035
v -3.812637 -0.711161 -0.463129 0.2934 0.2934 0.3035
v -1.951578 0.098448 -0.569325 0.2934 0.2934 0.3035
v -1.003115 1.692504 -0.732996 0.2934 0.2934 0.3035
v -1.846689 0.081836 -0.660025 0.2934 0.2934 0.3035
v -4.546441 1.930000 -0.215025 0.2934 0.2934 0.3035
v -3.798448 -0.621577 -0.569325 0.2934 0.2934 0.3035
v -1.729077 0.063208 -0.732996 0.2934 0.2934 0.3035
v -1.107500 1.768344 -0.786440 0.2934 0.2934 0.3035
v -1.601639 0.043024 -0.786440 0.2934 0.2934 0.3035
v -1.467513 0.021780 -0.819043 0.2934 0.2934 0.3035
v -3.781836 -0.516688 -0.660025 0.2934 0.2934 0.3035
v -4.492996 1.930000 -0.344052 0.2934 0.2934 0.3035
v -3.763208 -0.399077 -0.732996 0.2934 0.2934 0.3035
v -1.217363 1.848165 -0.819043 0.2934 0.2934 0.3035
v -3.743023 -0.271639 -0.786440 0.2934 0.2934 0.3035
v -4.420025 1.930000 -0.463129 0.2934 0.2934 0.3035
v -3.721780 -0.137513 -0.819043 0.2934 0.2934 0.3035
v -4.329326 1.930000 -0.569325 0.2934 0.2934 0.3035
v -4.223129 1.930000 -0.660025 0.2934 0.2934 0.3035
v -4.104052 1.930000 -0.732996 0.2934 0.2934 0.3035
v -3.975025 1.930000 -0.786440 0.2934 0.2934 0.3035
v -3.839227 1.930000 -0.819043 0.2934 0.2934 0.3035
v -2.166019 0.271639 -0.079227 0.2934 0.2934 0.3035
v -4.568220 2.067513 -0.079227 0.2934 0.2934 0.3035
v -2.135013 0.261565 -0.215025 0.2934 0.2934 0.3035
v -2.084184 0.245050 -0.344052 0.2934 0.2934 0.3035
v -4.536020 2.062413 -0.215025 0.2934 0.2934 0.3035
v -4.483233 2.054052 -0.344052 0.2934 0.2934 0.3035
v -2.014785 0.222500 -0.463129 0.2934 0.2934 0.3035
v -1.928524 0.194473 -0.569325 0.2934 0.2934 0.3035
v -4.411161 2.042637 -0.463129 0.2934 0.2934 0.3035
v -1.827525 0.161656 -0.660025 0.2934 0.2934 0.3035
v -4.321578 2.028448 -0.569325 0.2934 0.2934 0.3035
v -3.971639 -0.836019 -0.079227 0.2934 0.2934 0.3035
v -1.714276 0.124859 -0.732996 0.2934 0.2934 0.3035
v -1.591565 0.084988 -0.786440 0.2934 0.2934 0.3035
v -4.216689 2.011836 -0.660025 0.2934 0.2934 0.3035
v -1.462413 0.043024 -0.819043 0.2934 0.2934 0.3035
v -0.708423 1.308423 -0.079227 0.2934 0.2934 0.3035
v -3.961565 -0.805013 -0.215025 0.2934 0.2934 0.3035
v -4.099077 1.993208 -0.732996 0.2934 0.2934 0.3035
v -3.945050 -0.754184 -0.344052 0.2934 0.2934 0.3035
v -3.922500 -0.684785 -0.463129 0.2934 0.2934 0.3035
v -0.731476 1.331476 -0.215025 0.2934 0.2934 0.3035
v -3.894472 -0.598524 -0.569325 0.2934 0.2934 0.3035
v -3.971639 1.973023 -0.786440 0.2934 0.2934 0.3035
v -0.769267 1.369267 -0.344052 0.2934 0.2934 0.3035
v -3.861656 -0.497525 -0.660025 0.2934 0.2934 0.3035
v -3.824859 -0.384276 -0.732996 0.2934 0.2934 0.3035
v -2.113233 0.399077 -0.079227 0.2934 0.2934 0.3035
v -3.837513 1.951780 -0.819043 0.2934 0.2934 0.3035
v -3.784987 -0.261564 -0.786440 0.2934 0.2934 0.3035
v -2.084184 0.384276 -0.215025 0.2934 0.2934 0.3035
v -2.036565 0.360013 -0.344052 0.2934 0.2934 0.3035
v -0.820865 1.420865 -0.463129 0.2934 0.2934 0.3035
v -1.971547 0.326885 -0.463129 0.2934 0.2934 0.3035
v -4.536019 2.201639 -0.079227 0.2934 0.2934 0.3035
v -1.890733 0.285708 -0.569325 0.2934 0.2934 0.3035
v -3.743024 -0.132413 -0.819043 0.2934 0.2934 0.3035
v -1.796111 0.237496 -0.660025 0.2934 0.2934 0.3035
v -0.885000 1.485000 -0.569325 0.2934 0.2934 0.3035
v -1.690013 0.183436 -0.732996 0.2934 0.2934 0.3035
v -4.505013 2.191565 -0.215025 0.2934 0.2934 0.3035
v -0.960092 1.560092 -0.660025 0.2934 0.2934 0.3035
v -1.575049 0.124859 -0.786440 0.2934 0.2934 0.3035
v -1.044292 1.644292 -0.732996 0.2934 0.2934 0.3035
v -1.454052 0.063208 -0.819043 0.2934 0.2934 0.3035
v -4.454185 2.175050 -0.344052 0.2934 0.2934 0.3035
v -4.384785 2.152500 -0.463129 0.2934 0.2934 0.3035
v -1.135528 1.735528 -0.786440 0.2934 0.2934 0.3035
v -4.298524 2.124473 -0.569325 0.2934 0.2934 0.3035
v -1.231552 1.831552 -0.819043 0.2934 0.2934 0.3035
v -4.197526 2.091656 -0.660025 0.2934 0.2934 0.3035
v -4.099077 -0.783233 -0.079227 0.2934 0.2934 0.3035
v -4.084276 2.054859 -0.732996 0.2934 0.2934 0.3035
v -4.084276 -0.754184 -0.215025 0.2934 0.2934 0.3035
v -3.961565 2.014987 -0.786440 0.2934 0.2934 0.3035
v -2.041160 0.516689 -0.079227 0.2934 0.2934 0.3035
v -4.060013 -0.706565 -0.344052 0.2934 0.2934 0.3035
v -2.014785 0.497526 -0.215025 0.2934 0.2934 0.3035
v -3.832412 1.973023 -0.819043 0.2934 0.2934 0.3035
v -4.483232 2.329077 -0.079227 0.2934 0.2934 0.3035
v -1.971547 0.466112 -0.344052 0.2934 0.2934 0.3035
v -1.912513 0.423221 -0.463129 0.2934 0.2934 0.3035
v -4.026885 -0.641547 -0.463129 0.2934 0.2934 0.3035
v -1.839135 0.369909 -0.569325 0.2934 0.2934 0.3035
v -3.985708 -0.560733 -0.569325 0.2934 0.2934 0.3035
v -4.454185 2.314276 -0.215025 0.2934 0.2934 0.3035
v -1.753220 0.307488 -0.660025 0.2934 0.2934 0.3035
v -1.656885 0.237496 -0.732996 0.2934 0.2934 0.3035
v -4.406565 2.290013 -0.344052 0.2934 0.2934 0.3035
v -3.937496 -0.466111 -0.660025 0.2934 0.2934 0.3035
v -1.552500 0.161656 -0.786440 0.2934 0.2934 0.3035
v -1.442637 0.081836 -0.819043 0.2934 0.2934 0.3035
v -4.341547 2.256885 -0.463129 0.2934 0.2934 0.3035
v -3.883436 -0.360013 -0.732996 0.2934 0.2934 0.3035
v -4.260733 2.215708 -0.569325 0.2934 0.2934 0.3035
v -3.824859 -0.245049 -0.786440 0.2934 0.2934 0.3035
v -4.166111 2.167496 -0.660025 0.2934 0.2934 0.3035
v -3.763208 -0.124052 -0.819043 0.2934 0.2934 0.3035
v -4.060013 2.113436 -0.732996 0.2934 0.2934 0.3035
v -0.813312 1.218840 -0.079227 0.2934 0.2934 0.3035
v -0.832475 1.245215 -0.215025 0.2934 0.2934 0.3035
v -3.945049 2.054859 -0.786440 0.2934 0.2934 0.3035
v -3.824052 1.993208 -0.819043 0.2934 0.2934 0.3035
v -0.863889 1.288453 -0.344052 0.2934 0.2934 0.3035
v -1.951577 0.621577 -0.079227 0.2934 0.2934 0.3035
v -0.906780 1.347487 -0.463129 0.2934 0.2934 0.3035
v -1.928524 0.598524 -0.215025 0.2934 0.2934 0.3035
v -1.890733 0.560733 -0.344052 0.2934 0.2934 0.3035
v -4.411160 2.446689 -0.079227 0.2934 0.2934 0.3035
v -1.839135 0.509135 -0.463129 0.2934 0.2934 0.3035
v -4.384785 2.427526 -0.215025 0.2934 0.2934 0.3035
v -0.960092 1.420865 -0.569325 0.2934 0.2934 0.3035
v -1.775000 0.445001 -0.569325 0.2934 0.2934 0.3035
v -1.699908 0.369908 -0.660025 0.2934 0.2934 0.3035
v -1.022513 1.506780 -0.660025 0.2934 0.2934 0.3035
v -4.216689 -0.711160 -0.079227 0.2934 0.2934 0.3035
v -1.615708 0.285708 -0.732996 0.2934 0.2934 0.3035
v -1.524472 0.194472 -0.786440 0.2934 0.2934 0.3035
v -4.197526 -0.684785 -0.215025 0.2934 0.2934 0.3035
v -4.341547 2.396112 -0.344052 0.2934 0.2934 0.3035
v -1.428448 0.098448 -0.819043 0.2934 0.2934 0.3035
v -4.166111 -0.641547 -0.344052 0.2934 0.2934 0.3035
v -1.092505 1.603115 -0.732996 0.2934 0.2934 0.3035
v -4.282513 2.353220 -0.463129 0.2934 0.2934 0.3035
v -4.123220 -0.582513 -0.463129 0.2934 0.2934 0.3035
v -1.168344 1.707500 -0.786440 0.2934 0.2934 0.3035
v -4.069908 -0.509135 -0.569325 0.2934 0.2934 0.3035
v -4.209135 2.299909 -0.569325 0.2934 0.2934 0.3035
v -4.007488 -0.423220 -0.660025 0.2934 0.2934 0.3035
v -3.937496 -0.326885 -0.732996 0.2934 0.2934 0.3035
v -1.248165 1.817363 -0.819043 0.2934 0.2934 0.3035
v -1.846688 0.711161 -0.079227 0.2934 0.2934 0.3035
v -4.123220 2.237488 -0.660025 0.2934 0.2934 0.3035
v -3.861656 -0.222500 -0.786440 0.2934 0.2934 0.3035
v -1.827525 0.684785 -0.215025 0.2934 0.2934 0.3035
v -3.781836 -0.112637 -0.819043 0.2934 0.2934 0.3035
v -1.796111 0.641548 -0.344052 0.2934 0.2934 0.3035
v -4.026885 2.167496 -0.732996 0.2934 0.2934 0.3035
v -1.753220 0.582513 -0.463129 0.2934 0.2934 0.3035
v -1.699908 0.509135 -0.569325 0.2934 0.2934 0.3035
v -3.922500 2.091656 -0.786440 0.2934 0.2934 0.3035
v -3.812637 2.011835 -0.819043 0.2934 0.2934 0.3035
v -1.637487 0.423221 -0.660025 0.2934 0.2934 0.3035
v -4.321577 2.551577 -0.079227 0.2934 0.2934 0.3035
v -1.567496 0.326885 -0.732996 0.2934 0.2934 0.3035
v -4.298524 2.528524 -0.215025 0.2934 0.2934 0.3035
v -1.491656 0.222500 -0.786440 0.2934 0.2934 0.3035
v -4.260733 2.490733 -0.344052 0.2934 0.2934 0.3035
v -1.411835 0.112637 -0.819043 0.2934 0.2934 0.3035
v -4.209135 2.439135 -0.463129 0.2934 0.2934 0.3035
v -4.145000 2.375000 -0.569325 0.2934 0.2934 0.3035
v -4.069908 2.299908 -0.660025 0.2934 0.2934 0.3035
v -3.985708 2.215708 -0.732996 0.2934 0.2934 0.3035
v -0.930923 1.146767 -0.079227 0.2934 0.2934 0.3035
v -3.894472 2.124472 -0.786440 0.2934 0.2934 0.3035
v -4.321577 -0.621577 -0.079227 0.2934 0.2934 0.3035
v -4.298524 -0.598524 -0.215025 0.2934 0.2934 0.3035
v -3.798448 2.028448 -0.819043 0.2934 0.2934 0.3035
v -4.260733 -0.560733 -0.344052 0.2934 0.2934 0.3035
v -1.729077 0.783233 -0.079227 0.2934 0.2934 0.3035
v -0.945724 1.175816 -0.215025 0.2934 0.2934 0.3035
v -4.209135 -0.509135 -0.463129 0.2934 0.2934 0.3035
v -1.714276 0.754185 -0.215025 0.2934 0.2934 0.3035
v -4.216688 2.641160 -0.079227 0.2934 0.2934 0.3035
v -1.690013 0.706565 -0.344052 0.2934 0.2934 0.3035
v -0.969987 1.223435 -0.344052 0.2934 0.2934 0.3035
v -1.656885 0.641548 -0.463129 0.2934 0.2934 0.3035
v -4.145000 -0.445000 -0.569325 0.2934 0.2934 0.3035
v -1.615708 0.560733 -0.569325 0.2934 0.2934 0.3035
v -4.069908 -0.369908 -0.660025 0.2934 0.2934 0.3035
v -1.567495 0.466112 -0.660025 0.2934 0.2934 0.3035
v -1.003115 1.288453 -0.463129 0.2934 0.2934 0.3035
v -1.513436 0.360013 -0.732996 0.2934 0.2934 0.3035
v -3.985708 -0.285708 -0.732996 0.2934 0.2934 0.3035
v -1.454859 0.245049 -0.786440 0.2934 0.2934 0.3035
v -4.197526 2.614785 -0.215025 0.2934 0.2934 0.3035
v -1.393208 0.124052 -0.819043 0.2934 0.2934 0.3035
v -3.894472 -0.194472 -0.786440 0.2934 0.2934 0.3035
v -1.044292 1.369267 -0.569325 0.2934 0.2934 0.3035
v -3.798448 -0.098448 -0.819043 0.2934 0.2934 0.3035
v -4.166111 2.571548 -0.344052 0.2934 0.2934 0.3035
v -1.092505 1.463889 -0.660025 0.2934 0.2934 0.3035
v -4.123220 2.512513 -0.463129 0.2934 0.2934 0.3035
v -1.146564 1.569987 -0.732996 0.2934 0.2934 0.3035
v -4.069908 2.439135 -0.569325 0.2934 0.2934 0.3035
v -1.205141 1.684951 -0.786440 0.2934 0.2934 0.3035
v -4.007487 2.353220 -0.660025 0.2934 0.2934 0.3035
v -3.937496 2.256885 -0.732996 0.2934 0.2934 0.3035
v -1.601639 0.836019 -0.079227 0.2934 0.2934 0.3035
v -1.266792 1.805948 -0.819043 0.2934 0.2934 0.3035
v -1.591564 0.805013 -0.215025 0.2934 0.2934 0.3035
v -1.575049 0.754185 -0.344052 0.2934 0.2934 0.3035
v -3.861656 2.152500 -0.786440 0.2934 0.2934 0.3035
v -1.552500 0.684785 -0.463129 0.2934 0.2934 0.3035
v -3.781836 2.042637 -0.819043 0.2934 0.2934 0.3035
v -4.099077 2.713233 -0.079227 0.2934 0.2934 0.3035
v -1.524472 0.598525 -0.569325 0.2934 0.2934 0.3035
v -4.411160 -0.516688 -0.079227 0.2934 0.2934 0.3035
v -1.491656 0.497525 -0.660025 0.2934 0.2934 0.3035
v -4.384785 -0.497525 -0.215025 0.2934 0.2934 0.3035
v -1.454859 0.384276 -0.732996 0.2934 0.2934 0.3035
v -4.084276 2.684185 -0.215025 0.2934 0.2934 0.3035
v -1.414987 0.261565 -0.786440 0.2934 0.2934 0.3035
v -4.060013 2.636565 -0.344052 0.2934 0.2934 0.3035
v -1.373023 0.132413 -0.819043 0.2934 0.2934 0.3035
v -4.341547 -0.466111 -0.344052 0.2934 0.2934 0.3035
v -4.282513 -0.423220 -0.463129 0.2934 0.2934 0.3035
v -4.026885 2.571548 -0.463129 0.2934 0.2934 0.3035
v -3.985708 2.490733 -0.569325 0.2934 0.2934 0.3035
v -4.209135 -0.369908 -0.569325 0.2934 0.2934 0.3035
v -4.123220 -0.307487 -0.660025 0.2934 0.2934 0.3035
v -3.937495 2.396111 -0.660025 0.2934 0.2934 0.3035
v -4.026885 -0.237496 -0.732996 0.2934 0.2934 0.3035
v -3.883436 2.290013 -0.732996 0.2934 0.2934 0.3035
v -3.824859 2.175049 -0.786440 0.2934 0.2934 0.3035
v -3.922500 -0.161656 -0.786440 0.2934 0.2934 0.3035
v -1.467512 0.868220 -0.079227 0.2934 0.2934 0.3035
v -3.763208 2.054052 -0.819043 0.2934 0.2934 0.3035
v -1.462412 0.836020 -0.215025 0.2934 0.2934 0.3035
v -1.454052 0.783233 -0.344052 0.2934 0.2934 0.3035
v -3.812637 -0.081835 -0.819043 0.2934 0.2934 0.3035
v -1.058361 1.093981 -0.079227 0.2934 0.2934 0.3035
v -1.442637 0.711161 -0.463129 0.2934 0.2934 0.3035
v -1.428448 0.621578 -0.569325 0.2934 0.2934 0.3035
v -3.971639 2.766019 -0.079227 0.2934 0.2934 0.3035
v -1.411835 0.516689 -0.660025 0.2934 0.2934 0.3035
v -1.068436 1.124987 -0.215025 0.2934 0.2934 0.3035
v -1.393208 0.399077 -0.732996 0.2934 0.2934 0.3035
v -3.961564 2.735013 -0.215025 0.2934 0.2934 0.3035
v -1.084951 1.175816 -0.344052 0.2934 0.2934 0.3035
v -1.373023 0.271639 -0.786440 0.2934 0.2934 0.3035
v -1.351780 0.137513 -0.819043 0.2934 0.2934 0.3035
v -3.945049 2.684185 -0.344052 0.2934 0.2934 0.3035
v -1.107500 1.245215 -0.463129 0.2934 0.2934 0.3035
v -1.135528 1.331476 -0.569325 0.2934 0.2934 0.3035
v -3.922500 2.614785 -0.463129 0.2934 0.2934 0.3035
v -3.894472 2.528524 -0.569325 0.2934 0.2934 0.3035
v -1.330000 0.792996 -0.344052 0.2934 0.2934 0.3035
v -4.483233 -0.399077 -0.079227 0.2934 0.2934 0.3035
v -1.330000 0.275025 -0.786440 0.2934 0.2934 0.3035
v -1.168344 1.432475 -0.660025 0.2934 0.2934 0.3035
v -1.330000 0.139227 -0.819043 0.2934 0.2934 0.3035
v -4.454185 -0.384276 -0.215025 0.2934 0.2934 0.3035
v -3.861656 2.427526 -0.660025 0.2934 0.2934 0.3035
v -1.205141 1.545724 -0.732996 0.2934 0.2934 0.3035
v -4.406565 -0.360013 -0.344052 0.2934 0.2934 0.3035
v -3.824859 2.314276 -0.732996 0.2934 0.2934 0.3035
v -4.341547 -0.326885 -0.463129 0.2934 0.2934 0.3035
v -4.260733 -0.285708 -0.569325 0.2934 0.2934 0.3035
v -1.245013 1.668435 -0.786440 0.2934 0.2934 0.3035
v -4.166111 -0.237496 -0.660025 0.2934 0.2934 0.3035
v -3.784987 2.191565 -0.786440 0.2934 0.2934 0.3035
v -4.060013 -0.183436 -0.732996 0.2934 0.2934 0.3035
v -1.286977 1.797587 -0.819043 0.2934 0.2934 0.3035
v -3.945049 -0.124859 -0.786440 0.2934 0.2934 0.3035
v -3.743023 2.062413 -0.819043 0.2934 0.2934 0.3035
v -3.824052 -0.063208 -0.819043 0.2934 0.2934 0.3035
v -3.837512 2.798220 -0.079227 0.2934 0.2934 0.3035
v -3.832412 2.766020 -0.215025 0.2934 0.2934 0.3035
v -3.824052 2.713233 -0.344052 0.2934 0.2934 0.3035
v -3.812637 2.641161 -0.463129 0.2934 0.2934 0.3035
v -3.798448 2.551578 -0.569325 0.2934 0.2934 0.3035
v -3.781835 2.446689 -0.660025 0.2934 0.2934 0.3035
v -3.763208 2.329077 -0.732996 0.2934 0.2934 0.3035
v -3.743023 2.201639 -0.786440 0.2934 0.2934 0.3035
v -3.721780 2.067513 -0.819043 0.2934 0.2934 0.3035
v -1.192488 1.061780 -0.079227 0.2934 0.2934 0.3035
v -3.700000 2.722996 -0.344052 0.2934 0.2934 0.3035
v -3.700000 2.205025 -0.786440 0.2934 0.2934 0.3035
v -4.536019 -0.271639 -0.079227 0.2934 0.2934 0.3035
v -1.197588 1.093980 -0.215025 0.2934 0.2934 0.3035
v -4.505013 -0.261564 -0.215025 0.2934 0.2934 0.3035
v -1.205948 1.146767 -0.344052 0.2934 0.2934 0.3035
v -4.454185 -0.245049 -0.344052 0.2934 0.2934 0.3035
v -4.384785 -0.222500 -0.463129 0.2934 0.2934 0.3035
v -3.700000 2.069227 -0.819043 0.2934 0.2934 0.3035
v -4.585279 1.930000 0.000000 0.2934 0.2934 0.3035
v -4.298524 -0.194472 -0.569325 0.2934 0.2934 0.3035
v -4.197526 -0.161656 -0.660025 0.2934 0.2934 0.3035
v -1.217363 1.218839 -0.463129 0.2934 0.2934 0.3035
v -4.084276 -0.124859 -0.732996 0.2934 0.2934 0.3035
v -4.541950 1.656434 0.000000 0.2934 0.2934 0.3035
v -1.231552 1.308423 -0.569325 0.2934 0.2934 0.3035
v -3.961565 -0.084987 -0.786440 0.2934 0.2934 0.3035
v -4.574379 1.791512 0.000000 0.2934 0.2934 0.3035
v -3.832413 -0.043023 -0.819043 0.2934 0.2934 0.3035
v -1.248165 1.413311 -0.660025 0.2934 0.2934 0.3035
v -1.266793 1.530923 -0.732996 0.2934 0.2934 0.3035
v -4.574379 2.068488 0.000000 0.2934 0.2934 0.3035
v -1.286977 1.658361 -0.786440 0.2934 0.2934 0.3035
v -4.416205 1.409647 0.000000 0.2934 0.2934 0.3035
v -1.308220 1.792487 -0.819043 0.2934 0.2934 0.3035
v -4.488789 1.528092 0.000000 0.2934 0.2934 0.3035
v -4.488789 2.331908 0.000000 0.2934 0.2934 0.3035
v -4.541950 2.203566 0.000000 0.2934 0.2934 0.3035
v -4.416205 2.450354 0.000000 0.2934 0.2934 0.3035
v -4.325986 2.555986 0.000000 0.2934 0.2934 0.3035
v -4.568220 -0.137512 -0.079227 0.2934 0.2934 0.3035
v -4.536020 -0.132412 -0.215025 0.2934 0.2934 0.3035
v -4.220354 1.213795 0.000000 0.2934 0.2934 0.3035
v -4.220354 2.646205 0.000000 0.2934 0.2934 0.3035
v -4.483233 -0.124052 -0.344052 0.2934 0.2934 0.3035
v -3.915764 1.074174 0.000000 0.2934 0.2934 0.3035
v -4.411161 -0.112637 -0.463129 0.2934 0.2934 0.3035
v -3.838488 1.055621 0.000000 0.2934 0.2934 0.3035
v -4.321578 -0.098448 -0.569325 0.2934 0.2934 0.3035
v -4.216689 -0.081835 -0.660025 0.2934 0.2934 0.3035
v -3.838488 2.804379 0.000000 0.2934 0.2934 0.3035
v -3.973566 1.088050 0.000000 0.2934 0.2934 0.3035
v -4.099077 -0.063208 -0.732996 0.2934 0.2934 0.3035
v -3.971639 -0.043023 -0.786440 0.2934 0.2934 0.3035
v -3.973566 2.771950 0.000000 0.2934 0.2934 0.3035
v -3.837513 -0.021780 -0.819043 0.2934 0.2934 0.3035
v -1.330000 1.050957 -0.079227 0.2934 0.2934 0.3035
v -1.330000 1.083559 -0.215025 0.2934 0.2934 0.3035
v -4.101908 1.141212 0.000000 0.2934 0.2934 0.3035
v -4.101908 2.718789 0.000000 0.2934 0.2934 0.3035
v -1.330000 1.137004 -0.344052 0.2934 0.2934 0.3035
v -4.325986 1.304014 0.000000 0.2934 0.2934 0.3035
v -1.330000 1.209975 -0.463129 0.2934 0.2934 0.3035
v -3.561512 1.055621 0.000000 0.2934 0.2934 0.3035
v -1.330000 1.300675 -0.569325 0.2934 0.2934 0.3035
v -3.561512 2.804379 0.000000 0.2934 0.2934 0.3035
v -1.330000 1.406871 -0.660025 0.2934 0.2934 0.3035
v -4.579043 0.000000 -0.079227 0.2934 0.2934 0.3035
v -3.298092 1.141211 0.000000 0.2934 0.2934 0.3035
v -4.546441 0.000000 -0.215025 0.2934 0.2934 0.3035
v -1.330000 1.525948 -0.732996 0.2934 0.2934 0.3035
v -4.492996 0.000000 -0.344052 0.2934 0.2934 0.3035
v -1.330000 1.654975 -0.786440 0.2934 0.2934 0.3035
v -4.420025 0.000000 -0.463129 0.2934 0.2934 0.3035
v -3.179647 2.646205 0.000000 0.2934 0.2934 0.3035
v -4.329326 0.000000 -0.569325 0.2934 0.2934 0.3035
v -1.330000 1.790773 -0.819043 0.2934 0.2934 0.3035
v -4.223129 0.000000 -0.660025 0.2934 0.2934 0.3035
v -3.179647 1.213795 0.000000 0.2934 0.2934 0.3035
v -3.298092 2.718788 0.000000 0.2934 0.2934 0.3035
v -4.104052 0.000000 -0.732996 0.2934 0.2934 0.3035
v -3.975025 0.000000 -0.786440 0.2934 0.2934 0.3035
v -3.426434 1.088050 0.000000 0.2934 0.2934 0.3035
v -3.839227 0.000000 -0.819043 0.2934 0.2934 0.3035
v -3.426434 2.771949 0.000000 0.2934 0.2934 0.3035
v -2.911211 1.528092 0.000000 0.2934 0.2934 0.3035
v -2.983795 1.409647 0.000000 0.2934 0.2934 0.3035
v -2.983795 2.450353 0.000000 0.2934 0.2934 0.3035
v -2.858051 2.203566 0.000000 0.2934 0.2934 0.3035
v -2.814722 1.930000 0.000000 0.2934 0.2934 0.3035
v -2.825621 1.791512 0.000000 0.2934 0.2934 0.3035
v -2.825621 2.068488 0.000000 0.2934 0.2934 0.3035
v -2.858051 1.656434 0.000000 0.2934 0.2934 0.3035
v -1.467513 1.061780 -0.079227 0.2934 0.2934 0.3035
v -1.462413 1.093980 -0.215025 0.2934 0.2934 0.3035
v -4.568220 0.137513 -0.079227 0.2934 0.2934 0.3035
v -2.911211 2.331908 0.000000 0.2934 0.2934 0.3035
v -1.454052 1.146767 -0.344052 0.2934 0.2934 0.3035
v -4.536020 0.132413 -0.215025 0.2934 0.2934 0.3035
v -4.483233 0.124052 -0.344052 0.2934 0.2934 0.3035
v -3.074014 2.555986 0.000000 0.2934 0.2934 0.3035
v -4.411161 0.112637 -0.463129 0.2934 0.2934 0.3035
v -3.074014 1.304014 0.000000 0.2934 0.2934 0.3035
v -1.442637 1.218839 -0.463129 0.2934 0.2934 0.3035
v -4.321578 0.098448 -0.569325 0.2934 0.2934 0.3035
v -4.216689 0.081836 -0.660025 0.2934 0.2934 0.3035
v -3.700000 1.044722 0.000000 0.2934 0.2934 0.3035
v -1.428448 1.308423 -0.569325 0.2934 0.2934 0.3035
v -4.099077 0.063208 -0.732996 0.2934 0.2934 0.3035
v -3.971639 0.043024 -0.786440 0.2934 0.2934 0.3035
v -3.700000 2.815278 0.000000 0.2934 0.2934 0.3035
v -1.411836 1.413311 -0.660025 0.2934 0.2934 0.3035
v -3.837513 0.021780 -0.819043 0.2934 0.2934 0.3035
v -1.393208 1.530923 -0.732996 0.2934 0.2934 0.3035
v -1.373024 1.658361 -0.786440 0.2934 0.2934 0.3035
v -1.351780 1.792487 -0.819043 0.2934 0.2934 0.3035
v -1.601639 1.093981 -0.079227 0.2934 0.2934 0.3035
v -1.591565 1.124987 -0.215025 0.2934 0.2934 0.3035
v -1.575050 1.175816 -0.344052 0.2934 0.2934 0.3035
v -1.552500 1.245215 -0.463129 0.2934 0.2934 0.3035
v -1.524472 1.331476 -0.569325 0.2934 0.2934 0.3035
v -1.491656 1.432475 -0.660025 0.2934 0.2934 0.3035
v -1.454859 1.545724 -0.732996 0.2934 0.2934 0.3035
v -4.536019 0.271639 -0.079227 0.2934 0.2934 0.3035
v -1.414988 1.668435 -0.786440 0.2934 0.2934 0.3035
v -4.505013 0.261565 -0.215025 0.2934 0.2934 0.3035
v -1.373024 1.797587 -0.819043 0.2934 0.2934 0.3035
v -4.454185 0.245050 -0.344052 0.2934 0.2934 0.3035
v -1.729077 1.146767 -0.079227 0.2934 0.2934 0.3035
v -4.384785 0.222500 -0.463129 0.2934 0.2934 0.3035
v -1.714276 1.175816 -0.215025 0.2934 0.2934 0.3035
v -4.298524 0.194473 -0.569325 0.2934 0.2934 0.3035
v -1.690013 1.223435 -0.344052 0.2934 0.2934 0.3035
v -4.197526 0.161656 -0.660025 0.2934 0.2934 0.3035
v -1.656885 1.288453 -0.463129 0.2934 0.2934 0.3035
v -1.615708 1.369267 -0.569325 0.2934 0.2934 0.3035
v -4.084276 0.124859 -0.732996 0.2934 0.2934 0.3035
v -1.567496 1.463889 -0.660025 0.2934 0.2934 0.3035
v -3.961565 0.084988 -0.786440 0.2934 0.2934 0.3035
v -3.832412 0.043024 -0.819043 0.2934 0.2934 0.3035
v -1.513436 1.569987 -0.732996 0.2934 0.2934 0.3035
v -1.454859 1.684951 -0.786440 0.2934 0.2934 0.3035
v -1.393208 1.805948 -0.819043 0.2934 0.2934 0.3035
v -1.846689 1.218840 -0.079227 0.2934 0.2934 0.3035
v -1.827526 1.245215 -0.215025 0.2934 0.2934 0.3035
v -1.796112 1.288453 -0.344052 0.2934 0.2934 0.3035
v -1.753220 1.347487 -0.463129 0.2934 0.2934 0.3035
v -1.699908 1.420865 -0.569325 0.2934 0.2934 0.3035
v -1.637488 1.506780 -0.660025 0.2934 0.2934 0.3035
v -1.567496 1.603115 -0.732996 0.2934 0.2934 0.3035
v -1.491656 1.707500 -0.786440 0.2934 0.2934 0.3035
v -1.411836 1.817363 -0.819043 0.2934 0.2934 0.3035
v -4.483232 0.399077 -0.079227 0.2934 0.2934 0.3035
v -4.454185 0.384276 -0.215025 0.2934 0.2934 0.3035
v -1.951577 1.308423 -0.079227 0.2934 0.2934 0.3035
v -4.406565 0.360013 -0.344052 0.2934 0.2934 0.3035
v -1.928524 1.331476 -0.215025 0.2934 0.2934 0.3035
v -4.341547 0.326885 -0.463129 0.2934 0.2934 0.3035
v -1.890733 1.369267 -0.344052 0.2934 0.2934 0.3035
v -1.839135 1.420865 -0.463129 0.2934 0.2934 0.3035
v -4.260733 0.285708 -0.569325 0.2934 0.2934 0.3035
v -1.775000 1.485000 -0.569325 0.2934 0.2934 0.3035
v -4.166111 0.237496 -0.660025 0.2934 0.2934 0.3035
v -4.060013 0.183436 -0.732996 0.2934 0.2934 0.3035
v -1.699908 1.560092 -0.660025 0.2934 0.2934 0.3035
v -1.615708 1.644292 -0.732996 0.2934 0.2934 0.3035
v -3.945049 0.124859 -0.786440 0.2934 0.2934 0.3035
v -1.524472 1.735528 -0.786440 0.2934 0.2934 0.3035
v -3.824052 0.063208 -0.819043 0.2934 0.2934 0.3035
v -1.428448 1.831552 -0.819043 0.2934 0.2934 0.3035
v -2.041161 1.413312 -0.079227 0.2934 0.2934 0.3035
v -2.014785 1.432475 -0.215025 0.2934 0.2934 0.3035
v -1.971548 1.463889 -0.344052 0.2934 0.2934 0.3035
v -1.912513 1.506780 -0.463129 0.2934 0.2934 0.3035
v -1.839135 1.560092 -0.569325 0.2934 0.2934 0.3035
v -1.753221 1.622512 -0.660025 0.2934 0.2934 0.3035
v -1.656885 1.692504 -0.732996 0.2934 0.2934 0.3035
v -1.552500 1.768344 -0.786440 0.2934 0.2934 0.3035
v -1.442637 1.848165 -0.819043 0.2934 0.2934 0.3035
v -4.411160 0.516689 -0.079227 0.2934 0.2934 0.3035
v -2.113233 1.530923 -0.079227 0.2934 0.2934 0.3035
v -4.384785 0.497526 -0.215025 0.2934 0.2934 0.3035
v -2.084185 1.545724 -0.215025 0.2934 0.2934 0.3035
v -4.341547 0.466112 -0.344052 0.2934 0.2934 0.3035
v -2.036565 1.569987 -0.344052 0.2934 0.2934 0.3035
v -4.282513 0.423221 -0.463129 0.2934 0.2934 0.3035
v -1.971547 1.603115 -0.463129 0.2934 0.2934 0.3035
v -4.209135 0.369909 -0.569325 0.2934 0.2934 0.3035
v -1.890733 1.644292 -0.569325 0.2934 0.2934 0.3035
v -4.123220 0.307488 -0.660025 0.2934 0.2934 0.3035
v -1.796112 1.692504 -0.660025 0.2934 0.2934 0.3035
v -1.690013 1.746564 -0.732996 0.2934 0.2934 0.3035
v -4.026885 0.237496 -0.732996 0.2934 0.2934 0.3035
v -1.575049 1.805141 -0.786440 0.2934 0.2934 0.3035
v -3.922500 0.161656 -0.786440 0.2934 0.2934 0.3035
v -1.454052 1.866792 -0.819043 0.2934 0.2934 0.3035
v -3.812637 0.081836 -0.819043 0.2934 0.2934 0.3035
v -2.166019 1.658361 -0.079227 0.2934 0.2934 0.3035
v -2.135013 1.668436 -0.215025 0.2934 0.2934 0.3035
v -2.084184 1.684951 -0.344052 0.2934 0.2934 0.3035
v -2.014785 1.707500 -0.463129 0.2934 0.2934 0.3035
v -1.928524 1.735528 -0.569325 0.2934 0.2934 0.3035
v -1.827525 1.768344 -0.660025 0.2934 0.2934 0.3035
v -1.714276 1.805141 -0.732996 0.2934 0.2934 0.3035
v -1.591565 1.845013 -0.786440 0.2934 0.2934 0.3035
v -1.462413 1.886977 -0.819043 0.2934 0.2934 0.3035
v -2.198220 1.792488 -0.079227 0.2934 0.2934 0.3035
v -4.321577 0.621577 -0.079227 0.2934 0.2934 0.3035
v -2.166020 1.797588 -0.215025 0.2934 0.2934 0.3035
v -4.298524 0.598524 -0.215025 0.2934 0.2934 0.3035
v -2.113233 1.805948 -0.344052 0.2934 0.2934 0.3035
v -2.041161 1.817363 -0.463129 0.2934 0.2934 0.3035
v -4.260733 0.560733 -0.344052 0.2934 0.2934 0.3035
v -1.951578 1.831552 -0.569325 0.2934 0.2934 0.3035
v -4.209135 0.509135 -0.463129 0.2934 0.2934 0.3035
v -1.846689 1.848165 -0.660025 0.2934 0.2934 0.3035
v -4.145000 0.445001 -0.569325 0.2934 0.2934 0.3035
v -1.729077 1.866792 -0.732996 0.2934 0.2934 0.3035
v -4.069908 0.369908 -0.660025 0.2934 0.2934 0.3035
v -1.601639 1.886977 -0.786440 0.2934 0.2934 0.3035
v -3.985708 0.285708 -0.732996 0.2934 0.2934 0.3035
v -1.467513 1.908220 -0.819043 0.2934 0.2934 0.3035
v -3.894472 0.194472 -0.786440 0.2934 0.2934 0.3035
v -2.209043 1.930000 -0.079227 0.2934 0.2934 0.3035
v -3.798448 0.098448 -0.819043 0.2934 0.2934 0.3035
v -2.176441 1.930000 -0.215025 0.2934 0.2934 0.3035
v -2.122996 1.930000 -0.344052 0.2934 0.2934 0.3035
v -2.050025 1.930000 -0.463129 0.2934 0.2934 0.3035
v -1.959326 1.930000 -0.569325 0.2934 0.2934 0.3035
v -1.853129 1.930000 -0.660025 0.2934 0.2934 0.3035
v -1.734052 1.930000 -0.732996 0.2934 0.2934 0.3035
v -1.605025 1.930000 -0.786440 0.2934 0.2934 0.3035
v -1.469227 1.930000 -0.819043 0.2934 0.2934 0.3035
v -2.198220 2.067513 -0.079227 0.2934 0.2934 0.3035
v -2.166020 2.062413 -0.215025 0.2934 0.2934 0.3035
v -2.113233 2.054052 -0.344052 0.2934 0.2934 0.3035
v -4.216688 0.711161 -0.079227 0.2934 0.2934 0.3035
v -2.041161 2.042637 -0.463129 0.2934 0.2934 0.3035
v -4.197526 0.684785 -0.215025 0.2934 0.2934 0.3035
v -1.951578 2.028448 -0.569325 0.2934 0.2934 0.3035
v -4.166111 0.641548 -0.344052 0.2934 0.2934 0.3035
v -1.846689 2.011836 -0.660025 0.2934 0.2934 0.3035
v -4.123220 0.582513 -0.463129 0.2934 0.2934 0.3035
v -1.729077 1.993208 -0.732996 0.2934 0.2934 0.3035
v -4.069908 0.509135 -0.569325 0.2934 0.2934 0.3035
v -4.007487 0.423221 -0.660025 0.2934 0.2934 0.3035
v -1.601639 1.973023 -0.786440 0.2934 0.2934 0.3035
v -3.937496 0.326885 -0.732996 0.2934 0.2934 0.3035
v -1.467513 1.951780 -0.819043 0.2934 0.2934 0.3035
v -3.861656 0.222500 -0.786440 0.2934 0.2934 0.3035
v -2.166019 2.201639 -0.079227 0.2934 0.2934 0.3035
v -3.781836 0.112637 -0.819043 0.2934 0.2934 0.3035
v -2.135013 2.191565 -0.215025 0.2934 0.2934 0.3035
v -2.084184 2.175050 -0.344052 0.2934 0.2934 0.3035
v -2.014785 2.152500 -0.463129 0.2934 0.2934 0.3035
v -1.928524 2.124473 -0.569325 0.2934 0.2934 0.3035
v -1.827525 2.091656 -0.660025 0.2934 0.2934 0.3035
v -1.714276 2.054859 -0.732996 0.2934 0.2934 0.3035
v -1.591565 2.014987 -0.786440 0.2934 0.2934 0.3035
v -1.462413 1.973023 -0.819043 0.2934 0.2934 0.3035
v -2.113233 2.329077 -0.079227 0.2934 0.2934 0.3035
v -2.084184 2.314276 -0.215025 0.2934 0.2934 0.3035
v -2.036565 2.290013 -0.344052 0.2934 0.2934 0.3035
v -1.971547 2.256885 -0.463129 0.2934 0.2934 0.3035
v -4.099077 0.783233 -0.079227 0.2934 0.2934 0.3035
v -4.084276 0.754185 -0.215025 0.2934 0.2934 0.3035
v -1.890733 2.215708 -0.569325 0.2934 0.2934 0.3035
v -1.796111 2.167496 -0.660025 0.2934 0.2934 0.3035
v -4.060013 0.706565 -0.344052 0.2934 0.2934 0.3035
v -1.690013 2.113436 -0.732996 0.2934 0.2934 0.3035
v -4.026885 0.641548 -0.463129 0.2934 0.2934 0.3035
v -1.575049 2.054859 -0.786440 0.2934 0.2934 0.3035
v -3.985708 0.560733 -0.569325 0.2934 0.2934 0.3035
v -1.454052 1.993208 -0.819043 0.2934 0.2934 0.3035
v -3.937495 0.466112 -0.660025 0.2934 0.2934 0.3035
v -2.041160 2.446689 -0.079227 0.2934 0.2934 0.3035
v -3.883436 0.360013 -0.732996 0.2934 0.2934 0.3035
v -2.014785 2.427526 -0.215025 0.2934 0.2934 0.3035
v -3.824859 0.245049 -0.786440 0.2934 0.2934 0.3035
v -3.763208 0.124052 -0.819043 0.2934 0.2934 0.3035
v -1.971547 2.396112 -0.344052 0.2934 0.2934 0.3035
v -1.912513 2.353220 -0.463129 0.2934 0.2934 0.3035
v -1.839135 2.299909 -0.569325 0.2934 0.2934 0.3035
v -1.753220 2.237488 -0.660025 0.2934 0.2934 0.3035
v -1.656885 2.167496 -0.732996 0.2934 0.2934 0.3035
v -1.552500 2.091656 -0.786440 0.2934 0.2934 0.3035
v -1.442637 2.011835 -0.819043 0.2934 0.2934 0.3035
v -1.951577 2.551577 -0.079227 0.2934 0.2934 0.3035
v -1.928524 2.528524 -0.215025 0.2934 0.2934 0.3035
v -1.890733 2.490733 -0.344052 0.2934 0.2934 0.3035
v -1.839135 2.439135 -0.463129 0.2934 0.2934 0.3035
v -3.971639 0.836019 -0.079227 0.2934 0.2934 0.3035
v -1.775000 2.375000 -0.569325 0.2934 0.2934 0.3035
v -3.961564 0.805013 -0.215025 0.2934 0.2934 0.3035
v -1.699908 2.299908 -0.660025 0.2934 0.2934 0.3035
v -1.615708 2.215708 -0.732996 0.2934 0.2934 0.3035
v -3.945049 0.754185 -0.344052 0.2934 0.2934 0.3035
v -1.524472 2.124472 -0.786440 0.2934 0.2934 0.3035
v -3.922500 0.684785 -0.463129 0.2934 0.2934 0.3035
v -1.428448 2.028448 -0.819043 0.2934 0.2934 0.3035
v -3.894472 0.598525 -0.569325 0.2934 0.2934 0.3035
v -3.861656 0.497525 -0.660025 0.2934 0.2934 0.3035
v -1.846688 2.641160 -0.079227 0.2934 0.2934 0.3035
v -3.824859 0.384276 -0.732996 0.2934 0.2934 0.3035
v -1.827525 2.614785 -0.215025 0.2934 0.2934 0.3035
v -3.784987 0.261565 -0.786440 0.2934 0.2934 0.3035
v -1.796111 2.571548 -0.344052 0.2934 0.2934 0.3035
v -3.743023 0.132413 -0.819043 0.2934 0.2934 0.3035
v -1.753220 2.512513 -0.463129 0.2934 0.2934 0.3035
v -1.699908 2.439135 -0.569325 0.2934 0.2934 0.3035
v -1.637487 2.353220 -0.660025 0.2934 0.2934 0.3035
v -1.567496 2.256885 -0.732996 0.2934 0.2934 0.3035
v -1.491656 2.152500 -0.786440 0.2934 0.2934 0.3035
v -1.411835 2.042637 -0.819043 0.2934 0.2934 0.3035
v -1.729077 2.713233 -0.079227 0.2934 0.2934 0.3035
v -1.714276 2.684185 -0.215025 0.2934 0.2934 0.3035
v -1.690013 2.636565 -0.344052 0.2934 0.2934 0.3035
v -1.656885 2.571548 -0.463129 0.2934 0.2934 0.3035
v -1.615708 2.490733 -0.569325 0.2934 0.2934 0.3035
v -3.837512 0.868220 -0.079227 0.2934 0.2934 0.3035
v -1.567495 2.396111 -0.660025 0.2934 0.2934 0.3035
v -1.513436 2.290013 -0.732996 0.2934 0.2934 0.3035
v -3.832412 0.836020 -0.215025 0.2934 0.2934 0.3035
v -1.454859 2.175049 -0.786440 0.2934 0.2934 0.3035
v -3.824052 0.783233 -0.344052 0.2934 0.2934 0.3035
v -1.393208 2.054052 -0.819043 0.2934 0.2934 0.3035
v -3.812637 0.711161 -0.463129 0.2934 0.2934 0.3035
v -1.601639 2.766019 -0.079227 0.2934 0.2934 0.3035
v -3.798448 0.621578 -0.569325 0.2934 0.2934 0.3035
v -3.781835 0.516689 -0.660025 0.2934 0.2934 0.3035
v -1.591564 2.735013 -0.215025 0.2934 0.2934 0.3035
v -3.763208 0.399077 -0.732996 0.2934 0.2934 0.3035
v -1.575049 2.684185 -0.344052 0.2934 0.2934 0.3035
v -1.552500 2.614785 -0.463129 0.2934 0.2934 0.3035
v -3.743023 0.271639 -0.786440 0.2934 0.2934 0.3035
v -3.721780 0.137513 -0.819043 0.2934 0.2934 0.3035
v -1.524472 2.528524 -0.569325 0.2934 0.2934 0.3035
v -1.491656 2.427526 -0.660025 0.2934 0.2934 0.3035
v -1.454859 2.314276 -0.732996 0.2934 0.2934 0.3035
v -1.414987 2.191565 -0.786440 0.2934 0.2934 0.3035
v -1.373023 2.062413 -0.819043 0.2934 0.2934 0.3035
v -1.467512 2.798220 -0.079227 0.2934 0.2934 0.3035
v -3.700000 0.792996 -0.344052 0.2934 0.2934 0.3035
v -1.462412 2.766020 -0.215025 0.2934 0.2934 0.3035
v -3.700000 0.275025 -0.786440 0.2934 0.2934 0.3035
v -1.454052 2.713233 -0.344052 0.2934 0.2934 0.3035
v -3.700000 0.139227 -0.819043 0.2934 0.2934 0.3035
v -1.442637 2.641161 -0.463129 0.2934 0.2934 0.3035
v -1.428448 2.551578 -0.569325 0.2934 0.2934 0.3035
v -1.411835 2.446689 -0.660025 0.2934 0.2934 0.3035
v -1.393208 2.329077 -0.732996 0.2934 0.2934 0.3035
v -1.373023 2.201639 -0.786440 0.2934 0.2934 0.3035
v -1.351780 2.067513 -0.819043 0.2934 0.2934 0.3035
v -1.330000 2.722996 -0.344052 0.2934 0.2934 0.3035
v -1.330000 2.205025 -0.786440 0.2934 0.2934 0.3035
v -1.330000 2.069227 -0.819043 0.2934 0.2934 0.3035
v -2.046205 1.409647 0.000000 0.2934 0.2934 0.3035
v -1.850354 1.213795 0.000000 0.2934 0.2934 0.3035
v -1.955986 1.304014 0.000000 0.2934 0.2934 0.3035
v -1.603566 1.088050 0.000000 0.2934 0.2934 0.3035
v -1.330000 1.044722 0.000000 0.2934 0.2934 0.3035
v -1.468488 1.055621 0.000000 0.2934 0.2934 0.3035
v -1.191512 1.055621 0.000000 0.2934 0.2934 0.3035
v -1.731908 1.141212 0.000000 0.2934 0.2934 0.3035
v -1.056434 1.088050 0.000000 0.2934 0.2934 0.3035
v -0.704014 1.304014 0.000000 0.2934 0.2934 0.3035
v -0.809647 1.213795 0.000000 0.2934 0.2934 0.3035
v -0.928092 1.141211 0.000000 0.2934 0.2934 0.3035
v -0.541212 1.528092 0.000000 0.2934 0.2934 0.3035
v -0.455621 1.791512 0.000000 0.2934 0.2934 0.3035
v -0.613795 1.409647 0.000000 0.2934 0.2934 0.3035
v -0.488051 1.656434 0.000000 0.2934 0.2934 0.3035
v -2.118789 1.528092 0.000000 0.2934 0.2934 0.3035
v -0.444722 1.930000 0.000000 0.2934 0.2934 0.3035
v -1.330000 2.815278 0.000000 0.2934 0.2934 0.3035
v -1.468488 2.804379 0.000000 0.2934 0.2934 0.3035
v -2.171950 1.656434 0.000000 0.2934 0.2934 0.3035
v -0.455621 2.068488 0.000000 0.2934 0.2934 0.3035
v -2.204379 1.791512 0.000000 0.2934 0.2934 0.3035
v -1.731908 2.718789 0.000000 0.2934 0.2934 0.3035
v -1.603566 2.771950 0.000000 0.2934 0.2934 0.3035
v -1.056434 2.771949 0.000000 0.2934 0.2934 0.3035
v -1.191512 2.804379 0.000000 0.2934 0.2934 0.3035
v -1.850353 2.646205 0.000000 0.2934 0.2934 0.3035
v -0.928092 2.718788 0.000000 0.2934 0.2934 0.3035
v -0.488051 2.203566 0.000000 0.2934 0.2934 0.3035
v -2.215278 1.930000 0.000000 0.2934 0.2934 0.3035
v -0.541212 2.331908 0.000000 0.2934 0.2934 0.3035
v -2.206559 2.040792 0.000000 0.2934 0.2934 0.3035
v -2.046205 2.450354 0.000000 0.2934 0.2934 0.3035
v -1.955986 2.555986 0.000000 0.2934 0.2934 0.3035
v -0.809647 2.646205 0.000000 0.2934 0.2934 0.3035
v -2.118788 2.331908 0.000000 0.2934 0.2934 0.3035
v -0.704014 2.555986 0.000000 0.2934 0.2934 0.3035
v -2.204379 2.068488 0.000000 0.2934 0.2934 0.3035
v -2.171950 2.203566 0.000000 0.2934 0.2934 0.3035
v -0.613795 2.450353 0.000000 0.2934 0.2934 0.3035
v -4.324951 -0.626871 0.000000 0.2934 0.2934 0.3035
v -3.971506 0.842444 0.000000 0.2934 0.2934 0.3035
v -4.220354 -0.716205 0.000000 0.2934 0.2934 0.3035
v -3.838488 0.874379 0.000000 0.2934 0.2934 0.3035
v -3.973566 -0.841949 0.000000 0.2934 0.2934 0.3035
v -4.101908 -0.788788 0.000000 0.2934 0.2934 0.3035
v -3.838488 -0.874379 0.000000 0.2934 0.2934 0.3035
v -3.700000 0.885278 0.000000 0.2934 0.2934 0.3035
v -3.700000 -0.885278 0.000000 0.2934 0.2934 0.3035
v -3.561512 -0.874379 0.000000 0.2934 0.2934 0.3035
v -3.561512 0.874379 0.000000 0.2934 0.2934 0.3035
v -3.298092 -0.788788 0.000000 0.2934 0.2934 0.3035
v -3.426434 -0.841949 0.000000 0.2934 0.2934 0.3035
v -3.426434 0.841949 0.000000 0.2934 0.2934 0.3035
v -3.298092 0.788788 0.000000 0.2934 0.2934 0.3035
v -3.179647 0.716205 0.000000 0.2934 0.2934 0.3035
v -2.983795 -0.520353 0.000000 0.2934 0.2934 0.3035
v -2.983795 0.520353 0.000000 0.2934 0.2934 0.3035
v -3.074014 -0.625986 0.000000 0.2934 0.2934 0.3035
v -3.074014 0.625986 0.000000 0.2934 0.2934 0.3035
v -2.858051 -0.273566 0.000000 0.2934 0.2934 0.3035
v -2.814722 -0.000000 0.000000 0.2934 0.2934 0.3035
v -2.825621 -0.138488 0.000000 0.2934 0.2934 0.3035
v -2.825621 0.138488 0.000000 0.2934 0.2934 0.3035
v -2.911211 -0.401908 0.000000 0.2934 0.2934 0.3035
v -2.858051 0.273566 0.000000 0.2934 0.2934 0.3035
v -2.911211 0.401908 0.000000 0.2934 0.2934 0.3035
v -3.179647 -0.716205 0.000000 0.2934 0.2934 0.3035
v -4.325986 -0.625986 0.000000 0.2934 0.2934 0.3035
v -3.973566 0.841950 0.000000 0.2934 0.2934 0.3035
v -4.416205 -0.520353 0.000000 0.2934 0.2934 0.3035
v -4.101908 0.788789 0.000000 0.2934 0.2934 0.3035
v -4.488789 -0.401908 0.000000 0.2934 0.2934 0.3035
v -4.220354 0.716205 0.000000 0.2934 0.2934 0.3035
v -4.541950 -0.273566 0.000000 0.2934 0.2934 0.3035
v -4.325986 0.625986 0.000000 0.2934 0.2934 0.3035
v -4.416205 0.520354 0.000000 0.2934 0.2934 0.3035
v -4.574379 -0.138488 0.000000 0.2934 0.2934 0.3035
v -4.488789 0.401908 0.000000 0.2934 0.2934 0.3035
v -4.541950 0.273566 0.000000 0.2934 0.2934 0.3035
v -4.585279 0.000000 0.000000 0.2934 0.2934 0.3035
v -4.574379 0.138488 0.000000 0.2934 0.2934 0.3035
v -1.731908 0.788789 0.000000 0.2934 0.2934 0.3035
v -1.603566 0.841950 0.000000 0.2934 0.2934 0.3035
v -1.955986 0.625986 0.000000 0.2934 0.2934 0.3035
v -1.850353 0.716205 0.000000 0.2934 0.2934 0.3035
v -1.468488 0.874379 0.000000 0.2934 0.2934 0.3035
v -1.426836 0.877657 0.000000 0.2934 0.2934 0.3035
v -2.046205 0.520354 0.000000 0.2934 0.2934 0.3035
v -2.118788 0.401908 0.000000 0.2934 0.2934 0.3035
v -1.330000 0.885278 0.000000 0.2934 0.2934 0.3035
v -2.171950 0.273566 0.000000 0.2934 0.2934 0.3035
v -1.268724 0.880455 0.000000 0.2934 0.2934 0.3035
v -2.204379 0.138488 0.000000 0.2934 0.2934 0.3035
v -1.191512 -0.874379 0.000000 0.2934 0.2934 0.3035
v -0.928092 -0.788788 0.000000 0.2934 0.2934 0.3035
v -1.056434 -0.841949 0.000000 0.2934 0.2934 0.3035
v -0.704014 -0.625986 0.000000 0.2934 0.2934 0.3035
v -0.541212 -0.401908 0.000000 0.2934 0.2934 0.3035
v -0.809647 -0.716205 0.000000 0.2934 0.2934 0.3035
v -0.613795 -0.520353 0.000000 0.2934 0.2934 0.3035
v -2.171950 -0.273566 0.000000 0.2934 0.2934 0.3035
v -2.046205 -0.520353 0.000000 0.2934 0.2934 0.3035
v -2.118789 -0.401908 0.000000 0.2934 0.2934 0.3035
v -1.850354 -0.716205 0.000000 0.2934 0.2934 0.3035
v -1.468488 -0.874379 0.000000 0.2934 0.2934 0.3035
v -1.603566 -0.841949 0.000000 0.2934 0.2934 0.3035
v -1.731908 -0.788788 0.000000 0.2934 0.2934 0.3035
v -1.955986 -0.625986 0.000000 0.2934 0.2934 0.3035
v -0.541212 0.401908 0.000000 0.2934 0.2934 0.3035
v -0.613795 0.520353 0.000000 0.2934 0.2934 0.3035
v -0.444722 -0.000000 0.000000 0.2934 0.2934 0.3035
v -0.455621 0.138488 0.000000 0.2934 0.2934 0.3035
v -0.488051 -0.273566 0.000000 0.2934 0.2934 0.3035
v -0.455621 -0.138488 0.000000 0.2934 0.2934 0.3035
v -0.488051 0.273566 0.000000 0.2934 0.2934 0.3035
v -1.330000 -0.885278 0.000000 0.2934 0.2934 0.3035
v -2.204379 -0.138488 0.000000 0.2934 0.2934 0.3035
v -2.215278 0.000000 0.000000 0.2934 0.2934 0.3035
v -1.191512 0.874379 0.000000 0.2934 0.2934 0.3035
v -0.928092 0.788788 0.000000 0.2934 0.2934 0.3035
v -1.056434 0.841949 0.000000 0.2934 0.2934 0.3035
v -0.704014 0.625986 0.000000 0.2934 0.2934 0.3035
v -0.809647 0.716205 0.000000 0.2934 0.2934 0.3035
v -4.585279 -1.930000 0.000000 0.2934 0.2934 0.3035
v -4.574379 -1.791512 0.000000 0.2934 0.2934 0.3035
v -4.488789 -1.528092 0.000000 0.2934 0.2934 0.3035
v -4.541950 -1.656434 0.000000 0.2934 0.2934 0.3035
v -4.574379 -2.068488 0.000000 0.2934 0.2934 0.3035
v -4.325986 -1.304014 0.000000 0.2934 0.2934 0.3035
v -4.416205 -1.409646 0.000000 0.2934 0.2934 0.3035
v -4.541950 -2.203566 0.000000 0.2934 0.2934 0.3035
v -4.220354 -1.213795 0.000000 0.2934 0.2934 0.3035
v -4.092009 -1.137111 0.000000 0.2934 0.2934 0.3035
v -4.101908 -1.141211 0.000000 0.2934 0.2934 0.3035
v -4.488789 -2.331908 0.000000 0.2934 0.2934 0.3035
v -4.416205 -2.450353 0.000000 0.2934 0.2934 0.3035
v -4.325986 -2.555986 0.000000 0.2934 0.2934 0.3035
v -4.220354 -2.646205 0.000000 0.2934 0.2934 0.3035
v -4.101908 -2.718788 0.000000 0.2934 0.2934 0.3035
v -3.973566 -2.771950 0.000000 0.2934 0.2934 0.3035
v -3.973566 -1.088050 0.000000 0.2934 0.2934 0.3035
v -3.896290 -1.069498 0.000000 0.2934 0.2934 0.3035
v -3.838488 -2.804379 0.000000 0.2934 0.2934 0.3035
v -3.838488 -1.055621 0.000000 0.2934 0.2934 0.3035
v -3.561512 -2.804379 0.000000 0.2934 0.2934 0.3035
v -3.561512 -1.055621 0.000000 0.2934 0.2934 0.3035
v -3.700000 -2.815278 0.000000 0.2934 0.2934 0.3035
v -3.700000 -1.044722 0.000000 0.2934 0.2934 0.3035
v -3.426434 -2.771950 0.000000 0.2934 0.2934 0.3035
v -3.298092 -2.718788 0.000000 0.2934 0.2934 0.3035
v -3.298092 -1.141212 0.000000 0.2934 0.2934 0.3035
v -3.074014 -2.555986 0.000000 0.2934 0.2934 0.3035
v -3.074014 -1.304014 0.000000 0.2934 0.2934 0.3035
v -3.179647 -2.646205 0.000000 0.2934 0.2934 0.3035
v -3.179647 -1.213795 0.000000 0.2934 0.2934 0.3035
v -2.911211 -2.331908 0.000000 0.2934 0.2934 0.3035
v -2.911211 -1.528092 0.000000 0.2934 0.2934 0.3035
v -2.814722 -1.930000 0.000000 0.2934 0.2934 0.3035
v -2.825621 -1.791512 0.000000 0.2934 0.2934 0.3035
v -2.825621 -2.068488 0.000000 0.2934 0.2934 0.3035
v -2.858051 -1.656434 0.000000 0.2934 0.2934 0.3035
v -2.858051 -2.203566 0.000000 0.2934 0.2934 0.3035
v -2.983795 -1.409647 0.000000 0.2934 0.2934 0.3035
v -2.983795 -2.450353 0.000000 0.2934 0.2934 0.3035
v -3.426434 -1.088051 0.000000 0.2934 0.2934 0.3035
v -1.731908 -1.141211 0.000000 0.2934 0.2934 0.3035
v -1.603566 -1.088050 0.000000 0.2934 0.2934 0.3035
v -1.955986 -1.304014 0.000000 0.2934 0.2934 0.3035
v -1.850353 -1.213795 0.000000 0.2934 0.2934 0.3035
v -1.468488 -1.055621 0.000000 0.2934 0.2934 0.3035
v -1.426836 -1.052343 0.000000 0.2934 0.2934 0.3035
v -2.046205 -1.409646 0.000000 0.2934 0.2934 0.3035
v -2.118788 -1.528092 0.000000 0.2934 0.2934 0.3035
v -1.330000 -1.044722 0.000000 0.2934 0.2934 0.3035
v -2.171950 -1.656434 0.000000 0.2934 0.2934 0.3035
v -1.268724 -1.049545 0.000000 0.2934 0.2934 0.3035
v -2.204379 -1.791512 0.000000 0.2934 0.2934 0.3035
v -2.215278 -1.930000 0.000000 0.2934 0.2934 0.3035
v -2.171950 -2.203566 0.000000 0.2934 0.2934 0.3035
v -2.204379 -2.068488 0.000000 0.2934 0.2934 0.3035
v -2.118789 -2.331908 0.000000 0.2934 0.2934 0.3035
v -1.955986 -2.555986 0.000000 0.2934 0.2934 0.3035
v -2.046205 -2.450353 0.000000 0.2934 0.2934 0.3035
v -1.850354 -2.646205 0.000000 0.2934 0.2934 0.3035
v -1.731908 -2.718788 0.000000 0.2934 0.2934 0.3035
v -1.603566 -2.771950 0.000000 0.2934 0.2934 0.3035
v -1.056434 -2.771950 0.000000 0.2934 0.2934 0.3035
v -1.191512 -1.055621 0.000000 0.2934 0.2934 0.3035
v -1.191512 -2.804379 0.000000 0.2934 0.2934 0.3035
v -0.809647 -1.213795 0.000000 0.2934 0.2934 0.3035
v -0.928092 -1.141212 0.000000 0.2934 0.2934 0.3035
v -0.704014 -2.555986 0.000000 0.2934 0.2934 0.3035
v -0.704014 -1.304014 0.000000 0.2934 0.2934 0.3035
v -0.809647 -2.646205 0.000000 0.2934 0.2934 0.3035
v -0.613795 -1.409647 0.000000 0.2934 0.2934 0.3035
v -0.541212 -2.331908 0.000000 0.2934 0.2934 0.3035
v -0.541212 -1.528092 0.000000 0.2934 0.2934 0.3035
v -0.444722 -1.930000 0.000000 0.2934 0.2934 0.3035
v -0.455621 -2.068488 0.000000 0.2934 0.2934 0.3035
v -0.455621 -1.791512 0.000000 0.2934 0.2934 0.3035
v -0.488051 -2.203566 0.000000 0.2934 0.2934 0.3035
v -0.488051 -1.656434 0.000000 0.2934 0.2934 0.3035
v -0.928092 -2.718788 0.000000 0.2934 0.2934 0.3035
v -0.613795 -2.450353 0.000000 0.2934 0.2934 0.3035
v -1.056434 -1.088051 0.000000 0.2934 0.2934 0.3035
v -1.468488 -2.804379 0.000000 0.2934 0.2934 0.3035
v -1.330000 -2.815278 0.000000 0.2934 0.2934 0.3035
v 4.550000 -0.865000 0.000000 0.2934 0.2934 0.3035
v 0.510000 -2.179912 0.000000 0.2934 0.2934 0.3035
v 0.510000 -0.865000 0.000000 0.2934 0.2934 0.3035
v 4.550000 -3.135000 0.000000 0.2934 0.2934 0.3035
v 0.510000 -3.135000 0.000000 0.2934 0.2934 0.3035
v 1.720000 1.043257 0.000000 0.2934 0.2934 0.3035
v 1.910538 1.189462 0.000000 0.2934 0.2934 0.3035
v 1.820060 1.110115 0.000000 0.2934 0.2934 0.3035
v 1.612069 0.990031 0.000000 0.2934 0.2934 0.3035
v 1.989885 1.279940 0.000000 0.2934 0.2934 0.3035
v 1.498114 0.951348 0.000000 0.2934 0.2934 0.3035
v 1.380084 0.927871 0.000000 0.2934 0.2934 0.3035
v 2.056743 1.380000 0.000000 0.2934 0.2934 0.3035
v 1.260000 0.920000 0.000000 0.2934 0.2934 0.3035
v 2.109969 1.487931 0.000000 0.2934 0.2934 0.3035
v 1.139916 0.927871 0.000000 0.2934 0.2934 0.3035
v 1.021886 0.951348 0.000000 0.2934 0.2934 0.3035
v 2.148652 1.601887 0.000000 0.2934 0.2934 0.3035
v 0.907931 0.990031 0.000000 0.2934 0.2934 0.3035
v 2.172129 1.719916 0.000000 0.2934 0.2934 0.3035
v 0.800000 1.043257 0.000000 0.2934 0.2934 0.3035
v 2.180000 1.840000 0.000000 0.2934 0.2934 0.3035
v 1.021886 2.728652 0.000000 0.2934 0.2934 0.3035
v 1.139916 2.752129 0.000000 0.2934 0.2934 0.3035
v 1.260000 2.760000 0.000000 0.2934 0.2934 0.3035
v 0.699939 2.569885 0.000000 0.2934 0.2934 0.3035
v 0.800000 2.636744 0.000000 0.2934 0.2934 0.3035
v 0.907931 2.689969 0.000000 0.2934 0.2934 0.3035
v 1.498114 2.728652 0.000000 0.2934 0.2934 0.3035
v 1.380084 2.752129 0.000000 0.2934 0.2934 0.3035
v 0.699939 1.110115 0.000000 0.2934 0.2934 0.3035
v 0.609462 1.189462 0.000000 0.2934 0.2934 0.3035
v 2.172129 1.960084 0.000000 0.2934 0.2934 0.3035
v 0.609462 2.490538 0.000000 0.2934 0.2934 0.3035
v 1.612069 2.689969 0.000000 0.2934 0.2934 0.3035
v 0.463257 2.300000 0.000000 0.2934 0.2934 0.3035
v 0.530115 2.400061 0.000000 0.2934 0.2934 0.3035
v 1.720000 2.636744 0.000000 0.2934 0.2934 0.3035
v 0.530115 1.279940 0.000000 0.2934 0.2934 0.3035
v 0.463257 1.380000 0.000000 0.2934 0.2934 0.3035
v 2.148652 2.078114 0.000000 0.2934 0.2934 0.3035
v 0.410031 2.192069 0.000000 0.2934 0.2934 0.3035
v 1.820060 2.569885 0.000000 0.2934 0.2934 0.3035
v 0.360908 2.025625 0.000000 0.2934 0.2934 0.3035
v 0.371348 2.078114 0.000000 0.2934 0.2934 0.3035
v 1.910538 2.490538 0.000000 0.2934 0.2934 0.3035
v 0.410031 1.487931 0.000000 0.2934 0.2934 0.3035
v 2.109969 2.192069 0.000000 0.2934 0.2934 0.3035
v 0.344877 1.914408 0.000000 0.2934 0.2934 0.3035
v 0.347871 1.960084 0.000000 0.2934 0.2934 0.3035
v 0.340000 1.840000 0.000000 0.2934 0.2934 0.3035
v 1.989885 2.400061 0.000000 0.2934 0.2934 0.3035
v 0.371348 1.601887 0.000000 0.2934 0.2934 0.3035
v 0.347871 1.719916 0.000000 0.2934 0.2934 0.3035
v 2.056743 2.300000 0.000000 0.2934 0.2934 0.3035
v 2.360000 0.270000 0.000000 0.2934 0.2934 0.3035
v 2.367871 0.149916 0.000000 0.2934 0.2934 0.3035
v 2.391348 0.031886 0.000000 0.2934 0.2934 0.3035
v 2.391348 0.508114 0.000000 0.2934 0.2934 0.3035
v 2.367871 0.390084 0.000000 0.2934 0.2934 0.3035
v 2.629462 -0.380538 0.000000 0.2934 0.2934 0.3035
v 2.550115 -0.290060 0.000000 0.2934 0.2934 0.3035
v 2.483257 -0.190000 0.000000 0.2934 0.2934 0.3035
v 2.483257 0.730000 0.000000 0.2934 0.2934 0.3035
v 2.430031 -0.082069 0.000000 0.2934 0.2934 0.3035
v 2.430031 0.622069 0.000000 0.2934 0.2934 0.3035
v 2.927931 -0.579969 0.000000 0.2934 0.2934 0.3035
v 2.820000 -0.526743 0.000000 0.2934 0.2934 0.3035
v 3.280000 -0.650000 0.000000 0.2934 0.2934 0.3035
v 3.159916 -0.642129 0.000000 0.2934 0.2934 0.3035
v 3.041886 -0.618652 0.000000 0.2934 0.2934 0.3035
v 3.518114 -0.618652 0.000000 0.2934 0.2934 0.3035
v 3.632069 -0.579969 0.000000 0.2934 0.2934 0.3035
v 3.840060 -0.459885 0.000000 0.2934 0.2934 0.3035
v 3.930538 -0.380538 0.000000 0.2934 0.2934 0.3035
v 3.740000 -0.526743 0.000000 0.2934 0.2934 0.3035
v 3.400084 -0.642129 0.000000 0.2934 0.2934 0.3035
v 2.719939 -0.459885 0.000000 0.2934 0.2934 0.3035
v 2.550115 0.830060 0.000000 0.2934 0.2934 0.3035
v 2.613126 0.901911 0.000000 0.2934 0.2934 0.3035
v 2.629462 0.920538 0.000000 0.2934 0.2934 0.3035
v 2.719939 0.999885 0.000000 0.2934 0.2934 0.3035
v 2.820000 1.066743 0.000000 0.2934 0.2934 0.3035
v 3.041886 1.158652 0.000000 0.2934 0.2934 0.3035
v 2.927931 1.119969 0.000000 0.2934 0.2934 0.3035
v 3.400084 1.182129 0.000000 0.2934 0.2934 0.3035
v 3.280000 1.190000 0.000000 0.2934 0.2934 0.3035
v 3.740000 1.066743 0.000000 0.2934 0.2934 0.3035
v 3.632069 1.119969 0.000000 0.2934 0.2934 0.3035
v 3.518114 1.158652 0.000000 0.2934 0.2934 0.3035
v 3.159916 1.182129 0.000000 0.2934 0.2934 0.3035
v 3.930538 0.920538 0.000000 0.2934 0.2934 0.3035
v 4.076743 -0.190000 0.000000 0.2934 0.2934 0.3035
v 4.076743 0.730000 0.000000 0.2934 0.2934 0.3035
v 4.009885 -0.290060 0.000000 0.2934 0.2934 0.3035
v 4.009885 0.830060 0.000000 0.2934 0.2934 0.3035
v 4.168652 0.031886 0.000000 0.2934 0.2934 0.3035
v 4.168652 0.508114 0.000000 0.2934 0.2934 0.3035
v 4.200000 0.270000 0.000000 0.2934 0.2934 0.3035
v 4.192129 0.149916 0.000000 0.2934 0.2934 0.3035
v 4.192129 0.390084 0.000000 0.2934 0.2934 0.3035
v 4.129969 0.622069 0.000000 0.2934 0.2934 0.3035
v 4.129969 -0.082069 0.000000 0.2934 0.2934 0.3035
v 3.840060 0.999885 0.000000 0.2934 0.2934 0.3035
v 0.646886 -2.834858 -0.328194 0.9162 0.9162 0.9212
v 0.766806 -2.839226 -0.368194 0.9162 0.9162 0.9212
v 1.246488 -2.856694 -0.388196 0.9162 0.9162 0.9212
v 3.644898 -2.944034 -0.413204 0.9162 0.9162 0.9212
v 3.844766 -2.951313 -0.418205 0.9162 0.9162 0.9212
v 4.064620 -2.959319 -0.438206 0.9162 0.9162 0.9212
v 4.144567 -2.962230 -0.528206 0.9162 0.9162 0.9212
v 4.204527 -2.964414 -0.533206 0.9162 0.9162 0.9212
v 4.144567 -2.962230 -0.328206 0.9162 0.9162 0.9212
v 0.767304 -2.825554 -0.365782 0.9162 0.9162 0.9212
v 1.247235 -2.836186 -0.384577 0.9162 0.9162 0.9212
v 2.646494 -2.882008 -0.398678 0.9162 0.9162 0.9212
v 3.645956 -2.914982 -0.408078 0.9162 0.9162 0.9212
v 3.845886 -2.920551 -0.412777 0.9162 0.9162 0.9212
v 3.965757 -2.926286 -0.409019 0.9162 0.9162 0.9212
v 4.065989 -2.921722 -0.431572 0.9162 0.9162 0.9212
v 4.147056 -2.893872 -0.516145 0.9162 0.9162 0.9212
v 4.207078 -2.894346 -0.520843 0.9162 0.9162 0.9212
v 4.226692 -2.905328 -0.492653 0.9162 0.9162 0.9212
v 4.185909 -2.926089 -0.431573 0.9162 0.9162 0.9212
v 0.767742 -2.813531 -0.358836 0.9162 0.9162 0.9212
v 1.247892 -2.818152 -0.374158 0.9162 0.9162 0.9212
v 2.647315 -2.859465 -0.385654 0.9162 0.9162 0.9212
v 3.646887 -2.889434 -0.393318 0.9162 0.9162 0.9212
v 3.846871 -2.893500 -0.397149 0.9162 0.9162 0.9212
v 3.966698 -2.900437 -0.394085 0.9162 0.9162 0.9212
v 4.067193 -2.888659 -0.412471 0.9162 0.9162 0.9212
v 4.149245 -2.833758 -0.481415 0.9162 0.9162 0.9212
v 4.209322 -2.832730 -0.485246 0.9162 0.9162 0.9212
v 4.228607 -2.852728 -0.462264 0.9162 0.9162 0.9212
v 4.187114 -2.893026 -0.412471 0.9162 0.9162 0.9212
v 0.768067 -2.804607 -0.348194 0.9162 0.9162 0.9212
v 1.248379 -2.804767 -0.358196 0.9162 0.9162 0.9212
v 2.647924 -2.842734 -0.365701 0.9162 0.9162 0.9212
v 3.647577 -2.870471 -0.370704 0.9162 0.9162 0.9212
v 3.847602 -2.873422 -0.373205 0.9162 0.9162 0.9212
v 3.967397 -2.881251 -0.371206 0.9162 0.9162 0.9212
v 4.068087 -2.864119 -0.383206 0.9162 0.9162 0.9212
v 4.150870 -2.789140 -0.428206 0.9162 0.9162 0.9212
v 4.210988 -2.786996 -0.430706 0.9162 0.9162 0.9212
v 4.230029 -2.813688 -0.415707 0.9162 0.9162 0.9212
v 4.188007 -2.868486 -0.383206 0.9162 0.9162 0.9212
v 0.768240 -2.799859 -0.335140 0.9162 0.9162 0.9212
v 1.248639 -2.797644 -0.338615 0.9162 0.9162 0.9212
v 2.648249 -2.833831 -0.341224 0.9162 0.9162 0.9212
v 3.647945 -2.860381 -0.342965 0.9162 0.9162 0.9212
v 3.847991 -2.862739 -0.343833 0.9162 0.9162 0.9212
v 3.967769 -2.871042 -0.343139 0.9162 0.9162 0.9212
v 4.068563 -2.851062 -0.347307 0.9162 0.9162 0.9212
v 4.151735 -2.765399 -0.362936 0.9162 0.9162 0.9212
v 4.211874 -2.762662 -0.363804 0.9162 0.9162 0.9212
v 4.230786 -2.792915 -0.358595 0.9162 0.9162 0.9212
v 4.188483 -2.855429 -0.347308 0.9162 0.9162 0.9212
v 0.768240 -2.799859 -0.321248 0.9162 0.9162 0.9212
v 1.248639 -2.797644 -0.317777 0.9162 0.9162 0.9212
v 2.648249 -2.833831 -0.315177 0.9162 0.9162 0.9212
v 3.647945 -2.860381 -0.313444 0.9162 0.9162 0.9212
v 3.847991 -2.862739 -0.312577 0.9162 0.9162 0.9212
v 3.967769 -2.871042 -0.313272 0.9162 0.9162 0.9212
v 4.068563 -2.851062 -0.309105 0.9162 0.9162 0.9212
v 4.151735 -2.765399 -0.293477 0.9162 0.9162 0.9212
v 4.211874 -2.762662 -0.292609 0.9162 0.9162 0.9212
v 4.230786 -2.792915 -0.297818 0.9162 0.9162 0.9212
v 4.188483 -2.855429 -0.309105 0.9162 0.9162 0.9212
v 0.768067 -2.804607 -0.308194 0.9162 0.9162 0.9212
v 1.248379 -2.804767 -0.298196 0.9162 0.9162 0.9212
v 2.647925 -2.842734 -0.290701 0.9162 0.9162 0.9212
v 3.647578 -2.870471 -0.285704 0.9162 0.9162 0.9212
v 3.847603 -2.873422 -0.283205 0.9162 0.9162 0.9212
v 3.967397 -2.881251 -0.285206 0.9162 0.9162 0.9212
v 4.068088 -2.864119 -0.273206 0.9162 0.9162 0.9212
v 4.150871 -2.789140 -0.228206 0.9162 0.9162 0.9212
v 4.210989 -2.786996 -0.225706 0.9162 0.9162 0.9212
v 4.230030 -2.813688 -0.240707 0.9162 0.9162 0.9212
v 4.188008 -2.868486 -0.273206 0.9162 0.9162 0.9212
v 0.767742 -2.813531 -0.297552 0.9162 0.9162 0.9212
v 1.247892 -2.818152 -0.282233 0.9162 0.9162 0.9212
v 2.647316 -2.859465 -0.270747 0.9162 0.9162 0.9212
v 3.646887 -2.889434 -0.263091 0.9162 0.9162 0.9212
v 3.846872 -2.893500 -0.259261 0.9162 0.9162 0.9212
v 3.966699 -2.900437 -0.262326 0.9162 0.9162 0.9212
v 4.067194 -2.888659 -0.243941 0.9162 0.9162 0.9212
v 4.149246 -2.833758 -0.174997 0.9162 0.9162 0.9212
v 4.209323 -2.832730 -0.171167 0.9162 0.9162 0.9212
v 4.228608 -2.852728 -0.194149 0.9162 0.9162 0.9212
v 4.187114 -2.893026 -0.243941 0.9162 0.9162 0.9212
v 0.767304 -2.825554 -0.290606 0.9162 0.9162 0.9212
v 1.247235 -2.836186 -0.271814 0.9162 0.9162 0.9212
v 2.646495 -2.882008 -0.257724 0.9162 0.9162 0.9212
v 3.645957 -2.914982 -0.248331 0.9162 0.9162 0.9212
v 3.845887 -2.920551 -0.243633 0.9162 0.9162 0.9212
v 3.965757 -2.926286 -0.247392 0.9162 0.9162 0.9212
v 4.065990 -2.921722 -0.224840 0.9162 0.9162 0.9212
v 4.147058 -2.893872 -0.140268 0.9162 0.9162 0.9212
v 4.207080 -2.894346 -0.135569 0.9162 0.9162 0.9212
v 4.226693 -2.905328 -0.163760 0.9162 0.9162 0.9212
v 4.185910 -2.926089 -0.224840 0.9162 0.9162 0.9212
v 0.766806 -2.839226 -0.288194 0.9162 0.9162 0.9212
v 1.246488 -2.856694 -0.268196 0.9162 0.9162 0.9212
v 2.645561 -2.907642 -0.253201 0.9162 0.9162 0.9212
v 3.644899 -2.944034 -0.243204 0.9162 0.9162 0.9212
v 3.844766 -2.951313 -0.238205 0.9162 0.9162 0.9212
v 3.964687 -2.955680 -0.242206 0.9162 0.9162 0.9212
v 4.064621 -2.959319 -0.218206 0.9162 0.9162 0.9212
v 4.144568 -2.962230 -0.128206 0.9162 0.9162 0.9212
v 4.204528 -2.964414 -0.123206 0.9162 0.9162 0.9212
v 4.224515 -2.965142 -0.153207 0.9162 0.9162 0.9212
v 4.184541 -2.963686 -0.218206 0.9162 0.9162 0.9212
v 0.766308 -2.852897 -0.290606 0.9162 0.9162 0.9212
v 1.245742 -2.877201 -0.271814 0.9162 0.9162 0.9212
v 2.644628 -2.933277 -0.257724 0.9162 0.9162 0.9212
v 3.643841 -2.973087 -0.248331 0.9162 0.9162 0.9212
v 3.843646 -2.982074 -0.243633 0.9162 0.9162 0.9212
v 3.963616 -2.985074 -0.247392 0.9162 0.9162 0.9212
v 4.063251 -2.996916 -0.224840 0.9162 0.9162 0.9212
v 4.142078 -3.030589 -0.140268 0.9162 0.9162 0.9212
v 4.201977 -3.034482 -0.135569 0.9162 0.9162 0.9212
v 4.222337 -3.024956 -0.163760 0.9162 0.9162 0.9212
v 4.183172 -3.001283 -0.224840 0.9162 0.9162 0.9212
v 0.765871 -2.864920 -0.297552 0.9162 0.9162 0.9212
v 1.245085 -2.895235 -0.282233 0.9162 0.9162 0.9212
v 2.643807 -2.955820 -0.270747 0.9162 0.9162 0.9212
v 3.642910 -2.998635 -0.263091 0.9162 0.9162 0.9212
v 3.842661 -3.009125 -0.259261 0.9162 0.9162 0.9212
v 3.962675 -3.010923 -0.262326 0.9162 0.9162 0.9212
v 4.062047 -3.029979 -0.243941 0.9162 0.9162 0.9212
v 4.139889 -3.090703 -0.174997 0.9162 0.9162 0.9212
v 4.199733 -3.096098 -0.171167 0.9162 0.9162 0.9212
v 4.220421 -3.077555 -0.194149 0.9162 0.9162 0.9212
v 4.181968 -3.034346 -0.243941 0.9162 0.9162 0.9212
v 0.765545 -2.873844 -0.308194 0.9162 0.9162 0.9212
v 1.244597 -2.908621 -0.298196 0.9162 0.9162 0.9212
v 2.643197 -2.972551 -0.290701 0.9162 0.9162 0.9212
v 3.642220 -3.017598 -0.285704 0.9162 0.9162 0.9212
v 3.841930 -3.029203 -0.283205 0.9162 0.9162 0.9212
v 3.961976 -3.030109 -0.285206 0.9162 0.9162 0.9212
v 4.061154 -3.054519 -0.273206 0.9162 0.9162 0.9212
v 4.138264 -3.135321 -0.228206 0.9162 0.9162 0.9212
v 4.198067 -3.141831 -0.225706 0.9162 0.9162 0.9212
v 4.218999 -3.116596 -0.240707 0.9162 0.9162 0.9212
v 4.181074 -3.058886 -0.273206 0.9162 0.9162 0.9212
v 0.765373 -2.878592 -0.321248 0.9162 0.9162 0.9212
v 1.244338 -2.915743 -0.317777 0.9162 0.9162 0.9212
v 2.642873 -2.981454 -0.315177 0.9162 0.9162 0.9212
v 3.641852 -3.027688 -0.313444 0.9162 0.9162 0.9212
v 3.841541 -3.039887 -0.312577 0.9162 0.9162 0.9212
v 3.961604 -3.040317 -0.313272 0.9162 0.9162 0.9212
v 4.060678 -3.067576 -0.309105 0.9162 0.9162 0.9212
v 4.137400 -3.159061 -0.293477 0.9162 0.9162 0.9212
v 4.197181 -3.166166 -0.292609 0.9162 0.9162 0.9212
v 4.218243 -3.137369 -0.297818 0.9162 0.9162 0.9212
v 4.180598 -3.071943 -0.309105 0.9162 0.9162 0.9212
v 0.765373 -2.878592 -0.335140 0.9162 0.9162 0.9212
v 1.244338 -2.915743 -0.338615 0.9162 0.9162 0.9212
v 2.642873 -2.981454 -0.341224 0.9162 0.9162 0.9212
v 3.641852 -3.027688 -0.342965 0.9162 0.9162 0.9212
v 3.841540 -3.039887 -0.343833 0.9162 0.9162 0.9212
v 3.961604 -3.040317 -0.343139 0.9162 0.9162 0.9212
v 4.060678 -3.067576 -0.347307 0.9162 0.9162 0.9212
v 4.137399 -3.159061 -0.362936 0.9162 0.9162 0.9212
v 4.197180 -3.166166 -0.363804 0.9162 0.9162 0.9212
v 4.218242 -3.137369 -0.358595 0.9162 0.9162 0.9212
v 4.180598 -3.071943 -0.347308 0.9162 0.9162 0.9212
v 0.765545 -2.873844 -0.348194 0.9162 0.9162 0.9212
v 1.244597 -2.908621 -0.358196 0.9162 0.9162 0.9212
v 2.643197 -2.972551 -0.365701 0.9162 0.9162 0.9212
v 3.642220 -3.017598 -0.370704 0.9162 0.9162 0.9212
v 3.841929 -3.029203 -0.373205 0.9162 0.9162 0.9212
v 3.961976 -3.030109 -0.371206 0.9162 0.9162 0.9212
v 4.061153 -3.054519 -0.383206 0.9162 0.9162 0.9212
v 4.138264 -3.135321 -0.428206 0.9162 0.9162 0.9212
v 4.198066 -3.141831 -0.430706 0.9162 0.9162 0.9212
v 4.218998 -3.116596 -0.415706 0.9162 0.9162 0.9212
v 4.181074 -3.058886 -0.383206 0.9162 0.9162 0.9212
v 0.765870 -2.864920 -0.358836 0.9162 0.9162 0.9212
v 1.245085 -2.895235 -0.374158 0.9162 0.9162 0.9212
v 2.643806 -2.955820 -0.385654 0.9162 0.9162 0.9212
v 3.642910 -2.998635 -0.393318 0.9162 0.9162 0.9212
v 3.842660 -3.009125 -0.397149 0.9162 0.9162 0.9212
v 3.962675 -3.010923 -0.394085 0.9162 0.9162 0.9212
v 4.062047 -3.029979 -0.412471 0.9162 0.9162 0.9212
v 4.139888 -3.090703 -0.481415 0.9162 0.9162 0.9212
v 4.199731 -3.096098 -0.485246 0.9162 0.9162 0.9212
v 4.220420 -3.077555 -0.462264 0.9162 0.9162 0.9212
v 4.181967 -3.034346 -0.412471 0.9162 0.9162 0.9212
v 0.766308 -2.852897 -0.365782 0.9162 0.9162 0.9212
v 1.245741 -2.877201 -0.384577 0.9162 0.9162 0.9212
v 2.644627 -2.933277 -0.398678 0.9162 0.9162 0.9212
v 3.643840 -2.973087 -0.408078 0.9162 0.9162 0.9212
v 3.843646 -2.982074 -0.412777 0.9162 0.9162 0.9212
v 3.963616 -2.985074 -0.409019 0.9162 0.9162 0.9212
v 4.063251 -2.996916 -0.431572 0.9162 0.9162 0.9212
v 4.142077 -3.030589 -0.516145 0.9162 0.9162 0.9212
v 4.201975 -3.034482 -0.520843 0.9162 0.9162 0.9212
v 4.222335 -3.024956 -0.492653 0.9162 0.9162 0.9212
v 4.183171 -3.001283 -0.431573 0.9162 0.9162 0.9212
v 2.645561 -2.907642 -0.403201 0.9162 0.9162 0.9212
v 3.964686 -2.955680 -0.414206 0.9162 0.9162 0.9212
v 4.224514 -2.965142 -0.503206 0.9162 0.9162 0.9212
v 4.184540 -2.963686 -0.438206 0.9162 0.9162 0.9212
v 4.361679 -2.753803 -0.347394 0.9162 0.9162 0.9212
v 4.241921 -2.746174 -0.307394 0.9162 0.9162 0.9212
v 3.762892 -2.715657 -0.287396 0.9162 0.9162 0.9212
v 1.367747 -2.563072 -0.262404 0.9162 0.9162 0.9212
v 1.168152 -2.550356 -0.257405 0.9162 0.9162 0.9212
v 0.948597 -2.536369 -0.237406 0.9162 0.9162 0.9212
v 0.868759 -2.531283 -0.147406 0.9162 0.9162 0.9212
v 0.808880 -2.527469 -0.142406 0.9162 0.9162 0.9212
v 0.868759 -2.531283 -0.347406 0.9162 0.9162 0.9212
v 4.242791 -2.732521 -0.309806 0.9162 0.9162 0.9212
v 3.764197 -2.695177 -0.291014 0.9162 0.9162 0.9212
v 2.367355 -2.601049 -0.276924 0.9162 0.9162 0.9212
v 1.369596 -2.534059 -0.267531 0.9162 0.9162 0.9212
v 1.170109 -2.519637 -0.262833 0.9162 0.9162 0.9212
v 1.050265 -2.513373 -0.266592 0.9162 0.9162 0.9212
v 0.950989 -2.498823 -0.244040 0.9162 0.9162 0.9212
v 0.873108 -2.463017 -0.159468 0.9162 0.9162 0.9212
v 0.813338 -2.457496 -0.154769 0.9162 0.9162 0.9212
v 0.792726 -2.466465 -0.182960 0.9162 0.9162 0.9212
v 0.831232 -2.491194 -0.244040 0.9162 0.9162 0.9212
v 4.243556 -2.720514 -0.316752 0.9162 0.9162 0.9212
v 3.765344 -2.677168 -0.301433 0.9162 0.9162 0.9212
v 2.368790 -2.578537 -0.289947 0.9162 0.9162 0.9212
v 1.371221 -2.508545 -0.282291 0.9162 0.9162 0.9212
v 1.171830 -2.492623 -0.278461 0.9162 0.9162 0.9212
v 1.051910 -2.487559 -0.281526 0.9162 0.9162 0.9212
v 0.953092 -2.465806 -0.263141 0.9162 0.9162 0.9212
v 0.876932 -2.402986 -0.194197 0.9162 0.9162 0.9212
v 0.817258 -2.395964 -0.190367 0.9162 0.9162 0.9212
v 0.796072 -2.413937 -0.213349 0.9162 0.9162 0.9212
v 0.833335 -2.458177 -0.263141 0.9162 0.9162 0.9212
v 4.244123 -2.711603 -0.327394 0.9162 0.9162 0.9212
v 3.766196 -2.663800 -0.317396 0.9162 0.9162 0.9212
v 2.369854 -2.561828 -0.309901 0.9162 0.9162 0.9212
v 1.372428 -2.489609 -0.304904 0.9162 0.9162 0.9212
v 1.173108 -2.472572 -0.302405 0.9162 0.9162 0.9212
v 1.053130 -2.468400 -0.304406 0.9162 0.9162 0.9212
v 0.954654 -2.441299 -0.292406 0.9162 0.9162 0.9212
v 0.879771 -2.358428 -0.247406 0.9162 0.9162 0.9212
v 0.820168 -2.350293 -0.244906 0.9162 0.9162 0.9212
v 0.798556 -2.374949 -0.259907 0.9162 0.9162 0.9212
v 0.834897 -2.433670 -0.292406 0.9162 0.9162 0.9212
v 4.244426 -2.706861 -0.340448 0.9162 0.9162 0.9212
v 3.766649 -2.656688 -0.336977 0.9162 0.9162 0.9212
v 2.370420 -2.552938 -0.334377 0.9162 0.9162 0.9212
v 1.373070 -2.479532 -0.332644 0.9162 0.9162 0.9212
v 1.173787 -2.461903 -0.331777 0.9162 0.9162 0.9212
v 1.053780 -2.458205 -0.332472 0.9162 0.9162 0.9212
v 0.955485 -2.428260 -0.328305 0.9162 0.9162 0.9212
v 0.881281 -2.334720 -0.312677 0.9162 0.9162 0.9212
v 0.821716 -2.325991 -0.311809 0.9162 0.9162 0.9212
v 0.799878 -2.354204 -0.317018 0.9162 0.9162 0.9212
v 0.835727 -2.420630 -0.328305 0.9162 0.9162 0.9212
v 4.244426 -2.706861 -0.354340 0.9162 0.9162 0.9212
v 3.766649 -2.656688 -0.357815 0.9162 0.9162 0.9212
v 2.370421 -2.552938 -0.360424 0.9162 0.9162 0.9212
v 1.373070 -2.479532 -0.362164 0.9162 0.9162 0.9212
v 1.173787 -2.461903 -0.363033 0.9162 0.9162 0.9212
v 1.053780 -2.458205 -0.362339 0.9162 0.9162 0.9212
v 0.955485 -2.428260 -0.366507 0.9162 0.9162 0.9212
v 0.881282 -2.334720 -0.382136 0.9162 0.9162 0.9212
v 0.821716 -2.325992 -0.383004 0.9162 0.9162 0.9212
v 0.799878 -2.354204 -0.377795 0.9162 0.9162 0.9212
v 0.835728 -2.420630 -0.366508 0.9162 0.9162 0.9212
v 4.244124 -2.711603 -0.367394 0.9162 0.9162 0.9212
v 3.766196 -2.663800 -0.377396 0.9162 0.9162 0.9212
v 2.369854 -2.561828 -0.384901 0.9162 0.9162 0.9212
v 1.372428 -2.489609 -0.389904 0.9162 0.9162 0.9212
v 1.173108 -2.472572 -0.392405 0.9162 0.9162 0.9212
v 1.053131 -2.468400 -0.390406 0.9162 0.9162 0.9212
v 0.954654 -2.441299 -0.402406 0.9162 0.9162 0.9212
v 0.879772 -2.358429 -0.447406 0.9162 0.9162 0.9212
v 0.820168 -2.350293 -0.449906 0.9162 0.9162 0.9212
v 0.798557 -2.374949 -0.434906 0.9162 0.9162 0.9212
v 0.834897 -2.433670 -0.402406 0.9162 0.9162 0.9212
v 4.243556 -2.720514 -0.378036 0.9162 0.9162 0.9212
v 3.765345 -2.677168 -0.393358 0.9162 0.9162 0.9212
v 2.368790 -2.578537 -0.404854 0.9162 0.9162 0.9212
v 1.371222 -2.508545 -0.412518 0.9162 0.9162 0.9212
v 1.171831 -2.492623 -0.416349 0.9162 0.9162 0.9212
v 1.051910 -2.487559 -0.413285 0.9162 0.9162 0.9212
v 0.953093 -2.465806 -0.431671 0.9162 0.9162 0.9212
v 0.876933 -2.402986 -0.500615 0.9162 0.9162 0.9212
v 0.817259 -2.395964 -0.504446 0.9162 0.9162 0.9212
v 0.796073 -2.413937 -0.481464 0.9162 0.9162 0.9212
v 0.833336 -2.458177 -0.431671 0.9162 0.9162 0.9212
v 4.242791 -2.732521 -0.384982 0.9162 0.9162 0.9212
v 3.764197 -2.695177 -0.403777 0.9162 0.9162 0.9212
v 2.367356 -2.601049 -0.417878 0.9162 0.9162 0.9212
v 1.369596 -2.534059 -0.427278 0.9162 0.9162 0.9212
v 1.170110 -2.519637 -0.431977 0.9162 0.9162 0.9212
v 1.050266 -2.513373 -0.428219 0.9162 0.9162 0.9212
v 0.950990 -2.498823 -0.450772 0.9162 0.9162 0.9212
v 0.873109 -2.463018 -0.535345 0.9162 0.9162 0.9212
v 0.813339 -2.457496 -0.540043 0.9162 0.9162 0.9212
v 0.792727 -2.466465 -0.511853 0.9162 0.9162 0.9212
v 0.831233 -2.491194 -0.450773 0.9162 0.9162 0.9212
v 4.241921 -2.746174 -0.387394 0.9162 0.9162 0.9212
v 3.762893 -2.715657 -0.407396 0.9162 0.9162 0.9212
v 2.365725 -2.626649 -0.422401 0.9162 0.9162 0.9212
v 1.367748 -2.563072 -0.432404 0.9162 0.9162 0.9212
v 1.168153 -2.550356 -0.437405 0.9162 0.9162 0.9212
v 1.048396 -2.542727 -0.433406 0.9162 0.9162 0.9212
v 0.948598 -2.536370 -0.457406 0.9162 0.9162 0.9212
v 0.868760 -2.531283 -0.547406 0.9162 0.9162 0.9212
v 0.808882 -2.527469 -0.552406 0.9162 0.9162 0.9212
v 0.788922 -2.526197 -0.522406 0.9162 0.9162 0.9212
v 0.828841 -2.528740 -0.457406 0.9162 0.9162 0.9212
v 4.241052 -2.759827 -0.384982 0.9162 0.9162 0.9212
v 3.761588 -2.736136 -0.403777 0.9162 0.9162 0.9212
v 2.364094 -2.652249 -0.417878 0.9162 0.9162 0.9212
v 1.365900 -2.592085 -0.427278 0.9162 0.9162 0.9212
v 1.166196 -2.581076 -0.431977 0.9162 0.9162 0.9212
v 1.046525 -2.572081 -0.428219 0.9162 0.9162 0.9212
v 0.946206 -2.573915 -0.450772 0.9162 0.9162 0.9212
v 0.864411 -2.599549 -0.535345 0.9162 0.9162 0.9212
v 0.804424 -2.597441 -0.540043 0.9162 0.9162 0.9212
v 0.785117 -2.585930 -0.511853 0.9162 0.9162 0.9212
v 0.826449 -2.566286 -0.450773 0.9162 0.9162 0.9212
v 4.240287 -2.771833 -0.378036 0.9162 0.9162 0.9212
v 3.760441 -2.754146 -0.393358 0.9162 0.9162 0.9212
v 2.362660 -2.674761 -0.404854 0.9162 0.9162 0.9212
v 1.364274 -2.617598 -0.412518 0.9162 0.9162 0.9212
v 1.164475 -2.608090 -0.416349 0.9162 0.9162 0.9212
v 1.044881 -2.597895 -0.413285 0.9162 0.9162 0.9212
v 0.944102 -2.606933 -0.431671 0.9162 0.9162 0.9212
v 0.860587 -2.659581 -0.500615 0.9162 0.9162 0.9212
v 0.800504 -2.658974 -0.504446 0.9162 0.9162 0.9212
v 0.781770 -2.638457 -0.481464 0.9162 0.9162 0.9212
v 0.824345 -2.599304 -0.431671 0.9162 0.9162 0.9212
v 4.239719 -2.780745 -0.367394 0.9162 0.9162 0.9212
v 3.759589 -2.767513 -0.377396 0.9162 0.9162 0.9212
v 2.361595 -2.691469 -0.384901 0.9162 0.9162 0.9212
v 1.363068 -2.636535 -0.389904 0.9162 0.9162 0.9212
v 1.163197 -2.628141 -0.392405 0.9162 0.9162 0.9212
v 1.043660 -2.617055 -0.390406 0.9162 0.9162 0.9212
v 0.942541 -2.631439 -0.402406 0.9162 0.9162 0.9212
v 0.857748 -2.704138 -0.447406 0.9162 0.9162 0.9212
v 0.797594 -2.704645 -0.449906 0.9162 0.9162 0.9212
v 0.779286 -2.677445 -0.434906 0.9162 0.9162 0.9212
v 0.822784 -2.623810 -0.402406 0.9162 0.9162 0.9212
v 4.239417 -2.785486 -0.354340 0.9162 0.9162 0.9212
v 3.759136 -2.774626 -0.357815 0.9162 0.9162 0.9212
v 2.361029 -2.700360 -0.360424 0.9162 0.9162 0.9212
v 1.362426 -2.646611 -0.362164 0.9162 0.9162 0.9212
v 1.162517 -2.638810 -0.363033 0.9162 0.9162 0.9212
v 1.043011 -2.627249 -0.362339 0.9162 0.9162 0.9212
v 0.941710 -2.644479 -0.366507 0.9162 0.9162 0.9212
v 0.856237 -2.727846 -0.382136 0.9162 0.9162 0.9212
v 0.796046 -2.728946 -0.383004 0.9162 0.9162 0.9212
v 0.777964 -2.698190 -0.377795 0.9162 0.9162 0.9212
v 0.821953 -2.636850 -0.366508 0.9162 0.9162 0.9212
v 4.239417 -2.785486 -0.340448 0.9162 0.9162 0.9212
v 3.759136 -2.774626 -0.336977 0.9162 0.9162 0.9212
v 2.361029 -2.700360 -0.334377 0.9162 0.9162 0.9212
v 1.362426 -2.646611 -0.332644 0.9162 0.9162 0.9212
v 1.162517 -2.638810 -0.331777 0.9162 0.9162 0.9212
v 1.043011 -2.627249 -0.332472 0.9162 0.9162 0.9212
v 0.941710 -2.644479 -0.328305 0.9162 0.9162 0.9212
v 0.856237 -2.727846 -0.312676 0.9162 0.9162 0.9212
v 0.796045 -2.728946 -0.311808 0.9162 0.9162 0.9212
v 0.777964 -2.698190 -0.317018 0.9162 0.9162 0.9212
v 0.821953 -2.636850 -0.328305 0.9162 0.9162 0.9212
v 4.239719 -2.780745 -0.327394 0.9162 0.9162 0.9212
v 3.759589 -2.767513 -0.317396 0.9162 0.9162 0.9212
v 2.361595 -2.691469 -0.309901 0.9162 0.9162 0.9212
v 1.363068 -2.636535 -0.304904 0.9162 0.9162 0.9212
v 1.163197 -2.628141 -0.302405 0.9162 0.9162 0.9212
v 1.043660 -2.617055 -0.304406 0.9162 0.9162 0.9212
v 0.942541 -2.631439 -0.292406 0.9162 0.9162 0.9212
v 0.857747 -2.704138 -0.247406 0.9162 0.9162 0.9212
v 0.797593 -2.704645 -0.244906 0.9162 0.9162 0.9212
v 0.779286 -2.677445 -0.259907 0.9162 0.9162 0.9212
v 0.822783 -2.623810 -0.292406 0.9162 0.9162 0.9212
v 4.240287 -2.771833 -0.316752 0.9162 0.9162 0.9212
v 3.760440 -2.754146 -0.301433 0.9162 0.9162 0.9212
v 2.362659 -2.674760 -0.289947 0.9162 0.9162 0.9212
v 1.364274 -2.617598 -0.282291 0.9162 0.9162 0.9212
v 1.164474 -2.608090 -0.278461 0.9162 0.9162 0.9212
v 1.044881 -2.597895 -0.281526 0.9162 0.9162 0.9212
v 0.944102 -2.606933 -0.263141 0.9162 0.9162 0.9212
v 0.860586 -2.659581 -0.194197 0.9162 0.9162 0.9212
v 0.800503 -2.658973 -0.190367 0.9162 0.9162 0.9212
v 0.781769 -2.638457 -0.213349 0.9162 0.9162 0.9212
v 0.824345 -2.599304 -0.263141 0.9162 0.9162 0.9212
v 4.241052 -2.759827 -0.309806 0.9162 0.9162 0.9212
v 3.761588 -2.736136 -0.291014 0.9162 0.9162 0.9212
v 2.364094 -2.652249 -0.276924 0.9162 0.9162 0.9212
v 1.365899 -2.592085 -0.267531 0.9162 0.9162 0.9212
v 1.166195 -2.581076 -0.262833 0.9162 0.9162 0.9212
v 1.046525 -2.572081 -0.266592 0.9162 0.9162 0.9212
v 0.946205 -2.573915 -0.244040 0.9162 0.9162 0.9212
v 0.864410 -2.599549 -0.159468 0.9162 0.9162 0.9212
v 0.804422 -2.597441 -0.154769 0.9162 0.9162 0.9212
v 0.785115 -2.585930 -0.182960 0.9162 0.9162 0.9212
v 0.826448 -2.566286 -0.244040 0.9162 0.9162 0.9212
v 2.365725 -2.626649 -0.272401 0.9162 0.9162 0.9212
v 1.048395 -2.542727 -0.261406 0.9162 0.9162 0.9212
v 0.788921 -2.526197 -0.172407 0.9162 0.9162 0.9212
v 0.828840 -2.528740 -0.237406 0.9162 0.9162 0.9212
v 0.662722 -2.572442 -0.340594 0.9162 0.9162 0.9212
v 0.782097 -2.560211 -0.380594 0.9162 0.9162 0.9212
v 1.259597 -2.511288 -0.400596 0.9162 0.9162 0.9212
v 3.647098 -2.266674 -0.425604 0.9162 0.9162 0.9212
v 3.846057 -2.246289 -0.430605 0.9162 0.9162 0.9212
v 4.064911 -2.223866 -0.450606 0.9162 0.9162 0.9212
v 4.144494 -2.215712 -0.540606 0.9162 0.9162 0.9212
v 4.204182 -2.209597 -0.545606 0.9162 0.9162 0.9212
v 4.144495 -2.215712 -0.340606 0.9162 0.9162 0.9212
v 0.780702 -2.546602 -0.378182 0.9162 0.9162 0.9212
v 1.257505 -2.490874 -0.396977 0.9162 0.9162 0.9212
v 2.649692 -2.343078 -0.411078 0.9162 0.9162 0.9212
v 3.644135 -2.237753 -0.420478 0.9162 0.9162 0.9212
v 3.842919 -2.215668 -0.425177 0.9162 0.9162 0.9212
v 3.962434 -2.204798 -0.421419 0.9162 0.9162 0.9212
v 4.061077 -2.186440 -0.443972 0.9162 0.9162 0.9212
v 4.137522 -2.147665 -0.528545 0.9162 0.9162 0.9212
v 4.197035 -2.139848 -0.533243 0.9162 0.9162 0.9212
v 4.217977 -2.148017 -0.505053 0.9162 0.9162 0.9212
v 4.180451 -2.174209 -0.443973 0.9162 0.9162 0.9212
v 0.779476 -2.534633 -0.371236 0.9162 0.9162 0.9212
v 1.255666 -2.472922 -0.386558 0.9162 0.9162 0.9212
v 2.647393 -2.320638 -0.398054 0.9162 0.9162 0.9212
v 3.641530 -2.212321 -0.405718 0.9162 0.9162 0.9212
v 3.840161 -2.188740 -0.409549 0.9162 0.9162 0.9212
v 3.959798 -2.179067 -0.406485 0.9162 0.9162 0.9212
v 4.057704 -2.153528 -0.424871 0.9162 0.9162 0.9212
v 4.131392 -2.087824 -0.493815 0.9162 0.9162 0.9212
v 4.190751 -2.078512 -0.497646 0.9162 0.9162 0.9212
v 4.212613 -2.095656 -0.474664 0.9162 0.9162 0.9212
v 4.177080 -2.141297 -0.424871 0.9162 0.9162 0.9212
v 0.778566 -2.525750 -0.360594 0.9162 0.9162 0.9212
v 1.254301 -2.459597 -0.370596 0.9162 0.9162 0.9212
v 2.645686 -2.303983 -0.378101 0.9162 0.9162 0.9212
v 3.639596 -2.193445 -0.383104 0.9162 0.9162 0.9212
v 3.838113 -2.168753 -0.385605 0.9162 0.9162 0.9212
v 3.957841 -2.159968 -0.383606 0.9162 0.9162 0.9212
v 4.055202 -2.129099 -0.395606 0.9162 0.9162 0.9212
v 4.126841 -2.043409 -0.440606 0.9162 0.9162 0.9212
v 4.186087 -2.032986 -0.443106 0.9162 0.9162 0.9212
v 4.208631 -2.056793 -0.428106 0.9162 0.9162 0.9212
v 4.174577 -2.116869 -0.395606 0.9162 0.9162 0.9212
v 0.778082 -2.521024 -0.347540 0.9162 0.9162 0.9212
v 1.253575 -2.452507 -0.351015 0.9162 0.9162 0.9212
v 2.644778 -2.295120 -0.353624 0.9162 0.9162 0.9212
v 3.638567 -2.183401 -0.355365 0.9162 0.9162 0.9212
v 3.837023 -2.158118 -0.356233 0.9162 0.9162 0.9212
v 3.956800 -2.149806 -0.355539 0.9162 0.9162 0.9212
v 4.053870 -2.116101 -0.359707 0.9162 0.9162 0.9212
v 4.124420 -2.019776 -0.375336 0.9162 0.9162 0.9212
v 4.183606 -2.008763 -0.376204 0.9162 0.9162 0.9212
v 4.206512 -2.036115 -0.370995 0.9162 0.9162 0.9212
v 4.173245 -2.103871 -0.359708 0.9162 0.9162 0.9212
v 0.778082 -2.521024 -0.333648 0.9162 0.9162 0.9212
v 1.253575 -2.452507 -0.330177 0.9162 0.9162 0.9212
v 2.644778 -2.295120 -0.327577 0.9162 0.9162 0.9212
v 3.638567 -2.183401 -0.325844 0.9162 0.9162 0.9212
v 3.837023 -2.158118 -0.324977 0.9162 0.9162 0.9212
v 3.956800 -2.149806 -0.325672 0.9162 0.9162 0.9212
v 4.053870 -2.116101 -0.321505 0.9162 0.9162 0.9212
v 4.124420 -2.019776 -0.305877 0.9162 0.9162 0.9212
v 4.183606 -2.008763 -0.305009 0.9162 0.9162 0.9212
v 4.206513 -2.036115 -0.310218 0.9162 0.9162 0.9212
v 4.173245 -2.103871 -0.321505 0.9162 0.9162 0.9212
v 0.778566 -2.525750 -0.320594 0.9162 0.9162 0.9212
v 1.254301 -2.459597 -0.310596 0.9162 0.9162 0.9212
v 2.645686 -2.303983 -0.303101 0.9162 0.9162 0.9212
v 3.639596 -2.193445 -0.298104 0.9162 0.9162 0.9212
v 3.838113 -2.168753 -0.295605 0.9162 0.9162 0.9212
v 3.957841 -2.159968 -0.297606 0.9162 0.9162 0.9212
v 4.055202 -2.129099 -0.285606 0.9162 0.9162 0.9212
v 4.126842 -2.043409 -0.240606 0.9162 0.9162 0.9212
v 4.186088 -2.032986 -0.238106 0.9162 0.9162 0.9212
v 4.208632 -2.056793 -0.253107 0.9162 0.9162 0.9212
v 4.174577 -2.116869 -0.285606 0.9162 0.9162 0.9212
v 0.779476 -2.534633 -0.309952 0.9162 0.9162 0.9212
v 1.255666 -2.472922 -0.294633 0.9162 0.9162 0.9212
v 2.647393 -2.320638 -0.283147 0.9162 0.9162 0.9212
v 3.641530 -2.212321 -0.275491 0.9162 0.9162 0.9212
v 3.840161 -2.188740 -0.271661 0.9162 0.9162 0.9212
v 3.959798 -2.179066 -0.274726 0.9162 0.9162 0.9212
v 4.057705 -2.153528 -0.256341 0.9162 0.9162 0.9212
v 4.131392 -2.087824 -0.187397 0.9162 0.9162 0.9212
v 4.190753 -2.078512 -0.183567 0.9162 0.9162 0.9212
v 4.212614 -2.095656 -0.206549 0.9162 0.9162 0.9212
v 4.177080 -2.141297 -0.256341 0.9162 0.9162 0.9212
v 0.780702 -2.546602 -0.303006 0.9162 0.9162 0.9212
v 1.257506 -2.490874 -0.284214 0.9162 0.9162 0.9212
v 2.649692 -2.343078 -0.270124 0.9162 0.9162 0.9212
v 3.644136 -2.237753 -0.260731 0.9162 0.9162 0.9212
v 3.842920 -2.215667 -0.256033 0.9162 0.9162 0.9212
v 3.962435 -2.204798 -0.259792 0.9162 0.9162 0.9212
v 4.061077 -2.186440 -0.237240 0.9162 0.9162 0.9212
v 4.137524 -2.147665 -0.152668 0.9162 0.9162 0.9212
v 4.197037 -2.139848 -0.147969 0.9162 0.9162 0.9212
v 4.217978 -2.148017 -0.176160 0.9162 0.9162 0.9212
v 4.180452 -2.174209 -0.237240 0.9162 0.9162 0.9212
v 0.782097 -2.560211 -0.300594 0.9162 0.9162 0.9212
v 1.259597 -2.511288 -0.280596 0.9162 0.9162 0.9212
v 2.652307 -2.368596 -0.265601 0.9162 0.9162 0.9212
v 3.647099 -2.266674 -0.255604 0.9162 0.9162 0.9212
v 3.846057 -2.246289 -0.250605 0.9162 0.9162 0.9212
v 3.965433 -2.234058 -0.254606 0.9162 0.9162 0.9212
v 4.064912 -2.223866 -0.230606 0.9162 0.9162 0.9212
v 4.144495 -2.215712 -0.140606 0.9162 0.9162 0.9212
v 4.204183 -2.209597 -0.135606 0.9162 0.9162 0.9212
v 4.224079 -2.207558 -0.165607 0.9162 0.9162 0.9212
v 4.184287 -2.211635 -0.230606 0.9162 0.9162 0.9212
v 0.783491 -2.573821 -0.303006 0.9162 0.9162 0.9212
v 1.261689 -2.531703 -0.284214 0.9162 0.9162 0.9212
v 2.654921 -2.394114 -0.270124 0.9162 0.9162 0.9212
v 3.650062 -2.295594 -0.260731 0.9162 0.9162 0.9212
v 3.849195 -2.276911 -0.256033 0.9162 0.9162 0.9212
v 3.968431 -2.263319 -0.259792 0.9162 0.9162 0.9212
v 4.068747 -2.261292 -0.237240 0.9162 0.9162 0.9212
v 4.151467 -2.283760 -0.152668 0.9162 0.9162 0.9212
v 4.211329 -2.279346 -0.147969 0.9162 0.9162 0.9212
v 4.230179 -2.267100 -0.176160 0.9162 0.9162 0.9212
v 4.188121 -2.249062 -0.237240 0.9162 0.9162 0.9212
v 0.784717 -2.585788 -0.309952 0.9162 0.9162 0.9212
v 1.263528 -2.549654 -0.294633 0.9162 0.9162 0.9212
v 2.657220 -2.416554 -0.283147 0.9162 0.9162 0.9212
v 3.652668 -2.321026 -0.275491 0.9162 0.9162 0.9212
v 3.851954 -2.303839 -0.271661 0.9162 0.9162 0.9212
v 3.971067 -2.289050 -0.274726 0.9162 0.9162 0.9212
v 4.072118 -2.294204 -0.256341 0.9162 0.9162 0.9212
v 4.157598 -2.343600 -0.187397 0.9162 0.9162 0.9212
v 4.217613 -2.340682 -0.183567 0.9162 0.9162 0.9212
v 4.235544 -2.319460 -0.206549 0.9162 0.9162 0.9212
v 4.191494 -2.281974 -0.256341 0.9162 0.9162 0.9212
v 0.785627 -2.594672 -0.320594 0.9162 0.9162 0.9212
v 1.264893 -2.562979 -0.310596 0.9162 0.9162 0.9212
v 2.658926 -2.433210 -0.303101 0.9162 0.9162 0.9212
v 3.654602 -2.339902 -0.298104 0.9162 0.9162 0.9212
v 3.854002 -2.323825 -0.295605 0.9162 0.9162 0.9212
v 3.973023 -2.308149 -0.297606 0.9162 0.9162 0.9212
v 4.074621 -2.318633 -0.285606 0.9162 0.9162 0.9212
v 4.162149 -2.388015 -0.240606 0.9162 0.9162 0.9212
v 4.222278 -2.386208 -0.238106 0.9162 0.9162 0.9212
v 4.239525 -2.358324 -0.253107 0.9162 0.9162 0.9212
v 4.193996 -2.306402 -0.285606 0.9162 0.9162 0.9212
v 0.786112 -2.599398 -0.333648 0.9162 0.9162 0.9212
v 1.265620 -2.570069 -0.330177 0.9162 0.9162 0.9212
v 2.659834 -2.442072 -0.327577 0.9162 0.9162 0.9212
v 3.655631 -2.349946 -0.325844 0.9162 0.9162 0.9212
v 3.855091 -2.334460 -0.324977 0.9162 0.9162 0.9212
v 3.974064 -2.318311 -0.325672 0.9162 0.9162 0.9212
v 4.075953 -2.331631 -0.321505 0.9162 0.9162 0.9212
v 4.164570 -2.411648 -0.305877 0.9162 0.9162 0.9212
v 4.224759 -2.410431 -0.305009 0.9162 0.9162 0.9212
v 4.241644 -2.379002 -0.310218 0.9162 0.9162 0.9212
v 4.195328 -2.319400 -0.321505 0.9162 0.9162 0.9212
v 0.786112 -2.599398 -0.347540 0.9162 0.9162 0.9212
v 1.265620 -2.570069 -0.351015 0.9162 0.9162 0.9212
v 2.659834 -2.442072 -0.353624 0.9162 0.9162 0.9212
v 3.655631 -2.349946 -0.355365 0.9162 0.9162 0.9212
v 3.855091 -2.334460 -0.356234 0.9162 0.9162 0.9212
v 3.974064 -2.318311 -0.355539 0.9162 0.9162 0.9212
v 4.075953 -2.331631 -0.359707 0.9162 0.9162 0.9212
v 4.164570 -2.411648 -0.375336 0.9162 0.9162 0.9212
v 4.224759 -2.410431 -0.376204 0.9162 0.9162 0.9212
v 4.241643 -2.379002 -0.370995 0.9162 0.9162 0.9212
v 4.195328 -2.319400 -0.359708 0.9162 0.9162 0.9212
v 0.785627 -2.594672 -0.360594 0.9162 0.9162 0.9212
v 1.264893 -2.562979 -0.370596 0.9162 0.9162 0.9212
v 2.658926 -2.433210 -0.378101 0.9162 0.9162 0.9212
v 3.654601 -2.339902 -0.383104 0.9162 0.9162 0.9212
v 3.854001 -2.323826 -0.385605 0.9162 0.9162 0.9212
v 3.973023 -2.308149 -0.383606 0.9162 0.9162 0.9212
v 4.074621 -2.318633 -0.395606 0.9162 0.9162 0.9212
v 4.162148 -2.388016 -0.440606 0.9162 0.9162 0.9212
v 4.222277 -2.386208 -0.443106 0.9162 0.9162 0.9212
v 4.239525 -2.358324 -0.428106 0.9162 0.9162 0.9212
v 4.193995 -2.306402 -0.395606 0.9162 0.9162 0.9212
v 0.784717 -2.585789 -0.371236 0.9162 0.9162 0.9212
v 1.263528 -2.549654 -0.386558 0.9162 0.9162 0.9212
v 2.657220 -2.416554 -0.398054 0.9162 0.9162 0.9212
v 3.652667 -2.321026 -0.405718 0.9162 0.9162 0.9212
v 3.851953 -2.303839 -0.409549 0.9162 0.9162 0.9212
v 3.971066 -2.289050 -0.406485 0.9162 0.9162 0.9212
v 4.072118 -2.294204 -0.424871 0.9162 0.9162 0.9212
v 4.157598 -2.343600 -0.493815 0.9162 0.9162 0.9212
v 4.217612 -2.340682 -0.497646 0.9162 0.9162 0.9212
v 4.235543 -2.319460 -0.474664 0.9162 0.9162 0.9212
v 4.191493 -2.281974 -0.424871 0.9162 0.9162 0.9212
v 0.783491 -2.573821 -0.378182 0.9162 0.9162 0.9212
v 1.261688 -2.531703 -0.396977 0.9162 0.9162 0.9212
v 2.654921 -2.394114 -0.411078 0.9162 0.9162 0.9212
v 3.650062 -2.295594 -0.420478 0.9162 0.9162 0.9212
v 3.849194 -2.276911 -0.425177 0.9162 0.9162 0.9212
v 3.968430 -2.263319 -0.421419 0.9162 0.9162 0.9212
v 4.068746 -2.261292 -0.443972 0.9162 0.9162 0.9212
v 4.151466 -2.283760 -0.528545 0.9162 0.9162 0.9212
v 4.211328 -2.279346 -0.533243 0.9162 0.9162 0.9212
v 4.230178 -2.267100 -0.505053 0.9162 0.9162 0.9212
v 4.188121 -2.249062 -0.443973 0.9162 0.9162 0.9212
v 2.652306 -2.368596 -0.415601 0.9162 0.9162 0.9212
v 3.965432 -2.234058 -0.426606 0.9162 0.9162 0.9212
v 4.224078 -2.207559 -0.515606 0.9162 0.9162 0.9212
v 4.184286 -2.211635 -0.450606 0.9162 0.9162 0.9212
v 4.441054 -2.142763 -0.330894 0.9162 0.9162 0.9212
v 4.321057 -2.141907 -0.290894 0.9162 0.9162 0.9212
v 3.841069 -2.138485 -0.270896 0.9162 0.9162 0.9212
v 1.441130 -2.121373 -0.245904 0.9162 0.9162 0.9212
v 1.241135 -2.119947 -0.240905 0.9162 0.9162 0.9212
v 1.021141 -2.118378 -0.220906 0.9162 0.9162 0.9212
v 0.941143 -2.117808 -0.130906 0.9162 0.9162 0.9212
v 0.881144 -2.117380 -0.125906 0.9162 0.9162 0.9212
v 0.941143 -2.117808 -0.330906 0.9162 0.9162 0.9212
v 4.321155 -2.128227 -0.293306 0.9162 0.9162 0.9212
v 3.841216 -2.117964 -0.274514 0.9162 0.9162 0.9212
v 2.441288 -2.102852 -0.260424 0.9162 0.9162 0.9212
v 1.441338 -2.092302 -0.251031 0.9162 0.9162 0.9212
v 1.241355 -2.089166 -0.246333 0.9162 0.9162 0.9212
v 1.121348 -2.089678 -0.250092 0.9162 0.9162 0.9212
v 1.021409 -2.080757 -0.227540 0.9162 0.9162 0.9212
v 0.941630 -2.049406 -0.142968 0.9162 0.9162 0.9212
v 0.881644 -2.047268 -0.138269 0.9162 0.9162 0.9212
v 0.861572 -2.057385 -0.166460 0.9162 0.9162 0.9212
v 0.901412 -2.079901 -0.227540 0.9162 0.9162 0.9212
v 4.321240 -2.116196 -0.300252 0.9162 0.9162 0.9212
v 3.841344 -2.099918 -0.284933 0.9162 0.9162 0.9212
v 2.441449 -2.080295 -0.273447 0.9162 0.9162 0.9212
v 1.441520 -2.066737 -0.265791 0.9162 0.9162 0.9212
v 1.241548 -2.062098 -0.261961 0.9162 0.9162 0.9212
v 1.121533 -2.063813 -0.265026 0.9162 0.9162 0.9212
v 1.021645 -2.047673 -0.246641 0.9162 0.9162 0.9212
v 0.942059 -1.989254 -0.177697 0.9162 0.9162 0.9212
v 0.882084 -1.985612 -0.173867 0.9162 0.9162 0.9212
v 0.861947 -2.004753 -0.196849 0.9162 0.9162 0.9212
v 0.901648 -2.046818 -0.246641 0.9162 0.9162 0.9212
v 4.321304 -2.107267 -0.310894 0.9162 0.9162 0.9212
v 3.841440 -2.086524 -0.300896 0.9162 0.9162 0.9212
v 2.441568 -2.063553 -0.293401 0.9162 0.9162 0.9212
v 1.441655 -2.047763 -0.288404 0.9162 0.9162 0.9212
v 1.241691 -2.042006 -0.285905 0.9162 0.9162 0.9212
v 1.121670 -2.044615 -0.287906 0.9162 0.9162 0.9212
v 1.021820 -2.023118 -0.275906 0.9162 0.9162 0.9212
v 0.942378 -1.944607 -0.230906 0.9162 0.9162 0.9212
v 0.882410 -1.939849 -0.228406 0.9162 0.9162 0.9212
v 0.862226 -1.965687 -0.243406 0.9162 0.9162 0.9212
v 0.901823 -2.022262 -0.275906 0.9162 0.9162 0.9212
v 4.321338 -2.102516 -0.323948 0.9162 0.9162 0.9212
v 3.841491 -2.079398 -0.320477 0.9162 0.9162 0.9212
v 2.441632 -2.054644 -0.317877 0.9162 0.9162 0.9212
v 1.441727 -2.037666 -0.316144 0.9162 0.9162 0.9212
v 1.241768 -2.031317 -0.315277 0.9162 0.9162 0.9212
v 1.121743 -2.034400 -0.315972 0.9162 0.9162 0.9212
v 1.021914 -2.010052 -0.311805 0.9162 0.9162 0.9212
v 0.942547 -1.920851 -0.296177 0.9162 0.9162 0.9212
v 0.882584 -1.915500 -0.295309 0.9162 0.9162 0.9212
v 0.862374 -1.944901 -0.300518 0.9162 0.9162 0.9212
v 0.901917 -2.009197 -0.311805 0.9162 0.9162 0.9212
v 4.321338 -2.102516 -0.337840 0.9162 0.9162 0.9212
v 3.841491 -2.079398 -0.341315 0.9162 0.9162 0.9212
v 2.441632 -2.054644 -0.343924 0.9162 0.9162 0.9212
v 1.441728 -2.037666 -0.345664 0.9162 0.9162 0.9212
v 1.241768 -2.031317 -0.346533 0.9162 0.9162 0.9212
v 1.121743 -2.034400 -0.345839 0.9162 0.9162 0.9212
v 1.021914 -2.010052 -0.350007 0.9162 0.9162 0.9212
v 0.942548 -1.920851 -0.365636 0.9162 0.9162 0.9212
v 0.882584 -1.915500 -0.366504 0.9162 0.9162 0.9212
v 0.862374 -1.944901 -0.361295 0.9162 0.9162 0.9212
v 0.901917 -2.009197 -0.350008 0.9162 0.9162 0.9212
v 4.321304 -2.107267 -0.350894 0.9162 0.9162 0.9212
v 3.841440 -2.086524 -0.360896 0.9162 0.9162 0.9212
v 2.441568 -2.063553 -0.368401 0.9162 0.9162 0.9212
v 1.441656 -2.047763 -0.373404 0.9162 0.9162 0.9212
v 1.241691 -2.042006 -0.375905 0.9162 0.9162 0.9212
v 1.121670 -2.044615 -0.373906 0.9162 0.9162 0.9212
v 1.021821 -2.023118 -0.385906 0.9162 0.9162 0.9212
v 0.942379 -1.944607 -0.430906 0.9162 0.9162 0.9212
v 0.882411 -1.939849 -0.433406 0.9162 0.9162 0.9212
v 0.862226 -1.965687 -0.418406 0.9162 0.9162 0.9212
v 0.901824 -2.022262 -0.385906 0.9162 0.9162 0.9212
v 4.321241 -2.116196 -0.361536 0.9162 0.9162 0.9212
v 3.841345 -2.099918 -0.376858 0.9162 0.9162 0.9212
v 2.441449 -2.080295 -0.388354 0.9162 0.9162 0.9212
v 1.441520 -2.066737 -0.396018 0.9162 0.9162 0.9212
v 1.241548 -2.062098 -0.399849 0.9162 0.9162 0.9212
v 1.121533 -2.063813 -0.396785 0.9162 0.9162 0.9212
v 1.021646 -2.047673 -0.415171 0.9162 0.9162 0.9212
v 0.942060 -1.989254 -0.484115 0.9162 0.9162 0.9212
v 0.882085 -1.985612 -0.487946 0.9162 0.9162 0.9212
v 0.861948 -2.004753 -0.464964 0.9162 0.9162 0.9212
v 0.901649 -2.046818 -0.415171 0.9162 0.9162 0.9212
v 4.321155 -2.128227 -0.368482 0.9162 0.9162 0.9212
v 3.841216 -2.117964 -0.387277 0.9162 0.9162 0.9212
v 2.441288 -2.102852 -0.401378 0.9162 0.9162 0.9212
v 1.441338 -2.092302 -0.410778 0.9162 0.9162 0.9212
v 1.241355 -2.089166 -0.415477 0.9162 0.9162 0.9212
v 1.121349 -2.089678 -0.411719 0.9162 0.9162 0.9212
v 1.021410 -2.080757 -0.434272 0.9162 0.9162 0.9212
v 0.941632 -2.049406 -0.518845 0.9162 0.9162 0.9212
v 0.881645 -2.047268 -0.523543 0.9162 0.9162 0.9212
v 0.861573 -2.057385 -0.495353 0.9162 0.9162 0.9212
v 0.901413 -2.079901 -0.434273 0.9162 0.9162 0.9212
v 4.321057 -2.141907 -0.370894 0.9162 0.9162 0.9212
v 3.841070 -2.138485 -0.390896 0.9162 0.9162 0.9212
v 2.441105 -2.128503 -0.405901 0.9162 0.9162 0.9212
v 1.441131 -2.121373 -0.415904 0.9162 0.9162 0.9212
v 1.241136 -2.119947 -0.420905 0.9162 0.9162 0.9212
v 1.121139 -2.119091 -0.416906 0.9162 0.9162 0.9212
v 1.021142 -2.118378 -0.440906 0.9162 0.9162 0.9212
v 0.941144 -2.117808 -0.530906 0.9162 0.9162 0.9212
v 0.881146 -2.117380 -0.535906 0.9162 0.9162 0.9212
v 0.861146 -2.117238 -0.505906 0.9162 0.9162 0.9212
v 0.901145 -2.117523 -0.440906 0.9162 0.9162 0.9212
v 4.320960 -2.155588 -0.368482 0.9162 0.9162 0.9212
v 3.840924 -2.159005 -0.387277 0.9162 0.9162 0.9212
v 2.440922 -2.154154 -0.401378 0.9162 0.9162 0.9212
v 1.440924 -2.150444 -0.410778 0.9162 0.9162 0.9212
v 1.240916 -2.150728 -0.415477 0.9162 0.9162 0.9212
v 1.120929 -2.148504 -0.411719 0.9162 0.9162 0.9212
v 1.020873 -2.156000 -0.434272 0.9162 0.9162 0.9212
v 0.940656 -2.186210 -0.518845 0.9162 0.9162 0.9212
v 0.880646 -2.187492 -0.523543 0.9162 0.9162 0.9212
v 0.860719 -2.177089 -0.495353 0.9162 0.9162 0.9212
v 0.900877 -2.155144 -0.434273 0.9162 0.9162 0.9212
v 4.320874 -2.167618 -0.361536 0.9162 0.9162 0.9212
v 3.840795 -2.177051 -0.376858 0.9162 0.9162 0.9212
v 2.440762 -2.176711 -0.388354 0.9162 0.9162 0.9212
v 1.440741 -2.176008 -0.396018 0.9162 0.9162 0.9212
v 1.240723 -2.177796 -0.399849 0.9162 0.9162 0.9212
v 1.120745 -2.174370 -0.396785 0.9162 0.9162 0.9212
v 1.020637 -2.189083 -0.415171 0.9162 0.9162 0.9212
v 0.940227 -2.246362 -0.484115 0.9162 0.9162 0.9212
v 0.880206 -2.249148 -0.487946 0.9162 0.9162 0.9212
v 0.860344 -2.229722 -0.464964 0.9162 0.9162 0.9212
v 0.900641 -2.188228 -0.415171 0.9162 0.9162 0.9212
v 4.320810 -2.176547 -0.350894 0.9162 0.9162 0.9212
v 3.840699 -2.190445 -0.360896 0.9162 0.9162 0.9212
v 2.440642 -2.193453 -0.368401 0.9162 0.9162 0.9212
v 1.440606 -2.194983 -0.373404 0.9162 0.9162 0.9212
v 1.240580 -2.197887 -0.375905 0.9162 0.9162 0.9212
v 1.120608 -2.193568 -0.373906 0.9162 0.9162 0.9212
v 1.020462 -2.213639 -0.385906 0.9162 0.9162 0.9212
v 0.939909 -2.291008 -0.430906 0.9162 0.9162 0.9212
v 0.879879 -2.294911 -0.433406 0.9162 0.9162 0.9212
v 0.860065 -2.268788 -0.418406 0.9162 0.9162 0.9212
v 0.900465 -2.212783 -0.385906 0.9162 0.9162 0.9212
v 4.320776 -2.181298 -0.337840 0.9162 0.9162 0.9212
v 3.840648 -2.197572 -0.341315 0.9162 0.9162 0.9212
v 2.440579 -2.202362 -0.343924 0.9162 0.9162 0.9212
v 1.440534 -2.205079 -0.345665 0.9162 0.9162 0.9212
v 1.240504 -2.208577 -0.346533 0.9162 0.9162 0.9212
v 1.120535 -2.203783 -0.345839 0.9162 0.9162 0.9212
v 1.020369 -2.226704 -0.350007 0.9162 0.9162 0.9212
v 0.939739 -2.314764 -0.365636 0.9162 0.9162 0.9212
v 0.879706 -2.319261 -0.366504 0.9162 0.9162 0.9212
v 0.859917 -2.289574 -0.361295 0.9162 0.9162 0.9212
v 0.900372 -2.225849 -0.350008 0.9162 0.9162 0.9212
v 4.320776 -2.181298 -0.323948 0.9162 0.9162 0.9212
v 3.840648 -2.197572 -0.320477 0.9162 0.9162 0.9212
v 2.440578 -2.202362 -0.317877 0.9162 0.9162 0.9212
v 1.440534 -2.205079 -0.316144 0.9162 0.9162 0.9212
v 1.240504 -2.208577 -0.315277 0.9162 0.9162 0.9212
v 1.120535 -2.203783 -0.315972 0.9162 0.9162 0.9212
v 1.020369 -2.226704 -0.311805 0.9162 0.9162 0.9212
v 0.939739 -2.314764 -0.296176 0.9162 0.9162 0.9212
v 0.879705 -2.319261 -0.295309 0.9162 0.9162 0.9212
v 0.859916 -2.289574 -0.300518 0.9162 0.9162 0.9212
v 0.900372 -2.225849 -0.311805 0.9162 0.9162 0.9212
v 4.320810 -2.176547 -0.310894 0.9162 0.9162 0.9212
v 3.840699 -2.190445 -0.300896 0.9162 0.9162 0.9212
v 2.440642 -2.193453 -0.293401 0.9162 0.9162 0.9212
v 1.440606 -2.194983 -0.288404 0.9162 0.9162 0.9212
v 1.240580 -2.197887 -0.285905 0.9162 0.9162 0.9212
v 1.120608 -2.193568 -0.287906 0.9162 0.9162 0.9212
v 1.020462 -2.213639 -0.275906 0.9162 0.9162 0.9212
v 0.939908 -2.291009 -0.230906 0.9162 0.9162 0.9212
v 0.879879 -2.294911 -0.228406 0.9162 0.9162 0.9212
v 0.860065 -2.268788 -0.243407 0.9162 0.9162 0.9212
v 0.900465 -2.212783 -0.275906 0.9162 0.9162 0.9212
v 4.320874 -2.167618 -0.300252 0.9162 0.9162 0.9212
v 3.840795 -2.177051 -0.284933 0.9162 0.9162 0.9212
v 2.440761 -2.176711 -0.273447 0.9162 0.9162 0.9212
v 1.440741 -2.176008 -0.265791 0.9162 0.9162 0.9212
v 1.240723 -2.177796 -0.261961 0.9162 0.9162 0.9212
v 1.120744 -2.174370 -0.265026 0.9162 0.9162 0.9212
v 1.020637 -2.189083 -0.246641 0.9162 0.9162 0.9212
v 0.940226 -2.246362 -0.177697 0.9162 0.9162 0.9212
v 0.880205 -2.249148 -0.173867 0.9162 0.9162 0.9212
v 0.860343 -2.229722 -0.196849 0.9162 0.9162 0.9212
v 0.900640 -2.188228 -0.246641 0.9162 0.9162 0.9212
v 4.320960 -2.155588 -0.293306 0.9162 0.9162 0.9212
v 3.840923 -2.159005 -0.274514 0.9162 0.9162 0.9212
v 2.440922 -2.154154 -0.260424 0.9162 0.9162 0.9212
v 1.440923 -2.150444 -0.251031 0.9162 0.9162 0.9212
v 1.240916 -2.150728 -0.246333 0.9162 0.9162 0.9212
v 1.120929 -2.148504 -0.250092 0.9162 0.9162 0.9212
v 1.020873 -2.156000 -0.227540 0.9162 0.9162 0.9212
v 0.940655 -2.186210 -0.142968 0.9162 0.9162 0.9212
v 0.880644 -2.187493 -0.138269 0.9162 0.9162 0.9212
v 0.860718 -2.177090 -0.166460 0.9162 0.9162 0.9212
v 0.900876 -2.155144 -0.227540 0.9162 0.9162 0.9212
v 2.441105 -2.128503 -0.255901 0.9162 0.9162 0.9212
v 1.121138 -2.119091 -0.244906 0.9162 0.9162 0.9212
v 0.861145 -2.117238 -0.155907 0.9162 0.9162 0.9212
v 0.901144 -2.117523 -0.220906 0.9162 0.9162 0.9212
v 0.788840 -1.835115 -0.315294 0.9162 0.9162 0.9212
v 0.908817 -1.837454 -0.355294 0.9162 0.9162 0.9212
v 1.388726 -1.846808 -0.375296 0.9162 0.9162 0.9212
v 3.788270 -1.893581 -0.400304 0.9162 0.9162 0.9212
v 3.988232 -1.897479 -0.405305 0.9162 0.9162 0.9212
v 4.208190 -1.901767 -0.425306 0.9162 0.9162 0.9212
v 4.288175 -1.903326 -0.515306 0.9162 0.9162 0.9212
v 4.348163 -1.904495 -0.520306 0.9162 0.9162 0.9212
v 4.288176 -1.903326 -0.315306 0.9162 0.9162 0.9212
v 0.909084 -1.823776 -0.352882 0.9162 0.9162 0.9212
v 1.389126 -1.826291 -0.371677 0.9162 0.9162 0.9212
v 2.788960 -1.848446 -0.385778 0.9162 0.9162 0.9212
v 3.788836 -1.864515 -0.395178 0.9162 0.9162 0.9212
v 3.988832 -1.866703 -0.399877 0.9162 0.9162 0.9212
v 4.108782 -1.870410 -0.396119 0.9162 0.9162 0.9212
v 4.208923 -1.864152 -0.418672 0.9162 0.9162 0.9212
v 4.289508 -1.834935 -0.503245 0.9162 0.9162 0.9212
v 4.349530 -1.834394 -0.507943 0.9162 0.9162 0.9212
v 4.369326 -1.845043 -0.479753 0.9162 0.9162 0.9212
v 4.328900 -1.866490 -0.418673 0.9162 0.9162 0.9212
v 0.909318 -1.811747 -0.345936 0.9162 0.9162 0.9212
v 1.389478 -1.808248 -0.361258 0.9162 0.9162 0.9212
v 2.789400 -1.825893 -0.372754 0.9162 0.9162 0.9212
v 3.789335 -1.838955 -0.380418 0.9162 0.9162 0.9212
v 3.989360 -1.839639 -0.384249 0.9162 0.9162 0.9212
v 4.109286 -1.844549 -0.381185 0.9162 0.9162 0.9212
v 4.209568 -1.831074 -0.399571 0.9162 0.9162 0.9212
v 4.290680 -1.774793 -0.468515 0.9162 0.9162 0.9212
v 4.350731 -1.772749 -0.472346 0.9162 0.9162 0.9212
v 4.370352 -1.792418 -0.449364 0.9162 0.9162 0.9212
v 4.329545 -1.833412 -0.399571 0.9162 0.9162 0.9212
v 0.909492 -1.802819 -0.335294 0.9162 0.9162 0.9212
v 1.389739 -1.794857 -0.345296 0.9162 0.9162 0.9212
v 2.789726 -1.809153 -0.352801 0.9162 0.9162 0.9212
v 3.789705 -1.819983 -0.357804 0.9162 0.9162 0.9212
v 3.989751 -1.819552 -0.360305 0.9162 0.9162 0.9212
v 4.109661 -1.825354 -0.358306 0.9162 0.9162 0.9212
v 4.210047 -1.806522 -0.370306 0.9162 0.9162 0.9212
v 4.291551 -1.730154 -0.415306 0.9162 0.9162 0.9212
v 4.351624 -1.726994 -0.417806 0.9162 0.9162 0.9212
v 4.371113 -1.753359 -0.402806 0.9162 0.9162 0.9212
v 4.330024 -1.808861 -0.370306 0.9162 0.9162 0.9212
v 0.909585 -1.798069 -0.322240 0.9162 0.9162 0.9212
v 1.389878 -1.787731 -0.325715 0.9162 0.9162 0.9212
v 2.789900 -1.800246 -0.328324 0.9162 0.9162 0.9212
v 3.789902 -1.809889 -0.330064 0.9162 0.9162 0.9212
v 3.989960 -1.808863 -0.330933 0.9162 0.9162 0.9212
v 4.109860 -1.815140 -0.330239 0.9162 0.9162 0.9212
v 4.210301 -1.793458 -0.334407 0.9162 0.9162 0.9212
v 4.292014 -1.706402 -0.350036 0.9162 0.9162 0.9212
v 4.352098 -1.702648 -0.350904 0.9162 0.9162 0.9212
v 4.371519 -1.732576 -0.345695 0.9162 0.9162 0.9212
v 4.330279 -1.795797 -0.334408 0.9162 0.9162 0.9212
v 0.909585 -1.798069 -0.308348 0.9162 0.9162 0.9212
v 1.389878 -1.787731 -0.304877 0.9162 0.9162 0.9212
v 2.789900 -1.800246 -0.302277 0.9162 0.9162 0.9212
v 3.789902 -1.809889 -0.300544 0.9162 0.9162 0.9212
v 3.989960 -1.808863 -0.299677 0.9162 0.9162 0.9212
v 4.109860 -1.815140 -0.300372 0.9162 0.9162 0.9212
v 4.210302 -1.793458 -0.296205 0.9162 0.9162 0.9212
v 4.292014 -1.706402 -0.280577 0.9162 0.9162 0.9212
v 4.352098 -1.702648 -0.279709 0.9162 0.9162 0.9212
v 4.371519 -1.732576 -0.284918 0.9162 0.9162 0.9212
v 4.330279 -1.795797 -0.296205 0.9162 0.9162 0.9212
v 0.909492 -1.802819 -0.295294 0.9162 0.9162 0.9212
v 1.389739 -1.794857 -0.285296 0.9162 0.9162 0.9212
v 2.789726 -1.809153 -0.277801 0.9162 0.9162 0.9212
v 3.789705 -1.819983 -0.272804 0.9162 0.9162 0.9212
v 3.989752 -1.819552 -0.270305 0.9162 0.9162 0.9212
v 4.109661 -1.825354 -0.272306 0.9162 0.9162 0.9212
v 4.210047 -1.806522 -0.260306 0.9162 0.9162 0.9212
v 4.291551 -1.730154 -0.215306 0.9162 0.9162 0.9212
v 4.351624 -1.726994 -0.212806 0.9162 0.9162 0.9212
v 4.371114 -1.753359 -0.227806 0.9162 0.9162 0.9212
v 4.330025 -1.808861 -0.260306 0.9162 0.9162 0.9212
v 0.909318 -1.811747 -0.284652 0.9162 0.9162 0.9212
v 1.389478 -1.808248 -0.269333 0.9162 0.9162 0.9212
v 2.789400 -1.825893 -0.257847 0.9162 0.9162 0.9212
v 3.789335 -1.838955 -0.250191 0.9162 0.9162 0.9212
v 3.989360 -1.839639 -0.246361 0.9162 0.9162 0.9212
v 4.109287 -1.844549 -0.249426 0.9162 0.9162 0.9212
v 4.209569 -1.831074 -0.231041 0.9162 0.9162 0.9212
v 4.290681 -1.774793 -0.162097 0.9162 0.9162 0.9212
v 4.350732 -1.772749 -0.158267 0.9162 0.9162 0.9212
v 4.370353 -1.792418 -0.181249 0.9162 0.9162 0.9212
v 4.329546 -1.833412 -0.231041 0.9162 0.9162 0.9212
v 0.909084 -1.823776 -0.277706 0.9162 0.9162 0.9212
v 1.389126 -1.826291 -0.258914 0.9162 0.9162 0.9212
v 2.788960 -1.848446 -0.244824 0.9162 0.9162 0.9212
v 3.788837 -1.864515 -0.235431 0.9162 0.9162 0.9212
v 3.988832 -1.866703 -0.230733 0.9162 0.9162 0.9212
v 4.108783 -1.870410 -0.234492 0.9162 0.9162 0.9212
v 4.208924 -1.864152 -0.211940 0.9162 0.9162 0.9212
v 4.289509 -1.834935 -0.127368 0.9162 0.9162 0.9212
v 4.349531 -1.834394 -0.122669 0.9162 0.9162 0.9212
v 4.369327 -1.845043 -0.150860 0.9162 0.9162 0.9212
v 4.328901 -1.866490 -0.211940 0.9162 0.9162 0.9212
v 0.908817 -1.837454 -0.275294 0.9162 0.9162 0.9212
v 1.388726 -1.846808 -0.255296 0.9162 0.9162 0.9212
v 2.788460 -1.874093 -0.240301 0.9162 0.9162 0.9212
v 3.788270 -1.893581 -0.230304 0.9162 0.9162 0.9212
v 3.988233 -1.897479 -0.225305 0.9162 0.9162 0.9212
v 4.108210 -1.899818 -0.229306 0.9162 0.9162 0.9212
v 4.208191 -1.901767 -0.205306 0.9162 0.9162 0.9212
v 4.288176 -1.903326 -0.115306 0.9162 0.9162 0.9212
v 4.348165 -1.904495 -0.110306 0.9162 0.9162 0.9212
v 4.368161 -1.904885 -0.140307 0.9162 0.9162 0.9212
v 4.328168 -1.904105 -0.205306 0.9162 0.9162 0.9212
v 0.908551 -1.851132 -0.277706 0.9162 0.9162 0.9212
v 1.388326 -1.867326 -0.258914 0.9162 0.9162 0.9212
v 2.787961 -1.899739 -0.244824 0.9162 0.9162 0.9212
v 3.787704 -1.922648 -0.235431 0.9162 0.9162 0.9212
v 3.987633 -1.928255 -0.230733 0.9162 0.9162 0.9212
v 4.107636 -1.929226 -0.234492 0.9162 0.9162 0.9212
v 4.207458 -1.939382 -0.211940 0.9162 0.9162 0.9212
v 4.286843 -1.971717 -0.127368 0.9162 0.9162 0.9212
v 4.346798 -1.974596 -0.122669 0.9162 0.9162 0.9212
v 4.366994 -1.964727 -0.150860 0.9162 0.9162 0.9212
v 4.327435 -1.941720 -0.211940 0.9162 0.9162 0.9212
v 0.908316 -1.863160 -0.284652 0.9162 0.9162 0.9212
v 1.387975 -1.885368 -0.269333 0.9162 0.9162 0.9212
v 2.787521 -1.922293 -0.257847 0.9162 0.9162 0.9212
v 3.787206 -1.948208 -0.250191 0.9162 0.9162 0.9212
v 3.987105 -1.955319 -0.246361 0.9162 0.9162 0.9212
v 4.107132 -1.955087 -0.249426 0.9162 0.9162 0.9212
v 4.206813 -1.972460 -0.231041 0.9162 0.9162 0.9212
v 4.285670 -2.031859 -0.162097 0.9162 0.9162 0.9212
v 4.345596 -2.036242 -0.158267 0.9162 0.9162 0.9212
v 4.365968 -2.017351 -0.181249 0.9162 0.9162 0.9212
v 4.326790 -1.974799 -0.231041 0.9162 0.9162 0.9212
v 0.908142 -1.872088 -0.295294 0.9162 0.9162 0.9212
v 1.387714 -1.898760 -0.285296 0.9162 0.9162 0.9212
v 2.787194 -1.939032 -0.277801 0.9162 0.9162 0.9212
v 3.786836 -1.967180 -0.272804 0.9162 0.9162 0.9212
v 3.986713 -1.975407 -0.270305 0.9162 0.9162 0.9212
v 4.106758 -1.974282 -0.272306 0.9162 0.9162 0.9212
v 4.206334 -1.997011 -0.260306 0.9162 0.9162 0.9212
v 4.284800 -2.076498 -0.215306 0.9162 0.9162 0.9212
v 4.344704 -2.081997 -0.212806 0.9162 0.9162 0.9212
v 4.365207 -2.056411 -0.227806 0.9162 0.9162 0.9212
v 4.326311 -1.999350 -0.260306 0.9162 0.9162 0.9212
v 0.908049 -1.876839 -0.308348 0.9162 0.9162 0.9212
v 1.387575 -1.905886 -0.304877 0.9162 0.9162 0.9212
v 2.787021 -1.947939 -0.302277 0.9162 0.9162 0.9212
v 3.786639 -1.977274 -0.300544 0.9162 0.9162 0.9212
v 3.986505 -1.986095 -0.299677 0.9162 0.9162 0.9212
v 4.106559 -1.984495 -0.300372 0.9162 0.9162 0.9212
v 4.206079 -2.010075 -0.296205 0.9162 0.9162 0.9212
v 4.284337 -2.100250 -0.280577 0.9162 0.9162 0.9212
v 4.344230 -2.106342 -0.279708 0.9162 0.9162 0.9212
v 4.364801 -2.077193 -0.284918 0.9162 0.9162 0.9212
v 4.326056 -2.012414 -0.296205 0.9162 0.9162 0.9212
v 0.908049 -1.876839 -0.322240 0.9162 0.9162 0.9212
v 1.387575 -1.905886 -0.325715 0.9162 0.9162 0.9212
v 2.787021 -1.947939 -0.328324 0.9162 0.9162 0.9212
v 3.786639 -1.977274 -0.330064 0.9162 0.9162 0.9212
v 3.986505 -1.986095 -0.330933 0.9162 0.9162 0.9212
v 4.106559 -1.984495 -0.330239 0.9162 0.9162 0.9212
v 4.206079 -2.010075 -0.334407 0.9162 0.9162 0.9212
v 4.284337 -2.100250 -0.350036 0.9162 0.9162 0.9212
v 4.344229 -2.106342 -0.350904 0.9162 0.9162 0.9212
v 4.364801 -2.077193 -0.345695 0.9162 0.9162 0.9212
v 4.326056 -2.012414 -0.334408 0.9162 0.9162 0.9212
v 0.908142 -1.872088 -0.335294 0.9162 0.9162 0.9212
v 1.387713 -1.898760 -0.345296 0.9162 0.9162 0.9212
v 2.787194 -1.939032 -0.352801 0.9162 0.9162 0.9212
v 3.786835 -1.967180 -0.357804 0.9162 0.9162 0.9212
v 3.986713 -1.975407 -0.360305 0.9162 0.9162 0.9212
v 4.106758 -1.974282 -0.358306 0.9162 0.9162 0.9212
v 4.206334 -1.997011 -0.370306 0.9162 0.9162 0.9212
v 4.284800 -2.076498 -0.415306 0.9162 0.9162 0.9212
v 4.344704 -2.081997 -0.417806 0.9162 0.9162 0.9212
v 4.365206 -2.056411 -0.402806 0.9162 0.9162 0.9212
v 4.326311 -1.999350 -0.370306 0.9162 0.9162 0.9212
v 0.908316 -1.863160 -0.345936 0.9162 0.9162 0.9212
v 1.387974 -1.885368 -0.361258 0.9162 0.9162 0.9212
v 2.787520 -1.922293 -0.372754 0.9162 0.9162 0.9212
v 3.787205 -1.948208 -0.380418 0.9162 0.9162 0.9212
v 3.987105 -1.955319 -0.384249 0.9162 0.9162 0.9212
v 4.107132 -1.955087 -0.381185 0.9162 0.9162 0.9212
v 4.206812 -1.972460 -0.399571 0.9162 0.9162 0.9212
v 4.285669 -2.031859 -0.468515 0.9162 0.9162 0.9212
v 4.345595 -2.036242 -0.472346 0.9162 0.9162 0.9212
v 4.365967 -2.017351 -0.449364 0.9162 0.9162 0.9212
v 4.326789 -1.974799 -0.399571 0.9162 0.9162 0.9212
v 0.908550 -1.851132 -0.352882 0.9162 0.9162 0.9212
v 1.388326 -1.867326 -0.371677 0.9162 0.9162 0.9212
v 2.787960 -1.899739 -0.385778 0.9162 0.9162 0.9212
v 3.787704 -1.922648 -0.395178 0.9162 0.9162 0.9212
v 3.987632 -1.928255 -0.399877 0.9162 0.9162 0.9212
v 4.107636 -1.929226 -0.396119 0.9162 0.9162 0.9212
v 4.207457 -1.939382 -0.418672 0.9162 0.9162 0.9212
v 4.286841 -1.971717 -0.503245 0.9162 0.9162 0.9212
v 4.346797 -1.974596 -0.507943 0.9162 0.9162 0.9212
v 4.366993 -1.964727 -0.479753 0.9162 0.9162 0.9212
v 4.327434 -1.941720 -0.418673 0.9162 0.9162 0.9212
v 2.788460 -1.874093 -0.390301 0.9162 0.9162 0.9212
v 4.108209 -1.899818 -0.401306 0.9162 0.9162 0.9212
v 4.368159 -1.904885 -0.490306 0.9162 0.9162 0.9212
v 4.328167 -1.904105 -0.425306 0.9162 0.9162 0.9212
v 4.378397 -1.501307 -0.347394 0.9162 0.9162 0.9212
v 4.258618 -1.508593 -0.307394 0.9162 0.9162 0.9212
v 3.779504 -1.537740 -0.287396 0.9162 0.9162 0.9212
v 1.383932 -1.683474 -0.262404 0.9162 0.9162 0.9212
v 1.184301 -1.695619 -0.257405 0.9162 0.9162 0.9212
v 0.964707 -1.708978 -0.237406 0.9162 0.9162 0.9212
v 0.884855 -1.713836 -0.147406 0.9162 0.9162 0.9212
v 0.824966 -1.717479 -0.142406 0.9162 0.9162 0.9212
v 0.884856 -1.713836 -0.347406 0.9162 0.9162 0.9212
v 4.257788 -1.494938 -0.309806 0.9162 0.9162 0.9212
v 3.778258 -1.517257 -0.291014 0.9162 0.9162 0.9212
v 2.380530 -1.597148 -0.276924 0.9162 0.9162 0.9212
v 1.382167 -1.654456 -0.267531 0.9162 0.9162 0.9212
v 1.182432 -1.664894 -0.262833 0.9162 0.9162 0.9212
v 1.062737 -1.673546 -0.266592 0.9162 0.9162 0.9212
v 0.962423 -1.671425 -0.244040 0.9162 0.9162 0.9212
v 0.880701 -1.645558 -0.159468 0.9162 0.9162 0.9212
v 0.820708 -1.647494 -0.154769 0.9162 0.9162 0.9212
v 0.801368 -1.658950 -0.182960 0.9162 0.9162 0.9212
v 0.842644 -1.678712 -0.244040 0.9162 0.9162 0.9212
v 4.257057 -1.482929 -0.316752 0.9162 0.9162 0.9212
v 3.777162 -1.499244 -0.301433 0.9162 0.9162 0.9212
v 2.379160 -1.574632 -0.289947 0.9162 0.9162 0.9212
v 1.380615 -1.628938 -0.282291 0.9162 0.9162 0.9212
v 1.180789 -1.637875 -0.278461 0.9162 0.9162 0.9212
v 1.061167 -1.647728 -0.281526 0.9162 0.9162 0.9212
v 0.960414 -1.638402 -0.263141 0.9162 0.9162 0.9212
v 0.877049 -1.585515 -0.194197 0.9162 0.9162 0.9212
v 0.816964 -1.585951 -0.190367 0.9162 0.9162 0.9212
v 0.798172 -1.606413 -0.213349 0.9162 0.9162 0.9212
v 0.840636 -1.645688 -0.263141 0.9162 0.9162 0.9212
v 4.256515 -1.474016 -0.327394 0.9162 0.9162 0.9212
v 3.776349 -1.485874 -0.317396 0.9162 0.9162 0.9212
v 2.378143 -1.557920 -0.309901 0.9162 0.9162 0.9212
v 1.379463 -1.609998 -0.304904 0.9162 0.9162 0.9212
v 1.179569 -1.617821 -0.302405 0.9162 0.9162 0.9212
v 1.060001 -1.628565 -0.304406 0.9162 0.9162 0.9212
v 0.958923 -1.613891 -0.292406 0.9162 0.9162 0.9212
v 0.874338 -1.540950 -0.247406 0.9162 0.9162 0.9212
v 0.814186 -1.540272 -0.244906 0.9162 0.9162 0.9212
v 0.795800 -1.567419 -0.259907 0.9162 0.9162 0.9212
v 0.839145 -1.621178 -0.292406 0.9162 0.9162 0.9212
v 4.256227 -1.469274 -0.340448 0.9162 0.9162 0.9212
v 3.775916 -1.478761 -0.336977 0.9162 0.9162 0.9212
v 2.377603 -1.549027 -0.334377 0.9162 0.9162 0.9212
v 1.378850 -1.599920 -0.332644 0.9162 0.9162 0.9212
v 1.178920 -1.607150 -0.331777 0.9162 0.9162 0.9212
v 1.059381 -1.618368 -0.332472 0.9162 0.9162 0.9212
v 0.958130 -1.600849 -0.328305 0.9162 0.9162 0.9212
v 0.872895 -1.517238 -0.312677 0.9162 0.9162 0.9212
v 0.812707 -1.515966 -0.311809 0.9162 0.9162 0.9212
v 0.794538 -1.546670 -0.317018 0.9162 0.9162 0.9212
v 0.838351 -1.608136 -0.328305 0.9162 0.9162 0.9212
v 4.256227 -1.469274 -0.354340 0.9162 0.9162 0.9212
v 3.775916 -1.478761 -0.357815 0.9162 0.9162 0.9212
v 2.377603 -1.549027 -0.360424 0.9162 0.9162 0.9212
v 1.378850 -1.599920 -0.362164 0.9162 0.9162 0.9212
v 1.178920 -1.607150 -0.363033 0.9162 0.9162 0.9212
v 1.059381 -1.618368 -0.362339 0.9162 0.9162 0.9212
v 0.958130 -1.600849 -0.366507 0.9162 0.9162 0.9212
v 0.872896 -1.517238 -0.382136 0.9162 0.9162 0.9212
v 0.812707 -1.515966 -0.383004 0.9162 0.9162 0.9212
v 0.794538 -1.546670 -0.377795 0.9162 0.9162 0.9212
v 0.838351 -1.608136 -0.366508 0.9162 0.9162 0.9212
v 4.256515 -1.474016 -0.367394 0.9162 0.9162 0.9212
v 3.776349 -1.485874 -0.377396 0.9162 0.9162 0.9212
v 2.378144 -1.557920 -0.384901 0.9162 0.9162 0.9212
v 1.379463 -1.609998 -0.389904 0.9162 0.9162 0.9212
v 1.179569 -1.617821 -0.392405 0.9162 0.9162 0.9212
v 1.060001 -1.628565 -0.390406 0.9162 0.9162 0.9212
v 0.958923 -1.613891 -0.402406 0.9162 0.9162 0.9212
v 0.874338 -1.540950 -0.447406 0.9162 0.9162 0.9212
v 0.814186 -1.540271 -0.449906 0.9162 0.9162 0.9212
v 0.795801 -1.567419 -0.434906 0.9162 0.9162 0.9212
v 0.839145 -1.621178 -0.402406 0.9162 0.9162 0.9212
v 4.257057 -1.482929 -0.378036 0.9162 0.9162 0.9212
v 3.777162 -1.499244 -0.393358 0.9162 0.9162 0.9212
v 2.379160 -1.574632 -0.404854 0.9162 0.9162 0.9212
v 1.380615 -1.628938 -0.412518 0.9162 0.9162 0.9212
v 1.180789 -1.637875 -0.416349 0.9162 0.9162 0.9212
v 1.061167 -1.647728 -0.413285 0.9162 0.9162 0.9212
v 0.960415 -1.638402 -0.431671 0.9162 0.9162 0.9212
v 0.877050 -1.585515 -0.500615 0.9162 0.9162 0.9212
v 0.816965 -1.585951 -0.504446 0.9162 0.9162 0.9212
v 0.798173 -1.606413 -0.481464 0.9162 0.9162 0.9212
v 0.840636 -1.645688 -0.431671 0.9162 0.9162 0.9212
v 4.257788 -1.494938 -0.384982 0.9162 0.9162 0.9212
v 3.778258 -1.517257 -0.403777 0.9162 0.9162 0.9212
v 2.380530 -1.597148 -0.417878 0.9162 0.9162 0.9212
v 1.382168 -1.654456 -0.427278 0.9162 0.9162 0.9212
v 1.182433 -1.664894 -0.431977 0.9162 0.9162 0.9212
v 1.062738 -1.673546 -0.428219 0.9162 0.9162 0.9212
v 0.962424 -1.671425 -0.450772 0.9162 0.9162 0.9212
v 0.880702 -1.645558 -0.535345 0.9162 0.9162 0.9212
v 0.820709 -1.647494 -0.540043 0.9162 0.9162 0.9212
v 0.801369 -1.658950 -0.511853 0.9162 0.9162 0.9212
v 0.842645 -1.678712 -0.450773 0.9162 0.9162 0.9212
v 4.258618 -1.508593 -0.387394 0.9162 0.9162 0.9212
v 3.779504 -1.537740 -0.407396 0.9162 0.9162 0.9212
v 2.382088 -1.622752 -0.422401 0.9162 0.9162 0.9212
v 1.383933 -1.683474 -0.432404 0.9162 0.9162 0.9212
v 1.184302 -1.695619 -0.437405 0.9162 0.9162 0.9212
v 1.064524 -1.702906 -0.433406 0.9162 0.9162 0.9212
v 0.964708 -1.708978 -0.457406 0.9162 0.9162 0.9212
v 0.884856 -1.713836 -0.547406 0.9162 0.9162 0.9212
v 0.824967 -1.717479 -0.552406 0.9162 0.9162 0.9212
v 0.805004 -1.718693 -0.522406 0.9162 0.9162 0.9212
v 0.844930 -1.716265 -0.457406 0.9162 0.9162 0.9212
v 4.259449 -1.522249 -0.384982 0.9162 0.9162 0.9212
v 3.780750 -1.558223 -0.403777 0.9162 0.9162 0.9212
v 2.383646 -1.648356 -0.417878 0.9162 0.9162 0.9212
v 1.385698 -1.712492 -0.427278 0.9162 0.9162 0.9212
v 1.186171 -1.726344 -0.431977 0.9162 0.9162 0.9212
v 1.066310 -1.732265 -0.428219 0.9162 0.9162 0.9212
v 0.966993 -1.746531 -0.450772 0.9162 0.9162 0.9212
v 0.889010 -1.782114 -0.535345 0.9162 0.9162 0.9212
v 0.829224 -1.787464 -0.540043 0.9162 0.9162 0.9212
v 0.808638 -1.778437 -0.511853 0.9162 0.9162 0.9212
v 0.847214 -1.753817 -0.450773 0.9162 0.9162 0.9212
v 4.260180 -1.534257 -0.378036 0.9162 0.9162 0.9212
v 3.781846 -1.576236 -0.393358 0.9162 0.9162 0.9212
v 2.385015 -1.670872 -0.404854 0.9162 0.9162 0.9212
v 1.387251 -1.738011 -0.412518 0.9162 0.9162 0.9212
v 1.187815 -1.753363 -0.416349 0.9162 0.9162 0.9212
v 1.067880 -1.758083 -0.413285 0.9162 0.9162 0.9212
v 0.969002 -1.779554 -0.431671 0.9162 0.9162 0.9212
v 0.892662 -1.842156 -0.500615 0.9162 0.9162 0.9212
v 0.832968 -1.849007 -0.504446 0.9162 0.9162 0.9212
v 0.811834 -1.830974 -0.481464 0.9162 0.9162 0.9212
v 0.849223 -1.786841 -0.431671 0.9162 0.9162 0.9212
v 4.260722 -1.543170 -0.367394 0.9162 0.9162 0.9212
v 3.782660 -1.589606 -0.377396 0.9162 0.9162 0.9212
v 2.386032 -1.687584 -0.384901 0.9162 0.9162 0.9212
v 1.388403 -1.756951 -0.389904 0.9162 0.9162 0.9212
v 1.189035 -1.773417 -0.392405 0.9162 0.9162 0.9212
v 1.069046 -1.777246 -0.390406 0.9162 0.9162 0.9212
v 0.970493 -1.804065 -0.402406 0.9162 0.9162 0.9212
v 0.895373 -1.886721 -0.447406 0.9162 0.9162 0.9212
v 0.835747 -1.894687 -0.449906 0.9162 0.9162 0.9212
v 0.814206 -1.869968 -0.434906 0.9162 0.9162 0.9212
v 0.850714 -1.811352 -0.402406 0.9162 0.9162 0.9212
v 4.261010 -1.547913 -0.354340 0.9162 0.9162 0.9212
v 3.783092 -1.596720 -0.357815 0.9162 0.9162 0.9212
v 2.386573 -1.696476 -0.360424 0.9162 0.9162 0.9212
v 1.389016 -1.767029 -0.362164 0.9162 0.9162 0.9212
v 1.189684 -1.784088 -0.363033 0.9162 0.9162 0.9212
v 1.069666 -1.787443 -0.362339 0.9162 0.9162 0.9212
v 0.971286 -1.817107 -0.366507 0.9162 0.9162 0.9212
v 0.896816 -1.910434 -0.382136 0.9162 0.9162 0.9212
v 0.837225 -1.918992 -0.383004 0.9162 0.9162 0.9212
v 0.815468 -1.890717 -0.377795 0.9162 0.9162 0.9212
v 0.851507 -1.824394 -0.366508 0.9162 0.9162 0.9212
v 4.261010 -1.547913 -0.340448 0.9162 0.9162 0.9212
v 3.783092 -1.596720 -0.336977 0.9162 0.9162 0.9212
v 2.386573 -1.696476 -0.334377 0.9162 0.9162 0.9212
v 1.389016 -1.767029 -0.332644 0.9162 0.9162 0.9212
v 1.189684 -1.784088 -0.331777 0.9162 0.9162 0.9212
v 1.069666 -1.787443 -0.332472 0.9162 0.9162 0.9212
v 0.971286 -1.817107 -0.328305 0.9162 0.9162 0.9212
v 0.896815 -1.910434 -0.312676 0.9162 0.9162 0.9212
v 0.837225 -1.918992 -0.311808 0.9162 0.9162 0.9212
v 0.815468 -1.890717 -0.317018 0.9162 0.9162 0.9212
v 0.851507 -1.824394 -0.328305 0.9162 0.9162 0.9212
v 4.260722 -1.543170 -0.327394 0.9162 0.9162 0.9212
v 3.782659 -1.589606 -0.317396 0.9162 0.9162 0.9212
v 2.386031 -1.687584 -0.309901 0.9162 0.9162 0.9212
v 1.388403 -1.756951 -0.304904 0.9162 0.9162 0.9212
v 1.189035 -1.773417 -0.302405 0.9162 0.9162 0.9212
v 1.069046 -1.777246 -0.304406 0.9162 0.9162 0.9212
v 0.970492 -1.804065 -0.292406 0.9162 0.9162 0.9212
v 0.895373 -1.886721 -0.247406 0.9162 0.9162 0.9212
v 0.835746 -1.894687 -0.244906 0.9162 0.9162 0.9212
v 0.814206 -1.869968 -0.259907 0.9162 0.9162 0.9212
v 0.850714 -1.811352 -0.292406 0.9162 0.9162 0.9212
v 4.260180 -1.534257 -0.316752 0.9162 0.9162 0.9212
v 3.781846 -1.576236 -0.301433 0.9162 0.9162 0.9212
v 2.385015 -1.670872 -0.289947 0.9162 0.9162 0.9212
v 1.387250 -1.738011 -0.282291 0.9162 0.9162 0.9212
v 1.187814 -1.753363 -0.278461 0.9162 0.9162 0.9212
v 1.067880 -1.758083 -0.281526 0.9162 0.9162 0.9212
v 0.969001 -1.779554 -0.263141 0.9162 0.9162 0.9212
v 0.892661 -1.842156 -0.194197 0.9162 0.9162 0.9212
v 0.832967 -1.849007 -0.190367 0.9162 0.9162 0.9212
v 0.811833 -1.830974 -0.213349 0.9162 0.9162 0.9212
v 0.849223 -1.786841 -0.263141 0.9162 0.9162 0.9212
v 4.259449 -1.522249 -0.309806 0.9162 0.9162 0.9212
v 3.780750 -1.558223 -0.291014 0.9162 0.9162 0.9212
v 2.383645 -1.648356 -0.276924 0.9162 0.9162 0.9212
v 1.385698 -1.712492 -0.267531 0.9162 0.9162 0.9212
v 1.186171 -1.726344 -0.262833 0.9162 0.9162 0.9212
v 1.066309 -1.732265 -0.266592 0.9162 0.9162 0.9212
v 0.966992 -1.746531 -0.244040 0.9162 0.9162 0.9212
v 0.889009 -1.782114 -0.159468 0.9162 0.9162 0.9212
v 0.829223 -1.787464 -0.154769 0.9162 0.9162 0.9212
v 0.808637 -1.778437 -0.182960 0.9162 0.9162 0.9212
v 0.847214 -1.753817 -0.244040 0.9162 0.9162 0.9212
v 2.382087 -1.622752 -0.272401 0.9162 0.9162 0.9212
v 1.064523 -1.702906 -0.261406 0.9162 0.9162 0.9212
v 0.805003 -1.718693 -0.172407 0.9162 0.9162 0.9212
v 0.844929 -1.716265 -0.237406 0.9162 0.9162 0.9212
v 0.673645 -1.495623 -0.348794 0.9162 0.9162 0.9212
v 0.793300 -1.486531 -0.388794 0.9162 0.9162 0.9212
v 1.271920 -1.450163 -0.408796 0.9162 0.9162 0.9212
v 3.665021 -1.268322 -0.433804 0.9162 0.9162 0.9212
v 3.864447 -1.253168 -0.438805 0.9162 0.9162 0.9212
v 4.083814 -1.236499 -0.458806 0.9162 0.9162 0.9212
v 4.163584 -1.230438 -0.548806 0.9162 0.9162 0.9212
v 4.223412 -1.225892 -0.553806 0.9162 0.9162 0.9212
v 4.163585 -1.230438 -0.348806 0.9162 0.9162 0.9212
v 0.792264 -1.472890 -0.386382 0.9162 0.9162 0.9212
v 1.270365 -1.429701 -0.405177 0.9162 0.9162 0.9212
v 2.665952 -1.318511 -0.419278 0.9162 0.9162 0.9212
v 3.662819 -1.239333 -0.428678 0.9162 0.9162 0.9212
v 3.862114 -1.222475 -0.433377 0.9162 0.9162 0.9212
v 3.981873 -1.214747 -0.429619 0.9162 0.9162 0.9212
v 4.080964 -1.198985 -0.452172 0.9162 0.9162 0.9212
v 4.158401 -1.162230 -0.536745 0.9162 0.9162 0.9212
v 4.218099 -1.155979 -0.541443 0.9162 0.9162 0.9212
v 4.238819 -1.164695 -0.513253 0.9162 0.9162 0.9212
v 4.200619 -1.189893 -0.452173 0.9162 0.9162 0.9212
v 0.791352 -1.460894 -0.379436 0.9162 0.9162 0.9212
v 1.268998 -1.411707 -0.394758 0.9162 0.9162 0.9212
v 2.664243 -1.296018 -0.406254 0.9162 0.9162 0.9212
v 3.660882 -1.213842 -0.413918 0.9162 0.9162 0.9212
v 3.860064 -1.195483 -0.417749 0.9162 0.9162 0.9212
v 3.979913 -1.188955 -0.414685 0.9162 0.9162 0.9212
v 4.078457 -1.165996 -0.433071 0.9162 0.9162 0.9212
v 4.153843 -1.102250 -0.502015 0.9162 0.9162 0.9212
v 4.213428 -1.094499 -0.505846 0.9162 0.9162 0.9212
v 4.234831 -1.112212 -0.482864 0.9162 0.9162 0.9212
v 4.198112 -1.156904 -0.433071 0.9162 0.9162 0.9212
v 0.790676 -1.451990 -0.368794 0.9162 0.9162 0.9212
v 1.267983 -1.398351 -0.378796 0.9162 0.9162 0.9212
v 2.662975 -1.279324 -0.386301 0.9162 0.9162 0.9212
v 3.659444 -1.194921 -0.391304 0.9162 0.9162 0.9212
v 3.858541 -1.175450 -0.393805 0.9162 0.9162 0.9212
v 3.978459 -1.169812 -0.391806 0.9162 0.9162 0.9212
v 4.076597 -1.141510 -0.403806 0.9162 0.9162 0.9212
v 4.150461 -1.057731 -0.448806 0.9162 0.9162 0.9212
v 4.209960 -1.048867 -0.451306 0.9162 0.9162 0.9212
v 4.231872 -1.073258 -0.436306 0.9162 0.9162 0.9212
v 4.196251 -1.132418 -0.403806 0.9162 0.9162 0.9212
v 0.790316 -1.447252 -0.355740 0.9162 0.9162 0.9212
v 1.267444 -1.391245 -0.359215 0.9162 0.9162 0.9212
v 2.662300 -1.270441 -0.361824 0.9162 0.9162 0.9212
v 3.658679 -1.184854 -0.363564 0.9162 0.9162 0.9212
v 3.857731 -1.164790 -0.364433 0.9162 0.9162 0.9212
v 3.977685 -1.159626 -0.363739 0.9162 0.9162 0.9212
v 4.075607 -1.128482 -0.367907 0.9162 0.9162 0.9212
v 4.148661 -1.034043 -0.383536 0.9162 0.9162 0.9212
v 4.208116 -1.024587 -0.384404 0.9162 0.9162 0.9212
v 4.230297 -1.052531 -0.379195 0.9162 0.9162 0.9212
v 4.195262 -1.119390 -0.367908 0.9162 0.9162 0.9212
v 0.790316 -1.447252 -0.341848 0.9162 0.9162 0.9212
v 1.267444 -1.391245 -0.338377 0.9162 0.9162 0.9212
v 2.662300 -1.270441 -0.335777 0.9162 0.9162 0.9212
v 3.658679 -1.184854 -0.334044 0.9162 0.9162 0.9212
v 3.857732 -1.164790 -0.333177 0.9162 0.9162 0.9212
v 3.977685 -1.159626 -0.333872 0.9162 0.9162 0.9212
v 4.075607 -1.128482 -0.329705 0.9162 0.9162 0.9212
v 4.148662 -1.034042 -0.314077 0.9162 0.9162 0.9212
v 4.208116 -1.024587 -0.313209 0.9162 0.9162 0.9212
v 4.230297 -1.052531 -0.318418 0.9162 0.9162 0.9212
v 4.195262 -1.119390 -0.329705 0.9162 0.9162 0.9212
v 0.790676 -1.451990 -0.328794 0.9162 0.9162 0.9212
v 1.267984 -1.398351 -0.318796 0.9162 0.9162 0.9212
v 2.662975 -1.279324 -0.311301 0.9162 0.9162 0.9212
v 3.659445 -1.194921 -0.306304 0.9162 0.9162 0.9212
v 3.858542 -1.175450 -0.303805 0.9162 0.9162 0.9212
v 3.978459 -1.169812 -0.305806 0.9162 0.9162 0.9212
v 4.076597 -1.141510 -0.293806 0.9162 0.9162 0.9212
v 4.150462 -1.057731 -0.248806 0.9162 0.9162 0.9212
v 4.209961 -1.048867 -0.246306 0.9162 0.9162 0.9212
v 4.231872 -1.073258 -0.261306 0.9162 0.9162 0.9212
v 4.196252 -1.132418 -0.293806 0.9162 0.9162 0.9212
v 0.791352 -1.460894 -0.318152 0.9162 0.9162 0.9212
v 1.268999 -1.411707 -0.302833 0.9162 0.9162 0.9212
v 2.664244 -1.296018 -0.291347 0.9162 0.9162 0.9212
v 3.660882 -1.213842 -0.283691 0.9162 0.9162 0.9212
v 3.860064 -1.195483 -0.279861 0.9162 0.9162 0.9212
v 3.979914 -1.188955 -0.282926 0.9162 0.9162 0.9212
v 4.078458 -1.165996 -0.264541 0.9162 0.9162 0.9212
v 4.153845 -1.102250 -0.195597 0.9162 0.9162 0.9212
v 4.213428 -1.094499 -0.191767 0.9162 0.9162 0.9212
v 4.234832 -1.112212 -0.214749 0.9162 0.9162 0.9212
v 4.198112 -1.156904 -0.264541 0.9162 0.9162 0.9212
v 0.792264 -1.472890 -0.311206 0.9162 0.9162 0.9212
v 1.270366 -1.429701 -0.292414 0.9162 0.9162 0.9212
v 2.665953 -1.318511 -0.278324 0.9162 0.9162 0.9212
v 3.662819 -1.239333 -0.268931 0.9162 0.9162 0.9212
v 3.862115 -1.222475 -0.264233 0.9162 0.9162 0.9212
v 3.981874 -1.214747 -0.267992 0.9162 0.9162 0.9212
v 4.080965 -1.198985 -0.245440 0.9162 0.9162 0.9212
v 4.158402 -1.162230 -0.160868 0.9162 0.9162 0.9212
v 4.218101 -1.155979 -0.156169 0.9162 0.9162 0.9212
v 4.238820 -1.164695 -0.184360 0.9162 0.9162 0.9212
v 4.200619 -1.189893 -0.245440 0.9162 0.9162 0.9212
v 0.793301 -1.486531 -0.308794 0.9162 0.9162 0.9212
v 1.271921 -1.450163 -0.288796 0.9162 0.9162 0.9212
v 2.667897 -1.344089 -0.273801 0.9162 0.9162 0.9212
v 3.665022 -1.268322 -0.263804 0.9162 0.9162 0.9212
v 3.864447 -1.253168 -0.258805 0.9162 0.9162 0.9212
v 3.984102 -1.244076 -0.262806 0.9162 0.9162 0.9212
v 4.083815 -1.236499 -0.238806 0.9162 0.9162 0.9212
v 4.163585 -1.230438 -0.148806 0.9162 0.9162 0.9212
v 4.223413 -1.225892 -0.143806 0.9162 0.9162 0.9212
v 4.243355 -1.224376 -0.173807 0.9162 0.9162 0.9212
v 4.203470 -1.227407 -0.238806 0.9162 0.9162 0.9212
v 0.794337 -1.500173 -0.311206 0.9162 0.9162 0.9212
v 1.273476 -1.470625 -0.292414 0.9162 0.9162 0.9212
v 2.669840 -1.369667 -0.278324 0.9162 0.9162 0.9212
v 3.667225 -1.297310 -0.268931 0.9162 0.9162 0.9212
v 3.866780 -1.283861 -0.264233 0.9162 0.9162 0.9212
v 3.986331 -1.273405 -0.267992 0.9162 0.9162 0.9212
v 4.086666 -1.274013 -0.245440 0.9162 0.9162 0.9212
v 4.168768 -1.298645 -0.160868 0.9162 0.9162 0.9212
v 4.228725 -1.295804 -0.156169 0.9162 0.9162 0.9212
v 4.247890 -1.284058 -0.184360 0.9162 0.9162 0.9212
v 4.206320 -1.264921 -0.245440 0.9162 0.9162 0.9212
v 0.795249 -1.512169 -0.318152 0.9162 0.9162 0.9212
v 1.274843 -1.488619 -0.302833 0.9162 0.9162 0.9212
v 2.671549 -1.392159 -0.291347 0.9162 0.9162 0.9212
v 3.669162 -1.322801 -0.283691 0.9162 0.9162 0.9212
v 3.868830 -1.310853 -0.279861 0.9162 0.9162 0.9212
v 3.988291 -1.299197 -0.282926 0.9162 0.9162 0.9212
v 4.089172 -1.307003 -0.264541 0.9162 0.9162 0.9212
v 4.173326 -1.358626 -0.195597 0.9162 0.9162 0.9212
v 4.233397 -1.357285 -0.191767 0.9162 0.9162 0.9212
v 4.251878 -1.336541 -0.214749 0.9162 0.9162 0.9212
v 4.208827 -1.297911 -0.264541 0.9162 0.9162 0.9212
v 0.795925 -1.521073 -0.328794 0.9162 0.9162 0.9212
v 1.275858 -1.501975 -0.318796 0.9162 0.9162 0.9212
v 2.672818 -1.408854 -0.311301 0.9162 0.9162 0.9212
v 3.670599 -1.341722 -0.306304 0.9162 0.9162 0.9212
v 3.870353 -1.330886 -0.303805 0.9162 0.9162 0.9212
v 3.989745 -1.318340 -0.305806 0.9162 0.9162 0.9212
v 4.091033 -1.331488 -0.293806 0.9162 0.9162 0.9212
v 4.176708 -1.403145 -0.248806 0.9162 0.9162 0.9212
v 4.236864 -1.402917 -0.246306 0.9162 0.9162 0.9212
v 4.254838 -1.375495 -0.261307 0.9162 0.9162 0.9212
v 4.210688 -1.322396 -0.293806 0.9162 0.9162 0.9212
v 0.796285 -1.525810 -0.341848 0.9162 0.9162 0.9212
v 1.276398 -1.509082 -0.338377 0.9162 0.9162 0.9212
v 2.673493 -1.417737 -0.335777 0.9162 0.9162 0.9212
v 3.671364 -1.351790 -0.334044 0.9162 0.9162 0.9212
v 3.871162 -1.341546 -0.333177 0.9162 0.9162 0.9212
v 3.990519 -1.328526 -0.333872 0.9162 0.9162 0.9212
v 4.092022 -1.344517 -0.329705 0.9162 0.9162 0.9212
v 4.178508 -1.426833 -0.314077 0.9162 0.9162 0.9212
v 4.238708 -1.427197 -0.313209 0.9162 0.9162 0.9212
v 4.256413 -1.396222 -0.318418 0.9162 0.9162 0.9212
v 4.211678 -1.335425 -0.329705 0.9162 0.9162 0.9212
v 0.796285 -1.525810 -0.355740 0.9162 0.9162 0.9212
v 1.276397 -1.509082 -0.359215 0.9162 0.9162 0.9212
v 2.673492 -1.417737 -0.361824 0.9162 0.9162 0.9212
v 3.671364 -1.351790 -0.363565 0.9162 0.9162 0.9212
v 3.871162 -1.341546 -0.364433 0.9162 0.9162 0.9212
v 3.990519 -1.328526 -0.363739 0.9162 0.9162 0.9212
v 4.092022 -1.344517 -0.367907 0.9162 0.9162 0.9212
v 4.178508 -1.426833 -0.383536 0.9162 0.9162 0.9212
v 4.238708 -1.427197 -0.384404 0.9162 0.9162 0.9212
v 4.256413 -1.396222 -0.379195 0.9162 0.9162 0.9212
v 4.211677 -1.335425 -0.367908 0.9162 0.9162 0.9212
v 0.795925 -1.521073 -0.368794 0.9162 0.9162 0.9212
v 1.275857 -1.501975 -0.378796 0.9162 0.9162 0.9212
v 2.672817 -1.408854 -0.386301 0.9162 0.9162 0.9212
v 3.670599 -1.341722 -0.391304 0.9162 0.9162 0.9212
v 3.870352 -1.330886 -0.393805 0.9162 0.9162 0.9212
v 3.989745 -1.318340 -0.391806 0.9162 0.9162 0.9212
v 4.091032 -1.331488 -0.403806 0.9162 0.9162 0.9212
v 4.176707 -1.403145 -0.448806 0.9162 0.9162 0.9212
v 4.236863 -1.402917 -0.451306 0.9162 0.9162 0.9212
v 4.254837 -1.375495 -0.436306 0.9162 0.9162 0.9212
v 4.210687 -1.322396 -0.403806 0.9162 0.9162 0.9212
v 0.795248 -1.512169 -0.379436 0.9162 0.9162 0.9212
v 1.274843 -1.488620 -0.394758 0.9162 0.9162 0.9212
v 2.671549 -1.392159 -0.406254 0.9162 0.9162 0.9212
v 3.669161 -1.322801 -0.413918 0.9162 0.9162 0.9212
v 3.868830 -1.310853 -0.417749 0.9162 0.9162 0.9212
v 3.988290 -1.299197 -0.414685 0.9162 0.9162 0.9212
v 4.089171 -1.307003 -0.433071 0.9162 0.9162 0.9212
v 4.173325 -1.358626 -0.502015 0.9162 0.9162 0.9212
v 4.233396 -1.357285 -0.505846 0.9162 0.9162 0.9212
v 4.251877 -1.336541 -0.482864 0.9162 0.9162 0.9212
v 4.208827 -1.297911 -0.433071 0.9162 0.9162 0.9212
v 0.794337 -1.500173 -0.386382 0.9162 0.9162 0.9212
v 1.273475 -1.470625 -0.405177 0.9162 0.9162 0.9212
v 2.669840 -1.369667 -0.419278 0.9162 0.9162 0.9212
v 3.667224 -1.297310 -0.428678 0.9162 0.9162 0.9212
v 3.866779 -1.283862 -0.433377 0.9162 0.9162 0.9212
v 3.986330 -1.273405 -0.429619 0.9162 0.9162 0.9212
v 4.086665 -1.274013 -0.452172 0.9162 0.9162 0.9212
v 4.168767 -1.298645 -0.536745 0.9162 0.9162 0.9212
v 4.228724 -1.295805 -0.541443 0.9162 0.9162 0.9212
v 4.247889 -1.284058 -0.513253 0.9162 0.9162 0.9212
v 4.206320 -1.264921 -0.452173 0.9162 0.9162 0.9212
v 2.667896 -1.344089 -0.423801 0.9162 0.9162 0.9212
v 3.984102 -1.244076 -0.434806 0.9162 0.9162 0.9212
v 4.243354 -1.224377 -0.523806 0.9162 0.9162 0.9212
v 4.203469 -1.227407 -0.458806 0.9162 0.9162 0.9212
v 4.392346 -0.948140 -0.314794 0.9162 0.9162 0.9212
v 4.272779 -0.958321 -0.274794 0.9162 0.9162 0.9212
v 3.794509 -0.999043 -0.254796 0.9162 0.9162 0.9212
v 1.403162 -1.202654 -0.229804 0.9162 0.9162 0.9212
v 1.203883 -1.219621 -0.224805 0.9162 0.9162 0.9212
v 0.984676 -1.238286 -0.204806 0.9162 0.9162 0.9212
v 0.904964 -1.245073 -0.114806 0.9162 0.9162 0.9212
v 0.845181 -1.250163 -0.109806 0.9162 0.9162 0.9212
v 0.904965 -1.245073 -0.314806 0.9162 0.9162 0.9212
v 4.271618 -0.944689 -0.277206 0.9162 0.9162 0.9212
v 3.792768 -0.978596 -0.258414 0.9162 0.9162 0.9212
v 2.397381 -1.092257 -0.244324 0.9162 0.9162 0.9212
v 1.400696 -1.173687 -0.234931 0.9162 0.9162 0.9212
v 1.201272 -1.188951 -0.230233 0.9162 0.9162 0.9212
v 1.081820 -1.200494 -0.233992 0.9162 0.9162 0.9212
v 0.981484 -1.200799 -0.211440 0.9162 0.9162 0.9212
v 0.899161 -1.176915 -0.126868 0.9162 0.9162 0.9212
v 0.839232 -1.180302 -0.122169 0.9162 0.9162 0.9212
v 0.820175 -1.192222 -0.150360 0.9162 0.9162 0.9212
v 0.861917 -1.210980 -0.211440 0.9162 0.9162 0.9212
v 4.270597 -0.932702 -0.284152 0.9162 0.9162 0.9212
v 3.791237 -0.960615 -0.268833 0.9162 0.9162 0.9212
v 2.395467 -1.069781 -0.257347 0.9162 0.9162 0.9212
v 1.398527 -1.148214 -0.249691 0.9162 0.9162 0.9212
v 1.198975 -1.161979 -0.245861 0.9162 0.9162 0.9212
v 1.079626 -1.174722 -0.248926 0.9162 0.9162 0.9212
v 0.978678 -1.167834 -0.230541 0.9162 0.9162 0.9212
v 0.894058 -1.116979 -0.161597 0.9162 0.9162 0.9212
v 0.834001 -1.118867 -0.157767 0.9162 0.9162 0.9212
v 0.815710 -1.139778 -0.180749 0.9162 0.9162 0.9212
v 0.859110 -1.178015 -0.230541 0.9162 0.9162 0.9212
v 4.269840 -0.923805 -0.294794 0.9162 0.9162 0.9212
v 3.790101 -0.947269 -0.284796 0.9162 0.9162 0.9212
v 2.394047 -1.053098 -0.277301 0.9162 0.9162 0.9212
v 1.396917 -1.129307 -0.272304 0.9162 0.9162 0.9212
v 1.197271 -1.141960 -0.269805 0.9162 0.9162 0.9212
v 1.077997 -1.155592 -0.271806 0.9162 0.9162 0.9212
v 0.976594 -1.143366 -0.259806 0.9162 0.9162 0.9212
v 0.890270 -1.072492 -0.214806 0.9162 0.9162 0.9212
v 0.830119 -1.073268 -0.212306 0.9162 0.9162 0.9212
v 0.812395 -1.100852 -0.227306 0.9162 0.9162 0.9212
v 0.857027 -1.153547 -0.259806 0.9162 0.9162 0.9212
v 4.269437 -0.919070 -0.307848 0.9162 0.9162 0.9212
v 3.789497 -0.940167 -0.304377 0.9162 0.9162 0.9212
v 2.393291 -1.044222 -0.301777 0.9162 0.9162 0.9212
v 1.396060 -1.119247 -0.300044 0.9162 0.9162 0.9212
v 1.196364 -1.131308 -0.299177 0.9162 0.9162 0.9212
v 1.077131 -1.145414 -0.299872 0.9162 0.9162 0.9212
v 0.975486 -1.130347 -0.295705 0.9162 0.9162 0.9212
v 0.888255 -1.048821 -0.280077 0.9162 0.9162 0.9212
v 0.828054 -1.049005 -0.279209 0.9162 0.9162 0.9212
v 0.810632 -1.080140 -0.284418 0.9162 0.9162 0.9212
v 0.855919 -1.140528 -0.295705 0.9162 0.9162 0.9212
v 4.269437 -0.919070 -0.321740 0.9162 0.9162 0.9212
v 3.789497 -0.940167 -0.325215 0.9162 0.9162 0.9212
v 2.393291 -1.044222 -0.327824 0.9162 0.9162 0.9212
v 1.396061 -1.119247 -0.329564 0.9162 0.9162 0.9212
v 1.196364 -1.131308 -0.330433 0.9162 0.9162 0.9212
v 1.077131 -1.145414 -0.329739 0.9162 0.9162 0.9212
v 0.975486 -1.130347 -0.333907 0.9162 0.9162 0.9212
v 0.888255 -1.048821 -0.349536 0.9162 0.9162 0.9212
v 0.828054 -1.049005 -0.350404 0.9162 0.9162 0.9212
v 0.810632 -1.080140 -0.345195 0.9162 0.9162 0.9212
v 0.855919 -1.140528 -0.333908 0.9162 0.9162 0.9212
v 4.269840 -0.923805 -0.334794 0.9162 0.9162 0.9212
v 3.790102 -0.947269 -0.344796 0.9162 0.9162 0.9212
v 2.394047 -1.053098 -0.352301 0.9162 0.9162 0.9212
v 1.396917 -1.129307 -0.357304 0.9162 0.9162 0.9212
v 1.197271 -1.141960 -0.359805 0.9162 0.9162 0.9212
v 1.077998 -1.155592 -0.357806 0.9162 0.9162 0.9212
v 0.976595 -1.143366 -0.369806 0.9162 0.9162 0.9212
v 0.890271 -1.072492 -0.414806 0.9162 0.9162 0.9212
v 0.830120 -1.073268 -0.417306 0.9162 0.9162 0.9212
v 0.812396 -1.100852 -0.402306 0.9162 0.9162 0.9212
v 0.857027 -1.153547 -0.369806 0.9162 0.9162 0.9212
v 4.270598 -0.932702 -0.345436 0.9162 0.9162 0.9212
v 3.791238 -0.960615 -0.360758 0.9162 0.9162 0.9212
v 2.395467 -1.069781 -0.372254 0.9162 0.9162 0.9212
v 1.398527 -1.148214 -0.379918 0.9162 0.9162 0.9212
v 1.198976 -1.161979 -0.383749 0.9162 0.9162 0.9212
v 1.079626 -1.174722 -0.380685 0.9162 0.9162 0.9212
v 0.978678 -1.167834 -0.399071 0.9162 0.9162 0.9212
v 0.894059 -1.116979 -0.468015 0.9162 0.9162 0.9212
v 0.834003 -1.118867 -0.471846 0.9162 0.9162 0.9212
v 0.815711 -1.139778 -0.448864 0.9162 0.9162 0.9212
v 0.859111 -1.178015 -0.399071 0.9162 0.9162 0.9212
v 4.271619 -0.944689 -0.352382 0.9162 0.9162 0.9212
v 3.792769 -0.978596 -0.371177 0.9162 0.9162 0.9212
v 2.397381 -1.092257 -0.385278 0.9162 0.9162 0.9212
v 1.400696 -1.173687 -0.394678 0.9162 0.9162 0.9212
v 1.201272 -1.188951 -0.399377 0.9162 0.9162 0.9212
v 1.081821 -1.200494 -0.395619 0.9162 0.9162 0.9212
v 0.981485 -1.200799 -0.418172 0.9162 0.9162 0.9212
v 0.899162 -1.176915 -0.502745 0.9162 0.9162 0.9212
v 0.839234 -1.180302 -0.507443 0.9162 0.9162 0.9212
v 0.820176 -1.192222 -0.479253 0.9162 0.9162 0.9212
v 0.861918 -1.210980 -0.418173 0.9162 0.9162 0.9212
v 4.272779 -0.958321 -0.354794 0.9162 0.9162 0.9212
v 3.794510 -0.999043 -0.374796 0.9162 0.9162 0.9212
v 2.399557 -1.117816 -0.389801 0.9162 0.9162 0.9212
v 1.403163 -1.202654 -0.399804 0.9162 0.9162 0.9212
v 1.203884 -1.219621 -0.404805 0.9162 0.9162 0.9212
v 1.084316 -1.229802 -0.400806 0.9162 0.9162 0.9212
v 0.984677 -1.238286 -0.424806 0.9162 0.9162 0.9212
v 0.904966 -1.245073 -0.514806 0.9162 0.9162 0.9212
v 0.845182 -1.250163 -0.519806 0.9162 0.9162 0.9212
v 0.825254 -1.251860 -0.489806 0.9162 0.9162 0.9212
v 0.865109 -1.248466 -0.424806 0.9162 0.9162 0.9212
v 4.273940 -0.971952 -0.352382 0.9162 0.9162 0.9212
v 3.796251 -1.019490 -0.371177 0.9162 0.9162 0.9212
v 2.401733 -1.143375 -0.385278 0.9162 0.9162 0.9212
v 1.405629 -1.231621 -0.394678 0.9162 0.9162 0.9212
v 1.206495 -1.250292 -0.399377 0.9162 0.9162 0.9212
v 1.086812 -1.259110 -0.395619 0.9162 0.9162 0.9212
v 0.987869 -1.275772 -0.418172 0.9162 0.9162 0.9212
v 0.910769 -1.313230 -0.502745 0.9162 0.9162 0.9212
v 0.851130 -1.320024 -0.507443 0.9162 0.9162 0.9212
v 0.830332 -1.311498 -0.479253 0.9162 0.9162 0.9212
v 0.868301 -1.285953 -0.418173 0.9162 0.9162 0.9212
v 4.274961 -0.983940 -0.345436 0.9162 0.9162 0.9212
v 3.797782 -1.037471 -0.360758 0.9162 0.9162 0.9212
v 2.403647 -1.165851 -0.372254 0.9162 0.9162 0.9212
v 1.407798 -1.257094 -0.379918 0.9162 0.9162 0.9212
v 1.208791 -1.277264 -0.383749 0.9162 0.9162 0.9212
v 1.089006 -1.284882 -0.380685 0.9162 0.9162 0.9212
v 0.990675 -1.308738 -0.399071 0.9162 0.9162 0.9212
v 0.915872 -1.373167 -0.468015 0.9162 0.9162 0.9212
v 0.856361 -1.381459 -0.471846 0.9162 0.9162 0.9212
v 0.834797 -1.363942 -0.448864 0.9162 0.9162 0.9212
v 0.871108 -1.318918 -0.399071 0.9162 0.9162 0.9212
v 4.275718 -0.992837 -0.334794 0.9162 0.9162 0.9212
v 3.798918 -1.050817 -0.344796 0.9162 0.9162 0.9212
v 2.405067 -1.182534 -0.352301 0.9162 0.9162 0.9212
v 1.409407 -1.276001 -0.357304 0.9162 0.9162 0.9212
v 1.210496 -1.297283 -0.359805 0.9162 0.9162 0.9212
v 1.090635 -1.304012 -0.357805 0.9162 0.9162 0.9212
v 0.992759 -1.333205 -0.369806 0.9162 0.9162 0.9212
v 0.919660 -1.417653 -0.414806 0.9162 0.9162 0.9212
v 0.860243 -1.427058 -0.417306 0.9162 0.9162 0.9212
v 0.838111 -1.402868 -0.402306 0.9162 0.9162 0.9212
v 0.873191 -1.343386 -0.369806 0.9162 0.9162 0.9212
v 4.276121 -0.997571 -0.321740 0.9162 0.9162 0.9212
v 3.799523 -1.057918 -0.325215 0.9162 0.9162 0.9212
v 2.405823 -1.191410 -0.327824 0.9162 0.9162 0.9212
v 1.410264 -1.286061 -0.329564 0.9162 0.9162 0.9212
v 1.211403 -1.307935 -0.330433 0.9162 0.9162 0.9212
v 1.091501 -1.314190 -0.329739 0.9162 0.9162 0.9212
v 0.993867 -1.346224 -0.333907 0.9162 0.9162 0.9212
v 0.921675 -1.441324 -0.349536 0.9162 0.9162 0.9212
v 0.862309 -1.451321 -0.350404 0.9162 0.9162 0.9212
v 0.839875 -1.423580 -0.345195 0.9162 0.9162 0.9212
v 0.874300 -1.356405 -0.333908 0.9162 0.9162 0.9212
v 4.276121 -0.997571 -0.307848 0.9162 0.9162 0.9212
v 3.799522 -1.057918 -0.304377 0.9162 0.9162 0.9212
v 2.405823 -1.191410 -0.301777 0.9162 0.9162 0.9212
v 1.410264 -1.286061 -0.300044 0.9162 0.9162 0.9212
v 1.211403 -1.307935 -0.299177 0.9162 0.9162 0.9212
v 1.091501 -1.314190 -0.299872 0.9162 0.9162 0.9212
v 0.993867 -1.346224 -0.295705 0.9162 0.9162 0.9212
v 0.921675 -1.441324 -0.280076 0.9162 0.9162 0.9212
v 0.862309 -1.451321 -0.279208 0.9162 0.9162 0.9212
v 0.839874 -1.423580 -0.284418 0.9162 0.9162 0.9212
v 0.874299 -1.356405 -0.295705 0.9162 0.9162 0.9212
v 4.275718 -0.992837 -0.294794 0.9162 0.9162 0.9212
v 3.798918 -1.050817 -0.284796 0.9162 0.9162 0.9212
v 2.405067 -1.182534 -0.277301 0.9162 0.9162 0.9212
v 1.409407 -1.276001 -0.272304 0.9162 0.9162 0.9212
v 1.210496 -1.297283 -0.269805 0.9162 0.9162 0.9212
v 1.090634 -1.304012 -0.271806 0.9162 0.9162 0.9212
v 0.992758 -1.333205 -0.259806 0.9162 0.9162 0.9212
v 0.919659 -1.417653 -0.214806 0.9162 0.9162 0.9212
v 0.860243 -1.427058 -0.212306 0.9162 0.9162 0.9212
v 0.838111 -1.402868 -0.227306 0.9162 0.9162 0.9212
v 0.873191 -1.343386 -0.259806 0.9162 0.9162 0.9212
v 4.274961 -0.983940 -0.284152 0.9162 0.9162 0.9212
v 3.797781 -1.037471 -0.268833 0.9162 0.9162 0.9212
v 2.403647 -1.165851 -0.257347 0.9162 0.9162 0.9212
v 1.407797 -1.257094 -0.249691 0.9162 0.9162 0.9212
v 1.208791 -1.277264 -0.245861 0.9162 0.9162 0.9212
v 1.089006 -1.284882 -0.248926 0.9162 0.9162 0.9212
v 0.990675 -1.308738 -0.230541 0.9162 0.9162 0.9212
v 0.915871 -1.373167 -0.161597 0.9162 0.9162 0.9212
v 0.856360 -1.381459 -0.157767 0.9162 0.9162 0.9212
v 0.834796 -1.363942 -0.180749 0.9162 0.9162 0.9212
v 0.871107 -1.318918 -0.230541 0.9162 0.9162 0.9212
v 4.273940 -0.971952 -0.277206 0.9162 0.9162 0.9212
v 3.796250 -1.019490 -0.258414 0.9162 0.9162 0.9212
v 2.401733 -1.143375 -0.244324 0.9162 0.9162 0.9212
v 1.405628 -1.231621 -0.234931 0.9162 0.9162 0.9212
v 1.206494 -1.250292 -0.230233 0.9162 0.9162 0.9212
v 1.086811 -1.259110 -0.233992 0.9162 0.9162 0.9212
v 0.987868 -1.275772 -0.211440 0.9162 0.9162 0.9212
v 0.910768 -1.313230 -0.126868 0.9162 0.9162 0.9212
v 0.851129 -1.320025 -0.122169 0.9162 0.9162 0.9212
v 0.830331 -1.311498 -0.150360 0.9162 0.9162 0.9212
v 0.868301 -1.285953 -0.211440 0.9162 0.9162 0.9212
v 2.399557 -1.117816 -0.239801 0.9162 0.9162 0.9212
v 1.084316 -1.229802 -0.228806 0.9162 0.9162 0.9212
v 0.825253 -1.251860 -0.139807 0.9162 0.9162 0.9212
v 0.865109 -1.248466 -0.204806 0.9162 0.9162 0.9212
v 4.272856 -2.711871 -0.129994 0.9162 0.9162 0.9212
v 4.152919 -2.715768 -0.089994 0.9162 0.9162 0.9212
v 3.673172 -2.731356 -0.069996 0.9162 0.9162 0.9212
v 1.274438 -2.809294 -0.045004 0.9162 0.9162 0.9212
v 1.074543 -2.815789 -0.040005 0.9162 0.9162 0.9212
v 0.854659 -2.822933 -0.020006 0.9162 0.9162 0.9212
v 0.774701 -2.825531 0.069994 0.9162 0.9162 0.9212
v 0.714733 -2.827479 0.074994 0.9162 0.9162 0.9212
v 0.774702 -2.825531 -0.130006 0.9162 0.9162 0.9212
v 4.152474 -2.702094 -0.092406 0.9162 0.9162 0.9212
v 3.672506 -2.710845 -0.073614 0.9162 0.9162 0.9212
v 2.273077 -2.751182 -0.059524 0.9162 0.9162 0.9212
v 1.273494 -2.780237 -0.050131 0.9162 0.9162 0.9212
v 1.073544 -2.785023 -0.045433 0.9162 0.9162 0.9212
v 0.953651 -2.790287 -0.049192 0.9162 0.9162 0.9212
v 0.853437 -2.785331 -0.026640 0.9162 0.9162 0.9212
v 0.772480 -2.757163 0.057932 0.9162 0.9162 0.9212
v 0.712456 -2.757402 0.062631 0.9162 0.9162 0.9212
v 0.692800 -2.768307 0.034440 0.9162 0.9162 0.9212
v 0.733501 -2.789228 -0.026640 0.9162 0.9162 0.9212
v 4.152084 -2.690070 -0.099352 0.9162 0.9162 0.9212
v 3.671920 -2.692809 -0.084033 0.9162 0.9162 0.9212
v 2.272345 -2.728636 -0.072547 0.9162 0.9162 0.9212
v 1.272664 -2.754686 -0.064891 0.9162 0.9162 0.9212
v 1.072665 -2.757968 -0.061061 0.9162 0.9162 0.9212
v 0.952811 -2.764435 -0.064126 0.9162 0.9162 0.9212
v 0.852363 -2.752264 -0.045741 0.9162 0.9162 0.9212
v 0.770526 -2.697041 0.023203 0.9162 0.9162 0.9212
v 0.710454 -2.695777 0.027033 0.9162 0.9162 0.9212
v 0.691091 -2.715700 0.004051 0.9162 0.9162 0.9212
v 0.732427 -2.756161 -0.045741 0.9162 0.9162 0.9212
v 4.151794 -2.681145 -0.109994 0.9162 0.9162 0.9212
v 3.671485 -2.679421 -0.099996 0.9162 0.9162 0.9212
v 2.271801 -2.711902 -0.092501 0.9162 0.9162 0.9212
v 1.272048 -2.735721 -0.087504 0.9162 0.9162 0.9212
v 1.072012 -2.737888 -0.085005 0.9162 0.9162 0.9212
v 0.952188 -2.745247 -0.087006 0.9162 0.9162 0.9212
v 0.851566 -2.727720 -0.075006 0.9162 0.9162 0.9212
v 0.769077 -2.652417 -0.030006 0.9162 0.9162 0.9212
v 0.708968 -2.650038 -0.027506 0.9162 0.9162 0.9212
v 0.689822 -2.676654 -0.042506 0.9162 0.9162 0.9212
v 0.731629 -2.731617 -0.075006 0.9162 0.9162 0.9212
v 4.151640 -2.676396 -0.123048 0.9162 0.9162 0.9212
v 3.671253 -2.672298 -0.119577 0.9162 0.9162 0.9212
v 2.271512 -2.702998 -0.116977 0.9162 0.9162 0.9212
v 1.271720 -2.725629 -0.115244 0.9162 0.9162 0.9212
v 1.071665 -2.727203 -0.114377 0.9162 0.9162 0.9212
v 0.951856 -2.735037 -0.115072 0.9162 0.9162 0.9212
v 0.851142 -2.714661 -0.110905 0.9162 0.9162 0.9212
v 0.768306 -2.628673 -0.095277 0.9162 0.9162 0.9212
v 0.708177 -2.625700 -0.094409 0.9162 0.9162 0.9212
v 0.689147 -2.655879 -0.099618 0.9162 0.9162 0.9212
v 0.731205 -2.718558 -0.110905 0.9162 0.9162 0.9212
v 4.151640 -2.676396 -0.136940 0.9162 0.9162 0.9212
v 3.671253 -2.672298 -0.140415 0.9162 0.9162 0.9212
v 2.271512 -2.702998 -0.143024 0.9162 0.9162 0.9212
v 1.271720 -2.725629 -0.144764 0.9162 0.9162 0.9212
v 1.071665 -2.727203 -0.145633 0.9162 0.9162 0.9212
v 0.951857 -2.735037 -0.144939 0.9162 0.9162 0.9212
v 0.851142 -2.714661 -0.149107 0.9162 0.9162 0.9212
v 0.768306 -2.628673 -0.164736 0.9162 0.9162 0.9212
v 0.708178 -2.625700 -0.165604 0.9162 0.9162 0.9212
v 0.689148 -2.655879 -0.160395 0.9162 0.9162 0.9212
v 0.731205 -2.718558 -0.149108 0.9162 0.9162 0.9212
v 4.151794 -2.681145 -0.149994 0.9162 0.9162 0.9212
v 3.671485 -2.679421 -0.159996 0.9162 0.9162 0.9212
v 2.271801 -2.711902 -0.167501 0.9162 0.9162 0.9212
v 1.272048 -2.735721 -0.172504 0.9162 0.9162 0.9212
v 1.072013 -2.737888 -0.175005 0.9162 0.9162 0.9212
v 0.952188 -2.745247 -0.173006 0.9162 0.9162 0.9212
v 0.851566 -2.727720 -0.185006 0.9162 0.9162 0.9212
v 0.769078 -2.652417 -0.230006 0.9162 0.9162 0.9212
v 0.708969 -2.650038 -0.232506 0.9162 0.9162 0.9212
v 0.689823 -2.676654 -0.217506 0.9162 0.9162 0.9212
v 0.731630 -2.731617 -0.185006 0.9162 0.9162 0.9212
v 4.152084 -2.690070 -0.160636 0.9162 0.9162 0.9212
v 3.671920 -2.692809 -0.175958 0.9162 0.9162 0.9212
v 2.272345 -2.728636 -0.187454 0.9162 0.9162 0.9212
v 1.272664 -2.754686 -0.195118 0.9162 0.9162 0.9212
v 1.072665 -2.757968 -0.198949 0.9162 0.9162 0.9212
v 0.952812 -2.764435 -0.195885 0.9162 0.9162 0.9212
v 0.852364 -2.752264 -0.214271 0.9162 0.9162 0.9212
v 0.770528 -2.697041 -0.283215 0.9162 0.9162 0.9212
v 0.710455 -2.695777 -0.287046 0.9162 0.9162 0.9212
v 0.691092 -2.715700 -0.264064 0.9162 0.9162 0.9212
v 0.732427 -2.756161 -0.214271 0.9162 0.9162 0.9212
v 4.152475 -2.702094 -0.167582 0.9162 0.9162 0.9212
v 3.672506 -2.710845 -0.186377 0.9162 0.9162 0.9212
v 2.273078 -2.751182 -0.200478 0.9162 0.9162 0.9212
v 1.273494 -2.780237 -0.209878 0.9162 0.9162 0.9212
v 1.073544 -2.785023 -0.214577 0.9162 0.9162 0.9212
v 0.953652 -2.790287 -0.210819 0.9162 0.9162 0.9212
v 0.853438 -2.785331 -0.233372 0.9162 0.9162 0.9212
v 0.772481 -2.757163 -0.317945 0.9162 0.9162 0.9212
v 0.712457 -2.757402 -0.322643 0.9162 0.9162 0.9212
v 0.692801 -2.768307 -0.294453 0.9162 0.9162 0.9212
v 0.733502 -2.789228 -0.233373 0.9162 0.9162 0.9212
v 4.152919 -2.715768 -0.169994 0.9162 0.9162 0.9212
v 3.673172 -2.731356 -0.189996 0.9162 0.9162 0.9212
v 2.273911 -2.776820 -0.205001 0.9162 0.9162 0.9212
v 1.274439 -2.809294 -0.215004 0.9162 0.9162 0.9212
v 1.074544 -2.815789 -0.220005 0.9162 0.9162 0.9212
v 0.954607 -2.819686 -0.216006 0.9162 0.9162 0.9212
v 0.854660 -2.822933 -0.240006 0.9162 0.9162 0.9212
v 0.774703 -2.825531 -0.330006 0.9162 0.9162 0.9212
v 0.714734 -2.827479 -0.335006 0.9162 0.9162 0.9212
v 0.694745 -2.828129 -0.305006 0.9162 0.9162 0.9212
v 0.734723 -2.826830 -0.240006 0.9162 0.9162 0.9212
v 4.153363 -2.729441 -0.167582 0.9162 0.9162 0.9212
v 3.673839 -2.751866 -0.186377 0.9162 0.9162 0.9212
v 2.274744 -2.802458 -0.200478 0.9162 0.9162 0.9212
v 1.275383 -2.838350 -0.209878 0.9162 0.9162 0.9212
v 1.075544 -2.846554 -0.214577 0.9162 0.9162 0.9212
v 0.955562 -2.849084 -0.210819 0.9162 0.9162 0.9212
v 0.855882 -2.860535 -0.233372 0.9162 0.9162 0.9212
v 0.776924 -2.893899 -0.317945 0.9162 0.9162 0.9212
v 0.717011 -2.897557 -0.322643 0.9162 0.9162 0.9212
v 0.696688 -2.887951 -0.294453 0.9162 0.9162 0.9212
v 0.735945 -2.864432 -0.233372 0.9162 0.9162 0.9212
v 4.153754 -2.741466 -0.160636 0.9162 0.9162 0.9212
v 3.674425 -2.769902 -0.175958 0.9162 0.9162 0.9212
v 2.275476 -2.825003 -0.187454 0.9162 0.9162 0.9212
v 1.276213 -2.863902 -0.195118 0.9162 0.9162 0.9212
v 1.076422 -2.873609 -0.198949 0.9162 0.9162 0.9212
v 0.956402 -2.874936 -0.195885 0.9162 0.9162 0.9212
v 0.856956 -2.893602 -0.214271 0.9162 0.9162 0.9212
v 0.778877 -2.954021 -0.283215 0.9162 0.9162 0.9212
v 0.719013 -2.959181 -0.287046 0.9162 0.9162 0.9212
v 0.698398 -2.940557 -0.264064 0.9162 0.9162 0.9212
v 0.737019 -2.897499 -0.214271 0.9162 0.9162 0.9212
v 4.154044 -2.750391 -0.149994 0.9162 0.9162 0.9212
v 3.674860 -2.783290 -0.159996 0.9162 0.9162 0.9212
v 2.276020 -2.841737 -0.167501 0.9162 0.9162 0.9212
v 1.276829 -2.882867 -0.172504 0.9162 0.9162 0.9212
v 1.077075 -2.893690 -0.175005 0.9162 0.9162 0.9212
v 0.957026 -2.894125 -0.173006 0.9162 0.9162 0.9212
v 0.857753 -2.918146 -0.185006 0.9162 0.9162 0.9212
v 0.780327 -2.998645 -0.230006 0.9162 0.9162 0.9212
v 0.720499 -3.004921 -0.232506 0.9162 0.9162 0.9212
v 0.699666 -2.979604 -0.217506 0.9162 0.9162 0.9212
v 0.737817 -2.922043 -0.185006 0.9162 0.9162 0.9212
v 4.154198 -2.755139 -0.136940 0.9162 0.9162 0.9212
v 3.675091 -2.790413 -0.140415 0.9162 0.9162 0.9212
v 2.276309 -2.850641 -0.143024 0.9162 0.9162 0.9212
v 1.277157 -2.892958 -0.144764 0.9162 0.9162 0.9212
v 1.077422 -2.904375 -0.145633 0.9162 0.9162 0.9212
v 0.957357 -2.904335 -0.144939 0.9162 0.9162 0.9212
v 0.858178 -2.931205 -0.149107 0.9162 0.9162 0.9212
v 0.781098 -3.022389 -0.164736 0.9162 0.9162 0.9212
v 0.721290 -3.029258 -0.165604 0.9162 0.9162 0.9212
v 0.700341 -3.000379 -0.160395 0.9162 0.9162 0.9212
v 0.738241 -2.935102 -0.149108 0.9162 0.9162 0.9212
v 4.154198 -2.755139 -0.123048 0.9162 0.9162 0.9212
v 3.675091 -2.790413 -0.119577 0.9162 0.9162 0.9212
v 2.276309 -2.850641 -0.116977 0.9162 0.9162 0.9212
v 1.277156 -2.892958 -0.115244 0.9162 0.9162 0.9212
v 1.077422 -2.904375 -0.114377 0.9162 0.9162 0.9212
v 0.957357 -2.904335 -0.115072 0.9162 0.9162 0.9212
v 0.858177 -2.931205 -0.110905 0.9162 0.9162 0.9212
v 0.781098 -3.022389 -0.095276 0.9162 0.9162 0.9212
v 0.721289 -3.029258 -0.094408 0.9162 0.9162 0.9212
v 0.700341 -3.000379 -0.099618 0.9162 0.9162 0.9212
v 0.738241 -2.935102 -0.110905 0.9162 0.9162 0.9212
v 4.154044 -2.750391 -0.109994 0.9162 0.9162 0.9212
v 3.674860 -2.783290 -0.099996 0.9162 0.9162 0.9212
v 2.276020 -2.841737 -0.092501 0.9162 0.9162 0.9212
v 1.276829 -2.882867 -0.087504 0.9162 0.9162 0.9212
v 1.077075 -2.893690 -0.085005 0.9162 0.9162 0.9212
v 0.957025 -2.894125 -0.087006 0.9162 0.9162 0.9212
v 0.857753 -2.918146 -0.075006 0.9162 0.9162 0.9212
v 0.780326 -2.998645 -0.030006 0.9162 0.9162 0.9212
v 0.720498 -3.004921 -0.027506 0.9162 0.9162 0.9212
v 0.699665 -2.979604 -0.042506 0.9162 0.9162 0.9212
v 0.737816 -2.922043 -0.075006 0.9162 0.9162 0.9212
v 4.153754 -2.741466 -0.099352 0.9162 0.9162 0.9212
v 3.674425 -2.769902 -0.084033 0.9162 0.9162 0.9212
v 2.275476 -2.825003 -0.072547 0.9162 0.9162 0.9212
v 1.276212 -2.863902 -0.064891 0.9162 0.9162 0.9212
v 1.076422 -2.873609 -0.061061 0.9162 0.9162 0.9212
v 0.956402 -2.874936 -0.064126 0.9162 0.9162 0.9212
v 0.856955 -2.893602 -0.045741 0.9162 0.9162 0.9212
v 0.778876 -2.954021 0.023203 0.9162 0.9162 0.9212
v 0.719012 -2.959181 0.027033 0.9162 0.9162 0.9212
v 0.698397 -2.940557 0.004051 0.9162 0.9162 0.9212
v 0.737019 -2.897499 -0.045741 0.9162 0.9162 0.9212
v 4.153363 -2.729441 -0.092406 0.9162 0.9162 0.9212
v 3.673839 -2.751866 -0.073614 0.9162 0.9162 0.9212
v 2.274743 -2.802458 -0.059524 0.9162 0.9162 0.9212
v 1.275382 -2.838350 -0.050131 0.9162 0.9162 0.9212
v 1.075543 -2.846554 -0.045433 0.9162 0.9162 0.9212
v 0.955562 -2.849084 -0.049192 0.9162 0.9162 0.9212
v 0.855881 -2.860535 -0.026640 0.9162 0.9162 0.9212
v 0.776923 -2.893899 0.057932 0.9162 0.9162 0.9212
v 0.717010 -2.897557 0.062631 0.9162 0.9162 0.9212
v 0.696687 -2.887951 0.034440 0.9162 0.9162 0.9212
v 0.735944 -2.864432 -0.026640 0.9162 0.9162 0.9212
v 2.273910 -2.776819 -0.055001 0.9162 0.9162 0.9212
v 0.954607 -2.819686 -0.044006 0.9162 0.9162 0.9212
v 0.694744 -2.828129 0.044993 0.9162 0.9162 0.9212
v 0.734723 -2.826830 -0.020006 0.9162 0.9162 0.9212
v 0.908473 -2.430353 -0.165094 0.9162 0.9162 0.9212
v 1.028354 -2.435693 -0.205094 0.9162 0.9162 0.9212
v 1.507879 -2.457051 -0.225096 0.9162 0.9162 0.9212
v 3.905501 -2.563839 -0.250104 0.9162 0.9162 0.9212
v 4.105303 -2.572738 -0.255105 0.9162 0.9162 0.9212
v 4.325086 -2.582527 -0.275106 0.9162 0.9162 0.9212
v 4.405006 -2.586087 -0.365106 0.9162 0.9162 0.9212
v 4.464946 -2.588757 -0.370106 0.9162 0.9162 0.9212
v 4.405006 -2.586087 -0.165106 0.9162 0.9162 0.9212
v 1.028963 -2.422026 -0.202682 0.9162 0.9162 0.9212
v 1.508792 -2.436550 -0.221477 0.9162 0.9162 0.9212
v 2.907633 -2.493718 -0.235578 0.9162 0.9162 0.9212
v 3.906795 -2.534796 -0.244978 0.9162 0.9162 0.9212
v 4.106673 -2.541987 -0.249677 0.9162 0.9162 0.9212
v 4.226493 -2.548693 -0.245919 0.9162 0.9162 0.9212
v 4.326759 -2.544942 -0.268472 0.9162 0.9162 0.9212
v 4.408050 -2.517751 -0.353045 0.9162 0.9162 0.9212
v 4.468066 -2.518712 -0.357743 0.9162 0.9162 0.9212
v 4.487590 -2.529852 -0.329553 0.9162 0.9162 0.9212
v 4.446640 -2.550282 -0.268472 0.9162 0.9162 0.9212
v 1.029498 -2.410007 -0.195736 0.9162 0.9162 0.9212
v 1.509595 -2.418521 -0.211058 0.9162 0.9162 0.9212
v 2.908637 -2.471183 -0.222554 0.9162 0.9162 0.9212
v 3.907933 -2.509256 -0.230218 0.9162 0.9162 0.9212
v 4.107878 -2.514945 -0.234049 0.9162 0.9162 0.9212
v 4.227644 -2.522853 -0.230985 0.9162 0.9162 0.9212
v 4.328232 -2.511891 -0.249371 0.9162 0.9162 0.9212
v 4.410726 -2.457657 -0.318315 0.9162 0.9162 0.9212
v 4.470810 -2.457116 -0.322145 0.9162 0.9162 0.9212
v 4.489932 -2.477270 -0.299164 0.9162 0.9162 0.9212
v 4.448112 -2.517230 -0.249371 0.9162 0.9162 0.9212
v 1.029895 -2.401086 -0.185094 0.9162 0.9162 0.9212
v 1.510191 -2.405140 -0.195096 0.9162 0.9162 0.9212
v 2.909382 -2.454456 -0.202601 0.9162 0.9162 0.9212
v 3.908777 -2.490300 -0.207604 0.9162 0.9162 0.9212
v 4.108772 -2.494873 -0.210105 0.9162 0.9162 0.9212
v 4.228498 -2.503673 -0.208106 0.9162 0.9162 0.9212
v 4.329325 -2.487359 -0.220106 0.9162 0.9162 0.9212
v 4.412713 -2.413053 -0.265106 0.9162 0.9162 0.9212
v 4.472846 -2.411397 -0.267606 0.9162 0.9162 0.9212
v 4.491671 -2.438242 -0.252606 0.9162 0.9162 0.9212
v 4.449205 -2.492698 -0.220106 0.9162 0.9162 0.9212
v 1.030107 -2.396339 -0.172040 0.9162 0.9162 0.9212
v 1.510508 -2.398021 -0.175515 0.9162 0.9162 0.9212
v 2.909779 -2.445557 -0.178124 0.9162 0.9162 0.9212
v 3.909226 -2.480214 -0.179864 0.9162 0.9162 0.9212
v 4.109247 -2.484194 -0.180733 0.9162 0.9162 0.9212
v 4.228953 -2.493468 -0.180039 0.9162 0.9162 0.9212
v 4.329906 -2.474306 -0.184207 0.9162 0.9162 0.9212
v 4.413770 -2.389320 -0.199836 0.9162 0.9162 0.9212
v 4.473930 -2.387071 -0.200704 0.9162 0.9162 0.9212
v 4.492596 -2.417476 -0.195495 0.9162 0.9162 0.9212
v 4.449787 -2.479645 -0.184208 0.9162 0.9162 0.9212
v 1.030107 -2.396339 -0.158148 0.9162 0.9162 0.9212
v 1.510508 -2.398021 -0.154677 0.9162 0.9162 0.9212
v 2.909779 -2.445557 -0.152077 0.9162 0.9162 0.9212
v 3.909226 -2.480214 -0.150344 0.9162 0.9162 0.9212
v 4.109248 -2.484194 -0.149477 0.9162 0.9162 0.9212
v 4.228953 -2.493468 -0.150172 0.9162 0.9162 0.9212
v 4.329906 -2.474306 -0.146005 0.9162 0.9162 0.9212
v 4.413771 -2.389320 -0.130377 0.9162 0.9162 0.9212
v 4.473930 -2.387071 -0.129508 0.9162 0.9162 0.9212
v 4.492596 -2.417476 -0.134718 0.9162 0.9162 0.9212
v 4.449787 -2.479645 -0.146005 0.9162 0.9162 0.9212
v 1.029895 -2.401086 -0.145094 0.9162 0.9162 0.9212
v 1.510191 -2.405140 -0.135096 0.9162 0.9162 0.9212
v 2.909382 -2.454456 -0.127601 0.9162 0.9162 0.9212
v 3.908777 -2.490300 -0.122604 0.9162 0.9162 0.9212
v 4.108772 -2.494873 -0.120105 0.9162 0.9162 0.9212
v 4.228499 -2.503673 -0.122106 0.9162 0.9162 0.9212
v 4.329325 -2.487359 -0.110106 0.9162 0.9162 0.9212
v 4.412714 -2.413054 -0.065106 0.9162 0.9162 0.9212
v 4.472847 -2.411397 -0.062606 0.9162 0.9162 0.9212
v 4.491671 -2.438242 -0.077606 0.9162 0.9162 0.9212
v 4.449206 -2.492698 -0.110106 0.9162 0.9162 0.9212
v 1.029498 -2.410007 -0.134452 0.9162 0.9162 0.9212
v 1.509595 -2.418522 -0.119133 0.9162 0.9162 0.9212
v 2.908638 -2.471183 -0.107647 0.9162 0.9162 0.9212
v 3.907933 -2.509257 -0.099991 0.9162 0.9162 0.9212
v 4.107878 -2.514945 -0.096161 0.9162 0.9162 0.9212
v 4.227645 -2.522853 -0.099226 0.9162 0.9162 0.9212
v 4.328232 -2.511891 -0.080841 0.9162 0.9162 0.9212
v 4.410728 -2.457657 -0.011897 0.9162 0.9162 0.9212
v 4.470811 -2.457116 -0.008067 0.9162 0.9162 0.9212
v 4.489933 -2.477270 -0.031049 0.9162 0.9162 0.9212
v 4.448113 -2.517230 -0.080841 0.9162 0.9162 0.9212
v 1.028963 -2.422026 -0.127506 0.9162 0.9162 0.9212
v 1.508792 -2.436550 -0.108714 0.9162 0.9162 0.9212
v 2.907634 -2.493718 -0.094624 0.9162 0.9162 0.9212
v 3.906796 -2.534796 -0.085231 0.9162 0.9162 0.9212
v 4.106674 -2.541987 -0.080533 0.9162 0.9162 0.9212
v 4.226494 -2.548693 -0.084292 0.9162 0.9162 0.9212
v 4.326760 -2.544942 -0.061740 0.9162 0.9162 0.9212
v 4.408051 -2.517751 0.022832 0.9162 0.9162 0.9212
v 4.468068 -2.518712 0.027531 0.9162 0.9162 0.9212
v 4.487591 -2.529852 -0.000660 0.9162 0.9162 0.9212
v 4.446641 -2.550282 -0.061740 0.9162 0.9162 0.9212
v 1.028354 -2.435693 -0.125094 0.9162 0.9162 0.9212
v 1.507879 -2.457051 -0.105096 0.9162 0.9162 0.9212
v 2.906492 -2.519344 -0.090101 0.9162 0.9162 0.9212
v 3.905502 -2.563839 -0.080104 0.9162 0.9162 0.9212
v 4.105304 -2.572738 -0.075105 0.9162 0.9162 0.9212
v 4.225185 -2.578078 -0.079106 0.9162 0.9162 0.9212
v 4.325086 -2.582527 -0.055106 0.9162 0.9162 0.9212
v 4.405007 -2.586087 0.034894 0.9162 0.9162 0.9212
v 4.464948 -2.588757 0.039894 0.9162 0.9162 0.9212
v 4.484928 -2.589647 0.009893 0.9162 0.9162 0.9212
v 4.444967 -2.587867 -0.055106 0.9162 0.9162 0.9212
v 1.027745 -2.449360 -0.127506 0.9162 0.9162 0.9212
v 1.506966 -2.477551 -0.108714 0.9162 0.9162 0.9212
v 2.905351 -2.544970 -0.094624 0.9162 0.9162 0.9212
v 3.904208 -2.592882 -0.085231 0.9162 0.9162 0.9212
v 4.103934 -2.603490 -0.080533 0.9162 0.9162 0.9212
v 4.223876 -2.607462 -0.084292 0.9162 0.9162 0.9212
v 4.323412 -2.620112 -0.061740 0.9162 0.9162 0.9212
v 4.401964 -2.654423 0.022832 0.9162 0.9162 0.9212
v 4.461828 -2.658802 0.027531 0.9162 0.9162 0.9212
v 4.482265 -2.649441 -0.000660 0.9162 0.9162 0.9212
v 4.443293 -2.625452 -0.061740 0.9162 0.9162 0.9212
v 1.027210 -2.461379 -0.134452 0.9162 0.9162 0.9212
v 1.506163 -2.495580 -0.119133 0.9162 0.9162 0.9212
v 2.904347 -2.567505 -0.107647 0.9162 0.9162 0.9212
v 3.903071 -2.618422 -0.099991 0.9162 0.9162 0.9212
v 4.102730 -2.630532 -0.096161 0.9162 0.9162 0.9212
v 4.222725 -2.633303 -0.099226 0.9162 0.9162 0.9212
v 4.321940 -2.653164 -0.080841 0.9162 0.9162 0.9212
v 4.399287 -2.714517 -0.011897 0.9162 0.9162 0.9212
v 4.459085 -2.720398 -0.008067 0.9162 0.9162 0.9212
v 4.479923 -2.702023 -0.031049 0.9162 0.9162 0.9212
v 4.441821 -2.658503 -0.080841 0.9162 0.9162 0.9212
v 1.026813 -2.470299 -0.145094 0.9162 0.9162 0.9212
v 1.505567 -2.508961 -0.135096 0.9162 0.9162 0.9212
v 2.903602 -2.584232 -0.127601 0.9162 0.9162 0.9212
v 3.902226 -2.637379 -0.122604 0.9162 0.9162 0.9212
v 4.101836 -2.650604 -0.120105 0.9162 0.9162 0.9212
v 4.221871 -2.652482 -0.122106 0.9162 0.9162 0.9212
v 4.320848 -2.677696 -0.110106 0.9162 0.9162 0.9212
v 4.397300 -2.759120 -0.065106 0.9162 0.9162 0.9212
v 4.457048 -2.766116 -0.062606 0.9162 0.9162 0.9212
v 4.478184 -2.741051 -0.077607 0.9162 0.9162 0.9212
v 4.440728 -2.683035 -0.110106 0.9162 0.9162 0.9212
v 1.026601 -2.475046 -0.158148 0.9162 0.9162 0.9212
v 1.505250 -2.516081 -0.154677 0.9162 0.9162 0.9212
v 2.903206 -2.593132 -0.152077 0.9162 0.9162 0.9212
v 3.901777 -2.647465 -0.150344 0.9162 0.9162 0.9212
v 4.101360 -2.661283 -0.149477 0.9162 0.9162 0.9212
v 4.221416 -2.662687 -0.150172 0.9162 0.9162 0.9212
v 4.320266 -2.690749 -0.146005 0.9162 0.9162 0.9212
v 4.396243 -2.782853 -0.130377 0.9162 0.9162 0.9212
v 4.455964 -2.790442 -0.129509 0.9162 0.9162 0.9212
v 4.477259 -2.761817 -0.134718 0.9162 0.9162 0.9212
v 4.440147 -2.696088 -0.146005 0.9162 0.9162 0.9212
v 1.026601 -2.475046 -0.172040 0.9162 0.9162 0.9212
v 1.505250 -2.516081 -0.175515 0.9162 0.9162 0.9212
v 2.903206 -2.593132 -0.178124 0.9162 0.9162 0.9212
v 3.901777 -2.647465 -0.179865 0.9162 0.9162 0.9212
v 4.101360 -2.661283 -0.180733 0.9162 0.9162 0.9212
v 4.221416 -2.662687 -0.180039 0.9162 0.9162 0.9212
v 4.320266 -2.690749 -0.184207 0.9162 0.9162 0.9212
v 4.396243 -2.782853 -0.199836 0.9162 0.9162 0.9212
v 4.455964 -2.790442 -0.200704 0.9162 0.9162 0.9212
v 4.477259 -2.761817 -0.195495 0.9162 0.9162 0.9212
v 4.440146 -2.696088 -0.184208 0.9162 0.9162 0.9212
v 1.026813 -2.470299 -0.185094 0.9162 0.9162 0.9212
v 1.505567 -2.508961 -0.195096 0.9162 0.9162 0.9212
v 2.903602 -2.584232 -0.202601 0.9162 0.9162 0.9212
v 3.902226 -2.637378 -0.207604 0.9162 0.9162 0.9212
v 4.101835 -2.650604 -0.210105 0.9162 0.9162 0.9212
v 4.221870 -2.652482 -0.208106 0.9162 0.9162 0.9212
v 4.320847 -2.677696 -0.220106 0.9162 0.9162 0.9212
v 4.397299 -2.759120 -0.265106 0.9162 0.9162 0.9212
v 4.457047 -2.766116 -0.267606 0.9162 0.9162 0.9212
v 4.478184 -2.741051 -0.252606 0.9162 0.9162 0.9212
v 4.440728 -2.683035 -0.220106 0.9162 0.9162 0.9212
v 1.027210 -2.461379 -0.195736 0.9162 0.9162 0.9212
v 1.506163 -2.495580 -0.211058 0.9162 0.9162 0.9212
v 2.904347 -2.567505 -0.222554 0.9162 0.9162 0.9212
v 3.903070 -2.618422 -0.230218 0.9162 0.9162 0.9212
v 4.102729 -2.630532 -0.234049 0.9162 0.9162 0.9212
v 4.222725 -2.633303 -0.230985 0.9162 0.9162 0.9212
v 4.321939 -2.653164 -0.249371 0.9162 0.9162 0.9212
v 4.399286 -2.714517 -0.318315 0.9162 0.9162 0.9212
v 4.459084 -2.720397 -0.322146 0.9162 0.9162 0.9212
v 4.479921 -2.702023 -0.299164 0.9162 0.9162 0.9212
v 4.441821 -2.658503 -0.249371 0.9162 0.9162 0.9212
v 1.027745 -2.449360 -0.202682 0.9162 0.9162 0.9212
v 1.506966 -2.477551 -0.221477 0.9162 0.9162 0.9212
v 2.905350 -2.544970 -0.235578 0.9162 0.9162 0.9212
v 3.904208 -2.592882 -0.244978 0.9162 0.9162 0.9212
v 4.103934 -2.603490 -0.249677 0.9162 0.9162 0.9212
v 4.223876 -2.607462 -0.245919 0.9162 0.9162 0.9212
v 4.323411 -2.620112 -0.268472 0.9162 0.9162 0.9212
v 4.401962 -2.654423 -0.353045 0.9162 0.9162 0.9212
v 4.461827 -2.658801 -0.357743 0.9162 0.9162 0.9212
v 4.482264 -2.649441 -0.329553 0.9162 0.9162 0.9212
v 4.443293 -2.625452 -0.268472 0.9162 0.9162 0.9212
v 2.906492 -2.519344 -0.240101 0.9162 0.9162 0.9212
v 4.225184 -2.578078 -0.251106 0.9162 0.9162 0.9212
v 4.484927 -2.589647 -0.340106 0.9162 0.9162 0.9212
v 4.444966 -2.587867 -0.275106 0.9162 0.9162 0.9212
v 4.524774 -2.250280 -0.148194 0.9162 0.9162 0.9212
v 4.404776 -2.250932 -0.108194 0.9162 0.9162 0.9212
v 3.924782 -2.253538 -0.088196 0.9162 0.9162 0.9212
v 1.524817 -2.266570 -0.063204 0.9162 0.9162 0.9212
v 1.324820 -2.267656 -0.058205 0.9162 0.9162 0.9212
v 1.104824 -2.268851 -0.038206 0.9162 0.9162 0.9212
v 1.024825 -2.269285 0.051794 0.9162 0.9162 0.9212
v 0.964826 -2.269611 0.056794 0.9162 0.9162 0.9212
v 1.024825 -2.269285 -0.148206 0.9162 0.9162 0.9212
v 4.404701 -2.237251 -0.110606 0.9162 0.9162 0.9212
v 3.924671 -2.233017 -0.091814 0.9162 0.9162 0.9212
v 2.524664 -2.235489 -0.077724 0.9162 0.9162 0.9212
v 1.524660 -2.237499 -0.068331 0.9162 0.9162 0.9212
v 1.324653 -2.236875 -0.063633 0.9162 0.9162 0.9212
v 1.204663 -2.238894 -0.067392 0.9162 0.9162 0.9212
v 1.104619 -2.231229 -0.044840 0.9162 0.9162 0.9212
v 1.024453 -2.200882 0.039732 0.9162 0.9162 0.9212
v 0.964445 -2.199498 0.044431 0.9162 0.9162 0.9212
v 0.944501 -2.209867 0.016240 0.9162 0.9162 0.9212
v 0.984621 -2.231881 -0.044840 0.9162 0.9162 0.9212
v 4.404636 -2.225221 -0.117552 0.9162 0.9162 0.9212
v 3.924573 -2.214972 -0.102233 0.9162 0.9162 0.9212
v 2.524541 -2.212932 -0.090747 0.9162 0.9162 0.9212
v 1.524521 -2.211934 -0.083091 0.9162 0.9162 0.9212
v 1.324506 -2.209806 -0.079261 0.9162 0.9162 0.9212
v 1.204522 -2.213029 -0.082326 0.9162 0.9162 0.9212
v 1.104440 -2.198145 -0.063941 0.9162 0.9162 0.9212
v 1.024127 -2.140730 0.005003 0.9162 0.9162 0.9212
v 0.964110 -2.137841 0.008833 0.9162 0.9162 0.9212
v 0.944215 -2.157233 -0.014149 0.9162 0.9162 0.9212
v 0.984442 -2.198797 -0.063941 0.9162 0.9162 0.9212
v 4.404587 -2.216291 -0.128194 0.9162 0.9162 0.9212
v 3.924500 -2.201578 -0.118196 0.9162 0.9162 0.9212
v 2.524450 -2.196189 -0.110701 0.9162 0.9162 0.9212
v 1.524418 -2.192959 -0.105704 0.9162 0.9162 0.9212
v 1.324397 -2.189715 -0.103205 0.9162 0.9162 0.9212
v 1.204418 -2.193831 -0.105206 0.9162 0.9162 0.9212
v 1.104306 -2.173589 -0.093206 0.9162 0.9162 0.9212
v 1.023884 -2.096083 -0.048206 0.9162 0.9162 0.9212
v 0.963862 -2.092078 -0.045706 0.9162 0.9162 0.9212
v 0.944003 -2.118167 -0.060706 0.9162 0.9162 0.9212
v 0.984308 -2.174241 -0.093206 0.9162 0.9162 0.9212
v 4.404562 -2.211540 -0.141248 0.9162 0.9162 0.9212
v 3.924462 -2.194451 -0.137777 0.9162 0.9162 0.9212
v 2.524402 -2.187281 -0.135177 0.9162 0.9162 0.9212
v 1.524363 -2.182863 -0.133444 0.9162 0.9162 0.9212
v 1.324339 -2.179025 -0.132577 0.9162 0.9162 0.9212
v 1.204363 -2.183616 -0.133272 0.9162 0.9162 0.9212
v 1.104236 -2.160524 -0.129105 0.9162 0.9162 0.9212
v 1.023756 -2.072327 -0.113477 0.9162 0.9162 0.9212
v 0.963730 -2.067729 -0.112609 0.9162 0.9162 0.9212
v 0.943891 -2.097381 -0.117818 0.9162 0.9162 0.9212
v 0.984238 -2.161175 -0.129105 0.9162 0.9162 0.9212
v 4.404562 -2.211540 -0.155140 0.9162 0.9162 0.9212
v 3.924462 -2.194451 -0.158615 0.9162 0.9162 0.9212
v 2.524402 -2.187281 -0.161224 0.9162 0.9162 0.9212
v 1.524363 -2.182863 -0.162964 0.9162 0.9162 0.9212
v 1.324340 -2.179025 -0.163833 0.9162 0.9162 0.9212
v 1.204363 -2.183616 -0.163139 0.9162 0.9162 0.9212
v 1.104236 -2.160524 -0.167307 0.9162 0.9162 0.9212
v 1.023756 -2.072327 -0.182936 0.9162 0.9162 0.9212
v 0.963730 -2.067729 -0.183804 0.9162 0.9162 0.9212
v 0.943891 -2.097381 -0.178595 0.9162 0.9162 0.9212
v 0.984238 -2.161175 -0.167308 0.9162 0.9162 0.9212
v 4.404588 -2.216291 -0.168194 0.9162 0.9162 0.9212
v 3.924500 -2.201578 -0.178196 0.9162 0.9162 0.9212
v 2.524451 -2.196189 -0.185701 0.9162 0.9162 0.9212
v 1.524418 -2.192959 -0.190704 0.9162 0.9162 0.9212
v 1.324398 -2.189715 -0.193205 0.9162 0.9162 0.9212
v 1.204418 -2.193831 -0.191206 0.9162 0.9162 0.9212
v 1.104307 -2.173589 -0.203206 0.9162 0.9162 0.9212
v 1.023885 -2.096083 -0.248206 0.9162 0.9162 0.9212
v 0.963863 -2.092078 -0.250706 0.9162 0.9162 0.9212
v 0.944004 -2.118167 -0.235706 0.9162 0.9162 0.9212
v 0.984309 -2.174241 -0.203206 0.9162 0.9162 0.9212
v 4.404636 -2.225221 -0.178836 0.9162 0.9162 0.9212
v 3.924573 -2.214972 -0.194158 0.9162 0.9162 0.9212
v 2.524542 -2.212932 -0.205654 0.9162 0.9162 0.9212
v 1.524521 -2.211934 -0.213318 0.9162 0.9162 0.9212
v 1.324507 -2.209806 -0.217149 0.9162 0.9162 0.9212
v 1.204523 -2.213029 -0.214085 0.9162 0.9162 0.9212
v 1.104440 -2.198145 -0.232471 0.9162 0.9162 0.9212
v 1.024128 -2.140730 -0.301415 0.9162 0.9162 0.9212
v 0.964111 -2.137841 -0.305246 0.9162 0.9162 0.9212
v 0.944216 -2.157233 -0.282264 0.9162 0.9162 0.9212
v 0.984442 -2.198797 -0.232471 0.9162 0.9162 0.9212
v 4.404701 -2.237251 -0.185782 0.9162 0.9162 0.9212
v 3.924671 -2.233017 -0.204577 0.9162 0.9162 0.9212
v 2.524664 -2.235489 -0.218678 0.9162 0.9162 0.9212
v 1.524660 -2.237499 -0.228078 0.9162 0.9162 0.9212
v 1.324654 -2.236875 -0.232777 0.9162 0.9162 0.9212
v 1.204663 -2.238894 -0.229019 0.9162 0.9162 0.9212
v 1.104620 -2.231229 -0.251572 0.9162 0.9162 0.9212
v 1.024454 -2.200882 -0.336145 0.9162 0.9162 0.9212
v 0.964446 -2.199498 -0.340843 0.9162 0.9162 0.9212
v 0.944502 -2.209867 -0.312653 0.9162 0.9162 0.9212
v 0.984622 -2.231881 -0.251573 0.9162 0.9162 0.9212
v 4.404776 -2.250932 -0.188194 0.9162 0.9162 0.9212
v 3.924783 -2.253538 -0.208196 0.9162 0.9162 0.9212
v 2.524803 -2.261140 -0.223201 0.9162 0.9162 0.9212
v 1.524818 -2.266570 -0.233204 0.9162 0.9162 0.9212
v 1.324821 -2.267656 -0.238205 0.9162 0.9162 0.9212
v 1.204823 -2.268308 -0.234206 0.9162 0.9162 0.9212
v 1.104824 -2.268851 -0.258206 0.9162 0.9162 0.9212
v 1.024826 -2.269285 -0.348206 0.9162 0.9162 0.9212
v 0.964827 -2.269611 -0.353206 0.9162 0.9162 0.9212
v 0.944827 -2.269720 -0.323206 0.9162 0.9162 0.9212
v 0.984826 -2.269502 -0.258206 0.9162 0.9162 0.9212
v 4.404850 -2.264612 -0.185782 0.9162 0.9162 0.9212
v 3.924894 -2.274059 -0.204577 0.9162 0.9162 0.9212
v 2.524943 -2.286791 -0.218678 0.9162 0.9162 0.9212
v 1.524976 -2.295642 -0.228078 0.9162 0.9162 0.9212
v 1.324988 -2.298438 -0.232777 0.9162 0.9162 0.9212
v 1.204983 -2.297721 -0.229019 0.9162 0.9162 0.9212
v 1.105029 -2.306473 -0.251572 0.9162 0.9162 0.9212
v 1.025197 -2.337688 -0.336145 0.9162 0.9162 0.9212
v 0.965208 -2.339724 -0.340843 0.9162 0.9162 0.9212
v 0.945152 -2.329572 -0.312653 0.9162 0.9162 0.9212
v 0.985031 -2.307124 -0.251573 0.9162 0.9162 0.9212
v 4.404915 -2.276643 -0.178836 0.9162 0.9162 0.9212
v 3.924992 -2.292105 -0.194158 0.9162 0.9162 0.9212
v 2.525065 -2.309349 -0.205654 0.9162 0.9162 0.9212
v 1.525115 -2.321206 -0.213318 0.9162 0.9162 0.9212
v 1.325135 -2.325506 -0.217149 0.9162 0.9162 0.9212
v 1.205123 -2.323587 -0.214085 0.9162 0.9162 0.9212
v 1.105208 -2.339556 -0.232471 0.9162 0.9162 0.9212
v 1.025524 -2.397841 -0.301415 0.9162 0.9162 0.9212
v 0.965542 -2.401381 -0.305246 0.9162 0.9162 0.9212
v 0.945438 -2.382206 -0.282264 0.9162 0.9162 0.9212
v 0.985210 -2.340208 -0.232471 0.9162 0.9162 0.9212
v 4.404963 -2.285573 -0.168194 0.9162 0.9162 0.9212
v 3.925065 -2.305499 -0.178196 0.9162 0.9162 0.9212
v 2.525156 -2.326091 -0.185701 0.9162 0.9162 0.9212
v 1.525218 -2.340181 -0.190704 0.9162 0.9162 0.9212
v 1.325244 -2.345598 -0.193205 0.9162 0.9162 0.9212
v 1.205227 -2.342785 -0.191206 0.9162 0.9162 0.9212
v 1.105341 -2.364112 -0.203206 0.9162 0.9162 0.9212
v 1.025766 -2.442488 -0.248206 0.9162 0.9162 0.9212
v 0.965791 -2.447144 -0.250706 0.9162 0.9162 0.9212
v 0.945650 -2.421272 -0.235706 0.9162 0.9162 0.9212
v 0.985343 -2.364764 -0.203206 0.9162 0.9162 0.9212
v 4.404989 -2.290324 -0.155140 0.9162 0.9162 0.9212
v 3.925103 -2.312626 -0.158615 0.9162 0.9162 0.9212
v 2.525204 -2.335000 -0.161224 0.9162 0.9162 0.9212
v 1.525272 -2.350278 -0.162964 0.9162 0.9162 0.9212
v 1.325302 -2.356288 -0.163833 0.9162 0.9162 0.9212
v 1.205283 -2.353000 -0.163139 0.9162 0.9162 0.9212
v 1.105412 -2.377178 -0.167307 0.9162 0.9162 0.9212
v 1.025895 -2.466244 -0.182936 0.9162 0.9162 0.9212
v 0.965923 -2.471494 -0.183804 0.9162 0.9162 0.9212
v 0.945762 -2.442058 -0.178595 0.9162 0.9162 0.9212
v 0.985414 -2.377830 -0.167308 0.9162 0.9162 0.9212
v 4.404989 -2.290324 -0.141248 0.9162 0.9162 0.9212
v 3.925103 -2.312626 -0.137777 0.9162 0.9162 0.9212
v 2.525204 -2.335000 -0.135177 0.9162 0.9162 0.9212
v 1.525272 -2.350278 -0.133444 0.9162 0.9162 0.9212
v 1.325302 -2.356288 -0.132577 0.9162 0.9162 0.9212
v 1.205282 -2.353000 -0.133272 0.9162 0.9162 0.9212
v 1.105412 -2.377178 -0.129105 0.9162 0.9162 0.9212
v 1.025895 -2.466244 -0.113476 0.9162 0.9162 0.9212
v 0.965922 -2.471494 -0.112608 0.9162 0.9162 0.9212
v 0.945762 -2.442058 -0.117818 0.9162 0.9162 0.9212
v 0.985414 -2.377830 -0.129105 0.9162 0.9162 0.9212
v 4.404963 -2.285573 -0.128194 0.9162 0.9162 0.9212
v 3.925065 -2.305499 -0.118196 0.9162 0.9162 0.9212
v 2.525156 -2.326091 -0.110701 0.9162 0.9162 0.9212
v 1.525217 -2.340181 -0.105704 0.9162 0.9162 0.9212
v 1.325244 -2.345598 -0.103205 0.9162 0.9162 0.9212
v 1.205227 -2.342785 -0.105206 0.9162 0.9162 0.9212
v 1.105341 -2.364112 -0.093206 0.9162 0.9162 0.9212
v 1.025765 -2.442488 -0.048206 0.9162 0.9162 0.9212
v 0.965790 -2.447144 -0.045706 0.9162 0.9162 0.9212
v 0.945649 -2.421272 -0.060707 0.9162 0.9162 0.9212
v 0.985343 -2.364764 -0.093206 0.9162 0.9162 0.9212
v 4.404915 -2.276643 -0.117552 0.9162 0.9162 0.9212
v 3.924992 -2.292105 -0.102233 0.9162 0.9162 0.9212
v 2.525065 -2.309349 -0.090747 0.9162 0.9162 0.9212
v 1.525114 -2.321206 -0.083091 0.9162 0.9162 0.9212
v 1.325135 -2.325506 -0.079261 0.9162 0.9162 0.9212
v 1.205123 -2.323587 -0.082326 0.9162 0.9162 0.9212
v 1.105208 -2.339556 -0.063941 0.9162 0.9162 0.9212
v 1.025523 -2.397841 0.005003 0.9162 0.9162 0.9212
v 0.965541 -2.401381 0.008833 0.9162 0.9162 0.9212
v 0.945437 -2.382206 -0.014149 0.9162 0.9162 0.9212
v 0.985209 -2.340208 -0.063941 0.9162 0.9162 0.9212
v 4.404850 -2.264612 -0.110606 0.9162 0.9162 0.9212
v 3.924894 -2.274059 -0.091814 0.9162 0.9162 0.9212
v 2.524942 -2.286791 -0.077724 0.9162 0.9162 0.9212
v 1.524975 -2.295642 -0.068331 0.9162 0.9162 0.9212
v 1.324988 -2.298438 -0.063633 0.9162 0.9162 0.9212
v 1.204982 -2.297721 -0.067392 0.9162 0.9162 0.9212
v 1.105028 -2.306473 -0.044840 0.9162 0.9162 0.9212
v 1.025196 -2.337688 0.039732 0.9162 0.9162 0.9212
v 0.965206 -2.339724 0.044431 0.9162 0.9162 0.9212
v 0.945151 -2.329572 0.016240 0.9162 0.9162 0.9212
v 0.985030 -2.307124 -0.044840 0.9162 0.9162 0.9212
v 2.524803 -2.261140 -0.073201 0.9162 0.9162 0.9212
v 1.204822 -2.268308 -0.062206 0.9162 0.9162 0.9212
v 0.944826 -2.269720 0.026793 0.9162 0.9162 0.9212
v 0.984825 -2.269502 -0.038206 0.9162 0.9162 0.9212
v 0.744515 -1.931406 -0.150694 0.9162 0.9162 0.9212
v 0.864427 -1.936005 -0.190694 0.9162 0.9162 0.9212
v 1.344074 -1.954399 -0.210696 0.9162 0.9162 0.9212
v 3.742311 -2.046368 -0.235704 0.9162 0.9162 0.9212
v 3.942164 -2.054032 -0.240705 0.9162 0.9162 0.9212
v 4.162003 -2.062463 -0.260706 0.9162 0.9162 0.9212
v 4.241943 -2.065528 -0.350706 0.9162 0.9162 0.9212
v 4.301899 -2.067827 -0.355706 0.9162 0.9162 0.9212
v 4.241944 -2.065528 -0.150706 0.9162 0.9162 0.9212
v 0.864951 -1.922334 -0.188282 0.9162 0.9162 0.9212
v 1.344860 -1.933892 -0.207077 0.9162 0.9162 0.9212
v 2.744029 -1.982415 -0.221178 0.9162 0.9162 0.9212
v 3.743425 -2.017318 -0.230578 0.9162 0.9162 0.9212
v 3.943344 -2.023273 -0.235277 0.9162 0.9162 0.9212
v 4.063203 -2.029238 -0.231519 0.9162 0.9162 0.9212
v 4.163445 -2.024868 -0.254072 0.9162 0.9162 0.9212
v 4.244565 -1.997175 -0.338645 0.9162 0.9162 0.9212
v 4.304586 -1.997765 -0.343343 0.9162 0.9162 0.9212
v 4.324178 -2.008784 -0.315153 0.9162 0.9162 0.9212
v 4.283356 -2.029466 -0.254073 0.9162 0.9162 0.9212
v 0.865412 -1.910312 -0.181336 0.9162 0.9162 0.9212
v 1.345552 -1.915860 -0.196658 0.9162 0.9162 0.9212
v 2.744893 -1.959874 -0.208154 0.9162 0.9162 0.9212
v 3.744405 -1.991771 -0.215818 0.9162 0.9162 0.9212
v 3.944381 -1.996224 -0.219649 0.9162 0.9162 0.9212
v 4.064194 -2.003392 -0.216585 0.9162 0.9162 0.9212
v 4.164712 -1.991808 -0.234971 0.9162 0.9162 0.9212
v 4.246870 -1.937065 -0.303915 0.9162 0.9162 0.9212
v 4.306949 -1.936153 -0.307746 0.9162 0.9162 0.9212
v 4.326195 -1.956189 -0.284764 0.9162 0.9162 0.9212
v 4.284624 -1.996406 -0.234971 0.9162 0.9162 0.9212
v 0.865754 -1.901389 -0.170694 0.9162 0.9162 0.9212
v 1.346065 -1.902475 -0.180696 0.9162 0.9162 0.9212
v 2.745535 -1.943143 -0.188201 0.9162 0.9162 0.9212
v 3.745132 -1.972810 -0.193204 0.9162 0.9162 0.9212
v 3.945151 -1.976147 -0.195705 0.9162 0.9162 0.9212
v 4.064930 -1.984207 -0.193706 0.9162 0.9162 0.9212
v 4.165653 -1.967270 -0.205706 0.9162 0.9162 0.9212
v 4.248581 -1.892450 -0.250706 0.9162 0.9162 0.9212
v 4.308703 -1.890423 -0.253206 0.9162 0.9162 0.9212
v 4.327693 -1.917151 -0.238207 0.9162 0.9162 0.9212
v 4.285565 -1.971868 -0.205706 0.9162 0.9162 0.9212
v 0.865936 -1.896641 -0.157640 0.9162 0.9162 0.9212
v 1.346338 -1.895353 -0.161115 0.9162 0.9162 0.9212
v 2.745876 -1.934241 -0.163724 0.9162 0.9162 0.9212
v 3.745519 -1.962721 -0.165464 0.9162 0.9162 0.9212
v 3.945561 -1.965464 -0.166333 0.9162 0.9162 0.9212
v 4.065322 -1.973999 -0.165639 0.9162 0.9162 0.9212
v 4.166154 -1.954213 -0.169807 0.9162 0.9162 0.9212
v 4.249492 -1.868711 -0.185436 0.9162 0.9162 0.9212
v 4.309636 -1.866090 -0.186304 0.9162 0.9162 0.9212
v 4.328489 -1.896379 -0.181095 0.9162 0.9162 0.9212
v 4.286066 -1.958812 -0.169808 0.9162 0.9162 0.9212
v 0.865936 -1.896641 -0.143748 0.9162 0.9162 0.9212
v 1.346339 -1.895353 -0.140277 0.9162 0.9162 0.9212
v 2.745876 -1.934241 -0.137677 0.9162 0.9162 0.9212
v 3.745519 -1.962721 -0.135944 0.9162 0.9162 0.9212
v 3.945561 -1.965464 -0.135077 0.9162 0.9162 0.9212
v 4.065322 -1.973999 -0.135772 0.9162 0.9162 0.9212
v 4.166154 -1.954213 -0.131605 0.9162 0.9162 0.9212
v 4.249492 -1.868711 -0.115977 0.9162 0.9162 0.9212
v 4.309637 -1.866090 -0.115109 0.9162 0.9162 0.9212
v 4.328489 -1.896379 -0.120318 0.9162 0.9162 0.9212
v 4.286066 -1.958812 -0.131605 0.9162 0.9162 0.9212
v 0.865754 -1.901389 -0.130694 0.9162 0.9162 0.9212
v 1.346065 -1.902475 -0.120696 0.9162 0.9162 0.9212
v 2.745535 -1.943143 -0.113201 0.9162 0.9162 0.9212
v 3.745132 -1.972810 -0.108204 0.9162 0.9162 0.9212
v 3.945151 -1.976147 -0.105705 0.9162 0.9162 0.9212
v 4.064930 -1.984207 -0.107706 0.9162 0.9162 0.9212
v 4.165654 -1.967270 -0.095706 0.9162 0.9162 0.9212
v 4.248582 -1.892450 -0.050706 0.9162 0.9162 0.9212
v 4.308703 -1.890423 -0.048206 0.9162 0.9162 0.9212
v 4.327693 -1.917151 -0.063207 0.9162 0.9162 0.9212
v 4.285565 -1.971868 -0.095706 0.9162 0.9162 0.9212
v 0.865412 -1.910312 -0.120052 0.9162 0.9162 0.9212
v 1.345552 -1.915860 -0.104733 0.9162 0.9162 0.9212
v 2.744894 -1.959874 -0.093247 0.9162 0.9162 0.9212
v 3.744405 -1.991771 -0.085591 0.9162 0.9162 0.9212
v 3.944382 -1.996224 -0.081761 0.9162 0.9162 0.9212
v 4.064195 -2.003392 -0.084826 0.9162 0.9162 0.9212
v 4.164713 -1.991808 -0.066441 0.9162 0.9162 0.9212
v 4.246871 -1.937065 0.002503 0.9162 0.9162 0.9212
v 4.306950 -1.936153 0.006333 0.9162 0.9162 0.9212
v 4.326196 -1.956189 -0.016649 0.9162 0.9162 0.9212
v 4.284625 -1.996406 -0.066441 0.9162 0.9162 0.9212
v 0.864951 -1.922334 -0.113106 0.9162 0.9162 0.9212
v 1.344861 -1.933892 -0.094314 0.9162 0.9162 0.9212
v 2.744029 -1.982415 -0.080224 0.9162 0.9162 0.9212
v 3.743426 -2.017318 -0.070831 0.9162 0.9162 0.9212
v 3.943344 -2.023273 -0.066133 0.9162 0.9162 0.9212
v 4.063204 -2.029238 -0.069892 0.9162 0.9162 0.9212
v 4.163445 -2.024868 -0.047340 0.9162 0.9162 0.9212
v 4.244566 -1.997175 0.037232 0.9162 0.9162 0.9212
v 4.304587 -1.997765 0.041931 0.9162 0.9162 0.9212
v 4.324180 -2.008784 0.013740 0.9162 0.9162 0.9212
v 4.283357 -2.029467 -0.047340 0.9162 0.9162 0.9212
v 0.864427 -1.936005 -0.110694 0.9162 0.9162 0.9212
v 1.344074 -1.954399 -0.090696 0.9162 0.9162 0.9212
v 2.743046 -2.008047 -0.075701 0.9162 0.9162 0.9212
v 3.742312 -2.046368 -0.065704 0.9162 0.9162 0.9212
v 3.942165 -2.054032 -0.060705 0.9162 0.9162 0.9212
v 4.062077 -2.058630 -0.064706 0.9162 0.9162 0.9212
v 4.162004 -2.062463 -0.040706 0.9162 0.9162 0.9212
v 4.241945 -2.065528 0.049294 0.9162 0.9162 0.9212
v 4.301901 -2.067827 0.054294 0.9162 0.9162 0.9212
v 4.321886 -2.068594 0.024293 0.9162 0.9162 0.9212
v 4.281915 -2.067061 -0.040706 0.9162 0.9162 0.9212
v 0.863903 -1.949675 -0.113106 0.9162 0.9162 0.9212
v 1.343288 -1.974905 -0.094314 0.9162 0.9162 0.9212
v 2.742063 -2.033680 -0.080224 0.9162 0.9162 0.9212
v 3.741198 -2.075418 -0.070831 0.9162 0.9162 0.9212
v 3.940985 -2.084791 -0.066133 0.9162 0.9162 0.9212
v 4.060949 -2.088023 -0.069892 0.9162 0.9162 0.9212
v 4.160562 -2.100057 -0.047340 0.9162 0.9162 0.9212
v 4.239324 -2.133882 0.037232 0.9162 0.9162 0.9212
v 4.299214 -2.137890 0.041931 0.9162 0.9162 0.9212
v 4.319592 -2.128403 0.013740 0.9162 0.9162 0.9212
v 4.280473 -2.104656 -0.047340 0.9162 0.9162 0.9212
v 0.863442 -1.961697 -0.120052 0.9162 0.9162 0.9212
v 1.342596 -1.992937 -0.104733 0.9162 0.9162 0.9212
v 2.741199 -2.056221 -0.093247 0.9162 0.9162 0.9212
v 3.740218 -2.100965 -0.085591 0.9162 0.9162 0.9212
v 3.939948 -2.111840 -0.081761 0.9162 0.9162 0.9212
v 4.059958 -2.113870 -0.084826 0.9162 0.9162 0.9212
v 4.159294 -2.133117 -0.066441 0.9162 0.9162 0.9212
v 4.237018 -2.193991 0.002503 0.9162 0.9162 0.9212
v 4.296851 -2.199502 0.006333 0.9162 0.9162 0.9212
v 4.317575 -2.180999 -0.016649 0.9162 0.9162 0.9212
v 4.279205 -2.137716 -0.066441 0.9162 0.9162 0.9212
v 0.863099 -1.970620 -0.130694 0.9162 0.9162 0.9212
v 1.342083 -2.006322 -0.120696 0.9162 0.9162 0.9212
v 2.740557 -2.072952 -0.113201 0.9162 0.9162 0.9212
v 3.739491 -2.119926 -0.108204 0.9162 0.9162 0.9212
v 3.939178 -2.131917 -0.105705 0.9162 0.9162 0.9212
v 4.059222 -2.133054 -0.107706 0.9162 0.9162 0.9212
v 4.158353 -2.157655 -0.095706 0.9162 0.9162 0.9212
v 4.235307 -2.238606 -0.050706 0.9162 0.9162 0.9212
v 4.295097 -2.245232 -0.048206 0.9162 0.9162 0.9212
v 4.316078 -2.220037 -0.063207 0.9162 0.9162 0.9212
v 4.278264 -2.162254 -0.095706 0.9162 0.9162 0.9212
v 0.862917 -1.975368 -0.143748 0.9162 0.9162 0.9212
v 1.341810 -2.013443 -0.140277 0.9162 0.9162 0.9212
v 2.740216 -2.081854 -0.137677 0.9162 0.9162 0.9212
v 3.739104 -2.130015 -0.135944 0.9162 0.9162 0.9212
v 3.938768 -2.142600 -0.135077 0.9162 0.9162 0.9212
v 4.058831 -2.143262 -0.135772 0.9162 0.9162 0.9212
v 4.157852 -2.170712 -0.131605 0.9162 0.9162 0.9212
v 4.234396 -2.262345 -0.115977 0.9162 0.9162 0.9212
v 4.294164 -2.269565 -0.115109 0.9162 0.9162 0.9212
v 4.315281 -2.240809 -0.120318 0.9162 0.9162 0.9212
v 4.277763 -2.175310 -0.131605 0.9162 0.9162 0.9212
v 0.862917 -1.975368 -0.157640 0.9162 0.9162 0.9212
v 1.341810 -2.013443 -0.161115 0.9162 0.9162 0.9212
v 2.740215 -2.081854 -0.163724 0.9162 0.9162 0.9212
v 3.739104 -2.130015 -0.165465 0.9162 0.9162 0.9212
v 3.938768 -2.142600 -0.166333 0.9162 0.9162 0.9212
v 4.058831 -2.143262 -0.165639 0.9162 0.9162 0.9212
v 4.157852 -2.170712 -0.169807 0.9162 0.9162 0.9212
v 4.234396 -2.262345 -0.185436 0.9162 0.9162 0.9212
v 4.294163 -2.269565 -0.186304 0.9162 0.9162 0.9212
v 4.315281 -2.240809 -0.181095 0.9162 0.9162 0.9212
v 4.277763 -2.175310 -0.169808 0.9162 0.9162 0.9212
v 0.863099 -1.970620 -0.170694 0.9162 0.9162 0.9212
v 1.342083 -2.006322 -0.180696 0.9162 0.9162 0.9212
v 2.740557 -2.072952 -0.188201 0.9162 0.9162 0.9212
v 3.739491 -2.119926 -0.193204 0.9162 0.9162 0.9212
v 3.939178 -2.131917 -0.195705 0.9162 0.9162 0.9212
v 4.059222 -2.133054 -0.193706 0.9162 0.9162 0.9212
v 4.158352 -2.157655 -0.205706 0.9162 0.9162 0.9212
v 4.235306 -2.238606 -0.250706 0.9162 0.9162 0.9212
v 4.295096 -2.245232 -0.253206 0.9162 0.9162 0.9212
v 4.316077 -2.220037 -0.238206 0.9162 0.9162 0.9212
v 4.278264 -2.162254 -0.205706 0.9162 0.9162 0.9212
v 0.863441 -1.961697 -0.181336 0.9162 0.9162 0.9212
v 1.342596 -1.992937 -0.196658 0.9162 0.9162 0.9212
v 2.741198 -2.056221 -0.208154 0.9162 0.9162 0.9212
v 3.740217 -2.100965 -0.215818 0.9162 0.9162 0.9212
v 3.939947 -2.111840 -0.219649 0.9162 0.9162 0.9212
v 4.059958 -2.113870 -0.216585 0.9162 0.9162 0.9212
v 4.159293 -2.133117 -0.234971 0.9162 0.9162 0.9212
v 4.237017 -2.193991 -0.303915 0.9162 0.9162 0.9212
v 4.296850 -2.199502 -0.307746 0.9162 0.9162 0.9212
v 4.317574 -2.180999 -0.284764 0.9162 0.9162 0.9212
v 4.279205 -2.137716 -0.234971 0.9162 0.9162 0.9212
v 0.863902 -1.949675 -0.188282 0.9162 0.9162 0.9212
v 1.343288 -1.974905 -0.207077 0.9162 0.9162 0.9212
v 2.742063 -2.033680 -0.221178 0.9162 0.9162 0.9212
v 3.741197 -2.075418 -0.230578 0.9162 0.9162 0.9212
v 3.940984 -2.084791 -0.235277 0.9162 0.9162 0.9212
v 4.060949 -2.088023 -0.231519 0.9162 0.9162 0.9212
v 4.160561 -2.100057 -0.254072 0.9162 0.9162 0.9212
v 4.239322 -2.133882 -0.338645 0.9162 0.9162 0.9212
v 4.299212 -2.137890 -0.343343 0.9162 0.9162 0.9212
v 4.319591 -2.128403 -0.315153 0.9162 0.9162 0.9212
v 4.280473 -2.104656 -0.254073 0.9162 0.9162 0.9212
v 2.743046 -2.008047 -0.225701 0.9162 0.9162 0.9212
v 4.062076 -2.058630 -0.236706 0.9162 0.9162 0.9212
v 4.321885 -2.068594 -0.325706 0.9162 0.9162 0.9212
v 4.281914 -2.067061 -0.260706 0.9162 0.9162 0.9212
v 4.351476 -1.598220 -0.124794 0.9162 0.9162 0.9212
v 4.231853 -1.607724 -0.084794 0.9162 0.9162 0.9212
v 3.753361 -1.645744 -0.064796 0.9162 0.9162 0.9212
v 1.360901 -1.835840 -0.039804 0.9162 0.9162 0.9212
v 1.161530 -1.851682 -0.034805 0.9162 0.9162 0.9212
v 0.942221 -1.869107 -0.014806 0.9162 0.9162 0.9212
v 0.862472 -1.875444 0.075194 0.9162 0.9162 0.9212
v 0.802660 -1.880196 0.080194 0.9162 0.9162 0.9212
v 0.862473 -1.875444 -0.124806 0.9162 0.9162 0.9212
v 4.230769 -1.594087 -0.087206 0.9162 0.9162 0.9212
v 3.751736 -1.625287 -0.068414 0.9162 0.9162 0.9212
v 2.355728 -1.731063 -0.054324 0.9162 0.9162 0.9212
v 1.358599 -1.806860 -0.044931 0.9162 0.9162 0.9212
v 1.159091 -1.820997 -0.040233 0.9162 0.9162 0.9212
v 1.039577 -1.831865 -0.043992 0.9162 0.9162 0.9212
v 0.939241 -1.831603 -0.021440 0.9162 0.9162 0.9212
v 0.857054 -1.807255 0.063132 0.9162 0.9162 0.9212
v 0.797107 -1.810302 0.067831 0.9162 0.9162 0.9212
v 0.777982 -1.822115 0.039640 0.9162 0.9162 0.9212
v 0.819618 -1.841108 -0.021440 0.9162 0.9162 0.9212
v 4.229816 -1.582094 -0.094152 0.9162 0.9162 0.9212
v 3.750306 -1.607298 -0.078833 0.9162 0.9162 0.9212
v 2.353941 -1.708576 -0.067347 0.9162 0.9162 0.9212
v 1.356574 -1.781375 -0.059691 0.9162 0.9162 0.9212
v 1.156947 -1.794013 -0.055861 0.9162 0.9162 0.9212
v 1.037528 -1.806081 -0.058926 0.9162 0.9162 0.9212
v 0.936620 -1.798623 -0.040541 0.9162 0.9162 0.9212
v 0.852289 -1.747290 0.028403 0.9162 0.9162 0.9212
v 0.792223 -1.748839 0.032233 0.9162 0.9162 0.9212
v 0.773814 -1.769646 0.009251 0.9162 0.9162 0.9212
v 0.816997 -1.808128 -0.040541 0.9162 0.9162 0.9212
v 4.229109 -1.573192 -0.104794 0.9162 0.9162 0.9212
v 3.749245 -1.593946 -0.094796 0.9162 0.9162 0.9212
v 2.352615 -1.691886 -0.087301 0.9162 0.9162 0.9212
v 1.355071 -1.762460 -0.082304 0.9162 0.9162 0.9212
v 1.155356 -1.773984 -0.079805 0.9162 0.9162 0.9212
v 1.036008 -1.786942 -0.081806 0.9162 0.9162 0.9212
v 0.934675 -1.774144 -0.069806 0.9162 0.9162 0.9212
v 0.848753 -1.702783 -0.024806 0.9162 0.9162 0.9212
v 0.788599 -1.703219 -0.022306 0.9162 0.9162 0.9212
v 0.770719 -1.730702 -0.037306 0.9162 0.9162 0.9212
v 0.815053 -1.783649 -0.069806 0.9162 0.9162 0.9212
v 4.228733 -1.568456 -0.117848 0.9162 0.9162 0.9212
v 3.748681 -1.586841 -0.114377 0.9162 0.9162 0.9212
v 2.351909 -1.683005 -0.111777 0.9162 0.9162 0.9212
v 1.354271 -1.752395 -0.110044 0.9162 0.9162 0.9212
v 1.154510 -1.763328 -0.109177 0.9162 0.9162 0.9212
v 1.035199 -1.776759 -0.109872 0.9162 0.9162 0.9212
v 0.933641 -1.761119 -0.105705 0.9162 0.9162 0.9212
v 0.846872 -1.679101 -0.090077 0.9162 0.9162 0.9212
v 0.786670 -1.678945 -0.089209 0.9162 0.9162 0.9212
v 0.769073 -1.709981 -0.094418 0.9162 0.9162 0.9212
v 0.814018 -1.770624 -0.105705 0.9162 0.9162 0.9212
v 4.228733 -1.568456 -0.131740 0.9162 0.9162 0.9212
v 3.748681 -1.586841 -0.135215 0.9162 0.9162 0.9212
v 2.351910 -1.683005 -0.137824 0.9162 0.9162 0.9212
v 1.354271 -1.752395 -0.139564 0.9162 0.9162 0.9212
v 1.154510 -1.763328 -0.140433 0.9162 0.9162 0.9212
v 1.035199 -1.776759 -0.139739 0.9162 0.9162 0.9212
v 0.933641 -1.761119 -0.143907 0.9162 0.9162 0.9212
v 0.846872 -1.679101 -0.159536 0.9162 0.9162 0.9212
v 0.786670 -1.678945 -0.160404 0.9162 0.9162 0.9212
v 0.769073 -1.709981 -0.155195 0.9162 0.9162 0.9212
v 0.814018 -1.770624 -0.143908 0.9162 0.9162 0.9212
v 4.229109 -1.573192 -0.144794 0.9162 0.9162 0.9212
v 3.749246 -1.593946 -0.154796 0.9162 0.9162 0.9212
v 2.352615 -1.691886 -0.162301 0.9162 0.9162 0.9212
v 1.355071 -1.762460 -0.167304 0.9162 0.9162 0.9212
v 1.155357 -1.773984 -0.169805 0.9162 0.9162 0.9212
v 1.036008 -1.786942 -0.167806 0.9162 0.9162 0.9212
v 0.934676 -1.774144 -0.179806 0.9162 0.9162 0.9212
v 0.848754 -1.702783 -0.224806 0.9162 0.9162 0.9212
v 0.788599 -1.703219 -0.227306 0.9162 0.9162 0.9212
v 0.770720 -1.730702 -0.212306 0.9162 0.9162 0.9212
v 0.815053 -1.783649 -0.179806 0.9162 0.9162 0.9212
v 4.229816 -1.582094 -0.155436 0.9162 0.9162 0.9212
v 3.750307 -1.607298 -0.170758 0.9162 0.9162 0.9212
v 2.353941 -1.708576 -0.182254 0.9162 0.9162 0.9212
v 1.356574 -1.781375 -0.189918 0.9162 0.9162 0.9212
v 1.156948 -1.794013 -0.193749 0.9162 0.9162 0.9212
v 1.037529 -1.806081 -0.190685 0.9162 0.9162 0.9212
v 0.936621 -1.798623 -0.209071 0.9162 0.9162 0.9212
v 0.852290 -1.747290 -0.278015 0.9162 0.9162 0.9212
v 0.792224 -1.748839 -0.281846 0.9162 0.9162 0.9212
v 0.773815 -1.769646 -0.258864 0.9162 0.9162 0.9212
v 0.816998 -1.808128 -0.209071 0.9162 0.9162 0.9212
v 4.230770 -1.594087 -0.162382 0.9162 0.9162 0.9212
v 3.751736 -1.625287 -0.181177 0.9162 0.9162 0.9212
v 2.355728 -1.731063 -0.195278 0.9162 0.9162 0.9212
v 1.358599 -1.806860 -0.204678 0.9162 0.9162 0.9212
v 1.159092 -1.820997 -0.209377 0.9162 0.9162 0.9212
v 1.039578 -1.831865 -0.205619 0.9162 0.9162 0.9212
v 0.939242 -1.831603 -0.228172 0.9162 0.9162 0.9212
v 0.857055 -1.807255 -0.312745 0.9162 0.9162 0.9212
v 0.797108 -1.810302 -0.317443 0.9162 0.9162 0.9212
v 0.777984 -1.822115 -0.289253 0.9162 0.9162 0.9212
v 0.819619 -1.841108 -0.228173 0.9162 0.9162 0.9212
v 4.231853 -1.607724 -0.164794 0.9162 0.9162 0.9212
v 3.753361 -1.645744 -0.184796 0.9162 0.9162 0.9212
v 2.357760 -1.756634 -0.199801 0.9162 0.9162 0.9212
v 1.360902 -1.835840 -0.209804 0.9162 0.9162 0.9212
v 1.161530 -1.851682 -0.214805 0.9162 0.9162 0.9212
v 1.041907 -1.861187 -0.210806 0.9162 0.9162 0.9212
v 0.942221 -1.869107 -0.234806 0.9162 0.9162 0.9212
v 0.862473 -1.875444 -0.324806 0.9162 0.9162 0.9212
v 0.802662 -1.880196 -0.329806 0.9162 0.9162 0.9212
v 0.782724 -1.881780 -0.299806 0.9162 0.9162 0.9212
v 0.822599 -1.878612 -0.234806 0.9162 0.9162 0.9212
v 4.232937 -1.621362 -0.162382 0.9162 0.9162 0.9212
v 3.754987 -1.666201 -0.181177 0.9162 0.9162 0.9212
v 2.359792 -1.782204 -0.195278 0.9162 0.9162 0.9212
v 1.363205 -1.864821 -0.204678 0.9162 0.9162 0.9212
v 1.163968 -1.882367 -0.209377 0.9162 0.9162 0.9212
v 1.044237 -1.890508 -0.205619 0.9162 0.9162 0.9212
v 0.945201 -1.906611 -0.228172 0.9162 0.9162 0.9212
v 0.867891 -1.943633 -0.312745 0.9162 0.9162 0.9212
v 0.808215 -1.950090 -0.317443 0.9162 0.9162 0.9212
v 0.787465 -1.941446 -0.289253 0.9162 0.9162 0.9212
v 0.825579 -1.916116 -0.228172 0.9162 0.9162 0.9212
v 4.233890 -1.633355 -0.155436 0.9162 0.9162 0.9212
v 3.756416 -1.684190 -0.170758 0.9162 0.9162 0.9212
v 2.361578 -1.804691 -0.182254 0.9162 0.9162 0.9212
v 1.365229 -1.890306 -0.189918 0.9162 0.9162 0.9212
v 1.166112 -1.909351 -0.193749 0.9162 0.9162 0.9212
v 1.046286 -1.916293 -0.190685 0.9162 0.9162 0.9212
v 0.947822 -1.939592 -0.209071 0.9162 0.9162 0.9212
v 0.872656 -2.003597 -0.278015 0.9162 0.9162 0.9212
v 0.813099 -2.011554 -0.281846 0.9162 0.9162 0.9212
v 0.791634 -1.993915 -0.258864 0.9162 0.9162 0.9212
v 0.828199 -1.949097 -0.209071 0.9162 0.9162 0.9212
v 4.234597 -1.642257 -0.144794 0.9162 0.9162 0.9212
v 3.757477 -1.697542 -0.154796 0.9162 0.9162 0.9212
v 2.362905 -1.821381 -0.162301 0.9162 0.9162 0.9212
v 1.366732 -1.909221 -0.167304 0.9162 0.9162 0.9212
v 1.167704 -1.929379 -0.169805 0.9162 0.9162 0.9212
v 1.047806 -1.935431 -0.167806 0.9162 0.9162 0.9212
v 0.949767 -1.964071 -0.179806 0.9162 0.9162 0.9212
v 0.876192 -2.048105 -0.224806 0.9162 0.9162 0.9212
v 0.816723 -2.057174 -0.227306 0.9162 0.9162 0.9212
v 0.794728 -2.032859 -0.212306 0.9162 0.9162 0.9212
v 0.830144 -1.973576 -0.179806 0.9162 0.9162 0.9212
v 4.234973 -1.646993 -0.131740 0.9162 0.9162 0.9212
v 3.758041 -1.704647 -0.135215 0.9162 0.9162 0.9212
v 2.363610 -1.830262 -0.137824 0.9162 0.9162 0.9212
v 1.367532 -1.919286 -0.139564 0.9162 0.9162 0.9212
v 1.168550 -1.940036 -0.140433 0.9162 0.9162 0.9212
v 1.048615 -1.945614 -0.139739 0.9162 0.9162 0.9212
v 0.950801 -1.977096 -0.143907 0.9162 0.9162 0.9212
v 0.878073 -2.071787 -0.159536 0.9162 0.9162 0.9212
v 0.818652 -2.081448 -0.160404 0.9162 0.9162 0.9212
v 0.796375 -2.053580 -0.155195 0.9162 0.9162 0.9212
v 0.831179 -1.986601 -0.143908 0.9162 0.9162 0.9212
v 4.234973 -1.646993 -0.117848 0.9162 0.9162 0.9212
v 3.758041 -1.704647 -0.114377 0.9162 0.9162 0.9212
v 2.363610 -1.830262 -0.111777 0.9162 0.9162 0.9212
v 1.367532 -1.919286 -0.110044 0.9162 0.9162 0.9212
v 1.168550 -1.940036 -0.109177 0.9162 0.9162 0.9212
v 1.048615 -1.945614 -0.109872 0.9162 0.9162 0.9212
v 0.950801 -1.977096 -0.105705 0.9162 0.9162 0.9212
v 0.878073 -2.071787 -0.090076 0.9162 0.9162 0.9212
v 0.818652 -2.081448 -0.089208 0.9162 0.9162 0.9212
v 0.796374 -2.053580 -0.094418 0.9162 0.9162 0.9212
v 0.831179 -1.986601 -0.105705 0.9162 0.9162 0.9212
v 4.234597 -1.642257 -0.104794 0.9162 0.9162 0.9212
v 3.757477 -1.697542 -0.094796 0.9162 0.9162 0.9212
v 2.362904 -1.821381 -0.087301 0.9162 0.9162 0.9212
v 1.366732 -1.909221 -0.082304 0.9162 0.9162 0.9212
v 1.167703 -1.929379 -0.079805 0.9162 0.9162 0.9212
v 1.047806 -1.935431 -0.081806 0.9162 0.9162 0.9212
v 0.949766 -1.964071 -0.069806 0.9162 0.9162 0.9212
v 0.876191 -2.048105 -0.024806 0.9162 0.9162 0.9212
v 0.816723 -2.057174 -0.022306 0.9162 0.9162 0.9212
v 0.794728 -2.032859 -0.037306 0.9162 0.9162 0.9212
v 0.830143 -1.973576 -0.069806 0.9162 0.9162 0.9212
v 4.233890 -1.633355 -0.094152 0.9162 0.9162 0.9212
v 3.756416 -1.684190 -0.078833 0.9162 0.9162 0.9212
v 2.361578 -1.804691 -0.067347 0.9162 0.9162 0.9212
v 1.365229 -1.890306 -0.059691 0.9162 0.9162 0.9212
v 1.166112 -1.909351 -0.055861 0.9162 0.9162 0.9212
v 1.046285 -1.916293 -0.058926 0.9162 0.9162 0.9212
v 0.947821 -1.939592 -0.040541 0.9162 0.9162 0.9212
v 0.872655 -2.003597 0.028403 0.9162 0.9162 0.9212
v 0.813098 -2.011554 0.032233 0.9162 0.9162 0.9212
v 0.791633 -1.993915 0.009251 0.9162 0.9162 0.9212
v 0.828198 -1.949097 -0.040541 0.9162 0.9162 0.9212
v 4.232937 -1.621362 -0.087206 0.9162 0.9162 0.9212
v 3.754986 -1.666201 -0.068414 0.9162 0.9162 0.9212
v 2.359791 -1.782204 -0.054324 0.9162 0.9162 0.9212
v 1.363204 -1.864821 -0.044931 0.9162 0.9162 0.9212
v 1.163968 -1.882367 -0.040233 0.9162 0.9162 0.9212
v 1.044237 -1.890508 -0.043992 0.9162 0.9162 0.9212
v 0.945201 -1.906611 -0.021440 0.9162 0.9162 0.9212
v 0.867890 -1.943633 0.063132 0.9162 0.9162 0.9212
v 0.808214 -1.950090 0.067831 0.9162 0.9162 0.9212
v 0.787464 -1.941446 0.039640 0.9162 0.9162 0.9212
v 0.825578 -1.916116 -0.021440 0.9162 0.9162 0.9212
v 2.357759 -1.756634 -0.049801 0.9162 0.9162 0.9212
v 1.041907 -1.861187 -0.038806 0.9162 0.9162 0.9212
v 0.782723 -1.881780 0.050193 0.9162 0.9162 0.9212
v 0.822598 -1.878612 -0.014806 0.9162 0.9162 0.9212
v 0.900930 -1.611519 -0.120494 0.9162 0.9162 0.9212
v 1.020653 -1.603373 -0.160494 0.9162 0.9162 0.9212
v 1.499545 -1.570786 -0.180496 0.9162 0.9162 0.9212
v 3.894008 -1.407856 -0.205504 0.9162 0.9162 0.9212
v 4.093547 -1.394278 -0.210505 0.9162 0.9162 0.9212
v 4.313039 -1.379343 -0.230506 0.9162 0.9162 0.9212
v 4.392854 -1.373912 -0.320506 0.9162 0.9162 0.9212
v 4.452716 -1.369839 -0.325506 0.9162 0.9162 0.9212
v 4.392855 -1.373912 -0.120506 0.9162 0.9162 0.9212
v 1.019724 -1.589723 -0.158082 0.9162 0.9162 0.9212
v 1.498152 -1.550313 -0.176877 0.9162 0.9162 0.9212
v 2.894574 -1.450151 -0.190978 0.9162 0.9162 0.9212
v 3.892035 -1.378851 -0.200378 0.9162 0.9162 0.9212
v 4.091457 -1.363567 -0.205077 0.9162 0.9162 0.9212
v 4.211273 -1.356786 -0.201319 0.9162 0.9162 0.9212
v 4.310485 -1.341808 -0.223872 0.9162 0.9162 0.9212
v 4.388210 -1.305666 -0.308445 0.9162 0.9162 0.9212
v 4.447956 -1.299886 -0.313143 0.9162 0.9162 0.9212
v 4.468606 -1.308766 -0.284953 0.9162 0.9162 0.9212
v 4.430208 -1.333661 -0.223873 0.9162 0.9162 0.9212
v 1.018907 -1.577720 -0.151136 0.9162 0.9162 0.9212
v 1.496927 -1.532308 -0.166458 0.9162 0.9162 0.9212
v 2.893043 -1.427646 -0.177954 0.9162 0.9162 0.9212
v 3.890299 -1.353345 -0.185618 0.9162 0.9162 0.9212
v 4.089620 -1.336561 -0.189449 0.9162 0.9162 0.9212
v 4.209517 -1.330980 -0.186385 0.9162 0.9162 0.9212
v 4.308239 -1.308800 -0.204771 0.9162 0.9162 0.9212
v 4.384127 -1.245651 -0.273715 0.9162 0.9162 0.9212
v 4.443770 -1.238371 -0.277546 0.9162 0.9162 0.9212
v 4.465034 -1.256253 -0.254564 0.9162 0.9162 0.9212
v 4.427962 -1.300653 -0.204771 0.9162 0.9162 0.9212
v 1.018301 -1.568811 -0.140494 0.9162 0.9162 0.9212
v 1.496018 -1.518945 -0.150496 0.9162 0.9162 0.9212
v 2.891906 -1.410941 -0.158001 0.9162 0.9162 0.9212
v 3.889011 -1.334414 -0.163004 0.9162 0.9162 0.9212
v 4.088256 -1.316516 -0.165505 0.9162 0.9162 0.9212
v 4.208214 -1.311825 -0.163506 0.9162 0.9162 0.9212
v 4.306572 -1.284300 -0.175506 0.9162 0.9162 0.9212
v 4.381096 -1.201107 -0.220506 0.9162 0.9162 0.9212
v 4.440663 -1.192713 -0.223006 0.9162 0.9162 0.9212
v 4.462381 -1.217276 -0.208006 0.9162 0.9162 0.9212
v 4.426295 -1.276153 -0.175506 0.9162 0.9162 0.9212
v 1.017979 -1.564071 -0.127440 0.9162 0.9162 0.9212
v 1.495534 -1.511834 -0.130915 0.9162 0.9162 0.9212
v 2.891301 -1.402053 -0.133524 0.9162 0.9162 0.9212
v 3.888326 -1.324340 -0.135264 0.9162 0.9162 0.9212
v 4.087530 -1.305850 -0.136133 0.9162 0.9162 0.9212
v 4.207520 -1.301634 -0.135439 0.9162 0.9162 0.9212
v 4.305686 -1.271264 -0.139607 0.9162 0.9162 0.9212
v 4.379484 -1.177405 -0.155236 0.9162 0.9162 0.9212
v 4.439011 -1.168419 -0.156104 0.9162 0.9162 0.9212
v 4.460970 -1.196537 -0.150895 0.9162 0.9162 0.9212
v 4.425408 -1.263118 -0.139608 0.9162 0.9162 0.9212
v 1.017979 -1.564071 -0.113548 0.9162 0.9162 0.9212
v 1.495534 -1.511834 -0.110077 0.9162 0.9162 0.9212
v 2.891301 -1.402053 -0.107477 0.9162 0.9162 0.9212
v 3.888326 -1.324340 -0.105744 0.9162 0.9162 0.9212
v 4.087530 -1.305850 -0.104877 0.9162 0.9162 0.9212
v 4.207520 -1.301634 -0.105572 0.9162 0.9162 0.9212
v 4.305686 -1.271264 -0.101405 0.9162 0.9162 0.9212
v 4.379484 -1.177405 -0.085777 0.9162 0.9162 0.9212
v 4.439011 -1.168419 -0.084908 0.9162 0.9162 0.9212
v 4.460970 -1.196537 -0.090118 0.9162 0.9162 0.9212
v 4.425408 -1.263118 -0.101405 0.9162 0.9162 0.9212
v 1.018301 -1.568811 -0.100494 0.9162 0.9162 0.9212
v 1.496018 -1.518945 -0.090496 0.9162 0.9162 0.9212
v 2.891906 -1.410941 -0.083001 0.9162 0.9162 0.9212
v 3.889011 -1.334414 -0.078004 0.9162 0.9162 0.9212
v 4.088256 -1.316516 -0.075505 0.9162 0.9162 0.9212
v 4.208214 -1.311825 -0.077506 0.9162 0.9162 0.9212
v 4.306573 -1.284300 -0.065506 0.9162 0.9162 0.9212
v 4.381097 -1.201106 -0.020506 0.9162 0.9162 0.9212
v 4.440664 -1.192713 -0.018006 0.9162 0.9162 0.9212
v 4.462382 -1.217276 -0.033006 0.9162 0.9162 0.9212
v 4.426296 -1.276153 -0.065506 0.9162 0.9162 0.9212
v 1.018908 -1.577720 -0.089852 0.9162 0.9162 0.9212
v 1.496927 -1.532308 -0.074533 0.9162 0.9162 0.9212
v 2.893043 -1.427646 -0.063047 0.9162 0.9162 0.9212
v 3.890300 -1.353345 -0.055391 0.9162 0.9162 0.9212
v 4.089620 -1.336561 -0.051561 0.9162 0.9162 0.9212
v 4.209517 -1.330980 -0.054626 0.9162 0.9162 0.9212
v 4.308240 -1.308800 -0.036241 0.9162 0.9162 0.9212
v 4.384128 -1.245651 0.032703 0.9162 0.9162 0.9212
v 4.443771 -1.238371 0.036533 0.9162 0.9162 0.9212
v 4.465034 -1.256253 0.013551 0.9162 0.9162 0.9212
v 4.427963 -1.300653 -0.036241 0.9162 0.9162 0.9212
v 1.019724 -1.589723 -0.082906 0.9162 0.9162 0.9212
v 1.498152 -1.550313 -0.064114 0.9162 0.9162 0.9212
v 2.894574 -1.450151 -0.050024 0.9162 0.9162 0.9212
v 3.892035 -1.378851 -0.040631 0.9162 0.9162 0.9212
v 4.091458 -1.363567 -0.035933 0.9162 0.9162 0.9212
v 4.211274 -1.356786 -0.039692 0.9162 0.9162 0.9212
v 4.310486 -1.341808 -0.017140 0.9162 0.9162 0.9212
v 4.388212 -1.305666 0.067432 0.9162 0.9162 0.9212
v 4.447957 -1.299886 0.072131 0.9162 0.9162 0.9212
v 4.468607 -1.308766 0.043940 0.9162 0.9162 0.9212
v 4.430209 -1.333661 -0.017140 0.9162 0.9162 0.9212
v 1.020653 -1.603373 -0.080494 0.9162 0.9162 0.9212
v 1.499546 -1.570786 -0.060496 0.9162 0.9162 0.9212
v 2.896316 -1.475744 -0.045501 0.9162 0.9162 0.9212
v 3.894009 -1.407856 -0.035504 0.9162 0.9162 0.9212
v 4.093547 -1.394278 -0.030505 0.9162 0.9162 0.9212
v 4.213271 -1.386132 -0.034506 0.9162 0.9162 0.9212
v 4.313040 -1.379343 -0.010506 0.9162 0.9162 0.9212
v 4.392856 -1.373912 0.079494 0.9162 0.9162 0.9212
v 4.452717 -1.369839 0.084494 0.9162 0.9162 0.9212
v 4.472671 -1.368481 0.054493 0.9162 0.9162 0.9212
v 4.432763 -1.371196 -0.010506 0.9162 0.9162 0.9212
v 1.021582 -1.617022 -0.082906 0.9162 0.9162 0.9212
v 1.500939 -1.591260 -0.064114 0.9162 0.9162 0.9212
v 2.898057 -1.501336 -0.050024 0.9162 0.9162 0.9212
v 3.895982 -1.436860 -0.040631 0.9162 0.9162 0.9212
v 4.095637 -1.424989 -0.035933 0.9162 0.9162 0.9212
v 4.215267 -1.415478 -0.039692 0.9162 0.9162 0.9212
v 4.315594 -1.416878 -0.017140 0.9162 0.9162 0.9212
v 4.397500 -1.442158 0.067432 0.9162 0.9162 0.9212
v 4.457477 -1.439791 0.072131 0.9162 0.9162 0.9212
v 4.476734 -1.428196 0.043940 0.9162 0.9162 0.9212
v 4.435317 -1.408732 -0.017140 0.9162 0.9162 0.9212
v 1.022398 -1.629025 -0.089852 0.9162 0.9162 0.9212
v 1.502164 -1.609265 -0.074533 0.9162 0.9162 0.9212
v 2.899589 -1.523841 -0.063047 0.9162 0.9162 0.9212
v 3.897718 -1.462367 -0.055391 0.9162 0.9162 0.9212
v 4.097475 -1.451996 -0.051561 0.9162 0.9162 0.9212
v 4.217023 -1.441284 -0.054626 0.9162 0.9162 0.9212
v 4.317840 -1.449886 -0.036241 0.9162 0.9162 0.9212
v 4.401583 -1.502173 0.032703 0.9162 0.9162 0.9212
v 4.461663 -1.501306 0.036533 0.9162 0.9162 0.9212
v 4.480308 -1.480709 0.013551 0.9162 0.9162 0.9212
v 4.437563 -1.441740 -0.036241 0.9162 0.9162 0.9212
v 1.023005 -1.637934 -0.100494 0.9162 0.9162 0.9212
v 1.503073 -1.622628 -0.090496 0.9162 0.9162 0.9212
v 2.900725 -1.540546 -0.083001 0.9162 0.9162 0.9212
v 3.899006 -1.481298 -0.078004 0.9162 0.9162 0.9212
v 4.098839 -1.472041 -0.075505 0.9162 0.9162 0.9212
v 4.218327 -1.460438 -0.077506 0.9162 0.9162 0.9212
v 4.319507 -1.474386 -0.065506 0.9162 0.9162 0.9212
v 4.404614 -1.546717 -0.020506 0.9162 0.9162 0.9212
v 4.464769 -1.546964 -0.018006 0.9162 0.9162 0.9212
v 4.482959 -1.519686 -0.033007 0.9162 0.9162 0.9212
v 4.439230 -1.466239 -0.065506 0.9162 0.9162 0.9212
v 1.023327 -1.642674 -0.113548 0.9162 0.9162 0.9212
v 1.503557 -1.629739 -0.110077 0.9162 0.9162 0.9212
v 2.901330 -1.549434 -0.107477 0.9162 0.9162 0.9212
v 3.899691 -1.491371 -0.105744 0.9162 0.9162 0.9212
v 4.099564 -1.482707 -0.104877 0.9162 0.9162 0.9212
v 4.219020 -1.470630 -0.105572 0.9162 0.9162 0.9212
v 4.320394 -1.487422 -0.101405 0.9162 0.9162 0.9212
v 4.406226 -1.570419 -0.085777 0.9162 0.9162 0.9212
v 4.466422 -1.571259 -0.084909 0.9162 0.9162 0.9212
v 4.484370 -1.540425 -0.090118 0.9162 0.9162 0.9212
v 4.440117 -1.479275 -0.101405 0.9162 0.9162 0.9212
v 1.023327 -1.642674 -0.127440 0.9162 0.9162 0.9212
v 1.503557 -1.629739 -0.130915 0.9162 0.9162 0.9212
v 2.901330 -1.549434 -0.133524 0.9162 0.9162 0.9212
v 3.899691 -1.491371 -0.135265 0.9162 0.9162 0.9212
v 4.099564 -1.482707 -0.136133 0.9162 0.9162 0.9212
v 4.219020 -1.470630 -0.135439 0.9162 0.9162 0.9212
v 4.320394 -1.487422 -0.139607 0.9162 0.9162 0.9212
v 4.406226 -1.570419 -0.155236 0.9162 0.9162 0.9212
v 4.466422 -1.571259 -0.156104 0.9162 0.9162 0.9212
v 4.484370 -1.540425 -0.150895 0.9162 0.9162 0.9212
v 4.440117 -1.479275 -0.139608 0.9162 0.9162 0.9212
v 1.023005 -1.637934 -0.140494 0.9162 0.9162 0.9212
v 1.503073 -1.622628 -0.150496 0.9162 0.9162 0.9212
v 2.900725 -1.540546 -0.158001 0.9162 0.9162 0.9212
v 3.899006 -1.481298 -0.163004 0.9162 0.9162 0.9212
v 4.098838 -1.472041 -0.165505 0.9162 0.9162 0.9212
v 4.218326 -1.460438 -0.163506 0.9162 0.9162 0.9212
v 4.319507 -1.474386 -0.175506 0.9162 0.9162 0.9212
v 4.404613 -1.546717 -0.220506 0.9162 0.9162 0.9212
v 4.464768 -1.546964 -0.223006 0.9162 0.9162 0.9212
v 4.482959 -1.519686 -0.208006 0.9162 0.9162 0.9212
v 4.439229 -1.466239 -0.175506 0.9162 0.9162 0.9212
v 1.022398 -1.629025 -0.151136 0.9162 0.9162 0.9212
v 1.502164 -1.609265 -0.166458 0.9162 0.9162 0.9212
v 2.899588 -1.523841 -0.177954 0.9162 0.9162 0.9212
v 3.897717 -1.462367 -0.185618 0.9162 0.9162 0.9212
v 4.097474 -1.451996 -0.189449 0.9162 0.9162 0.9212
v 4.217023 -1.441284 -0.186385 0.9162 0.9162 0.9212
v 4.317840 -1.449886 -0.204771 0.9162 0.9162 0.9212
v 4.401582 -1.502173 -0.273715 0.9162 0.9162 0.9212
v 4.461661 -1.501306 -0.277546 0.9162 0.9162 0.9212
v 4.480307 -1.480709 -0.254564 0.9162 0.9162 0.9212
v 4.437562 -1.441740 -0.204771 0.9162 0.9162 0.9212
v 1.021582 -1.617022 -0.158082 0.9162 0.9162 0.9212
v 1.500938 -1.591260 -0.176877 0.9162 0.9162 0.9212
v 2.898057 -1.501336 -0.190978 0.9162 0.9162 0.9212
v 3.895982 -1.436860 -0.200378 0.9162 0.9162 0.9212
v 4.095636 -1.424989 -0.205077 0.9162 0.9162 0.9212
v 4.215267 -1.415478 -0.201319 0.9162 0.9162 0.9212
v 4.315593 -1.416878 -0.223872 0.9162 0.9162 0.9212
v 4.397498 -1.442158 -0.308445 0.9162 0.9162 0.9212
v 4.457476 -1.439791 -0.313143 0.9162 0.9162 0.9212
v 4.476733 -1.428196 -0.284953 0.9162 0.9162 0.9212
v 4.435316 -1.408732 -0.223873 0.9162 0.9162 0.9212
v 2.896315 -1.475744 -0.195501 0.9162 0.9162 0.9212
v 4.213270 -1.386132 -0.206506 0.9162 0.9162 0.9212
v 4.472670 -1.368481 -0.295506 0.9162 0.9162 0.9212
v 4.432762 -1.371197 -0.230506 0.9162 0.9162 0.9212
v 4.471797 -1.072951 -0.121794 0.9162 0.9162 0.9212
v 4.352260 -1.083479 -0.081794 0.9162 0.9162 0.9212
v 3.874111 -1.125593 -0.061796 0.9162 0.9162 0.9212
v 1.483366 -1.336162 -0.036804 0.9162 0.9162 0.9212
v 1.284137 -1.353709 -0.031805 0.9162 0.9162 0.9212
v 1.064985 -1.373011 -0.011806 0.9162 0.9162 0.9212
v 0.985294 -1.380030 0.078194 0.9162 0.9162 0.9212
v 0.925525 -1.385295 0.083194 0.9162 0.9162 0.9212
v 0.985294 -1.380030 -0.121806 0.9162 0.9162 0.9212
v 4.351059 -1.069851 -0.084206 0.9162 0.9162 0.9212
v 3.872310 -1.105151 -0.065414 0.9162 0.9162 0.9212
v 2.477259 -1.222872 -0.051324 0.9162 0.9162 0.9212
v 1.480815 -1.307202 -0.041931 0.9162 0.9162 0.9212
v 1.281436 -1.323046 -0.037233 0.9162 0.9162 0.9212
v 1.162019 -1.334937 -0.040992 0.9162 0.9162 0.9212
v 1.061684 -1.335534 -0.018440 0.9162 0.9162 0.9212
v 0.979292 -1.311890 0.066132 0.9162 0.9162 0.9212
v 0.919373 -1.315451 0.070831 0.9162 0.9162 0.9212
v 0.900351 -1.327427 0.042640 0.9162 0.9162 0.9212
v 0.942147 -1.346063 -0.018440 0.9162 0.9162 0.9212
v 4.350004 -1.057867 -0.091152 0.9162 0.9162 0.9212
v 3.870727 -1.087174 -0.075833 0.9162 0.9162 0.9212
v 2.475280 -1.200402 -0.064347 0.9162 0.9162 0.9212
v 1.478572 -1.281736 -0.056691 0.9162 0.9162 0.9212
v 1.279061 -1.296081 -0.052861 0.9162 0.9162 0.9212
v 1.159750 -1.309171 -0.055926 0.9162 0.9162 0.9212
v 1.058782 -1.302577 -0.037541 0.9162 0.9162 0.9212
v 0.974014 -1.251969 0.031403 0.9162 0.9162 0.9212
v 0.913964 -1.254031 0.035233 0.9162 0.9162 0.9212
v 0.895733 -1.274995 0.012251 0.9162 0.9162 0.9212
v 0.939245 -1.313106 -0.037541 0.9162 0.9162 0.9212
v 4.349220 -1.048972 -0.101794 0.9162 0.9162 0.9212
v 3.869552 -1.073832 -0.091796 0.9162 0.9162 0.9212
v 2.473811 -1.183723 -0.084301 0.9162 0.9162 0.9212
v 1.476907 -1.262834 -0.079304 0.9162 0.9162 0.9212
v 1.277299 -1.276067 -0.076805 0.9162 0.9162 0.9212
v 1.158065 -1.290047 -0.078806 0.9162 0.9162 0.9212
v 1.056627 -1.278116 -0.066806 0.9162 0.9162 0.9212
v 0.970097 -1.207493 -0.021806 0.9162 0.9162 0.9212
v 0.909949 -1.208444 -0.019306 0.9162 0.9162 0.9212
v 0.892306 -1.236079 -0.034306 0.9162 0.9162 0.9212
v 0.937090 -1.288644 -0.066806 0.9162 0.9162 0.9212
v 4.348804 -1.044239 -0.114848 0.9162 0.9162 0.9212
v 3.868927 -1.066732 -0.111377 0.9162 0.9162 0.9212
v 2.473029 -1.174849 -0.108777 0.9162 0.9162 0.9212
v 1.476022 -1.252776 -0.107044 0.9162 0.9162 0.9212
v 1.276361 -1.265418 -0.106177 0.9162 0.9162 0.9212
v 1.157169 -1.279871 -0.106872 0.9162 0.9162 0.9212
v 1.055481 -1.265100 -0.102705 0.9162 0.9162 0.9212
v 0.968013 -1.183828 -0.087077 0.9162 0.9162 0.9212
v 0.907813 -1.184188 -0.086209 0.9162 0.9162 0.9212
v 0.890482 -1.215373 -0.091418 0.9162 0.9162 0.9212
v 0.935944 -1.275629 -0.102705 0.9162 0.9162 0.9212
v 4.348804 -1.044239 -0.128740 0.9162 0.9162 0.9212
v 3.868927 -1.066732 -0.132215 0.9162 0.9162 0.9212
v 2.473029 -1.174849 -0.134824 0.9162 0.9162 0.9212
v 1.476022 -1.252776 -0.136564 0.9162 0.9162 0.9212
v 1.276361 -1.265418 -0.137433 0.9162 0.9162 0.9212
v 1.157169 -1.279871 -0.136739 0.9162 0.9162 0.9212
v 1.055481 -1.265100 -0.140907 0.9162 0.9162 0.9212
v 0.968014 -1.183828 -0.156536 0.9162 0.9162 0.9212
v 0.907813 -1.184188 -0.157404 0.9162 0.9162 0.9212
v 0.890482 -1.215373 -0.152195 0.9162 0.9162 0.9212
v 0.935944 -1.275629 -0.140908 0.9162 0.9162 0.9212
v 4.349221 -1.048972 -0.141794 0.9162 0.9162 0.9212
v 3.869552 -1.073832 -0.151796 0.9162 0.9162 0.9212
v 2.473811 -1.183723 -0.159301 0.9162 0.9162 0.9212
v 1.476908 -1.262834 -0.164304 0.9162 0.9162 0.9212
v 1.277299 -1.276067 -0.166805 0.9162 0.9162 0.9212
v 1.158066 -1.290047 -0.164806 0.9162 0.9162 0.9212
v 1.056628 -1.278116 -0.176806 0.9162 0.9162 0.9212
v 0.970098 -1.207493 -0.221806 0.9162 0.9162 0.9212
v 0.909950 -1.208444 -0.224306 0.9162 0.9162 0.9212
v 0.892306 -1.236079 -0.209306 0.9162 0.9162 0.9212
v 0.937091 -1.288644 -0.176806 0.9162 0.9162 0.9212
v 4.350004 -1.057867 -0.152436 0.9162 0.9162 0.9212
v 3.870727 -1.087174 -0.167758 0.9162 0.9162 0.9212
v 2.475280 -1.200402 -0.179254 0.9162 0.9162 0.9212
v 1.478573 -1.281736 -0.186918 0.9162 0.9162 0.9212
v 1.279062 -1.296081 -0.190749 0.9162 0.9162 0.9212
v 1.159750 -1.309171 -0.187685 0.9162 0.9162 0.9212
v 1.058782 -1.302577 -0.206071 0.9162 0.9162 0.9212
v 0.974015 -1.251969 -0.275015 0.9162 0.9162 0.9212
v 0.913965 -1.254031 -0.278846 0.9162 0.9162 0.9212
v 0.895734 -1.274995 -0.255864 0.9162 0.9162 0.9212
v 0.939245 -1.313106 -0.206071 0.9162 0.9162 0.9212
v 4.351060 -1.069851 -0.159382 0.9162 0.9162 0.9212
v 3.872311 -1.105151 -0.178177 0.9162 0.9162 0.9212
v 2.477259 -1.222872 -0.192278 0.9162 0.9162 0.9212
v 1.480816 -1.307202 -0.201678 0.9162 0.9162 0.9212
v 1.281437 -1.323046 -0.206377 0.9162 0.9162 0.9212
v 1.162020 -1.334937 -0.202619 0.9162 0.9162 0.9212
v 1.061685 -1.335534 -0.225172 0.9162 0.9162 0.9212
v 0.979293 -1.311890 -0.309745 0.9162 0.9162 0.9212
v 0.919375 -1.315451 -0.314443 0.9162 0.9162 0.9212
v 0.900352 -1.327427 -0.286253 0.9162 0.9162 0.9212
v 0.942148 -1.346063 -0.225173 0.9162 0.9162 0.9212
v 4.352260 -1.083479 -0.161794 0.9162 0.9162 0.9212
v 3.874111 -1.125593 -0.181796 0.9162 0.9162 0.9212
v 2.479510 -1.248425 -0.196801 0.9162 0.9162 0.9212
v 1.483366 -1.336162 -0.206804 0.9162 0.9162 0.9212
v 1.284138 -1.353709 -0.211805 0.9162 0.9162 0.9212
v 1.164600 -1.364238 -0.207806 0.9162 0.9162 0.9212
v 1.064986 -1.373011 -0.231806 0.9162 0.9162 0.9212
v 0.985295 -1.380030 -0.321806 0.9162 0.9162 0.9212
v 0.925526 -1.385295 -0.326806 0.9162 0.9162 0.9212
v 0.905603 -1.387049 -0.296806 0.9162 0.9162 0.9212
v 0.945449 -1.383540 -0.231806 0.9162 0.9162 0.9212
v 4.353460 -1.097107 -0.159382 0.9162 0.9162 0.9212
v 3.875912 -1.146035 -0.178177 0.9162 0.9162 0.9212
v 2.481761 -1.273977 -0.192278 0.9162 0.9162 0.9212
v 1.485917 -1.365121 -0.201678 0.9162 0.9162 0.9212
v 1.286838 -1.384372 -0.206377 0.9162 0.9162 0.9212
v 1.167181 -1.393538 -0.202619 0.9162 0.9162 0.9212
v 1.068287 -1.410488 -0.225172 0.9162 0.9162 0.9212
v 0.991297 -1.448171 -0.309745 0.9162 0.9162 0.9212
v 0.931678 -1.455138 -0.314443 0.9162 0.9162 0.9212
v 0.910855 -1.446672 -0.286253 0.9162 0.9162 0.9212
v 0.948750 -1.421017 -0.225173 0.9162 0.9162 0.9212
v 4.354516 -1.109092 -0.152436 0.9162 0.9162 0.9212
v 3.877495 -1.164011 -0.167758 0.9162 0.9162 0.9212
v 2.483740 -1.296448 -0.179254 0.9162 0.9162 0.9212
v 1.488160 -1.390588 -0.186918 0.9162 0.9162 0.9212
v 1.289213 -1.411337 -0.190749 0.9162 0.9162 0.9212
v 1.169450 -1.419304 -0.187685 0.9162 0.9162 0.9212
v 1.071190 -1.443445 -0.206071 0.9162 0.9162 0.9212
v 0.996574 -1.508092 -0.275015 0.9162 0.9162 0.9212
v 0.937087 -1.516558 -0.278846 0.9162 0.9162 0.9212
v 0.915473 -1.499103 -0.255864 0.9162 0.9162 0.9212
v 0.951652 -1.453974 -0.206071 0.9162 0.9162 0.9212
v 4.355299 -1.117987 -0.141794 0.9162 0.9162 0.9212
v 3.878670 -1.177354 -0.151796 0.9162 0.9162 0.9212
v 2.485209 -1.313126 -0.159301 0.9162 0.9162 0.9212
v 1.489825 -1.409490 -0.164304 0.9162 0.9162 0.9212
v 1.290976 -1.431351 -0.166805 0.9162 0.9162 0.9212
v 1.171135 -1.438429 -0.164806 0.9162 0.9162 0.9212
v 1.073344 -1.467907 -0.176806 0.9162 0.9162 0.9212
v 1.000491 -1.552567 -0.221806 0.9162 0.9162 0.9212
v 0.941103 -1.562145 -0.224306 0.9162 0.9162 0.9212
v 0.918900 -1.538019 -0.209306 0.9162 0.9162 0.9212
v 0.953807 -1.478435 -0.176806 0.9162 0.9162 0.9212
v 4.355716 -1.122720 -0.128740 0.9162 0.9162 0.9212
v 3.879295 -1.184453 -0.132215 0.9162 0.9162 0.9212
v 2.485990 -1.322001 -0.134824 0.9162 0.9162 0.9212
v 1.490710 -1.419548 -0.136564 0.9162 0.9162 0.9212
v 1.291914 -1.442000 -0.137433 0.9162 0.9162 0.9212
v 1.172031 -1.448605 -0.136739 0.9162 0.9162 0.9212
v 1.074490 -1.480922 -0.140907 0.9162 0.9162 0.9212
v 1.002575 -1.576232 -0.156536 0.9162 0.9162 0.9212
v 0.943239 -1.586402 -0.157404 0.9162 0.9162 0.9212
v 0.920724 -1.558726 -0.152195 0.9162 0.9162 0.9212
v 0.954953 -1.491451 -0.140908 0.9162 0.9162 0.9212
v 4.355716 -1.122720 -0.114848 0.9162 0.9162 0.9212
v 3.879295 -1.184453 -0.111377 0.9162 0.9162 0.9212
v 2.485990 -1.322001 -0.108777 0.9162 0.9162 0.9212
v 1.490710 -1.419548 -0.107044 0.9162 0.9162 0.9212
v 1.291914 -1.442000 -0.106177 0.9162 0.9162 0.9212
v 1.172031 -1.448605 -0.106872 0.9162 0.9162 0.9212
v 1.074490 -1.480922 -0.102705 0.9162 0.9162 0.9212
v 1.002575 -1.576232 -0.087076 0.9162 0.9162 0.9212
v 0.943238 -1.586402 -0.086208 0.9162 0.9162 0.9212
v 0.920723 -1.558726 -0.091418 0.9162 0.9162 0.9212
v 0.954953 -1.491451 -0.102705 0.9162 0.9162 0.9212
v 4.355299 -1.117987 -0.101794 0.9162 0.9162 0.9212
v 3.878670 -1.177354 -0.091796 0.9162 0.9162 0.9212
v 2.485208 -1.313126 -0.084301 0.9162 0.9162 0.9212
v 1.489824 -1.409490 -0.079304 0.9162 0.9162 0.9212
v 1.290976 -1.431351 -0.076805 0.9162 0.9162 0.9212
v 1.171134 -1.438429 -0.078806 0.9162 0.9162 0.9212
v 1.073344 -1.467907 -0.066806 0.9162 0.9162 0.9212
v 1.000490 -1.552567 -0.021806 0.9162 0.9162 0.9212
v 0.941102 -1.562145 -0.019306 0.9162 0.9162 0.9212
v 0.918899 -1.538019 -0.034307 0.9162 0.9162 0.9212
v 0.953806 -1.478435 -0.066806 0.9162 0.9162 0.9212
v 4.354516 -1.109092 -0.091152 0.9162 0.9162 0.9212
v 3.877495 -1.164011 -0.075833 0.9162 0.9162 0.9212
v 2.483739 -1.296448 -0.064347 0.9162 0.9162 0.9212
v 1.488159 -1.390588 -0.056691 0.9162 0.9162 0.9212
v 1.289213 -1.411337 -0.052861 0.9162 0.9162 0.9212
v 1.169450 -1.419304 -0.055926 0.9162 0.9162 0.9212
v 1.071189 -1.443445 -0.037541 0.9162 0.9162 0.9212
v 0.996573 -1.508092 0.031403 0.9162 0.9162 0.9212
v 0.937086 -1.516558 0.035233 0.9162 0.9162 0.9212
v 0.915472 -1.499103 0.012251 0.9162 0.9162 0.9212
v 0.951652 -1.453974 -0.037541 0.9162 0.9162 0.9212
v 4.353460 -1.097107 -0.084206 0.9162 0.9162 0.9212
v 3.875911 -1.146035 -0.065414 0.9162 0.9162 0.9212
v 2.481760 -1.273977 -0.051324 0.9162 0.9162 0.9212
v 1.485916 -1.365121 -0.041931 0.9162 0.9162 0.9212
v 1.286838 -1.384372 -0.037233 0.9162 0.9162 0.9212
v 1.167181 -1.393538 -0.040992 0.9162 0.9162 0.9212
v 1.068286 -1.410489 -0.018440 0.9162 0.9162 0.9212
v 0.991295 -1.448171 0.066132 0.9162 0.9162 0.9212
v 0.931677 -1.455138 0.070831 0.9162 0.9162 0.9212
v 0.910854 -1.446672 0.042640 0.9162 0.9162 0.9212
v 0.948749 -1.421017 -0.018440 0.9162 0.9162 0.9212
v 2.479509 -1.248425 -0.046801 0.9162 0.9162 0.9212
v 1.164600 -1.364238 -0.035806 0.9162 0.9162 0.9212
v 0.905602 -1.387049 0.053193 0.9162 0.9162 0.9212
v 0.945448 -1.383540 -0.011806 0.9162 0.9162 0.9212
vn -1.0000 -0.0000 -0.0000
vn -0.0000 1.0000 -0.0000
vn 1.0000 -0.0000 -0.0000
vn -0.0000 -1.0000 -0.0000
vn -0.0000 -0.0000 -1.0000
vn -0.0000 -0.0000 1.0000
vn -0.0763 -0.9695 0.2328
vn -0.0062 -0.0785 0.9969
vn -0.0725 -0.9214 0.3817
vn -0.0670 -0.8507 0.5213
vn -0.0597 -0.7590 0.6483
vn -0.0510 -0.6486 0.7594
vn -0.0411 -0.5221 0.8519
vn -0.0301 -0.3825 0.9235
vn -0.0782 -0.9939 0.0782
vn -0.0184 -0.2334 0.9722
vn -0.1992 -0.8298 0.5213
vn -0.1777 -0.7404 0.6483
vn -0.1519 -0.6326 0.7594
vn -0.1222 -0.5092 0.8519
vn -0.0896 -0.3731 0.9235
vn -0.2327 -0.9694 0.0782
vn -0.0547 -0.2277 0.9722
vn -0.2270 -0.9457 0.2328
vn -0.0184 -0.0765 0.9969
vn -0.2158 -0.8988 0.3817
vn -0.1468 -0.3545 0.9235
vn -0.3815 -0.9210 0.0782
vn -0.0896 -0.2163 0.9722
vn -0.3722 -0.8985 0.2328
vn -0.0301 -0.0727 0.9969
vn -0.3537 -0.8539 0.3817
vn -0.3266 -0.7884 0.5213
vn -0.2914 -0.7034 0.6483
vn -0.2490 -0.6011 0.7594
vn -0.2004 -0.4838 0.8519
vn -0.4459 -0.7276 0.5213
vn -0.3978 -0.6492 0.6483
vn -0.3399 -0.5547 0.7594
vn -0.2736 -0.4465 0.8519
vn -0.2005 -0.3272 0.9235
vn -0.5209 -0.8500 0.0782
vn -0.1223 -0.1996 0.9722
vn -0.5081 -0.8292 0.2328
vn -0.0411 -0.0671 0.9969
vn -0.4829 -0.7881 0.3817
vn -0.3401 -0.3982 0.8519
vn -0.2492 -0.2918 0.9235
vn -0.6475 -0.7581 0.0782
vn -0.1521 -0.1780 0.9722
vn -0.6316 -0.7395 0.2328
vn -0.0511 -0.0598 0.9969
vn -0.6003 -0.7028 0.3817
vn -0.5542 -0.6489 0.5213
vn -0.4945 -0.5790 0.6483
vn -0.4225 -0.4947 0.7594
vn -0.7028 -0.6003 0.3817
vn -0.6489 -0.5542 0.5213
vn -0.5790 -0.4945 0.6483
vn -0.4947 -0.4225 0.7594
vn -0.3982 -0.3401 0.8519
vn -0.2918 -0.2492 0.9235
vn -0.7581 -0.6475 0.0782
vn -0.1780 -0.1521 0.9722
vn -0.7395 -0.6316 0.2328
vn -0.0598 -0.0511 0.9969
vn -0.4465 -0.2736 0.8519
vn -0.3272 -0.2005 0.9235
vn -0.8500 -0.5209 0.0782
vn -0.1996 -0.1223 0.9722
vn -0.8292 -0.5081 0.2328
vn -0.0671 -0.0411 0.9969
vn -0.7881 -0.4829 0.3817
vn -0.7276 -0.4459 0.5213
vn -0.6492 -0.3978 0.6483
vn -0.5547 -0.3399 0.7594
vn -0.0727 -0.0301 0.9969
vn -0.8539 -0.3537 0.3817
vn -0.7884 -0.3266 0.5213
vn -0.7034 -0.2914 0.6483
vn -0.6011 -0.2490 0.7594
vn -0.4838 -0.2004 0.8519
vn -0.3545 -0.1468 0.9235
vn -0.9210 -0.3815 0.0782
vn -0.2163 -0.0896 0.9722
vn -0.8985 -0.3722 0.2328
vn -0.6326 -0.1519 0.7594
vn -0.5092 -0.1222 0.8519
vn -0.3731 -0.0896 0.9235
vn -0.9694 -0.2327 0.0782
vn -0.2277 -0.0547 0.9722
vn -0.9457 -0.2270 0.2328
vn -0.0765 -0.0184 0.9969
vn -0.8988 -0.2158 0.3817
vn -0.8298 -0.1992 0.5213
vn -0.7404 -0.1777 0.6483
vn -0.2334 -0.0184 0.9722
vn -0.9695 -0.0763 0.2328
vn -0.0785 -0.0062 0.9969
vn -0.9214 -0.0725 0.3817
vn -0.8507 -0.0670 0.5213
vn -0.7590 -0.0597 0.6483
vn -0.6486 -0.0511 0.7594
vn -0.5221 -0.0411 0.8519
vn -0.3825 -0.0301 0.9235
vn -0.9939 -0.0782 0.0782
vn -0.7590 0.0597 0.6483
vn -0.6486 0.0510 0.7594
vn -0.5221 0.0411 0.8519
vn -0.3825 0.0301 0.9235
vn -0.9939 0.0782 0.0782
vn -0.2334 0.0184 0.9722
vn -0.9695 0.0763 0.2328
vn -0.0785 0.0062 0.9969
vn -0.9214 0.0725 0.3817
vn -0.8507 0.0670 0.5213
vn -0.9694 0.2327 0.0782
vn -0.2277 0.0547 0.9722
vn -0.9457 0.2270 0.2328
vn -0.0765 0.0184 0.9969
vn -0.8988 0.2158 0.3817
vn -0.8298 0.1992 0.5213
vn -0.7404 0.1777 0.6483
vn -0.6326 0.1519 0.7594
vn -0.5092 0.1222 0.8519
vn -0.3731 0.0896 0.9235
vn -0.7034 0.2914 0.6483
vn -0.6011 0.2490 0.7594
vn -0.4838 0.2004 0.8519
vn -0.3545 0.1468 0.9235
vn -0.9210 0.3815 0.0782
vn -0.2163 0.0896 0.9722
vn -0.8985 0.3722 0.2328
vn -0.0727 0.0301 0.9969
vn -0.8539 0.3537 0.3817
vn -0.7884 0.3266 0.5213
vn -0.3272 0.2005 0.9235
vn -0.8500 0.5209 0.0782
vn -0.1996 0.1223 0.9722
vn -0.8292 0.5081 0.2328
vn -0.0671 0.0411 0.9969
vn -0.7881 0.4829 0.3817
vn -0.7276 0.4459 0.5213
vn -0.6492 0.3978 0.6483
vn -0.5547 0.3399 0.7594
vn -0.4465 0.2736 0.8519
vn -0.6489 0.5542 0.5213
vn -0.5790 0.4945 0.6483
vn -0.4947 0.4225 0.7594
vn -0.3982 0.3401 0.8519
vn -0.2918 0.2492 0.9235
vn -0.7581 0.6475 0.0782
vn -0.1780 0.1521 0.9722
vn -0.7395 0.6316 0.2328
vn -0.0598 0.0511 0.9969
vn -0.7028 0.6003 0.3817
vn -0.2492 0.2918 0.9235
vn -0.6475 0.7581 0.0782
vn -0.1521 0.1780 0.9722
vn -0.6316 0.7395 0.2328
vn -0.0511 0.0598 0.9969
vn -0.6003 0.7028 0.3817
vn -0.5542 0.6489 0.5213
vn -0.4945 0.5790 0.6483
vn -0.4225 0.4947 0.7594
vn -0.3401 0.3982 0.8519
vn -0.4459 0.7276 0.5213
vn -0.3978 0.6492 0.6483
vn -0.3399 0.5547 0.7594
vn -0.2736 0.4465 0.8519
vn -0.2005 0.3271 0.9235
vn -0.5209 0.8500 0.0782
vn -0.1223 0.1996 0.9722
vn -0.5081 0.8292 0.2328
vn -0.0411 0.0671 0.9969
vn -0.4829 0.7881 0.3817
vn -0.2004 0.4838 0.8519
vn -0.1468 0.3545 0.9235
vn -0.3815 0.9210 0.0782
vn -0.0896 0.2163 0.9722
vn -0.3722 0.8985 0.2328
vn -0.0301 0.0727 0.9969
vn -0.3537 0.8539 0.3817
vn -0.3266 0.7884 0.5213
vn -0.2914 0.7034 0.6483
vn -0.2490 0.6011 0.7594
vn -0.0184 0.0765 0.9969
vn -0.2158 0.8988 0.3817
vn -0.1992 0.8298 0.5213
vn -0.1777 0.7404 0.6483
vn -0.1519 0.6326 0.7594
vn -0.1222 0.5092 0.8519
vn -0.0896 0.3731 0.9235
vn -0.2327 0.9694 0.0782
vn -0.0547 0.2277 0.9722
vn -0.2270 0.9457 0.2328
vn -0.0510 0.6486 0.7594
vn -0.0411 0.5221 0.8519
vn -0.0301 0.3825 0.9235
vn -0.0782 0.9939 0.0782
vn -0.0184 0.2334 0.9722
vn -0.0763 0.9695 0.2328
vn -0.0062 0.0785 0.9969
vn -0.0725 0.9214 0.3817
vn -0.0670 0.8507 0.5213
vn -0.0597 0.7590 0.6483
vn 0.0763 0.9695 0.2328
vn 0.0062 0.0785 0.9969
vn 0.0725 0.9214 0.3817
vn 0.0670 0.8507 0.5213
vn 0.0597 0.7590 0.6483
vn 0.0510 0.6486 0.7594
vn 0.0411 0.5221 0.8519
vn 0.0301 0.3825 0.9235
vn 0.0782 0.9939 0.0782
vn 0.0184 0.2334 0.9722
vn 0.1519 0.6326 0.7594
vn 0.1222 0.5092 0.8519
vn 0.0896 0.3731 0.9235
vn 0.2327 0.9694 0.0782
vn 0.0547 0.2277 0.9722
vn 0.2270 0.9457 0.2328
vn 0.0184 0.0765 0.9969
vn 0.2158 0.8988 0.3817
vn 0.1992 0.8298 0.5213
vn 0.1777 0.7404 0.6483
vn 0.0896 0.2163 0.9722
vn 0.3722 0.8985 0.2328
vn 0.0301 0.0727 0.9969
vn 0.3537 0.8539 0.3817
vn 0.3266 0.7884 0.5213
vn 0.2914 0.7034 0.6483
vn 0.2490 0.6011 0.7594
vn 0.2004 0.4838 0.8519
vn 0.1468 0.3545 0.9235
vn 0.3815 0.9210 0.0782
vn 0.3978 0.6492 0.6483
vn 0.3399 0.5547 0.7594
vn 0.2736 0.4465 0.8519
vn 0.2005 0.3272 0.9235
vn 0.5209 0.8500 0.0782
vn 0.1223 0.1996 0.9722
vn 0.5082 0.8292 0.2328
vn 0.0411 0.0671 0.9969
vn 0.4829 0.7881 0.3817
vn 0.4459 0.7276 0.5213
vn 0.6475 0.7581 0.0782
vn 0.1521 0.1780 0.9722
vn 0.6316 0.7395 0.2328
vn 0.0511 0.0598 0.9969
vn 0.6003 0.7028 0.3817
vn 0.5542 0.6489 0.5213
vn 0.4945 0.5790 0.6483
vn 0.4225 0.4947 0.7594
vn 0.3401 0.3982 0.8519
vn 0.2492 0.2918 0.9235
vn 0.5790 0.4945 0.6483
vn 0.4947 0.4225 0.7594
vn 0.3982 0.3401 0.8519
vn 0.2918 0.2492 0.9235
vn 0.7581 0.6475 0.0782
vn 0.1780 0.1521 0.9722
vn 0.7395 0.6316 0.2328
vn 0.0598 0.0511 0.9969
vn 0.7028 0.6003 0.3817
vn 0.6489 0.5542 0.5213
vn 0.3272 0.2005 0.9235
vn 0.8500 0.5209 0.0782
vn 0.1996 0.1223 0.9722
vn 0.8292 0.5081 0.2328
vn 0.0671 0.0411 0.9969
vn 0.7881 0.4829 0.3817
vn 0.7276 0.4459 0.5213
vn 0.6492 0.3978 0.6483
vn 0.5547 0.3399 0.7594
vn 0.4465 0.2736 0.8519
vn 0.7884 0.3266 0.5213
vn 0.7034 0.2914 0.6483
vn 0.6011 0.2490 0.7594
vn 0.4838 0.2004 0.8519
vn 0.3545 0.1468 0.9235
vn 0.9210 0.3815 0.0782
vn 0.2163 0.0896 0.9722
vn 0.8985 0.3722 0.2328
vn 0.0727 0.0301 0.9969
vn 0.8539 0.3537 0.3817
vn 0.5092 0.1222 0.8519
vn 0.3731 0.0896 0.9235
vn 0.9694 0.2327 0.0782
vn 0.2277 0.0547 0.9722
vn 0.9457 0.2270 0.2328
vn 0.0765 0.0184 0.9969
vn 0.8988 0.2158 0.3817
vn 0.8298 0.1992 0.5213
vn 0.7404 0.1777 0.6483
vn 0.6326 0.1519 0.7594
vn 0.9214 0.0725 0.3817
vn 0.8507 0.0670 0.5213
vn 0.7590 0.0597 0.6483
vn 0.6486 0.0510 0.7594
vn 0.5221 0.0411 0.8519
vn 0.3825 0.0301 0.9235
vn 0.9939 0.0782 0.0782
vn 0.2334 0.0184 0.9722
vn 0.9695 0.0763 0.2328
vn 0.0785 0.0062 0.9969
vn 0.5221 -0.0411 0.8519
vn 0.3825 -0.0301 0.9235
vn 0.9939 -0.0782 0.0782
vn 0.2334 -0.0184 0.9722
vn 0.9695 -0.0763 0.2328
vn 0.0785 -0.0062 0.9969
vn 0.9214 -0.0725 0.3817
vn 0.8507 -0.0669 0.5213
vn 0.7590 -0.0597 0.6483
vn 0.6486 -0.0510 0.7594
vn 0.0765 -0.0184 0.9969
vn 0.8988 -0.2158 0.3817
vn 0.8298 -0.1992 0.5213
vn 0.7404 -0.1777 0.6483
vn 0.6326 -0.1519 0.7594
vn 0.5092 -0.1222 0.8519
vn 0.3731 -0.0896 0.9235
vn 0.9694 -0.2327 0.0782
vn 0.2277 -0.0547 0.9722
vn 0.9457 -0.2270 0.2328
vn 0.6011 -0.2490 0.7594
vn 0.4838 -0.2004 0.8519
vn 0.3545 -0.1468 0.9235
vn 0.9211 -0.3815 0.0782
vn 0.2163 -0.0896 0.9722
vn 0.8985 -0.3722 0.2328
vn 0.0727 -0.0301 0.9969
vn 0.8539 -0.3537 0.3817
vn 0.7884 -0.3266 0.5213
vn 0.7034 -0.2914 0.6483
vn 0.8292 -0.5082 0.2328
vn 0.0671 -0.0411 0.9969
vn 0.7881 -0.4829 0.3817
vn 0.7276 -0.4459 0.5213
vn 0.6492 -0.3978 0.6483
vn 0.5547 -0.3399 0.7594
vn 0.4465 -0.2736 0.8519
vn 0.3272 -0.2005 0.9235
vn 0.8500 -0.5209 0.0782
vn 0.1996 -0.1223 0.9722
vn 0.4947 -0.4225 0.7594
vn 0.3982 -0.3401 0.8519
vn 0.2918 -0.2492 0.9235
vn 0.7581 -0.6475 0.0782
vn 0.1780 -0.1521 0.9722
vn 0.7395 -0.6316 0.2328
vn 0.0598 -0.0511 0.9969
vn 0.7028 -0.6003 0.3817
vn 0.6489 -0.5542 0.5213
vn 0.5790 -0.4945 0.6483
vn 0.1521 -0.1780 0.9722
vn 0.6316 -0.7395 0.2328
vn 0.0511 -0.0598 0.9969
vn 0.6003 -0.7028 0.3817
vn 0.5542 -0.6489 0.5213
vn 0.4945 -0.5790 0.6483
vn 0.4225 -0.4947 0.7594
vn 0.3401 -0.3982 0.8519
vn 0.2492 -0.2918 0.9235
vn 0.6475 -0.7581 0.0782
vn 0.3978 -0.6492 0.6483
vn 0.3399 -0.5547 0.7594
vn 0.2736 -0.4465 0.8519
vn 0.2005 -0.3271 0.9235
vn 0.5209 -0.8500 0.0782
vn 0.1223 -0.1996 0.9722
vn 0.5081 -0.8292 0.2328
vn 0.0411 -0.0671 0.9969
vn 0.4829 -0.7881 0.3817
vn 0.4459 -0.7276 0.5213
vn 0.1468 -0.3545 0.9235
vn 0.3815 -0.9211 0.0782
vn 0.0896 -0.2163 0.9722
vn 0.3722 -0.8985 0.2328
vn 0.0301 -0.0727 0.9969
vn 0.3537 -0.8539 0.3817
vn 0.3266 -0.7884 0.5213
vn 0.2914 -0.7034 0.6483
vn 0.2490 -0.6011 0.7594
vn 0.2004 -0.4838 0.8519
vn 0.1992 -0.8298 0.5213
vn 0.1777 -0.7404 0.6483
vn 0.1519 -0.6326 0.7594
vn 0.1222 -0.5092 0.8519
vn 0.0896 -0.3731 0.9235
vn 0.2327 -0.9694 0.0782
vn 0.0547 -0.2277 0.9722
vn 0.2270 -0.9457 0.2328
vn 0.0184 -0.0765 0.9969
vn 0.2158 -0.8988 0.3817
vn 0.0301 -0.3825 0.9235
vn 0.0782 -0.9939 0.0782
vn 0.0184 -0.2334 0.9722
vn 0.0763 -0.9695 0.2328
vn 0.0062 -0.0785 0.9969
vn 0.0725 -0.9214 0.3817
vn 0.0670 -0.8507 0.5213
vn 0.0597 -0.7590 0.6483
vn 0.0510 -0.6486 0.7594
vn 0.0411 -0.5221 0.8519
vn -0.1223 -0.5092 0.8519
vn -0.6486 -0.0510 0.7594
vn -0.2005 0.3272 0.9235
vn 0.5081 0.8292 0.2328
vn 0.5092 0.1223 0.8519
vn 0.8507 -0.0670 0.5213
vn 0.5092 -0.1223 0.8519
vn 0.9210 -0.3815 0.0782
vn 0.1780 -0.1520 0.9722
vn 0.2005 -0.3272 0.9235
vn 0.3815 -0.9210 0.0782
vn -0.2005 -0.3271 0.9235
vn -0.8292 0.5082 0.2328
vn 0.2005 0.3271 0.9235
vn 0.6476 0.7580 0.0782
vn -0.3271 0.2005 0.9235
vn -0.1223 0.5092 0.8519
vn 0.5082 -0.8292 0.2328
vn 0.1223 0.5092 0.8519
vn 0.3271 0.2005 0.9235
vn 0.0669 -0.8507 0.5213
vn -0.0654 -0.9979 -0.0000
vn -0.1951 -0.9808 -0.0000
vn -0.3214 -0.9469 -0.0000
vn -0.4423 -0.8969 -0.0000
vn -0.5556 -0.8315 -0.0000
vn -0.6593 -0.7518 -0.0000
vn -0.7518 -0.6593 -0.0000
vn -0.8315 -0.5556 -0.0000
vn -0.8969 -0.4423 -0.0000
vn -0.9469 -0.3214 -0.0000
vn -0.9808 -0.1951 -0.0000
vn -0.9979 -0.0654 -0.0000
vn -0.9979 0.0654 -0.0000
vn -0.9808 0.1951 -0.0000
vn -0.9469 0.3214 -0.0000
vn -0.8969 0.4423 -0.0000
vn -0.8315 0.5556 -0.0000
vn -0.7518 0.6593 -0.0000
vn -0.6593 0.7518 -0.0000
vn -0.5556 0.8315 -0.0000
vn -0.4423 0.8969 -0.0000
vn -0.3214 0.9469 -0.0000
vn -0.1951 0.9808 -0.0000
vn -0.0654 0.9979 -0.0000
vn 0.0654 0.9979 -0.0000
vn 0.1951 0.9808 -0.0000
vn 0.3214 0.9469 -0.0000
vn 0.4423 0.8969 -0.0000
vn 0.5556 0.8315 -0.0000
vn 0.6593 0.7518 -0.0000
vn 0.7518 0.6593 -0.0000
vn 0.8315 0.5556 -0.0000
vn 0.8969 0.4423 -0.0000
vn 0.9469 0.3214 -0.0000
vn 0.9808 0.1951 -0.0000
vn 0.9979 0.0654 -0.0000
vn 0.9979 -0.0654 -0.0000
vn 0.9808 -0.1951 -0.0000
vn 0.9469 -0.3214 -0.0000
vn 0.8969 -0.4423 -0.0000
vn 0.8315 -0.5556 -0.0000
vn 0.7518 -0.6593 -0.0000
vn 0.6593 -0.7518 -0.0000
vn 0.5556 -0.8315 -0.0000
vn 0.4423 -0.8969 -0.0000
vn 0.3214 -0.9469 -0.0000
vn 0.1951 -0.9808 -0.0000
vn 0.0654 -0.9979 -0.0000
vn -0.7376 0.1433 -0.6598
vn -0.0183 0.1744 -0.9845
vn 0.9353 -0.0943 0.3411
vn -0.0347 0.1749 -0.9840
vn -0.0754 0.1759 -0.9815
vn 0.0391 0.1722 -0.9843
vn -0.0042 0.1739 -0.9848
vn 0.8311 0.0671 -0.5521
vn -0.2237 0.1772 -0.9584
vn -0.0035 0.1739 -0.9848
vn 0.8441 -0.1228 0.5219
vn -0.3057 0.1762 -0.9357
vn 0.0076 0.5000 -0.8660
vn 0.8378 0.2500 -0.4855
vn -0.2122 0.4946 -0.8428
vn 0.0084 0.5000 -0.8660
vn 0.8378 -0.2956 0.4589
vn -0.2944 0.4861 -0.8228
vn -0.7297 0.3618 -0.5803
vn -0.0064 0.5004 -0.8658
vn 0.9312 -0.2072 0.3000
vn -0.0228 0.5007 -0.8653
vn -0.0636 0.5010 -0.8631
vn 0.0510 0.4982 -0.8656
vn 0.0033 0.7662 -0.6426
vn 0.9278 -0.2993 0.2226
vn -0.0131 0.7664 -0.6423
vn -0.0540 0.7660 -0.6406
vn 0.0606 0.7639 -0.6424
vn 0.0173 0.7659 -0.6427
vn 0.8432 0.3990 -0.3603
vn -0.2027 0.7534 -0.6256
vn 0.0180 0.7659 -0.6428
vn 0.8327 -0.4365 0.3406
vn -0.2852 0.7387 -0.6107
vn -0.7232 0.5400 -0.4307
vn 0.0244 0.9394 -0.3420
vn 0.8294 -0.5285 0.1812
vn -0.2792 0.9036 -0.3249
vn -0.7189 0.6562 -0.2292
vn 0.0096 0.9397 -0.3419
vn 0.9256 -0.3594 0.1185
vn -0.0068 0.9398 -0.3417
vn -0.0477 0.9389 -0.3409
vn 0.0670 0.9374 -0.3418
vn 0.0237 0.9394 -0.3420
vn 0.8467 0.4963 -0.1917
vn -0.1966 0.9223 -0.3328
vn 0.0692 0.9976 -0.0000
vn 0.0258 0.9997 -0.0000
vn 0.8480 0.5301 -0.0000
vn -0.1944 0.9809 -0.0000
vn 0.0265 0.9996 -0.0000
vn 0.8282 -0.5604 -0.0000
vn -0.2771 0.9608 -0.0000
vn -0.7175 0.6966 -0.0000
vn 0.0118 0.9999 -0.0000
vn 0.9249 -0.3803 -0.0000
vn -0.0046 1.0000 -0.0000
vn -0.0455 0.9990 -0.0000
vn 0.0096 0.9397 0.3419
vn 0.9256 -0.3594 -0.1185
vn -0.0068 0.9398 0.3418
vn -0.0477 0.9389 0.3409
vn 0.0670 0.9374 0.3418
vn 0.0237 0.9394 0.3420
vn 0.8467 0.4963 0.1917
vn -0.1966 0.9223 0.3329
vn 0.0244 0.9394 0.3420
vn 0.8294 -0.5285 -0.1812
vn -0.2792 0.9036 0.3249
vn -0.7189 0.6562 0.2292
vn -0.2027 0.7534 0.6256
vn 0.0180 0.7659 0.6428
vn 0.8327 -0.4365 -0.3406
vn -0.2852 0.7387 0.6107
vn -0.7232 0.5399 0.4307
vn 0.0033 0.7662 0.6426
vn 0.9278 -0.2993 -0.2227
vn -0.0131 0.7664 0.6422
vn -0.0539 0.7659 0.6406
vn 0.0607 0.7639 0.6424
vn 0.0173 0.7659 0.6428
vn 0.8432 0.3990 0.3603
vn 0.0510 0.4982 0.8656
vn 0.0077 0.5000 0.8660
vn 0.8378 0.2500 0.4855
vn -0.2122 0.4946 0.8428
vn 0.0084 0.5000 0.8660
vn 0.8378 -0.2956 -0.4589
vn -0.2944 0.4861 0.8228
vn -0.7296 0.3618 0.5803
vn -0.0064 0.5004 0.8658
vn 0.9312 -0.2072 -0.3000
vn -0.0228 0.5007 0.8653
vn -0.0636 0.5010 0.8631
vn -0.7376 0.1433 0.6599
vn -0.0183 0.1744 0.9845
vn 0.9353 -0.0942 -0.3411
vn -0.0347 0.1749 0.9840
vn -0.0754 0.1759 0.9815
vn 0.0391 0.1722 0.9843
vn -0.0042 0.1739 0.9848
vn 0.8311 0.0671 0.5521
vn -0.2237 0.1773 0.9584
vn -0.0035 0.1739 0.9848
vn 0.8441 -0.1228 -0.5219
vn -0.3057 0.1762 0.9357
vn -0.2360 -0.1605 0.9584
vn -0.0162 -0.1732 0.9848
vn 0.8508 0.0611 -0.5219
vn -0.3177 -0.1535 0.9357
vn -0.7461 -0.0893 0.6599
vn -0.0309 -0.1726 0.9845
vn 0.9397 0.0260 -0.3411
vn -0.0473 -0.1719 0.9840
vn -0.0880 -0.1700 0.9815
vn 0.0265 -0.1746 0.9843
vn -0.0169 -0.1731 0.9848
vn 0.8240 -0.1274 0.5521
vn -0.0999 -0.4950 0.8631
vn 0.0146 -0.5006 0.8656
vn -0.0287 -0.4993 0.8660
vn 0.8173 -0.3102 0.4855
vn -0.2476 -0.4779 0.8428
vn -0.0280 -0.4993 0.8660
vn 0.8571 0.2339 -0.4589
vn -0.3290 -0.4634 0.8228
vn -0.7540 -0.3078 0.5803
vn -0.0428 -0.4986 0.8658
vn 0.9438 0.1389 -0.3000
vn -0.0592 -0.4978 0.8653
vn -0.3382 -0.7160 0.6107
vn -0.7605 -0.4859 0.4307
vn -0.0525 -0.7644 0.6426
vn 0.9471 0.2310 -0.2227
vn -0.0688 -0.7634 0.6423
vn -0.1095 -0.7600 0.6406
vn 0.0049 -0.7663 0.6424
vn -0.0384 -0.7651 0.6428
vn 0.8119 -0.4593 0.3603
vn -0.2570 -0.7366 0.6255
vn -0.0377 -0.7651 0.6428
vn 0.8623 0.3748 -0.3406
vn 0.8084 -0.5566 0.1917
vn -0.2631 -0.9055 0.3329
vn -0.0440 -0.9387 0.3420
vn 0.8656 0.4668 -0.1812
vn -0.3442 -0.8809 0.3250
vn -0.7648 -0.6022 0.2292
vn -0.0588 -0.9379 0.3419
vn 0.9493 0.2911 -0.1185
vn -0.0751 -0.9368 0.3417
vn -0.1158 -0.9329 0.3409
vn -0.0014 -0.9398 0.3418
vn -0.0447 -0.9386 0.3420
vn -0.0773 -0.9970 -0.0000
vn -0.1180 -0.9930 -0.0000
vn -0.0036 -1.0000 -0.0000
vn -0.0469 -0.9989 -0.0000
vn 0.8071 -0.5904 -0.0000
vn -0.2653 -0.9642 -0.0000
vn -0.0462 -0.9989 -0.0000
vn 0.8668 0.4987 -0.0000
vn -0.3463 -0.9381 -0.0000
vn -0.7662 -0.6426 -0.0000
vn -0.0610 -0.9981 -0.0000
vn 0.9501 0.3120 -0.0000
vn 0.8656 0.4668 0.1812
vn -0.3442 -0.8809 -0.3250
vn -0.7648 -0.6022 -0.2292
vn -0.0588 -0.9379 -0.3419
vn 0.9493 0.2911 0.1185
vn -0.0751 -0.9368 -0.3417
vn -0.1158 -0.9329 -0.3409
vn -0.0014 -0.9398 -0.3418
vn -0.0447 -0.9386 -0.3420
vn 0.8084 -0.5566 -0.1917
vn -0.2631 -0.9055 -0.3328
vn -0.0440 -0.9387 -0.3420
vn -0.0384 -0.7651 -0.6428
vn 0.8119 -0.4593 -0.3603
vn -0.2570 -0.7366 -0.6256
vn -0.0377 -0.7651 -0.6428
vn 0.8623 0.3748 0.3406
vn -0.3382 -0.7160 -0.6107
vn -0.7605 -0.4859 -0.4307
vn -0.0525 -0.7644 -0.6426
vn 0.9471 0.2311 0.2226
vn -0.0688 -0.7634 -0.6423
vn -0.1095 -0.7600 -0.6406
vn 0.0049 -0.7663 -0.6424
vn 0.9438 0.1389 0.3000
vn -0.0592 -0.4978 -0.8653
vn -0.0999 -0.4950 -0.8631
vn 0.0146 -0.5006 -0.8656
vn -0.0287 -0.4993 -0.8660
vn 0.8173 -0.3102 -0.4855
vn -0.2476 -0.4779 -0.8428
vn -0.0280 -0.4993 -0.8660
vn 0.8571 0.2339 0.4589
vn -0.3290 -0.4634 -0.8228
vn -0.7540 -0.3078 -0.5803
vn -0.0428 -0.4986 -0.8658
vn -0.0162 -0.1732 -0.9848
vn 0.8508 0.0611 0.5219
vn -0.3177 -0.1535 -0.9357
vn -0.7461 -0.0893 -0.6599
vn -0.0309 -0.1726 -0.9845
vn 0.9397 0.0260 0.3411
vn -0.0473 -0.1719 -0.9840
vn -0.0880 -0.1700 -0.9815
vn 0.0265 -0.1746 -0.9843
vn -0.0169 -0.1731 -0.9848
vn 0.8240 -0.1274 -0.5521
vn -0.2360 -0.1605 -0.9584
vn 0.7482 0.0689 0.6599
vn 0.0356 0.1717 0.9845
vn -0.9400 -0.0004 -0.3411
vn 0.0519 0.1705 0.9840
vn 0.0926 0.1675 0.9815
vn -0.0217 0.1753 0.9843
vn 0.0216 0.1726 0.9848
vn -0.8202 0.1498 0.5521
vn 0.2403 0.1540 0.9584
vn 0.0209 0.1727 0.9848
vn -0.8522 -0.0379 -0.5219
vn 0.3217 0.1448 0.9357
vn 0.0423 0.4983 0.8660
vn -0.8086 0.3324 0.4855
vn 0.2605 0.4710 0.8428
vn 0.0416 0.4983 0.8660
vn -0.8632 -0.2105 -0.4589
vn 0.3415 0.4543 0.8228
vn 0.7621 0.2871 0.5803
vn 0.0563 0.4973 0.8658
vn -0.9472 -0.1132 -0.3000
vn 0.0727 0.4960 0.8653
vn 0.1133 0.4921 0.8631
vn -0.0010 0.5008 0.8656
vn 0.0732 0.7627 0.6426
vn -0.9531 -0.2052 -0.2227
vn 0.0896 0.7613 0.6422
vn 0.1302 0.7567 0.6406
vn 0.0159 0.7662 0.6424
vn 0.0592 0.7638 0.6427
vn -0.7991 0.4812 0.3603
vn 0.2769 0.7294 0.6256
vn 0.0585 0.7638 0.6428
vn -0.8721 -0.3512 -0.3406
vn 0.3575 0.7065 0.6107
vn 0.7735 0.4650 0.4307
vn 0.0696 0.9371 0.3420
vn -0.8780 -0.4430 -0.1812
vn 0.3680 0.8712 0.3250
vn 0.7809 0.5812 0.2292
vn 0.0843 0.9359 0.3419
vn -0.9569 -0.2652 -0.1185
vn 0.1006 0.9344 0.3417
vn 0.1412 0.9295 0.3409
vn 0.0270 0.9394 0.3418
vn 0.0703 0.9371 0.3420
vn -0.7929 0.5784 0.1917
vn 0.2877 0.8980 0.3329
vn 0.0308 0.9995 -0.0000
vn 0.0741 0.9973 -0.0000
vn -0.7908 0.6121 -0.0000
vn 0.2914 0.9566 -0.0000
vn 0.0734 0.9973 -0.0000
vn -0.8800 -0.4749 -0.0000
vn 0.3717 0.9284 -0.0000
vn 0.7834 0.6215 -0.0000
vn 0.0881 0.9961 -0.0000
vn -0.9582 -0.2860 -0.0000
vn 0.1044 0.9945 -0.0000
vn 0.1450 0.9894 -0.0000
vn 0.0843 0.9359 -0.3419
vn -0.9569 -0.2652 0.1185
vn 0.1006 0.9344 -0.3417
vn 0.1412 0.9294 -0.3409
vn 0.0270 0.9394 -0.3418
vn 0.0703 0.9371 -0.3420
vn -0.7929 0.5784 -0.1917
vn 0.2877 0.8980 -0.3328
vn 0.0696 0.9371 -0.3420
vn -0.8780 -0.4430 0.1812
vn 0.3680 0.8712 -0.3249
vn 0.7809 0.5812 -0.2292
vn 0.2770 0.7294 -0.6255
vn 0.0585 0.7638 -0.6428
vn -0.8721 -0.3512 0.3406
vn 0.3575 0.7065 -0.6107
vn 0.7735 0.4650 -0.4307
vn 0.0733 0.7627 -0.6426
vn -0.9531 -0.2052 0.2227
vn 0.0896 0.7613 -0.6422
vn 0.1302 0.7567 -0.6406
vn 0.0159 0.7662 -0.6424
vn 0.0592 0.7638 -0.6428
vn -0.7991 0.4812 -0.3603
vn -0.0010 0.5008 -0.8656
vn 0.0423 0.4983 -0.8660
vn -0.8086 0.3324 -0.4855
vn 0.2605 0.4710 -0.8428
vn 0.0416 0.4983 -0.8660
vn -0.8632 -0.2105 0.4589
vn 0.3415 0.4543 -0.8228
vn 0.7621 0.2871 -0.5803
vn 0.0563 0.4973 -0.8658
vn -0.9472 -0.1132 0.3000
vn 0.0727 0.4960 -0.8653
vn 0.1133 0.4921 -0.8631
vn 0.7482 0.0689 -0.6598
vn 0.0356 0.1717 -0.9845
vn -0.9400 -0.0004 0.3411
vn 0.0520 0.1705 -0.9840
vn 0.0926 0.1675 -0.9815
vn -0.0217 0.1753 -0.9843
vn 0.0216 0.1726 -0.9848
vn -0.8202 0.1498 -0.5521
vn 0.2403 0.1540 -0.9584
vn 0.0209 0.1727 -0.9848
vn -0.8522 -0.0379 0.5219
vn 0.3218 0.1448 -0.9357
vn 0.2188 -0.1833 -0.9584
vn -0.0012 -0.1739 -0.9848
vn -0.8405 0.1457 0.5219
vn 0.3008 -0.1845 -0.9357
vn 0.7334 -0.1633 -0.6599
vn 0.0135 -0.1748 -0.9845
vn -0.9324 0.1197 0.3411
vn 0.0299 -0.1758 -0.9840
vn 0.0706 -0.1779 -0.9815
vn -0.0438 -0.1711 -0.9843
vn -0.0005 -0.1740 -0.9848
vn -0.8326 -0.0445 -0.5521
vn 0.0499 -0.5025 -0.8631
vn -0.0645 -0.4966 -0.8656
vn -0.0213 -0.4996 -0.8660
vn -0.8442 -0.2271 -0.4855
vn 0.1986 -0.5002 -0.8428
vn -0.0220 -0.4996 -0.8660
vn -0.8295 0.3183 0.4589
vn 0.2811 -0.4939 -0.8228
vn 0.7195 -0.3815 -0.5803
vn -0.0072 -0.5004 -0.8658
vn -0.9252 0.2325 0.3000
vn 0.0092 -0.5012 -0.8653
vn 0.2650 -0.7462 -0.6107
vn 0.7082 -0.5594 -0.4307
vn -0.0241 -0.7658 -0.6426
vn -0.9193 0.3245 0.2227
vn -0.0077 -0.7665 -0.6422
vn 0.0331 -0.7671 -0.6406
vn -0.0814 -0.7620 -0.6424
vn -0.0382 -0.7651 -0.6428
vn -0.8537 -0.3759 -0.3603
vn 0.1822 -0.7586 -0.6256
vn -0.0389 -0.7651 -0.6428
vn -0.8205 0.4590 0.3406
vn -0.8599 -0.4731 -0.1917
vn 0.1714 -0.9273 -0.3328
vn -0.0499 -0.9384 -0.3420
vn -0.8147 0.5509 0.1812
vn 0.2545 -0.9108 -0.3249
vn 0.7008 -0.6755 -0.2292
vn -0.0352 -0.9391 -0.3419
vn -0.9155 0.3845 0.1185
vn -0.0188 -0.9396 -0.3417
vn 0.0221 -0.9399 -0.3409
vn -0.0925 -0.9352 -0.3419
vn -0.0492 -0.9384 -0.3420
vn -0.0226 -0.9997 -0.0000
vn 0.0183 -0.9998 -0.0000
vn -0.0963 -0.9954 -0.0000
vn -0.0530 -0.9986 -0.0000
vn -0.8621 -0.5068 -0.0000
vn 0.1677 -0.9858 -0.0000
vn -0.0537 -0.9986 -0.0000
vn -0.8126 0.5828 -0.0000
vn 0.2509 -0.9680 -0.0000
vn 0.6982 -0.7159 -0.0000
vn -0.0390 -0.9992 -0.0000
vn -0.9142 0.4053 -0.0000
vn -0.8147 0.5509 -0.1812
vn 0.2545 -0.9108 0.3250
vn 0.7008 -0.6755 0.2292
vn -0.0352 -0.9391 0.3419
vn -0.9155 0.3845 -0.1185
vn -0.0188 -0.9396 0.3417
vn 0.0221 -0.9399 0.3409
vn -0.0925 -0.9352 0.3418
vn -0.0492 -0.9384 0.3420
vn -0.8599 -0.4731 0.1917
vn 0.1714 -0.9273 0.3328
vn -0.0499 -0.9384 0.3420
vn -0.0382 -0.7651 0.6427
vn -0.8537 -0.3759 0.3603
vn 0.1822 -0.7586 0.6255
vn -0.0389 -0.7651 0.6428
vn -0.8205 0.4590 -0.3406
vn 0.2650 -0.7462 0.6107
vn 0.7082 -0.5594 0.4307
vn -0.0241 -0.7658 0.6426
vn -0.9193 0.3245 -0.2227
vn -0.0077 -0.7665 0.6422
vn 0.0331 -0.7671 0.6406
vn -0.0814 -0.7620 0.6424
vn -0.9252 0.2325 -0.3000
vn 0.0092 -0.5012 0.8653
vn 0.0499 -0.5025 0.8631
vn -0.0645 -0.4966 0.8656
vn -0.0213 -0.4996 0.8660
vn -0.8442 -0.2271 0.4855
vn 0.1986 -0.5002 0.8428
vn -0.0220 -0.4996 0.8660
vn -0.8295 0.3183 -0.4589
vn 0.2811 -0.4939 0.8228
vn 0.7195 -0.3815 0.5803
vn -0.0072 -0.5004 0.8658
vn -0.0012 -0.1739 0.9848
vn -0.8405 0.1458 -0.5219
vn 0.3008 -0.1845 0.9357
vn 0.7334 -0.1633 0.6599
vn 0.0135 -0.1748 0.9845
vn -0.9324 0.1197 -0.3411
vn 0.0299 -0.1758 0.9840
vn 0.0706 -0.1779 0.9815
vn -0.0438 -0.1711 0.9843
vn -0.0005 -0.1740 0.9848
vn -0.8326 -0.0445 0.5521
vn 0.2188 -0.1833 0.9584
vn -0.7503 0.0401 -0.6598
vn -0.0422 0.1702 -0.9845
vn 0.9393 0.0358 0.3411
vn -0.0585 0.1684 -0.9840
vn -0.0990 0.1638 -0.9815
vn 0.0149 0.1760 -0.9843
vn -0.0282 0.1717 -0.9848
vn 0.8139 0.1812 -0.5521
vn -0.2460 0.1447 -0.9584
vn -0.0275 0.1717 -0.9848
vn 0.8530 -0.0051 0.5219
vn -0.3271 0.1323 -0.9357
vn -0.0615 0.4963 -0.8660
vn 0.7952 0.3632 -0.4855
vn -0.2784 0.4606 -0.8428
vn -0.0608 0.4964 -0.8660
vn 0.8706 -0.1772 0.4589
vn -0.3587 0.4408 -0.8228
vn -0.7726 0.2576 -0.5803
vn -0.0754 0.4947 -0.8658
vn 0.9509 -0.0767 0.3000
vn -0.0917 0.4928 -0.8653
vn -0.1322 0.4874 -0.8631
vn -0.0183 0.5005 -0.8656
vn -0.1025 0.7593 -0.6426
vn 0.9603 -0.1683 0.2227
vn -0.1188 0.7572 -0.6422
vn -0.1592 0.7512 -0.6406
vn -0.0454 0.7650 -0.6424
vn -0.0886 0.7609 -0.6428
vn 0.7800 0.5116 -0.3603
vn -0.3048 0.7182 -0.6256
vn -0.0879 0.7610 -0.6428
vn 0.8850 -0.3174 0.3406
vn -0.3845 0.6923 -0.6107
vn -0.7908 0.4349 -0.4307
vn -0.1056 0.9337 -0.3420
vn 0.8944 -0.4089 0.1812
vn -0.4013 0.8564 -0.3249
vn -0.8026 0.5507 -0.2292
vn -0.1202 0.9320 -0.3419
vn 0.9664 -0.2282 0.1185
vn -0.1365 0.9298 -0.3417
vn -0.1768 0.9233 -0.3409
vn -0.0631 0.9376 -0.3418
vn -0.1063 0.9337 -0.3420
vn 0.7701 0.6084 -0.1917
vn -0.3220 0.8863 -0.3328
vn -0.0692 0.9976 -0.0000
vn -0.1124 0.9937 -0.0000
vn 0.7667 0.6421 -0.0000
vn -0.3280 0.9447 -0.0000
vn -0.1117 0.9937 -0.0000
vn 0.8976 -0.4407 -0.0000
vn -0.4071 0.9134 -0.0000
vn -0.8068 0.5909 -0.0000
vn -0.1264 0.9920 -0.0000
vn 0.9685 -0.2490 -0.0000
vn -0.1426 0.9898 -0.0000
vn -0.1829 0.9831 -0.0000
vn -0.1202 0.9320 0.3419
vn 0.9664 -0.2282 -0.1185
vn -0.1365 0.9298 0.3418
vn -0.1768 0.9233 0.3409
vn -0.0631 0.9376 0.3418
vn -0.1063 0.9337 0.3420
vn 0.7701 0.6084 0.1917
vn -0.3220 0.8863 0.3329
vn -0.1056 0.9338 0.3420
vn 0.8944 -0.4089 -0.1812
vn -0.4013 0.8564 0.3249
vn -0.8026 0.5507 0.2292
vn -0.3048 0.7182 0.6255
vn -0.0879 0.7610 0.6428
vn 0.8850 -0.3174 -0.3406
vn -0.3844 0.6922 0.6107
vn -0.7908 0.4349 0.4307
vn -0.1025 0.7593 0.6426
vn 0.9602 -0.1684 -0.2227
vn -0.1188 0.7572 0.6422
vn -0.1592 0.7512 0.6406
vn -0.0454 0.7650 0.6424
vn -0.0886 0.7609 0.6427
vn 0.7800 0.5116 0.3603
vn -0.0183 0.5005 0.8656
vn -0.0615 0.4963 0.8660
vn 0.7952 0.3632 0.4855
vn -0.2784 0.4606 0.8428
vn -0.0608 0.4964 0.8660
vn 0.8706 -0.1772 -0.4589
vn -0.3587 0.4408 0.8228
vn -0.7726 0.2576 0.5803
vn -0.0754 0.4947 0.8658
vn 0.9509 -0.0767 -0.3000
vn -0.0917 0.4928 0.8653
vn -0.1322 0.4874 0.8631
vn -0.7503 0.0401 0.6599
vn -0.0422 0.1702 0.9845
vn 0.9393 0.0358 -0.3411
vn -0.0585 0.1684 0.9840
vn -0.0990 0.1638 0.9815
vn 0.0150 0.1760 0.9843
vn -0.0282 0.1717 0.9848
vn 0.8139 0.1812 0.5521
vn -0.2460 0.1447 0.9584
vn -0.0275 0.1717 0.9848
vn 0.8530 -0.0051 -0.5219
vn -0.3271 0.1323 0.9357
vn -0.2116 -0.1916 0.9584
vn 0.0079 -0.1737 0.9848
vn 0.8342 0.1780 -0.5219
vn -0.2935 -0.1959 0.9357
vn -0.7266 -0.1914 0.6599
vn -0.0068 -0.1752 0.9845
vn 0.9271 0.1554 -0.3411
vn -0.0231 -0.1768 0.9840
vn -0.0637 -0.1805 0.9815
vn 0.0503 -0.1693 0.9843
vn 0.0072 -0.1738 0.9848
vn 0.8337 -0.0124 0.5521
vn -0.0306 -0.5041 0.8631
vn 0.0836 -0.4938 0.8656
vn 0.0405 -0.4984 0.8660
vn 0.8524 -0.1945 0.4855
vn -0.1792 -0.5075 0.8428
vn 0.0412 -0.4984 0.8660
vn 0.8166 0.3500 -0.4589
vn -0.2618 -0.5044 0.8228
vn -0.7043 -0.4089 0.5803
vn 0.0265 -0.4997 0.8658
vn 0.9156 0.2679 -0.3000
vn 0.0101 -0.5012 0.8653
vn -0.2361 -0.7558 0.6107
vn -0.6862 -0.5863 0.4307
vn 0.0536 -0.7643 0.6426
vn 0.9062 0.3596 -0.2227
vn 0.0372 -0.7656 0.6423
vn -0.0035 -0.7678 0.6406
vn 0.1107 -0.7583 0.6424
vn 0.0676 -0.7631 0.6428
vn 0.8676 -0.3428 0.3603
vn -0.1528 -0.7651 0.6256
vn 0.0683 -0.7630 0.6428
vn 0.8023 0.4903 -0.3406
vn 0.8775 -0.4396 0.1917
vn -0.1356 -0.9332 0.3329
vn 0.0860 -0.9358 0.3420
vn 0.7929 0.5818 -0.1813
vn -0.2193 -0.9200 0.3250
vn -0.6743 -0.7020 0.2292
vn 0.0713 -0.9370 0.3419
vn 0.9000 0.4194 -0.1185
vn 0.0549 -0.9382 0.3417
vn 0.0141 -0.9400 0.3409
vn 0.1284 -0.9310 0.3418
vn 0.0853 -0.9358 0.3420
vn 0.0611 -0.9981 -0.0000
vn 0.0202 -0.9998 -0.0000
vn 0.1345 -0.9909 -0.0000
vn 0.0914 -0.9958 -0.0000
vn 0.8809 -0.4733 -0.0000
vn -0.1296 -0.9916 -0.0000
vn 0.0921 -0.9957 -0.0000
vn 0.7896 0.6136 -0.0000
vn -0.2134 -0.9770 -0.0000
vn -0.6702 -0.7422 -0.0000
vn 0.0774 -0.9970 -0.0000
vn 0.8979 0.4402 -0.0000
vn 0.7929 0.5818 0.1812
vn -0.2193 -0.9200 -0.3250
vn -0.6743 -0.7020 -0.2292
vn 0.0713 -0.9370 -0.3419
vn 0.9000 0.4194 0.1185
vn 0.0549 -0.9382 -0.3417
vn 0.0141 -0.9400 -0.3409
vn 0.1284 -0.9309 -0.3419
vn 0.0853 -0.9358 -0.3420
vn 0.8775 -0.4396 -0.1917
vn -0.1356 -0.9332 -0.3328
vn 0.0860 -0.9358 -0.3420
vn 0.0676 -0.7631 -0.6428
vn 0.8676 -0.3428 -0.3603
vn -0.1528 -0.7651 -0.6255
vn 0.0683 -0.7630 -0.6427
vn 0.8023 0.4903 0.3406
vn -0.2361 -0.7558 -0.6107
vn -0.6862 -0.5863 -0.4307
vn 0.0536 -0.7643 -0.6426
vn 0.9062 0.3596 0.2227
vn 0.0372 -0.7656 -0.6423
vn -0.0036 -0.7678 -0.6406
vn 0.1107 -0.7583 -0.6424
vn 0.9156 0.2679 0.3000
vn 0.0101 -0.5012 -0.8653
vn -0.0306 -0.5041 -0.8631
vn 0.0836 -0.4938 -0.8656
vn 0.0405 -0.4984 -0.8660
vn 0.8524 -0.1944 -0.4855
vn -0.1792 -0.5075 -0.8428
vn 0.0412 -0.4984 -0.8660
vn 0.8166 0.3500 0.4589
vn -0.2619 -0.5044 -0.8228
vn -0.7043 -0.4089 -0.5803
vn 0.0265 -0.4998 -0.8658
vn 0.0079 -0.1737 -0.9848
vn 0.8343 0.1780 0.5219
vn -0.2935 -0.1959 -0.9357
vn -0.7266 -0.1914 -0.6598
vn -0.0068 -0.1752 -0.9845
vn 0.9271 0.1555 0.3411
vn -0.0231 -0.1768 -0.9840
vn -0.0637 -0.1805 -0.9815
vn 0.0503 -0.1693 -0.9843
vn 0.0072 -0.1738 -0.9848
vn 0.8337 -0.0124 -0.5521
vn -0.2116 -0.1916 -0.9584
vn 0.7431 0.1111 0.6599
vn 0.0258 0.1734 0.9845
vn -0.9385 -0.0535 -0.3411
vn 0.0422 0.1732 0.9840
vn 0.0830 0.1725 0.9815
vn -0.0316 0.1738 0.9843
vn 0.0118 0.1736 0.9848
vn -0.8274 0.1032 0.5521
vn 0.2312 0.1673 0.9584
vn 0.0111 0.1736 0.9848
vn -0.8487 -0.0860 -0.5219
vn 0.3131 0.1628 0.9357
vn 0.0141 0.4999 0.8660
vn -0.8261 0.2862 0.4855
vn 0.2335 0.4849 0.8428
vn 0.0134 0.4999 0.8660
vn -0.8499 -0.2589 -0.4589
vn 0.3153 0.4728 0.8228
vn 0.7447 0.3297 0.5803
vn 0.0282 0.4997 0.8658
vn -0.9393 -0.1665 -0.3000
vn 0.0446 0.4993 0.8653
vn 0.0853 0.4977 0.8631
vn -0.0292 0.4999 0.8656
vn 0.0301 0.7656 0.6426
vn -0.9400 -0.2587 -0.2227
vn 0.0465 0.7651 0.6422
vn 0.0872 0.7629 0.6406
vn -0.0274 0.7658 0.6424
vn 0.0160 0.7659 0.6428
vn -0.8250 0.4353 0.3603
vn 0.2353 0.7438 0.6256
vn 0.0153 0.7659 0.6428
vn -0.8509 -0.3999 -0.3406
vn 0.3171 0.7256 0.6107
vn 0.7460 0.5080 0.4307
vn 0.0165 0.9396 0.3420
vn -0.8516 -0.4919 -0.1813
vn 0.3183 0.8906 0.3249
vn 0.7468 0.6243 0.2292
vn 0.0313 0.9392 0.3419
vn -0.9404 -0.3188 -0.1185
vn 0.0477 0.9386 0.3417
vn 0.0885 0.9359 0.3409
vn -0.0261 0.9394 0.3418
vn 0.0172 0.9395 0.3420
vn -0.8243 0.5327 0.1917
vn 0.2365 0.9128 0.3328
vn -0.0257 0.9997 -0.0000
vn 0.0177 0.9998 -0.0000
vn -0.8241 0.5665 -0.0000
vn 0.2369 0.9715 -0.0000
vn 0.0170 0.9999 -0.0000
vn -0.8518 -0.5239 -0.0000
vn 0.3187 0.9479 -0.0000
vn 0.7471 0.6647 -0.0000
vn 0.0317 0.9995 -0.0000
vn -0.9405 -0.3397 -0.0000
vn 0.0481 0.9988 -0.0000
vn 0.0889 0.9960 -0.0000
vn 0.0313 0.9392 -0.3419
vn -0.9404 -0.3188 0.1185
vn 0.0477 0.9386 -0.3417
vn 0.0885 0.9359 -0.3409
vn -0.0261 0.9394 -0.3418
vn 0.0173 0.9395 -0.3420
vn -0.8243 0.5327 -0.1917
vn 0.2365 0.9128 -0.3328
vn 0.0165 0.9395 -0.3420
vn -0.8516 -0.4919 0.1812
vn 0.3183 0.8906 -0.3249
vn 0.7468 0.6243 -0.2292
vn 0.2353 0.7438 -0.6256
vn 0.0153 0.7659 -0.6428
vn -0.8509 -0.3999 0.3406
vn 0.3171 0.7256 -0.6107
vn 0.7460 0.5080 -0.4307
vn 0.0301 0.7656 -0.6426
vn -0.9400 -0.2587 0.2226
vn 0.0465 0.7651 -0.6422
vn 0.0872 0.7629 -0.6406
vn -0.0273 0.7658 -0.6425
vn 0.0160 0.7659 -0.6428
vn -0.8250 0.4353 -0.3603
vn -0.0292 0.5000 -0.8656
vn 0.0141 0.4999 -0.8660
vn -0.8261 0.2862 -0.4855
vn 0.2335 0.4849 -0.8428
vn 0.0134 0.4999 -0.8660
vn -0.8499 -0.2589 0.4589
vn 0.3153 0.4728 -0.8228
vn 0.7447 0.3297 -0.5803
vn 0.0282 0.4997 -0.8658
vn -0.9393 -0.1665 0.3000
vn 0.0446 0.4993 -0.8653
vn 0.0853 0.4977 -0.8631
vn 0.7431 0.1111 -0.6598
vn 0.0259 0.1734 -0.9845
vn -0.9385 -0.0535 0.3411
vn 0.0422 0.1732 -0.9840
vn 0.0830 0.1725 -0.9815
vn -0.0316 0.1738 -0.9843
vn 0.0118 0.1736 -0.9848
vn -0.8274 0.1032 -0.5521
vn 0.2312 0.1673 -0.9584
vn 0.0111 0.1736 -0.9848
vn -0.8487 -0.0860 0.5219
vn 0.3131 0.1628 -0.9357
vn 0.2288 -0.1706 -0.9584
vn 0.0086 -0.1737 -0.9848
vn -0.8474 0.0981 0.5219
vn 0.3107 -0.1672 -0.9357
vn 0.7415 -0.1216 -0.6598
vn 0.0234 -0.1738 -0.9845
vn -0.9376 0.0668 0.3411
vn 0.0398 -0.1738 -0.9840
vn 0.0806 -0.1736 -0.9815
vn -0.0340 -0.1733 -0.9843
vn 0.0093 -0.1737 -0.9848
vn -0.8288 -0.0914 -0.5521
vn 0.0782 -0.4989 -0.8631
vn -0.0364 -0.4995 -0.8656
vn 0.0070 -0.5000 -0.8660
vn -0.8301 -0.2744 -0.4855
vn 0.2265 -0.4882 -0.8428
vn 0.0063 -0.5000 -0.8660
vn -0.8461 0.2710 0.4589
vn 0.3085 -0.4773 -0.8228
vn 0.7399 -0.3403 -0.5803
vn 0.0211 -0.5000 -0.8658
vn -0.9368 0.1799 0.3000
vn 0.0374 -0.4999 -0.8653
vn 0.3067 -0.7300 -0.6107
vn 0.7387 -0.5186 -0.4307
vn 0.0192 -0.7660 -0.6426
vn -0.9362 0.2720 0.2227
vn 0.0355 -0.7657 -0.6423
vn 0.0763 -0.7640 -0.6406
vn -0.0383 -0.7654 -0.6424
vn 0.0051 -0.7661 -0.6428
vn -0.8311 -0.4235 -0.3603
vn 0.2247 -0.7471 -0.6255
vn 0.0044 -0.7661 -0.6427
vn -0.8451 0.4120 0.3406
vn -0.8318 -0.5209 -0.1917
vn 0.2235 -0.9161 -0.3328
vn 0.0031 -0.9397 -0.3420
vn -0.8445 0.5040 0.1812
vn 0.3055 -0.8950 -0.3250
vn 0.7378 -0.6349 -0.2292
vn 0.0179 -0.9396 -0.3419
vn -0.9357 0.3322 0.1185
vn 0.0343 -0.9392 -0.3417
vn 0.0751 -0.9371 -0.3409
vn -0.0395 -0.9389 -0.3418
vn 0.0039 -0.9397 -0.3420
vn 0.0339 -0.9994 -0.0000
vn 0.0747 -0.9972 -0.0000
vn -0.0399 -0.9992 -0.0000
vn 0.0034 -1.0000 -0.0000
vn -0.8321 -0.5547 -0.0000
vn 0.2231 -0.9748 -0.0000
vn 0.0027 -1.0000 -0.0000
vn -0.8442 0.5360 -0.0000
vn 0.3051 -0.9523 -0.0000
vn 0.7375 -0.6753 -0.0000
vn 0.0175 -0.9998 -0.0000
vn -0.9356 0.3531 -0.0000
vn -0.8445 0.5040 -0.1812
vn 0.3055 -0.8950 0.3250
vn 0.7378 -0.6349 0.2292
vn 0.0179 -0.9396 0.3419
vn -0.9357 0.3322 -0.1185
vn 0.0343 -0.9392 0.3418
vn 0.0751 -0.9371 0.3409
vn -0.0395 -0.9389 0.3418
vn 0.0038 -0.9397 0.3420
vn -0.8318 -0.5209 0.1917
vn 0.2235 -0.9161 0.3328
vn 0.0031 -0.9397 0.3420
vn 0.0051 -0.7661 0.6427
vn -0.8311 -0.4235 0.3603
vn 0.2247 -0.7471 0.6256
vn 0.0044 -0.7661 0.6428
vn -0.8451 0.4120 -0.3406
vn 0.3067 -0.7300 0.6107
vn 0.7387 -0.5186 0.4307
vn 0.0191 -0.7660 0.6426
vn -0.9362 0.2720 -0.2227
vn 0.0355 -0.7657 0.6422
vn 0.0763 -0.7640 0.6406
vn -0.0383 -0.7654 0.6424
vn -0.9368 0.1799 -0.3000
vn 0.0374 -0.4999 0.8653
vn 0.0782 -0.4989 0.8631
vn -0.0364 -0.4995 0.8656
vn 0.0070 -0.5000 0.8660
vn -0.8301 -0.2744 0.4855
vn 0.2265 -0.4882 0.8428
vn 0.0063 -0.5000 0.8660
vn -0.8461 0.2710 -0.4589
vn 0.3085 -0.4773 0.8228
vn 0.7399 -0.3403 0.5803
vn 0.0210 -0.5000 0.8658
vn 0.0086 -0.1737 0.9848
vn -0.8474 0.0981 -0.5219
vn 0.3107 -0.1672 0.9357
vn 0.7415 -0.1216 0.6598
vn 0.0234 -0.1738 0.9845
vn -0.9376 0.0668 -0.3411
vn 0.0398 -0.1738 0.9840
vn 0.0806 -0.1736 0.9815
vn -0.0340 -0.1733 0.9843
vn 0.0093 -0.1737 0.9848
vn -0.8288 -0.0914 0.5521
vn 0.2288 -0.1706 0.9584
vn -0.7399 0.1308 -0.6598
vn -0.0212 0.1740 -0.9845
vn 0.9367 -0.0784 0.3411
vn -0.0376 0.1743 -0.9840
vn -0.0784 0.1746 -0.9815
vn 0.0362 0.1729 -0.9843
vn -0.0072 0.1738 -0.9848
vn 0.8298 0.0812 -0.5521
vn -0.2267 0.1734 -0.9584
vn -0.0065 0.1738 -0.9848
vn 0.8461 -0.1085 0.5219
vn -0.3086 0.1710 -0.9357
vn -0.0008 0.5001 -0.8660
vn 0.8334 0.2641 -0.4855
vn -0.2205 0.4910 -0.8428
vn -0.0001 0.5001 -0.8660
vn 0.8427 -0.2814 0.4589
vn -0.3026 0.4810 -0.8228
vn -0.7357 0.3494 -0.5803
vn -0.0149 0.5002 -0.8658
vn 0.9345 -0.1915 0.3000
vn -0.0313 0.5003 -0.8653
vn -0.0721 0.4998 -0.8631
vn 0.0425 0.4990 -0.8656
vn -0.0097 0.7661 -0.6426
vn 0.9327 -0.2836 0.2227
vn -0.0261 0.7661 -0.6422
vn -0.0669 0.7649 -0.6406
vn 0.0477 0.7648 -0.6424
vn 0.0044 0.7661 -0.6427
vn 0.8363 0.4132 -0.3603
vn -0.2154 0.7499 -0.6255
vn 0.0051 0.7661 -0.6427
vn 0.8400 -0.4224 0.3406
vn -0.2977 0.7338 -0.6107
vn -0.7322 0.5276 -0.4307
vn 0.0085 0.9397 -0.3420
vn 0.8382 -0.5144 0.1812
vn -0.2944 0.8987 -0.3250
vn -0.7299 0.6440 -0.2292
vn -0.0063 0.9397 -0.3419
vn 0.9316 -0.3437 0.1185
vn -0.0227 0.9395 -0.3417
vn -0.0635 0.9380 -0.3409
vn 0.0511 0.9384 -0.3418
vn 0.0078 0.9397 -0.3420
vn 0.8382 0.5105 -0.1917
vn -0.2122 0.9188 -0.3328
vn 0.0523 0.9986 -0.0000
vn 0.0089 1.0000 -0.0000
vn 0.8389 0.5443 -0.0000
vn -0.2110 0.9775 -0.0000
vn 0.0096 1.0000 -0.0000
vn 0.8376 -0.5463 -0.0000
vn -0.2933 0.9560 -0.0000
vn -0.7291 0.6844 -0.0000
vn -0.0051 1.0000 -0.0000
vn 0.9312 -0.3646 -0.0000
vn -0.0215 0.9998 -0.0000
vn -0.0624 0.9981 -0.0000
vn -0.0063 0.9397 0.3419
vn 0.9316 -0.3437 -0.1185
vn -0.0227 0.9395 0.3417
vn -0.0635 0.9380 0.3409
vn 0.0511 0.9384 0.3418
vn 0.0078 0.9397 0.3420
vn 0.8382 0.5105 0.1917
vn -0.2121 0.9188 0.3329
vn 0.0085 0.9397 0.3420
vn 0.8382 -0.5144 -0.1813
vn -0.2944 0.8987 0.3250
vn -0.7299 0.6440 0.2292
vn -0.2154 0.7498 0.6256
vn 0.0051 0.7661 0.6428
vn 0.8400 -0.4224 -0.3406
vn -0.2976 0.7338 0.6107
vn -0.7322 0.5276 0.4307
vn -0.0097 0.7662 0.6426
vn 0.9327 -0.2836 -0.2227
vn -0.0261 0.7661 0.6422
vn -0.0669 0.7649 0.6406
vn 0.0477 0.7648 0.6424
vn 0.0044 0.7661 0.6428
vn 0.8363 0.4132 0.3603
vn 0.0425 0.4990 0.8656
vn -0.0008 0.5001 0.8660
vn 0.8334 0.2641 0.4855
vn -0.2205 0.4910 0.8428
vn -0.0001 0.5001 0.8660
vn 0.8427 -0.2814 -0.4589
vn -0.3026 0.4810 0.8228
vn -0.7357 0.3494 0.5803
vn -0.0149 0.5002 0.8658
vn 0.9345 -0.1914 -0.3000
vn -0.0313 0.5003 0.8653
vn -0.0721 0.4998 0.8631
vn -0.7399 0.1308 0.6599
vn -0.0212 0.1740 0.9845
vn 0.9367 -0.0784 -0.3411
vn -0.0376 0.1743 0.9840
vn -0.0784 0.1746 0.9815
vn 0.0362 0.1729 0.9843
vn -0.0072 0.1738 0.9848
vn 0.8298 0.0812 0.5521
vn -0.2267 0.1734 0.9584
vn -0.0065 0.1738 0.9848
vn 0.8461 -0.1085 -0.5219
vn -0.3086 0.1710 0.9357
vn -0.2333 -0.1645 0.9584
vn -0.0132 -0.1734 0.9848
vn 0.8497 0.0755 -0.5219
vn -0.3150 -0.1589 0.9357
vn -0.7445 -0.1019 0.6599
vn -0.0280 -0.1731 0.9845
vn 0.9391 0.0419 -0.3411
vn -0.0444 -0.1727 0.9840
vn -0.0851 -0.1714 0.9815
vn 0.0294 -0.1742 0.9843
vn -0.0139 -0.1734 0.9848
vn 0.8260 -0.1135 0.5521
vn -0.0915 -0.4966 0.8631
vn 0.0231 -0.5003 0.8656
vn -0.0203 -0.4997 0.8660
vn 0.8225 -0.2964 0.4855
vn -0.2395 -0.4820 0.8428
vn -0.0196 -0.4997 0.8660
vn 0.8530 0.2484 -0.4589
vn -0.3211 -0.4689 0.8228
vn -0.7487 -0.3205 0.5803
vn -0.0343 -0.4993 0.8658
vn 0.9413 0.1549 -0.3000
vn -0.0507 -0.4987 0.8653
vn -0.3260 -0.7216 0.6107
vn -0.7522 -0.4987 0.4307
vn -0.0395 -0.7652 0.6426
vn 0.9431 0.2470 -0.2227
vn -0.0559 -0.7645 0.6422
vn -0.0967 -0.7617 0.6406
vn 0.0179 -0.7661 0.6425
vn -0.0255 -0.7657 0.6427
vn 0.8196 -0.4455 0.3603
vn -0.2445 -0.7409 0.6256
vn -0.0248 -0.7657 0.6428
vn 0.8558 0.3893 -0.3406
vn 0.8177 -0.5428 0.1917
vn -0.2478 -0.9098 0.3329
vn -0.0282 -0.9393 0.3420
vn 0.8576 0.4813 -0.1813
vn -0.3292 -0.8866 0.3250
vn -0.7545 -0.6150 0.2292
vn -0.0429 -0.9387 0.3419
vn 0.9443 0.3072 -0.1185
vn -0.0593 -0.9379 0.3417
vn -0.1000 -0.9348 0.3409
vn 0.0145 -0.9396 0.3418
vn -0.0289 -0.9393 0.3420
vn -0.0605 -0.9982 -0.0000
vn -0.1012 -0.9949 -0.0000
vn 0.0133 -0.9999 -0.0000
vn -0.0300 -0.9995 -0.0000
vn 0.8170 -0.5766 -0.0000
vn -0.2489 -0.9685 -0.0000
vn -0.0293 -0.9996 -0.0000
vn 0.8582 0.5133 -0.0000
vn -0.3304 -0.9439 -0.0000
vn -0.7552 -0.6554 -0.0000
vn -0.0441 -0.9990 -0.0000
vn 0.9447 0.3280 -0.0000
vn 0.8576 0.4814 0.1812
vn -0.3292 -0.8866 -0.3250
vn -0.7545 -0.6150 -0.2292
vn -0.0429 -0.9388 -0.3419
vn 0.9443 0.3072 0.1185
vn -0.0593 -0.9379 -0.3417
vn -0.1000 -0.9348 -0.3409
vn 0.0145 -0.9396 -0.3418
vn -0.0289 -0.9393 -0.3420
vn 0.8177 -0.5428 -0.1917
vn -0.2478 -0.9098 -0.3329
vn -0.0282 -0.9393 -0.3420
vn -0.0255 -0.7656 -0.6428
vn 0.8196 -0.4455 -0.3603
vn -0.2445 -0.7409 -0.6256
vn -0.0248 -0.7657 -0.6428
vn 0.8558 0.3893 0.3406
vn -0.3260 -0.7216 -0.6107
vn -0.7522 -0.4987 -0.4307
vn -0.0395 -0.7652 -0.6426
vn 0.9431 0.2470 0.2226
vn -0.0559 -0.7645 -0.6422
vn -0.0967 -0.7617 -0.6406
vn 0.0179 -0.7661 -0.6424
vn 0.9413 0.1549 0.3000
vn -0.0507 -0.4987 -0.8653
vn -0.0915 -0.4966 -0.8631
vn 0.0231 -0.5003 -0.8656
vn -0.0203 -0.4997 -0.8660
vn 0.8225 -0.2964 -0.4855
vn -0.2395 -0.4820 -0.8428
vn -0.0196 -0.4997 -0.8660
vn 0.8531 0.2484 0.4589
vn -0.3211 -0.4689 -0.8228
vn -0.7487 -0.3205 -0.5803
vn -0.0344 -0.4993 -0.8658
vn -0.0132 -0.1734 -0.9848
vn 0.8497 0.0755 0.5219
vn -0.3151 -0.1589 -0.9357
vn -0.7445 -0.1019 -0.6598
vn -0.0280 -0.1731 -0.9845
vn 0.9391 0.0419 0.3411
vn -0.0444 -0.1727 -0.9840
vn -0.0852 -0.1714 -0.9815
vn 0.0294 -0.1742 -0.9843
vn -0.0139 -0.1734 -0.9848
vn 0.8260 -0.1135 -0.5521
vn -0.2333 -0.1645 -0.9584
vn 0.7339 0.1612 0.6599
vn 0.0140 0.1748 0.9845
vn -0.9327 -0.1170 -0.3411
vn 0.0304 0.1757 0.9840
vn 0.0711 0.1777 0.9815
vn -0.0433 0.1712 0.9843
vn -0.0000 0.1740 0.9848
vn -0.8325 0.0469 0.5521
vn 0.2193 0.1826 0.9584
vn -0.0007 0.1739 0.9848
vn -0.8409 -0.1433 -0.5219
vn 0.3013 0.1836 0.9357
vn -0.0198 0.4997 0.8660
vn -0.8436 0.2295 0.4855
vn 0.2000 0.4997 0.8428
vn -0.0205 0.4997 0.8660
vn -0.8304 -0.3160 -0.4589
vn 0.2825 0.4931 0.8228
vn 0.7206 0.3795 0.5803
vn -0.0058 0.5004 0.8658
vn -0.9258 -0.2298 -0.3000
vn 0.0106 0.5011 0.8653
vn 0.0514 0.5024 0.8631
vn -0.0631 0.4968 0.8656
vn -0.0219 0.7659 0.6426
vn -0.9202 -0.3218 -0.2227
vn -0.0056 0.7665 0.6423
vn 0.0353 0.7670 0.6406
vn -0.0792 0.7622 0.6424
vn -0.0360 0.7652 0.6427
vn -0.8526 0.3784 0.3603
vn 0.1843 0.7581 0.6256
vn -0.0367 0.7652 0.6428
vn -0.8218 -0.4567 -0.3406
vn 0.2671 0.7454 0.6107
vn 0.7098 0.5574 0.4307
vn -0.0472 0.9385 0.3420
vn -0.8162 -0.5485 -0.1812
vn 0.2571 0.9101 0.3250
vn 0.7027 0.6735 0.2292
vn -0.0325 0.9392 0.3419
vn -0.9166 -0.3819 -0.1185
vn -0.0161 0.9397 0.3417
vn 0.0248 0.9398 0.3409
vn -0.0898 0.9355 0.3418
vn -0.0465 0.9386 0.3420
vn -0.8586 0.4755 0.1917
vn 0.1741 0.9268 0.3328
vn -0.0934 0.9956 -0.0000
vn -0.0502 0.9987 -0.0000
vn -0.8606 0.5093 -0.0000
vn 0.1705 0.9854 -0.0000
vn -0.0509 0.9987 -0.0000
vn -0.8143 -0.5804 -0.0000
vn 0.2536 0.9673 -0.0000
vn 0.7003 0.7139 -0.0000
vn -0.0361 0.9993 -0.0000
vn -0.9153 -0.4027 -0.0000
vn -0.0197 0.9998 -0.0000
vn 0.0211 0.9998 -0.0000
vn -0.0325 0.9392 -0.3419
vn -0.9166 -0.3819 0.1185
vn -0.0161 0.9397 -0.3417
vn 0.0248 0.9398 -0.3409
vn -0.0898 0.9355 -0.3418
vn -0.0465 0.9385 -0.3420
vn -0.8586 0.4755 -0.1917
vn 0.1741 0.9268 -0.3329
vn -0.0472 0.9385 -0.3420
vn -0.8162 -0.5485 0.1812
vn 0.2571 0.9101 -0.3250
vn 0.7027 0.6735 -0.2292
vn 0.1843 0.7581 -0.6255
vn -0.0367 0.7652 -0.6428
vn -0.8218 -0.4567 0.3406
vn 0.2671 0.7454 -0.6107
vn 0.7098 0.5574 -0.4307
vn -0.0219 0.7659 -0.6426
vn -0.9202 -0.3218 0.2227
vn -0.0056 0.7665 -0.6422
vn 0.0353 0.7670 -0.6406
vn -0.0792 0.7622 -0.6424
vn -0.0360 0.7652 -0.6428
vn -0.8526 0.3784 -0.3603
vn -0.0631 0.4968 -0.8656
vn -0.0198 0.4997 -0.8660
vn -0.8436 0.2295 -0.4855
vn 0.2000 0.4997 -0.8428
vn -0.0205 0.4996 -0.8660
vn -0.8304 -0.3160 0.4589
vn 0.2825 0.4931 -0.8228
vn 0.7206 0.3795 -0.5803
vn -0.0058 0.5004 -0.8658
vn -0.9258 -0.2298 0.3000
vn 0.0106 0.5011 -0.8653
vn 0.0514 0.5024 -0.8631
vn 0.7339 0.1612 -0.6598
vn 0.0140 0.1748 -0.9845
vn -0.9327 -0.1170 0.3411
vn 0.0304 0.1757 -0.9840
vn 0.0711 0.1777 -0.9815
vn -0.0433 0.1712 -0.9843
vn -0.0000 0.1740 -0.9848
vn -0.8325 0.0469 -0.5521
vn 0.2193 0.1826 -0.9584
vn -0.0007 0.1739 -0.9848
vn -0.8409 -0.1433 0.5219
vn 0.3013 0.1836 -0.9357
vn 0.2399 -0.1547 -0.9584
vn 0.0204 -0.1727 -0.9848
vn -0.8521 0.0404 0.5219
vn 0.3213 -0.1457 -0.9357
vn 0.7480 -0.0711 -0.6599
vn 0.0351 -0.1718 -0.9845
vn -0.9400 0.0031 0.3411
vn 0.0515 -0.1707 -0.9840
vn 0.0922 -0.1678 -0.9815
vn -0.0222 -0.1752 -0.9843
vn 0.0211 -0.1727 -0.9848
vn -0.8207 -0.1475 -0.5521
vn 0.1119 -0.4924 -0.8631
vn -0.0024 -0.5008 -0.8656
vn 0.0409 -0.4984 -0.8660
vn -0.8095 -0.3301 -0.4855
vn 0.2591 -0.4717 -0.8428
vn 0.0402 -0.4985 -0.8660
vn -0.8626 0.2130 0.4589
vn 0.3402 -0.4552 -0.8228
vn 0.7613 -0.2893 -0.5803
vn 0.0549 -0.4974 -0.8658
vn -0.9469 0.1159 0.3000
vn 0.0713 -0.4962 -0.8653
vn 0.3555 -0.7075 -0.6107
vn 0.7721 -0.4672 -0.4307
vn 0.0711 -0.7629 -0.6426
vn -0.9525 0.2079 0.2226
vn 0.0874 -0.7615 -0.6422
vn 0.1280 -0.7571 -0.6406
vn 0.0137 -0.7662 -0.6424
vn 0.0570 -0.7639 -0.6428
vn -0.8005 -0.4789 -0.3603
vn 0.2749 -0.7302 -0.6255
vn 0.0563 -0.7640 -0.6428
vn -0.8711 0.3537 0.3406
vn -0.7946 -0.5761 -0.1917
vn 0.2851 -0.8988 -0.3329
vn 0.0669 -0.9373 -0.3420
vn -0.8767 0.4456 0.1812
vn 0.3655 -0.8722 -0.3249
vn 0.7792 -0.5834 -0.2292
vn 0.0816 -0.9362 -0.3419
vn -0.9561 0.2679 0.1185
vn 0.0979 -0.9347 -0.3417
vn 0.1385 -0.9298 -0.3409
vn 0.0243 -0.9394 -0.3418
vn 0.0676 -0.9373 -0.3420
vn 0.1016 -0.9948 -0.0000
vn 0.1422 -0.9898 -0.0000
vn 0.0279 -0.9996 -0.0000
vn 0.0713 -0.9975 -0.0000
vn -0.7925 -0.6098 -0.0000
vn 0.2887 -0.9574 -0.0000
vn 0.0705 -0.9975 -0.0000
vn -0.8787 0.4775 -0.0000
vn 0.3690 -0.9294 -0.0000
vn 0.7816 -0.6237 -0.0000
vn 0.0853 -0.9964 -0.0000
vn -0.9574 0.2888 -0.0000
vn -0.8767 0.4456 -0.1812
vn 0.3655 -0.8722 0.3250
vn 0.7792 -0.5834 0.2292
vn 0.0816 -0.9362 0.3419
vn -0.9561 0.2679 -0.1185
vn 0.0979 -0.9347 0.3417
vn 0.1385 -0.9298 0.3409
vn 0.0243 -0.9394 0.3418
vn 0.0676 -0.9373 0.3420
vn -0.7946 -0.5761 0.1917
vn 0.2851 -0.8988 0.3329
vn 0.0669 -0.9373 0.3420
vn 0.0570 -0.7639 0.6428
vn -0.8005 -0.4789 0.3603
vn 0.2749 -0.7302 0.6255
vn 0.0563 -0.7640 0.6428
vn -0.8711 0.3537 -0.3406
vn 0.3555 -0.7075 0.6107
vn 0.7721 -0.4672 0.4307
vn 0.0711 -0.7629 0.6426
vn -0.9525 0.2079 -0.2227
vn 0.0874 -0.7615 0.6422
vn 0.1280 -0.7571 0.6406
vn 0.0137 -0.7662 0.6424
vn -0.9469 0.1159 -0.3000
vn 0.0713 -0.4962 0.8653
vn 0.1119 -0.4924 0.8631
vn -0.0024 -0.5008 0.8656
vn 0.0409 -0.4984 0.8660
vn -0.8096 -0.3301 0.4855
vn 0.2591 -0.4717 0.8428
vn 0.0402 -0.4985 0.8660
vn -0.8626 0.2130 -0.4589
vn 0.3402 -0.4552 0.8228
vn 0.7613 -0.2893 0.5803
vn 0.0549 -0.4974 0.8658
vn 0.0204 -0.1727 0.9848
vn -0.8521 0.0404 -0.5219
vn 0.3213 -0.1457 0.9357
vn 0.7480 -0.0711 0.6599
vn 0.0351 -0.1718 0.9845
vn -0.9400 0.0031 -0.3411
vn 0.0515 -0.1707 0.9840
vn 0.0921 -0.1678 0.9815
vn -0.0222 -0.1752 0.9843
vn 0.0211 -0.1727 0.9848
vn -0.8207 -0.1474 0.5521
vn 0.2399 -0.1547 0.9584
vn -0.7490 0.0598 -0.6598
vn -0.0377 0.1712 -0.9845
vn 0.9400 0.0111 0.3411
vn -0.0540 0.1699 -0.9840
vn -0.0947 0.1664 -0.9815
vn 0.0196 0.1755 -0.9843
vn -0.0237 0.1723 -0.9848
vn 0.8183 0.1598 -0.5521
vn -0.2422 0.1511 -0.9584
vn -0.0230 0.1724 -0.9848
vn 0.8526 -0.0275 0.5219
vn -0.3235 0.1409 -0.9357
vn -0.0484 0.4977 -0.8660
vn 0.8045 0.3422 -0.4855
vn -0.2662 0.4678 -0.8428
vn -0.0477 0.4978 -0.8660
vn 0.8657 -0.2000 0.4589
vn -0.3470 0.4501 -0.8228
vn -0.7656 0.2778 -0.5803
vn -0.0624 0.4965 -0.8658
vn 0.9485 -0.1016 0.3000
vn -0.0787 0.4950 -0.8653
vn -0.1193 0.4907 -0.8631
vn -0.0052 0.5008 -0.8656
vn -0.0826 0.7617 -0.6426
vn 0.9555 -0.1935 0.2227
vn -0.0989 0.7601 -0.6423
vn -0.1394 0.7551 -0.6406
vn -0.0253 0.7659 -0.6424
vn -0.0686 0.7630 -0.6427
vn 0.7932 0.4910 -0.3603
vn -0.2858 0.7259 -0.6256
vn -0.0679 0.7631 -0.6428
vn 0.8764 -0.3405 0.3406
vn -0.3661 0.7021 -0.6107
vn -0.7791 0.4556 -0.4307
vn -0.0810 0.9362 -0.3420
vn 0.8833 -0.4323 0.1812
vn -0.3786 0.8666 -0.3250
vn -0.7879 0.5716 -0.2292
vn -0.0957 0.9348 -0.3419
vn 0.9601 -0.2535 0.1185
vn -0.1120 0.9331 -0.3417
vn -0.1525 0.9277 -0.3409
vn -0.0384 0.9390 -0.3418
vn -0.0817 0.9361 -0.3420
vn 0.7858 0.5880 -0.1917
vn -0.2986 0.8944 -0.3328
vn -0.0430 0.9991 -0.0000
vn -0.0863 0.9963 -0.0000
vn 0.7832 0.6217 -0.0000
vn -0.3031 0.9530 -0.0000
vn -0.0856 0.9963 -0.0000
vn 0.8858 -0.4641 -0.0000
vn -0.3830 0.9238 -0.0000
vn -0.7910 0.6119 -0.0000
vn -0.1003 0.9950 -0.0000
vn 0.9616 -0.2743 -0.0000
vn -0.1166 0.9932 -0.0000
vn -0.1571 0.9876 -0.0000
vn -0.0957 0.9348 0.3419
vn 0.9601 -0.2535 -0.1185
vn -0.1120 0.9331 0.3417
vn -0.1525 0.9277 0.3409
vn -0.0384 0.9390 0.3418
vn -0.0817 0.9361 0.3420
vn 0.7858 0.5880 0.1917
vn -0.2986 0.8944 0.3328
vn -0.0810 0.9362 0.3420
vn 0.8833 -0.4323 -0.1812
vn -0.3786 0.8666 0.3250
vn -0.7879 0.5716 0.2292
vn -0.2858 0.7259 0.6256
vn -0.0679 0.7631 0.6428
vn 0.8764 -0.3405 -0.3406
vn -0.3661 0.7021 0.6107
vn -0.7791 0.4556 0.4307
vn -0.0826 0.7617 0.6426
vn 0.9555 -0.1935 -0.2227
vn -0.0989 0.7601 0.6423
vn -0.1394 0.7551 0.6406
vn -0.0253 0.7659 0.6424
vn -0.0686 0.7630 0.6427
vn 0.7932 0.4909 0.3603
vn -0.0051 0.5008 0.8656
vn -0.0484 0.4977 0.8660
vn 0.8045 0.3422 0.4855
vn -0.2662 0.4678 0.8428
vn -0.0477 0.4978 0.8660
vn 0.8657 -0.2000 -0.4589
vn -0.3470 0.4501 0.8228
vn -0.7656 0.2778 0.5803
vn -0.0624 0.4965 0.8658
vn 0.9485 -0.1016 -0.3000
vn -0.0787 0.4950 0.8653
vn -0.1193 0.4907 0.8631
vn -0.7490 0.0598 0.6599
vn -0.0377 0.1712 0.9845
vn 0.9400 0.0111 -0.3411
vn -0.0540 0.1699 0.9840
vn -0.0947 0.1664 0.9815
vn 0.0196 0.1755 0.9843
vn -0.0237 0.1723 0.9848
vn 0.8183 0.1598 0.5521
vn -0.2422 0.1511 0.9584
vn -0.0230 0.1724 0.9848
vn 0.8526 -0.0275 -0.5219
vn -0.3235 0.1409 0.9357
vn -0.2165 -0.1859 0.9584
vn 0.0033 -0.1739 0.9848
vn 0.8386 0.1560 -0.5219
vn -0.2985 -0.1881 0.9357
vn -0.7314 -0.1723 0.6599
vn -0.0114 -0.1750 0.9845
vn 0.9308 0.1311 -0.3411
vn -0.0277 -0.1761 0.9840
vn -0.0684 -0.1788 0.9815
vn 0.0459 -0.1706 0.9843
vn 0.0026 -0.1739 0.9848
vn 0.8331 -0.0343 0.5521
vn -0.0438 -0.5031 0.8631
vn 0.0706 -0.4958 0.8656
vn 0.0274 -0.4993 0.8660
vn 0.8470 -0.2167 0.4855
vn -0.1925 -0.5026 0.8428
vn 0.0281 -0.4993 0.8660
vn 0.8255 0.3285 -0.4589
vn -0.2750 -0.4973 0.8228
vn -0.7148 -0.3903 0.5803
vn 0.0133 -0.5003 0.8658
vn 0.9223 0.2438 -0.3000
vn -0.0030 -0.5012 0.8653
vn -0.2558 -0.7494 0.6107
vn -0.7013 -0.5680 0.4307
vn 0.0335 -0.7655 0.6426
vn 0.9153 0.3357 -0.2227
vn 0.0171 -0.7663 0.6422
vn -0.0237 -0.7675 0.6406
vn 0.0907 -0.7609 0.6424
vn 0.0475 -0.7646 0.6428
vn 0.8583 -0.3654 0.3603
vn -0.1729 -0.7608 0.6256
vn 0.0482 -0.7645 0.6428
vn 0.8149 0.4690 -0.3406
vn 0.8656 -0.4625 0.1917
vn -0.1601 -0.9293 0.3328
vn 0.0614 -0.9377 0.3420
vn 0.8079 0.5608 -0.1812
vn -0.2434 -0.9139 0.3250
vn -0.6925 -0.6841 0.2292
vn 0.0466 -0.9386 0.3419
vn 0.9107 0.3956 -0.1185
vn 0.0303 -0.9393 0.3417
vn -0.0106 -0.9400 0.3409
vn 0.1039 -0.9340 0.3418
vn 0.0607 -0.9377 0.3420
vn 0.0348 -0.9994 -0.0000
vn -0.0060 -1.0000 -0.0000
vn 0.1084 -0.9941 -0.0000
vn 0.0652 -0.9979 -0.0000
vn 0.8682 -0.4962 -0.0000
vn -0.1556 -0.9878 -0.0000
vn 0.0659 -0.9978 -0.0000
vn 0.8055 0.5927 -0.0000
vn -0.2390 -0.9710 -0.0000
vn -0.6894 -0.7244 -0.0000
vn 0.0512 -0.9987 -0.0000
vn 0.9091 0.4165 -0.0000
vn 0.8079 0.5608 0.1812
vn -0.2434 -0.9139 -0.3250
vn -0.6925 -0.6841 -0.2292
vn 0.0466 -0.9386 -0.3419
vn 0.9107 0.3956 0.1185
vn 0.0303 -0.9393 -0.3417
vn -0.0106 -0.9400 -0.3409
vn 0.1039 -0.9340 -0.3418
vn 0.0607 -0.9377 -0.3420
vn 0.8656 -0.4625 -0.1917
vn -0.1601 -0.9293 -0.3329
vn 0.0614 -0.9377 -0.3420
vn 0.0475 -0.7646 -0.6428
vn 0.8583 -0.3655 -0.3603
vn -0.1729 -0.7608 -0.6256
vn 0.0482 -0.7646 -0.6428
vn 0.8148 0.4690 0.3406
vn -0.2559 -0.7494 -0.6107
vn -0.7013 -0.5680 -0.4307
vn 0.0335 -0.7655 -0.6426
vn 0.9153 0.3356 0.2227
vn 0.0171 -0.7663 -0.6422
vn -0.0237 -0.7675 -0.6406
vn 0.0907 -0.7609 -0.6424
vn 0.9223 0.2438 0.3000
vn -0.0030 -0.5012 -0.8653
vn -0.0438 -0.5031 -0.8631
vn 0.0706 -0.4958 -0.8656
vn 0.0274 -0.4993 -0.8660
vn 0.8470 -0.2167 -0.4855
vn -0.1925 -0.5026 -0.8428
vn 0.0281 -0.4993 -0.8660
vn 0.8255 0.3284 0.4589
vn -0.2750 -0.4973 -0.8228
vn -0.7148 -0.3903 -0.5803
vn 0.0133 -0.5003 -0.8658
vn 0.0033 -0.1739 -0.9848
vn 0.8386 0.1560 0.5219
vn -0.2985 -0.1881 -0.9357
vn -0.7314 -0.1723 -0.6598
vn -0.0114 -0.1750 -0.9845
vn 0.9308 0.1310 0.3411
vn -0.0277 -0.1761 -0.9840
vn -0.0684 -0.1788 -0.9815
vn 0.0459 -0.1706 -0.9843
vn 0.0026 -0.1739 -0.9848
vn 0.8331 -0.0343 -0.5521
vn -0.2166 -0.1859 -0.9584
vn 0.7298 0.1789 0.6599
vn 0.0098 0.1751 0.9845
vn -0.9296 -0.1395 -0.3411
vn 0.0261 0.1764 0.9840
vn 0.0668 0.1794 0.9815
vn -0.0474 0.1701 0.9843
vn -0.8334 0.0267 0.5521
vn 0.2148 0.1879 0.9584
vn -0.0049 0.1738 0.9848
vn -0.8372 -0.1636 -0.5219
vn 0.2968 0.1908 0.9357
vn -0.0319 0.4991 0.8660
vn -0.8489 0.2090 0.4855
vn 0.1879 0.5044 0.8428
vn -0.0326 0.4990 0.8660
vn -0.8225 -0.3360 -0.4589
vn 0.2705 0.4998 0.8228
vn 0.7112 0.3968 0.5803
vn -0.0179 0.5001 0.8658
vn -0.9200 -0.2522 -0.3000
vn -0.0015 0.5013 0.8653
vn 0.0392 0.5035 0.8631
vn -0.0751 0.4951 0.8656
vn -0.0404 0.7651 0.6426
vn -0.9122 -0.3440 -0.2227
vn -0.0241 0.7661 0.6422
vn 0.0167 0.7677 0.6406
vn -0.0976 0.7601 0.6424
vn -0.0545 0.7641 0.6428
vn -0.8615 0.3576 0.3603
vn 0.1659 0.7623 0.6256
vn -0.0552 0.7641 0.6428
vn -0.8105 -0.4764 -0.3406
vn 0.2490 0.7517 0.6107
vn 0.6961 0.5744 0.4307
vn -0.0699 0.9371 0.3420
vn -0.8027 -0.5681 -0.1812
vn 0.2350 0.9161 0.3250
vn 0.6862 0.6903 0.2292
vn -0.0552 0.9381 0.3419
vn -0.9071 -0.4039 -0.1185
vn -0.0388 0.9390 0.3417
vn 0.0020 0.9401 0.3409
vn -0.1124 0.9330 0.3418
vn -0.0692 0.9371 0.3420
vn -0.8698 0.4546 0.1917
vn 0.1516 0.9307 0.3329
vn -0.1175 0.9931 -0.0000
vn -0.0743 0.9972 -0.0000
vn -0.8727 0.4883 -0.0000
vn 0.1466 0.9892 -0.0000
vn -0.0750 0.9972 -0.0000
vn -0.8000 -0.6000 -0.0000
vn 0.2302 0.9732 -0.0000
vn 0.6828 0.7306 -0.0000
vn -0.0603 0.9982 -0.0000
vn -0.9053 -0.4247 -0.0000
vn -0.0439 0.9990 -0.0000
vn -0.0031 1.0000 -0.0000
vn -0.0552 0.9381 -0.3419
vn -0.9071 -0.4039 0.1185
vn -0.0388 0.9390 -0.3417
vn 0.0020 0.9401 -0.3409
vn -0.1124 0.9330 -0.3418
vn -0.0692 0.9371 -0.3420
vn -0.8698 0.4546 -0.1917
vn 0.1516 0.9307 -0.3328
vn -0.0699 0.9371 -0.3420
vn -0.8027 -0.5681 0.1812
vn 0.2350 0.9161 -0.3250
vn 0.6862 0.6903 -0.2292
vn 0.1659 0.7623 -0.6255
vn -0.0552 0.7641 -0.6428
vn -0.8105 -0.4764 0.3406
vn 0.2490 0.7517 -0.6107
vn 0.6961 0.5744 -0.4307
vn -0.0404 0.7651 -0.6426
vn -0.9122 -0.3440 0.2226
vn -0.0241 0.7661 -0.6422
vn 0.0167 0.7677 -0.6406
vn -0.0976 0.7601 -0.6424
vn -0.0545 0.7641 -0.6427
vn -0.8615 0.3576 -0.3603
vn -0.0751 0.4951 -0.8656
vn -0.0319 0.4991 -0.8660
vn -0.8489 0.2090 -0.4855
vn 0.1879 0.5044 -0.8428
vn -0.0326 0.4990 -0.8660
vn -0.8225 -0.3360 0.4589
vn 0.2705 0.4998 -0.8228
vn 0.7112 0.3968 -0.5803
vn -0.0179 0.5001 -0.8658
vn -0.9200 -0.2522 0.3000
vn -0.0015 0.5013 -0.8653
vn 0.0392 0.5035 -0.8631
vn 0.7298 0.1789 -0.6598
vn 0.0098 0.1751 -0.9845
vn -0.9296 -0.1395 0.3411
vn 0.0261 0.1764 -0.9840
vn 0.0668 0.1794 -0.9815
vn -0.0474 0.1701 -0.9843
vn -0.8334 0.0267 -0.5521
vn 0.2149 0.1879 -0.9584
vn -0.0049 0.1738 -0.9848
vn -0.8372 -0.1636 0.5219
vn 0.2968 0.1909 -0.9357
vn 0.2435 -0.1489 -0.9584
vn 0.0245 -0.1722 -0.9848
vn -0.8528 0.0197 0.5219
vn 0.3248 -0.1379 -0.9357
vn 0.7495 -0.0529 -0.6598
vn 0.0393 -0.1709 -0.9845
vn -0.9398 -0.0197 0.3411
vn 0.0556 -0.1694 -0.9840
vn 0.0962 -0.1655 -0.9815
vn -0.0180 -0.1757 -0.9843
vn 0.0252 -0.1721 -0.9848
vn -0.8169 -0.1672 -0.5521
vn 0.1238 -0.4896 -0.8631
vn 0.0097 -0.5007 -0.8656
vn 0.0529 -0.4973 -0.8660
vn -0.8013 -0.3495 -0.4855
vn 0.2705 -0.4653 -0.8428
vn 0.0522 -0.4973 -0.8660
vn -0.8675 0.1921 0.4589
vn 0.3511 -0.4469 -0.8228
vn 0.7681 -0.2708 -0.5803
vn 0.0669 -0.4960 -0.8658
vn -0.9494 0.0930 0.3000
vn 0.0832 -0.4943 -0.8653
vn 0.3725 -0.6988 -0.6107
vn 0.7832 -0.4484 -0.4307
vn 0.0895 -0.7610 -0.6426
vn -0.9572 0.1848 0.2227
vn 0.1058 -0.7592 -0.6422
vn 0.1463 -0.7538 -0.6406
vn 0.0323 -0.7657 -0.6424
vn 0.0755 -0.7624 -0.6427
vn -0.7887 -0.4981 -0.3603
vn 0.2924 -0.7233 -0.6255
vn 0.0748 -0.7624 -0.6428
vn -0.8794 0.3325 0.3406
vn -0.7804 -0.5951 -0.1917
vn 0.3068 -0.8917 -0.3328
vn 0.0895 -0.9354 -0.3420
vn -0.8872 0.4242 0.1812
vn 0.3865 -0.8631 -0.3250
vn 0.7931 -0.5644 -0.2292
vn 0.1042 -0.9339 -0.3419
vn -0.9623 0.2447 0.1185
vn 0.1205 -0.9320 -0.3417
vn 0.1610 -0.9262 -0.3409
vn 0.0470 -0.9386 -0.3418
vn 0.0902 -0.9354 -0.3420
vn 0.1256 -0.9921 -0.0000
vn 0.1661 -0.9861 -0.0000
vn 0.0521 -0.9986 -0.0000
vn 0.0953 -0.9954 -0.0000
vn -0.7776 -0.6288 -0.0000
vn 0.3117 -0.9502 -0.0000
vn 0.0946 -0.9955 -0.0000
vn -0.8899 0.4561 -0.0000
vn 0.3914 -0.9202 -0.0000
vn 0.7965 -0.6046 -0.0000
vn 0.1093 -0.9940 -0.0000
vn -0.9641 0.2656 -0.0000
vn -0.8872 0.4242 -0.1813
vn 0.3865 -0.8631 0.3250
vn 0.7931 -0.5644 0.2292
vn 0.1042 -0.9339 0.3419
vn -0.9623 0.2447 -0.1185
vn 0.1205 -0.9320 0.3417
vn 0.1610 -0.9262 0.3409
vn 0.0470 -0.9386 0.3418
vn 0.0902 -0.9354 0.3420
vn -0.7804 -0.5951 0.1917
vn 0.3068 -0.8917 0.3329
vn 0.0895 -0.9354 0.3420
vn 0.0755 -0.7624 0.6427
vn -0.7887 -0.4981 0.3603
vn 0.2924 -0.7233 0.6256
vn 0.0748 -0.7624 0.6427
vn -0.8794 0.3325 -0.3406
vn 0.3725 -0.6988 0.6107
vn 0.7832 -0.4484 0.4307
vn 0.0895 -0.7610 0.6426
vn -0.9572 0.1848 -0.2227
vn 0.1058 -0.7592 0.6422
vn 0.1463 -0.7538 0.6406
vn 0.0323 -0.7657 0.6424
vn -0.9494 0.0930 -0.3000
vn 0.0832 -0.4943 0.8653
vn 0.1238 -0.4896 0.8631
vn 0.0097 -0.5007 0.8656
vn 0.0529 -0.4973 0.8660
vn -0.8013 -0.3495 0.4855
vn 0.2705 -0.4653 0.8428
vn 0.0522 -0.4973 0.8660
vn -0.8675 0.1921 -0.4589
vn 0.3511 -0.4469 0.8228
vn 0.7681 -0.2708 0.5803
vn 0.0669 -0.4960 0.8658
vn 0.0245 -0.1722 0.9848
vn -0.8528 0.0197 -0.5219
vn 0.3248 -0.1379 0.9357
vn 0.7495 -0.0530 0.6599
vn 0.0392 -0.1709 0.9845
vn -0.9398 -0.0197 -0.3411
vn 0.0556 -0.1694 0.9840
vn 0.0962 -0.1655 0.9815
vn -0.0180 -0.1757 0.9843
vn 0.0252 -0.1721 0.9848
vn -0.8169 -0.1672 0.5521
vn 0.2435 -0.1489 0.9584
vn 0.7382 0.1404 0.6599
vn 0.0190 0.1743 0.9845
vn -0.9356 -0.0906 -0.3411
vn 0.0353 0.1747 0.9840
vn 0.0761 0.1756 0.9815
vn -0.0384 0.1724 0.9843
vn 0.0049 0.1739 0.9848
vn -0.8308 0.0704 0.5521
vn 0.2244 0.1764 0.9584
vn 0.0042 0.1739 0.9848
vn -0.8446 -0.1195 -0.5219
vn 0.3064 0.1750 0.9357
vn -0.0057 0.5001 0.8660
vn -0.8368 0.2533 0.4855
vn 0.2141 0.4938 0.8428
vn -0.0064 0.5000 0.8660
vn -0.8390 -0.2924 -0.4589
vn 0.2963 0.4849 0.8228
vn 0.7311 0.3589 0.5803
vn 0.0084 0.5004 0.8658
vn -0.9320 -0.2036 -0.3000
vn 0.0248 0.5007 0.8653
vn 0.0656 0.5007 0.8631
vn -0.0490 0.4984 0.8656
vn -0.0003 0.7662 0.6426
vn -0.9290 -0.2957 -0.2227
vn 0.0161 0.7663 0.6422
vn 0.0570 0.7657 0.6406
vn -0.0577 0.7642 0.6424
vn -0.0143 0.7659 0.6428
vn -0.8416 0.4023 0.3603
vn 0.2057 0.7526 0.6256
vn -0.0150 0.7659 0.6428
vn -0.8344 -0.4333 -0.3406
vn 0.2881 0.7376 0.6107
vn 0.7253 0.5371 0.4307
vn -0.0207 0.9395 0.3420
vn -0.8314 -0.5252 -0.1812
vn 0.2827 0.9025 0.3249
vn 0.7215 0.6534 0.2292
vn -0.0059 0.9397 0.3419
vn -0.9270 -0.3558 -0.1185
vn 0.0105 0.9397 0.3417
vn 0.0513 0.9387 0.3409
vn -0.0633 0.9376 0.3418
vn -0.0200 0.9395 0.3420
vn -0.8448 0.4996 0.1917
vn 0.2002 0.9215 0.3329
vn -0.0652 0.9979 -0.0000
vn -0.0219 0.9998 -0.0000
vn -0.8459 0.5334 -0.0000
vn 0.1983 0.9801 -0.0000
vn -0.0226 0.9997 -0.0000
vn -0.8304 -0.5572 -0.0000
vn 0.2809 0.9597 -0.0000
vn 0.7202 0.6938 -0.0000
vn -0.0079 1.0000 -0.0000
vn -0.9263 -0.3767 -0.0000
vn 0.0085 1.0000 -0.0000
vn 0.0494 0.9988 -0.0000
vn -0.0059 0.9397 -0.3419
vn -0.9270 -0.3558 0.1185
vn 0.0105 0.9397 -0.3417
vn 0.0513 0.9387 -0.3409
vn -0.0633 0.9376 -0.3418
vn -0.0200 0.9395 -0.3420
vn -0.8448 0.4996 -0.1917
vn 0.2002 0.9215 -0.3328
vn -0.0207 0.9395 -0.3420
vn -0.8314 -0.5252 0.1812
vn 0.2827 0.9025 -0.3249
vn 0.7215 0.6534 -0.2292
vn 0.2057 0.7526 -0.6256
vn -0.0150 0.7659 -0.6428
vn -0.8344 -0.4333 0.3406
vn 0.2881 0.7376 -0.6107
vn 0.7253 0.5371 -0.4307
vn -0.0003 0.7662 -0.6426
vn -0.9290 -0.2957 0.2227
vn 0.0161 0.7663 -0.6422
vn 0.0570 0.7657 -0.6406
vn -0.0577 0.7642 -0.6424
vn -0.0143 0.7659 -0.6428
vn -0.8416 0.4023 -0.3603
vn -0.0490 0.4984 -0.8656
vn -0.0057 0.5001 -0.8660
vn -0.8368 0.2533 -0.4855
vn 0.2141 0.4938 -0.8428
vn -0.0064 0.5000 -0.8660
vn -0.8390 -0.2924 0.4589
vn 0.2963 0.4849 -0.8228
vn 0.7311 0.3589 -0.5803
vn 0.0084 0.5004 -0.8658
vn -0.9320 -0.2036 0.3000
vn 0.0248 0.5006 -0.8653
vn 0.0656 0.5007 -0.8631
vn 0.7382 0.1404 -0.6599
vn 0.0190 0.1743 -0.9845
vn -0.9356 -0.0906 0.3411
vn 0.0353 0.1747 -0.9840
vn 0.0761 0.1756 -0.9815
vn -0.0384 0.1724 -0.9843
vn 0.0049 0.1739 -0.9848
vn -0.8308 0.0704 -0.5521
vn 0.2244 0.1764 -0.9584
vn 0.0042 0.1739 -0.9848
vn -0.8446 -0.1195 0.5219
vn 0.3064 0.1750 -0.9357
vn 0.2354 -0.1614 -0.9584
vn 0.0155 -0.1732 -0.9848
vn -0.8506 0.0644 0.5219
vn 0.3171 -0.1548 -0.9357
vn 0.7457 -0.0922 -0.6599
vn 0.0302 -0.1727 -0.9845
vn -0.9396 0.0297 0.3411
vn 0.0466 -0.1721 -0.9840
vn 0.0874 -0.1703 -0.9815
vn -0.0272 -0.1745 -0.9843
vn 0.0162 -0.1732 -0.9848
vn -0.8245 -0.1242 -0.5521
vn 0.0979 -0.4954 -0.8631
vn -0.0166 -0.5005 -0.8656
vn 0.0268 -0.4994 -0.8660
vn -0.8186 -0.3070 -0.4855
vn 0.2457 -0.4789 -0.8428
vn 0.0261 -0.4994 -0.8660
vn -0.8562 0.2373 0.4589
vn 0.3272 -0.4647 -0.8228
vn 0.7528 -0.3107 -0.5803
vn 0.0408 -0.4988 -0.8658
vn -0.9432 0.1426 0.3000
vn 0.0572 -0.4980 -0.8653
vn 0.3354 -0.7173 -0.6107
vn 0.7586 -0.4889 -0.4307
vn 0.0495 -0.7646 -0.6426
vn -0.9462 0.2347 0.2227
vn 0.0658 -0.7637 -0.6422
vn 0.1065 -0.7604 -0.6406
vn -0.0079 -0.7663 -0.6424
vn 0.0354 -0.7653 -0.6427
vn -0.8137 -0.4561 -0.3603
vn 0.2541 -0.7376 -0.6256
vn 0.0347 -0.7653 -0.6428
vn -0.8608 0.3782 0.3406
vn -0.8106 -0.5534 -0.1917
vn 0.2596 -0.9065 -0.3328
vn 0.0404 -0.9388 -0.3420
vn -0.8638 0.4702 0.1812
vn 0.3407 -0.8822 -0.3250
vn 0.7624 -0.6052 -0.2292
vn 0.0551 -0.9381 -0.3419
vn -0.9482 0.2949 0.1185
vn 0.0715 -0.9371 -0.3417
vn 0.1122 -0.9334 -0.3409
vn -0.0023 -0.9398 -0.3418
vn 0.0411 -0.9388 -0.3420
vn 0.0734 -0.9973 -0.0000
vn 0.1141 -0.9935 -0.0000
vn -0.0003 -1.0000 -0.0000
vn 0.0430 -0.9991 -0.0000
vn -0.8095 -0.5872 -0.0000
vn 0.2615 -0.9652 -0.0000
vn 0.0423 -0.9991 -0.0000
vn -0.8648 0.5021 -0.0000
vn 0.3426 -0.9395 -0.0000
vn 0.7637 -0.6456 -0.0000
vn 0.0571 -0.9984 -0.0000
vn -0.9488 0.3157 -0.0000
vn -0.8638 0.4702 -0.1812
vn 0.3407 -0.8822 0.3250
vn 0.7624 -0.6052 0.2292
vn 0.0551 -0.9381 0.3419
vn -0.9482 0.2949 -0.1185
vn 0.0715 -0.9371 0.3417
vn 0.1122 -0.9334 0.3409
vn -0.0023 -0.9398 0.3418
vn 0.0411 -0.9388 0.3420
vn -0.8106 -0.5534 0.1917
vn 0.2596 -0.9065 0.3328
vn 0.0404 -0.9388 0.3420
vn 0.0354 -0.7653 0.6427
vn -0.8137 -0.4561 0.3603
vn 0.2541 -0.7376 0.6256
vn 0.0347 -0.7653 0.6428
vn -0.8608 0.3782 -0.3406
vn 0.3354 -0.7173 0.6108
vn 0.7586 -0.4889 0.4307
vn 0.0495 -0.7646 0.6426
vn -0.9462 0.2347 -0.2227
vn 0.0658 -0.7637 0.6422
vn 0.1065 -0.7604 0.6406
vn -0.0079 -0.7663 0.6424
vn -0.9432 0.1426 -0.3000
vn 0.0572 -0.4980 0.8653
vn 0.0979 -0.4954 0.8631
vn -0.0166 -0.5005 0.8656
vn 0.0268 -0.4994 0.8660
vn -0.8186 -0.3070 0.4855
vn 0.2457 -0.4789 0.8428
vn 0.0261 -0.4994 0.8660
vn -0.8562 0.2373 -0.4589
vn 0.3272 -0.4647 0.8228
vn 0.7528 -0.3107 0.5803
vn 0.0408 -0.4988 0.8658
vn 0.0155 -0.1732 0.9848
vn -0.8506 0.0644 -0.5219
vn 0.3171 -0.1548 0.9357
vn 0.7457 -0.0922 0.6599
vn 0.0302 -0.1727 0.9845
vn -0.9395 0.0297 -0.3411
vn 0.0466 -0.1721 0.9840
vn 0.0874 -0.1703 0.9815
vn -0.0272 -0.1745 0.9843
vn 0.0162 -0.1732 0.9848
vn -0.8245 -0.1242 0.5521
vn 0.2354 -0.1614 0.9584
vn -0.7364 0.1493 -0.6599
vn -0.0169 0.1745 -0.9845
vn 0.9345 -0.1018 0.3411
vn -0.0332 0.1752 -0.9840
vn -0.0740 0.1765 -0.9815
vn 0.0405 0.1719 -0.9843
vn -0.0028 0.1739 -0.9848
vn 0.8316 0.0604 -0.5521
vn -0.2223 0.1791 -0.9584
vn -0.0021 0.1739 -0.9848
vn 0.8431 -0.1297 0.5219
vn -0.3042 0.1787 -0.9357
vn 0.0117 0.4999 -0.8660
vn 0.8397 0.2432 -0.4855
vn -0.2081 0.4963 -0.8428
vn 0.0124 0.4999 -0.8660
vn 0.8354 -0.3024 0.4589
vn -0.2905 0.4885 -0.8228
vn -0.7267 0.3677 -0.5803
vn -0.0024 0.5005 -0.8658
vn 0.9295 -0.2148 0.3000
vn -0.0187 0.5009 -0.8653
vn -0.0595 0.5015 -0.8631
vn 0.0550 0.4978 -0.8656
vn 0.0095 0.7661 -0.6426
vn 0.9254 -0.3068 0.2227
vn -0.0069 0.7665 -0.6422
vn -0.0477 0.7664 -0.6406
vn 0.0668 0.7634 -0.6425
vn 0.0235 0.7657 -0.6427
vn 0.8464 0.3921 -0.3603
vn -0.1966 0.7550 -0.6256
vn 0.0242 0.7657 -0.6428
vn 0.8291 -0.4433 0.3406
vn -0.2792 0.7410 -0.6107
vn -0.7188 0.5458 -0.4307
vn 0.0320 0.9392 -0.3420
vn 0.8250 -0.5352 0.1812
vn -0.2719 0.9058 -0.3250
vn -0.7136 0.6620 -0.2292
vn 0.0172 0.9396 -0.3419
vn 0.9227 -0.3669 0.1185
vn 0.0008 0.9398 -0.3418
vn -0.0400 0.9393 -0.3409
vn 0.0746 0.9368 -0.3418
vn 0.0313 0.9392 -0.3420
vn 0.8507 0.4894 -0.1917
vn -0.1891 0.9238 -0.3328
vn 0.0772 0.9970 -0.0000
vn 0.0340 0.9994 -0.0000
vn 0.8522 0.5232 -0.0000
vn -0.1865 0.9825 -0.0000
vn 0.0347 0.9994 -0.0000
vn 0.8236 -0.5671 -0.0000
vn -0.2693 0.9631 -0.0000
vn -0.7118 0.7024 -0.0000
vn 0.0199 0.9998 -0.0000
vn 0.9217 -0.3878 -0.0000
vn 0.0035 1.0000 -0.0000
vn -0.0374 0.9993 -0.0000
vn 0.0172 0.9396 0.3419
vn 0.9227 -0.3669 -0.1185
vn 0.0008 0.9398 0.3417
vn -0.0400 0.9393 0.3409
vn 0.0746 0.9368 0.3418
vn 0.0313 0.9392 0.3420
vn 0.8507 0.4894 0.1917
vn -0.1891 0.9238 0.3328
vn 0.0320 0.9392 0.3420
vn 0.8250 -0.5352 -0.1812
vn -0.2719 0.9058 0.3250
vn -0.7136 0.6620 0.2292
vn -0.1966 0.7550 0.6256
vn 0.0242 0.7657 0.6428
vn 0.8291 -0.4433 -0.3406
vn -0.2792 0.7410 0.6107
vn -0.7188 0.5458 0.4307
vn 0.0095 0.7661 0.6426
vn 0.9254 -0.3068 -0.2227
vn -0.0069 0.7665 0.6423
vn -0.0477 0.7664 0.6406
vn 0.0668 0.7634 0.6424
vn 0.0235 0.7657 0.6428
vn 0.8464 0.3922 0.3603
vn 0.0550 0.4978 0.8656
vn 0.0117 0.5000 0.8660
vn 0.8398 0.2432 0.4855
vn -0.2081 0.4964 0.8428
vn 0.0124 0.4999 0.8660
vn 0.8354 -0.3024 -0.4589
vn -0.2904 0.4885 0.8228
vn -0.7267 0.3677 0.5803
vn -0.0023 0.5004 0.8658
vn 0.9295 -0.2147 -0.3000
vn -0.0187 0.5009 0.8653
vn -0.0595 0.5015 0.8631
vn -0.7364 0.1493 0.6599
vn -0.0169 0.1745 0.9845
vn 0.9345 -0.1018 -0.3411
vn -0.0332 0.1752 0.9840
vn -0.0740 0.1765 0.9815
vn 0.0405 0.1719 0.9843
vn -0.0028 0.1739 0.9848
vn 0.8316 0.0604 0.5521
vn -0.2223 0.1791 0.9584
vn -0.0021 0.1739 0.9848
vn 0.8431 -0.1297 -0.5219
vn -0.3042 0.1787 0.9357
vn -0.2373 -0.1586 0.9584
vn -0.0176 -0.1730 0.9848
vn 0.8513 0.0542 -0.5219
vn -0.3189 -0.1509 0.9357
vn -0.7468 -0.0832 0.6599
vn -0.0323 -0.1723 0.9845
vn 0.9398 0.0183 -0.3411
vn -0.0487 -0.1715 0.9840
vn -0.0894 -0.1693 0.9815
vn 0.0251 -0.1748 0.9843
vn -0.0183 -0.1730 0.9848
vn 0.8229 -0.1341 0.5521
vn -0.1039 -0.4942 0.8631
vn 0.0105 -0.5007 0.8656
vn -0.0328 -0.4990 0.8660
vn 0.8148 -0.3168 0.4855
vn -0.2514 -0.4759 0.8428
vn -0.0321 -0.4990 0.8660
vn 0.8590 0.2270 -0.4589
vn -0.3327 -0.4607 0.8228
vn -0.7565 -0.3017 0.5803
vn -0.0468 -0.4983 0.8658
vn 0.9449 0.1313 -0.3000
vn -0.0632 -0.4972 0.8653
vn -0.3440 -0.7132 0.6107
vn -0.7644 -0.4797 0.4307
vn -0.0587 -0.7640 0.6426
vn 0.9490 0.2233 -0.2227
vn -0.0750 -0.7628 0.6422
vn -0.1157 -0.7591 0.6406
vn -0.0013 -0.7663 0.6424
vn -0.0446 -0.7648 0.6428
vn 0.8082 -0.4659 0.3603
vn -0.2630 -0.7345 0.6256
vn -0.0439 -0.7648 0.6428
vn 0.8653 0.3678 -0.3406
vn 0.8038 -0.5631 0.1917
vn -0.2705 -0.9034 0.3328
vn -0.0516 -0.9383 0.3420
vn 0.8694 0.4597 -0.1812
vn -0.3513 -0.8781 0.3249
vn -0.7696 -0.5960 0.2292
vn -0.0664 -0.9374 0.3419
vn 0.9516 0.2834 -0.1185
vn -0.0827 -0.9362 0.3417
vn -0.1234 -0.9320 0.3409
vn -0.0090 -0.9397 0.3418
vn -0.0523 -0.9382 0.3420
vn -0.0854 -0.9963 -0.0000
vn -0.1261 -0.9920 -0.0000
vn -0.0117 -0.9999 -0.0000
vn -0.0550 -0.9985 -0.0000
vn 0.8023 -0.5969 -0.0000
vn -0.2731 -0.9620 -0.0000
vn -0.0543 -0.9985 -0.0000
vn 0.8708 0.4917 -0.0000
vn -0.3539 -0.9353 -0.0000
vn -0.7714 -0.6363 -0.0000
vn -0.0691 -0.9976 -0.0000
vn 0.9526 0.3043 -0.0000
vn 0.8694 0.4597 0.1812
vn -0.3513 -0.8781 -0.3249
vn -0.7696 -0.5960 -0.2292
vn -0.0664 -0.9374 -0.3419
vn 0.9516 0.2834 0.1185
vn -0.0827 -0.9361 -0.3417
vn -0.1234 -0.9320 -0.3409
vn -0.0090 -0.9397 -0.3418
vn -0.0524 -0.9382 -0.3420
vn 0.8038 -0.5631 -0.1917
vn -0.2705 -0.9034 -0.3329
vn -0.0516 -0.9383 -0.3420
vn -0.0446 -0.7648 -0.6428
vn 0.8082 -0.4658 -0.3603
vn -0.2630 -0.7345 -0.6256
vn -0.0439 -0.7648 -0.6428
vn 0.8653 0.3678 0.3406
vn -0.3440 -0.7132 -0.6107
vn -0.7644 -0.4797 -0.4307
vn -0.0587 -0.7640 -0.6426
vn 0.9490 0.2234 0.2226
vn -0.0750 -0.7628 -0.6423
vn -0.1157 -0.7591 -0.6406
vn -0.0013 -0.7663 -0.6424
vn 0.9449 0.1313 0.3000
vn -0.0632 -0.4972 -0.8653
vn -0.1039 -0.4942 -0.8631
vn 0.0105 -0.5007 -0.8656
vn -0.0328 -0.4990 -0.8660
vn 0.8148 -0.3168 -0.4855
vn -0.2514 -0.4759 -0.8428
vn -0.0321 -0.4990 -0.8660
vn 0.8590 0.2270 0.4589
vn -0.3327 -0.4607 -0.8228
vn -0.7565 -0.3017 -0.5803
vn -0.0468 -0.4983 -0.8658
vn -0.0176 -0.1730 -0.9848
vn 0.8513 0.0542 0.5219
vn -0.3189 -0.1509 -0.9357
vn -0.7468 -0.0832 -0.6598
vn -0.0323 -0.1723 -0.9845
vn 0.9398 0.0183 0.3411
vn -0.0487 -0.1715 -0.9840
vn -0.0894 -0.1693 -0.9815
vn 0.0251 -0.1748 -0.9843
vn -0.0183 -0.1730 -0.9848
vn 0.8229 -0.1341 -0.5521
vn -0.2373 -0.1586 -0.9584
vn 0.7417 0.1204 0.6598
vn 0.0237 0.1737 0.9845
vn -0.9377 -0.0652 -0.3411
vn 0.0401 0.1737 0.9840
vn 0.0808 0.1735 0.9815
vn -0.0338 0.1734 0.9843
vn 0.0096 0.1737 0.9848
vn -0.8286 0.0928 0.5521
vn 0.2291 0.1702 0.9584
vn 0.0089 0.1737 0.9848
vn -0.8475 -0.0966 -0.5219
vn 0.3110 0.1667 0.9357
vn 0.0078 0.5000 0.8660
vn -0.8296 0.2758 0.4855
vn 0.2274 0.4878 0.8428
vn 0.0071 0.5000 0.8660
vn -0.8466 -0.2696 -0.4589
vn 0.3093 0.4768 0.8228
vn 0.7405 0.3390 0.5803
vn 0.0219 0.5000 0.8658
vn -0.9371 -0.1783 -0.3000
vn 0.0383 0.4998 0.8653
vn 0.0791 0.4988 0.8631
vn -0.0355 0.4996 0.8656
vn 0.0205 0.7659 0.6426
vn -0.9366 -0.2704 -0.2227
vn 0.0368 0.7656 0.6422
vn 0.0776 0.7639 0.6406
vn -0.0370 0.7654 0.6424
vn 0.0064 0.7661 0.6427
vn -0.8304 0.4249 0.3603
vn 0.2260 0.7467 0.6255
vn 0.0057 0.7661 0.6427
vn -0.8458 -0.4105 -0.3406
vn 0.3079 0.7295 0.6107
vn 0.7395 0.5173 0.4307
vn 0.0047 0.9397 0.3420
vn -0.8453 -0.5026 -0.1812
vn 0.3070 0.8945 0.3250
vn 0.7389 0.6336 0.2292
vn 0.0195 0.9395 0.3419
vn -0.9363 -0.3306 -0.1185
vn 0.0359 0.9391 0.3417
vn 0.0767 0.9370 0.3409
vn -0.0379 0.9390 0.3418
vn 0.0054 0.9397 0.3420
vn -0.8309 0.5223 0.1917
vn 0.2250 0.9157 0.3329
vn -0.0382 0.9993 -0.0000
vn 0.0051 1.0000 -0.0000
vn -0.8311 0.5561 -0.0000
vn 0.2247 0.9744 -0.0000
vn 0.0044 1.0000 -0.0000
vn -0.8452 -0.5345 -0.0000
vn 0.3067 0.9518 -0.0000
vn 0.7387 0.6741 -0.0000
vn 0.0192 0.9998 -0.0000
vn -0.9362 -0.3515 -0.0000
vn 0.0356 0.9994 -0.0000
vn 0.0764 0.9971 -0.0000
vn 0.0195 0.9395 -0.3419
vn -0.9363 -0.3306 0.1185
vn 0.0359 0.9391 -0.3417
vn 0.0767 0.9370 -0.3409
vn -0.0379 0.9390 -0.3418
vn 0.0054 0.9397 -0.3420
vn -0.8309 0.5223 -0.1917
vn 0.2250 0.9157 -0.3329
vn 0.0047 0.9397 -0.3420
vn -0.8453 -0.5026 0.1812
vn 0.3070 0.8945 -0.3249
vn 0.7389 0.6336 -0.2292
vn 0.2260 0.7467 -0.6256
vn 0.0057 0.7661 -0.6428
vn -0.8458 -0.4105 0.3406
vn 0.3079 0.7295 -0.6107
vn 0.7395 0.5173 -0.4307
vn 0.0205 0.7659 -0.6426
vn -0.9366 -0.2704 0.2226
vn 0.0368 0.7656 -0.6423
vn 0.0776 0.7639 -0.6406
vn -0.0370 0.7654 -0.6424
vn 0.0064 0.7660 -0.6428
vn -0.8304 0.4249 -0.3603
vn -0.0355 0.4996 -0.8656
vn 0.0078 0.5000 -0.8660
vn -0.8296 0.2758 -0.4855
vn 0.2274 0.4878 -0.8428
vn 0.0071 0.5000 -0.8660
vn -0.8466 -0.2696 0.4589
vn 0.3093 0.4767 -0.8228
vn 0.7405 0.3390 -0.5803
vn 0.0219 0.5000 -0.8658
vn -0.9371 -0.1783 0.3000
vn 0.0383 0.4998 -0.8653
vn 0.0791 0.4988 -0.8631
vn 0.7417 0.1204 -0.6598
vn 0.0237 0.1737 -0.9845
vn -0.9378 -0.0652 0.3411
vn 0.0401 0.1737 -0.9840
vn 0.0809 0.1735 -0.9815
vn -0.0337 0.1734 -0.9843
vn 0.0096 0.1737 -0.9848
vn -0.8286 0.0928 -0.5521
vn 0.2291 0.1702 -0.9584
vn 0.0089 0.1737 -0.9848
vn -0.8475 -0.0966 0.5219
vn 0.3110 0.1667 -0.9357
vn 0.2309 -0.1677 -0.9584
vn 0.0108 -0.1736 -0.9848
vn -0.8485 0.0874 0.5219
vn 0.3128 -0.1633 -0.9357
vn 0.7430 -0.1123 -0.6598
vn 0.0256 -0.1735 -0.9845
vn -0.9384 0.0551 0.3411
vn 0.0419 -0.1733 -0.9840
vn 0.0827 -0.1726 -0.9815
vn -0.0319 -0.1737 -0.9843
vn 0.0115 -0.1736 -0.9848
vn -0.8276 -0.1018 -0.5521
vn 0.0845 -0.4979 -0.8631
vn -0.0301 -0.4999 -0.8656
vn 0.0133 -0.4999 -0.8660
vn -0.8266 -0.2848 -0.4855
vn 0.2327 -0.4853 -0.8428
vn 0.0126 -0.4999 -0.8660
vn -0.8495 0.2604 0.4589
vn 0.3145 -0.4734 -0.8228
vn 0.7441 -0.3310 -0.5803
vn 0.0273 -0.4997 -0.8658
vn -0.9390 0.1681 0.3000
vn 0.0437 -0.4993 -0.8653
vn 0.3158 -0.7261 -0.6107
vn 0.7451 -0.5092 -0.4307
vn 0.0288 -0.7657 -0.6426
vn -0.9395 0.2602 0.2226
vn 0.0452 -0.7652 -0.6423
vn 0.0859 -0.7630 -0.6406
vn -0.0286 -0.7658 -0.6425
vn 0.0147 -0.7659 -0.6427
vn -0.8258 -0.4339 -0.3603
vn 0.2341 -0.7442 -0.6255
vn 0.0140 -0.7659 -0.6428
vn -0.8502 0.4013 0.3406
vn -0.8252 -0.5313 -0.1917
vn 0.2350 -0.9132 -0.3329
vn 0.0150 -0.9396 -0.3420
vn -0.8507 0.4934 0.1812
vn 0.3167 -0.8911 -0.3250
vn 0.7457 -0.6256 -0.2292
vn 0.0297 -0.9393 -0.3419
vn -0.9398 0.3204 0.1185
vn 0.0461 -0.9387 -0.3417
vn 0.0869 -0.9361 -0.3409
vn -0.0277 -0.9393 -0.3419
vn 0.0157 -0.9396 -0.3420
vn 0.0464 -0.9989 -0.0000
vn 0.0872 -0.9962 -0.0000
vn -0.0274 -0.9996 -0.0000
vn 0.0160 -0.9999 -0.0000
vn -0.8250 -0.5651 -0.0000
vn 0.2353 -0.9719 -0.0000
vn 0.0153 -0.9999 -0.0000
vn -0.8509 0.5253 -0.0000
vn 0.3170 -0.9484 -0.0000
vn 0.7460 -0.6660 -0.0000
vn 0.0300 -0.9995 -0.0000
vn -0.9400 0.3413 -0.0000
vn -0.8507 0.4934 -0.1812
vn 0.3167 -0.8911 0.3250
vn 0.7457 -0.6256 0.2292
vn 0.0297 -0.9393 0.3419
vn -0.9398 0.3204 -0.1185
vn 0.0461 -0.9387 0.3417
vn 0.0869 -0.9361 0.3409
vn -0.0277 -0.9394 0.3418
vn 0.0157 -0.9396 0.3420
vn -0.8252 -0.5313 0.1917
vn 0.2350 -0.9132 0.3328
vn 0.0149 -0.9396 0.3420
vn 0.0147 -0.7659 0.6428
vn -0.8258 -0.4339 0.3603
vn 0.2341 -0.7442 0.6256
vn 0.0140 -0.7659 0.6428
vn -0.8502 0.4013 -0.3406
vn 0.3158 -0.7261 0.6107
vn 0.7451 -0.5092 0.4307
vn 0.0288 -0.7657 0.6426
vn -0.9395 0.2602 -0.2227
vn 0.0452 -0.7652 0.6423
vn 0.0859 -0.7630 0.6406
vn -0.0287 -0.7658 0.6424
vn -0.9390 0.1681 -0.3000
vn 0.0437 -0.4993 0.8653
vn 0.0845 -0.4979 0.8631
vn -0.0301 -0.4999 0.8656
vn 0.0133 -0.4999 0.8660
vn -0.8266 -0.2848 0.4855
vn 0.2327 -0.4853 0.8428
vn 0.0126 -0.4999 0.8660
vn -0.8495 0.2604 -0.4589
vn 0.3145 -0.4733 0.8228
vn 0.7441 -0.3310 0.5803
vn 0.0273 -0.4997 0.8658
vn 0.0108 -0.1736 0.9848
vn -0.8485 0.0874 -0.5219
vn 0.3128 -0.1633 0.9357
vn 0.7429 -0.1123 0.6599
vn 0.0256 -0.1735 0.9845
vn -0.9384 0.0551 -0.3411
vn 0.0419 -0.1733 0.9840
vn 0.0827 -0.1726 0.9815
vn -0.0319 -0.1737 0.9843
vn 0.0115 -0.1736 0.9848
vn -0.8276 -0.1018 0.5521
vn 0.2309 -0.1677 0.9584
vn -0.7373 0.1447 -0.6599
vn -0.0179 0.1744 -0.9845
vn 0.9351 -0.0960 0.3411
vn -0.0343 0.1749 -0.9840
vn -0.0751 0.1761 -0.9815
vn 0.0394 0.1722 -0.9843
vn -0.0039 0.1739 -0.9848
vn 0.8312 0.0655 -0.5521
vn -0.2234 0.1777 -0.9584
vn -0.0032 0.1739 -0.9848
vn 0.8439 -0.1244 0.5219
vn -0.3053 0.1768 -0.9357
vn 0.0086 0.5000 -0.8660
vn 0.8382 0.2484 -0.4855
vn -0.2112 0.4951 -0.8428
vn 0.0093 0.5000 -0.8660
vn 0.8373 -0.2973 0.4589
vn -0.2935 0.4867 -0.8228
vn -0.7290 0.3632 -0.5803
vn -0.0054 0.5004 -0.8658
vn 0.9308 -0.2090 0.3000
vn -0.0218 0.5008 -0.8653
vn -0.0626 0.5011 -0.8631
vn 0.0519 0.4981 -0.8656
vn 0.0047 0.7662 -0.6426
vn 0.9272 -0.3011 0.2227
vn -0.0116 0.7664 -0.6422
vn -0.0525 0.7661 -0.6406
vn 0.0621 0.7638 -0.6424
vn 0.0188 0.7658 -0.6428
vn 0.8439 0.3974 -0.3603
vn -0.2013 0.7538 -0.6256
vn 0.0195 0.7658 -0.6428
vn 0.8319 -0.4381 0.3406
vn -0.2838 0.7392 -0.6107
vn -0.7221 0.5413 -0.4307
vn 0.0262 0.9393 -0.3420
vn 0.8283 -0.5301 0.1812
vn -0.2775 0.9041 -0.3250
vn -0.7177 0.6576 -0.2292
vn 0.0114 0.9397 -0.3419
vn 0.9249 -0.3612 0.1185
vn -0.0050 0.9398 -0.3417
vn -0.0458 0.9390 -0.3409
vn 0.0688 0.9372 -0.3418
vn 0.0255 0.9394 -0.3420
vn 0.8477 0.4946 -0.1917
vn -0.1948 0.9226 -0.3329
vn 0.0711 0.9975 -0.0000
vn 0.0278 0.9996 -0.0000
vn 0.8490 0.5284 -0.0000
vn -0.1926 0.9813 -0.0000
vn 0.0285 0.9996 -0.0000
vn 0.8271 -0.5620 -0.0000
vn -0.2753 0.9614 -0.0000
vn -0.7161 0.6980 -0.0000
vn 0.0137 0.9999 -0.0000
vn 0.9241 -0.3821 -0.0000
vn -0.0027 1.0000 -0.0000
vn -0.0435 0.9991 -0.0000
vn 0.0114 0.9397 0.3419
vn 0.9249 -0.3612 -0.1185
vn -0.0050 0.9398 0.3417
vn -0.0458 0.9390 0.3409
vn 0.0688 0.9372 0.3418
vn 0.0255 0.9394 0.3420
vn 0.8477 0.4946 0.1917
vn -0.1948 0.9226 0.3328
vn 0.0262 0.9393 0.3420
vn 0.8283 -0.5301 -0.1812
vn -0.2774 0.9041 0.3250
vn -0.7177 0.6576 0.2292
vn -0.2013 0.7538 0.6256
vn 0.0195 0.7658 0.6428
vn 0.8319 -0.4381 -0.3406
vn -0.2838 0.7392 0.6107
vn -0.7221 0.5413 0.4307
vn 0.0048 0.7662 0.6426
vn 0.9272 -0.3011 -0.2227
vn -0.0116 0.7664 0.6423
vn -0.0525 0.7661 0.6406
vn 0.0621 0.7638 0.6424
vn 0.0188 0.7658 0.6428
vn 0.8440 0.3974 0.3603
vn 0.0519 0.4981 0.8656
vn 0.0086 0.5000 0.8660
vn 0.8382 0.2483 0.4855
vn -0.2112 0.4950 0.8428
vn 0.0093 0.5000 0.8660
vn 0.8373 -0.2973 -0.4589
vn -0.2935 0.4867 0.8228
vn -0.7289 0.3632 0.5803
vn -0.0054 0.5004 0.8658
vn 0.9308 -0.2090 -0.3000
vn -0.0218 0.5008 0.8653
vn -0.0626 0.5011 0.8631
vn -0.7373 0.1447 0.6599
vn -0.0179 0.1744 0.9845
vn 0.9351 -0.0961 -0.3411
vn -0.0343 0.1749 0.9840
vn -0.0751 0.1761 0.9815
vn 0.0394 0.1722 0.9843
vn -0.0039 0.1739 0.9848
vn 0.8312 0.0655 0.5521
vn -0.2234 0.1777 0.9584
vn -0.0032 0.1739 0.9848
vn 0.8439 -0.1244 -0.5219
vn -0.3053 0.1768 0.9357
vn -0.2363 -0.1601 0.9584
vn -0.0165 -0.1731 0.9848
vn 0.8509 0.0595 -0.5219
vn -0.3180 -0.1529 0.9357
vn -0.7462 -0.0878 0.6599
vn -0.0312 -0.1725 0.9845
vn 0.9397 0.0242 -0.3411
vn -0.0476 -0.1718 0.9840
vn -0.0884 -0.1698 0.9815
vn 0.0261 -0.1747 0.9843
vn -0.0172 -0.1731 0.9848
vn 0.8238 -0.1290 0.5521
vn -0.1008 -0.4948 0.8631
vn 0.0136 -0.5006 0.8656
vn -0.0297 -0.4992 0.8660
vn 0.8167 -0.3118 0.4855
vn -0.2485 -0.4774 0.8428
vn -0.0290 -0.4992 0.8660
vn 0.8576 0.2323 -0.4589
vn -0.3299 -0.4628 0.8228
vn -0.7546 -0.3063 0.5803
vn -0.0437 -0.4985 0.8658
vn 0.9440 0.1371 -0.3000
vn -0.0601 -0.4976 0.8653
vn -0.3396 -0.7153 0.6107
vn -0.7615 -0.4844 0.4307
vn -0.0539 -0.7643 0.6426
vn 0.9476 0.2292 -0.2227
vn -0.0703 -0.7633 0.6422
vn -0.1110 -0.7598 0.6406
vn 0.0034 -0.7663 0.6424
vn -0.0399 -0.7650 0.6428
vn 0.8110 -0.4609 0.3603
vn -0.2584 -0.7361 0.6256
vn -0.0392 -0.7651 0.6428
vn 0.8630 0.3731 -0.3406
vn 0.8073 -0.5581 0.1917
vn -0.2649 -0.9050 0.3329
vn -0.0458 -0.9386 0.3420
vn 0.8665 0.4651 -0.1812
vn -0.3459 -0.8802 0.3250
vn -0.7659 -0.6007 0.2292
vn -0.0606 -0.9378 0.3419
vn 0.9499 0.2893 -0.1185
vn -0.0769 -0.9366 0.3417
vn -0.1176 -0.9327 0.3409
vn -0.0032 -0.9397 0.3419
vn -0.0465 -0.9385 0.3420
vn -0.0793 -0.9969 -0.0000
vn -0.1199 -0.9928 -0.0000
vn -0.0055 -1.0000 -0.0000
vn -0.0489 -0.9988 -0.0000
vn 0.8060 -0.5919 -0.0000
vn -0.2671 -0.9637 -0.0000
vn -0.0482 -0.9988 -0.0000
vn 0.8677 0.4970 -0.0000
vn -0.3481 -0.9375 -0.0000
vn -0.7675 -0.6411 -0.0000
vn -0.0629 -0.9980 -0.0000
vn 0.9507 0.3102 -0.0000
vn 0.8665 0.4651 0.1812
vn -0.3459 -0.8802 -0.3250
vn -0.7659 -0.6007 -0.2292
vn -0.0606 -0.9378 -0.3419
vn 0.9499 0.2893 0.1185
vn -0.0769 -0.9366 -0.3417
vn -0.1176 -0.9327 -0.3409
vn -0.0032 -0.9397 -0.3419
vn -0.0466 -0.9386 -0.3420
vn 0.8073 -0.5581 -0.1917
vn -0.2649 -0.9050 -0.3328
vn -0.0458 -0.9386 -0.3420
vn -0.0399 -0.7650 -0.6427
vn 0.8110 -0.4608 -0.3603
vn -0.2584 -0.7361 -0.6255
vn -0.0392 -0.7651 -0.6428
vn 0.8630 0.3731 0.3406
vn -0.3396 -0.7154 -0.6107
vn -0.7615 -0.4844 -0.4307
vn -0.0539 -0.7643 -0.6426
vn 0.9476 0.2292 0.2226
vn -0.0703 -0.7633 -0.6422
vn -0.1110 -0.7598 -0.6406
vn 0.0034 -0.7663 -0.6424
vn 0.9440 0.1371 0.3000
vn -0.0601 -0.4976 -0.8653
vn -0.1008 -0.4948 -0.8631
vn 0.0136 -0.5006 -0.8656
vn -0.0297 -0.4992 -0.8660
vn 0.8167 -0.3118 -0.4855
vn -0.2485 -0.4774 -0.8428
vn -0.0290 -0.4992 -0.8660
vn 0.8576 0.2323 0.4589
vn -0.3299 -0.4628 -0.8228
vn -0.7546 -0.3063 -0.5803
vn -0.0438 -0.4985 -0.8658
vn -0.0165 -0.1731 -0.9848
vn 0.8510 0.0595 0.5219
vn -0.3180 -0.1529 -0.9357
vn -0.7462 -0.0878 -0.6599
vn -0.0312 -0.1725 -0.9845
vn 0.9397 0.0241 0.3411
vn -0.0476 -0.1718 -0.9840
vn -0.0884 -0.1698 -0.9815
vn 0.0261 -0.1747 -0.9843
vn -0.0172 -0.1731 -0.9848
vn 0.8238 -0.1290 -0.5521
vn -0.2363 -0.1601 -0.9584
vn 0.7308 0.1748 0.6599
vn 0.0108 0.1750 0.9845
vn -0.9304 -0.1343 -0.3411
vn 0.0271 0.1762 0.9840
vn 0.0678 0.1790 0.9815
vn -0.0465 0.1704 0.9843
vn -0.8332 0.0314 0.5521
vn 0.2159 0.1867 0.9584
vn -0.8381 -0.1589 -0.5219
vn 0.2978 0.1892 0.9357
vn -0.0291 0.4992 0.8660
vn -0.8477 0.2138 0.4855
vn 0.1907 0.5033 0.8428
vn -0.0298 0.4992 0.8660
vn -0.8244 -0.3313 -0.4589
vn 0.2733 0.4982 0.8228
vn 0.7135 0.3928 0.5803
vn -0.0151 0.5002 0.8658
vn -0.9214 -0.2470 -0.3000
vn 0.0013 0.5012 0.8653
vn 0.0421 0.5032 0.8631
vn -0.0723 0.4956 0.8656
vn -0.0361 0.7654 0.6426
vn -0.9141 -0.3388 -0.2227
vn -0.0198 0.7663 0.6422
vn 0.0211 0.7676 0.6406
vn -0.0934 0.7606 0.6424
vn -0.0502 0.7644 0.6428
vn -0.8595 0.3625 0.3603
vn 0.1702 0.7614 0.6256
vn -0.0509 0.7644 0.6428
vn -0.8132 -0.4718 -0.3406
vn 0.2533 0.7503 0.6107
vn 0.6993 0.5705 0.4307
vn -0.0646 0.9375 0.3420
vn -0.8059 -0.5636 -0.1812
vn 0.2402 0.9147 0.3250
vn 0.6901 0.6864 0.2292
vn -0.0499 0.9384 0.3419
vn -0.9094 -0.3988 -0.1185
vn -0.0335 0.9392 0.3417
vn 0.0074 0.9401 0.3409
vn -0.1071 0.9336 0.3418
vn -0.0639 0.9375 0.3420
vn -0.8672 0.4595 0.1917
vn 0.1569 0.9298 0.3329
vn -0.1119 0.9937 -0.0000
vn -0.0687 0.9976 -0.0000
vn -0.8699 0.4932 -0.0000
vn 0.1522 0.9883 -0.0000
vn -0.0694 0.9976 -0.0000
vn -0.8034 -0.5954 -0.0000
vn 0.2357 0.9718 -0.0000
vn 0.6869 0.7267 -0.0000
vn -0.0546 0.9985 -0.0000
vn -0.9077 -0.4196 -0.0000
vn -0.0383 0.9993 -0.0000
vn 0.0026 1.0000 -0.0000
vn -0.0499 0.9384 -0.3419
vn -0.9094 -0.3988 0.1185
vn -0.0335 0.9392 -0.3417
vn 0.0074 0.9401 -0.3409
vn -0.1071 0.9336 -0.3418
vn -0.0639 0.9375 -0.3420
vn -0.8672 0.4595 -0.1917
vn 0.1569 0.9298 -0.3329
vn -0.0646 0.9375 -0.3420
vn -0.8059 -0.5636 0.1812
vn 0.2402 0.9147 -0.3250
vn 0.6901 0.6864 -0.2292
vn 0.1702 0.7614 -0.6256
vn -0.0509 0.7644 -0.6428
vn -0.8132 -0.4718 0.3406
vn 0.2533 0.7503 -0.6107
vn 0.6993 0.5705 -0.4307
vn -0.0361 0.7654 -0.6426
vn -0.9141 -0.3388 0.2226
vn -0.0198 0.7662 -0.6423
vn 0.0211 0.7676 -0.6406
vn -0.0933 0.7606 -0.6424
vn -0.0502 0.7644 -0.6428
vn -0.8595 0.3625 -0.3603
vn -0.0723 0.4956 -0.8656
vn -0.0291 0.4992 -0.8660
vn -0.8477 0.2138 -0.4855
vn 0.1908 0.5033 -0.8428
vn -0.0298 0.4992 -0.8660
vn -0.8244 -0.3313 0.4589
vn 0.2733 0.4983 -0.8228
vn 0.7135 0.3928 -0.5803
vn -0.0151 0.5002 -0.8658
vn -0.9214 -0.2470 0.3000
vn 0.0013 0.5013 -0.8653
vn 0.0421 0.5032 -0.8631
vn 0.7308 0.1748 -0.6598
vn 0.0108 0.1750 -0.9845
vn -0.9304 -0.1343 0.3411
vn 0.0271 0.1762 -0.9840
vn 0.0678 0.1790 -0.9815
vn -0.0464 0.1704 -0.9843
vn -0.8332 0.0314 -0.5521
vn 0.2159 0.1867 -0.9584
vn -0.8381 -0.1589 0.5219
vn 0.2978 0.1892 -0.9357
vn 0.2427 -0.1502 -0.9584
vn 0.0236 -0.1723 -0.9848
vn -0.8527 0.0246 0.5219
vn 0.3240 -0.1398 -0.9357
vn 0.7492 -0.0572 -0.6598
vn 0.0383 -0.1711 -0.9845
vn -0.9399 -0.0143 0.3411
vn 0.0546 -0.1697 -0.9840
vn 0.0952 -0.1660 -0.9815
vn -0.0190 -0.1756 -0.9843
vn 0.0243 -0.1723 -0.9848
vn -0.8178 -0.1626 -0.5521
vn 0.1210 -0.4903 -0.8631
vn 0.0069 -0.5008 -0.8656
vn 0.0501 -0.4976 -0.8660
vn -0.8033 -0.3450 -0.4855
vn 0.2678 -0.4668 -0.8428
vn 0.0494 -0.4976 -0.8660
vn -0.8664 0.1970 0.4589
vn 0.3485 -0.4489 -0.8228
vn 0.7665 -0.2752 -0.5803
vn 0.0641 -0.4963 -0.8658
vn -0.9489 0.0983 0.3000
vn 0.0804 -0.4948 -0.8653
vn 0.3686 -0.7008 -0.6107
vn 0.7807 -0.4529 -0.4307
vn 0.0852 -0.7615 -0.6426
vn -0.9562 0.1902 0.2226
vn 0.1015 -0.7597 -0.6422
vn 0.1420 -0.7546 -0.6406
vn 0.0279 -0.7658 -0.6424
vn 0.0712 -0.7628 -0.6427
vn -0.7915 -0.4937 -0.3603
vn 0.2883 -0.7249 -0.6255
vn 0.0705 -0.7628 -0.6428
vn -0.8775 0.3375 0.3406
vn -0.7838 -0.5907 -0.1917
vn 0.3017 -0.8934 -0.3328
vn 0.0842 -0.9359 -0.3420
vn -0.8848 0.4292 0.1812
vn 0.3816 -0.8653 -0.3250
vn 0.7899 -0.5688 -0.2292
vn 0.0989 -0.9345 -0.3419
vn -0.9609 0.2502 0.1185
vn 0.1152 -0.9327 -0.3417
vn 0.1557 -0.9271 -0.3409
vn 0.0417 -0.9388 -0.3418
vn 0.0849 -0.9358 -0.3420
vn 0.1200 -0.9928 -0.0000
vn 0.1605 -0.9870 -0.0000
vn 0.0465 -0.9989 -0.0000
vn 0.0897 -0.9960 -0.0000
vn -0.7811 -0.6244 -0.0000
vn 0.3064 -0.9519 -0.0000
vn 0.0890 -0.9960 -0.0000
vn -0.8874 0.4611 -0.0000
vn 0.3862 -0.9224 -0.0000
vn 0.7931 -0.6091 -0.0000
vn 0.1037 -0.9946 -0.0000
vn -0.9626 0.2710 -0.0000
vn -0.8848 0.4292 -0.1813
vn 0.3816 -0.8653 0.3250
vn 0.7899 -0.5688 0.2292
vn 0.0989 -0.9345 0.3419
vn -0.9609 0.2502 -0.1185
vn 0.1152 -0.9327 0.3417
vn 0.1557 -0.9271 0.3409
vn 0.0417 -0.9388 0.3418
vn 0.0849 -0.9359 0.3420
vn -0.7838 -0.5907 0.1917
vn 0.3017 -0.8934 0.3329
vn 0.0842 -0.9359 0.3420
vn 0.0712 -0.7628 0.6428
vn -0.7915 -0.4937 0.3603
vn 0.2883 -0.7249 0.6256
vn 0.0705 -0.7628 0.6428
vn -0.8775 0.3375 -0.3406
vn 0.3686 -0.7008 0.6107
vn 0.7807 -0.4529 0.4307
vn 0.0852 -0.7615 0.6426
vn -0.9562 0.1902 -0.2227
vn 0.1015 -0.7597 0.6422
vn 0.1420 -0.7546 0.6406
vn 0.0279 -0.7658 0.6424
vn -0.9489 0.0983 -0.3000
vn 0.0804 -0.4948 0.8653
vn 0.1210 -0.4903 0.8631
vn 0.0069 -0.5008 0.8656
vn 0.0501 -0.4976 0.8660
vn -0.8033 -0.3450 0.4855
vn 0.2678 -0.4668 0.8428
vn 0.0494 -0.4976 0.8660
vn -0.8664 0.1970 -0.4589
vn 0.3485 -0.4489 0.8228
vn 0.7665 -0.2752 0.5803
vn 0.0641 -0.4963 0.8658
vn 0.0236 -0.1723 0.9848
vn -0.8527 0.0246 -0.5219
vn 0.3240 -0.1397 0.9357
vn 0.7492 -0.0572 0.6599
vn 0.0383 -0.1711 0.9845
vn -0.9399 -0.0143 -0.3411
vn 0.0546 -0.1697 0.9840
vn 0.0952 -0.1660 0.9815
vn -0.0190 -0.1756 0.9843
vn 0.0243 -0.1723 0.9848
vn -0.8178 -0.1626 0.5521
vn 0.2427 -0.1502 0.9584
vn -0.7485 0.0657 -0.6598
vn -0.0363 0.1715 -0.9845
vn 0.9400 0.0037 0.3411
vn -0.0527 0.1703 -0.9840
vn -0.0934 0.1671 -0.9815
vn 0.0209 0.1754 -0.9843
vn -0.0223 0.1725 -0.9848
vn 0.8196 0.1534 -0.5521
vn -0.2410 0.1530 -0.9584
vn -0.0216 0.1726 -0.9848
vn 0.8523 -0.0342 0.5219
vn -0.3224 0.1434 -0.9357
vn -0.0445 0.4981 -0.8660
vn 0.8072 0.3358 -0.4855
vn -0.2625 0.4699 -0.8428
vn -0.0438 0.4982 -0.8660
vn 0.8641 -0.2068 0.4589
vn -0.3434 0.4528 -0.8228
vn -0.7634 0.2838 -0.5803
vn -0.0585 0.4970 -0.8658
vn 0.9477 -0.1091 0.3000
vn -0.0748 0.4956 -0.8653
vn -0.1154 0.4916 -0.8631
vn -0.0012 0.5008 -0.8656
vn -0.0765 0.7624 -0.6426
vn 0.9539 -0.2011 0.2227
vn -0.0929 0.7608 -0.6423
vn -0.1334 0.7562 -0.6406
vn -0.0192 0.7661 -0.6424
vn -0.0625 0.7635 -0.6428
vn 0.7970 0.4847 -0.3603
vn -0.2801 0.7282 -0.6256
vn -0.0618 0.7636 -0.6428
vn 0.8736 -0.3474 0.3406
vn -0.3606 0.7050 -0.6107
vn -0.7755 0.4617 -0.4307
vn -0.0736 0.9368 -0.3420
vn 0.8799 -0.4392 0.1812
vn -0.3718 0.8696 -0.3249
vn -0.7834 0.5778 -0.2292
vn -0.0883 0.9356 -0.3419
vn 0.9580 -0.2611 0.1185
vn -0.1046 0.9340 -0.3417
vn -0.1452 0.9288 -0.3409
vn -0.0310 0.9392 -0.3418
vn -0.0743 0.9368 -0.3420
vn 0.7904 0.5818 -0.1917
vn -0.2916 0.8968 -0.3328
vn -0.0351 0.9994 -0.0000
vn -0.0784 0.9969 -0.0000
vn 0.7881 0.6155 -0.0000
vn -0.2956 0.9553 -0.0000
vn -0.0777 0.9970 -0.0000
vn 0.8821 -0.4711 -0.0000
vn -0.3757 0.9268 -0.0000
vn -0.7861 0.6181 -0.0000
vn -0.0924 0.9957 -0.0000
vn 0.9594 -0.2819 -0.0000
vn -0.1087 0.9941 -0.0000
vn -0.1493 0.9888 -0.0000
vn -0.0883 0.9356 0.3419
vn 0.9580 -0.2610 -0.1185
vn -0.1046 0.9340 0.3417
vn -0.1452 0.9288 0.3409
vn -0.0310 0.9392 0.3418
vn -0.0743 0.9368 0.3420
vn 0.7904 0.5818 0.1917
vn -0.2916 0.8968 0.3328
vn -0.0736 0.9368 0.3420
vn 0.8799 -0.4393 -0.1813
vn -0.3718 0.8696 0.3250
vn -0.7834 0.5778 0.2292
vn -0.2801 0.7282 0.6256
vn -0.0618 0.7636 0.6428
vn 0.8737 -0.3474 -0.3406
vn -0.3606 0.7050 0.6107
vn -0.7755 0.4617 0.4307
vn -0.0765 0.7624 0.6426
vn 0.9539 -0.2011 -0.2227
vn -0.0929 0.7609 0.6422
vn -0.1334 0.7562 0.6406
vn -0.0192 0.7661 0.6424
vn -0.0625 0.7635 0.6428
vn 0.7970 0.4846 0.3603
vn -0.0012 0.5008 0.8656
vn -0.0445 0.4981 0.8660
vn 0.8072 0.3359 0.4855
vn -0.2625 0.4699 0.8428
vn -0.0438 0.4982 0.8660
vn 0.8641 -0.2068 -0.4589
vn -0.3434 0.4528 0.8228
vn -0.7634 0.2839 0.5803
vn -0.0585 0.4970 0.8658
vn 0.9477 -0.1091 -0.3000
vn -0.0748 0.4956 0.8653
vn -0.1154 0.4916 0.8631
vn -0.7485 0.0657 0.6599
vn -0.0363 0.1715 0.9845
vn 0.9400 0.0037 -0.3411
vn -0.0527 0.1703 0.9840
vn -0.0933 0.1671 0.9815
vn 0.0210 0.1754 0.9843
vn -0.0223 0.1725 0.9848
vn 0.8196 0.1533 0.5521
vn -0.2410 0.1530 0.9584
vn -0.0216 0.1726 0.9848
vn 0.8523 -0.0343 -0.5219
vn -0.3224 0.1434 0.9357
vn -0.2180 -0.1842 0.9584
vn 0.0020 -0.1739 0.9848
vn 0.8398 0.1494 -0.5219
vn -0.3000 -0.1858 0.9357
vn -0.7327 -0.1665 0.6599
vn -0.0128 -0.1749 0.9845
vn 0.9318 0.1237 -0.3411
vn -0.0291 -0.1759 0.9840
vn -0.0699 -0.1782 0.9815
vn 0.0445 -0.1709 0.9843
vn 0.0013 -0.1740 0.9848
vn 0.8328 -0.0409 0.5521
vn -0.0478 -0.5027 0.8631
vn 0.0667 -0.4964 0.8656
vn 0.0234 -0.4995 0.8660
vn 0.8452 -0.2234 0.4855
vn -0.1964 -0.5011 0.8428
vn 0.0241 -0.4995 0.8660
vn 0.8281 0.3219 -0.4589
vn -0.2789 -0.4951 0.8228
vn -0.7179 -0.3846 0.5803
vn 0.0094 -0.5004 0.8658
vn 0.9242 0.2365 -0.3000
vn -0.0070 -0.5012 0.8653
vn -0.2618 -0.7473 0.6107
vn -0.7058 -0.5625 0.4307
vn 0.0274 -0.7657 0.6426
vn 0.9179 0.3284 -0.2227
vn 0.0111 -0.7664 0.6422
vn -0.0298 -0.7673 0.6406
vn 0.0847 -0.7616 0.6425
vn 0.0415 -0.7650 0.6427
vn 0.8553 -0.3722 0.3603
vn -0.1789 -0.7594 0.6256
vn 0.0422 -0.7649 0.6428
vn 0.8185 0.4626 -0.3406
vn 0.8619 -0.4693 0.1917
vn -0.1674 -0.9280 0.3329
vn 0.0540 -0.9381 0.3420
vn 0.8123 0.5544 -0.1812
vn -0.2506 -0.9119 0.3250
vn -0.6979 -0.6786 0.2292
vn 0.0392 -0.9389 0.3419
vn 0.9138 0.3884 -0.1185
vn 0.0228 -0.9395 0.3417
vn -0.0180 -0.9399 0.3409
vn 0.0965 -0.9348 0.3418
vn 0.0533 -0.9382 0.3420
vn 0.0269 -0.9996 -0.0000
vn -0.0139 -0.9999 -0.0000
vn 0.1006 -0.9949 -0.0000
vn 0.0574 -0.9984 -0.0000
vn 0.8642 -0.5031 -0.0000
vn -0.1634 -0.9866 -0.0000
vn 0.0581 -0.9983 -0.0000
vn 0.8101 0.5863 -0.0000
vn -0.2467 -0.9691 -0.0000
vn -0.6951 -0.7189 -0.0000
vn 0.0433 -0.9991 -0.0000
vn 0.9124 0.4093 -0.0000
vn 0.8123 0.5544 0.1812
vn -0.2506 -0.9119 -0.3250
vn -0.6979 -0.6786 -0.2292
vn 0.0392 -0.9389 -0.3419
vn 0.9138 0.3884 0.1185
vn 0.0228 -0.9395 -0.3417
vn -0.0180 -0.9399 -0.3409
vn 0.0965 -0.9348 -0.3418
vn 0.0533 -0.9382 -0.3420
vn 0.8619 -0.4693 -0.1917
vn -0.1674 -0.9280 -0.3328
vn 0.0540 -0.9381 -0.3420
vn 0.0415 -0.7649 -0.6428
vn 0.8553 -0.3722 -0.3603
vn -0.1789 -0.7594 -0.6255
vn 0.0422 -0.7649 -0.6428
vn 0.8185 0.4626 0.3406
vn -0.2618 -0.7473 -0.6107
vn -0.7058 -0.5625 -0.4307
vn 0.0274 -0.7657 -0.6426
vn 0.9179 0.3284 0.2227
vn 0.0111 -0.7664 -0.6422
vn -0.0298 -0.7673 -0.6406
vn 0.0847 -0.7616 -0.6424
vn 0.9242 0.2365 0.3000
vn -0.0070 -0.5012 -0.8653
vn -0.0478 -0.5027 -0.8631
vn 0.0667 -0.4964 -0.8656
vn 0.0234 -0.4995 -0.8660
vn 0.8452 -0.2234 -0.4855
vn -0.1965 -0.5011 -0.8428
vn 0.0241 -0.4995 -0.8660
vn 0.8281 0.3219 0.4589
vn -0.2789 -0.4951 -0.8228
vn -0.7179 -0.3846 -0.5803
vn 0.0094 -0.5004 -0.8658
vn 0.0020 -0.1739 -0.9848
vn 0.8398 0.1494 0.5219
vn -0.3000 -0.1858 -0.9357
vn -0.7327 -0.1665 -0.6598
vn -0.0128 -0.1749 -0.9845
vn 0.9318 0.1237 0.3411
vn -0.0291 -0.1759 -0.9840
vn -0.0699 -0.1782 -0.9815
vn 0.0445 -0.1709 -0.9843
vn 0.0013 -0.1740 -0.9848
vn 0.8328 -0.0409 -0.5521
vn -0.2180 -0.1842 -0.9584
vn 0.7293 0.1810 0.6599
vn 0.0093 0.1751 0.9845
vn -0.9292 -0.1422 -0.3411
vn 0.0256 0.1764 0.9840
vn 0.0663 0.1796 0.9815
vn -0.0479 0.1700 0.9843
vn -0.0047 0.1739 0.9848
vn -0.8334 0.0243 0.5521
vn 0.2143 0.1885 0.9584
vn -0.0054 0.1738 0.9848
vn -0.8367 -0.1661 -0.5219
vn 0.2962 0.1917 0.9357
vn -0.0334 0.4990 0.8660
vn -0.8495 0.2066 0.4855
vn 0.1864 0.5049 0.8428
vn -0.0341 0.4989 0.8660
vn -0.8215 -0.3383 -0.4589
vn 0.2690 0.5006 0.8228
vn 0.7101 0.3989 0.5803
vn -0.0193 0.5001 0.8658
vn -0.9193 -0.2548 -0.3000
vn -0.0030 0.5012 0.8653
vn 0.0378 0.5036 0.8631
vn -0.0765 0.4949 0.8656
vn -0.0427 0.7650 0.6426
vn -0.9112 -0.3466 -0.2227
vn -0.0263 0.7660 0.6422
vn 0.0145 0.7677 0.6406
vn -0.0999 0.7598 0.6424
vn -0.0567 0.7640 0.6428
vn -0.8626 0.3551 0.3603
vn 0.1637 0.7628 0.6256
vn -0.0574 0.7639 0.6428
vn -0.8092 -0.4788 -0.3406
vn 0.2468 0.7524 0.6107
vn 0.6944 0.5764 0.4307
vn -0.0726 0.9369 0.3420
vn -0.8011 -0.5705 -0.1812
vn 0.2324 0.9167 0.3250
vn 0.6842 0.6923 0.2292
vn -0.0579 0.9379 0.3419
vn -0.9059 -0.4065 -0.1185
vn -0.0415 0.9389 0.3417
vn -0.0007 0.9401 0.3409
vn -0.1151 0.9327 0.3418
vn -0.0719 0.9369 0.3420
vn -0.8711 0.4521 0.1917
vn 0.1489 0.9312 0.3329
vn -0.1204 0.9927 -0.0000
vn -0.0772 0.9970 -0.0000
vn -0.8741 0.4858 -0.0000
vn 0.1437 0.9896 -0.0000
vn -0.0779 0.9970 -0.0000
vn -0.7983 -0.6023 -0.0000
vn 0.2273 0.9738 -0.0000
vn 0.6807 0.7326 -0.0000
vn -0.0632 0.9980 -0.0000
vn -0.9041 -0.4274 -0.0000
vn -0.0468 0.9989 -0.0000
vn -0.0060 1.0000 -0.0000
vn -0.0579 0.9379 -0.3419
vn -0.9059 -0.4065 0.1185
vn -0.0415 0.9389 -0.3417
vn -0.0007 0.9401 -0.3409
vn -0.1151 0.9327 -0.3418
vn -0.0719 0.9369 -0.3420
vn -0.8711 0.4521 -0.1917
vn 0.1489 0.9311 -0.3329
vn -0.0726 0.9369 -0.3420
vn -0.8011 -0.5704 0.1812
vn 0.2324 0.9167 -0.3250
vn 0.6842 0.6923 -0.2292
vn 0.1637 0.7628 -0.6256
vn -0.0574 0.7639 -0.6428
vn -0.8092 -0.4788 0.3406
vn 0.2468 0.7524 -0.6107
vn 0.6944 0.5764 -0.4307
vn -0.0427 0.7650 -0.6426
vn -0.9112 -0.3466 0.2226
vn -0.0263 0.7660 -0.6422
vn 0.0145 0.7677 -0.6406
vn -0.0999 0.7598 -0.6424
vn -0.0567 0.7640 -0.6428
vn -0.8626 0.3551 -0.3603
vn -0.0765 0.4949 -0.8656
vn -0.0334 0.4990 -0.8660
vn -0.8495 0.2066 -0.4855
vn 0.1864 0.5049 -0.8428
vn -0.0341 0.4989 -0.8660
vn -0.8215 -0.3383 0.4589
vn 0.2690 0.5006 -0.8228
vn 0.7101 0.3989 -0.5803
vn -0.0193 0.5001 -0.8658
vn -0.9193 -0.2548 0.3000
vn -0.0030 0.5012 -0.8653
vn 0.0378 0.5036 -0.8631
vn 0.7293 0.1810 -0.6599
vn 0.0093 0.1751 -0.9845
vn -0.9292 -0.1422 0.3411
vn 0.0256 0.1764 -0.9840
vn 0.0663 0.1796 -0.9815
vn -0.0479 0.1700 -0.9843
vn -0.0047 0.1739 -0.9848
vn -0.8334 0.0243 -0.5521
vn 0.2143 0.1885 -0.9584
vn -0.0054 0.1738 -0.9848
vn -0.8367 -0.1661 0.5219
vn 0.2962 0.1917 -0.9357
vn 0.2440 -0.1482 -0.9584
vn 0.0250 -0.1721 -0.9848
vn -0.8529 0.0173 0.5219
vn 0.3252 -0.1370 -0.9357
vn 0.7497 -0.0508 -0.6598
vn 0.0398 -0.1708 -0.9845
vn -0.9398 -0.0224 0.3411
vn 0.0561 -0.1692 -0.9840
vn 0.0967 -0.1652 -0.9815
vn -0.0175 -0.1758 -0.9843
vn 0.0257 -0.1720 -0.9848
vn -0.8164 -0.1696 -0.5521
vn 0.1252 -0.4892 -0.8631
vn 0.0112 -0.5007 -0.8656
vn 0.0544 -0.4971 -0.8660
vn -0.8003 -0.3519 -0.4855
vn 0.2718 -0.4645 -0.8428
vn 0.0537 -0.4972 -0.8660
vn -0.8680 0.1895 0.4589
vn 0.3524 -0.4459 -0.8228
vn 0.7689 -0.2686 -0.5803
vn 0.0684 -0.4958 -0.8658
vn -0.9497 0.0902 0.3000
vn 0.0847 -0.4941 -0.8653
vn 0.3746 -0.6977 -0.6107
vn 0.7845 -0.4462 -0.4307
vn 0.0917 -0.7607 -0.6426
vn -0.9578 0.1820 0.2226
vn 0.1080 -0.7589 -0.6422
vn 0.1485 -0.7534 -0.6406
vn 0.0345 -0.7656 -0.6424
vn 0.0777 -0.7621 -0.6427
vn -0.7872 -0.5004 -0.3603
vn 0.2945 -0.7224 -0.6256
vn 0.0770 -0.7622 -0.6428
vn -0.8804 0.3300 0.3406
vn -0.7787 -0.5974 -0.1917
vn 0.3094 -0.8908 -0.3329
vn 0.0923 -0.9352 -0.3420
vn -0.8885 0.4216 0.1812
vn 0.3890 -0.8620 -0.3250
vn 0.7947 -0.5621 -0.2292
vn 0.1069 -0.9336 -0.3419
vn -0.9630 0.2419 0.1185
vn 0.1232 -0.9317 -0.3417
vn 0.1636 -0.9258 -0.3409
vn 0.0497 -0.9384 -0.3418
vn 0.0930 -0.9351 -0.3420
vn 0.1285 -0.9917 -0.0000
vn 0.1689 -0.9856 -0.0000
vn 0.0550 -0.9985 -0.0000
vn 0.0982 -0.9952 -0.0000
vn -0.7757 -0.6311 -0.0000
vn 0.3145 -0.9493 -0.0000
vn 0.0975 -0.9952 -0.0000
vn -0.8913 0.4535 -0.0000
vn 0.3941 -0.9191 -0.0000
vn 0.7983 -0.6023 -0.0000
vn 0.1122 -0.9937 -0.0000
vn -0.9649 0.2627 -0.0000
vn -0.8885 0.4216 -0.1812
vn 0.3890 -0.8620 0.3250
vn 0.7947 -0.5621 0.2292
vn 0.1069 -0.9336 0.3419
vn -0.9630 0.2419 -0.1185
vn 0.1232 -0.9317 0.3417
vn 0.1636 -0.9258 0.3409
vn 0.0497 -0.9384 0.3418
vn 0.0930 -0.9351 0.3420
vn -0.7787 -0.5974 0.1917
vn 0.3094 -0.8908 0.3329
vn 0.0923 -0.9352 0.3420
vn 0.0777 -0.7621 0.6428
vn -0.7872 -0.5004 0.3603
vn 0.2945 -0.7225 0.6256
vn 0.0770 -0.7622 0.6427
vn -0.8804 0.3300 -0.3406
vn 0.3745 -0.6977 0.6107
vn 0.7845 -0.4462 0.4307
vn 0.0917 -0.7607 0.6426
vn -0.9578 0.1820 -0.2227
vn 0.1080 -0.7589 0.6422
vn 0.1485 -0.7534 0.6406
vn 0.0345 -0.7656 0.6424
vn -0.9497 0.0902 -0.3000
vn 0.0847 -0.4941 0.8653
vn 0.1252 -0.4892 0.8631
vn 0.0112 -0.5007 0.8656
vn 0.0544 -0.4971 0.8660
vn -0.8003 -0.3519 0.4855
vn 0.2718 -0.4645 0.8428
vn 0.0537 -0.4972 0.8660
vn -0.8680 0.1895 -0.4589
vn 0.3524 -0.4459 0.8228
vn 0.7689 -0.2686 0.5803
vn 0.0684 -0.4958 0.8658
vn 0.0250 -0.1721 0.9848
vn -0.8528 0.0173 -0.5219
vn 0.3252 -0.1370 0.9357
vn 0.7497 -0.0508 0.6599
vn 0.0397 -0.1708 0.9845
vn -0.9398 -0.0224 -0.3411
vn 0.0561 -0.1692 0.9840
vn 0.0967 -0.1652 0.9815
vn -0.0175 -0.1758 0.9843
vn 0.0257 -0.1720 0.9848
vn -0.8164 -0.1696 0.5521
vn 0.2440 -0.1482 0.9584
vn -0.8292 -0.5082 0.2328
vn -0.6486 0.0511 0.7594
vn 0.8292 0.5082 0.2328
vn 0.9211 0.3815 0.0782
vn 0.8507 0.0669 0.5213
vn 0.8292 -0.5081 0.2328
vn 0.7591 -0.0597 0.6483
vn 0.2328 -0.9694 0.0782
vn 0.0597 0.7591 0.6483
vn -0.7376 0.1433 -0.6599
vn -0.2237 0.1773 -0.9584
vn 0.8377 0.2500 -0.4855
vn 0.8378 -0.2957 0.4589
vn -0.7296 0.3618 -0.5803
vn -0.0131 0.7664 -0.6422
vn -0.0540 0.7659 -0.6406
vn 0.0606 0.7639 -0.6425
vn 0.0173 0.7659 -0.6428
vn -0.7232 0.5399 -0.4307
vn -0.1966 0.9223 -0.3329
vn 0.8479 0.5301 -0.0000
vn -0.0068 0.9398 0.3417
vn -0.1966 0.9223 0.3328
vn 0.8327 -0.4366 -0.3406
vn -0.0131 0.7664 0.6423
vn -0.0540 0.7659 0.6406
vn 0.0173 0.7659 0.6427
vn -0.2237 0.1772 0.9584
vn 0.8174 -0.3103 0.4855
vn -0.0591 -0.4978 0.8653
vn -0.0688 -0.7634 0.6422
vn -0.2570 -0.7366 0.6256
vn 0.8072 -0.5903 -0.0000
vn -0.2631 -0.9055 -0.3329
vn -0.2570 -0.7366 -0.6255
vn -0.0688 -0.7634 -0.6422
vn -0.7461 -0.0893 -0.6598
vn 0.0416 0.4984 0.8660
vn 0.0896 0.7612 0.6422
vn 0.0592 0.7638 0.6428
vn 0.2769 0.7294 0.6255
vn -0.8780 -0.4430 -0.1813
vn 0.1412 0.9294 0.3409
vn 0.2877 0.8980 0.3328
vn 0.1412 0.9295 -0.3409
vn 0.2877 0.8980 -0.3329
vn 0.2769 0.7294 -0.6256
vn 0.0896 0.7612 -0.6423
vn 0.0727 0.4959 -0.8653
vn -0.8405 0.1458 0.5219
vn 0.7334 -0.1633 -0.6598
vn 0.0500 -0.5025 -0.8631
vn -0.0382 -0.7651 -0.6427
vn 0.1822 -0.7586 -0.6255
vn 0.0221 -0.9398 -0.3409
vn -0.0925 -0.9352 -0.3418
vn 0.1714 -0.9273 0.3329
vn -0.0382 -0.7651 0.6428
vn 0.1822 -0.7586 0.6256
vn -0.0077 -0.7664 0.6423
vn -0.8405 0.1457 -0.5219
vn 0.8139 0.1813 -0.5521
vn 0.8706 -0.1771 0.4589
vn -0.0886 0.7609 -0.6427
vn -0.3048 0.7182 -0.6255
vn -0.1365 0.9298 -0.3418
vn -0.3220 0.8863 -0.3329
vn 0.7666 0.6421 -0.0000
vn -0.1365 0.9298 0.3417
vn -0.3220 0.8863 0.3328
vn -0.1056 0.9337 0.3420
vn 0.8944 -0.4089 -0.1813
vn -0.3048 0.7182 0.6256
vn -0.1188 0.7572 0.6423
vn -0.0886 0.7609 0.6428
vn 0.8706 -0.1771 -0.4589
vn 0.8343 0.1780 -0.5219
vn 0.8524 -0.1944 0.4855
vn 0.0265 -0.4998 0.8658
vn -0.0036 -0.7678 0.6406
vn -0.1528 -0.7651 0.6255
vn -0.1356 -0.9332 0.3328
vn 0.7929 0.5818 -0.1812
vn 0.1284 -0.9309 0.3418
vn 0.8809 -0.4732 -0.0000
vn 0.1284 -0.9310 -0.3418
vn -0.1356 -0.9332 -0.3329
vn 0.0676 -0.7631 -0.6427
vn -0.1528 -0.7651 -0.6256
vn 0.0683 -0.7630 -0.6428
vn 0.8342 0.1780 0.5219
vn -0.7266 -0.1914 -0.6599
vn -0.0292 0.5000 0.8656
vn 0.0465 0.7651 0.6423
vn 0.0165 0.9395 0.3420
vn 0.2365 0.9128 0.3329
vn 0.0165 0.9396 -0.3420
vn 0.2353 0.7439 -0.6255
vn -0.0273 0.7658 -0.6424
vn -0.0292 0.4999 -0.8656
vn 0.7415 -0.1216 -0.6599
vn 0.0355 -0.7657 -0.6422
vn 0.0764 -0.7640 -0.6406
vn 0.2247 -0.7471 -0.6256
vn 0.0044 -0.7660 -0.6428
vn 0.0343 -0.9392 -0.3418
vn 0.0343 -0.9392 0.3417
vn 0.0051 -0.7661 0.6428
vn 0.2247 -0.7471 0.6255
vn 0.7387 -0.5185 0.4307
vn 0.7415 -0.1216 0.6599
vn -0.7399 0.1308 -0.6599
vn -0.0097 0.7662 -0.6426
vn 0.0477 0.7649 -0.6424
vn 0.0044 0.7661 -0.6428
vn -0.2154 0.7498 -0.6256
vn 0.0051 0.7661 -0.6428
vn -0.2122 0.9188 -0.3329
vn 0.8389 0.5444 -0.0000
vn 0.8376 -0.5464 -0.0000
vn -0.2121 0.9188 0.3328
vn 0.8382 -0.5144 -0.1812
vn -0.0097 0.7661 0.6426
vn 0.0044 0.7661 0.6427
vn 0.8260 -0.1134 0.5521
vn 0.0179 -0.7661 0.6424
vn -0.0255 -0.7656 0.6428
vn -0.2478 -0.9098 0.3328
vn 0.8576 0.4813 -0.1812
vn 0.8576 0.4813 0.1812
vn -0.0429 -0.9387 -0.3419
vn -0.2478 -0.9098 -0.3328
vn -0.0255 -0.7657 -0.6428
vn -0.2445 -0.7409 -0.6255
vn -0.0205 0.4996 0.8660
vn -0.0056 0.7665 0.6422
vn -0.0360 0.7652 0.6428
vn -0.0465 0.9385 0.3420
vn 0.1741 0.9268 0.3329
vn 0.1843 0.7581 -0.6256
vn -0.0056 0.7665 -0.6423
vn 0.7480 -0.0711 -0.6598
vn -0.8207 -0.1474 -0.5521
vn 0.0874 -0.7615 -0.6423
vn 0.2749 -0.7302 -0.6256
vn 0.2851 -0.8988 -0.3328
vn 0.1385 -0.9299 -0.3409
vn 0.2749 -0.7302 0.6256
vn 0.7721 -0.4673 0.4307
vn 0.8657 -0.1999 0.4589
vn -0.0989 0.7601 -0.6422
vn -0.0686 0.7630 -0.6428
vn 0.7932 0.4909 -0.3603
vn -0.2858 0.7259 -0.6255
vn -0.2986 0.8944 -0.3329
vn -0.7791 0.4555 0.4307
vn 0.7932 0.4910 0.3603
vn 0.8657 -0.1999 -0.4589
vn 0.8255 0.3284 -0.4589
vn -0.0030 -0.5013 0.8653
vn 0.0171 -0.7663 0.6423
vn 0.8583 -0.3655 0.3603
vn 0.0482 -0.7646 0.6428
vn 0.8148 0.4690 -0.3406
vn 0.8079 0.5608 -0.1813
vn -0.0106 -0.9401 0.3409
vn -0.6894 -0.7243 -0.0000
vn -0.1601 -0.9293 -0.3328
vn 0.0475 -0.7646 -0.6427
vn 0.8583 -0.3654 -0.3603
vn 0.8149 0.4690 0.3406
vn -0.0030 -0.5013 -0.8653
vn 0.8469 -0.2167 -0.4855
vn 0.8255 0.3285 0.4589
vn -0.7314 -0.1722 -0.6598
vn -0.0545 0.7641 0.6427
vn 0.1516 0.9307 0.3328
vn 0.1516 0.9307 -0.3329
vn 0.1659 0.7623 -0.6256
vn -0.0545 0.7641 -0.6428
vn -0.0049 0.1739 -0.9848
vn 0.7495 -0.0530 -0.6598
vn 0.0755 -0.7623 -0.6428
vn 0.2924 -0.7233 -0.6256
vn 0.3068 -0.8917 -0.3329
vn -0.8872 0.4242 -0.1812
vn 0.3068 -0.8917 0.3328
vn 0.0755 -0.7623 0.6428
vn 0.0748 -0.7624 0.6428
vn 0.0248 0.5006 0.8653
vn 0.0161 0.7663 0.6423
vn 0.2002 0.9215 0.3328
vn -0.0633 0.9376 -0.3419
vn 0.2002 0.9215 -0.3329
vn 0.0248 0.5007 -0.8653
vn 0.7382 0.1404 -0.6598
vn 0.7457 -0.0922 -0.6598
vn 0.0658 -0.7637 -0.6423
vn 0.0354 -0.7653 -0.6428
vn 0.2596 -0.9065 0.3329
vn 0.2541 -0.7376 0.6255
vn 0.0658 -0.7637 0.6423
vn -0.7364 0.1493 -0.6598
vn -0.0024 0.5004 -0.8658
vn 0.0095 0.7662 -0.6426
vn 0.0668 0.7634 -0.6424
vn 0.0235 0.7657 -0.6428
vn 0.8464 0.3922 -0.3603
vn -0.1966 0.7550 -0.6255
vn 0.0242 0.7657 -0.6427
vn 0.0008 0.9398 -0.3417
vn 0.0242 0.7657 0.6427
vn 0.0095 0.7662 0.6426
vn -0.0069 0.7665 0.6422
vn 0.8464 0.3921 0.3603
vn -0.2081 0.4963 0.8428
vn 0.8230 -0.1341 0.5521
vn 0.8148 -0.3169 0.4855
vn -0.0632 -0.4973 0.8653
vn -0.0446 -0.7648 0.6427
vn 0.8082 -0.4658 0.3603
vn -0.2705 -0.9034 0.3329
vn 0.8694 0.4598 -0.1812
vn -0.0827 -0.9361 0.3417
vn 0.8024 -0.5968 -0.0000
vn 0.8694 0.4597 0.1813
vn -0.0827 -0.9362 -0.3417
vn -0.2705 -0.9034 -0.3328
vn -0.0446 -0.7648 -0.6427
vn -0.0750 -0.7628 -0.6422
vn -0.0632 -0.4973 -0.8653
vn 0.8148 -0.3169 -0.4855
vn -0.7468 -0.0832 -0.6599
vn 0.7417 0.1204 0.6599
vn -0.0355 0.4995 0.8656
vn 0.0064 0.7660 0.6428
vn 0.2260 0.7467 0.6256
vn 0.0057 0.7660 0.6428
vn -0.0379 0.9390 0.3419
vn 0.2250 0.9157 -0.3328
vn 0.2260 0.7468 -0.6255
vn 0.0368 0.7656 -0.6422
vn 0.0064 0.7661 -0.6427
vn -0.0355 0.4995 -0.8656
vn 0.7430 -0.1123 -0.6599
vn 0.0452 -0.7652 -0.6422
vn -0.0287 -0.7658 -0.6424
vn 0.0147 -0.7659 -0.6428
vn 0.2350 -0.9132 -0.3328
vn -0.0277 -0.9394 -0.3418
vn -0.0277 -0.9393 0.3419
vn 0.2350 -0.9132 0.3329
vn 0.0452 -0.7652 0.6422
vn 0.7430 -0.1123 0.6599
vn -0.7373 0.1447 -0.6598
vn 0.8439 -0.1245 0.5219
vn -0.2112 0.4950 -0.8428
vn 0.8373 -0.2972 0.4589
vn -0.0116 0.7664 -0.6423
vn -0.2013 0.7538 -0.6255
vn 0.8283 -0.5301 0.1813
vn -0.1948 0.9226 -0.3328
vn 0.8477 0.4947 0.1917
vn -0.1948 0.9226 0.3329
vn -0.0116 0.7664 0.6422
vn 0.8382 0.2484 0.4855
vn -0.2112 0.4951 0.8428
vn 0.8439 -0.1245 -0.5219
vn -0.2363 -0.1600 0.9584
vn 0.8168 -0.3118 0.4855
vn -0.7615 -0.4845 0.4307
vn -0.0399 -0.7650 0.6427
vn -0.2649 -0.9050 0.3328
vn -0.0032 -0.9398 0.3418
vn -0.0466 -0.9386 0.3420
vn -0.0032 -0.9398 -0.3418
vn -0.0466 -0.9385 -0.3420
vn -0.0399 -0.7650 -0.6428
vn 0.8110 -0.4609 -0.3603
vn -0.2584 -0.7361 -0.6256
vn 0.8630 0.3732 0.3406
vn 0.8168 -0.3118 -0.4855
vn -0.7462 -0.0878 -0.6598
vn -0.0313 -0.1725 -0.9845
vn 0.0013 0.5013 0.8653
vn -0.0198 0.7662 0.6423
vn 0.1569 0.9298 0.3328
vn 0.1569 0.9298 -0.3328
vn 0.1702 0.7614 -0.6255
vn -0.0198 0.7662 -0.6422
vn -0.0502 0.7644 -0.6427
vn 0.1015 -0.7598 -0.6422
vn 0.0712 -0.7628 -0.6428
vn 0.2883 -0.7249 -0.6256
vn 0.3017 -0.8934 -0.3329
vn 0.0849 -0.9359 -0.3420
vn -0.8848 0.4292 -0.1812
vn 0.3017 -0.8934 0.3328
vn 0.0712 -0.7628 0.6427
vn 0.1015 -0.7597 0.6423
vn 0.8196 0.1533 -0.5521
vn 0.8072 0.3359 -0.4855
vn -0.0929 0.7609 -0.6422
vn -0.2916 0.8968 -0.3329
vn -0.2916 0.8968 0.3329
vn 0.8799 -0.4392 -0.1812
vn 0.8736 -0.3475 -0.3406
vn -0.0929 0.7608 0.6423
vn -0.0625 0.7635 0.6427
vn 0.7970 0.4847 0.3603
vn -0.7634 0.2838 0.5803
vn 0.8523 -0.0342 -0.5219
vn 0.0847 -0.7616 0.6424
vn 0.0415 -0.7649 0.6428
vn 0.8620 -0.4693 0.1917
vn -0.1674 -0.9280 0.3328
vn 0.8620 -0.4693 -0.1917
vn 0.0415 -0.7650 -0.6427
vn -0.1789 -0.7594 -0.6256
vn -0.7179 -0.3847 -0.5803
vn -0.7327 -0.1665 -0.6599
vn -0.0030 0.5013 0.8653
vn 0.1489 0.9312 0.3328
vn 0.1489 0.9312 -0.3329
vn -0.8011 -0.5705 0.1812
vn -0.0030 0.5013 -0.8653
vn 0.7293 0.1810 -0.6598
vn 0.7497 -0.0508 -0.6599
vn 0.0847 -0.4940 -0.8653
vn 0.0777 -0.7621 -0.6428
vn 0.2945 -0.7224 -0.6255
vn -0.8885 0.4216 -0.1813
vn 0.0777 -0.7621 0.6427
vn 0.2945 -0.7224 0.6256
vn 0.0770 -0.7622 0.6428
vn 0.1080 -0.7588 0.6423
vt 0.152624 0.638416
vt 0.727376 0.361584
vt 0.152624 0.361584
vt 0.030000 0.638416
vt 0.850000 0.361584
vt 0.030000 0.361584
vt 0.727376 0.638416
vt 0.850000 0.638416
vt 0.850000 0.970000
vt 0.030000 0.030000
vt 0.030000 0.970000
vt 0.850000 0.030000
vt 0.816147 0.914634
vt 0.816147 0.085367
vt 0.063853 0.914634
vt 0.186477 0.392343
vt 0.693523 0.638416
vt 0.186477 0.638416
vt 0.063853 0.392343
vt 0.816147 0.638416
vt 0.063853 0.638416
vt 0.693523 0.392343
vt 0.816147 0.392343
vt 0.063853 0.085367
vt 0.940000 0.500000
s 0
f 3/1/1 4/2/1 1/3/1
f 6/4/2 10/5/2 4/6/2
f 12/7/3 7/3/3 10/2/3
f 9/8/4 1/6/4 7/5/4
f 10/9/5 1/10/5 4/11/5
f 9/12/6 16/13/6 15/14/6
f 6/11/6 3/10/6 14/15/6
f 2/16/3 14/17/3 13/18/3
f 5/19/4 16/20/4 14/21/4
f 8/16/1 16/17/1 11/22/1
f 2/19/2 15/20/2 8/23/2
f 2/24/6 11/13/6 5/15/6
f 22/25/1 25/25/1 21/25/1
f 29/25/2 38/25/2 25/25/2
f 43/25/3 32/25/3 38/25/3
f 35/25/4 21/25/4 32/25/4
f 38/25/5 21/25/5 25/25/5
f 2484/25/6 2488/25/6 2384/25/6
f 2349/25/6 2589/25/6 2590/25/6
f 43/25/6 2595/25/6 2588/25/6
f 2550/25/6 2620/25/6 2553/25/6
f 2429/25/6 2504/25/6 2507/25/6
f 2474/25/6 2377/25/6 2466/25/6
f 2340/25/6 2420/25/6 2423/25/6
f 2065/25/6 2364/25/6 2067/25/6
f 29/25/6 22/25/6 2413/25/6
f 122/25/7 194/25/7 98/25/7
f 192/25/8 242/25/8 1994/25/8
f 1986/25/9 200/25/9 122/25/9
f 154/25/10 218/25/10 1986/25/10
f 228/25/11 154/25/11 162/25/11
f 180/25/12 228/25/12 162/25/12
f 187/25/13 230/25/13 180/25/13
f 234/25/14 187/25/14 1987/25/14
f 98/25/15 2041/25/15 2086/25/15
f 1994/25/16 234/25/16 1987/25/16
f 224/25/17 280/25/17 218/25/17
f 228/25/18 282/25/18 224/25/18
f 230/25/19 283/25/19 228/25/19
f 232/25/20 291/25/20 230/25/20
f 234/25/21 295/25/21 232/25/21
f 2041/25/22 258/25/22 2060/25/22
f 242/25/23 314/25/23 234/25/23
f 200/25/24 258/25/24 194/25/24
f 192/25/25 337/25/25 242/25/25
f 218/25/26 270/25/26 200/25/26
f 364/25/27 295/25/27 314/25/27
f 2060/25/28 343/25/28 2055/25/28
f 365/25/29 314/25/29 337/25/29
f 347/25/30 258/25/30 270/25/30
f 192/25/31 365/25/31 337/25/31
f 352/25/32 270/25/32 280/25/32
f 356/25/33 280/25/33 282/25/33
f 283/25/34 356/25/34 282/25/34
f 360/25/35 283/25/35 291/25/35
f 295/25/36 360/25/36 291/25/36
f 399/25/37 352/25/37 356/25/37
f 405/25/38 356/25/38 358/25/38
f 360/25/39 405/25/39 358/25/39
f 362/25/40 417/25/40 360/25/40
f 364/25/41 430/25/41 362/25/41
f 2055/25/42 370/25/42 2050/25/42
f 453/25/43 364/25/43 365/25/43
f 347/25/44 370/25/44 343/25/44
f 192/25/45 453/25/45 365/25/45
f 352/25/46 373/25/46 347/25/46
f 481/25/47 417/25/47 430/25/47
f 487/25/48 430/25/48 447/25/48
f 370/25/49 2076/25/49 2050/25/49
f 500/25/50 447/25/50 453/25/50
f 470/25/51 370/25/51 373/25/51
f 192/25/52 500/25/52 453/25/52
f 474/25/53 373/25/53 388/25/53
f 476/25/54 388/25/54 399/25/54
f 477/25/55 399/25/55 405/25/55
f 479/25/56 405/25/56 417/25/56
f 474/25/57 511/25/57 470/25/57
f 532/25/58 474/25/58 476/25/58
f 535/25/59 476/25/59 477/25/59
f 539/25/60 477/25/60 479/25/60
f 481/25/61 539/25/61 479/25/61
f 562/25/62 481/25/62 487/25/62
f 503/25/63 2076/25/63 466/25/63
f 567/25/64 487/25/64 500/25/64
f 511/25/65 466/25/65 470/25/65
f 192/25/66 567/25/66 500/25/66
f 623/25/67 539/25/67 553/25/67
f 628/25/68 553/25/68 562/25/68
f 503/25/69 2072/25/69 2063/25/69
f 567/25/70 628/25/70 562/25/70
f 589/25/71 503/25/71 511/25/71
f 192/25/72 636/25/72 567/25/72
f 599/25/73 511/25/73 526/25/73
f 603/25/74 526/25/74 532/25/74
f 612/25/75 532/25/75 535/25/75
f 615/25/76 535/25/76 539/25/76
f 192/25/77 705/25/77 636/25/77
f 599/25/78 645/25/78 589/25/78
f 603/25/79 646/25/79 599/25/79
f 650/25/80 603/25/80 612/25/80
f 660/25/81 612/25/81 615/25/81
f 623/25/82 660/25/82 615/25/82
f 628/25/83 676/25/83 623/25/83
f 642/25/84 2072/25/84 571/25/84
f 636/25/85 685/25/85 628/25/85
f 645/25/86 571/25/86 589/25/86
f 660/25/87 729/25/87 650/25/87
f 676/25/88 732/25/88 660/25/88
f 739/25/89 676/25/89 685/25/89
f 711/25/90 2064/25/90 642/25/90
f 754/25/91 685/25/91 705/25/91
f 718/25/92 642/25/92 645/25/92
f 192/25/93 754/25/93 705/25/93
f 646/25/94 718/25/94 645/25/94
f 648/25/95 727/25/95 646/25/95
f 650/25/96 728/25/96 648/25/96
f 754/25/97 813/25/97 739/25/97
f 764/25/98 711/25/98 718/25/98
f 192/25/99 817/25/99 754/25/99
f 727/25/100 764/25/100 718/25/100
f 772/25/101 727/25/101 728/25/101
f 779/25/102 728/25/102 729/25/102
f 786/25/103 729/25/103 732/25/103
f 733/25/104 786/25/104 732/25/104
f 739/25/105 810/25/105 733/25/105
f 757/25/106 2067/25/106 711/25/106
f 779/25/107 853/25/107 772/25/107
f 786/25/108 858/25/108 779/25/108
f 874/25/109 786/25/109 810/25/109
f 891/25/110 810/25/110 813/25/110
f 757/25/111 2066/25/111 2065/25/111
f 817/25/112 891/25/112 813/25/112
f 833/25/113 757/25/113 764/25/113
f 192/25/114 895/25/114 817/25/114
f 769/25/115 833/25/115 764/25/115
f 772/25/116 845/25/116 769/25/116
f 825/25/117 2068/25/117 2066/25/117
f 895/25/118 922/25/118 891/25/118
f 897/25/119 825/25/119 833/25/119
f 192/25/120 932/25/120 895/25/120
f 845/25/121 897/25/121 833/25/121
f 853/25/122 898/25/122 845/25/122
f 900/25/123 853/25/123 858/25/123
f 903/25/124 858/25/124 870/25/124
f 874/25/125 903/25/125 870/25/125
f 891/25/126 910/25/126 874/25/126
f 900/25/127 981/25/127 899/25/127
f 903/25/128 987/25/128 900/25/128
f 1003/25/129 903/25/129 910/25/129
f 1008/25/130 910/25/130 922/25/130
f 896/25/131 2061/25/131 2068/25/131
f 932/25/132 1008/25/132 922/25/132
f 959/25/133 896/25/133 897/25/133
f 192/25/134 1012/25/134 932/25/134
f 969/25/135 897/25/135 898/25/135
f 981/25/136 898/25/136 899/25/136
f 1066/25/137 1003/25/137 1008/25/137
f 947/25/138 2062/25/138 2061/25/138
f 1012/25/139 1066/25/139 1008/25/139
f 1014/25/140 947/25/140 959/25/140
f 192/25/141 1068/25/141 1012/25/141
f 1015/25/142 959/25/142 969/25/142
f 1019/25/143 969/25/143 981/25/143
f 1023/25/144 981/25/144 987/25/144
f 1027/25/145 987/25/145 994/25/145
f 1003/25/146 1027/25/146 994/25/146
f 1096/25/147 1015/25/147 1019/25/147
f 1023/25/148 1096/25/148 1019/25/148
f 1123/25/149 1023/25/149 1027/25/149
f 1041/25/150 1123/25/150 1027/25/150
f 1139/25/151 1041/25/151 1066/25/151
f 1078/25/152 2062/25/152 1013/25/152
f 1068/25/153 1139/25/153 1066/25/153
f 1082/25/154 1013/25/154 1014/25/154
f 192/25/155 1141/25/155 1068/25/155
f 1015/25/156 1082/25/156 1014/25/156
f 1139/25/157 1175/25/157 1127/25/157
f 1078/25/158 2054/25/158 2078/25/158
f 1185/25/159 1139/25/159 1141/25/159
f 1148/25/160 1078/25/160 1082/25/160
f 192/25/161 1185/25/161 1141/25/161
f 1151/25/162 1082/25/162 1091/25/162
f 1096/25/163 1151/25/163 1091/25/163
f 1161/25/164 1096/25/164 1100/25/164
f 1167/25/165 1100/25/165 1123/25/165
f 1175/25/166 1123/25/166 1127/25/166
f 1153/25/167 1210/25/167 1151/25/167
f 1243/25/168 1153/25/168 1161/25/168
f 1254/25/169 1161/25/169 1167/25/169
f 1256/25/170 1167/25/170 1175/25/170
f 1257/25/171 1175/25/171 1178/25/171
f 1190/25/172 2054/25/172 1145/25/172
f 1185/25/173 1257/25/173 1178/25/173
f 1148/25/174 1190/25/174 1145/25/174
f 192/25/175 1258/25/175 1185/25/175
f 1210/25/176 1148/25/176 1151/25/176
f 1277/25/177 1254/25/177 1256/25/177
f 1257/25/178 1277/25/178 1256/25/178
f 1190/25/179 2058/25/179 2044/25/179
f 1287/25/180 1257/25/180 1258/25/180
f 1260/25/181 1190/25/181 1203/25/181
f 192/25/182 1287/25/182 1258/25/182
f 1261/25/183 1203/25/183 1210/25/183
f 1262/25/184 1210/25/184 1229/25/184
f 1264/25/185 1229/25/185 1243/25/185
f 1254/25/186 1264/25/186 1243/25/186
f 192/25/187 1341/25/187 1287/25/187
f 1261/25/188 1306/25/188 1260/25/188
f 1262/25/189 1310/25/189 1261/25/189
f 1320/25/190 1262/25/190 1264/25/190
f 1272/25/191 1320/25/191 1264/25/191
f 1333/25/192 1272/25/192 1277/25/192
f 1337/25/193 1277/25/193 1283/25/193
f 1295/25/194 2058/25/194 1259/25/194
f 1341/25/195 1283/25/195 1287/25/195
f 1306/25/196 1259/25/196 1260/25/196
f 1369/25/197 1320/25/197 1328/25/197
f 1333/25/198 1369/25/198 1328/25/198
f 1374/25/199 1333/25/199 1337/25/199
f 1343/25/200 2039/25/200 1295/25/200
f 1341/25/201 1374/25/201 1337/25/201
f 1346/25/202 1295/25/202 1306/25/202
f 192/25/203 1375/25/203 1341/25/203
f 1353/25/204 1306/25/204 1310/25/204
f 1361/25/205 1310/25/205 1316/25/205
f 1320/25/206 1361/25/206 1316/25/206
f 1381/25/207 1343/25/207 1346/25/207
f 192/25/208 1428/25/208 1375/25/208
f 1353/25/209 1381/25/209 1346/25/209
f 1387/25/210 1353/25/210 1361/25/210
f 1363/25/211 1387/25/211 1361/25/211
f 1369/25/212 1396/25/212 1363/25/212
f 1373/25/213 1407/25/213 1369/25/213
f 1425/25/214 1373/25/214 1374/25/214
f 1343/25/215 2023/25/215 2082/25/215
f 1375/25/216 1425/25/216 1374/25/216
f 1451/25/217 1396/25/217 1407/25/217
f 1452/25/218 1407/25/218 1418/25/218
f 1454/25/219 1418/25/219 1425/25/219
f 1431/25/220 2027/25/220 2021/25/220
f 1428/25/221 1454/25/221 1425/25/221
f 1433/25/222 1378/25/222 1381/25/222
f 192/25/223 1457/25/223 1428/25/223
f 1437/25/224 1381/25/224 1384/25/224
f 1441/25/225 1384/25/225 1387/25/225
f 1396/25/226 1441/25/226 1387/25/226
f 1457/25/227 1506/25/227 1454/25/227
f 1460/25/228 1431/25/228 1433/25/228
f 192/25/229 1509/25/229 1457/25/229
f 1475/25/230 1433/25/230 1437/25/230
f 1485/25/231 1437/25/231 1441/25/231
f 1447/25/232 1485/25/232 1441/25/232
f 1451/25/233 1487/25/233 1447/25/233
f 1502/25/234 1451/25/234 1452/25/234
f 1506/25/235 1452/25/235 1454/25/235
f 1431/25/236 2034/25/236 2027/25/236
f 1536/25/237 1485/25/237 1487/25/237
f 1497/25/238 1536/25/238 1487/25/238
f 1542/25/239 1497/25/239 1502/25/239
f 1506/25/240 1542/25/240 1502/25/240
f 1510/25/241 2034/25/241 1459/25/241
f 1545/25/242 1506/25/242 1509/25/242
f 1514/25/243 1459/25/243 1460/25/243
f 192/25/244 1545/25/244 1509/25/244
f 1523/25/245 1460/25/245 1475/25/245
f 1485/25/246 1523/25/246 1475/25/246
f 1510/25/247 2037/25/247 2018/25/247
f 1545/25/248 1588/25/248 1543/25/248
f 1551/25/249 1510/25/249 1514/25/249
f 192/25/250 1592/25/250 1545/25/250
f 1558/25/251 1514/25/251 1523/25/251
f 1529/25/252 1558/25/252 1523/25/252
f 1536/25/253 1563/25/253 1529/25/253
f 1540/25/254 1568/25/254 1536/25/254
f 1542/25/255 1572/25/255 1540/25/255
f 1543/25/256 1584/25/256 1542/25/256
f 1617/25/257 1563/25/257 1568/25/257
f 1572/25/258 1617/25/258 1568/25/258
f 1619/25/259 1572/25/259 1584/25/259
f 1588/25/260 1619/25/260 1584/25/260
f 1550/25/261 2009/25/261 2037/25/261
f 1592/25/262 1620/25/262 1588/25/262
f 1609/25/263 1550/25/263 1551/25/263
f 192/25/264 1621/25/264 1592/25/264
f 1558/25/265 1609/25/265 1551/25/265
f 1563/25/266 1614/25/266 1558/25/266
f 1651/25/267 1619/25/267 1620/25/267
f 1605/25/268 2011/25/268 2009/25/268
f 1654/25/269 1620/25/269 1621/25/269
f 1623/25/270 1605/25/270 1609/25/270
f 192/25/271 1654/25/271 1621/25/271
f 1624/25/272 1609/25/272 1614/25/272
f 1616/25/273 1624/25/273 1614/25/273
f 1639/25/274 1616/25/274 1617/25/274
f 1618/25/275 1639/25/275 1617/25/275
f 1619/25/276 1645/25/276 1618/25/276
f 1670/25/277 1624/25/277 1627/25/277
f 1672/25/278 1627/25/278 1639/25/278
f 1674/25/279 1639/25/279 1645/25/279
f 1676/25/280 1645/25/280 1649/25/280
f 1678/25/281 1649/25/281 1651/25/281
f 1622/25/282 2000/25/282 2011/25/282
f 1654/25/283 1678/25/283 1651/25/283
f 1623/25/284 1657/25/284 1622/25/284
f 192/25/285 1680/25/285 1654/25/285
f 1667/25/286 1623/25/286 1624/25/286
f 1702/25/287 1674/25/287 1676/25/287
f 1678/25/288 1702/25/288 1676/25/288
f 1657/25/289 2003/25/289 2000/25/289
f 1708/25/290 1678/25/290 1680/25/290
f 1662/25/291 1684/25/291 1657/25/291
f 192/25/292 1708/25/292 1680/25/292
f 1691/25/293 1662/25/293 1667/25/293
f 1694/25/294 1667/25/294 1670/25/294
f 1696/25/295 1670/25/295 1672/25/295
f 1674/25/296 1696/25/296 1672/25/296
f 1728/25/297 1687/25/297 1691/25/297
f 1694/25/298 1728/25/298 1691/25/298
f 1734/25/299 1694/25/299 1696/25/299
f 1735/25/300 1696/25/300 1700/25/300
f 1736/25/301 1700/25/301 1702/25/301
f 1737/25/302 1702/25/302 1705/25/302
f 1684/25/303 1995/25/303 2003/25/303
f 1708/25/304 1737/25/304 1705/25/304
f 1687/25/305 1712/25/305 1684/25/305
f 192/25/306 1738/25/306 1708/25/306
f 1736/25/307 1753/25/307 1735/25/307
f 1737/25/308 1757/25/308 1736/25/308
f 1712/25/309 2007/25/309 1995/25/309
f 1767/25/310 1737/25/310 1738/25/310
f 1743/25/311 1712/25/311 1721/25/311
f 192/25/312 1767/25/312 1738/25/312
f 1744/25/313 1721/25/313 1728/25/313
f 1747/25/314 1728/25/314 1732/25/314
f 1734/25/315 1747/25/315 1732/25/315
f 1735/25/316 1749/25/316 1734/25/316
f 192/25/317 1797/25/317 1767/25/317
f 1784/25/318 1743/25/318 1744/25/318
f 1785/25/319 1744/25/319 1747/25/319
f 1787/25/320 1747/25/320 1749/25/320
f 1789/25/321 1749/25/321 1753/25/321
f 1791/25/322 1753/25/322 1757/25/322
f 1793/25/323 1757/25/323 1762/25/323
f 1740/25/324 2013/25/324 2007/25/324
f 1767/25/325 1793/25/325 1762/25/325
f 1743/25/326 1773/25/326 1740/25/326
f 1789/25/327 1813/25/327 1787/25/327
f 1791/25/328 1815/25/328 1789/25/328
f 1793/25/329 1817/25/329 1791/25/329
f 1773/25/330 2012/25/330 2013/25/330
f 1821/25/331 1793/25/331 1797/25/331
f 1804/25/332 1773/25/332 1779/25/332
f 192/25/333 1821/25/333 1797/25/333
f 1807/25/334 1779/25/334 1784/25/334
f 1785/25/335 1807/25/335 1784/25/335
f 1813/25/336 1785/25/336 1787/25/336
f 1829/25/337 1798/25/337 1804/25/337
f 192/25/338 1860/25/338 1821/25/338
f 1807/25/339 1829/25/339 1804/25/339
f 1811/25/340 1838/25/340 1807/25/340
f 1846/25/341 1811/25/341 1813/25/341
f 1851/25/342 1813/25/342 1815/25/342
f 1856/25/343 1815/25/343 1817/25/343
f 1859/25/344 1817/25/344 1820/25/344
f 1798/25/345 2014/25/345 2012/25/345
f 1821/25/346 1859/25/346 1820/25/346
f 1851/25/347 1869/25/347 1846/25/347
f 1856/25/348 1870/25/348 1851/25/348
f 1859/25/349 1871/25/349 1856/25/349
f 2014/25/350 1862/25/350 2015/25/350
f 1876/25/351 1859/25/351 1860/25/351
f 1829/25/352 1862/25/352 1827/25/352
f 192/25/353 1876/25/353 1860/25/353
f 1838/25/354 1864/25/354 1829/25/354
f 1842/25/355 1866/25/355 1838/25/355
f 1869/25/356 1842/25/356 1846/25/356
f 1913/25/357 1873/25/357 1876/25/357
f 1864/25/358 1882/25/358 1862/25/358
f 192/25/359 1913/25/359 1876/25/359
f 1899/25/360 1864/25/360 1866/25/360
f 1868/25/361 1899/25/361 1866/25/361
f 1903/25/362 1868/25/362 1869/25/362
f 1870/25/363 1903/25/363 1869/25/363
f 1906/25/364 1870/25/364 1871/25/364
f 1911/25/365 1871/25/365 1873/25/365
f 1882/25/366 2015/25/366 1862/25/366
f 1927/25/367 1901/25/367 1903/25/367
f 1905/25/368 1927/25/368 1903/25/368
f 1932/25/369 1905/25/369 1906/25/369
f 1933/25/370 1906/25/370 1911/25/370
f 1882/25/371 2035/25/371 2019/25/371
f 1913/25/372 1933/25/372 1911/25/372
f 1894/25/373 1914/25/373 1882/25/373
f 192/25/374 1936/25/374 1913/25/374
f 1922/25/375 1894/25/375 1899/25/375
f 1926/25/376 1899/25/376 1901/25/376
f 1970/25/377 1932/25/377 1933/25/377
f 1943/25/378 2035/25/378 1914/25/378
f 1936/25/379 1970/25/379 1933/25/379
f 1920/25/380 1943/25/380 1914/25/380
f 192/25/381 1974/25/381 1936/25/381
f 1951/25/382 1920/25/382 1922/25/382
f 1926/25/383 1951/25/383 1922/25/383
f 1955/25/384 1926/25/384 1927/25/384
f 1962/25/385 1927/25/385 1930/25/385
f 1965/25/386 1930/25/386 1932/25/386
f 1954/25/387 1978/25/387 1951/25/387
f 1980/25/388 1954/25/388 1955/25/388
f 1981/25/389 1955/25/389 1962/25/389
f 1982/25/390 1962/25/390 1965/25/390
f 1983/25/391 1965/25/391 1970/25/391
f 1976/25/392 2030/25/392 1943/25/392
f 1984/25/393 1970/25/393 1974/25/393
f 1947/25/394 1976/25/394 1943/25/394
f 192/25/395 1984/25/395 1974/25/395
f 1978/25/396 1947/25/396 1951/25/396
f 1983/25/397 187/25/397 1982/25/397
f 98/25/398 2026/25/398 1976/25/398
f 1994/25/399 1983/25/399 1984/25/399
f 1977/25/400 98/25/400 1976/25/400
f 192/25/401 1994/25/401 1984/25/401
f 1978/25/402 122/25/402 1977/25/402
f 1979/25/403 1986/25/403 1978/25/403
f 1980/25/404 154/25/404 1979/25/404
f 1981/25/405 162/25/405 1980/25/405
f 1982/25/406 180/25/406 1981/25/406
f 276/25/7 79/25/7 109/25/7
f 190/25/8 325/25/8 2331/25/8
f 2329/25/9 276/25/9 109/25/9
f 139/25/10 279/25/10 2329/25/10
f 285/25/11 139/25/11 144/25/11
f 286/25/12 144/25/12 158/25/12
f 172/25/13 286/25/13 158/25/13
f 2330/25/14 307/25/14 172/25/14
f 79/25/15 2358/25/15 2350/25/15
f 2331/25/16 309/25/16 2330/25/16
f 281/25/17 403/25/17 279/25/17
f 285/25/18 408/25/18 281/25/18
f 286/25/19 421/25/19 285/25/19
f 449/25/407 286/25/407 307/25/407
f 309/25/21 449/25/21 307/25/21
f 2358/25/22 382/25/22 2357/25/22
f 325/25/23 454/25/23 309/25/23
f 276/25/24 382/25/24 250/25/24
f 190/25/25 461/25/25 325/25/25
f 279/25/26 392/25/26 276/25/26
f 584/25/27 449/25/27 454/25/27
f 382/25/28 2360/25/28 2357/25/28
f 595/25/29 454/25/29 461/25/29
f 530/25/30 382/25/30 392/25/30
f 190/25/31 595/25/31 461/25/31
f 403/25/32 530/25/32 392/25/32
f 408/25/33 533/25/33 403/25/33
f 546/25/34 408/25/34 421/25/34
f 560/25/35 421/25/35 442/25/35
f 564/25/36 442/25/36 449/25/36
f 537/25/37 651/25/37 533/25/37
f 691/25/38 537/25/38 546/25/38
f 560/25/39 691/25/39 546/25/39
f 564/25/40 700/25/40 560/25/40
f 584/25/41 714/25/41 564/25/41
f 2360/25/42 647/25/42 2367/25/42
f 595/25/43 723/25/43 584/25/43
f 649/25/44 520/25/44 530/25/44
f 190/25/45 726/25/45 595/25/45
f 533/25/46 649/25/46 530/25/46
f 834/25/47 700/25/47 714/25/47
f 723/25/48 834/25/48 714/25/48
f 647/25/49 2369/25/49 2367/25/49
f 847/25/50 723/25/50 726/25/50
f 798/25/51 647/25/51 649/25/51
f 190/25/52 847/25/52 726/25/52
f 651/25/53 798/25/53 649/25/53
f 815/25/54 651/25/54 671/25/54
f 819/25/55 671/25/55 691/25/55
f 826/25/56 691/25/56 700/25/56
f 929/25/57 798/25/57 809/25/57
f 942/25/58 809/25/58 815/25/58
f 955/25/59 815/25/59 819/25/59
f 966/25/60 819/25/60 826/25/60
f 834/25/61 966/25/61 826/25/61
f 982/25/62 834/25/62 840/25/62
f 782/25/63 2372/25/63 2369/25/63
f 847/25/64 982/25/64 840/25/64
f 919/25/65 782/25/65 798/25/65
f 190/25/66 984/25/66 847/25/66
f 1094/25/67 966/25/67 978/25/67
f 1098/25/68 978/25/68 982/25/68
f 901/25/69 2363/25/69 2372/25/69
f 984/25/70 1098/25/70 982/25/70
f 1057/25/71 901/25/71 919/25/71
f 190/25/72 1109/25/72 984/25/72
f 929/25/73 1057/25/73 919/25/73
f 1074/25/74 929/25/74 942/25/74
f 1086/25/75 942/25/75 955/25/75
f 1090/25/76 955/25/76 966/25/76
f 190/25/77 1255/25/77 1109/25/77
f 1071/25/78 1182/25/78 1057/25/78
f 1199/25/79 1071/25/79 1074/25/79
f 1207/25/80 1074/25/80 1086/25/80
f 1219/25/81 1086/25/81 1090/25/81
f 1094/25/82 1219/25/82 1090/25/82
f 1249/25/83 1094/25/83 1098/25/83
f 1048/25/84 2361/25/84 2363/25/84
f 1109/25/85 1249/25/85 1098/25/85
f 1182/25/86 1048/25/86 1057/25/86
f 1318/25/87 1207/25/87 1219/25/87
f 1233/25/88 1318/25/88 1219/25/88
f 1249/25/89 1323/25/89 1233/25/89
f 1290/25/90 2361/25/90 1180/25/90
f 1340/25/91 1249/25/91 1255/25/91
f 1292/25/92 1180/25/92 1182/25/92
f 190/25/93 1340/25/93 1255/25/93
f 1188/25/94 1292/25/94 1182/25/94
f 1312/25/95 1188/25/95 1199/25/95
f 1314/25/96 1199/25/96 1207/25/96
f 1340/25/97 1427/25/97 1329/25/97
f 1380/25/98 1290/25/98 1292/25/98
f 190/25/99 1429/25/99 1340/25/99
f 1300/25/100 1380/25/100 1292/25/100
f 1394/25/101 1300/25/101 1312/25/101
f 1314/25/102 1394/25/102 1312/25/102
f 1416/25/408 1314/25/408 1318/25/408
f 1323/25/104 1416/25/104 1318/25/104
f 1427/25/105 1323/25/105 1329/25/105
f 1376/25/106 2353/25/106 1290/25/106
f 1403/25/107 1494/25/107 1394/25/107
f 1504/25/108 1403/25/108 1416/25/108
f 1507/25/109 1416/25/109 1422/25/109
f 1427/25/110 1507/25/110 1422/25/110
f 1376/25/111 2345/25/111 2349/25/111
f 1429/25/112 1508/25/112 1427/25/112
f 1470/25/113 1376/25/113 1380/25/113
f 190/25/114 1512/25/114 1429/25/114
f 1386/25/115 1470/25/115 1380/25/115
f 1494/25/116 1386/25/116 1394/25/116
f 1466/25/117 2347/25/117 2345/25/117
f 1613/25/118 1508/25/118 1512/25/118
f 1565/25/119 1466/25/119 1470/25/119
f 190/25/120 1613/25/120 1512/25/120
f 1567/25/121 1470/25/121 1481/25/121
f 1571/25/122 1481/25/122 1494/25/122
f 1580/25/123 1494/25/123 1500/25/123
f 1504/25/124 1580/25/124 1500/25/124
f 1596/25/125 1504/25/125 1507/25/125
f 1603/25/126 1507/25/126 1508/25/126
f 1652/25/127 1571/25/127 1580/25/127
f 1653/25/128 1580/25/128 1591/25/128
f 1659/25/129 1591/25/129 1596/25/129
f 1661/25/130 1596/25/130 1603/25/130
f 1555/25/131 2344/25/131 2347/25/131
f 1664/25/132 1603/25/132 1613/25/132
f 1634/25/133 1555/25/133 1565/25/133
f 190/25/134 1664/25/134 1613/25/134
f 1643/25/135 1565/25/135 1567/25/135
f 1648/25/136 1567/25/136 1571/25/136
f 1661/25/137 1719/25/137 1659/25/137
f 1698/25/138 2344/25/138 1630/25/138
f 1664/25/139 1724/25/139 1661/25/139
f 1701/25/140 1630/25/140 1634/25/140
f 190/25/141 1730/25/141 1664/25/141
f 1703/25/142 1634/25/142 1643/25/142
f 1704/25/143 1643/25/143 1648/25/143
f 1652/25/144 1704/25/144 1648/25/144
f 1653/25/145 1706/25/145 1652/25/145
f 1719/25/146 1653/25/146 1659/25/146
f 1704/25/147 1763/25/147 1703/25/147
f 1777/25/148 1704/25/148 1706/25/148
f 1709/25/149 1777/25/149 1706/25/149
f 1782/25/150 1709/25/150 1719/25/150
f 1786/25/151 1719/25/151 1724/25/151
f 1698/25/152 2341/25/152 2346/25/152
f 1788/25/153 1724/25/153 1730/25/153
f 1760/25/154 1698/25/154 1701/25/154
f 190/25/155 1788/25/155 1730/25/155
f 1703/25/156 1760/25/156 1701/25/156
f 1786/25/157 1841/25/157 1782/25/157
f 1755/25/158 2342/25/158 2341/25/158
f 1849/25/159 1786/25/159 1788/25/159
f 1819/25/160 1755/25/160 1760/25/160
f 190/25/161 1849/25/161 1788/25/161
f 1822/25/162 1760/25/162 1763/25/162
f 1771/25/163 1822/25/163 1763/25/163
f 1830/25/164 1771/25/164 1777/25/164
f 1780/25/165 1830/25/165 1777/25/165
f 1841/25/166 1780/25/166 1782/25/166
f 1890/25/167 1822/25/167 1824/25/167
f 1897/25/168 1824/25/168 1830/25/168
f 1900/25/169 1830/25/169 1833/25/169
f 1902/25/170 1833/25/170 1841/25/170
f 1904/25/409 1841/25/409 1844/25/409
f 1818/25/172 2343/25/172 2342/25/172
f 1908/25/173 1844/25/173 1849/25/173
f 1879/25/174 1818/25/174 1819/25/174
f 190/25/175 1908/25/175 1849/25/175
f 1884/25/176 1819/25/176 1822/25/176
f 1963/25/177 1900/25/177 1902/25/177
f 1968/25/178 1902/25/178 1904/25/178
f 1872/25/179 2340/25/179 2343/25/179
f 1972/25/180 1904/25/180 1908/25/180
f 1879/25/181 1940/25/181 1872/25/181
f 190/25/182 1972/25/182 1908/25/182
f 1948/25/183 1879/25/183 1884/25/183
f 1952/25/184 1884/25/184 1890/25/184
f 1897/25/185 1952/25/185 1890/25/185
f 1959/25/186 1897/25/186 1900/25/186
f 190/25/187 2010/25/187 1972/25/187
f 1991/25/188 1945/25/188 1948/25/188
f 1952/25/189 1991/25/189 1948/25/189
f 2001/25/190 1952/25/190 1953/25/190
f 2005/25/191 1953/25/191 1959/25/191
f 1963/25/192 2005/25/192 1959/25/192
f 2008/25/193 1963/25/193 1968/25/193
f 1940/25/194 2338/25/194 2340/25/194
f 2010/25/195 1968/25/195 1972/25/195
f 1945/25/196 1985/25/196 1940/25/196
f 2042/25/197 2001/25/197 2005/25/197
f 2046/25/198 2005/25/198 2006/25/198
f 2008/25/199 2046/25/199 2006/25/199
f 1985/25/200 2336/25/200 2338/25/200
f 2052/25/201 2008/25/201 2010/25/201
f 2033/25/202 1985/25/202 1989/25/202
f 190/25/203 2052/25/203 2010/25/203
f 2036/25/204 1989/25/204 1991/25/204
f 2038/25/205 1991/25/205 1998/25/205
f 2001/25/206 2038/25/206 1998/25/206
f 2070/25/207 2032/25/207 2033/25/207
f 190/25/208 2091/25/208 2052/25/208
f 2073/25/209 2033/25/209 2036/25/209
f 2038/25/210 2073/25/210 2036/25/210
f 2040/25/211 2079/25/211 2038/25/211
f 2087/25/212 2040/25/212 2042/25/212
f 2089/25/213 2042/25/213 2046/25/213
f 2090/25/214 2046/25/214 2048/25/214
f 2032/25/215 2337/25/215 2336/25/215
f 2052/25/216 2090/25/216 2048/25/216
f 2097/25/217 2083/25/217 2087/25/217
f 2098/25/218 2087/25/218 2089/25/218
f 2090/25/219 2098/25/219 2089/25/219
f 2069/25/220 2335/25/220 2337/25/220
f 2091/25/221 2100/25/221 2090/25/221
f 2093/25/222 2069/25/222 2070/25/222
f 190/25/223 2102/25/223 2091/25/223
f 2094/25/224 2070/25/224 2073/25/224
f 2095/25/225 2073/25/225 2079/25/225
f 2083/25/226 2095/25/226 2079/25/226
f 2118/25/227 2100/25/227 2102/25/227
f 2106/25/228 2092/25/228 2093/25/228
f 190/25/229 2118/25/229 2102/25/229
f 2094/25/230 2106/25/230 2093/25/230
f 2110/25/231 2094/25/231 2095/25/231
f 2111/25/232 2095/25/232 2096/25/232
f 2113/25/233 2096/25/233 2097/25/233
f 2098/25/234 2113/25/234 2097/25/234
f 2117/25/235 2098/25/235 2100/25/235
f 2092/25/236 2339/25/236 2335/25/236
f 2123/25/237 2110/25/237 2111/25/237
f 2124/25/238 2111/25/238 2113/25/238
f 2125/25/239 2113/25/239 2116/25/239
f 2117/25/240 2125/25/240 2116/25/240
f 2104/25/241 2333/25/241 2339/25/241
f 2127/25/242 2117/25/242 2118/25/242
f 2120/25/410 2104/25/410 2106/25/410
f 190/25/244 2127/25/244 2118/25/244
f 2121/25/245 2106/25/245 2108/25/245
f 2110/25/246 2121/25/246 2108/25/246
f 2130/25/247 2333/25/247 2119/25/247
f 2145/25/248 2126/25/248 2127/25/248
f 2132/25/249 2119/25/249 2120/25/249
f 190/25/250 2145/25/250 2127/25/250
f 2134/25/251 2120/25/251 2121/25/251
f 2135/25/252 2121/25/252 2122/25/252
f 2137/25/253 2122/25/253 2123/25/253
f 2124/25/254 2137/25/254 2123/25/254
f 2141/25/255 2124/25/255 2125/25/255
f 2143/25/256 2125/25/256 2126/25/256
f 2150/25/257 2135/25/257 2137/25/257
f 2140/25/258 2150/25/258 2137/25/258
f 2152/25/259 2140/25/259 2141/25/259
f 2143/25/260 2152/25/260 2141/25/260
f 2130/25/261 2332/25/261 2334/25/261
f 2145/25/262 2153/25/262 2143/25/262
f 2147/25/263 2130/25/263 2132/25/263
f 190/25/264 2154/25/264 2145/25/264
f 2148/25/265 2132/25/265 2134/25/265
f 2149/25/266 2134/25/266 2135/25/266
f 2169/25/267 2152/25/267 2153/25/267
f 2146/25/268 2348/25/268 2332/25/268
f 2171/25/269 2153/25/269 2154/25/269
f 2158/25/270 2146/25/270 2147/25/270
f 190/25/271 2171/25/271 2154/25/271
f 2160/25/272 2147/25/272 2148/25/272
f 2149/25/273 2160/25/273 2148/25/273
f 2164/25/274 2149/25/274 2150/25/274
f 2151/25/275 2164/25/275 2150/25/275
f 2152/25/276 2166/25/276 2151/25/276
f 2162/25/277 2175/25/277 2160/25/277
f 2164/25/278 2176/25/278 2162/25/278
f 2178/25/279 2164/25/279 2166/25/279
f 2167/25/280 2178/25/280 2166/25/280
f 2180/25/281 2167/25/281 2169/25/281
f 2156/25/282 2352/25/282 2348/25/282
f 2181/25/283 2169/25/283 2171/25/283
f 2158/25/284 2173/25/284 2156/25/284
f 190/25/285 2181/25/285 2171/25/285
f 2175/25/286 2158/25/286 2160/25/286
f 2193/25/411 2178/25/411 2179/25/411
f 2195/25/288 2179/25/288 2180/25/288
f 2173/25/289 2354/25/289 2352/25/289
f 2181/25/290 2195/25/290 2180/25/290
f 2184/25/291 2173/25/291 2174/25/291
f 190/25/292 2197/25/292 2181/25/292
f 2186/25/293 2174/25/293 2175/25/293
f 2176/25/294 2186/25/294 2175/25/294
f 2189/25/295 2176/25/295 2177/25/295
f 2191/25/296 2177/25/296 2178/25/296
f 2202/25/297 2184/25/297 2186/25/297
f 2187/25/298 2202/25/298 2186/25/298
f 2204/25/299 2187/25/299 2189/25/299
f 2191/25/300 2204/25/300 2189/25/300
f 2193/25/301 2205/25/301 2191/25/301
f 2195/25/302 2206/25/302 2193/25/302
f 2182/25/303 2362/25/303 2354/25/303
f 2208/25/304 2195/25/304 2197/25/304
f 2201/25/305 2182/25/305 2184/25/305
f 190/25/306 2208/25/306 2197/25/306
f 2219/25/307 2205/25/307 2206/25/307
f 2207/25/308 2219/25/308 2206/25/308
f 2209/25/309 2370/25/309 2364/25/309
f 2208/25/310 2222/25/310 2207/25/310
f 2210/25/311 2199/25/311 2201/25/311
f 190/25/312 2224/25/312 2208/25/312
f 2211/25/313 2201/25/313 2202/25/313
f 2213/25/412 2202/25/412 2203/25/412
f 2204/25/315 2213/25/315 2203/25/315
f 2217/25/316 2204/25/316 2205/25/316
f 190/25/317 2235/25/317 2224/25/317
f 2211/25/318 2228/25/318 2210/25/318
f 2213/25/319 2229/25/319 2211/25/319
f 2231/25/320 2213/25/320 2215/25/320
f 2232/25/321 2215/25/321 2217/25/321
f 2233/25/413 2217/25/413 2219/25/413
f 2234/25/323 2219/25/323 2222/25/323
f 2209/25/324 2371/25/324 2370/25/324
f 2235/25/325 2222/25/325 2224/25/325
f 2228/25/326 2209/25/326 2210/25/326
f 2232/25/327 2242/25/327 2231/25/327
f 2233/25/328 2243/25/328 2232/25/328
f 2234/25/329 2245/25/329 2233/25/329
f 2226/25/414 2368/25/414 2371/25/414
f 2249/25/331 2234/25/331 2235/25/331
f 2237/25/332 2226/25/332 2228/25/332
f 190/25/333 2249/25/333 2235/25/333
f 2238/25/334 2228/25/334 2229/25/334
f 2230/25/335 2238/25/335 2229/25/335
f 2242/25/336 2230/25/336 2231/25/336
f 2237/25/337 2251/25/337 2236/25/337
f 190/25/338 2262/25/338 2249/25/338
f 2256/25/339 2237/25/339 2238/25/339
f 2239/25/340 2256/25/340 2238/25/340
f 2258/25/341 2239/25/341 2242/25/341
f 2259/25/342 2242/25/342 2243/25/342
f 2260/25/343 2243/25/343 2245/25/343
f 2247/25/344 2260/25/344 2245/25/344
f 2236/25/345 2365/25/345 2368/25/345
f 2262/25/346 2247/25/346 2249/25/346
f 2259/25/347 2268/25/347 2258/25/347
f 2271/25/348 2259/25/348 2260/25/348
f 2261/25/349 2271/25/349 2260/25/349
f 2251/25/350 2366/25/350 2365/25/350
f 2275/25/415 2261/25/415 2262/25/415
f 2253/25/352 2263/25/352 2251/25/352
f 190/25/353 2275/25/353 2262/25/353
f 2265/25/354 2253/25/354 2256/25/354
f 2257/25/355 2265/25/355 2256/25/355
f 2258/25/356 2266/25/356 2257/25/356
f 2289/25/357 2273/25/357 2275/25/357
f 2264/25/358 2278/25/358 2263/25/358
f 190/25/359 2289/25/359 2275/25/359
f 2282/25/360 2264/25/360 2265/25/360
f 2266/25/361 2282/25/361 2265/25/361
f 2285/25/362 2266/25/362 2268/25/362
f 2286/25/363 2268/25/363 2270/25/363
f 2287/25/364 2270/25/364 2271/25/364
f 2273/25/365 2287/25/365 2271/25/365
f 2263/25/366 2359/25/366 2366/25/366
f 2285/25/367 2293/25/367 2284/25/367
f 2286/25/368 2294/25/368 2285/25/368
f 2297/25/369 2286/25/369 2287/25/369
f 2288/25/416 2297/25/416 2287/25/416
f 2278/25/371 2355/25/371 2359/25/371
f 2301/25/372 2288/25/372 2289/25/372
f 2280/25/373 2290/25/373 2278/25/373
f 190/25/374 2301/25/374 2289/25/374
f 2292/25/375 2280/25/375 2282/25/375
f 2284/25/376 2292/25/376 2282/25/376
f 2299/25/377 2314/25/377 2297/25/377
f 2290/25/417 2356/25/417 2355/25/417
f 2316/25/379 2299/25/379 2301/25/379
f 2306/25/380 2290/25/380 2291/25/380
f 190/25/381 2316/25/381 2301/25/381
f 2292/25/382 2306/25/382 2291/25/382
f 2309/25/383 2292/25/383 2293/25/383
f 2312/25/384 2293/25/384 2294/25/384
f 2313/25/385 2294/25/385 2296/25/385
f 2314/25/386 2296/25/386 2297/25/386
f 2309/25/387 2321/25/387 2308/25/387
f 2324/25/388 2309/25/388 2312/25/388
f 2325/25/389 2312/25/389 2313/25/389
f 2326/25/390 2313/25/390 2314/25/390
f 2327/25/391 2314/25/391 2315/25/391
f 2303/25/392 2351/25/392 2356/25/392
f 2316/25/393 2327/25/393 2315/25/393
f 2306/25/394 2317/25/394 2303/25/394
f 190/25/395 2328/25/395 2316/25/395
f 2308/25/396 2319/25/396 2306/25/396
f 2327/25/397 172/25/397 2326/25/397
f 2317/25/398 2350/25/398 2351/25/398
f 2331/25/399 2327/25/399 2328/25/399
f 2319/25/400 79/25/400 2317/25/400
f 190/25/401 2331/25/401 2328/25/401
f 2321/25/402 109/25/402 2319/25/402
f 2323/25/403 2329/25/403 2321/25/403
f 2324/25/404 139/25/404 2323/25/404
f 2325/25/405 144/25/405 2324/25/405
f 2326/25/406 158/25/406 2325/25/406
f 241/25/13 124/25/13 133/25/13
f 2320/25/14 241/25/14 133/25/14
f 61/25/15 2383/25/15 2380/25/15
f 2322/25/16 253/25/16 2320/25/16
f 222/25/7 61/25/7 91/25/7
f 146/25/8 263/25/8 2322/25/8
f 2318/25/9 222/25/9 91/25/9
f 229/25/10 2318/25/10 95/25/10
f 231/25/11 95/25/11 118/25/11
f 124/25/12 231/25/12 118/25/12
f 354/25/23 253/25/23 263/25/23
f 303/25/24 213/25/24 222/25/24
f 146/25/25 354/25/25 263/25/25
f 226/25/26 303/25/26 222/25/26
f 318/25/17 226/25/17 229/25/17
f 323/25/18 229/25/18 231/25/18
f 237/25/19 323/25/19 231/25/19
f 341/25/20 237/25/20 241/25/20
f 349/25/21 241/25/21 253/25/21
f 2383/25/22 299/25/22 2386/25/22
f 412/25/34 318/25/34 323/25/34
f 334/25/35 412/25/35 323/25/35
f 425/25/36 334/25/36 341/25/36
f 349/25/27 425/25/27 341/25/27
f 2386/25/28 396/25/28 2387/25/28
f 440/25/29 349/25/29 354/25/29
f 397/25/30 299/25/30 303/25/30
f 146/25/31 440/25/31 354/25/31
f 401/25/32 303/25/32 313/25/32
f 407/25/33 313/25/33 318/25/33
f 396/25/42 2388/25/42 2387/25/42
f 531/25/43 436/25/43 440/25/43
f 480/25/44 396/25/44 397/25/44
f 146/25/45 531/25/45 440/25/45
f 401/25/46 480/25/46 397/25/46
f 407/25/37 482/25/37 401/25/37
f 412/25/38 488/25/38 407/25/38
f 419/25/39 506/25/39 412/25/39
f 524/25/40 419/25/40 425/25/40
f 528/25/418 425/25/418 436/25/418
f 506/25/55 592/25/55 488/25/55
f 517/25/56 594/25/56 506/25/56
f 605/25/47 517/25/47 524/25/47
f 528/25/48 605/25/48 524/25/48
f 478/25/49 2392/25/49 2388/25/49
f 531/25/50 606/25/50 528/25/50
f 480/25/51 566/25/51 478/25/51
f 146/25/52 616/25/52 531/25/52
f 482/25/53 581/25/53 480/25/53
f 592/25/54 482/25/54 488/25/54
f 704/25/62 605/25/62 606/25/62
f 566/25/63 2390/25/63 2392/25/63
f 708/25/64 606/25/64 616/25/64
f 655/25/65 566/25/65 581/25/65
f 146/25/66 708/25/66 616/25/66
f 587/25/57 655/25/57 581/25/57
f 673/25/58 587/25/58 592/25/58
f 594/25/59 673/25/59 592/25/59
f 695/25/60 594/25/60 601/25/60
f 698/25/61 601/25/61 605/25/61
f 673/25/74 766/25/74 665/25/74
f 680/25/75 771/25/75 673/25/75
f 776/25/76 680/25/76 695/25/76
f 781/25/67 695/25/67 698/25/67
f 704/25/68 781/25/68 698/25/68
f 652/25/69 2399/25/69 2390/25/69
f 708/25/70 784/25/70 704/25/70
f 761/25/71 652/25/71 655/25/71
f 146/25/72 790/25/72 708/25/72
f 766/25/73 655/25/73 665/25/73
f 893/25/83 781/25/83 784/25/83
f 741/25/84 2398/25/84 2399/25/84
f 790/25/85 893/25/85 784/25/85
f 843/25/86 741/25/86 761/25/86
f 146/25/77 894/25/77 790/25/77
f 846/25/78 761/25/78 766/25/78
f 848/25/79 766/25/79 771/25/79
f 860/25/80 771/25/80 775/25/80
f 864/25/81 775/25/81 776/25/81
f 878/25/82 776/25/82 781/25/82
f 848/25/95 939/25/95 846/25/95
f 953/25/96 848/25/96 860/25/96
f 864/25/87 953/25/87 860/25/87
f 962/25/88 864/25/88 878/25/88
f 972/25/89 878/25/89 893/25/89
f 838/25/90 2396/25/90 2398/25/90
f 975/25/91 893/25/91 894/25/91
f 936/25/92 838/25/92 843/25/92
f 146/25/93 975/25/93 894/25/93
f 939/25/94 843/25/94 846/25/94
f 962/25/104 1050/25/104 956/25/104
f 972/25/105 1062/25/105 962/25/105
f 928/25/106 2394/25/106 2396/25/106
f 1067/25/97 972/25/97 975/25/97
f 1021/25/98 928/25/98 936/25/98
f 146/25/99 1067/25/99 975/25/99
f 1025/25/100 936/25/100 939/25/100
f 1030/25/101 939/25/101 950/25/101
f 1038/25/102 950/25/102 953/25/102
f 1050/25/103 953/25/103 956/25/103
f 146/25/114 1149/25/114 1067/25/114
f 1118/25/115 1021/25/115 1025/25/115
f 1030/25/116 1118/25/116 1025/25/116
f 1038/25/107 1133/25/107 1030/25/107
f 1142/25/108 1038/25/108 1050/25/108
f 1146/25/109 1050/25/109 1062/25/109
f 1147/25/110 1062/25/110 1063/25/110
f 1017/25/111 2395/25/111 2394/25/111
f 1067/25/112 1147/25/112 1063/25/112
f 1117/25/113 1017/25/113 1021/25/113
f 1227/25/124 1137/25/124 1142/25/124
f 1146/25/125 1227/25/125 1142/25/125
f 1240/25/126 1146/25/126 1147/25/126
f 1104/25/117 2393/25/117 2395/25/117
f 1149/25/118 1240/25/118 1147/25/118
f 1201/25/119 1104/25/119 1117/25/119
f 146/25/120 1252/25/120 1149/25/120
f 1205/25/121 1117/25/121 1118/25/121
f 1213/25/122 1118/25/122 1133/25/122
f 1221/25/123 1133/25/123 1137/25/123
f 1201/25/133 1266/25/133 1193/25/133
f 146/25/134 1303/25/134 1252/25/134
f 1205/25/135 1275/25/135 1201/25/135
f 1288/25/136 1205/25/136 1213/25/136
f 1291/25/127 1213/25/127 1221/25/127
f 1227/25/128 1291/25/128 1221/25/128
f 1297/25/129 1227/25/129 1231/25/129
f 1302/25/130 1231/25/130 1240/25/130
f 1193/25/131 2397/25/131 2393/25/131
f 1303/25/132 1240/25/132 1252/25/132
f 1294/25/145 1345/25/145 1291/25/145
f 1357/25/146 1294/25/146 1297/25/146
f 1302/25/137 1357/25/137 1297/25/137
f 1336/25/138 2397/25/138 1266/25/138
f 1371/25/139 1302/25/139 1303/25/139
f 1275/25/419 1336/25/419 1266/25/419
f 146/25/141 1371/25/141 1303/25/141
f 1342/25/142 1275/25/142 1285/25/142
f 1288/25/143 1342/25/143 1285/25/143
f 1345/25/144 1288/25/144 1291/25/144
f 1371/25/153 1424/25/153 1368/25/153
f 1399/25/154 1336/25/154 1339/25/154
f 146/25/155 1426/25/155 1371/25/155
f 1401/25/156 1339/25/156 1342/25/156
f 1404/25/147 1342/25/147 1344/25/147
f 1412/25/148 1344/25/148 1345/25/148
f 1420/25/149 1345/25/149 1350/25/149
f 1423/25/150 1350/25/150 1357/25/150
f 1424/25/151 1357/25/151 1368/25/151
f 1389/25/152 2389/25/152 1336/25/152
f 1468/25/164 1404/25/164 1412/25/164
f 1420/25/165 1468/25/165 1412/25/165
f 1423/25/166 1471/25/166 1420/25/166
f 1484/25/157 1423/25/157 1424/25/157
f 1389/25/158 2400/25/158 2391/25/158
f 1492/25/159 1424/25/159 1426/25/159
f 1399/25/160 1456/25/160 1389/25/160
f 146/25/161 1492/25/161 1426/25/161
f 1462/25/162 1399/25/162 1401/25/162
f 1464/25/163 1401/25/163 1404/25/163
f 1511/25/172 2400/25/172 1456/25/172
f 1547/25/173 1484/25/173 1492/25/173
f 1516/25/174 1456/25/174 1458/25/174
f 146/25/175 1547/25/175 1492/25/175
f 1519/25/176 1458/25/176 1462/25/176
f 1464/25/167 1519/25/167 1462/25/167
f 1538/25/168 1464/25/168 1468/25/168
f 1471/25/169 1538/25/169 1468/25/169
f 1541/25/170 1471/25/170 1480/25/170
f 1544/25/171 1480/25/171 1484/25/171
f 1593/25/185 1534/25/185 1538/25/185
f 1539/25/186 1593/25/186 1538/25/186
f 1601/25/177 1539/25/177 1541/25/177
f 1544/25/178 1601/25/178 1541/25/178
f 1578/25/179 2384/25/179 1511/25/179
f 1547/25/180 1606/25/180 1544/25/180
f 1582/25/181 1511/25/181 1516/25/181
f 146/25/182 1611/25/182 1547/25/182
f 1585/25/183 1516/25/183 1519/25/183
f 1534/25/184 1585/25/184 1519/25/184
f 1647/25/193 1601/25/193 1606/25/193
f 1625/25/194 2385/25/194 1578/25/194
f 1611/25/195 1647/25/195 1606/25/195
f 1629/25/196 1578/25/196 1582/25/196
f 146/25/187 1650/25/187 1611/25/187
f 1632/25/188 1582/25/188 1585/25/188
f 1637/25/189 1585/25/189 1590/25/189
f 1593/25/190 1637/25/190 1590/25/190
f 1644/25/191 1593/25/191 1594/25/191
f 1646/25/192 1594/25/192 1601/25/192
f 1677/25/205 1632/25/205 1637/25/205
f 1640/25/206 1677/25/206 1637/25/206
f 1681/25/197 1640/25/197 1644/25/197
f 1682/25/198 1644/25/198 1646/25/198
f 1689/25/199 1646/25/199 1647/25/199
f 1625/25/200 2381/25/200 2382/25/200
f 1693/25/201 1647/25/201 1650/25/201
f 1673/25/202 1625/25/202 1629/25/202
f 146/25/203 1693/25/203 1650/25/203
f 1632/25/204 1673/25/204 1629/25/204
f 1729/25/213 1681/25/213 1682/25/213
f 1731/25/214 1682/25/214 1689/25/214
f 1669/25/215 2379/25/215 2381/25/215
f 1733/25/216 1689/25/216 1693/25/216
f 1711/25/207 1669/25/207 1673/25/207
f 146/25/208 1733/25/208 1693/25/208
f 1714/25/209 1673/25/209 1675/25/209
f 1677/25/210 1714/25/210 1675/25/210
f 1722/25/211 1677/25/211 1679/25/211
f 1727/25/212 1679/25/212 1681/25/212
f 1758/25/224 1711/25/224 1714/25/224
f 1759/25/225 1714/25/225 1717/25/225
f 1722/25/226 1759/25/226 1717/25/226
f 1764/25/217 1722/25/217 1727/25/217
f 1765/25/218 1727/25/218 1729/25/218
f 1768/25/219 1729/25/219 1731/25/219
f 1707/25/220 2377/25/220 2379/25/220
f 1775/25/221 1731/25/221 1733/25/221
f 1756/25/222 1707/25/222 1711/25/222
f 146/25/223 1775/25/223 1733/25/223
f 1765/25/234 1808/25/234 1764/25/234
f 1814/25/235 1765/25/235 1768/25/235
f 1750/25/236 2378/25/236 2377/25/236
f 1775/25/227 1814/25/227 1768/25/227
f 1792/25/228 1750/25/228 1756/25/228
f 146/25/229 1816/25/229 1775/25/229
f 1795/25/230 1756/25/230 1758/25/230
f 1759/25/231 1795/25/231 1758/25/231
f 1761/25/232 1801/25/232 1759/25/232
f 1764/25/233 1803/25/233 1761/25/233
f 146/25/244 1854/25/244 1816/25/244
f 1840/25/245 1792/25/245 1795/25/245
f 1801/25/246 1840/25/246 1795/25/246
f 1845/25/237 1801/25/237 1803/25/237
f 1808/25/238 1845/25/238 1803/25/238
f 1812/25/239 1847/25/239 1808/25/239
f 1852/25/420 1812/25/420 1814/25/420
f 1790/25/241 2375/25/241 2378/25/241
f 1854/25/242 1814/25/242 1816/25/242
f 1837/25/243 1790/25/243 1792/25/243
f 1847/25/254 1886/25/254 1845/25/254
f 1848/25/255 1888/25/255 1847/25/255
f 1852/25/256 1892/25/256 1848/25/256
f 1874/25/421 2401/25/421 2373/25/421
f 1898/25/248 1852/25/248 1854/25/248
f 1837/25/249 1874/25/249 1834/25/249
f 146/25/250 1898/25/250 1854/25/250
f 1877/25/251 1837/25/251 1840/25/251
f 1843/25/252 1877/25/252 1840/25/252
f 1886/25/253 1843/25/253 1845/25/253
f 1918/25/263 1874/25/263 1875/25/263
f 146/25/264 1939/25/264 1898/25/264
f 1924/25/265 1875/25/265 1877/25/265
f 1880/25/266 1924/25/266 1877/25/266
f 1928/25/257 1880/25/257 1886/25/257
f 1888/25/258 1928/25/258 1886/25/258
f 1931/25/259 1888/25/259 1892/25/259
f 1896/25/260 1931/25/260 1892/25/260
f 1874/25/261 2403/25/261 2401/25/261
f 1898/25/262 1934/25/262 1896/25/262
f 1969/25/275 1928/25/275 1929/25/275
f 1931/25/276 1969/25/276 1929/25/276
f 1934/25/267 1971/25/267 1931/25/267
f 1916/25/268 2405/25/268 2403/25/268
f 1975/25/269 1934/25/269 1939/25/269
f 1961/25/270 1916/25/270 1918/25/270
f 146/25/271 1975/25/271 1939/25/271
f 1964/25/272 1918/25/272 1924/25/272
f 1925/25/273 1964/25/273 1924/25/273
f 1967/25/274 1925/25/274 1928/25/274
f 1975/25/283 2002/25/283 1973/25/283
f 1961/25/284 1988/25/284 1957/25/284
f 146/25/285 2004/25/285 1975/25/285
f 1992/25/286 1961/25/286 1964/25/286
f 1993/25/277 1964/25/277 1966/25/277
f 1996/25/278 1966/25/278 1967/25/278
f 1997/25/279 1967/25/279 1969/25/279
f 1999/25/280 1969/25/280 1971/25/280
f 2002/25/281 1971/25/281 1973/25/281
f 1957/25/282 2407/25/282 2405/25/282
f 2024/25/295 1993/25/295 1996/25/295
f 2025/25/296 1996/25/296 1997/25/296
f 2028/25/287 1997/25/287 1999/25/287
f 2029/25/288 1999/25/288 2002/25/288
f 1988/25/289 2410/25/289 2407/25/289
f 2031/25/290 2002/25/290 2004/25/290
f 1990/25/291 2016/25/291 1988/25/291
f 146/25/292 2031/25/292 2004/25/292
f 1992/25/293 2017/25/293 1990/25/293
f 2022/25/294 1992/25/294 1993/25/294
f 2057/25/302 2028/25/302 2029/25/302
f 2016/25/303 2413/25/303 2410/25/303
f 2031/25/304 2057/25/304 2029/25/304
f 2045/25/305 2016/25/305 2017/25/305
f 146/25/306 2059/25/306 2031/25/306
f 2047/25/297 2017/25/297 2020/25/297
f 2022/25/298 2047/25/298 2020/25/298
f 2024/25/299 2049/25/299 2022/25/299
f 2053/25/300 2024/25/300 2025/25/300
f 2056/25/301 2025/25/301 2028/25/301
f 2077/25/314 2047/25/314 2049/25/314
f 2080/25/315 2049/25/315 2051/25/315
f 2053/25/316 2080/25/316 2051/25/316
f 2056/25/307 2081/25/307 2053/25/307
f 2057/25/308 2084/25/308 2056/25/308
f 2043/25/309 2414/25/309 2413/25/309
f 2088/25/310 2057/25/310 2059/25/310
f 2045/25/311 2071/25/311 2043/25/311
f 146/25/312 2088/25/312 2059/25/312
f 2075/25/313 2045/25/313 2047/25/313
f 2085/25/323 2112/25/323 2084/25/323
f 2071/25/324 2412/25/324 2414/25/324
f 2088/25/325 2114/25/325 2085/25/325
f 2101/25/326 2071/25/326 2074/25/326
f 146/25/317 2115/25/317 2088/25/317
f 2103/25/318 2074/25/318 2075/25/318
f 2077/25/319 2103/25/319 2075/25/319
f 2107/25/320 2077/25/320 2080/25/320
f 2109/25/321 2080/25/321 2081/25/321
f 2112/25/322 2081/25/322 2084/25/322
f 2133/25/335 2103/25/335 2105/25/335
f 2136/25/336 2105/25/336 2107/25/336
f 2109/25/327 2136/25/327 2107/25/327
f 2139/25/328 2109/25/328 2112/25/328
f 2142/25/329 2112/25/329 2114/25/329
f 2099/25/414 2411/25/414 2412/25/414
f 2115/25/331 2142/25/331 2114/25/331
f 2129/25/332 2099/25/332 2101/25/332
f 146/25/333 2144/25/333 2115/25/333
f 2131/25/334 2101/25/334 2103/25/334
f 2168/25/343 2138/25/343 2139/25/343
f 2170/25/344 2139/25/344 2142/25/344
f 2128/25/345 2409/25/345 2411/25/345
f 2172/25/346 2142/25/346 2144/25/346
f 2157/25/337 2128/25/337 2129/25/337
f 146/25/338 2172/25/338 2144/25/338
f 2131/25/339 2157/25/339 2129/25/339
f 2161/25/340 2131/25/340 2133/25/340
f 2136/25/341 2161/25/341 2133/25/341
f 2165/25/342 2136/25/342 2138/25/342
f 2188/25/354 2157/25/354 2159/25/354
f 2161/25/355 2188/25/355 2159/25/355
f 2192/25/356 2161/25/356 2163/25/356
f 2194/25/347 2163/25/347 2165/25/347
f 2168/25/348 2194/25/348 2165/25/348
f 2170/25/349 2196/25/349 2168/25/349
f 2409/25/350 2183/25/350 2408/25/350
f 2172/25/351 2198/25/351 2170/25/351
f 2157/25/352 2183/25/352 2155/25/352
f 146/25/353 2200/25/353 2172/25/353
f 2223/25/364 2194/25/364 2196/25/364
f 2198/25/365 2223/25/365 2196/25/365
f 2183/25/366 2406/25/366 2408/25/366
f 2227/25/357 2198/25/357 2200/25/357
f 2185/25/358 2212/25/358 2183/25/358
f 146/25/359 2227/25/359 2200/25/359
f 2216/25/360 2185/25/360 2188/25/360
f 2218/25/361 2188/25/361 2190/25/361
f 2220/25/362 2190/25/362 2192/25/362
f 2194/25/363 2220/25/363 2192/25/363
f 146/25/374 2255/25/374 2227/25/374
f 2244/25/375 2214/25/375 2216/25/375
f 2218/25/376 2244/25/376 2216/25/376
f 2248/25/367 2218/25/367 2220/25/367
f 2221/25/368 2248/25/368 2220/25/368
f 2252/25/369 2221/25/369 2223/25/369
f 2254/25/370 2223/25/370 2225/25/370
f 2212/25/371 2404/25/371 2406/25/371
f 2255/25/372 2225/25/372 2227/25/372
f 2214/25/373 2240/25/373 2212/25/373
f 2277/25/385 2248/25/385 2250/25/385
f 2279/25/386 2250/25/386 2252/25/386
f 2254/25/377 2279/25/377 2252/25/377
f 2240/25/378 2402/25/378 2404/25/378
f 2255/25/379 2281/25/379 2254/25/379
f 2241/25/380 2267/25/380 2240/25/380
f 146/25/381 2283/25/381 2255/25/381
f 2272/25/382 2241/25/382 2244/25/382
f 2274/25/383 2244/25/383 2246/25/383
f 2248/25/384 2274/25/384 2246/25/384
f 2311/25/393 2281/25/393 2283/25/393
f 2269/25/394 2295/25/394 2267/25/394
f 146/25/395 2311/25/395 2283/25/395
f 2300/25/396 2269/25/396 2272/25/396
f 2274/25/387 2300/25/387 2272/25/387
f 2304/25/388 2274/25/388 2276/25/388
f 2305/25/389 2276/25/389 2277/25/389
f 2307/25/390 2277/25/390 2279/25/390
f 2310/25/391 2279/25/391 2281/25/391
f 2295/25/392 2376/25/392 2374/25/392
f 2304/25/404 95/25/404 2302/25/404
f 2305/25/405 118/25/405 2304/25/405
f 2307/25/406 124/25/406 2305/25/406
f 2310/25/397 133/25/397 2307/25/397
f 2295/25/398 2380/25/398 2376/25/398
f 2311/25/399 2320/25/399 2310/25/399
f 2298/25/400 61/25/400 2295/25/400
f 146/25/401 2322/25/401 2311/25/401
f 2300/25/402 91/25/402 2298/25/402
f 2302/25/403 2318/25/403 2300/25/403
f 193/25/11 83/25/11 88/25/11
f 196/25/12 88/25/12 93/25/12
f 102/25/13 196/25/13 93/25/13
f 1958/25/14 199/25/14 102/25/14
f 169/25/15 2452/25/15 2425/25/15
f 1960/25/16 205/25/16 1958/25/16
f 181/25/7 56/25/7 74/25/7
f 110/25/8 214/25/8 1960/25/8
f 1956/25/9 181/25/9 74/25/9
f 83/25/10 184/25/10 1956/25/10
f 272/25/20 196/25/20 199/25/20
f 274/25/21 199/25/21 205/25/21
f 169/25/22 2454/25/22 2452/25/22
f 214/25/23 274/25/23 205/25/23
f 246/25/24 169/25/24 181/25/24
f 110/25/25 278/25/25 214/25/25
f 184/25/26 246/25/26 181/25/26
f 256/25/17 184/25/17 189/25/17
f 259/25/18 189/25/18 193/25/18
f 267/25/19 193/25/19 196/25/19
f 110/25/31 339/25/31 278/25/31
f 312/25/32 246/25/32 252/25/32
f 256/25/33 312/25/33 252/25/33
f 317/25/34 256/25/34 259/25/34
f 321/25/35 259/25/35 267/25/35
f 326/25/36 267/25/36 272/25/36
f 331/25/27 272/25/27 274/25/27
f 238/25/28 2453/25/28 2454/25/28
f 278/25/29 331/25/29 274/25/29
f 311/25/30 238/25/30 246/25/30
f 321/25/39 381/25/39 317/25/39
f 394/25/40 321/25/40 326/25/40
f 331/25/41 394/25/41 326/25/41
f 306/25/42 2456/25/42 2453/25/42
f 398/25/43 331/25/43 339/25/43
f 366/25/44 306/25/44 311/25/44
f 110/25/45 398/25/45 339/25/45
f 367/25/46 311/25/46 312/25/46
f 374/25/37 312/25/37 315/25/37
f 381/25/38 315/25/38 317/25/38
f 427/25/51 363/25/51 366/25/51
f 110/25/52 459/25/52 398/25/52
f 435/25/53 366/25/53 367/25/53
f 439/25/54 367/25/54 374/25/54
f 444/25/55 374/25/55 381/25/55
f 446/25/56 381/25/56 391/25/56
f 448/25/47 391/25/47 394/25/47
f 395/25/48 448/25/48 394/25/48
f 363/25/49 2455/25/49 2456/25/49
f 459/25/50 395/25/50 398/25/50
f 508/25/60 444/25/60 446/25/60
f 513/25/61 446/25/61 448/25/61
f 451/25/62 513/25/62 448/25/62
f 423/25/63 2443/25/63 2455/25/63
f 522/25/64 451/25/64 459/25/64
f 485/25/65 423/25/65 427/25/65
f 110/25/66 522/25/66 459/25/66
f 491/25/57 427/25/57 435/25/57
f 439/25/58 491/25/58 435/25/58
f 505/25/59 439/25/59 444/25/59
f 577/25/70 519/25/70 522/25/70
f 555/25/71 483/25/71 485/25/71
f 110/25/72 577/25/72 522/25/72
f 559/25/73 485/25/73 491/25/73
f 561/25/74 491/25/74 494/25/74
f 563/25/75 494/25/75 505/25/75
f 508/25/76 563/25/76 505/25/76
f 568/25/67 508/25/67 513/25/67
f 573/25/68 513/25/68 519/25/68
f 483/25/69 2442/25/69 2443/25/69
f 620/25/80 561/25/80 563/25/80
f 625/25/81 563/25/81 565/25/81
f 568/25/82 625/25/82 565/25/82
f 573/25/83 632/25/83 568/25/83
f 544/25/84 2448/25/84 2442/25/84
f 644/25/85 573/25/85 577/25/85
f 611/25/86 544/25/86 555/25/86
f 110/25/77 644/25/77 577/25/77
f 614/25/78 555/25/78 559/25/78
f 618/25/79 559/25/79 561/25/79
f 608/25/90 2445/25/90 2448/25/90
f 644/25/91 696/25/91 643/25/91
f 674/25/92 608/25/92 611/25/92
f 110/25/93 702/25/93 644/25/93
f 614/25/94 674/25/94 611/25/94
f 683/25/95 614/25/95 618/25/95
f 620/25/96 683/25/96 618/25/96
f 689/25/87 620/25/87 625/25/87
f 693/25/88 625/25/88 632/25/88
f 696/25/89 632/25/89 643/25/89
f 745/25/102 683/25/102 687/25/102
f 748/25/408 687/25/408 689/25/408
f 755/25/104 689/25/104 693/25/104
f 759/25/105 693/25/105 696/25/105
f 667/25/106 2444/25/106 2445/25/106
f 763/25/97 696/25/97 702/25/97
f 731/25/98 667/25/98 674/25/98
f 110/25/99 763/25/99 702/25/99
f 679/25/100 731/25/100 674/25/100
f 735/25/101 679/25/101 683/25/101
f 759/25/110 814/25/110 755/25/110
f 730/25/111 2447/25/111 2444/25/111
f 763/25/112 816/25/112 759/25/112
f 794/25/113 730/25/113 731/25/113
f 110/25/114 818/25/114 763/25/114
f 802/25/115 731/25/115 734/25/115
f 804/25/116 734/25/116 735/25/116
f 811/25/107 735/25/107 745/25/107
f 812/25/108 745/25/108 748/25/108
f 814/25/109 748/25/109 755/25/109
f 863/25/122 802/25/122 804/25/122
f 867/25/123 804/25/123 811/25/123
f 871/25/124 811/25/124 812/25/124
f 877/25/125 812/25/125 814/25/125
f 882/25/126 814/25/126 816/25/126
f 789/25/117 2446/25/117 2447/25/117
f 888/25/118 816/25/118 818/25/118
f 855/25/119 789/25/119 794/25/119
f 110/25/120 888/25/120 818/25/120
f 857/25/121 794/25/121 802/25/121
f 935/25/129 871/25/129 877/25/129
f 941/25/130 877/25/130 882/25/130
f 851/25/131 2431/25/131 2446/25/131
f 888/25/132 941/25/132 882/25/132
f 915/25/133 851/25/133 855/25/133
f 110/25/134 945/25/134 888/25/134
f 924/25/135 855/25/135 857/25/135
f 926/25/136 857/25/136 863/25/136
f 930/25/127 863/25/127 867/25/127
f 871/25/128 930/25/128 867/25/128
f 980/25/142 915/25/142 924/25/142
f 983/25/143 924/25/143 926/25/143
f 985/25/144 926/25/144 930/25/144
f 991/25/145 930/25/145 931/25/145
f 998/25/146 931/25/146 935/25/146
f 941/25/137 998/25/137 935/25/137
f 906/25/138 2433/25/138 2431/25/138
f 1010/25/139 941/25/139 945/25/139
f 915/25/140 977/25/140 906/25/140
f 110/25/141 1010/25/141 945/25/141
f 1061/25/150 991/25/150 998/25/150
f 1064/25/151 998/25/151 1006/25/151
f 977/25/152 2430/25/152 2433/25/152
f 1065/25/153 1006/25/153 1010/25/153
f 1035/25/154 977/25/154 979/25/154
f 110/25/155 1065/25/155 1010/25/155
f 1040/25/156 979/25/156 980/25/156
f 983/25/147 1040/25/147 980/25/147
f 1054/25/148 983/25/148 985/25/148
f 991/25/149 1054/25/149 985/25/149
f 110/25/161 1130/25/161 1065/25/161
f 1099/25/162 1035/25/162 1040/25/162
f 1103/25/163 1040/25/163 1043/25/163
f 1106/25/164 1043/25/164 1054/25/164
f 1059/25/165 1106/25/165 1054/25/165
f 1121/25/166 1059/25/166 1061/25/166
f 1125/25/157 1061/25/157 1064/25/157
f 1033/25/158 2432/25/158 2430/25/158
f 1065/25/159 1125/25/159 1064/25/159
f 1035/25/160 1095/25/160 1033/25/160
f 1179/25/169 1106/25/169 1110/25/169
f 1181/25/170 1110/25/170 1121/25/170
f 1183/25/409 1121/25/409 1125/25/409
f 1095/25/172 2428/25/172 2432/25/172
f 1187/25/173 1125/25/173 1130/25/173
f 1155/25/174 1095/25/174 1097/25/174
f 110/25/175 1187/25/175 1130/25/175
f 1099/25/176 1155/25/176 1097/25/176
f 1103/25/167 1162/25/167 1099/25/167
f 1176/25/168 1103/25/168 1106/25/168
f 1222/25/181 1150/25/181 1155/25/181
f 110/25/182 1247/25/182 1187/25/182
f 1225/25/183 1155/25/183 1162/25/183
f 1230/25/184 1162/25/184 1172/25/184
f 1176/25/185 1230/25/185 1172/25/185
f 1237/25/186 1176/25/186 1179/25/186
f 1242/25/177 1179/25/177 1181/25/177
f 1246/25/178 1181/25/178 1183/25/178
f 1150/25/179 2429/25/179 2428/25/179
f 1187/25/180 1246/25/180 1183/25/180
f 1282/25/191 1232/25/191 1237/25/191
f 1284/25/192 1237/25/192 1242/25/192
f 1286/25/193 1242/25/193 1246/25/193
f 1216/25/194 2427/25/194 2429/25/194
f 1289/25/195 1246/25/195 1247/25/195
f 1268/25/196 1216/25/196 1222/25/196
f 110/25/187 1289/25/187 1247/25/187
f 1269/25/188 1222/25/188 1225/25/188
f 1273/25/189 1225/25/189 1230/25/189
f 1279/25/190 1230/25/190 1232/25/190
f 1331/25/201 1286/25/201 1289/25/201
f 1311/25/202 1263/25/202 1268/25/202
f 110/25/203 1331/25/203 1289/25/203
f 1313/25/204 1268/25/204 1269/25/204
f 1273/25/205 1313/25/205 1269/25/205
f 1317/25/206 1273/25/206 1279/25/206
f 1282/25/197 1317/25/197 1279/25/197
f 1322/25/198 1282/25/198 1284/25/198
f 1286/25/199 1322/25/199 1284/25/199
f 1307/25/200 2427/25/200 1263/25/200
f 1359/25/211 1315/25/211 1317/25/211
f 1365/25/212 1317/25/212 1319/25/212
f 1367/25/213 1319/25/213 1322/25/213
f 1326/25/214 1367/25/214 1322/25/214
f 1307/25/215 2438/25/215 2449/25/215
f 1372/25/216 1326/25/216 1331/25/216
f 1348/25/207 1307/25/207 1311/25/207
f 110/25/208 1372/25/208 1331/25/208
f 1351/25/209 1311/25/209 1313/25/209
f 1355/25/210 1313/25/210 1315/25/210
f 1409/25/219 1367/25/219 1370/25/219
f 1347/25/220 2439/25/220 2438/25/220
f 1372/25/221 1409/25/221 1370/25/221
f 1395/25/222 1347/25/222 1348/25/222
f 110/25/223 1414/25/223 1372/25/223
f 1397/25/224 1348/25/224 1351/25/224
f 1355/25/225 1397/25/225 1351/25/225
f 1359/25/226 1398/25/226 1355/25/226
f 1402/25/217 1359/25/217 1365/25/217
f 1406/25/218 1365/25/218 1367/25/218
f 1398/25/231 1435/25/231 1397/25/231
f 1443/25/232 1398/25/232 1400/25/232
f 1445/25/233 1400/25/233 1402/25/233
f 1449/25/234 1402/25/234 1406/25/234
f 1409/25/235 1449/25/235 1406/25/235
f 1392/25/236 2440/25/236 2439/25/236
f 1455/25/227 1409/25/227 1414/25/227
f 1432/25/228 1392/25/228 1395/25/228
f 110/25/229 1455/25/229 1414/25/229
f 1435/25/230 1395/25/230 1397/25/230
f 1490/25/240 1449/25/240 1453/25/240
f 1430/25/241 2437/25/241 2440/25/241
f 1495/25/242 1453/25/242 1455/25/242
f 1478/25/410 1430/25/410 1432/25/410
f 110/25/244 1495/25/244 1455/25/244
f 1435/25/245 1478/25/245 1432/25/245
f 1439/25/246 1479/25/246 1435/25/246
f 1483/25/237 1439/25/237 1443/25/237
f 1445/25/238 1483/25/238 1443/25/238
f 1488/25/239 1445/25/239 1449/25/239
f 1482/25/252 1518/25/252 1479/25/252
f 1525/25/253 1482/25/253 1483/25/253
f 1527/25/254 1483/25/254 1486/25/254
f 1488/25/255 1527/25/255 1486/25/255
f 1535/25/256 1488/25/256 1490/25/256
f 1474/25/247 2441/25/247 2437/25/247
f 1537/25/248 1490/25/248 1495/25/248
f 1515/25/249 1474/25/249 1478/25/249
f 110/25/250 1537/25/250 1495/25/250
f 1518/25/251 1478/25/251 1479/25/251
f 1570/25/259 1527/25/259 1531/25/259
f 1573/25/260 1531/25/260 1535/25/260
f 1513/25/261 2435/25/261 2441/25/261
f 1537/25/262 1573/25/262 1535/25/262
f 1559/25/263 1513/25/263 1515/25/263
f 110/25/264 1575/25/264 1537/25/264
f 1562/25/265 1515/25/265 1518/25/265
f 1564/25/266 1518/25/266 1521/25/266
f 1566/25/257 1521/25/257 1525/25/257
f 1569/25/258 1525/25/258 1527/25/258
f 1602/25/272 1559/25/272 1562/25/272
f 1564/25/273 1602/25/273 1562/25/273
f 1607/25/274 1564/25/274 1566/25/274
f 1569/25/275 1607/25/275 1566/25/275
f 1610/25/276 1569/25/276 1570/25/276
f 1612/25/267 1570/25/267 1573/25/267
f 1553/25/268 2436/25/268 2435/25/268
f 1575/25/269 1612/25/269 1573/25/269
f 1600/25/270 1553/25/270 1559/25/270
f 110/25/271 1615/25/271 1575/25/271
f 1610/25/280 1636/25/280 1608/25/280
f 1641/25/281 1610/25/281 1612/25/281
f 1598/25/282 2434/25/282 2436/25/282
f 1642/25/283 1612/25/283 1615/25/283
f 1628/25/284 1598/25/284 1600/25/284
f 110/25/285 1642/25/285 1615/25/285
f 1631/25/286 1600/25/286 1602/25/286
f 1604/25/277 1631/25/277 1602/25/277
f 1635/25/278 1604/25/278 1607/25/278
f 1636/25/279 1607/25/279 1608/25/279
f 110/25/292 1671/25/292 1642/25/292
f 1658/25/293 1628/25/293 1631/25/293
f 1633/25/294 1658/25/294 1631/25/294
f 1663/25/295 1633/25/295 1635/25/295
f 1665/25/296 1635/25/296 1636/25/296
f 1666/25/411 1636/25/411 1638/25/411
f 1641/25/288 1666/25/288 1638/25/288
f 1626/25/289 2450/25/289 2434/25/289
f 1642/25/290 1668/25/290 1641/25/290
f 1656/25/291 1626/25/291 1628/25/291
f 1665/25/300 1690/25/300 1663/25/300
f 1695/25/301 1665/25/301 1666/25/301
f 1697/25/302 1666/25/302 1668/25/302
f 1655/25/303 2451/25/303 2450/25/303
f 1699/25/304 1668/25/304 1671/25/304
f 1685/25/305 1655/25/305 1656/25/305
f 110/25/306 1699/25/306 1671/25/306
f 1686/25/297 1656/25/297 1658/25/297
f 1660/25/298 1686/25/298 1658/25/298
f 1690/25/299 1660/25/299 1663/25/299
f 1726/25/310 1697/25/310 1699/25/310
f 1685/25/311 1710/25/311 1683/25/311
f 110/25/312 1726/25/312 1699/25/312
f 1715/25/313 1685/25/313 1686/25/313
f 1716/25/412 1686/25/412 1688/25/412
f 1718/25/315 1688/25/315 1690/25/315
f 1720/25/316 1690/25/316 1692/25/316
f 1723/25/307 1692/25/307 1695/25/307
f 1697/25/308 1723/25/308 1695/25/308
f 1683/25/309 2426/25/309 2451/25/309
f 1746/25/320 1716/25/320 1718/25/320
f 1748/25/321 1718/25/321 1720/25/321
f 1751/25/413 1720/25/413 1723/25/413
f 1752/25/323 1723/25/323 1725/25/323
f 1710/25/324 2424/25/324 2426/25/324
f 1754/25/325 1725/25/325 1726/25/325
f 1713/25/326 1739/25/326 1710/25/326
f 110/25/317 1754/25/317 1726/25/317
f 1742/25/318 1713/25/318 1715/25/318
f 1716/25/319 1742/25/319 1715/25/319
f 1739/25/414 2422/25/414 2424/25/414
f 1754/25/331 1781/25/331 1752/25/331
f 1769/25/332 1739/25/332 1741/25/332
f 110/25/333 1783/25/333 1754/25/333
f 1770/25/334 1741/25/334 1742/25/334
f 1772/25/335 1742/25/335 1745/25/335
f 1774/25/336 1745/25/336 1746/25/336
f 1748/25/327 1774/25/327 1746/25/327
f 1778/25/328 1748/25/328 1751/25/328
f 1781/25/329 1751/25/329 1752/25/329
f 1802/25/341 1772/25/341 1774/25/341
f 1776/25/342 1802/25/342 1774/25/342
f 1806/25/343 1776/25/343 1778/25/343
f 1781/25/344 1806/25/344 1778/25/344
f 1766/25/345 2421/25/345 2422/25/345
f 1810/25/346 1781/25/346 1783/25/346
f 1769/25/337 1794/25/337 1766/25/337
f 110/25/338 1810/25/338 1783/25/338
f 1799/25/339 1769/25/339 1770/25/339
f 1772/25/340 1799/25/340 1770/25/340
f 1809/25/349 1835/25/349 1806/25/349
f 1794/25/350 2417/25/350 2421/25/350
f 1839/25/351 1809/25/351 1810/25/351
f 1796/25/352 1823/25/352 1794/25/352
f 110/25/353 1839/25/353 1810/25/353
f 1826/25/354 1796/25/354 1799/25/354
f 1800/25/355 1826/25/355 1799/25/355
f 1831/25/356 1800/25/356 1802/25/356
f 1805/25/347 1831/25/347 1802/25/347
f 1835/25/348 1805/25/348 1806/25/348
f 1828/25/361 1855/25/361 1826/25/361
f 1858/25/362 1828/25/362 1831/25/362
f 1832/25/363 1858/25/363 1831/25/363
f 1863/25/364 1832/25/364 1835/25/364
f 1865/25/365 1835/25/365 1836/25/365
f 1823/25/366 2418/25/366 2417/25/366
f 1839/25/357 1865/25/357 1836/25/357
f 1825/25/358 1850/25/358 1823/25/358
f 110/25/359 1867/25/359 1839/25/359
f 1855/25/360 1825/25/360 1826/25/360
f 1893/25/416 1863/25/416 1865/25/416
f 1850/25/371 2415/25/371 2418/25/371
f 1867/25/372 1893/25/372 1865/25/372
f 1853/25/373 1878/25/373 1850/25/373
f 110/25/374 1895/25/374 1867/25/374
f 1883/25/375 1853/25/375 1855/25/375
f 1857/25/376 1883/25/376 1855/25/376
f 1887/25/367 1857/25/367 1858/25/367
f 1861/25/368 1887/25/368 1858/25/368
f 1891/25/369 1861/25/369 1863/25/369
f 1885/25/383 1910/25/383 1883/25/383
f 1915/25/384 1885/25/384 1887/25/384
f 1917/25/385 1887/25/385 1889/25/385
f 1919/25/386 1889/25/386 1891/25/386
f 1921/25/377 1891/25/377 1893/25/377
f 1878/25/417 2416/25/417 2415/25/417
f 1923/25/379 1893/25/379 1895/25/379
f 1881/25/380 1907/25/380 1878/25/380
f 110/25/381 1923/25/381 1895/25/381
f 1910/25/382 1881/25/382 1883/25/382
f 1946/25/390 1917/25/390 1919/25/390
f 1949/25/391 1919/25/391 1921/25/391
f 1907/25/392 2419/25/392 2416/25/392
f 1950/25/393 1921/25/393 1923/25/393
f 1909/25/394 1935/25/394 1907/25/394
f 110/25/395 1950/25/395 1923/25/395
f 1938/25/396 1909/25/396 1910/25/396
f 1912/25/387 1938/25/387 1910/25/387
f 1915/25/388 1941/25/388 1912/25/388
f 1944/25/389 1915/25/389 1917/25/389
f 110/25/401 1960/25/401 1950/25/401
f 1938/25/402 74/25/402 1937/25/402
f 1941/25/403 1956/25/403 1938/25/403
f 1942/25/404 83/25/404 1941/25/404
f 1944/25/405 88/25/405 1942/25/405
f 1946/25/406 93/25/406 1944/25/406
f 1949/25/397 102/25/397 1946/25/397
f 56/25/398 2423/25/398 2420/25/398
f 1950/25/399 1958/25/399 1949/25/399
f 1937/25/400 56/25/400 1935/25/400
f 151/25/11 65/25/11 72/25/11
f 76/25/12 151/25/12 72/25/12
f 163/25/13 76/25/13 80/25/13
f 166/25/14 80/25/14 1597/25/14
f 48/25/15 2479/25/15 2481/25/15
f 1599/25/16 166/25/16 1597/25/16
f 138/25/7 48/25/7 52/25/7
f 85/25/8 175/25/8 1599/25/8
f 1595/25/9 138/25/9 52/25/9
f 65/25/10 142/25/10 1595/25/10
f 223/25/20 155/25/20 163/25/20
f 225/25/21 163/25/21 166/25/21
f 2479/25/22 197/25/22 2498/25/22
f 175/25/23 225/25/23 166/25/23
f 204/25/24 129/25/24 138/25/24
f 85/25/25 227/25/25 175/25/25
f 208/25/26 138/25/26 142/25/26
f 211/25/17 142/25/17 148/25/17
f 217/25/18 148/25/18 151/25/18
f 155/25/19 217/25/19 151/25/19
f 85/25/31 269/25/31 227/25/31
f 251/25/32 204/25/32 208/25/32
f 254/25/33 208/25/33 211/25/33
f 217/25/34 254/25/34 211/25/34
f 257/25/35 217/25/35 220/25/35
f 261/25/36 220/25/36 223/25/36
f 265/25/27 223/25/27 225/25/27
f 2498/25/28 244/25/28 2484/25/28
f 269/25/29 225/25/29 227/25/29
f 248/25/30 197/25/30 204/25/30
f 301/25/39 255/25/39 257/25/39
f 304/25/40 257/25/40 261/25/40
f 308/25/418 261/25/418 265/25/418
f 244/25/42 2488/25/42 2484/25/42
f 269/25/43 308/25/43 265/25/43
f 287/25/44 244/25/44 248/25/44
f 85/25/45 310/25/45 269/25/45
f 289/25/46 248/25/46 251/25/46
f 254/25/37 289/25/37 251/25/37
f 296/25/38 254/25/38 255/25/38
f 333/25/51 284/25/51 287/25/51
f 85/25/52 351/25/52 310/25/52
f 335/25/53 287/25/53 289/25/53
f 293/25/54 335/25/54 289/25/54
f 338/25/55 293/25/55 296/25/55
f 301/25/56 338/25/56 296/25/56
f 304/25/47 340/25/47 301/25/47
f 345/25/48 304/25/48 308/25/48
f 2488/25/49 329/25/49 2486/25/49
f 310/25/50 345/25/50 308/25/50
f 340/25/60 378/25/60 338/25/60
f 342/25/61 384/25/61 340/25/61
f 345/25/62 387/25/62 342/25/62
f 329/25/63 2496/25/63 2486/25/63
f 393/25/64 345/25/64 351/25/64
f 369/25/65 329/25/65 333/25/65
f 85/25/66 393/25/66 351/25/66
f 335/25/57 369/25/57 333/25/57
f 336/25/58 371/25/58 335/25/58
f 378/25/59 336/25/59 338/25/59
f 393/25/70 429/25/70 390/25/70
f 415/25/71 368/25/71 369/25/71
f 85/25/72 433/25/72 393/25/72
f 418/25/73 369/25/73 371/25/73
f 420/25/74 371/25/74 376/25/74
f 422/25/75 376/25/75 378/25/75
f 424/25/76 378/25/76 384/25/76
f 426/25/67 384/25/67 387/25/67
f 390/25/68 426/25/68 387/25/68
f 368/25/69 2490/25/69 2496/25/69
f 422/25/80 456/25/80 420/25/80
f 465/25/81 422/25/81 424/25/81
f 469/25/82 424/25/82 426/25/82
f 429/25/83 469/25/83 426/25/83
f 410/25/84 2494/25/84 2490/25/84
f 433/25/85 472/25/85 429/25/85
f 452/25/86 410/25/86 415/25/86
f 85/25/77 475/25/77 433/25/77
f 455/25/78 415/25/78 418/25/78
f 456/25/79 418/25/79 420/25/79
f 450/25/90 2492/25/90 2494/25/90
f 514/25/91 472/25/91 475/25/91
f 497/25/92 450/25/92 452/25/92
f 85/25/93 514/25/93 475/25/93
f 499/25/94 452/25/94 455/25/94
f 456/25/95 499/25/95 455/25/95
f 463/25/96 502/25/96 456/25/96
f 465/25/87 504/25/87 463/25/87
f 509/25/88 465/25/88 469/25/88
f 472/25/89 509/25/89 469/25/89
f 542/25/102 502/25/102 504/25/102
f 549/25/103 504/25/103 507/25/103
f 509/25/104 549/25/104 507/25/104
f 510/25/105 551/25/105 509/25/105
f 493/25/106 2491/25/106 2492/25/106
f 514/25/97 557/25/97 510/25/97
f 536/25/98 493/25/98 497/25/98
f 85/25/99 558/25/99 514/25/99
f 538/25/100 497/25/100 499/25/100
f 540/25/101 499/25/101 502/25/101
f 593/25/110 551/25/110 557/25/110
f 534/25/111 2493/25/111 2491/25/111
f 596/25/112 557/25/112 558/25/112
f 578/25/113 534/25/113 536/25/113
f 85/25/114 596/25/114 558/25/114
f 583/25/115 536/25/115 538/25/115
f 540/25/116 583/25/116 538/25/116
f 542/25/107 586/25/107 540/25/107
f 549/25/108 588/25/108 542/25/108
f 591/25/109 549/25/109 551/25/109
f 622/25/122 583/25/122 586/25/122
f 626/25/123 586/25/123 588/25/123
f 590/25/124 626/25/124 588/25/124
f 634/25/125 590/25/125 591/25/125
f 593/25/126 634/25/126 591/25/126
f 574/25/117 2495/25/117 2493/25/117
f 596/25/118 638/25/118 593/25/118
f 578/25/119 617/25/119 574/25/119
f 85/25/120 641/25/120 596/25/120
f 621/25/121 578/25/121 583/25/121
f 675/25/129 631/25/129 634/25/129
f 638/25/130 675/25/130 634/25/130
f 617/25/131 2489/25/131 2495/25/131
f 641/25/132 677/25/132 638/25/132
f 619/25/133 656/25/133 617/25/133
f 85/25/134 678/25/134 641/25/134
f 621/25/135 658/25/135 619/25/135
f 669/25/136 621/25/136 622/25/136
f 670/25/127 622/25/127 626/25/127
f 672/25/128 626/25/128 631/25/128
f 703/25/142 658/25/142 663/25/142
f 706/25/143 663/25/143 669/25/143
f 670/25/144 706/25/144 669/25/144
f 672/25/145 707/25/145 670/25/145
f 675/25/146 712/25/146 672/25/146
f 677/25/422 716/25/422 675/25/422
f 656/25/138 2497/25/138 2489/25/138
f 724/25/139 677/25/139 678/25/139
f 701/25/140 656/25/140 658/25/140
f 85/25/141 724/25/141 678/25/141
f 758/25/150 712/25/150 716/25/150
f 720/25/151 758/25/151 716/25/151
f 737/25/152 2497/25/152 699/25/152
f 724/25/153 760/25/153 720/25/153
f 742/25/154 699/25/154 701/25/154
f 85/25/155 762/25/155 724/25/155
f 703/25/156 742/25/156 701/25/156
f 751/25/147 703/25/147 706/25/147
f 707/25/148 751/25/148 706/25/148
f 756/25/149 707/25/149 712/25/149
f 85/25/161 806/25/161 762/25/161
f 787/25/162 742/25/162 747/25/162
f 751/25/163 787/25/163 747/25/163
f 753/25/164 788/25/164 751/25/164
f 756/25/165 791/25/165 753/25/165
f 796/25/166 756/25/166 758/25/166
f 760/25/157 796/25/157 758/25/157
f 737/25/158 2487/25/158 2485/25/158
f 806/25/159 760/25/159 762/25/159
f 785/25/160 737/25/160 742/25/160
f 839/25/169 791/25/169 793/25/169
f 841/25/170 793/25/170 796/25/170
f 842/25/171 796/25/171 801/25/171
f 820/25/172 2487/25/172 783/25/172
f 806/25/173 842/25/173 801/25/173
f 785/25/174 820/25/174 783/25/174
f 85/25/175 844/25/175 806/25/175
f 828/25/176 785/25/176 787/25/176
f 788/25/167 828/25/167 787/25/167
f 837/25/168 788/25/168 791/25/168
f 868/25/181 820/25/181 823/25/181
f 85/25/182 887/25/182 844/25/182
f 869/25/183 823/25/183 828/25/183
f 831/25/184 869/25/184 828/25/184
f 873/25/185 831/25/185 837/25/185
f 839/25/186 873/25/186 837/25/186
f 880/25/177 839/25/177 841/25/177
f 842/25/178 880/25/178 841/25/178
f 820/25/179 2482/25/179 2483/25/179
f 844/25/180 884/25/180 842/25/180
f 921/25/191 873/25/191 875/25/191
f 923/25/423 875/25/423 880/25/423
f 884/25/193 923/25/193 880/25/193
f 902/25/194 2482/25/194 866/25/194
f 927/25/195 884/25/195 887/25/195
f 904/25/196 866/25/196 868/25/196
f 85/25/187 927/25/187 887/25/187
f 909/25/188 868/25/188 869/25/188
f 872/25/189 909/25/189 869/25/189
f 873/25/190 912/25/190 872/25/190
f 971/25/201 925/25/201 927/25/201
f 904/25/202 948/25/202 902/25/202
f 85/25/203 971/25/203 927/25/203
f 952/25/204 904/25/204 909/25/204
f 954/25/205 909/25/205 912/25/205
f 917/25/206 954/25/206 912/25/206
f 921/25/197 957/25/197 917/25/197
f 961/25/198 921/25/198 923/25/198
f 925/25/199 961/25/199 923/25/199
f 902/25/200 2480/25/200 2478/25/200
f 957/25/211 997/25/211 954/25/211
f 1004/25/212 957/25/212 958/25/212
f 1007/25/213 958/25/213 961/25/213
f 1009/25/214 961/25/214 965/25/214
f 948/25/215 2476/25/215 2480/25/215
f 971/25/216 1009/25/216 965/25/216
f 951/25/207 986/25/207 948/25/207
f 85/25/208 1011/25/208 971/25/208
f 993/25/209 951/25/209 952/25/209
f 997/25/210 952/25/210 954/25/210
f 1047/25/219 1007/25/219 1009/25/219
f 986/25/220 2473/25/220 2476/25/220
f 1052/25/221 1009/25/221 1011/25/221
f 1034/25/222 986/25/222 988/25/222
f 85/25/223 1052/25/223 1011/25/223
f 1036/25/224 988/25/224 993/25/224
f 1037/25/225 993/25/225 997/25/225
f 1001/25/226 1037/25/226 997/25/226
f 1042/25/217 1001/25/217 1004/25/217
f 1007/25/218 1042/25/218 1004/25/218
f 1037/25/231 1073/25/231 1036/25/231
f 1081/25/232 1037/25/232 1039/25/232
f 1085/25/233 1039/25/233 1042/25/233
f 1089/25/234 1042/25/234 1045/25/234
f 1047/25/235 1089/25/235 1045/25/235
f 1029/25/236 2472/25/236 2473/25/236
f 1052/25/227 1092/25/227 1047/25/227
f 1070/25/228 1029/25/228 1034/25/228
f 85/25/229 1093/25/229 1052/25/229
f 1073/25/230 1034/25/230 1036/25/230
f 1129/25/420 1089/25/420 1092/25/420
f 1069/25/241 2471/25/241 2472/25/241
f 1134/25/242 1092/25/242 1093/25/242
f 1114/25/243 1069/25/243 1070/25/243
f 85/25/244 1134/25/244 1093/25/244
f 1119/25/245 1070/25/245 1073/25/245
f 1077/25/246 1119/25/246 1073/25/246
f 1122/25/237 1077/25/237 1081/25/237
f 1085/25/238 1122/25/238 1081/25/238
f 1126/25/239 1085/25/239 1089/25/239
f 1158/25/252 1119/25/252 1120/25/252
f 1165/25/253 1120/25/253 1122/25/253
f 1124/25/254 1165/25/254 1122/25/254
f 1126/25/255 1168/25/255 1124/25/255
f 1174/25/256 1126/25/256 1129/25/256
f 1112/25/247 2470/25/247 2471/25/247
f 1177/25/248 1129/25/248 1134/25/248
f 1114/25/249 1152/25/249 1112/25/249
f 85/25/250 1177/25/250 1134/25/250
f 1156/25/251 1114/25/251 1119/25/251
f 1209/25/259 1168/25/259 1170/25/259
f 1174/25/260 1209/25/260 1170/25/260
f 1152/25/261 2469/25/261 2470/25/261
f 1177/25/262 1211/25/262 1174/25/262
f 1196/25/263 1152/25/263 1154/25/263
f 85/25/264 1214/25/264 1177/25/264
f 1202/25/265 1154/25/265 1156/25/265
f 1158/25/266 1202/25/266 1156/25/266
f 1206/25/257 1158/25/257 1165/25/257
f 1168/25/258 1206/25/258 1165/25/258
f 1241/25/272 1196/25/272 1202/25/272
f 1204/25/273 1241/25/273 1202/25/273
f 1245/25/274 1204/25/274 1206/25/274
f 1208/25/275 1245/25/275 1206/25/275
f 1209/25/276 1248/25/276 1208/25/276
f 1211/25/267 1250/25/267 1209/25/267
f 1195/25/268 2468/25/268 2469/25/268
f 1214/25/269 1251/25/269 1211/25/269
f 1239/25/270 1195/25/270 1196/25/270
f 85/25/271 1253/25/271 1214/25/271
f 1278/25/280 1248/25/280 1250/25/280
f 1280/25/281 1250/25/281 1251/25/281
f 1234/25/282 2464/25/282 2468/25/282
f 1253/25/283 1280/25/283 1251/25/283
f 1267/25/284 1234/25/284 1239/25/284
f 85/25/285 1281/25/285 1253/25/285
f 1270/25/286 1239/25/286 1241/25/286
f 1271/25/277 1241/25/277 1244/25/277
f 1274/25/278 1244/25/278 1245/25/278
f 1276/25/279 1245/25/279 1248/25/279
f 85/25/292 1309/25/292 1281/25/292
f 1270/25/293 1296/25/293 1267/25/293
f 1271/25/294 1298/25/294 1270/25/294
f 1274/25/295 1299/25/295 1271/25/295
f 1276/25/296 1301/25/296 1274/25/296
f 1305/25/287 1276/25/287 1278/25/287
f 1308/25/288 1278/25/288 1280/25/288
f 1265/25/289 2461/25/289 2464/25/289
f 1281/25/290 1308/25/290 1280/25/290
f 1296/25/291 1265/25/291 1267/25/291
f 1332/25/300 1301/25/300 1304/25/300
f 1334/25/301 1304/25/301 1305/25/301
f 1308/25/302 1334/25/302 1305/25/302
f 1321/25/303 2461/25/303 1293/25/303
f 1309/25/304 1335/25/304 1308/25/304
f 1296/25/305 1321/25/305 1293/25/305
f 85/25/306 1338/25/306 1309/25/306
f 1298/25/297 1324/25/297 1296/25/297
f 1299/25/298 1325/25/298 1298/25/298
f 1301/25/299 1327/25/299 1299/25/299
f 1366/25/310 1335/25/310 1338/25/310
f 1324/25/311 1349/25/311 1321/25/311
f 85/25/312 1366/25/312 1338/25/312
f 1354/25/313 1324/25/313 1325/25/313
f 1356/25/314 1325/25/314 1327/25/314
f 1330/25/315 1356/25/315 1327/25/315
f 1360/25/316 1330/25/316 1332/25/316
f 1334/25/307 1360/25/307 1332/25/307
f 1335/25/308 1362/25/308 1334/25/308
f 1321/25/309 2458/25/309 2457/25/309
f 1385/25/320 1356/25/320 1358/25/320
f 1360/25/321 1385/25/321 1358/25/321
f 1390/25/322 1360/25/322 1362/25/322
f 1391/25/323 1362/25/323 1364/25/323
f 1349/25/324 2460/25/324 2458/25/324
f 1366/25/325 1391/25/325 1364/25/325
f 1352/25/326 1377/25/326 1349/25/326
f 85/25/317 1393/25/317 1366/25/317
f 1382/25/318 1352/25/318 1354/25/318
f 1356/25/319 1382/25/319 1354/25/319
f 1377/25/414 2459/25/414 2460/25/414
f 1421/25/331 1391/25/331 1393/25/331
f 1408/25/332 1377/25/332 1379/25/332
f 85/25/333 1421/25/333 1393/25/333
f 1410/25/334 1379/25/334 1382/25/334
f 1411/25/335 1382/25/335 1383/25/335
f 1413/25/336 1383/25/336 1385/25/336
f 1388/25/327 1413/25/327 1385/25/327
f 1417/25/328 1388/25/328 1390/25/328
f 1419/25/329 1390/25/329 1391/25/329
f 1442/25/341 1411/25/341 1413/25/341
f 1444/25/342 1413/25/342 1415/25/342
f 1446/25/343 1415/25/343 1417/25/343
f 1448/25/344 1417/25/344 1419/25/344
f 1405/25/345 2463/25/345 2459/25/345
f 1450/25/346 1419/25/346 1421/25/346
f 1436/25/337 1405/25/337 1408/25/337
f 85/25/338 1450/25/338 1421/25/338
f 1438/25/339 1408/25/339 1410/25/339
f 1440/25/340 1410/25/340 1411/25/340
f 1448/25/349 1473/25/349 1446/25/349
f 2463/25/350 1461/25/350 2462/25/350
f 1450/25/351 1476/25/351 1448/25/351
f 1436/25/352 1461/25/352 1434/25/352
f 85/25/353 1477/25/353 1450/25/353
f 1465/25/354 1436/25/354 1438/25/354
f 1440/25/355 1465/25/355 1438/25/355
f 1469/25/356 1440/25/356 1442/25/356
f 1472/25/347 1442/25/347 1444/25/347
f 1446/25/348 1472/25/348 1444/25/348
f 1496/25/361 1465/25/361 1467/25/361
f 1469/25/362 1496/25/362 1467/25/362
f 1472/25/363 1498/25/363 1469/25/363
f 1473/25/364 1499/25/364 1472/25/364
f 1476/25/365 1501/25/365 1473/25/365
f 1489/25/366 2462/25/366 1461/25/366
f 1505/25/357 1476/25/357 1477/25/357
f 1463/25/358 1489/25/358 1461/25/358
f 85/25/359 1505/25/359 1477/25/359
f 1493/25/360 1463/25/360 1465/25/360
f 1503/25/416 1530/25/416 1501/25/416
f 1489/25/371 2467/25/371 2465/25/371
f 1505/25/372 1532/25/372 1503/25/372
f 1520/25/424 1489/25/424 1491/25/424
f 85/25/374 1533/25/374 1505/25/374
f 1522/25/375 1491/25/375 1493/25/375
f 1496/25/376 1522/25/376 1493/25/376
f 1526/25/367 1496/25/367 1498/25/367
f 1499/25/368 1526/25/368 1498/25/368
f 1530/25/369 1499/25/369 1501/25/369
f 1524/25/383 1549/25/383 1522/25/383
f 1526/25/384 1552/25/384 1524/25/384
f 1556/25/385 1526/25/385 1528/25/385
f 1557/25/386 1528/25/386 1530/25/386
f 1560/25/377 1530/25/377 1532/25/377
f 1546/25/417 2474/25/417 2466/25/417
f 1561/25/379 1532/25/379 1533/25/379
f 1520/25/380 1546/25/380 1517/25/380
f 85/25/381 1561/25/381 1533/25/381
f 1549/25/382 1520/25/382 1522/25/382
f 1557/25/390 1583/25/390 1556/25/390
f 1560/25/391 1586/25/391 1557/25/391
f 1574/25/392 2477/25/392 2475/25/392
f 1589/25/393 1560/25/393 1561/25/393
f 1548/25/394 1574/25/394 1546/25/394
f 85/25/395 1589/25/395 1561/25/395
f 1577/25/396 1548/25/396 1549/25/396
f 1552/25/387 1577/25/387 1549/25/387
f 1581/25/388 1552/25/388 1554/25/388
f 1583/25/389 1554/25/389 1556/25/389
f 85/25/401 1599/25/401 1589/25/401
f 1577/25/402 52/25/402 1576/25/402
f 1579/25/403 1595/25/403 1577/25/403
f 1581/25/404 65/25/404 1579/25/404
f 1583/25/405 72/25/405 1581/25/405
f 1586/25/406 76/25/406 1583/25/406
f 1587/25/397 80/25/397 1586/25/397
f 48/25/398 2477/25/398 1574/25/398
f 1589/25/399 1597/25/399 1587/25/399
f 1576/25/400 48/25/400 1574/25/400
f 115/25/11 55/25/11 59/25/11
f 119/25/12 59/25/12 64/25/12
f 125/25/13 64/25/13 67/25/13
f 1236/25/14 125/25/14 67/25/14
f 97/25/15 2521/25/15 2509/25/15
f 1238/25/16 130/25/16 1236/25/16
f 49/25/7 97/25/7 45/25/7
f 70/25/8 134/25/8 1238/25/8
f 1235/25/9 105/25/9 49/25/9
f 55/25/10 106/25/10 1235/25/10
f 178/25/20 119/25/20 125/25/20
f 182/25/21 125/25/21 130/25/21
f 97/25/22 2538/25/22 2521/25/22
f 134/25/23 182/25/23 130/25/23
f 164/25/24 97/25/24 105/25/24
f 70/25/25 186/25/25 134/25/25
f 168/25/26 105/25/26 106/25/26
f 170/25/17 106/25/17 113/25/17
f 173/25/18 113/25/18 115/25/18
f 177/25/19 115/25/19 119/25/19
f 70/25/31 221/25/31 186/25/31
f 209/25/32 164/25/32 168/25/32
f 210/25/33 168/25/33 170/25/33
f 212/25/34 170/25/34 173/25/34
f 177/25/35 212/25/35 173/25/35
f 216/25/36 177/25/36 178/25/36
f 219/25/27 178/25/27 182/25/27
f 160/25/28 2524/25/28 2538/25/28
f 221/25/29 182/25/29 186/25/29
f 207/25/30 160/25/30 164/25/30
f 243/25/39 212/25/39 215/25/39
f 245/25/40 215/25/40 216/25/40
f 247/25/41 216/25/41 219/25/41
f 202/25/42 2523/25/42 2524/25/42
f 221/25/43 247/25/43 219/25/43
f 235/25/44 202/25/44 207/25/44
f 70/25/45 249/25/45 221/25/45
f 236/25/46 207/25/46 209/25/46
f 210/25/37 236/25/37 209/25/37
f 240/25/38 210/25/38 212/25/38
f 262/25/51 233/25/51 235/25/51
f 70/25/52 277/25/52 249/25/52
f 264/25/53 235/25/53 236/25/53
f 239/25/54 264/25/54 236/25/54
f 268/25/55 239/25/55 240/25/55
f 271/25/56 240/25/56 243/25/56
f 245/25/47 271/25/47 243/25/47
f 275/25/48 245/25/48 247/25/48
f 233/25/49 2526/25/49 2523/25/49
f 277/25/50 247/25/50 249/25/50
f 271/25/60 297/25/60 268/25/60
f 300/25/61 271/25/61 273/25/61
f 302/25/62 273/25/62 275/25/62
f 260/25/63 2528/25/63 2526/25/63
f 277/25/64 302/25/64 275/25/64
f 290/25/65 260/25/65 262/25/65
f 70/25/66 305/25/66 277/25/66
f 292/25/57 262/25/57 264/25/57
f 266/25/58 292/25/58 264/25/58
f 297/25/59 266/25/59 268/25/59
f 332/25/70 302/25/70 305/25/70
f 319/25/71 288/25/71 290/25/71
f 70/25/72 332/25/72 305/25/72
f 320/25/73 290/25/73 292/25/73
f 322/25/74 292/25/74 294/25/74
f 324/25/75 294/25/75 297/25/75
f 327/25/76 297/25/76 298/25/76
f 328/25/67 298/25/67 300/25/67
f 330/25/68 300/25/68 302/25/68
f 288/25/69 2530/25/69 2528/25/69
f 324/25/80 350/25/80 322/25/80
f 355/25/81 324/25/81 327/25/81
f 357/25/82 327/25/82 328/25/82
f 330/25/83 357/25/83 328/25/83
f 316/25/84 2535/25/84 2530/25/84
f 361/25/85 330/25/85 332/25/85
f 346/25/86 316/25/86 319/25/86
f 70/25/77 361/25/77 332/25/77
f 348/25/78 319/25/78 320/25/78
f 350/25/79 320/25/79 322/25/79
f 344/25/90 2533/25/90 2535/25/90
f 389/25/91 359/25/91 361/25/91
f 375/25/92 344/25/92 346/25/92
f 70/25/93 389/25/93 361/25/93
f 348/25/94 375/25/94 346/25/94
f 379/25/95 348/25/95 350/25/95
f 380/25/96 350/25/96 353/25/96
f 383/25/87 353/25/87 355/25/87
f 385/25/88 355/25/88 357/25/88
f 359/25/89 385/25/89 357/25/89
f 380/25/102 406/25/102 379/25/102
f 411/25/408 380/25/408 383/25/408
f 385/25/104 411/25/104 383/25/104
f 414/25/105 385/25/105 386/25/105
f 372/25/106 2531/25/106 2533/25/106
f 416/25/97 386/25/97 389/25/97
f 402/25/98 372/25/98 375/25/98
f 70/25/99 416/25/99 389/25/99
f 377/25/100 402/25/100 375/25/100
f 406/25/101 377/25/101 379/25/101
f 414/25/110 441/25/110 413/25/110
f 400/25/111 2532/25/111 2531/25/111
f 445/25/112 414/25/112 416/25/112
f 431/25/113 400/25/113 402/25/113
f 70/25/114 445/25/114 416/25/114
f 432/25/115 402/25/115 404/25/115
f 406/25/116 432/25/116 404/25/116
f 437/25/107 406/25/107 409/25/107
f 438/25/108 409/25/108 411/25/108
f 441/25/109 411/25/109 413/25/109
f 434/25/122 460/25/122 432/25/122
f 464/25/123 434/25/123 437/25/123
f 467/25/124 437/25/124 438/25/124
f 468/25/125 438/25/125 441/25/125
f 443/25/126 468/25/126 441/25/126
f 457/25/117 2532/25/117 428/25/117
f 445/25/118 471/25/118 443/25/118
f 431/25/119 457/25/119 428/25/119
f 70/25/120 473/25/120 445/25/120
f 432/25/121 458/25/121 431/25/121
f 496/25/129 467/25/129 468/25/129
f 471/25/130 496/25/130 468/25/130
f 484/25/131 2534/25/131 457/25/131
f 473/25/132 498/25/132 471/25/132
f 486/25/133 457/25/133 458/25/133
f 70/25/134 501/25/134 473/25/134
f 460/25/135 486/25/135 458/25/135
f 490/25/136 460/25/136 462/25/136
f 464/25/127 490/25/127 462/25/127
f 467/25/128 492/25/128 464/25/128
f 489/25/142 515/25/142 486/25/142
f 518/25/143 489/25/143 490/25/143
f 521/25/144 490/25/144 492/25/144
f 523/25/145 492/25/145 495/25/145
f 525/25/146 495/25/146 496/25/146
f 498/25/137 525/25/137 496/25/137
f 484/25/138 2537/25/138 2529/25/138
f 529/25/139 498/25/139 501/25/139
f 515/25/140 484/25/140 486/25/140
f 70/25/141 529/25/141 501/25/141
f 552/25/150 523/25/150 525/25/150
f 527/25/151 552/25/151 525/25/151
f 512/25/152 2525/25/152 2537/25/152
f 556/25/153 527/25/153 529/25/153
f 543/25/154 512/25/154 515/25/154
f 70/25/155 556/25/155 529/25/155
f 516/25/156 543/25/156 515/25/156
f 518/25/147 545/25/147 516/25/147
f 548/25/148 518/25/148 521/25/148
f 523/25/149 548/25/149 521/25/149
f 70/25/161 585/25/161 556/25/161
f 572/25/162 543/25/162 545/25/162
f 575/25/163 545/25/163 547/25/163
f 576/25/164 547/25/164 548/25/164
f 550/25/165 576/25/165 548/25/165
f 580/25/166 550/25/166 552/25/166
f 554/25/157 580/25/157 552/25/157
f 541/25/158 2527/25/158 2525/25/158
f 585/25/159 554/25/159 556/25/159
f 570/25/160 541/25/160 543/25/160
f 607/25/169 576/25/169 579/25/169
f 609/25/170 579/25/170 580/25/170
f 610/25/409 580/25/409 582/25/409
f 569/25/172 2536/25/172 2527/25/172
f 613/25/173 582/25/173 585/25/173
f 598/25/174 569/25/174 570/25/174
f 70/25/175 613/25/175 585/25/175
f 572/25/176 598/25/176 570/25/176
f 602/25/167 572/25/167 575/25/167
f 576/25/168 602/25/168 575/25/168
f 627/25/181 597/25/181 598/25/181
f 70/25/182 640/25/182 613/25/182
f 629/25/183 598/25/183 600/25/183
f 630/25/184 600/25/184 602/25/184
f 604/25/185 630/25/185 602/25/185
f 635/25/186 604/25/186 607/25/186
f 609/25/177 635/25/177 607/25/177
f 610/25/178 637/25/178 609/25/178
f 597/25/179 2520/25/179 2536/25/179
f 640/25/180 610/25/180 613/25/180
f 662/25/191 633/25/191 635/25/191
f 664/25/423 635/25/423 637/25/423
f 639/25/193 664/25/193 637/25/193
f 624/25/194 2522/25/194 2520/25/194
f 668/25/195 639/25/195 640/25/195
f 627/25/196 653/25/196 624/25/196
f 70/25/187 668/25/187 640/25/187
f 657/25/188 627/25/188 629/25/188
f 630/25/189 657/25/189 629/25/189
f 633/25/190 659/25/190 630/25/190
f 697/25/201 666/25/201 668/25/201
f 682/25/202 653/25/202 654/25/202
f 70/25/203 697/25/203 668/25/203
f 657/25/204 682/25/204 654/25/204
f 686/25/205 657/25/205 659/25/205
f 661/25/206 686/25/206 659/25/206
f 690/25/197 661/25/197 662/25/197
f 664/25/198 690/25/198 662/25/198
f 666/25/199 692/25/199 664/25/199
f 653/25/200 2540/25/200 2522/25/200
f 688/25/211 715/25/211 686/25/211
f 719/25/212 688/25/212 690/25/212
f 692/25/213 719/25/213 690/25/213
f 694/25/214 721/25/214 692/25/214
f 681/25/215 2539/25/215 2540/25/215
f 697/25/216 722/25/216 694/25/216
f 710/25/207 681/25/207 682/25/207
f 70/25/208 725/25/208 697/25/208
f 684/25/209 710/25/209 682/25/209
f 686/25/210 713/25/210 684/25/210
f 722/25/219 749/25/219 721/25/219
f 709/25/220 2519/25/220 2539/25/220
f 725/25/221 750/25/221 722/25/221
f 738/25/222 709/25/222 710/25/222
f 70/25/223 752/25/223 725/25/223
f 740/25/224 710/25/224 713/25/224
f 743/25/225 713/25/225 715/25/225
f 744/25/226 715/25/226 717/25/226
f 746/25/217 717/25/217 719/25/217
f 749/25/425 719/25/425 721/25/425
f 743/25/231 768/25/231 740/25/231
f 744/25/232 770/25/232 743/25/232
f 774/25/233 744/25/233 746/25/233
f 777/25/234 746/25/234 749/25/234
f 778/25/235 749/25/235 750/25/235
f 736/25/236 2518/25/236 2519/25/236
f 780/25/227 750/25/227 752/25/227
f 767/25/228 736/25/228 738/25/228
f 70/25/229 780/25/229 752/25/229
f 768/25/230 738/25/230 740/25/230
f 807/25/240 777/25/240 778/25/240
f 765/25/241 2517/25/241 2518/25/241
f 780/25/242 807/25/242 778/25/242
f 767/25/410 792/25/410 765/25/410
f 70/25/244 808/25/244 780/25/244
f 797/25/245 767/25/245 768/25/245
f 799/25/246 768/25/246 770/25/246
f 800/25/237 770/25/237 773/25/237
f 803/25/238 773/25/238 774/25/238
f 805/25/239 774/25/239 777/25/239
f 799/25/252 824/25/252 797/25/252
f 829/25/253 799/25/253 800/25/253
f 803/25/254 829/25/254 800/25/254
f 832/25/255 803/25/255 805/25/255
f 807/25/256 832/25/256 805/25/256
f 792/25/247 2515/25/247 2517/25/247
f 836/25/248 807/25/248 808/25/248
f 795/25/249 821/25/249 792/25/249
f 70/25/250 836/25/250 808/25/250
f 824/25/251 795/25/251 797/25/251
f 861/25/259 830/25/259 832/25/259
f 835/25/260 861/25/260 832/25/260
f 821/25/261 2516/25/261 2515/25/261
f 865/25/262 835/25/262 836/25/262
f 850/25/263 821/25/263 822/25/263
f 70/25/264 865/25/264 836/25/264
f 852/25/265 822/25/265 824/25/265
f 827/25/266 852/25/266 824/25/266
f 856/25/257 827/25/257 829/25/257
f 859/25/258 829/25/258 830/25/258
f 881/25/272 850/25/272 852/25/272
f 854/25/273 881/25/273 852/25/273
f 885/25/274 854/25/274 856/25/274
f 886/25/275 856/25/275 859/25/275
f 889/25/276 859/25/276 861/25/276
f 890/25/426 861/25/426 862/25/426
f 849/25/268 2514/25/268 2516/25/268
f 865/25/269 890/25/269 862/25/269
f 879/25/270 849/25/270 850/25/270
f 70/25/271 892/25/271 865/25/271
f 889/25/280 914/25/280 886/25/280
f 918/25/281 889/25/281 890/25/281
f 876/25/282 2512/25/282 2514/25/282
f 920/25/283 890/25/283 892/25/283
f 907/25/284 876/25/284 879/25/284
f 70/25/285 920/25/285 892/25/285
f 908/25/286 879/25/286 881/25/286
f 911/25/277 881/25/277 883/25/277
f 885/25/278 911/25/278 883/25/278
f 886/25/279 913/25/279 885/25/279
f 70/25/292 949/25/292 920/25/292
f 908/25/293 934/25/293 907/25/293
f 938/25/294 908/25/294 911/25/294
f 913/25/295 938/25/295 911/25/295
f 943/25/296 913/25/296 914/25/296
f 944/25/411 914/25/411 916/25/411
f 918/25/288 944/25/288 916/25/288
f 905/25/289 2513/25/289 2512/25/289
f 949/25/290 918/25/290 920/25/290
f 907/25/291 933/25/291 905/25/291
f 970/25/300 940/25/300 943/25/300
f 973/25/301 943/25/301 944/25/301
f 974/25/302 944/25/302 946/25/302
f 933/25/303 2511/25/303 2513/25/303
f 976/25/304 946/25/304 949/25/304
f 963/25/305 933/25/305 934/25/305
f 70/25/306 976/25/306 949/25/306
f 964/25/297 934/25/297 937/25/297
f 938/25/298 964/25/298 937/25/298
f 940/25/299 967/25/299 938/25/299
f 1005/25/310 974/25/310 976/25/310
f 990/25/311 960/25/311 963/25/311
f 70/25/312 1005/25/312 976/25/312
f 992/25/313 963/25/313 964/25/313
f 995/25/412 964/25/412 967/25/412
f 968/25/315 995/25/315 967/25/315
f 999/25/316 968/25/316 970/25/316
f 1000/25/307 970/25/307 973/25/307
f 1002/25/308 973/25/308 974/25/308
f 960/25/309 2510/25/309 2511/25/309
f 1024/25/320 995/25/320 996/25/320
f 1026/25/321 996/25/321 999/25/321
f 1028/25/413 999/25/413 1000/25/413
f 1031/25/323 1000/25/323 1002/25/323
f 989/25/324 2508/25/324 2510/25/324
f 1032/25/325 1002/25/325 1005/25/325
f 1018/25/326 989/25/326 990/25/326
f 70/25/317 1032/25/317 1005/25/317
f 1020/25/318 990/25/318 992/25/318
f 1022/25/319 992/25/319 995/25/319
f 1016/25/414 2506/25/414 2508/25/414
f 1032/25/331 1058/25/331 1031/25/331
f 1046/25/332 1016/25/332 1018/25/332
f 70/25/333 1060/25/333 1032/25/333
f 1049/25/334 1018/25/334 1020/25/334
f 1051/25/335 1020/25/335 1022/25/335
f 1053/25/336 1022/25/336 1024/25/336
f 1055/25/327 1024/25/327 1026/25/327
f 1056/25/328 1026/25/328 1028/25/328
f 1031/25/329 1056/25/329 1028/25/329
f 1080/25/341 1051/25/341 1053/25/341
f 1083/25/342 1053/25/342 1055/25/342
f 1084/25/343 1055/25/343 1056/25/343
f 1087/25/344 1056/25/344 1058/25/344
f 1044/25/345 2505/25/345 2506/25/345
f 1088/25/346 1058/25/346 1060/25/346
f 1075/25/337 1044/25/337 1046/25/337
f 70/25/338 1088/25/338 1060/25/338
f 1076/25/339 1046/25/339 1049/25/339
f 1051/25/340 1076/25/340 1049/25/340
f 1115/25/349 1084/25/349 1087/25/349
f 1072/25/350 2501/25/350 2505/25/350
f 1116/25/351 1087/25/351 1088/25/351
f 1075/25/352 1101/25/352 1072/25/352
f 70/25/353 1116/25/353 1088/25/353
f 1105/25/354 1075/25/354 1076/25/354
f 1079/25/355 1105/25/355 1076/25/355
f 1108/25/356 1079/25/356 1080/25/356
f 1083/25/347 1108/25/347 1080/25/347
f 1113/25/348 1083/25/348 1084/25/348
f 1135/25/361 1105/25/361 1107/25/361
f 1136/25/362 1107/25/362 1108/25/362
f 1111/25/363 1136/25/363 1108/25/363
f 1140/25/364 1111/25/364 1113/25/364
f 1115/25/365 1140/25/365 1113/25/365
f 1128/25/366 2501/25/366 1101/25/366
f 1144/25/357 1115/25/357 1116/25/357
f 1102/25/358 1128/25/358 1101/25/358
f 70/25/359 1144/25/359 1116/25/359
f 1132/25/360 1102/25/360 1105/25/360
f 1143/25/416 1169/25/416 1140/25/416
f 1128/25/371 2499/25/371 2502/25/371
f 1173/25/372 1143/25/372 1144/25/372
f 1131/25/373 1157/25/373 1128/25/373
f 70/25/374 1173/25/374 1144/25/374
f 1160/25/375 1131/25/375 1132/25/375
f 1163/25/376 1132/25/376 1135/25/376
f 1164/25/367 1135/25/367 1136/25/367
f 1138/25/368 1164/25/368 1136/25/368
f 1169/25/369 1138/25/369 1140/25/369
f 1191/25/383 1160/25/383 1163/25/383
f 1192/25/384 1163/25/384 1164/25/384
f 1194/25/385 1164/25/385 1166/25/385
f 1197/25/386 1166/25/386 1169/25/386
f 1171/25/377 1197/25/377 1169/25/377
f 1184/25/417 2499/25/417 1157/25/417
f 1173/25/379 1198/25/379 1171/25/379
f 1159/25/380 1184/25/380 1157/25/380
f 70/25/381 1200/25/381 1173/25/381
f 1189/25/382 1159/25/382 1160/25/382
f 1224/25/390 1194/25/390 1197/25/390
f 1226/25/391 1197/25/391 1198/25/391
f 1184/25/392 2503/25/392 2500/25/392
f 1228/25/393 1198/25/393 1200/25/393
f 1186/25/394 1212/25/394 1184/25/394
f 70/25/395 1228/25/395 1200/25/395
f 1217/25/396 1186/25/396 1189/25/396
f 1218/25/387 1189/25/387 1191/25/387
f 1220/25/388 1191/25/388 1192/25/388
f 1223/25/389 1192/25/389 1194/25/389
f 70/25/401 1238/25/401 1228/25/401
f 1217/25/402 49/25/402 1215/25/402
f 55/25/427 1217/25/427 1218/25/427
f 1220/25/404 55/25/404 1218/25/404
f 1223/25/405 59/25/405 1220/25/405
f 1224/25/406 64/25/406 1223/25/406
f 1226/25/397 67/25/397 1224/25/397
f 45/25/398 2504/25/398 1212/25/398
f 1228/25/399 1236/25/399 1226/25/399
f 1215/25/400 45/25/400 1212/25/400
f 26/25/3 2543/25/3 2542/25/3
f 26/25/4 2541/25/4 2543/25/4
f 34/25/1 2541/25/1 40/25/1
f 18/25/2 2544/25/2 34/25/2
f 18/25/6 40/25/6 26/25/6
f 19/25/428 2570/25/428 2565/25/428
f 24/25/429 2569/25/429 2570/25/429
f 28/25/430 2575/25/430 2569/25/430
f 31/25/431 2578/25/431 2575/25/431
f 37/25/432 2583/25/432 2578/25/432
f 42/25/433 2586/25/433 2583/25/433
f 46/25/434 2592/25/434 2586/25/434
f 50/25/435 2595/25/435 2592/25/435
f 53/25/436 2588/25/436 2595/25/436
f 58/25/437 2581/25/437 2588/25/437
f 62/25/438 2573/25/438 2581/25/438
f 73/25/439 2573/25/439 69/25/439
f 78/25/440 2562/25/440 73/25/440
f 82/25/441 2560/25/441 78/25/441
f 82/25/442 2555/25/442 2558/25/442
f 90/25/443 2555/25/443 86/25/443
f 94/25/444 2553/25/444 90/25/444
f 100/25/445 2550/25/445 94/25/445
f 103/25/446 2547/25/446 100/25/446
f 107/25/447 2548/25/447 103/25/447
f 112/25/448 2546/25/448 107/25/448
f 112/25/449 2551/25/449 2549/25/449
f 121/25/450 2551/25/450 117/25/450
f 127/25/451 2552/25/451 121/25/451
f 132/25/452 2554/25/452 127/25/452
f 136/25/453 2556/25/453 132/25/453
f 141/25/454 2557/25/454 136/25/454
f 145/25/455 2559/25/455 141/25/455
f 149/25/456 2561/25/456 145/25/456
f 152/25/457 2571/25/457 149/25/457
f 152/25/458 2579/25/458 2572/25/458
f 157/25/459 2580/25/459 2579/25/459
f 161/25/460 2587/25/460 2580/25/460
f 165/25/461 2593/25/461 2587/25/461
f 167/25/462 2594/25/462 2593/25/462
f 171/25/463 2591/25/463 2594/25/463
f 176/25/464 2589/25/464 174/25/464
f 179/25/465 2584/25/465 176/25/465
f 179/25/466 2582/25/466 2585/25/466
f 183/25/467 2576/25/467 2582/25/467
f 185/25/468 2577/25/468 2576/25/468
f 188/25/469 2574/25/469 2577/25/469
f 191/25/470 2566/25/470 2574/25/470
f 195/25/471 2567/25/471 2566/25/471
f 198/25/472 2568/25/472 2567/25/472
f 201/25/473 2563/25/473 2568/25/473
f 203/25/474 2564/25/474 2563/25/474
f 206/25/475 2565/25/475 2564/25/475
f 149/25/6 112/25/6 42/25/6
f 17/25/428 2626/25/428 2627/25/428
f 20/25/429 2630/25/429 2626/25/429
f 23/25/430 2629/25/430 2630/25/430
f 27/25/431 2628/25/431 2629/25/431
f 30/25/432 2644/25/432 2628/25/432
f 33/25/433 2632/25/433 2644/25/433
f 39/25/434 2632/25/434 36/25/434
f 41/25/435 2636/25/435 39/25/435
f 44/25/436 2634/25/436 41/25/436
f 47/25/437 2642/25/437 44/25/437
f 51/25/438 2638/25/438 47/25/438
f 54/25/439 2641/25/439 51/25/439
f 57/25/440 2639/25/440 54/25/440
f 60/25/441 2640/25/441 57/25/441
f 63/25/442 2637/25/442 60/25/442
f 66/25/443 2643/25/443 63/25/443
f 68/25/444 2633/25/444 66/25/444
f 68/25/445 2615/25/445 2635/25/445
f 75/25/446 2615/25/446 71/25/446
f 77/25/447 2614/25/447 75/25/447
f 81/25/448 2616/25/448 77/25/448
f 84/25/449 2613/25/449 81/25/449
f 87/25/450 2612/25/450 84/25/450
f 89/25/451 2617/25/451 87/25/451
f 92/25/452 2609/25/452 89/25/452
f 96/25/453 2610/25/453 92/25/453
f 99/25/454 2611/25/454 96/25/454
f 101/25/455 2607/25/455 99/25/455
f 104/25/456 2608/25/456 101/25/456
f 108/25/457 2618/25/457 104/25/457
f 108/25/458 2602/25/458 2601/25/458
f 111/25/459 2603/25/459 2602/25/459
f 114/25/460 2605/25/460 2603/25/460
f 116/25/461 2598/25/461 2605/25/461
f 120/25/462 2597/25/462 2598/25/462
f 123/25/463 2596/25/463 2597/25/463
f 126/25/464 2600/25/464 2596/25/464
f 128/25/465 2599/25/465 2600/25/465
f 131/25/466 2606/25/466 2599/25/466
f 135/25/467 2604/25/467 2606/25/467
f 137/25/468 2619/25/468 2604/25/468
f 143/25/469 2621/25/469 2620/25/469
f 143/25/470 2622/25/470 2621/25/470
f 147/25/471 2623/25/471 2622/25/471
f 150/25/472 2625/25/472 2623/25/472
f 153/25/473 2624/25/473 2625/25/473
f 156/25/474 2631/25/474 2624/25/474
f 159/25/475 2627/25/475 2631/25/475
f 23/25/6 143/25/6 120/25/6
f 2650/25/476 2661/25/476 2651/25/476
f 2657/25/477 2649/25/477 2648/25/477
f 2844/25/478 2664/25/478 2653/25/478
f 2654/25/479 2647/25/479 2646/25/479
f 2661/25/480 2652/25/480 2651/25/480
f 2649/25/481 2659/25/481 2842/25/481
f 2655/25/482 2841/25/482 2647/25/482
f 2662/25/483 2843/25/483 2652/25/483
f 2842/25/484 2660/25/484 2650/25/484
f 2656/25/485 2648/25/485 2841/25/485
f 2843/25/486 2664/25/486 2844/25/486
f 2645/25/487 2654/25/487 2646/25/487
f 2655/25/488 2667/25/488 2656/25/488
f 2662/25/489 2674/25/489 2663/25/489
f 2659/25/490 2671/25/490 2660/25/490
f 2667/25/491 2657/25/491 2656/25/491
f 2674/25/492 2664/25/492 2663/25/492
f 2645/25/493 2665/25/493 2654/25/493
f 2671/25/494 2661/25/494 2660/25/494
f 2668/25/495 2658/25/495 2657/25/495
f 2664/25/496 2675/25/496 2653/25/496
f 2654/25/497 2666/25/497 2655/25/497
f 2661/25/498 2673/25/498 2662/25/498
f 2658/25/499 2670/25/499 2659/25/499
f 2668/25/500 2680/25/500 2669/25/500
f 2675/25/501 2686/25/501 2653/25/501
f 2676/25/502 2666/25/502 2665/25/502
f 2672/25/503 2684/25/503 2673/25/503
f 2680/25/504 2670/25/504 2669/25/504
f 2677/25/505 2667/25/505 2666/25/505
f 2673/25/506 2685/25/506 2674/25/506
f 2681/25/507 2671/25/507 2670/25/507
f 2678/25/508 2668/25/508 2667/25/508
f 2685/25/509 2675/25/509 2674/25/509
f 2645/25/510 2676/25/510 2665/25/510
f 2682/25/511 2672/25/511 2671/25/511
f 2689/25/512 2679/25/512 2678/25/512
f 2685/25/513 2697/25/513 2686/25/513
f 2645/25/514 2687/25/514 2676/25/514
f 2682/25/515 2694/25/515 2683/25/515
f 2690/25/516 2680/25/516 2679/25/516
f 2686/25/517 2697/25/517 2653/25/517
f 2687/25/518 2677/25/518 2676/25/518
f 2683/25/519 2695/25/519 2684/25/519
f 2691/25/520 2681/25/520 2680/25/520
f 2688/25/521 2678/25/521 2677/25/521
f 2695/25/522 2685/25/522 2684/25/522
f 2681/25/523 2693/25/523 2682/25/523
f 2691/25/524 2703/25/524 2692/25/524
f 2699/25/525 2689/25/525 2688/25/525
f 2695/25/526 2707/25/526 2696/25/526
f 2692/25/527 2704/25/527 2693/25/527
f 2700/25/528 2690/25/528 2689/25/528
f 2707/25/529 2697/25/529 2696/25/529
f 2645/25/530 2698/25/530 2687/25/530
f 2693/25/531 2705/25/531 2694/25/531
f 2690/25/532 2702/25/532 2691/25/532
f 2697/25/533 2708/25/533 2653/25/533
f 2698/25/534 2688/25/534 2687/25/534
f 2694/25/535 2706/25/535 2695/25/535
f 2712/25/536 2702/25/536 2701/25/536
f 2708/25/537 2719/25/537 2653/25/537
f 2709/25/538 2699/25/538 2698/25/538
f 2705/25/539 2717/25/539 2706/25/539
f 2713/25/540 2703/25/540 2702/25/540
f 2710/25/541 2700/25/541 2699/25/541
f 2706/25/542 2718/25/542 2707/25/542
f 2714/25/543 2704/25/543 2703/25/543
f 2700/25/544 2712/25/544 2701/25/544
f 2707/25/545 2719/25/545 2708/25/545
f 2645/25/546 2709/25/546 2698/25/546
f 2715/25/547 2705/25/547 2704/25/547
f 2725/25/548 2715/25/548 2714/25/548
f 2722/25/549 2712/25/549 2711/25/549
f 2729/25/550 2719/25/550 2718/25/550
f 2645/25/551 2720/25/551 2709/25/551
f 2715/25/552 2727/25/552 2716/25/552
f 2723/25/553 2713/25/553 2712/25/553
f 2719/25/554 2730/25/554 2653/25/554
f 2720/25/555 2710/25/555 2709/25/555
f 2716/25/556 2728/25/556 2717/25/556
f 2713/25/557 2725/25/557 2714/25/557
f 2721/25/558 2711/25/558 2710/25/558
f 2717/25/559 2729/25/559 2718/25/559
f 2735/25/560 2725/25/560 2724/25/560
f 2732/25/561 2722/25/561 2721/25/561
f 2739/25/562 2729/25/562 2728/25/562
f 2725/25/563 2737/25/563 2726/25/563
f 2722/25/564 2734/25/564 2723/25/564
f 2740/25/565 2730/25/565 2729/25/565
f 2645/25/566 2731/25/566 2720/25/566
f 2726/25/567 2738/25/567 2727/25/567
f 2734/25/568 2724/25/568 2723/25/568
f 2730/25/569 2741/25/569 2653/25/569
f 2731/25/570 2721/25/570 2720/25/570
f 2738/25/571 2728/25/571 2727/25/571
f 2748/25/572 2738/25/572 2737/25/572
f 2734/25/573 2746/25/573 2735/25/573
f 2741/25/574 2752/25/574 2653/25/574
f 2742/25/575 2732/25/575 2731/25/575
f 2738/25/576 2750/25/576 2739/25/576
f 2735/25/577 2747/25/577 2736/25/577
f 2743/25/578 2733/25/578 2732/25/578
f 2739/25/579 2751/25/579 2740/25/579
f 2747/25/580 2737/25/580 2736/25/580
f 2733/25/581 2745/25/581 2734/25/581
f 2740/25/582 2752/25/582 2741/25/582
f 2645/25/583 2742/25/583 2731/25/583
f 2747/25/584 2759/25/584 2748/25/584
f 2744/25/585 2756/25/585 2745/25/585
f 2751/25/586 2763/25/586 2752/25/586
f 2645/25/587 2753/25/587 2742/25/587
f 2748/25/588 2760/25/588 2749/25/588
f 2756/25/589 2746/25/589 2745/25/589
f 2752/25/590 2763/25/590 2653/25/590
f 2753/25/591 2743/25/591 2742/25/591
f 2749/25/592 2761/25/592 2750/25/592
f 2746/25/593 2758/25/593 2747/25/593
f 2754/25/594 2744/25/594 2743/25/594
f 2761/25/595 2751/25/595 2750/25/595
f 2760/25/596 2772/25/596 2761/25/596
f 2768/25/597 2758/25/597 2757/25/597
f 2765/25/598 2755/25/598 2754/25/598
f 2772/25/599 2762/25/599 2761/25/599
f 2769/25/600 2759/25/600 2758/25/600
f 2766/25/601 2756/25/601 2755/25/601
f 2773/25/602 2763/25/602 2762/25/602
f 2645/25/603 2764/25/603 2753/25/603
f 2770/25/604 2760/25/604 2759/25/604
f 2767/25/605 2757/25/605 2756/25/605
f 2763/25/606 2774/25/606 2653/25/606
f 2764/25/607 2754/25/607 2753/25/607
f 2645/25/608 2775/25/608 2764/25/608
f 2781/25/609 2771/25/609 2770/25/609
f 2767/25/610 2779/25/610 2768/25/610
f 2774/25/611 2785/25/611 2653/25/611
f 2775/25/612 2765/25/612 2764/25/612
f 2771/25/613 2783/25/613 2772/25/613
f 2768/25/614 2780/25/614 2769/25/614
f 2776/25/615 2766/25/615 2765/25/615
f 2772/25/616 2784/25/616 2773/25/616
f 2780/25/617 2770/25/617 2769/25/617
f 2766/25/618 2778/25/618 2767/25/618
f 2773/25/619 2785/25/619 2774/25/619
f 2794/25/620 2784/25/620 2783/25/620
f 2780/25/621 2792/25/621 2781/25/621
f 2777/25/622 2789/25/622 2778/25/622
f 2784/25/623 2796/25/623 2785/25/623
f 2645/25/624 2786/25/624 2775/25/624
f 2781/25/625 2793/25/625 2782/25/625
f 2789/25/626 2779/25/626 2778/25/626
f 2785/25/627 2796/25/627 2653/25/627
f 2786/25/628 2776/25/628 2775/25/628
f 2782/25/629 2794/25/629 2783/25/629
f 2779/25/630 2791/25/630 2780/25/630
f 2787/25/631 2777/25/631 2776/25/631
f 2786/25/632 2798/25/632 2787/25/632
f 2793/25/633 2805/25/633 2794/25/633
f 2801/25/634 2791/25/634 2790/25/634
f 2787/25/635 2799/25/635 2788/25/635
f 2794/25/636 2806/25/636 2795/25/636
f 2802/25/637 2792/25/637 2791/25/637
f 2788/25/638 2800/25/638 2789/25/638
f 2806/25/639 2796/25/639 2795/25/639
f 2645/25/640 2797/25/640 2786/25/640
f 2803/25/641 2793/25/641 2792/25/641
f 2789/25/642 2801/25/642 2790/25/642
f 2796/25/643 2807/25/643 2653/25/643
f 2806/25/644 2818/25/644 2807/25/644
f 2645/25/645 2808/25/645 2797/25/645
f 2814/25/646 2804/25/646 2803/25/646
f 2811/25/647 2801/25/647 2800/25/647
f 2807/25/648 2818/25/648 2653/25/648
f 2808/25/649 2798/25/649 2797/25/649
f 2815/25/650 2805/25/650 2804/25/650
f 2812/25/651 2802/25/651 2801/25/651
f 2809/25/652 2799/25/652 2798/25/652
f 2816/25/653 2806/25/653 2805/25/653
f 2802/25/654 2814/25/654 2803/25/654
f 2810/25/655 2800/25/655 2799/25/655
f 2809/25/656 2821/25/656 2810/25/656
f 2827/25/657 2817/25/657 2816/25/657
f 2813/25/658 2825/25/658 2814/25/658
f 2821/25/659 2811/25/659 2810/25/659
f 2817/25/660 2829/25/660 2818/25/660
f 2645/25/661 2819/25/661 2808/25/661
f 2825/25/662 2815/25/662 2814/25/662
f 2811/25/663 2823/25/663 2812/25/663
f 2818/25/664 2829/25/664 2653/25/664
f 2819/25/665 2809/25/665 2808/25/665
f 2815/25/666 2827/25/666 2816/25/666
f 2812/25/667 2824/25/667 2813/25/667
f 2829/25/668 2840/25/668 2653/25/668
f 2819/25/669 2831/25/669 2820/25/669
f 2837/25/670 2827/25/670 2826/25/670
f 2834/25/671 2824/25/671 2823/25/671
f 2831/25/672 2821/25/672 2820/25/672
f 2827/25/673 2839/25/673 2828/25/673
f 2835/25/674 2825/25/674 2824/25/674
f 2832/25/675 2822/25/675 2821/25/675
f 2828/25/676 2840/25/676 2829/25/676
f 2645/25/677 2830/25/677 2819/25/677
f 2836/25/678 2826/25/678 2825/25/678
f 2833/25/679 2823/25/679 2822/25/679
f 2832/25/680 2648/25/680 2833/25/680
f 2843/25/681 2840/25/681 2839/25/681
f 2645/25/682 2646/25/682 2830/25/682
f 2836/25/683 2651/25/683 2837/25/683
f 2833/25/684 2649/25/684 2834/25/684
f 2840/25/685 2844/25/685 2653/25/685
f 2646/25/686 2831/25/686 2830/25/686
f 2837/25/687 2652/25/687 2838/25/687
f 2834/25/688 2842/25/688 2835/25/688
f 2831/25/689 2841/25/689 2832/25/689
f 2652/25/690 2839/25/690 2838/25/690
f 2835/25/691 2650/25/691 2836/25/691
f 2860/25/692 2851/25/692 2850/25/692
f 2848/25/693 2858/25/693 2849/25/693
f 3044/25/694 2864/25/694 2853/25/694
f 2846/25/695 2855/25/695 2847/25/695
f 2851/25/696 2862/25/696 2852/25/696
f 2849/25/697 2859/25/697 3042/25/697
f 2855/25/698 3041/25/698 2847/25/698
f 2862/25/699 3043/25/699 2852/25/699
f 2859/25/700 2850/25/700 3042/25/700
f 2856/25/701 2848/25/701 3041/25/701
f 3043/25/702 2864/25/702 3044/25/702
f 2845/25/703 2854/25/703 2846/25/703
f 2866/25/704 2856/25/704 2855/25/704
f 2873/25/705 2863/25/705 2862/25/705
f 2859/25/706 2871/25/706 2860/25/706
f 2856/25/707 2868/25/707 2857/25/707
f 2863/25/708 2875/25/708 2864/25/708
f 2845/25/709 2865/25/709 2854/25/709
f 2871/25/710 2861/25/710 2860/25/710
f 2868/25/711 2858/25/711 2857/25/711
f 2864/25/712 2875/25/712 2853/25/712
f 2854/25/713 2866/25/713 2855/25/713
f 2872/25/714 2862/25/714 2861/25/714
f 2869/25/715 2859/25/715 2858/25/715
f 2868/25/716 2880/25/716 2869/25/716
f 2875/25/717 2886/25/717 2853/25/717
f 2876/25/718 2866/25/718 2865/25/718
f 2883/25/719 2873/25/719 2872/25/719
f 2869/25/720 2881/25/720 2870/25/720
f 2877/25/721 2867/25/721 2866/25/721
f 2884/25/722 2874/25/722 2873/25/722
f 2881/25/723 2871/25/723 2870/25/723
f 2878/25/724 2868/25/724 2867/25/724
f 2874/25/725 2886/25/725 2875/25/725
f 2845/25/726 2876/25/726 2865/25/726
f 2882/25/727 2872/25/727 2871/25/727
f 2889/25/728 2879/25/728 2878/25/728
f 2885/25/729 2897/25/729 2886/25/729
f 2845/25/730 2887/25/730 2876/25/730
f 2893/25/731 2883/25/731 2882/25/731
f 2890/25/732 2880/25/732 2879/25/732
f 2886/25/733 2897/25/733 2853/25/733
f 2876/25/734 2888/25/734 2877/25/734
f 2894/25/735 2884/25/735 2883/25/735
f 2891/25/736 2881/25/736 2880/25/736
f 2877/25/737 2889/25/737 2878/25/737
f 2884/25/738 2896/25/738 2885/25/738
f 2881/25/739 2893/25/739 2882/25/739
f 2902/25/740 2892/25/740 2891/25/740
f 2899/25/741 2889/25/741 2888/25/741
f 2906/25/742 2896/25/742 2895/25/742
f 2903/25/743 2893/25/743 2892/25/743
f 2889/25/744 2901/25/744 2890/25/744
f 2896/25/745 2908/25/745 2897/25/745
f 2845/25/746 2898/25/746 2887/25/746
f 2893/25/747 2905/25/747 2894/25/747
f 2890/25/748 2902/25/748 2891/25/748
f 2897/25/749 2908/25/749 2853/25/749
f 2898/25/750 2888/25/750 2887/25/750
f 2894/25/751 2906/25/751 2895/25/751
f 2912/25/752 2902/25/752 2901/25/752
f 2908/25/753 2919/25/753 2853/25/753
f 2909/25/754 2899/25/754 2898/25/754
f 2916/25/755 2906/25/755 2905/25/755
f 2913/25/756 2903/25/756 2902/25/756
f 2899/25/757 2911/25/757 2900/25/757
f 2917/25/758 2907/25/758 2906/25/758
f 2903/25/759 2915/25/759 2904/25/759
f 2900/25/760 2912/25/760 2901/25/760
f 2907/25/761 2919/25/761 2908/25/761
f 2845/25/762 2909/25/762 2898/25/762
f 2915/25/763 2905/25/763 2904/25/763
f 2925/25/764 2915/25/764 2914/25/764
f 2922/25/765 2912/25/765 2911/25/765
f 2918/25/766 2930/25/766 2919/25/766
f 2845/25/767 2920/25/767 2909/25/767
f 2915/25/768 2927/25/768 2916/25/768
f 2923/25/769 2913/25/769 2912/25/769
f 2919/25/770 2930/25/770 2853/25/770
f 2920/25/771 2910/25/771 2909/25/771
f 2927/25/772 2917/25/772 2916/25/772
f 2924/25/773 2914/25/773 2913/25/773
f 2921/25/774 2911/25/774 2910/25/774
f 2917/25/775 2929/25/775 2918/25/775
f 2924/25/776 2936/25/776 2925/25/776
f 2932/25/777 2922/25/777 2921/25/777
f 2928/25/778 2940/25/778 2929/25/778
f 2936/25/779 2926/25/779 2925/25/779
f 2933/25/780 2923/25/780 2922/25/780
f 2940/25/781 2930/25/781 2929/25/781
f 2845/25/782 2931/25/782 2920/25/782
f 2926/25/783 2938/25/783 2927/25/783
f 2923/25/784 2935/25/784 2924/25/784
f 2930/25/785 2941/25/785 2853/25/785
f 2920/25/786 2932/25/786 2921/25/786
f 2938/25/787 2928/25/787 2927/25/787
f 2948/25/788 2938/25/788 2937/25/788
f 2934/25/789 2946/25/789 2935/25/789
f 2941/25/790 2952/25/790 2853/25/790
f 2942/25/791 2932/25/791 2931/25/791
f 2949/25/792 2939/25/792 2938/25/792
f 2946/25/793 2936/25/793 2935/25/793
f 2932/25/794 2944/25/794 2933/25/794
f 2950/25/795 2940/25/795 2939/25/795
f 2936/25/796 2948/25/796 2937/25/796
f 2933/25/797 2945/25/797 2934/25/797
f 2940/25/798 2952/25/798 2941/25/798
f 2845/25/799 2942/25/799 2931/25/799
f 2958/25/800 2948/25/800 2947/25/800
f 2944/25/801 2956/25/801 2945/25/801
f 2962/25/802 2952/25/802 2951/25/802
f 2845/25/803 2953/25/803 2942/25/803
f 2959/25/804 2949/25/804 2948/25/804
f 2956/25/805 2946/25/805 2945/25/805
f 2952/25/806 2963/25/806 2853/25/806
f 2953/25/807 2943/25/807 2942/25/807
f 2949/25/808 2961/25/808 2950/25/808
f 2957/25/809 2947/25/809 2946/25/809
f 2943/25/810 2955/25/810 2944/25/810
f 2961/25/811 2951/25/811 2950/25/811
f 2960/25/812 2972/25/812 2961/25/812
f 2968/25/813 2958/25/813 2957/25/813
f 2965/25/814 2955/25/814 2954/25/814
f 2961/25/815 2973/25/815 2962/25/815
f 2958/25/816 2970/25/816 2959/25/816
f 2966/25/817 2956/25/817 2955/25/817
f 2973/25/818 2963/25/818 2962/25/818
f 2845/25/819 2964/25/819 2953/25/819
f 2959/25/820 2971/25/820 2960/25/820
f 2956/25/821 2968/25/821 2957/25/821
f 2963/25/822 2974/25/822 2853/25/822
f 2953/25/823 2965/25/823 2954/25/823
f 2845/25/824 2975/25/824 2964/25/824
f 2970/25/825 2982/25/825 2971/25/825
f 2978/25/826 2968/25/826 2967/25/826
f 2974/25/827 2985/25/827 2853/25/827
f 2964/25/828 2976/25/828 2965/25/828
f 2982/25/829 2972/25/829 2971/25/829
f 2968/25/830 2980/25/830 2969/25/830
f 2976/25/831 2966/25/831 2965/25/831
f 2972/25/832 2984/25/832 2973/25/832
f 2969/25/833 2981/25/833 2970/25/833
f 2977/25/834 2967/25/834 2966/25/834
f 2984/25/835 2974/25/835 2973/25/835
f 2994/25/836 2984/25/836 2983/25/836
f 2991/25/837 2981/25/837 2980/25/837
f 2977/25/838 2989/25/838 2978/25/838
f 2984/25/839 2996/25/839 2985/25/839
f 2845/25/840 2986/25/840 2975/25/840
f 2992/25/841 2982/25/841 2981/25/841
f 2978/25/842 2990/25/842 2979/25/842
f 2985/25/843 2996/25/843 2853/25/843
f 2986/25/844 2976/25/844 2975/25/844
f 2982/25/845 2994/25/845 2983/25/845
f 2990/25/846 2980/25/846 2979/25/846
f 2987/25/847 2977/25/847 2976/25/847
f 2986/25/848 2998/25/848 2987/25/848
f 2993/25/849 3005/25/849 2994/25/849
f 3001/25/850 2991/25/850 2990/25/850
f 2987/25/851 2999/25/851 2988/25/851
f 2994/25/852 3006/25/852 2995/25/852
f 2991/25/853 3003/25/853 2992/25/853
f 2988/25/854 3000/25/854 2989/25/854
f 3006/25/855 2996/25/855 2995/25/855
f 2845/25/856 2997/25/856 2986/25/856
f 2992/25/857 3004/25/857 2993/25/857
f 3000/25/858 2990/25/858 2989/25/858
f 2996/25/859 3007/25/859 2853/25/859
f 3006/25/860 3018/25/860 3007/25/860
f 2845/25/861 3008/25/861 2997/25/861
f 3003/25/862 3015/25/862 3004/25/862
f 3011/25/863 3001/25/863 3000/25/863
f 3007/25/864 3018/25/864 2853/25/864
f 2997/25/865 3009/25/865 2998/25/865
f 3004/25/866 3016/25/866 3005/25/866
f 3012/25/867 3002/25/867 3001/25/867
f 3009/25/868 2999/25/868 2998/25/868
f 3005/25/869 3017/25/869 3006/25/869
f 3013/25/870 3003/25/870 3002/25/870
f 2999/25/871 3011/25/871 3000/25/871
f 3020/25/872 3010/25/872 3009/25/872
f 3016/25/873 3028/25/873 3017/25/873
f 3024/25/874 3014/25/874 3013/25/874
f 3021/25/875 3011/25/875 3010/25/875
f 3028/25/876 3018/25/876 3017/25/876
f 2845/25/877 3019/25/877 3008/25/877
f 3014/25/878 3026/25/878 3015/25/878
f 3011/25/879 3023/25/879 3012/25/879
f 3018/25/880 3029/25/880 2853/25/880
f 3008/25/881 3020/25/881 3009/25/881
f 3026/25/882 3016/25/882 3015/25/882
f 3012/25/883 3024/25/883 3013/25/883
f 3029/25/884 3040/25/884 2853/25/884
f 3019/25/885 3031/25/885 3020/25/885
f 3037/25/886 3027/25/886 3026/25/886
f 3023/25/887 3035/25/887 3024/25/887
f 3031/25/888 3021/25/888 3020/25/888
f 3027/25/889 3039/25/889 3028/25/889
f 3024/25/890 3036/25/890 3025/25/890
f 3021/25/891 3033/25/891 3022/25/891
f 3028/25/892 3040/25/892 3029/25/892
f 2845/25/893 3030/25/893 3019/25/893
f 3036/25/894 3026/25/894 3025/25/894
f 3022/25/895 3034/25/895 3023/25/895
f 3041/25/896 3033/25/896 3032/25/896
f 3039/25/897 3044/25/897 3040/25/897
f 2845/25/898 2846/25/898 3030/25/898
f 2850/25/899 3037/25/899 3036/25/899
f 2848/25/900 3034/25/900 3033/25/900
f 3040/25/901 3044/25/901 2853/25/901
f 3030/25/902 2847/25/902 3031/25/902
f 2851/25/903 3038/25/903 3037/25/903
f 2849/25/904 3035/25/904 3034/25/904
f 2847/25/905 3032/25/905 3031/25/905
f 3038/25/906 3043/25/906 3039/25/906
f 3042/25/907 3036/25/907 3035/25/907
f 3050/25/908 3061/25/908 3051/25/908
f 3057/25/909 3049/25/909 3048/25/909
f 3244/25/910 3064/25/910 3053/25/910
f 3046/25/911 3055/25/911 3047/25/911
f 3051/25/912 3062/25/912 3052/25/912
f 3049/25/913 3059/25/913 3242/25/913
f 3055/25/914 3241/25/914 3047/25/914
f 3052/25/915 3063/25/915 3243/25/915
f 3242/25/916 3060/25/916 3050/25/916
f 3056/25/917 3048/25/917 3241/25/917
f 3063/25/918 3244/25/918 3243/25/918
f 3045/25/919 3054/25/919 3046/25/919
f 3066/25/920 3056/25/920 3055/25/920
f 3062/25/921 3074/25/921 3063/25/921
f 3059/25/922 3071/25/922 3060/25/922
f 3056/25/923 3068/25/923 3057/25/923
f 3063/25/924 3075/25/924 3064/25/924
f 3045/25/925 3065/25/925 3054/25/925
f 3060/25/926 3072/25/926 3061/25/926
f 3068/25/927 3058/25/927 3057/25/927
f 3064/25/928 3075/25/928 3053/25/928
f 3065/25/929 3055/25/929 3054/25/929
f 3072/25/930 3062/25/930 3061/25/930
f 3069/25/931 3059/25/931 3058/25/931
f 3079/25/932 3069/25/932 3068/25/932
f 3075/25/933 3086/25/933 3053/25/933
f 3076/25/934 3066/25/934 3065/25/934
f 3083/25/935 3073/25/935 3072/25/935
f 3080/25/936 3070/25/936 3069/25/936
f 3066/25/937 3078/25/937 3067/25/937
f 3084/25/938 3074/25/938 3073/25/938
f 3081/25/939 3071/25/939 3070/25/939
f 3078/25/940 3068/25/940 3067/25/940
f 3085/25/941 3075/25/941 3074/25/941
f 3045/25/942 3076/25/942 3065/25/942
f 3082/25/943 3072/25/943 3071/25/943
f 3078/25/944 3090/25/944 3079/25/944
f 3085/25/945 3097/25/945 3086/25/945
f 3045/25/946 3087/25/946 3076/25/946
f 3093/25/947 3083/25/947 3082/25/947
f 3090/25/948 3080/25/948 3079/25/948
f 3086/25/949 3097/25/949 3053/25/949
f 3087/25/950 3077/25/950 3076/25/950
f 3094/25/951 3084/25/951 3083/25/951
f 3091/25/952 3081/25/952 3080/25/952
f 3088/25/953 3078/25/953 3077/25/953
f 3095/25/954 3085/25/954 3084/25/954
f 3081/25/955 3093/25/955 3082/25/955
f 3102/25/956 3092/25/956 3091/25/956
f 3099/25/957 3089/25/957 3088/25/957
f 3095/25/958 3107/25/958 3096/25/958
f 3092/25/959 3104/25/959 3093/25/959
f 3089/25/960 3101/25/960 3090/25/960
f 3107/25/961 3097/25/961 3096/25/961
f 3045/25/962 3098/25/962 3087/25/962
f 3093/25/963 3105/25/963 3094/25/963
f 3101/25/964 3091/25/964 3090/25/964
f 3097/25/965 3108/25/965 3053/25/965
f 3087/25/966 3099/25/966 3088/25/966
f 3094/25/967 3106/25/967 3095/25/967
f 3101/25/968 3113/25/968 3102/25/968
f 3108/25/969 3119/25/969 3053/25/969
f 3109/25/970 3099/25/970 3098/25/970
f 3105/25/971 3117/25/971 3106/25/971
f 3113/25/972 3103/25/972 3102/25/972
f 3099/25/973 3111/25/973 3100/25/973
f 3106/25/974 3118/25/974 3107/25/974
f 3114/25/975 3104/25/975 3103/25/975
f 3100/25/976 3112/25/976 3101/25/976
f 3118/25/977 3108/25/977 3107/25/977
f 3045/25/978 3109/25/978 3098/25/978
f 3115/25/979 3105/25/979 3104/25/979
f 3114/25/980 3126/25/980 3115/25/980
f 3122/25/981 3112/25/981 3111/25/981
f 3129/25/982 3119/25/982 3118/25/982
f 3045/25/983 3120/25/983 3109/25/983
f 3115/25/984 3127/25/984 3116/25/984
f 3123/25/985 3113/25/985 3112/25/985
f 3119/25/986 3130/25/986 3053/25/986
f 3120/25/987 3110/25/987 3109/25/987
f 3127/25/988 3117/25/988 3116/25/988
f 3113/25/989 3125/25/989 3114/25/989
f 3121/25/990 3111/25/990 3110/25/990
f 3128/25/991 3118/25/991 3117/25/991
f 3135/25/992 3125/25/992 3124/25/992
f 3132/25/993 3122/25/993 3121/25/993
f 3139/25/994 3129/25/994 3128/25/994
f 3136/25/995 3126/25/995 3125/25/995
f 3133/25/996 3123/25/996 3122/25/996
f 3140/25/997 3130/25/997 3129/25/997
f 3045/25/998 3131/25/998 3120/25/998
f 3137/25/999 3127/25/999 3126/25/999
f 3134/25/1000 3124/25/1000 3123/25/1000
f 3130/25/1001 3141/25/1001 3053/25/1001
f 3131/25/1002 3121/25/1002 3120/25/1002
f 3127/25/1003 3139/25/1003 3128/25/1003
f 3148/25/1004 3138/25/1004 3137/25/1004
f 3145/25/1005 3135/25/1005 3134/25/1005
f 3141/25/1006 3152/25/1006 3053/25/1006
f 3131/25/1007 3143/25/1007 3132/25/1007
f 3149/25/1008 3139/25/1008 3138/25/1008
f 3146/25/1009 3136/25/1009 3135/25/1009
f 3143/25/1010 3133/25/1010 3132/25/1010
f 3150/25/1011 3140/25/1011 3139/25/1011
f 3136/25/1012 3148/25/1012 3137/25/1012
f 3144/25/1013 3134/25/1013 3133/25/1013
f 3151/25/1014 3141/25/1014 3140/25/1014
f 3045/25/1015 3142/25/1015 3131/25/1015
f 3147/25/1016 3159/25/1016 3148/25/1016
f 3155/25/1017 3145/25/1017 3144/25/1017
f 3162/25/1018 3152/25/1018 3151/25/1018
f 3045/25/1019 3153/25/1019 3142/25/1019
f 3159/25/1020 3149/25/1020 3148/25/1020
f 3156/25/1021 3146/25/1021 3145/25/1021
f 3152/25/1022 3163/25/1022 3053/25/1022
f 3153/25/1023 3143/25/1023 3142/25/1023
f 3160/25/1024 3150/25/1024 3149/25/1024
f 3157/25/1025 3147/25/1025 3146/25/1025
f 3154/25/1026 3144/25/1026 3143/25/1026
f 3150/25/1027 3162/25/1027 3151/25/1027
f 3160/25/1028 3172/25/1028 3161/25/1028
f 3157/25/1029 3169/25/1029 3158/25/1029
f 3165/25/1030 3155/25/1030 3154/25/1030
f 3161/25/1031 3173/25/1031 3162/25/1031
f 3158/25/1032 3170/25/1032 3159/25/1032
f 3155/25/1033 3167/25/1033 3156/25/1033
f 3162/25/1034 3174/25/1034 3163/25/1034
f 3045/25/1035 3164/25/1035 3153/25/1035
f 3170/25/1036 3160/25/1036 3159/25/1036
f 3156/25/1037 3168/25/1037 3157/25/1037
f 3163/25/1038 3174/25/1038 3053/25/1038
f 3164/25/1039 3154/25/1039 3153/25/1039
f 3045/25/1040 3175/25/1040 3164/25/1040
f 3181/25/1041 3171/25/1041 3170/25/1041
f 3178/25/1042 3168/25/1042 3167/25/1042
f 3174/25/1043 3185/25/1043 3053/25/1043
f 3164/25/1044 3176/25/1044 3165/25/1044
f 3182/25/1045 3172/25/1045 3171/25/1045
f 3179/25/1046 3169/25/1046 3168/25/1046
f 3176/25/1047 3166/25/1047 3165/25/1047
f 3183/25/1048 3173/25/1048 3172/25/1048
f 3180/25/1049 3170/25/1049 3169/25/1049
f 3177/25/1050 3167/25/1050 3166/25/1050
f 3184/25/1051 3174/25/1051 3173/25/1051
f 3183/25/1052 3195/25/1052 3184/25/1052
f 3191/25/1053 3181/25/1053 3180/25/1053
f 3188/25/1054 3178/25/1054 3177/25/1054
f 3195/25/1055 3185/25/1055 3184/25/1055
f 3045/25/1056 3186/25/1056 3175/25/1056
f 3181/25/1057 3193/25/1057 3182/25/1057
f 3189/25/1058 3179/25/1058 3178/25/1058
f 3185/25/1059 3196/25/1059 3053/25/1059
f 3186/25/1060 3176/25/1060 3175/25/1060
f 3182/25/1061 3194/25/1061 3183/25/1061
f 3190/25/1062 3180/25/1062 3179/25/1062
f 3187/25/1063 3177/25/1063 3176/25/1063
f 3197/25/1064 3187/25/1064 3186/25/1064
f 3204/25/1065 3194/25/1065 3193/25/1065
f 3201/25/1066 3191/25/1066 3190/25/1066
f 3198/25/1067 3188/25/1067 3187/25/1067
f 3194/25/1068 3206/25/1068 3195/25/1068
f 3202/25/1069 3192/25/1069 3191/25/1069
f 3199/25/1070 3189/25/1070 3188/25/1070
f 3195/25/1071 3207/25/1071 3196/25/1071
f 3045/25/1072 3197/25/1072 3186/25/1072
f 3203/25/1073 3193/25/1073 3192/25/1073
f 3189/25/1074 3201/25/1074 3190/25/1074
f 3196/25/1075 3207/25/1075 3053/25/1075
f 3206/25/1076 3218/25/1076 3207/25/1076
f 3045/25/1077 3208/25/1077 3197/25/1077
f 3203/25/1078 3215/25/1078 3204/25/1078
f 3200/25/1079 3212/25/1079 3201/25/1079
f 3207/25/1080 3218/25/1080 3053/25/1080
f 3197/25/1081 3209/25/1081 3198/25/1081
f 3204/25/1082 3216/25/1082 3205/25/1082
f 3201/25/1083 3213/25/1083 3202/25/1083
f 3209/25/1084 3199/25/1084 3198/25/1084
f 3216/25/1085 3206/25/1085 3205/25/1085
f 3202/25/1086 3214/25/1086 3203/25/1086
f 3199/25/1087 3211/25/1087 3200/25/1087
f 3220/25/1088 3210/25/1088 3209/25/1088
f 3227/25/1089 3217/25/1089 3216/25/1089
f 3224/25/1090 3214/25/1090 3213/25/1090
f 3210/25/1091 3222/25/1091 3211/25/1091
f 3217/25/1092 3229/25/1092 3218/25/1092
f 3045/25/1093 3219/25/1093 3208/25/1093
f 3214/25/1094 3226/25/1094 3215/25/1094
f 3222/25/1095 3212/25/1095 3211/25/1095
f 3218/25/1096 3229/25/1096 3053/25/1096
f 3219/25/1097 3209/25/1097 3208/25/1097
f 3226/25/1098 3216/25/1098 3215/25/1098
f 3223/25/1099 3213/25/1099 3212/25/1099
f 3229/25/1100 3240/25/1100 3053/25/1100
f 3230/25/1101 3220/25/1101 3219/25/1101
f 3237/25/1102 3227/25/1102 3226/25/1102
f 3234/25/1103 3224/25/1103 3223/25/1103
f 3231/25/1104 3221/25/1104 3220/25/1104
f 3227/25/1105 3239/25/1105 3228/25/1105
f 3224/25/1106 3236/25/1106 3225/25/1106
f 3232/25/1107 3222/25/1107 3221/25/1107
f 3228/25/1108 3240/25/1108 3229/25/1108
f 3045/25/1109 3230/25/1109 3219/25/1109
f 3225/25/1110 3237/25/1110 3226/25/1110
f 3233/25/1111 3223/25/1111 3222/25/1111
f 3241/25/1112 3233/25/1112 3232/25/1112
f 3243/25/1113 3240/25/1113 3239/25/1113
f 3045/25/1114 3046/25/1114 3230/25/1114
f 3050/25/1115 3237/25/1115 3236/25/1115
f 3233/25/1116 3049/25/1116 3234/25/1116
f 3240/25/1117 3244/25/1117 3053/25/1117
f 3230/25/1118 3047/25/1118 3231/25/1118
f 3237/25/1119 3052/25/1119 3238/25/1119
f 3234/25/1120 3242/25/1120 3235/25/1120
f 3231/25/1121 3241/25/1121 3232/25/1121
f 3052/25/1122 3239/25/1122 3238/25/1122
f 3235/25/1123 3050/25/1123 3236/25/1123
f 3260/25/1124 3251/25/1124 3250/25/1124
f 3248/25/1125 3258/25/1125 3249/25/1125
f 3444/25/1126 3264/25/1126 3253/25/1126
f 3254/25/1127 3247/25/1127 3246/25/1127
f 3251/25/1128 3262/25/1128 3252/25/1128
f 3249/25/1129 3259/25/1129 3442/25/1129
f 3255/25/1130 3441/25/1130 3247/25/1130
f 3262/25/1131 3443/25/1131 3252/25/1131
f 3259/25/1132 3250/25/1132 3442/25/1132
f 3441/25/1133 3257/25/1133 3248/25/1133
f 3443/25/1134 3264/25/1134 3444/25/1134
f 3245/25/1135 3254/25/1135 3246/25/1135
f 3266/25/1136 3256/25/1136 3255/25/1136
f 3273/25/1137 3263/25/1137 3262/25/1137
f 3270/25/1138 3260/25/1138 3259/25/1138
f 3267/25/1139 3257/25/1139 3256/25/1139
f 3263/25/1140 3275/25/1140 3264/25/1140
f 3245/25/1141 3265/25/1141 3254/25/1141
f 3271/25/1142 3261/25/1142 3260/25/1142
f 3268/25/1143 3258/25/1143 3257/25/1143
f 3264/25/1144 3275/25/1144 3253/25/1144
f 3265/25/1145 3255/25/1145 3254/25/1145
f 3261/25/1146 3273/25/1146 3262/25/1146
f 3269/25/1147 3259/25/1147 3258/25/1147
f 3279/25/1148 3269/25/1148 3268/25/1148
f 3275/25/1149 3286/25/1149 3253/25/1149
f 3265/25/1150 3277/25/1150 3266/25/1150
f 3283/25/1151 3273/25/1151 3272/25/1151
f 3280/25/1152 3270/25/1152 3269/25/1152
f 3266/25/1153 3278/25/1153 3267/25/1153
f 3284/25/1154 3274/25/1154 3273/25/1154
f 3281/25/1155 3271/25/1155 3270/25/1155
f 3278/25/1156 3268/25/1156 3267/25/1156
f 3274/25/1157 3286/25/1157 3275/25/1157
f 3245/25/1158 3276/25/1158 3265/25/1158
f 3271/25/1159 3283/25/1159 3272/25/1159
f 3278/25/1160 3290/25/1160 3279/25/1160
f 3285/25/1161 3297/25/1161 3286/25/1161
f 3245/25/1162 3287/25/1162 3276/25/1162
f 3293/25/1163 3283/25/1163 3282/25/1163
f 3279/25/1164 3291/25/1164 3280/25/1164
f 3286/25/1165 3297/25/1165 3253/25/1165
f 3287/25/1166 3277/25/1166 3276/25/1166
f 3283/25/1167 3295/25/1167 3284/25/1167
f 3291/25/1168 3281/25/1168 3280/25/1168
f 3288/25/1169 3278/25/1169 3277/25/1169
f 3284/25/1170 3296/25/1170 3285/25/1170
f 3292/25/1171 3282/25/1171 3281/25/1171
f 3291/25/1172 3303/25/1172 3292/25/1172
f 3299/25/1173 3289/25/1173 3288/25/1173
f 3295/25/1174 3307/25/1174 3296/25/1174
f 3303/25/1175 3293/25/1175 3292/25/1175
f 3300/25/1176 3290/25/1176 3289/25/1176
f 3307/25/1177 3297/25/1177 3296/25/1177
f 3245/25/1178 3298/25/1178 3287/25/1178
f 3293/25/1179 3305/25/1179 3294/25/1179
f 3301/25/1180 3291/25/1180 3290/25/1180
f 3297/25/1181 3308/25/1181 3253/25/1181
f 3298/25/1182 3288/25/1182 3287/25/1182
f 3294/25/1183 3306/25/1183 3295/25/1183
f 3312/25/1184 3302/25/1184 3301/25/1184
f 3308/25/1185 3319/25/1185 3253/25/1185
f 3309/25/1186 3299/25/1186 3298/25/1186
f 3305/25/1187 3317/25/1187 3306/25/1187
f 3313/25/1188 3303/25/1188 3302/25/1188
f 3310/25/1189 3300/25/1189 3299/25/1189
f 3317/25/1190 3307/25/1190 3306/25/1190
f 3303/25/1191 3315/25/1191 3304/25/1191
f 3311/25/1192 3301/25/1192 3300/25/1192
f 3318/25/1193 3308/25/1193 3307/25/1193
f 3245/25/1194 3309/25/1194 3298/25/1194
f 3315/25/1195 3305/25/1195 3304/25/1195
f 3325/25/1196 3315/25/1196 3314/25/1196
f 3322/25/1197 3312/25/1197 3311/25/1197
f 3329/25/1198 3319/25/1198 3318/25/1198
f 3245/25/1199 3320/25/1199 3309/25/1199
f 3326/25/1200 3316/25/1200 3315/25/1200
f 3312/25/1201 3324/25/1201 3313/25/1201
f 3319/25/1202 3330/25/1202 3253/25/1202
f 3309/25/1203 3321/25/1203 3310/25/1203
f 3316/25/1204 3328/25/1204 3317/25/1204
f 3313/25/1205 3325/25/1205 3314/25/1205
f 3321/25/1206 3311/25/1206 3310/25/1206
f 3317/25/1207 3329/25/1207 3318/25/1207
f 3324/25/1208 3336/25/1208 3325/25/1208
f 3332/25/1209 3322/25/1209 3321/25/1209
f 3339/25/1210 3329/25/1210 3328/25/1210
f 3325/25/1211 3337/25/1211 3326/25/1211
f 3333/25/1212 3323/25/1212 3322/25/1212
f 3329/25/1213 3341/25/1213 3330/25/1213
f 3245/25/1214 3331/25/1214 3320/25/1214
f 3337/25/1215 3327/25/1215 3326/25/1215
f 3323/25/1216 3335/25/1216 3324/25/1216
f 3330/25/1217 3341/25/1217 3253/25/1217
f 3331/25/1218 3321/25/1218 3320/25/1218
f 3338/25/1219 3328/25/1219 3327/25/1219
f 3337/25/1220 3349/25/1220 3338/25/1220
f 3334/25/1221 3346/25/1221 3335/25/1221
f 3341/25/1222 3352/25/1222 3253/25/1222
f 3342/25/1223 3332/25/1223 3331/25/1223
f 3338/25/1224 3350/25/1224 3339/25/1224
f 3346/25/1225 3336/25/1225 3335/25/1225
f 3332/25/1226 3344/25/1226 3333/25/1226
f 3339/25/1227 3351/25/1227 3340/25/1227
f 3336/25/1228 3348/25/1228 3337/25/1228
f 3344/25/1229 3334/25/1229 3333/25/1229
f 3351/25/1230 3341/25/1230 3340/25/1230
f 3245/25/1231 3342/25/1231 3331/25/1231
f 3358/25/1232 3348/25/1232 3347/25/1232
f 3344/25/1233 3356/25/1233 3345/25/1233
f 3351/25/1234 3363/25/1234 3352/25/1234
f 3245/25/1235 3353/25/1235 3342/25/1235
f 3348/25/1236 3360/25/1236 3349/25/1236
f 3356/25/1237 3346/25/1237 3345/25/1237
f 3352/25/1238 3363/25/1238 3253/25/1238
f 3353/25/1239 3343/25/1239 3342/25/1239
f 3360/25/1240 3350/25/1240 3349/25/1240
f 3357/25/1241 3347/25/1241 3346/25/1241
f 3354/25/1242 3344/25/1242 3343/25/1242
f 3361/25/1243 3351/25/1243 3350/25/1243
f 3360/25/1244 3372/25/1244 3361/25/1244
f 3357/25/1245 3369/25/1245 3358/25/1245
f 3354/25/1246 3366/25/1246 3355/25/1246
f 3372/25/1247 3362/25/1247 3361/25/1247
f 3358/25/1248 3370/25/1248 3359/25/1248
f 3366/25/1249 3356/25/1249 3355/25/1249
f 3362/25/1250 3374/25/1250 3363/25/1250
f 3245/25/1251 3364/25/1251 3353/25/1251
f 3359/25/1252 3371/25/1252 3360/25/1252
f 3356/25/1253 3368/25/1253 3357/25/1253
f 3363/25/1254 3374/25/1254 3253/25/1254
f 3353/25/1255 3365/25/1255 3354/25/1255
f 3245/25/1256 3375/25/1256 3364/25/1256
f 3381/25/1257 3371/25/1257 3370/25/1257
f 3367/25/1258 3379/25/1258 3368/25/1258
f 3374/25/1259 3385/25/1259 3253/25/1259
f 3375/25/1260 3365/25/1260 3364/25/1260
f 3382/25/1261 3372/25/1261 3371/25/1261
f 3368/25/1262 3380/25/1262 3369/25/1262
f 3376/25/1263 3366/25/1263 3365/25/1263
f 3383/25/1264 3373/25/1264 3372/25/1264
f 3380/25/1265 3370/25/1265 3369/25/1265
f 3366/25/1266 3378/25/1266 3367/25/1266
f 3384/25/1267 3374/25/1267 3373/25/1267
f 3383/25/1268 3395/25/1268 3384/25/1268
f 3391/25/1269 3381/25/1269 3380/25/1269
f 3388/25/1270 3378/25/1270 3377/25/1270
f 3384/25/1271 3396/25/1271 3385/25/1271
f 3245/25/1272 3386/25/1272 3375/25/1272
f 3392/25/1273 3382/25/1273 3381/25/1273
f 3389/25/1274 3379/25/1274 3378/25/1274
f 3385/25/1275 3396/25/1275 3253/25/1275
f 3386/25/1276 3376/25/1276 3375/25/1276
f 3393/25/1277 3383/25/1277 3382/25/1277
f 3390/25/1278 3380/25/1278 3379/25/1278
f 3376/25/1279 3388/25/1279 3377/25/1279
f 3386/25/1280 3398/25/1280 3387/25/1280
f 3393/25/1281 3405/25/1281 3394/25/1281
f 3401/25/1282 3391/25/1282 3390/25/1282
f 3398/25/1283 3388/25/1283 3387/25/1283
f 3405/25/1284 3395/25/1284 3394/25/1284
f 3402/25/1285 3392/25/1285 3391/25/1285
f 3399/25/1286 3389/25/1286 3388/25/1286
f 3406/25/1287 3396/25/1287 3395/25/1287
f 3245/25/1288 3397/25/1288 3386/25/1288
f 3403/25/1289 3393/25/1289 3392/25/1289
f 3400/25/1290 3390/25/1290 3389/25/1290
f 3396/25/1291 3407/25/1291 3253/25/1291
f 3406/25/1292 3418/25/1292 3407/25/1292
f 3245/25/1293 3408/25/1293 3397/25/1293
f 3414/25/1294 3404/25/1294 3403/25/1294
f 3400/25/1295 3412/25/1295 3401/25/1295
f 3407/25/1296 3418/25/1296 3253/25/1296
f 3397/25/1297 3409/25/1297 3398/25/1297
f 3415/25/1298 3405/25/1298 3404/25/1298
f 3401/25/1299 3413/25/1299 3402/25/1299
f 3398/25/1300 3410/25/1300 3399/25/1300
f 3416/25/1301 3406/25/1301 3405/25/1301
f 3413/25/1302 3403/25/1302 3402/25/1302
f 3410/25/1303 3400/25/1303 3399/25/1303
f 3420/25/1304 3410/25/1304 3409/25/1304
f 3427/25/1305 3417/25/1305 3416/25/1305
f 3424/25/1306 3414/25/1306 3413/25/1306
f 3410/25/1307 3422/25/1307 3411/25/1307
f 3417/25/1308 3429/25/1308 3418/25/1308
f 3245/25/1309 3419/25/1309 3408/25/1309
f 3414/25/1310 3426/25/1310 3415/25/1310
f 3422/25/1311 3412/25/1311 3411/25/1311
f 3418/25/1312 3429/25/1312 3253/25/1312
f 3408/25/1313 3420/25/1313 3409/25/1313
f 3426/25/1314 3416/25/1314 3415/25/1314
f 3412/25/1315 3424/25/1315 3413/25/1315
f 3429/25/1316 3440/25/1316 3253/25/1316
f 3419/25/1317 3431/25/1317 3420/25/1317
f 3437/25/1318 3427/25/1318 3426/25/1318
f 3434/25/1319 3424/25/1319 3423/25/1319
f 3420/25/1320 3432/25/1320 3421/25/1320
f 3427/25/1321 3439/25/1321 3428/25/1321
f 3435/25/1322 3425/25/1322 3424/25/1322
f 3432/25/1323 3422/25/1323 3421/25/1323
f 3439/25/1324 3429/25/1324 3428/25/1324
f 3245/25/1325 3430/25/1325 3419/25/1325
f 3425/25/1326 3437/25/1326 3426/25/1326
f 3433/25/1327 3423/25/1327 3422/25/1327
f 3441/25/1328 3433/25/1328 3432/25/1328
f 3443/25/1329 3440/25/1329 3439/25/1329
f 3245/25/1330 3246/25/1330 3430/25/1330
f 3250/25/1331 3437/25/1331 3436/25/1331
f 3248/25/1332 3434/25/1332 3433/25/1332
f 3440/25/1333 3444/25/1333 3253/25/1333
f 3246/25/1334 3431/25/1334 3430/25/1334
f 3437/25/1335 3252/25/1335 3438/25/1335
f 3249/25/1336 3435/25/1336 3434/25/1336
f 3247/25/1337 3432/25/1337 3431/25/1337
f 3438/25/1338 3443/25/1338 3439/25/1338
f 3442/25/1339 3436/25/1339 3435/25/1339
f 3460/25/1340 3451/25/1340 3450/25/1340
f 3448/25/1341 3458/25/1341 3449/25/1341
f 3644/25/1342 3464/25/1342 3453/25/1342
f 3454/25/1343 3447/25/1343 3446/25/1343
f 3451/25/1344 3462/25/1344 3452/25/1344
f 3449/25/1345 3459/25/1345 3642/25/1345
f 3455/25/1346 3641/25/1346 3447/25/1346
f 3462/25/1347 3643/25/1347 3452/25/1347
f 3642/25/1348 3460/25/1348 3450/25/1348
f 3456/25/1349 3448/25/1349 3641/25/1349
f 3463/25/1350 3644/25/1350 3643/25/1350
f 3445/25/1351 3454/25/1351 3446/25/1351
f 3466/25/1352 3456/25/1352 3455/25/1352
f 3473/25/1353 3463/25/1353 3462/25/1353
f 3470/25/1354 3460/25/1354 3459/25/1354
f 3456/25/1355 3468/25/1355 3457/25/1355
f 3463/25/1356 3475/25/1356 3464/25/1356
f 3445/25/1357 3465/25/1357 3454/25/1357
f 3460/25/1358 3472/25/1358 3461/25/1358
f 3457/25/1359 3469/25/1359 3458/25/1359
f 3464/25/1360 3475/25/1360 3453/25/1360
f 3454/25/1361 3466/25/1361 3455/25/1361
f 3461/25/1362 3473/25/1362 3462/25/1362
f 3458/25/1363 3470/25/1363 3459/25/1363
f 3468/25/1364 3480/25/1364 3469/25/1364
f 3475/25/1365 3486/25/1365 3453/25/1365
f 3476/25/1366 3466/25/1366 3465/25/1366
f 3483/25/1367 3473/25/1367 3472/25/1367
f 3480/25/1368 3470/25/1368 3469/25/1368
f 3466/25/1369 3478/25/1369 3467/25/1369
f 3473/25/1370 3485/25/1370 3474/25/1370
f 3481/25/1371 3471/25/1371 3470/25/1371
f 3478/25/1372 3468/25/1372 3467/25/1372
f 3485/25/1373 3475/25/1373 3474/25/1373
f 3445/25/1374 3476/25/1374 3465/25/1374
f 3482/25/1375 3472/25/1375 3471/25/1375
f 3489/25/1376 3479/25/1376 3478/25/1376
f 3485/25/1377 3497/25/1377 3486/25/1377
f 3445/25/1378 3487/25/1378 3476/25/1378
f 3482/25/1379 3494/25/1379 3483/25/1379
f 3479/25/1380 3491/25/1380 3480/25/1380
f 3486/25/1381 3497/25/1381 3453/25/1381
f 3476/25/1382 3488/25/1382 3477/25/1382
f 3494/25/1383 3484/25/1383 3483/25/1383
f 3491/25/1384 3481/25/1384 3480/25/1384
f 3488/25/1385 3478/25/1385 3477/25/1385
f 3495/25/1386 3485/25/1386 3484/25/1386
f 3481/25/1387 3493/25/1387 3482/25/1387
f 3491/25/1388 3503/25/1388 3492/25/1388
f 3488/25/1389 3500/25/1389 3489/25/1389
f 3506/25/1390 3496/25/1390 3495/25/1390
f 3503/25/1391 3493/25/1391 3492/25/1391
f 3489/25/1392 3501/25/1392 3490/25/1392
f 3496/25/1393 3508/25/1393 3497/25/1393
f 3445/25/1394 3498/25/1394 3487/25/1394
f 3504/25/1395 3494/25/1395 3493/25/1395
f 3490/25/1396 3502/25/1396 3491/25/1396
f 3497/25/1397 3508/25/1397 3453/25/1397
f 3498/25/1398 3488/25/1398 3487/25/1398
f 3494/25/1399 3506/25/1399 3495/25/1399
f 3512/25/1400 3502/25/1400 3501/25/1400
f 3508/25/1401 3519/25/1401 3453/25/1401
f 3509/25/1402 3499/25/1402 3498/25/1402
f 3505/25/1403 3517/25/1403 3506/25/1403
f 3502/25/1404 3514/25/1404 3503/25/1404
f 3510/25/1405 3500/25/1405 3499/25/1405
f 3506/25/1406 3518/25/1406 3507/25/1406
f 3503/25/1407 3515/25/1407 3504/25/1407
f 3511/25/1408 3501/25/1408 3500/25/1408
f 3507/25/1409 3519/25/1409 3508/25/1409
f 3445/25/1410 3509/25/1410 3498/25/1410
f 3515/25/1411 3505/25/1411 3504/25/1411
f 3525/25/1412 3515/25/1412 3514/25/1412
f 3522/25/1413 3512/25/1413 3511/25/1413
f 3518/25/1414 3530/25/1414 3519/25/1414
f 3445/25/1415 3520/25/1415 3509/25/1415
f 3526/25/1416 3516/25/1416 3515/25/1416
f 3523/25/1417 3513/25/1417 3512/25/1417
f 3519/25/1418 3530/25/1418 3453/25/1418
f 3509/25/1419 3521/25/1419 3510/25/1419
f 3516/25/1420 3528/25/1420 3517/25/1420
f 3524/25/1421 3514/25/1421 3513/25/1421
f 3521/25/1422 3511/25/1422 3510/25/1422
f 3528/25/1423 3518/25/1423 3517/25/1423
f 3524/25/1424 3536/25/1424 3525/25/1424
f 3532/25/1425 3522/25/1425 3521/25/1425
f 3539/25/1426 3529/25/1426 3528/25/1426
f 3525/25/1427 3537/25/1427 3526/25/1427
f 3533/25/1428 3523/25/1428 3522/25/1428
f 3540/25/1429 3530/25/1429 3529/25/1429
f 3445/25/1430 3531/25/1430 3520/25/1430
f 3537/25/1431 3527/25/1431 3526/25/1431
f 3523/25/1432 3535/25/1432 3524/25/1432
f 3530/25/1433 3541/25/1433 3453/25/1433
f 3531/25/1434 3521/25/1434 3520/25/1434
f 3538/25/1435 3528/25/1435 3527/25/1435
f 3548/25/1436 3538/25/1436 3537/25/1436
f 3545/25/1437 3535/25/1437 3534/25/1437
f 3541/25/1438 3552/25/1438 3453/25/1438
f 3542/25/1439 3532/25/1439 3531/25/1439
f 3538/25/1440 3550/25/1440 3539/25/1440
f 3535/25/1441 3547/25/1441 3536/25/1441
f 3543/25/1442 3533/25/1442 3532/25/1442
f 3539/25/1443 3551/25/1443 3540/25/1443
f 3536/25/1444 3548/25/1444 3537/25/1444
f 3544/25/1445 3534/25/1445 3533/25/1445
f 3551/25/1446 3541/25/1446 3540/25/1446
f 3445/25/1447 3542/25/1447 3531/25/1447
f 3558/25/1448 3548/25/1448 3547/25/1448
f 3555/25/1449 3545/25/1449 3544/25/1449
f 3551/25/1450 3563/25/1450 3552/25/1450
f 3445/25/1451 3553/25/1451 3542/25/1451
f 3559/25/1452 3549/25/1452 3548/25/1452
f 3556/25/1453 3546/25/1453 3545/25/1453
f 3552/25/1454 3563/25/1454 3453/25/1454
f 3553/25/1455 3543/25/1455 3542/25/1455
f 3549/25/1456 3561/25/1456 3550/25/1456
f 3557/25/1457 3547/25/1457 3546/25/1457
f 3554/25/1458 3544/25/1458 3543/25/1458
f 3561/25/1459 3551/25/1459 3550/25/1459
f 3571/25/1460 3561/25/1460 3560/25/1460
f 3557/25/1461 3569/25/1461 3558/25/1461
f 3565/25/1462 3555/25/1462 3554/25/1462
f 3572/25/1463 3562/25/1463 3561/25/1463
f 3558/25/1464 3570/25/1464 3559/25/1464
f 3566/25/1465 3556/25/1465 3555/25/1465
f 3573/25/1466 3563/25/1466 3562/25/1466
f 3445/25/1467 3564/25/1467 3553/25/1467
f 3570/25/1468 3560/25/1468 3559/25/1468
f 3556/25/1469 3568/25/1469 3557/25/1469
f 3563/25/1470 3574/25/1470 3453/25/1470
f 3564/25/1471 3554/25/1471 3553/25/1471
f 3445/25/1472 3575/25/1472 3564/25/1472
f 3570/25/1473 3582/25/1473 3571/25/1473
f 3567/25/1474 3579/25/1474 3568/25/1474
f 3574/25/1475 3585/25/1475 3453/25/1475
f 3564/25/1476 3576/25/1476 3565/25/1476
f 3571/25/1477 3583/25/1477 3572/25/1477
f 3579/25/1478 3569/25/1478 3568/25/1478
f 3576/25/1479 3566/25/1479 3565/25/1479
f 3583/25/1480 3573/25/1480 3572/25/1480
f 3569/25/1481 3581/25/1481 3570/25/1481
f 3566/25/1482 3578/25/1482 3567/25/1482
f 3584/25/1483 3574/25/1483 3573/25/1483
f 3583/25/1484 3595/25/1484 3584/25/1484
f 3591/25/1485 3581/25/1485 3580/25/1485
f 3588/25/1486 3578/25/1486 3577/25/1486
f 3595/25/1487 3585/25/1487 3584/25/1487
f 3445/25/1488 3586/25/1488 3575/25/1488
f 3592/25/1489 3582/25/1489 3581/25/1489
f 3589/25/1490 3579/25/1490 3578/25/1490
f 3585/25/1491 3596/25/1491 3453/25/1491
f 3575/25/1492 3587/25/1492 3576/25/1492
f 3593/25/1493 3583/25/1493 3582/25/1493
f 3579/25/1494 3591/25/1494 3580/25/1494
f 3576/25/1495 3588/25/1495 3577/25/1495
f 3597/25/1496 3587/25/1496 3586/25/1496
f 3593/25/1497 3605/25/1497 3594/25/1497
f 3601/25/1498 3591/25/1498 3590/25/1498
f 3598/25/1499 3588/25/1499 3587/25/1499
f 3605/25/1500 3595/25/1500 3594/25/1500
f 3602/25/1501 3592/25/1501 3591/25/1501
f 3599/25/1502 3589/25/1502 3588/25/1502
f 3595/25/1503 3607/25/1503 3596/25/1503
f 3445/25/1504 3597/25/1504 3586/25/1504
f 3603/25/1505 3593/25/1505 3592/25/1505
f 3600/25/1506 3590/25/1506 3589/25/1506
f 3596/25/1507 3607/25/1507 3453/25/1507
f 3606/25/1508 3618/25/1508 3607/25/1508
f 3445/25/1509 3608/25/1509 3597/25/1509
f 3603/25/1510 3615/25/1510 3604/25/1510
f 3611/25/1511 3601/25/1511 3600/25/1511
f 3607/25/1512 3618/25/1512 3453/25/1512
f 3597/25/1513 3609/25/1513 3598/25/1513
f 3615/25/1514 3605/25/1514 3604/25/1514
f 3612/25/1515 3602/25/1515 3601/25/1515
f 3609/25/1516 3599/25/1516 3598/25/1516
f 3605/25/1517 3617/25/1517 3606/25/1517
f 3613/25/1518 3603/25/1518 3602/25/1518
f 3610/25/1519 3600/25/1519 3599/25/1519
f 3620/25/1520 3610/25/1520 3609/25/1520
f 3627/25/1521 3617/25/1521 3616/25/1521
f 3613/25/1522 3625/25/1522 3614/25/1522
f 3621/25/1523 3611/25/1523 3610/25/1523
f 3628/25/1524 3618/25/1524 3617/25/1524
f 3445/25/1525 3619/25/1525 3608/25/1525
f 3625/25/1526 3615/25/1526 3614/25/1526
f 3611/25/1527 3623/25/1527 3612/25/1527
f 3618/25/1528 3629/25/1528 3453/25/1528
f 3619/25/1529 3609/25/1529 3608/25/1529
f 3615/25/1530 3627/25/1530 3616/25/1530
f 3623/25/1531 3613/25/1531 3612/25/1531
f 3629/25/1532 3640/25/1532 3453/25/1532
f 3630/25/1533 3620/25/1533 3619/25/1533
f 3637/25/1534 3627/25/1534 3626/25/1534
f 3634/25/1535 3624/25/1535 3623/25/1535
f 3631/25/1536 3621/25/1536 3620/25/1536
f 3627/25/1537 3639/25/1537 3628/25/1537
f 3624/25/1538 3636/25/1538 3625/25/1538
f 3621/25/1539 3633/25/1539 3622/25/1539
f 3628/25/1540 3640/25/1540 3629/25/1540
f 3445/25/1541 3630/25/1541 3619/25/1541
f 3636/25/1542 3626/25/1542 3625/25/1542
f 3633/25/1543 3623/25/1543 3622/25/1543
f 3641/25/1544 3633/25/1544 3632/25/1544
f 3639/25/1545 3644/25/1545 3640/25/1545
f 3445/25/1546 3446/25/1546 3630/25/1546
f 3636/25/1547 3451/25/1547 3637/25/1547
f 3448/25/1548 3634/25/1548 3633/25/1548
f 3640/25/1549 3644/25/1549 3453/25/1549
f 3446/25/1550 3631/25/1550 3630/25/1550
f 3451/25/1551 3638/25/1551 3637/25/1551
f 3634/25/1552 3642/25/1552 3635/25/1552
f 3447/25/1553 3632/25/1553 3631/25/1553
f 3638/25/1554 3643/25/1554 3639/25/1554
f 3642/25/1555 3636/25/1555 3635/25/1555
f 3660/25/1556 3651/25/1556 3650/25/1556
f 3648/25/1557 3658/25/1557 3649/25/1557
f 3844/25/1558 3664/25/1558 3653/25/1558
f 3646/25/1559 3655/25/1559 3647/25/1559
f 3651/25/1560 3662/25/1560 3652/25/1560
f 3649/25/1561 3659/25/1561 3842/25/1561
f 3655/25/1562 3841/25/1562 3647/25/1562
f 3662/25/1563 3843/25/1563 3652/25/1563
f 3659/25/1564 3650/25/1564 3842/25/1564
f 3656/25/1565 3648/25/1565 3841/25/1565
f 3663/25/1566 3844/25/1566 3843/25/1566
f 3645/25/1567 3654/25/1567 3646/25/1567
f 3666/25/1568 3656/25/1568 3655/25/1568
f 3662/25/1569 3674/25/1569 3663/25/1569
f 3659/25/1570 3671/25/1570 3660/25/1570
f 3667/25/1571 3657/25/1571 3656/25/1571
f 3674/25/1572 3664/25/1572 3663/25/1572
f 3645/25/1573 3665/25/1573 3654/25/1573
f 3671/25/1574 3661/25/1574 3660/25/1574
f 3668/25/1575 3658/25/1575 3657/25/1575
f 3664/25/1576 3675/25/1576 3653/25/1576
f 3665/25/1577 3655/25/1577 3654/25/1577
f 3672/25/1578 3662/25/1578 3661/25/1578
f 3658/25/1579 3670/25/1579 3659/25/1579
f 3668/25/1580 3680/25/1580 3669/25/1580
f 3675/25/1581 3686/25/1581 3653/25/1581
f 3676/25/1582 3666/25/1582 3665/25/1582
f 3683/25/1583 3673/25/1583 3672/25/1583
f 3680/25/1584 3670/25/1584 3669/25/1584
f 3677/25/1585 3667/25/1585 3666/25/1585
f 3673/25/1586 3685/25/1586 3674/25/1586
f 3681/25/1587 3671/25/1587 3670/25/1587
f 3678/25/1588 3668/25/1588 3667/25/1588
f 3685/25/1589 3675/25/1589 3674/25/1589
f 3645/25/1590 3676/25/1590 3665/25/1590
f 3682/25/1591 3672/25/1591 3671/25/1591
f 3678/25/1592 3690/25/1592 3679/25/1592
f 3696/25/1593 3686/25/1593 3685/25/1593
f 3645/25/1594 3687/25/1594 3676/25/1594
f 3693/25/1595 3683/25/1595 3682/25/1595
f 3679/25/1596 3691/25/1596 3680/25/1596
f 3686/25/1597 3697/25/1597 3653/25/1597
f 3676/25/1598 3688/25/1598 3677/25/1598
f 3683/25/1599 3695/25/1599 3684/25/1599
f 3680/25/1600 3692/25/1600 3681/25/1600
f 3688/25/1601 3678/25/1601 3677/25/1601
f 3684/25/1602 3696/25/1602 3685/25/1602
f 3681/25/1603 3693/25/1603 3682/25/1603
f 3702/25/1604 3692/25/1604 3691/25/1604
f 3699/25/1605 3689/25/1605 3688/25/1605
f 3695/25/1606 3707/25/1606 3696/25/1606
f 3703/25/1607 3693/25/1607 3692/25/1607
f 3700/25/1608 3690/25/1608 3689/25/1608
f 3707/25/1609 3697/25/1609 3696/25/1609
f 3645/25/1610 3698/25/1610 3687/25/1610
f 3704/25/1611 3694/25/1611 3693/25/1611
f 3690/25/1612 3702/25/1612 3691/25/1612
f 3697/25/1613 3708/25/1613 3653/25/1613
f 3698/25/1614 3688/25/1614 3687/25/1614
f 3694/25/1615 3706/25/1615 3695/25/1615
f 3712/25/1616 3702/25/1616 3701/25/1616
f 3708/25/1617 3719/25/1617 3653/25/1617
f 3709/25/1618 3699/25/1618 3698/25/1618
f 3705/25/1619 3717/25/1619 3706/25/1619
f 3702/25/1620 3714/25/1620 3703/25/1620
f 3710/25/1621 3700/25/1621 3699/25/1621
f 3717/25/1622 3707/25/1622 3706/25/1622
f 3703/25/1623 3715/25/1623 3704/25/1623
f 3711/25/1624 3701/25/1624 3700/25/1624
f 3707/25/1625 3719/25/1625 3708/25/1625
f 3645/25/1626 3709/25/1626 3698/25/1626
f 3715/25/1627 3705/25/1627 3704/25/1627
f 3725/25/1628 3715/25/1628 3714/25/1628
f 3722/25/1629 3712/25/1629 3711/25/1629
f 3718/25/1630 3730/25/1630 3719/25/1630
f 3645/25/1631 3720/25/1631 3709/25/1631
f 3715/25/1632 3727/25/1632 3716/25/1632
f 3723/25/1633 3713/25/1633 3712/25/1633
f 3719/25/1634 3730/25/1634 3653/25/1634
f 3709/25/1635 3721/25/1635 3710/25/1635
f 3727/25/1636 3717/25/1636 3716/25/1636
f 3713/25/1637 3725/25/1637 3714/25/1637
f 3721/25/1638 3711/25/1638 3710/25/1638
f 3728/25/1639 3718/25/1639 3717/25/1639
f 3735/25/1640 3725/25/1640 3724/25/1640
f 3732/25/1641 3722/25/1641 3721/25/1641
f 3739/25/1642 3729/25/1642 3728/25/1642
f 3736/25/1643 3726/25/1643 3725/25/1643
f 3733/25/1644 3723/25/1644 3722/25/1644
f 3740/25/1645 3730/25/1645 3729/25/1645
f 3645/25/1646 3731/25/1646 3720/25/1646
f 3726/25/1647 3738/25/1647 3727/25/1647
f 3734/25/1648 3724/25/1648 3723/25/1648
f 3730/25/1649 3741/25/1649 3653/25/1649
f 3720/25/1650 3732/25/1650 3721/25/1650
f 3738/25/1651 3728/25/1651 3727/25/1651
f 3748/25/1652 3738/25/1652 3737/25/1652
f 3734/25/1653 3746/25/1653 3735/25/1653
f 3741/25/1654 3752/25/1654 3653/25/1654
f 3731/25/1655 3743/25/1655 3732/25/1655
f 3738/25/1656 3750/25/1656 3739/25/1656
f 3746/25/1657 3736/25/1657 3735/25/1657
f 3743/25/1658 3733/25/1658 3732/25/1658
f 3750/25/1659 3740/25/1659 3739/25/1659
f 3747/25/1660 3737/25/1660 3736/25/1660
f 3744/25/1661 3734/25/1661 3733/25/1661
f 3751/25/1662 3741/25/1662 3740/25/1662
f 3645/25/1663 3742/25/1663 3731/25/1663
f 3758/25/1664 3748/25/1664 3747/25/1664
f 3744/25/1665 3756/25/1665 3745/25/1665
f 3762/25/1666 3752/25/1666 3751/25/1666
f 3645/25/1667 3753/25/1667 3742/25/1667
f 3759/25/1668 3749/25/1668 3748/25/1668
f 3756/25/1669 3746/25/1669 3745/25/1669
f 3752/25/1670 3763/25/1670 3653/25/1670
f 3742/25/1671 3754/25/1671 3743/25/1671
f 3749/25/1672 3761/25/1672 3750/25/1672
f 3757/25/1673 3747/25/1673 3746/25/1673
f 3743/25/1674 3755/25/1674 3744/25/1674
f 3761/25/1675 3751/25/1675 3750/25/1675
f 3760/25/1676 3772/25/1676 3761/25/1676
f 3768/25/1677 3758/25/1677 3757/25/1677
f 3765/25/1678 3755/25/1678 3754/25/1678
f 3761/25/1679 3773/25/1679 3762/25/1679
f 3758/25/1680 3770/25/1680 3759/25/1680
f 3755/25/1681 3767/25/1681 3756/25/1681
f 3762/25/1682 3774/25/1682 3763/25/1682
f 3645/25/1683 3764/25/1683 3753/25/1683
f 3759/25/1684 3771/25/1684 3760/25/1684
f 3767/25/1685 3757/25/1685 3756/25/1685
f 3763/25/1686 3774/25/1686 3653/25/1686
f 3753/25/1687 3765/25/1687 3754/25/1687
f 3645/25/1688 3775/25/1688 3764/25/1688
f 3770/25/1689 3782/25/1689 3771/25/1689
f 3778/25/1690 3768/25/1690 3767/25/1690
f 3774/25/1691 3785/25/1691 3653/25/1691
f 3764/25/1692 3776/25/1692 3765/25/1692
f 3782/25/1693 3772/25/1693 3771/25/1693
f 3768/25/1694 3780/25/1694 3769/25/1694
f 3776/25/1695 3766/25/1695 3765/25/1695
f 3772/25/1696 3784/25/1696 3773/25/1696
f 3769/25/1697 3781/25/1697 3770/25/1697
f 3777/25/1698 3767/25/1698 3766/25/1698
f 3773/25/1699 3785/25/1699 3774/25/1699
f 3783/25/1700 3795/25/1700 3784/25/1700
f 3780/25/1701 3792/25/1701 3781/25/1701
f 3788/25/1702 3778/25/1702 3777/25/1702
f 3784/25/1703 3796/25/1703 3785/25/1703
f 3645/25/1704 3786/25/1704 3775/25/1704
f 3792/25/1705 3782/25/1705 3781/25/1705
f 3778/25/1706 3790/25/1706 3779/25/1706
f 3785/25/1707 3796/25/1707 3653/25/1707
f 3786/25/1708 3776/25/1708 3775/25/1708
f 3793/25/1709 3783/25/1709 3782/25/1709
f 3790/25/1710 3780/25/1710 3779/25/1710
f 3787/25/1711 3777/25/1711 3776/25/1711
f 3786/25/1712 3798/25/1712 3787/25/1712
f 3793/25/1713 3805/25/1713 3794/25/1713
f 3790/25/1714 3802/25/1714 3791/25/1714
f 3798/25/1715 3788/25/1715 3787/25/1715
f 3805/25/1716 3795/25/1716 3794/25/1716
f 3791/25/1717 3803/25/1717 3792/25/1717
f 3788/25/1718 3800/25/1718 3789/25/1718
f 3795/25/1719 3807/25/1719 3796/25/1719
f 3645/25/1720 3797/25/1720 3786/25/1720
f 3803/25/1721 3793/25/1721 3792/25/1721
f 3800/25/1722 3790/25/1722 3789/25/1722
f 3796/25/1723 3807/25/1723 3653/25/1723
f 3817/25/1724 3807/25/1724 3806/25/1724
f 3645/25/1725 3808/25/1725 3797/25/1725
f 3814/25/1726 3804/25/1726 3803/25/1726
f 3811/25/1727 3801/25/1727 3800/25/1727
f 3807/25/1728 3818/25/1728 3653/25/1728
f 3797/25/1729 3809/25/1729 3798/25/1729
f 3804/25/1730 3816/25/1730 3805/25/1730
f 3812/25/1731 3802/25/1731 3801/25/1731
f 3809/25/1732 3799/25/1732 3798/25/1732
f 3816/25/1733 3806/25/1733 3805/25/1733
f 3813/25/1734 3803/25/1734 3802/25/1734
f 3810/25/1735 3800/25/1735 3799/25/1735
f 3820/25/1736 3810/25/1736 3809/25/1736
f 3827/25/1737 3817/25/1737 3816/25/1737
f 3824/25/1738 3814/25/1738 3813/25/1738
f 3810/25/1739 3822/25/1739 3811/25/1739
f 3828/25/1740 3818/25/1740 3817/25/1740
f 3645/25/1741 3819/25/1741 3808/25/1741
f 3814/25/1742 3826/25/1742 3815/25/1742
f 3822/25/1743 3812/25/1743 3811/25/1743
f 3818/25/1744 3829/25/1744 3653/25/1744
f 3819/25/1745 3809/25/1745 3808/25/1745
f 3815/25/1746 3827/25/1746 3816/25/1746
f 3823/25/1747 3813/25/1747 3812/25/1747
f 3829/25/1748 3840/25/1748 3653/25/1748
f 3830/25/1749 3820/25/1749 3819/25/1749
f 3837/25/1750 3827/25/1750 3826/25/1750
f 3823/25/1751 3835/25/1751 3824/25/1751
f 3831/25/1752 3821/25/1752 3820/25/1752
f 3827/25/1753 3839/25/1753 3828/25/1753
f 3835/25/1754 3825/25/1754 3824/25/1754
f 3832/25/1755 3822/25/1755 3821/25/1755
f 3828/25/1756 3840/25/1756 3829/25/1756
f 3645/25/1757 3830/25/1757 3819/25/1757
f 3836/25/1758 3826/25/1758 3825/25/1758
f 3833/25/1759 3823/25/1759 3822/25/1759
f 3841/25/1760 3833/25/1760 3832/25/1760
f 3843/25/1761 3840/25/1761 3839/25/1761
f 3645/25/1762 3646/25/1762 3830/25/1762
f 3836/25/1763 3651/25/1763 3837/25/1763
f 3648/25/1764 3834/25/1764 3833/25/1764
f 3840/25/1765 3844/25/1765 3653/25/1765
f 3830/25/1766 3647/25/1766 3831/25/1766
f 3837/25/1767 3652/25/1767 3838/25/1767
f 3834/25/1768 3842/25/1768 3835/25/1768
f 3647/25/1769 3832/25/1769 3831/25/1769
f 3652/25/1770 3839/25/1770 3838/25/1770
f 3842/25/1771 3836/25/1771 3835/25/1771
f 3860/25/1772 3851/25/1772 3850/25/1772
f 3857/25/1773 3849/25/1773 3848/25/1773
f 4044/25/1774 3864/25/1774 3853/25/1774
f 3854/25/1775 3847/25/1775 3846/25/1775
f 3851/25/1776 3862/25/1776 3852/25/1776
f 3849/25/1777 3859/25/1777 4042/25/1777
f 3855/25/1778 4041/25/1778 3847/25/1778
f 3862/25/1779 4043/25/1779 3852/25/1779
f 4042/25/1780 3860/25/1780 3850/25/1780
f 4041/25/1781 3857/25/1781 3848/25/1781
f 4043/25/1782 3864/25/1782 4044/25/1782
f 3845/25/1783 3854/25/1783 3846/25/1783
f 3855/25/1784 3867/25/1784 3856/25/1784
f 3873/25/1785 3863/25/1785 3862/25/1785
f 3859/25/1786 3871/25/1786 3860/25/1786
f 3867/25/1787 3857/25/1787 3856/25/1787
f 3863/25/1788 3875/25/1788 3864/25/1788
f 3845/25/1789 3865/25/1789 3854/25/1789
f 3860/25/1790 3872/25/1790 3861/25/1790
f 3857/25/1791 3869/25/1791 3858/25/1791
f 3864/25/1792 3875/25/1792 3853/25/1792
f 3854/25/1793 3866/25/1793 3855/25/1793
f 3872/25/1794 3862/25/1794 3861/25/1794
f 3858/25/1795 3870/25/1795 3859/25/1795
f 3879/25/1796 3869/25/1796 3868/25/1796
f 3875/25/1797 3886/25/1797 3853/25/1797
f 3876/25/1798 3866/25/1798 3865/25/1798
f 3883/25/1799 3873/25/1799 3872/25/1799
f 3880/25/1800 3870/25/1800 3869/25/1800
f 3866/25/1801 3878/25/1801 3867/25/1801
f 3873/25/1802 3885/25/1802 3874/25/1802
f 3881/25/1803 3871/25/1803 3870/25/1803
f 3867/25/1804 3879/25/1804 3868/25/1804
f 3885/25/1805 3875/25/1805 3874/25/1805
f 3845/25/1806 3876/25/1806 3865/25/1806
f 3882/25/1807 3872/25/1807 3871/25/1807
f 3889/25/1808 3879/25/1808 3878/25/1808
f 3885/25/1809 3897/25/1809 3886/25/1809
f 3845/25/1810 3887/25/1810 3876/25/1810
f 3882/25/1811 3894/25/1811 3883/25/1811
f 3879/25/1812 3891/25/1812 3880/25/1812
f 3886/25/1813 3897/25/1813 3853/25/1813
f 3887/25/1814 3877/25/1814 3876/25/1814
f 3883/25/1815 3895/25/1815 3884/25/1815
f 3880/25/1816 3892/25/1816 3881/25/1816
f 3888/25/1817 3878/25/1817 3877/25/1817
f 3884/25/1818 3896/25/1818 3885/25/1818
f 3881/25/1819 3893/25/1819 3882/25/1819
f 3902/25/1820 3892/25/1820 3891/25/1820
f 3899/25/1821 3889/25/1821 3888/25/1821
f 3906/25/1822 3896/25/1822 3895/25/1822
f 3892/25/1823 3904/25/1823 3893/25/1823
f 3889/25/1824 3901/25/1824 3890/25/1824
f 3907/25/1825 3897/25/1825 3896/25/1825
f 3845/25/1826 3898/25/1826 3887/25/1826
f 3893/25/1827 3905/25/1827 3894/25/1827
f 3901/25/1828 3891/25/1828 3890/25/1828
f 3897/25/1829 3908/25/1829 3853/25/1829
f 3898/25/1830 3888/25/1830 3887/25/1830
f 3905/25/1831 3895/25/1831 3894/25/1831
f 3912/25/1832 3902/25/1832 3901/25/1832
f 3908/25/1833 3919/25/1833 3853/25/1833
f 3898/25/1834 3910/25/1834 3899/25/1834
f 3905/25/1835 3917/25/1835 3906/25/1835
f 3902/25/1836 3914/25/1836 3903/25/1836
f 3910/25/1837 3900/25/1837 3899/25/1837
f 3917/25/1838 3907/25/1838 3906/25/1838
f 3903/25/1839 3915/25/1839 3904/25/1839
f 3900/25/1840 3912/25/1840 3901/25/1840
f 3918/25/1841 3908/25/1841 3907/25/1841
f 3845/25/1842 3909/25/1842 3898/25/1842
f 3915/25/1843 3905/25/1843 3904/25/1843
f 3925/25/1844 3915/25/1844 3914/25/1844
f 3922/25/1845 3912/25/1845 3911/25/1845
f 3918/25/1846 3930/25/1846 3919/25/1846
f 3845/25/1847 3920/25/1847 3909/25/1847
f 3926/25/1848 3916/25/1848 3915/25/1848
f 3923/25/1849 3913/25/1849 3912/25/1849
f 3919/25/1850 3930/25/1850 3853/25/1850
f 3920/25/1851 3910/25/1851 3909/25/1851
f 3916/25/1852 3928/25/1852 3917/25/1852
f 3924/25/1853 3914/25/1853 3913/25/1853
f 3921/25/1854 3911/25/1854 3910/25/1854
f 3928/25/1855 3918/25/1855 3917/25/1855
f 3924/25/1856 3936/25/1856 3925/25/1856
f 3932/25/1857 3922/25/1857 3921/25/1857
f 3939/25/1858 3929/25/1858 3928/25/1858
f 3925/25/1859 3937/25/1859 3926/25/1859
f 3922/25/1860 3934/25/1860 3923/25/1860
f 3940/25/1861 3930/25/1861 3929/25/1861
f 3845/25/1862 3931/25/1862 3920/25/1862
f 3926/25/1863 3938/25/1863 3927/25/1863
f 3923/25/1864 3935/25/1864 3924/25/1864
f 3930/25/1865 3941/25/1865 3853/25/1865
f 3931/25/1866 3921/25/1866 3920/25/1866
f 3927/25/1867 3939/25/1867 3928/25/1867
f 3948/25/1868 3938/25/1868 3937/25/1868
f 3945/25/1869 3935/25/1869 3934/25/1869
f 3941/25/1870 3952/25/1870 3853/25/1870
f 3942/25/1871 3932/25/1871 3931/25/1871
f 3938/25/1872 3950/25/1872 3939/25/1872
f 3946/25/1873 3936/25/1873 3935/25/1873
f 3932/25/1874 3944/25/1874 3933/25/1874
f 3950/25/1875 3940/25/1875 3939/25/1875
f 3947/25/1876 3937/25/1876 3936/25/1876
f 3944/25/1877 3934/25/1877 3933/25/1877
f 3940/25/1878 3952/25/1878 3941/25/1878
f 3845/25/1879 3942/25/1879 3931/25/1879
f 3958/25/1880 3948/25/1880 3947/25/1880
f 3955/25/1881 3945/25/1881 3944/25/1881
f 3962/25/1882 3952/25/1882 3951/25/1882
f 3845/25/1883 3953/25/1883 3942/25/1883
f 3948/25/1884 3960/25/1884 3949/25/1884
f 3956/25/1885 3946/25/1885 3945/25/1885
f 3952/25/1886 3963/25/1886 3853/25/1886
f 3942/25/1887 3954/25/1887 3943/25/1887
f 3960/25/1888 3950/25/1888 3949/25/1888
f 3946/25/1889 3958/25/1889 3947/25/1889
f 3943/25/1890 3955/25/1890 3944/25/1890
f 3950/25/1891 3962/25/1891 3951/25/1891
f 3971/25/1892 3961/25/1892 3960/25/1892
f 3968/25/1893 3958/25/1893 3957/25/1893
f 3965/25/1894 3955/25/1894 3954/25/1894
f 3972/25/1895 3962/25/1895 3961/25/1895
f 3969/25/1896 3959/25/1896 3958/25/1896
f 3955/25/1897 3967/25/1897 3956/25/1897
f 3973/25/1898 3963/25/1898 3962/25/1898
f 3845/25/1899 3964/25/1899 3953/25/1899
f 3970/25/1900 3960/25/1900 3959/25/1900
f 3956/25/1901 3968/25/1901 3957/25/1901
f 3963/25/1902 3974/25/1902 3853/25/1902
f 3964/25/1903 3954/25/1903 3953/25/1903
f 3845/25/1904 3975/25/1904 3964/25/1904
f 3970/25/1905 3982/25/1905 3971/25/1905
f 3978/25/1906 3968/25/1906 3967/25/1906
f 3974/25/1907 3985/25/1907 3853/25/1907
f 3975/25/1908 3965/25/1908 3964/25/1908
f 3982/25/1909 3972/25/1909 3971/25/1909
f 3979/25/1910 3969/25/1910 3968/25/1910
f 3976/25/1911 3966/25/1911 3965/25/1911
f 3983/25/1912 3973/25/1912 3972/25/1912
f 3969/25/1913 3981/25/1913 3970/25/1913
f 3977/25/1914 3967/25/1914 3966/25/1914
f 3973/25/1915 3985/25/1915 3974/25/1915
f 3994/25/1916 3984/25/1916 3983/25/1916
f 3980/25/1917 3992/25/1917 3981/25/1917
f 3977/25/1918 3989/25/1918 3978/25/1918
f 3984/25/1919 3996/25/1919 3985/25/1919
f 3845/25/1920 3986/25/1920 3975/25/1920
f 3992/25/1921 3982/25/1921 3981/25/1921
f 3978/25/1922 3990/25/1922 3979/25/1922
f 3985/25/1923 3996/25/1923 3853/25/1923
f 3975/25/1924 3987/25/1924 3976/25/1924
f 3993/25/1925 3983/25/1925 3982/25/1925
f 3979/25/1926 3991/25/1926 3980/25/1926
f 3987/25/1927 3977/25/1927 3976/25/1927
f 3997/25/1928 3987/25/1928 3986/25/1928
f 4004/25/1929 3994/25/1929 3993/25/1929
f 4001/25/1930 3991/25/1930 3990/25/1930
f 3987/25/1931 3999/25/1931 3988/25/1931
f 4005/25/1932 3995/25/1932 3994/25/1932
f 4002/25/1933 3992/25/1933 3991/25/1933
f 3988/25/1934 4000/25/1934 3989/25/1934
f 4006/25/1935 3996/25/1935 3995/25/1935
f 3845/25/1936 3997/25/1936 3986/25/1936
f 4003/25/1937 3993/25/1937 3992/25/1937
f 3989/25/1938 4001/25/1938 3990/25/1938
f 3996/25/1939 4007/25/1939 3853/25/1939
f 4017/25/1940 4007/25/1940 4006/25/1940
f 3845/25/1941 4008/25/1941 3997/25/1941
f 4003/25/1942 4015/25/1942 4004/25/1942
f 4000/25/1943 4012/25/1943 4001/25/1943
f 4007/25/1944 4018/25/1944 3853/25/1944
f 4008/25/1945 3998/25/1945 3997/25/1945
f 4004/25/1946 4016/25/1946 4005/25/1946
f 4001/25/1947 4013/25/1947 4002/25/1947
f 4009/25/1948 3999/25/1948 3998/25/1948
f 4005/25/1949 4017/25/1949 4006/25/1949
f 4002/25/1950 4014/25/1950 4003/25/1950
f 3999/25/1951 4011/25/1951 4000/25/1951
f 4009/25/1952 4021/25/1952 4010/25/1952
f 4027/25/1953 4017/25/1953 4016/25/1953
f 4024/25/1954 4014/25/1954 4013/25/1954
f 4021/25/1955 4011/25/1955 4010/25/1955
f 4017/25/1956 4029/25/1956 4018/25/1956
f 3845/25/1957 4019/25/1957 4008/25/1957
f 4014/25/1958 4026/25/1958 4015/25/1958
f 4011/25/1959 4023/25/1959 4012/25/1959
f 4018/25/1960 4029/25/1960 3853/25/1960
f 4008/25/1961 4020/25/1961 4009/25/1961
f 4015/25/1962 4027/25/1962 4016/25/1962
f 4023/25/1963 4013/25/1963 4012/25/1963
f 4029/25/1964 4040/25/1964 3853/25/1964
f 4019/25/1965 4031/25/1965 4020/25/1965
f 4037/25/1966 4027/25/1966 4026/25/1966
f 4023/25/1967 4035/25/1967 4024/25/1967
f 4031/25/1968 4021/25/1968 4020/25/1968
f 4038/25/1969 4028/25/1969 4027/25/1969
f 4024/25/1970 4036/25/1970 4025/25/1970
f 4032/25/1971 4022/25/1971 4021/25/1971
f 4039/25/1972 4029/25/1972 4028/25/1972
f 3845/25/1973 4030/25/1973 4019/25/1973
f 4036/25/1974 4026/25/1974 4025/25/1974
f 4022/25/1975 4034/25/1975 4023/25/1975
f 4032/25/1976 3848/25/1976 4033/25/1976
f 4039/25/1977 4044/25/1977 4040/25/1977
f 3845/25/1978 3846/25/1978 4030/25/1978
f 4036/25/1979 3851/25/1979 4037/25/1979
f 4033/25/1980 3849/25/1980 4034/25/1980
f 4040/25/1981 4044/25/1981 3853/25/1981
f 4030/25/1982 3847/25/1982 4031/25/1982
f 4037/25/1983 3852/25/1983 4038/25/1983
f 3849/25/1984 4035/25/1984 4034/25/1984
f 4031/25/1985 4041/25/1985 4032/25/1985
f 4038/25/1986 4043/25/1986 4039/25/1986
f 4042/25/1987 4036/25/1987 4035/25/1987
f 4060/25/1988 4051/25/1988 4050/25/1988
f 4057/25/1989 4049/25/1989 4048/25/1989
f 4244/25/1990 4064/25/1990 4053/25/1990
f 4046/25/1991 4055/25/1991 4047/25/1991
f 4051/25/1992 4062/25/1992 4052/25/1992
f 4049/25/1993 4059/25/1993 4242/25/1993
f 4047/25/578 4056/25/578 4241/25/578
f 4052/25/1994 4063/25/1994 4243/25/1994
f 4242/25/1995 4060/25/1995 4050/25/1995
f 4056/25/1996 4048/25/1996 4241/25/1996
f 4243/25/1997 4064/25/1997 4244/25/1997
f 4045/25/1998 4054/25/1998 4046/25/1998
f 4066/25/1999 4056/25/1999 4055/25/1999
f 4062/25/2000 4074/25/2000 4063/25/2000
f 4070/25/2001 4060/25/2001 4059/25/2001
f 4067/25/2002 4057/25/2002 4056/25/2002
f 4063/25/2003 4075/25/2003 4064/25/2003
f 4045/25/2004 4065/25/2004 4054/25/2004
f 4060/25/2005 4072/25/2005 4061/25/2005
f 4068/25/2006 4058/25/2006 4057/25/2006
f 4064/25/2007 4075/25/2007 4053/25/2007
f 4065/25/2008 4055/25/2008 4054/25/2008
f 4061/25/2009 4073/25/2009 4062/25/2009
f 4069/25/2010 4059/25/2010 4058/25/2010
f 4079/25/2011 4069/25/2011 4068/25/2011
f 4075/25/2012 4086/25/2012 4053/25/2012
f 4065/25/2013 4077/25/2013 4066/25/2013
f 4083/25/2014 4073/25/2014 4072/25/2014
f 4080/25/2015 4070/25/2015 4069/25/2015
f 4066/25/2016 4078/25/2016 4067/25/2016
f 4073/25/2017 4085/25/2017 4074/25/2017
f 4070/25/2018 4082/25/2018 4071/25/2018
f 4067/25/2019 4079/25/2019 4068/25/2019
f 4074/25/2020 4086/25/2020 4075/25/2020
f 4045/25/2021 4076/25/2021 4065/25/2021
f 4071/25/2022 4083/25/2022 4072/25/2022
f 4089/25/2023 4079/25/2023 4078/25/2023
f 4085/25/2024 4097/25/2024 4086/25/2024
f 4045/25/2025 4087/25/2025 4076/25/2025
f 4082/25/2026 4094/25/2026 4083/25/2026
f 4090/25/2027 4080/25/2027 4079/25/2027
f 4086/25/2028 4097/25/2028 4053/25/2028
f 4087/25/2029 4077/25/2029 4076/25/2029
f 4094/25/2030 4084/25/2030 4083/25/2030
f 4091/25/2031 4081/25/2031 4080/25/2031
f 4077/25/2032 4089/25/2032 4078/25/2032
f 4095/25/2033 4085/25/2033 4084/25/2033
f 4081/25/2034 4093/25/2034 4082/25/2034
f 4102/25/2035 4092/25/2035 4091/25/2035
f 4088/25/2036 4100/25/2036 4089/25/2036
f 4106/25/2037 4096/25/2037 4095/25/2037
f 4103/25/2038 4093/25/2038 4092/25/2038
f 4100/25/2039 4090/25/2039 4089/25/2039
f 4107/25/2040 4097/25/2040 4096/25/2040
f 4045/25/2041 4098/25/2041 4087/25/2041
f 4104/25/2042 4094/25/2042 4093/25/2042
f 4101/25/2043 4091/25/2043 4090/25/2043
f 4097/25/2044 4108/25/2044 4053/25/2044
f 4087/25/2045 4099/25/2045 4088/25/2045
f 4105/25/2046 4095/25/2046 4094/25/2046
f 4101/25/2047 4113/25/2047 4102/25/2047
f 4108/25/2048 4119/25/2048 4053/25/2048
f 4109/25/2049 4099/25/2049 4098/25/2049
f 4116/25/2050 4106/25/2050 4105/25/2050
f 4113/25/2051 4103/25/2051 4102/25/2051
f 4099/25/2052 4111/25/2052 4100/25/2052
f 4106/25/2053 4118/25/2053 4107/25/2053
f 4114/25/2054 4104/25/2054 4103/25/2054
f 4100/25/2055 4112/25/2055 4101/25/2055
f 4118/25/2056 4108/25/2056 4107/25/2056
f 4045/25/2057 4109/25/2057 4098/25/2057
f 4104/25/2058 4116/25/2058 4105/25/2058
f 4114/25/2059 4126/25/2059 4115/25/2059
f 4122/25/2060 4112/25/2060 4111/25/2060
f 4118/25/2061 4130/25/2061 4119/25/2061
f 4045/25/2062 4120/25/2062 4109/25/2062
f 4126/25/2063 4116/25/2063 4115/25/2063
f 4123/25/2064 4113/25/2064 4112/25/2064
f 4119/25/2065 4130/25/2065 4053/25/2065
f 4120/25/2066 4110/25/2066 4109/25/2066
f 4116/25/2067 4128/25/2067 4117/25/2067
f 4124/25/2068 4114/25/2068 4113/25/2068
f 4121/25/2069 4111/25/2069 4110/25/2069
f 4128/25/2070 4118/25/2070 4117/25/2070
f 4124/25/2071 4136/25/2071 4125/25/2071
f 4132/25/2072 4122/25/2072 4121/25/2072
f 4139/25/2073 4129/25/2073 4128/25/2073
f 4125/25/2074 4137/25/2074 4126/25/2074
f 4122/25/2075 4134/25/2075 4123/25/2075
f 4129/25/2076 4141/25/2076 4130/25/2076
f 4045/25/2077 4131/25/2077 4120/25/2077
f 4137/25/2078 4127/25/2078 4126/25/2078
f 4123/25/2079 4135/25/2079 4124/25/2079
f 4130/25/2080 4141/25/2080 4053/25/2080
f 4131/25/2081 4121/25/2081 4120/25/2081
f 4138/25/2082 4128/25/2082 4127/25/2082
f 4148/25/2083 4138/25/2083 4137/25/2083
f 4134/25/2084 4146/25/2084 4135/25/2084
f 4141/25/2085 4152/25/2085 4053/25/2085
f 4131/25/2086 4143/25/2086 4132/25/2086
f 4138/25/2087 4150/25/2087 4139/25/2087
f 4146/25/2088 4136/25/2088 4135/25/2088
f 4143/25/482 4133/25/482 4132/25/482
f 4139/25/2089 4151/25/2089 4140/25/2089
f 4136/25/2090 4148/25/2090 4137/25/2090
f 4133/25/2091 4145/25/2091 4134/25/2091
f 4151/25/2092 4141/25/2092 4140/25/2092
f 4045/25/2093 4142/25/2093 4131/25/2093
f 4147/25/2094 4159/25/2094 4148/25/2094
f 4155/25/2095 4145/25/2095 4144/25/2095
f 4151/25/2096 4163/25/2096 4152/25/2096
f 4045/25/2097 4153/25/2097 4142/25/2097
f 4159/25/2098 4149/25/2098 4148/25/2098
f 4156/25/2099 4146/25/2099 4145/25/2099
f 4152/25/2100 4163/25/2100 4053/25/2100
f 4153/25/2101 4143/25/2101 4142/25/2101
f 4149/25/2102 4161/25/2102 4150/25/2102
f 4157/25/2103 4147/25/2103 4146/25/2103
f 4154/25/2104 4144/25/2104 4143/25/2104
f 4150/25/2105 4162/25/2105 4151/25/2105
f 4171/25/2106 4161/25/2106 4160/25/2106
f 4168/25/2107 4158/25/2107 4157/25/2107
f 4154/25/2108 4166/25/2108 4155/25/2108
f 4172/25/2109 4162/25/2109 4161/25/2109
f 4169/25/2110 4159/25/2110 4158/25/2110
f 4166/25/2111 4156/25/2111 4155/25/2111
f 4162/25/2112 4174/25/2112 4163/25/2112
f 4045/25/2113 4164/25/2113 4153/25/2113
f 4170/25/2114 4160/25/2114 4159/25/2114
f 4167/25/2115 4157/25/2115 4156/25/2115
f 4163/25/2116 4174/25/2116 4053/25/2116
f 4153/25/2117 4165/25/2117 4154/25/2117
f 4045/25/2118 4175/25/2118 4164/25/2118
f 4170/25/2119 4182/25/2119 4171/25/2119
f 4178/25/2120 4168/25/2120 4167/25/2120
f 4174/25/2121 4185/25/2121 4053/25/2121
f 4164/25/2122 4176/25/2122 4165/25/2122
f 4182/25/2123 4172/25/2123 4171/25/2123
f 4168/25/2124 4180/25/2124 4169/25/2124
f 4176/25/2125 4166/25/2125 4165/25/2125
f 4183/25/2126 4173/25/2126 4172/25/2126
f 4169/25/2127 4181/25/2127 4170/25/2127
f 4177/25/2128 4167/25/2128 4166/25/2128
f 4184/25/2129 4174/25/2129 4173/25/2129
f 4194/25/2130 4184/25/2130 4183/25/2130
f 4191/25/2131 4181/25/2131 4180/25/2131
f 4188/25/2132 4178/25/2132 4177/25/2132
f 4184/25/2133 4196/25/2133 4185/25/2133
f 4045/25/2134 4186/25/2134 4175/25/2134
f 4192/25/2135 4182/25/2135 4181/25/2135
f 4189/25/2136 4179/25/2136 4178/25/2136
f 4185/25/2137 4196/25/2137 4053/25/2137
f 4186/25/2138 4176/25/2138 4175/25/2138
f 4193/25/2139 4183/25/2139 4182/25/2139
f 4190/25/2140 4180/25/2140 4179/25/2140
f 4187/25/2141 4177/25/2141 4176/25/2141
f 4197/25/2142 4187/25/2142 4186/25/2142
f 4193/25/2143 4205/25/2143 4194/25/2143
f 4201/25/2144 4191/25/2144 4190/25/2144
f 4187/25/2145 4199/25/2145 4188/25/2145
f 4205/25/2146 4195/25/2146 4194/25/2146
f 4202/25/2147 4192/25/2147 4191/25/2147
f 4188/25/2148 4200/25/2148 4189/25/2148
f 4206/25/2149 4196/25/2149 4195/25/2149
f 4045/25/2150 4197/25/2150 4186/25/2150
f 4203/25/2151 4193/25/2151 4192/25/2151
f 4200/25/2152 4190/25/2152 4189/25/2152
f 4196/25/2153 4207/25/2153 4053/25/2153
f 4206/25/2154 4218/25/2154 4207/25/2154
f 4045/25/2155 4208/25/2155 4197/25/2155
f 4214/25/2156 4204/25/2156 4203/25/2156
f 4211/25/2157 4201/25/2157 4200/25/2157
f 4207/25/2158 4218/25/2158 4053/25/2158
f 4208/25/2159 4198/25/2159 4197/25/2159
f 4204/25/2160 4216/25/2160 4205/25/2160
f 4201/25/2161 4213/25/2161 4202/25/2161
f 4209/25/2162 4199/25/2162 4198/25/2162
f 4216/25/2163 4206/25/2163 4205/25/2163
f 4202/25/2164 4214/25/2164 4203/25/2164
f 4210/25/2165 4200/25/2165 4199/25/2165
f 4220/25/2166 4210/25/2166 4209/25/2166
f 4227/25/2167 4217/25/2167 4216/25/2167
f 4213/25/2168 4225/25/2168 4214/25/2168
f 4210/25/2169 4222/25/2169 4211/25/2169
f 4228/25/2170 4218/25/2170 4217/25/2170
f 4045/25/2171 4219/25/2171 4208/25/2171
f 4225/25/2172 4215/25/2172 4214/25/2172
f 4222/25/2173 4212/25/2173 4211/25/2173
f 4218/25/2174 4229/25/2174 4053/25/2174
f 4208/25/2175 4220/25/2175 4209/25/2175
f 4215/25/2176 4227/25/2176 4216/25/2176
f 4223/25/2177 4213/25/2177 4212/25/2177
f 4229/25/2178 4240/25/2178 4053/25/2178
f 4230/25/2179 4220/25/2179 4219/25/2179
f 4226/25/2180 4238/25/2180 4227/25/2180
f 4234/25/2181 4224/25/2181 4223/25/2181
f 4231/25/2182 4221/25/2182 4220/25/2182
f 4227/25/2183 4239/25/2183 4228/25/2183
f 4224/25/2184 4236/25/2184 4225/25/2184
f 4221/25/2185 4233/25/2185 4222/25/2185
f 4228/25/2186 4240/25/2186 4229/25/2186
f 4045/25/2187 4230/25/2187 4219/25/2187
f 4236/25/2188 4226/25/2188 4225/25/2188
f 4233/25/2189 4223/25/2189 4222/25/2189
f 4241/25/2190 4233/25/2190 4232/25/2190
f 4243/25/2191 4240/25/2191 4239/25/2191
f 4045/25/2192 4046/25/2192 4230/25/2192
f 4050/25/2193 4237/25/2193 4236/25/2193
f 4048/25/2194 4234/25/2194 4233/25/2194
f 4240/25/2195 4244/25/2195 4053/25/2195
f 4230/25/2196 4047/25/2196 4231/25/2196
f 4237/25/2197 4052/25/2197 4238/25/2197
f 4049/25/2198 4235/25/2198 4234/25/2198
f 4231/25/2199 4241/25/2199 4232/25/2199
f 4052/25/2200 4239/25/2200 4238/25/2200
f 4235/25/2201 4050/25/2201 4236/25/2201
f 4260/25/2202 4251/25/2202 4250/25/2202
f 4248/25/2203 4258/25/2203 4249/25/2203
f 4444/25/2204 4264/25/2204 4253/25/2204
f 4254/25/2205 4247/25/2205 4246/25/2205
f 4261/25/2206 4252/25/2206 4251/25/2206
f 4249/25/2207 4259/25/2207 4442/25/2207
f 4255/25/2208 4441/25/2208 4247/25/2208
f 4262/25/2209 4443/25/2209 4252/25/2209
f 4259/25/2210 4250/25/2210 4442/25/2210
f 4441/25/2211 4257/25/2211 4248/25/2211
f 4263/25/2212 4444/25/2212 4443/25/2212
f 4245/25/2213 4254/25/2213 4246/25/2213
f 4266/25/2214 4256/25/2214 4255/25/2214
f 4273/25/2215 4263/25/2215 4262/25/2215
f 4259/25/2216 4271/25/2216 4260/25/2216
f 4256/25/2217 4268/25/2217 4257/25/2217
f 4263/25/2218 4275/25/2218 4264/25/2218
f 4245/25/2219 4265/25/2219 4254/25/2219
f 4271/25/2220 4261/25/2220 4260/25/2220
f 4268/25/2221 4258/25/2221 4257/25/2221
f 4264/25/2222 4275/25/2222 4253/25/2222
f 4254/25/2223 4266/25/2223 4255/25/2223
f 4272/25/2224 4262/25/2224 4261/25/2224
f 4269/25/2225 4259/25/2225 4258/25/2225
f 4279/25/2226 4269/25/2226 4268/25/2226
f 4275/25/2227 4286/25/2227 4253/25/2227
f 4265/25/2228 4277/25/2228 4266/25/2228
f 4272/25/2229 4284/25/2229 4273/25/2229
f 4269/25/2230 4281/25/2230 4270/25/2230
f 4277/25/2231 4267/25/2231 4266/25/2231
f 4284/25/2232 4274/25/2232 4273/25/2232
f 4281/25/2233 4271/25/2233 4270/25/2233
f 4278/25/2234 4268/25/2234 4267/25/2234
f 4274/25/2235 4286/25/2235 4275/25/2235
f 4245/25/2236 4276/25/2236 4265/25/2236
f 4282/25/2237 4272/25/2237 4271/25/2237
f 4278/25/2238 4290/25/2238 4279/25/2238
f 4296/25/2239 4286/25/2239 4285/25/2239
f 4245/25/2240 4287/25/2240 4276/25/2240
f 4282/25/2241 4294/25/2241 4283/25/2241
f 4279/25/2242 4291/25/2242 4280/25/2242
f 4286/25/2243 4297/25/2243 4253/25/2243
f 4276/25/2244 4288/25/2244 4277/25/2244
f 4294/25/2245 4284/25/2245 4283/25/2245
f 4280/25/2246 4292/25/2246 4281/25/2246
f 4288/25/2247 4278/25/2247 4277/25/2247
f 4295/25/2248 4285/25/2248 4284/25/2248
f 4292/25/2249 4282/25/2249 4281/25/2249
f 4291/25/2250 4303/25/2250 4292/25/2250
f 4288/25/2251 4300/25/2251 4289/25/2251
f 4295/25/2252 4307/25/2252 4296/25/2252
f 4303/25/2253 4293/25/2253 4292/25/2253
f 4300/25/2254 4290/25/2254 4289/25/2254
f 4296/25/2255 4308/25/2255 4297/25/2255
f 4245/25/2256 4298/25/2256 4287/25/2256
f 4293/25/2257 4305/25/2257 4294/25/2257
f 4290/25/2258 4302/25/2258 4291/25/2258
f 4297/25/2259 4308/25/2259 4253/25/2259
f 4287/25/2260 4299/25/2260 4288/25/2260
f 4294/25/2261 4306/25/2261 4295/25/2261
f 4312/25/2262 4302/25/2262 4301/25/2262
f 4308/25/2263 4319/25/2263 4253/25/2263
f 4298/25/2264 4310/25/2264 4299/25/2264
f 4305/25/2265 4317/25/2265 4306/25/2265
f 4313/25/2266 4303/25/2266 4302/25/2266
f 4299/25/2267 4311/25/2267 4300/25/2267
f 4306/25/2268 4318/25/2268 4307/25/2268
f 4303/25/2269 4315/25/2269 4304/25/2269
f 4311/25/2270 4301/25/2270 4300/25/2270
f 4307/25/2271 4319/25/2271 4308/25/2271
f 4245/25/2272 4309/25/2272 4298/25/2272
f 4315/25/2273 4305/25/2273 4304/25/2273
f 4314/25/2274 4326/25/2274 4315/25/2274
f 4311/25/2275 4323/25/2275 4312/25/2275
f 4329/25/2276 4319/25/2276 4318/25/2276
f 4245/25/2277 4320/25/2277 4309/25/2277
f 4326/25/2278 4316/25/2278 4315/25/2278
f 4323/25/2279 4313/25/2279 4312/25/2279
f 4319/25/2280 4330/25/2280 4253/25/2280
f 4309/25/2281 4321/25/2281 4310/25/2281
f 4327/25/2282 4317/25/2282 4316/25/2282
f 4313/25/2283 4325/25/2283 4314/25/2283
f 4321/25/2284 4311/25/2284 4310/25/2284
f 4317/25/2285 4329/25/2285 4318/25/2285
f 4324/25/2286 4336/25/2286 4325/25/2286
f 4321/25/2287 4333/25/2287 4322/25/2287
f 4328/25/2288 4340/25/2288 4329/25/2288
f 4325/25/2289 4337/25/2289 4326/25/2289
f 4333/25/2290 4323/25/2290 4322/25/2290
f 4340/25/2291 4330/25/2291 4329/25/2291
f 4245/25/2292 4331/25/2292 4320/25/2292
f 4326/25/2293 4338/25/2293 4327/25/2293
f 4334/25/2294 4324/25/2294 4323/25/2294
f 4330/25/2295 4341/25/2295 4253/25/2295
f 4331/25/2296 4321/25/2296 4320/25/2296
f 4327/25/2297 4339/25/2297 4328/25/2297
f 4348/25/2298 4338/25/2298 4337/25/2298
f 4345/25/2299 4335/25/2299 4334/25/2299
f 4341/25/2300 4352/25/2300 4253/25/2300
f 4331/25/2301 4343/25/2301 4332/25/2301
f 4338/25/2302 4350/25/2302 4339/25/2302
f 4346/25/2303 4336/25/2303 4335/25/2303
f 4332/25/2304 4344/25/2304 4333/25/2304
f 4350/25/2305 4340/25/2305 4339/25/2305
f 4336/25/2306 4348/25/2306 4337/25/2306
f 4344/25/2307 4334/25/2307 4333/25/2307
f 4340/25/2308 4352/25/2308 4341/25/2308
f 4245/25/2309 4342/25/2309 4331/25/2309
f 4358/25/2310 4348/25/2310 4347/25/2310
f 4355/25/2311 4345/25/2311 4344/25/2311
f 4362/25/2312 4352/25/2312 4351/25/2312
f 4245/25/2313 4353/25/2313 4342/25/2313
f 4359/25/2314 4349/25/2314 4348/25/2314
f 4356/25/2315 4346/25/2315 4345/25/2315
f 4352/25/2316 4363/25/2316 4253/25/2316
f 4353/25/2317 4343/25/2317 4342/25/2317
f 4349/25/2318 4361/25/2318 4350/25/2318
f 4357/25/2319 4347/25/2319 4346/25/2319
f 4354/25/2320 4344/25/2320 4343/25/2320
f 4361/25/2321 4351/25/2321 4350/25/2321
f 4360/25/2322 4372/25/2322 4361/25/2322
f 4368/25/2323 4358/25/2323 4357/25/2323
f 4354/25/2324 4366/25/2324 4355/25/2324
f 4361/25/2325 4373/25/2325 4362/25/2325
f 4369/25/2326 4359/25/2326 4358/25/2326
f 4366/25/2327 4356/25/2327 4355/25/2327
f 4362/25/2328 4374/25/2328 4363/25/2328
f 4245/25/2329 4364/25/2329 4353/25/2329
f 4359/25/2330 4371/25/2330 4360/25/2330
f 4367/25/2331 4357/25/2331 4356/25/2331
f 4363/25/2332 4374/25/2332 4253/25/2332
f 4353/25/2333 4365/25/2333 4354/25/2333
f 4245/25/2334 4375/25/2334 4364/25/2334
f 4370/25/2335 4382/25/2335 4371/25/2335
f 4378/25/2336 4368/25/2336 4367/25/2336
f 4374/25/2337 4385/25/2337 4253/25/2337
f 4364/25/2338 4376/25/2338 4365/25/2338
f 4371/25/2339 4383/25/2339 4372/25/2339
f 4379/25/2340 4369/25/2340 4368/25/2340
f 4376/25/2341 4366/25/2341 4365/25/2341
f 4383/25/2342 4373/25/2342 4372/25/2342
f 4380/25/2343 4370/25/2343 4369/25/2343
f 4377/25/2344 4367/25/2344 4366/25/2344
f 4373/25/2345 4385/25/2345 4374/25/2345
f 4394/25/2346 4384/25/2346 4383/25/2346
f 4391/25/2347 4381/25/2347 4380/25/2347
f 4377/25/2348 4389/25/2348 4378/25/2348
f 4395/25/2349 4385/25/2349 4384/25/2349
f 4245/25/2350 4386/25/2350 4375/25/2350
f 4392/25/2351 4382/25/2351 4381/25/2351
f 4389/25/2352 4379/25/2352 4378/25/2352
f 4385/25/2353 4396/25/2353 4253/25/2353
f 4386/25/2354 4376/25/2354 4375/25/2354
f 4382/25/2355 4394/25/2355 4383/25/2355
f 4379/25/2356 4391/25/2356 4380/25/2356
f 4387/25/2357 4377/25/2357 4376/25/2357
f 4397/25/2358 4387/25/2358 4386/25/2358
f 4393/25/2359 4405/25/2359 4394/25/2359
f 4390/25/2360 4402/25/2360 4391/25/2360
f 4387/25/2361 4399/25/2361 4388/25/2361
f 4405/25/2362 4395/25/2362 4394/25/2362
f 4402/25/2363 4392/25/2363 4391/25/2363
f 4388/25/2364 4400/25/2364 4389/25/2364
f 4406/25/2365 4396/25/2365 4395/25/2365
f 4245/25/2366 4397/25/2366 4386/25/2366
f 4403/25/2367 4393/25/2367 4392/25/2367
f 4400/25/2368 4390/25/2368 4389/25/2368
f 4396/25/2369 4407/25/2369 4253/25/2369
f 4406/25/2370 4418/25/2370 4407/25/2370
f 4245/25/2371 4408/25/2371 4397/25/2371
f 4414/25/2372 4404/25/2372 4403/25/2372
f 4400/25/2373 4412/25/2373 4401/25/2373
f 4407/25/2374 4418/25/2374 4253/25/2374
f 4397/25/2375 4409/25/2375 4398/25/2375
f 4404/25/2376 4416/25/2376 4405/25/2376
f 4401/25/2377 4413/25/2377 4402/25/2377
f 4409/25/2378 4399/25/2378 4398/25/2378
f 4405/25/2379 4417/25/2379 4406/25/2379
f 4402/25/2380 4414/25/2380 4403/25/2380
f 4410/25/2381 4400/25/2381 4399/25/2381
f 4420/25/2382 4410/25/2382 4409/25/2382
f 4416/25/2383 4428/25/2383 4417/25/2383
f 4424/25/2384 4414/25/2384 4413/25/2384
f 4421/25/2385 4411/25/2385 4410/25/2385
f 4428/25/2386 4418/25/2386 4417/25/2386
f 4245/25/2387 4419/25/2387 4408/25/2387
f 4414/25/2388 4426/25/2388 4415/25/2388
f 4411/25/2389 4423/25/2389 4412/25/2389
f 4418/25/2390 4429/25/2390 4253/25/2390
f 4408/25/2391 4420/25/2391 4409/25/2391
f 4426/25/2392 4416/25/2392 4415/25/2392
f 4423/25/2393 4413/25/2393 4412/25/2393
f 4429/25/2394 4440/25/2394 4253/25/2394
f 4419/25/2395 4431/25/2395 4420/25/2395
f 4426/25/2396 4438/25/2396 4427/25/2396
f 4423/25/2397 4435/25/2397 4424/25/2397
f 4431/25/2398 4421/25/2398 4420/25/2398
f 4427/25/2399 4439/25/2399 4428/25/2399
f 4435/25/2400 4425/25/2400 4424/25/2400
f 4432/25/2401 4422/25/2401 4421/25/2401
f 4428/25/2402 4440/25/2402 4429/25/2402
f 4245/25/2403 4430/25/2403 4419/25/2403
f 4425/25/2404 4437/25/2404 4426/25/2404
f 4433/25/2405 4423/25/2405 4422/25/2405
f 4441/25/2406 4433/25/2406 4432/25/2406
f 4439/25/2407 4444/25/2407 4440/25/2407
f 4245/25/2408 4246/25/2408 4430/25/2408
f 4436/25/2409 4251/25/2409 4437/25/2409
f 4248/25/2410 4434/25/2410 4433/25/2410
f 4440/25/2411 4444/25/2411 4253/25/2411
f 4430/25/2412 4247/25/2412 4431/25/2412
f 4437/25/2413 4252/25/2413 4438/25/2413
f 4249/25/2414 4435/25/2414 4434/25/2414
f 4247/25/2415 4432/25/2415 4431/25/2415
f 4252/25/2416 4439/25/2416 4438/25/2416
f 4435/25/2417 4250/25/2417 4436/25/2417
f 4450/25/2418 4461/25/2418 4451/25/2418
f 4457/25/2419 4449/25/2419 4448/25/2419
f 4644/25/2420 4464/25/2420 4453/25/2420
f 4446/25/2421 4455/25/2421 4447/25/2421
f 4461/25/2422 4452/25/2422 4451/25/2422
f 4449/25/2423 4459/25/2423 4642/25/2423
f 4447/25/2424 4456/25/2424 4641/25/2424
f 4452/25/2425 4463/25/2425 4643/25/2425
f 4459/25/2426 4450/25/2426 4642/25/2426
f 4456/25/2427 4448/25/2427 4641/25/2427
f 4463/25/2428 4644/25/2428 4643/25/2428
f 4445/25/2429 4454/25/2429 4446/25/2429
f 4466/25/2430 4456/25/2430 4455/25/2430
f 4473/25/2431 4463/25/2431 4462/25/2431
f 4470/25/2432 4460/25/2432 4459/25/2432
f 4467/25/2433 4457/25/2433 4456/25/2433
f 4474/25/2434 4464/25/2434 4463/25/2434
f 4445/25/2435 4465/25/2435 4454/25/2435
f 4471/25/2436 4461/25/2436 4460/25/2436
f 4457/25/2437 4469/25/2437 4458/25/2437
f 4464/25/2438 4475/25/2438 4453/25/2438
f 4465/25/2439 4455/25/2439 4454/25/2439
f 4461/25/2440 4473/25/2440 4462/25/2440
f 4458/25/2441 4470/25/2441 4459/25/2441
f 4479/25/2442 4469/25/2442 4468/25/2442
f 4475/25/2443 4486/25/2443 4453/25/2443
f 4476/25/2444 4466/25/2444 4465/25/2444
f 4472/25/2445 4484/25/2445 4473/25/2445
f 4480/25/2446 4470/25/2446 4469/25/2446
f 4466/25/2447 4478/25/2447 4467/25/2447
f 4473/25/2448 4485/25/2448 4474/25/2448
f 4481/25/2449 4471/25/2449 4470/25/2449
f 4478/25/2450 4468/25/2450 4467/25/2450
f 4474/25/2451 4486/25/2451 4475/25/2451
f 4445/25/2452 4476/25/2452 4465/25/2452
f 4471/25/2453 4483/25/2453 4472/25/2453
f 4478/25/2454 4490/25/2454 4479/25/2454
f 4485/25/2455 4497/25/2455 4486/25/2455
f 4445/25/2456 4487/25/2456 4476/25/2456
f 4482/25/2457 4494/25/2457 4483/25/2457
f 4479/25/2458 4491/25/2458 4480/25/2458
f 4486/25/2459 4497/25/2459 4453/25/2459
f 4487/25/2460 4477/25/2460 4476/25/2460
f 4483/25/2461 4495/25/2461 4484/25/2461
f 4491/25/2462 4481/25/2462 4480/25/2462
f 4488/25/2463 4478/25/2463 4477/25/2463
f 4495/25/2464 4485/25/2464 4484/25/2464
f 4481/25/2465 4493/25/2465 4482/25/2465
f 4502/25/2466 4492/25/2466 4491/25/2466
f 4499/25/2467 4489/25/2467 4488/25/2467
f 4495/25/2468 4507/25/2468 4496/25/2468
f 4492/25/2469 4504/25/2469 4493/25/2469
f 4489/25/2470 4501/25/2470 4490/25/2470
f 4507/25/2471 4497/25/2471 4496/25/2471
f 4445/25/2472 4498/25/2472 4487/25/2472
f 4493/25/2473 4505/25/2473 4494/25/2473
f 4501/25/2474 4491/25/2474 4490/25/2474
f 4497/25/2475 4508/25/2475 4453/25/2475
f 4498/25/2476 4488/25/2476 4487/25/2476
f 4505/25/2477 4495/25/2477 4494/25/2477
f 4501/25/2478 4513/25/2478 4502/25/2478
f 4508/25/2479 4519/25/2479 4453/25/2479
f 4498/25/2480 4510/25/2480 4499/25/2480
f 4516/25/2481 4506/25/2481 4505/25/2481
f 4502/25/2482 4514/25/2482 4503/25/2482
f 4510/25/2483 4500/25/2483 4499/25/2483
f 4506/25/2484 4518/25/2484 4507/25/2484
f 4503/25/2485 4515/25/2485 4504/25/2485
f 4511/25/2486 4501/25/2486 4500/25/2486
f 4507/25/2487 4519/25/2487 4508/25/2487
f 4445/25/2488 4509/25/2488 4498/25/2488
f 4515/25/2489 4505/25/2489 4504/25/2489
f 4525/25/2490 4515/25/2490 4514/25/2490
f 4522/25/2491 4512/25/2491 4511/25/2491
f 4518/25/2492 4530/25/2492 4519/25/2492
f 4445/25/2493 4520/25/2493 4509/25/2493
f 4526/25/2494 4516/25/2494 4515/25/2494
f 4523/25/2495 4513/25/2495 4512/25/2495
f 4519/25/2496 4530/25/2496 4453/25/2496
f 4520/25/2497 4510/25/2497 4509/25/2497
f 4527/25/2498 4517/25/2498 4516/25/2498
f 4513/25/2499 4525/25/2499 4514/25/2499
f 4521/25/2500 4511/25/2500 4510/25/2500
f 4528/25/2501 4518/25/2501 4517/25/2501
f 4535/25/2502 4525/25/2502 4524/25/2502
f 4521/25/2503 4533/25/2503 4522/25/2503
f 4528/25/2504 4540/25/2504 4529/25/2504
f 4525/25/2505 4537/25/2505 4526/25/2505
f 4522/25/2506 4534/25/2506 4523/25/2506
f 4540/25/2507 4530/25/2507 4529/25/2507
f 4445/25/2508 4531/25/2508 4520/25/2508
f 4537/25/2509 4527/25/2509 4526/25/2509
f 4523/25/2510 4535/25/2510 4524/25/2510
f 4530/25/2511 4541/25/2511 4453/25/2511
f 4520/25/2512 4532/25/2512 4521/25/2512
f 4527/25/2513 4539/25/2513 4528/25/2513
f 4537/25/2514 4549/25/2514 4538/25/2514
f 4534/25/2515 4546/25/2515 4535/25/2515
f 4541/25/2516 4552/25/2516 4453/25/2516
f 4531/25/2517 4543/25/2517 4532/25/2517
f 4538/25/2518 4550/25/2518 4539/25/2518
f 4546/25/2519 4536/25/2519 4535/25/2519
f 4543/25/2520 4533/25/2520 4532/25/2520
f 4539/25/2521 4551/25/2521 4540/25/2521
f 4536/25/2522 4548/25/2522 4537/25/2522
f 4544/25/2523 4534/25/2523 4533/25/2523
f 4551/25/2524 4541/25/2524 4540/25/2524
f 4445/25/2525 4542/25/2525 4531/25/2525
f 4558/25/2526 4548/25/2526 4547/25/2526
f 4555/25/2527 4545/25/2527 4544/25/2527
f 4551/25/2528 4563/25/2528 4552/25/2528
f 4445/25/2529 4553/25/2529 4542/25/2529
f 4548/25/2530 4560/25/2530 4549/25/2530
f 4545/25/2531 4557/25/2531 4546/25/2531
f 4552/25/2532 4563/25/2532 4453/25/2532
f 4553/25/2533 4543/25/2533 4542/25/2533
f 4560/25/2534 4550/25/2534 4549/25/2534
f 4546/25/2535 4558/25/2535 4547/25/2535
f 4554/25/2536 4544/25/2536 4543/25/2536
f 4550/25/2537 4562/25/2537 4551/25/2537
f 4560/25/2538 4572/25/2538 4561/25/2538
f 4557/25/2539 4569/25/2539 4558/25/2539
f 4554/25/2540 4566/25/2540 4555/25/2540
f 4561/25/2541 4573/25/2541 4562/25/2541
f 4569/25/2542 4559/25/2542 4558/25/2542
f 4555/25/2543 4567/25/2543 4556/25/2543
f 4562/25/2544 4574/25/2544 4563/25/2544
f 4445/25/2545 4564/25/2545 4553/25/2545
f 4570/25/2546 4560/25/2546 4559/25/2546
f 4567/25/2547 4557/25/2547 4556/25/2547
f 4563/25/2548 4574/25/2548 4453/25/2548
f 4564/25/2549 4554/25/2549 4553/25/2549
f 4445/25/2550 4575/25/2550 4564/25/2550
f 4581/25/2551 4571/25/2551 4570/25/2551
f 4567/25/2552 4579/25/2552 4568/25/2552
f 4574/25/2553 4585/25/2553 4453/25/2553
f 4564/25/2554 4576/25/2554 4565/25/2554
f 4582/25/2555 4572/25/2555 4571/25/2555
f 4568/25/2556 4580/25/2556 4569/25/2556
f 4576/25/2557 4566/25/2557 4565/25/2557
f 4583/25/2558 4573/25/2558 4572/25/2558
f 4580/25/2559 4570/25/2559 4569/25/2559
f 4566/25/2560 4578/25/2560 4567/25/2560
f 4584/25/2561 4574/25/2561 4573/25/2561
f 4594/25/2562 4584/25/2562 4583/25/2562
f 4591/25/2563 4581/25/2563 4580/25/2563
f 4588/25/2564 4578/25/2564 4577/25/2564
f 4595/25/2565 4585/25/2565 4584/25/2565
f 4445/25/2566 4586/25/2566 4575/25/2566
f 4581/25/2567 4593/25/2567 4582/25/2567
f 4589/25/2568 4579/25/2568 4578/25/2568
f 4585/25/2569 4596/25/2569 4453/25/2569
f 4575/25/2570 4587/25/2570 4576/25/2570
f 4582/25/2571 4594/25/2571 4583/25/2571
f 4590/25/2572 4580/25/2572 4579/25/2572
f 4587/25/2573 4577/25/2573 4576/25/2573
f 4597/25/2574 4587/25/2574 4586/25/2574
f 4604/25/2575 4594/25/2575 4593/25/2575
f 4590/25/2576 4602/25/2576 4591/25/2576
f 4587/25/2577 4599/25/2577 4588/25/2577
f 4605/25/2578 4595/25/2578 4594/25/2578
f 4602/25/2579 4592/25/2579 4591/25/2579
f 4599/25/2580 4589/25/2580 4588/25/2580
f 4595/25/2581 4607/25/2581 4596/25/2581
f 4445/25/2582 4597/25/2582 4586/25/2582
f 4603/25/2583 4593/25/2583 4592/25/2583
f 4589/25/2584 4601/25/2584 4590/25/2584
f 4596/25/2585 4607/25/2585 4453/25/2585
f 4617/25/2586 4607/25/2586 4606/25/2586
f 4445/25/2587 4608/25/2587 4597/25/2587
f 4603/25/2588 4615/25/2588 4604/25/2588
f 4600/25/2589 4612/25/2589 4601/25/2589
f 4607/25/2590 4618/25/2590 4453/25/2590
f 4608/25/2591 4598/25/2591 4597/25/2591
f 4604/25/2592 4616/25/2592 4605/25/2592
f 4601/25/2593 4613/25/2593 4602/25/2593
f 4598/25/2594 4610/25/2594 4599/25/2594
f 4616/25/2595 4606/25/2595 4605/25/2595
f 4602/25/2596 4614/25/2596 4603/25/2596
f 4610/25/2597 4600/25/2597 4599/25/2597
f 4620/25/2598 4610/25/2598 4609/25/2598
f 4616/25/2599 4628/25/2599 4617/25/2599
f 4613/25/2600 4625/25/2600 4614/25/2600
f 4621/25/2601 4611/25/2601 4610/25/2601
f 4628/25/2602 4618/25/2602 4617/25/2602
f 4445/25/2603 4619/25/2603 4608/25/2603
f 4625/25/2604 4615/25/2604 4614/25/2604
f 4622/25/2605 4612/25/2605 4611/25/2605
f 4618/25/2606 4629/25/2606 4453/25/2606
f 4608/25/2607 4620/25/2607 4609/25/2607
f 4615/25/2608 4627/25/2608 4616/25/2608
f 4623/25/2609 4613/25/2609 4612/25/2609
f 4629/25/2610 4640/25/2610 4453/25/2610
f 4630/25/2611 4620/25/2611 4619/25/2611
f 4637/25/2612 4627/25/2612 4626/25/2612
f 4634/25/2613 4624/25/2613 4623/25/2613
f 4631/25/2614 4621/25/2614 4620/25/2614
f 4638/25/2615 4628/25/2615 4627/25/2615
f 4635/25/2616 4625/25/2616 4624/25/2616
f 4632/25/2617 4622/25/2617 4621/25/2617
f 4628/25/2618 4640/25/2618 4629/25/2618
f 4445/25/2619 4630/25/2619 4619/25/2619
f 4636/25/2620 4626/25/2620 4625/25/2620
f 4622/25/2621 4634/25/2621 4623/25/2621
f 4632/25/2622 4448/25/2622 4633/25/2622
f 4643/25/2623 4640/25/2623 4639/25/2623
f 4445/25/2624 4446/25/2624 4630/25/2624
f 4636/25/2625 4451/25/2625 4637/25/2625
f 4448/25/2626 4634/25/2626 4633/25/2626
f 4640/25/2627 4644/25/2627 4453/25/2627
f 4630/25/2628 4447/25/2628 4631/25/2628
f 4637/25/2629 4452/25/2629 4638/25/2629
f 4634/25/2630 4642/25/2630 4635/25/2630
f 4447/25/2631 4632/25/2631 4631/25/2631
f 4638/25/2632 4643/25/2632 4639/25/2632
f 4635/25/2633 4450/25/2633 4636/25/2633
f 4660/25/2634 4651/25/2634 4650/25/2634
f 4657/25/2635 4649/25/2635 4648/25/2635
f 4844/25/2636 4664/25/2636 4653/25/2636
f 4654/25/2637 4647/25/2637 4646/25/2637
f 4651/25/2638 4662/25/2638 4652/25/2638
f 4649/25/2639 4659/25/2639 4842/25/2639
f 4655/25/2640 4841/25/2640 4647/25/2640
f 4652/25/2641 4663/25/2641 4843/25/2641
f 4659/25/2642 4650/25/2642 4842/25/2642
f 4656/25/2643 4648/25/2643 4841/25/2643
f 4663/25/2644 4844/25/2644 4843/25/2644
f 4645/25/2645 4654/25/2645 4646/25/2645
f 4655/25/2646 4667/25/2646 4656/25/2646
f 4662/25/2647 4674/25/2647 4663/25/2647
f 4670/25/2648 4660/25/2648 4659/25/2648
f 4667/25/2649 4657/25/2649 4656/25/2649
f 4663/25/2650 4675/25/2650 4664/25/2650
f 4645/25/2651 4665/25/2651 4654/25/2651
f 4660/25/2652 4672/25/2652 4661/25/2652
f 4657/25/2653 4669/25/2653 4658/25/2653
f 4664/25/2654 4675/25/2654 4653/25/2654
f 4665/25/2655 4655/25/2655 4654/25/2655
f 4661/25/2656 4673/25/2656 4662/25/2656
f 4669/25/2657 4659/25/2657 4658/25/2657
f 4668/25/2658 4680/25/2658 4669/25/2658
f 4675/25/2659 4686/25/2659 4653/25/2659
f 4676/25/2660 4666/25/2660 4665/25/2660
f 4683/25/2661 4673/25/2661 4672/25/2661
f 4680/25/2662 4670/25/2662 4669/25/2662
f 4677/25/2663 4667/25/2663 4666/25/2663
f 4673/25/2664 4685/25/2664 4674/25/2664
f 4670/25/2665 4682/25/2665 4671/25/2665
f 4667/25/2666 4679/25/2666 4668/25/2666
f 4685/25/2667 4675/25/2667 4674/25/2667
f 4645/25/2668 4676/25/2668 4665/25/2668
f 4671/25/2669 4683/25/2669 4672/25/2669
f 4689/25/2670 4679/25/2670 4678/25/2670
f 4696/25/2671 4686/25/2671 4685/25/2671
f 4645/25/2672 4687/25/2672 4676/25/2672
f 4682/25/2673 4694/25/2673 4683/25/2673
f 4690/25/2674 4680/25/2674 4679/25/2674
f 4686/25/2675 4697/25/2675 4653/25/2675
f 4687/25/2676 4677/25/2676 4676/25/2676
f 4683/25/2677 4695/25/2677 4684/25/2677
f 4680/25/2678 4692/25/2678 4681/25/2678
f 4677/25/2679 4689/25/2679 4678/25/2679
f 4695/25/2680 4685/25/2680 4684/25/2680
f 4681/25/2681 4693/25/2681 4682/25/2681
f 4691/25/2682 4703/25/2682 4692/25/2682
f 4699/25/2683 4689/25/2683 4688/25/2683
f 4706/25/2684 4696/25/2684 4695/25/2684
f 4692/25/2685 4704/25/2685 4693/25/2685
f 4700/25/2686 4690/25/2686 4689/25/2686
f 4707/25/2687 4697/25/2687 4696/25/2687
f 4645/25/2688 4698/25/2688 4687/25/2688
f 4704/25/2689 4694/25/2689 4693/25/2689
f 4690/25/2690 4702/25/2690 4691/25/2690
f 4697/25/2691 4708/25/2691 4653/25/2691
f 4687/25/2692 4699/25/2692 4688/25/2692
f 4705/25/2693 4695/25/2693 4694/25/2693
f 4712/25/2694 4702/25/2694 4701/25/2694
f 4708/25/2695 4719/25/2695 4653/25/2695
f 4698/25/2696 4710/25/2696 4699/25/2696
f 4705/25/2697 4717/25/2697 4706/25/2697
f 4702/25/2698 4714/25/2698 4703/25/2698
f 4710/25/2699 4700/25/2699 4699/25/2699
f 4706/25/2700 4718/25/2700 4707/25/2700
f 4714/25/2701 4704/25/2701 4703/25/2701
f 4711/25/2702 4701/25/2702 4700/25/2702
f 4707/25/2703 4719/25/2703 4708/25/2703
f 4645/25/2704 4709/25/2704 4698/25/2704
f 4715/25/2705 4705/25/2705 4704/25/2705
f 4725/25/2706 4715/25/2706 4714/25/2706
f 4722/25/2707 4712/25/2707 4711/25/2707
f 4729/25/2708 4719/25/2708 4718/25/2708
f 4645/25/2709 4720/25/2709 4709/25/2709
f 4726/25/2710 4716/25/2710 4715/25/2710
f 4712/25/2711 4724/25/2711 4713/25/2711
f 4719/25/2712 4730/25/2712 4653/25/2712
f 4720/25/2713 4710/25/2713 4709/25/2713
f 4716/25/2714 4728/25/2714 4717/25/2714
f 4724/25/2715 4714/25/2715 4713/25/2715
f 4710/25/2716 4722/25/2716 4711/25/2716
f 4717/25/2717 4729/25/2717 4718/25/2717
f 4735/25/2718 4725/25/2718 4724/25/2718
f 4732/25/2719 4722/25/2719 4721/25/2719
f 4728/25/2720 4740/25/2720 4729/25/2720
f 4725/25/2721 4737/25/2721 4726/25/2721
f 4722/25/2722 4734/25/2722 4723/25/2722
f 4740/25/2723 4730/25/2723 4729/25/2723
f 4645/25/2724 4731/25/2724 4720/25/2724
f 4737/25/2725 4727/25/2725 4726/25/2725
f 4734/25/2726 4724/25/2726 4723/25/2726
f 4730/25/2727 4741/25/2727 4653/25/2727
f 4720/25/2728 4732/25/2728 4721/25/2728
f 4738/25/2729 4728/25/2729 4727/25/2729
f 4737/25/2730 4749/25/2730 4738/25/2730
f 4734/25/2731 4746/25/2731 4735/25/2731
f 4741/25/2732 4752/25/2732 4653/25/2732
f 4731/25/2733 4743/25/2733 4732/25/2733
f 4749/25/2734 4739/25/2734 4738/25/2734
f 4746/25/2735 4736/25/2735 4735/25/2735
f 4743/25/2736 4733/25/2736 4732/25/2736
f 4739/25/2737 4751/25/2737 4740/25/2737
f 4736/25/2738 4748/25/2738 4737/25/2738
f 4744/25/2739 4734/25/2739 4733/25/2739
f 4740/25/2740 4752/25/2740 4741/25/2740
f 4645/25/2741 4742/25/2741 4731/25/2741
f 4747/25/2742 4759/25/2742 4748/25/2742
f 4755/25/2743 4745/25/2743 4744/25/2743
f 4762/25/2744 4752/25/2744 4751/25/2744
f 4645/25/2745 4753/25/2745 4742/25/2745
f 4748/25/2746 4760/25/2746 4749/25/2746
f 4756/25/2747 4746/25/2747 4745/25/2747
f 4752/25/2748 4763/25/2748 4653/25/2748
f 4753/25/2749 4743/25/2749 4742/25/2749
f 4760/25/2750 4750/25/2750 4749/25/2750
f 4757/25/2751 4747/25/2751 4746/25/2751
f 4754/25/2752 4744/25/2752 4743/25/2752
f 4750/25/2753 4762/25/2753 4751/25/2753
f 4771/25/2754 4761/25/2754 4760/25/2754
f 4757/25/2755 4769/25/2755 4758/25/2755
f 4765/25/2756 4755/25/2756 4754/25/2756
f 4761/25/2757 4773/25/2757 4762/25/2757
f 4769/25/2758 4759/25/2758 4758/25/2758
f 4755/25/2759 4767/25/2759 4756/25/2759
f 4773/25/2760 4763/25/2760 4762/25/2760
f 4645/25/2761 4764/25/2761 4753/25/2761
f 4770/25/2762 4760/25/2762 4759/25/2762
f 4767/25/2763 4757/25/2763 4756/25/2763
f 4763/25/2764 4774/25/2764 4653/25/2764
f 4764/25/2765 4754/25/2765 4753/25/2765
f 4645/25/2766 4775/25/2766 4764/25/2766
f 4770/25/2767 4782/25/2767 4771/25/2767
f 4778/25/2768 4768/25/2768 4767/25/2768
f 4774/25/2769 4785/25/2769 4653/25/2769
f 4775/25/2770 4765/25/2770 4764/25/2770
f 4771/25/2771 4783/25/2771 4772/25/2771
f 4779/25/2772 4769/25/2772 4768/25/2772
f 4776/25/2773 4766/25/2773 4765/25/2773
f 4783/25/2774 4773/25/2774 4772/25/2774
f 4769/25/2775 4781/25/2775 4770/25/2775
f 4777/25/2776 4767/25/2776 4766/25/2776
f 4784/25/2777 4774/25/2777 4773/25/2777
f 4794/25/2778 4784/25/2778 4783/25/2778
f 4791/25/2779 4781/25/2779 4780/25/2779
f 4788/25/2780 4778/25/2780 4777/25/2780
f 4784/25/2781 4796/25/2781 4785/25/2781
f 4645/25/2782 4786/25/2782 4775/25/2782
f 4792/25/2783 4782/25/2783 4781/25/2783
f 4778/25/2784 4790/25/2784 4779/25/2784
f 4785/25/2785 4796/25/2785 4653/25/2785
f 4786/25/2786 4776/25/2786 4775/25/2786
f 4793/25/2787 4783/25/2787 4782/25/2787
f 4779/25/2788 4791/25/2788 4780/25/2788
f 4787/25/2789 4777/25/2789 4776/25/2789
f 4797/25/2790 4787/25/2790 4786/25/2790
f 4793/25/2791 4805/25/2791 4794/25/2791
f 4801/25/2792 4791/25/2792 4790/25/2792
f 4798/25/2793 4788/25/2793 4787/25/2793
f 4805/25/2794 4795/25/2794 4794/25/2794
f 4802/25/2795 4792/25/2795 4791/25/2795
f 4788/25/2796 4800/25/2796 4789/25/2796
f 4795/25/2797 4807/25/2797 4796/25/2797
f 4645/25/2798 4797/25/2798 4786/25/2798
f 4803/25/2799 4793/25/2799 4792/25/2799
f 4800/25/2800 4790/25/2800 4789/25/2800
f 4796/25/2801 4807/25/2801 4653/25/2801
f 4806/25/2802 4818/25/2802 4807/25/2802
f 4645/25/2803 4808/25/2803 4797/25/2803
f 4814/25/2804 4804/25/2804 4803/25/2804
f 4811/25/2805 4801/25/2805 4800/25/2805
f 4807/25/2806 4818/25/2806 4653/25/2806
f 4797/25/2807 4809/25/2807 4798/25/2807
f 4804/25/2808 4816/25/2808 4805/25/2808
f 4812/25/2809 4802/25/2809 4801/25/2809
f 4809/25/2810 4799/25/2810 4798/25/2810
f 4816/25/2811 4806/25/2811 4805/25/2811
f 4802/25/2812 4814/25/2812 4803/25/2812
f 4810/25/2813 4800/25/2813 4799/25/2813
f 4820/25/2814 4810/25/2814 4809/25/2814
f 4827/25/2815 4817/25/2815 4816/25/2815
f 4813/25/2816 4825/25/2816 4814/25/2816
f 4821/25/2817 4811/25/2817 4810/25/2817
f 4817/25/2818 4829/25/2818 4818/25/2818
f 4645/25/2819 4819/25/2819 4808/25/2819
f 4825/25/2820 4815/25/2820 4814/25/2820
f 4811/25/2821 4823/25/2821 4812/25/2821
f 4818/25/2822 4829/25/2822 4653/25/2822
f 4819/25/2823 4809/25/2823 4808/25/2823
f 4815/25/2824 4827/25/2824 4816/25/2824
f 4823/25/2825 4813/25/2825 4812/25/2825
f 4829/25/2826 4840/25/2826 4653/25/2826
f 4819/25/2827 4831/25/2827 4820/25/2827
f 4826/25/2828 4838/25/2828 4827/25/2828
f 4834/25/2829 4824/25/2829 4823/25/2829
f 4820/25/2830 4832/25/2830 4821/25/2830
f 4838/25/2831 4828/25/2831 4827/25/2831
f 4824/25/2832 4836/25/2832 4825/25/2832
f 4821/25/2833 4833/25/2833 4822/25/2833
f 4839/25/2834 4829/25/2834 4828/25/2834
f 4645/25/2835 4830/25/2835 4819/25/2835
f 4836/25/2836 4826/25/2836 4825/25/2836
f 4833/25/2837 4823/25/2837 4822/25/2837
f 4841/25/2838 4833/25/2838 4832/25/2838
f 4843/25/2839 4840/25/2839 4839/25/2839
f 4645/25/2840 4646/25/2840 4830/25/2840
f 4650/25/2841 4837/25/2841 4836/25/2841
f 4648/25/2842 4834/25/2842 4833/25/2842
f 4840/25/2843 4844/25/2843 4653/25/2843
f 4830/25/2844 4647/25/2844 4831/25/2844
f 4837/25/2845 4652/25/2845 4838/25/2845
f 4649/25/2846 4835/25/2846 4834/25/2846
f 4647/25/2847 4832/25/2847 4831/25/2847
f 4838/25/2848 4843/25/2848 4839/25/2848
f 4842/25/2849 4836/25/2849 4835/25/2849
f 4860/25/2850 4851/25/2850 4850/25/2850
f 4857/25/2851 4849/25/2851 4848/25/2851
f 5044/25/2852 4864/25/2852 4853/25/2852
f 4846/25/2853 4855/25/2853 4847/25/2853
f 4851/25/2854 4862/25/2854 4852/25/2854
f 4849/25/2855 4859/25/2855 5042/25/2855
f 4855/25/2856 5041/25/2856 4847/25/2856
f 4862/25/2857 5043/25/2857 4852/25/2857
f 4859/25/2858 4850/25/2858 5042/25/2858
f 4856/25/2859 4848/25/2859 5041/25/2859
f 5043/25/2860 4864/25/2860 5044/25/2860
f 4845/25/2861 4854/25/2861 4846/25/2861
f 4855/25/2862 4867/25/2862 4856/25/2862
f 4862/25/2863 4874/25/2863 4863/25/2863
f 4859/25/2864 4871/25/2864 4860/25/2864
f 4867/25/2865 4857/25/2865 4856/25/2865
f 4863/25/2866 4875/25/2866 4864/25/2866
f 4845/25/2867 4865/25/2867 4854/25/2867
f 4860/25/2868 4872/25/2868 4861/25/2868
f 4857/25/2869 4869/25/2869 4858/25/2869
f 4864/25/2870 4875/25/2870 4853/25/2870
f 4854/25/2871 4866/25/2871 4855/25/2871
f 4861/25/2872 4873/25/2872 4862/25/2872
f 4869/25/2873 4859/25/2873 4858/25/2873
f 4879/25/2874 4869/25/2874 4868/25/2874
f 4875/25/2875 4886/25/2875 4853/25/2875
f 4876/25/2876 4866/25/2876 4865/25/2876
f 4872/25/2877 4884/25/2877 4873/25/2877
f 4880/25/2878 4870/25/2878 4869/25/2878
f 4877/25/2879 4867/25/2879 4866/25/2879
f 4884/25/2880 4874/25/2880 4873/25/2880
f 4870/25/2881 4882/25/2881 4871/25/2881
f 4867/25/2882 4879/25/2882 4868/25/2882
f 4885/25/2883 4875/25/2883 4874/25/2883
f 4845/25/2884 4876/25/2884 4865/25/2884
f 4882/25/2885 4872/25/2885 4871/25/2885
f 4889/25/2886 4879/25/2886 4878/25/2886
f 4896/25/2887 4886/25/2887 4885/25/2887
f 4845/25/2888 4887/25/2888 4876/25/2888
f 4882/25/2889 4894/25/2889 4883/25/2889
f 4890/25/2890 4880/25/2890 4879/25/2890
f 4886/25/2891 4897/25/2891 4853/25/2891
f 4887/25/2892 4877/25/2892 4876/25/2892
f 4883/25/2893 4895/25/2893 4884/25/2893
f 4891/25/2894 4881/25/2894 4880/25/2894
f 4888/25/2895 4878/25/2895 4877/25/2895
f 4895/25/2896 4885/25/2896 4884/25/2896
f 4892/25/2897 4882/25/2897 4881/25/2897
f 4891/25/2898 4903/25/2898 4892/25/2898
f 4899/25/2899 4889/25/2899 4888/25/2899
f 4895/25/2900 4907/25/2900 4896/25/2900
f 4903/25/2901 4893/25/2901 4892/25/2901
f 4889/25/2902 4901/25/2902 4890/25/2902
f 4896/25/2903 4908/25/2903 4897/25/2903
f 4845/25/2904 4898/25/2904 4887/25/2904
f 4904/25/2905 4894/25/2905 4893/25/2905
f 4890/25/2906 4902/25/2906 4891/25/2906
f 4897/25/2907 4908/25/2907 4853/25/2907
f 4898/25/2908 4888/25/2908 4887/25/2908
f 4894/25/2909 4906/25/2909 4895/25/2909
f 4912/25/2910 4902/25/2910 4901/25/2910
f 4908/25/2911 4919/25/2911 4853/25/2911
f 4898/25/2912 4910/25/2912 4899/25/2912
f 4916/25/2913 4906/25/2913 4905/25/2913
f 4902/25/2914 4914/25/2914 4903/25/2914
f 4899/25/2915 4911/25/2915 4900/25/2915
f 4917/25/2916 4907/25/2916 4906/25/2916
f 4903/25/2917 4915/25/2917 4904/25/2917
f 4911/25/2918 4901/25/2918 4900/25/2918
f 4918/25/2919 4908/25/2919 4907/25/2919
f 4845/25/2920 4909/25/2920 4898/25/2920
f 4904/25/2921 4916/25/2921 4905/25/2921
f 4914/25/2922 4926/25/2922 4915/25/2922
f 4922/25/2923 4912/25/2923 4911/25/2923
f 4918/25/2924 4930/25/2924 4919/25/2924
f 4845/25/2925 4920/25/2925 4909/25/2925
f 4926/25/2926 4916/25/2926 4915/25/2926
f 4923/25/2927 4913/25/2927 4912/25/2927
f 4919/25/2928 4930/25/2928 4853/25/2928
f 4909/25/2929 4921/25/2929 4910/25/2929
f 4916/25/2930 4928/25/2930 4917/25/2930
f 4913/25/2931 4925/25/2931 4914/25/2931
f 4921/25/2932 4911/25/2932 4910/25/2932
f 4917/25/2933 4929/25/2933 4918/25/2933
f 4935/25/2934 4925/25/2934 4924/25/2934
f 4921/25/2935 4933/25/2935 4922/25/2935
f 4939/25/2936 4929/25/2936 4928/25/2936
f 4936/25/2937 4926/25/2937 4925/25/2937
f 4933/25/2938 4923/25/2938 4922/25/2938
f 4940/25/2939 4930/25/2939 4929/25/2939
f 4845/25/2940 4931/25/2940 4920/25/2940
f 4937/25/2941 4927/25/2941 4926/25/2941
f 4934/25/2942 4924/25/2942 4923/25/2942
f 4930/25/2943 4941/25/2943 4853/25/2943
f 4931/25/2944 4921/25/2944 4920/25/2944
f 4927/25/2945 4939/25/2945 4928/25/2945
f 4948/25/2946 4938/25/2946 4937/25/2946
f 4934/25/2947 4946/25/2947 4935/25/2947
f 4941/25/2948 4952/25/2948 4853/25/2948
f 4942/25/2949 4932/25/2949 4931/25/2949
f 4949/25/2950 4939/25/2950 4938/25/2950
f 4946/25/2951 4936/25/2951 4935/25/2951
f 4932/25/2952 4944/25/2952 4933/25/2952
f 4950/25/2953 4940/25/2953 4939/25/2953
f 4936/25/2954 4948/25/2954 4937/25/2954
f 4944/25/2955 4934/25/2955 4933/25/2955
f 4951/25/2956 4941/25/2956 4940/25/2956
f 4845/25/2957 4942/25/2957 4931/25/2957
f 4947/25/2958 4959/25/2958 4948/25/2958
f 4944/25/2959 4956/25/2959 4945/25/2959
f 4962/25/2960 4952/25/2960 4951/25/2960
f 4845/25/2961 4953/25/2961 4942/25/2961
f 4948/25/2962 4960/25/2962 4949/25/2962
f 4945/25/2963 4957/25/2963 4946/25/2963
f 4952/25/2964 4963/25/2964 4853/25/2964
f 4953/25/2965 4943/25/2965 4942/25/2965
f 4960/25/2966 4950/25/2966 4949/25/2966
f 4946/25/2967 4958/25/2967 4947/25/2967
f 4943/25/2968 4955/25/2968 4944/25/2968
f 4961/25/2969 4951/25/2969 4950/25/2969
f 4960/25/2970 4972/25/2970 4961/25/2970
f 4957/25/2971 4969/25/2971 4958/25/2971
f 4965/25/2972 4955/25/2972 4954/25/2972
f 4961/25/2973 4973/25/2973 4962/25/2973
f 4958/25/2974 4970/25/2974 4959/25/2974
f 4966/25/2975 4956/25/2975 4955/25/2975
f 4973/25/2976 4963/25/2976 4962/25/2976
f 4845/25/2977 4964/25/2977 4953/25/2977
f 4959/25/2978 4971/25/2978 4960/25/2978
f 4967/25/2979 4957/25/2979 4956/25/2979
f 4963/25/2980 4974/25/2980 4853/25/2980
f 4964/25/2981 4954/25/2981 4953/25/2981
f 4845/25/2982 4975/25/2982 4964/25/2982
f 4981/25/2983 4971/25/2983 4970/25/2983
f 4967/25/2984 4979/25/2984 4968/25/2984
f 4974/25/2985 4985/25/2985 4853/25/2985
f 4964/25/2986 4976/25/2986 4965/25/2986
f 4971/25/2987 4983/25/2987 4972/25/2987
f 4968/25/2988 4980/25/2988 4969/25/2988
f 4976/25/2989 4966/25/2989 4965/25/2989
f 4972/25/2990 4984/25/2990 4973/25/2990
f 4969/25/2991 4981/25/2991 4970/25/2991
f 4966/25/2992 4978/25/2992 4967/25/2992
f 4984/25/2993 4974/25/2993 4973/25/2993
f 4983/25/2994 4995/25/2994 4984/25/2994
f 4980/25/2995 4992/25/2995 4981/25/2995
f 4988/25/2996 4978/25/2996 4977/25/2996
f 4984/25/2997 4996/25/2997 4985/25/2997
f 4845/25/2998 4986/25/2998 4975/25/2998
f 4992/25/2999 4982/25/2999 4981/25/2999
f 4978/25/3000 4990/25/3000 4979/25/3000
f 4985/25/3001 4996/25/3001 4853/25/3001
f 4975/25/3002 4987/25/3002 4976/25/3002
f 4982/25/3003 4994/25/3003 4983/25/3003
f 4990/25/3004 4980/25/3004 4979/25/3004
f 4987/25/3005 4977/25/3005 4976/25/3005
f 4997/25/3006 4987/25/3006 4986/25/3006
f 4993/25/3007 5005/25/3007 4994/25/3007
f 5001/25/3008 4991/25/3008 4990/25/3008
f 4987/25/3009 4999/25/3009 4988/25/3009
f 5005/25/3010 4995/25/3010 4994/25/3010
f 5002/25/3011 4992/25/3011 4991/25/3011
f 4988/25/3012 5000/25/3012 4989/25/3012
f 4995/25/3013 5007/25/3013 4996/25/3013
f 4845/25/3014 4997/25/3014 4986/25/3014
f 4992/25/3015 5004/25/3015 4993/25/3015
f 4989/25/3016 5001/25/3016 4990/25/3016
f 4996/25/3017 5007/25/3017 4853/25/3017
f 5017/25/3018 5007/25/3018 5006/25/3018
f 4845/25/3019 5008/25/3019 4997/25/3019
f 5003/25/3020 5015/25/3020 5004/25/3020
f 5011/25/3021 5001/25/3021 5000/25/3021
f 5007/25/3022 5018/25/3022 4853/25/3022
f 5008/25/3023 4998/25/3023 4997/25/3023
f 5015/25/3024 5005/25/3024 5004/25/3024
f 5012/25/3025 5002/25/3025 5001/25/3025
f 5009/25/3026 4999/25/3026 4998/25/3026
f 5016/25/3027 5006/25/3027 5005/25/3027
f 5013/25/3028 5003/25/3028 5002/25/3028
f 5010/25/3029 5000/25/3029 4999/25/3029
f 5020/25/3030 5010/25/3030 5009/25/3030
f 5027/25/3031 5017/25/3031 5016/25/3031
f 5024/25/3032 5014/25/3032 5013/25/3032
f 5021/25/3033 5011/25/3033 5010/25/3033
f 5028/25/3034 5018/25/3034 5017/25/3034
f 4845/25/3035 5019/25/3035 5008/25/3035
f 5025/25/3036 5015/25/3036 5014/25/3036
f 5011/25/3037 5023/25/3037 5012/25/3037
f 5018/25/3038 5029/25/3038 4853/25/3038
f 5008/25/3039 5020/25/3039 5009/25/3039
f 5015/25/3040 5027/25/3040 5016/25/3040
f 5012/25/3041 5024/25/3041 5013/25/3041
f 5029/25/3042 5040/25/3042 4853/25/3042
f 5030/25/3043 5020/25/3043 5019/25/3043
f 5026/25/3044 5038/25/3044 5027/25/3044
f 5034/25/3045 5024/25/3045 5023/25/3045
f 5031/25/3046 5021/25/3046 5020/25/3046
f 5038/25/3047 5028/25/3047 5027/25/3047
f 5035/25/3048 5025/25/3048 5024/25/3048
f 5021/25/3049 5033/25/3049 5022/25/3049
f 5028/25/3050 5040/25/3050 5029/25/3050
f 4845/25/3051 5030/25/3051 5019/25/3051
f 5025/25/3052 5037/25/3052 5026/25/3052
f 5033/25/3053 5023/25/3053 5022/25/3053
f 5041/25/3054 5033/25/3054 5032/25/3054
f 5039/25/3055 5044/25/3055 5040/25/3055
f 4845/25/3056 4846/25/3056 5030/25/3056
f 4850/25/3057 5037/25/3057 5036/25/3057
f 4848/25/3058 5034/25/3058 5033/25/3058
f 5040/25/3059 5044/25/3059 4853/25/3059
f 5030/25/3060 4847/25/3060 5031/25/3060
f 5037/25/3061 4852/25/3061 5038/25/3061
f 5034/25/3062 5042/25/3062 5035/25/3062
f 5031/25/3063 5041/25/3063 5032/25/3063
f 5038/25/3064 5043/25/3064 5039/25/3064
f 5035/25/3065 4850/25/3065 5036/25/3065
f 5060/25/3066 5051/25/3066 5050/25/3066
f 5048/25/3067 5058/25/3067 5049/25/3067
f 5244/25/3068 5064/25/3068 5053/25/3068
f 5054/25/3069 5047/25/3069 5046/25/3069
f 5061/25/3070 5052/25/3070 5051/25/3070
f 5058/25/3071 5242/25/3071 5049/25/3071
f 5047/25/2955 5056/25/2955 5241/25/2955
f 5062/25/3072 5243/25/3072 5052/25/3072
f 5059/25/3073 5050/25/3073 5242/25/3073
f 5056/25/2952 5048/25/2952 5241/25/2952
f 5243/25/3074 5064/25/3074 5244/25/3074
f 5045/25/3075 5054/25/3075 5046/25/3075
f 5066/25/3076 5056/25/3076 5055/25/3076
f 5073/25/3077 5063/25/3077 5062/25/3077
f 5070/25/3078 5060/25/3078 5059/25/3078
f 5067/25/3079 5057/25/3079 5056/25/3079
f 5063/25/3080 5075/25/3080 5064/25/3080
f 5045/25/3081 5065/25/3081 5054/25/3081
f 5071/25/3082 5061/25/3082 5060/25/3082
f 5068/25/3083 5058/25/3083 5057/25/3083
f 5064/25/3084 5075/25/3084 5053/25/3084
f 5065/25/3085 5055/25/3085 5054/25/3085
f 5061/25/3086 5073/25/3086 5062/25/3086
f 5058/25/3087 5070/25/3087 5059/25/3087
f 5079/25/3088 5069/25/3088 5068/25/3088
f 5075/25/3089 5086/25/3089 5053/25/3089
f 5076/25/3090 5066/25/3090 5065/25/3090
f 5072/25/3091 5084/25/3091 5073/25/3091
f 5080/25/3092 5070/25/3092 5069/25/3092
f 5066/25/3093 5078/25/3093 5067/25/3093
f 5084/25/3094 5074/25/3094 5073/25/3094
f 5081/25/3095 5071/25/3095 5070/25/3095
f 5067/25/3096 5079/25/3096 5068/25/3096
f 5085/25/3097 5075/25/3097 5074/25/3097
f 5045/25/3098 5076/25/3098 5065/25/3098
f 5082/25/3099 5072/25/3099 5071/25/3099
f 5089/25/3100 5079/25/3100 5078/25/3100
f 5085/25/3101 5097/25/3101 5086/25/3101
f 5045/25/3102 5087/25/3102 5076/25/3102
f 5082/25/3103 5094/25/3103 5083/25/3103
f 5090/25/3104 5080/25/3104 5079/25/3104
f 5086/25/3105 5097/25/3105 5053/25/3105
f 5087/25/3106 5077/25/3106 5076/25/3106
f 5083/25/3107 5095/25/3107 5084/25/3107
f 5091/25/3108 5081/25/3108 5080/25/3108
f 5077/25/3109 5089/25/3109 5078/25/3109
f 5095/25/3110 5085/25/3110 5084/25/3110
f 5092/25/3111 5082/25/3111 5081/25/3111
f 5091/25/3112 5103/25/3112 5092/25/3112
f 5099/25/3113 5089/25/3113 5088/25/3113
f 5106/25/3114 5096/25/3114 5095/25/3114
f 5103/25/3115 5093/25/3115 5092/25/3115
f 5089/25/3116 5101/25/3116 5090/25/3116
f 5096/25/3117 5108/25/3117 5097/25/3117
f 5045/25/3118 5098/25/3118 5087/25/3118
f 5104/25/3119 5094/25/3119 5093/25/3119
f 5101/25/3120 5091/25/3120 5090/25/3120
f 5097/25/3121 5108/25/3121 5053/25/3121
f 5098/25/3122 5088/25/3122 5087/25/3122
f 5105/25/3123 5095/25/3123 5094/25/3123
f 5101/25/3124 5113/25/3124 5102/25/3124
f 5108/25/3125 5119/25/3125 5053/25/3125
f 5109/25/3126 5099/25/3126 5098/25/3126
f 5105/25/3127 5117/25/3127 5106/25/3127
f 5113/25/3128 5103/25/3128 5102/25/3128
f 5110/25/3129 5100/25/3129 5099/25/3129
f 5106/25/3130 5118/25/3130 5107/25/3130
f 5114/25/3131 5104/25/3131 5103/25/3131
f 5100/25/3132 5112/25/3132 5101/25/3132
f 5118/25/3133 5108/25/3133 5107/25/3133
f 5045/25/3134 5109/25/3134 5098/25/3134
f 5115/25/3135 5105/25/3135 5104/25/3135
f 5114/25/3136 5126/25/3136 5115/25/3136
f 5122/25/3137 5112/25/3137 5111/25/3137
f 5129/25/3138 5119/25/3138 5118/25/3138
f 5045/25/3139 5120/25/3139 5109/25/3139
f 5126/25/3140 5116/25/3140 5115/25/3140
f 5123/25/3141 5113/25/3141 5112/25/3141
f 5119/25/3142 5130/25/3142 5053/25/3142
f 5109/25/3143 5121/25/3143 5110/25/3143
f 5116/25/3144 5128/25/3144 5117/25/3144
f 5113/25/3145 5125/25/3145 5114/25/3145
f 5121/25/3146 5111/25/3146 5110/25/3146
f 5117/25/3147 5129/25/3147 5118/25/3147
f 5124/25/3148 5136/25/3148 5125/25/3148
f 5132/25/3149 5122/25/3149 5121/25/3149
f 5128/25/3150 5140/25/3150 5129/25/3150
f 5125/25/3151 5137/25/3151 5126/25/3151
f 5122/25/3152 5134/25/3152 5123/25/3152
f 5129/25/3153 5141/25/3153 5130/25/3153
f 5045/25/3154 5131/25/3154 5120/25/3154
f 5137/25/3155 5127/25/3155 5126/25/3155
f 5134/25/3156 5124/25/3156 5123/25/3156
f 5130/25/3157 5141/25/3157 5053/25/3157
f 5120/25/3158 5132/25/3158 5121/25/3158
f 5127/25/3159 5139/25/3159 5128/25/3159
f 5148/25/3160 5138/25/3160 5137/25/3160
f 5134/25/3161 5146/25/3161 5135/25/3161
f 5141/25/3162 5152/25/3162 5053/25/3162
f 5142/25/3163 5132/25/3163 5131/25/3163
f 5149/25/3164 5139/25/3164 5138/25/3164
f 5135/25/3165 5147/25/3165 5136/25/3165
f 5143/25/2859 5133/25/2859 5132/25/2859
f 5150/25/3166 5140/25/3166 5139/25/3166
f 5147/25/3167 5137/25/3167 5136/25/3167
f 5133/25/2856 5145/25/2856 5134/25/2856
f 5151/25/3168 5141/25/3168 5140/25/3168
f 5045/25/3169 5142/25/3169 5131/25/3169
f 5158/25/3170 5148/25/3170 5147/25/3170
f 5155/25/3171 5145/25/3171 5144/25/3171
f 5162/25/3172 5152/25/3172 5151/25/3172
f 5045/25/3173 5153/25/3173 5142/25/3173
f 5148/25/3174 5160/25/3174 5149/25/3174
f 5145/25/3175 5157/25/3175 5146/25/3175
f 5152/25/3176 5163/25/3176 5053/25/3176
f 5153/25/3177 5143/25/3177 5142/25/3177
f 5149/25/3178 5161/25/3178 5150/25/3178
f 5157/25/3179 5147/25/3179 5146/25/3179
f 5154/25/3180 5144/25/3180 5143/25/3180
f 5150/25/3181 5162/25/3181 5151/25/3181
f 5171/25/3182 5161/25/3182 5160/25/3182
f 5157/25/3183 5169/25/3183 5158/25/3183
f 5165/25/3184 5155/25/3184 5154/25/3184
f 5172/25/3185 5162/25/3185 5161/25/3185
f 5169/25/3186 5159/25/3186 5158/25/3186
f 5166/25/3187 5156/25/3187 5155/25/3187
f 5162/25/3188 5174/25/3188 5163/25/3188
f 5045/25/3189 5164/25/3189 5153/25/3189
f 5159/25/3190 5171/25/3190 5160/25/3190
f 5167/25/3191 5157/25/3191 5156/25/3191
f 5163/25/3192 5174/25/3192 5053/25/3192
f 5164/25/3193 5154/25/3193 5153/25/3193
f 5045/25/3194 5175/25/3194 5164/25/3194
f 5170/25/3195 5182/25/3195 5171/25/3195
f 5167/25/3196 5179/25/3196 5168/25/3196
f 5174/25/3197 5185/25/3197 5053/25/3197
f 5164/25/3198 5176/25/3198 5165/25/3198
f 5171/25/3199 5183/25/3199 5172/25/3199
f 5168/25/3200 5180/25/3200 5169/25/3200
f 5176/25/3201 5166/25/3201 5165/25/3201
f 5172/25/3202 5184/25/3202 5173/25/3202
f 5180/25/3203 5170/25/3203 5169/25/3203
f 5166/25/3204 5178/25/3204 5167/25/3204
f 5184/25/3205 5174/25/3205 5173/25/3205
f 5194/25/3206 5184/25/3206 5183/25/3206
f 5191/25/3207 5181/25/3207 5180/25/3207
f 5188/25/3208 5178/25/3208 5177/25/3208
f 5184/25/3209 5196/25/3209 5185/25/3209
f 5045/25/3210 5186/25/3210 5175/25/3210
f 5192/25/3211 5182/25/3211 5181/25/3211
f 5178/25/3212 5190/25/3212 5179/25/3212
f 5185/25/3213 5196/25/3213 5053/25/3213
f 5186/25/3214 5176/25/3214 5175/25/3214
f 5193/25/3215 5183/25/3215 5182/25/3215
f 5179/25/3216 5191/25/3216 5180/25/3216
f 5187/25/3217 5177/25/3217 5176/25/3217
f 5197/25/3218 5187/25/3218 5186/25/3218
f 5193/25/3219 5205/25/3219 5194/25/3219
f 5201/25/3220 5191/25/3220 5190/25/3220
f 5198/25/3221 5188/25/3221 5187/25/3221
f 5205/25/3222 5195/25/3222 5194/25/3222
f 5202/25/3223 5192/25/3223 5191/25/3223
f 5188/25/3224 5200/25/3224 5189/25/3224
f 5195/25/3225 5207/25/3225 5196/25/3225
f 5045/25/3226 5197/25/3226 5186/25/3226
f 5192/25/3227 5204/25/3227 5193/25/3227
f 5189/25/3228 5201/25/3228 5190/25/3228
f 5196/25/3229 5207/25/3229 5053/25/3229
f 5206/25/3230 5218/25/3230 5207/25/3230
f 5045/25/3231 5208/25/3231 5197/25/3231
f 5214/25/3232 5204/25/3232 5203/25/3232
f 5200/25/3233 5212/25/3233 5201/25/3233
f 5207/25/3234 5218/25/3234 5053/25/3234
f 5197/25/3235 5209/25/3235 5198/25/3235
f 5204/25/3236 5216/25/3236 5205/25/3236
f 5201/25/3237 5213/25/3237 5202/25/3237
f 5209/25/3238 5199/25/3238 5198/25/3238
f 5205/25/3239 5217/25/3239 5206/25/3239
f 5213/25/3240 5203/25/3240 5202/25/3240
f 5199/25/3241 5211/25/3241 5200/25/3241
f 5220/25/3242 5210/25/3242 5209/25/3242
f 5216/25/3243 5228/25/3243 5217/25/3243
f 5213/25/3244 5225/25/3244 5214/25/3244
f 5210/25/3245 5222/25/3245 5211/25/3245
f 5228/25/3246 5218/25/3246 5217/25/3246
f 5045/25/3247 5219/25/3247 5208/25/3247
f 5225/25/3248 5215/25/3248 5214/25/3248
f 5222/25/3249 5212/25/3249 5211/25/3249
f 5218/25/3250 5229/25/3250 5053/25/3250
f 5208/25/3251 5220/25/3251 5209/25/3251
f 5226/25/3252 5216/25/3252 5215/25/3252
f 5212/25/3253 5224/25/3253 5213/25/3253
f 5229/25/3254 5240/25/3254 5053/25/3254
f 5219/25/3255 5231/25/3255 5220/25/3255
f 5237/25/3256 5227/25/3256 5226/25/3256
f 5234/25/3257 5224/25/3257 5223/25/3257
f 5231/25/3258 5221/25/3258 5220/25/3258
f 5238/25/3259 5228/25/3259 5227/25/3259
f 5235/25/3260 5225/25/3260 5224/25/3260
f 5232/25/3261 5222/25/3261 5221/25/3261
f 5239/25/3262 5229/25/3262 5228/25/3262
f 5045/25/3263 5230/25/3263 5219/25/3263
f 5236/25/3264 5226/25/3264 5225/25/3264
f 5233/25/3265 5223/25/3265 5222/25/3265
f 5241/25/3266 5233/25/3266 5232/25/3266
f 5243/25/3267 5240/25/3267 5239/25/3267
f 5045/25/3268 5046/25/3268 5230/25/3268
f 5050/25/3269 5237/25/3269 5236/25/3269
f 5048/25/3270 5234/25/3270 5233/25/3270
f 5240/25/3271 5244/25/3271 5053/25/3271
f 5046/25/3272 5231/25/3272 5230/25/3272
f 5237/25/3273 5052/25/3273 5238/25/3273
f 5234/25/3274 5242/25/3274 5235/25/3274
f 5231/25/3275 5241/25/3275 5232/25/3275
f 5052/25/3276 5239/25/3276 5238/25/3276
f 5235/25/3277 5050/25/3277 5236/25/3277
f 5260/25/3278 5251/25/3278 5250/25/3278
f 5248/25/3279 5258/25/3279 5249/25/3279
f 5444/25/3280 5264/25/3280 5253/25/3280
f 5254/25/3281 5247/25/3281 5246/25/3281
f 5251/25/3282 5262/25/3282 5252/25/3282
f 5258/25/3283 5442/25/3283 5249/25/3283
f 5255/25/3284 5441/25/3284 5247/25/3284
f 5252/25/3285 5263/25/3285 5443/25/3285
f 5259/25/3286 5250/25/3286 5442/25/3286
f 5256/25/3287 5248/25/3287 5441/25/3287
f 5443/25/3288 5264/25/3288 5444/25/3288
f 5245/25/3289 5254/25/3289 5246/25/3289
f 5255/25/3290 5267/25/3290 5256/25/3290
f 5262/25/3291 5274/25/3291 5263/25/3291
f 5259/25/3292 5271/25/3292 5260/25/3292
f 5267/25/3293 5257/25/3293 5256/25/3293
f 5274/25/3294 5264/25/3294 5263/25/3294
f 5245/25/3295 5265/25/3295 5254/25/3295
f 5260/25/3296 5272/25/3296 5261/25/3296
f 5268/25/3297 5258/25/3297 5257/25/3297
f 5264/25/3298 5275/25/3298 5253/25/3298
f 5265/25/3299 5255/25/3299 5254/25/3299
f 5261/25/3300 5273/25/3300 5262/25/3300
f 5258/25/3301 5270/25/3301 5259/25/3301
f 5279/25/3302 5269/25/3302 5268/25/3302
f 5275/25/3303 5286/25/3303 5253/25/3303
f 5276/25/3304 5266/25/3304 5265/25/3304
f 5272/25/3305 5284/25/3305 5273/25/3305
f 5280/25/3306 5270/25/3306 5269/25/3306
f 5266/25/3307 5278/25/3307 5267/25/3307
f 5273/25/3308 5285/25/3308 5274/25/3308
f 5281/25/3309 5271/25/3309 5270/25/3309
f 5278/25/3310 5268/25/3310 5267/25/3310
f 5285/25/3311 5275/25/3311 5274/25/3311
f 5245/25/3312 5276/25/3312 5265/25/3312
f 5282/25/3313 5272/25/3313 5271/25/3313
f 5289/25/3314 5279/25/3314 5278/25/3314
f 5285/25/3315 5297/25/3315 5286/25/3315
f 5245/25/3316 5287/25/3316 5276/25/3316
f 5293/25/3317 5283/25/3317 5282/25/3317
f 5290/25/3318 5280/25/3318 5279/25/3318
f 5286/25/3319 5297/25/3319 5253/25/3319
f 5287/25/3320 5277/25/3320 5276/25/3320
f 5294/25/3321 5284/25/3321 5283/25/3321
f 5291/25/3322 5281/25/3322 5280/25/3322
f 5288/25/3323 5278/25/3323 5277/25/3323
f 5295/25/3324 5285/25/3324 5284/25/3324
f 5292/25/3325 5282/25/3325 5281/25/3325
f 5291/25/3326 5303/25/3326 5292/25/3326
f 5288/25/3327 5300/25/3327 5289/25/3327
f 5295/25/3328 5307/25/3328 5296/25/3328
f 5292/25/3329 5304/25/3329 5293/25/3329
f 5289/25/3330 5301/25/3330 5290/25/3330
f 5307/25/3331 5297/25/3331 5296/25/3331
f 5245/25/3332 5298/25/3332 5287/25/3332
f 5293/25/3333 5305/25/3333 5294/25/3333
f 5290/25/3334 5302/25/3334 5291/25/3334
f 5297/25/3335 5308/25/3335 5253/25/3335
f 5287/25/3336 5299/25/3336 5288/25/3336
f 5294/25/3337 5306/25/3337 5295/25/3337
f 5301/25/3338 5313/25/3338 5302/25/3338
f 5308/25/3339 5319/25/3339 5253/25/3339
f 5298/25/3340 5310/25/3340 5299/25/3340
f 5316/25/3341 5306/25/3341 5305/25/3341
f 5313/25/3342 5303/25/3342 5302/25/3342
f 5310/25/3343 5300/25/3343 5299/25/3343
f 5306/25/3344 5318/25/3344 5307/25/3344
f 5314/25/3345 5304/25/3345 5303/25/3345
f 5311/25/3346 5301/25/3346 5300/25/3346
f 5307/25/3347 5319/25/3347 5308/25/3347
f 5245/25/3348 5309/25/3348 5298/25/3348
f 5315/25/3349 5305/25/3349 5304/25/3349
f 5314/25/3350 5326/25/3350 5315/25/3350
f 5322/25/3351 5312/25/3351 5311/25/3351
f 5329/25/3352 5319/25/3352 5318/25/3352
f 5245/25/3353 5320/25/3353 5309/25/3353
f 5315/25/3354 5327/25/3354 5316/25/3354
f 5323/25/3355 5313/25/3355 5312/25/3355
f 5319/25/3356 5330/25/3356 5253/25/3356
f 5320/25/3357 5310/25/3357 5309/25/3357
f 5316/25/3358 5328/25/3358 5317/25/3358
f 5324/25/3359 5314/25/3359 5313/25/3359
f 5321/25/3360 5311/25/3360 5310/25/3360
f 5328/25/3361 5318/25/3361 5317/25/3361
f 5335/25/3362 5325/25/3362 5324/25/3362
f 5332/25/3363 5322/25/3363 5321/25/3363
f 5328/25/3364 5340/25/3364 5329/25/3364
f 5336/25/3365 5326/25/3365 5325/25/3365
f 5322/25/3366 5334/25/3366 5323/25/3366
f 5329/25/3367 5341/25/3367 5330/25/3367
f 5245/25/3368 5331/25/3368 5320/25/3368
f 5326/25/3369 5338/25/3369 5327/25/3369
f 5334/25/3370 5324/25/3370 5323/25/3370
f 5330/25/3371 5341/25/3371 5253/25/3371
f 5320/25/3372 5332/25/3372 5321/25/3372
f 5327/25/3373 5339/25/3373 5328/25/3373
f 5348/25/3374 5338/25/3374 5337/25/3374
f 5334/25/3375 5346/25/3375 5335/25/3375
f 5341/25/3376 5352/25/3376 5253/25/3376
f 5331/25/3377 5343/25/3377 5332/25/3377
f 5349/25/3378 5339/25/3378 5338/25/3378
f 5346/25/3379 5336/25/3379 5335/25/3379
f 5343/25/3380 5333/25/3380 5332/25/3380
f 5350/25/3381 5340/25/3381 5339/25/3381
f 5336/25/3382 5348/25/3382 5337/25/3382
f 5344/25/3383 5334/25/3383 5333/25/3383
f 5340/25/3384 5352/25/3384 5341/25/3384
f 5245/25/3385 5342/25/3385 5331/25/3385
f 5358/25/3386 5348/25/3386 5347/25/3386
f 5355/25/3387 5345/25/3387 5344/25/3387
f 5362/25/3388 5352/25/3388 5351/25/3388
f 5245/25/3389 5353/25/3389 5342/25/3389
f 5359/25/3390 5349/25/3390 5348/25/3390
f 5356/25/3391 5346/25/3391 5345/25/3391
f 5352/25/3392 5363/25/3392 5253/25/3392
f 5342/25/3393 5354/25/3393 5343/25/3393
f 5349/25/3394 5361/25/3394 5350/25/3394
f 5357/25/3395 5347/25/3395 5346/25/3395
f 5354/25/3396 5344/25/3396 5343/25/3396
f 5350/25/3397 5362/25/3397 5351/25/3397
f 5360/25/3398 5372/25/3398 5361/25/3398
f 5357/25/3399 5369/25/3399 5358/25/3399
f 5365/25/3400 5355/25/3400 5354/25/3400
f 5361/25/3401 5373/25/3401 5362/25/3401
f 5369/25/3402 5359/25/3402 5358/25/3402
f 5366/25/3403 5356/25/3403 5355/25/3403
f 5362/25/3404 5374/25/3404 5363/25/3404
f 5245/25/3405 5364/25/3405 5353/25/3405
f 5370/25/3406 5360/25/3406 5359/25/3406
f 5356/25/3407 5368/25/3407 5357/25/3407
f 5363/25/3408 5374/25/3408 5253/25/3408
f 5364/25/3409 5354/25/3409 5353/25/3409
f 5245/25/3410 5375/25/3410 5364/25/3410
f 5381/25/3411 5371/25/3411 5370/25/3411
f 5378/25/3412 5368/25/3412 5367/25/3412
f 5374/25/3413 5385/25/3413 5253/25/3413
f 5364/25/3414 5376/25/3414 5365/25/3414
f 5382/25/3415 5372/25/3415 5371/25/3415
f 5379/25/3416 5369/25/3416 5368/25/3416
f 5365/25/3417 5377/25/3417 5366/25/3417
f 5372/25/3418 5384/25/3418 5373/25/3418
f 5380/25/3419 5370/25/3419 5369/25/3419
f 5366/25/3420 5378/25/3420 5367/25/3420
f 5384/25/3421 5374/25/3421 5373/25/3421
f 5394/25/3422 5384/25/3422 5383/25/3422
f 5380/25/3423 5392/25/3423 5381/25/3423
f 5388/25/3424 5378/25/3424 5377/25/3424
f 5384/25/3425 5396/25/3425 5385/25/3425
f 5245/25/3426 5386/25/3426 5375/25/3426
f 5381/25/3427 5393/25/3427 5382/25/3427
f 5389/25/3428 5379/25/3428 5378/25/3428
f 5385/25/3429 5396/25/3429 5253/25/3429
f 5375/25/3430 5387/25/3430 5376/25/3430
f 5382/25/3431 5394/25/3431 5383/25/3431
f 5390/25/3432 5380/25/3432 5379/25/3432
f 5376/25/3433 5388/25/3433 5377/25/3433
f 5397/25/3434 5387/25/3434 5386/25/3434
f 5404/25/3435 5394/25/3435 5393/25/3435
f 5401/25/3436 5391/25/3436 5390/25/3436
f 5398/25/3437 5388/25/3437 5387/25/3437
f 5405/25/3438 5395/25/3438 5394/25/3438
f 5391/25/3439 5403/25/3439 5392/25/3439
f 5399/25/3440 5389/25/3440 5388/25/3440
f 5395/25/3441 5407/25/3441 5396/25/3441
f 5245/25/3442 5397/25/3442 5386/25/3442
f 5392/25/3443 5404/25/3443 5393/25/3443
f 5400/25/3444 5390/25/3444 5389/25/3444
f 5396/25/3445 5407/25/3445 5253/25/3445
f 5406/25/3446 5418/25/3446 5407/25/3446
f 5245/25/3447 5408/25/3447 5397/25/3447
f 5414/25/3448 5404/25/3448 5403/25/3448
f 5411/25/3449 5401/25/3449 5400/25/3449
f 5407/25/3450 5418/25/3450 5253/25/3450
f 5408/25/3451 5398/25/3451 5397/25/3451
f 5404/25/3452 5416/25/3452 5405/25/3452
f 5412/25/3453 5402/25/3453 5401/25/3453
f 5398/25/3454 5410/25/3454 5399/25/3454
f 5416/25/3455 5406/25/3455 5405/25/3455
f 5402/25/3456 5414/25/3456 5403/25/3456
f 5410/25/3457 5400/25/3457 5399/25/3457
f 5420/25/3458 5410/25/3458 5409/25/3458
f 5427/25/3459 5417/25/3459 5416/25/3459
f 5413/25/3460 5425/25/3460 5414/25/3460
f 5421/25/3461 5411/25/3461 5410/25/3461
f 5417/25/3462 5429/25/3462 5418/25/3462
f 5245/25/3463 5419/25/3463 5408/25/3463
f 5425/25/3464 5415/25/3464 5414/25/3464
f 5411/25/3465 5423/25/3465 5412/25/3465
f 5418/25/3466 5429/25/3466 5253/25/3466
f 5419/25/3467 5409/25/3467 5408/25/3467
f 5415/25/3468 5427/25/3468 5416/25/3468
f 5423/25/3469 5413/25/3469 5412/25/3469
f 5429/25/3470 5440/25/3470 5253/25/3470
f 5430/25/3471 5420/25/3471 5419/25/3471
f 5426/25/3472 5438/25/3472 5427/25/3472
f 5423/25/3473 5435/25/3473 5424/25/3473
f 5431/25/3474 5421/25/3474 5420/25/3474
f 5438/25/3475 5428/25/3475 5427/25/3475
f 5424/25/3476 5436/25/3476 5425/25/3476
f 5432/25/3477 5422/25/3477 5421/25/3477
f 5439/25/3478 5429/25/3478 5428/25/3478
f 5245/25/3479 5430/25/3479 5419/25/3479
f 5425/25/3480 5437/25/3480 5426/25/3480
f 5422/25/3481 5434/25/3481 5423/25/3481
f 5441/25/3482 5433/25/3482 5432/25/3482
f 5443/25/3483 5440/25/3483 5439/25/3483
f 5245/25/3484 5246/25/3484 5430/25/3484
f 5250/25/3485 5437/25/3485 5436/25/3485
f 5248/25/3486 5434/25/3486 5433/25/3486
f 5440/25/3487 5444/25/3487 5253/25/3487
f 5430/25/3488 5247/25/3488 5431/25/3488
f 5251/25/3489 5438/25/3489 5437/25/3489
f 5249/25/3490 5435/25/3490 5434/25/3490
f 5247/25/3491 5432/25/3491 5431/25/3491
f 5252/25/3492 5439/25/3492 5438/25/3492
f 5435/25/3493 5250/25/3493 5436/25/3493
f 5460/25/3494 5451/25/3494 5450/25/3494
f 5457/25/3495 5449/25/3495 5448/25/3495
f 5644/25/3496 5464/25/3496 5453/25/3496
f 5446/25/3497 5455/25/3497 5447/25/3497
f 5451/25/3498 5462/25/3498 5452/25/3498
f 5458/25/3499 5642/25/3499 5449/25/3499
f 5455/25/3500 5641/25/3500 5447/25/3500
f 5462/25/3501 5643/25/3501 5452/25/3501
f 5642/25/3502 5460/25/3502 5450/25/3502
f 5456/25/3503 5448/25/3503 5641/25/3503
f 5643/25/3504 5464/25/3504 5644/25/3504
f 5445/25/3505 5454/25/3505 5446/25/3505
f 5455/25/3506 5467/25/3506 5456/25/3506
f 5462/25/3507 5474/25/3507 5463/25/3507
f 5459/25/3508 5471/25/3508 5460/25/3508
f 5456/25/3509 5468/25/3509 5457/25/3509
f 5474/25/3510 5464/25/3510 5463/25/3510
f 5445/25/3511 5465/25/3511 5454/25/3511
f 5471/25/3512 5461/25/3512 5460/25/3512
f 5468/25/3513 5458/25/3513 5457/25/3513
f 5464/25/3514 5475/25/3514 5453/25/3514
f 5454/25/3515 5466/25/3515 5455/25/3515
f 5472/25/3516 5462/25/3516 5461/25/3516
f 5458/25/3517 5470/25/3517 5459/25/3517
f 5479/25/3518 5469/25/3518 5468/25/3518
f 5475/25/3519 5486/25/3519 5453/25/3519
f 5476/25/3520 5466/25/3520 5465/25/3520
f 5483/25/3521 5473/25/3521 5472/25/3521
f 5480/25/3522 5470/25/3522 5469/25/3522
f 5466/25/3523 5478/25/3523 5467/25/3523
f 5484/25/3524 5474/25/3524 5473/25/3524
f 5481/25/3525 5471/25/3525 5470/25/3525
f 5467/25/3526 5479/25/3526 5468/25/3526
f 5485/25/3527 5475/25/3527 5474/25/3527
f 5445/25/3528 5476/25/3528 5465/25/3528
f 5471/25/3529 5483/25/3529 5472/25/3529
f 5489/25/3530 5479/25/3530 5478/25/3530
f 5485/25/3531 5497/25/3531 5486/25/3531
f 5445/25/3532 5487/25/3532 5476/25/3532
f 5493/25/3533 5483/25/3533 5482/25/3533
f 5479/25/3534 5491/25/3534 5480/25/3534
f 5486/25/3535 5497/25/3535 5453/25/3535
f 5487/25/3536 5477/25/3536 5476/25/3536
f 5483/25/3537 5495/25/3537 5484/25/3537
f 5480/25/3538 5492/25/3538 5481/25/3538
f 5488/25/3539 5478/25/3539 5477/25/3539
f 5495/25/3540 5485/25/3540 5484/25/3540
f 5492/25/3541 5482/25/3541 5481/25/3541
f 5491/25/3542 5503/25/3542 5492/25/3542
f 5499/25/3543 5489/25/3543 5488/25/3543
f 5506/25/3544 5496/25/3544 5495/25/3544
f 5503/25/3545 5493/25/3545 5492/25/3545
f 5500/25/3546 5490/25/3546 5489/25/3546
f 5507/25/3547 5497/25/3547 5496/25/3547
f 5445/25/3548 5498/25/3548 5487/25/3548
f 5504/25/3549 5494/25/3549 5493/25/3549
f 5501/25/3550 5491/25/3550 5490/25/3550
f 5497/25/3551 5508/25/3551 5453/25/3551
f 5487/25/3552 5499/25/3552 5488/25/3552
f 5505/25/3553 5495/25/3553 5494/25/3553
f 5512/25/3554 5502/25/3554 5501/25/3554
f 5508/25/3555 5519/25/3555 5453/25/3555
f 5498/25/3556 5510/25/3556 5499/25/3556
f 5505/25/3557 5517/25/3557 5506/25/3557
f 5513/25/3558 5503/25/3558 5502/25/3558
f 5499/25/3559 5511/25/3559 5500/25/3559
f 5517/25/3560 5507/25/3560 5506/25/3560
f 5514/25/3561 5504/25/3561 5503/25/3561
f 5511/25/3562 5501/25/3562 5500/25/3562
f 5518/25/3563 5508/25/3563 5507/25/3563
f 5445/25/3564 5509/25/3564 5498/25/3564
f 5504/25/3565 5516/25/3565 5505/25/3565
f 5525/25/3566 5515/25/3566 5514/25/3566
f 5511/25/3567 5523/25/3567 5512/25/3567
f 5518/25/3568 5530/25/3568 5519/25/3568
f 5445/25/3569 5520/25/3569 5509/25/3569
f 5526/25/3570 5516/25/3570 5515/25/3570
f 5512/25/3571 5524/25/3571 5513/25/3571
f 5519/25/3572 5530/25/3572 5453/25/3572
f 5509/25/3573 5521/25/3573 5510/25/3573
f 5516/25/3574 5528/25/3574 5517/25/3574
f 5524/25/3575 5514/25/3575 5513/25/3575
f 5510/25/3576 5522/25/3576 5511/25/3576
f 5528/25/3577 5518/25/3577 5517/25/3577
f 5535/25/3578 5525/25/3578 5524/25/3578
f 5532/25/3579 5522/25/3579 5521/25/3579
f 5539/25/3580 5529/25/3580 5528/25/3580
f 5536/25/3581 5526/25/3581 5525/25/3581
f 5533/25/3582 5523/25/3582 5522/25/3582
f 5529/25/3583 5541/25/3583 5530/25/3583
f 5445/25/3584 5531/25/3584 5520/25/3584
f 5537/25/3585 5527/25/3585 5526/25/3585
f 5534/25/3586 5524/25/3586 5523/25/3586
f 5530/25/3587 5541/25/3587 5453/25/3587
f 5531/25/3588 5521/25/3588 5520/25/3588
f 5527/25/3589 5539/25/3589 5528/25/3589
f 5548/25/3590 5538/25/3590 5537/25/3590
f 5545/25/3591 5535/25/3591 5534/25/3591
f 5541/25/3592 5552/25/3592 5453/25/3592
f 5542/25/3593 5532/25/3593 5531/25/3593
f 5538/25/3594 5550/25/3594 5539/25/3594
f 5535/25/3595 5547/25/3595 5536/25/3595
f 5532/25/3596 5544/25/3596 5533/25/3596
f 5539/25/3597 5551/25/3597 5540/25/3597
f 5536/25/3598 5548/25/3598 5537/25/3598
f 5544/25/3599 5534/25/3599 5533/25/3599
f 5540/25/3600 5552/25/3600 5541/25/3600
f 5445/25/3601 5542/25/3601 5531/25/3601
f 5547/25/3602 5559/25/3602 5548/25/3602
f 5555/25/3603 5545/25/3603 5544/25/3603
f 5562/25/3604 5552/25/3604 5551/25/3604
f 5445/25/3605 5553/25/3605 5542/25/3605
f 5559/25/3606 5549/25/3606 5548/25/3606
f 5556/25/3607 5546/25/3607 5545/25/3607
f 5552/25/3608 5563/25/3608 5453/25/3608
f 5553/25/3609 5543/25/3609 5542/25/3609
f 5549/25/3610 5561/25/3610 5550/25/3610
f 5546/25/3611 5558/25/3611 5547/25/3611
f 5554/25/3612 5544/25/3612 5543/25/3612
f 5550/25/3613 5562/25/3613 5551/25/3613
f 5571/25/3614 5561/25/3614 5560/25/3614
f 5568/25/3615 5558/25/3615 5557/25/3615
f 5565/25/3616 5555/25/3616 5554/25/3616
f 5572/25/3617 5562/25/3617 5561/25/3617
f 5569/25/3618 5559/25/3618 5558/25/3618
f 5566/25/3619 5556/25/3619 5555/25/3619
f 5562/25/3620 5574/25/3620 5563/25/3620
f 5445/25/3621 5564/25/3621 5553/25/3621
f 5570/25/3622 5560/25/3622 5559/25/3622
f 5556/25/3623 5568/25/3623 5557/25/3623
f 5563/25/3624 5574/25/3624 5453/25/3624
f 5553/25/3625 5565/25/3625 5554/25/3625
f 5445/25/3626 5575/25/3626 5564/25/3626
f 5570/25/3627 5582/25/3627 5571/25/3627
f 5578/25/3628 5568/25/3628 5567/25/3628
f 5574/25/3629 5585/25/3629 5453/25/3629
f 5575/25/3630 5565/25/3630 5564/25/3630
f 5571/25/3631 5583/25/3631 5572/25/3631
f 5568/25/3632 5580/25/3632 5569/25/3632
f 5565/25/3633 5577/25/3633 5566/25/3633
f 5572/25/3634 5584/25/3634 5573/25/3634
f 5569/25/3635 5581/25/3635 5570/25/3635
f 5577/25/3636 5567/25/3636 5566/25/3636
f 5573/25/3637 5585/25/3637 5574/25/3637
f 5583/25/3638 5595/25/3638 5584/25/3638
f 5580/25/3639 5592/25/3639 5581/25/3639
f 5588/25/3640 5578/25/3640 5577/25/3640
f 5584/25/3641 5596/25/3641 5585/25/3641
f 5445/25/3642 5586/25/3642 5575/25/3642
f 5581/25/3643 5593/25/3643 5582/25/3643
f 5589/25/3644 5579/25/3644 5578/25/3644
f 5585/25/3645 5596/25/3645 5453/25/3645
f 5575/25/3646 5587/25/3646 5576/25/3646
f 5593/25/3647 5583/25/3647 5582/25/3647
f 5590/25/3648 5580/25/3648 5579/25/3648
f 5587/25/3649 5577/25/3649 5576/25/3649
f 5597/25/3650 5587/25/3650 5586/25/3650
f 5593/25/3651 5605/25/3651 5594/25/3651
f 5601/25/3652 5591/25/3652 5590/25/3652
f 5598/25/3653 5588/25/3653 5587/25/3653
f 5605/25/3654 5595/25/3654 5594/25/3654
f 5602/25/3655 5592/25/3655 5591/25/3655
f 5599/25/3656 5589/25/3656 5588/25/3656
f 5606/25/3657 5596/25/3657 5595/25/3657
f 5445/25/3658 5597/25/3658 5586/25/3658
f 5603/25/3659 5593/25/3659 5592/25/3659
f 5600/25/3660 5590/25/3660 5589/25/3660
f 5596/25/3661 5607/25/3661 5453/25/3661
f 5617/25/3662 5607/25/3662 5606/25/3662
f 5445/25/3663 5608/25/3663 5597/25/3663
f 5614/25/3664 5604/25/3664 5603/25/3664
f 5600/25/3665 5612/25/3665 5601/25/3665
f 5607/25/3666 5618/25/3666 5453/25/3666
f 5597/25/3667 5609/25/3667 5598/25/3667
f 5615/25/3668 5605/25/3668 5604/25/3668
f 5601/25/3669 5613/25/3669 5602/25/3669
f 5609/25/3670 5599/25/3670 5598/25/3670
f 5616/25/3671 5606/25/3671 5605/25/3671
f 5613/25/3672 5603/25/3672 5602/25/3672
f 5610/25/3673 5600/25/3673 5599/25/3673
f 5620/25/3674 5610/25/3674 5609/25/3674
f 5627/25/3675 5617/25/3675 5616/25/3675
f 5624/25/3676 5614/25/3676 5613/25/3676
f 5621/25/3677 5611/25/3677 5610/25/3677
f 5617/25/3678 5629/25/3678 5618/25/3678
f 5445/25/3679 5619/25/3679 5608/25/3679
f 5625/25/3680 5615/25/3680 5614/25/3680
f 5622/25/3681 5612/25/3681 5611/25/3681
f 5618/25/3682 5629/25/3682 5453/25/3682
f 5608/25/3683 5620/25/3683 5609/25/3683
f 5615/25/3684 5627/25/3684 5616/25/3684
f 5623/25/3685 5613/25/3685 5612/25/3685
f 5629/25/3686 5640/25/3686 5453/25/3686
f 5619/25/3687 5631/25/3687 5620/25/3687
f 5626/25/3688 5638/25/3688 5627/25/3688
f 5634/25/3689 5624/25/3689 5623/25/3689
f 5631/25/3690 5621/25/3690 5620/25/3690
f 5638/25/3691 5628/25/3691 5627/25/3691
f 5624/25/3692 5636/25/3692 5625/25/3692
f 5632/25/3693 5622/25/3693 5621/25/3693
f 5639/25/3694 5629/25/3694 5628/25/3694
f 5445/25/3695 5630/25/3695 5619/25/3695
f 5625/25/3696 5637/25/3696 5626/25/3696
f 5622/25/3697 5634/25/3697 5623/25/3697
f 5641/25/3698 5633/25/3698 5632/25/3698
f 5639/25/3699 5644/25/3699 5640/25/3699
f 5445/25/3700 5446/25/3700 5630/25/3700
f 5450/25/3701 5637/25/3701 5636/25/3701
f 5448/25/3702 5634/25/3702 5633/25/3702
f 5640/25/3703 5644/25/3703 5453/25/3703
f 5446/25/3704 5631/25/3704 5630/25/3704
f 5637/25/3705 5452/25/3705 5638/25/3705
f 5449/25/3706 5635/25/3706 5634/25/3706
f 5447/25/3707 5632/25/3707 5631/25/3707
f 5452/25/3708 5639/25/3708 5638/25/3708
f 5642/25/3709 5636/25/3709 5635/25/3709
f 3/1/1 6/7/1 4/2/1
f 6/4/2 12/8/2 10/5/2
f 12/7/3 9/1/3 7/3/3
f 9/8/4 3/4/4 1/6/4
f 10/9/5 7/12/5 1/10/5
f 9/12/6 12/9/6 16/13/6
f 14/15/6 16/13/6 12/9/6
f 3/10/6 9/12/6 15/14/6
f 3/10/6 15/14/6 13/24/6
f 14/15/6 12/9/6 6/11/6
f 3/10/6 13/24/6 14/15/6
f 2/16/3 5/22/3 14/17/3
f 5/19/4 11/23/4 16/20/4
f 8/16/1 15/18/1 16/17/1
f 2/19/2 13/21/2 15/20/2
f 2/24/6 8/14/6 11/13/6
f 22/25/1 29/25/1 25/25/1
f 29/25/2 43/25/2 38/25/2
f 43/25/3 35/25/3 32/25/3
f 35/25/4 22/25/4 21/25/4
f 38/25/5 32/25/5 21/25/5
f 2503/25/6 2504/25/6 2438/25/6
f 2504/25/6 2429/25/6 2427/25/6
f 2504/25/6 2427/25/6 2449/25/6
f 2500/25/6 2503/25/6 2438/25/6
f 2504/25/6 2449/25/6 2438/25/6
f 2499/25/6 2500/25/6 2439/25/6
f 2500/25/6 2438/25/6 2439/25/6
f 2502/25/6 2499/25/6 2440/25/6
f 2499/25/6 2439/25/6 2440/25/6
f 2501/25/6 2502/25/6 2437/25/6
f 2502/25/6 2440/25/6 2437/25/6
f 2505/25/6 2501/25/6 2441/25/6
f 2501/25/6 2437/25/6 2441/25/6
f 2506/25/6 2505/25/6 2496/25/6
f 2505/25/6 2441/25/6 2435/25/6
f 2508/25/6 2506/25/6 2490/25/6
f 2505/25/6 2435/25/6 2389/25/6
f 2397/25/6 2435/25/6 2436/25/6
f 2435/25/6 2397/25/6 2389/25/6
f 2393/25/6 2436/25/6 2434/25/6
f 2510/25/6 2508/25/6 2494/25/6
f 2436/25/6 2393/25/6 2397/25/6
f 2395/25/6 2434/25/6 2450/25/6
f 2434/25/6 2395/25/6 2393/25/6
f 2511/25/6 2510/25/6 2492/25/6
f 2395/25/6 2450/25/6 2394/25/6
f 2394/25/6 2450/25/6 2451/25/6
f 2398/25/6 2424/25/6 2399/25/6
f 2419/25/6 2420/25/6 2337/25/6
f 2420/25/6 2340/25/6 2338/25/6
f 2420/25/6 2338/25/6 2336/25/6
f 2416/25/6 2419/25/6 2337/25/6
f 2420/25/6 2336/25/6 2337/25/6
f 2415/25/6 2416/25/6 2335/25/6
f 2416/25/6 2337/25/6 2335/25/6
f 2418/25/6 2415/25/6 2339/25/6
f 2415/25/6 2335/25/6 2339/25/6
f 2417/25/6 2418/25/6 2333/25/6
f 2418/25/6 2339/25/6 2333/25/6
f 2421/25/6 2417/25/6 2334/25/6
f 2417/25/6 2333/25/6 2334/25/6
f 2422/25/6 2421/25/6 2390/25/6
f 2421/25/6 2334/25/6 2332/25/6
f 2424/25/6 2422/25/6 2399/25/6
f 2421/25/6 2332/25/6 2062/25/6
f 2062/25/6 2332/25/6 2061/25/6
f 2426/25/6 2424/25/6 2398/25/6
f 2421/25/6 2062/25/6 2390/25/6
f 2332/25/6 2348/25/6 2061/25/6
f 2451/25/6 2426/25/6 2396/25/6
f 2390/25/6 2062/25/6 2078/25/6
f 2348/25/6 2352/25/6 2068/25/6
f 2348/25/6 2068/25/6 2061/25/6
f 2352/25/6 2354/25/6 2066/25/6
f 2354/25/6 2362/25/6 2065/25/6
f 2354/25/6 2065/25/6 2066/25/6
f 2352/25/6 2066/25/6 2068/25/6
f 2399/25/6 2422/25/6 2390/25/6
f 2396/25/6 2426/25/6 2398/25/6
f 2513/25/6 2511/25/6 2491/25/6
f 2451/25/6 2396/25/6 2394/25/6
f 2512/25/6 2513/25/6 2493/25/6
f 2023/25/6 2021/25/6 2376/25/6
f 2021/25/6 2374/25/6 2376/25/6
f 2082/25/6 2023/25/6 2376/25/6
f 2082/25/6 2376/25/6 2380/25/6
f 2039/25/6 2082/25/6 2380/25/6
f 2039/25/6 2380/25/6 2383/25/6
f 2058/25/6 2039/25/6 2383/25/6
f 2058/25/6 2383/25/6 2386/25/6
f 2044/25/6 2058/25/6 2386/25/6
f 2044/25/6 2386/25/6 2387/25/6
f 2054/25/6 2044/25/6 2387/25/6
f 2054/25/6 2387/25/6 2388/25/6
f 2542/25/6 2532/25/6 2534/25/6
f 35/25/6 2544/25/6 2545/25/6
f 2545/25/6 2542/25/6 2529/25/6
f 2542/25/6 2534/25/6 2529/25/6
f 22/25/6 35/25/6 2545/25/6
f 2466/25/6 2378/25/6 2467/25/6
f 2378/25/6 2375/25/6 2467/25/6
f 2545/25/6 2529/25/6 2537/25/6
f 2545/25/6 2537/25/6 2525/25/6
f 2467/25/6 2375/25/6 2465/25/6
f 2375/25/6 2373/25/6 2465/25/6
f 2545/25/6 2525/25/6 2527/25/6
f 2545/25/6 2527/25/6 2536/25/6
f 2462/25/6 2465/25/6 2373/25/6
f 2463/25/6 2462/25/6 2373/25/6
f 2545/25/6 2536/25/6 2520/25/6
f 2545/25/6 2520/25/6 2522/25/6
f 2459/25/6 2463/25/6 2373/25/6
f 2460/25/6 2459/25/6 2373/25/6
f 22/25/6 2545/25/6 2540/25/6
f 2545/25/6 2522/25/6 2540/25/6
f 2460/25/6 2373/25/6 2458/25/6
f 2373/25/6 22/25/6 2458/25/6
f 22/25/6 2540/25/6 2539/25/6
f 22/25/6 2539/25/6 2478/25/6
f 2539/25/6 2519/25/6 2478/25/6
f 2457/25/6 2458/25/6 22/25/6
f 2461/25/6 2457/25/6 22/25/6
f 2519/25/6 2518/25/6 2482/25/6
f 2519/25/6 2482/25/6 2478/25/6
f 2518/25/6 2517/25/6 2483/25/6
f 2482/25/6 2518/25/6 2483/25/6
f 2464/25/6 2461/25/6 22/25/6
f 2468/25/6 2464/25/6 22/25/6
f 2517/25/6 2515/25/6 2487/25/6
f 2515/25/6 2516/25/6 2485/25/6
f 2469/25/6 2468/25/6 22/25/6
f 2470/25/6 2469/25/6 22/25/6
f 2483/25/6 2517/25/6 2487/25/6
f 2516/25/6 2514/25/6 2497/25/6
f 2471/25/6 2470/25/6 22/25/6
f 2472/25/6 2471/25/6 22/25/6
f 2078/25/6 2054/25/6 2392/25/6
f 2054/25/6 2388/25/6 2392/25/6
f 2078/25/6 2392/25/6 2390/25/6
f 2505/25/6 2389/25/6 2496/25/6
f 2490/25/6 2506/25/6 2496/25/6
f 2473/25/6 2472/25/6 22/25/6
f 2476/25/6 2473/25/6 22/25/6
f 2494/25/6 2508/25/6 2490/25/6
f 2480/25/6 2476/25/6 22/25/6
f 2478/25/6 2480/25/6 22/25/6
f 2510/25/6 2494/25/6 2492/25/6
f 2514/25/6 2512/25/6 2495/25/6
f 2389/25/6 2391/25/6 2496/25/6
f 2487/25/6 2515/25/6 2485/25/6
f 2485/25/6 2516/25/6 2497/25/6
f 2391/25/6 2400/25/6 2486/25/6
f 2391/25/6 2486/25/6 2496/25/6
f 2400/25/6 2384/25/6 2488/25/6
f 2486/25/6 2400/25/6 2488/25/6
f 2384/25/6 2385/25/6 2484/25/6
f 2489/25/6 2497/25/6 2514/25/6
f 2495/25/6 2489/25/6 2514/25/6
f 2379/25/6 2377/25/6 2475/25/6
f 2379/25/6 2475/25/6 2477/25/6
f 2381/25/6 2379/25/6 2477/25/6
f 2381/25/6 2477/25/6 2481/25/6
f 2382/25/6 2381/25/6 2481/25/6
f 2382/25/6 2481/25/6 2479/25/6
f 2493/25/6 2495/25/6 2512/25/6
f 2491/25/6 2493/25/6 2513/25/6
f 2385/25/6 2382/25/6 2479/25/6
f 2385/25/6 2479/25/6 2498/25/6
f 2492/25/6 2491/25/6 2511/25/6
f 2385/25/6 2498/25/6 2484/25/6
f 2590/25/6 2584/25/6 2349/25/6
f 2349/25/6 2345/25/6 2589/25/6
f 2604/25/6 2619/25/6 2547/25/6
f 2619/25/6 2550/25/6 2547/25/6
f 2606/25/6 2604/25/6 2548/25/6
f 2604/25/6 2547/25/6 2548/25/6
f 2599/25/6 2606/25/6 2546/25/6
f 2606/25/6 2548/25/6 2546/25/6
f 2600/25/6 2599/25/6 2549/25/6
f 2599/25/6 2546/25/6 2549/25/6
f 2596/25/6 2600/25/6 2551/25/6
f 2600/25/6 2549/25/6 2551/25/6
f 2597/25/6 2596/25/6 2552/25/6
f 2596/25/6 2551/25/6 2552/25/6
f 2598/25/6 2597/25/6 2554/25/6
f 2597/25/6 2552/25/6 2554/25/6
f 2605/25/6 2598/25/6 2543/25/6
f 2598/25/6 2554/25/6 2543/25/6
f 2554/25/6 2556/25/6 2543/25/6
f 2603/25/6 2605/25/6 2543/25/6
f 2556/25/6 2557/25/6 2543/25/6
f 2602/25/6 2603/25/6 2543/25/6
f 2445/25/6 2561/25/6 2448/25/6
f 2561/25/6 2445/25/6 2559/25/6
f 2557/25/6 2559/25/6 2543/25/6
f 2448/25/6 2561/25/6 2571/25/6
f 2601/25/6 2602/25/6 2543/25/6
f 2559/25/6 2445/25/6 2444/25/6
f 2448/25/6 2571/25/6 2572/25/6
f 2618/25/6 2601/25/6 2543/25/6
f 2442/25/6 2572/25/6 2579/25/6
f 2591/25/6 2589/25/6 2345/25/6
f 2591/25/6 2345/25/6 2594/25/6
f 2345/25/6 2347/25/6 2594/25/6
f 2594/25/6 2347/25/6 2593/25/6
f 2347/25/6 2344/25/6 2593/25/6
f 2593/25/6 2344/25/6 2587/25/6
f 2344/25/6 2346/25/6 2580/25/6
f 2587/25/6 2344/25/6 2580/25/6
f 2346/25/6 2341/25/6 2443/25/6
f 2580/25/6 2346/25/6 2443/25/6
f 2342/25/6 2343/25/6 2453/25/6
f 2343/25/6 2425/25/6 2452/25/6
f 2341/25/6 2342/25/6 2455/25/6
f 2443/25/6 2341/25/6 2455/25/6
f 2579/25/6 2580/25/6 2443/25/6
f 2343/25/6 2452/25/6 2454/25/6
f 2343/25/6 2454/25/6 2453/25/6
f 2579/25/6 2443/25/6 2442/25/6
f 2342/25/6 2453/25/6 2456/25/6
f 2572/25/6 2442/25/6 2448/25/6
f 2608/25/6 2618/25/6 2543/25/6
f 2342/25/6 2456/25/6 2455/25/6
f 2607/25/6 2608/25/6 2543/25/6
f 2611/25/6 2607/25/6 2543/25/6
f 2543/25/6 2559/25/6 2444/25/6
f 2610/25/6 2611/25/6 2543/25/6
f 2444/25/6 2447/25/6 2543/25/6
f 2447/25/6 2446/25/6 2543/25/6
f 2446/25/6 2431/25/6 2543/25/6
f 2609/25/6 2610/25/6 2541/25/6
f 2610/25/6 2543/25/6 2541/25/6
f 2431/25/6 2433/25/6 2543/25/6
f 2433/25/6 2430/25/6 2528/25/6
f 2543/25/6 2433/25/6 2528/25/6
f 2432/25/6 2428/25/6 2524/25/6
f 2428/25/6 2509/25/6 2521/25/6
f 2430/25/6 2432/25/6 2526/25/6
f 2428/25/6 2521/25/6 2538/25/6
f 2428/25/6 2538/25/6 2524/25/6
f 2432/25/6 2524/25/6 2523/25/6
f 2432/25/6 2523/25/6 2526/25/6
f 2526/25/6 2528/25/6 2430/25/6
f 2528/25/6 2530/25/6 2543/25/6
f 2530/25/6 2535/25/6 2543/25/6
f 2531/25/6 2532/25/6 2542/25/6
f 2531/25/6 2542/25/6 2533/25/6
f 2542/25/6 2543/25/6 2535/25/6
f 2533/25/6 2542/25/6 2535/25/6
f 2541/25/6 2544/25/6 35/25/6
f 2541/25/6 35/25/6 43/25/6
f 29/25/6 2015/25/6 2019/25/6
f 29/25/6 2019/25/6 2035/25/6
f 29/25/6 2035/25/6 2030/25/6
f 29/25/6 2030/25/6 2026/25/6
f 2617/25/6 2609/25/6 2541/25/6
f 2612/25/6 2617/25/6 2541/25/6
f 29/25/6 2026/25/6 2086/25/6
f 29/25/6 2086/25/6 2041/25/6
f 2613/25/6 2612/25/6 2541/25/6
f 2616/25/6 2613/25/6 2541/25/6
f 43/25/6 29/25/6 2350/25/6
f 29/25/6 2041/25/6 2351/25/6
f 2350/25/6 29/25/6 2351/25/6
f 2041/25/6 2060/25/6 2351/25/6
f 2614/25/6 2616/25/6 2541/25/6
f 2615/25/6 2614/25/6 2541/25/6
f 2060/25/6 2055/25/6 2356/25/6
f 2635/25/6 2615/25/6 2541/25/6
f 2633/25/6 2635/25/6 2541/25/6
f 2064/25/6 2067/25/6 2370/25/6
f 2067/25/6 2364/25/6 2370/25/6
f 2072/25/6 2064/25/6 2371/25/6
f 2064/25/6 2370/25/6 2371/25/6
f 2063/25/6 2072/25/6 2368/25/6
f 2072/25/6 2371/25/6 2368/25/6
f 2076/25/6 2063/25/6 2365/25/6
f 2063/25/6 2368/25/6 2365/25/6
f 2050/25/6 2076/25/6 2366/25/6
f 2076/25/6 2365/25/6 2366/25/6
f 2643/25/6 2633/25/6 2541/25/6
f 2637/25/6 2643/25/6 2541/25/6
f 2055/25/6 2050/25/6 2359/25/6
f 2050/25/6 2366/25/6 2359/25/6
f 2637/25/6 2541/25/6 2640/25/6
f 2541/25/6 43/25/6 2641/25/6
f 2640/25/6 2541/25/6 2639/25/6
f 2639/25/6 2541/25/6 2641/25/6
f 2055/25/6 2359/25/6 2355/25/6
f 2055/25/6 2355/25/6 2356/25/6
f 2356/25/6 2351/25/6 2060/25/6
f 2638/25/6 2641/25/6 43/25/6
f 2642/25/6 2638/25/6 43/25/6
f 43/25/6 2350/25/6 2358/25/6
f 2634/25/6 2642/25/6 43/25/6
f 2636/25/6 2634/25/6 43/25/6
f 43/25/6 2358/25/6 2565/25/6
f 2358/25/6 2357/25/6 2564/25/6
f 2358/25/6 2564/25/6 2565/25/6
f 2357/25/6 2360/25/6 2568/25/6
f 2564/25/6 2357/25/6 2563/25/6
f 2632/25/6 2636/25/6 43/25/6
f 2644/25/6 2632/25/6 43/25/6
f 2360/25/6 2367/25/6 2567/25/6
f 2563/25/6 2357/25/6 2568/25/6
f 2367/25/6 2369/25/6 2566/25/6
f 2628/25/6 2644/25/6 43/25/6
f 2629/25/6 2628/25/6 43/25/6
f 2353/25/6 2349/25/6 2584/25/6
f 2353/25/6 2584/25/6 2585/25/6
f 2361/25/6 2353/25/6 2585/25/6
f 2361/25/6 2585/25/6 2582/25/6
f 2363/25/6 2361/25/6 2582/25/6
f 2363/25/6 2582/25/6 2576/25/6
f 2372/25/6 2363/25/6 2577/25/6
f 2363/25/6 2576/25/6 2577/25/6
f 2630/25/6 2629/25/6 43/25/6
f 2626/25/6 2630/25/6 43/25/6
f 2369/25/6 2372/25/6 2574/25/6
f 2372/25/6 2577/25/6 2574/25/6
f 2627/25/6 2626/25/6 2581/25/6
f 2626/25/6 43/25/6 2588/25/6
f 2581/25/6 2626/25/6 2588/25/6
f 2631/25/6 2627/25/6 2573/25/6
f 2573/25/6 2627/25/6 2581/25/6
f 2369/25/6 2574/25/6 2566/25/6
f 2566/25/6 2567/25/6 2367/25/6
f 2624/25/6 2631/25/6 2562/25/6
f 2562/25/6 2631/25/6 2573/25/6
f 2625/25/6 2624/25/6 2560/25/6
f 2560/25/6 2624/25/6 2562/25/6
f 2567/25/6 2568/25/6 2360/25/6
f 2623/25/6 2625/25/6 2558/25/6
f 2558/25/6 2625/25/6 2560/25/6
f 2622/25/6 2623/25/6 2555/25/6
f 2555/25/6 2623/25/6 2558/25/6
f 2621/25/6 2622/25/6 2553/25/6
f 2553/25/6 2620/25/6 2621/25/6
f 2555/25/6 2553/25/6 2622/25/6
f 43/25/6 2565/25/6 2570/25/6
f 43/25/6 2570/25/6 2569/25/6
f 43/25/6 2569/25/6 2575/25/6
f 43/25/6 2575/25/6 2578/25/6
f 43/25/6 2578/25/6 2583/25/6
f 43/25/6 2583/25/6 2586/25/6
f 43/25/6 2586/25/6 2592/25/6
f 43/25/6 2592/25/6 2595/25/6
f 2550/25/6 2619/25/6 2620/25/6
f 2507/25/6 2509/25/6 2429/25/6
f 2509/25/6 2428/25/6 2429/25/6
f 2474/25/6 2475/25/6 2377/25/6
f 2377/25/6 2378/25/6 2466/25/6
f 2423/25/6 2425/25/6 2340/25/6
f 2425/25/6 2343/25/6 2340/25/6
f 2065/25/6 2362/25/6 2364/25/6
f 2402/25/6 2374/25/6 2027/25/6
f 2374/25/6 2021/25/6 2027/25/6
f 2404/25/6 2402/25/6 2027/25/6
f 2404/25/6 2027/25/6 2034/25/6
f 2406/25/6 2404/25/6 2018/25/6
f 2404/25/6 2034/25/6 2018/25/6
f 2408/25/6 2406/25/6 2018/25/6
f 2408/25/6 2018/25/6 2037/25/6
f 2409/25/6 2408/25/6 2037/25/6
f 2409/25/6 2037/25/6 2009/25/6
f 2411/25/6 2409/25/6 2009/25/6
f 2411/25/6 2009/25/6 2011/25/6
f 2412/25/6 2411/25/6 2011/25/6
f 2412/25/6 2011/25/6 2000/25/6
f 2414/25/6 2412/25/6 2000/25/6
f 2414/25/6 2000/25/6 2003/25/6
f 2413/25/6 2414/25/6 29/25/6
f 2414/25/6 2003/25/6 29/25/6
f 2003/25/6 1995/25/6 29/25/6
f 2014/25/6 2015/25/6 29/25/6
f 22/25/6 2373/25/6 2401/25/6
f 22/25/6 2401/25/6 2403/25/6
f 2012/25/6 2014/25/6 29/25/6
f 2013/25/6 2012/25/6 29/25/6
f 22/25/6 2403/25/6 2405/25/6
f 22/25/6 2405/25/6 2407/25/6
f 2007/25/6 2013/25/6 29/25/6
f 1995/25/6 2007/25/6 29/25/6
f 22/25/6 2407/25/6 2410/25/6
f 22/25/6 2410/25/6 2413/25/6
f 122/25/7 200/25/7 194/25/7
f 1986/25/9 218/25/9 200/25/9
f 154/25/10 224/25/10 218/25/10
f 228/25/11 224/25/11 154/25/11
f 180/25/12 230/25/12 228/25/12
f 187/25/13 232/25/13 230/25/13
f 234/25/14 232/25/14 187/25/14
f 98/25/15 194/25/15 2041/25/15
f 1994/25/16 242/25/16 234/25/16
f 224/25/17 282/25/17 280/25/17
f 228/25/18 283/25/18 282/25/18
f 230/25/19 291/25/19 283/25/19
f 232/25/20 295/25/20 291/25/20
f 234/25/21 314/25/21 295/25/21
f 2041/25/22 194/25/22 258/25/22
f 242/25/23 337/25/23 314/25/23
f 200/25/24 270/25/24 258/25/24
f 218/25/26 280/25/26 270/25/26
f 364/25/27 362/25/27 295/25/27
f 2060/25/28 258/25/28 343/25/28
f 365/25/29 364/25/29 314/25/29
f 347/25/30 343/25/30 258/25/30
f 352/25/32 347/25/32 270/25/32
f 356/25/33 352/25/33 280/25/33
f 283/25/34 358/25/34 356/25/34
f 360/25/35 358/25/35 283/25/35
f 295/25/36 362/25/36 360/25/36
f 399/25/37 388/25/37 352/25/37
f 405/25/38 399/25/38 356/25/38
f 360/25/39 417/25/39 405/25/39
f 362/25/40 430/25/40 417/25/40
f 364/25/418 447/25/418 430/25/418
f 2055/25/42 343/25/42 370/25/42
f 453/25/43 447/25/43 364/25/43
f 347/25/44 373/25/44 370/25/44
f 352/25/46 388/25/46 373/25/46
f 481/25/47 479/25/47 417/25/47
f 487/25/48 481/25/48 430/25/48
f 370/25/49 466/25/49 2076/25/49
f 500/25/50 487/25/50 447/25/50
f 470/25/51 466/25/51 370/25/51
f 474/25/53 470/25/53 373/25/53
f 476/25/54 474/25/54 388/25/54
f 477/25/55 476/25/55 399/25/55
f 479/25/56 477/25/56 405/25/56
f 474/25/57 526/25/57 511/25/57
f 532/25/58 526/25/58 474/25/58
f 535/25/59 532/25/59 476/25/59
f 539/25/60 535/25/60 477/25/60
f 481/25/61 553/25/61 539/25/61
f 562/25/62 553/25/62 481/25/62
f 503/25/63 2063/25/63 2076/25/63
f 567/25/64 562/25/64 487/25/64
f 511/25/65 503/25/65 466/25/65
f 623/25/67 615/25/67 539/25/67
f 628/25/68 623/25/68 553/25/68
f 503/25/69 571/25/69 2072/25/69
f 567/25/70 636/25/70 628/25/70
f 589/25/3710 571/25/3710 503/25/3710
f 599/25/73 589/25/73 511/25/73
f 603/25/74 599/25/74 526/25/74
f 612/25/75 603/25/75 532/25/75
f 615/25/76 612/25/76 535/25/76
f 599/25/78 646/25/78 645/25/78
f 603/25/79 648/25/79 646/25/79
f 650/25/80 648/25/80 603/25/80
f 660/25/81 650/25/81 612/25/81
f 623/25/82 676/25/82 660/25/82
f 628/25/83 685/25/83 676/25/83
f 642/25/84 2064/25/84 2072/25/84
f 636/25/85 705/25/85 685/25/85
f 645/25/86 642/25/86 571/25/86
f 660/25/87 732/25/87 729/25/87
f 676/25/88 733/25/88 732/25/88
f 739/25/89 733/25/89 676/25/89
f 711/25/90 2067/25/90 2064/25/90
f 754/25/91 739/25/91 685/25/91
f 718/25/92 711/25/92 642/25/92
f 646/25/94 727/25/94 718/25/94
f 648/25/95 728/25/95 727/25/95
f 650/25/96 729/25/96 728/25/96
f 754/25/97 817/25/97 813/25/97
f 764/25/98 757/25/98 711/25/98
f 727/25/100 769/25/100 764/25/100
f 772/25/101 769/25/101 727/25/101
f 779/25/102 772/25/102 728/25/102
f 786/25/408 779/25/408 729/25/408
f 733/25/104 810/25/104 786/25/104
f 739/25/105 813/25/105 810/25/105
f 757/25/106 2065/25/106 2067/25/106
f 779/25/107 858/25/107 853/25/107
f 786/25/3711 870/25/3711 858/25/3711
f 874/25/109 870/25/109 786/25/109
f 891/25/110 874/25/110 810/25/110
f 757/25/111 825/25/111 2066/25/111
f 817/25/112 895/25/112 891/25/112
f 833/25/113 825/25/113 757/25/113
f 769/25/115 845/25/115 833/25/115
f 772/25/116 853/25/116 845/25/116
f 825/25/117 896/25/117 2068/25/117
f 895/25/118 932/25/118 922/25/118
f 897/25/119 896/25/119 825/25/119
f 845/25/121 898/25/121 897/25/121
f 853/25/122 899/25/122 898/25/122
f 900/25/123 899/25/123 853/25/123
f 903/25/124 900/25/124 858/25/124
f 874/25/125 910/25/125 903/25/125
f 891/25/126 922/25/126 910/25/126
f 900/25/127 987/25/127 981/25/127
f 903/25/128 994/25/128 987/25/128
f 1003/25/129 994/25/129 903/25/129
f 1008/25/130 1003/25/130 910/25/130
f 896/25/131 947/25/131 2061/25/131
f 932/25/132 1012/25/132 1008/25/132
f 959/25/133 947/25/133 896/25/133
f 969/25/135 959/25/135 897/25/135
f 981/25/136 969/25/136 898/25/136
f 1066/25/137 1041/25/137 1003/25/137
f 947/25/138 1013/25/138 2062/25/138
f 1012/25/139 1068/25/139 1066/25/139
f 1014/25/419 1013/25/419 947/25/419
f 1015/25/142 1014/25/142 959/25/142
f 1019/25/143 1015/25/143 969/25/143
f 1023/25/144 1019/25/144 981/25/144
f 1027/25/145 1023/25/145 987/25/145
f 1003/25/146 1041/25/146 1027/25/146
f 1096/25/147 1091/25/147 1015/25/147
f 1023/25/148 1100/25/148 1096/25/148
f 1123/25/149 1100/25/149 1023/25/149
f 1041/25/150 1127/25/150 1123/25/150
f 1139/25/151 1127/25/151 1041/25/151
f 1078/25/152 2078/25/152 2062/25/152
f 1068/25/153 1141/25/153 1139/25/153
f 1082/25/154 1078/25/154 1013/25/154
f 1015/25/156 1091/25/156 1082/25/156
f 1139/25/157 1178/25/157 1175/25/157
f 1078/25/158 1145/25/158 2054/25/158
f 1185/25/159 1178/25/159 1139/25/159
f 1148/25/160 1145/25/160 1078/25/160
f 1151/25/162 1148/25/162 1082/25/162
f 1096/25/163 1153/25/163 1151/25/163
f 1161/25/164 1153/25/164 1096/25/164
f 1167/25/165 1161/25/165 1100/25/165
f 1175/25/166 1167/25/166 1123/25/166
f 1153/25/167 1229/25/167 1210/25/167
f 1243/25/168 1229/25/168 1153/25/168
f 1254/25/169 1243/25/169 1161/25/169
f 1256/25/170 1254/25/170 1167/25/170
f 1257/25/409 1256/25/409 1175/25/409
f 1190/25/172 2044/25/172 2054/25/172
f 1185/25/173 1258/25/173 1257/25/173
f 1148/25/174 1203/25/174 1190/25/174
f 1210/25/176 1203/25/176 1148/25/176
f 1277/25/177 1272/25/177 1254/25/177
f 1257/25/178 1283/25/178 1277/25/178
f 1190/25/179 1259/25/179 2058/25/179
f 1287/25/180 1283/25/180 1257/25/180
f 1260/25/181 1259/25/181 1190/25/181
f 1261/25/183 1260/25/183 1203/25/183
f 1262/25/184 1261/25/184 1210/25/184
f 1264/25/185 1262/25/185 1229/25/185
f 1254/25/186 1272/25/186 1264/25/186
f 1261/25/188 1310/25/188 1306/25/188
f 1262/25/189 1316/25/189 1310/25/189
f 1320/25/190 1316/25/190 1262/25/190
f 1272/25/191 1328/25/191 1320/25/191
f 1333/25/192 1328/25/192 1272/25/192
f 1337/25/193 1333/25/193 1277/25/193
f 1295/25/194 2039/25/194 2058/25/194
f 1341/25/195 1337/25/195 1283/25/195
f 1306/25/196 1295/25/196 1259/25/196
f 1369/25/197 1363/25/197 1320/25/197
f 1333/25/198 1373/25/198 1369/25/198
f 1374/25/199 1373/25/199 1333/25/199
f 1343/25/200 2082/25/200 2039/25/200
f 1341/25/201 1375/25/201 1374/25/201
f 1346/25/202 1343/25/202 1295/25/202
f 1353/25/204 1346/25/204 1306/25/204
f 1361/25/205 1353/25/205 1310/25/205
f 1320/25/206 1363/25/206 1361/25/206
f 1381/25/207 1378/25/207 1343/25/207
f 1353/25/209 1384/25/209 1381/25/209
f 1387/25/210 1384/25/210 1353/25/210
f 1363/25/211 1396/25/211 1387/25/211
f 1369/25/212 1407/25/212 1396/25/212
f 1373/25/213 1418/25/213 1407/25/213
f 1425/25/214 1418/25/214 1373/25/214
f 1343/25/215 1378/25/215 2023/25/215
f 1375/25/216 1428/25/216 1425/25/216
f 1451/25/217 1447/25/217 1396/25/217
f 1452/25/218 1451/25/218 1407/25/218
f 1454/25/219 1452/25/219 1418/25/219
f 2021/25/220 2023/25/220 1378/25/220
f 1378/25/220 1431/25/220 2021/25/220
f 1428/25/221 1457/25/221 1454/25/221
f 1433/25/222 1431/25/222 1378/25/222
f 1437/25/224 1433/25/224 1381/25/224
f 1441/25/225 1437/25/225 1384/25/225
f 1396/25/226 1447/25/226 1441/25/226
f 1457/25/227 1509/25/227 1506/25/227
f 1460/25/228 1459/25/228 1431/25/228
f 1475/25/230 1460/25/230 1433/25/230
f 1485/25/231 1475/25/231 1437/25/231
f 1447/25/232 1487/25/232 1485/25/232
f 1451/25/233 1497/25/233 1487/25/233
f 1502/25/234 1497/25/234 1451/25/234
f 1506/25/235 1502/25/235 1452/25/235
f 1431/25/236 1459/25/236 2034/25/236
f 1536/25/237 1529/25/237 1485/25/237
f 1497/25/238 1540/25/238 1536/25/238
f 1542/25/239 1540/25/239 1497/25/239
f 1506/25/420 1543/25/420 1542/25/420
f 1510/25/241 2018/25/241 2034/25/241
f 1545/25/242 1543/25/242 1506/25/242
f 1514/25/410 1510/25/410 1459/25/410
f 1523/25/245 1514/25/245 1460/25/245
f 1485/25/246 1529/25/246 1523/25/246
f 1510/25/247 1550/25/247 2037/25/247
f 1545/25/248 1592/25/248 1588/25/248
f 1551/25/249 1550/25/249 1510/25/249
f 1558/25/251 1551/25/251 1514/25/251
f 1529/25/252 1563/25/252 1558/25/252
f 1536/25/253 1568/25/253 1563/25/253
f 1540/25/254 1572/25/254 1568/25/254
f 1542/25/255 1584/25/255 1572/25/255
f 1543/25/256 1588/25/256 1584/25/256
f 1617/25/257 1616/25/257 1563/25/257
f 1572/25/258 1618/25/258 1617/25/258
f 1619/25/259 1618/25/259 1572/25/259
f 1588/25/260 1620/25/260 1619/25/260
f 1550/25/261 1605/25/261 2009/25/261
f 1592/25/262 1621/25/262 1620/25/262
f 1609/25/263 1605/25/263 1550/25/263
f 1558/25/265 1614/25/265 1609/25/265
f 1563/25/266 1616/25/266 1614/25/266
f 1651/25/267 1649/25/267 1619/25/267
f 1605/25/268 1622/25/268 2011/25/268
f 1654/25/269 1651/25/269 1620/25/269
f 1623/25/3712 1622/25/3712 1605/25/3712
f 1624/25/272 1623/25/272 1609/25/272
f 1616/25/273 1627/25/273 1624/25/273
f 1639/25/274 1627/25/274 1616/25/274
f 1618/25/275 1645/25/275 1639/25/275
f 1619/25/276 1649/25/276 1645/25/276
f 1670/25/277 1667/25/277 1624/25/277
f 1672/25/278 1670/25/278 1627/25/278
f 1674/25/279 1672/25/279 1639/25/279
f 1676/25/280 1674/25/280 1645/25/280
f 1678/25/281 1676/25/281 1649/25/281
f 1622/25/3713 1657/25/3713 2000/25/3713
f 1654/25/283 1680/25/283 1678/25/283
f 1623/25/284 1662/25/284 1657/25/284
f 1667/25/286 1662/25/286 1623/25/286
f 1702/25/287 1700/25/287 1674/25/287
f 1678/25/288 1705/25/288 1702/25/288
f 1657/25/289 1684/25/289 2003/25/289
f 1708/25/290 1705/25/290 1678/25/290
f 1662/25/291 1687/25/291 1684/25/291
f 1691/25/293 1687/25/293 1662/25/293
f 1694/25/294 1691/25/294 1667/25/294
f 1696/25/295 1694/25/295 1670/25/295
f 1674/25/296 1700/25/296 1696/25/296
f 1728/25/297 1721/25/297 1687/25/297
f 1694/25/3714 1732/25/3714 1728/25/3714
f 1734/25/299 1732/25/299 1694/25/299
f 1735/25/300 1734/25/300 1696/25/300
f 1736/25/301 1735/25/301 1700/25/301
f 1737/25/302 1736/25/302 1702/25/302
f 1684/25/303 1712/25/303 1995/25/303
f 1708/25/304 1738/25/304 1737/25/304
f 1687/25/305 1721/25/305 1712/25/305
f 1736/25/307 1757/25/307 1753/25/307
f 1737/25/308 1762/25/308 1757/25/308
f 1712/25/309 1740/25/309 2007/25/309
f 1767/25/310 1762/25/310 1737/25/310
f 1743/25/311 1740/25/311 1712/25/311
f 1744/25/313 1743/25/313 1721/25/313
f 1747/25/412 1744/25/412 1728/25/412
f 1734/25/315 1749/25/315 1747/25/315
f 1735/25/316 1753/25/316 1749/25/316
f 1784/25/318 1779/25/318 1743/25/318
f 1785/25/319 1784/25/319 1744/25/319
f 1787/25/320 1785/25/320 1747/25/320
f 1789/25/321 1787/25/321 1749/25/321
f 1791/25/322 1789/25/322 1753/25/322
f 1793/25/323 1791/25/323 1757/25/323
f 1740/25/324 1773/25/324 2013/25/324
f 1767/25/325 1797/25/325 1793/25/325
f 1743/25/326 1779/25/326 1773/25/326
f 1789/25/327 1815/25/327 1813/25/327
f 1791/25/328 1817/25/328 1815/25/328
f 1793/25/329 1820/25/329 1817/25/329
f 1773/25/414 1798/25/414 2012/25/414
f 1821/25/331 1820/25/331 1793/25/331
f 1804/25/332 1798/25/332 1773/25/332
f 1807/25/334 1804/25/334 1779/25/334
f 1785/25/335 1811/25/335 1807/25/335
f 1813/25/336 1811/25/336 1785/25/336
f 1829/25/3715 1827/25/3715 1798/25/3715
f 1807/25/339 1838/25/339 1829/25/339
f 1811/25/340 1842/25/340 1838/25/340
f 1846/25/341 1842/25/341 1811/25/341
f 1851/25/342 1846/25/342 1813/25/342
f 1856/25/343 1851/25/343 1815/25/343
f 1859/25/344 1856/25/344 1817/25/344
f 1798/25/345 1827/25/345 2014/25/345
f 1821/25/346 1860/25/346 1859/25/346
f 1851/25/347 1870/25/347 1869/25/347
f 1856/25/348 1871/25/348 1870/25/348
f 1859/25/349 1873/25/349 1871/25/349
f 2014/25/350 1827/25/350 1862/25/350
f 1876/25/351 1873/25/351 1859/25/351
f 1829/25/352 1864/25/352 1862/25/352
f 1838/25/354 1866/25/354 1864/25/354
f 1842/25/355 1868/25/355 1866/25/355
f 1869/25/356 1868/25/356 1842/25/356
f 1913/25/357 1911/25/357 1873/25/357
f 1864/25/358 1894/25/358 1882/25/358
f 1899/25/360 1894/25/360 1864/25/360
f 1868/25/361 1901/25/361 1899/25/361
f 1903/25/362 1901/25/362 1868/25/362
f 1870/25/363 1905/25/363 1903/25/363
f 1906/25/364 1905/25/364 1870/25/364
f 1911/25/365 1906/25/365 1871/25/365
f 1882/25/366 2019/25/366 2015/25/366
f 1927/25/367 1926/25/367 1901/25/367
f 1905/25/368 1930/25/368 1927/25/368
f 1932/25/369 1930/25/369 1905/25/369
f 1933/25/416 1932/25/416 1906/25/416
f 1882/25/371 1914/25/371 2035/25/371
f 1913/25/372 1936/25/372 1933/25/372
f 1894/25/373 1920/25/373 1914/25/373
f 1922/25/375 1920/25/375 1894/25/375
f 1926/25/376 1922/25/376 1899/25/376
f 1970/25/377 1965/25/377 1932/25/377
f 1943/25/417 2030/25/417 2035/25/417
f 1936/25/379 1974/25/379 1970/25/379
f 1920/25/380 1947/25/380 1943/25/380
f 1951/25/382 1947/25/382 1920/25/382
f 1926/25/383 1954/25/383 1951/25/383
f 1955/25/384 1954/25/384 1926/25/384
f 1962/25/385 1955/25/385 1927/25/385
f 1965/25/386 1962/25/386 1930/25/386
f 1954/25/387 1979/25/387 1978/25/387
f 1980/25/388 1979/25/388 1954/25/388
f 1981/25/389 1980/25/389 1955/25/389
f 1982/25/390 1981/25/390 1962/25/390
f 1983/25/391 1982/25/391 1965/25/391
f 1976/25/392 2026/25/392 2030/25/392
f 1984/25/393 1983/25/393 1970/25/393
f 1947/25/394 1977/25/394 1976/25/394
f 1978/25/396 1977/25/396 1947/25/396
f 1983/25/397 1987/25/397 187/25/397
f 98/25/398 2086/25/398 2026/25/398
f 1994/25/399 1987/25/399 1983/25/399
f 1977/25/400 122/25/400 98/25/400
f 1978/25/402 1986/25/402 122/25/402
f 1979/25/427 154/25/427 1986/25/427
f 1980/25/404 162/25/404 154/25/404
f 1981/25/405 180/25/405 162/25/405
f 1982/25/406 187/25/406 180/25/406
f 276/25/7 250/25/7 79/25/7
f 2329/25/9 279/25/9 276/25/9
f 139/25/10 281/25/10 279/25/10
f 285/25/11 281/25/11 139/25/11
f 286/25/12 285/25/12 144/25/12
f 172/25/13 307/25/13 286/25/13
f 2330/25/14 309/25/14 307/25/14
f 79/25/15 250/25/15 2358/25/15
f 2331/25/16 325/25/16 309/25/16
f 281/25/17 408/25/17 403/25/17
f 285/25/18 421/25/18 408/25/18
f 286/25/19 442/25/19 421/25/19
f 449/25/20 442/25/20 286/25/20
f 309/25/21 454/25/21 449/25/21
f 2358/25/22 250/25/22 382/25/22
f 325/25/23 461/25/23 454/25/23
f 276/25/24 392/25/24 382/25/24
f 279/25/26 403/25/26 392/25/26
f 584/25/27 564/25/27 449/25/27
f 382/25/28 520/25/28 2360/25/28
f 595/25/29 584/25/29 454/25/29
f 530/25/30 520/25/30 382/25/30
f 403/25/32 533/25/32 530/25/32
f 408/25/33 537/25/33 533/25/33
f 546/25/34 537/25/34 408/25/34
f 560/25/35 546/25/35 421/25/35
f 564/25/36 560/25/36 442/25/36
f 537/25/37 671/25/37 651/25/37
f 691/25/38 671/25/38 537/25/38
f 560/25/39 700/25/39 691/25/39
f 564/25/40 714/25/40 700/25/40
f 584/25/41 723/25/41 714/25/41
f 2360/25/42 520/25/42 647/25/42
f 595/25/43 726/25/43 723/25/43
f 649/25/44 647/25/44 520/25/44
f 533/25/46 651/25/46 649/25/46
f 834/25/47 826/25/47 700/25/47
f 723/25/48 840/25/48 834/25/48
f 647/25/49 782/25/49 2369/25/49
f 847/25/50 840/25/50 723/25/50
f 798/25/51 782/25/51 647/25/51
f 651/25/53 809/25/53 798/25/53
f 815/25/54 809/25/54 651/25/54
f 819/25/55 815/25/55 671/25/55
f 826/25/56 819/25/56 691/25/56
f 929/25/57 919/25/57 798/25/57
f 942/25/58 929/25/58 809/25/58
f 955/25/59 942/25/59 815/25/59
f 966/25/60 955/25/60 819/25/60
f 834/25/61 978/25/61 966/25/61
f 982/25/62 978/25/62 834/25/62
f 782/25/63 901/25/63 2372/25/63
f 847/25/64 984/25/64 982/25/64
f 919/25/65 901/25/65 782/25/65
f 1094/25/67 1090/25/67 966/25/67
f 1098/25/68 1094/25/68 978/25/68
f 901/25/69 1048/25/69 2363/25/69
f 984/25/70 1109/25/70 1098/25/70
f 1057/25/71 1048/25/71 901/25/71
f 929/25/73 1071/25/73 1057/25/73
f 1074/25/74 1071/25/74 929/25/74
f 1086/25/75 1074/25/75 942/25/75
f 1090/25/76 1086/25/76 955/25/76
f 1071/25/78 1188/25/78 1182/25/78
f 1199/25/79 1188/25/79 1071/25/79
f 1207/25/80 1199/25/80 1074/25/80
f 1219/25/81 1207/25/81 1086/25/81
f 1094/25/82 1233/25/82 1219/25/82
f 1249/25/83 1233/25/83 1094/25/83
f 1048/25/84 1180/25/84 2361/25/84
f 1109/25/85 1255/25/85 1249/25/85
f 1182/25/86 1180/25/86 1048/25/86
f 1318/25/87 1314/25/87 1207/25/87
f 1233/25/88 1323/25/88 1318/25/88
f 1249/25/89 1329/25/89 1323/25/89
f 1290/25/90 2353/25/90 2361/25/90
f 1340/25/91 1329/25/91 1249/25/91
f 1292/25/92 1290/25/92 1180/25/92
f 1188/25/94 1300/25/94 1292/25/94
f 1312/25/95 1300/25/95 1188/25/95
f 1314/25/96 1312/25/96 1199/25/96
f 1340/25/97 1429/25/97 1427/25/97
f 1380/25/98 1376/25/98 1290/25/98
f 1300/25/100 1386/25/100 1380/25/100
f 1394/25/101 1386/25/101 1300/25/101
f 1314/25/102 1403/25/102 1394/25/102
f 1416/25/408 1403/25/408 1314/25/408
f 1323/25/104 1422/25/104 1416/25/104
f 1427/25/105 1422/25/105 1323/25/105
f 1376/25/106 2349/25/106 2353/25/106
f 1403/25/107 1500/25/107 1494/25/107
f 1504/25/108 1500/25/108 1403/25/108
f 1507/25/109 1504/25/109 1416/25/109
f 1427/25/110 1508/25/110 1507/25/110
f 1376/25/111 1466/25/111 2345/25/111
f 1429/25/112 1512/25/112 1508/25/112
f 1470/25/113 1466/25/113 1376/25/113
f 1386/25/115 1481/25/115 1470/25/115
f 1494/25/116 1481/25/116 1386/25/116
f 1466/25/117 1555/25/117 2347/25/117
f 1613/25/118 1603/25/118 1508/25/118
f 1565/25/119 1555/25/119 1466/25/119
f 1567/25/121 1565/25/121 1470/25/121
f 1571/25/122 1567/25/122 1481/25/122
f 1580/25/123 1571/25/123 1494/25/123
f 1504/25/124 1591/25/124 1580/25/124
f 1596/25/125 1591/25/125 1504/25/125
f 1603/25/126 1596/25/126 1507/25/126
f 1652/25/127 1648/25/127 1571/25/127
f 1653/25/128 1652/25/128 1580/25/128
f 1659/25/129 1653/25/129 1591/25/129
f 1661/25/130 1659/25/130 1596/25/130
f 1555/25/131 1630/25/131 2344/25/131
f 1664/25/132 1661/25/132 1603/25/132
f 1634/25/133 1630/25/133 1555/25/133
f 1643/25/135 1634/25/135 1565/25/135
f 1648/25/136 1643/25/136 1567/25/136
f 1661/25/137 1724/25/137 1719/25/137
f 1698/25/138 2346/25/138 2344/25/138
f 1664/25/139 1730/25/139 1724/25/139
f 1701/25/140 1698/25/140 1630/25/140
f 1703/25/142 1701/25/142 1634/25/142
f 1704/25/143 1703/25/143 1643/25/143
f 1652/25/144 1706/25/144 1704/25/144
f 1653/25/145 1709/25/145 1706/25/145
f 1719/25/146 1709/25/146 1653/25/146
f 1704/25/147 1771/25/147 1763/25/147
f 1777/25/148 1771/25/148 1704/25/148
f 1709/25/149 1780/25/149 1777/25/149
f 1782/25/150 1780/25/150 1709/25/150
f 1786/25/151 1782/25/151 1719/25/151
f 1698/25/152 1755/25/152 2341/25/152
f 1788/25/153 1786/25/153 1724/25/153
f 1760/25/154 1755/25/154 1698/25/154
f 1703/25/156 1763/25/156 1760/25/156
f 1786/25/157 1844/25/157 1841/25/157
f 1755/25/158 1818/25/158 2342/25/158
f 1849/25/159 1844/25/159 1786/25/159
f 1819/25/160 1818/25/160 1755/25/160
f 1822/25/162 1819/25/162 1760/25/162
f 1771/25/163 1824/25/163 1822/25/163
f 1830/25/164 1824/25/164 1771/25/164
f 1780/25/165 1833/25/165 1830/25/165
f 1841/25/166 1833/25/166 1780/25/166
f 1890/25/167 1884/25/167 1822/25/167
f 1897/25/168 1890/25/168 1824/25/168
f 1900/25/169 1897/25/169 1830/25/169
f 1902/25/170 1900/25/170 1833/25/170
f 1904/25/409 1902/25/409 1841/25/409
f 1818/25/172 1872/25/172 2343/25/172
f 1908/25/173 1904/25/173 1844/25/173
f 1879/25/174 1872/25/174 1818/25/174
f 1884/25/176 1879/25/176 1819/25/176
f 1963/25/177 1959/25/177 1900/25/177
f 1968/25/178 1963/25/178 1902/25/178
f 1872/25/179 1940/25/179 2340/25/179
f 1972/25/180 1968/25/180 1904/25/180
f 1879/25/181 1945/25/181 1940/25/181
f 1948/25/183 1945/25/183 1879/25/183
f 1952/25/184 1948/25/184 1884/25/184
f 1897/25/185 1953/25/185 1952/25/185
f 1959/25/186 1953/25/186 1897/25/186
f 1991/25/188 1989/25/188 1945/25/188
f 1952/25/189 1998/25/189 1991/25/189
f 2001/25/190 1998/25/190 1952/25/190
f 2005/25/191 2001/25/191 1953/25/191
f 1963/25/192 2006/25/192 2005/25/192
f 2008/25/193 2006/25/193 1963/25/193
f 1940/25/194 1985/25/194 2338/25/194
f 2010/25/195 2008/25/195 1968/25/195
f 1945/25/196 1989/25/196 1985/25/196
f 2042/25/197 2040/25/197 2001/25/197
f 2046/25/198 2042/25/198 2005/25/198
f 2008/25/199 2048/25/199 2046/25/199
f 1985/25/200 2032/25/200 2336/25/200
f 2052/25/201 2048/25/201 2008/25/201
f 2033/25/202 2032/25/202 1985/25/202
f 2036/25/204 2033/25/204 1989/25/204
f 2038/25/205 2036/25/205 1991/25/205
f 2001/25/206 2040/25/206 2038/25/206
f 2070/25/207 2069/25/207 2032/25/207
f 2073/25/209 2070/25/209 2033/25/209
f 2038/25/210 2079/25/210 2073/25/210
f 2040/25/211 2083/25/211 2079/25/211
f 2087/25/212 2083/25/212 2040/25/212
f 2089/25/213 2087/25/213 2042/25/213
f 2090/25/214 2089/25/214 2046/25/214
f 2032/25/215 2069/25/215 2337/25/215
f 2052/25/216 2091/25/216 2090/25/216
f 2097/25/217 2096/25/217 2083/25/217
f 2098/25/218 2097/25/218 2087/25/218
f 2090/25/219 2100/25/219 2098/25/219
f 2069/25/220 2092/25/220 2335/25/220
f 2091/25/221 2102/25/221 2100/25/221
f 2093/25/222 2092/25/222 2069/25/222
f 2094/25/224 2093/25/224 2070/25/224
f 2095/25/225 2094/25/225 2073/25/225
f 2083/25/226 2096/25/226 2095/25/226
f 2118/25/227 2117/25/227 2100/25/227
f 2106/25/228 2104/25/228 2092/25/228
f 2094/25/230 2108/25/230 2106/25/230
f 2110/25/231 2108/25/231 2094/25/231
f 2111/25/232 2110/25/232 2095/25/232
f 2113/25/233 2111/25/233 2096/25/233
f 2098/25/234 2116/25/234 2113/25/234
f 2117/25/235 2116/25/235 2098/25/235
f 2092/25/236 2104/25/236 2339/25/236
f 2123/25/237 2122/25/237 2110/25/237
f 2124/25/238 2123/25/238 2111/25/238
f 2125/25/239 2124/25/239 2113/25/239
f 2117/25/240 2126/25/240 2125/25/240
f 2104/25/241 2119/25/241 2333/25/241
f 2127/25/242 2126/25/242 2117/25/242
f 2120/25/410 2119/25/410 2104/25/410
f 2121/25/245 2120/25/245 2106/25/245
f 2110/25/246 2122/25/246 2121/25/246
f 2130/25/247 2334/25/247 2333/25/247
f 2145/25/248 2143/25/248 2126/25/248
f 2132/25/249 2130/25/249 2119/25/249
f 2134/25/251 2132/25/251 2120/25/251
f 2135/25/252 2134/25/252 2121/25/252
f 2137/25/253 2135/25/253 2122/25/253
f 2124/25/254 2140/25/254 2137/25/254
f 2141/25/255 2140/25/255 2124/25/255
f 2143/25/256 2141/25/256 2125/25/256
f 2150/25/257 2149/25/257 2135/25/257
f 2140/25/258 2151/25/258 2150/25/258
f 2152/25/259 2151/25/259 2140/25/259
f 2143/25/260 2153/25/260 2152/25/260
f 2130/25/261 2146/25/261 2332/25/261
f 2145/25/262 2154/25/262 2153/25/262
f 2147/25/263 2146/25/263 2130/25/263
f 2148/25/265 2147/25/265 2132/25/265
f 2149/25/266 2148/25/266 2134/25/266
f 2169/25/267 2167/25/267 2152/25/267
f 2146/25/268 2156/25/268 2348/25/268
f 2171/25/269 2169/25/269 2153/25/269
f 2158/25/270 2156/25/270 2146/25/270
f 2160/25/272 2158/25/272 2147/25/272
f 2149/25/273 2162/25/273 2160/25/273
f 2164/25/274 2162/25/274 2149/25/274
f 2151/25/275 2166/25/275 2164/25/275
f 2152/25/276 2167/25/276 2166/25/276
f 2162/25/277 2176/25/277 2175/25/277
f 2164/25/278 2177/25/278 2176/25/278
f 2178/25/279 2177/25/279 2164/25/279
f 2167/25/280 2179/25/280 2178/25/280
f 2180/25/281 2179/25/281 2167/25/281
f 2156/25/282 2173/25/282 2352/25/282
f 2181/25/283 2180/25/283 2169/25/283
f 2158/25/284 2174/25/284 2173/25/284
f 2175/25/286 2174/25/286 2158/25/286
f 2193/25/287 2191/25/287 2178/25/287
f 2195/25/288 2193/25/288 2179/25/288
f 2173/25/289 2182/25/289 2354/25/289
f 2181/25/290 2197/25/290 2195/25/290
f 2184/25/291 2182/25/291 2173/25/291
f 2186/25/293 2184/25/293 2174/25/293
f 2176/25/294 2187/25/294 2186/25/294
f 2189/25/295 2187/25/295 2176/25/295
f 2191/25/296 2189/25/296 2177/25/296
f 2202/25/297 2201/25/297 2184/25/297
f 2187/25/298 2203/25/298 2202/25/298
f 2204/25/299 2203/25/299 2187/25/299
f 2191/25/300 2205/25/300 2204/25/300
f 2193/25/301 2206/25/301 2205/25/301
f 2195/25/302 2207/25/302 2206/25/302
f 2182/25/303 2199/25/303 2362/25/303
f 2208/25/304 2207/25/304 2195/25/304
f 2201/25/305 2199/25/305 2182/25/305
f 2219/25/307 2217/25/307 2205/25/307
f 2207/25/308 2222/25/308 2219/25/308
f 2364/25/309 2362/25/309 2199/25/309
f 2199/25/309 2209/25/309 2364/25/309
f 2208/25/310 2224/25/310 2222/25/310
f 2210/25/311 2209/25/311 2199/25/311
f 2211/25/313 2210/25/313 2201/25/313
f 2213/25/412 2211/25/412 2202/25/412
f 2204/25/3716 2215/25/3716 2213/25/3716
f 2217/25/316 2215/25/316 2204/25/316
f 2211/25/318 2229/25/318 2228/25/318
f 2213/25/319 2230/25/319 2229/25/319
f 2231/25/320 2230/25/320 2213/25/320
f 2232/25/321 2231/25/321 2215/25/321
f 2233/25/322 2232/25/322 2217/25/322
f 2234/25/323 2233/25/323 2219/25/323
f 2209/25/324 2226/25/324 2371/25/324
f 2235/25/325 2234/25/325 2222/25/325
f 2228/25/326 2226/25/326 2209/25/326
f 2232/25/327 2243/25/327 2242/25/327
f 2233/25/328 2245/25/328 2243/25/328
f 2234/25/329 2247/25/329 2245/25/329
f 2226/25/414 2236/25/414 2368/25/414
f 2249/25/331 2247/25/331 2234/25/331
f 2237/25/332 2236/25/332 2226/25/332
f 2238/25/334 2237/25/334 2228/25/334
f 2230/25/335 2239/25/335 2238/25/335
f 2242/25/336 2239/25/336 2230/25/336
f 2237/25/3715 2253/25/3715 2251/25/3715
f 2256/25/339 2253/25/339 2237/25/339
f 2239/25/340 2257/25/340 2256/25/340
f 2258/25/341 2257/25/341 2239/25/341
f 2259/25/342 2258/25/342 2242/25/342
f 2260/25/343 2259/25/343 2243/25/343
f 2247/25/344 2261/25/344 2260/25/344
f 2236/25/345 2251/25/345 2365/25/345
f 2262/25/346 2261/25/346 2247/25/346
f 2259/25/347 2270/25/347 2268/25/347
f 2271/25/348 2270/25/348 2259/25/348
f 2261/25/349 2273/25/349 2271/25/349
f 2251/25/350 2263/25/350 2366/25/350
f 2275/25/351 2273/25/351 2261/25/351
f 2253/25/352 2264/25/352 2263/25/352
f 2265/25/354 2264/25/354 2253/25/354
f 2257/25/355 2266/25/355 2265/25/355
f 2258/25/356 2268/25/356 2266/25/356
f 2289/25/357 2288/25/357 2273/25/357
f 2264/25/358 2280/25/358 2278/25/358
f 2282/25/360 2280/25/360 2264/25/360
f 2266/25/361 2284/25/361 2282/25/361
f 2285/25/362 2284/25/362 2266/25/362
f 2286/25/363 2285/25/363 2268/25/363
f 2287/25/364 2286/25/364 2270/25/364
f 2273/25/365 2288/25/365 2287/25/365
f 2263/25/366 2278/25/366 2359/25/366
f 2285/25/367 2294/25/367 2293/25/367
f 2286/25/368 2296/25/368 2294/25/368
f 2297/25/369 2296/25/369 2286/25/369
f 2288/25/416 2299/25/416 2297/25/416
f 2278/25/371 2290/25/371 2355/25/371
f 2301/25/372 2299/25/372 2288/25/372
f 2280/25/373 2291/25/373 2290/25/373
f 2292/25/375 2291/25/375 2280/25/375
f 2284/25/376 2293/25/376 2292/25/376
f 2299/25/377 2315/25/377 2314/25/377
f 2290/25/417 2303/25/417 2356/25/417
f 2316/25/379 2315/25/379 2299/25/379
f 2306/25/380 2303/25/380 2290/25/380
f 2292/25/382 2308/25/382 2306/25/382
f 2309/25/383 2308/25/383 2292/25/383
f 2312/25/384 2309/25/384 2293/25/384
f 2313/25/385 2312/25/385 2294/25/385
f 2314/25/386 2313/25/386 2296/25/386
f 2309/25/387 2323/25/387 2321/25/387
f 2324/25/388 2323/25/388 2309/25/388
f 2325/25/389 2324/25/389 2312/25/389
f 2326/25/390 2325/25/390 2313/25/390
f 2327/25/391 2326/25/391 2314/25/391
f 2303/25/392 2317/25/392 2351/25/392
f 2316/25/393 2328/25/393 2327/25/393
f 2306/25/394 2319/25/394 2317/25/394
f 2308/25/396 2321/25/396 2319/25/396
f 2327/25/397 2330/25/397 172/25/397
f 2317/25/398 79/25/398 2350/25/398
f 2331/25/399 2330/25/399 2327/25/399
f 2319/25/400 109/25/400 79/25/400
f 2321/25/402 2329/25/402 109/25/402
f 2323/25/427 139/25/427 2329/25/427
f 2324/25/404 144/25/404 139/25/404
f 2325/25/405 158/25/405 144/25/405
f 2326/25/406 172/25/406 158/25/406
f 241/25/13 237/25/13 124/25/13
f 2320/25/14 253/25/14 241/25/14
f 61/25/15 213/25/15 2383/25/15
f 2322/25/16 263/25/16 253/25/16
f 222/25/7 213/25/7 61/25/7
f 2318/25/9 226/25/9 222/25/9
f 229/25/10 226/25/10 2318/25/10
f 231/25/11 229/25/11 95/25/11
f 124/25/12 237/25/12 231/25/12
f 354/25/23 349/25/23 253/25/23
f 303/25/24 299/25/24 213/25/24
f 226/25/26 313/25/26 303/25/26
f 318/25/17 313/25/17 226/25/17
f 323/25/18 318/25/18 229/25/18
f 237/25/19 334/25/19 323/25/19
f 341/25/20 334/25/20 237/25/20
f 349/25/21 341/25/21 241/25/21
f 2383/25/22 213/25/22 299/25/22
f 412/25/34 407/25/34 318/25/34
f 334/25/35 419/25/35 412/25/35
f 425/25/36 419/25/36 334/25/36
f 349/25/27 436/25/27 425/25/27
f 2386/25/28 299/25/28 396/25/28
f 440/25/29 436/25/29 349/25/29
f 397/25/30 396/25/30 299/25/30
f 401/25/32 397/25/32 303/25/32
f 407/25/33 401/25/33 313/25/33
f 396/25/42 478/25/42 2388/25/42
f 531/25/43 528/25/43 436/25/43
f 480/25/44 478/25/44 396/25/44
f 401/25/46 482/25/46 480/25/46
f 407/25/37 488/25/37 482/25/37
f 412/25/38 506/25/38 488/25/38
f 419/25/39 517/25/39 506/25/39
f 524/25/40 517/25/40 419/25/40
f 528/25/41 524/25/41 425/25/41
f 506/25/55 594/25/55 592/25/55
f 517/25/56 601/25/56 594/25/56
f 605/25/47 601/25/47 517/25/47
f 528/25/48 606/25/48 605/25/48
f 478/25/49 566/25/49 2392/25/49
f 531/25/50 616/25/50 606/25/50
f 480/25/51 581/25/51 566/25/51
f 482/25/53 587/25/53 581/25/53
f 592/25/54 587/25/54 482/25/54
f 704/25/62 698/25/62 605/25/62
f 566/25/63 652/25/63 2390/25/63
f 708/25/64 704/25/64 606/25/64
f 655/25/65 652/25/65 566/25/65
f 587/25/57 665/25/57 655/25/57
f 673/25/58 665/25/58 587/25/58
f 594/25/59 680/25/59 673/25/59
f 695/25/60 680/25/60 594/25/60
f 698/25/61 695/25/61 601/25/61
f 673/25/74 771/25/74 766/25/74
f 680/25/75 775/25/75 771/25/75
f 776/25/76 775/25/76 680/25/76
f 781/25/67 776/25/67 695/25/67
f 704/25/68 784/25/68 781/25/68
f 652/25/69 741/25/69 2399/25/69
f 708/25/70 790/25/70 784/25/70
f 761/25/3710 741/25/3710 652/25/3710
f 766/25/73 761/25/73 655/25/73
f 893/25/83 878/25/83 781/25/83
f 741/25/84 838/25/84 2398/25/84
f 790/25/85 894/25/85 893/25/85
f 843/25/86 838/25/86 741/25/86
f 846/25/78 843/25/78 761/25/78
f 848/25/79 846/25/79 766/25/79
f 860/25/80 848/25/80 771/25/80
f 864/25/81 860/25/81 775/25/81
f 878/25/82 864/25/82 776/25/82
f 848/25/95 950/25/95 939/25/95
f 953/25/96 950/25/96 848/25/96
f 864/25/87 956/25/87 953/25/87
f 962/25/88 956/25/88 864/25/88
f 972/25/89 962/25/89 878/25/89
f 838/25/90 928/25/90 2396/25/90
f 975/25/91 972/25/91 893/25/91
f 936/25/92 928/25/92 838/25/92
f 939/25/94 936/25/94 843/25/94
f 962/25/104 1062/25/104 1050/25/104
f 972/25/105 1063/25/105 1062/25/105
f 928/25/106 1017/25/106 2394/25/106
f 1067/25/97 1063/25/97 972/25/97
f 1021/25/98 1017/25/98 928/25/98
f 1025/25/100 1021/25/100 936/25/100
f 1030/25/101 1025/25/101 939/25/101
f 1038/25/102 1030/25/102 950/25/102
f 1050/25/408 1038/25/408 953/25/408
f 1118/25/115 1117/25/115 1021/25/115
f 1030/25/116 1133/25/116 1118/25/116
f 1038/25/107 1137/25/107 1133/25/107
f 1142/25/108 1137/25/108 1038/25/108
f 1146/25/109 1142/25/109 1050/25/109
f 1147/25/110 1146/25/110 1062/25/110
f 1017/25/111 1104/25/111 2395/25/111
f 1067/25/112 1149/25/112 1147/25/112
f 1117/25/113 1104/25/113 1017/25/113
f 1227/25/124 1221/25/124 1137/25/124
f 1146/25/125 1231/25/125 1227/25/125
f 1240/25/126 1231/25/126 1146/25/126
f 1104/25/117 1193/25/117 2393/25/117
f 1149/25/118 1252/25/118 1240/25/118
f 1201/25/119 1193/25/119 1104/25/119
f 1205/25/121 1201/25/121 1117/25/121
f 1213/25/122 1205/25/122 1118/25/122
f 1221/25/123 1213/25/123 1133/25/123
f 1201/25/133 1275/25/133 1266/25/133
f 1205/25/135 1285/25/135 1275/25/135
f 1288/25/136 1285/25/136 1205/25/136
f 1291/25/127 1288/25/127 1213/25/127
f 1227/25/128 1294/25/128 1291/25/128
f 1297/25/129 1294/25/129 1227/25/129
f 1302/25/130 1297/25/130 1231/25/130
f 1193/25/131 1266/25/131 2397/25/131
f 1303/25/132 1302/25/132 1240/25/132
f 1294/25/145 1350/25/145 1345/25/145
f 1357/25/146 1350/25/146 1294/25/146
f 1302/25/137 1368/25/137 1357/25/137
f 1336/25/138 2389/25/138 2397/25/138
f 1371/25/139 1368/25/139 1302/25/139
f 1275/25/140 1339/25/140 1336/25/140
f 1342/25/142 1339/25/142 1275/25/142
f 1288/25/143 1344/25/143 1342/25/143
f 1345/25/144 1344/25/144 1288/25/144
f 1371/25/153 1426/25/153 1424/25/153
f 1399/25/154 1389/25/154 1336/25/154
f 1401/25/156 1399/25/156 1339/25/156
f 1404/25/147 1401/25/147 1342/25/147
f 1412/25/148 1404/25/148 1344/25/148
f 1420/25/149 1412/25/149 1345/25/149
f 1423/25/150 1420/25/150 1350/25/150
f 1424/25/151 1423/25/151 1357/25/151
f 1389/25/152 2391/25/152 2389/25/152
f 1468/25/164 1464/25/164 1404/25/164
f 1420/25/165 1471/25/165 1468/25/165
f 1423/25/166 1480/25/166 1471/25/166
f 1484/25/157 1480/25/157 1423/25/157
f 1389/25/158 1456/25/158 2400/25/158
f 1492/25/159 1484/25/159 1424/25/159
f 1399/25/160 1458/25/160 1456/25/160
f 1462/25/162 1458/25/162 1399/25/162
f 1464/25/163 1462/25/163 1401/25/163
f 1511/25/172 2384/25/172 2400/25/172
f 1547/25/173 1544/25/173 1484/25/173
f 1516/25/174 1511/25/174 1456/25/174
f 1519/25/176 1516/25/176 1458/25/176
f 1464/25/167 1534/25/167 1519/25/167
f 1538/25/168 1534/25/168 1464/25/168
f 1471/25/169 1539/25/169 1538/25/169
f 1541/25/170 1539/25/170 1471/25/170
f 1544/25/409 1541/25/409 1480/25/409
f 1593/25/185 1590/25/185 1534/25/185
f 1539/25/186 1594/25/186 1593/25/186
f 1601/25/177 1594/25/177 1539/25/177
f 1544/25/178 1606/25/178 1601/25/178
f 1578/25/179 2385/25/179 2384/25/179
f 1547/25/180 1611/25/180 1606/25/180
f 1582/25/181 1578/25/181 1511/25/181
f 1585/25/183 1582/25/183 1516/25/183
f 1534/25/184 1590/25/184 1585/25/184
f 1647/25/193 1646/25/193 1601/25/193
f 1625/25/194 2382/25/194 2385/25/194
f 1611/25/195 1650/25/195 1647/25/195
f 1629/25/196 1625/25/196 1578/25/196
f 1632/25/188 1629/25/188 1582/25/188
f 1637/25/189 1632/25/189 1585/25/189
f 1593/25/190 1640/25/190 1637/25/190
f 1644/25/191 1640/25/191 1593/25/191
f 1646/25/192 1644/25/192 1594/25/192
f 1677/25/205 1675/25/205 1632/25/205
f 1640/25/206 1679/25/206 1677/25/206
f 1681/25/197 1679/25/197 1640/25/197
f 1682/25/198 1681/25/198 1644/25/198
f 1689/25/199 1682/25/199 1646/25/199
f 1625/25/200 1669/25/200 2381/25/200
f 1693/25/201 1689/25/201 1647/25/201
f 1673/25/202 1669/25/202 1625/25/202
f 1632/25/204 1675/25/204 1673/25/204
f 1729/25/213 1727/25/213 1681/25/213
f 1731/25/214 1729/25/214 1682/25/214
f 1669/25/215 1707/25/215 2379/25/215
f 1733/25/216 1731/25/216 1689/25/216
f 1711/25/207 1707/25/207 1669/25/207
f 1714/25/209 1711/25/209 1673/25/209
f 1677/25/210 1717/25/210 1714/25/210
f 1722/25/211 1717/25/211 1677/25/211
f 1727/25/212 1722/25/212 1679/25/212
f 1758/25/224 1756/25/224 1711/25/224
f 1759/25/225 1758/25/225 1714/25/225
f 1722/25/226 1761/25/226 1759/25/226
f 1764/25/217 1761/25/217 1722/25/217
f 1765/25/218 1764/25/218 1727/25/218
f 1768/25/219 1765/25/219 1729/25/219
f 1707/25/220 1750/25/220 2377/25/220
f 1775/25/221 1768/25/221 1731/25/221
f 1756/25/222 1750/25/222 1707/25/222
f 1765/25/234 1812/25/234 1808/25/234
f 1814/25/235 1812/25/235 1765/25/235
f 1750/25/236 1790/25/236 2378/25/236
f 1775/25/227 1816/25/227 1814/25/227
f 1792/25/228 1790/25/228 1750/25/228
f 1795/25/230 1792/25/230 1756/25/230
f 1759/25/231 1801/25/231 1795/25/231
f 1761/25/232 1803/25/232 1801/25/232
f 1764/25/233 1808/25/233 1803/25/233
f 1840/25/245 1837/25/245 1792/25/245
f 1801/25/246 1843/25/246 1840/25/246
f 1845/25/237 1843/25/237 1801/25/237
f 1808/25/238 1847/25/238 1845/25/238
f 1812/25/239 1848/25/239 1847/25/239
f 1852/25/240 1848/25/240 1812/25/240
f 1790/25/241 1834/25/241 2375/25/241
f 1854/25/242 1852/25/242 1814/25/242
f 1837/25/410 1834/25/410 1790/25/410
f 1847/25/254 1888/25/254 1886/25/254
f 1848/25/255 1892/25/255 1888/25/255
f 1852/25/256 1896/25/256 1892/25/256
f 2373/25/247 2375/25/247 1834/25/247
f 1834/25/247 1874/25/247 2373/25/247
f 1898/25/248 1896/25/248 1852/25/248
f 1837/25/249 1875/25/249 1874/25/249
f 1877/25/251 1875/25/251 1837/25/251
f 1843/25/252 1880/25/252 1877/25/252
f 1886/25/253 1880/25/253 1843/25/253
f 1918/25/263 1916/25/263 1874/25/263
f 1924/25/265 1918/25/265 1875/25/265
f 1880/25/266 1925/25/266 1924/25/266
f 1928/25/257 1925/25/257 1880/25/257
f 1888/25/258 1929/25/258 1928/25/258
f 1931/25/259 1929/25/259 1888/25/259
f 1896/25/260 1934/25/260 1931/25/260
f 1874/25/261 1916/25/261 2403/25/261
f 1898/25/262 1939/25/262 1934/25/262
f 1969/25/275 1967/25/275 1928/25/275
f 1931/25/276 1971/25/276 1969/25/276
f 1934/25/267 1973/25/267 1971/25/267
f 1916/25/268 1957/25/268 2405/25/268
f 1975/25/269 1973/25/269 1934/25/269
f 1961/25/3712 1957/25/3712 1916/25/3712
f 1964/25/272 1961/25/272 1918/25/272
f 1925/25/273 1966/25/273 1964/25/273
f 1967/25/274 1966/25/274 1925/25/274
f 1975/25/283 2004/25/283 2002/25/283
f 1961/25/284 1990/25/284 1988/25/284
f 1992/25/286 1990/25/286 1961/25/286
f 1993/25/277 1992/25/277 1964/25/277
f 1996/25/278 1993/25/278 1966/25/278
f 1997/25/279 1996/25/279 1967/25/279
f 1999/25/280 1997/25/280 1969/25/280
f 2002/25/281 1999/25/281 1971/25/281
f 1957/25/3713 1988/25/3713 2407/25/3713
f 2024/25/295 2022/25/295 1993/25/295
f 2025/25/296 2024/25/296 1996/25/296
f 2028/25/287 2025/25/287 1997/25/287
f 2029/25/288 2028/25/288 1999/25/288
f 1988/25/289 2016/25/289 2410/25/289
f 2031/25/290 2029/25/290 2002/25/290
f 1990/25/291 2017/25/291 2016/25/291
f 1992/25/293 2020/25/293 2017/25/293
f 2022/25/294 2020/25/294 1992/25/294
f 2057/25/302 2056/25/302 2028/25/302
f 2016/25/303 2043/25/303 2413/25/303
f 2031/25/304 2059/25/304 2057/25/304
f 2045/25/305 2043/25/305 2016/25/305
f 2047/25/297 2045/25/297 2017/25/297
f 2022/25/3714 2049/25/3714 2047/25/3714
f 2024/25/299 2051/25/299 2049/25/299
f 2053/25/300 2051/25/300 2024/25/300
f 2056/25/301 2053/25/301 2025/25/301
f 2077/25/412 2075/25/412 2047/25/412
f 2080/25/315 2077/25/315 2049/25/315
f 2053/25/316 2081/25/316 2080/25/316
f 2056/25/307 2084/25/307 2081/25/307
f 2057/25/308 2085/25/308 2084/25/308
f 2043/25/309 2071/25/309 2414/25/309
f 2088/25/310 2085/25/310 2057/25/310
f 2045/25/311 2074/25/311 2071/25/311
f 2075/25/313 2074/25/313 2045/25/313
f 2085/25/323 2114/25/323 2112/25/323
f 2071/25/324 2099/25/324 2412/25/324
f 2088/25/325 2115/25/325 2114/25/325
f 2101/25/326 2099/25/326 2071/25/326
f 2103/25/318 2101/25/318 2074/25/318
f 2077/25/319 2105/25/319 2103/25/319
f 2107/25/320 2105/25/320 2077/25/320
f 2109/25/321 2107/25/321 2080/25/321
f 2112/25/322 2109/25/322 2081/25/322
f 2133/25/335 2131/25/335 2103/25/335
f 2136/25/336 2133/25/336 2105/25/336
f 2109/25/327 2138/25/327 2136/25/327
f 2139/25/328 2138/25/328 2109/25/328
f 2142/25/329 2139/25/329 2112/25/329
f 2099/25/414 2128/25/414 2411/25/414
f 2115/25/331 2144/25/331 2142/25/331
f 2129/25/332 2128/25/332 2099/25/332
f 2131/25/334 2129/25/334 2101/25/334
f 2168/25/343 2165/25/343 2138/25/343
f 2170/25/344 2168/25/344 2139/25/344
f 2128/25/345 2155/25/345 2409/25/345
f 2172/25/346 2170/25/346 2142/25/346
f 2157/25/3715 2155/25/3715 2128/25/3715
f 2131/25/339 2159/25/339 2157/25/339
f 2161/25/340 2159/25/340 2131/25/340
f 2136/25/341 2163/25/341 2161/25/341
f 2165/25/342 2163/25/342 2136/25/342
f 2188/25/354 2185/25/354 2157/25/354
f 2161/25/355 2190/25/355 2188/25/355
f 2192/25/356 2190/25/356 2161/25/356
f 2194/25/347 2192/25/347 2163/25/347
f 2168/25/348 2196/25/348 2194/25/348
f 2170/25/349 2198/25/349 2196/25/349
f 2409/25/350 2155/25/350 2183/25/350
f 2172/25/351 2200/25/351 2198/25/351
f 2157/25/352 2185/25/352 2183/25/352
f 2223/25/364 2221/25/364 2194/25/364
f 2198/25/365 2225/25/365 2223/25/365
f 2183/25/366 2212/25/366 2406/25/366
f 2227/25/357 2225/25/357 2198/25/357
f 2185/25/358 2214/25/358 2212/25/358
f 2216/25/360 2214/25/360 2185/25/360
f 2218/25/361 2216/25/361 2188/25/361
f 2220/25/362 2218/25/362 2190/25/362
f 2194/25/363 2221/25/363 2220/25/363
f 2244/25/375 2241/25/375 2214/25/375
f 2218/25/376 2246/25/376 2244/25/376
f 2248/25/367 2246/25/367 2218/25/367
f 2221/25/368 2250/25/368 2248/25/368
f 2252/25/369 2250/25/369 2221/25/369
f 2254/25/416 2252/25/416 2223/25/416
f 2212/25/371 2240/25/371 2404/25/371
f 2255/25/372 2254/25/372 2225/25/372
f 2214/25/373 2241/25/373 2240/25/373
f 2277/25/385 2276/25/385 2248/25/385
f 2279/25/386 2277/25/386 2250/25/386
f 2254/25/377 2281/25/377 2279/25/377
f 2240/25/417 2267/25/417 2402/25/417
f 2255/25/379 2283/25/379 2281/25/379
f 2241/25/380 2269/25/380 2267/25/380
f 2272/25/382 2269/25/382 2241/25/382
f 2274/25/383 2272/25/383 2244/25/383
f 2248/25/384 2276/25/384 2274/25/384
f 2311/25/393 2310/25/393 2281/25/393
f 2269/25/394 2298/25/394 2295/25/394
f 2300/25/396 2298/25/396 2269/25/396
f 2274/25/387 2302/25/387 2300/25/387
f 2304/25/388 2302/25/388 2274/25/388
f 2305/25/389 2304/25/389 2276/25/389
f 2307/25/390 2305/25/390 2277/25/390
f 2310/25/391 2307/25/391 2279/25/391
f 2374/25/3717 2402/25/3717 2267/25/3717
f 2267/25/392 2295/25/392 2374/25/392
f 2304/25/404 118/25/404 95/25/404
f 2305/25/405 124/25/405 118/25/405
f 2307/25/406 133/25/406 124/25/406
f 2310/25/397 2320/25/397 133/25/397
f 2295/25/398 61/25/398 2380/25/398
f 2311/25/399 2322/25/399 2320/25/399
f 2298/25/400 91/25/400 61/25/400
f 2300/25/402 2318/25/402 91/25/402
f 2302/25/427 95/25/427 2318/25/427
f 193/25/11 189/25/11 83/25/11
f 196/25/12 193/25/12 88/25/12
f 102/25/13 199/25/13 196/25/13
f 1958/25/14 205/25/14 199/25/14
f 2425/25/15 2423/25/15 56/25/15
f 56/25/15 169/25/15 2425/25/15
f 1960/25/16 214/25/16 205/25/16
f 181/25/7 169/25/7 56/25/7
f 1956/25/9 184/25/9 181/25/9
f 83/25/10 189/25/10 184/25/10
f 272/25/20 267/25/20 196/25/20
f 274/25/21 272/25/21 199/25/21
f 169/25/22 238/25/22 2454/25/22
f 214/25/23 278/25/23 274/25/23
f 246/25/24 238/25/24 169/25/24
f 184/25/26 252/25/26 246/25/26
f 256/25/17 252/25/17 184/25/17
f 259/25/18 256/25/18 189/25/18
f 267/25/19 259/25/19 193/25/19
f 312/25/32 311/25/32 246/25/32
f 256/25/33 315/25/33 312/25/33
f 317/25/34 315/25/34 256/25/34
f 321/25/35 317/25/35 259/25/35
f 326/25/36 321/25/36 267/25/36
f 331/25/27 326/25/27 272/25/27
f 238/25/28 306/25/28 2453/25/28
f 278/25/29 339/25/29 331/25/29
f 311/25/30 306/25/30 238/25/30
f 321/25/39 391/25/39 381/25/39
f 394/25/40 391/25/40 321/25/40
f 331/25/41 395/25/41 394/25/41
f 306/25/42 363/25/42 2456/25/42
f 398/25/43 395/25/43 331/25/43
f 366/25/44 363/25/44 306/25/44
f 367/25/46 366/25/46 311/25/46
f 374/25/37 367/25/37 312/25/37
f 381/25/38 374/25/38 315/25/38
f 427/25/51 423/25/51 363/25/51
f 435/25/53 427/25/53 366/25/53
f 439/25/54 435/25/54 367/25/54
f 444/25/55 439/25/55 374/25/55
f 446/25/56 444/25/56 381/25/56
f 448/25/47 446/25/47 391/25/47
f 395/25/48 451/25/48 448/25/48
f 363/25/49 423/25/49 2455/25/49
f 459/25/50 451/25/50 395/25/50
f 508/25/60 505/25/60 444/25/60
f 513/25/61 508/25/61 446/25/61
f 451/25/62 519/25/62 513/25/62
f 423/25/63 483/25/63 2443/25/63
f 522/25/64 519/25/64 451/25/64
f 485/25/65 483/25/65 423/25/65
f 491/25/57 485/25/57 427/25/57
f 439/25/58 494/25/58 491/25/58
f 505/25/59 494/25/59 439/25/59
f 577/25/70 573/25/70 519/25/70
f 555/25/71 544/25/71 483/25/71
f 559/25/73 555/25/73 485/25/73
f 561/25/74 559/25/74 491/25/74
f 563/25/75 561/25/75 494/25/75
f 508/25/76 565/25/76 563/25/76
f 568/25/67 565/25/67 508/25/67
f 573/25/68 568/25/68 513/25/68
f 483/25/69 544/25/69 2442/25/69
f 620/25/80 618/25/80 561/25/80
f 625/25/81 620/25/81 563/25/81
f 568/25/82 632/25/82 625/25/82
f 573/25/83 643/25/83 632/25/83
f 544/25/84 608/25/84 2448/25/84
f 644/25/85 643/25/85 573/25/85
f 611/25/86 608/25/86 544/25/86
f 614/25/78 611/25/78 555/25/78
f 618/25/79 614/25/79 559/25/79
f 608/25/90 667/25/90 2445/25/90
f 644/25/91 702/25/91 696/25/91
f 674/25/92 667/25/92 608/25/92
f 614/25/94 679/25/94 674/25/94
f 683/25/95 679/25/95 614/25/95
f 620/25/96 687/25/96 683/25/96
f 689/25/87 687/25/87 620/25/87
f 693/25/88 689/25/88 625/25/88
f 696/25/89 693/25/89 632/25/89
f 745/25/102 735/25/102 683/25/102
f 748/25/408 745/25/408 687/25/408
f 755/25/104 748/25/104 689/25/104
f 759/25/105 755/25/105 693/25/105
f 667/25/106 730/25/106 2444/25/106
f 763/25/97 759/25/97 696/25/97
f 731/25/98 730/25/98 667/25/98
f 679/25/100 734/25/100 731/25/100
f 735/25/101 734/25/101 679/25/101
f 759/25/110 816/25/110 814/25/110
f 730/25/111 789/25/111 2447/25/111
f 763/25/112 818/25/112 816/25/112
f 794/25/113 789/25/113 730/25/113
f 802/25/115 794/25/115 731/25/115
f 804/25/116 802/25/116 734/25/116
f 811/25/107 804/25/107 735/25/107
f 812/25/108 811/25/108 745/25/108
f 814/25/109 812/25/109 748/25/109
f 863/25/122 857/25/122 802/25/122
f 867/25/123 863/25/123 804/25/123
f 871/25/124 867/25/124 811/25/124
f 877/25/125 871/25/125 812/25/125
f 882/25/126 877/25/126 814/25/126
f 789/25/117 851/25/117 2446/25/117
f 888/25/118 882/25/118 816/25/118
f 855/25/119 851/25/119 789/25/119
f 857/25/121 855/25/121 794/25/121
f 935/25/129 931/25/129 871/25/129
f 941/25/130 935/25/130 877/25/130
f 851/25/131 906/25/131 2431/25/131
f 888/25/132 945/25/132 941/25/132
f 915/25/133 906/25/133 851/25/133
f 924/25/135 915/25/135 855/25/135
f 926/25/136 924/25/136 857/25/136
f 930/25/127 926/25/127 863/25/127
f 871/25/128 931/25/128 930/25/128
f 980/25/142 979/25/142 915/25/142
f 983/25/143 980/25/143 924/25/143
f 985/25/144 983/25/144 926/25/144
f 991/25/145 985/25/145 930/25/145
f 998/25/146 991/25/146 931/25/146
f 941/25/137 1006/25/137 998/25/137
f 906/25/138 977/25/138 2433/25/138
f 1010/25/139 1006/25/139 941/25/139
f 915/25/140 979/25/140 977/25/140
f 1061/25/150 1059/25/150 991/25/150
f 1064/25/151 1061/25/151 998/25/151
f 977/25/152 1033/25/152 2430/25/152
f 1065/25/153 1064/25/153 1006/25/153
f 1035/25/154 1033/25/154 977/25/154
f 1040/25/156 1035/25/156 979/25/156
f 983/25/147 1043/25/147 1040/25/147
f 1054/25/148 1043/25/148 983/25/148
f 991/25/149 1059/25/149 1054/25/149
f 1099/25/162 1097/25/162 1035/25/162
f 1103/25/163 1099/25/163 1040/25/163
f 1106/25/164 1103/25/164 1043/25/164
f 1059/25/165 1110/25/165 1106/25/165
f 1121/25/166 1110/25/166 1059/25/166
f 1125/25/157 1121/25/157 1061/25/157
f 1033/25/158 1095/25/158 2432/25/158
f 1065/25/159 1130/25/159 1125/25/159
f 1035/25/160 1097/25/160 1095/25/160
f 1179/25/169 1176/25/169 1106/25/169
f 1181/25/170 1179/25/170 1110/25/170
f 1183/25/409 1181/25/409 1121/25/409
f 1095/25/172 1150/25/172 2428/25/172
f 1187/25/173 1183/25/173 1125/25/173
f 1155/25/174 1150/25/174 1095/25/174
f 1099/25/176 1162/25/176 1155/25/176
f 1103/25/167 1172/25/167 1162/25/167
f 1176/25/168 1172/25/168 1103/25/168
f 1222/25/181 1216/25/181 1150/25/181
f 1225/25/183 1222/25/183 1155/25/183
f 1230/25/184 1225/25/184 1162/25/184
f 1176/25/185 1232/25/185 1230/25/185
f 1237/25/186 1232/25/186 1176/25/186
f 1242/25/177 1237/25/177 1179/25/177
f 1246/25/178 1242/25/178 1181/25/178
f 1150/25/179 1216/25/179 2429/25/179
f 1187/25/180 1247/25/180 1246/25/180
f 1282/25/191 1279/25/191 1232/25/191
f 1284/25/192 1282/25/192 1237/25/192
f 1286/25/193 1284/25/193 1242/25/193
f 1216/25/194 1263/25/194 2427/25/194
f 1289/25/195 1286/25/195 1246/25/195
f 1268/25/196 1263/25/196 1216/25/196
f 1269/25/188 1268/25/188 1222/25/188
f 1273/25/189 1269/25/189 1225/25/189
f 1279/25/190 1273/25/190 1230/25/190
f 1331/25/201 1326/25/201 1286/25/201
f 1311/25/202 1307/25/202 1263/25/202
f 1313/25/204 1311/25/204 1268/25/204
f 1273/25/205 1315/25/205 1313/25/205
f 1317/25/206 1315/25/206 1273/25/206
f 1282/25/197 1319/25/197 1317/25/197
f 1322/25/198 1319/25/198 1282/25/198
f 1286/25/199 1326/25/199 1322/25/199
f 1307/25/200 2449/25/200 2427/25/200
f 1359/25/211 1355/25/211 1315/25/211
f 1365/25/212 1359/25/212 1317/25/212
f 1367/25/213 1365/25/213 1319/25/213
f 1326/25/214 1370/25/214 1367/25/214
f 1307/25/215 1347/25/215 2438/25/215
f 1372/25/216 1370/25/216 1326/25/216
f 1348/25/207 1347/25/207 1307/25/207
f 1351/25/209 1348/25/209 1311/25/209
f 1355/25/210 1351/25/210 1313/25/210
f 1409/25/219 1406/25/219 1367/25/219
f 1347/25/220 1392/25/220 2439/25/220
f 1372/25/221 1414/25/221 1409/25/221
f 1395/25/222 1392/25/222 1347/25/222
f 1397/25/224 1395/25/224 1348/25/224
f 1355/25/225 1398/25/225 1397/25/225
f 1359/25/226 1400/25/226 1398/25/226
f 1402/25/217 1400/25/217 1359/25/217
f 1406/25/218 1402/25/218 1365/25/218
f 1398/25/231 1439/25/231 1435/25/231
f 1443/25/232 1439/25/232 1398/25/232
f 1445/25/233 1443/25/233 1400/25/233
f 1449/25/234 1445/25/234 1402/25/234
f 1409/25/235 1453/25/235 1449/25/235
f 1392/25/236 1430/25/236 2440/25/236
f 1455/25/227 1453/25/227 1409/25/227
f 1432/25/228 1430/25/228 1392/25/228
f 1435/25/230 1432/25/230 1395/25/230
f 1490/25/240 1488/25/240 1449/25/240
f 1430/25/241 1474/25/241 2437/25/241
f 1495/25/242 1490/25/242 1453/25/242
f 1478/25/410 1474/25/410 1430/25/410
f 1435/25/245 1479/25/245 1478/25/245
f 1439/25/246 1482/25/246 1479/25/246
f 1483/25/237 1482/25/237 1439/25/237
f 1445/25/238 1486/25/238 1483/25/238
f 1488/25/239 1486/25/239 1445/25/239
f 1482/25/252 1521/25/252 1518/25/252
f 1525/25/253 1521/25/253 1482/25/253
f 1527/25/254 1525/25/254 1483/25/254
f 1488/25/255 1531/25/255 1527/25/255
f 1535/25/256 1531/25/256 1488/25/256
f 1474/25/247 1513/25/247 2441/25/247
f 1537/25/248 1535/25/248 1490/25/248
f 1515/25/249 1513/25/249 1474/25/249
f 1518/25/251 1515/25/251 1478/25/251
f 1570/25/259 1569/25/259 1527/25/259
f 1573/25/260 1570/25/260 1531/25/260
f 1513/25/261 1553/25/261 2435/25/261
f 1537/25/262 1575/25/262 1573/25/262
f 1559/25/263 1553/25/263 1513/25/263
f 1562/25/265 1559/25/265 1515/25/265
f 1564/25/266 1562/25/266 1518/25/266
f 1566/25/257 1564/25/257 1521/25/257
f 1569/25/258 1566/25/258 1525/25/258
f 1602/25/272 1600/25/272 1559/25/272
f 1564/25/273 1604/25/273 1602/25/273
f 1607/25/274 1604/25/274 1564/25/274
f 1569/25/275 1608/25/275 1607/25/275
f 1610/25/276 1608/25/276 1569/25/276
f 1612/25/267 1610/25/267 1570/25/267
f 1553/25/268 1598/25/268 2436/25/268
f 1575/25/269 1615/25/269 1612/25/269
f 1600/25/270 1598/25/270 1553/25/270
f 1610/25/280 1638/25/280 1636/25/280
f 1641/25/281 1638/25/281 1610/25/281
f 1598/25/282 1626/25/282 2434/25/282
f 1642/25/283 1641/25/283 1612/25/283
f 1628/25/284 1626/25/284 1598/25/284
f 1631/25/286 1628/25/286 1600/25/286
f 1604/25/277 1633/25/277 1631/25/277
f 1635/25/278 1633/25/278 1604/25/278
f 1636/25/279 1635/25/279 1607/25/279
f 1658/25/293 1656/25/293 1628/25/293
f 1633/25/294 1660/25/294 1658/25/294
f 1663/25/295 1660/25/295 1633/25/295
f 1665/25/296 1663/25/296 1635/25/296
f 1666/25/287 1665/25/287 1636/25/287
f 1641/25/288 1668/25/288 1666/25/288
f 1626/25/289 1655/25/289 2450/25/289
f 1642/25/290 1671/25/290 1668/25/290
f 1656/25/291 1655/25/291 1626/25/291
f 1665/25/300 1692/25/300 1690/25/300
f 1695/25/301 1692/25/301 1665/25/301
f 1697/25/302 1695/25/302 1666/25/302
f 1655/25/303 1683/25/303 2451/25/303
f 1699/25/304 1697/25/304 1668/25/304
f 1685/25/305 1683/25/305 1655/25/305
f 1686/25/297 1685/25/297 1656/25/297
f 1660/25/298 1688/25/298 1686/25/298
f 1690/25/299 1688/25/299 1660/25/299
f 1726/25/310 1725/25/310 1697/25/310
f 1685/25/311 1713/25/311 1710/25/311
f 1715/25/313 1713/25/313 1685/25/313
f 1716/25/412 1715/25/412 1686/25/412
f 1718/25/315 1716/25/315 1688/25/315
f 1720/25/316 1718/25/316 1690/25/316
f 1723/25/307 1720/25/307 1692/25/307
f 1697/25/308 1725/25/308 1723/25/308
f 1683/25/309 1710/25/309 2426/25/309
f 1746/25/320 1745/25/320 1716/25/320
f 1748/25/321 1746/25/321 1718/25/321
f 1751/25/322 1748/25/322 1720/25/322
f 1752/25/323 1751/25/323 1723/25/323
f 1710/25/324 1739/25/324 2424/25/324
f 1754/25/325 1752/25/325 1725/25/325
f 1713/25/326 1741/25/326 1739/25/326
f 1742/25/318 1741/25/318 1713/25/318
f 1716/25/319 1745/25/319 1742/25/319
f 1739/25/414 1766/25/414 2422/25/414
f 1754/25/331 1783/25/331 1781/25/331
f 1769/25/332 1766/25/332 1739/25/332
f 1770/25/334 1769/25/334 1741/25/334
f 1772/25/335 1770/25/335 1742/25/335
f 1774/25/336 1772/25/336 1745/25/336
f 1748/25/327 1776/25/327 1774/25/327
f 1778/25/328 1776/25/328 1748/25/328
f 1781/25/329 1778/25/329 1751/25/329
f 1802/25/341 1800/25/341 1772/25/341
f 1776/25/342 1805/25/342 1802/25/342
f 1806/25/343 1805/25/343 1776/25/343
f 1781/25/344 1809/25/344 1806/25/344
f 1766/25/345 1794/25/345 2421/25/345
f 1810/25/346 1809/25/346 1781/25/346
f 1769/25/3715 1796/25/3715 1794/25/3715
f 1799/25/339 1796/25/339 1769/25/339
f 1772/25/340 1800/25/340 1799/25/340
f 1809/25/349 1836/25/349 1835/25/349
f 1794/25/350 1823/25/350 2417/25/350
f 1839/25/351 1836/25/351 1809/25/351
f 1796/25/352 1825/25/352 1823/25/352
f 1826/25/354 1825/25/354 1796/25/354
f 1800/25/355 1828/25/355 1826/25/355
f 1831/25/356 1828/25/356 1800/25/356
f 1805/25/347 1832/25/347 1831/25/347
f 1835/25/348 1832/25/348 1805/25/348
f 1828/25/361 1857/25/361 1855/25/361
f 1858/25/362 1857/25/362 1828/25/362
f 1832/25/363 1861/25/363 1858/25/363
f 1863/25/364 1861/25/364 1832/25/364
f 1865/25/365 1863/25/365 1835/25/365
f 1823/25/366 1850/25/366 2418/25/366
f 1839/25/357 1867/25/357 1865/25/357
f 1825/25/358 1853/25/358 1850/25/358
f 1855/25/360 1853/25/360 1825/25/360
f 1893/25/416 1891/25/416 1863/25/416
f 1850/25/371 1878/25/371 2415/25/371
f 1867/25/372 1895/25/372 1893/25/372
f 1853/25/373 1881/25/373 1878/25/373
f 1883/25/375 1881/25/375 1853/25/375
f 1857/25/376 1885/25/376 1883/25/376
f 1887/25/367 1885/25/367 1857/25/367
f 1861/25/368 1889/25/368 1887/25/368
f 1891/25/369 1889/25/369 1861/25/369
f 1885/25/383 1912/25/383 1910/25/383
f 1915/25/384 1912/25/384 1885/25/384
f 1917/25/385 1915/25/385 1887/25/385
f 1919/25/386 1917/25/386 1889/25/386
f 1921/25/377 1919/25/377 1891/25/377
f 1878/25/417 1907/25/417 2416/25/417
f 1923/25/379 1921/25/379 1893/25/379
f 1881/25/380 1909/25/380 1907/25/380
f 1910/25/382 1909/25/382 1881/25/382
f 1946/25/390 1944/25/390 1917/25/390
f 1949/25/391 1946/25/391 1919/25/391
f 1907/25/392 1935/25/392 2419/25/392
f 1950/25/393 1949/25/393 1921/25/393
f 1909/25/394 1937/25/394 1935/25/394
f 1938/25/396 1937/25/396 1909/25/396
f 1912/25/387 1941/25/387 1938/25/387
f 1915/25/388 1942/25/388 1941/25/388
f 1944/25/389 1942/25/389 1915/25/389
f 1938/25/402 1956/25/402 74/25/402
f 1941/25/427 83/25/427 1956/25/427
f 1942/25/404 88/25/404 83/25/404
f 1944/25/405 93/25/405 88/25/405
f 1946/25/406 102/25/406 93/25/406
f 1949/25/397 1958/25/397 102/25/397
f 2420/25/398 2419/25/398 1935/25/398
f 1935/25/398 56/25/398 2420/25/398
f 1950/25/399 1960/25/399 1958/25/399
f 1937/25/400 74/25/400 56/25/400
f 151/25/11 148/25/11 65/25/11
f 76/25/12 155/25/12 151/25/12
f 163/25/13 155/25/13 76/25/13
f 166/25/14 163/25/14 80/25/14
f 48/25/15 129/25/15 2479/25/15
f 1599/25/16 175/25/16 166/25/16
f 138/25/7 129/25/7 48/25/7
f 1595/25/9 142/25/9 138/25/9
f 65/25/10 148/25/10 142/25/10
f 223/25/20 220/25/20 155/25/20
f 225/25/21 223/25/21 163/25/21
f 2479/25/22 129/25/22 197/25/22
f 175/25/23 227/25/23 225/25/23
f 204/25/24 197/25/24 129/25/24
f 208/25/26 204/25/26 138/25/26
f 211/25/17 208/25/17 142/25/17
f 217/25/18 211/25/18 148/25/18
f 155/25/19 220/25/19 217/25/19
f 251/25/32 248/25/32 204/25/32
f 254/25/33 251/25/33 208/25/33
f 217/25/34 255/25/34 254/25/34
f 257/25/35 255/25/35 217/25/35
f 261/25/36 257/25/36 220/25/36
f 265/25/27 261/25/27 223/25/27
f 2498/25/28 197/25/28 244/25/28
f 269/25/29 265/25/29 225/25/29
f 248/25/30 244/25/30 197/25/30
f 301/25/39 296/25/39 255/25/39
f 304/25/40 301/25/40 257/25/40
f 308/25/41 304/25/41 261/25/41
f 244/25/42 284/25/42 2488/25/42
f 269/25/43 310/25/43 308/25/43
f 287/25/44 284/25/44 244/25/44
f 289/25/46 287/25/46 248/25/46
f 254/25/37 293/25/37 289/25/37
f 296/25/38 293/25/38 254/25/38
f 333/25/51 329/25/51 284/25/51
f 335/25/53 333/25/53 287/25/53
f 293/25/54 336/25/54 335/25/54
f 338/25/55 336/25/55 293/25/55
f 301/25/56 340/25/56 338/25/56
f 304/25/47 342/25/47 340/25/47
f 345/25/48 342/25/48 304/25/48
f 2488/25/49 284/25/49 329/25/49
f 310/25/50 351/25/50 345/25/50
f 340/25/60 384/25/60 378/25/60
f 342/25/61 387/25/61 384/25/61
f 345/25/62 390/25/62 387/25/62
f 329/25/63 368/25/63 2496/25/63
f 393/25/64 390/25/64 345/25/64
f 369/25/65 368/25/65 329/25/65
f 335/25/57 371/25/57 369/25/57
f 336/25/58 376/25/58 371/25/58
f 378/25/59 376/25/59 336/25/59
f 393/25/70 433/25/70 429/25/70
f 415/25/3710 410/25/3710 368/25/3710
f 418/25/73 415/25/73 369/25/73
f 420/25/74 418/25/74 371/25/74
f 422/25/75 420/25/75 376/25/75
f 424/25/76 422/25/76 378/25/76
f 426/25/67 424/25/67 384/25/67
f 390/25/68 429/25/68 426/25/68
f 368/25/69 410/25/69 2490/25/69
f 422/25/80 463/25/80 456/25/80
f 465/25/81 463/25/81 422/25/81
f 469/25/82 465/25/82 424/25/82
f 429/25/83 472/25/83 469/25/83
f 410/25/84 450/25/84 2494/25/84
f 433/25/85 475/25/85 472/25/85
f 452/25/86 450/25/86 410/25/86
f 455/25/78 452/25/78 415/25/78
f 456/25/79 455/25/79 418/25/79
f 450/25/90 493/25/90 2492/25/90
f 514/25/91 510/25/91 472/25/91
f 497/25/92 493/25/92 450/25/92
f 499/25/94 497/25/94 452/25/94
f 456/25/95 502/25/95 499/25/95
f 463/25/96 504/25/96 502/25/96
f 465/25/87 507/25/87 504/25/87
f 509/25/88 507/25/88 465/25/88
f 472/25/89 510/25/89 509/25/89
f 542/25/102 540/25/102 502/25/102
f 549/25/408 542/25/408 504/25/408
f 509/25/104 551/25/104 549/25/104
f 510/25/105 557/25/105 551/25/105
f 493/25/106 534/25/106 2491/25/106
f 514/25/97 558/25/97 557/25/97
f 536/25/98 534/25/98 493/25/98
f 538/25/100 536/25/100 497/25/100
f 540/25/101 538/25/101 499/25/101
f 593/25/110 591/25/110 551/25/110
f 534/25/111 574/25/111 2493/25/111
f 596/25/112 593/25/112 557/25/112
f 578/25/113 574/25/113 534/25/113
f 583/25/115 578/25/115 536/25/115
f 540/25/116 586/25/116 583/25/116
f 542/25/107 588/25/107 586/25/107
f 549/25/3711 590/25/3711 588/25/3711
f 591/25/109 590/25/109 549/25/109
f 622/25/122 621/25/122 583/25/122
f 626/25/123 622/25/123 586/25/123
f 590/25/124 631/25/124 626/25/124
f 634/25/125 631/25/125 590/25/125
f 593/25/126 638/25/126 634/25/126
f 574/25/117 617/25/117 2495/25/117
f 596/25/118 641/25/118 638/25/118
f 578/25/119 619/25/119 617/25/119
f 621/25/121 619/25/121 578/25/121
f 675/25/129 672/25/129 631/25/129
f 638/25/130 677/25/130 675/25/130
f 617/25/131 656/25/131 2489/25/131
f 641/25/132 678/25/132 677/25/132
f 619/25/133 658/25/133 656/25/133
f 621/25/135 663/25/135 658/25/135
f 669/25/136 663/25/136 621/25/136
f 670/25/127 669/25/127 622/25/127
f 672/25/128 670/25/128 626/25/128
f 703/25/142 701/25/142 658/25/142
f 706/25/143 703/25/143 663/25/143
f 670/25/144 707/25/144 706/25/144
f 672/25/145 712/25/145 707/25/145
f 675/25/146 716/25/146 712/25/146
f 677/25/137 720/25/137 716/25/137
f 656/25/138 699/25/138 2497/25/138
f 724/25/139 720/25/139 677/25/139
f 701/25/419 699/25/419 656/25/419
f 758/25/150 756/25/150 712/25/150
f 720/25/151 760/25/151 758/25/151
f 737/25/152 2485/25/152 2497/25/152
f 724/25/153 762/25/153 760/25/153
f 742/25/154 737/25/154 699/25/154
f 703/25/156 747/25/156 742/25/156
f 751/25/147 747/25/147 703/25/147
f 707/25/148 753/25/148 751/25/148
f 756/25/149 753/25/149 707/25/149
f 787/25/162 785/25/162 742/25/162
f 751/25/163 788/25/163 787/25/163
f 753/25/164 791/25/164 788/25/164
f 756/25/165 793/25/165 791/25/165
f 796/25/166 793/25/166 756/25/166
f 760/25/157 801/25/157 796/25/157
f 737/25/158 783/25/158 2487/25/158
f 806/25/159 801/25/159 760/25/159
f 785/25/160 783/25/160 737/25/160
f 839/25/169 837/25/169 791/25/169
f 841/25/170 839/25/170 793/25/170
f 842/25/409 841/25/409 796/25/409
f 820/25/172 2483/25/172 2487/25/172
f 806/25/173 844/25/173 842/25/173
f 785/25/174 823/25/174 820/25/174
f 828/25/176 823/25/176 785/25/176
f 788/25/167 831/25/167 828/25/167
f 837/25/168 831/25/168 788/25/168
f 868/25/181 866/25/181 820/25/181
f 869/25/183 868/25/183 823/25/183
f 831/25/184 872/25/184 869/25/184
f 873/25/185 872/25/185 831/25/185
f 839/25/186 875/25/186 873/25/186
f 880/25/177 875/25/177 839/25/177
f 842/25/178 884/25/178 880/25/178
f 820/25/179 866/25/179 2482/25/179
f 844/25/180 887/25/180 884/25/180
f 921/25/191 917/25/191 873/25/191
f 923/25/192 921/25/192 875/25/192
f 884/25/193 925/25/193 923/25/193
f 902/25/194 2478/25/194 2482/25/194
f 927/25/195 925/25/195 884/25/195
f 904/25/196 902/25/196 866/25/196
f 909/25/188 904/25/188 868/25/188
f 872/25/189 912/25/189 909/25/189
f 873/25/190 917/25/190 912/25/190
f 971/25/201 965/25/201 925/25/201
f 904/25/202 951/25/202 948/25/202
f 952/25/204 951/25/204 904/25/204
f 954/25/205 952/25/205 909/25/205
f 917/25/206 957/25/206 954/25/206
f 921/25/197 958/25/197 957/25/197
f 961/25/198 958/25/198 921/25/198
f 925/25/199 965/25/199 961/25/199
f 902/25/200 948/25/200 2480/25/200
f 957/25/211 1001/25/211 997/25/211
f 1004/25/212 1001/25/212 957/25/212
f 1007/25/213 1004/25/213 958/25/213
f 1009/25/214 1007/25/214 961/25/214
f 948/25/215 986/25/215 2476/25/215
f 971/25/216 1011/25/216 1009/25/216
f 951/25/207 988/25/207 986/25/207
f 993/25/209 988/25/209 951/25/209
f 997/25/210 993/25/210 952/25/210
f 1047/25/219 1045/25/219 1007/25/219
f 986/25/220 1029/25/220 2473/25/220
f 1052/25/221 1047/25/221 1009/25/221
f 1034/25/222 1029/25/222 986/25/222
f 1036/25/224 1034/25/224 988/25/224
f 1037/25/225 1036/25/225 993/25/225
f 1001/25/226 1039/25/226 1037/25/226
f 1042/25/217 1039/25/217 1001/25/217
f 1007/25/425 1045/25/425 1042/25/425
f 1037/25/231 1077/25/231 1073/25/231
f 1081/25/232 1077/25/232 1037/25/232
f 1085/25/233 1081/25/233 1039/25/233
f 1089/25/234 1085/25/234 1042/25/234
f 1047/25/235 1092/25/235 1089/25/235
f 1029/25/236 1069/25/236 2472/25/236
f 1052/25/227 1093/25/227 1092/25/227
f 1070/25/228 1069/25/228 1029/25/228
f 1073/25/230 1070/25/230 1034/25/230
f 1129/25/240 1126/25/240 1089/25/240
f 1069/25/241 1112/25/241 2471/25/241
f 1134/25/242 1129/25/242 1092/25/242
f 1114/25/410 1112/25/410 1069/25/410
f 1119/25/245 1114/25/245 1070/25/245
f 1077/25/246 1120/25/246 1119/25/246
f 1122/25/237 1120/25/237 1077/25/237
f 1085/25/238 1124/25/238 1122/25/238
f 1126/25/239 1124/25/239 1085/25/239
f 1158/25/252 1156/25/252 1119/25/252
f 1165/25/253 1158/25/253 1120/25/253
f 1124/25/254 1168/25/254 1165/25/254
f 1126/25/255 1170/25/255 1168/25/255
f 1174/25/256 1170/25/256 1126/25/256
f 1112/25/247 1152/25/247 2470/25/247
f 1177/25/248 1174/25/248 1129/25/248
f 1114/25/249 1154/25/249 1152/25/249
f 1156/25/251 1154/25/251 1114/25/251
f 1209/25/259 1208/25/259 1168/25/259
f 1174/25/260 1211/25/260 1209/25/260
f 1152/25/261 1195/25/261 2469/25/261
f 1177/25/262 1214/25/262 1211/25/262
f 1196/25/263 1195/25/263 1152/25/263
f 1202/25/265 1196/25/265 1154/25/265
f 1158/25/266 1204/25/266 1202/25/266
f 1206/25/257 1204/25/257 1158/25/257
f 1168/25/258 1208/25/258 1206/25/258
f 1241/25/272 1239/25/272 1196/25/272
f 1204/25/273 1244/25/273 1241/25/273
f 1245/25/274 1244/25/274 1204/25/274
f 1208/25/275 1248/25/275 1245/25/275
f 1209/25/276 1250/25/276 1248/25/276
f 1211/25/426 1251/25/426 1250/25/426
f 1195/25/268 1234/25/268 2468/25/268
f 1214/25/269 1253/25/269 1251/25/269
f 1239/25/3712 1234/25/3712 1195/25/3712
f 1278/25/280 1276/25/280 1248/25/280
f 1280/25/281 1278/25/281 1250/25/281
f 1234/25/3713 1265/25/3713 2464/25/3713
f 1253/25/283 1281/25/283 1280/25/283
f 1267/25/284 1265/25/284 1234/25/284
f 1270/25/286 1267/25/286 1239/25/286
f 1271/25/277 1270/25/277 1241/25/277
f 1274/25/278 1271/25/278 1244/25/278
f 1276/25/279 1274/25/279 1245/25/279
f 1270/25/293 1298/25/293 1296/25/293
f 1271/25/294 1299/25/294 1298/25/294
f 1274/25/295 1301/25/295 1299/25/295
f 1276/25/296 1304/25/296 1301/25/296
f 1305/25/287 1304/25/287 1276/25/287
f 1308/25/288 1305/25/288 1278/25/288
f 1265/25/289 1293/25/289 2461/25/289
f 1281/25/290 1309/25/290 1308/25/290
f 1296/25/291 1293/25/291 1265/25/291
f 1332/25/300 1330/25/300 1301/25/300
f 1334/25/301 1332/25/301 1304/25/301
f 1308/25/302 1335/25/302 1334/25/302
f 1321/25/303 2457/25/303 2461/25/303
f 1309/25/304 1338/25/304 1335/25/304
f 1296/25/305 1324/25/305 1321/25/305
f 1298/25/297 1325/25/297 1324/25/297
f 1299/25/3714 1327/25/3714 1325/25/3714
f 1301/25/299 1330/25/299 1327/25/299
f 1366/25/310 1364/25/310 1335/25/310
f 1324/25/311 1352/25/311 1349/25/311
f 1354/25/313 1352/25/313 1324/25/313
f 1356/25/412 1354/25/412 1325/25/412
f 1330/25/315 1358/25/315 1356/25/315
f 1360/25/316 1358/25/316 1330/25/316
f 1334/25/307 1362/25/307 1360/25/307
f 1335/25/308 1364/25/308 1362/25/308
f 1321/25/309 1349/25/309 2458/25/309
f 1385/25/320 1383/25/320 1356/25/320
f 1360/25/321 1388/25/321 1385/25/321
f 1390/25/322 1388/25/322 1360/25/322
f 1391/25/323 1390/25/323 1362/25/323
f 1349/25/324 1377/25/324 2460/25/324
f 1366/25/325 1393/25/325 1391/25/325
f 1352/25/326 1379/25/326 1377/25/326
f 1382/25/318 1379/25/318 1352/25/318
f 1356/25/319 1383/25/319 1382/25/319
f 1377/25/414 1405/25/414 2459/25/414
f 1421/25/331 1419/25/331 1391/25/331
f 1408/25/332 1405/25/332 1377/25/332
f 1410/25/334 1408/25/334 1379/25/334
f 1411/25/335 1410/25/335 1382/25/335
f 1413/25/336 1411/25/336 1383/25/336
f 1388/25/327 1415/25/327 1413/25/327
f 1417/25/328 1415/25/328 1388/25/328
f 1419/25/329 1417/25/329 1390/25/329
f 1442/25/341 1440/25/341 1411/25/341
f 1444/25/342 1442/25/342 1413/25/342
f 1446/25/343 1444/25/343 1415/25/343
f 1448/25/344 1446/25/344 1417/25/344
f 1405/25/345 1434/25/345 2463/25/345
f 1450/25/346 1448/25/346 1419/25/346
f 1436/25/3715 1434/25/3715 1405/25/3715
f 1438/25/339 1436/25/339 1408/25/339
f 1440/25/340 1438/25/340 1410/25/340
f 1448/25/349 1476/25/349 1473/25/349
f 2463/25/350 1434/25/350 1461/25/350
f 1450/25/351 1477/25/351 1476/25/351
f 1436/25/352 1463/25/352 1461/25/352
f 1465/25/354 1463/25/354 1436/25/354
f 1440/25/355 1467/25/355 1465/25/355
f 1469/25/356 1467/25/356 1440/25/356
f 1472/25/347 1469/25/347 1442/25/347
f 1446/25/348 1473/25/348 1472/25/348
f 1496/25/361 1493/25/361 1465/25/361
f 1469/25/362 1498/25/362 1496/25/362
f 1472/25/363 1499/25/363 1498/25/363
f 1473/25/364 1501/25/364 1499/25/364
f 1476/25/365 1503/25/365 1501/25/365
f 1489/25/366 2465/25/366 2462/25/366
f 1505/25/357 1503/25/357 1476/25/357
f 1463/25/358 1491/25/358 1489/25/358
f 1493/25/360 1491/25/360 1463/25/360
f 1503/25/370 1532/25/370 1530/25/370
f 1489/25/371 1517/25/371 2467/25/371
f 1505/25/372 1533/25/372 1532/25/372
f 1520/25/373 1517/25/373 1489/25/373
f 1522/25/375 1520/25/375 1491/25/375
f 1496/25/376 1524/25/376 1522/25/376
f 1526/25/367 1524/25/367 1496/25/367
f 1499/25/368 1528/25/368 1526/25/368
f 1530/25/369 1528/25/369 1499/25/369
f 1524/25/383 1552/25/383 1549/25/383
f 1526/25/384 1554/25/384 1552/25/384
f 1556/25/385 1554/25/385 1526/25/385
f 1557/25/386 1556/25/386 1528/25/386
f 1560/25/377 1557/25/377 1530/25/377
f 2466/25/378 2467/25/378 1517/25/378
f 1517/25/417 1546/25/417 2466/25/417
f 1561/25/379 1560/25/379 1532/25/379
f 1520/25/380 1548/25/380 1546/25/380
f 1549/25/382 1548/25/382 1520/25/382
f 1557/25/390 1586/25/390 1583/25/390
f 1560/25/391 1587/25/391 1586/25/391
f 2475/25/392 2474/25/392 1546/25/392
f 1546/25/392 1574/25/392 2475/25/392
f 1589/25/393 1587/25/393 1560/25/393
f 1548/25/394 1576/25/394 1574/25/394
f 1577/25/396 1576/25/396 1548/25/396
f 1552/25/387 1579/25/387 1577/25/387
f 1581/25/388 1579/25/388 1552/25/388
f 1583/25/389 1581/25/389 1554/25/389
f 1577/25/402 1595/25/402 52/25/402
f 1579/25/427 65/25/427 1595/25/427
f 1581/25/404 72/25/404 65/25/404
f 1583/25/405 76/25/405 72/25/405
f 1586/25/406 80/25/406 76/25/406
f 1587/25/397 1597/25/397 80/25/397
f 48/25/398 2481/25/398 2477/25/398
f 1589/25/399 1599/25/399 1597/25/399
f 1576/25/400 52/25/400 48/25/400
f 115/25/11 113/25/11 55/25/11
f 119/25/12 115/25/12 59/25/12
f 125/25/13 119/25/13 64/25/13
f 1236/25/14 130/25/14 125/25/14
f 2509/25/15 2507/25/15 45/25/15
f 45/25/15 97/25/15 2509/25/15
f 1238/25/16 134/25/16 130/25/16
f 49/25/7 105/25/7 97/25/7
f 1235/25/9 106/25/9 105/25/9
f 55/25/10 113/25/10 106/25/10
f 178/25/20 177/25/20 119/25/20
f 182/25/21 178/25/21 125/25/21
f 97/25/22 160/25/22 2538/25/22
f 134/25/23 186/25/23 182/25/23
f 164/25/24 160/25/24 97/25/24
f 168/25/26 164/25/26 105/25/26
f 170/25/17 168/25/17 106/25/17
f 173/25/18 170/25/18 113/25/18
f 177/25/19 173/25/19 115/25/19
f 209/25/32 207/25/32 164/25/32
f 210/25/33 209/25/33 168/25/33
f 212/25/34 210/25/34 170/25/34
f 177/25/35 215/25/35 212/25/35
f 216/25/36 215/25/36 177/25/36
f 219/25/27 216/25/27 178/25/27
f 160/25/28 202/25/28 2524/25/28
f 221/25/29 219/25/29 182/25/29
f 207/25/30 202/25/30 160/25/30
f 243/25/39 240/25/39 212/25/39
f 245/25/40 243/25/40 215/25/40
f 247/25/41 245/25/41 216/25/41
f 202/25/42 233/25/42 2523/25/42
f 221/25/43 249/25/43 247/25/43
f 235/25/44 233/25/44 202/25/44
f 236/25/46 235/25/46 207/25/46
f 210/25/37 239/25/37 236/25/37
f 240/25/38 239/25/38 210/25/38
f 262/25/51 260/25/51 233/25/51
f 264/25/53 262/25/53 235/25/53
f 239/25/54 266/25/54 264/25/54
f 268/25/55 266/25/55 239/25/55
f 271/25/56 268/25/56 240/25/56
f 245/25/47 273/25/47 271/25/47
f 275/25/48 273/25/48 245/25/48
f 233/25/49 260/25/49 2526/25/49
f 277/25/50 275/25/50 247/25/50
f 271/25/60 298/25/60 297/25/60
f 300/25/61 298/25/61 271/25/61
f 302/25/62 300/25/62 273/25/62
f 260/25/63 288/25/63 2528/25/63
f 277/25/64 305/25/64 302/25/64
f 290/25/65 288/25/65 260/25/65
f 292/25/57 290/25/57 262/25/57
f 266/25/58 294/25/58 292/25/58
f 297/25/59 294/25/59 266/25/59
f 332/25/70 330/25/70 302/25/70
f 319/25/71 316/25/71 288/25/71
f 320/25/73 319/25/73 290/25/73
f 322/25/74 320/25/74 292/25/74
f 324/25/75 322/25/75 294/25/75
f 327/25/76 324/25/76 297/25/76
f 328/25/67 327/25/67 298/25/67
f 330/25/68 328/25/68 300/25/68
f 288/25/69 316/25/69 2530/25/69
f 324/25/80 353/25/80 350/25/80
f 355/25/81 353/25/81 324/25/81
f 357/25/82 355/25/82 327/25/82
f 330/25/83 359/25/83 357/25/83
f 316/25/84 344/25/84 2535/25/84
f 361/25/85 359/25/85 330/25/85
f 346/25/86 344/25/86 316/25/86
f 348/25/78 346/25/78 319/25/78
f 350/25/79 348/25/79 320/25/79
f 344/25/90 372/25/90 2533/25/90
f 389/25/91 386/25/91 359/25/91
f 375/25/92 372/25/92 344/25/92
f 348/25/94 377/25/94 375/25/94
f 379/25/95 377/25/95 348/25/95
f 380/25/96 379/25/96 350/25/96
f 383/25/87 380/25/87 353/25/87
f 385/25/88 383/25/88 355/25/88
f 359/25/89 386/25/89 385/25/89
f 380/25/102 409/25/102 406/25/102
f 411/25/408 409/25/408 380/25/408
f 385/25/104 413/25/104 411/25/104
f 414/25/105 413/25/105 385/25/105
f 372/25/106 400/25/106 2531/25/106
f 416/25/97 414/25/97 386/25/97
f 402/25/98 400/25/98 372/25/98
f 377/25/100 404/25/100 402/25/100
f 406/25/101 404/25/101 377/25/101
f 414/25/110 443/25/110 441/25/110
f 400/25/111 428/25/111 2532/25/111
f 445/25/112 443/25/112 414/25/112
f 431/25/113 428/25/113 400/25/113
f 432/25/115 431/25/115 402/25/115
f 406/25/116 434/25/116 432/25/116
f 437/25/107 434/25/107 406/25/107
f 438/25/108 437/25/108 409/25/108
f 441/25/109 438/25/109 411/25/109
f 434/25/122 462/25/122 460/25/122
f 464/25/123 462/25/123 434/25/123
f 467/25/124 464/25/124 437/25/124
f 468/25/125 467/25/125 438/25/125
f 443/25/126 471/25/126 468/25/126
f 457/25/117 2534/25/117 2532/25/117
f 445/25/118 473/25/118 471/25/118
f 431/25/119 458/25/119 457/25/119
f 432/25/121 460/25/121 458/25/121
f 496/25/129 495/25/129 467/25/129
f 471/25/130 498/25/130 496/25/130
f 484/25/131 2529/25/131 2534/25/131
f 473/25/132 501/25/132 498/25/132
f 486/25/133 484/25/133 457/25/133
f 460/25/135 489/25/135 486/25/135
f 490/25/136 489/25/136 460/25/136
f 464/25/127 492/25/127 490/25/127
f 467/25/128 495/25/128 492/25/128
f 489/25/142 516/25/142 515/25/142
f 518/25/143 516/25/143 489/25/143
f 521/25/144 518/25/144 490/25/144
f 523/25/145 521/25/145 492/25/145
f 525/25/146 523/25/146 495/25/146
f 498/25/137 527/25/137 525/25/137
f 484/25/138 512/25/138 2537/25/138
f 529/25/139 527/25/139 498/25/139
f 515/25/140 512/25/140 484/25/140
f 552/25/150 550/25/150 523/25/150
f 527/25/151 554/25/151 552/25/151
f 512/25/152 541/25/152 2525/25/152
f 556/25/153 554/25/153 527/25/153
f 543/25/154 541/25/154 512/25/154
f 516/25/156 545/25/156 543/25/156
f 518/25/147 547/25/147 545/25/147
f 548/25/148 547/25/148 518/25/148
f 523/25/149 550/25/149 548/25/149
f 572/25/162 570/25/162 543/25/162
f 575/25/163 572/25/163 545/25/163
f 576/25/164 575/25/164 547/25/164
f 550/25/165 579/25/165 576/25/165
f 580/25/166 579/25/166 550/25/166
f 554/25/157 582/25/157 580/25/157
f 541/25/158 569/25/158 2527/25/158
f 585/25/159 582/25/159 554/25/159
f 570/25/160 569/25/160 541/25/160
f 607/25/169 604/25/169 576/25/169
f 609/25/170 607/25/170 579/25/170
f 610/25/409 609/25/409 580/25/409
f 569/25/172 597/25/172 2536/25/172
f 613/25/173 610/25/173 582/25/173
f 598/25/174 597/25/174 569/25/174
f 572/25/176 600/25/176 598/25/176
f 602/25/167 600/25/167 572/25/167
f 576/25/168 604/25/168 602/25/168
f 627/25/181 624/25/181 597/25/181
f 629/25/183 627/25/183 598/25/183
f 630/25/184 629/25/184 600/25/184
f 604/25/185 633/25/185 630/25/185
f 635/25/186 633/25/186 604/25/186
f 609/25/177 637/25/177 635/25/177
f 610/25/178 639/25/178 637/25/178
f 597/25/179 624/25/179 2520/25/179
f 640/25/180 639/25/180 610/25/180
f 662/25/191 661/25/191 633/25/191
f 664/25/192 662/25/192 635/25/192
f 639/25/193 666/25/193 664/25/193
f 624/25/194 653/25/194 2522/25/194
f 668/25/195 666/25/195 639/25/195
f 627/25/196 654/25/196 653/25/196
f 657/25/188 654/25/188 627/25/188
f 630/25/189 659/25/189 657/25/189
f 633/25/190 661/25/190 659/25/190
f 697/25/201 694/25/201 666/25/201
f 682/25/202 681/25/202 653/25/202
f 657/25/204 684/25/204 682/25/204
f 686/25/205 684/25/205 657/25/205
f 661/25/206 688/25/206 686/25/206
f 690/25/197 688/25/197 661/25/197
f 664/25/198 692/25/198 690/25/198
f 666/25/199 694/25/199 692/25/199
f 653/25/200 681/25/200 2540/25/200
f 688/25/3718 717/25/3718 715/25/3718
f 719/25/212 717/25/212 688/25/212
f 692/25/213 721/25/213 719/25/213
f 694/25/214 722/25/214 721/25/214
f 681/25/215 709/25/215 2539/25/215
f 697/25/216 725/25/216 722/25/216
f 710/25/207 709/25/207 681/25/207
f 684/25/209 713/25/209 710/25/209
f 686/25/210 715/25/210 713/25/210
f 722/25/219 750/25/219 749/25/219
f 709/25/220 736/25/220 2519/25/220
f 725/25/221 752/25/221 750/25/221
f 738/25/222 736/25/222 709/25/222
f 740/25/224 738/25/224 710/25/224
f 743/25/225 740/25/225 713/25/225
f 744/25/226 743/25/226 715/25/226
f 746/25/217 744/25/217 717/25/217
f 749/25/218 746/25/218 719/25/218
f 743/25/231 770/25/231 768/25/231
f 744/25/232 773/25/232 770/25/232
f 774/25/233 773/25/233 744/25/233
f 777/25/234 774/25/234 746/25/234
f 778/25/235 777/25/235 749/25/235
f 736/25/236 765/25/236 2518/25/236
f 780/25/227 778/25/227 750/25/227
f 767/25/228 765/25/228 736/25/228
f 768/25/230 767/25/230 738/25/230
f 807/25/240 805/25/240 777/25/240
f 765/25/241 792/25/241 2517/25/241
f 780/25/242 808/25/242 807/25/242
f 767/25/410 795/25/410 792/25/410
f 797/25/245 795/25/245 767/25/245
f 799/25/246 797/25/246 768/25/246
f 800/25/237 799/25/237 770/25/237
f 803/25/238 800/25/238 773/25/238
f 805/25/239 803/25/239 774/25/239
f 799/25/252 827/25/252 824/25/252
f 829/25/253 827/25/253 799/25/253
f 803/25/254 830/25/254 829/25/254
f 832/25/255 830/25/255 803/25/255
f 807/25/256 835/25/256 832/25/256
f 792/25/247 821/25/247 2515/25/247
f 836/25/248 835/25/248 807/25/248
f 795/25/249 822/25/249 821/25/249
f 824/25/251 822/25/251 795/25/251
f 861/25/259 859/25/259 830/25/259
f 835/25/260 862/25/260 861/25/260
f 821/25/261 849/25/261 2516/25/261
f 865/25/262 862/25/262 835/25/262
f 850/25/263 849/25/263 821/25/263
f 852/25/265 850/25/265 822/25/265
f 827/25/266 854/25/266 852/25/266
f 856/25/257 854/25/257 827/25/257
f 859/25/258 856/25/258 829/25/258
f 881/25/272 879/25/272 850/25/272
f 854/25/273 883/25/273 881/25/273
f 885/25/274 883/25/274 854/25/274
f 886/25/275 885/25/275 856/25/275
f 889/25/276 886/25/276 859/25/276
f 890/25/267 889/25/267 861/25/267
f 849/25/268 876/25/268 2514/25/268
f 865/25/269 892/25/269 890/25/269
f 879/25/270 876/25/270 849/25/270
f 889/25/280 916/25/280 914/25/280
f 918/25/281 916/25/281 889/25/281
f 876/25/3713 905/25/3713 2512/25/3713
f 920/25/283 918/25/283 890/25/283
f 907/25/284 905/25/284 876/25/284
f 908/25/286 907/25/286 879/25/286
f 911/25/277 908/25/277 881/25/277
f 885/25/278 913/25/278 911/25/278
f 886/25/279 914/25/279 913/25/279
f 908/25/293 937/25/293 934/25/293
f 938/25/294 937/25/294 908/25/294
f 913/25/295 940/25/295 938/25/295
f 943/25/296 940/25/296 913/25/296
f 944/25/287 943/25/287 914/25/287
f 918/25/288 946/25/288 944/25/288
f 905/25/289 933/25/289 2513/25/289
f 949/25/290 946/25/290 918/25/290
f 907/25/291 934/25/291 933/25/291
f 970/25/300 968/25/300 940/25/300
f 973/25/301 970/25/301 943/25/301
f 974/25/302 973/25/302 944/25/302
f 933/25/303 960/25/303 2511/25/303
f 976/25/304 974/25/304 946/25/304
f 963/25/305 960/25/305 933/25/305
f 964/25/297 963/25/297 934/25/297
f 938/25/298 967/25/298 964/25/298
f 940/25/299 968/25/299 967/25/299
f 1005/25/310 1002/25/310 974/25/310
f 990/25/311 989/25/311 960/25/311
f 992/25/313 990/25/313 963/25/313
f 995/25/412 992/25/412 964/25/412
f 968/25/315 996/25/315 995/25/315
f 999/25/316 996/25/316 968/25/316
f 1000/25/307 999/25/307 970/25/307
f 1002/25/308 1000/25/308 973/25/308
f 960/25/309 989/25/309 2510/25/309
f 1024/25/320 1022/25/320 995/25/320
f 1026/25/321 1024/25/321 996/25/321
f 1028/25/322 1026/25/322 999/25/322
f 1031/25/323 1028/25/323 1000/25/323
f 989/25/324 1016/25/324 2508/25/324
f 1032/25/325 1031/25/325 1002/25/325
f 1018/25/326 1016/25/326 989/25/326
f 1020/25/318 1018/25/318 990/25/318
f 1022/25/319 1020/25/319 992/25/319
f 1016/25/414 1044/25/414 2506/25/414
f 1032/25/331 1060/25/331 1058/25/331
f 1046/25/332 1044/25/332 1016/25/332
f 1049/25/334 1046/25/334 1018/25/334
f 1051/25/335 1049/25/335 1020/25/335
f 1053/25/336 1051/25/336 1022/25/336
f 1055/25/327 1053/25/327 1024/25/327
f 1056/25/328 1055/25/328 1026/25/328
f 1031/25/329 1058/25/329 1056/25/329
f 1080/25/341 1079/25/341 1051/25/341
f 1083/25/342 1080/25/342 1053/25/342
f 1084/25/343 1083/25/343 1055/25/343
f 1087/25/344 1084/25/344 1056/25/344
f 1044/25/345 1072/25/345 2505/25/345
f 1088/25/346 1087/25/346 1058/25/346
f 1075/25/3715 1072/25/3715 1044/25/3715
f 1076/25/339 1075/25/339 1046/25/339
f 1051/25/340 1079/25/340 1076/25/340
f 1115/25/349 1113/25/349 1084/25/349
f 1072/25/350 1101/25/350 2501/25/350
f 1116/25/351 1115/25/351 1087/25/351
f 1075/25/352 1102/25/352 1101/25/352
f 1105/25/354 1102/25/354 1075/25/354
f 1079/25/355 1107/25/355 1105/25/355
f 1108/25/356 1107/25/356 1079/25/356
f 1083/25/347 1111/25/347 1108/25/347
f 1113/25/348 1111/25/348 1083/25/348
f 1135/25/361 1132/25/361 1105/25/361
f 1136/25/362 1135/25/362 1107/25/362
f 1111/25/363 1138/25/363 1136/25/363
f 1140/25/364 1138/25/364 1111/25/364
f 1115/25/365 1143/25/365 1140/25/365
f 1128/25/366 2502/25/366 2501/25/366
f 1144/25/357 1143/25/357 1115/25/357
f 1102/25/358 1131/25/358 1128/25/358
f 1132/25/360 1131/25/360 1102/25/360
f 1143/25/416 1171/25/416 1169/25/416
f 1128/25/371 1157/25/371 2499/25/371
f 1173/25/372 1171/25/372 1143/25/372
f 1131/25/373 1159/25/373 1157/25/373
f 1160/25/375 1159/25/375 1131/25/375
f 1163/25/376 1160/25/376 1132/25/376
f 1164/25/367 1163/25/367 1135/25/367
f 1138/25/368 1166/25/368 1164/25/368
f 1169/25/369 1166/25/369 1138/25/369
f 1191/25/383 1189/25/383 1160/25/383
f 1192/25/384 1191/25/384 1163/25/384
f 1194/25/385 1192/25/385 1164/25/385
f 1197/25/386 1194/25/386 1166/25/386
f 1171/25/377 1198/25/377 1197/25/377
f 1184/25/417 2500/25/417 2499/25/417
f 1173/25/379 1200/25/379 1198/25/379
f 1159/25/380 1186/25/380 1184/25/380
f 1189/25/382 1186/25/382 1159/25/382
f 1224/25/390 1223/25/390 1194/25/390
f 1226/25/391 1224/25/391 1197/25/391
f 1184/25/392 1212/25/392 2503/25/392
f 1228/25/393 1226/25/393 1198/25/393
f 1186/25/394 1215/25/394 1212/25/394
f 1217/25/396 1215/25/396 1186/25/396
f 1218/25/387 1217/25/387 1189/25/387
f 1220/25/388 1218/25/388 1191/25/388
f 1223/25/389 1220/25/389 1192/25/389
f 1217/25/402 1235/25/402 49/25/402
f 55/25/403 1235/25/403 1217/25/403
f 1220/25/404 59/25/404 55/25/404
f 1223/25/405 64/25/405 59/25/405
f 1224/25/406 67/25/406 64/25/406
f 1226/25/397 1236/25/397 67/25/397
f 2507/25/398 2504/25/398 45/25/398
f 2504/25/398 2503/25/398 1212/25/398
f 1228/25/399 1238/25/399 1236/25/399
f 1215/25/400 49/25/400 45/25/400
f 2542/25/3 2545/25/3 18/25/3
f 18/25/3 26/25/3 2542/25/3
f 26/25/4 40/25/4 2541/25/4
f 34/25/1 2544/25/1 2541/25/1
f 18/25/2 2545/25/2 2544/25/2
f 18/25/6 34/25/6 40/25/6
f 19/25/428 24/25/428 2570/25/428
f 24/25/429 28/25/429 2569/25/429
f 28/25/430 31/25/430 2575/25/430
f 31/25/431 37/25/431 2578/25/431
f 37/25/432 42/25/432 2583/25/432
f 42/25/433 46/25/433 2586/25/433
f 46/25/434 50/25/434 2592/25/434
f 50/25/435 53/25/435 2595/25/435
f 53/25/436 58/25/436 2588/25/436
f 58/25/437 62/25/437 2581/25/437
f 62/25/438 69/25/438 2573/25/438
f 73/25/439 2562/25/439 2573/25/439
f 78/25/440 2560/25/440 2562/25/440
f 82/25/441 2558/25/441 2560/25/441
f 82/25/442 86/25/442 2555/25/442
f 90/25/443 2553/25/443 2555/25/443
f 94/25/444 2550/25/444 2553/25/444
f 100/25/445 2547/25/445 2550/25/445
f 103/25/446 2548/25/446 2547/25/446
f 107/25/447 2546/25/447 2548/25/447
f 112/25/448 2549/25/448 2546/25/448
f 112/25/449 117/25/449 2551/25/449
f 121/25/450 2552/25/450 2551/25/450
f 127/25/451 2554/25/451 2552/25/451
f 132/25/452 2556/25/452 2554/25/452
f 136/25/453 2557/25/453 2556/25/453
f 141/25/454 2559/25/454 2557/25/454
f 145/25/455 2561/25/455 2559/25/455
f 149/25/456 2571/25/456 2561/25/456
f 152/25/457 2572/25/457 2571/25/457
f 152/25/458 157/25/458 2579/25/458
f 157/25/459 161/25/459 2580/25/459
f 161/25/460 165/25/460 2587/25/460
f 165/25/461 167/25/461 2593/25/461
f 167/25/462 171/25/462 2594/25/462
f 171/25/463 174/25/463 2591/25/463
f 2590/25/464 2589/25/464 176/25/464
f 2589/25/464 2591/25/464 174/25/464
f 2585/25/465 2584/25/465 179/25/465
f 2584/25/465 2590/25/465 176/25/465
f 179/25/466 183/25/466 2582/25/466
f 183/25/467 185/25/467 2576/25/467
f 185/25/468 188/25/468 2577/25/468
f 188/25/469 191/25/469 2574/25/469
f 191/25/470 195/25/470 2566/25/470
f 195/25/471 198/25/471 2567/25/471
f 198/25/472 201/25/472 2568/25/472
f 201/25/473 203/25/473 2563/25/473
f 203/25/474 206/25/474 2564/25/474
f 206/25/475 19/25/475 2565/25/475
f 112/25/6 107/25/6 103/25/6
f 103/25/6 100/25/6 94/25/6
f 94/25/6 90/25/6 86/25/6
f 86/25/6 82/25/6 78/25/6
f 78/25/6 73/25/6 69/25/6
f 69/25/6 62/25/6 58/25/6
f 58/25/6 53/25/6 42/25/6
f 53/25/6 50/25/6 42/25/6
f 50/25/6 46/25/6 42/25/6
f 42/25/6 37/25/6 31/25/6
f 31/25/6 28/25/6 24/25/6
f 24/25/6 19/25/6 201/25/6
f 19/25/6 206/25/6 201/25/6
f 206/25/6 203/25/6 201/25/6
f 201/25/6 198/25/6 195/25/6
f 195/25/6 191/25/6 188/25/6
f 188/25/6 185/25/6 176/25/6
f 185/25/6 183/25/6 176/25/6
f 183/25/6 179/25/6 176/25/6
f 176/25/6 174/25/6 165/25/6
f 174/25/6 171/25/6 165/25/6
f 171/25/6 167/25/6 165/25/6
f 165/25/6 161/25/6 157/25/6
f 157/25/6 152/25/6 149/25/6
f 149/25/6 145/25/6 141/25/6
f 141/25/6 136/25/6 132/25/6
f 132/25/6 127/25/6 121/25/6
f 121/25/6 117/25/6 112/25/6
f 112/25/6 103/25/6 78/25/6
f 103/25/6 94/25/6 78/25/6
f 94/25/6 86/25/6 78/25/6
f 78/25/6 69/25/6 42/25/6
f 69/25/6 58/25/6 42/25/6
f 42/25/6 31/25/6 201/25/6
f 31/25/6 24/25/6 201/25/6
f 201/25/6 195/25/6 176/25/6
f 195/25/6 188/25/6 176/25/6
f 165/25/6 157/25/6 149/25/6
f 149/25/6 141/25/6 132/25/6
f 132/25/6 121/25/6 149/25/6
f 121/25/6 112/25/6 149/25/6
f 176/25/6 165/25/6 149/25/6
f 112/25/6 78/25/6 42/25/6
f 42/25/6 201/25/6 176/25/6
f 176/25/6 149/25/6 42/25/6
f 17/25/428 20/25/428 2626/25/428
f 20/25/429 23/25/429 2630/25/429
f 23/25/430 27/25/430 2629/25/430
f 27/25/431 30/25/431 2628/25/431
f 30/25/432 33/25/432 2644/25/432
f 33/25/433 36/25/433 2632/25/433
f 39/25/434 2636/25/434 2632/25/434
f 41/25/435 2634/25/435 2636/25/435
f 44/25/436 2642/25/436 2634/25/436
f 47/25/437 2638/25/437 2642/25/437
f 51/25/438 2641/25/438 2638/25/438
f 54/25/439 2639/25/439 2641/25/439
f 57/25/440 2640/25/440 2639/25/440
f 60/25/441 2637/25/441 2640/25/441
f 63/25/442 2643/25/442 2637/25/442
f 66/25/443 2633/25/443 2643/25/443
f 68/25/444 2635/25/444 2633/25/444
f 68/25/445 71/25/445 2615/25/445
f 75/25/446 2614/25/446 2615/25/446
f 77/25/447 2616/25/447 2614/25/447
f 81/25/448 2613/25/448 2616/25/448
f 84/25/449 2612/25/449 2613/25/449
f 87/25/450 2617/25/450 2612/25/450
f 89/25/451 2609/25/451 2617/25/451
f 92/25/452 2610/25/452 2609/25/452
f 96/25/453 2611/25/453 2610/25/453
f 99/25/454 2607/25/454 2611/25/454
f 101/25/455 2608/25/455 2607/25/455
f 104/25/456 2618/25/456 2608/25/456
f 108/25/457 2601/25/457 2618/25/457
f 108/25/458 111/25/458 2602/25/458
f 111/25/459 114/25/459 2603/25/459
f 114/25/460 116/25/460 2605/25/460
f 116/25/461 120/25/461 2598/25/461
f 120/25/462 123/25/462 2597/25/462
f 123/25/463 126/25/463 2596/25/463
f 126/25/464 128/25/464 2600/25/464
f 128/25/465 131/25/465 2599/25/465
f 131/25/466 135/25/466 2606/25/466
f 135/25/467 137/25/467 2604/25/467
f 137/25/468 140/25/468 2619/25/468
f 2620/25/469 2619/25/469 140/25/469
f 140/25/469 143/25/469 2620/25/469
f 143/25/470 147/25/470 2622/25/470
f 147/25/471 150/25/471 2623/25/471
f 150/25/472 153/25/472 2625/25/472
f 153/25/473 156/25/473 2624/25/473
f 156/25/474 159/25/474 2631/25/474
f 159/25/475 17/25/475 2627/25/475
f 71/25/6 68/25/6 66/25/6
f 66/25/6 63/25/6 60/25/6
f 60/25/6 57/25/6 54/25/6
f 54/25/6 51/25/6 47/25/6
f 47/25/6 44/25/6 41/25/6
f 41/25/6 39/25/6 36/25/6
f 36/25/6 33/25/6 30/25/6
f 30/25/6 27/25/6 36/25/6
f 27/25/6 23/25/6 36/25/6
f 23/25/6 20/25/6 156/25/6
f 20/25/6 17/25/6 156/25/6
f 17/25/6 159/25/6 156/25/6
f 156/25/6 153/25/6 143/25/6
f 153/25/6 150/25/6 143/25/6
f 150/25/6 147/25/6 143/25/6
f 143/25/6 140/25/6 137/25/6
f 137/25/6 135/25/6 143/25/6
f 135/25/6 131/25/6 143/25/6
f 131/25/6 128/25/6 126/25/6
f 126/25/6 123/25/6 131/25/6
f 123/25/6 120/25/6 131/25/6
f 120/25/6 116/25/6 108/25/6
f 116/25/6 114/25/6 108/25/6
f 114/25/6 111/25/6 108/25/6
f 108/25/6 104/25/6 101/25/6
f 101/25/6 99/25/6 108/25/6
f 99/25/6 96/25/6 108/25/6
f 96/25/6 92/25/6 89/25/6
f 89/25/6 87/25/6 84/25/6
f 84/25/6 81/25/6 71/25/6
f 81/25/6 77/25/6 71/25/6
f 77/25/6 75/25/6 71/25/6
f 71/25/6 66/25/6 47/25/6
f 66/25/6 60/25/6 47/25/6
f 60/25/6 54/25/6 47/25/6
f 47/25/6 41/25/6 23/25/6
f 41/25/6 36/25/6 23/25/6
f 96/25/6 89/25/6 71/25/6
f 89/25/6 84/25/6 71/25/6
f 23/25/6 156/25/6 143/25/6
f 143/25/6 131/25/6 120/25/6
f 120/25/6 108/25/6 71/25/6
f 108/25/6 96/25/6 71/25/6
f 71/25/6 47/25/6 120/25/6
f 47/25/6 23/25/6 120/25/6
f 2650/25/3719 2660/25/3719 2661/25/3719
f 2657/25/477 2658/25/477 2649/25/477
f 2654/25/479 2655/25/479 2647/25/479
f 2661/25/480 2662/25/480 2652/25/480
f 2649/25/481 2658/25/481 2659/25/481
f 2655/25/482 2656/25/482 2841/25/482
f 2662/25/483 2663/25/483 2843/25/483
f 2842/25/3720 2659/25/3720 2660/25/3720
f 2656/25/485 2657/25/485 2648/25/485
f 2843/25/486 2663/25/486 2664/25/486
f 2655/25/488 2666/25/488 2667/25/488
f 2662/25/3721 2673/25/3721 2674/25/3721
f 2659/25/490 2670/25/490 2671/25/490
f 2667/25/491 2668/25/491 2657/25/491
f 2674/25/3722 2675/25/3722 2664/25/3722
f 2671/25/3723 2672/25/3723 2661/25/3723
f 2668/25/495 2669/25/495 2658/25/495
f 2654/25/497 2665/25/497 2666/25/497
f 2661/25/498 2672/25/498 2673/25/498
f 2658/25/499 2669/25/499 2670/25/499
f 2668/25/500 2679/25/500 2680/25/500
f 2676/25/3724 2677/25/3724 2666/25/3724
f 2672/25/3725 2683/25/3725 2684/25/3725
f 2680/25/3726 2681/25/3726 2670/25/3726
f 2677/25/3727 2678/25/3727 2667/25/3727
f 2673/25/506 2684/25/506 2685/25/506
f 2681/25/507 2682/25/507 2671/25/507
f 2678/25/508 2679/25/508 2668/25/508
f 2685/25/509 2686/25/509 2675/25/509
f 2682/25/3728 2683/25/3728 2672/25/3728
f 2689/25/512 2690/25/512 2679/25/512
f 2685/25/513 2696/25/513 2697/25/513
f 2682/25/515 2693/25/515 2694/25/515
f 2690/25/516 2691/25/516 2680/25/516
f 2687/25/518 2688/25/518 2677/25/518
f 2683/25/519 2694/25/519 2695/25/519
f 2691/25/520 2692/25/520 2681/25/520
f 2688/25/521 2689/25/521 2678/25/521
f 2695/25/522 2696/25/522 2685/25/522
f 2681/25/3729 2692/25/3729 2693/25/3729
f 2691/25/524 2702/25/524 2703/25/524
f 2699/25/525 2700/25/525 2689/25/525
f 2695/25/3730 2706/25/3730 2707/25/3730
f 2692/25/527 2703/25/527 2704/25/527
f 2700/25/528 2701/25/528 2690/25/528
f 2707/25/529 2708/25/529 2697/25/529
f 2693/25/531 2704/25/531 2705/25/531
f 2690/25/532 2701/25/532 2702/25/532
f 2698/25/534 2699/25/534 2688/25/534
f 2694/25/535 2705/25/535 2706/25/535
f 2712/25/536 2713/25/536 2702/25/536
f 2709/25/3731 2710/25/3731 2699/25/3731
f 2705/25/539 2716/25/539 2717/25/539
f 2713/25/540 2714/25/540 2703/25/540
f 2710/25/541 2711/25/541 2700/25/541
f 2706/25/542 2717/25/542 2718/25/542
f 2714/25/3732 2715/25/3732 2704/25/3732
f 2700/25/544 2711/25/544 2712/25/544
f 2707/25/545 2718/25/545 2719/25/545
f 2715/25/547 2716/25/547 2705/25/547
f 2725/25/548 2726/25/548 2715/25/548
f 2722/25/549 2723/25/549 2712/25/549
f 2729/25/3733 2730/25/3733 2719/25/3733
f 2715/25/552 2726/25/552 2727/25/552
f 2723/25/553 2724/25/553 2713/25/553
f 2720/25/3734 2721/25/3734 2710/25/3734
f 2716/25/3735 2727/25/3735 2728/25/3735
f 2713/25/557 2724/25/557 2725/25/557
f 2721/25/3736 2722/25/3736 2711/25/3736
f 2717/25/559 2728/25/559 2729/25/559
f 2735/25/560 2736/25/560 2725/25/560
f 2732/25/561 2733/25/561 2722/25/561
f 2739/25/562 2740/25/562 2729/25/562
f 2725/25/563 2736/25/563 2737/25/563
f 2722/25/564 2733/25/564 2734/25/564
f 2740/25/565 2741/25/565 2730/25/565
f 2726/25/567 2737/25/567 2738/25/567
f 2734/25/568 2735/25/568 2724/25/568
f 2731/25/570 2732/25/570 2721/25/570
f 2738/25/571 2739/25/571 2728/25/571
f 2748/25/572 2749/25/572 2738/25/572
f 2734/25/573 2745/25/573 2746/25/573
f 2742/25/575 2743/25/575 2732/25/575
f 2738/25/576 2749/25/576 2750/25/576
f 2735/25/577 2746/25/577 2747/25/577
f 2743/25/578 2744/25/578 2733/25/578
f 2739/25/579 2750/25/579 2751/25/579
f 2747/25/3737 2748/25/3737 2737/25/3737
f 2733/25/581 2744/25/581 2745/25/581
f 2740/25/582 2751/25/582 2752/25/582
f 2747/25/584 2758/25/584 2759/25/584
f 2744/25/585 2755/25/585 2756/25/585
f 2751/25/586 2762/25/586 2763/25/586
f 2748/25/588 2759/25/588 2760/25/588
f 2756/25/589 2757/25/589 2746/25/589
f 2753/25/591 2754/25/591 2743/25/591
f 2749/25/592 2760/25/592 2761/25/592
f 2746/25/593 2757/25/593 2758/25/593
f 2754/25/594 2755/25/594 2744/25/594
f 2761/25/595 2762/25/595 2751/25/595
f 2760/25/596 2771/25/596 2772/25/596
f 2768/25/597 2769/25/597 2758/25/597
f 2765/25/598 2766/25/598 2755/25/598
f 2772/25/3738 2773/25/3738 2762/25/3738
f 2769/25/600 2770/25/600 2759/25/600
f 2766/25/601 2767/25/601 2756/25/601
f 2773/25/602 2774/25/602 2763/25/602
f 2770/25/604 2771/25/604 2760/25/604
f 2767/25/605 2768/25/605 2757/25/605
f 2764/25/3739 2765/25/3739 2754/25/3739
f 2781/25/609 2782/25/609 2771/25/609
f 2767/25/610 2778/25/610 2779/25/610
f 2775/25/3740 2776/25/3740 2765/25/3740
f 2771/25/613 2782/25/613 2783/25/613
f 2768/25/614 2779/25/614 2780/25/614
f 2776/25/615 2777/25/615 2766/25/615
f 2772/25/616 2783/25/616 2784/25/616
f 2780/25/3741 2781/25/3741 2770/25/3741
f 2766/25/618 2777/25/618 2778/25/618
f 2773/25/619 2784/25/619 2785/25/619
f 2794/25/620 2795/25/620 2784/25/620
f 2780/25/621 2791/25/621 2792/25/621
f 2777/25/622 2788/25/622 2789/25/622
f 2784/25/623 2795/25/623 2796/25/623
f 2781/25/625 2792/25/625 2793/25/625
f 2789/25/626 2790/25/626 2779/25/626
f 2786/25/628 2787/25/628 2776/25/628
f 2782/25/629 2793/25/629 2794/25/629
f 2779/25/630 2790/25/630 2791/25/630
f 2787/25/631 2788/25/631 2777/25/631
f 2786/25/632 2797/25/632 2798/25/632
f 2793/25/633 2804/25/633 2805/25/633
f 2801/25/634 2802/25/634 2791/25/634
f 2787/25/635 2798/25/635 2799/25/635
f 2794/25/3742 2805/25/3742 2806/25/3742
f 2802/25/637 2803/25/637 2792/25/637
f 2788/25/638 2799/25/638 2800/25/638
f 2806/25/639 2807/25/639 2796/25/639
f 2803/25/641 2804/25/641 2793/25/641
f 2789/25/642 2800/25/642 2801/25/642
f 2806/25/644 2817/25/644 2818/25/644
f 2814/25/646 2815/25/646 2804/25/646
f 2811/25/647 2812/25/647 2801/25/647
f 2808/25/649 2809/25/649 2798/25/649
f 2815/25/650 2816/25/650 2805/25/650
f 2812/25/651 2813/25/651 2802/25/651
f 2809/25/652 2810/25/652 2799/25/652
f 2816/25/653 2817/25/653 2806/25/653
f 2802/25/3743 2813/25/3743 2814/25/3743
f 2810/25/655 2811/25/655 2800/25/655
f 2809/25/656 2820/25/656 2821/25/656
f 2827/25/657 2828/25/657 2817/25/657
f 2813/25/3744 2824/25/3744 2825/25/3744
f 2821/25/659 2822/25/659 2811/25/659
f 2817/25/660 2828/25/660 2829/25/660
f 2825/25/662 2826/25/662 2815/25/662
f 2811/25/663 2822/25/663 2823/25/663
f 2819/25/3745 2820/25/3745 2809/25/3745
f 2815/25/666 2826/25/666 2827/25/666
f 2812/25/667 2823/25/667 2824/25/667
f 2819/25/669 2830/25/669 2831/25/669
f 2837/25/670 2838/25/670 2827/25/670
f 2834/25/671 2835/25/671 2824/25/671
f 2831/25/672 2832/25/672 2821/25/672
f 2827/25/673 2838/25/673 2839/25/673
f 2835/25/674 2836/25/674 2825/25/674
f 2832/25/675 2833/25/675 2822/25/675
f 2828/25/676 2839/25/676 2840/25/676
f 2836/25/678 2837/25/678 2826/25/678
f 2833/25/679 2834/25/679 2823/25/679
f 2832/25/680 2841/25/680 2648/25/680
f 2843/25/681 2844/25/681 2840/25/681
f 2836/25/3746 2650/25/3746 2651/25/3746
f 2833/25/684 2648/25/684 2649/25/684
f 2646/25/686 2647/25/686 2831/25/686
f 2837/25/687 2651/25/687 2652/25/687
f 2834/25/688 2649/25/688 2842/25/688
f 2831/25/689 2647/25/689 2841/25/689
f 2652/25/690 2843/25/690 2839/25/690
f 2835/25/691 2842/25/691 2650/25/691
f 2860/25/692 2861/25/692 2851/25/692
f 2848/25/693 2857/25/693 2858/25/693
f 2846/25/695 2854/25/695 2855/25/695
f 2851/25/696 2861/25/696 2862/25/696
f 2849/25/697 2858/25/697 2859/25/697
f 2855/25/698 2856/25/698 3041/25/698
f 2862/25/699 2863/25/699 3043/25/699
f 2859/25/700 2860/25/700 2850/25/700
f 2856/25/701 2857/25/701 2848/25/701
f 3043/25/702 2863/25/702 2864/25/702
f 2866/25/704 2867/25/704 2856/25/704
f 2873/25/705 2874/25/705 2863/25/705
f 2859/25/706 2870/25/706 2871/25/706
f 2856/25/3747 2867/25/3747 2868/25/3747
f 2863/25/708 2874/25/708 2875/25/708
f 2871/25/710 2872/25/710 2861/25/710
f 2868/25/711 2869/25/711 2858/25/711
f 2854/25/713 2865/25/713 2866/25/713
f 2872/25/714 2873/25/714 2862/25/714
f 2869/25/715 2870/25/715 2859/25/715
f 2868/25/716 2879/25/716 2880/25/716
f 2876/25/3748 2877/25/3748 2866/25/3748
f 2883/25/719 2884/25/719 2873/25/719
f 2869/25/720 2880/25/720 2881/25/720
f 2877/25/3749 2878/25/3749 2867/25/3749
f 2884/25/722 2885/25/722 2874/25/722
f 2881/25/3750 2882/25/3750 2871/25/3750
f 2878/25/724 2879/25/724 2868/25/724
f 2874/25/725 2885/25/725 2886/25/725
f 2882/25/727 2883/25/727 2872/25/727
f 2889/25/728 2890/25/728 2879/25/728
f 2885/25/3751 2896/25/3751 2897/25/3751
f 2893/25/731 2894/25/731 2883/25/731
f 2890/25/732 2891/25/732 2880/25/732
f 2876/25/734 2887/25/734 2888/25/734
f 2894/25/3752 2895/25/3752 2884/25/3752
f 2891/25/736 2892/25/736 2881/25/736
f 2877/25/737 2888/25/737 2889/25/737
f 2884/25/738 2895/25/738 2896/25/738
f 2881/25/3753 2892/25/3753 2893/25/3753
f 2902/25/740 2903/25/740 2892/25/740
f 2899/25/741 2900/25/741 2889/25/741
f 2906/25/742 2907/25/742 2896/25/742
f 2903/25/743 2904/25/743 2893/25/743
f 2889/25/744 2900/25/744 2901/25/744
f 2896/25/745 2907/25/745 2908/25/745
f 2893/25/747 2904/25/747 2905/25/747
f 2890/25/748 2901/25/748 2902/25/748
f 2898/25/750 2899/25/750 2888/25/750
f 2894/25/751 2905/25/751 2906/25/751
f 2912/25/752 2913/25/752 2902/25/752
f 2909/25/754 2910/25/754 2899/25/754
f 2916/25/3754 2917/25/3754 2906/25/3754
f 2913/25/756 2914/25/756 2903/25/756
f 2899/25/757 2910/25/757 2911/25/757
f 2917/25/758 2918/25/758 2907/25/758
f 2903/25/3755 2914/25/3755 2915/25/3755
f 2900/25/760 2911/25/760 2912/25/760
f 2907/25/761 2918/25/761 2919/25/761
f 2915/25/763 2916/25/763 2905/25/763
f 2925/25/3756 2926/25/3756 2915/25/3756
f 2922/25/765 2923/25/765 2912/25/765
f 2918/25/766 2929/25/766 2930/25/766
f 2915/25/768 2926/25/768 2927/25/768
f 2923/25/769 2924/25/769 2913/25/769
f 2920/25/3757 2921/25/3757 2910/25/3757
f 2927/25/772 2928/25/772 2917/25/772
f 2924/25/773 2925/25/773 2914/25/773
f 2921/25/774 2922/25/774 2911/25/774
f 2917/25/775 2928/25/775 2929/25/775
f 2924/25/776 2935/25/776 2936/25/776
f 2932/25/777 2933/25/777 2922/25/777
f 2928/25/778 2939/25/778 2940/25/778
f 2936/25/779 2937/25/779 2926/25/779
f 2933/25/780 2934/25/780 2923/25/780
f 2940/25/781 2941/25/781 2930/25/781
f 2926/25/783 2937/25/783 2938/25/783
f 2923/25/784 2934/25/784 2935/25/784
f 2920/25/3758 2931/25/3758 2932/25/3758
f 2938/25/787 2939/25/787 2928/25/787
f 2948/25/788 2949/25/788 2938/25/788
f 2934/25/789 2945/25/789 2946/25/789
f 2942/25/791 2943/25/791 2932/25/791
f 2949/25/792 2950/25/792 2939/25/792
f 2946/25/793 2947/25/793 2936/25/793
f 2932/25/794 2943/25/794 2944/25/794
f 2950/25/795 2951/25/795 2940/25/795
f 2936/25/796 2947/25/796 2948/25/796
f 2933/25/797 2944/25/797 2945/25/797
f 2940/25/798 2951/25/798 2952/25/798
f 2958/25/800 2959/25/800 2948/25/800
f 2944/25/801 2955/25/801 2956/25/801
f 2962/25/3759 2963/25/3759 2952/25/3759
f 2959/25/3760 2960/25/3760 2949/25/3760
f 2956/25/805 2957/25/805 2946/25/805
f 2953/25/807 2954/25/807 2943/25/807
f 2949/25/808 2960/25/808 2961/25/808
f 2957/25/809 2958/25/809 2947/25/809
f 2943/25/810 2954/25/810 2955/25/810
f 2961/25/811 2962/25/811 2951/25/811
f 2960/25/3761 2971/25/3761 2972/25/3761
f 2968/25/813 2969/25/813 2958/25/813
f 2965/25/814 2966/25/814 2955/25/814
f 2961/25/815 2972/25/815 2973/25/815
f 2958/25/816 2969/25/816 2970/25/816
f 2966/25/817 2967/25/817 2956/25/817
f 2973/25/818 2974/25/818 2963/25/818
f 2959/25/820 2970/25/820 2971/25/820
f 2956/25/821 2967/25/821 2968/25/821
f 2953/25/823 2964/25/823 2965/25/823
f 2970/25/825 2981/25/825 2982/25/825
f 2978/25/826 2979/25/826 2968/25/826
f 2964/25/828 2975/25/828 2976/25/828
f 2982/25/829 2983/25/829 2972/25/829
f 2968/25/830 2979/25/830 2980/25/830
f 2976/25/3762 2977/25/3762 2966/25/3762
f 2972/25/832 2983/25/832 2984/25/832
f 2969/25/3763 2980/25/3763 2981/25/3763
f 2977/25/834 2978/25/834 2967/25/834
f 2984/25/835 2985/25/835 2974/25/835
f 2994/25/836 2995/25/836 2984/25/836
f 2991/25/837 2992/25/837 2981/25/837
f 2977/25/838 2988/25/838 2989/25/838
f 2984/25/839 2995/25/839 2996/25/839
f 2992/25/841 2993/25/841 2982/25/841
f 2978/25/842 2989/25/842 2990/25/842
f 2986/25/844 2987/25/844 2976/25/844
f 2982/25/3764 2993/25/3764 2994/25/3764
f 2990/25/3765 2991/25/3765 2980/25/3765
f 2987/25/847 2988/25/847 2977/25/847
f 2986/25/848 2997/25/848 2998/25/848
f 2993/25/849 3004/25/849 3005/25/849
f 3001/25/850 3002/25/850 2991/25/850
f 2987/25/851 2998/25/851 2999/25/851
f 2994/25/852 3005/25/852 3006/25/852
f 2991/25/853 3002/25/853 3003/25/853
f 2988/25/854 2999/25/854 3000/25/854
f 3006/25/855 3007/25/855 2996/25/855
f 2992/25/857 3003/25/857 3004/25/857
f 3000/25/858 3001/25/858 2990/25/858
f 3006/25/860 3017/25/860 3018/25/860
f 3003/25/862 3014/25/862 3015/25/862
f 3011/25/863 3012/25/863 3001/25/863
f 2997/25/865 3008/25/865 3009/25/865
f 3004/25/866 3015/25/866 3016/25/866
f 3012/25/867 3013/25/867 3002/25/867
f 3009/25/868 3010/25/868 2999/25/868
f 3005/25/869 3016/25/869 3017/25/869
f 3013/25/3766 3014/25/3766 3003/25/3766
f 2999/25/871 3010/25/871 3011/25/871
f 3020/25/3767 3021/25/3767 3010/25/3767
f 3016/25/873 3027/25/873 3028/25/873
f 3024/25/3768 3025/25/3768 3014/25/3768
f 3021/25/875 3022/25/875 3011/25/875
f 3028/25/876 3029/25/876 3018/25/876
f 3014/25/878 3025/25/878 3026/25/878
f 3011/25/879 3022/25/879 3023/25/879
f 3008/25/3769 3019/25/3769 3020/25/3769
f 3026/25/882 3027/25/882 3016/25/882
f 3012/25/883 3023/25/883 3024/25/883
f 3019/25/885 3030/25/885 3031/25/885
f 3037/25/886 3038/25/886 3027/25/886
f 3023/25/887 3034/25/887 3035/25/887
f 3031/25/888 3032/25/888 3021/25/888
f 3027/25/889 3038/25/889 3039/25/889
f 3024/25/890 3035/25/890 3036/25/890
f 3021/25/891 3032/25/891 3033/25/891
f 3028/25/892 3039/25/892 3040/25/892
f 3036/25/894 3037/25/894 3026/25/894
f 3022/25/895 3033/25/895 3034/25/895
f 3041/25/896 2848/25/896 3033/25/896
f 3039/25/3770 3043/25/3770 3044/25/3770
f 2850/25/899 2851/25/899 3037/25/899
f 2848/25/900 2849/25/900 3034/25/900
f 3030/25/902 2846/25/902 2847/25/902
f 2851/25/903 2852/25/903 3038/25/903
f 2849/25/904 3042/25/904 3035/25/904
f 2847/25/905 3041/25/905 3032/25/905
f 3038/25/906 2852/25/906 3043/25/906
f 3042/25/907 2850/25/907 3036/25/907
f 3050/25/908 3060/25/908 3061/25/908
f 3057/25/909 3058/25/909 3049/25/909
f 3046/25/911 3054/25/911 3055/25/911
f 3051/25/912 3061/25/912 3062/25/912
f 3049/25/913 3058/25/913 3059/25/913
f 3055/25/914 3056/25/914 3241/25/914
f 3052/25/3771 3062/25/3771 3063/25/3771
f 3242/25/916 3059/25/916 3060/25/916
f 3056/25/917 3057/25/917 3048/25/917
f 3063/25/918 3064/25/918 3244/25/918
f 3066/25/920 3067/25/920 3056/25/920
f 3062/25/921 3073/25/921 3074/25/921
f 3059/25/922 3070/25/922 3071/25/922
f 3056/25/923 3067/25/923 3068/25/923
f 3063/25/3772 3074/25/3772 3075/25/3772
f 3060/25/926 3071/25/926 3072/25/926
f 3068/25/927 3069/25/927 3058/25/927
f 3065/25/929 3066/25/929 3055/25/929
f 3072/25/930 3073/25/930 3062/25/930
f 3069/25/931 3070/25/931 3059/25/931
f 3079/25/932 3080/25/932 3069/25/932
f 3076/25/934 3077/25/934 3066/25/934
f 3083/25/935 3084/25/935 3073/25/935
f 3080/25/936 3081/25/936 3070/25/936
f 3066/25/3773 3077/25/3773 3078/25/3773
f 3084/25/938 3085/25/938 3074/25/938
f 3081/25/3774 3082/25/3774 3071/25/3774
f 3078/25/940 3079/25/940 3068/25/940
f 3085/25/941 3086/25/941 3075/25/941
f 3082/25/943 3083/25/943 3072/25/943
f 3078/25/944 3089/25/944 3090/25/944
f 3085/25/945 3096/25/945 3097/25/945
f 3093/25/947 3094/25/947 3083/25/947
f 3090/25/948 3091/25/948 3080/25/948
f 3087/25/3775 3088/25/3775 3077/25/3775
f 3094/25/951 3095/25/951 3084/25/951
f 3091/25/952 3092/25/952 3081/25/952
f 3088/25/953 3089/25/953 3078/25/953
f 3095/25/954 3096/25/954 3085/25/954
f 3081/25/3776 3092/25/3776 3093/25/3776
f 3102/25/956 3103/25/956 3092/25/956
f 3099/25/957 3100/25/957 3089/25/957
f 3095/25/3777 3106/25/3777 3107/25/3777
f 3092/25/959 3103/25/959 3104/25/959
f 3089/25/960 3100/25/960 3101/25/960
f 3107/25/961 3108/25/961 3097/25/961
f 3093/25/963 3104/25/963 3105/25/963
f 3101/25/964 3102/25/964 3091/25/964
f 3087/25/966 3098/25/966 3099/25/966
f 3094/25/967 3105/25/967 3106/25/967
f 3101/25/968 3112/25/968 3113/25/968
f 3109/25/3778 3110/25/3778 3099/25/3778
f 3105/25/971 3116/25/971 3117/25/971
f 3113/25/972 3114/25/972 3103/25/972
f 3099/25/973 3110/25/973 3111/25/973
f 3106/25/974 3117/25/974 3118/25/974
f 3114/25/3779 3115/25/3779 3104/25/3779
f 3100/25/3780 3111/25/3780 3112/25/3780
f 3118/25/3781 3119/25/3781 3108/25/3781
f 3115/25/979 3116/25/979 3105/25/979
f 3114/25/3782 3125/25/3782 3126/25/3782
f 3122/25/981 3123/25/981 3112/25/981
f 3129/25/982 3130/25/982 3119/25/982
f 3115/25/984 3126/25/984 3127/25/984
f 3123/25/985 3124/25/985 3113/25/985
f 3120/25/3783 3121/25/3783 3110/25/3783
f 3127/25/988 3128/25/988 3117/25/988
f 3113/25/989 3124/25/989 3125/25/989
f 3121/25/3784 3122/25/3784 3111/25/3784
f 3128/25/991 3129/25/991 3118/25/991
f 3135/25/992 3136/25/992 3125/25/992
f 3132/25/993 3133/25/993 3122/25/993
f 3139/25/994 3140/25/994 3129/25/994
f 3136/25/995 3137/25/995 3126/25/995
f 3133/25/996 3134/25/996 3123/25/996
f 3140/25/3785 3141/25/3785 3130/25/3785
f 3137/25/999 3138/25/999 3127/25/999
f 3134/25/1000 3135/25/1000 3124/25/1000
f 3131/25/1002 3132/25/1002 3121/25/1002
f 3127/25/1003 3138/25/1003 3139/25/1003
f 3148/25/1004 3149/25/1004 3138/25/1004
f 3145/25/1005 3146/25/1005 3135/25/1005
f 3131/25/1007 3142/25/1007 3143/25/1007
f 3149/25/1008 3150/25/1008 3139/25/1008
f 3146/25/1009 3147/25/1009 3136/25/1009
f 3143/25/1010 3144/25/1010 3133/25/1010
f 3150/25/1011 3151/25/1011 3140/25/1011
f 3136/25/1012 3147/25/1012 3148/25/1012
f 3144/25/1013 3145/25/1013 3134/25/1013
f 3151/25/1014 3152/25/1014 3141/25/1014
f 3147/25/1016 3158/25/1016 3159/25/1016
f 3155/25/1017 3156/25/1017 3145/25/1017
f 3162/25/3786 3163/25/3786 3152/25/3786
f 3159/25/1020 3160/25/1020 3149/25/1020
f 3156/25/1021 3157/25/1021 3146/25/1021
f 3153/25/1023 3154/25/1023 3143/25/1023
f 3160/25/1024 3161/25/1024 3150/25/1024
f 3157/25/1025 3158/25/1025 3147/25/1025
f 3154/25/1026 3155/25/1026 3144/25/1026
f 3150/25/1027 3161/25/1027 3162/25/1027
f 3160/25/1028 3171/25/1028 3172/25/1028
f 3157/25/1029 3168/25/1029 3169/25/1029
f 3165/25/1030 3166/25/1030 3155/25/1030
f 3161/25/3787 3172/25/3787 3173/25/3787
f 3158/25/1032 3169/25/1032 3170/25/1032
f 3155/25/1033 3166/25/1033 3167/25/1033
f 3162/25/1034 3173/25/1034 3174/25/1034
f 3170/25/1036 3171/25/1036 3160/25/1036
f 3156/25/3788 3167/25/3788 3168/25/3788
f 3164/25/1039 3165/25/1039 3154/25/1039
f 3181/25/1041 3182/25/1041 3171/25/1041
f 3178/25/1042 3179/25/1042 3168/25/1042
f 3164/25/1044 3175/25/1044 3176/25/1044
f 3182/25/3789 3183/25/3789 3172/25/3789
f 3179/25/1046 3180/25/1046 3169/25/1046
f 3176/25/1047 3177/25/1047 3166/25/1047
f 3183/25/1048 3184/25/1048 3173/25/1048
f 3180/25/3790 3181/25/3790 3170/25/3790
f 3177/25/1050 3178/25/1050 3167/25/1050
f 3184/25/1051 3185/25/1051 3174/25/1051
f 3183/25/1052 3194/25/1052 3195/25/1052
f 3191/25/3791 3192/25/3791 3181/25/3791
f 3188/25/1054 3189/25/1054 3178/25/1054
f 3195/25/3792 3196/25/3792 3185/25/3792
f 3181/25/1057 3192/25/1057 3193/25/1057
f 3189/25/1058 3190/25/1058 3179/25/1058
f 3186/25/1060 3187/25/1060 3176/25/1060
f 3182/25/1061 3193/25/1061 3194/25/1061
f 3190/25/3793 3191/25/3793 3180/25/3793
f 3187/25/1063 3188/25/1063 3177/25/1063
f 3197/25/1064 3198/25/1064 3187/25/1064
f 3204/25/1065 3205/25/1065 3194/25/1065
f 3201/25/1066 3202/25/1066 3191/25/1066
f 3198/25/1067 3199/25/1067 3188/25/1067
f 3194/25/3794 3205/25/3794 3206/25/3794
f 3202/25/1069 3203/25/1069 3192/25/1069
f 3199/25/1070 3200/25/1070 3189/25/1070
f 3195/25/1071 3206/25/1071 3207/25/1071
f 3203/25/1073 3204/25/1073 3193/25/1073
f 3189/25/1074 3200/25/1074 3201/25/1074
f 3206/25/1076 3217/25/1076 3218/25/1076
f 3203/25/1078 3214/25/1078 3215/25/1078
f 3200/25/1079 3211/25/1079 3212/25/1079
f 3197/25/1081 3208/25/1081 3209/25/1081
f 3204/25/1082 3215/25/1082 3216/25/1082
f 3201/25/3795 3212/25/3795 3213/25/3795
f 3209/25/1084 3210/25/1084 3199/25/1084
f 3216/25/1085 3217/25/1085 3206/25/1085
f 3202/25/3796 3213/25/3796 3214/25/3796
f 3199/25/1087 3210/25/1087 3211/25/1087
f 3220/25/3797 3221/25/3797 3210/25/3797
f 3227/25/1089 3228/25/1089 3217/25/1089
f 3224/25/3798 3225/25/3798 3214/25/3798
f 3210/25/3799 3221/25/3799 3222/25/3799
f 3217/25/1092 3228/25/1092 3229/25/1092
f 3214/25/1094 3225/25/1094 3226/25/1094
f 3222/25/1095 3223/25/1095 3212/25/1095
f 3219/25/1097 3220/25/1097 3209/25/1097
f 3226/25/1098 3227/25/1098 3216/25/1098
f 3223/25/1099 3224/25/1099 3213/25/1099
f 3230/25/1101 3231/25/1101 3220/25/1101
f 3237/25/1102 3238/25/1102 3227/25/1102
f 3234/25/1103 3235/25/1103 3224/25/1103
f 3231/25/1104 3232/25/1104 3221/25/1104
f 3227/25/1105 3238/25/1105 3239/25/1105
f 3224/25/1106 3235/25/1106 3236/25/1106
f 3232/25/1107 3233/25/1107 3222/25/1107
f 3228/25/1108 3239/25/1108 3240/25/1108
f 3225/25/1110 3236/25/1110 3237/25/1110
f 3233/25/1111 3234/25/1111 3223/25/1111
f 3241/25/1112 3048/25/1112 3233/25/1112
f 3243/25/3800 3244/25/3800 3240/25/3800
f 3050/25/3801 3051/25/3801 3237/25/3801
f 3233/25/1116 3048/25/1116 3049/25/1116
f 3230/25/1118 3046/25/1118 3047/25/1118
f 3237/25/1119 3051/25/1119 3052/25/1119
f 3234/25/1120 3049/25/1120 3242/25/1120
f 3231/25/1121 3047/25/1121 3241/25/1121
f 3052/25/1122 3243/25/1122 3239/25/1122
f 3235/25/1123 3242/25/1123 3050/25/1123
f 3260/25/1124 3261/25/1124 3251/25/1124
f 3248/25/1125 3257/25/1125 3258/25/1125
f 3254/25/1127 3255/25/1127 3247/25/1127
f 3251/25/1128 3261/25/1128 3262/25/1128
f 3249/25/1129 3258/25/1129 3259/25/1129
f 3255/25/1130 3256/25/1130 3441/25/1130
f 3262/25/1131 3263/25/1131 3443/25/1131
f 3259/25/1132 3260/25/1132 3250/25/1132
f 3441/25/1133 3256/25/1133 3257/25/1133
f 3443/25/1134 3263/25/1134 3264/25/1134
f 3266/25/1136 3267/25/1136 3256/25/1136
f 3273/25/1137 3274/25/1137 3263/25/1137
f 3270/25/1138 3271/25/1138 3260/25/1138
f 3267/25/1139 3268/25/1139 3257/25/1139
f 3263/25/1140 3274/25/1140 3275/25/1140
f 3271/25/1142 3272/25/1142 3261/25/1142
f 3268/25/1143 3269/25/1143 3258/25/1143
f 3265/25/1145 3266/25/1145 3255/25/1145
f 3261/25/1146 3272/25/1146 3273/25/1146
f 3269/25/3802 3270/25/3802 3259/25/3802
f 3279/25/1148 3280/25/1148 3269/25/1148
f 3265/25/3803 3276/25/3803 3277/25/3803
f 3283/25/1151 3284/25/1151 3273/25/1151
f 3280/25/1152 3281/25/1152 3270/25/1152
f 3266/25/1153 3277/25/1153 3278/25/1153
f 3284/25/1154 3285/25/1154 3274/25/1154
f 3281/25/1155 3282/25/1155 3271/25/1155
f 3278/25/1156 3279/25/1156 3268/25/1156
f 3274/25/1157 3285/25/1157 3286/25/1157
f 3271/25/1159 3282/25/1159 3283/25/1159
f 3278/25/3804 3289/25/3804 3290/25/3804
f 3285/25/1161 3296/25/1161 3297/25/1161
f 3293/25/1163 3294/25/1163 3283/25/1163
f 3279/25/1164 3290/25/1164 3291/25/1164
f 3287/25/1166 3288/25/1166 3277/25/1166
f 3283/25/1167 3294/25/1167 3295/25/1167
f 3291/25/1168 3292/25/1168 3281/25/1168
f 3288/25/1169 3289/25/1169 3278/25/1169
f 3284/25/1170 3295/25/1170 3296/25/1170
f 3292/25/3805 3293/25/3805 3282/25/3805
f 3291/25/1172 3302/25/1172 3303/25/1172
f 3299/25/1173 3300/25/1173 3289/25/1173
f 3295/25/1174 3306/25/1174 3307/25/1174
f 3303/25/1175 3304/25/1175 3293/25/1175
f 3300/25/1176 3301/25/1176 3290/25/1176
f 3307/25/1177 3308/25/1177 3297/25/1177
f 3293/25/1179 3304/25/1179 3305/25/1179
f 3301/25/1180 3302/25/1180 3291/25/1180
f 3298/25/1182 3299/25/1182 3288/25/1182
f 3294/25/1183 3305/25/1183 3306/25/1183
f 3312/25/1184 3313/25/1184 3302/25/1184
f 3309/25/1186 3310/25/1186 3299/25/1186
f 3305/25/1187 3316/25/1187 3317/25/1187
f 3313/25/1188 3314/25/1188 3303/25/1188
f 3310/25/1189 3311/25/1189 3300/25/1189
f 3317/25/1190 3318/25/1190 3307/25/1190
f 3303/25/1191 3314/25/1191 3315/25/1191
f 3311/25/3806 3312/25/3806 3301/25/3806
f 3318/25/1193 3319/25/1193 3308/25/1193
f 3315/25/1195 3316/25/1195 3305/25/1195
f 3325/25/3807 3326/25/3807 3315/25/3807
f 3322/25/1197 3323/25/1197 3312/25/1197
f 3329/25/1198 3330/25/1198 3319/25/1198
f 3326/25/1200 3327/25/1200 3316/25/1200
f 3312/25/1201 3323/25/1201 3324/25/1201
f 3309/25/1203 3320/25/1203 3321/25/1203
f 3316/25/1204 3327/25/1204 3328/25/1204
f 3313/25/3808 3324/25/3808 3325/25/3808
f 3321/25/1206 3322/25/1206 3311/25/1206
f 3317/25/1207 3328/25/1207 3329/25/1207
f 3324/25/3809 3335/25/3809 3336/25/3809
f 3332/25/1209 3333/25/1209 3322/25/1209
f 3339/25/1210 3340/25/1210 3329/25/1210
f 3325/25/1211 3336/25/1211 3337/25/1211
f 3333/25/1212 3334/25/1212 3323/25/1212
f 3329/25/1213 3340/25/1213 3341/25/1213
f 3337/25/1215 3338/25/1215 3327/25/1215
f 3323/25/1216 3334/25/1216 3335/25/1216
f 3331/25/1218 3332/25/1218 3321/25/1218
f 3338/25/1219 3339/25/1219 3328/25/1219
f 3337/25/1220 3348/25/1220 3349/25/1220
f 3334/25/1221 3345/25/1221 3346/25/1221
f 3342/25/1223 3343/25/1223 3332/25/1223
f 3338/25/1224 3349/25/1224 3350/25/1224
f 3346/25/1225 3347/25/1225 3336/25/1225
f 3332/25/1226 3343/25/1226 3344/25/1226
f 3339/25/1227 3350/25/1227 3351/25/1227
f 3336/25/1228 3347/25/1228 3348/25/1228
f 3344/25/1229 3345/25/1229 3334/25/1229
f 3351/25/1230 3352/25/1230 3341/25/1230
f 3358/25/1232 3359/25/1232 3348/25/1232
f 3344/25/1233 3355/25/1233 3356/25/1233
f 3351/25/1234 3362/25/1234 3363/25/1234
f 3348/25/3810 3359/25/3810 3360/25/3810
f 3356/25/1237 3357/25/1237 3346/25/1237
f 3353/25/1239 3354/25/1239 3343/25/1239
f 3360/25/1240 3361/25/1240 3350/25/1240
f 3357/25/1241 3358/25/1241 3347/25/1241
f 3354/25/1242 3355/25/1242 3344/25/1242
f 3361/25/1243 3362/25/1243 3351/25/1243
f 3360/25/1244 3371/25/1244 3372/25/1244
f 3357/25/1245 3368/25/1245 3369/25/1245
f 3354/25/1246 3365/25/1246 3366/25/1246
f 3372/25/1247 3373/25/1247 3362/25/1247
f 3358/25/1248 3369/25/1248 3370/25/1248
f 3366/25/1249 3367/25/1249 3356/25/1249
f 3362/25/1250 3373/25/1250 3374/25/1250
f 3359/25/1252 3370/25/1252 3371/25/1252
f 3356/25/1253 3367/25/1253 3368/25/1253
f 3353/25/1255 3364/25/1255 3365/25/1255
f 3381/25/1257 3382/25/1257 3371/25/1257
f 3367/25/1258 3378/25/1258 3379/25/1258
f 3375/25/3811 3376/25/3811 3365/25/3811
f 3382/25/3812 3383/25/3812 3372/25/3812
f 3368/25/1262 3379/25/1262 3380/25/1262
f 3376/25/1263 3377/25/1263 3366/25/1263
f 3383/25/1264 3384/25/1264 3373/25/1264
f 3380/25/3813 3381/25/3813 3370/25/3813
f 3366/25/3814 3377/25/3814 3378/25/3814
f 3384/25/1267 3385/25/1267 3374/25/1267
f 3383/25/1268 3394/25/1268 3395/25/1268
f 3391/25/1269 3392/25/1269 3381/25/1269
f 3388/25/1270 3389/25/1270 3378/25/1270
f 3384/25/1271 3395/25/1271 3396/25/1271
f 3392/25/1273 3393/25/1273 3382/25/1273
f 3389/25/1274 3390/25/1274 3379/25/1274
f 3386/25/3815 3387/25/3815 3376/25/3815
f 3393/25/1277 3394/25/1277 3383/25/1277
f 3390/25/1278 3391/25/1278 3380/25/1278
f 3376/25/1279 3387/25/1279 3388/25/1279
f 3386/25/1280 3397/25/1280 3398/25/1280
f 3393/25/1281 3404/25/1281 3405/25/1281
f 3401/25/1282 3402/25/1282 3391/25/1282
f 3398/25/1283 3399/25/1283 3388/25/1283
f 3405/25/1284 3406/25/1284 3395/25/1284
f 3402/25/1285 3403/25/1285 3392/25/1285
f 3399/25/1286 3400/25/1286 3389/25/1286
f 3406/25/1287 3407/25/1287 3396/25/1287
f 3403/25/1289 3404/25/1289 3393/25/1289
f 3400/25/1290 3401/25/1290 3390/25/1290
f 3406/25/1292 3417/25/1292 3418/25/1292
f 3414/25/1294 3415/25/1294 3404/25/1294
f 3400/25/1295 3411/25/1295 3412/25/1295
f 3397/25/3816 3408/25/3816 3409/25/3816
f 3415/25/1298 3416/25/1298 3405/25/1298
f 3401/25/1299 3412/25/1299 3413/25/1299
f 3398/25/1300 3409/25/1300 3410/25/1300
f 3416/25/1301 3417/25/1301 3406/25/1301
f 3413/25/1302 3414/25/1302 3403/25/1302
f 3410/25/1303 3411/25/1303 3400/25/1303
f 3420/25/3817 3421/25/3817 3410/25/3817
f 3427/25/1305 3428/25/1305 3417/25/1305
f 3424/25/3818 3425/25/3818 3414/25/3818
f 3410/25/1307 3421/25/1307 3422/25/1307
f 3417/25/1308 3428/25/1308 3429/25/1308
f 3414/25/3819 3425/25/3819 3426/25/3819
f 3422/25/1311 3423/25/1311 3412/25/1311
f 3408/25/1313 3419/25/1313 3420/25/1313
f 3426/25/1314 3427/25/1314 3416/25/1314
f 3412/25/1315 3423/25/1315 3424/25/1315
f 3419/25/1317 3430/25/1317 3431/25/1317
f 3437/25/1318 3438/25/1318 3427/25/1318
f 3434/25/1319 3435/25/1319 3424/25/1319
f 3420/25/1320 3431/25/1320 3432/25/1320
f 3427/25/1321 3438/25/1321 3439/25/1321
f 3435/25/1322 3436/25/1322 3425/25/1322
f 3432/25/1323 3433/25/1323 3422/25/1323
f 3439/25/1324 3440/25/1324 3429/25/1324
f 3425/25/1326 3436/25/1326 3437/25/1326
f 3433/25/1327 3434/25/1327 3423/25/1327
f 3441/25/1328 3248/25/1328 3433/25/1328
f 3443/25/1329 3444/25/1329 3440/25/1329
f 3250/25/3820 3251/25/3820 3437/25/3820
f 3248/25/1332 3249/25/1332 3434/25/1332
f 3246/25/1334 3247/25/1334 3431/25/1334
f 3437/25/1335 3251/25/1335 3252/25/1335
f 3249/25/1336 3442/25/1336 3435/25/1336
f 3247/25/1337 3441/25/1337 3432/25/1337
f 3438/25/1338 3252/25/1338 3443/25/1338
f 3442/25/1339 3250/25/1339 3436/25/1339
f 3460/25/3821 3461/25/3821 3451/25/3821
f 3448/25/1341 3457/25/1341 3458/25/1341
f 3454/25/1343 3455/25/1343 3447/25/1343
f 3451/25/1344 3461/25/1344 3462/25/1344
f 3449/25/1345 3458/25/1345 3459/25/1345
f 3455/25/1346 3456/25/1346 3641/25/1346
f 3462/25/1347 3463/25/1347 3643/25/1347
f 3642/25/1348 3459/25/1348 3460/25/1348
f 3456/25/1349 3457/25/1349 3448/25/1349
f 3463/25/1350 3464/25/1350 3644/25/1350
f 3466/25/1352 3467/25/1352 3456/25/1352
f 3473/25/1353 3474/25/1353 3463/25/1353
f 3470/25/1354 3471/25/1354 3460/25/1354
f 3456/25/1355 3467/25/1355 3468/25/1355
f 3463/25/1356 3474/25/1356 3475/25/1356
f 3460/25/1358 3471/25/1358 3472/25/1358
f 3457/25/1359 3468/25/1359 3469/25/1359
f 3454/25/1361 3465/25/1361 3466/25/1361
f 3461/25/1362 3472/25/1362 3473/25/1362
f 3458/25/1363 3469/25/1363 3470/25/1363
f 3468/25/3822 3479/25/3822 3480/25/3822
f 3476/25/1366 3477/25/1366 3466/25/1366
f 3483/25/1367 3484/25/1367 3473/25/1367
f 3480/25/3823 3481/25/3823 3470/25/3823
f 3466/25/3824 3477/25/3824 3478/25/3824
f 3473/25/1370 3484/25/1370 3485/25/1370
f 3481/25/3825 3482/25/3825 3471/25/3825
f 3478/25/3826 3479/25/3826 3468/25/3826
f 3485/25/1373 3486/25/1373 3475/25/1373
f 3482/25/1375 3483/25/1375 3472/25/1375
f 3489/25/1376 3490/25/1376 3479/25/1376
f 3485/25/1377 3496/25/1377 3497/25/1377
f 3482/25/1379 3493/25/1379 3494/25/1379
f 3479/25/1380 3490/25/1380 3491/25/1380
f 3476/25/1382 3487/25/1382 3488/25/1382
f 3494/25/1383 3495/25/1383 3484/25/1383
f 3491/25/1384 3492/25/1384 3481/25/1384
f 3488/25/1385 3489/25/1385 3478/25/1385
f 3495/25/1386 3496/25/1386 3485/25/1386
f 3481/25/3827 3492/25/3827 3493/25/3827
f 3491/25/1388 3502/25/1388 3503/25/1388
f 3488/25/1389 3499/25/1389 3500/25/1389
f 3506/25/3828 3507/25/3828 3496/25/3828
f 3503/25/1391 3504/25/1391 3493/25/1391
f 3489/25/1392 3500/25/1392 3501/25/1392
f 3496/25/3829 3507/25/3829 3508/25/3829
f 3504/25/1395 3505/25/1395 3494/25/1395
f 3490/25/1396 3501/25/1396 3502/25/1396
f 3498/25/1398 3499/25/1398 3488/25/1398
f 3494/25/1399 3505/25/1399 3506/25/1399
f 3512/25/1400 3513/25/1400 3502/25/1400
f 3509/25/1402 3510/25/1402 3499/25/1402
f 3505/25/1403 3516/25/1403 3517/25/1403
f 3502/25/1404 3513/25/1404 3514/25/1404
f 3510/25/1405 3511/25/1405 3500/25/1405
f 3506/25/1406 3517/25/1406 3518/25/1406
f 3503/25/3830 3514/25/3830 3515/25/3830
f 3511/25/1408 3512/25/1408 3501/25/1408
f 3507/25/3831 3518/25/3831 3519/25/3831
f 3515/25/1411 3516/25/1411 3505/25/1411
f 3525/25/1412 3526/25/1412 3515/25/1412
f 3522/25/1413 3523/25/1413 3512/25/1413
f 3518/25/1414 3529/25/1414 3530/25/1414
f 3526/25/1416 3527/25/1416 3516/25/1416
f 3523/25/3832 3524/25/3832 3513/25/3832
f 3509/25/1419 3520/25/1419 3521/25/1419
f 3516/25/1420 3527/25/1420 3528/25/1420
f 3524/25/1421 3525/25/1421 3514/25/1421
f 3521/25/3833 3522/25/3833 3511/25/3833
f 3528/25/1423 3529/25/1423 3518/25/1423
f 3524/25/1424 3535/25/1424 3536/25/1424
f 3532/25/1425 3533/25/1425 3522/25/1425
f 3539/25/1426 3540/25/1426 3529/25/1426
f 3525/25/1427 3536/25/1427 3537/25/1427
f 3533/25/1428 3534/25/1428 3523/25/1428
f 3540/25/1429 3541/25/1429 3530/25/1429
f 3537/25/1431 3538/25/1431 3527/25/1431
f 3523/25/1432 3534/25/1432 3535/25/1432
f 3531/25/1434 3532/25/1434 3521/25/1434
f 3538/25/1435 3539/25/1435 3528/25/1435
f 3548/25/1436 3549/25/1436 3538/25/1436
f 3545/25/1437 3546/25/1437 3535/25/1437
f 3542/25/1439 3543/25/1439 3532/25/1439
f 3538/25/1440 3549/25/1440 3550/25/1440
f 3535/25/1441 3546/25/1441 3547/25/1441
f 3543/25/1442 3544/25/1442 3533/25/1442
f 3539/25/1443 3550/25/1443 3551/25/1443
f 3536/25/1444 3547/25/1444 3548/25/1444
f 3544/25/1445 3545/25/1445 3534/25/1445
f 3551/25/1446 3552/25/1446 3541/25/1446
f 3558/25/1448 3559/25/1448 3548/25/1448
f 3555/25/1449 3556/25/1449 3545/25/1449
f 3551/25/1450 3562/25/1450 3563/25/1450
f 3559/25/1452 3560/25/1452 3549/25/1452
f 3556/25/1453 3557/25/1453 3546/25/1453
f 3553/25/1455 3554/25/1455 3543/25/1455
f 3549/25/1456 3560/25/1456 3561/25/1456
f 3557/25/1457 3558/25/1457 3547/25/1457
f 3554/25/1458 3555/25/1458 3544/25/1458
f 3561/25/3834 3562/25/3834 3551/25/3834
f 3571/25/1460 3572/25/1460 3561/25/1460
f 3557/25/1461 3568/25/1461 3569/25/1461
f 3565/25/1462 3566/25/1462 3555/25/1462
f 3572/25/1463 3573/25/1463 3562/25/1463
f 3558/25/1464 3569/25/1464 3570/25/1464
f 3566/25/1465 3567/25/1465 3556/25/1465
f 3573/25/1466 3574/25/1466 3563/25/1466
f 3570/25/1468 3571/25/1468 3560/25/1468
f 3556/25/1469 3567/25/1469 3568/25/1469
f 3564/25/1471 3565/25/1471 3554/25/1471
f 3570/25/1473 3581/25/1473 3582/25/1473
f 3567/25/1474 3578/25/1474 3579/25/1474
f 3564/25/1476 3575/25/1476 3576/25/1476
f 3571/25/1477 3582/25/1477 3583/25/1477
f 3579/25/3835 3580/25/3835 3569/25/3835
f 3576/25/3836 3577/25/3836 3566/25/3836
f 3583/25/1480 3584/25/1480 3573/25/1480
f 3569/25/1481 3580/25/1481 3581/25/1481
f 3566/25/1482 3577/25/1482 3578/25/1482
f 3584/25/1483 3585/25/1483 3574/25/1483
f 3583/25/1484 3594/25/1484 3595/25/1484
f 3591/25/3837 3592/25/3837 3581/25/3837
f 3588/25/1486 3589/25/1486 3578/25/1486
f 3595/25/3838 3596/25/3838 3585/25/3838
f 3592/25/1489 3593/25/1489 3582/25/1489
f 3589/25/1490 3590/25/1490 3579/25/1490
f 3575/25/1492 3586/25/1492 3587/25/1492
f 3593/25/1493 3594/25/1493 3583/25/1493
f 3579/25/1494 3590/25/1494 3591/25/1494
f 3576/25/1495 3587/25/1495 3588/25/1495
f 3597/25/1496 3598/25/1496 3587/25/1496
f 3593/25/1497 3604/25/1497 3605/25/1497
f 3601/25/1498 3602/25/1498 3591/25/1498
f 3598/25/1499 3599/25/1499 3588/25/1499
f 3605/25/1500 3606/25/1500 3595/25/1500
f 3602/25/1501 3603/25/1501 3592/25/1501
f 3599/25/1502 3600/25/1502 3589/25/1502
f 3595/25/1503 3606/25/1503 3607/25/1503
f 3603/25/1505 3604/25/1505 3593/25/1505
f 3600/25/1506 3601/25/1506 3590/25/1506
f 3606/25/3839 3617/25/3839 3618/25/3839
f 3603/25/1510 3614/25/1510 3615/25/1510
f 3611/25/3840 3612/25/3840 3601/25/3840
f 3597/25/1513 3608/25/1513 3609/25/1513
f 3615/25/1514 3616/25/1514 3605/25/1514
f 3612/25/1515 3613/25/1515 3602/25/1515
f 3609/25/1516 3610/25/1516 3599/25/1516
f 3605/25/1517 3616/25/1517 3617/25/1517
f 3613/25/3841 3614/25/3841 3603/25/3841
f 3610/25/1519 3611/25/1519 3600/25/1519
f 3620/25/3842 3621/25/3842 3610/25/3842
f 3627/25/1521 3628/25/1521 3617/25/1521
f 3613/25/3843 3624/25/3843 3625/25/3843
f 3621/25/1523 3622/25/1523 3611/25/1523
f 3628/25/1524 3629/25/1524 3618/25/1524
f 3625/25/1526 3626/25/1526 3615/25/1526
f 3611/25/1527 3622/25/1527 3623/25/1527
f 3619/25/1529 3620/25/1529 3609/25/1529
f 3615/25/1530 3626/25/1530 3627/25/1530
f 3623/25/1531 3624/25/1531 3613/25/1531
f 3630/25/1533 3631/25/1533 3620/25/1533
f 3637/25/1534 3638/25/1534 3627/25/1534
f 3634/25/1535 3635/25/1535 3624/25/1535
f 3631/25/1536 3632/25/1536 3621/25/1536
f 3627/25/1537 3638/25/1537 3639/25/1537
f 3624/25/1538 3635/25/1538 3636/25/1538
f 3621/25/1539 3632/25/1539 3633/25/1539
f 3628/25/1540 3639/25/1540 3640/25/1540
f 3636/25/1542 3637/25/1542 3626/25/1542
f 3633/25/1543 3634/25/1543 3623/25/1543
f 3641/25/1544 3448/25/1544 3633/25/1544
f 3639/25/1545 3643/25/1545 3644/25/1545
f 3636/25/1547 3450/25/1547 3451/25/1547
f 3448/25/1548 3449/25/1548 3634/25/1548
f 3446/25/1550 3447/25/1550 3631/25/1550
f 3451/25/1551 3452/25/1551 3638/25/1551
f 3634/25/1552 3449/25/1552 3642/25/1552
f 3447/25/1553 3641/25/1553 3632/25/1553
f 3638/25/1554 3452/25/1554 3643/25/1554
f 3642/25/1555 3450/25/1555 3636/25/1555
f 3660/25/1556 3661/25/1556 3651/25/1556
f 3648/25/1557 3657/25/1557 3658/25/1557
f 3646/25/1559 3654/25/1559 3655/25/1559
f 3651/25/1560 3661/25/1560 3662/25/1560
f 3649/25/1561 3658/25/1561 3659/25/1561
f 3655/25/1562 3656/25/1562 3841/25/1562
f 3662/25/1563 3663/25/1563 3843/25/1563
f 3659/25/1564 3660/25/1564 3650/25/1564
f 3656/25/1565 3657/25/1565 3648/25/1565
f 3663/25/1566 3664/25/1566 3844/25/1566
f 3666/25/1568 3667/25/1568 3656/25/1568
f 3662/25/1569 3673/25/1569 3674/25/1569
f 3659/25/1570 3670/25/1570 3671/25/1570
f 3667/25/3844 3668/25/3844 3657/25/3844
f 3674/25/1572 3675/25/1572 3664/25/1572
f 3671/25/1574 3672/25/1574 3661/25/1574
f 3668/25/1575 3669/25/1575 3658/25/1575
f 3665/25/1577 3666/25/1577 3655/25/1577
f 3672/25/1578 3673/25/1578 3662/25/1578
f 3658/25/1579 3669/25/1579 3670/25/1579
f 3668/25/1580 3679/25/1580 3680/25/1580
f 3676/25/3845 3677/25/3845 3666/25/3845
f 3683/25/1583 3684/25/1583 3673/25/1583
f 3680/25/1584 3681/25/1584 3670/25/1584
f 3677/25/3846 3678/25/3846 3667/25/3846
f 3673/25/1586 3684/25/1586 3685/25/1586
f 3681/25/1587 3682/25/1587 3671/25/1587
f 3678/25/1588 3679/25/1588 3668/25/1588
f 3685/25/1589 3686/25/1589 3675/25/1589
f 3682/25/1591 3683/25/1591 3672/25/1591
f 3678/25/1592 3689/25/1592 3690/25/1592
f 3696/25/1593 3697/25/1593 3686/25/1593
f 3693/25/1595 3694/25/1595 3683/25/1595
f 3679/25/1596 3690/25/1596 3691/25/1596
f 3676/25/1598 3687/25/1598 3688/25/1598
f 3683/25/1599 3694/25/1599 3695/25/1599
f 3680/25/1600 3691/25/1600 3692/25/1600
f 3688/25/3847 3689/25/3847 3678/25/3847
f 3684/25/1602 3695/25/1602 3696/25/1602
f 3681/25/3848 3692/25/3848 3693/25/3848
f 3702/25/1604 3703/25/1604 3692/25/1604
f 3699/25/1605 3700/25/1605 3689/25/1605
f 3695/25/1606 3706/25/1606 3707/25/1606
f 3703/25/1607 3704/25/1607 3693/25/1607
f 3700/25/1608 3701/25/1608 3690/25/1608
f 3707/25/1609 3708/25/1609 3697/25/1609
f 3704/25/1611 3705/25/1611 3694/25/1611
f 3690/25/1612 3701/25/1612 3702/25/1612
f 3698/25/1614 3699/25/1614 3688/25/1614
f 3694/25/1615 3705/25/1615 3706/25/1615
f 3712/25/1616 3713/25/1616 3702/25/1616
f 3709/25/1618 3710/25/1618 3699/25/1618
f 3705/25/1619 3716/25/1619 3717/25/1619
f 3702/25/1620 3713/25/1620 3714/25/1620
f 3710/25/1621 3711/25/1621 3700/25/1621
f 3717/25/1622 3718/25/1622 3707/25/1622
f 3703/25/1623 3714/25/1623 3715/25/1623
f 3711/25/1624 3712/25/1624 3701/25/1624
f 3707/25/1625 3718/25/1625 3719/25/1625
f 3715/25/1627 3716/25/1627 3705/25/1627
f 3725/25/3849 3726/25/3849 3715/25/3849
f 3722/25/1629 3723/25/1629 3712/25/1629
f 3718/25/1630 3729/25/1630 3730/25/1630
f 3715/25/1632 3726/25/1632 3727/25/1632
f 3723/25/1633 3724/25/1633 3713/25/1633
f 3709/25/3850 3720/25/3850 3721/25/3850
f 3727/25/1636 3728/25/1636 3717/25/1636
f 3713/25/1637 3724/25/1637 3725/25/1637
f 3721/25/1638 3722/25/1638 3711/25/1638
f 3728/25/1639 3729/25/1639 3718/25/1639
f 3735/25/1640 3736/25/1640 3725/25/1640
f 3732/25/1641 3733/25/1641 3722/25/1641
f 3739/25/1642 3740/25/1642 3729/25/1642
f 3736/25/1643 3737/25/1643 3726/25/1643
f 3733/25/1644 3734/25/1644 3723/25/1644
f 3740/25/1645 3741/25/1645 3730/25/1645
f 3726/25/1647 3737/25/1647 3738/25/1647
f 3734/25/1648 3735/25/1648 3724/25/1648
f 3720/25/1650 3731/25/1650 3732/25/1650
f 3738/25/1651 3739/25/1651 3728/25/1651
f 3748/25/1652 3749/25/1652 3738/25/1652
f 3734/25/1653 3745/25/1653 3746/25/1653
f 3731/25/1655 3742/25/1655 3743/25/1655
f 3738/25/1656 3749/25/1656 3750/25/1656
f 3746/25/1657 3747/25/1657 3736/25/1657
f 3743/25/1658 3744/25/1658 3733/25/1658
f 3750/25/1659 3751/25/1659 3740/25/1659
f 3747/25/1660 3748/25/1660 3737/25/1660
f 3744/25/1661 3745/25/1661 3734/25/1661
f 3751/25/1662 3752/25/1662 3741/25/1662
f 3758/25/1664 3759/25/1664 3748/25/1664
f 3744/25/1665 3755/25/1665 3756/25/1665
f 3762/25/1666 3763/25/1666 3752/25/1666
f 3759/25/3851 3760/25/3851 3749/25/3851
f 3756/25/1669 3757/25/1669 3746/25/1669
f 3742/25/1671 3753/25/1671 3754/25/1671
f 3749/25/1672 3760/25/1672 3761/25/1672
f 3757/25/1673 3758/25/1673 3747/25/1673
f 3743/25/1674 3754/25/1674 3755/25/1674
f 3761/25/3852 3762/25/3852 3751/25/3852
f 3760/25/1676 3771/25/1676 3772/25/1676
f 3768/25/1677 3769/25/1677 3758/25/1677
f 3765/25/1678 3766/25/1678 3755/25/1678
f 3761/25/1679 3772/25/1679 3773/25/1679
f 3758/25/1680 3769/25/1680 3770/25/1680
f 3755/25/1681 3766/25/1681 3767/25/1681
f 3762/25/1682 3773/25/1682 3774/25/1682
f 3759/25/1684 3770/25/1684 3771/25/1684
f 3767/25/1685 3768/25/1685 3757/25/1685
f 3753/25/1687 3764/25/1687 3765/25/1687
f 3770/25/1689 3781/25/1689 3782/25/1689
f 3778/25/1690 3779/25/1690 3768/25/1690
f 3764/25/3853 3775/25/3853 3776/25/3853
f 3782/25/1693 3783/25/1693 3772/25/1693
f 3768/25/1694 3779/25/1694 3780/25/1694
f 3776/25/1695 3777/25/1695 3766/25/1695
f 3772/25/1696 3783/25/1696 3784/25/1696
f 3769/25/3854 3780/25/3854 3781/25/3854
f 3777/25/1698 3778/25/1698 3767/25/1698
f 3773/25/1699 3784/25/1699 3785/25/1699
f 3783/25/1700 3794/25/1700 3795/25/1700
f 3780/25/3855 3791/25/3855 3792/25/3855
f 3788/25/1702 3789/25/1702 3778/25/1702
f 3784/25/1703 3795/25/1703 3796/25/1703
f 3792/25/1705 3793/25/1705 3782/25/1705
f 3778/25/1706 3789/25/1706 3790/25/1706
f 3786/25/1708 3787/25/1708 3776/25/1708
f 3793/25/3856 3794/25/3856 3783/25/3856
f 3790/25/1710 3791/25/1710 3780/25/1710
f 3787/25/1711 3788/25/1711 3777/25/1711
f 3786/25/1712 3797/25/1712 3798/25/1712
f 3793/25/1713 3804/25/1713 3805/25/1713
f 3790/25/1714 3801/25/1714 3802/25/1714
f 3798/25/1715 3799/25/1715 3788/25/1715
f 3805/25/1716 3806/25/1716 3795/25/1716
f 3791/25/1717 3802/25/1717 3803/25/1717
f 3788/25/1718 3799/25/1718 3800/25/1718
f 3795/25/1719 3806/25/1719 3807/25/1719
f 3803/25/1721 3804/25/1721 3793/25/1721
f 3800/25/1722 3801/25/1722 3790/25/1722
f 3817/25/1724 3818/25/1724 3807/25/1724
f 3814/25/1726 3815/25/1726 3804/25/1726
f 3811/25/1727 3812/25/1727 3801/25/1727
f 3797/25/1729 3808/25/1729 3809/25/1729
f 3804/25/1730 3815/25/1730 3816/25/1730
f 3812/25/1731 3813/25/1731 3802/25/1731
f 3809/25/1732 3810/25/1732 3799/25/1732
f 3816/25/1733 3817/25/1733 3806/25/1733
f 3813/25/1734 3814/25/1734 3803/25/1734
f 3810/25/1735 3811/25/1735 3800/25/1735
f 3820/25/1736 3821/25/1736 3810/25/1736
f 3827/25/1737 3828/25/1737 3817/25/1737
f 3824/25/3857 3825/25/3857 3814/25/3857
f 3810/25/1739 3821/25/1739 3822/25/1739
f 3828/25/1740 3829/25/1740 3818/25/1740
f 3814/25/3858 3825/25/3858 3826/25/3858
f 3822/25/1743 3823/25/1743 3812/25/1743
f 3819/25/1745 3820/25/1745 3809/25/1745
f 3815/25/1746 3826/25/1746 3827/25/1746
f 3823/25/1747 3824/25/1747 3813/25/1747
f 3830/25/1749 3831/25/1749 3820/25/1749
f 3837/25/1750 3838/25/1750 3827/25/1750
f 3823/25/1751 3834/25/1751 3835/25/1751
f 3831/25/1752 3832/25/1752 3821/25/1752
f 3827/25/1753 3838/25/1753 3839/25/1753
f 3835/25/1754 3836/25/1754 3825/25/1754
f 3832/25/1755 3833/25/1755 3822/25/1755
f 3828/25/1756 3839/25/1756 3840/25/1756
f 3836/25/1758 3837/25/1758 3826/25/1758
f 3833/25/1759 3834/25/1759 3823/25/1759
f 3841/25/1760 3648/25/1760 3833/25/1760
f 3843/25/1761 3844/25/1761 3840/25/1761
f 3836/25/1763 3650/25/1763 3651/25/1763
f 3648/25/1764 3649/25/1764 3834/25/1764
f 3830/25/1766 3646/25/1766 3647/25/1766
f 3837/25/1767 3651/25/1767 3652/25/1767
f 3834/25/1768 3649/25/1768 3842/25/1768
f 3647/25/1769 3841/25/1769 3832/25/1769
f 3652/25/1770 3843/25/1770 3839/25/1770
f 3842/25/1771 3650/25/1771 3836/25/1771
f 3860/25/1772 3861/25/1772 3851/25/1772
f 3857/25/1773 3858/25/1773 3849/25/1773
f 3854/25/1775 3855/25/1775 3847/25/1775
f 3851/25/1776 3861/25/1776 3862/25/1776
f 3849/25/1777 3858/25/1777 3859/25/1777
f 3855/25/1778 3856/25/1778 4041/25/1778
f 3862/25/1779 3863/25/1779 4043/25/1779
f 4042/25/1780 3859/25/1780 3860/25/1780
f 4041/25/1781 3856/25/1781 3857/25/1781
f 4043/25/1782 3863/25/1782 3864/25/1782
f 3855/25/1784 3866/25/1784 3867/25/1784
f 3873/25/1785 3874/25/1785 3863/25/1785
f 3859/25/1786 3870/25/1786 3871/25/1786
f 3867/25/1787 3868/25/1787 3857/25/1787
f 3863/25/3859 3874/25/3859 3875/25/3859
f 3860/25/1790 3871/25/1790 3872/25/1790
f 3857/25/1791 3868/25/1791 3869/25/1791
f 3854/25/1793 3865/25/1793 3866/25/1793
f 3872/25/1794 3873/25/1794 3862/25/1794
f 3858/25/1795 3869/25/1795 3870/25/1795
f 3879/25/1796 3880/25/1796 3869/25/1796
f 3876/25/3860 3877/25/3860 3866/25/3860
f 3883/25/1799 3884/25/1799 3873/25/1799
f 3880/25/1800 3881/25/1800 3870/25/1800
f 3866/25/3861 3877/25/3861 3878/25/3861
f 3873/25/3862 3884/25/3862 3885/25/3862
f 3881/25/3863 3882/25/3863 3871/25/3863
f 3867/25/1804 3878/25/1804 3879/25/1804
f 3885/25/1805 3886/25/1805 3875/25/1805
f 3882/25/1807 3883/25/1807 3872/25/1807
f 3889/25/1808 3890/25/1808 3879/25/1808
f 3885/25/1809 3896/25/1809 3897/25/1809
f 3882/25/1811 3893/25/1811 3894/25/1811
f 3879/25/1812 3890/25/1812 3891/25/1812
f 3887/25/1814 3888/25/1814 3877/25/1814
f 3883/25/1815 3894/25/1815 3895/25/1815
f 3880/25/1816 3891/25/1816 3892/25/1816
f 3888/25/1817 3889/25/1817 3878/25/1817
f 3884/25/1818 3895/25/1818 3896/25/1818
f 3881/25/3864 3892/25/3864 3893/25/3864
f 3902/25/1820 3903/25/1820 3892/25/1820
f 3899/25/1821 3900/25/1821 3889/25/1821
f 3906/25/1822 3907/25/1822 3896/25/1822
f 3892/25/1823 3903/25/1823 3904/25/1823
f 3889/25/1824 3900/25/1824 3901/25/1824
f 3907/25/1825 3908/25/1825 3897/25/1825
f 3893/25/1827 3904/25/1827 3905/25/1827
f 3901/25/1828 3902/25/1828 3891/25/1828
f 3898/25/1830 3899/25/1830 3888/25/1830
f 3905/25/1831 3906/25/1831 3895/25/1831
f 3912/25/1832 3913/25/1832 3902/25/1832
f 3898/25/1834 3909/25/1834 3910/25/1834
f 3905/25/1835 3916/25/1835 3917/25/1835
f 3902/25/1836 3913/25/1836 3914/25/1836
f 3910/25/1837 3911/25/1837 3900/25/1837
f 3917/25/1838 3918/25/1838 3907/25/1838
f 3903/25/1839 3914/25/1839 3915/25/1839
f 3900/25/1840 3911/25/1840 3912/25/1840
f 3918/25/1841 3919/25/1841 3908/25/1841
f 3915/25/1843 3916/25/1843 3905/25/1843
f 3925/25/1844 3926/25/1844 3915/25/1844
f 3922/25/1845 3923/25/1845 3912/25/1845
f 3918/25/1846 3929/25/1846 3930/25/1846
f 3926/25/3865 3927/25/3865 3916/25/3865
f 3923/25/1849 3924/25/1849 3913/25/1849
f 3920/25/1851 3921/25/1851 3910/25/1851
f 3916/25/1852 3927/25/1852 3928/25/1852
f 3924/25/1853 3925/25/1853 3914/25/1853
f 3921/25/1854 3922/25/1854 3911/25/1854
f 3928/25/3866 3929/25/3866 3918/25/3866
f 3924/25/1856 3935/25/1856 3936/25/1856
f 3932/25/1857 3933/25/1857 3922/25/1857
f 3939/25/1858 3940/25/1858 3929/25/1858
f 3925/25/1859 3936/25/1859 3937/25/1859
f 3922/25/1860 3933/25/1860 3934/25/1860
f 3940/25/3867 3941/25/3867 3930/25/3867
f 3926/25/1863 3937/25/1863 3938/25/1863
f 3923/25/1864 3934/25/1864 3935/25/1864
f 3931/25/1866 3932/25/1866 3921/25/1866
f 3927/25/1867 3938/25/1867 3939/25/1867
f 3948/25/1868 3949/25/1868 3938/25/1868
f 3945/25/1869 3946/25/1869 3935/25/1869
f 3942/25/1871 3943/25/1871 3932/25/1871
f 3938/25/1872 3949/25/1872 3950/25/1872
f 3946/25/1873 3947/25/1873 3936/25/1873
f 3932/25/1874 3943/25/1874 3944/25/1874
f 3950/25/1875 3951/25/1875 3940/25/1875
f 3947/25/1876 3948/25/1876 3937/25/1876
f 3944/25/1877 3945/25/1877 3934/25/1877
f 3940/25/1878 3951/25/1878 3952/25/1878
f 3958/25/1880 3959/25/1880 3948/25/1880
f 3955/25/1881 3956/25/1881 3945/25/1881
f 3962/25/1882 3963/25/1882 3952/25/1882
f 3948/25/1884 3959/25/1884 3960/25/1884
f 3956/25/1885 3957/25/1885 3946/25/1885
f 3942/25/1887 3953/25/1887 3954/25/1887
f 3960/25/1888 3961/25/1888 3950/25/1888
f 3946/25/1889 3957/25/1889 3958/25/1889
f 3943/25/1890 3954/25/1890 3955/25/1890
f 3950/25/1891 3961/25/1891 3962/25/1891
f 3971/25/1892 3972/25/1892 3961/25/1892
f 3968/25/1893 3969/25/1893 3958/25/1893
f 3965/25/1894 3966/25/1894 3955/25/1894
f 3972/25/1895 3973/25/1895 3962/25/1895
f 3969/25/1896 3970/25/1896 3959/25/1896
f 3955/25/1897 3966/25/1897 3967/25/1897
f 3973/25/3868 3974/25/3868 3963/25/3868
f 3970/25/1900 3971/25/1900 3960/25/1900
f 3956/25/1901 3967/25/1901 3968/25/1901
f 3964/25/3869 3965/25/3869 3954/25/3869
f 3970/25/1905 3981/25/1905 3982/25/1905
f 3978/25/1906 3979/25/1906 3968/25/1906
f 3975/25/3870 3976/25/3870 3965/25/3870
f 3982/25/1909 3983/25/1909 3972/25/1909
f 3979/25/1910 3980/25/1910 3969/25/1910
f 3976/25/1911 3977/25/1911 3966/25/1911
f 3983/25/3871 3984/25/3871 3973/25/3871
f 3969/25/1913 3980/25/1913 3981/25/1913
f 3977/25/3872 3978/25/3872 3967/25/3872
f 3973/25/3873 3984/25/3873 3985/25/3873
f 3994/25/1916 3995/25/1916 3984/25/1916
f 3980/25/1917 3991/25/1917 3992/25/1917
f 3977/25/1918 3988/25/1918 3989/25/1918
f 3984/25/3874 3995/25/3874 3996/25/3874
f 3992/25/1921 3993/25/1921 3982/25/1921
f 3978/25/1922 3989/25/1922 3990/25/1922
f 3975/25/1924 3986/25/1924 3987/25/1924
f 3993/25/3875 3994/25/3875 3983/25/3875
f 3979/25/1926 3990/25/1926 3991/25/1926
f 3987/25/1927 3988/25/1927 3977/25/1927
f 3997/25/1928 3998/25/1928 3987/25/1928
f 4004/25/1929 4005/25/1929 3994/25/1929
f 4001/25/1930 4002/25/1930 3991/25/1930
f 3987/25/1931 3998/25/1931 3999/25/1931
f 4005/25/1932 4006/25/1932 3995/25/1932
f 4002/25/1933 4003/25/1933 3992/25/1933
f 3988/25/1934 3999/25/1934 4000/25/1934
f 4006/25/1935 4007/25/1935 3996/25/1935
f 4003/25/3876 4004/25/3876 3993/25/3876
f 3989/25/1938 4000/25/1938 4001/25/1938
f 4017/25/1940 4018/25/1940 4007/25/1940
f 4003/25/1942 4014/25/1942 4015/25/1942
f 4000/25/1943 4011/25/1943 4012/25/1943
f 4008/25/1945 4009/25/1945 3998/25/1945
f 4004/25/1946 4015/25/1946 4016/25/1946
f 4001/25/1947 4012/25/1947 4013/25/1947
f 4009/25/1948 4010/25/1948 3999/25/1948
f 4005/25/1949 4016/25/1949 4017/25/1949
f 4002/25/3877 4013/25/3877 4014/25/3877
f 3999/25/1951 4010/25/1951 4011/25/1951
f 4009/25/3878 4020/25/3878 4021/25/3878
f 4027/25/3879 4028/25/3879 4017/25/3879
f 4024/25/1954 4025/25/1954 4014/25/1954
f 4021/25/1955 4022/25/1955 4011/25/1955
f 4017/25/3880 4028/25/3880 4029/25/3880
f 4014/25/1958 4025/25/1958 4026/25/1958
f 4011/25/1959 4022/25/1959 4023/25/1959
f 4008/25/1961 4019/25/1961 4020/25/1961
f 4015/25/1962 4026/25/1962 4027/25/1962
f 4023/25/1963 4024/25/1963 4013/25/1963
f 4019/25/3881 4030/25/3881 4031/25/3881
f 4037/25/1966 4038/25/1966 4027/25/1966
f 4023/25/1967 4034/25/1967 4035/25/1967
f 4031/25/1968 4032/25/1968 4021/25/1968
f 4038/25/3882 4039/25/3882 4028/25/3882
f 4024/25/1970 4035/25/1970 4036/25/1970
f 4032/25/1971 4033/25/1971 4022/25/1971
f 4039/25/3883 4040/25/3883 4029/25/3883
f 4036/25/1974 4037/25/1974 4026/25/1974
f 4022/25/1975 4033/25/1975 4034/25/1975
f 4032/25/1976 4041/25/1976 3848/25/1976
f 4039/25/1977 4043/25/1977 4044/25/1977
f 4036/25/3884 3850/25/3884 3851/25/3884
f 4033/25/1980 3848/25/1980 3849/25/1980
f 4030/25/1982 3846/25/1982 3847/25/1982
f 4037/25/1983 3851/25/1983 3852/25/1983
f 3849/25/1984 4042/25/1984 4035/25/1984
f 4031/25/1985 3847/25/1985 4041/25/1985
f 4038/25/1986 3852/25/1986 4043/25/1986
f 4042/25/1987 3850/25/1987 4036/25/1987
f 4060/25/1988 4061/25/1988 4051/25/1988
f 4057/25/1989 4058/25/1989 4049/25/1989
f 4046/25/1991 4054/25/1991 4055/25/1991
f 4051/25/1992 4061/25/1992 4062/25/1992
f 4049/25/1993 4058/25/1993 4059/25/1993
f 4047/25/578 4055/25/578 4056/25/578
f 4052/25/1994 4062/25/1994 4063/25/1994
f 4242/25/1995 4059/25/1995 4060/25/1995
f 4056/25/1996 4057/25/1996 4048/25/1996
f 4243/25/1997 4063/25/1997 4064/25/1997
f 4066/25/1999 4067/25/1999 4056/25/1999
f 4062/25/2000 4073/25/2000 4074/25/2000
f 4070/25/2001 4071/25/2001 4060/25/2001
f 4067/25/2002 4068/25/2002 4057/25/2002
f 4063/25/2003 4074/25/2003 4075/25/2003
f 4060/25/2005 4071/25/2005 4072/25/2005
f 4068/25/2006 4069/25/2006 4058/25/2006
f 4065/25/2008 4066/25/2008 4055/25/2008
f 4061/25/2009 4072/25/2009 4073/25/2009
f 4069/25/2010 4070/25/2010 4059/25/2010
f 4079/25/2011 4080/25/2011 4069/25/2011
f 4065/25/2013 4076/25/2013 4077/25/2013
f 4083/25/2014 4084/25/2014 4073/25/2014
f 4080/25/2015 4081/25/2015 4070/25/2015
f 4066/25/3885 4077/25/3885 4078/25/3885
f 4073/25/2017 4084/25/2017 4085/25/2017
f 4070/25/2018 4081/25/2018 4082/25/2018
f 4067/25/2019 4078/25/2019 4079/25/2019
f 4074/25/2020 4085/25/2020 4086/25/2020
f 4071/25/2022 4082/25/2022 4083/25/2022
f 4089/25/2023 4090/25/2023 4079/25/2023
f 4085/25/2024 4096/25/2024 4097/25/2024
f 4082/25/2026 4093/25/2026 4094/25/2026
f 4090/25/2027 4091/25/2027 4080/25/2027
f 4087/25/2029 4088/25/2029 4077/25/2029
f 4094/25/2030 4095/25/2030 4084/25/2030
f 4091/25/2031 4092/25/2031 4081/25/2031
f 4077/25/2032 4088/25/2032 4089/25/2032
f 4095/25/2033 4096/25/2033 4085/25/2033
f 4081/25/3886 4092/25/3886 4093/25/3886
f 4102/25/2035 4103/25/2035 4092/25/2035
f 4088/25/2036 4099/25/2036 4100/25/2036
f 4106/25/2037 4107/25/2037 4096/25/2037
f 4103/25/2038 4104/25/2038 4093/25/2038
f 4100/25/2039 4101/25/2039 4090/25/2039
f 4107/25/2040 4108/25/2040 4097/25/2040
f 4104/25/2042 4105/25/2042 4094/25/2042
f 4101/25/2043 4102/25/2043 4091/25/2043
f 4087/25/2045 4098/25/2045 4099/25/2045
f 4105/25/2046 4106/25/2046 4095/25/2046
f 4101/25/2047 4112/25/2047 4113/25/2047
f 4109/25/2049 4110/25/2049 4099/25/2049
f 4116/25/2050 4117/25/2050 4106/25/2050
f 4113/25/2051 4114/25/2051 4103/25/2051
f 4099/25/2052 4110/25/2052 4111/25/2052
f 4106/25/2053 4117/25/2053 4118/25/2053
f 4114/25/3887 4115/25/3887 4104/25/3887
f 4100/25/2055 4111/25/2055 4112/25/2055
f 4118/25/2056 4119/25/2056 4108/25/2056
f 4104/25/2058 4115/25/2058 4116/25/2058
f 4114/25/3888 4125/25/3888 4126/25/3888
f 4122/25/2060 4123/25/2060 4112/25/2060
f 4118/25/2061 4129/25/2061 4130/25/2061
f 4126/25/2063 4127/25/2063 4116/25/2063
f 4123/25/2064 4124/25/2064 4113/25/2064
f 4120/25/2066 4121/25/2066 4110/25/2066
f 4116/25/2067 4127/25/2067 4128/25/2067
f 4124/25/2068 4125/25/2068 4114/25/2068
f 4121/25/3889 4122/25/3889 4111/25/3889
f 4128/25/2070 4129/25/2070 4118/25/2070
f 4124/25/2071 4135/25/2071 4136/25/2071
f 4132/25/2072 4133/25/2072 4122/25/2072
f 4139/25/2073 4140/25/2073 4129/25/2073
f 4125/25/2074 4136/25/2074 4137/25/2074
f 4122/25/2075 4133/25/2075 4134/25/2075
f 4129/25/2076 4140/25/2076 4141/25/2076
f 4137/25/2078 4138/25/2078 4127/25/2078
f 4123/25/2079 4134/25/2079 4135/25/2079
f 4131/25/2081 4132/25/2081 4121/25/2081
f 4138/25/2082 4139/25/2082 4128/25/2082
f 4148/25/2083 4149/25/2083 4138/25/2083
f 4134/25/2084 4145/25/2084 4146/25/2084
f 4131/25/2086 4142/25/2086 4143/25/2086
f 4138/25/2087 4149/25/2087 4150/25/2087
f 4146/25/2088 4147/25/2088 4136/25/2088
f 4143/25/482 4144/25/482 4133/25/482
f 4139/25/2089 4150/25/2089 4151/25/2089
f 4136/25/2090 4147/25/2090 4148/25/2090
f 4133/25/3890 4144/25/3890 4145/25/3890
f 4151/25/2092 4152/25/2092 4141/25/2092
f 4147/25/2094 4158/25/2094 4159/25/2094
f 4155/25/2095 4156/25/2095 4145/25/2095
f 4151/25/2096 4162/25/2096 4163/25/2096
f 4159/25/3891 4160/25/3891 4149/25/3891
f 4156/25/2099 4157/25/2099 4146/25/2099
f 4153/25/2101 4154/25/2101 4143/25/2101
f 4149/25/2102 4160/25/2102 4161/25/2102
f 4157/25/2103 4158/25/2103 4147/25/2103
f 4154/25/2104 4155/25/2104 4144/25/2104
f 4150/25/2105 4161/25/2105 4162/25/2105
f 4171/25/2106 4172/25/2106 4161/25/2106
f 4168/25/2107 4169/25/2107 4158/25/2107
f 4154/25/2108 4165/25/2108 4166/25/2108
f 4172/25/2109 4173/25/2109 4162/25/2109
f 4169/25/2110 4170/25/2110 4159/25/2110
f 4166/25/2111 4167/25/2111 4156/25/2111
f 4162/25/2112 4173/25/2112 4174/25/2112
f 4170/25/2114 4171/25/2114 4160/25/2114
f 4167/25/2115 4168/25/2115 4157/25/2115
f 4153/25/2117 4164/25/2117 4165/25/2117
f 4170/25/2119 4181/25/2119 4182/25/2119
f 4178/25/2120 4179/25/2120 4168/25/2120
f 4164/25/2122 4175/25/2122 4176/25/2122
f 4182/25/2123 4183/25/2123 4172/25/2123
f 4168/25/2124 4179/25/2124 4180/25/2124
f 4176/25/3892 4177/25/3892 4166/25/3892
f 4183/25/2126 4184/25/2126 4173/25/2126
f 4169/25/3893 4180/25/3893 4181/25/3893
f 4177/25/2128 4178/25/2128 4167/25/2128
f 4184/25/2129 4185/25/2129 4174/25/2129
f 4194/25/2130 4195/25/2130 4184/25/2130
f 4191/25/3894 4192/25/3894 4181/25/3894
f 4188/25/2132 4189/25/2132 4178/25/2132
f 4184/25/2133 4195/25/2133 4196/25/2133
f 4192/25/2135 4193/25/2135 4182/25/2135
f 4189/25/2136 4190/25/2136 4179/25/2136
f 4186/25/2138 4187/25/2138 4176/25/2138
f 4193/25/2139 4194/25/2139 4183/25/2139
f 4190/25/2140 4191/25/2140 4180/25/2140
f 4187/25/2141 4188/25/2141 4177/25/2141
f 4197/25/2142 4198/25/2142 4187/25/2142
f 4193/25/2143 4204/25/2143 4205/25/2143
f 4201/25/2144 4202/25/2144 4191/25/2144
f 4187/25/2145 4198/25/2145 4199/25/2145
f 4205/25/2146 4206/25/2146 4195/25/2146
f 4202/25/2147 4203/25/2147 4192/25/2147
f 4188/25/2148 4199/25/2148 4200/25/2148
f 4206/25/2149 4207/25/2149 4196/25/2149
f 4203/25/2151 4204/25/2151 4193/25/2151
f 4200/25/2152 4201/25/2152 4190/25/2152
f 4206/25/3895 4217/25/3895 4218/25/3895
f 4214/25/2156 4215/25/2156 4204/25/2156
f 4211/25/2157 4212/25/2157 4201/25/2157
f 4208/25/2159 4209/25/2159 4198/25/2159
f 4204/25/2160 4215/25/2160 4216/25/2160
f 4201/25/2161 4212/25/2161 4213/25/2161
f 4209/25/2162 4210/25/2162 4199/25/2162
f 4216/25/2163 4217/25/2163 4206/25/2163
f 4202/25/3896 4213/25/3896 4214/25/3896
f 4210/25/2165 4211/25/2165 4200/25/2165
f 4220/25/3897 4221/25/3897 4210/25/3897
f 4227/25/2167 4228/25/2167 4217/25/2167
f 4213/25/2168 4224/25/2168 4225/25/2168
f 4210/25/3898 4221/25/3898 4222/25/3898
f 4228/25/2170 4229/25/2170 4218/25/2170
f 4225/25/2172 4226/25/2172 4215/25/2172
f 4222/25/2173 4223/25/2173 4212/25/2173
f 4208/25/2175 4219/25/2175 4220/25/2175
f 4215/25/2176 4226/25/2176 4227/25/2176
f 4223/25/2177 4224/25/2177 4213/25/2177
f 4230/25/2179 4231/25/2179 4220/25/2179
f 4226/25/2180 4237/25/2180 4238/25/2180
f 4234/25/2181 4235/25/2181 4224/25/2181
f 4231/25/2182 4232/25/2182 4221/25/2182
f 4227/25/2183 4238/25/2183 4239/25/2183
f 4224/25/2184 4235/25/2184 4236/25/2184
f 4221/25/2185 4232/25/2185 4233/25/2185
f 4228/25/2186 4239/25/2186 4240/25/2186
f 4236/25/2188 4237/25/2188 4226/25/2188
f 4233/25/2189 4234/25/2189 4223/25/2189
f 4241/25/2190 4048/25/2190 4233/25/2190
f 4243/25/2191 4244/25/2191 4240/25/2191
f 4050/25/2193 4051/25/2193 4237/25/2193
f 4048/25/2194 4049/25/2194 4234/25/2194
f 4230/25/2196 4046/25/2196 4047/25/2196
f 4237/25/2197 4051/25/2197 4052/25/2197
f 4049/25/2198 4242/25/2198 4235/25/2198
f 4231/25/2199 4047/25/2199 4241/25/2199
f 4052/25/2200 4243/25/2200 4239/25/2200
f 4235/25/2201 4242/25/2201 4050/25/2201
f 4260/25/2202 4261/25/2202 4251/25/2202
f 4248/25/2203 4257/25/2203 4258/25/2203
f 4254/25/2205 4255/25/2205 4247/25/2205
f 4261/25/2206 4262/25/2206 4252/25/2206
f 4249/25/2207 4258/25/2207 4259/25/2207
f 4255/25/2208 4256/25/2208 4441/25/2208
f 4262/25/2209 4263/25/2209 4443/25/2209
f 4259/25/2210 4260/25/2210 4250/25/2210
f 4441/25/2211 4256/25/2211 4257/25/2211
f 4263/25/2212 4264/25/2212 4444/25/2212
f 4266/25/2214 4267/25/2214 4256/25/2214
f 4273/25/2215 4274/25/2215 4263/25/2215
f 4259/25/2216 4270/25/2216 4271/25/2216
f 4256/25/2217 4267/25/2217 4268/25/2217
f 4263/25/2218 4274/25/2218 4275/25/2218
f 4271/25/2220 4272/25/2220 4261/25/2220
f 4268/25/2221 4269/25/2221 4258/25/2221
f 4254/25/3899 4265/25/3899 4266/25/3899
f 4272/25/2224 4273/25/2224 4262/25/2224
f 4269/25/2225 4270/25/2225 4259/25/2225
f 4279/25/2226 4280/25/2226 4269/25/2226
f 4265/25/3900 4276/25/3900 4277/25/3900
f 4272/25/2229 4283/25/2229 4284/25/2229
f 4269/25/2230 4280/25/2230 4281/25/2230
f 4277/25/2231 4278/25/2231 4267/25/2231
f 4284/25/2232 4285/25/2232 4274/25/2232
f 4281/25/2233 4282/25/2233 4271/25/2233
f 4278/25/2234 4279/25/2234 4268/25/2234
f 4274/25/2235 4285/25/2235 4286/25/2235
f 4282/25/2237 4283/25/2237 4272/25/2237
f 4278/25/2238 4289/25/2238 4290/25/2238
f 4296/25/2239 4297/25/2239 4286/25/2239
f 4282/25/2241 4293/25/2241 4294/25/2241
f 4279/25/2242 4290/25/2242 4291/25/2242
f 4276/25/2244 4287/25/2244 4288/25/2244
f 4294/25/2245 4295/25/2245 4284/25/2245
f 4280/25/2246 4291/25/2246 4292/25/2246
f 4288/25/2247 4289/25/2247 4278/25/2247
f 4295/25/2248 4296/25/2248 4285/25/2248
f 4292/25/3901 4293/25/3901 4282/25/3901
f 4291/25/2250 4302/25/2250 4303/25/2250
f 4288/25/2251 4299/25/2251 4300/25/2251
f 4295/25/2252 4306/25/2252 4307/25/2252
f 4303/25/2253 4304/25/2253 4293/25/2253
f 4300/25/2254 4301/25/2254 4290/25/2254
f 4296/25/2255 4307/25/2255 4308/25/2255
f 4293/25/2257 4304/25/2257 4305/25/2257
f 4290/25/2258 4301/25/2258 4302/25/2258
f 4287/25/2260 4298/25/2260 4299/25/2260
f 4294/25/2261 4305/25/2261 4306/25/2261
f 4312/25/2262 4313/25/2262 4302/25/2262
f 4298/25/2264 4309/25/2264 4310/25/2264
f 4305/25/2265 4316/25/2265 4317/25/2265
f 4313/25/3902 4314/25/3902 4303/25/3902
f 4299/25/2267 4310/25/2267 4311/25/2267
f 4306/25/2268 4317/25/2268 4318/25/2268
f 4303/25/3903 4314/25/3903 4315/25/3903
f 4311/25/2270 4312/25/2270 4301/25/2270
f 4307/25/2271 4318/25/2271 4319/25/2271
f 4315/25/2273 4316/25/2273 4305/25/2273
f 4314/25/2274 4325/25/2274 4326/25/2274
f 4311/25/2275 4322/25/2275 4323/25/2275
f 4329/25/2276 4330/25/2276 4319/25/2276
f 4326/25/2278 4327/25/2278 4316/25/2278
f 4323/25/2279 4324/25/2279 4313/25/2279
f 4309/25/2281 4320/25/2281 4321/25/2281
f 4327/25/2282 4328/25/2282 4317/25/2282
f 4313/25/2283 4324/25/2283 4325/25/2283
f 4321/25/2284 4322/25/2284 4311/25/2284
f 4317/25/2285 4328/25/2285 4329/25/2285
f 4324/25/2286 4335/25/2286 4336/25/2286
f 4321/25/2287 4332/25/2287 4333/25/2287
f 4328/25/2288 4339/25/2288 4340/25/2288
f 4325/25/2289 4336/25/2289 4337/25/2289
f 4333/25/2290 4334/25/2290 4323/25/2290
f 4340/25/2291 4341/25/2291 4330/25/2291
f 4326/25/2293 4337/25/2293 4338/25/2293
f 4334/25/2294 4335/25/2294 4324/25/2294
f 4331/25/3904 4332/25/3904 4321/25/3904
f 4327/25/2297 4338/25/2297 4339/25/2297
f 4348/25/3905 4349/25/3905 4338/25/3905
f 4345/25/2299 4346/25/2299 4335/25/2299
f 4331/25/2301 4342/25/2301 4343/25/2301
f 4338/25/2302 4349/25/2302 4350/25/2302
f 4346/25/2303 4347/25/2303 4336/25/2303
f 4332/25/2304 4343/25/2304 4344/25/2304
f 4350/25/2305 4351/25/2305 4340/25/2305
f 4336/25/2306 4347/25/2306 4348/25/2306
f 4344/25/2307 4345/25/2307 4334/25/2307
f 4340/25/2308 4351/25/2308 4352/25/2308
f 4358/25/2310 4359/25/2310 4348/25/2310
f 4355/25/2311 4356/25/2311 4345/25/2311
f 4362/25/2312 4363/25/2312 4352/25/2312
f 4359/25/3906 4360/25/3906 4349/25/3906
f 4356/25/2315 4357/25/2315 4346/25/2315
f 4353/25/2317 4354/25/2317 4343/25/2317
f 4349/25/2318 4360/25/2318 4361/25/2318
f 4357/25/2319 4358/25/2319 4347/25/2319
f 4354/25/2320 4355/25/2320 4344/25/2320
f 4361/25/2321 4362/25/2321 4351/25/2321
f 4360/25/2322 4371/25/2322 4372/25/2322
f 4368/25/2323 4369/25/2323 4358/25/2323
f 4354/25/2324 4365/25/2324 4366/25/2324
f 4361/25/2325 4372/25/2325 4373/25/2325
f 4369/25/2326 4370/25/2326 4359/25/2326
f 4366/25/2327 4367/25/2327 4356/25/2327
f 4362/25/2328 4373/25/2328 4374/25/2328
f 4359/25/2330 4370/25/2330 4371/25/2330
f 4367/25/2331 4368/25/2331 4357/25/2331
f 4353/25/2333 4364/25/2333 4365/25/2333
f 4370/25/2335 4381/25/2335 4382/25/2335
f 4378/25/2336 4379/25/2336 4368/25/2336
f 4364/25/3907 4375/25/3907 4376/25/3907
f 4371/25/2339 4382/25/2339 4383/25/2339
f 4379/25/2340 4380/25/2340 4369/25/2340
f 4376/25/3908 4377/25/3908 4366/25/3908
f 4383/25/2342 4384/25/2342 4373/25/2342
f 4380/25/2343 4381/25/2343 4370/25/2343
f 4377/25/2344 4378/25/2344 4367/25/2344
f 4373/25/2345 4384/25/2345 4385/25/2345
f 4394/25/2346 4395/25/2346 4384/25/2346
f 4391/25/2347 4392/25/2347 4381/25/2347
f 4377/25/2348 4388/25/2348 4389/25/2348
f 4395/25/2349 4396/25/2349 4385/25/2349
f 4392/25/2351 4393/25/2351 4382/25/2351
f 4389/25/2352 4390/25/2352 4379/25/2352
f 4386/25/2354 4387/25/2354 4376/25/2354
f 4382/25/2355 4393/25/2355 4394/25/2355
f 4379/25/2356 4390/25/2356 4391/25/2356
f 4387/25/2357 4388/25/2357 4377/25/2357
f 4397/25/2358 4398/25/2358 4387/25/2358
f 4393/25/2359 4404/25/2359 4405/25/2359
f 4390/25/2360 4401/25/2360 4402/25/2360
f 4387/25/2361 4398/25/2361 4399/25/2361
f 4405/25/2362 4406/25/2362 4395/25/2362
f 4402/25/2363 4403/25/2363 4392/25/2363
f 4388/25/2364 4399/25/2364 4400/25/2364
f 4406/25/2365 4407/25/2365 4396/25/2365
f 4403/25/2367 4404/25/2367 4393/25/2367
f 4400/25/2368 4401/25/2368 4390/25/2368
f 4406/25/2370 4417/25/2370 4418/25/2370
f 4414/25/2372 4415/25/2372 4404/25/2372
f 4400/25/2373 4411/25/2373 4412/25/2373
f 4397/25/2375 4408/25/2375 4409/25/2375
f 4404/25/2376 4415/25/2376 4416/25/2376
f 4401/25/2377 4412/25/2377 4413/25/2377
f 4409/25/2378 4410/25/2378 4399/25/2378
f 4405/25/2379 4416/25/2379 4417/25/2379
f 4402/25/3909 4413/25/3909 4414/25/3909
f 4410/25/2381 4411/25/2381 4400/25/2381
f 4420/25/2382 4421/25/2382 4410/25/2382
f 4416/25/2383 4427/25/2383 4428/25/2383
f 4424/25/3910 4425/25/3910 4414/25/3910
f 4421/25/2385 4422/25/2385 4411/25/2385
f 4428/25/2386 4429/25/2386 4418/25/2386
f 4414/25/2388 4425/25/2388 4426/25/2388
f 4411/25/2389 4422/25/2389 4423/25/2389
f 4408/25/3911 4419/25/3911 4420/25/3911
f 4426/25/2392 4427/25/2392 4416/25/2392
f 4423/25/2393 4424/25/2393 4413/25/2393
f 4419/25/2395 4430/25/2395 4431/25/2395
f 4426/25/2396 4437/25/2396 4438/25/2396
f 4423/25/2397 4434/25/2397 4435/25/2397
f 4431/25/2398 4432/25/2398 4421/25/2398
f 4427/25/2399 4438/25/2399 4439/25/2399
f 4435/25/2400 4436/25/2400 4425/25/2400
f 4432/25/2401 4433/25/2401 4422/25/2401
f 4428/25/2402 4439/25/2402 4440/25/2402
f 4425/25/2404 4436/25/2404 4437/25/2404
f 4433/25/2405 4434/25/2405 4423/25/2405
f 4441/25/2406 4248/25/2406 4433/25/2406
f 4439/25/2407 4443/25/2407 4444/25/2407
f 4436/25/2409 4250/25/2409 4251/25/2409
f 4248/25/2410 4249/25/2410 4434/25/2410
f 4430/25/2412 4246/25/2412 4247/25/2412
f 4437/25/2413 4251/25/2413 4252/25/2413
f 4249/25/2414 4442/25/2414 4435/25/2414
f 4247/25/2415 4441/25/2415 4432/25/2415
f 4252/25/2416 4443/25/2416 4439/25/2416
f 4435/25/2417 4442/25/2417 4250/25/2417
f 4450/25/3912 4460/25/3912 4461/25/3912
f 4457/25/2419 4458/25/2419 4449/25/2419
f 4446/25/2421 4454/25/2421 4455/25/2421
f 4461/25/2422 4462/25/2422 4452/25/2422
f 4449/25/2423 4458/25/2423 4459/25/2423
f 4447/25/2424 4455/25/2424 4456/25/2424
f 4452/25/2425 4462/25/2425 4463/25/2425
f 4459/25/2426 4460/25/2426 4450/25/2426
f 4456/25/2427 4457/25/2427 4448/25/2427
f 4463/25/2428 4464/25/2428 4644/25/2428
f 4466/25/2430 4467/25/2430 4456/25/2430
f 4473/25/2431 4474/25/2431 4463/25/2431
f 4470/25/2432 4471/25/2432 4460/25/2432
f 4467/25/2433 4468/25/2433 4457/25/2433
f 4474/25/2434 4475/25/2434 4464/25/2434
f 4471/25/2436 4472/25/2436 4461/25/2436
f 4457/25/3913 4468/25/3913 4469/25/3913
f 4465/25/2439 4466/25/2439 4455/25/2439
f 4461/25/2440 4472/25/2440 4473/25/2440
f 4458/25/2441 4469/25/2441 4470/25/2441
f 4479/25/3914 4480/25/3914 4469/25/3914
f 4476/25/2444 4477/25/2444 4466/25/2444
f 4472/25/2445 4483/25/2445 4484/25/2445
f 4480/25/3915 4481/25/3915 4470/25/3915
f 4466/25/3916 4477/25/3916 4478/25/3916
f 4473/25/3917 4484/25/3917 4485/25/3917
f 4481/25/3918 4482/25/3918 4471/25/3918
f 4478/25/3919 4479/25/3919 4468/25/3919
f 4474/25/2451 4485/25/2451 4486/25/2451
f 4471/25/2453 4482/25/2453 4483/25/2453
f 4478/25/2454 4489/25/2454 4490/25/2454
f 4485/25/2455 4496/25/2455 4497/25/2455
f 4482/25/2457 4493/25/2457 4494/25/2457
f 4479/25/2458 4490/25/2458 4491/25/2458
f 4487/25/3920 4488/25/3920 4477/25/3920
f 4483/25/2461 4494/25/2461 4495/25/2461
f 4491/25/2462 4492/25/2462 4481/25/2462
f 4488/25/2463 4489/25/2463 4478/25/2463
f 4495/25/2464 4496/25/2464 4485/25/2464
f 4481/25/2465 4492/25/2465 4493/25/2465
f 4502/25/2466 4503/25/2466 4492/25/2466
f 4499/25/2467 4500/25/2467 4489/25/2467
f 4495/25/2468 4506/25/2468 4507/25/2468
f 4492/25/2469 4503/25/2469 4504/25/2469
f 4489/25/2470 4500/25/2470 4501/25/2470
f 4507/25/2471 4508/25/2471 4497/25/2471
f 4493/25/2473 4504/25/2473 4505/25/2473
f 4501/25/2474 4502/25/2474 4491/25/2474
f 4498/25/2476 4499/25/2476 4488/25/2476
f 4505/25/2477 4506/25/2477 4495/25/2477
f 4501/25/2478 4512/25/2478 4513/25/2478
f 4498/25/2480 4509/25/2480 4510/25/2480
f 4516/25/2481 4517/25/2481 4506/25/2481
f 4502/25/2482 4513/25/2482 4514/25/2482
f 4510/25/2483 4511/25/2483 4500/25/2483
f 4506/25/2484 4517/25/2484 4518/25/2484
f 4503/25/2485 4514/25/2485 4515/25/2485
f 4511/25/2486 4512/25/2486 4501/25/2486
f 4507/25/2487 4518/25/2487 4519/25/2487
f 4515/25/2489 4516/25/2489 4505/25/2489
f 4525/25/2490 4526/25/2490 4515/25/2490
f 4522/25/3921 4523/25/3921 4512/25/3921
f 4518/25/2492 4529/25/2492 4530/25/2492
f 4526/25/2494 4527/25/2494 4516/25/2494
f 4523/25/3922 4524/25/3922 4513/25/3922
f 4520/25/3923 4521/25/3923 4510/25/3923
f 4527/25/2498 4528/25/2498 4517/25/2498
f 4513/25/2499 4524/25/2499 4525/25/2499
f 4521/25/2500 4522/25/2500 4511/25/2500
f 4528/25/3924 4529/25/3924 4518/25/3924
f 4535/25/2502 4536/25/2502 4525/25/2502
f 4521/25/2503 4532/25/2503 4533/25/2503
f 4528/25/2504 4539/25/2504 4540/25/2504
f 4525/25/3925 4536/25/3925 4537/25/3925
f 4522/25/2506 4533/25/2506 4534/25/2506
f 4540/25/2507 4541/25/2507 4530/25/2507
f 4537/25/2509 4538/25/2509 4527/25/2509
f 4523/25/2510 4534/25/2510 4535/25/2510
f 4520/25/2512 4531/25/2512 4532/25/2512
f 4527/25/2513 4538/25/2513 4539/25/2513
f 4537/25/2514 4548/25/2514 4549/25/2514
f 4534/25/2515 4545/25/2515 4546/25/2515
f 4531/25/2517 4542/25/2517 4543/25/2517
f 4538/25/2518 4549/25/2518 4550/25/2518
f 4546/25/2519 4547/25/2519 4536/25/2519
f 4543/25/2520 4544/25/2520 4533/25/2520
f 4539/25/2521 4550/25/2521 4551/25/2521
f 4536/25/2522 4547/25/2522 4548/25/2522
f 4544/25/2523 4545/25/2523 4534/25/2523
f 4551/25/2524 4552/25/2524 4541/25/2524
f 4558/25/2526 4559/25/2526 4548/25/2526
f 4555/25/2527 4556/25/2527 4545/25/2527
f 4551/25/2528 4562/25/2528 4563/25/2528
f 4548/25/2530 4559/25/2530 4560/25/2530
f 4545/25/2531 4556/25/2531 4557/25/2531
f 4553/25/2533 4554/25/2533 4543/25/2533
f 4560/25/2534 4561/25/2534 4550/25/2534
f 4546/25/2535 4557/25/2535 4558/25/2535
f 4554/25/2536 4555/25/2536 4544/25/2536
f 4550/25/3926 4561/25/3926 4562/25/3926
f 4560/25/2538 4571/25/2538 4572/25/2538
f 4557/25/2539 4568/25/2539 4569/25/2539
f 4554/25/2540 4565/25/2540 4566/25/2540
f 4561/25/3927 4572/25/3927 4573/25/3927
f 4569/25/2542 4570/25/2542 4559/25/2542
f 4555/25/2543 4566/25/2543 4567/25/2543
f 4562/25/2544 4573/25/2544 4574/25/2544
f 4570/25/2546 4571/25/2546 4560/25/2546
f 4567/25/2547 4568/25/2547 4557/25/2547
f 4564/25/3928 4565/25/3928 4554/25/3928
f 4581/25/2551 4582/25/2551 4571/25/2551
f 4567/25/2552 4578/25/2552 4579/25/2552
f 4564/25/2554 4575/25/2554 4576/25/2554
f 4582/25/2555 4583/25/2555 4572/25/2555
f 4568/25/2556 4579/25/2556 4580/25/2556
f 4576/25/3929 4577/25/3929 4566/25/3929
f 4583/25/3930 4584/25/3930 4573/25/3930
f 4580/25/2559 4581/25/2559 4570/25/2559
f 4566/25/2560 4577/25/2560 4578/25/2560
f 4584/25/2561 4585/25/2561 4574/25/2561
f 4594/25/2562 4595/25/2562 4584/25/2562
f 4591/25/3931 4592/25/3931 4581/25/3931
f 4588/25/2564 4589/25/2564 4578/25/2564
f 4595/25/3932 4596/25/3932 4585/25/3932
f 4581/25/2567 4592/25/2567 4593/25/2567
f 4589/25/2568 4590/25/2568 4579/25/2568
f 4575/25/3933 4586/25/3933 4587/25/3933
f 4582/25/2571 4593/25/2571 4594/25/2571
f 4590/25/2572 4591/25/2572 4580/25/2572
f 4587/25/2573 4588/25/2573 4577/25/2573
f 4597/25/2574 4598/25/2574 4587/25/2574
f 4604/25/2575 4605/25/2575 4594/25/2575
f 4590/25/2576 4601/25/2576 4602/25/2576
f 4587/25/2577 4598/25/2577 4599/25/2577
f 4605/25/3934 4606/25/3934 4595/25/3934
f 4602/25/2579 4603/25/2579 4592/25/2579
f 4599/25/2580 4600/25/2580 4589/25/2580
f 4595/25/2581 4606/25/2581 4607/25/2581
f 4603/25/2583 4604/25/2583 4593/25/2583
f 4589/25/2584 4600/25/2584 4601/25/2584
f 4617/25/3935 4618/25/3935 4607/25/3935
f 4603/25/2588 4614/25/2588 4615/25/2588
f 4600/25/2589 4611/25/2589 4612/25/2589
f 4608/25/3936 4609/25/3936 4598/25/3936
f 4604/25/2592 4615/25/2592 4616/25/2592
f 4601/25/2593 4612/25/2593 4613/25/2593
f 4598/25/2594 4609/25/2594 4610/25/2594
f 4616/25/2595 4617/25/2595 4606/25/2595
f 4602/25/3937 4613/25/3937 4614/25/3937
f 4610/25/2597 4611/25/2597 4600/25/2597
f 4620/25/3938 4621/25/3938 4610/25/3938
f 4616/25/2599 4627/25/2599 4628/25/2599
f 4613/25/2600 4624/25/2600 4625/25/2600
f 4621/25/2601 4622/25/2601 4611/25/2601
f 4628/25/2602 4629/25/2602 4618/25/2602
f 4625/25/2604 4626/25/2604 4615/25/2604
f 4622/25/2605 4623/25/2605 4612/25/2605
f 4608/25/3939 4619/25/3939 4620/25/3939
f 4615/25/2608 4626/25/2608 4627/25/2608
f 4623/25/2609 4624/25/2609 4613/25/2609
f 4630/25/3940 4631/25/3940 4620/25/3940
f 4637/25/2612 4638/25/2612 4627/25/2612
f 4634/25/2613 4635/25/2613 4624/25/2613
f 4631/25/2614 4632/25/2614 4621/25/2614
f 4638/25/3941 4639/25/3941 4628/25/3941
f 4635/25/2616 4636/25/2616 4625/25/2616
f 4632/25/2617 4633/25/2617 4622/25/2617
f 4628/25/2618 4639/25/2618 4640/25/2618
f 4636/25/2620 4637/25/2620 4626/25/2620
f 4622/25/2621 4633/25/2621 4634/25/2621
f 4632/25/2622 4641/25/2622 4448/25/2622
f 4643/25/2623 4644/25/2623 4640/25/2623
f 4636/25/3942 4450/25/3942 4451/25/3942
f 4448/25/2626 4449/25/2626 4634/25/2626
f 4630/25/2628 4446/25/2628 4447/25/2628
f 4637/25/2629 4451/25/2629 4452/25/2629
f 4634/25/2630 4449/25/2630 4642/25/2630
f 4447/25/2631 4641/25/2631 4632/25/2631
f 4638/25/2632 4452/25/2632 4643/25/2632
f 4635/25/2633 4642/25/2633 4450/25/2633
f 4660/25/3943 4661/25/3943 4651/25/3943
f 4657/25/2635 4658/25/2635 4649/25/2635
f 4654/25/2637 4655/25/2637 4647/25/2637
f 4651/25/2638 4661/25/2638 4662/25/2638
f 4649/25/2639 4658/25/2639 4659/25/2639
f 4655/25/2640 4656/25/2640 4841/25/2640
f 4652/25/2641 4662/25/2641 4663/25/2641
f 4659/25/2642 4660/25/2642 4650/25/2642
f 4656/25/2643 4657/25/2643 4648/25/2643
f 4663/25/2644 4664/25/2644 4844/25/2644
f 4655/25/2646 4666/25/2646 4667/25/2646
f 4662/25/2647 4673/25/2647 4674/25/2647
f 4670/25/2648 4671/25/2648 4660/25/2648
f 4667/25/2649 4668/25/2649 4657/25/2649
f 4663/25/2650 4674/25/2650 4675/25/2650
f 4660/25/2652 4671/25/2652 4672/25/2652
f 4657/25/2653 4668/25/2653 4669/25/2653
f 4665/25/2655 4666/25/2655 4655/25/2655
f 4661/25/2656 4672/25/2656 4673/25/2656
f 4669/25/3944 4670/25/3944 4659/25/3944
f 4668/25/2658 4679/25/2658 4680/25/2658
f 4676/25/2660 4677/25/2660 4666/25/2660
f 4683/25/2661 4684/25/2661 4673/25/2661
f 4680/25/2662 4681/25/2662 4670/25/2662
f 4677/25/3945 4678/25/3945 4667/25/3945
f 4673/25/2664 4684/25/2664 4685/25/2664
f 4670/25/3946 4681/25/3946 4682/25/3946
f 4667/25/3947 4678/25/3947 4679/25/3947
f 4685/25/2667 4686/25/2667 4675/25/2667
f 4671/25/2669 4682/25/2669 4683/25/2669
f 4689/25/2670 4690/25/2670 4679/25/2670
f 4696/25/2671 4697/25/2671 4686/25/2671
f 4682/25/2673 4693/25/2673 4694/25/2673
f 4690/25/2674 4691/25/2674 4680/25/2674
f 4687/25/2676 4688/25/2676 4677/25/2676
f 4683/25/2677 4694/25/2677 4695/25/2677
f 4680/25/3948 4691/25/3948 4692/25/3948
f 4677/25/2679 4688/25/2679 4689/25/2679
f 4695/25/2680 4696/25/2680 4685/25/2680
f 4681/25/2681 4692/25/2681 4693/25/2681
f 4691/25/2682 4702/25/2682 4703/25/2682
f 4699/25/2683 4700/25/2683 4689/25/2683
f 4706/25/2684 4707/25/2684 4696/25/2684
f 4692/25/2685 4703/25/2685 4704/25/2685
f 4700/25/2686 4701/25/2686 4690/25/2686
f 4707/25/2687 4708/25/2687 4697/25/2687
f 4704/25/2689 4705/25/2689 4694/25/2689
f 4690/25/2690 4701/25/2690 4702/25/2690
f 4687/25/2692 4698/25/2692 4699/25/2692
f 4705/25/2693 4706/25/2693 4695/25/2693
f 4712/25/2694 4713/25/2694 4702/25/2694
f 4698/25/2696 4709/25/2696 4710/25/2696
f 4705/25/2697 4716/25/2697 4717/25/2697
f 4702/25/2698 4713/25/2698 4714/25/2698
f 4710/25/2699 4711/25/2699 4700/25/2699
f 4706/25/2700 4717/25/2700 4718/25/2700
f 4714/25/3949 4715/25/3949 4704/25/3949
f 4711/25/2702 4712/25/2702 4701/25/2702
f 4707/25/2703 4718/25/2703 4719/25/2703
f 4715/25/2705 4716/25/2705 4705/25/2705
f 4725/25/3950 4726/25/3950 4715/25/3950
f 4722/25/2707 4723/25/2707 4712/25/2707
f 4729/25/2708 4730/25/2708 4719/25/2708
f 4726/25/2710 4727/25/2710 4716/25/2710
f 4712/25/2711 4723/25/2711 4724/25/2711
f 4720/25/3951 4721/25/3951 4710/25/3951
f 4716/25/2714 4727/25/2714 4728/25/2714
f 4724/25/2715 4725/25/2715 4714/25/2715
f 4710/25/3952 4721/25/3952 4722/25/3952
f 4717/25/2717 4728/25/2717 4729/25/2717
f 4735/25/3953 4736/25/3953 4725/25/3953
f 4732/25/2719 4733/25/2719 4722/25/2719
f 4728/25/2720 4739/25/2720 4740/25/2720
f 4725/25/2721 4736/25/2721 4737/25/2721
f 4722/25/2722 4733/25/2722 4734/25/2722
f 4740/25/2723 4741/25/2723 4730/25/2723
f 4737/25/2725 4738/25/2725 4727/25/2725
f 4734/25/2726 4735/25/2726 4724/25/2726
f 4720/25/2728 4731/25/2728 4732/25/2728
f 4738/25/2729 4739/25/2729 4728/25/2729
f 4737/25/2730 4748/25/2730 4749/25/2730
f 4734/25/2731 4745/25/2731 4746/25/2731
f 4731/25/2733 4742/25/2733 4743/25/2733
f 4749/25/2734 4750/25/2734 4739/25/2734
f 4746/25/2735 4747/25/2735 4736/25/2735
f 4743/25/2736 4744/25/2736 4733/25/2736
f 4739/25/2737 4750/25/2737 4751/25/2737
f 4736/25/2738 4747/25/2738 4748/25/2738
f 4744/25/2739 4745/25/2739 4734/25/2739
f 4740/25/2740 4751/25/2740 4752/25/2740
f 4747/25/2742 4758/25/2742 4759/25/2742
f 4755/25/2743 4756/25/2743 4745/25/2743
f 4762/25/2744 4763/25/2744 4752/25/2744
f 4748/25/3954 4759/25/3954 4760/25/3954
f 4756/25/2747 4757/25/2747 4746/25/2747
f 4753/25/2749 4754/25/2749 4743/25/2749
f 4760/25/2750 4761/25/2750 4750/25/2750
f 4757/25/2751 4758/25/2751 4747/25/2751
f 4754/25/2752 4755/25/2752 4744/25/2752
f 4750/25/2753 4761/25/2753 4762/25/2753
f 4771/25/2754 4772/25/2754 4761/25/2754
f 4757/25/2755 4768/25/2755 4769/25/2755
f 4765/25/2756 4766/25/2756 4755/25/2756
f 4761/25/2757 4772/25/2757 4773/25/2757
f 4769/25/2758 4770/25/2758 4759/25/2758
f 4755/25/2759 4766/25/2759 4767/25/2759
f 4773/25/2760 4774/25/2760 4763/25/2760
f 4770/25/2762 4771/25/2762 4760/25/2762
f 4767/25/2763 4768/25/2763 4757/25/2763
f 4764/25/2765 4765/25/2765 4754/25/2765
f 4770/25/2767 4781/25/2767 4782/25/2767
f 4778/25/2768 4779/25/2768 4768/25/2768
f 4775/25/3955 4776/25/3955 4765/25/3955
f 4771/25/2771 4782/25/2771 4783/25/2771
f 4779/25/3956 4780/25/3956 4769/25/3956
f 4776/25/3957 4777/25/3957 4766/25/3957
f 4783/25/2774 4784/25/2774 4773/25/2774
f 4769/25/2775 4780/25/2775 4781/25/2775
f 4777/25/2776 4778/25/2776 4767/25/2776
f 4784/25/2777 4785/25/2777 4774/25/2777
f 4794/25/2778 4795/25/2778 4784/25/2778
f 4791/25/3958 4792/25/3958 4781/25/3958
f 4788/25/2780 4789/25/2780 4778/25/2780
f 4784/25/2781 4795/25/2781 4796/25/2781
f 4792/25/2783 4793/25/2783 4782/25/2783
f 4778/25/2784 4789/25/2784 4790/25/2784
f 4786/25/2786 4787/25/2786 4776/25/2786
f 4793/25/2787 4794/25/2787 4783/25/2787
f 4779/25/3959 4790/25/3959 4791/25/3959
f 4787/25/2789 4788/25/2789 4777/25/2789
f 4797/25/2790 4798/25/2790 4787/25/2790
f 4793/25/2791 4804/25/2791 4805/25/2791
f 4801/25/2792 4802/25/2792 4791/25/2792
f 4798/25/2793 4799/25/2793 4788/25/2793
f 4805/25/2794 4806/25/2794 4795/25/2794
f 4802/25/2795 4803/25/2795 4792/25/2795
f 4788/25/2796 4799/25/2796 4800/25/2796
f 4795/25/2797 4806/25/2797 4807/25/2797
f 4803/25/2799 4804/25/2799 4793/25/2799
f 4800/25/2800 4801/25/2800 4790/25/2800
f 4806/25/2802 4817/25/2802 4818/25/2802
f 4814/25/2804 4815/25/2804 4804/25/2804
f 4811/25/2805 4812/25/2805 4801/25/2805
f 4797/25/2807 4808/25/2807 4809/25/2807
f 4804/25/2808 4815/25/2808 4816/25/2808
f 4812/25/3960 4813/25/3960 4802/25/3960
f 4809/25/2810 4810/25/2810 4799/25/2810
f 4816/25/2811 4817/25/2811 4806/25/2811
f 4802/25/3961 4813/25/3961 4814/25/3961
f 4810/25/2813 4811/25/2813 4800/25/2813
f 4820/25/2814 4821/25/2814 4810/25/2814
f 4827/25/2815 4828/25/2815 4817/25/2815
f 4813/25/2816 4824/25/2816 4825/25/2816
f 4821/25/2817 4822/25/2817 4811/25/2817
f 4817/25/2818 4828/25/2818 4829/25/2818
f 4825/25/2820 4826/25/2820 4815/25/2820
f 4811/25/2821 4822/25/2821 4823/25/2821
f 4819/25/3962 4820/25/3962 4809/25/3962
f 4815/25/2824 4826/25/2824 4827/25/2824
f 4823/25/2825 4824/25/2825 4813/25/2825
f 4819/25/2827 4830/25/2827 4831/25/2827
f 4826/25/2828 4837/25/2828 4838/25/2828
f 4834/25/2829 4835/25/2829 4824/25/2829
f 4820/25/2830 4831/25/2830 4832/25/2830
f 4838/25/2831 4839/25/2831 4828/25/2831
f 4824/25/2832 4835/25/2832 4836/25/2832
f 4821/25/2833 4832/25/2833 4833/25/2833
f 4839/25/2834 4840/25/2834 4829/25/2834
f 4836/25/2836 4837/25/2836 4826/25/2836
f 4833/25/2837 4834/25/2837 4823/25/2837
f 4841/25/2838 4648/25/2838 4833/25/2838
f 4843/25/2839 4844/25/2839 4840/25/2839
f 4650/25/3963 4651/25/3963 4837/25/3963
f 4648/25/2842 4649/25/2842 4834/25/2842
f 4830/25/2844 4646/25/2844 4647/25/2844
f 4837/25/2845 4651/25/2845 4652/25/2845
f 4649/25/2846 4842/25/2846 4835/25/2846
f 4647/25/2847 4841/25/2847 4832/25/2847
f 4838/25/2848 4652/25/2848 4843/25/2848
f 4842/25/2849 4650/25/2849 4836/25/2849
f 4860/25/3964 4861/25/3964 4851/25/3964
f 4857/25/2851 4858/25/2851 4849/25/2851
f 4846/25/2853 4854/25/2853 4855/25/2853
f 4851/25/2854 4861/25/2854 4862/25/2854
f 4849/25/2855 4858/25/2855 4859/25/2855
f 4855/25/2856 4856/25/2856 5041/25/2856
f 4862/25/2857 4863/25/2857 5043/25/2857
f 4859/25/2858 4860/25/2858 4850/25/2858
f 4856/25/2859 4857/25/2859 4848/25/2859
f 5043/25/3965 4863/25/3965 4864/25/3965
f 4855/25/2862 4866/25/2862 4867/25/2862
f 4862/25/2863 4873/25/2863 4874/25/2863
f 4859/25/3966 4870/25/3966 4871/25/3966
f 4867/25/2865 4868/25/2865 4857/25/2865
f 4863/25/3967 4874/25/3967 4875/25/3967
f 4860/25/2868 4871/25/2868 4872/25/2868
f 4857/25/2869 4868/25/2869 4869/25/2869
f 4854/25/2871 4865/25/2871 4866/25/2871
f 4861/25/2872 4872/25/2872 4873/25/2872
f 4869/25/2873 4870/25/2873 4859/25/2873
f 4879/25/2874 4880/25/2874 4869/25/2874
f 4876/25/3968 4877/25/3968 4866/25/3968
f 4872/25/2877 4883/25/2877 4884/25/2877
f 4880/25/2878 4881/25/2878 4870/25/2878
f 4877/25/2879 4878/25/2879 4867/25/2879
f 4884/25/2880 4885/25/2880 4874/25/2880
f 4870/25/3969 4881/25/3969 4882/25/3969
f 4867/25/2882 4878/25/2882 4879/25/2882
f 4885/25/2883 4886/25/2883 4875/25/2883
f 4882/25/2885 4883/25/2885 4872/25/2885
f 4889/25/2886 4890/25/2886 4879/25/2886
f 4896/25/3970 4897/25/3970 4886/25/3970
f 4882/25/2889 4893/25/2889 4894/25/2889
f 4890/25/2890 4891/25/2890 4880/25/2890
f 4887/25/2892 4888/25/2892 4877/25/2892
f 4883/25/2893 4894/25/2893 4895/25/2893
f 4891/25/2894 4892/25/2894 4881/25/2894
f 4888/25/2895 4889/25/2895 4878/25/2895
f 4895/25/2896 4896/25/2896 4885/25/2896
f 4892/25/3971 4893/25/3971 4882/25/3971
f 4891/25/2898 4902/25/2898 4903/25/2898
f 4899/25/2899 4900/25/2899 4889/25/2899
f 4895/25/2900 4906/25/2900 4907/25/2900
f 4903/25/2901 4904/25/2901 4893/25/2901
f 4889/25/2902 4900/25/2902 4901/25/2902
f 4896/25/2903 4907/25/2903 4908/25/2903
f 4904/25/2905 4905/25/2905 4894/25/2905
f 4890/25/2906 4901/25/2906 4902/25/2906
f 4898/25/2908 4899/25/2908 4888/25/2908
f 4894/25/2909 4905/25/2909 4906/25/2909
f 4912/25/2910 4913/25/2910 4902/25/2910
f 4898/25/2912 4909/25/2912 4910/25/2912
f 4916/25/2913 4917/25/2913 4906/25/2913
f 4902/25/2914 4913/25/2914 4914/25/2914
f 4899/25/2915 4910/25/2915 4911/25/2915
f 4917/25/3972 4918/25/3972 4907/25/3972
f 4903/25/3973 4914/25/3973 4915/25/3973
f 4911/25/2918 4912/25/2918 4901/25/2918
f 4918/25/2919 4919/25/2919 4908/25/2919
f 4904/25/2921 4915/25/2921 4916/25/2921
f 4914/25/2922 4925/25/2922 4926/25/2922
f 4922/25/2923 4923/25/2923 4912/25/2923
f 4918/25/2924 4929/25/2924 4930/25/2924
f 4926/25/2926 4927/25/2926 4916/25/2926
f 4923/25/2927 4924/25/2927 4913/25/2927
f 4909/25/3974 4920/25/3974 4921/25/3974
f 4916/25/2930 4927/25/2930 4928/25/2930
f 4913/25/2931 4924/25/2931 4925/25/2931
f 4921/25/2932 4922/25/2932 4911/25/2932
f 4917/25/2933 4928/25/2933 4929/25/2933
f 4935/25/2934 4936/25/2934 4925/25/2934
f 4921/25/2935 4932/25/2935 4933/25/2935
f 4939/25/3975 4940/25/3975 4929/25/3975
f 4936/25/3976 4937/25/3976 4926/25/3976
f 4933/25/2938 4934/25/2938 4923/25/2938
f 4940/25/2939 4941/25/2939 4930/25/2939
f 4937/25/2941 4938/25/2941 4927/25/2941
f 4934/25/2942 4935/25/2942 4924/25/2942
f 4931/25/2944 4932/25/2944 4921/25/2944
f 4927/25/2945 4938/25/2945 4939/25/2945
f 4948/25/2946 4949/25/2946 4938/25/2946
f 4934/25/2947 4945/25/2947 4946/25/2947
f 4942/25/2949 4943/25/2949 4932/25/2949
f 4949/25/2950 4950/25/2950 4939/25/2950
f 4946/25/2951 4947/25/2951 4936/25/2951
f 4932/25/2952 4943/25/2952 4944/25/2952
f 4950/25/2953 4951/25/2953 4940/25/2953
f 4936/25/2954 4947/25/2954 4948/25/2954
f 4944/25/2955 4945/25/2955 4934/25/2955
f 4951/25/3977 4952/25/3977 4941/25/3977
f 4947/25/3978 4958/25/3978 4959/25/3978
f 4944/25/2959 4955/25/2959 4956/25/2959
f 4962/25/2960 4963/25/2960 4952/25/2960
f 4948/25/2962 4959/25/2962 4960/25/2962
f 4945/25/2963 4956/25/2963 4957/25/2963
f 4953/25/2965 4954/25/2965 4943/25/2965
f 4960/25/2966 4961/25/2966 4950/25/2966
f 4946/25/2967 4957/25/2967 4958/25/2967
f 4943/25/2968 4954/25/2968 4955/25/2968
f 4961/25/2969 4962/25/2969 4951/25/2969
f 4960/25/2970 4971/25/2970 4972/25/2970
f 4957/25/2971 4968/25/2971 4969/25/2971
f 4965/25/2972 4966/25/2972 4955/25/2972
f 4961/25/3979 4972/25/3979 4973/25/3979
f 4958/25/2974 4969/25/2974 4970/25/2974
f 4966/25/2975 4967/25/2975 4956/25/2975
f 4973/25/2976 4974/25/2976 4963/25/2976
f 4959/25/2978 4970/25/2978 4971/25/2978
f 4967/25/2979 4968/25/2979 4957/25/2979
f 4964/25/2981 4965/25/2981 4954/25/2981
f 4981/25/3980 4982/25/3980 4971/25/3980
f 4967/25/2984 4978/25/2984 4979/25/2984
f 4964/25/2986 4975/25/2986 4976/25/2986
f 4971/25/2987 4982/25/2987 4983/25/2987
f 4968/25/2988 4979/25/2988 4980/25/2988
f 4976/25/3981 4977/25/3981 4966/25/3981
f 4972/25/2990 4983/25/2990 4984/25/2990
f 4969/25/2991 4980/25/2991 4981/25/2991
f 4966/25/2992 4977/25/2992 4978/25/2992
f 4984/25/2993 4985/25/2993 4974/25/2993
f 4983/25/2994 4994/25/2994 4995/25/2994
f 4980/25/3982 4991/25/3982 4992/25/3982
f 4988/25/2996 4989/25/2996 4978/25/2996
f 4984/25/2997 4995/25/2997 4996/25/2997
f 4992/25/2999 4993/25/2999 4982/25/2999
f 4978/25/3000 4989/25/3000 4990/25/3000
f 4975/25/3002 4986/25/3002 4987/25/3002
f 4982/25/3003 4993/25/3003 4994/25/3003
f 4990/25/3983 4991/25/3983 4980/25/3983
f 4987/25/3984 4988/25/3984 4977/25/3984
f 4997/25/3006 4998/25/3006 4987/25/3006
f 4993/25/3007 5004/25/3007 5005/25/3007
f 5001/25/3008 5002/25/3008 4991/25/3008
f 4987/25/3009 4998/25/3009 4999/25/3009
f 5005/25/3010 5006/25/3010 4995/25/3010
f 5002/25/3011 5003/25/3011 4992/25/3011
f 4988/25/3012 4999/25/3012 5000/25/3012
f 4995/25/3013 5006/25/3013 5007/25/3013
f 4992/25/3015 5003/25/3015 5004/25/3015
f 4989/25/3016 5000/25/3016 5001/25/3016
f 5017/25/3018 5018/25/3018 5007/25/3018
f 5003/25/3020 5014/25/3020 5015/25/3020
f 5011/25/3021 5012/25/3021 5001/25/3021
f 5008/25/3023 5009/25/3023 4998/25/3023
f 5015/25/3024 5016/25/3024 5005/25/3024
f 5012/25/3985 5013/25/3985 5002/25/3985
f 5009/25/3986 5010/25/3986 4999/25/3986
f 5016/25/3027 5017/25/3027 5006/25/3027
f 5013/25/3028 5014/25/3028 5003/25/3028
f 5010/25/3029 5011/25/3029 5000/25/3029
f 5020/25/3987 5021/25/3987 5010/25/3987
f 5027/25/3988 5028/25/3988 5017/25/3988
f 5024/25/3989 5025/25/3989 5014/25/3989
f 5021/25/3033 5022/25/3033 5011/25/3033
f 5028/25/3990 5029/25/3990 5018/25/3990
f 5025/25/3036 5026/25/3036 5015/25/3036
f 5011/25/3037 5022/25/3037 5023/25/3037
f 5008/25/3039 5019/25/3039 5020/25/3039
f 5015/25/3040 5026/25/3040 5027/25/3040
f 5012/25/3041 5023/25/3041 5024/25/3041
f 5030/25/3043 5031/25/3043 5020/25/3043
f 5026/25/3044 5037/25/3044 5038/25/3044
f 5034/25/3045 5035/25/3045 5024/25/3045
f 5031/25/3046 5032/25/3046 5021/25/3046
f 5038/25/3991 5039/25/3991 5028/25/3991
f 5035/25/3048 5036/25/3048 5025/25/3048
f 5021/25/3049 5032/25/3049 5033/25/3049
f 5028/25/3050 5039/25/3050 5040/25/3050
f 5025/25/3052 5036/25/3052 5037/25/3052
f 5033/25/3053 5034/25/3053 5023/25/3053
f 5041/25/3054 4848/25/3054 5033/25/3054
f 5039/25/3055 5043/25/3055 5044/25/3055
f 4850/25/3992 4851/25/3992 5037/25/3992
f 4848/25/3993 4849/25/3993 5034/25/3993
f 5030/25/3060 4846/25/3060 4847/25/3060
f 5037/25/3061 4851/25/3061 4852/25/3061
f 5034/25/3062 4849/25/3062 5042/25/3062
f 5031/25/3063 4847/25/3063 5041/25/3063
f 5038/25/3064 4852/25/3064 5043/25/3064
f 5035/25/3065 5042/25/3065 4850/25/3065
f 5060/25/3066 5061/25/3066 5051/25/3066
f 5048/25/3067 5057/25/3067 5058/25/3067
f 5054/25/3069 5055/25/3069 5047/25/3069
f 5061/25/3070 5062/25/3070 5052/25/3070
f 5058/25/3071 5059/25/3071 5242/25/3071
f 5047/25/2955 5055/25/2955 5056/25/2955
f 5062/25/3072 5063/25/3072 5243/25/3072
f 5059/25/3073 5060/25/3073 5050/25/3073
f 5056/25/2952 5057/25/2952 5048/25/2952
f 5243/25/3074 5063/25/3074 5064/25/3074
f 5066/25/3076 5067/25/3076 5056/25/3076
f 5073/25/3077 5074/25/3077 5063/25/3077
f 5070/25/3078 5071/25/3078 5060/25/3078
f 5067/25/3079 5068/25/3079 5057/25/3079
f 5063/25/3080 5074/25/3080 5075/25/3080
f 5071/25/3082 5072/25/3082 5061/25/3082
f 5068/25/3083 5069/25/3083 5058/25/3083
f 5065/25/3994 5066/25/3994 5055/25/3994
f 5061/25/3086 5072/25/3086 5073/25/3086
f 5058/25/3087 5069/25/3087 5070/25/3087
f 5079/25/3088 5080/25/3088 5069/25/3088
f 5076/25/3995 5077/25/3995 5066/25/3995
f 5072/25/3091 5083/25/3091 5084/25/3091
f 5080/25/3092 5081/25/3092 5070/25/3092
f 5066/25/3093 5077/25/3093 5078/25/3093
f 5084/25/3094 5085/25/3094 5074/25/3094
f 5081/25/3095 5082/25/3095 5071/25/3095
f 5067/25/3096 5078/25/3096 5079/25/3096
f 5085/25/3097 5086/25/3097 5075/25/3097
f 5082/25/3099 5083/25/3099 5072/25/3099
f 5089/25/3100 5090/25/3100 5079/25/3100
f 5085/25/3101 5096/25/3101 5097/25/3101
f 5082/25/3103 5093/25/3103 5094/25/3103
f 5090/25/3104 5091/25/3104 5080/25/3104
f 5087/25/3106 5088/25/3106 5077/25/3106
f 5083/25/3107 5094/25/3107 5095/25/3107
f 5091/25/3108 5092/25/3108 5081/25/3108
f 5077/25/3109 5088/25/3109 5089/25/3109
f 5095/25/3110 5096/25/3110 5085/25/3110
f 5092/25/3996 5093/25/3996 5082/25/3996
f 5091/25/3112 5102/25/3112 5103/25/3112
f 5099/25/3113 5100/25/3113 5089/25/3113
f 5106/25/3114 5107/25/3114 5096/25/3114
f 5103/25/3115 5104/25/3115 5093/25/3115
f 5089/25/3116 5100/25/3116 5101/25/3116
f 5096/25/3117 5107/25/3117 5108/25/3117
f 5104/25/3119 5105/25/3119 5094/25/3119
f 5101/25/3120 5102/25/3120 5091/25/3120
f 5098/25/3122 5099/25/3122 5088/25/3122
f 5105/25/3123 5106/25/3123 5095/25/3123
f 5101/25/3124 5112/25/3124 5113/25/3124
f 5109/25/3126 5110/25/3126 5099/25/3126
f 5105/25/3127 5116/25/3127 5117/25/3127
f 5113/25/3128 5114/25/3128 5103/25/3128
f 5110/25/3129 5111/25/3129 5100/25/3129
f 5106/25/3130 5117/25/3130 5118/25/3130
f 5114/25/3997 5115/25/3997 5104/25/3997
f 5100/25/3132 5111/25/3132 5112/25/3132
f 5118/25/3133 5119/25/3133 5108/25/3133
f 5115/25/3135 5116/25/3135 5105/25/3135
f 5114/25/3998 5125/25/3998 5126/25/3998
f 5122/25/3137 5123/25/3137 5112/25/3137
f 5129/25/3138 5130/25/3138 5119/25/3138
f 5126/25/3140 5127/25/3140 5116/25/3140
f 5123/25/3141 5124/25/3141 5113/25/3141
f 5109/25/3999 5120/25/3999 5121/25/3999
f 5116/25/3144 5127/25/3144 5128/25/3144
f 5113/25/3145 5124/25/3145 5125/25/3145
f 5121/25/4000 5122/25/4000 5111/25/4000
f 5117/25/3147 5128/25/3147 5129/25/3147
f 5124/25/3148 5135/25/3148 5136/25/3148
f 5132/25/3149 5133/25/3149 5122/25/3149
f 5128/25/3150 5139/25/3150 5140/25/3150
f 5125/25/3151 5136/25/3151 5137/25/3151
f 5122/25/3152 5133/25/3152 5134/25/3152
f 5129/25/3153 5140/25/3153 5141/25/3153
f 5137/25/3155 5138/25/3155 5127/25/3155
f 5134/25/3156 5135/25/3156 5124/25/3156
f 5120/25/3158 5131/25/3158 5132/25/3158
f 5127/25/3159 5138/25/3159 5139/25/3159
f 5148/25/3160 5149/25/3160 5138/25/3160
f 5134/25/3161 5145/25/3161 5146/25/3161
f 5142/25/3163 5143/25/3163 5132/25/3163
f 5149/25/3164 5150/25/3164 5139/25/3164
f 5135/25/3165 5146/25/3165 5147/25/3165
f 5143/25/2859 5144/25/2859 5133/25/2859
f 5150/25/3166 5151/25/3166 5140/25/3166
f 5147/25/3167 5148/25/3167 5137/25/3167
f 5133/25/2856 5144/25/2856 5145/25/2856
f 5151/25/3168 5152/25/3168 5141/25/3168
f 5158/25/3170 5159/25/3170 5148/25/3170
f 5155/25/3171 5156/25/3171 5145/25/3171
f 5162/25/3172 5163/25/3172 5152/25/3172
f 5148/25/3174 5159/25/3174 5160/25/3174
f 5145/25/3175 5156/25/3175 5157/25/3175
f 5153/25/3177 5154/25/3177 5143/25/3177
f 5149/25/3178 5160/25/3178 5161/25/3178
f 5157/25/3179 5158/25/3179 5147/25/3179
f 5154/25/3180 5155/25/3180 5144/25/3180
f 5150/25/3181 5161/25/3181 5162/25/3181
f 5171/25/3182 5172/25/3182 5161/25/3182
f 5157/25/3183 5168/25/3183 5169/25/3183
f 5165/25/3184 5166/25/3184 5155/25/3184
f 5172/25/3185 5173/25/3185 5162/25/3185
f 5169/25/3186 5170/25/3186 5159/25/3186
f 5166/25/3187 5167/25/3187 5156/25/3187
f 5162/25/3188 5173/25/3188 5174/25/3188
f 5159/25/3190 5170/25/3190 5171/25/3190
f 5167/25/3191 5168/25/3191 5157/25/3191
f 5164/25/3193 5165/25/3193 5154/25/3193
f 5170/25/3195 5181/25/3195 5182/25/3195
f 5167/25/3196 5178/25/3196 5179/25/3196
f 5164/25/4001 5175/25/4001 5176/25/4001
f 5171/25/3199 5182/25/3199 5183/25/3199
f 5168/25/3200 5179/25/3200 5180/25/3200
f 5176/25/4002 5177/25/4002 5166/25/4002
f 5172/25/3202 5183/25/3202 5184/25/3202
f 5180/25/4003 5181/25/4003 5170/25/4003
f 5166/25/3204 5177/25/3204 5178/25/3204
f 5184/25/3205 5185/25/3205 5174/25/3205
f 5194/25/3206 5195/25/3206 5184/25/3206
f 5191/25/4004 5192/25/4004 5181/25/4004
f 5188/25/3208 5189/25/3208 5178/25/3208
f 5184/25/3209 5195/25/3209 5196/25/3209
f 5192/25/3211 5193/25/3211 5182/25/3211
f 5178/25/3212 5189/25/3212 5190/25/3212
f 5186/25/3214 5187/25/3214 5176/25/3214
f 5193/25/3215 5194/25/3215 5183/25/3215
f 5179/25/3216 5190/25/3216 5191/25/3216
f 5187/25/4005 5188/25/4005 5177/25/4005
f 5197/25/3218 5198/25/3218 5187/25/3218
f 5193/25/3219 5204/25/3219 5205/25/3219
f 5201/25/3220 5202/25/3220 5191/25/3220
f 5198/25/3221 5199/25/3221 5188/25/3221
f 5205/25/3222 5206/25/3222 5195/25/3222
f 5202/25/3223 5203/25/3223 5192/25/3223
f 5188/25/3224 5199/25/3224 5200/25/3224
f 5195/25/3225 5206/25/3225 5207/25/3225
f 5192/25/3227 5203/25/3227 5204/25/3227
f 5189/25/3228 5200/25/3228 5201/25/3228
f 5206/25/4006 5217/25/4006 5218/25/4006
f 5214/25/3232 5215/25/3232 5204/25/3232
f 5200/25/3233 5211/25/3233 5212/25/3233
f 5197/25/3235 5208/25/3235 5209/25/3235
f 5204/25/3236 5215/25/3236 5216/25/3236
f 5201/25/3237 5212/25/3237 5213/25/3237
f 5209/25/3238 5210/25/3238 5199/25/3238
f 5205/25/3239 5216/25/3239 5217/25/3239
f 5213/25/4007 5214/25/4007 5203/25/4007
f 5199/25/3241 5210/25/3241 5211/25/3241
f 5220/25/4008 5221/25/4008 5210/25/4008
f 5216/25/3243 5227/25/3243 5228/25/3243
f 5213/25/3244 5224/25/3244 5225/25/3244
f 5210/25/3245 5221/25/3245 5222/25/3245
f 5228/25/3246 5229/25/3246 5218/25/3246
f 5225/25/3248 5226/25/3248 5215/25/3248
f 5222/25/3249 5223/25/3249 5212/25/3249
f 5208/25/4009 5219/25/4009 5220/25/4009
f 5226/25/3252 5227/25/3252 5216/25/3252
f 5212/25/3253 5223/25/3253 5224/25/3253
f 5219/25/3255 5230/25/3255 5231/25/3255
f 5237/25/3256 5238/25/3256 5227/25/3256
f 5234/25/3257 5235/25/3257 5224/25/3257
f 5231/25/3258 5232/25/3258 5221/25/3258
f 5238/25/3259 5239/25/3259 5228/25/3259
f 5235/25/3260 5236/25/3260 5225/25/3260
f 5232/25/3261 5233/25/3261 5222/25/3261
f 5239/25/3262 5240/25/3262 5229/25/3262
f 5236/25/3264 5237/25/3264 5226/25/3264
f 5233/25/3265 5234/25/3265 5223/25/3265
f 5241/25/3266 5048/25/3266 5233/25/3266
f 5243/25/3267 5244/25/3267 5240/25/3267
f 5050/25/3269 5051/25/3269 5237/25/3269
f 5048/25/3270 5049/25/3270 5234/25/3270
f 5046/25/3272 5047/25/3272 5231/25/3272
f 5237/25/3273 5051/25/3273 5052/25/3273
f 5234/25/3274 5049/25/3274 5242/25/3274
f 5231/25/3275 5047/25/3275 5241/25/3275
f 5052/25/3276 5243/25/3276 5239/25/3276
f 5235/25/3277 5242/25/3277 5050/25/3277
f 5260/25/3278 5261/25/3278 5251/25/3278
f 5248/25/3279 5257/25/3279 5258/25/3279
f 5254/25/3281 5255/25/3281 5247/25/3281
f 5251/25/3282 5261/25/3282 5262/25/3282
f 5258/25/3283 5259/25/3283 5442/25/3283
f 5255/25/3284 5256/25/3284 5441/25/3284
f 5252/25/4010 5262/25/4010 5263/25/4010
f 5259/25/3286 5260/25/3286 5250/25/3286
f 5256/25/3287 5257/25/3287 5248/25/3287
f 5443/25/3288 5263/25/3288 5264/25/3288
f 5255/25/3290 5266/25/3290 5267/25/3290
f 5262/25/4011 5273/25/4011 5274/25/4011
f 5259/25/3292 5270/25/3292 5271/25/3292
f 5267/25/3293 5268/25/3293 5257/25/3293
f 5274/25/3294 5275/25/3294 5264/25/3294
f 5260/25/3296 5271/25/3296 5272/25/3296
f 5268/25/3297 5269/25/3297 5258/25/3297
f 5265/25/3299 5266/25/3299 5255/25/3299
f 5261/25/3300 5272/25/3300 5273/25/3300
f 5258/25/3301 5269/25/3301 5270/25/3301
f 5279/25/3302 5280/25/3302 5269/25/3302
f 5276/25/4012 5277/25/4012 5266/25/4012
f 5272/25/3305 5283/25/3305 5284/25/3305
f 5280/25/3306 5281/25/3306 5270/25/3306
f 5266/25/3307 5277/25/3307 5278/25/3307
f 5273/25/3308 5284/25/3308 5285/25/3308
f 5281/25/3309 5282/25/3309 5271/25/3309
f 5278/25/3310 5279/25/3310 5268/25/3310
f 5285/25/3311 5286/25/3311 5275/25/3311
f 5282/25/3313 5283/25/3313 5272/25/3313
f 5289/25/3314 5290/25/3314 5279/25/3314
f 5285/25/3315 5296/25/3315 5297/25/3315
f 5293/25/3317 5294/25/3317 5283/25/3317
f 5290/25/3318 5291/25/3318 5280/25/3318
f 5287/25/3320 5288/25/3320 5277/25/3320
f 5294/25/3321 5295/25/3321 5284/25/3321
f 5291/25/3322 5292/25/3322 5281/25/3322
f 5288/25/3323 5289/25/3323 5278/25/3323
f 5295/25/3324 5296/25/3324 5285/25/3324
f 5292/25/4013 5293/25/4013 5282/25/4013
f 5291/25/3326 5302/25/3326 5303/25/3326
f 5288/25/3327 5299/25/3327 5300/25/3327
f 5295/25/3328 5306/25/3328 5307/25/3328
f 5292/25/3329 5303/25/3329 5304/25/3329
f 5289/25/3330 5300/25/3330 5301/25/3330
f 5307/25/3331 5308/25/3331 5297/25/3331
f 5293/25/3333 5304/25/3333 5305/25/3333
f 5290/25/3334 5301/25/3334 5302/25/3334
f 5287/25/3336 5298/25/3336 5299/25/3336
f 5294/25/3337 5305/25/3337 5306/25/3337
f 5301/25/3338 5312/25/3338 5313/25/3338
f 5298/25/3340 5309/25/3340 5310/25/3340
f 5316/25/3341 5317/25/3341 5306/25/3341
f 5313/25/3342 5314/25/3342 5303/25/3342
f 5310/25/3343 5311/25/3343 5300/25/3343
f 5306/25/3344 5317/25/3344 5318/25/3344
f 5314/25/4014 5315/25/4014 5304/25/4014
f 5311/25/3346 5312/25/3346 5301/25/3346
f 5307/25/4015 5318/25/4015 5319/25/4015
f 5315/25/3349 5316/25/3349 5305/25/3349
f 5314/25/3350 5325/25/3350 5326/25/3350
f 5322/25/3351 5323/25/3351 5312/25/3351
f 5329/25/4016 5330/25/4016 5319/25/4016
f 5315/25/3354 5326/25/3354 5327/25/3354
f 5323/25/3355 5324/25/3355 5313/25/3355
f 5320/25/4017 5321/25/4017 5310/25/4017
f 5316/25/3358 5327/25/3358 5328/25/3358
f 5324/25/3359 5325/25/3359 5314/25/3359
f 5321/25/4018 5322/25/4018 5311/25/4018
f 5328/25/4019 5329/25/4019 5318/25/4019
f 5335/25/3362 5336/25/3362 5325/25/3362
f 5332/25/3363 5333/25/3363 5322/25/3363
f 5328/25/3364 5339/25/3364 5340/25/3364
f 5336/25/3365 5337/25/3365 5326/25/3365
f 5322/25/3366 5333/25/3366 5334/25/3366
f 5329/25/3367 5340/25/3367 5341/25/3367
f 5326/25/4020 5337/25/4020 5338/25/4020
f 5334/25/3370 5335/25/3370 5324/25/3370
f 5320/25/3372 5331/25/3372 5332/25/3372
f 5327/25/3373 5338/25/3373 5339/25/3373
f 5348/25/3374 5349/25/3374 5338/25/3374
f 5334/25/3375 5345/25/3375 5346/25/3375
f 5331/25/3377 5342/25/3377 5343/25/3377
f 5349/25/3378 5350/25/3378 5339/25/3378
f 5346/25/3379 5347/25/3379 5336/25/3379
f 5343/25/3380 5344/25/3380 5333/25/3380
f 5350/25/3381 5351/25/3381 5340/25/3381
f 5336/25/3382 5347/25/3382 5348/25/3382
f 5344/25/3383 5345/25/3383 5334/25/3383
f 5340/25/4021 5351/25/4021 5352/25/4021
f 5358/25/3386 5359/25/3386 5348/25/3386
f 5355/25/3387 5356/25/3387 5345/25/3387
f 5362/25/3388 5363/25/3388 5352/25/3388
f 5359/25/3390 5360/25/3390 5349/25/3390
f 5356/25/3391 5357/25/3391 5346/25/3391
f 5342/25/3393 5353/25/3393 5354/25/3393
f 5349/25/3394 5360/25/3394 5361/25/3394
f 5357/25/3395 5358/25/3395 5347/25/3395
f 5354/25/3396 5355/25/3396 5344/25/3396
f 5350/25/3397 5361/25/3397 5362/25/3397
f 5360/25/3398 5371/25/3398 5372/25/3398
f 5357/25/3399 5368/25/3399 5369/25/3399
f 5365/25/3400 5366/25/3400 5355/25/3400
f 5361/25/3401 5372/25/3401 5373/25/3401
f 5369/25/3402 5370/25/3402 5359/25/3402
f 5366/25/3403 5367/25/3403 5356/25/3403
f 5362/25/3404 5373/25/3404 5374/25/3404
f 5370/25/3406 5371/25/3406 5360/25/3406
f 5356/25/3407 5367/25/3407 5368/25/3407
f 5364/25/3409 5365/25/3409 5354/25/3409
f 5381/25/3411 5382/25/3411 5371/25/3411
f 5378/25/3412 5379/25/3412 5368/25/3412
f 5364/25/3414 5375/25/3414 5376/25/3414
f 5382/25/3415 5383/25/3415 5372/25/3415
f 5379/25/4022 5380/25/4022 5369/25/4022
f 5365/25/4023 5376/25/4023 5377/25/4023
f 5372/25/3418 5383/25/3418 5384/25/3418
f 5380/25/3419 5381/25/3419 5370/25/3419
f 5366/25/3420 5377/25/3420 5378/25/3420
f 5384/25/3421 5385/25/3421 5374/25/3421
f 5394/25/4024 5395/25/4024 5384/25/4024
f 5380/25/4025 5391/25/4025 5392/25/4025
f 5388/25/3424 5389/25/3424 5378/25/3424
f 5384/25/3425 5395/25/3425 5396/25/3425
f 5381/25/3427 5392/25/3427 5393/25/3427
f 5389/25/3428 5390/25/3428 5379/25/3428
f 5375/25/3430 5386/25/3430 5387/25/3430
f 5382/25/3431 5393/25/3431 5394/25/3431
f 5390/25/3432 5391/25/3432 5380/25/3432
f 5376/25/3433 5387/25/3433 5388/25/3433
f 5397/25/3434 5398/25/3434 5387/25/3434
f 5404/25/3435 5405/25/3435 5394/25/3435
f 5401/25/3436 5402/25/3436 5391/25/3436
f 5398/25/3437 5399/25/3437 5388/25/3437
f 5405/25/3438 5406/25/3438 5395/25/3438
f 5391/25/3439 5402/25/3439 5403/25/3439
f 5399/25/3440 5400/25/3440 5389/25/3440
f 5395/25/3441 5406/25/3441 5407/25/3441
f 5392/25/3443 5403/25/3443 5404/25/3443
f 5400/25/3444 5401/25/3444 5390/25/3444
f 5406/25/3446 5417/25/3446 5418/25/3446
f 5414/25/3448 5415/25/3448 5404/25/3448
f 5411/25/3449 5412/25/3449 5401/25/3449
f 5408/25/3451 5409/25/3451 5398/25/3451
f 5404/25/3452 5415/25/3452 5416/25/3452
f 5412/25/3453 5413/25/3453 5402/25/3453
f 5398/25/3454 5409/25/3454 5410/25/3454
f 5416/25/4026 5417/25/4026 5406/25/4026
f 5402/25/3456 5413/25/3456 5414/25/3456
f 5410/25/3457 5411/25/3457 5400/25/3457
f 5420/25/4027 5421/25/4027 5410/25/4027
f 5427/25/3459 5428/25/3459 5417/25/3459
f 5413/25/4028 5424/25/4028 5425/25/4028
f 5421/25/3461 5422/25/3461 5411/25/3461
f 5417/25/3462 5428/25/3462 5429/25/3462
f 5425/25/3464 5426/25/3464 5415/25/3464
f 5411/25/3465 5422/25/3465 5423/25/3465
f 5419/25/3467 5420/25/3467 5409/25/3467
f 5415/25/3468 5426/25/3468 5427/25/3468
f 5423/25/3469 5424/25/3469 5413/25/3469
f 5430/25/3471 5431/25/3471 5420/25/3471
f 5426/25/3472 5437/25/3472 5438/25/3472
f 5423/25/3473 5434/25/3473 5435/25/3473
f 5431/25/3474 5432/25/3474 5421/25/3474
f 5438/25/3475 5439/25/3475 5428/25/3475
f 5424/25/3476 5435/25/3476 5436/25/3476
f 5432/25/3477 5433/25/3477 5422/25/3477
f 5439/25/3478 5440/25/3478 5429/25/3478
f 5425/25/4029 5436/25/4029 5437/25/4029
f 5422/25/3481 5433/25/3481 5434/25/3481
f 5441/25/3482 5248/25/3482 5433/25/3482
f 5443/25/3483 5444/25/3483 5440/25/3483
f 5250/25/4030 5251/25/4030 5437/25/4030
f 5248/25/3486 5249/25/3486 5434/25/3486
f 5430/25/3488 5246/25/3488 5247/25/3488
f 5251/25/3489 5252/25/3489 5438/25/3489
f 5249/25/3490 5442/25/3490 5435/25/3490
f 5247/25/3491 5441/25/3491 5432/25/3491
f 5252/25/3492 5443/25/3492 5439/25/3492
f 5435/25/3493 5442/25/3493 5250/25/3493
f 5460/25/3494 5461/25/3494 5451/25/3494
f 5457/25/3495 5458/25/3495 5449/25/3495
f 5446/25/3497 5454/25/3497 5455/25/3497
f 5451/25/3498 5461/25/3498 5462/25/3498
f 5458/25/3499 5459/25/3499 5642/25/3499
f 5455/25/3500 5456/25/3500 5641/25/3500
f 5462/25/3501 5463/25/3501 5643/25/3501
f 5642/25/3502 5459/25/3502 5460/25/3502
f 5456/25/3503 5457/25/3503 5448/25/3503
f 5643/25/3504 5463/25/3504 5464/25/3504
f 5455/25/3506 5466/25/3506 5467/25/3506
f 5462/25/3507 5473/25/3507 5474/25/3507
f 5459/25/3508 5470/25/3508 5471/25/3508
f 5456/25/3509 5467/25/3509 5468/25/3509
f 5474/25/3510 5475/25/3510 5464/25/3510
f 5471/25/3512 5472/25/3512 5461/25/3512
f 5468/25/3513 5469/25/3513 5458/25/3513
f 5454/25/4031 5465/25/4031 5466/25/4031
f 5472/25/3516 5473/25/3516 5462/25/3516
f 5458/25/3517 5469/25/3517 5470/25/3517
f 5479/25/3518 5480/25/3518 5469/25/3518
f 5476/25/3520 5477/25/3520 5466/25/3520
f 5483/25/3521 5484/25/3521 5473/25/3521
f 5480/25/3522 5481/25/3522 5470/25/3522
f 5466/25/3523 5477/25/3523 5478/25/3523
f 5484/25/3524 5485/25/3524 5474/25/3524
f 5481/25/3525 5482/25/3525 5471/25/3525
f 5467/25/3526 5478/25/3526 5479/25/3526
f 5485/25/3527 5486/25/3527 5475/25/3527
f 5471/25/3529 5482/25/3529 5483/25/3529
f 5489/25/3530 5490/25/3530 5479/25/3530
f 5485/25/3531 5496/25/3531 5497/25/3531
f 5493/25/3533 5494/25/3533 5483/25/3533
f 5479/25/3534 5490/25/3534 5491/25/3534
f 5487/25/3536 5488/25/3536 5477/25/3536
f 5483/25/3537 5494/25/3537 5495/25/3537
f 5480/25/3538 5491/25/3538 5492/25/3538
f 5488/25/3539 5489/25/3539 5478/25/3539
f 5495/25/3540 5496/25/3540 5485/25/3540
f 5492/25/4032 5493/25/4032 5482/25/4032
f 5491/25/3542 5502/25/3542 5503/25/3542
f 5499/25/3543 5500/25/3543 5489/25/3543
f 5506/25/3544 5507/25/3544 5496/25/3544
f 5503/25/3545 5504/25/3545 5493/25/3545
f 5500/25/3546 5501/25/3546 5490/25/3546
f 5507/25/3547 5508/25/3547 5497/25/3547
f 5504/25/3549 5505/25/3549 5494/25/3549
f 5501/25/3550 5502/25/3550 5491/25/3550
f 5487/25/3552 5498/25/3552 5499/25/3552
f 5505/25/3553 5506/25/3553 5495/25/3553
f 5512/25/3554 5513/25/3554 5502/25/3554
f 5498/25/3556 5509/25/3556 5510/25/3556
f 5505/25/3557 5516/25/3557 5517/25/3557
f 5513/25/3558 5514/25/3558 5503/25/3558
f 5499/25/3559 5510/25/3559 5511/25/3559
f 5517/25/3560 5518/25/3560 5507/25/3560
f 5514/25/4033 5515/25/4033 5504/25/4033
f 5511/25/3562 5512/25/3562 5501/25/3562
f 5518/25/4034 5519/25/4034 5508/25/4034
f 5504/25/3565 5515/25/3565 5516/25/3565
f 5525/25/3566 5526/25/3566 5515/25/3566
f 5511/25/3567 5522/25/3567 5523/25/3567
f 5518/25/3568 5529/25/3568 5530/25/3568
f 5526/25/3570 5527/25/3570 5516/25/3570
f 5512/25/3571 5523/25/3571 5524/25/3571
f 5509/25/3573 5520/25/3573 5521/25/3573
f 5516/25/3574 5527/25/3574 5528/25/3574
f 5524/25/3575 5525/25/3575 5514/25/3575
f 5510/25/3576 5521/25/3576 5522/25/3576
f 5528/25/3577 5529/25/3577 5518/25/3577
f 5535/25/3578 5536/25/3578 5525/25/3578
f 5532/25/3579 5533/25/3579 5522/25/3579
f 5539/25/3580 5540/25/3580 5529/25/3580
f 5536/25/3581 5537/25/3581 5526/25/3581
f 5533/25/3582 5534/25/3582 5523/25/3582
f 5529/25/3583 5540/25/3583 5541/25/3583
f 5537/25/3585 5538/25/3585 5527/25/3585
f 5534/25/3586 5535/25/3586 5524/25/3586
f 5531/25/4035 5532/25/4035 5521/25/4035
f 5527/25/3589 5538/25/3589 5539/25/3589
f 5548/25/4036 5549/25/4036 5538/25/4036
f 5545/25/3591 5546/25/3591 5535/25/3591
f 5542/25/3593 5543/25/3593 5532/25/3593
f 5538/25/3594 5549/25/3594 5550/25/3594
f 5535/25/3595 5546/25/3595 5547/25/3595
f 5532/25/3596 5543/25/3596 5544/25/3596
f 5539/25/3597 5550/25/3597 5551/25/3597
f 5536/25/3598 5547/25/3598 5548/25/3598
f 5544/25/3599 5545/25/3599 5534/25/3599
f 5540/25/3600 5551/25/3600 5552/25/3600
f 5547/25/3602 5558/25/3602 5559/25/3602
f 5555/25/3603 5556/25/3603 5545/25/3603
f 5562/25/3604 5563/25/3604 5552/25/3604
f 5559/25/4037 5560/25/4037 5549/25/4037
f 5556/25/3607 5557/25/3607 5546/25/3607
f 5553/25/3609 5554/25/3609 5543/25/3609
f 5549/25/3610 5560/25/3610 5561/25/3610
f 5546/25/3611 5557/25/3611 5558/25/3611
f 5554/25/3612 5555/25/3612 5544/25/3612
f 5550/25/3613 5561/25/3613 5562/25/3613
f 5571/25/3614 5572/25/3614 5561/25/3614
f 5568/25/3615 5569/25/3615 5558/25/3615
f 5565/25/3616 5566/25/3616 5555/25/3616
f 5572/25/3617 5573/25/3617 5562/25/3617
f 5569/25/3618 5570/25/3618 5559/25/3618
f 5566/25/3619 5567/25/3619 5556/25/3619
f 5562/25/3620 5573/25/3620 5574/25/3620
f 5570/25/3622 5571/25/3622 5560/25/3622
f 5556/25/3623 5567/25/3623 5568/25/3623
f 5553/25/4038 5564/25/4038 5565/25/4038
f 5570/25/3627 5581/25/3627 5582/25/3627
f 5578/25/3628 5579/25/3628 5568/25/3628
f 5575/25/3630 5576/25/3630 5565/25/3630
f 5571/25/3631 5582/25/3631 5583/25/3631
f 5568/25/3632 5579/25/3632 5580/25/3632
f 5565/25/4039 5576/25/4039 5577/25/4039
f 5572/25/3634 5583/25/3634 5584/25/3634
f 5569/25/4040 5580/25/4040 5581/25/4040
f 5577/25/3636 5578/25/3636 5567/25/3636
f 5573/25/3637 5584/25/3637 5585/25/3637
f 5583/25/3638 5594/25/3638 5595/25/3638
f 5580/25/3639 5591/25/3639 5592/25/3639
f 5588/25/3640 5589/25/3640 5578/25/3640
f 5584/25/3641 5595/25/3641 5596/25/3641
f 5581/25/3643 5592/25/3643 5593/25/3643
f 5589/25/3644 5590/25/3644 5579/25/3644
f 5575/25/3646 5586/25/3646 5587/25/3646
f 5593/25/3647 5594/25/3647 5583/25/3647
f 5590/25/3648 5591/25/3648 5580/25/3648
f 5587/25/3649 5588/25/3649 5577/25/3649
f 5597/25/3650 5598/25/3650 5587/25/3650
f 5593/25/3651 5604/25/3651 5605/25/3651
f 5601/25/3652 5602/25/3652 5591/25/3652
f 5598/25/3653 5599/25/3653 5588/25/3653
f 5605/25/3654 5606/25/3654 5595/25/3654
f 5602/25/3655 5603/25/3655 5592/25/3655
f 5599/25/3656 5600/25/3656 5589/25/3656
f 5606/25/3657 5607/25/3657 5596/25/3657
f 5603/25/3659 5604/25/3659 5593/25/3659
f 5600/25/3660 5601/25/3660 5590/25/3660
f 5617/25/4041 5618/25/4041 5607/25/4041
f 5614/25/3664 5615/25/3664 5604/25/3664
f 5600/25/3665 5611/25/3665 5612/25/3665
f 5597/25/3667 5608/25/3667 5609/25/3667
f 5615/25/3668 5616/25/3668 5605/25/3668
f 5601/25/3669 5612/25/3669 5613/25/3669
f 5609/25/3670 5610/25/3670 5599/25/3670
f 5616/25/3671 5617/25/3671 5606/25/3671
f 5613/25/3672 5614/25/3672 5603/25/3672
f 5610/25/3673 5611/25/3673 5600/25/3673
f 5620/25/4042 5621/25/4042 5610/25/4042
f 5627/25/3675 5628/25/3675 5617/25/3675
f 5624/25/4043 5625/25/4043 5614/25/4043
f 5621/25/4044 5622/25/4044 5611/25/4044
f 5617/25/3678 5628/25/3678 5629/25/3678
f 5625/25/3680 5626/25/3680 5615/25/3680
f 5622/25/3681 5623/25/3681 5612/25/3681
f 5608/25/4045 5619/25/4045 5620/25/4045
f 5615/25/3684 5626/25/3684 5627/25/3684
f 5623/25/3685 5624/25/3685 5613/25/3685
f 5619/25/3687 5630/25/3687 5631/25/3687
f 5626/25/3688 5637/25/3688 5638/25/3688
f 5634/25/3689 5635/25/3689 5624/25/3689
f 5631/25/3690 5632/25/3690 5621/25/3690
f 5638/25/3691 5639/25/3691 5628/25/3691
f 5624/25/3692 5635/25/3692 5636/25/3692
f 5632/25/3693 5633/25/3693 5622/25/3693
f 5639/25/3694 5640/25/3694 5629/25/3694
f 5625/25/3696 5636/25/3696 5637/25/3696
f 5622/25/3697 5633/25/3697 5634/25/3697
f 5641/25/3698 5448/25/3698 5633/25/3698
f 5639/25/3699 5643/25/3699 5644/25/3699
f 5450/25/3701 5451/25/3701 5637/25/3701
f 5448/25/3702 5449/25/3702 5634/25/3702
f 5446/25/3704 5447/25/3704 5631/25/3704
f 5637/25/3705 5451/25/3705 5452/25/3705
f 5449/25/3706 5642/25/3706 5635/25/3706
f 5447/25/3707 5641/25/3707 5632/25/3707
f 5452/25/3708 5643/25/3708 5639/25/3708
f 5642/25/3709 5450/25/3709 5636/25/3709
